# timestamp_ms,seq,id,ext,len,d0,d1,d2,d3,d4,d5,d6,d7
19435,1,0xCFF6600,1,8,00,00,FF,FF,FF,FF,FF,FF
19445,2,0x18FEF100,1,8,3F,00,00,FF,FF,FF,FF,FF
19446,3,0x18F00500,1,8,FF,FF,FF,FF,20,2D,FF,FF
19446,4,0x18FEF200,1,8,00,00,00,FB,00,00,00,FF
19454,5,0xCF00400,1,8,FF,FF,FF,00,00,FF,FF,FF
19455,6,0xCFF6600,1,8,00,00,FF,FF,FF,FF,FF,FF
19474,7,0xCF00400,1,8,FF,FF,FF,00,00,FF,FF,FF
19475,8,0xCFF6600,1,8,00,00,FF,FF,FF,FF,FF,FF
19494,9,0xCF00400,1,8,FF,FF,FF,00,00,FF,FF,FF
19495,10,0xCFF6600,1,8,00,00,FF,FF,FF,FF,FF,FF
19514,11,0xCF00400,1,8,FF,FF,FF,00,00,FF,FF,FF
19515,12,0xCFF6600,1,8,00,00,FF,FF,FF,FF,FF,FF
19534,13,0xCF00400,1,8,FF,FF,FF,00,00,FF,FF,FF
19535,14,0xCFF6600,1,8,00,00,FF,FF,FF,FF,FF,FF
19545,15,0x18FEF100,1,8,3F,00,00,FF,FF,FF,FF,FF
19546,16,0x10FF6500,1,8,FC,FF,FF,FF,FF,FF,FF,FF
19546,17,0x18F00500,1,8,FF,FF,FF,FF,20,2D,FF,FF
19547,18,0x18FEF200,1,8,00,00,00,FB,00,00,00,FF
19554,19,0xCF00400,1,8,FF,FF,FF,00,00,FF,FF,FF
19555,20,0xCFF6600,1,8,00,00,FF,FF,FF,FF,FF,FF
19574,21,0xCF00400,1,8,FF,FF,FF,00,00,FF,FF,FF
19575,22,0xCFF6600,1,8,00,00,FF,FF,FF,FF,FF,FF
19594,23,0xCF00400,1,8,FF,FF,FF,00,00,FF,FF,FF
19595,24,0xCFF6600,1,8,00,00,FF,FF,FF,FF,FF,FF
19614,25,0xCF00400,1,8,FF,FF,FF,00,00,FF,FF,FF
19615,26,0xCFF6600,1,8,00,00,FF,FF,FF,FF,FF,FF
19634,27,0xCF00400,1,8,FF,FF,FF,00,00,FF,FF,FF
19635,28,0xCFF6600,1,8,00,00,FF,FF,FF,FF,FF,FF
19645,29,0x18FEF100,1,8,3F,00,00,FF,FF,FF,FF,FF
19646,30,0x18F00500,1,8,FF,FF,FF,FF,20,2D,FF,FF
19646,31,0x18FEF200,1,8,00,00,00,FB,00,00,00,FF
19654,32,0xCF00400,1,8,FF,FF,FF,00,00,FF,FF,FF
19655,33,0xCFF6600,1,8,00,00,FF,FF,FF,FF,FF,FF
19674,34,0xCF00400,1,8,FF,FF,FF,00,00,FF,FF,FF
19675,35,0xCFF6600,1,8,00,00,FF,FF,FF,FF,FF,FF
19694,36,0xCF00400,1,8,FF,FF,FF,00,00,FF,FF,FF
19695,37,0xCFF6600,1,8,00,00,FF,FF,FF,FF,FF,FF
19714,38,0xCF00400,1,8,FF,FF,FF,00,00,FF,FF,FF
19715,39,0xCFF6600,1,8,00,00,FF,FF,FF,FF,FF,FF
19734,40,0xCF00400,1,8,FF,FF,FF,00,00,FF,FF,FF
19735,41,0xCFF6600,1,8,00,00,FF,FF,FF,FF,FF,FF
19745,42,0x18FEF100,1,8,3F,00,00,FF,FF,FF,FF,FF
19746,43,0x10FF6500,1,8,FC,FF,FF,FF,FF,FF,FF,FF
19746,44,0x18F00500,1,8,FF,FF,FF,FF,20,2D,FF,FF
19747,45,0x18FEF200,1,8,00,00,00,FB,00,00,00,FF
19754,46,0xCF00400,1,8,FF,FF,FF,00,00,FF,FF,FF
19755,47,0xCFF6600,1,8,00,00,FF,FF,FF,FF,FF,FF
19774,48,0xCF00400,1,8,FF,FF,FF,00,00,FF,FF,FF
19775,49,0xCFF6600,1,8,00,00,FF,FF,FF,FF,FF,FF
19794,50,0xCF00400,1,8,FF,FF,FF,00,00,FF,FF,FF
19795,51,0xCFF6600,1,8,00,00,FF,FF,FF,FF,FF,FF
19814,52,0xCF00400,1,8,FF,FF,FF,00,00,FF,FF,FF
19815,53,0xCFF6600,1,8,00,00,FF,FF,FF,FF,FF,FF
19834,54,0xCF00400,1,8,FF,FF,FF,00,00,FF,FF,FF
19835,55,0xCFF6600,1,8,00,00,FF,FF,FF,FF,FF,FF
19845,56,0x18FEF100,1,8,3F,00,00,FF,FF,FF,FF,FF
19846,57,0x18F00500,1,8,FF,FF,FF,FF,20,2D,FF,FF
19846,58,0x18F00600,1,8,FF,FF,FF,FF,FF,FF,FF,FF
19847,59,0x18FEF200,1,8,00,00,00,FB,00,00,00,FF
19847,60,0x1CFDDF00,1,8,FE,FF,FF,FF,FF,FF,FF,FF
19848,61,0x1CFF6A00,1,8,FC,FF,FF,FF,FF,FF,FF,FF
19854,62,0xCF00400,1,8,FF,FF,FF,00,00,FF,FF,FF
19855,63,0xCFF6600,1,8,00,00,FF,FF,FF,FF,FF,FF
19874,64,0xCF00400,1,8,FF,FF,FF,00,00,FF,FF,FF
19875,65,0xCFF6600,1,8,00,00,FF,FF,FF,FF,FF,FF
19894,66,0xCF00400,1,8,FF,FF,FF,00,00,FF,FF,FF
19895,67,0xCFF6600,1,8,00,00,FF,FF,FF,FF,FF,FF
19914,68,0xCF00400,1,8,FF,FF,FF,00,00,FF,FF,FF
19915,69,0xCFF6600,1,8,00,00,FF,FF,FF,FF,FF,FF
19934,70,0xCF00400,1,8,FF,FF,FF,00,00,FF,FF,FF
19935,71,0xCFF6600,1,8,00,00,FF,FF,FF,FF,FF,FF
19945,72,0x18FEF100,1,8,3F,00,00,FF,FF,FF,FF,FF
19946,73,0x10FF6500,1,8,FC,FF,FF,FF,FF,FF,FF,FF
19946,74,0x18F00500,1,8,FF,FF,FF,FF,20,2D,FF,FF
19947,75,0x18FEF200,1,8,00,00,00,FB,00,00,00,FF
19954,76,0xCF00400,1,8,FF,FF,FF,00,00,FF,FF,FF
19955,77,0xCFF6600,1,8,00,00,FF,FF,FF,FF,FF,FF
19974,78,0xCF00400,1,8,FF,FF,FF,00,00,FF,FF,FF
19975,79,0xCFF6600,1,8,00,00,FF,FF,FF,FF,FF,FF
19994,80,0xCF00400,1,8,FF,FF,FF,00,00,FF,FF,FF
19995,81,0xCFF6600,1,8,00,00,FF,FF,FF,FF,FF,FF
20004,82,0x18FEEE00,1,8,60,FF,FF,FF,FF,FF,FF,FF
20005,83,0x18FDE500,1,8,0A,14,1E,28,32,3C,46,13
20014,84,0xCF00400,1,8,FF,FF,FF,00,00,FF,FF,FF
20015,85,0xCFF6600,1,8,00,00,FF,FF,FF,FF,FF,FF
20024,86,0x1CECFF00,1,8,20,0A,00,02,FF,CA,FE,00
20034,87,0xCF00400,1,8,FF,FF,FF,00,00,FF,FF,FF
20035,88,0xCFF6600,1,8,00,00,FF,FF,FF,FF,FF,FF
20045,89,0x18FEF100,1,8,3F,00,00,FF,FF,FF,FF,FF
20046,90,0x18F00500,1,8,FF,FF,FF,FF,20,2D,FF,FF
20046,91,0x18FEF200,1,8,00,00,00,FB,00,00,00,FF
20054,92,0xCF00400,1,8,FF,FF,FF,00,00,FF,FF,FF
20055,93,0xCFF6600,1,8,00,00,FF,FF,FF,FF,FF,FF
20074,94,0xCF00400,1,8,FF,FF,FF,00,00,FF,FF,FF
20075,95,0xCFF6600,1,8,00,00,FF,FF,FF,FF,FF,FF
20075,96,0x1CEBFF00,1,8,01,40,FF,0F,F0,E5,01,02
20094,97,0xCF00400,1,8,FF,FF,FF,00,00,FF,FF,FF
20095,98,0xCFF6600,1,8,00,00,FF,FF,FF,FF,FF,FF
20114,99,0xCF00400,1,8,FF,FF,FF,00,00,FF,FF,FF
20115,100,0xCFF6600,1,8,00,00,FF,FF,FF,FF,FF,FF
20124,101,0x1CEBFF00,1,8,02,F0,E3,01,FF,FF,FF,FF
20134,102,0xCF00400,1,8,FF,FF,FF,00,00,FF,FF,FF
20135,103,0xCFF6600,1,8,00,00,FF,FF,FF,FF,FF,FF
20145,104,0x18FEF100,1,8,3F,00,00,FF,FF,FF,FF,FF
20146,105,0x10FF6500,1,8,FC,FF,FF,FF,FF,FF,FF,FF
20146,106,0x18F00500,1,8,FF,FF,FF,FF,20,2D,FF,FF
20147,107,0x18FEF200,1,8,00,00,00,FB,00,00,00,FF
20154,108,0xCF00400,1,8,FF,FF,FF,00,00,FF,FF,FF
20155,109,0xCFF6600,1,8,00,00,FF,FF,FF,FF,FF,FF
20174,110,0xCF00400,1,8,FF,FF,FF,00,00,FF,FF,FF
20175,111,0xCFF6600,1,8,00,00,FF,FF,FF,FF,FF,FF
20194,112,0xCF00400,1,8,FF,FF,FF,00,00,FF,FF,FF
20195,113,0xCFF6600,1,8,00,00,FF,FF,FF,FF,FF,FF
20214,114,0xCF00400,1,8,FF,FF,FF,00,00,FF,FF,FF
20215,115,0xCFF6600,1,8,00,00,FF,FF,FF,FF,FF,FF
20234,116,0xCF00400,1,8,FF,FF,FF,00,00,FF,FF,FF
20235,117,0xCFF6600,1,8,00,00,FF,FF,FF,FF,FF,FF
20245,118,0x18FEF100,1,8,3F,00,00,FF,FF,FF,FF,FF
20246,119,0x18F00500,1,8,FF,FF,FF,FF,20,2D,FF,FF
20246,120,0x18FEF200,1,8,00,00,00,FB,00,00,00,FF
20254,121,0xCF00400,1,8,FF,FF,FF,00,00,FF,FF,FF
20255,122,0xCFF6600,1,8,00,00,FF,FF,FF,FF,FF,FF
20274,123,0xCF00400,1,8,FF,FF,FF,00,00,FF,FF,FF
20275,124,0xCFF6600,1,8,00,00,FF,FF,FF,FF,FF,FF
20294,125,0xCF00400,1,8,FF,FF,FF,00,00,FF,FF,FF
20295,126,0xCFF6600,1,8,00,00,FF,FF,FF,FF,FF,FF
20314,127,0xCF00400,1,8,FF,FF,FF,00,00,FF,FF,FF
20315,128,0xCFF6600,1,8,00,00,FF,FF,FF,FF,FF,FF
20334,129,0xCF00400,1,8,FF,FF,FF,00,00,FF,FF,FF
20335,130,0xCFF6600,1,8,00,00,FF,FF,FF,FF,FF,FF
20345,131,0x18FEF100,1,8,3F,00,00,FF,FF,FF,FF,FF
20346,132,0x10FF6500,1,8,FC,FF,FF,FF,FF,FF,FF,FF
20346,133,0x18F00500,1,8,FF,FF,FF,FF,20,2D,FF,FF
20347,134,0x18F00600,1,8,FF,FF,FF,FF,FF,FF,FF,FF
20347,135,0x18FEF200,1,8,00,00,00,FB,00,00,00,FF
20348,136,0x1CFDDF00,1,8,FE,FF,FF,FF,FF,FF,FF,FF
20349,137,0x1CFF6A00,1,8,FC,FF,FF,FF,FF,FF,FF,FF
20354,138,0xCF00400,1,8,FF,FF,FF,00,00,FF,FF,FF
20355,139,0xCFF6600,1,8,00,00,FF,FF,FF,FF,FF,FF
20374,140,0xCF00400,1,8,FF,FF,FF,00,00,FF,FF,FF
20375,141,0xCFF6600,1,8,00,00,FF,FF,FF,FF,FF,FF
20394,142,0xCF00400,1,8,FF,FF,FF,00,00,FF,FF,FF
20395,143,0xCFF6600,1,8,00,00,FF,FF,FF,FF,FF,FF
20414,144,0xCF00400,1,8,FF,FF,FF,00,00,FF,FF,FF
20415,145,0xCFF6600,1,8,00,00,FF,FF,FF,FF,FF,FF
20434,146,0xCF00400,1,8,FF,FF,FF,00,00,FF,FF,FF
20435,147,0xCFF6600,1,8,00,00,FF,FF,FF,FF,FF,FF
20445,148,0x18FEF100,1,8,3F,00,00,FF,FF,FF,FF,FF
20446,149,0x18F00500,1,8,FF,FF,FF,FF,20,2D,FF,FF
20446,150,0x18FEF200,1,8,00,00,00,FB,00,00,00,FF
20454,151,0xCF00400,1,8,FF,FF,FF,00,00,FF,FF,FF
20455,152,0xCFF6600,1,8,00,00,FF,FF,FF,FF,FF,FF
20474,153,0xCF00400,1,8,FF,FF,FF,00,00,FF,FF,FF
20475,154,0xCFF6600,1,8,00,00,FF,FF,FF,FF,FF,FF
20494,155,0xCF00400,1,8,FF,FF,FF,00,00,FF,FF,FF
20495,156,0xCFF6600,1,8,00,00,FF,FF,FF,FF,FF,FF
20514,157,0xCF00400,1,8,FF,FF,FF,00,00,FF,FF,FF
20515,158,0xCFF6600,1,8,00,00,FF,FF,FF,FF,FF,FF
20534,159,0xCF00400,1,8,FF,FF,FF,00,00,FF,FF,FF
20535,160,0xCFF6600,1,8,00,00,FF,FF,FF,FF,FF,FF
20545,161,0x18FEF100,1,8,3F,00,00,FF,FF,FF,FF,FF
20546,162,0x10FF6500,1,8,FC,FF,FF,FF,FF,FF,FF,FF
20546,163,0x18F00500,1,8,FF,FF,FF,FF,20,2D,FF,FF
20547,164,0x18FEF200,1,8,00,00,00,FB,00,00,00,FF
20554,165,0xCF00400,1,8,FF,FF,FF,00,00,FF,FF,FF
20555,166,0xCFF6600,1,8,00,00,FF,FF,FF,FF,FF,FF
20574,167,0xCF00400,1,8,FF,FF,FF,00,00,FF,FF,FF
20575,168,0xCFF6600,1,8,00,00,FF,FF,FF,FF,FF,FF
20594,169,0xCF00400,1,8,FF,FF,FF,00,00,FF,FF,FF
20595,170,0xCFF6600,1,8,00,00,FF,FF,FF,FF,FF,FF
20614,171,0xCF00400,1,8,FF,FF,FF,00,00,FF,FF,FF
20615,172,0xCFF6600,1,8,00,00,FF,FF,FF,FF,FF,FF
20634,173,0xCF00400,1,8,FF,FF,FF,00,00,FF,FF,FF
20635,174,0xCFF6600,1,8,00,00,FF,FF,FF,FF,FF,FF
20645,175,0x18FEF100,1,8,3F,00,00,FF,FF,FF,FF,FF
20646,176,0x18F00500,1,8,FF,FF,FF,FF,20,2D,FF,FF
20646,177,0x18FEF200,1,8,00,00,00,FB,00,00,00,FF
20654,178,0xCF00400,1,8,FF,FF,FF,00,00,FF,FF,FF
20655,179,0xCFF6600,1,8,00,00,FF,FF,FF,FF,FF,FF
20674,180,0xCF00400,1,8,FF,FF,FF,00,00,FF,FF,FF
20675,181,0xCFF6600,1,8,00,00,FF,FF,FF,FF,FF,FF
20694,182,0xCF00400,1,8,FF,FF,FF,00,00,FF,FF,FF
20695,183,0xCFF6600,1,8,00,00,FF,FF,FF,FF,FF,FF
20714,184,0xCF00400,1,8,FF,FF,FF,00,00,FF,FF,FF
20715,185,0xCFF6600,1,8,00,00,FF,FF,FF,FF,FF,FF
20734,186,0xCF00400,1,8,FF,FF,FF,00,00,FF,FF,FF
20735,187,0xCFF6600,1,8,00,00,FF,FF,FF,FF,FF,FF
20745,188,0x18FEF100,1,8,3F,00,00,FF,FF,FF,FF,FF
20746,189,0x10FF6500,1,8,FC,FF,FF,FF,FF,FF,FF,FF
20746,190,0x18F00500,1,8,FF,FF,FF,FF,20,2D,FF,FF
20747,191,0x18FEF200,1,8,00,00,00,FB,00,00,00,FF
20754,192,0xCF00400,1,8,FF,FF,FF,00,00,FF,FF,FF
20755,193,0xCFF6600,1,8,00,00,FF,FF,FF,FF,FF,FF
20774,194,0xCF00400,1,8,FF,FF,FF,00,00,FF,FF,FF
20775,195,0xCFF6600,1,8,00,00,FF,FF,FF,FF,FF,FF
20794,196,0xCF00400,1,8,FF,FF,FF,00,00,FF,FF,FF
20795,197,0xCFF6600,1,8,00,00,FF,FF,FF,FF,FF,FF
20814,198,0xCF00400,1,8,FF,FF,FF,00,00,FF,FF,FF
20815,199,0xCFF6600,1,8,00,00,FF,FF,FF,FF,FF,FF
20834,200,0xCF00400,1,8,FF,FF,FF,00,00,FF,FF,FF
20835,201,0xCFF6600,1,8,00,00,FF,FF,FF,FF,FF,FF
20845,202,0x18FEF100,1,8,3F,00,00,FF,FF,FF,FF,FF
20846,203,0x18F00500,1,8,FF,FF,FF,FF,20,2D,FF,FF
20846,204,0x18F00600,1,8,FF,FF,FF,FF,FF,FF,FF,FF
20847,205,0x18FEF200,1,8,00,00,00,FB,00,00,00,FF
20847,206,0x1CFDDF00,1,8,FE,FF,FF,FF,FF,FF,FF,FF
20848,207,0x1CFF6A00,1,8,FC,FF,FF,FF,FF,FF,FF,FF
20854,208,0xCF00400,1,8,FF,FF,FF,00,00,FF,FF,FF
20855,209,0xCFF6600,1,8,00,00,FF,FF,FF,FF,FF,FF
20874,210,0xCF00400,1,8,FF,FF,FF,00,00,FF,FF,FF
20875,211,0xCFF6600,1,8,00,00,FF,FF,FF,FF,FF,FF
20894,212,0xCF00400,1,8,FF,FF,FF,00,00,FF,FF,FF
20895,213,0xCFF6600,1,8,00,00,FF,FF,FF,FF,FF,FF
20914,214,0xCF00400,1,8,FF,FF,FF,00,00,FF,FF,FF
20915,215,0xCFF6600,1,8,00,00,FF,FF,FF,FF,FF,FF
20934,216,0xCF00400,1,8,FF,FF,FF,00,00,FF,FF,FF
20935,217,0xCFF6600,1,8,00,00,FF,FF,FF,FF,FF,FF
20945,218,0x18FEF100,1,8,3F,00,00,FF,FF,FF,FF,FF
20946,219,0x10FF6500,1,8,FC,FF,FF,FF,FF,FF,FF,FF
20946,220,0x18F00500,1,8,FF,FF,FF,FF,20,2D,FF,FF
20947,221,0x18FEF200,1,8,00,00,00,FB,00,00,00,FF
20954,222,0xCF00400,1,8,FF,FF,FF,00,00,FF,FF,FF
20955,223,0xCFF6600,1,8,00,00,FF,FF,FF,FF,FF,FF
20974,224,0xCF00400,1,8,FF,FF,FF,00,00,FF,FF,FF
20975,225,0xCFF6600,1,8,00,00,FF,FF,FF,FF,FF,FF
20994,226,0xCF00400,1,8,FF,FF,FF,00,00,FF,FF,FF
20995,227,0xCFF6600,1,8,00,00,FF,FF,FF,FF,FF,FF
21004,228,0x18FEEE00,1,8,60,FF,FF,FF,FF,FF,FF,FF
21005,229,0x18FDE500,1,8,0A,14,1E,28,32,3C,46,13
21014,230,0xCF00400,1,8,FF,FF,FF,00,00,FF,FF,FF
21015,231,0xCFF6600,1,8,00,00,FF,FF,FF,FF,FF,FF
21024,232,0x1CECFF00,1,8,20,0A,00,02,FF,CA,FE,00
21034,233,0xCF00400,1,8,FF,FF,FF,00,00,FF,FF,FF
21035,234,0xCFF6600,1,8,00,00,FF,FF,FF,FF,FF,FF
21045,235,0x18FEF100,1,8,3F,00,00,FF,FF,FF,FF,FF
21046,236,0x18F00500,1,8,FF,FF,FF,FF,20,2D,FF,FF
21046,237,0x18FEF200,1,8,00,00,00,FB,00,00,00,FF
21054,238,0xCF00400,1,8,FF,FF,FF,00,00,FF,FF,FF
21055,239,0xCFF6600,1,8,00,00,FF,FF,FF,FF,FF,FF
21074,240,0xCF00400,1,8,FF,FF,FF,00,00,FF,FF,FF
21075,241,0xCFF6600,1,8,00,00,FF,FF,FF,FF,FF,FF
21075,242,0x1CEBFF00,1,8,01,40,FF,0F,F0,E5,01,02
21094,243,0xCF00400,1,8,FF,FF,FF,00,00,FF,FF,FF
21095,244,0xCFF6600,1,8,00,00,FF,FF,FF,FF,FF,FF
21114,245,0xCF00400,1,8,FF,FF,FF,00,00,FF,FF,FF
21115,246,0xCFF6600,1,8,00,00,FF,FF,FF,FF,FF,FF
21124,247,0x1CEBFF00,1,8,02,F0,E3,01,FF,FF,FF,FF
21134,248,0xCF00400,1,8,FF,FF,FF,00,00,FF,FF,FF
21135,249,0xCFF6600,1,8,00,00,FF,FF,FF,FF,FF,FF
21145,250,0x18FEF100,1,8,3F,00,00,FF,FF,FF,FF,FF
21146,251,0x10FF6500,1,8,FC,FF,FF,FF,FF,FF,FF,FF
21146,252,0x18F00500,1,8,FF,FF,FF,FF,20,2D,FF,FF
21147,253,0x18FEF200,1,8,00,00,00,FB,00,00,00,FF
21154,254,0xCF00400,1,8,FF,FF,FF,00,00,FF,FF,FF
21155,255,0xCFF6600,1,8,00,00,FF,FF,FF,FF,FF,FF
21174,256,0xCF00400,1,8,FF,FF,FF,00,00,FF,FF,FF
21175,257,0xCFF6600,1,8,00,00,FF,FF,FF,FF,FF,FF
21194,258,0xCF00400,1,8,FF,FF,FF,00,00,FF,FF,FF
21195,259,0xCFF6600,1,8,00,00,FF,FF,FF,FF,FF,FF
21214,260,0xCF00400,1,8,FF,FF,FF,00,00,FF,FF,FF
21215,261,0xCFF6600,1,8,00,00,FF,FF,FF,FF,FF,FF
21234,262,0xCF00400,1,8,FF,FF,FF,00,00,FF,FF,FF
21235,263,0xCFF6600,1,8,00,00,FF,FF,FF,FF,FF,FF
21245,264,0x18FEF100,1,8,3F,00,00,FF,FF,FF,FF,FF
21246,265,0x18F00500,1,8,FF,FF,FF,FF,20,2D,FF,FF
21246,266,0x18FEF200,1,8,00,00,00,FB,00,00,00,FF
21254,267,0xCF00400,1,8,FF,FF,FF,00,00,FF,FF,FF
21255,268,0xCFF6600,1,8,00,00,FF,FF,FF,FF,FF,FF
21274,269,0xCF00400,1,8,FF,FF,FF,00,00,FF,FF,FF
21275,270,0xCFF6600,1,8,00,00,FF,FF,FF,FF,FF,FF
21294,271,0xCF00400,1,8,FF,FF,FF,00,00,FF,FF,FF
21295,272,0xCFF6600,1,8,00,00,FF,FF,FF,FF,FF,FF
21314,273,0xCF00400,1,8,FF,FF,FF,00,00,FF,FF,FF
21315,274,0xCFF6600,1,8,00,00,FF,FF,FF,FF,FF,FF
21334,275,0xCF00400,1,8,FF,FF,FF,00,00,FF,FF,FF
21335,276,0xCFF6600,1,8,00,00,FF,FF,FF,FF,FF,FF
21345,277,0x18FEF100,1,8,3F,00,00,FF,FF,FF,FF,FF
21346,278,0x10FF6500,1,8,FC,FF,FF,FF,FF,FF,FF,FF
21346,279,0x18F00500,1,8,FF,FF,FF,FF,20,2D,FF,FF
21347,280,0x18F00600,1,8,FF,FF,FF,FF,FF,FF,FF,FF
21347,281,0x18FEF200,1,8,00,00,00,FB,00,00,00,FF
21348,282,0x1CFDDF00,1,8,FE,FF,FF,FF,FF,FF,FF,FF
21349,283,0x1CFF6A00,1,8,FC,FF,FF,FF,FF,FF,FF,FF
21354,284,0xCF00400,1,8,FF,FF,FF,00,00,FF,FF,FF
21355,285,0xCFF6600,1,8,00,00,FF,FF,FF,FF,FF,FF
21374,286,0xCF00400,1,8,FF,FF,FF,00,00,FF,FF,FF
21375,287,0xCFF6600,1,8,00,00,FF,FF,FF,FF,FF,FF
21394,288,0xCF00400,1,8,FF,FF,FF,00,00,FF,FF,FF
21395,289,0xCFF6600,1,8,00,00,FF,FF,FF,FF,FF,FF
21414,290,0xCF00400,1,8,FF,FF,FF,00,00,FF,FF,FF
21415,291,0xCFF6600,1,8,00,00,FF,FF,FF,FF,FF,FF
21434,292,0xCF00400,1,8,FF,FF,FF,00,00,FF,FF,FF
21435,293,0xCFF6600,1,8,00,00,FF,FF,FF,FF,FF,FF
21445,294,0x18FEF100,1,8,3F,00,00,FF,FF,FF,FF,FF
21446,295,0x18F00500,1,8,FF,FF,FF,FF,20,2D,FF,FF
21446,296,0x18FEF200,1,8,00,00,00,FB,00,00,00,FF
21454,297,0xCF00400,1,8,FF,FF,FF,00,00,FF,FF,FF
21455,298,0xCFF6600,1,8,00,00,FF,FF,FF,FF,FF,FF
21474,299,0xCF00400,1,8,FF,FF,FF,00,00,FF,FF,FF
21475,300,0xCFF6600,1,8,00,00,FF,FF,FF,FF,FF,FF
21494,301,0xCF00400,1,8,FF,FF,FF,00,00,FF,FF,FF
21495,302,0xCFF6600,1,8,00,00,FF,FF,FF,FF,FF,FF
21514,303,0xCF00400,1,8,FF,FF,FF,00,00,FF,FF,FF
21515,304,0xCFF6600,1,8,00,00,FF,FF,FF,FF,FF,FF
21534,305,0xCF00400,1,8,FF,FF,FF,00,00,FF,FF,FF
21535,306,0xCFF6600,1,8,00,00,FF,FF,FF,FF,FF,FF
21545,307,0x18FEF100,1,8,3F,00,00,FF,FF,FF,FF,FF
21546,308,0x10FF6500,1,8,FC,FF,FF,FF,FF,FF,FF,FF
21546,309,0x18F00500,1,8,FF,FF,FF,FF,20,2D,FF,FF
21547,310,0x18FEF200,1,8,00,00,00,FB,00,00,00,FF
21554,311,0xCF00400,1,8,FF,FF,FF,00,00,FF,FF,FF
21555,312,0xCFF6600,1,8,00,00,FF,FF,FF,FF,FF,FF
21574,313,0xCF00400,1,8,FF,FF,FF,00,00,FF,FF,FF
21575,314,0xCFF6600,1,8,00,00,FF,FF,FF,FF,FF,FF
21594,315,0xCF00400,1,8,FF,FF,FF,00,00,FF,FF,FF
21595,316,0xCFF6600,1,8,00,00,FF,FF,FF,FF,FF,FF
21614,317,0xCF00400,1,8,FF,FF,FF,00,00,FF,FF,FF
21615,318,0xCFF6600,1,8,00,00,FF,FF,FF,FF,FF,FF
21634,319,0xCF00400,1,8,FF,FF,FF,00,00,FF,FF,FF
21635,320,0xCFF6600,1,8,00,00,FF,FF,FF,FF,FF,FF
21645,321,0x18FEF100,1,8,3F,00,00,FF,FF,FF,FF,FF
21646,322,0x18F00500,1,8,FF,FF,FF,FF,20,2D,FF,FF
21646,323,0x18FEF200,1,8,00,00,00,FB,00,00,00,FF
21654,324,0xCF00400,1,8,FF,FF,FF,00,00,FF,FF,FF
21655,325,0xCFF6600,1,8,00,00,FF,FF,FF,FF,FF,FF
21674,326,0xCF00400,1,8,FF,FF,FF,00,00,FF,FF,FF
21675,327,0xCFF6600,1,8,00,00,FF,FF,FF,FF,FF,FF
21694,328,0xCF00400,1,8,FF,FF,FF,00,00,FF,FF,FF
21695,329,0xCFF6600,1,8,00,00,FF,FF,FF,FF,FF,FF
21714,330,0xCF00400,1,8,FF,FF,FF,00,00,FF,FF,FF
21715,331,0xCFF6600,1,8,00,00,FF,FF,FF,FF,FF,FF
21734,332,0xCF00400,1,8,FF,FF,FF,00,00,FF,FF,FF
21735,333,0xCFF6600,1,8,00,00,FF,FF,FF,FF,FF,FF
21745,334,0x18FEF100,1,8,3F,00,00,FF,FF,FF,FF,FF
21746,335,0x10FF6500,1,8,FC,FF,FF,FF,FF,FF,FF,FF
21746,336,0x18F00500,1,8,FF,FF,FF,FF,20,2D,FF,FF
21747,337,0x18FEF200,1,8,00,00,00,FB,00,00,00,FF
21754,338,0xCF00400,1,8,FF,FF,FF,00,00,FF,FF,FF
21755,339,0xCFF6600,1,8,00,00,FF,FF,FF,FF,FF,FF
21774,340,0xCF00400,1,8,FF,FF,FF,00,00,FF,FF,FF
21775,341,0xCFF6600,1,8,00,00,FF,FF,FF,FF,FF,FF
21794,342,0xCF00400,1,8,FF,FF,FF,00,00,FF,FF,FF
21795,343,0xCFF6600,1,8,00,00,FF,FF,FF,FF,FF,FF
21814,344,0xCF00400,1,8,FF,FF,FF,00,00,FF,FF,FF
21815,345,0xCFF6600,1,8,00,00,FF,FF,FF,FF,FF,FF
21834,346,0xCF00400,1,8,FF,FF,FF,00,00,FF,FF,FF
21835,347,0xCFF6600,1,8,00,00,FF,FF,FF,FF,FF,FF
21845,348,0x18FEF100,1,8,3F,00,00,FF,FF,FF,FF,FF
21846,349,0x18F00500,1,8,FF,FF,FF,FF,20,2D,FF,FF
21846,350,0x18F00600,1,8,FF,FF,FF,FF,FF,FF,FF,FF
21847,351,0x18FEF200,1,8,00,00,00,FB,00,00,00,FF
21847,352,0x1CFDDF00,1,8,FE,FF,FF,FF,FF,FF,FF,FF
21848,353,0x1CFF6A00,1,8,FC,FF,FF,FF,FF,FF,FF,FF
21854,354,0xCF00400,1,8,FF,FF,FF,00,00,FF,FF,FF
21855,355,0xCFF6600,1,8,00,00,FF,FF,FF,FF,FF,FF
21874,356,0xCF00400,1,8,FF,FF,FF,00,00,FF,FF,FF
21875,357,0xCFF6600,1,8,00,00,FF,FF,FF,FF,FF,FF
21894,358,0xCF00400,1,8,FF,FF,FF,00,00,FF,FF,FF
21895,359,0xCFF6600,1,8,00,00,FF,FF,FF,FF,FF,FF
21914,360,0xCF00400,1,8,FF,FF,FF,00,00,FF,FF,FF
21915,361,0xCFF6600,1,8,00,00,FF,FF,FF,FF,FF,FF
21934,362,0xCF00400,1,8,FF,FF,FF,00,00,FF,FF,FF
21935,363,0xCFF6600,1,8,00,00,FF,FF,FF,FF,FF,FF
21945,364,0x18FEF100,1,8,3F,00,00,FF,FF,FF,FF,FF
21946,365,0x10FF6500,1,8,FC,FF,FF,FF,FF,FF,FF,FF
21946,366,0x18F00500,1,8,FF,FF,FF,FF,20,2D,FF,FF
21947,367,0x18FEF200,1,8,00,00,00,FB,00,00,00,FF
21954,368,0xCF00400,1,8,FF,FF,FF,00,00,FF,FF,FF
21955,369,0xCFF6600,1,8,00,00,FF,FF,FF,FF,FF,FF
21974,370,0xCF00400,1,8,FF,FF,FF,00,00,FF,FF,FF
21975,371,0xCFF6600,1,8,00,00,FF,FF,FF,FF,FF,FF
21994,372,0xCF00400,1,8,FF,FF,FF,00,00,FF,FF,FF
21995,373,0xCFF6600,1,8,00,00,FF,FF,FF,FF,FF,FF
22004,374,0x18FEEE00,1,8,60,FF,FF,FF,FF,FF,FF,FF
22005,375,0x18FDE500,1,8,0A,14,1E,28,32,3C,46,13
22014,376,0xCF00400,1,8,FF,FF,FF,00,00,FF,FF,FF
22015,377,0xCFF6600,1,8,00,00,FF,FF,FF,FF,FF,FF
22024,378,0x1CECFF00,1,8,20,0A,00,02,FF,CA,FE,00
22034,379,0xCF00400,1,8,FF,FF,FF,00,00,FF,FF,FF
22035,380,0xCFF6600,1,8,00,00,FF,FF,FF,FF,FF,FF
22045,381,0x18FEF100,1,8,3F,00,00,FF,FF,FF,FF,FF
22046,382,0x18F00500,1,8,FF,FF,FF,FF,20,2D,FF,FF
22046,383,0x18FEF200,1,8,00,00,00,FB,00,00,00,FF
22054,384,0xCF00400,1,8,FF,FF,FF,00,00,FF,FF,FF
22055,385,0xCFF6600,1,8,00,00,FF,FF,FF,FF,FF,FF
22074,386,0xCF00400,1,8,FF,FF,FF,00,00,FF,FF,FF
22075,387,0xCFF6600,1,8,00,00,FF,FF,FF,FF,FF,FF
22075,388,0x1CEBFF00,1,8,01,40,FF,0F,F0,E5,01,02
22094,389,0xCF00400,1,8,FF,FF,FF,00,00,FF,FF,FF
22095,390,0xCFF6600,1,8,00,00,FF,FF,FF,FF,FF,FF
22114,391,0xCF00400,1,8,FF,FF,FF,00,00,FF,FF,FF
22115,392,0xCFF6600,1,8,00,00,FF,FF,FF,FF,FF,FF
22124,393,0x1CEBFF00,1,8,02,F0,E3,01,FF,FF,FF,FF
22134,394,0xCF00400,1,8,FF,FF,FF,00,00,FF,FF,FF
22135,395,0xCFF6600,1,8,00,00,FF,FF,FF,FF,FF,FF
22145,396,0x18FEF100,1,8,3F,00,00,FF,FF,FF,FF,FF
22146,397,0x10FF6500,1,8,FC,FF,FF,FF,FF,FF,FF,FF
22146,398,0x18F00500,1,8,FF,FF,FF,FF,20,2D,FF,FF
22147,399,0x18FEF200,1,8,00,00,00,FB,00,00,00,FF
22154,400,0xCF00400,1,8,FF,FF,FF,00,00,FF,FF,FF
22155,401,0xCFF6600,1,8,00,00,FF,FF,FF,FF,FF,FF
22174,402,0xCF00400,1,8,FF,FF,FF,00,00,FF,FF,FF
22175,403,0xCFF6600,1,8,00,00,FF,FF,FF,FF,FF,FF
22194,404,0xCF00400,1,8,FF,FF,FF,00,00,FF,FF,FF
22195,405,0xCFF6600,1,8,00,00,FF,FF,FF,FF,FF,FF
22214,406,0xCF00400,1,8,FF,FF,FF,00,00,FF,FF,FF
22215,407,0xCFF6600,1,8,00,00,FF,FF,FF,FF,FF,FF
22234,408,0xCF00400,1,8,FF,FF,FF,00,00,FF,FF,FF
22235,409,0xCFF6600,1,8,00,00,FF,FF,FF,FF,FF,FF
22245,410,0x18FEF100,1,8,3F,00,00,FF,FF,FF,FF,FF
22246,411,0x18F00500,1,8,FF,FF,FF,FF,20,2D,FF,FF
22246,412,0x18FEF200,1,8,00,00,00,FB,00,00,00,FF
22254,413,0xCF00400,1,8,FF,FF,FF,00,00,FF,FF,FF
22255,414,0xCFF6600,1,8,00,00,FF,FF,FF,FF,FF,FF
22274,415,0xCF00400,1,8,FF,FF,FF,00,00,FF,FF,FF
22275,416,0xCFF6600,1,8,00,00,FF,FF,FF,FF,FF,FF
22294,417,0xCF00400,1,8,FF,FF,FF,00,00,FF,FF,FF
22295,418,0xCFF6600,1,8,00,00,FF,FF,FF,FF,FF,FF
22314,419,0xCF00400,1,8,FF,FF,FF,00,00,FF,FF,FF
22315,420,0xCFF6600,1,8,00,00,FF,FF,FF,FF,FF,FF
22334,421,0xCF00400,1,8,FF,FF,FF,00,00,FF,FF,FF
22335,422,0xCFF6600,1,8,00,00,FF,FF,FF,FF,FF,FF
22345,423,0x18FEF100,1,8,3F,00,00,FF,FF,FF,FF,FF
22346,424,0x10FF6500,1,8,FC,FF,FF,FF,FF,FF,FF,FF
22346,425,0x18F00500,1,8,FF,FF,FF,FF,20,2D,FF,FF
22347,426,0x18F00600,1,8,FF,FF,FF,FF,FF,FF,FF,FF
22347,427,0x18FEF200,1,8,00,00,00,FB,00,00,00,FF
22348,428,0x1CFDDF00,1,8,FE,FF,FF,FF,FF,FF,FF,FF
22349,429,0x1CFF6A00,1,8,FC,FF,FF,FF,FF,FF,FF,FF
22354,430,0xCF00400,1,8,FF,FF,FF,00,00,FF,FF,FF
22355,431,0xCFF6600,1,8,00,00,FF,FF,FF,FF,FF,FF
22374,432,0xCF00400,1,8,FF,FF,FF,00,00,FF,FF,FF
22375,433,0xCFF6600,1,8,00,00,FF,FF,FF,FF,FF,FF
22394,434,0xCF00400,1,8,FF,FF,FF,00,00,FF,FF,FF
22395,435,0xCFF6600,1,8,00,00,FF,FF,FF,FF,FF,FF
22414,436,0xCF00400,1,8,FF,FF,FF,00,00,FF,FF,FF
22415,437,0xCFF6600,1,8,00,00,FF,FF,FF,FF,FF,FF
22454,438,0xCF00400,1,8,FF,FF,FF,00,00,FF,FF,FF
22454,439,0xCFF6600,1,8,00,00,FF,FF,FF,FF,FF,FF
22455,440,0xCF00400,1,8,FF,FF,FF,00,00,FF,FF,FF
22456,441,0x18F00500,1,8,FF,FF,FF,FF,20,2D,FF,FF
22456,442,0x18FEF100,1,8,3F,00,00,FF,FF,FF,FF,FF
22457,443,0x18FEF200,1,8,00,00,00,FB,00,00,00,FF
22474,444,0xCF00400,1,8,FF,FF,FF,00,00,FF,FF,FF
22475,445,0xCFF6600,1,8,00,00,FF,FF,FF,FF,FF,FF
22494,446,0xCF00400,1,8,FF,FF,FF,00,00,FF,FF,FF
22495,447,0xCFF6600,1,8,00,00,FF,FF,FF,FF,FF,FF
22514,448,0xCF00400,1,8,FF,FF,FF,00,00,FF,FF,FF
22515,449,0xCFF6600,1,8,00,00,FF,FF,FF,FF,FF,FF
22534,450,0xCF00400,1,8,FF,FF,FF,00,00,FF,FF,FF
22535,451,0xCFF6600,1,8,00,00,FF,FF,FF,FF,FF,FF
22545,452,0x18FEF100,1,8,3F,00,00,FF,FF,FF,FF,FF
22546,453,0x10FF6500,1,8,FC,FF,FF,FF,FF,FF,FF,FF
22546,454,0x18F00500,1,8,FF,FF,FF,FF,20,2D,FF,FF
22547,455,0x18FEF200,1,8,00,00,00,FB,00,00,00,FF
22554,456,0xCF00400,1,8,FF,FF,FF,00,00,FF,FF,FF
22555,457,0xCFF6600,1,8,00,00,FF,FF,FF,FF,FF,FF
22574,458,0xCF00400,1,8,FF,FF,FF,00,00,FF,FF,FF
22575,459,0xCFF6600,1,8,00,00,FF,FF,FF,FF,FF,FF
22594,460,0xCF00400,1,8,FF,FF,FF,00,00,FF,FF,FF
22595,461,0xCFF6600,1,8,00,00,FF,FF,FF,FF,FF,FF
22614,462,0xCF00400,1,8,FF,FF,FF,00,00,FF,FF,FF
22615,463,0xCFF6600,1,8,00,00,FF,FF,FF,FF,FF,FF
22634,464,0xCF00400,1,8,FF,FF,FF,00,00,FF,FF,FF
22635,465,0xCFF6600,1,8,00,00,FF,FF,FF,FF,FF,FF
22645,466,0x18FEF100,1,8,3F,00,00,FF,FF,FF,FF,FF
22646,467,0x18F00500,1,8,FF,FF,FF,FF,20,2D,FF,FF
22646,468,0x18FEF200,1,8,00,00,00,FB,00,00,00,FF
22654,469,0xCF00400,1,8,FF,FF,FF,00,00,FF,FF,FF
22655,470,0xCFF6600,1,8,00,00,FF,FF,FF,FF,FF,FF
22674,471,0xCF00400,1,8,FF,FF,FF,00,00,FF,FF,FF
22675,472,0xCFF6600,1,8,00,00,FF,FF,FF,FF,FF,FF
22694,473,0xCF00400,1,8,FF,FF,FF,00,00,FF,FF,FF
22695,474,0xCFF6600,1,8,00,00,FF,FF,FF,FF,FF,FF
22714,475,0xCF00400,1,8,FF,FF,FF,00,00,FF,FF,FF
22715,476,0xCFF6600,1,8,00,00,FF,FF,FF,FF,FF,FF
22734,477,0xCF00400,1,8,FF,FF,FF,00,00,FF,FF,FF
22735,478,0xCFF6600,1,8,00,00,FF,FF,FF,FF,FF,FF
22745,479,0x18FEF100,1,8,3F,00,00,FF,FF,FF,FF,FF
22746,480,0x10FF6500,1,8,FC,FF,FF,FF,FF,FF,FF,FF
22746,481,0x18F00500,1,8,FF,FF,FF,FF,20,2D,FF,FF
22747,482,0x18FEF200,1,8,00,00,00,FB,00,00,00,FF
22754,483,0xCF00400,1,8,FF,FF,FF,00,00,FF,FF,FF
22755,484,0xCFF6600,1,8,00,00,FF,FF,FF,FF,FF,FF
22774,485,0xCF00400,1,8,FF,FF,FF,00,00,FF,FF,FF
22775,486,0xCFF6600,1,8,00,00,FF,FF,FF,FF,FF,FF
22794,487,0xCF00400,1,8,FF,FF,FF,00,00,FF,FF,FF
22795,488,0xCFF6600,1,8,00,00,FF,FF,FF,FF,FF,FF
22814,489,0xCF00400,1,8,FF,FF,FF,00,00,FF,FF,FF
22815,490,0xCFF6600,1,8,00,00,FF,FF,FF,FF,FF,FF
22834,491,0xCF00400,1,8,FF,FF,FF,00,00,FF,FF,FF
22835,492,0xCFF6600,1,8,00,00,FF,FF,FF,FF,FF,FF
22845,493,0x18FEF100,1,8,3F,00,00,FF,FF,FF,FF,FF
22846,494,0x18F00500,1,8,FF,FF,FF,FF,20,2D,FF,FF
22846,495,0x18F00600,1,8,FF,FF,FF,FF,FF,FF,FF,FF
22847,496,0x18FEF200,1,8,00,00,00,FB,00,00,00,FF
22848,497,0x1CFDDF00,1,8,FE,FF,FF,FF,FF,FF,FF,FF
22849,498,0x1CFF6A00,1,8,FC,FF,FF,FF,FF,FF,FF,FF
22854,499,0xCF00400,1,8,FF,FF,FF,00,00,FF,FF,FF
22855,500,0xCFF6600,1,8,00,00,FF,FF,FF,FF,FF,FF
22874,501,0xCF00400,1,8,FF,FF,FF,00,00,FF,FF,FF
22875,502,0xCFF6600,1,8,00,00,FF,FF,FF,FF,FF,FF
22894,503,0xCF00400,1,8,FF,FF,FF,00,00,FF,FF,FF
22895,504,0xCFF6600,1,8,00,00,FF,FF,FF,FF,FF,FF
22914,505,0xCF00400,1,8,FF,FF,FF,00,00,FF,FF,FF
22915,506,0xCFF6600,1,8,00,00,FF,FF,FF,FF,FF,FF
22934,507,0xCF00400,1,8,FF,FF,FF,00,00,FF,FF,FF
22935,508,0xCFF6600,1,8,00,00,FF,FF,FF,FF,FF,FF
22945,509,0x18FEF100,1,8,3F,00,00,FF,FF,FF,FF,FF
22946,510,0x10FF6500,1,8,FC,FF,FF,FF,FF,FF,FF,FF
22946,511,0x18F00500,1,8,FF,FF,FF,FF,20,2D,FF,FF
22947,512,0x18FEF200,1,8,00,00,00,FB,00,00,00,FF
22954,513,0xCF00400,1,8,FF,FF,FF,00,00,FF,FF,FF
22955,514,0xCFF6600,1,8,00,00,FF,FF,FF,FF,FF,FF
22974,515,0xCF00400,1,8,FF,FF,FF,00,00,FF,FF,FF
22975,516,0xCFF6600,1,8,00,00,FF,FF,FF,FF,FF,FF
22994,517,0xCF00400,1,8,FF,FF,FF,00,00,FF,FF,FF
22995,518,0xCFF6600,1,8,00,00,FF,FF,FF,FF,FF,FF
23004,519,0x18FEEE00,1,8,60,FF,FF,FF,FF,FF,FF,FF
23005,520,0x18FDE500,1,8,0A,14,1E,28,32,3C,46,13
23014,521,0xCF00400,1,8,FF,FF,FF,00,00,FF,FF,FF
23015,522,0xCFF6600,1,8,00,00,FF,FF,FF,FF,FF,FF
23024,523,0x1CECFF00,1,8,20,0A,00,02,FF,CA,FE,00
23034,524,0xCF00400,1,8,FF,FF,FF,00,00,FF,FF,FF
23035,525,0xCFF6600,1,8,00,00,FF,FF,FF,FF,FF,FF
23045,526,0x18FEF100,1,8,3F,00,00,FF,FF,FF,FF,FF
23046,527,0x18F00500,1,8,FF,FF,FF,FF,20,2D,FF,FF
23046,528,0x18FEF200,1,8,00,00,00,FB,00,00,00,FF
23054,529,0xCF00400,1,8,FF,FF,FF,00,00,FF,FF,FF
23055,530,0xCFF6600,1,8,00,00,FF,FF,FF,FF,FF,FF
23074,531,0xCF00400,1,8,FF,FF,FF,00,00,FF,FF,FF
23075,532,0xCFF6600,1,8,00,00,FF,FF,FF,FF,FF,FF
23076,533,0x1CEBFF00,1,8,01,40,FF,0F,F0,E5,01,02
23094,534,0xCF00400,1,8,FF,FF,FF,00,00,FF,FF,FF
23095,535,0xCFF6600,1,8,00,00,FF,FF,FF,FF,FF,FF
23114,536,0xCF00400,1,8,FF,FF,FF,00,00,FF,FF,FF
23115,537,0xCFF6600,1,8,00,00,FF,FF,FF,FF,FF,FF
23124,538,0x1CEBFF00,1,8,02,F0,E3,01,FF,FF,FF,FF
23134,539,0xCF00400,1,8,FF,FF,FF,00,00,FF,FF,FF
23135,540,0xCFF6600,1,8,00,00,FF,FF,FF,FF,FF,FF
23145,541,0x18FEF100,1,8,3F,00,00,FF,FF,FF,FF,FF
23146,542,0x10FF6500,1,8,FC,FF,FF,FF,FF,FF,FF,FF
23146,543,0x18F00500,1,8,FF,FF,FF,FF,20,2D,FF,FF
23147,544,0x18FEF200,1,8,00,00,00,FB,00,00,00,FF
23154,545,0xCF00400,1,8,FF,FF,FF,00,00,FF,FF,FF
23155,546,0xCFF6600,1,8,00,00,FF,FF,FF,FF,FF,FF
23174,547,0xCF00400,1,8,FF,FF,FF,00,00,FF,FF,FF
23175,548,0xCFF6600,1,8,00,00,FF,FF,FF,FF,FF,FF
23194,549,0xCF00400,1,8,FF,FF,FF,00,00,FF,FF,FF
23195,550,0xCFF6600,1,8,00,00,FF,FF,FF,FF,FF,FF
23214,551,0xCF00400,1,8,FF,FF,FF,00,00,FF,FF,FF
23215,552,0xCFF6600,1,8,00,00,FF,FF,FF,FF,FF,FF
23234,553,0xCF00400,1,8,FF,FF,FF,00,00,FF,FF,FF
23235,554,0xCFF6600,1,8,00,00,FF,FF,FF,FF,FF,FF
23245,555,0x18FEF100,1,8,3F,00,00,FF,FF,FF,FF,FF
23246,556,0x18F00500,1,8,FF,FF,FF,FF,20,2D,FF,FF
23246,557,0x18FEF200,1,8,00,00,00,FB,00,00,00,FF
23254,558,0xCF00400,1,8,FF,FF,FF,00,00,FF,FF,FF
23255,559,0xCFF6600,1,8,00,00,FF,FF,FF,FF,FF,FF
23274,560,0xCF00400,1,8,FF,FF,FF,00,00,FF,FF,FF
23275,561,0xCFF6600,1,8,00,00,FF,FF,FF,FF,FF,FF
23294,562,0xCF00400,1,8,FF,FF,FF,00,00,FF,FF,FF
23295,563,0xCFF6600,1,8,00,00,FF,FF,FF,FF,FF,FF
23314,564,0xCF00400,1,8,FF,FF,FF,00,00,FF,FF,FF
23315,565,0xCFF6600,1,8,00,00,FF,FF,FF,FF,FF,FF
23334,566,0xCF00400,1,8,FF,FF,FF,00,00,FF,FF,FF
23335,567,0xCFF6600,1,8,00,00,FF,FF,FF,FF,FF,FF
23345,568,0x18FEF100,1,8,3F,00,00,FF,FF,FF,FF,FF
23346,569,0x10FF6500,1,8,FC,FF,FF,FF,FF,FF,FF,FF
23346,570,0x18F00500,1,8,FF,FF,FF,FF,20,2D,FF,FF
23347,571,0x18F00600,1,8,FF,FF,FF,FF,FF,FF,FF,FF
23348,572,0x18FEF200,1,8,00,00,00,FB,00,00,00,FF
23349,573,0x1CFDDF00,1,8,FE,FF,FF,FF,FF,FF,FF,FF
23350,574,0x1CFF6A00,1,8,FC,FF,FF,FF,FF,FF,FF,FF
23354,575,0xCF00400,1,8,FF,FF,FF,00,00,FF,FF,FF
23355,576,0xCFF6600,1,8,00,00,FF,FF,FF,FF,FF,FF
23374,577,0xCF00400,1,8,FF,FF,FF,00,00,FF,FF,FF
23375,578,0xCFF6600,1,8,00,00,FF,FF,FF,FF,FF,FF
23394,579,0xCF00400,1,8,FF,FF,FF,00,00,FF,FF,FF
23395,580,0xCFF6600,1,8,00,00,FF,FF,FF,FF,FF,FF
23414,581,0xCF00400,1,8,FF,FF,FF,00,00,FF,FF,FF
23415,582,0xCFF6600,1,8,00,00,FF,FF,FF,FF,FF,FF
23434,583,0xCF00400,1,8,FF,FF,FF,00,00,FF,FF,FF
23435,584,0xCFF6600,1,8,00,00,FF,FF,FF,FF,FF,FF
23445,585,0x18FEF100,1,8,3F,00,00,FF,FF,FF,FF,FF
23446,586,0x18F00500,1,8,FF,FF,FF,FF,20,2D,FF,FF
23446,587,0x18FEF200,1,8,00,00,00,FB,00,00,00,FF
23454,588,0xCF00400,1,8,FF,FF,FF,00,00,FF,FF,FF
23455,589,0xCFF6600,1,8,00,00,FF,FF,FF,FF,FF,FF
23474,590,0xCF00400,1,8,FF,FF,FF,00,00,FF,FF,FF
23475,591,0xCFF6600,1,8,00,00,FF,FF,FF,FF,FF,FF
23494,592,0xCF00400,1,8,FF,FF,FF,00,00,FF,FF,FF
23495,593,0xCFF6600,1,8,00,00,FF,FF,FF,FF,FF,FF
23514,594,0xCF00400,1,8,FF,FF,FF,00,00,FF,FF,FF
23515,595,0xCFF6600,1,8,00,00,FF,FF,FF,FF,FF,FF
23534,596,0xCF00400,1,8,FF,FF,FF,00,00,FF,FF,FF
23535,597,0xCFF6600,1,8,00,00,FF,FF,FF,FF,FF,FF
23545,598,0x18FEF100,1,8,3F,00,00,FF,FF,FF,FF,FF
23546,599,0x10FF6500,1,8,FC,FF,FF,FF,FF,FF,FF,FF
23546,600,0x18F00500,1,8,FF,FF,FF,FF,20,2D,FF,FF
23547,601,0x18FEF200,1,8,00,00,00,FB,00,00,00,FF
23554,602,0xCF00400,1,8,FF,FF,FF,00,00,FF,FF,FF
23555,603,0xCFF6600,1,8,00,00,FF,FF,FF,FF,FF,FF
23574,604,0xCF00400,1,8,FF,FF,FF,00,00,FF,FF,FF
23575,605,0xCFF6600,1,8,00,00,FF,FF,FF,FF,FF,FF
23594,606,0xCF00400,1,8,FF,FF,FF,00,00,FF,FF,FF
23595,607,0xCFF6600,1,8,00,00,FF,FF,FF,FF,FF,FF
23614,608,0xCF00400,1,8,FF,FF,FF,00,00,FF,FF,FF
23615,609,0xCFF6600,1,8,00,00,FF,FF,FF,FF,FF,FF
23634,610,0xCF00400,1,8,FF,FF,FF,00,00,FF,FF,FF
23635,611,0xCFF6600,1,8,00,00,FF,FF,FF,FF,FF,FF
23645,612,0x18FEF100,1,8,3F,00,00,FF,FF,FF,FF,FF
23646,613,0x18F00500,1,8,FF,FF,FF,FF,20,2D,FF,FF
23646,614,0x18FEF200,1,8,00,00,00,FB,00,00,00,FF
23654,615,0xCF00400,1,8,FF,FF,FF,00,00,FF,FF,FF
23655,616,0xCFF6600,1,8,00,00,FF,FF,FF,FF,FF,FF
23674,617,0xCF00400,1,8,FF,FF,FF,00,00,FF,FF,FF
23675,618,0xCFF6600,1,8,00,00,FF,FF,FF,FF,FF,FF
23694,619,0xCF00400,1,8,FF,FF,FF,00,00,FF,FF,FF
23695,620,0xCFF6600,1,8,00,00,FF,FF,FF,FF,FF,FF
23714,621,0xCF00400,1,8,FF,FF,FF,00,00,FF,FF,FF
23715,622,0xCFF6600,1,8,00,00,FF,FF,FF,FF,FF,FF
23734,623,0xCF00400,1,8,FF,FF,FF,00,00,FF,FF,FF
23735,624,0xCFF6600,1,8,00,00,FF,FF,FF,FF,FF,FF
23745,625,0x18FEF100,1,8,3F,00,00,FF,FF,FF,FF,FF
23746,626,0x10FF6500,1,8,FC,FF,FF,FF,FF,FF,FF,FF
23746,627,0x18F00500,1,8,FF,FF,FF,FF,20,2D,FF,FF
23747,628,0x18FEF200,1,8,00,00,00,FB,00,00,00,FF
23754,629,0xCF00400,1,8,FF,FF,FF,00,00,FF,FF,FF
23755,630,0xCFF6600,1,8,00,00,FF,FF,FF,FF,FF,FF
23774,631,0xCF00400,1,8,FF,FF,FF,00,00,FF,FF,FF
23775,632,0xCFF6600,1,8,00,00,FF,FF,FF,FF,FF,FF
23794,633,0xCF00400,1,8,FF,FF,FF,00,00,FF,FF,FF
23795,634,0xCFF6600,1,8,00,00,FF,FF,FF,FF,FF,FF
23814,635,0xCF00400,1,8,FF,FF,FF,00,00,FF,FF,FF
23815,636,0xCFF6600,1,8,00,00,FF,FF,FF,FF,FF,FF
23834,637,0xCF00400,1,8,FF,FF,FF,00,00,FF,FF,FF
23835,638,0xCFF6600,1,8,00,00,FF,FF,FF,FF,FF,FF
23845,639,0x18FEF100,1,8,3F,00,00,FF,FF,FF,FF,FF
23846,640,0x18F00500,1,8,FF,FF,FF,FF,20,2D,FF,FF
23846,641,0x18F00600,1,8,FF,FF,FF,FF,FF,FF,FF,FF
23847,642,0x18FEF200,1,8,00,00,00,FB,00,00,00,FF
23848,643,0x1CFDDF00,1,8,FE,FF,FF,FF,FF,FF,FF,FF
23848,644,0x1CFF6A00,1,8,FC,FF,FF,FF,FF,FF,FF,FF
23854,645,0xCF00400,1,8,FF,FF,FF,00,00,FF,FF,FF
23855,646,0xCFF6600,1,8,00,00,FF,FF,FF,FF,FF,FF
23874,647,0xCF00400,1,8,FF,FF,FF,00,00,FF,FF,FF
23875,648,0xCFF6600,1,8,00,00,FF,FF,FF,FF,FF,FF
23894,649,0xCF00400,1,8,FF,FF,FF,00,00,FF,FF,FF
23895,650,0xCFF6600,1,8,00,00,FF,FF,FF,FF,FF,FF
23914,651,0xCF00400,1,8,FF,FF,FF,00,00,FF,FF,FF
23915,652,0xCFF6600,1,8,00,00,FF,FF,FF,FF,FF,FF
23934,653,0xCF00400,1,8,FF,FF,FF,00,00,FF,FF,FF
23935,654,0xCFF6600,1,8,00,00,FF,FF,FF,FF,FF,FF
23945,655,0x18FEF100,1,8,3F,00,00,FF,FF,FF,FF,FF
23946,656,0x10FF6500,1,8,FC,FF,FF,FF,FF,FF,FF,FF
23946,657,0x18F00500,1,8,FF,FF,FF,FF,20,2D,FF,FF
23947,658,0x18FEF200,1,8,00,00,00,FB,00,00,00,FF
23954,659,0xCF00400,1,8,FF,FF,FF,00,00,FF,FF,FF
23955,660,0xCFF6600,1,8,00,00,FF,FF,FF,FF,FF,FF
23974,661,0xCF00400,1,8,FF,FF,FF,00,00,FF,FF,FF
23975,662,0xCFF6600,1,8,00,00,FF,FF,FF,FF,FF,FF
23994,663,0xCF00400,1,8,FF,FF,FF,00,00,FF,FF,FF
23995,664,0xCFF6600,1,8,00,00,FF,FF,FF,FF,FF,FF
24004,665,0x18FEEE00,1,8,60,FF,FF,FF,FF,FF,FF,FF
24005,666,0x18FDE500,1,8,0A,14,1E,28,32,3C,46,13
24014,667,0xCF00400,1,8,FF,FF,FF,00,00,FF,FF,FF
24015,668,0xCFF6600,1,8,00,00,FF,FF,FF,FF,FF,FF
24024,669,0x1CECFF00,1,8,20,0A,00,02,FF,CA,FE,00
24034,670,0xCF00400,1,8,FF,FF,FF,00,00,FF,FF,FF
24035,671,0xCFF6600,1,8,00,00,FF,FF,FF,FF,FF,FF
24045,672,0x18FEF100,1,8,3F,00,00,FF,FF,FF,FF,FF
24046,673,0x18F00500,1,8,FF,FF,FF,FF,20,2D,FF,FF
24046,674,0x18FEF200,1,8,00,00,00,FB,00,00,00,FF
24054,675,0xCF00400,1,8,FF,FF,FF,00,00,FF,FF,FF
24055,676,0xCFF6600,1,8,00,00,FF,FF,FF,FF,FF,FF
24074,677,0xCF00400,1,8,FF,FF,FF,00,00,FF,FF,FF
24075,678,0xCFF6600,1,8,00,00,FF,FF,FF,FF,FF,FF
24076,679,0x1CEBFF00,1,8,01,40,FF,0F,F0,E5,01,02
24094,680,0xCF00400,1,8,FF,FF,FF,00,00,FF,FF,FF
24095,681,0xCFF6600,1,8,00,00,FF,FF,FF,FF,FF,FF
24114,682,0xCF00400,1,8,FF,FF,FF,00,00,FF,FF,FF
24115,683,0xCFF6600,1,8,00,00,FF,FF,FF,FF,FF,FF
24124,684,0x1CEBFF00,1,8,02,F0,E3,01,FF,FF,FF,FF
24134,685,0xCF00400,1,8,FF,FF,FF,00,00,FF,FF,FF
24135,686,0xCFF6600,1,8,00,00,FF,FF,FF,FF,FF,FF
24145,687,0x18FEF100,1,8,3F,00,00,FF,FF,FF,FF,FF
24146,688,0x10FF6500,1,8,FC,FF,FF,FF,FF,FF,FF,FF
24146,689,0x18F00500,1,8,FF,FF,FF,FF,20,2D,FF,FF
24147,690,0x18FEF200,1,8,00,00,00,FB,00,00,00,FF
24154,691,0xCF00400,1,8,FF,FF,FF,00,00,FF,FF,FF
24155,692,0xCFF6600,1,8,00,00,FF,FF,FF,FF,FF,FF
24174,693,0xCF00400,1,8,FF,FF,FF,00,00,FF,FF,FF
24175,694,0xCFF6600,1,8,00,00,FF,FF,FF,FF,FF,FF
24194,695,0xCF00400,1,8,FF,FF,FF,00,00,FF,FF,FF
24195,696,0xCFF6600,1,8,00,00,FF,FF,FF,FF,FF,FF
24214,697,0xCF00400,1,8,FF,FF,FF,00,00,FF,FF,FF
24215,698,0xCFF6600,1,8,00,00,FF,FF,FF,FF,FF,FF
24234,699,0xCF00400,1,8,FF,FF,FF,00,00,FF,FF,FF
24235,700,0xCFF6600,1,8,00,00,FF,FF,FF,FF,FF,FF
24245,701,0x18FEF100,1,8,3F,00,00,FF,FF,FF,FF,FF
24246,702,0x18F00500,1,8,FF,FF,FF,FF,20,2D,FF,FF
24246,703,0x18FEF200,1,8,00,00,00,FB,00,00,00,FF
24254,704,0xCF00400,1,8,FF,FF,FF,00,00,FF,FF,FF
24255,705,0xCFF6600,1,8,00,00,FF,FF,FF,FF,FF,FF
24274,706,0xCF00400,1,8,FF,FF,FF,00,00,FF,FF,FF
24275,707,0xCFF6600,1,8,00,00,FF,FF,FF,FF,FF,FF
24294,708,0xCF00400,1,8,FF,FF,FF,00,00,FF,FF,FF
24295,709,0xCFF6600,1,8,00,00,FF,FF,FF,FF,FF,FF
24314,710,0xCF00400,1,8,FF,FF,FF,00,00,FF,FF,FF
24315,711,0xCFF6600,1,8,00,00,FF,FF,FF,FF,FF,FF
24334,712,0xCF00400,1,8,FF,FF,FF,00,00,FF,FF,FF
24335,713,0xCFF6600,1,8,00,00,FF,FF,FF,FF,FF,FF
24345,714,0x18FEF100,1,8,3F,00,00,FF,FF,FF,FF,FF
24346,715,0x10FF6500,1,8,FC,FF,FF,FF,FF,FF,FF,FF
24346,716,0x18F00500,1,8,FF,FF,FF,FF,20,2D,FF,FF
24347,717,0x18F00600,1,8,FF,FF,FF,FF,FF,FF,FF,FF
24348,718,0x18FEF200,1,8,00,00,00,FB,00,00,00,FF
24348,719,0x1CFDDF00,1,8,FE,FF,FF,FF,FF,FF,FF,FF
24349,720,0x1CFF6A00,1,8,FC,FF,FF,FF,FF,FF,FF,FF
24354,721,0xCF00400,1,8,FF,FF,FF,00,00,FF,FF,FF
24355,722,0xCFF6600,1,8,00,00,FF,FF,FF,FF,FF,FF
24374,723,0xCF00400,1,8,FF,FF,FF,00,00,FF,FF,FF
24375,724,0xCFF6600,1,8,00,00,FF,FF,FF,FF,FF,FF
24394,725,0xCF00400,1,8,FF,FF,FF,00,00,FF,FF,FF
24395,726,0xCFF6600,1,8,00,00,FF,FF,FF,FF,FF,FF
24414,727,0xCF00400,1,8,FF,FF,FF,00,00,FF,FF,FF
24415,728,0xCFF6600,1,8,00,00,FF,FF,FF,FF,FF,FF
24434,729,0xCF00400,1,8,FF,FF,FF,00,00,FF,FF,FF
24435,730,0xCFF6600,1,8,00,00,FF,FF,FF,FF,FF,FF
24445,731,0x18FEF100,1,8,3F,00,00,FF,FF,FF,FF,FF
24446,732,0x18F00500,1,8,FF,FF,FF,FF,20,2D,FF,FF
24446,733,0x18FEF200,1,8,00,00,00,FB,00,00,00,FF
24454,734,0xCF00400,1,8,FF,FF,FF,00,00,FF,FF,FF
24455,735,0xCFF6600,1,8,00,00,FF,FF,FF,FF,FF,FF
24474,736,0xCF00400,1,8,FF,FF,FF,00,00,FF,FF,FF
24475,737,0xCFF6600,1,8,00,00,FF,FF,FF,FF,FF,FF
24494,738,0xCF00400,1,8,FF,FF,FF,00,00,FF,FF,FF
24495,739,0xCFF6600,1,8,00,00,FF,FF,FF,FF,FF,FF
24514,740,0xCF00400,1,8,FF,FF,FF,00,00,FF,FF,FF
24515,741,0xCFF6600,1,8,00,00,FF,FF,FF,FF,FF,FF
24534,742,0xCF00400,1,8,FF,FF,FF,00,00,FF,FF,FF
24535,743,0xCFF6600,1,8,00,00,FF,FF,FF,FF,FF,FF
24545,744,0x18FEF100,1,8,3F,00,00,FF,FF,FF,FF,FF
24546,745,0x10FF6500,1,8,FC,FF,FF,FF,FF,FF,FF,FF
24546,746,0x18F00500,1,8,FF,FF,FF,FF,20,2D,FF,FF
24547,747,0x18FEF200,1,8,00,00,00,FB,00,00,00,FF
24554,748,0xCF00400,1,8,FF,FF,FF,00,00,FF,FF,FF
24555,749,0xCFF6600,1,8,00,00,FF,FF,FF,FF,FF,FF
24574,750,0xCF00400,1,8,FF,FF,FF,00,00,FF,FF,FF
24575,751,0xCFF6600,1,8,00,00,FF,FF,FF,FF,FF,FF
24594,752,0xCF00400,1,8,FF,FF,FF,00,00,FF,FF,FF
24595,753,0xCFF6600,1,8,00,00,FF,FF,FF,FF,FF,FF
24614,754,0xCF00400,1,8,FF,FF,FF,00,00,FF,FF,FF
24615,755,0xCFF6600,1,8,00,00,FF,FF,FF,FF,FF,FF
24634,756,0xCF00400,1,8,FF,FF,FF,00,00,FF,FF,FF
24635,757,0xCFF6600,1,8,00,00,FF,FF,FF,FF,FF,FF
24645,758,0x18FEF100,1,8,3F,00,00,FF,FF,FF,FF,FF
24646,759,0x18F00500,1,8,FF,FF,FF,FF,20,2D,FF,FF
24646,760,0x18FEF200,1,8,00,00,00,FB,00,00,00,FF
24654,761,0xCF00400,1,8,FF,FF,FF,00,00,FF,FF,FF
24655,762,0xCFF6600,1,8,00,00,FF,FF,FF,FF,FF,FF
24674,763,0xCF00400,1,8,FF,FF,FF,00,00,FF,FF,FF
24675,764,0xCFF6600,1,8,00,00,FF,FF,FF,FF,FF,FF
24694,765,0xCF00400,1,8,FF,FF,FF,00,00,FF,FF,FF
24695,766,0xCFF6600,1,8,00,00,FF,FF,FF,FF,FF,FF
24714,767,0xCF00400,1,8,FF,FF,FF,00,00,FF,FF,FF
24715,768,0xCFF6600,1,8,00,00,FF,FF,FF,FF,FF,FF
24734,769,0xCF00400,1,8,FF,FF,FF,00,00,FF,FF,FF
24735,770,0xCFF6600,1,8,00,00,FF,FF,FF,FF,FF,FF
24745,771,0x18FEF100,1,8,3F,00,00,FF,FF,FF,FF,FF
24746,772,0x10FF6500,1,8,FC,FF,FF,FF,FF,FF,FF,FF
24746,773,0x18F00500,1,8,FF,FF,FF,FF,20,2D,FF,FF
24747,774,0x18FEF200,1,8,00,00,00,FB,00,00,00,FF
24754,775,0xCF00400,1,8,FF,FF,FF,00,00,FF,FF,FF
24755,776,0xCFF6600,1,8,00,00,FF,FF,FF,FF,FF,FF
24774,777,0xCF00400,1,8,FF,FF,FF,00,00,FF,FF,FF
24775,778,0xCFF6600,1,8,00,00,FF,FF,FF,FF,FF,FF
24794,779,0xCF00400,1,8,FF,FF,FF,00,00,FF,FF,FF
24795,780,0xCFF6600,1,8,00,00,FF,FF,FF,FF,FF,FF
24814,781,0xCF00400,1,8,FF,FF,FF,00,00,FF,FF,FF
24815,782,0xCFF6600,1,8,00,00,FF,FF,FF,FF,FF,FF
24834,783,0xCF00400,1,8,FF,FF,FF,00,00,FF,FF,FF
24835,784,0xCFF6600,1,8,00,00,FF,FF,FF,FF,FF,FF
24845,785,0x18FEF100,1,8,3F,00,00,FF,FF,FF,FF,FF
24846,786,0x18F00500,1,8,FF,FF,FF,FF,20,2D,FF,FF
24846,787,0x18F00600,1,8,FF,FF,FF,FF,FF,FF,FF,FF
24847,788,0x18FEF200,1,8,00,00,00,FB,00,00,00,FF
24848,789,0x1CFDDF00,1,8,FE,FF,FF,FF,FF,FF,FF,FF
24848,790,0x1CFF6A00,1,8,FC,FF,FF,FF,FF,FF,FF,FF
24854,791,0xCF00400,1,8,FF,FF,FF,00,00,FF,FF,FF
24855,792,0xCFF6600,1,8,00,00,FF,FF,FF,FF,FF,FF
24874,793,0xCF00400,1,8,FF,FF,FF,00,00,FF,FF,FF
24875,794,0xCFF6600,1,8,00,00,FF,FF,FF,FF,FF,FF
24894,795,0xCF00400,1,8,FF,FF,FF,00,00,FF,FF,FF
24895,796,0xCFF6600,1,8,00,00,FF,FF,FF,FF,FF,FF
24914,797,0xCF00400,1,8,FF,FF,FF,00,00,FF,FF,FF
24915,798,0xCFF6600,1,8,00,00,FF,FF,FF,FF,FF,FF
24934,799,0xCF00400,1,8,FF,FF,FF,00,00,FF,FF,FF
24935,800,0xCFF6600,1,8,00,00,FF,FF,FF,FF,FF,FF
24945,801,0x18FEF100,1,8,3F,00,00,FF,FF,FF,FF,FF
24946,802,0x10FF6500,1,8,FC,FF,FF,FF,FF,FF,FF,FF
24946,803,0x18F00500,1,8,FF,FF,FF,FF,20,2D,FF,FF
24947,804,0x18FEF200,1,8,00,00,00,FB,00,00,00,FF
24954,805,0xCF00400,1,8,FF,FF,FF,00,00,FF,FF,FF
24955,806,0xCFF6600,1,8,00,00,FF,FF,FF,FF,FF,FF
24974,807,0xCF00400,1,8,FF,FF,FF,00,00,FF,FF,FF
24975,808,0xCFF6600,1,8,00,00,FF,FF,FF,FF,FF,FF
24994,809,0xCF00400,1,8,FF,FF,FF,00,00,FF,FF,FF
24995,810,0xCFF6600,1,8,00,00,FF,FF,FF,FF,FF,FF
25004,811,0x18FEEE00,1,8,60,FF,FF,FF,FF,FF,FF,FF
25005,812,0x18FDE500,1,8,0A,14,1E,28,32,3C,46,13
25014,813,0xCF00400,1,8,FF,FF,FF,00,00,FF,FF,FF
25015,814,0xCFF6600,1,8,00,00,FF,FF,FF,FF,FF,FF
25024,815,0x1CECFF00,1,8,20,0A,00,02,FF,CA,FE,00
25034,816,0xCF00400,1,8,FF,FF,FF,00,00,FF,FF,FF
25035,817,0xCFF6600,1,8,00,00,FF,FF,FF,FF,FF,FF
25045,818,0x18FEF100,1,8,3F,00,00,FF,FF,FF,FF,FF
25046,819,0x18F00500,1,8,FF,FF,FF,FF,20,2D,FF,FF
25046,820,0x18FEF200,1,8,00,00,00,FB,00,00,00,FF
25054,821,0xCF00400,1,8,FF,FF,FF,00,00,FF,FF,FF
25055,822,0xCFF6600,1,8,00,00,FF,FF,FF,FF,FF,FF
25074,823,0xCF00400,1,8,FF,FF,FF,00,00,FF,FF,FF
25075,824,0xCFF6600,1,8,00,00,FF,FF,FF,FF,FF,FF
25076,825,0x1CEBFF00,1,8,01,40,FF,0F,F0,E5,01,02
25094,826,0xCF00400,1,8,FF,FF,FF,00,00,FF,FF,FF
25095,827,0xCFF6600,1,8,00,00,FF,FF,FF,FF,FF,FF
25114,828,0xCF00400,1,8,FF,FF,FF,00,00,FF,FF,FF
25115,829,0xCFF6600,1,8,00,00,FF,FF,FF,FF,FF,FF
25124,830,0x1CEBFF00,1,8,02,F0,E3,01,FF,FF,FF,FF
25134,831,0xCF00400,1,8,FF,FF,FF,00,00,FF,FF,FF
25135,832,0xCFF6600,1,8,00,00,FF,FF,FF,FF,FF,FF
25145,833,0x18FEF100,1,8,3F,00,00,FF,FF,FF,FF,FF
25146,834,0x10FF6500,1,8,FC,FF,FF,FF,FF,FF,FF,FF
25146,835,0x18F00500,1,8,FF,FF,FF,FF,20,2D,FF,FF
25147,836,0x18FEF200,1,8,00,00,00,FB,00,00,00,FF
25154,837,0xCF00400,1,8,FF,FF,FF,00,00,FF,FF,FF
25155,838,0xCFF6600,1,8,00,00,FF,FF,FF,FF,FF,FF
25174,839,0xCF00400,1,8,FF,FF,FF,00,00,FF,FF,FF
25175,840,0xCFF6600,1,8,00,00,FF,FF,FF,FF,FF,FF
25194,841,0xCF00400,1,8,FF,FF,FF,00,00,FF,FF,FF
25195,842,0xCFF6600,1,8,00,00,FF,FF,FF,FF,FF,FF
25214,843,0xCF00400,1,8,FF,FF,FF,00,00,FF,FF,FF
25215,844,0xCFF6600,1,8,00,00,FF,FF,FF,FF,FF,FF
25234,845,0xCF00400,1,8,FF,FF,FF,00,00,FF,FF,FF
25235,846,0xCFF6600,1,8,00,00,FF,FF,FF,FF,FF,FF
25245,847,0x18FEF100,1,8,3F,00,00,FF,FF,FF,FF,FF
25246,848,0x18F00500,1,8,FF,FF,FF,FF,20,2D,FF,FF
25246,849,0x18FEF200,1,8,00,00,00,FB,00,00,00,FF
25254,850,0xCF00400,1,8,FF,FF,FF,00,00,FF,FF,FF
25255,851,0xCFF6600,1,8,00,00,FF,FF,FF,FF,FF,FF
25274,852,0xCF00400,1,8,FF,FF,FF,00,00,FF,FF,FF
25275,853,0xCFF6600,1,8,00,00,FF,FF,FF,FF,FF,FF
25294,854,0xCF00400,1,8,FF,FF,FF,00,00,FF,FF,FF
25295,855,0xCFF6600,1,8,00,00,FF,FF,FF,FF,FF,FF
25314,856,0xCF00400,1,8,FF,FF,FF,00,00,FF,FF,FF
25315,857,0xCFF6600,1,8,00,00,FF,FF,FF,FF,FF,FF
25334,858,0xCF00400,1,8,FF,FF,FF,00,00,FF,FF,FF
25335,859,0xCFF6600,1,8,00,00,FF,FF,FF,FF,FF,FF
25345,860,0x18FEF100,1,8,3F,00,00,FF,FF,FF,FF,FF
25346,861,0x10FF6500,1,8,FC,FF,FF,FF,FF,FF,FF,FF
25346,862,0x18F00500,1,8,FF,FF,FF,FF,20,2D,FF,FF
25347,863,0x18F00600,1,8,FF,FF,FF,FF,FF,FF,FF,FF
25348,864,0x18FEF200,1,8,00,00,00,FB,00,00,00,FF
25348,865,0x1CFDDF00,1,8,FE,FF,FF,FF,FF,FF,FF,FF
25349,866,0x1CFF6A00,1,8,FC,FF,FF,FF,FF,FF,FF,FF
25354,867,0xCF00400,1,8,FF,FF,FF,00,00,FF,FF,FF
25355,868,0xCFF6600,1,8,00,00,FF,FF,FF,FF,FF,FF
25374,869,0xCF00400,1,8,FF,FF,FF,00,00,FF,FF,FF
25375,870,0xCFF6600,1,8,00,00,FF,FF,FF,FF,FF,FF
25394,871,0xCF00400,1,8,FF,FF,FF,00,00,FF,FF,FF
25395,872,0xCFF6600,1,8,00,00,FF,FF,FF,FF,FF,FF
25414,873,0xCF00400,1,8,FF,FF,FF,00,00,FF,FF,FF
25415,874,0xCFF6600,1,8,00,00,FF,FF,FF,FF,FF,FF
25434,875,0xCF00400,1,8,FF,FF,FF,00,00,FF,FF,FF
25435,876,0xCFF6600,1,8,00,00,FF,FF,FF,FF,FF,FF
25445,877,0x18FEF100,1,8,3F,00,00,FF,FF,FF,FF,FF
25446,878,0x18F00500,1,8,FF,FF,FF,FF,20,2D,FF,FF
25446,879,0x18FEF200,1,8,00,00,00,FB,00,00,00,FF
25454,880,0xCF00400,1,8,FF,FF,FF,00,00,FF,FF,FF
25455,881,0xCFF6600,1,8,00,00,FF,FF,FF,FF,FF,FF
25474,882,0xCF00400,1,8,FF,FF,FF,00,00,FF,FF,FF
25475,883,0xCFF6600,1,8,00,00,FF,FF,FF,FF,FF,FF
25494,884,0xCF00400,1,8,FF,FF,FF,00,00,FF,FF,FF
25495,885,0xCFF6600,1,8,00,00,FF,FF,FF,FF,FF,FF
25514,886,0xCF00400,1,8,FF,FF,FF,00,00,FF,FF,FF
25515,887,0xCFF6600,1,8,00,00,FF,FF,FF,FF,FF,FF
25534,888,0xCF00400,1,8,FF,FF,FF,00,00,FF,FF,FF
25535,889,0xCFF6600,1,8,00,00,FF,FF,FF,FF,FF,FF
25545,890,0x18FEF100,1,8,3F,00,00,FF,FF,FF,FF,FF
25546,891,0x10FF6500,1,8,FC,FF,FF,FF,FF,FF,FF,FF
25546,892,0x18F00500,1,8,FF,FF,FF,FF,20,2D,FF,FF
25547,893,0x18FEF200,1,8,00,00,00,FB,00,00,00,FF
25554,894,0xCF00400,1,8,FF,FF,FF,00,00,FF,FF,FF
25555,895,0xCFF6600,1,8,00,00,FF,FF,FF,FF,FF,FF
25574,896,0xCF00400,1,8,FF,FF,FF,00,00,FF,FF,FF
25575,897,0xCFF6600,1,8,00,00,FF,FF,FF,FF,FF,FF
25594,898,0xCF00400,1,8,FF,FF,FF,00,00,FF,FF,FF
25595,899,0xCFF6600,1,8,00,00,FF,FF,FF,FF,FF,FF
25614,900,0xCF00400,1,8,FF,FF,FF,00,00,FF,FF,FF
25615,901,0xCFF6600,1,8,00,00,FF,FF,FF,FF,FF,FF
25634,902,0xCF00400,1,8,FF,FF,FF,00,00,FF,FF,FF
25635,903,0xCFF6600,1,8,00,00,FF,FF,FF,FF,FF,FF
25645,904,0x18FEF100,1,8,3F,00,00,FF,FF,FF,FF,FF
25646,905,0x18F00500,1,8,FF,FF,FF,FF,20,2D,FF,FF
25646,906,0x18FEF200,1,8,00,00,00,FB,00,00,00,FF
25654,907,0xCF00400,1,8,FF,FF,FF,00,00,FF,FF,FF
25655,908,0xCFF6600,1,8,00,00,FF,FF,FF,FF,FF,FF
25674,909,0xCF00400,1,8,FF,FF,FF,00,00,FF,FF,FF
25675,910,0xCFF6600,1,8,00,00,FF,FF,FF,FF,FF,FF
25694,911,0xCF00400,1,8,FF,FF,FF,00,00,FF,FF,FF
25695,912,0xCFF6600,1,8,00,00,FF,FF,FF,FF,FF,FF
25714,913,0xCF00400,1,8,FF,FF,FF,00,00,FF,FF,FF
25715,914,0xCFF6600,1,8,00,00,FF,FF,FF,FF,FF,FF
25734,915,0xCF00400,1,8,FF,FF,FF,00,00,FF,FF,FF
25735,916,0xCFF6600,1,8,00,00,FF,FF,FF,FF,FF,FF
25745,917,0x18FEF100,1,8,3F,00,00,FF,FF,FF,FF,FF
25746,918,0x10FF6500,1,8,FC,FF,FF,FF,FF,FF,FF,FF
25746,919,0x18F00500,1,8,FF,FF,FF,FF,20,2D,FF,FF
25747,920,0x18FEF200,1,8,00,00,00,FB,00,00,00,FF
25754,921,0xCF00400,1,8,FF,FF,FF,00,00,FF,FF,FF
25755,922,0xCFF6600,1,8,00,00,FF,FF,FF,FF,FF,FF
25774,923,0xCF00400,1,8,FF,FF,FF,00,00,FF,FF,FF
25775,924,0xCFF6600,1,8,00,00,FF,FF,FF,FF,FF,FF
25794,925,0xCF00400,1,8,FF,FF,FF,00,00,FF,FF,FF
25795,926,0xCFF6600,1,8,00,00,FF,FF,FF,FF,FF,FF
25814,927,0xCF00400,1,8,FF,FF,FF,00,00,FF,FF,FF
25815,928,0xCFF6600,1,8,00,00,FF,FF,FF,FF,FF,FF
25834,929,0xCF00400,1,8,FF,FF,FF,00,00,FF,FF,FF
25835,930,0xCFF6600,1,8,00,00,FF,FF,FF,FF,FF,FF
25845,931,0x18FEF100,1,8,3F,00,00,FF,FF,FF,FF,FF
25846,932,0x18F00500,1,8,FF,FF,FF,FF,20,2D,FF,FF
25846,933,0x18F00600,1,8,FF,FF,FF,FF,FF,FF,FF,FF
25847,934,0x18FEF200,1,8,00,00,00,FB,00,00,00,FF
25848,935,0x1CFDDF00,1,8,FE,FF,FF,FF,FF,FF,FF,FF
25848,936,0x1CFF6A00,1,8,FC,FF,FF,FF,FF,FF,FF,FF
25854,937,0xCF00400,1,8,FF,FF,FF,00,00,FF,FF,FF
25855,938,0xCFF6600,1,8,00,00,FF,FF,FF,FF,FF,FF
25874,939,0xCF00400,1,8,FF,FF,FF,00,00,FF,FF,FF
25875,940,0xCFF6600,1,8,00,00,FF,FF,FF,FF,FF,FF
25894,941,0xCF00400,1,8,FF,FF,FF,00,00,FF,FF,FF
25895,942,0xCFF6600,1,8,00,00,FF,FF,FF,FF,FF,FF
25914,943,0xCF00400,1,8,FF,FF,FF,00,00,FF,FF,FF
25915,944,0xCFF6600,1,8,00,00,FF,FF,FF,FF,FF,FF
25934,945,0xCF00400,1,8,FF,FF,FF,00,00,FF,FF,FF
25935,946,0xCFF6600,1,8,00,00,FF,FF,FF,FF,FF,FF
25945,947,0x18FEF100,1,8,3F,00,00,FF,FF,FF,FF,FF
25946,948,0x10FF6500,1,8,FC,FF,FF,FF,FF,FF,FF,FF
25946,949,0x18F00500,1,8,FF,FF,FF,FF,20,2D,FF,FF
25947,950,0x18FEF200,1,8,00,00,00,FB,00,00,00,FF
25954,951,0xCF00400,1,8,FF,FF,FF,00,00,FF,FF,FF
25955,952,0xCFF6600,1,8,00,00,FF,FF,FF,FF,FF,FF
25974,953,0xCF00400,1,8,FF,FF,FF,00,00,FF,FF,FF
25975,954,0xCFF6600,1,8,00,00,FF,FF,FF,FF,FF,FF
25994,955,0xCF00400,1,8,FF,FF,FF,00,00,FF,FF,FF
25995,956,0xCFF6600,1,8,00,00,FF,FF,FF,FF,FF,FF
26004,957,0x18FEEE00,1,8,60,FF,FF,FF,FF,FF,FF,FF
26005,958,0x18FDE500,1,8,0A,14,1E,28,32,3C,46,13
26014,959,0xCF00400,1,8,FF,FF,FF,00,00,FF,FF,FF
26015,960,0xCFF6600,1,8,00,00,FF,FF,FF,FF,FF,FF
26024,961,0x1CECFF00,1,8,20,0A,00,02,FF,CA,FE,00
26034,962,0xCF00400,1,8,FF,FF,FF,00,00,FF,FF,FF
26035,963,0xCFF6600,1,8,00,00,FF,FF,FF,FF,FF,FF
26045,964,0x18FEF100,1,8,3F,00,00,FF,FF,FF,FF,FF
26046,965,0x18F00500,1,8,FF,FF,FF,FF,20,2D,FF,FF
26046,966,0x18FEF200,1,8,00,00,00,FB,00,00,00,FF
26054,967,0xCF00400,1,8,FF,FF,FF,00,00,FF,FF,FF
26055,968,0xCFF6600,1,8,00,00,FF,FF,FF,FF,FF,FF
26074,969,0xCF00400,1,8,FF,FF,FF,00,00,FF,FF,FF
26075,970,0xCFF6600,1,8,00,00,FF,FF,FF,FF,FF,FF
26076,971,0x1CEBFF00,1,8,01,40,FF,0F,F0,E5,01,02
26094,972,0xCF00400,1,8,FF,FF,FF,00,00,FF,FF,FF
26095,973,0xCFF6600,1,8,00,00,FF,FF,FF,FF,FF,FF
26114,974,0xCF00400,1,8,FF,FF,FF,00,00,FF,FF,FF
26115,975,0xCFF6600,1,8,00,00,FF,FF,FF,FF,FF,FF
26124,976,0x1CEBFF00,1,8,02,F0,E3,01,FF,FF,FF,FF
26134,977,0xCF00400,1,8,FF,FF,FF,00,00,FF,FF,FF
26135,978,0xCFF6600,1,8,00,00,FF,FF,FF,FF,FF,FF
26145,979,0x18FEF100,1,8,3F,00,00,FF,FF,FF,FF,FF
26146,980,0x10FF6500,1,8,FC,FF,FF,FF,FF,FF,FF,FF
26146,981,0x18F00500,1,8,FF,FF,FF,FF,20,2D,FF,FF
26147,982,0x18FEF200,1,8,00,00,00,FB,00,00,00,FF
26154,983,0xCF00400,1,8,FF,FF,FF,00,00,FF,FF,FF
26155,984,0xCFF6600,1,8,00,00,FF,FF,FF,FF,FF,FF
26174,985,0xCF00400,1,8,FF,FF,FF,00,00,FF,FF,FF
26175,986,0xCFF6600,1,8,00,00,FF,FF,FF,FF,FF,FF
26194,987,0xCF00400,1,8,FF,FF,FF,00,00,FF,FF,FF
26195,988,0xCFF6600,1,8,00,00,FF,FF,FF,FF,FF,FF
26214,989,0xCF00400,1,8,FF,FF,FF,00,00,FF,FF,FF
26215,990,0xCFF6600,1,8,00,00,FF,FF,FF,FF,FF,FF
26234,991,0xCF00400,1,8,FF,FF,FF,00,00,FF,FF,FF
26235,992,0xCFF6600,1,8,00,00,FF,FF,FF,FF,FF,FF
26245,993,0x18FEF100,1,8,3F,00,00,FF,FF,FF,FF,FF
26246,994,0x18F00500,1,8,FF,FF,FF,FF,20,2D,FF,FF
26246,995,0x18FEF200,1,8,00,00,00,FB,00,00,00,FF
26254,996,0xCF00400,1,8,FF,FF,FF,00,00,FF,FF,FF
26255,997,0xCFF6600,1,8,00,00,FF,FF,FF,FF,FF,FF
26274,998,0xCF00400,1,8,FF,FF,FF,00,00,FF,FF,FF
26275,999,0xCFF6600,1,8,00,00,FF,FF,FF,FF,FF,FF
26294,1000,0xCF00400,1,8,FF,FF,FF,00,00,FF,FF,FF
26295,1001,0xCFF6600,1,8,00,00,FF,FF,FF,FF,FF,FF
26314,1002,0xCF00400,1,8,FF,FF,FF,00,00,FF,FF,FF
26315,1003,0xCFF6600,1,8,00,00,FF,FF,FF,FF,FF,FF
26334,1004,0xCF00400,1,8,FF,FF,FF,00,00,FF,FF,FF
26335,1005,0xCFF6600,1,8,00,00,FF,FF,FF,FF,FF,FF
26345,1006,0x18FEF100,1,8,3F,00,00,FF,FF,FF,FF,FF
26346,1007,0x10FF6500,1,8,FC,FF,FF,FF,FF,FF,FF,FF
26346,1008,0x18F00500,1,8,FF,FF,FF,FF,20,2D,FF,FF
26347,1009,0x18F00600,1,8,FF,FF,FF,FF,FF,FF,FF,FF
26348,1010,0x18FEF200,1,8,00,00,00,FB,00,00,00,FF
26348,1011,0x1CFDDF00,1,8,FE,FF,FF,FF,FF,FF,FF,FF
26349,1012,0x1CFF6A00,1,8,FC,FF,FF,FF,FF,FF,FF,FF
26354,1013,0xCF00400,1,8,FF,FF,FF,00,00,FF,FF,FF
26355,1014,0xCFF6600,1,8,00,00,FF,FF,FF,FF,FF,FF
26374,1015,0xCF00400,1,8,FF,FF,FF,00,00,FF,FF,FF
26375,1016,0xCFF6600,1,8,00,00,FF,FF,FF,FF,FF,FF
26394,1017,0xCF00400,1,8,FF,FF,FF,00,00,FF,FF,FF
26395,1018,0xCFF6600,1,8,00,00,FF,FF,FF,FF,FF,FF
26414,1019,0xCF00400,1,8,FF,FF,FF,00,00,FF,FF,FF
26415,1020,0xCFF6600,1,8,00,00,FF,FF,FF,FF,FF,FF
26434,1021,0xCF00400,1,8,FF,FF,FF,00,00,FF,FF,FF
26435,1022,0xCFF6600,1,8,00,00,FF,FF,FF,FF,FF,FF
26445,1023,0x18FEF100,1,8,3F,00,00,FF,FF,FF,FF,FF
26446,1024,0x18F00500,1,8,FF,FF,FF,FF,20,2D,FF,FF
26446,1025,0x18FEF200,1,8,00,00,00,FB,00,00,00,FF
26454,1026,0xCF00400,1,8,FF,FF,FF,00,00,FF,FF,FF
26455,1027,0xCFF6600,1,8,00,00,FF,FF,FF,FF,FF,FF
26474,1028,0xCF00400,1,8,FF,FF,FF,00,00,FF,FF,FF
26475,1029,0xCFF6600,1,8,00,00,FF,FF,FF,FF,FF,FF
26494,1030,0xCF00400,1,8,FF,FF,FF,00,00,FF,FF,FF
26495,1031,0xCFF6600,1,8,00,00,FF,FF,FF,FF,FF,FF
26514,1032,0xCF00400,1,8,FF,FF,FF,00,00,FF,FF,FF
26515,1033,0xCFF6600,1,8,00,00,FF,FF,FF,FF,FF,FF
26534,1034,0xCF00400,1,8,FF,FF,FF,00,00,FF,FF,FF
26535,1035,0xCFF6600,1,8,00,00,FF,FF,FF,FF,FF,FF
26545,1036,0x18FEF100,1,8,3F,00,00,FF,FF,FF,FF,FF
26546,1037,0x10FF6500,1,8,FC,FF,FF,FF,FF,FF,FF,FF
26546,1038,0x18F00500,1,8,FF,FF,FF,FF,20,2D,FF,FF
26547,1039,0x18FEF200,1,8,00,00,00,FB,00,00,00,FF
26554,1040,0xCF00400,1,8,FF,FF,FF,00,00,FF,FF,FF
26555,1041,0xCFF6600,1,8,00,00,FF,FF,FF,FF,FF,FF
26574,1042,0xCF00400,1,8,FF,FF,FF,00,00,FF,FF,FF
26575,1043,0xCFF6600,1,8,00,00,FF,FF,FF,FF,FF,FF
26594,1044,0xCF00400,1,8,FF,FF,FF,00,00,FF,FF,FF
26595,1045,0xCFF6600,1,8,00,00,FF,FF,FF,FF,FF,FF
26614,1046,0xCF00400,1,8,FF,FF,FF,00,00,FF,FF,FF
26615,1047,0xCFF6600,1,8,00,00,FF,FF,FF,FF,FF,FF
26634,1048,0xCF00400,1,8,FF,FF,FF,00,00,FF,FF,FF
26635,1049,0xCFF6600,1,8,00,00,FF,FF,FF,FF,FF,FF
26645,1050,0x18FEF100,1,8,3F,00,00,FF,FF,FF,FF,FF
26646,1051,0x18F00500,1,8,FF,FF,FF,FF,20,2D,FF,FF
26646,1052,0x18FEF200,1,8,00,00,00,FB,00,00,00,FF
26654,1053,0xCF00400,1,8,FF,FF,FF,00,00,FF,FF,FF
26655,1054,0xCFF6600,1,8,00,00,FF,FF,FF,FF,FF,FF
26674,1055,0xCF00400,1,8,FF,FF,FF,00,00,FF,FF,FF
26675,1056,0xCFF6600,1,8,00,00,FF,FF,FF,FF,FF,FF
26694,1057,0xCF00400,1,8,FF,FF,FF,00,00,FF,FF,FF
26695,1058,0xCFF6600,1,8,00,00,FF,FF,FF,FF,FF,FF
26714,1059,0xCF00400,1,8,FF,FF,FF,00,00,FF,FF,FF
26715,1060,0xCFF6600,1,8,00,00,FF,FF,FF,FF,FF,FF
26734,1061,0xCF00400,1,8,FF,FF,FF,00,00,FF,FF,FF
26735,1062,0xCFF6600,1,8,00,00,FF,FF,FF,FF,FF,FF
26745,1063,0x18FEF100,1,8,3F,00,00,FF,FF,FF,FF,FF
26746,1064,0x10FF6500,1,8,FC,FF,FF,FF,FF,FF,FF,FF
26746,1065,0x18F00500,1,8,FF,FF,FF,FF,20,2D,FF,FF
26747,1066,0x18FEF200,1,8,00,00,00,FB,00,00,00,FF
26754,1067,0xCF00400,1,8,FF,FF,FF,00,00,FF,FF,FF
26755,1068,0xCFF6600,1,8,00,00,FF,FF,FF,FF,FF,FF
26774,1069,0xCF00400,1,8,FF,FF,FF,00,00,FF,FF,FF
26775,1070,0xCFF6600,1,8,00,00,FF,FF,FF,FF,FF,FF
26794,1071,0xCF00400,1,8,FF,FF,FF,00,00,FF,FF,FF
26795,1072,0xCFF6600,1,8,00,00,FF,FF,FF,FF,FF,FF
26814,1073,0xCF00400,1,8,FF,FF,FF,00,00,FF,FF,FF
26815,1074,0xCFF6600,1,8,00,00,FF,FF,FF,FF,FF,FF
26834,1075,0xCF00400,1,8,FF,FF,FF,00,00,FF,FF,FF
26835,1076,0xCFF6600,1,8,00,00,FF,FF,FF,FF,FF,FF
26845,1077,0x18FEF100,1,8,3F,00,00,FF,FF,FF,FF,FF
26846,1078,0x18F00500,1,8,FF,FF,FF,FF,20,2D,FF,FF
26846,1079,0x18F00600,1,8,FF,FF,FF,FF,FF,FF,FF,FF
26847,1080,0x18FEF200,1,8,00,00,00,FB,00,00,00,FF
26848,1081,0x1CFDDF00,1,8,FE,FF,FF,FF,FF,FF,FF,FF
26848,1082,0x1CFF6A00,1,8,FC,FF,FF,FF,FF,FF,FF,FF
26854,1083,0xCF00400,1,8,FF,FF,FF,00,00,FF,FF,FF
26855,1084,0xCFF6600,1,8,00,00,FF,FF,FF,FF,FF,FF
26874,1085,0xCF00400,1,8,FF,FF,FF,00,00,FF,FF,FF
26875,1086,0xCFF6600,1,8,00,00,FF,FF,FF,FF,FF,FF
26894,1087,0xCF00400,1,8,FF,FF,FF,00,00,FF,FF,FF
26895,1088,0xCFF6600,1,8,00,00,FF,FF,FF,FF,FF,FF
26914,1089,0xCF00400,1,8,FF,FF,FF,00,00,FF,FF,FF
26915,1090,0xCFF6600,1,8,00,00,FF,FF,FF,FF,FF,FF
26934,1091,0xCF00400,1,8,FF,FF,FF,00,00,FF,FF,FF
26935,1092,0xCFF6600,1,8,00,00,FF,FF,FF,FF,FF,FF
26945,1093,0x18FEF100,1,8,3F,00,00,FF,FF,FF,FF,FF
26946,1094,0x10FF6500,1,8,FC,FF,FF,FF,FF,FF,FF,FF
26946,1095,0x18F00500,1,8,FF,FF,FF,FF,20,2D,FF,FF
26947,1096,0x18FEF200,1,8,00,00,00,FB,00,00,00,FF
26954,1097,0xCF00400,1,8,FF,FF,FF,00,00,FF,FF,FF
26955,1098,0xCFF6600,1,8,00,00,FF,FF,FF,FF,FF,FF
26974,1099,0xCF00400,1,8,FF,FF,FF,00,00,FF,FF,FF
26975,1100,0xCFF6600,1,8,00,00,FF,FF,FF,FF,FF,FF
26994,1101,0xCF00400,1,8,FF,FF,FF,00,00,FF,FF,FF
26995,1102,0xCFF6600,1,8,00,00,FF,FF,FF,FF,FF,FF
27004,1103,0x18FEEE00,1,8,60,FF,FF,FF,FF,FF,FF,FF
27005,1104,0x18FDE500,1,8,0A,14,1E,28,32,3C,46,13
27014,1105,0xCF00400,1,8,FF,FF,FF,00,00,FF,FF,FF
27015,1106,0xCFF6600,1,8,00,00,FF,FF,FF,FF,FF,FF
27024,1107,0x1CECFF00,1,8,20,0A,00,02,FF,CA,FE,00
27034,1108,0xCF00400,1,8,FF,FF,FF,00,00,FF,FF,FF
27035,1109,0xCFF6600,1,8,00,00,FF,FF,FF,FF,FF,FF
27045,1110,0x18FEF100,1,8,3F,00,00,FF,FF,FF,FF,FF
27046,1111,0x18F00500,1,8,FF,FF,FF,FF,20,2D,FF,FF
27046,1112,0x18FEF200,1,8,00,00,00,FB,00,00,00,FF
27054,1113,0xCF00400,1,8,FF,FF,FF,00,00,FF,FF,FF
27055,1114,0xCFF6600,1,8,00,00,FF,FF,FF,FF,FF,FF
27074,1115,0xCF00400,1,8,FF,FF,FF,00,00,FF,FF,FF
27075,1116,0xCFF6600,1,8,00,00,FF,FF,FF,FF,FF,FF
27076,1117,0x1CEBFF00,1,8,01,40,FF,0F,F0,E5,01,02
27094,1118,0xCF00400,1,8,FF,FF,FF,00,00,FF,FF,FF
27095,1119,0xCFF6600,1,8,00,00,FF,FF,FF,FF,FF,FF
27114,1120,0xCF00400,1,8,FF,FF,FF,00,00,FF,FF,FF
27115,1121,0xCFF6600,1,8,00,00,FF,FF,FF,FF,FF,FF
27124,1122,0x1CEBFF00,1,8,02,F0,E3,01,FF,FF,FF,FF
27134,1123,0xCF00400,1,8,FF,FF,FF,00,00,FF,FF,FF
27135,1124,0xCFF6600,1,8,00,00,FF,FF,FF,FF,FF,FF
27145,1125,0x18FEF100,1,8,3F,00,00,FF,FF,FF,FF,FF
27146,1126,0x10FF6500,1,8,FC,FF,FF,FF,FF,FF,FF,FF
27146,1127,0x18F00500,1,8,FF,FF,FF,FF,20,2D,FF,FF
27147,1128,0x18FEF200,1,8,00,00,00,FB,00,00,00,FF
27154,1129,0xCF00400,1,8,FF,FF,FF,00,00,FF,FF,FF
27155,1130,0xCFF6600,1,8,00,00,FF,FF,FF,FF,FF,FF
27174,1131,0xCF00400,1,8,FF,FF,FF,00,00,FF,FF,FF
27175,1132,0xCFF6600,1,8,00,00,FF,FF,FF,FF,FF,FF
27194,1133,0xCF00400,1,8,FF,FF,FF,00,00,FF,FF,FF
27195,1134,0xCFF6600,1,8,00,00,FF,FF,FF,FF,FF,FF
27214,1135,0xCF00400,1,8,FF,FF,FF,00,00,FF,FF,FF
27215,1136,0xCFF6600,1,8,00,00,FF,FF,FF,FF,FF,FF
27234,1137,0xCF00400,1,8,FF,FF,FF,00,00,FF,FF,FF
27235,1138,0xCFF6600,1,8,00,00,FF,FF,FF,FF,FF,FF
27245,1139,0x18FEF100,1,8,3F,00,00,FF,FF,FF,FF,FF
27246,1140,0x18F00500,1,8,FF,FF,FF,FF,20,2D,FF,FF
27246,1141,0x18FEF200,1,8,00,00,00,FB,00,00,00,FF
27254,1142,0xCF00400,1,8,FF,FF,FF,00,00,FF,FF,FF
27255,1143,0xCFF6600,1,8,00,00,FF,FF,FF,FF,FF,FF
27274,1144,0xCF00400,1,8,FF,FF,FF,00,00,FF,FF,FF
27275,1145,0xCFF6600,1,8,00,00,FF,FF,FF,FF,FF,FF
27294,1146,0xCF00400,1,8,FF,FF,FF,00,00,FF,FF,FF
27295,1147,0xCFF6600,1,8,00,00,FF,FF,FF,FF,FF,FF
27314,1148,0xCF00400,1,8,FF,FF,FF,00,00,FF,FF,FF
27315,1149,0xCFF6600,1,8,00,00,FF,FF,FF,FF,FF,FF
27334,1150,0xCF00400,1,8,FF,FF,FF,00,00,FF,FF,FF
27335,1151,0xCFF6600,1,8,00,00,FF,FF,FF,FF,FF,FF
27345,1152,0x18FEF100,1,8,3F,00,00,FF,FF,FF,FF,FF
27346,1153,0x10FF6500,1,8,FC,FF,FF,FF,FF,FF,FF,FF
27346,1154,0x18F00500,1,8,FF,FF,FF,FF,20,2D,FF,FF
27347,1155,0x18F00600,1,8,FF,FF,FF,FF,FF,FF,FF,FF
27348,1156,0x18FEF200,1,8,00,00,00,FB,00,00,00,FF
27348,1157,0x1CFDDF00,1,8,FE,FF,FF,FF,FF,FF,FF,FF
27349,1158,0x1CFF6A00,1,8,FC,FF,FF,FF,FF,FF,FF,FF
27354,1159,0xCF00400,1,8,FF,FF,FF,00,00,FF,FF,FF
27355,1160,0xCFF6600,1,8,00,00,FF,FF,FF,FF,FF,FF
27374,1161,0xCF00400,1,8,FF,FF,FF,00,00,FF,FF,FF
27375,1162,0xCFF6600,1,8,00,00,FF,FF,FF,FF,FF,FF
27394,1163,0xCF00400,1,8,FF,FF,FF,00,00,FF,FF,FF
27395,1164,0xCFF6600,1,8,00,00,FF,FF,FF,FF,FF,FF
27414,1165,0xCF00400,1,8,FF,FF,FF,00,00,FF,FF,FF
27415,1166,0xCFF6600,1,8,00,00,FF,FF,FF,FF,FF,FF
27434,1167,0xCF00400,1,8,FF,FF,FF,00,00,FF,FF,FF
27435,1168,0xCFF6600,1,8,00,00,FF,FF,FF,FF,FF,FF
27445,1169,0x18FEF100,1,8,3F,00,00,FF,FF,FF,FF,FF
27446,1170,0x18F00500,1,8,FF,FF,FF,FF,20,2D,FF,FF
27447,1171,0x18FEF200,1,8,00,00,00,FB,00,00,00,FF
27454,1172,0xCF00400,1,8,FF,FF,FF,00,00,FF,FF,FF
27455,1173,0xCFF6600,1,8,00,00,FF,FF,FF,FF,FF,FF
27474,1174,0xCF00400,1,8,FF,FF,FF,00,00,FF,FF,FF
27475,1175,0xCFF6600,1,8,00,00,FF,FF,FF,FF,FF,FF
27494,1176,0xCF00400,1,8,FF,FF,FF,00,00,FF,FF,FF
27495,1177,0xCFF6600,1,8,00,00,FF,FF,FF,FF,FF,FF
27514,1178,0xCF00400,1,8,FF,FF,FF,00,00,FF,FF,FF
27515,1179,0xCFF6600,1,8,00,00,FF,FF,FF,FF,FF,FF
27534,1180,0xCF00400,1,8,FF,FF,FF,00,00,FF,FF,FF
27535,1181,0xCFF6600,1,8,00,00,FF,FF,FF,FF,FF,FF
27545,1182,0x18FEF100,1,8,3F,00,00,FF,FF,FF,FF,FF
27546,1183,0x10FF6500,1,8,FC,FF,FF,FF,FF,FF,FF,FF
27546,1184,0x18F00500,1,8,FF,FF,FF,FF,20,2D,FF,FF
27547,1185,0x18FEF200,1,8,00,00,00,FB,00,00,00,FF
27554,1186,0xCF00400,1,8,FF,FF,FF,00,00,FF,FF,FF
27555,1187,0xCFF6600,1,8,00,00,FF,FF,FF,FF,FF,FF
27574,1188,0xCF00400,1,8,FF,FF,FF,00,00,FF,FF,FF
27575,1189,0xCFF6600,1,8,00,00,FF,FF,FF,FF,FF,FF
27594,1190,0xCF00400,1,8,FF,FF,FF,00,00,FF,FF,FF
27595,1191,0xCFF6600,1,8,00,00,FF,FF,FF,FF,FF,FF
27614,1192,0xCF00400,1,8,FF,FF,FF,00,00,FF,FF,FF
27615,1193,0xCFF6600,1,8,00,00,FF,FF,FF,FF,FF,FF
27634,1194,0xCF00400,1,8,FF,FF,FF,00,00,FF,FF,FF
27635,1195,0xCFF6600,1,8,00,00,FF,FF,FF,FF,FF,FF
27645,1196,0x18FEF100,1,8,3F,00,00,FF,FF,FF,FF,FF
27646,1197,0x18F00500,1,8,FF,FF,FF,FF,20,2D,FF,FF
27646,1198,0x18FEF200,1,8,00,00,00,FB,00,00,00,FF
27654,1199,0xCF00400,1,8,FF,FF,FF,00,00,FF,FF,FF
27655,1200,0xCFF6600,1,8,00,00,FF,FF,FF,FF,FF,FF
27674,1201,0xCF00400,1,8,FF,FF,FF,00,00,FF,FF,FF
27675,1202,0xCFF6600,1,8,00,00,FF,FF,FF,FF,FF,FF
27694,1203,0xCF00400,1,8,FF,FF,FF,00,00,FF,FF,FF
27695,1204,0xCFF6600,1,8,00,00,FF,FF,FF,FF,FF,FF
27714,1205,0xCF00400,1,8,FF,FF,FF,00,00,FF,FF,FF
27715,1206,0xCFF6600,1,8,00,00,FF,FF,FF,FF,FF,FF
27734,1207,0xCF00400,1,8,FF,FF,FF,00,00,FF,FF,FF
27735,1208,0xCFF6600,1,8,00,00,FF,FF,FF,FF,FF,FF
27745,1209,0x18FEF100,1,8,3F,00,00,FF,FF,FF,FF,FF
27746,1210,0x10FF6500,1,8,FC,FF,FF,FF,FF,FF,FF,FF
27746,1211,0x18F00500,1,8,FF,FF,FF,FF,20,2D,FF,FF
27747,1212,0x18FEF200,1,8,00,00,00,FB,00,00,00,FF
27754,1213,0xCF00400,1,8,FF,FF,FF,00,00,FF,FF,FF
27755,1214,0xCFF6600,1,8,00,00,FF,FF,FF,FF,FF,FF
27774,1215,0xCF00400,1,8,FF,FF,FF,00,00,FF,FF,FF
27775,1216,0xCFF6600,1,8,00,00,FF,FF,FF,FF,FF,FF
27794,1217,0xCF00400,1,8,FF,FF,FF,00,00,FF,FF,FF
27795,1218,0xCFF6600,1,8,00,00,FF,FF,FF,FF,FF,FF
27814,1219,0xCF00400,1,8,FF,FF,FF,00,00,FF,FF,FF
27815,1220,0xCFF6600,1,8,00,00,FF,FF,FF,FF,FF,FF
27834,1221,0xCF00400,1,8,FF,FF,FF,00,00,FF,FF,FF
27835,1222,0xCFF6600,1,8,00,00,FF,FF,FF,FF,FF,FF
27845,1223,0x18FEF100,1,8,3F,00,00,FF,FF,FF,FF,FF
27846,1224,0x18F00500,1,8,FF,FF,FF,FF,20,2D,FF,FF
27846,1225,0x18F00600,1,8,FF,FF,FF,FF,FF,FF,FF,FF
27847,1226,0x18FEF200,1,8,00,00,00,FB,00,00,00,FF
27848,1227,0x1CFDDF00,1,8,FE,FF,FF,FF,FF,FF,FF,FF
27848,1228,0x1CFF6A00,1,8,FC,FF,FF,FF,FF,FF,FF,FF
27854,1229,0xCF00400,1,8,FF,FF,FF,00,00,FF,FF,FF
27855,1230,0xCFF6600,1,8,00,00,FF,FF,FF,FF,FF,FF
27874,1231,0xCF00400,1,8,FF,FF,FF,00,00,FF,FF,FF
27875,1232,0xCFF6600,1,8,00,00,FF,FF,FF,FF,FF,FF
27894,1233,0xCF00400,1,8,FF,FF,FF,00,00,FF,FF,FF
27895,1234,0xCFF6600,1,8,00,00,FF,FF,FF,FF,FF,FF
27914,1235,0xCF00400,1,8,FF,FF,FF,00,00,FF,FF,FF
27915,1236,0xCFF6600,1,8,00,00,FF,FF,FF,FF,FF,FF
27934,1237,0xCF00400,1,8,FF,FF,FF,00,00,FF,FF,FF
27935,1238,0xCFF6600,1,8,00,00,FF,FF,FF,FF,FF,FF
27945,1239,0x18FEF100,1,8,3F,00,00,FF,FF,FF,FF,FF
27946,1240,0x10FF6500,1,8,FC,FF,FF,FF,FF,FF,FF,FF
27946,1241,0x18F00500,1,8,FF,FF,FF,FF,20,2D,FF,FF
27947,1242,0x18FEF200,1,8,00,00,00,FB,00,00,00,FF
27954,1243,0xCF00400,1,8,FF,FF,FF,00,00,FF,FF,FF
27955,1244,0xCFF6600,1,8,00,00,FF,FF,FF,FF,FF,FF
27974,1245,0xCF00400,1,8,FF,FF,FF,00,00,FF,FF,FF
27975,1246,0xCFF6600,1,8,00,00,FF,FF,FF,FF,FF,FF
27994,1247,0xCF00400,1,8,FF,FF,FF,00,00,FF,FF,FF
27995,1248,0xCFF6600,1,8,00,00,FF,FF,FF,FF,FF,FF
28004,1249,0x18FEEE00,1,8,60,FF,FF,FF,FF,FF,FF,FF
28005,1250,0x18FDE500,1,8,0A,14,1E,28,32,3C,46,13
28014,1251,0xCF00400,1,8,FF,FF,FF,00,00,FF,FF,FF
28015,1252,0xCFF6600,1,8,00,00,FF,FF,FF,FF,FF,FF
28024,1253,0x1CECFF00,1,8,20,0A,00,02,FF,CA,FE,00
28034,1254,0xCF00400,1,8,FF,FF,FF,00,00,FF,FF,FF
28035,1255,0xCFF6600,1,8,00,00,FF,FF,FF,FF,FF,FF
28045,1256,0x18FEF100,1,8,3F,00,00,FF,FF,FF,FF,FF
28046,1257,0x18F00500,1,8,FF,FF,FF,FF,20,2D,FF,FF
28046,1258,0x18FEF200,1,8,00,00,00,FB,00,00,00,FF
28054,1259,0xCF00400,1,8,FF,FF,FF,00,00,FF,FF,FF
28055,1260,0xCFF6600,1,8,00,00,FF,FF,FF,FF,FF,FF
28074,1261,0xCF00400,1,8,FF,FF,FF,00,00,FF,FF,FF
28075,1262,0xCFF6600,1,8,00,00,FF,FF,FF,FF,FF,FF
28076,1263,0x1CEBFF00,1,8,01,40,FF,0F,F0,E5,01,02
28094,1264,0xCF00400,1,8,FF,FF,FF,00,00,FF,FF,FF
28095,1265,0xCFF6600,1,8,00,00,FF,FF,FF,FF,FF,FF
28114,1266,0xCF00400,1,8,FF,FF,FF,00,00,FF,FF,FF
28115,1267,0xCFF6600,1,8,00,00,FF,FF,FF,FF,FF,FF
28124,1268,0x1CEBFF00,1,8,02,F0,E3,01,FF,FF,FF,FF
28134,1269,0xCF00400,1,8,FF,FF,FF,00,00,FF,FF,FF
28135,1270,0xCFF6600,1,8,00,00,FF,FF,FF,FF,FF,FF
28145,1271,0x18FEF100,1,8,3F,00,00,FF,FF,FF,FF,FF
28146,1272,0x10FF6500,1,8,FC,FF,FF,FF,FF,FF,FF,FF
28146,1273,0x18F00500,1,8,FF,FF,FF,FF,20,2D,FF,FF
28147,1274,0x18FEF200,1,8,00,00,00,FB,00,00,00,FF
28154,1275,0xCF00400,1,8,FF,FF,FF,00,00,FF,FF,FF
28155,1276,0xCFF6600,1,8,00,00,FF,FF,FF,FF,FF,FF
28174,1277,0xCF00400,1,8,FF,FF,FF,00,00,FF,FF,FF
28175,1278,0xCFF6600,1,8,00,00,FF,FF,FF,FF,FF,FF
28194,1279,0xCF00400,1,8,FF,FF,FF,00,00,FF,FF,FF
28195,1280,0xCFF6600,1,8,00,00,FF,FF,FF,FF,FF,FF
28214,1281,0xCF00400,1,8,FF,FF,FF,00,00,FF,FF,FF
28215,1282,0xCFF6600,1,8,00,00,FF,FF,FF,FF,FF,FF
28234,1283,0xCF00400,1,8,FF,FF,FF,00,00,FF,FF,FF
28235,1284,0xCFF6600,1,8,00,00,FF,FF,FF,FF,FF,FF
28245,1285,0x18FEF100,1,8,3F,00,00,FF,FF,FF,FF,FF
28246,1286,0x18F00500,1,8,FF,FF,FF,FF,20,2D,FF,FF
28247,1287,0x18FEF200,1,8,00,00,00,FB,00,00,00,FF
28254,1288,0xCF00400,1,8,FF,FF,FF,00,00,FF,FF,FF
28255,1289,0xCFF6600,1,8,00,00,FF,FF,FF,FF,FF,FF
28274,1290,0xCF00400,1,8,FF,FF,FF,00,00,FF,FF,FF
28275,1291,0xCFF6600,1,8,00,00,FF,FF,FF,FF,FF,FF
28294,1292,0xCF00400,1,8,FF,FF,FF,00,00,FF,FF,FF
28295,1293,0xCFF6600,1,8,00,00,FF,FF,FF,FF,FF,FF
28314,1294,0xCF00400,1,8,FF,FF,FF,00,00,FF,FF,FF
28315,1295,0xCFF6600,1,8,00,00,FF,FF,FF,FF,FF,FF
28334,1296,0xCF00400,1,8,FF,FF,FF,00,00,FF,FF,FF
28335,1297,0xCFF6600,1,8,00,00,FF,FF,FF,FF,FF,FF
28345,1298,0x18FEF100,1,8,3F,00,00,FF,FF,FF,FF,FF
28346,1299,0x10FF6500,1,8,FC,FF,FF,FF,FF,FF,FF,FF
28346,1300,0x18F00500,1,8,FF,FF,FF,FF,20,2D,FF,FF
28347,1301,0x18F00600,1,8,FF,FF,FF,FF,FF,FF,FF,FF
28348,1302,0x18FEF200,1,8,00,00,00,FB,00,00,00,FF
28348,1303,0x1CFDDF00,1,8,FE,FF,FF,FF,FF,FF,FF,FF
28349,1304,0x1CFF6A00,1,8,FC,FF,FF,FF,FF,FF,FF,FF
28354,1305,0xCF00400,1,8,FF,FF,FF,00,00,FF,FF,FF
28355,1306,0xCFF6600,1,8,00,00,FF,FF,FF,FF,FF,FF
28374,1307,0xCF00400,1,8,FF,FF,FF,00,00,FF,FF,FF
28375,1308,0xCFF6600,1,8,00,00,FF,FF,FF,FF,FF,FF
28394,1309,0xCF00400,1,8,FF,FF,FF,00,00,FF,FF,FF
28395,1310,0xCFF6600,1,8,00,00,FF,FF,FF,FF,FF,FF
28414,1311,0xCF00400,1,8,FF,FF,FF,00,00,FF,FF,FF
28415,1312,0xCFF6600,1,8,00,00,FF,FF,FF,FF,FF,FF
28434,1313,0xCF00400,1,8,FF,FF,FF,00,00,FF,FF,FF
28435,1314,0xCFF6600,1,8,00,00,FF,FF,FF,FF,FF,FF
28445,1315,0x18FEF100,1,8,3F,00,00,FF,FF,FF,FF,FF
28446,1316,0x18F00500,1,8,FF,FF,FF,FF,20,2D,FF,FF
28446,1317,0x18FEF200,1,8,00,00,00,FB,00,00,00,FF
28454,1318,0xCF00400,1,8,FF,FF,FF,00,00,FF,FF,FF
28455,1319,0xCFF6600,1,8,00,00,FF,FF,FF,FF,FF,FF
28474,1320,0xCF00400,1,8,FF,FF,FF,00,00,FF,FF,FF
28475,1321,0xCFF6600,1,8,00,00,FF,FF,FF,FF,FF,FF
28494,1322,0xCF00400,1,8,FF,FF,FF,00,00,FF,FF,FF
28495,1323,0xCFF6600,1,8,00,00,FF,FF,FF,FF,FF,FF
28514,1324,0xCF00400,1,8,FF,FF,FF,00,00,FF,FF,FF
28515,1325,0xCFF6600,1,8,00,00,FF,FF,FF,FF,FF,FF
28534,1326,0xCF00400,1,8,FF,FF,FF,00,00,FF,FF,FF
28535,1327,0xCFF6600,1,8,00,00,FF,FF,FF,FF,FF,FF
28545,1328,0x18FEF100,1,8,3F,00,00,FF,FF,FF,FF,FF
28546,1329,0x10FF6500,1,8,FC,FF,FF,FF,FF,FF,FF,FF
28546,1330,0x18F00500,1,8,FF,FF,FF,FF,20,2D,FF,FF
28547,1331,0x18FEF200,1,8,00,00,00,FB,00,00,00,FF
28554,1332,0xCF00400,1,8,FF,FF,FF,00,00,FF,FF,FF
28555,1333,0xCFF6600,1,8,00,00,FF,FF,FF,FF,FF,FF
28574,1334,0xCF00400,1,8,FF,FF,FF,00,00,FF,FF,FF
28575,1335,0xCFF6600,1,8,00,00,FF,FF,FF,FF,FF,FF
28594,1336,0xCF00400,1,8,FF,FF,FF,00,00,FF,FF,FF
28595,1337,0xCFF6600,1,8,00,00,FF,FF,FF,FF,FF,FF
28614,1338,0xCF00400,1,8,FF,FF,FF,00,00,FF,FF,FF
28615,1339,0xCFF6600,1,8,00,00,FF,FF,FF,FF,FF,FF
28634,1340,0xCF00400,1,8,FF,FF,FF,00,00,FF,FF,FF
28635,1341,0xCFF6600,1,8,00,00,FF,FF,FF,FF,FF,FF
28645,1342,0x18FEF100,1,8,3F,00,00,FF,FF,FF,FF,FF
28646,1343,0x18F00500,1,8,FF,FF,FF,FF,20,2D,FF,FF
28646,1344,0x18FEF200,1,8,00,00,00,FB,00,00,00,FF
28654,1345,0xCF00400,1,8,FF,FF,FF,00,00,FF,FF,FF
28655,1346,0xCFF6600,1,8,00,00,FF,FF,FF,FF,FF,FF
28674,1347,0xCF00400,1,8,FF,FF,FF,00,00,FF,FF,FF
28675,1348,0xCFF6600,1,8,00,00,FF,FF,FF,FF,FF,FF
28694,1349,0xCF00400,1,8,FF,FF,FF,00,00,FF,FF,FF
28695,1350,0xCFF6600,1,8,00,00,FF,FF,FF,FF,FF,FF
28714,1351,0xCF00400,1,8,FF,FF,FF,00,00,FF,FF,FF
28715,1352,0xCFF6600,1,8,00,00,FF,FF,FF,FF,FF,FF
28734,1353,0xCF00400,1,8,FF,FF,FF,00,00,FF,FF,FF
28735,1354,0xCFF6600,1,8,00,00,FF,FF,FF,FF,FF,FF
28745,1355,0x18FEF100,1,8,3F,00,00,FF,FF,FF,FF,FF
28746,1356,0x10FF6500,1,8,FC,FF,FF,FF,FF,FF,FF,FF
28746,1357,0x18F00500,1,8,FF,FF,FF,FF,20,2D,FF,FF
28747,1358,0x18FEF200,1,8,00,00,00,FB,00,00,00,FF
28754,1359,0xCF00400,1,8,FF,FF,FF,00,00,FF,FF,FF
28755,1360,0xCFF6600,1,8,00,00,FF,FF,FF,FF,FF,FF
28774,1361,0xCF00400,1,8,FF,FF,FF,00,00,FF,FF,FF
28775,1362,0xCFF6600,1,8,00,00,FF,FF,FF,FF,FF,FF
28794,1363,0xCF00400,1,8,FF,FF,FF,00,00,FF,FF,FF
28795,1364,0xCFF6600,1,8,00,00,FF,FF,FF,FF,FF,FF
28814,1365,0xCF00400,1,8,FF,FF,FF,00,00,FF,FF,FF
28815,1366,0xCFF6600,1,8,00,00,FF,FF,FF,FF,FF,FF
28834,1367,0xCF00400,1,8,FF,FF,FF,00,00,FF,FF,FF
28835,1368,0xCFF6600,1,8,00,00,FF,FF,FF,FF,FF,FF
28845,1369,0x18FEF100,1,8,3F,00,00,FF,FF,FF,FF,FF
28846,1370,0x18F00500,1,8,FF,FF,FF,FF,20,2D,FF,FF
28846,1371,0x18F00600,1,8,FF,FF,FF,FF,FF,FF,FF,FF
28847,1372,0x18FEF200,1,8,00,00,00,FB,00,00,00,FF
28848,1373,0x1CFDDF00,1,8,FE,FF,FF,FF,FF,FF,FF,FF
28848,1374,0x1CFF6A00,1,8,FC,FF,FF,FF,FF,FF,FF,FF
28854,1375,0xCF00400,1,8,FF,FF,FF,00,00,FF,FF,FF
28855,1376,0xCFF6600,1,8,00,00,FF,FF,FF,FF,FF,FF
28874,1377,0xCF00400,1,8,FF,FF,FF,00,00,FF,FF,FF
28875,1378,0xCFF6600,1,8,00,00,FF,FF,FF,FF,FF,FF
28894,1379,0xCF00400,1,8,FF,FF,FF,00,00,FF,FF,FF
28895,1380,0xCFF6600,1,8,00,00,FF,FF,FF,FF,FF,FF
28914,1381,0xCF00400,1,8,FF,FF,FF,00,00,FF,FF,FF
28915,1382,0xCFF6600,1,8,00,00,FF,FF,FF,FF,FF,FF
28934,1383,0xCF00400,1,8,FF,FF,FF,00,00,FF,FF,FF
28935,1384,0xCFF6600,1,8,00,00,FF,FF,FF,FF,FF,FF
28945,1385,0x18FEF100,1,8,3F,00,00,FF,FF,FF,FF,FF
28946,1386,0x10FF6500,1,8,FC,FF,FF,FF,FF,FF,FF,FF
28946,1387,0x18F00500,1,8,FF,FF,FF,FF,20,2D,FF,FF
28947,1388,0x18FEF200,1,8,00,00,00,FB,00,00,00,FF
28954,1389,0xCF00400,1,8,FF,FF,FF,00,00,FF,FF,FF
28955,1390,0xCFF6600,1,8,00,00,FF,FF,FF,FF,FF,FF
28974,1391,0xCF00400,1,8,FF,FF,FF,00,00,FF,FF,FF
28975,1392,0xCFF6600,1,8,00,00,FF,FF,FF,FF,FF,FF
28994,1393,0xCF00400,1,8,FF,FF,FF,00,00,FF,FF,FF
28995,1394,0xCFF6600,1,8,00,00,FF,FF,FF,FF,FF,FF
29004,1395,0x18FEEE00,1,8,60,FF,FF,FF,FF,FF,FF,FF
29005,1396,0x18FDE500,1,8,0A,14,1E,28,32,3C,46,13
29014,1397,0xCF00400,1,8,FF,FF,FF,00,00,FF,FF,FF
29015,1398,0xCFF6600,1,8,00,00,FF,FF,FF,FF,FF,FF
29024,1399,0x1CECFF00,1,8,20,0A,00,02,FF,CA,FE,00
29034,1400,0xCF00400,1,8,FF,FF,FF,00,00,FF,FF,FF
29035,1401,0xCFF6600,1,8,00,00,FF,FF,FF,FF,FF,FF
29045,1402,0x18FEF100,1,8,3F,00,00,FF,FF,FF,FF,FF
29046,1403,0x18F00500,1,8,FF,FF,FF,FF,20,2D,FF,FF
29046,1404,0x18FEF200,1,8,00,00,00,FB,00,00,00,FF
29054,1405,0xCF00400,1,8,FF,FF,FF,00,00,FF,FF,FF
29055,1406,0xCFF6600,1,8,00,00,FF,FF,FF,FF,FF,FF
29074,1407,0xCF00400,1,8,FF,FF,FF,00,00,FF,FF,FF
29075,1408,0xCFF6600,1,8,00,00,FF,FF,FF,FF,FF,FF
29076,1409,0x1CEBFF00,1,8,01,40,FF,0F,F0,E5,01,02
29094,1410,0xCF00400,1,8,FF,FF,FF,00,00,FF,FF,FF
29095,1411,0xCFF6600,1,8,00,00,FF,FF,FF,FF,FF,FF
29114,1412,0xCF00400,1,8,FF,FF,FF,00,00,FF,FF,FF
29115,1413,0xCFF6600,1,8,00,00,FF,FF,FF,FF,FF,FF
29124,1414,0x1CEBFF00,1,8,02,F0,E3,01,FF,FF,FF,FF
29134,1415,0xCF00400,1,8,FF,FF,FF,00,00,FF,FF,FF
29135,1416,0xCFF6600,1,8,00,00,FF,FF,FF,FF,FF,FF
29145,1417,0x18FEF100,1,8,3F,00,00,FF,FF,FF,FF,FF
29146,1418,0x10FF6500,1,8,FC,FF,FF,FF,FF,FF,FF,FF
29146,1419,0x18F00500,1,8,FF,FF,FF,FF,20,2D,FF,FF
29147,1420,0x18FEF200,1,8,00,00,00,FB,00,00,00,FF
29154,1421,0xCF00400,1,8,FF,FF,FF,00,00,FF,FF,FF
29155,1422,0xCFF6600,1,8,00,00,FF,FF,FF,FF,FF,FF
29174,1423,0xCF00400,1,8,FF,FF,FF,00,00,FF,FF,FF
29175,1424,0xCFF6600,1,8,00,00,FF,FF,FF,FF,FF,FF
29194,1425,0xCF00400,1,8,FF,FF,FF,00,00,FF,FF,FF
29195,1426,0xCFF6600,1,8,00,00,FF,FF,FF,FF,FF,FF
29214,1427,0xCF00400,1,8,FF,FF,FF,00,00,FF,FF,FF
29215,1428,0xCFF6600,1,8,00,00,FF,FF,FF,FF,FF,FF
29234,1429,0xCF00400,1,8,FF,FF,FF,00,00,FF,FF,FF
29235,1430,0xCFF6600,1,8,00,00,FF,FF,FF,FF,FF,FF
29245,1431,0x18FEF100,1,8,3F,00,00,FF,FF,FF,FF,FF
29246,1432,0x18F00500,1,8,FF,FF,FF,FF,20,2D,FF,FF
29247,1433,0x18FEF200,1,8,00,00,00,FB,00,00,00,FF
29254,1434,0xCF00400,1,8,FF,FF,FF,00,00,FF,FF,FF
29255,1435,0xCFF6600,1,8,00,00,FF,FF,FF,FF,FF,FF
29274,1436,0xCF00400,1,8,FF,FF,FF,00,00,FF,FF,FF
29275,1437,0xCFF6600,1,8,00,00,FF,FF,FF,FF,FF,FF
29294,1438,0xCF00400,1,8,FF,FF,FF,00,00,FF,FF,FF
29295,1439,0xCFF6600,1,8,00,00,FF,FF,FF,FF,FF,FF
29314,1440,0xCF00400,1,8,FF,FF,FF,00,00,FF,FF,FF
29315,1441,0xCFF6600,1,8,00,00,FF,FF,FF,FF,FF,FF
29334,1442,0xCF00400,1,8,FF,FF,FF,00,00,FF,FF,FF
29335,1443,0xCFF6600,1,8,00,00,FF,FF,FF,FF,FF,FF
29345,1444,0x18FEF100,1,8,3F,00,00,FF,FF,FF,FF,FF
29346,1445,0x10FF6500,1,8,FC,FF,FF,FF,FF,FF,FF,FF
29346,1446,0x18F00500,1,8,FF,FF,FF,FF,20,2D,FF,FF
29347,1447,0x18F00600,1,8,FF,FF,FF,FF,FF,FF,FF,FF
29347,1448,0x18FEF200,1,8,00,00,00,FB,00,00,00,FF
29348,1449,0x1CFDDF00,1,8,FE,FF,FF,FF,FF,FF,FF,FF
29349,1450,0x1CFF6A00,1,8,FC,FF,FF,FF,FF,FF,FF,FF
29354,1451,0xCF00400,1,8,FF,FF,FF,00,00,FF,FF,FF
29355,1452,0xCFF6600,1,8,00,00,FF,FF,FF,FF,FF,FF
29374,1453,0xCF00400,1,8,FF,FF,FF,00,00,FF,FF,FF
29375,1454,0xCFF6600,1,8,00,00,FF,FF,FF,FF,FF,FF
29394,1455,0xCF00400,1,8,FF,FF,FF,00,00,FF,FF,FF
29395,1456,0xCFF6600,1,8,00,00,FF,FF,FF,FF,FF,FF
29414,1457,0xCF00400,1,8,FF,FF,FF,00,00,FF,FF,FF
29415,1458,0xCFF6600,1,8,00,00,FF,FF,FF,FF,FF,FF
29434,1459,0xCF00400,1,8,FF,FF,FF,00,00,FF,FF,FF
29435,1460,0xCFF6600,1,8,00,00,FF,FF,FF,FF,FF,FF
29445,1461,0x18FEF100,1,8,3F,00,00,FF,FF,FF,FF,FF
29446,1462,0x18F00500,1,8,FF,FF,FF,FF,20,2D,FF,FF
29446,1463,0x18FEF200,1,8,00,00,00,FB,00,00,00,FF
29454,1464,0xCF00400,1,8,FF,FF,FF,00,00,FF,FF,FF
29455,1465,0xCFF6600,1,8,00,00,FF,FF,FF,FF,FF,FF
29474,1466,0xCF00400,1,8,FF,FF,FF,00,00,FF,FF,FF
29475,1467,0xCFF6600,1,8,00,00,FF,FF,FF,FF,FF,FF
29494,1468,0xCF00400,1,8,FF,FF,FF,00,00,FF,FF,FF
29495,1469,0xCFF6600,1,8,00,00,FF,FF,FF,FF,FF,FF
29514,1470,0xCF00400,1,8,FF,FF,FF,00,00,FF,FF,FF
29515,1471,0xCFF6600,1,8,00,00,FF,FF,FF,FF,FF,FF
29534,1472,0xCF00400,1,8,FF,FF,FF,00,00,FF,FF,FF
29535,1473,0xCFF6600,1,8,00,00,FF,FF,FF,FF,FF,FF
29545,1474,0x18FEF100,1,8,3F,00,00,FF,FF,FF,FF,FF
29546,1475,0x10FF6500,1,8,FC,FF,FF,FF,FF,FF,FF,FF
29546,1476,0x18F00500,1,8,FF,FF,FF,FF,20,2D,FF,FF
29547,1477,0x18FEF200,1,8,00,00,00,FB,00,00,00,FF
29554,1478,0xCF00400,1,8,FF,FF,FF,00,00,FF,FF,FF
29555,1479,0xCFF6600,1,8,00,00,FF,FF,FF,FF,FF,FF
29574,1480,0xCF00400,1,8,FF,FF,FF,00,00,FF,FF,FF
29575,1481,0xCFF6600,1,8,00,00,FF,FF,FF,FF,FF,FF
29594,1482,0xCF00400,1,8,FF,FF,FF,00,00,FF,FF,FF
29595,1483,0xCFF6600,1,8,00,00,FF,FF,FF,FF,FF,FF
29614,1484,0xCF00400,1,8,FF,FF,FF,00,00,FF,FF,FF
29615,1485,0xCFF6600,1,8,00,00,FF,FF,FF,FF,FF,FF
29634,1486,0xCF00400,1,8,FF,FF,FF,00,00,FF,FF,FF
29635,1487,0xCFF6600,1,8,00,00,FF,FF,FF,FF,FF,FF
29645,1488,0x18FEF100,1,8,3F,00,00,FF,FF,FF,FF,FF
29646,1489,0x18F00500,1,8,FF,FF,FF,FF,20,2D,FF,FF
29647,1490,0x18FEF200,1,8,00,00,00,FB,00,00,00,FF
29654,1491,0xCF00400,1,8,FF,FF,FF,00,00,FF,FF,FF
29655,1492,0xCFF6600,1,8,00,00,FF,FF,FF,FF,FF,FF
29674,1493,0xCF00400,1,8,FF,FF,FF,00,00,FF,FF,FF
29675,1494,0xCFF6600,1,8,00,00,FF,FF,FF,FF,FF,FF
29694,1495,0xCF00400,1,8,FF,FF,FF,00,00,FF,FF,FF
29695,1496,0xCFF6600,1,8,00,00,FF,FF,FF,FF,FF,FF
29714,1497,0xCF00400,1,8,FF,FF,FF,00,00,FF,FF,FF
29715,1498,0xCFF6600,1,8,00,00,FF,FF,FF,FF,FF,FF
29734,1499,0xCF00400,1,8,FF,FF,FF,00,00,FF,FF,FF
29735,1500,0xCFF6600,1,8,00,00,FF,FF,FF,FF,FF,FF
29745,1501,0x18FEF100,1,8,3F,00,00,FF,FF,FF,FF,FF
29746,1502,0x10FF6500,1,8,FC,FF,FF,FF,FF,FF,FF,FF
29746,1503,0x18F00500,1,8,FF,FF,FF,FF,20,2D,FF,FF
29747,1504,0x18FEF200,1,8,00,00,00,FB,00,00,00,FF
29754,1505,0xCF00400,1,8,FF,FF,FF,00,00,FF,FF,FF
29755,1506,0xCFF6600,1,8,00,00,FF,FF,FF,FF,FF,FF
29774,1507,0xCF00400,1,8,FF,FF,FF,00,00,FF,FF,FF
29775,1508,0xCFF6600,1,8,00,00,FF,FF,FF,FF,FF,FF
29794,1509,0xCF00400,1,8,FF,FF,FF,00,00,FF,FF,FF
29795,1510,0xCFF6600,1,8,00,00,FF,FF,FF,FF,FF,FF
29814,1511,0xCF00400,1,8,FF,FF,FF,00,00,FF,FF,FF
29815,1512,0xCFF6600,1,8,00,00,FF,FF,FF,FF,FF,FF
29834,1513,0xCF00400,1,8,FF,FF,FF,00,00,FF,FF,FF
29835,1514,0xCFF6600,1,8,00,00,FF,FF,FF,FF,FF,FF
29845,1515,0x18FEF100,1,8,3F,00,00,FF,FF,FF,FF,FF
29846,1516,0x18F00500,1,8,FF,FF,FF,FF,20,2D,FF,FF
29846,1517,0x18F00600,1,8,FF,FF,FF,FF,FF,FF,FF,FF
29847,1518,0x18FEF200,1,8,00,00,00,FB,00,00,00,FF
29848,1519,0x1CFDDF00,1,8,FE,FF,FF,FF,FF,FF,FF,FF
29848,1520,0x1CFF6A00,1,8,FC,FF,FF,FF,FF,FF,FF,FF
29854,1521,0xCF00400,1,8,FF,FF,FF,00,00,FF,FF,FF
29855,1522,0xCFF6600,1,8,00,00,FF,FF,FF,FF,FF,FF
29874,1523,0xCF00400,1,8,FF,FF,FF,00,00,FF,FF,FF
29875,1524,0xCFF6600,1,8,00,00,FF,FF,FF,FF,FF,FF
29894,1525,0xCF00400,1,8,FF,FF,FF,00,00,FF,FF,FF
29895,1526,0xCFF6600,1,8,00,00,FF,FF,FF,FF,FF,FF
29914,1527,0xCF00400,1,8,FF,FF,FF,00,00,FF,FF,FF
29915,1528,0xCFF6600,1,8,00,00,FF,FF,FF,FF,FF,FF
29934,1529,0xCF00400,1,8,FF,FF,FF,00,00,FF,FF,FF
29935,1530,0xCFF6600,1,8,00,00,FF,FF,FF,FF,FF,FF
29945,1531,0x18FEF100,1,8,3F,00,00,FF,FF,FF,FF,FF
29946,1532,0x10FF6500,1,8,FC,FF,FF,FF,FF,FF,FF,FF
29946,1533,0x18F00500,1,8,FF,FF,FF,FF,20,2D,FF,FF
29947,1534,0x18FEF200,1,8,00,00,00,FB,00,00,00,FF
29954,1535,0xCF00400,1,8,FF,FF,FF,00,00,FF,FF,FF
29955,1536,0xCFF6600,1,8,00,00,FF,FF,FF,FF,FF,FF
29974,1537,0xCF00400,1,8,FF,FF,FF,00,00,FF,FF,FF
29975,1538,0xCFF6600,1,8,00,00,FF,FF,FF,FF,FF,FF
29994,1539,0xCF00400,1,8,FF,FF,FF,00,00,FF,FF,FF
29995,1540,0xCFF6600,1,8,00,00,FF,FF,FF,FF,FF,FF
30004,1541,0x18FEEE00,1,8,60,FF,FF,FF,FF,FF,FF,FF
30005,1542,0x18FDE500,1,8,0A,14,1E,28,32,3C,46,13
30014,1543,0xCF00400,1,8,FF,FF,FF,00,00,FF,FF,FF
30015,1544,0xCFF6600,1,8,00,00,FF,FF,FF,FF,FF,FF
30024,1545,0x1CECFF00,1,8,20,0A,00,02,FF,CA,FE,00
30034,1546,0xCF00400,1,8,FF,FF,FF,00,00,FF,FF,FF
30035,1547,0xCFF6600,1,8,00,00,FF,FF,FF,FF,FF,FF
30045,1548,0x18FEF100,1,8,3F,00,00,FF,FF,FF,FF,FF
30046,1549,0x18F00500,1,8,FF,FF,FF,FF,20,2D,FF,FF
30046,1550,0x18FEF200,1,8,00,00,00,FB,00,00,00,FF
30054,1551,0xCF00400,1,8,FF,FF,FF,00,00,FF,FF,FF
30055,1552,0xCFF6600,1,8,00,00,FF,FF,FF,FF,FF,FF
30074,1553,0xCF00400,1,8,FF,FF,FF,00,00,FF,FF,FF
30075,1554,0xCFF6600,1,8,00,00,FF,FF,FF,FF,FF,FF
30076,1555,0x1CEBFF00,1,8,01,40,FF,0F,F0,E5,01,02
30094,1556,0xCF00400,1,8,FF,FF,FF,00,00,FF,FF,FF
30095,1557,0xCFF6600,1,8,00,00,FF,FF,FF,FF,FF,FF
30114,1558,0xCF00400,1,8,FF,FF,FF,00,00,FF,FF,FF
30115,1559,0xCFF6600,1,8,00,00,FF,FF,FF,FF,FF,FF
30124,1560,0x1CEBFF00,1,8,02,F0,E3,01,FF,FF,FF,FF
30134,1561,0xCF00400,1,8,FF,FF,FF,00,00,FF,FF,FF
30135,1562,0xCFF6600,1,8,00,00,FF,FF,FF,FF,FF,FF
30145,1563,0x18FEF100,1,8,3F,00,00,FF,FF,FF,FF,FF
30146,1564,0x10FF6500,1,8,FC,FF,FF,FF,FF,FF,FF,FF
30146,1565,0x18F00500,1,8,FF,FF,FF,FF,20,2D,FF,FF
30147,1566,0x18FEF200,1,8,00,00,00,FB,00,00,00,FF
30154,1567,0xCF00400,1,8,FF,FF,FF,00,00,FF,FF,FF
30155,1568,0xCFF6600,1,8,00,00,FF,FF,FF,FF,FF,FF
30174,1569,0xCF00400,1,8,FF,FF,FF,00,00,FF,FF,FF
30175,1570,0xCFF6600,1,8,00,00,FF,FF,FF,FF,FF,FF
30194,1571,0xCF00400,1,8,FF,FF,FF,00,00,FF,FF,FF
30195,1572,0xCFF6600,1,8,00,00,FF,FF,FF,FF,FF,FF
30214,1573,0xCF00400,1,8,FF,FF,FF,00,00,FF,FF,FF
30215,1574,0xCFF6600,1,8,00,00,FF,FF,FF,FF,FF,FF
30234,1575,0xCF00400,1,8,FF,FF,FF,00,00,FF,FF,FF
30235,1576,0xCFF6600,1,8,00,00,FF,FF,FF,FF,FF,FF
30245,1577,0x18FEF100,1,8,3F,00,00,FF,FF,FF,FF,FF
30246,1578,0x18F00500,1,8,FF,FF,FF,FF,20,2D,FF,FF
30246,1579,0x18FEF200,1,8,00,00,00,FB,00,00,00,FF
30254,1580,0xCF00400,1,8,FF,FF,FF,00,00,FF,FF,FF
30255,1581,0xCFF6600,1,8,00,00,FF,FF,FF,FF,FF,FF
30274,1582,0xCF00400,1,8,FF,FF,FF,00,00,FF,FF,FF
30275,1583,0xCFF6600,1,8,00,00,FF,FF,FF,FF,FF,FF
30294,1584,0xCF00400,1,8,FF,FF,FF,00,00,FF,FF,FF
30295,1585,0xCFF6600,1,8,00,00,FF,FF,FF,FF,FF,FF
30314,1586,0xCF00400,1,8,FF,FF,FF,00,00,FF,FF,FF
30315,1587,0xCFF6600,1,8,00,00,FF,FF,FF,FF,FF,FF
30334,1588,0xCF00400,1,8,FF,FF,FF,00,00,FF,FF,FF
30335,1589,0xCFF6600,1,8,00,00,FF,FF,FF,FF,FF,FF
30345,1590,0x18FEF100,1,8,3F,00,00,FF,FF,FF,FF,FF
30346,1591,0x10FF6500,1,8,FC,FF,FF,FF,FF,FF,FF,FF
30346,1592,0x18F00500,1,8,FF,FF,FF,FF,20,2D,FF,FF
30347,1593,0x18F00600,1,8,FF,FF,FF,FF,FF,FF,FF,FF
30348,1594,0x18FEF200,1,8,00,00,00,FB,00,00,00,FF
30348,1595,0x1CFDDF00,1,8,FE,FF,FF,FF,FF,FF,FF,FF
30349,1596,0x1CFF6A00,1,8,FC,FF,FF,FF,FF,FF,FF,FF
30354,1597,0xCF00400,1,8,FF,FF,FF,00,00,FF,FF,FF
30355,1598,0xCFF6600,1,8,00,00,FF,FF,FF,FF,FF,FF
30374,1599,0xCF00400,1,8,FF,FF,FF,00,00,FF,FF,FF
30375,1600,0xCFF6600,1,8,00,00,FF,FF,FF,FF,FF,FF
30394,1601,0xCF00400,1,8,FF,FF,FF,00,00,FF,FF,FF
30395,1602,0xCFF6600,1,8,00,00,FF,FF,FF,FF,FF,FF
30414,1603,0xCF00400,1,8,FF,FF,FF,00,00,FF,FF,FF
30415,1604,0xCFF6600,1,8,00,00,FF,FF,FF,FF,FF,FF
30434,1605,0xCF00400,1,8,FF,FF,FF,00,00,FF,FF,FF
30435,1606,0xCFF6600,1,8,00,00,FF,FF,FF,FF,FF,FF
30445,1607,0x18FEF100,1,8,3F,00,00,FF,FF,FF,FF,FF
30446,1608,0x18F00500,1,8,FF,FF,FF,FF,20,2D,FF,FF
30446,1609,0x18FEF200,1,8,00,00,00,FB,00,00,00,FF
30454,1610,0xCF00400,1,8,FF,FF,FF,00,00,FF,FF,FF
30455,1611,0xCFF6600,1,8,00,00,FF,FF,FF,FF,FF,FF
30474,1612,0xCF00400,1,8,FF,FF,FF,00,00,FF,FF,FF
30475,1613,0xCFF6600,1,8,00,00,FF,FF,FF,FF,FF,FF
30494,1614,0xCF00400,1,8,FF,FF,FF,00,00,FF,FF,FF
30495,1615,0xCFF6600,1,8,00,00,FF,FF,FF,FF,FF,FF
30514,1616,0xCF00400,1,8,FF,FF,FF,00,00,FF,FF,FF
30515,1617,0xCFF6600,1,8,00,00,FF,FF,FF,FF,FF,FF
30534,1618,0xCF00400,1,8,FF,FF,FF,00,00,FF,FF,FF
30535,1619,0xCFF6600,1,8,00,00,FF,FF,FF,FF,FF,FF
30545,1620,0x18FEF100,1,8,3F,00,00,FF,FF,FF,FF,FF
30546,1621,0x10FF6500,1,8,FC,FF,FF,FF,FF,FF,FF,FF
30546,1622,0x18F00500,1,8,FF,FF,FF,FF,20,2D,FF,FF
30547,1623,0x18FEF200,1,8,00,00,00,FB,00,00,00,FF
30554,1624,0xCF00400,1,8,FF,FF,FF,00,00,FF,FF,FF
30555,1625,0xCFF6600,1,8,00,00,FF,FF,FF,FF,FF,FF
30574,1626,0xCF00400,1,8,FF,FF,FF,00,00,FF,FF,FF
30575,1627,0xCFF6600,1,8,00,00,FF,FF,FF,FF,FF,FF
30594,1628,0xCF00400,1,8,FF,FF,FF,00,00,FF,FF,FF
30595,1629,0xCFF6600,1,8,00,00,FF,FF,FF,FF,FF,FF
30614,1630,0xCF00400,1,8,FF,FF,FF,00,00,FF,FF,FF
30615,1631,0xCFF6600,1,8,00,00,FF,FF,FF,FF,FF,FF
30634,1632,0xCF00400,1,8,FF,FF,FF,00,00,FF,FF,FF
30635,1633,0xCFF6600,1,8,00,00,FF,FF,FF,FF,FF,FF
30645,1634,0x18FEF100,1,8,3F,00,00,FF,FF,FF,FF,FF
30646,1635,0x18F00500,1,8,FF,FF,FF,FF,20,2D,FF,FF
30646,1636,0x18FEF200,1,8,00,00,00,FB,00,00,00,FF
30654,1637,0xCF00400,1,8,FF,FF,FF,00,00,FF,FF,FF
30655,1638,0xCFF6600,1,8,00,00,FF,FF,FF,FF,FF,FF
30674,1639,0xCF00400,1,8,FF,FF,FF,00,00,FF,FF,FF
30675,1640,0xCFF6600,1,8,00,00,FF,FF,FF,FF,FF,FF
30694,1641,0xCF00400,1,8,FF,FF,FF,00,00,FF,FF,FF
30695,1642,0xCFF6600,1,8,00,00,FF,FF,FF,FF,FF,FF
30714,1643,0xCF00400,1,8,FF,FF,FF,00,00,FF,FF,FF
30715,1644,0xCFF6600,1,8,00,00,FF,FF,FF,FF,FF,FF
30734,1645,0xCF00400,1,8,FF,FF,FF,00,00,FF,FF,FF
30735,1646,0xCFF6600,1,8,00,00,FF,FF,FF,FF,FF,FF
30745,1647,0x18FEF100,1,8,3F,00,00,FF,FF,FF,FF,FF
30746,1648,0x10FF6500,1,8,FC,FF,FF,FF,FF,FF,FF,FF
30746,1649,0x18F00500,1,8,FF,FF,FF,FF,20,2D,FF,FF
30747,1650,0x18FEF200,1,8,00,00,00,FB,00,00,00,FF
30754,1651,0xCF00400,1,8,FF,FF,FF,00,00,FF,FF,FF
30755,1652,0xCFF6600,1,8,00,00,FF,FF,FF,FF,FF,FF
30774,1653,0xCF00400,1,8,FF,FF,FF,00,00,FF,FF,FF
30775,1654,0xCFF6600,1,8,00,00,FF,FF,FF,FF,FF,FF
30794,1655,0xCF00400,1,8,FF,FF,FF,00,00,FF,FF,FF
30795,1656,0xCFF6600,1,8,00,00,FF,FF,FF,FF,FF,FF
30814,1657,0xCF00400,1,8,FF,FF,FF,00,00,FF,FF,FF
30815,1658,0xCFF6600,1,8,00,00,FF,FF,FF,FF,FF,FF
30834,1659,0xCF00400,1,8,FF,FF,FF,00,00,FF,FF,FF
30835,1660,0xCFF6600,1,8,00,00,FF,FF,FF,FF,FF,FF
30845,1661,0x18FEF100,1,8,3F,00,00,FF,FF,FF,FF,FF
30846,1662,0x18F00500,1,8,FF,FF,FF,FF,20,2D,FF,FF
30846,1663,0x18F00600,1,8,FF,FF,FF,FF,FF,FF,FF,FF
30847,1664,0x18FEF200,1,8,00,00,00,FB,00,00,00,FF
30848,1665,0x1CFDDF00,1,8,FE,FF,FF,FF,FF,FF,FF,FF
30850,1666,0x1CFF6A00,1,8,FC,FF,FF,FF,FF,FF,FF,FF
30854,1667,0xCF00400,1,8,FF,FF,FF,00,00,FF,FF,FF
30855,1668,0xCFF6600,1,8,00,00,FF,FF,FF,FF,FF,FF
30874,1669,0xCF00400,1,8,FF,FF,FF,00,00,FF,FF,FF
30875,1670,0xCFF6600,1,8,00,00,FF,FF,FF,FF,FF,FF
30894,1671,0xCF00400,1,8,FF,FF,FF,00,00,FF,FF,FF
30895,1672,0xCFF6600,1,8,00,00,FF,FF,FF,FF,FF,FF
30914,1673,0xCF00400,1,8,FF,FF,FF,00,00,FF,FF,FF
30915,1674,0xCFF6600,1,8,00,00,FF,FF,FF,FF,FF,FF
30934,1675,0xCF00400,1,8,FF,FF,FF,00,00,FF,FF,FF
30935,1676,0xCFF6600,1,8,00,00,FF,FF,FF,FF,FF,FF
30945,1677,0x18FEF100,1,8,3F,00,00,FF,FF,FF,FF,FF
30946,1678,0x10FF6500,1,8,FC,FF,FF,FF,FF,FF,FF,FF
30946,1679,0x18F00500,1,8,FF,FF,FF,FF,20,2D,FF,FF
30947,1680,0x18FEF200,1,8,00,00,00,FB,00,00,00,FF
30954,1681,0xCF00400,1,8,FF,FF,FF,00,00,FF,FF,FF
30955,1682,0xCFF6600,1,8,00,00,FF,FF,FF,FF,FF,FF
30974,1683,0xCF00400,1,8,FF,FF,FF,00,00,FF,FF,FF
30975,1684,0xCFF6600,1,8,00,00,FF,FF,FF,FF,FF,FF
30994,1685,0xCF00400,1,8,FF,FF,FF,00,00,FF,FF,FF
30995,1686,0xCFF6600,1,8,00,00,FF,FF,FF,FF,FF,FF
31004,1687,0x18FEEE00,1,8,60,FF,FF,FF,FF,FF,FF,FF
31005,1688,0x18FDE500,1,8,0A,14,1E,28,32,3C,46,13
31014,1689,0xCF00400,1,8,FF,FF,FF,00,00,FF,FF,FF
31015,1690,0xCFF6600,1,8,00,00,FF,FF,FF,FF,FF,FF
31024,1691,0x1CECFF00,1,8,20,0A,00,02,FF,CA,FE,00
31034,1692,0xCF00400,1,8,FF,FF,FF,00,00,FF,FF,FF
31035,1693,0xCFF6600,1,8,00,00,FF,FF,FF,FF,FF,FF
31045,1694,0x18FEF100,1,8,3F,00,00,FF,FF,FF,FF,FF
31046,1695,0x18F00500,1,8,FF,FF,FF,FF,20,2D,FF,FF
31046,1696,0x18FEF200,1,8,00,00,00,FB,00,00,00,FF
31054,1697,0xCF00400,1,8,FF,FF,FF,00,00,FF,FF,FF
31055,1698,0xCFF6600,1,8,00,00,FF,FF,FF,FF,FF,FF
31074,1699,0xCF00400,1,8,FF,FF,FF,00,00,FF,FF,FF
31075,1700,0xCFF6600,1,8,00,00,FF,FF,FF,FF,FF,FF
31076,1701,0x1CEBFF00,1,8,01,40,FF,0F,F0,E5,01,02
31094,1702,0xCF00400,1,8,FF,FF,FF,00,00,FF,FF,FF
31095,1703,0xCFF6600,1,8,00,00,FF,FF,FF,FF,FF,FF
31114,1704,0xCF00400,1,8,FF,FF,FF,00,00,FF,FF,FF
31115,1705,0xCFF6600,1,8,00,00,FF,FF,FF,FF,FF,FF
31124,1706,0x1CEBFF00,1,8,02,F0,E3,01,FF,FF,FF,FF
31134,1707,0xCF00400,1,8,FF,FF,FF,00,00,FF,FF,FF
31135,1708,0xCFF6600,1,8,00,00,FF,FF,FF,FF,FF,FF
31145,1709,0x18FEF100,1,8,3F,00,00,FF,FF,FF,FF,FF
31146,1710,0x10FF6500,1,8,FC,FF,FF,FF,FF,FF,FF,FF
31146,1711,0x18F00500,1,8,FF,FF,FF,FF,20,2D,FF,FF
31147,1712,0x18FEF200,1,8,00,00,00,FB,00,00,00,FF
31154,1713,0xCF00400,1,8,FF,FF,FF,00,00,FF,FF,FF
31155,1714,0xCFF6600,1,8,00,00,FF,FF,FF,FF,FF,FF
31174,1715,0xCF00400,1,8,FF,FF,FF,00,00,FF,FF,FF
31175,1716,0xCFF6600,1,8,00,00,FF,FF,FF,FF,FF,FF
31194,1717,0xCF00400,1,8,FF,FF,FF,00,00,FF,FF,FF
31195,1718,0xCFF6600,1,8,00,00,FF,FF,FF,FF,FF,FF
31214,1719,0xCF00400,1,8,FF,FF,FF,00,00,FF,FF,FF
31215,1720,0xCFF6600,1,8,00,00,FF,FF,FF,FF,FF,FF
31234,1721,0xCF00400,1,8,FF,FF,FF,00,00,FF,FF,FF
31235,1722,0xCFF6600,1,8,00,00,FF,FF,FF,FF,FF,FF
31245,1723,0x18FEF100,1,8,3F,00,00,FF,FF,FF,FF,FF
31246,1724,0x18F00500,1,8,FF,FF,FF,FF,20,2D,FF,FF
31246,1725,0x18FEF200,1,8,00,00,00,FB,00,00,00,FF
31254,1726,0xCF00400,1,8,FF,FF,FF,00,00,FF,FF,FF
31255,1727,0xCFF6600,1,8,00,00,FF,FF,FF,FF,FF,FF
31274,1728,0xCF00400,1,8,FF,FF,FF,00,00,FF,FF,FF
31275,1729,0xCFF6600,1,8,00,00,FF,FF,FF,FF,FF,FF
31294,1730,0xCF00400,1,8,FF,FF,FF,00,00,FF,FF,FF
31295,1731,0xCFF6600,1,8,00,00,FF,FF,FF,FF,FF,FF
31314,1732,0xCF00400,1,8,FF,FF,FF,00,00,FF,FF,FF
31315,1733,0xCFF6600,1,8,00,00,FF,FF,FF,FF,FF,FF
31334,1734,0xCF00400,1,8,FF,FF,FF,00,00,FF,FF,FF
31335,1735,0xCFF6600,1,8,00,00,FF,FF,FF,FF,FF,FF
31345,1736,0x18FEF100,1,8,3F,00,00,FF,FF,FF,FF,FF
31346,1737,0x10FF6500,1,8,FC,FF,FF,FF,FF,FF,FF,FF
31346,1738,0x18F00500,1,8,FF,FF,FF,FF,20,2D,FF,FF
31347,1739,0x18F00600,1,8,FF,FF,FF,FF,FF,FF,FF,FF
31348,1740,0x18FEF200,1,8,00,00,00,FB,00,00,00,FF
31348,1741,0x1CFDDF00,1,8,FE,FF,FF,FF,FF,FF,FF,FF
31349,1742,0x1CFF6A00,1,8,FC,FF,FF,FF,FF,FF,FF,FF
31355,1743,0xCF00400,1,8,FF,FF,FF,00,00,FF,FF,FF
31355,1744,0xCFF6600,1,8,00,00,FF,FF,FF,FF,FF,FF
31375,1745,0xCF00400,1,8,FF,FF,FF,00,00,FF,FF,FF
31395,1746,0xCF00400,1,8,FF,FF,FF,00,00,FF,FF,FF
31396,1747,0xCFF6600,1,8,00,00,FF,FF,FF,FF,FF,FF
31414,1748,0xCF00400,1,8,FF,FF,FF,00,00,FF,FF,FF
31415,1749,0xCFF6600,1,8,00,00,FF,FF,FF,FF,FF,FF
31435,1750,0xCF00400,1,8,FF,FF,FF,00,00,FF,FF,FF
31435,1751,0xCFF6600,1,8,00,00,FF,FF,FF,FF,FF,FF
31445,1752,0x18F00500,1,8,FF,FF,FF,FF,20,2D,FF,FF
31446,1753,0x18FEF100,1,8,3F,00,00,FF,FF,FF,FF,FF
31447,1754,0x18FEF200,1,8,00,00,00,FB,00,00,00,FF
31455,1755,0xCF00400,1,8,FF,FF,FF,00,00,FF,FF,FF
31455,1756,0xCFF6600,1,8,00,00,FF,FF,FF,FF,FF,FF
31475,1757,0xCF00400,1,8,FF,FF,FF,00,00,FF,FF,FF
31475,1758,0xCFF6600,1,8,00,00,FF,FF,FF,FF,FF,FF
31495,1759,0xCF00400,1,8,FF,FF,FF,00,00,FF,FF,FF
31495,1760,0xCFF6600,1,8,00,00,FF,FF,FF,FF,FF,FF
31515,1761,0xCF00400,1,8,FF,FF,FF,00,00,FF,FF,FF
31515,1762,0xCFF6600,1,8,00,00,FF,FF,FF,FF,FF,FF
31535,1763,0xCF00400,1,8,FF,FF,FF,00,00,FF,FF,FF
31555,1764,0xCF00400,1,8,FF,FF,FF,00,00,FF,FF,FF
31556,1765,0xCFF6600,1,8,00,00,FF,FF,FF,FF,FF,FF
31557,1766,0x10FF6500,1,8,FC,FF,FF,FF,FF,FF,FF,FF
31557,1767,0x18F00500,1,8,FF,FF,FF,FF,20,2D,FF,FF
31558,1768,0x18FEF100,1,8,3F,00,00,FF,FF,FF,FF,FF
31559,1769,0x18FEF200,1,8,00,00,00,FB,00,00,00,FF
31575,1770,0xCF00400,1,8,FF,FF,FF,00,00,FF,FF,FF
31575,1771,0xCFF6600,1,8,00,00,FF,FF,FF,FF,FF,FF
31595,1772,0xCF00400,1,8,FF,FF,FF,00,00,FF,FF,FF
31595,1773,0xCFF6600,1,8,00,00,FF,FF,FF,FF,FF,FF
31615,1774,0xCF00400,1,8,FF,FF,FF,00,00,FF,FF,FF
31616,1775,0xCFF6600,1,8,00,00,FF,FF,FF,FF,FF,FF
31635,1776,0xCF00400,1,8,FF,FF,FF,00,00,FF,FF,FF
31636,1777,0xCFF6600,1,8,00,00,FF,FF,FF,FF,FF,FF
31646,1778,0x18F00500,1,8,FF,FF,FF,FF,20,2D,FF,FF
31646,1779,0x18FEF100,1,8,3F,00,00,FF,FF,FF,FF,FF
31647,1780,0x18FEF200,1,8,00,00,00,FB,00,00,00,FF
31654,1781,0xCF00400,1,8,FF,FF,FF,00,00,FF,FF,FF
31655,1782,0xCFF6600,1,8,00,00,FF,FF,FF,FF,FF,FF
31674,1783,0xCF00400,1,8,FF,FF,FF,00,00,FF,FF,FF
31675,1784,0xCFF6600,1,8,00,00,FF,FF,FF,FF,FF,FF
31694,1785,0xCF00400,1,8,FF,FF,FF,00,00,FF,FF,FF
31695,1786,0xCFF6600,1,8,00,00,FF,FF,FF,FF,FF,FF
31714,1787,0xCF00400,1,8,FF,FF,FF,00,00,FF,FF,FF
31715,1788,0xCFF6600,1,8,00,00,FF,FF,FF,FF,FF,FF
31734,1789,0xCF00400,1,8,FF,FF,FF,00,00,FF,FF,FF
31735,1790,0xCFF6600,1,8,00,00,FF,FF,FF,FF,FF,FF
31747,1791,0x10FF6500,1,8,FC,FF,FF,FF,FF,FF,FF,FF
31748,1792,0x18F00500,1,8,FF,FF,FF,FF,20,2D,FF,FF
31748,1793,0x18FEF100,1,8,3F,00,00,FF,FF,FF,FF,FF
31749,1794,0x18FEF200,1,8,00,00,00,FB,00,00,00,FF
31754,1795,0xCF00400,1,8,FF,FF,FF,00,00,FF,FF,FF
31755,1796,0xCFF6600,1,8,00,00,FF,FF,FF,FF,FF,FF
31774,1797,0xCF00400,1,8,FF,FF,FF,00,00,FF,FF,FF
31775,1798,0xCFF6600,1,8,00,00,FF,FF,FF,FF,FF,FF
31794,1799,0xCF00400,1,8,FF,FF,FF,00,00,FF,FF,FF
31795,1800,0xCFF6600,1,8,00,00,FF,FF,FF,FF,FF,FF
31814,1801,0xCF00400,1,8,FF,FF,FF,00,00,FF,FF,FF
31815,1802,0xCFF6600,1,8,00,00,FF,FF,FF,FF,FF,FF
31836,1803,0xCF00400,1,8,FF,FF,FF,00,00,FF,FF,FF
31836,1804,0xCFF6600,1,8,00,00,FF,FF,FF,FF,FF,FF
31845,1805,0x18F00500,1,8,FF,FF,FF,FF,20,2D,FF,FF
31846,1806,0x18F00600,1,8,FF,FF,FF,FF,FF,FF,FF,FF
31847,1807,0x18FEF100,1,8,3F,00,00,FF,FF,FF,FF,FF
31847,1808,0x18FEF200,1,8,00,00,00,FB,00,00,00,FF
31848,1809,0x1CFDDF00,1,8,FE,FF,FF,FF,FF,FF,FF,FF
31848,1810,0x1CFF6A00,1,8,FC,FF,FF,FF,FF,FF,FF,FF
31854,1811,0xCF00400,1,8,FF,FF,FF,00,00,FF,FF,FF
31855,1812,0xCFF6600,1,8,00,00,FF,FF,FF,FF,FF,FF
31875,1813,0xCF00400,1,8,FF,FF,FF,00,00,FF,FF,FF
31875,1814,0xCFF6600,1,8,00,00,FF,FF,FF,FF,FF,FF
31895,1815,0xCF00400,1,8,FF,FF,FF,00,00,FF,FF,FF
31895,1816,0xCFF6600,1,8,00,00,FF,FF,FF,FF,FF,FF
31915,1817,0xCF00400,1,8,FF,FF,FF,00,00,FF,FF,FF
31915,1818,0xCFF6600,1,8,00,00,FF,FF,FF,FF,FF,FF
31935,1819,0xCF00400,1,8,FF,FF,FF,00,00,FF,FF,FF
31955,1820,0xCF00400,1,8,FF,FF,FF,00,00,FF,FF,FF
31956,1821,0xCFF6600,1,8,00,00,FF,FF,FF,FF,FF,FF
31956,1822,0x10FF6500,1,8,FC,FF,FF,FF,FF,FF,FF,FF
31957,1823,0x18F00500,1,8,FF,FF,FF,FF,20,2D,FF,FF
31958,1824,0x18FEF100,1,8,3F,00,00,FF,FF,FF,FF,FF
31958,1825,0x18FEF200,1,8,00,00,00,FB,00,00,00,FF
31975,1826,0xCF00400,1,8,FF,FF,FF,00,00,FF,FF,FF
31975,1827,0xCFF6600,1,8,00,00,FF,FF,FF,FF,FF,FF
31995,1828,0xCF00400,1,8,FF,FF,FF,00,00,FF,FF,FF
31996,1829,0xCFF6600,1,8,00,00,FF,FF,FF,FF,FF,FF
32004,1830,0x18FEEE00,1,8,60,FF,FF,FF,FF,FF,FF,FF
32005,1831,0x18FDE500,1,8,0A,14,1E,28,32,3C,46,13
32015,1832,0xCF00400,1,8,FF,FF,FF,00,00,FF,FF,FF
32015,1833,0xCFF6600,1,8,00,00,FF,FF,FF,FF,FF,FF
32024,1834,0x1CECFF00,1,8,20,0A,00,02,FF,CA,FE,00
32034,1835,0xCF00400,1,8,FF,FF,FF,00,00,FF,FF,FF
32035,1836,0xCFF6600,1,8,00,00,FF,FF,FF,FF,FF,FF
32045,1837,0x18FEF100,1,8,3F,00,00,FF,FF,FF,FF,FF
32046,1838,0x18F00500,1,8,FF,FF,FF,FF,20,2D,FF,FF
32047,1839,0x18FEF200,1,8,00,00,00,FB,00,00,00,FF
32055,1840,0xCF00400,1,8,FF,FF,FF,00,00,FF,FF,FF
32055,1841,0xCFF6600,1,8,00,00,FF,FF,FF,FF,FF,FF
32075,1842,0xCF00400,1,8,FF,FF,FF,00,00,FF,FF,FF
32075,1843,0xCFF6600,1,8,00,00,FF,FF,FF,FF,FF,FF
32076,1844,0x1CEBFF00,1,8,01,40,FF,0F,F0,E5,01,02
32094,1845,0xCF00400,1,8,FF,FF,FF,00,00,FF,FF,FF
32095,1846,0xCFF6600,1,8,00,00,FF,FF,FF,FF,FF,FF
32114,1847,0xCF00400,1,8,FF,FF,FF,00,00,FF,FF,FF
32115,1848,0xCFF6600,1,8,00,00,FF,FF,FF,FF,FF,FF
32124,1849,0x1CEBFF00,1,8,02,F0,E3,01,FF,FF,FF,FF
32134,1850,0xCF00400,1,8,FF,FF,FF,00,00,FF,FF,FF
32135,1851,0xCFF6600,1,8,00,00,FF,FF,FF,FF,FF,FF
32145,1852,0x18FEF100,1,8,3F,00,00,FF,FF,FF,FF,FF
32146,1853,0x10FF6500,1,8,FC,FF,FF,FF,FF,FF,FF,FF
32166,1854,0xCF00400,1,8,FF,FF,FF,00,00,FF,FF,FF
32167,1855,0xCFF6600,1,8,00,00,FF,FF,FF,FF,FF,FF
32168,1856,0x18F00500,1,8,FF,FF,FF,FF,20,2D,FF,FF
32168,1857,0x18FEF200,1,8,00,00,00,FB,00,00,00,FF
32175,1858,0xCF00400,1,8,FF,FF,FF,00,00,FF,FF,FF
32175,1859,0xCFF6600,1,8,00,00,FF,FF,FF,FF,FF,FF
32195,1860,0xCF00400,1,8,FF,FF,FF,00,00,FF,FF,FF
32195,1861,0xCFF6600,1,8,00,00,FF,FF,FF,FF,FF,FF
32215,1862,0xCF00400,1,8,FF,FF,FF,00,00,FF,FF,FF
32216,1863,0xCFF6600,1,8,00,00,FF,FF,FF,FF,FF,FF
32235,1864,0xCF00400,1,8,FF,FF,FF,00,00,FF,FF,FF
32236,1865,0xCFF6600,1,8,00,00,FF,FF,FF,FF,FF,FF
32246,1866,0x18F00500,1,8,FF,FF,FF,FF,20,2D,FF,FF
32246,1867,0x18FEF100,1,8,3F,00,00,FF,FF,FF,FF,FF
32247,1868,0x18FEF200,1,8,00,00,00,FB,00,00,00,FF
32254,1869,0xCF00400,1,8,FF,FF,FF,00,00,FF,FF,FF
32255,1870,0xCFF6600,1,8,00,00,FF,FF,FF,FF,FF,FF
32274,1871,0xCF00400,1,8,FF,FF,FF,00,00,FF,FF,FF
32275,1872,0xCFF6600,1,8,00,00,FF,FF,FF,FF,FF,FF
32296,1873,0xCF00400,1,8,FF,FF,FF,00,00,FF,FF,FF
32296,1874,0xCFF6600,1,8,00,00,FF,FF,FF,FF,FF,FF
32315,1875,0xCF00400,1,8,FF,FF,FF,00,00,FF,FF,FF
32316,1876,0xCFF6600,1,8,00,00,FF,FF,FF,FF,FF,FF
32334,1877,0xCF00400,1,8,FF,FF,FF,00,00,FF,FF,FF
32335,1878,0xCFF6600,1,8,00,00,FF,FF,FF,FF,FF,FF
32345,1879,0x18FEF100,1,8,3F,00,00,FF,FF,FF,FF,FF
32346,1880,0x10FF6500,1,8,FC,FF,FF,FF,FF,FF,FF,FF
32366,1881,0xCF00400,1,8,FF,FF,FF,00,00,FF,FF,FF
32367,1882,0xCFF6600,1,8,00,00,FF,FF,FF,FF,FF,FF
32368,1883,0x18F00500,1,8,FF,FF,FF,FF,20,2D,FF,FF
32368,1884,0x18F00600,1,8,FF,FF,FF,FF,FF,FF,FF,FF
32369,1885,0x18FEF200,1,8,00,00,00,FB,00,00,00,FF
32370,1886,0x1CFDDF00,1,8,FE,FF,FF,FF,FF,FF,FF,FF
32370,1887,0x1CFF6A00,1,8,FC,FF,FF,FF,FF,FF,FF,FF
32371,1888,0x1CFF6A00,1,8,FC,FF,FF,FF,FF,FF,FF,FF
32374,1889,0xCF00400,1,8,FF,FF,FF,00,00,FF,FF,FF
32375,1890,0xCFF6600,1,8,00,00,FF,FF,FF,FF,FF,FF
32394,1891,0xCF00400,1,8,FF,FF,FF,00,00,FF,FF,FF
32395,1892,0xCFF6600,1,8,00,00,FF,FF,FF,FF,FF,FF
32415,1893,0xCF00400,1,8,FF,FF,FF,00,00,FF,FF,FF
32415,1894,0xCFF6600,1,8,00,00,FF,FF,FF,FF,FF,FF
32435,1895,0xCF00400,1,8,FF,FF,FF,00,00,FF,FF,FF
32435,1896,0xCFF6600,1,8,00,00,FF,FF,FF,FF,FF,FF
32445,1897,0x18F00500,1,8,FF,FF,FF,FF,20,2D,FF,FF
32446,1898,0x18FEF100,1,8,3F,00,00,FF,FF,FF,FF,FF
32447,1899,0x18FEF200,1,8,00,00,00,FB,00,00,00,FF
32455,1900,0xCF00400,1,8,FF,FF,FF,00,00,FF,FF,FF
32455,1901,0xCFF6600,1,8,00,00,FF,FF,FF,FF,FF,FF
32475,1902,0xCF00400,1,8,FF,FF,FF,00,00,FF,FF,FF
32475,1903,0xCFF6600,1,8,00,00,FF,FF,FF,FF,FF,FF
32495,1904,0xCF00400,1,8,FF,FF,FF,00,00,FF,FF,FF
32515,1905,0xCF00400,1,8,FF,FF,FF,00,00,FF,FF,FF
32516,1906,0xCFF6600,1,8,00,00,FF,FF,FF,FF,FF,FF
32534,1907,0xCF00400,1,8,FF,FF,FF,00,00,FF,FF,FF
32535,1908,0xCFF6600,1,8,00,00,FF,FF,FF,FF,FF,FF
32545,1909,0x10FF6500,1,8,FC,FF,FF,FF,FF,FF,FF,FF
32546,1910,0x18F00500,1,8,FF,FF,FF,FF,20,2D,FF,FF
32546,1911,0x18FEF100,1,8,3F,00,00,FF,FF,FF,FF,FF
32547,1912,0x18FEF200,1,8,00,00,00,FB,00,00,00,FF
32554,1913,0xCF00400,1,8,FF,FF,FF,00,00,FF,FF,FF
32555,1914,0xCFF6600,1,8,00,00,FF,FF,FF,FF,FF,FF
32575,1915,0xCF00400,1,8,FF,FF,FF,00,00,FF,FF,FF
32575,1916,0xCFF6600,1,8,00,00,FF,FF,FF,FF,FF,FF
32595,1917,0xCF00400,1,8,FF,FF,FF,00,00,FF,FF,FF
32595,1918,0xCFF6600,1,8,00,00,FF,FF,FF,FF,FF,FF
32615,1919,0xCF00400,1,8,FF,FF,FF,00,00,FF,FF,FF
32615,1920,0xCFF6600,1,8,00,00,FF,FF,FF,FF,FF,FF
32635,1921,0xCF00400,1,8,FF,FF,FF,00,00,FF,FF,FF
32635,1922,0xCFF6600,1,8,00,00,FF,FF,FF,FF,FF,FF
32645,1923,0x18F00500,1,8,FF,FF,FF,FF,20,2D,FF,FF
32666,1924,0xCF00400,1,8,FF,FF,FF,00,00,FF,FF,FF
32667,1925,0xCFF6600,1,8,00,00,FF,FF,FF,FF,FF,FF
32668,1926,0x18FEF100,1,8,3F,00,00,FF,FF,FF,FF,FF
32668,1927,0x18FEF200,1,8,00,00,00,FB,00,00,00,FF
32675,1928,0xCF00400,1,8,FF,FF,FF,00,00,FF,FF,FF
32675,1929,0xCFF6600,1,8,00,00,FF,FF,FF,FF,FF,FF
32695,1930,0xCF00400,1,8,FF,FF,FF,00,00,FF,FF,FF
32695,1931,0xCFF6600,1,8,00,00,FF,FF,FF,FF,FF,FF
32715,1932,0xCF00400,1,8,FF,FF,FF,00,00,FF,FF,FF
32715,1933,0xCFF6600,1,8,00,00,FF,FF,FF,FF,FF,FF
32735,1934,0xCF00400,1,8,FF,FF,FF,00,00,FF,FF,FF
32735,1935,0xCFF6600,1,8,00,00,FF,FF,FF,FF,FF,FF
32745,1936,0x10FF6500,1,8,FC,FF,FF,FF,FF,FF,FF,FF
32746,1937,0x18F00500,1,8,FF,FF,FF,FF,20,2D,FF,FF
32747,1938,0x18FEF100,1,8,3F,00,00,FF,FF,FF,FF,FF
32747,1939,0x18FEF200,1,8,00,00,00,FB,00,00,00,FF
32755,1940,0xCF00400,1,8,FF,FF,FF,00,00,FF,FF,FF
32755,1941,0xCFF6600,1,8,00,00,FF,FF,FF,FF,FF,FF
32775,1942,0xCF00400,1,8,FF,FF,FF,00,00,FF,FF,FF
32775,1943,0xCFF6600,1,8,00,00,FF,FF,FF,FF,FF,FF
32795,1944,0xCF00400,1,8,FF,FF,FF,00,00,FF,FF,FF
32795,1945,0xCFF6600,1,8,00,00,FF,FF,FF,FF,FF,FF
32815,1946,0xCF00400,1,8,FF,FF,FF,00,00,FF,FF,FF
32835,1947,0xCF00400,1,8,FF,FF,FF,00,00,FF,FF,FF
32835,1948,0xCFF6600,1,8,00,00,FF,FF,FF,FF,FF,FF
32845,1949,0x18F00500,1,8,FF,FF,FF,FF,20,2D,FF,FF
32846,1950,0x18F00600,1,8,FF,FF,FF,FF,FF,FF,FF,FF
32847,1951,0x18FEF100,1,8,3F,00,00,FF,FF,FF,FF,FF
32847,1952,0x18FEF200,1,8,00,00,00,FB,00,00,00,FF
32848,1953,0x1CFDDF00,1,8,FE,FF,FF,FF,FF,FF,FF,FF
32849,1954,0x1CFF6A00,1,8,FC,FF,FF,FF,FF,FF,FF,FF
32854,1955,0xCF00400,1,8,FF,FF,FF,00,00,FF,FF,FF
32855,1956,0xCFF6600,1,8,00,00,FF,FF,FF,FF,FF,FF
32875,1957,0xCF00400,1,8,FF,FF,FF,00,00,FF,FF,FF
32875,1958,0xCFF6600,1,8,00,00,FF,FF,FF,FF,FF,FF
32895,1959,0xCF00400,1,8,FF,FF,FF,00,00,FF,FF,FF
32895,1960,0xCFF6600,1,8,00,00,FF,FF,FF,FF,FF,FF
32915,1961,0xCF00400,1,8,FF,FF,FF,00,00,FF,FF,FF
32915,1962,0xCFF6600,1,8,00,00,FF,FF,FF,FF,FF,FF
32935,1963,0xCF00400,1,8,FF,FF,FF,00,00,FF,FF,FF
32935,1964,0xCFF6600,1,8,00,00,FF,FF,FF,FF,FF,FF
32946,1965,0x10FF6500,1,8,FC,FF,FF,FF,FF,FF,FF,FF
32947,1966,0x18F00500,1,8,FF,FF,FF,FF,20,2D,FF,FF
32948,1967,0x18FEF100,1,8,3F,00,00,FF,FF,FF,FF,FF
32948,1968,0x18FEF200,1,8,00,00,00,FB,00,00,00,FF
32955,1969,0xCF00400,1,8,FF,FF,FF,00,00,FF,FF,FF
32975,1970,0xCF00400,1,8,FF,FF,FF,00,00,FF,FF,FF
32975,1971,0xCFF6600,1,8,00,00,FF,FF,FF,FF,FF,FF
32994,1972,0xCF00400,1,8,FF,FF,FF,00,00,FF,FF,FF
32995,1973,0xCFF6600,1,8,00,00,FF,FF,FF,FF,FF,FF
33004,1974,0x18FEEE00,1,8,60,FF,FF,FF,FF,FF,FF,FF
33005,1975,0x18FDE500,1,8,0A,14,1E,28,32,3C,46,13
33015,1976,0xCF00400,1,8,FF,FF,FF,00,00,FF,FF,FF
33016,1977,0xCFF6600,1,8,00,00,FF,FF,FF,FF,FF,FF
33024,1978,0x1CECFF00,1,8,20,0A,00,02,FF,CA,FE,00
33034,1979,0xCF00400,1,8,FF,FF,FF,00,00,FF,FF,FF
33035,1980,0xCFF6600,1,8,00,00,FF,FF,FF,FF,FF,FF
33046,1981,0x18F00500,1,8,FF,FF,FF,FF,20,2D,FF,FF
33046,1982,0x18FEF100,1,8,3F,00,00,FF,FF,FF,FF,FF
33047,1983,0x18FEF200,1,8,00,00,00,FB,00,00,00,FF
33054,1984,0xCF00400,1,8,FF,FF,FF,00,00,FF,FF,FF
33055,1985,0xCFF6600,1,8,00,00,FF,FF,FF,FF,FF,FF
33074,1986,0xCF00400,1,8,FF,FF,FF,00,00,FF,FF,FF
33075,1987,0xCFF6600,1,8,00,00,FF,FF,FF,FF,FF,FF
33076,1988,0x1CEBFF00,1,8,01,40,FF,0F,F0,E5,01,02
33095,1989,0xCF00400,1,8,FF,FF,FF,00,00,FF,FF,FF
33095,1990,0xCFF6600,1,8,00,00,FF,FF,FF,FF,FF,FF
33115,1991,0xCF00400,1,8,FF,FF,FF,00,00,FF,FF,FF
33115,1992,0xCFF6600,1,8,00,00,FF,FF,FF,FF,FF,FF
33124,1993,0x1CEBFF00,1,8,02,F0,E3,01,FF,FF,FF,FF
33134,1994,0xCF00400,1,8,FF,FF,FF,00,00,FF,FF,FF
33135,1995,0xCFF6600,1,8,00,00,FF,FF,FF,FF,FF,FF
33145,1996,0x18FEF100,1,8,3F,00,00,FF,FF,FF,FF,FF
33166,1997,0xCF00400,1,8,FF,FF,FF,00,00,FF,FF,FF
33167,1998,0xCFF6600,1,8,00,00,FF,FF,FF,FF,FF,FF
33167,1999,0x10FF6500,1,8,FC,FF,FF,FF,FF,FF,FF,FF
33168,2000,0x18F00500,1,8,FF,FF,FF,FF,20,2D,FF,FF
33169,2001,0x18FEF200,1,8,00,00,00,FB,00,00,00,FF
33175,2002,0xCF00400,1,8,FF,FF,FF,00,00,FF,FF,FF
33175,2003,0xCFF6600,1,8,00,00,FF,FF,FF,FF,FF,FF
33195,2004,0xCF00400,1,8,FF,FF,FF,00,00,FF,FF,FF
33195,2005,0xCFF6600,1,8,00,00,FF,FF,FF,FF,FF,FF
33215,2006,0xCF00400,1,8,FF,FF,FF,00,00,FF,FF,FF
33215,2007,0xCFF6600,1,8,00,00,FF,FF,FF,FF,FF,FF
33235,2008,0xCF00400,1,8,FF,FF,FF,00,00,FF,FF,FF
33236,2009,0xCFF6600,1,8,00,00,FF,FF,FF,FF,FF,FF
33246,2010,0x18F00500,1,8,FF,FF,FF,FF,20,2D,FF,FF
33246,2011,0x18FEF100,1,8,3F,00,00,FF,FF,FF,FF,FF
33247,2012,0x18FEF200,1,8,00,00,00,FB,00,00,00,FF
33254,2013,0xCF00400,1,8,FF,FF,FF,00,00,FF,FF,FF
33255,2014,0xCFF6600,1,8,00,00,FF,FF,FF,FF,FF,FF
33274,2015,0xCF00400,1,8,FF,FF,FF,00,00,FF,FF,FF
33275,2016,0xCFF6600,1,8,00,00,FF,FF,FF,FF,FF,FF
33296,2017,0xCF00400,1,8,FF,FF,FF,00,00,FF,FF,FF
33296,2018,0xCFF6600,1,8,00,00,FF,FF,FF,FF,FF,FF
33315,2019,0xCF00400,1,8,FF,FF,FF,00,00,FF,FF,FF
33315,2020,0xCFF6600,1,8,00,00,FF,FF,FF,FF,FF,FF
33335,2021,0xCF00400,1,8,FF,FF,FF,00,00,FF,FF,FF
33335,2022,0xCFF6600,1,8,00,00,FF,FF,FF,FF,FF,FF
33347,2023,0x10FF6500,1,8,FC,FF,FF,FF,FF,FF,FF,FF
33347,2024,0x18F00500,1,8,FF,FF,FF,FF,20,2D,FF,FF
33348,2025,0x18F00600,1,8,FF,FF,FF,FF,FF,FF,FF,FF
33349,2026,0x18FEF100,1,8,3F,00,00,FF,FF,FF,FF,FF
33349,2027,0x18FEF200,1,8,00,00,00,FB,00,00,00,FF
33351,2028,0x1CFDDF00,1,8,FE,FF,FF,FF,FF,FF,FF,FF
33351,2029,0x1CFF6A00,1,8,FC,FF,FF,FF,FF,FF,FF,FF
33354,2030,0xCF00400,1,8,FF,FF,FF,00,00,FF,FF,FF
33355,2031,0xCFF6600,1,8,00,00,FF,FF,FF,FF,FF,FF
33374,2032,0xCF00400,1,8,FF,FF,FF,00,00,FF,FF,FF
33394,2033,0xCF00400,1,8,FF,FF,FF,00,00,FF,FF,FF
33395,2034,0xCFF6600,1,8,00,00,FF,FF,FF,FF,FF,FF
33414,2035,0xCF00400,1,8,FF,FF,FF,00,00,FF,FF,FF
33415,2036,0xCFF6600,1,8,00,00,FF,FF,FF,FF,FF,FF
33434,2037,0xCF00400,1,8,FF,FF,FF,00,00,FF,FF,FF
33435,2038,0xCFF6600,1,8,00,00,FF,FF,FF,FF,FF,FF
33445,2039,0x18FEF100,1,8,3F,00,00,FF,FF,FF,FF,FF
33446,2040,0x18F00500,1,8,FF,FF,FF,FF,20,2D,FF,FF
33446,2041,0x18FEF200,1,8,00,00,00,FB,00,00,00,FF
33454,2042,0xCF00400,1,8,FF,FF,FF,00,00,FF,FF,FF
33455,2043,0xCFF6600,1,8,00,00,FF,FF,FF,FF,FF,FF
33474,2044,0xCF00400,1,8,FF,FF,FF,00,00,FF,FF,FF
33475,2045,0xCFF6600,1,8,00,00,FF,FF,FF,FF,FF,FF
33495,2046,0xCF00400,1,8,FF,FF,FF,00,00,FF,FF,FF
33495,2047,0xCFF6600,1,8,00,00,FF,FF,FF,FF,FF,FF
33515,2048,0xCF00400,1,8,FF,FF,FF,00,00,FF,FF,FF
33515,2049,0xCFF6600,1,8,00,00,FF,FF,FF,FF,FF,FF
33535,2050,0xCF00400,1,8,FF,FF,FF,00,00,FF,FF,FF
33535,2051,0xCFF6600,1,8,00,00,FF,FF,FF,FF,FF,FF
33547,2052,0x10FF6500,1,8,FC,FF,FF,FF,FF,FF,FF,FF
33547,2053,0x18F00500,1,8,FF,FF,FF,FF,20,2D,FF,FF
33548,2054,0x18FEF100,1,8,3F,00,00,FF,FF,FF,FF,FF
33549,2055,0x18FEF200,1,8,00,00,00,FB,00,00,00,FF
33555,2056,0xCF00400,1,8,FF,FF,FF,00,00,FF,FF,FF
33555,2057,0xCFF6600,1,8,00,00,FF,FF,FF,FF,FF,FF
33575,2058,0xCF00400,1,8,FF,FF,FF,00,00,FF,FF,FF
33575,2059,0xCFF6600,1,8,00,00,FF,FF,FF,FF,FF,FF
33595,2060,0xCF00400,1,8,FF,FF,FF,00,00,FF,FF,FF
33596,2061,0xCFF6600,1,8,00,00,FF,FF,FF,FF,FF,FF
33614,2062,0xCF00400,1,8,FF,FF,FF,00,00,FF,FF,FF
33615,2063,0xCFF6600,1,8,00,00,FF,FF,FF,FF,FF,FF
33634,2064,0xCF00400,1,8,FF,FF,FF,00,00,FF,FF,FF
33635,2065,0xCFF6600,1,8,00,00,FF,FF,FF,FF,FF,FF
33645,2066,0x18FEF100,1,8,3F,00,00,FF,FF,FF,FF,FF
33646,2067,0x18F00500,1,8,FF,FF,FF,FF,20,2D,FF,FF
33646,2068,0x18FEF200,1,8,00,00,00,FB,00,00,00,FF
33654,2069,0xCF00400,1,8,FF,FF,FF,00,00,FF,FF,FF
33655,2070,0xCFF6600,1,8,00,00,FF,FF,FF,FF,FF,FF
33676,2071,0xCF00400,1,8,FF,FF,FF,00,00,FF,FF,FF
33676,2072,0xCFF6600,1,8,00,00,FF,FF,FF,FF,FF,FF
33695,2073,0xCF00400,1,8,FF,FF,FF,00,00,FF,FF,FF
33695,2074,0xCFF6600,1,8,00,00,FF,FF,FF,FF,FF,FF
33715,2075,0xCF00400,1,8,FF,FF,FF,00,00,FF,FF,FF
33715,2076,0xCFF6600,1,8,00,00,FF,FF,FF,FF,FF,FF
33735,2077,0xCF00400,1,8,FF,FF,FF,00,00,FF,FF,FF
33735,2078,0xCFF6600,1,8,00,00,FF,FF,FF,FF,FF,FF
33747,2079,0x10FF6500,1,8,FC,FF,FF,FF,FF,FF,FF,FF
33748,2080,0x18F00500,1,8,FF,FF,FF,FF,20,2D,FF,FF
33748,2081,0x18FEF100,1,8,3F,00,00,FF,FF,FF,FF,FF
33749,2082,0x18FEF200,1,8,00,00,00,FB,00,00,00,FF
33754,2083,0xCF00400,1,8,FF,FF,FF,00,00,FF,FF,FF
33755,2084,0xCFF6600,1,8,00,00,FF,FF,FF,FF,FF,FF
33774,2085,0xCF00400,1,8,FF,FF,FF,00,00,FF,FF,FF
33775,2086,0xCFF6600,1,8,00,00,FF,FF,FF,FF,FF,FF
33794,2087,0xCF00400,1,8,FF,FF,FF,00,00,FF,FF,FF
33815,2088,0xCF00400,1,8,FF,FF,FF,00,00,FF,FF,FF
33816,2089,0xCFF6600,1,8,00,00,FF,FF,FF,FF,FF,FF
33834,2090,0xCF00400,1,8,FF,FF,FF,00,00,FF,FF,FF
33835,2091,0xCFF6600,1,8,00,00,FF,FF,FF,FF,FF,FF
33845,2092,0x18FEF100,1,8,3F,00,00,FF,FF,FF,FF,FF
33846,2093,0x18F00500,1,8,FF,FF,FF,FF,20,2D,FF,FF
33846,2094,0x18F00600,1,8,FF,FF,FF,FF,FF,FF,FF,FF
33847,2095,0x18FEF200,1,8,00,00,00,FB,00,00,00,FF
33848,2096,0x1CFDDF00,1,8,FE,FF,FF,FF,FF,FF,FF,FF
33848,2097,0x1CFF6A00,1,8,FC,FF,FF,FF,FF,FF,FF,FF
33854,2098,0xCF00400,1,8,FF,FF,FF,00,00,FF,FF,FF
33855,2099,0xCFF6600,1,8,00,00,FF,FF,FF,FF,FF,FF
33875,2100,0xCF00400,1,8,FF,FF,FF,00,00,FF,FF,FF
33875,2101,0xCFF6600,1,8,00,00,FF,FF,FF,FF,FF,FF
33895,2102,0xCF00400,1,8,FF,FF,FF,00,00,FF,FF,FF
33895,2103,0xCFF6600,1,8,00,00,FF,FF,FF,FF,FF,FF
33915,2104,0xCF00400,1,8,FF,FF,FF,00,00,FF,FF,FF
33915,2105,0xCFF6600,1,8,00,00,FF,FF,FF,FF,FF,FF
33935,2106,0xCF00400,1,8,FF,FF,FF,00,00,FF,FF,FF
33935,2107,0xCFF6600,1,8,00,00,FF,FF,FF,FF,FF,FF
33945,2108,0x10FF6500,1,8,FC,FF,FF,FF,FF,FF,FF,FF
33946,2109,0x18F00500,1,8,FF,FF,FF,FF,20,2D,FF,FF
33968,2110,0xCF00400,1,8,FF,FF,FF,00,00,FF,FF,FF
33969,2111,0xCFF6600,1,8,00,00,FF,FF,FF,FF,FF,FF
33969,2112,0x18FEF100,1,8,3F,00,00,FF,FF,FF,FF,FF
33970,2113,0x18FEF200,1,8,00,00,00,FB,00,00,00,FF
33974,2114,0xCF00400,1,8,FF,FF,FF,00,00,FF,FF,FF
33975,2115,0xCFF6600,1,8,00,00,FF,FF,FF,FF,FF,FF
33994,2116,0xCF00400,1,8,FF,FF,FF,00,00,FF,FF,FF
33995,2117,0xCFF6600,1,8,00,00,FF,FF,FF,FF,FF,FF
34004,2118,0x18FDE500,1,8,0A,14,1E,28,32,3C,46,13
34005,2119,0x18FEEE00,1,8,60,FF,FF,FF,FF,FF,FF,FF
34014,2120,0xCF00400,1,8,FF,FF,FF,00,00,FF,FF,FF
34015,2121,0xCFF6600,1,8,00,00,FF,FF,FF,FF,FF,FF
34024,2122,0x1CECFF00,1,8,20,0A,00,02,FF,CA,FE,00
34034,2123,0xCF00400,1,8,FF,FF,FF,00,00,FF,FF,FF
34035,2124,0xCFF6600,1,8,00,00,FF,FF,FF,FF,FF,FF
34045,2125,0x18FEF100,1,8,3F,00,00,FF,FF,FF,FF,FF
34046,2126,0x18F00500,1,8,FF,FF,FF,FF,20,2D,FF,FF
34046,2127,0x18FEF200,1,8,00,00,00,FB,00,00,00,FF
34055,2128,0xCF00400,1,8,FF,FF,FF,00,00,FF,FF,FF
34056,2129,0xCFF6600,1,8,00,00,FF,FF,FF,FF,FF,FF
34075,2130,0xCF00400,1,8,FF,FF,FF,00,00,FF,FF,FF
34075,2131,0xCFF6600,1,8,00,00,FF,FF,FF,FF,FF,FF
34076,2132,0x1CEBFF00,1,8,01,40,FF,0F,F0,E5,01,02
34094,2133,0xCF00400,1,8,FF,FF,FF,00,00,FF,FF,FF
34095,2134,0xCFF6600,1,8,00,00,FF,FF,FF,FF,FF,FF
34115,2135,0xCF00400,1,8,FF,FF,FF,00,00,FF,FF,FF
34115,2136,0xCFF6600,1,8,00,00,FF,FF,FF,FF,FF,FF
34125,2137,0x1CEBFF00,1,8,02,F0,E3,01,FF,FF,FF,FF
34137,2138,0xCF00400,1,8,FF,FF,FF,00,00,FF,FF,FF
34137,2139,0xCFF6600,1,8,00,00,FF,FF,FF,FF,FF,FF
34145,2140,0x18F00500,1,8,FF,FF,FF,FF,20,2D,FF,FF
34146,2141,0x10FF6500,1,8,FC,FF,FF,FF,FF,FF,FF,FF
34147,2142,0x18FEF100,1,8,3F,00,00,FF,FF,FF,FF,FF
34147,2143,0x18FEF200,1,8,00,00,00,FB,00,00,00,FF
34155,2144,0xCF00400,1,8,FF,FF,FF,00,00,FF,FF,FF
34155,2145,0xCFF6600,1,8,00,00,FF,FF,FF,FF,FF,FF
34175,2146,0xCF00400,1,8,FF,FF,FF,00,00,FF,FF,FF
34175,2147,0xCFF6600,1,8,00,00,FF,FF,FF,FF,FF,FF
34195,2148,0xCF00400,1,8,FF,FF,FF,00,00,FF,FF,FF
34195,2149,0xCFF6600,1,8,00,00,FF,FF,FF,FF,FF,FF
34215,2150,0xCF00400,1,8,FF,FF,FF,00,00,FF,FF,FF
34235,2151,0xCF00400,1,8,FF,FF,FF,00,00,FF,FF,FF
34236,2152,0xCFF6600,1,8,00,00,FF,FF,FF,FF,FF,FF
34245,2153,0x18FEF100,1,8,3F,00,00,FF,FF,FF,FF,FF
34246,2154,0x18F00500,1,8,FF,FF,FF,FF,20,2D,FF,FF
34247,2155,0x18FEF200,1,8,00,00,00,FB,00,00,00,FF
34254,2156,0xCF00400,1,8,FF,FF,FF,00,00,FF,FF,FF
34255,2157,0xCFF6600,1,8,00,00,FF,FF,FF,FF,FF,FF
34275,2158,0xCF00400,1,8,FF,FF,FF,00,00,FF,FF,FF
34275,2159,0xCFF6600,1,8,00,00,FF,FF,FF,FF,FF,FF
34295,2160,0xCF00400,1,8,FF,FF,FF,00,00,FF,FF,FF
34295,2161,0xCFF6600,1,8,00,00,FF,FF,FF,FF,FF,FF
34315,2162,0xCF00400,1,8,FF,FF,FF,00,00,FF,FF,FF
34315,2163,0xCFF6600,1,8,00,00,FF,FF,FF,FF,FF,FF
34335,2164,0xCF00400,1,8,FF,FF,FF,00,00,FF,FF,FF
34335,2165,0xCFF6600,1,8,00,00,FF,FF,FF,FF,FF,FF
34346,2166,0x10FF6500,1,8,FC,FF,FF,FF,FF,FF,FF,FF
34346,2167,0x18F00500,1,8,FF,FF,FF,FF,20,2D,FF,FF
34347,2168,0x18F00600,1,8,FF,FF,FF,FF,FF,FF,FF,FF
34347,2169,0x18FEF100,1,8,3F,00,00,FF,FF,FF,FF,FF
34348,2170,0x18FEF200,1,8,00,00,00,FB,00,00,00,FF
34349,2171,0x1CFDDF00,1,8,FE,FF,FF,FF,FF,FF,FF,FF
34349,2172,0x1CFF6A00,1,8,FC,FF,FF,FF,FF,FF,FF,FF
34354,2173,0xCF00400,1,8,FF,FF,FF,00,00,FF,FF,FF
34355,2174,0xCFF6600,1,8,00,00,FF,FF,FF,FF,FF,FF
34375,2175,0xCF00400,1,8,FF,FF,FF,00,00,FF,FF,FF
34395,2176,0xCF00400,1,8,FF,FF,FF,00,00,FF,FF,FF
34396,2177,0xCFF6600,1,8,00,00,FF,FF,FF,FF,FF,FF
34414,2178,0xCF00400,1,8,FF,FF,FF,00,00,FF,FF,FF
34415,2179,0xCFF6600,1,8,00,00,FF,FF,FF,FF,FF,FF
34434,2180,0xCF00400,1,8,FF,FF,FF,00,00,FF,FF,FF
34435,2181,0xCFF6600,1,8,00,00,FF,FF,FF,FF,FF,FF
34445,2182,0x18F00500,1,8,FF,FF,FF,FF,20,2D,FF,FF
34446,2183,0x18FEF100,1,8,3F,00,00,FF,FF,FF,FF,FF
34446,2184,0x18FEF200,1,8,00,00,00,FB,00,00,00,FF
34454,2185,0xCF00400,1,8,FF,FF,FF,00,00,FF,FF,FF
34455,2186,0xCFF6600,1,8,00,00,FF,FF,FF,FF,FF,FF
34475,2187,0xCF00400,1,8,FF,FF,FF,00,00,FF,FF,FF
34475,2188,0xCFF6600,1,8,00,00,FF,FF,FF,FF,FF,FF
34495,2189,0xCF00400,1,8,FF,FF,FF,00,00,FF,FF,FF
34495,2190,0xCFF6600,1,8,00,00,FF,FF,FF,FF,FF,FF
34515,2191,0xCF00400,1,8,FF,FF,FF,00,00,FF,FF,FF
34536,2192,0xCF00400,1,8,FF,FF,FF,00,00,FF,FF,FF
34536,2193,0xCFF6600,1,8,00,00,FF,FF,FF,FF,FF,FF
34546,2194,0x10FF6500,1,8,FC,FF,FF,FF,FF,FF,FF,FF
34547,2195,0x18F00500,1,8,FF,FF,FF,FF,20,2D,FF,FF
34547,2196,0x18FEF100,1,8,3F,00,00,FF,FF,FF,FF,FF
34548,2197,0x18FEF200,1,8,00,00,00,FB,00,00,00,FF
34555,2198,0xCF00400,1,8,FF,FF,FF,00,00,FF,FF,FF
34555,2199,0xCFF6600,1,8,00,00,FF,FF,FF,FF,FF,FF
34575,2200,0xCF00400,1,8,FF,FF,FF,00,00,FF,FF,FF
34575,2201,0xCFF6600,1,8,00,00,FF,FF,FF,FF,FF,FF
34595,2202,0xCF00400,1,8,FF,FF,FF,00,00,FF,FF,FF
34595,2203,0xCFF6600,1,8,00,00,FF,FF,FF,FF,FF,FF
34615,2204,0xCF00400,1,8,FF,FF,FF,00,00,FF,FF,FF
34615,2205,0xCFF6600,1,8,00,00,FF,FF,FF,FF,FF,FF
34635,2206,0xCF00400,1,8,FF,FF,FF,00,00,FF,FF,FF
34635,2207,0xCFF6600,1,8,00,00,FF,FF,FF,FF,FF,FF
34646,2208,0x18F00500,1,8,FF,FF,FF,FF,20,2D,FF,FF
34646,2209,0x18FEF100,1,8,3F,00,00,FF,FF,FF,FF,FF
34647,2210,0x18FEF200,1,8,00,00,00,FB,00,00,00,FF
34657,2211,0xCF00400,1,8,FF,FF,FF,00,00,FF,FF,FF
34657,2212,0xCFF6600,1,8,00,00,FF,FF,FF,FF,FF,FF
34675,2213,0xCF00400,1,8,FF,FF,FF,00,00,FF,FF,FF
34675,2214,0xCFF6600,1,8,00,00,FF,FF,FF,FF,FF,FF
34695,2215,0xCF00400,1,8,FF,FF,FF,00,00,FF,FF,FF
34695,2216,0xCFF6600,1,8,00,00,FF,FF,FF,FF,FF,FF
34715,2217,0xCF00400,1,8,FF,FF,FF,00,00,FF,FF,FF
34716,2218,0xCFF6600,1,8,00,00,FF,FF,FF,FF,FF,FF
34736,2219,0xCF00400,1,8,FF,FF,FF,00,00,FF,FF,FF
34736,2220,0xCFF6600,1,8,00,00,FF,FF,FF,FF,FF,FF
34745,2221,0x18FEF100,1,8,3F,00,00,FF,FF,FF,FF,FF
34746,2222,0x10FF6500,1,8,FC,FF,FF,FF,FF,FF,FF,FF
34746,2223,0x18F00500,1,8,FF,FF,FF,FF,20,2D,FF,FF
34747,2224,0x18FEF200,1,8,00,00,00,FB,00,00,00,FF
34754,2225,0xCF00400,1,8,FF,FF,FF,00,00,FF,FF,FF
34755,2226,0xCFF6600,1,8,00,00,FF,FF,FF,FF,FF,FF
34774,2227,0xCF00400,1,8,FF,FF,FF,00,00,FF,FF,FF
34775,2228,0xCFF6600,1,8,00,00,FF,FF,FF,FF,FF,FF
34796,2229,0xCF00400,1,8,FF,FF,FF,00,00,FF,FF,FF
34797,2230,0xCFF6600,1,8,00,00,FF,FF,FF,FF,FF,FF
34814,2231,0xCF00400,1,8,FF,FF,FF,00,00,FF,FF,FF
34815,2232,0xCFF6600,1,8,00,00,FF,FF,FF,FF,FF,FF
34834,2233,0xCF00400,1,8,FF,FF,FF,00,00,FF,FF,FF
34835,2234,0xCFF6600,1,8,00,00,FF,FF,FF,FF,FF,FF
34845,2235,0x18FEF100,1,8,3F,00,00,FF,FF,FF,FF,FF
34846,2236,0x18F00500,1,8,FF,FF,FF,FF,20,2D,FF,FF
34846,2237,0x18F00600,1,8,FF,FF,FF,FF,FF,FF,FF,FF
34847,2238,0x18FEF200,1,8,00,00,00,FB,00,00,00,FF
34868,2239,0xCF00400,1,8,FF,FF,FF,00,00,FF,FF,FF
34869,2240,0xCFF6600,1,8,00,00,FF,FF,FF,FF,FF,FF
34869,2241,0x1CFDDF00,1,8,FE,FF,FF,FF,FF,FF,FF,FF
34870,2242,0x1CFF6A00,1,8,FC,FF,FF,FF,FF,FF,FF,FF
34874,2243,0xCF00400,1,8,FF,FF,FF,00,00,FF,FF,FF
34875,2244,0xCFF6600,1,8,00,00,FF,FF,FF,FF,FF,FF
34894,2245,0xCF00400,1,8,FF,FF,FF,00,00,FF,FF,FF
34895,2246,0xCFF6600,1,8,00,00,FF,FF,FF,FF,FF,FF
34914,2247,0xCF00400,1,8,FF,FF,FF,00,00,FF,FF,FF
34915,2248,0xCFF6600,1,8,00,00,FF,FF,FF,FF,FF,FF
34934,2249,0xCF00400,1,8,FF,FF,FF,00,00,FF,FF,FF
34935,2250,0xCFF6600,1,8,00,00,FF,FF,FF,FF,FF,FF
34945,2251,0x10FF6500,1,8,FC,FF,FF,FF,FF,FF,FF,FF
34946,2252,0x18F00500,1,8,FF,FF,FF,FF,20,2D,FF,FF
34946,2253,0x18FEF100,1,8,3F,00,00,FF,FF,FF,FF,FF
34947,2254,0x18FEF200,1,8,00,00,00,FB,00,00,00,FF
34954,2255,0xCF00400,1,8,FF,FF,FF,00,00,FF,FF,FF
34955,2256,0xCFF6600,1,8,00,00,FF,FF,FF,FF,FF,FF
34974,2257,0xCF00400,1,8,FF,FF,FF,00,00,FF,FF,FF
34975,2258,0xCFF6600,1,8,00,00,FF,FF,FF,FF,FF,FF
34994,2259,0xCF00400,1,8,FF,FF,FF,00,00,FF,FF,FF
34995,2260,0xCFF6600,1,8,00,00,FF,FF,FF,FF,FF,FF
35004,2261,0x18FDE500,1,8,0A,14,1E,28,32,3C,46,13
35005,2262,0x18FEEE00,1,8,60,FF,FF,FF,FF,FF,FF,FF
35014,2263,0xCF00400,1,8,FF,FF,FF,00,00,FF,FF,FF
35035,2264,0xCF00400,1,8,FF,FF,FF,00,00,FF,FF,FF
35036,2265,0xCFF6600,1,8,00,00,FF,FF,FF,FF,FF,FF
35036,2266,0x1CECFF00,1,8,20,0A,00,02,FF,CA,FE,00
35045,2267,0x18FEF100,1,8,3F,00,00,FF,FF,FF,FF,FF
35046,2268,0x18F00500,1,8,FF,FF,FF,FF,20,2D,FF,FF
35046,2269,0x18FEF200,1,8,00,00,00,FB,00,00,00,FF
35055,2270,0xCF00400,1,8,FF,FF,FF,00,00,FF,FF,FF
35056,2271,0xCFF6600,1,8,00,00,FF,FF,FF,FF,FF,FF
35075,2272,0xCF00400,1,8,FF,FF,FF,00,00,FF,FF,FF
35076,2273,0xCFF6600,1,8,00,00,FF,FF,FF,FF,FF,FF
35076,2274,0x1CEBFF00,1,8,01,40,FF,0F,F0,E5,01,02
35094,2275,0xCF00400,1,8,FF,FF,FF,00,00,FF,FF,FF
35095,2276,0xCFF6600,1,8,00,00,FF,FF,FF,FF,FF,FF
35114,2277,0xCF00400,1,8,FF,FF,FF,00,00,FF,FF,FF
35115,2278,0xCFF6600,1,8,00,00,FF,FF,FF,FF,FF,FF
35124,2279,0x1CEBFF00,1,8,02,F0,E3,01,FF,FF,FF,FF
35135,2280,0xCF00400,1,8,FF,FF,FF,00,00,FF,FF,FF
35136,2281,0xCFF6600,1,8,00,00,FF,FF,FF,FF,FF,FF
35145,2282,0x10FF6500,1,8,FC,FF,FF,FF,FF,FF,FF,FF
35146,2283,0x18F00500,1,8,FF,FF,FF,FF,20,2D,FF,FF
35167,2284,0xCF00400,1,8,FF,FF,FF,00,00,FF,FF,FF
35167,2285,0xCFF6600,1,8,00,00,FF,FF,FF,FF,FF,FF
35168,2286,0x18FEF100,1,8,3F,00,00,FF,FF,FF,FF,FF
35169,2287,0x18FEF200,1,8,00,00,00,FB,00,00,00,FF
35175,2288,0xCF00400,1,8,FF,FF,FF,00,00,FF,FF,FF
35175,2289,0xCFF6600,1,8,00,00,FF,FF,FF,FF,FF,FF
35195,2290,0xCF00400,1,8,FF,FF,FF,00,00,FF,FF,FF
35195,2291,0xCFF6600,1,8,00,00,FF,FF,FF,FF,FF,FF
35215,2292,0xCF00400,1,8,FF,FF,FF,00,00,FF,FF,FF
35215,2293,0xCFF6600,1,8,00,00,FF,FF,FF,FF,FF,FF
35235,2294,0xCF00400,1,8,FF,FF,FF,00,00,FF,FF,FF
35236,2295,0xCFF6600,1,8,00,00,FF,FF,FF,FF,FF,FF
35246,2296,0x18F00500,1,8,FF,FF,FF,FF,20,2D,FF,FF
35246,2297,0x18FEF100,1,8,3F,00,00,FF,FF,FF,FF,FF
35247,2298,0x18FEF200,1,8,00,00,00,FB,00,00,00,FF
35254,2299,0xCF00400,1,8,FF,FF,FF,00,00,FF,FF,FF
35255,2300,0xCFF6600,1,8,00,00,FF,FF,FF,FF,FF,FF
35274,2301,0xCF00400,1,8,FF,FF,FF,00,00,FF,FF,FF
35275,2302,0xCFF6600,1,8,00,00,FF,FF,FF,FF,FF,FF
35294,2303,0xCF00400,1,8,FF,FF,FF,00,00,FF,FF,FF
35295,2304,0xCFF6600,1,8,00,00,FF,FF,FF,FF,FF,FF
35316,2305,0xCF00400,1,8,FF,FF,FF,00,00,FF,FF,FF
35316,2306,0xCFF6600,1,8,00,00,FF,FF,FF,FF,FF,FF
35334,2307,0xCF00400,1,8,FF,FF,FF,00,00,FF,FF,FF
35335,2308,0xCFF6600,1,8,00,00,FF,FF,FF,FF,FF,FF
35345,2309,0x18FEF100,1,8,3F,00,00,FF,FF,FF,FF,FF
35346,2310,0x10FF6500,1,8,FC,FF,FF,FF,FF,FF,FF,FF
35346,2311,0x18F00500,1,8,FF,FF,FF,FF,20,2D,FF,FF
35347,2312,0x18F00600,1,8,FF,FF,FF,FF,FF,FF,FF,FF
35347,2313,0x18FEF200,1,8,00,00,00,FB,00,00,00,FF
35348,2314,0x1CFDDF00,1,8,FE,FF,FF,FF,FF,FF,FF,FF
35350,2315,0x1CFF6A00,1,8,FC,FF,FF,FF,FF,FF,FF,FF
35355,2316,0xCF00400,1,8,FF,FF,FF,00,00,FF,FF,FF
35355,2317,0xCFF6600,1,8,00,00,FF,FF,FF,FF,FF,FF
35375,2318,0xCF00400,1,8,FF,FF,FF,00,00,FF,FF,FF
35395,2319,0xCF00400,1,8,FF,FF,FF,00,00,FF,FF,FF
35396,2320,0xCFF6600,1,8,00,00,FF,FF,FF,FF,FF,FF
35414,2321,0xCF00400,1,8,FF,FF,FF,00,00,FF,FF,FF
35415,2322,0xCFF6600,1,8,00,00,FF,FF,FF,FF,FF,FF
35435,2323,0xCF00400,1,8,FF,FF,FF,00,00,FF,FF,FF
35435,2324,0xCFF6600,1,8,00,00,FF,FF,FF,FF,FF,FF
35445,2325,0x18F00500,1,8,FF,FF,FF,FF,20,2D,FF,FF
35446,2326,0x18FEF100,1,8,3F,00,00,FF,FF,FF,FF,FF
35447,2327,0x18FEF200,1,8,00,00,00,FB,00,00,00,FF
35455,2328,0xCF00400,1,8,FF,FF,FF,00,00,FF,FF,FF
35455,2329,0xCFF6600,1,8,00,00,FF,FF,FF,FF,FF,FF
35475,2330,0xCF00400,1,8,FF,FF,FF,00,00,FF,FF,FF
35475,2331,0xCFF6600,1,8,00,00,FF,FF,FF,FF,FF,FF
35495,2332,0xCF00400,1,8,FF,FF,FF,00,00,FF,FF,FF
35495,2333,0xCFF6600,1,8,00,00,FF,FF,FF,FF,FF,FF
35515,2334,0xCF00400,1,8,FF,FF,FF,00,00,FF,FF,FF
35535,2335,0xCF00400,1,8,FF,FF,FF,00,00,FF,FF,FF
35536,2336,0xCFF6600,1,8,00,00,FF,FF,FF,FF,FF,FF
35545,2337,0x18FEF100,1,8,3F,00,00,FF,FF,FF,FF,FF
35546,2338,0x10FF6500,1,8,FC,FF,FF,FF,FF,FF,FF,FF
35546,2339,0x18F00500,1,8,FF,FF,FF,FF,20,2D,FF,FF
35547,2340,0x18FEF200,1,8,00,00,00,FB,00,00,00,FF
35554,2341,0xCF00400,1,8,FF,FF,FF,00,00,FF,FF,FF
35555,2342,0xCFF6600,1,8,00,00,FF,FF,FF,FF,FF,FF
35574,2343,0xCF00400,1,8,FF,FF,FF,00,00,FF,FF,FF
35575,2344,0xCFF6600,1,8,00,00,FF,FF,FF,FF,FF,FF
35594,2345,0xCF00400,1,8,FF,FF,FF,00,00,FF,FF,FF
35595,2346,0xCFF6600,1,8,00,00,FF,FF,FF,FF,FF,FF
35615,2347,0xCF00400,1,8,FF,FF,FF,00,00,FF,FF,FF
35615,2348,0xCFF6600,1,8,00,00,FF,FF,FF,FF,FF,FF
35635,2349,0xCF00400,1,8,FF,FF,FF,00,00,FF,FF,FF
35635,2350,0xCFF6600,1,8,00,00,FF,FF,FF,FF,FF,FF
35645,2351,0x18F00500,1,8,FF,FF,FF,FF,20,2D,FF,FF
35646,2352,0x18FEF100,1,8,3F,00,00,FF,FF,FF,FF,FF
35647,2353,0x18FEF200,1,8,00,00,00,FB,00,00,00,FF
35657,2354,0xCF00400,1,8,FF,FF,FF,00,00,FF,FF,FF
35657,2355,0xCFF6600,1,8,00,00,FF,FF,FF,FF,FF,FF
35674,2356,0xCF00400,1,8,FF,FF,FF,00,00,FF,FF,FF
35675,2357,0xCFF6600,1,8,00,00,FF,FF,FF,FF,FF,FF
35694,2358,0xCF00400,1,8,FF,FF,FF,00,00,FF,FF,FF
35695,2359,0xCFF6600,1,8,00,00,FF,FF,FF,FF,FF,FF
35714,2360,0xCF00400,1,8,FF,FF,FF,00,00,FF,FF,FF
35735,2361,0xCF00400,1,8,FF,FF,FF,00,00,FF,FF,FF
35736,2362,0xCFF6600,1,8,00,00,FF,FF,FF,FF,FF,FF
35746,2363,0x10FF6500,1,8,FC,FF,FF,FF,FF,FF,FF,FF
35747,2364,0x18F00500,1,8,FF,FF,FF,FF,20,2D,FF,FF
35747,2365,0x18FEF100,1,8,3F,00,00,FF,FF,FF,FF,FF
35748,2366,0x18FEF200,1,8,00,00,00,FB,00,00,00,FF
35754,2367,0xCF00400,1,8,FF,FF,FF,00,00,FF,FF,FF
35755,2368,0xCFF6600,1,8,00,00,FF,FF,FF,FF,FF,FF
35774,2369,0xCF00400,1,8,FF,FF,FF,00,00,FF,FF,FF
35775,2370,0xCFF6600,1,8,00,00,FF,FF,FF,FF,FF,FF
35795,2371,0xCF00400,1,8,FF,FF,FF,00,00,FF,FF,FF
35795,2372,0xCFF6600,1,8,00,00,FF,FF,FF,FF,FF,FF
35815,2373,0xCF00400,1,8,FF,FF,FF,00,00,FF,FF,FF
35815,2374,0xCFF6600,1,8,00,00,FF,FF,FF,FF,FF,FF
35835,2375,0xCF00400,1,8,FF,FF,FF,00,00,FF,FF,FF
35835,2376,0xCFF6600,1,8,00,00,FF,FF,FF,FF,FF,FF
35847,2377,0x18F00500,1,8,FF,FF,FF,FF,20,2D,FF,FF
35848,2378,0x18F00600,1,8,FF,FF,FF,FF,FF,FF,FF,FF
35848,2379,0x18FEF100,1,8,3F,00,00,FF,FF,FF,FF,FF
35849,2380,0x18FEF200,1,8,00,00,00,FB,00,00,00,FF
35849,2381,0x1CFDDF00,1,8,FE,FF,FF,FF,FF,FF,FF,FF
35850,2382,0x1CFF6A00,1,8,FC,FF,FF,FF,FF,FF,FF,FF
35854,2383,0xCF00400,1,8,FF,FF,FF,00,00,FF,FF,FF
35855,2384,0xCFF6600,1,8,00,00,FF,FF,FF,FF,FF,FF
35875,2385,0xCF00400,1,8,FF,FF,FF,00,00,FF,FF,FF
35875,2386,0xCFF6600,1,8,00,00,FF,FF,FF,FF,FF,FF
35895,2387,0xCF00400,1,8,FF,FF,FF,00,00,FF,FF,FF
35895,2388,0xCFF6600,1,8,00,00,FF,FF,FF,FF,FF,FF
35915,2389,0xCF00400,1,8,FF,FF,FF,00,00,FF,FF,FF
35935,2390,0xCF00400,1,8,FF,FF,FF,00,00,FF,FF,FF
35936,2391,0xCFF6600,1,8,00,00,FF,FF,FF,FF,FF,FF
35945,2392,0x10FF6500,1,8,FC,FF,FF,FF,FF,FF,FF,FF
35946,2393,0x18F00500,1,8,FF,FF,FF,FF,20,2D,FF,FF
35946,2394,0x18FEF100,1,8,3F,00,00,FF,FF,FF,FF,FF
35947,2395,0x18FEF200,1,8,00,00,00,FB,00,00,00,FF
35954,2396,0xCF00400,1,8,FF,FF,FF,00,00,FF,FF,FF
35955,2397,0xCFF6600,1,8,00,00,FF,FF,FF,FF,FF,FF
35974,2398,0xCF00400,1,8,FF,FF,FF,00,00,FF,FF,FF
35975,2399,0xCFF6600,1,8,00,00,FF,FF,FF,FF,FF,FF
35994,2400,0xCF00400,1,8,FF,FF,FF,00,00,FF,FF,FF
35995,2401,0xCFF6600,1,8,00,00,FF,FF,FF,FF,FF,FF
36004,2402,0x18FDE500,1,8,0A,14,1E,28,32,3C,46,13
36005,2403,0x18FEEE00,1,8,60,FF,FF,FF,FF,FF,FF,FF
36014,2404,0xCF00400,1,8,FF,FF,FF,00,00,FF,FF,FF
36015,2405,0xCFF6600,1,8,00,00,FF,FF,FF,FF,FF,FF
36025,2406,0x1CECFF00,1,8,20,0A,00,02,FF,CA,FE,00
36034,2407,0xCF00400,1,8,FF,FF,FF,00,00,FF,FF,FF
36035,2408,0xCFF6600,1,8,00,00,FF,FF,FF,FF,FF,FF
36045,2409,0x18F00500,1,8,FF,FF,FF,FF,20,2D,FF,FF
36046,2410,0x18FEF100,1,8,3F,00,00,FF,FF,FF,FF,FF
36047,2411,0x18FEF200,1,8,00,00,00,FB,00,00,00,FF
36056,2412,0xCF00400,1,8,FF,FF,FF,00,00,FF,FF,FF
36057,2413,0xCFF6600,1,8,00,00,FF,FF,FF,FF,FF,FF
36075,2414,0xCF00400,1,8,FF,FF,FF,00,00,FF,FF,FF
36075,2415,0xCFF6600,1,8,00,00,FF,FF,FF,FF,FF,FF
36076,2416,0x1CEBFF00,1,8,01,40,FF,0F,F0,E5,01,02
36094,2417,0xCF00400,1,8,FF,FF,FF,00,00,FF,FF,FF
36095,2418,0xCFF6600,1,8,00,00,FF,FF,FF,FF,FF,FF
36114,2419,0xCF00400,1,8,FF,FF,FF,00,00,FF,FF,FF
36115,2420,0xCFF6600,1,8,00,00,FF,FF,FF,FF,FF,FF
36124,2421,0x1CEBFF00,1,8,02,F0,E3,01,FF,FF,FF,FF
36134,2422,0xCF00400,1,8,FF,FF,FF,00,00,FF,FF,FF
36135,2423,0xCFF6600,1,8,00,00,FF,FF,FF,FF,FF,FF
36147,2424,0x10FF6500,1,8,FC,FF,FF,FF,FF,FF,FF,FF
36148,2425,0x18F00500,1,8,FF,FF,FF,FF,20,2D,FF,FF
36148,2426,0x18FEF100,1,8,3F,00,00,FF,FF,FF,FF,FF
36149,2427,0x18FEF200,1,8,00,00,00,FB,00,00,00,FF
36154,2428,0xCF00400,1,8,FF,FF,FF,00,00,FF,FF,FF
36155,2429,0xCFF6600,1,8,00,00,FF,FF,FF,FF,FF,FF
36174,2430,0xCF00400,1,8,FF,FF,FF,00,00,FF,FF,FF
36175,2431,0xCFF6600,1,8,00,00,FF,FF,FF,FF,FF,FF
36194,2432,0xCF00400,1,8,FF,FF,FF,00,00,FF,FF,FF
36195,2433,0xCFF6600,1,8,00,00,FF,FF,FF,FF,FF,FF
36216,2434,0xCF00400,1,8,FF,FF,FF,00,00,FF,FF,FF
36216,2435,0xCFF6600,1,8,00,00,FF,FF,FF,FF,FF,FF
36235,2436,0xCF00400,1,8,FF,FF,FF,00,00,FF,FF,FF
36236,2437,0xCFF6600,1,8,00,00,FF,FF,FF,FF,FF,FF
36245,2438,0x18FEF100,1,8,3F,00,00,FF,FF,FF,FF,FF
36246,2439,0x18F00500,1,8,FF,FF,FF,FF,20,2D,FF,FF
36247,2440,0x18FEF200,1,8,00,00,00,FB,00,00,00,FF
36255,2441,0xCF00400,1,8,FF,FF,FF,00,00,FF,FF,FF
36276,2442,0xCF00400,1,8,FF,FF,FF,00,00,FF,FF,FF
36276,2443,0xCFF6600,1,8,00,00,FF,FF,FF,FF,FF,FF
36295,2444,0xCF00400,1,8,FF,FF,FF,00,00,FF,FF,FF
36295,2445,0xCFF6600,1,8,00,00,FF,FF,FF,FF,FF,FF
36315,2446,0xCF00400,1,8,FF,FF,FF,00,00,FF,FF,FF
36315,2447,0xCFF6600,1,8,00,00,FF,FF,FF,FF,FF,FF
36335,2448,0xCF00400,1,8,FF,FF,FF,00,00,FF,FF,FF
36335,2449,0xCFF6600,1,8,00,00,FF,FF,FF,FF,FF,FF
36346,2450,0x10FF6500,1,8,FC,FF,FF,FF,FF,FF,FF,FF
36346,2451,0x18F00500,1,8,FF,FF,FF,FF,20,2D,FF,FF
36347,2452,0x18F00600,1,8,FF,FF,FF,FF,FF,FF,FF,FF
36348,2453,0x18FEF100,1,8,3F,00,00,FF,FF,FF,FF,FF
36348,2454,0x18FEF200,1,8,00,00,00,FB,00,00,00,FF
36350,2455,0x1CFDDF00,1,8,FE,FF,FF,FF,FF,FF,FF,FF
36350,2456,0x1CFF6A00,1,8,FC,FF,FF,FF,FF,FF,FF,FF
36354,2457,0xCF00400,1,8,FF,FF,FF,00,00,FF,FF,FF
36355,2458,0xCFF6600,1,8,00,00,FF,FF,FF,FF,FF,FF
36374,2459,0xCF00400,1,8,FF,FF,FF,00,00,FF,FF,FF
36395,2460,0xCF00400,1,8,FF,FF,FF,00,00,FF,FF,FF
36396,2461,0xCFF6600,1,8,00,00,FF,FF,FF,FF,FF,FF
36414,2462,0xCF00400,1,8,FF,FF,FF,00,00,FF,FF,FF
36415,2463,0xCFF6600,1,8,00,00,FF,FF,FF,FF,FF,FF
36435,2464,0xCF00400,1,8,FF,FF,FF,00,00,FF,FF,FF
36435,2465,0xCFF6600,1,8,00,00,FF,FF,FF,FF,FF,FF
36446,2466,0x18F00500,1,8,FF,FF,FF,FF,20,2D,FF,FF
36446,2467,0x18FEF100,1,8,3F,00,00,FF,FF,FF,FF,FF
36447,2468,0x18FEF200,1,8,00,00,00,FB,00,00,00,FF
36455,2469,0xCF00400,1,8,FF,FF,FF,00,00,FF,FF,FF
36455,2470,0xCFF6600,1,8,00,00,FF,FF,FF,FF,FF,FF
36475,2471,0xCF00400,1,8,FF,FF,FF,00,00,FF,FF,FF
36475,2472,0xCFF6600,1,8,00,00,FF,FF,FF,FF,FF,FF
36495,2473,0xCF00400,1,8,FF,FF,FF,00,00,FF,FF,FF
36495,2474,0xCFF6600,1,8,00,00,FF,FF,FF,FF,FF,FF
36515,2475,0xCF00400,1,8,FF,FF,FF,00,00,FF,FF,FF
36515,2476,0xCFF6600,1,8,00,00,FF,FF,FF,FF,FF,FF
36535,2477,0xCF00400,1,8,FF,FF,FF,00,00,FF,FF,FF
36536,2478,0xCFF6600,1,8,00,00,FF,FF,FF,FF,FF,FF
36545,2479,0x10FF6500,1,8,FC,FF,FF,FF,FF,FF,FF,FF
36546,2480,0x18F00500,1,8,FF,FF,FF,FF,20,2D,FF,FF
36567,2481,0xCF00400,1,8,FF,FF,FF,00,00,FF,FF,FF
36567,2482,0xCFF6600,1,8,00,00,FF,FF,FF,FF,FF,FF
36568,2483,0x18FEF100,1,8,3F,00,00,FF,FF,FF,FF,FF
36569,2484,0x18FEF200,1,8,00,00,00,FB,00,00,00,FF
36575,2485,0xCF00400,1,8,FF,FF,FF,00,00,FF,FF,FF
36575,2486,0xCFF6600,1,8,00,00,FF,FF,FF,FF,FF,FF
36595,2487,0xCF00400,1,8,FF,FF,FF,00,00,FF,FF,FF
36595,2488,0xCFF6600,1,8,00,00,FF,FF,FF,FF,FF,FF
36615,2489,0xCF00400,1,8,FF,FF,FF,00,00,FF,FF,FF
36615,2490,0xCFF6600,1,8,00,00,FF,FF,FF,FF,FF,FF
36635,2491,0xCF00400,1,8,FF,FF,FF,00,00,FF,FF,FF
36636,2492,0xCFF6600,1,8,00,00,FF,FF,FF,FF,FF,FF
36646,2493,0x18F00500,1,8,FF,FF,FF,FF,20,2D,FF,FF
36646,2494,0x18FEF100,1,8,3F,00,00,FF,FF,FF,FF,FF
36647,2495,0x18FEF200,1,8,00,00,00,FB,00,00,00,FF
36654,2496,0xCF00400,1,8,FF,FF,FF,00,00,FF,FF,FF
36655,2497,0xCFF6600,1,8,00,00,FF,FF,FF,FF,FF,FF
36674,2498,0xCF00400,1,8,FF,FF,FF,00,00,FF,FF,FF
36675,2499,0xCFF6600,1,8,00,00,FF,FF,FF,FF,FF,FF
36694,2500,0xCF00400,1,8,FF,FF,FF,00,00,FF,FF,FF
36720,2501,0xCFF6600,1,8,00,00,FF,FF,FF,FF,FF,FF
36721,2502,0x18EEFF00,1,8,08,CF,60,06,00,00,00,00
36734,2503,0xCF00400,1,8,FF,FF,FF,00,00,FF,FF,FF
36735,2504,0xCFF6600,1,8,00,00,FF,FF,FF,FF,FF,FF
36745,2505,0x18FEF100,1,8,3F,00,00,FF,FF,FF,FF,FF
36746,2506,0x10FF6500,1,8,FC,FF,FF,FF,FF,FF,FF,FF
36747,2507,0x18F00500,1,8,FF,FF,FF,FF,20,2D,FF,FF
36747,2508,0x18FEF200,1,8,00,00,00,FB,00,00,00,FF
36754,2509,0xCF00400,1,8,FF,FF,FF,00,00,FF,FF,FF
36755,2510,0xCFF6600,1,8,00,00,FF,FF,FF,FF,FF,FF
36774,2511,0xCF00400,1,8,FF,FF,FF,00,00,FF,FF,FF
36775,2512,0xCFF6600,1,8,00,00,FF,FF,FF,FF,FF,FF
36794,2513,0xCF00400,1,8,FF,FF,FF,00,00,FF,FF,FF
36795,2514,0xCFF6600,1,8,00,00,FF,FF,FF,FF,FF,FF
36815,2515,0xCF00400,1,8,FF,FF,FF,00,00,FF,FF,FF
36815,2516,0xCFF6600,1,8,00,00,FF,FF,FF,FF,FF,FF
36835,2517,0xCF00400,1,8,FF,FF,FF,00,00,FF,FF,FF
36835,2518,0xCFF6600,1,8,00,00,FF,FF,FF,FF,FF,FF
36865,2519,0xCF00400,1,8,FF,FF,FF,00,00,FF,FF,FF
36866,2520,0xCFF6600,1,8,00,00,FF,FF,FF,FF,FF,FF
36867,2521,0x18F00500,1,8,FF,FF,FF,FF,20,2D,FF,FF
36868,2522,0x18F00600,1,8,FF,FF,FF,FF,FF,FF,FF,FF
36869,2523,0x18FEF100,1,8,3F,00,00,FF,FF,FF,FF,FF
36869,2524,0x18FEF200,1,8,00,00,00,FB,00,00,00,FF
36871,2525,0x1CFDDF00,1,8,FE,FF,FF,FF,FF,FF,FF,FF
36871,2526,0x1CFF6A00,1,8,FC,FF,FF,FF,FF,FF,FF,FF
36874,2527,0xCF00400,1,8,FF,FF,FF,00,00,FF,FF,FF
36875,2528,0xCFF6600,1,8,00,00,FF,FF,FF,FF,FF,FF
36894,2529,0xCF00400,1,8,FF,FF,FF,00,00,FF,FF,FF
36895,2530,0xCFF6600,1,8,00,00,FF,FF,FF,FF,FF,FF
36914,2531,0xCF00400,1,8,FF,FF,FF,00,00,FF,FF,FF
36915,2532,0xCFF6600,1,8,00,00,FF,FF,FF,FF,FF,FF
36934,2533,0xCF00400,1,8,FF,FF,FF,00,00,FF,FF,FF
36935,2534,0xCFF6600,1,8,00,00,FF,FF,FF,FF,FF,FF
36945,2535,0x10FF6500,1,8,FC,FF,FF,FF,FF,FF,FF,FF
36946,2536,0x18F00500,1,8,FF,FF,FF,FF,20,2D,FF,FF
36946,2537,0x18FEF100,1,8,3F,00,00,FF,FF,FF,FF,FF
36947,2538,0x18FEF200,1,8,00,00,00,FB,00,00,00,FF
36954,2539,0xCF00400,1,8,FF,FF,FF,00,00,FF,FF,FF
36955,2540,0xCFF6600,1,8,00,00,FF,FF,FF,FF,FF,FF
36975,2541,0xCF00400,1,8,FF,FF,FF,00,00,FF,FF,FF
36975,2542,0xCFF6600,1,8,00,00,FF,FF,FF,FF,FF,FF
36995,2543,0xCF00400,1,8,FF,FF,FF,00,00,FF,FF,FF
36996,2544,0xCFF6600,1,8,00,00,FF,FF,FF,FF,FF,FF
37004,2545,0x18FDE500,1,8,0A,14,1E,28,32,3C,46,13
37005,2546,0x18FEEE00,1,8,60,FF,FF,FF,FF,FF,FF,FF
37015,2547,0xCF00400,1,8,FF,FF,FF,00,00,FF,FF,FF
37016,2548,0xCFF6600,1,8,00,00,FF,FF,FF,FF,FF,FF
37024,2549,0x1CECFF00,1,8,20,0A,00,02,FF,CA,FE,00
37035,2550,0xCF00400,1,8,FF,FF,FF,00,00,FF,FF,FF
37035,2551,0xCFF6600,1,8,00,00,FF,FF,FF,FF,FF,FF
37046,2552,0x18F00500,1,8,FF,FF,FF,FF,20,2D,FF,FF
37046,2553,0x18FEF100,1,8,3F,00,00,FF,FF,FF,FF,FF
37067,2554,0xCF00400,1,8,FF,FF,FF,00,00,FF,FF,FF
37068,2555,0xCFF6600,1,8,00,00,FF,FF,FF,FF,FF,FF
37068,2556,0x18FEF200,1,8,00,00,00,FB,00,00,00,FF
37075,2557,0xCF00400,1,8,FF,FF,FF,00,00,FF,FF,FF
37075,2558,0xCFF6600,1,8,00,00,FF,FF,FF,FF,FF,FF
37076,2559,0x1CEBFF00,1,8,01,40,FF,0F,F0,E5,01,02
37094,2560,0xCF00400,1,8,FF,FF,FF,00,00,FF,FF,FF
37095,2561,0xCFF6600,1,8,00,00,FF,FF,FF,FF,FF,FF
37114,2562,0xCF00400,1,8,FF,FF,FF,00,00,FF,FF,FF
37115,2563,0xCFF6600,1,8,00,00,FF,FF,FF,FF,FF,FF
37124,2564,0x1CEBFF00,1,8,02,F0,E3,01,FF,FF,FF,FF
37135,2565,0xCF00400,1,8,FF,FF,FF,00,00,FF,FF,FF
37135,2566,0xCFF6600,1,8,00,00,FF,FF,FF,FF,FF,FF
37145,2567,0x10FF6500,1,8,FC,FF,FF,FF,FF,FF,FF,FF
37146,2568,0x18F00500,1,8,FF,FF,FF,FF,20,2D,FF,FF
37147,2569,0x18FEF100,1,8,3F,00,00,FF,FF,FF,FF,FF
37147,2570,0x18FEF200,1,8,00,00,00,FB,00,00,00,FF
37155,2571,0xCF00400,1,8,FF,FF,FF,00,00,FF,FF,FF
37155,2572,0xCFF6600,1,8,00,00,FF,FF,FF,FF,FF,FF
37175,2573,0xCF00400,1,8,FF,FF,FF,00,00,FF,FF,FF
37175,2574,0xCFF6600,1,8,00,00,FF,FF,FF,FF,FF,FF
37195,2575,0xCF00400,1,8,FF,FF,FF,00,00,FF,FF,FF
37196,2576,0xCFF6600,1,8,00,00,FF,FF,FF,FF,FF,FF
37215,2577,0xCF00400,1,8,FF,FF,FF,00,00,FF,FF,FF
37216,2578,0xCFF6600,1,8,00,00,FF,FF,FF,FF,FF,FF
37235,2579,0xCF00400,1,8,FF,FF,FF,00,00,FF,FF,FF
37236,2580,0xCFF6600,1,8,00,00,FF,FF,FF,FF,FF,FF
37246,2581,0x18F00500,1,8,FF,FF,FF,FF,20,2D,FF,FF
37246,2582,0x18FEF100,1,8,3F,00,00,FF,FF,FF,FF,FF
37247,2583,0x18FEF200,1,8,00,00,00,FB,00,00,00,FF
37257,2584,0xCF00400,1,8,FF,FF,FF,00,00,FF,FF,FF
37257,2585,0xCFF6600,1,8,00,00,FF,FF,FF,FF,FF,FF
37275,2586,0xCF00400,1,8,FF,FF,FF,00,00,FF,FF,FF
37276,2587,0xCFF6600,1,8,00,00,FF,FF,FF,FF,FF,FF
37295,2588,0xCF00400,1,8,FF,FF,FF,00,00,FF,FF,FF
37296,2589,0xCFF6600,1,8,00,00,FF,FF,FF,FF,FF,FF
37314,2590,0xCF00400,1,8,FF,FF,FF,00,00,FF,FF,FF
37315,2591,0xCFF6600,1,8,00,00,FF,FF,FF,FF,FF,FF
37336,2592,0xCF00400,1,8,FF,FF,FF,00,00,FF,FF,FF
37336,2593,0xCFF6600,1,8,00,00,FF,FF,FF,FF,FF,FF
37345,2594,0x10FF6500,1,8,FC,FF,FF,FF,FF,FF,FF,FF
37346,2595,0x18F00500,1,8,FF,FF,FF,FF,20,2D,FF,FF
37347,2596,0x18F00600,1,8,FF,FF,FF,FF,FF,FF,FF,FF
37347,2597,0x18FEF100,1,8,3F,00,00,FF,FF,FF,FF,FF
37348,2598,0x18FEF200,1,8,00,00,00,FB,00,00,00,FF
37348,2599,0x1CFDDF00,1,8,FE,FF,FF,FF,FF,FF,FF,FF
37349,2600,0x1CFF6A00,1,8,FC,FF,FF,FF,FF,FF,FF,FF
37350,2601,0x1CFF6A00,1,8,FC,FF,FF,FF,FF,FF,FF,FF
37351,2602,0x1CFF6A00,1,8,FC,FF,FF,FF,FF,FF,FF,FF
37355,2603,0xCF00400,1,8,FF,FF,FF,00,00,FF,FF,FF
37355,2604,0xCFF6600,1,8,00,00,FF,FF,FF,FF,FF,FF
37375,2605,0xCF00400,1,8,FF,FF,FF,00,00,FF,FF,FF
37395,2606,0xCF00400,1,8,FF,FF,FF,00,00,FF,FF,FF
37396,2607,0xCFF6600,1,8,00,00,FF,FF,FF,FF,FF,FF
37414,2608,0xCF00400,1,8,FF,FF,FF,00,00,FF,FF,FF
37415,2609,0xCFF6600,1,8,00,00,FF,FF,FF,FF,FF,FF
37434,2610,0xCF00400,1,8,FF,FF,FF,00,00,FF,FF,FF
37435,2611,0xCFF6600,1,8,00,00,FF,FF,FF,FF,FF,FF
37445,2612,0x18FEF100,1,8,3F,00,00,FF,FF,FF,FF,FF
37446,2613,0x18F00500,1,8,FF,FF,FF,FF,20,2D,FF,FF
37447,2614,0x18FEF200,1,8,00,00,00,FB,00,00,00,FF
37455,2615,0xCF00400,1,8,FF,FF,FF,00,00,FF,FF,FF
37455,2616,0xCFF6600,1,8,00,00,FF,FF,FF,FF,FF,FF
37475,2617,0xCF00400,1,8,FF,FF,FF,00,00,FF,FF,FF
37475,2618,0xCFF6600,1,8,00,00,FF,FF,FF,FF,FF,FF
37495,2619,0xCF00400,1,8,FF,FF,FF,00,00,FF,FF,FF
37495,2620,0xCFF6600,1,8,00,00,FF,FF,FF,FF,FF,FF
37515,2621,0xCF00400,1,8,FF,FF,FF,00,00,FF,FF,FF
37535,2622,0xCF00400,1,8,FF,FF,FF,00,00,FF,FF,FF
37536,2623,0xCFF6600,1,8,00,00,FF,FF,FF,FF,FF,FF
37545,2624,0x18FEF100,1,8,3F,00,00,FF,FF,FF,FF,FF
37546,2625,0x10FF6500,1,8,FC,FF,FF,FF,FF,FF,FF,FF
37546,2626,0x18F00500,1,8,FF,FF,FF,FF,20,2D,FF,FF
37547,2627,0x18FEF200,1,8,00,00,00,FB,00,00,00,FF
37554,2628,0xCF00400,1,8,FF,FF,FF,00,00,FF,FF,FF
37555,2629,0xCFF6600,1,8,00,00,FF,FF,FF,FF,FF,FF
37574,2630,0xCF00400,1,8,FF,FF,FF,00,00,FF,FF,FF
37575,2631,0xCFF6600,1,8,00,00,FF,FF,FF,FF,FF,FF
37594,2632,0xCF00400,1,8,FF,FF,FF,00,00,FF,FF,FF
37595,2633,0xCFF6600,1,8,00,00,FF,FF,FF,FF,FF,FF
37615,2634,0xCF00400,1,8,FF,FF,FF,00,00,FF,FF,FF
37615,2635,0xCFF6600,1,8,00,00,FF,FF,FF,FF,FF,FF
37635,2636,0xCF00400,1,8,FF,FF,FF,00,00,FF,FF,FF
37635,2637,0xCFF6600,1,8,00,00,FF,FF,FF,FF,FF,FF
37645,2638,0x18F00500,1,8,FF,FF,FF,FF,20,2D,FF,FF
37646,2639,0x18FEF100,1,8,3F,00,00,FF,FF,FF,FF,FF
37647,2640,0x18FEF200,1,8,00,00,00,FB,00,00,00,FF
37656,2641,0xCF00400,1,8,FF,FF,FF,00,00,FF,FF,FF
37657,2642,0xCFF6600,1,8,00,00,FF,FF,FF,FF,FF,FF
37675,2643,0xCF00400,1,8,FF,FF,FF,00,00,FF,FF,FF
37675,2644,0xCFF6600,1,8,00,00,FF,FF,FF,FF,FF,FF
37695,2645,0xCF00400,1,8,FF,FF,FF,00,00,FF,FF,FF
37695,2646,0xCFF6600,1,8,00,00,FF,FF,FF,FF,FF,FF
37714,2647,0xCF00400,1,8,FF,FF,FF,00,00,FF,FF,FF
37715,2648,0xCFF6600,1,8,00,00,FF,FF,FF,FF,FF,FF
37736,2649,0xCF00400,1,8,FF,FF,FF,00,00,FF,FF,FF
37736,2650,0xCFF6600,1,8,00,00,FF,FF,FF,FF,FF,FF
37745,2651,0x10FF6500,1,8,FC,FF,FF,FF,FF,FF,FF,FF
37746,2652,0x18F00500,1,8,FF,FF,FF,FF,20,2D,FF,FF
37747,2653,0x18FEF100,1,8,3F,00,00,FF,FF,FF,FF,FF
37747,2654,0x18FEF200,1,8,00,00,00,FB,00,00,00,FF
37754,2655,0xCF00400,1,8,FF,FF,FF,00,00,FF,FF,FF
37755,2656,0xCFF6600,1,8,00,00,FF,FF,FF,FF,FF,FF
37776,2657,0xCF00400,1,8,FF,FF,FF,00,00,FF,FF,FF
37777,2658,0xCFF6600,1,8,00,00,FF,FF,FF,FF,FF,FF
37795,2659,0xCF00400,1,8,FF,FF,FF,00,00,FF,FF,FF
37795,2660,0xCFF6600,1,8,00,00,FF,FF,FF,FF,FF,FF
37815,2661,0xCF00400,1,8,FF,FF,FF,00,00,FF,FF,FF
37815,2662,0xCFF6600,1,8,00,00,FF,FF,FF,FF,FF,FF
37835,2663,0xCF00400,1,8,FF,FF,FF,00,00,FF,FF,FF
37835,2664,0xCFF6600,1,8,00,00,FF,FF,FF,FF,FF,FF
37846,2665,0x18F00500,1,8,FF,FF,FF,FF,20,2D,FF,FF
37867,2666,0xCF00400,1,8,FF,FF,FF,00,00,FF,FF,FF
37868,2667,0xCFF6600,1,8,00,00,FF,FF,FF,FF,FF,FF
37868,2668,0x18F00600,1,8,FF,FF,FF,FF,FF,FF,FF,FF
37869,2669,0x18FEF100,1,8,3F,00,00,FF,FF,FF,FF,FF
37869,2670,0x18FEF200,1,8,00,00,00,FB,00,00,00,FF
37870,2671,0x1CFDDF00,1,8,FE,FF,FF,FF,FF,FF,FF,FF
37871,2672,0x1CFF6A00,1,8,FC,FF,FF,FF,FF,FF,FF,FF
37874,2673,0xCF00400,1,8,FF,FF,FF,00,00,FF,FF,FF
37875,2674,0xCFF6600,1,8,00,00,FF,FF,FF,FF,FF,FF
37894,2675,0xCF00400,1,8,FF,FF,FF,00,00,FF,FF,FF
37895,2676,0xCFF6600,1,8,00,00,FF,FF,FF,FF,FF,FF
37915,2677,0xCF00400,1,8,FF,FF,FF,00,00,FF,FF,FF
37915,2678,0xCFF6600,1,8,00,00,FF,FF,FF,FF,FF,FF
37935,2679,0xCF00400,1,8,FF,FF,FF,00,00,FF,FF,FF
37935,2680,0xCFF6600,1,8,00,00,FF,FF,FF,FF,FF,FF
37946,2681,0x10FF6500,1,8,FC,FF,FF,FF,FF,FF,FF,FF
37947,2682,0x18F00500,1,8,FF,FF,FF,FF,20,2D,FF,FF
37947,2683,0x18FEF100,1,8,3F,00,00,FF,FF,FF,FF,FF
37948,2684,0x18FEF200,1,8,00,00,00,FB,00,00,00,FF
37955,2685,0xCF00400,1,8,FF,FF,FF,00,00,FF,FF,FF
37956,2686,0xCFF6600,1,8,00,00,FF,FF,FF,FF,FF,FF
37975,2687,0xCF00400,1,8,FF,FF,FF,00,00,FF,FF,FF
37976,2688,0xCFF6600,1,8,00,00,FF,FF,FF,FF,FF,FF
37996,2689,0xCF00400,1,8,FF,FF,FF,00,00,FF,FF,FF
37996,2690,0xCFF6600,1,8,00,00,FF,FF,FF,FF,FF,FF
38004,2691,0x18FEEE00,1,8,60,FF,FF,FF,FF,FF,FF,FF
38005,2692,0x18FDE500,1,8,0A,14,1E,28,32,3C,46,13
38015,2693,0xCF00400,1,8,FF,FF,FF,00,00,FF,FF,FF
38016,2694,0xCFF6600,1,8,00,00,FF,FF,FF,FF,FF,FF
38024,2695,0x1CECFF00,1,8,20,0A,00,02,FF,CA,FE,00
38035,2696,0xCF00400,1,8,FF,FF,FF,00,00,FF,FF,FF
38036,2697,0xCFF6600,1,8,00,00,FF,FF,FF,FF,FF,FF
38045,2698,0x18F00500,1,8,FF,FF,FF,FF,20,2D,FF,FF
38066,2699,0xCF00400,1,8,FF,FF,FF,00,00,FF,FF,FF
38067,2700,0xCFF6600,1,8,00,00,FF,FF,FF,FF,FF,FF
38067,2701,0x18FEF100,1,8,3F,00,00,FF,FF,FF,FF,FF
38068,2702,0x18FEF200,1,8,00,00,00,FB,00,00,00,FF
38074,2703,0xCF00400,1,8,FF,FF,FF,00,00,FF,FF,FF
38075,2704,0xCFF6600,1,8,00,00,FF,FF,FF,FF,FF,FF
38076,2705,0x1CEBFF00,1,8,01,40,FF,0F,F0,E5,01,02
38095,2706,0xCF00400,1,8,FF,FF,FF,00,00,FF,FF,FF
38095,2707,0xCFF6600,1,8,00,00,FF,FF,FF,FF,FF,FF
38115,2708,0xCF00400,1,8,FF,FF,FF,00,00,FF,FF,FF
38115,2709,0xCFF6600,1,8,00,00,FF,FF,FF,FF,FF,FF
38125,2710,0x1CEBFF00,1,8,02,F0,E3,01,FF,FF,FF,FF
38135,2711,0xCF00400,1,8,FF,FF,FF,00,00,FF,FF,FF
38135,2712,0xCFF6600,1,8,00,00,FF,FF,FF,FF,FF,FF
38145,2713,0x10FF6500,1,8,FC,FF,FF,FF,FF,FF,FF,FF
38146,2714,0x18F00500,1,8,FF,FF,FF,FF,20,2D,FF,FF
38147,2715,0x18FEF100,1,8,3F,00,00,FF,FF,FF,FF,FF
38147,2716,0x18FEF200,1,8,00,00,00,FB,00,00,00,FF
38155,2717,0xCF00400,1,8,FF,FF,FF,00,00,FF,FF,FF
38176,2718,0xCF00400,1,8,FF,FF,FF,00,00,FF,FF,FF
38176,2719,0xCFF6600,1,8,00,00,FF,FF,FF,FF,FF,FF
38195,2720,0xCF00400,1,8,FF,FF,FF,00,00,FF,FF,FF
38195,2721,0xCFF6600,1,8,00,00,FF,FF,FF,FF,FF,FF
38215,2722,0xCF00400,1,8,FF,FF,FF,00,00,FF,FF,FF
38215,2723,0xCFF6600,1,8,00,00,FF,FF,FF,FF,FF,FF
38235,2724,0xCF00400,1,8,FF,FF,FF,00,00,FF,FF,FF
38235,2725,0xCFF6600,1,8,00,00,FF,FF,FF,FF,FF,FF
38246,2726,0x18F00500,1,8,FF,FF,FF,FF,20,2D,FF,FF
38246,2727,0x18FEF100,1,8,3F,00,00,FF,FF,FF,FF,FF
38247,2728,0x18FEF200,1,8,00,00,00,FB,00,00,00,FF
38255,2729,0xCF00400,1,8,FF,FF,FF,00,00,FF,FF,FF
38255,2730,0xCFF6600,1,8,00,00,FF,FF,FF,FF,FF,FF
38275,2731,0xCF00400,1,8,FF,FF,FF,00,00,FF,FF,FF
38275,2732,0xCFF6600,1,8,00,00,FF,FF,FF,FF,FF,FF
38295,2733,0xCF00400,1,8,FF,FF,FF,00,00,FF,FF,FF
38296,2734,0xCFF6600,1,8,00,00,FF,FF,FF,FF,FF,FF
38316,2735,0xCF00400,1,8,FF,FF,FF,00,00,FF,FF,FF
38316,2736,0xCFF6600,1,8,00,00,FF,FF,FF,FF,FF,FF
38334,2737,0xCF00400,1,8,FF,FF,FF,00,00,FF,FF,FF
38335,2738,0xCFF6600,1,8,00,00,FF,FF,FF,FF,FF,FF
38345,2739,0x10FF6500,1,8,FC,FF,FF,FF,FF,FF,FF,FF
38346,2740,0x18F00500,1,8,FF,FF,FF,FF,20,2D,FF,FF
38347,2741,0x18F00600,1,8,FF,FF,FF,FF,FF,FF,FF,FF
38347,2742,0x18FEF100,1,8,3F,00,00,FF,FF,FF,FF,FF
38348,2743,0x18FEF200,1,8,00,00,00,FB,00,00,00,FF
38348,2744,0x1CFDDF00,1,8,FE,FF,FF,FF,FF,FF,FF,FF
38349,2745,0x1CFF6A00,1,8,FC,FF,FF,FF,FF,FF,FF,FF
38354,2746,0xCF00400,1,8,FF,FF,FF,00,00,FF,FF,FF
38355,2747,0xCFF6600,1,8,00,00,FF,FF,FF,FF,FF,FF
38374,2748,0xCF00400,1,8,FF,FF,FF,00,00,FF,FF,FF
38375,2749,0xCFF6600,1,8,00,00,FF,FF,FF,FF,FF,FF
38394,2750,0xCF00400,1,8,FF,FF,FF,00,00,FF,FF,FF
38395,2751,0xCFF6600,1,8,00,00,FF,FF,FF,FF,FF,FF
38414,2752,0xCF00400,1,8,FF,FF,FF,00,00,FF,FF,FF
38415,2753,0xCFF6600,1,8,00,00,FF,FF,FF,FF,FF,FF
38434,2754,0xCF00400,1,8,FF,FF,FF,00,00,FF,FF,FF
38435,2755,0xCFF6600,1,8,00,00,FF,FF,FF,FF,FF,FF
38447,2756,0x18F00500,1,8,FF,FF,FF,FF,20,2D,FF,FF
38448,2757,0x18FEF100,1,8,3F,00,00,FF,FF,FF,FF,FF
38449,2758,0x18FEF200,1,8,00,00,00,FB,00,00,00,FF
38455,2759,0xCF00400,1,8,FF,FF,FF,00,00,FF,FF,FF
38456,2760,0xCFF6600,1,8,00,00,FF,FF,FF,FF,FF,FF
38474,2761,0xCF00400,1,8,FF,FF,FF,00,00,FF,FF,FF
38475,2762,0xCFF6600,1,8,00,00,FF,FF,FF,FF,FF,FF
38494,2763,0xCF00400,1,8,FF,FF,FF,00,00,FF,FF,FF
38495,2764,0xCFF6600,1,8,00,00,FF,FF,FF,FF,FF,FF
38516,2765,0xCF00400,1,8,FF,FF,FF,00,00,FF,FF,FF
38517,2766,0xCFF6600,1,8,00,00,FF,FF,FF,FF,FF,FF
38534,2767,0xCF00400,1,8,FF,FF,FF,00,00,FF,FF,FF
38535,2768,0xCFF6600,1,8,00,00,FF,FF,FF,FF,FF,FF
38545,2769,0x18FEF100,1,8,3F,00,00,FF,FF,FF,FF,FF
38546,2770,0x10FF6500,1,8,FC,FF,FF,FF,FF,FF,FF,FF
38546,2771,0x18F00500,1,8,FF,FF,FF,FF,20,2D,FF,FF
38547,2772,0x18FEF200,1,8,00,00,00,FB,00,00,00,FF
38554,2773,0xCF00400,1,8,FF,FF,FF,00,00,FF,FF,FF
38575,2774,0xCF00400,1,8,FF,FF,FF,00,00,FF,FF,FF
38575,2775,0xCFF6600,1,8,00,00,FF,FF,FF,FF,FF,FF
38594,2776,0xCF00400,1,8,FF,FF,FF,00,00,FF,FF,FF
38595,2777,0xCFF6600,1,8,00,00,FF,FF,FF,FF,FF,FF
38614,2778,0xCF00400,1,8,FF,FF,FF,00,00,FF,FF,FF
38615,2779,0xCFF6600,1,8,00,00,FF,FF,FF,FF,FF,FF
38634,2780,0xCF00400,1,8,FF,FF,FF,00,00,FF,FF,FF
38635,2781,0xCFF6600,1,8,00,00,FF,FF,FF,FF,FF,FF
38645,2782,0x18F00500,1,8,FF,FF,FF,FF,20,2D,FF,FF
38646,2783,0x18FEF100,1,8,3F,00,00,FF,FF,FF,FF,FF
38647,2784,0x18FEF200,1,8,00,00,00,FB,00,00,00,FF
38655,2785,0xCF00400,1,8,FF,FF,FF,00,00,FF,FF,FF
38656,2786,0xCFF6600,1,8,00,00,FF,FF,FF,FF,FF,FF
38675,2787,0xCF00400,1,8,FF,FF,FF,00,00,FF,FF,FF
38676,2788,0xCFF6600,1,8,00,00,FF,FF,FF,FF,FF,FF
38694,2789,0xCF00400,1,8,FF,FF,FF,00,00,FF,FF,FF
38695,2790,0xCFF6600,1,8,00,00,FF,FF,FF,FF,FF,FF
38714,2791,0xCF00400,1,8,FF,FF,FF,00,00,FF,FF,FF
38715,2792,0xCFF6600,1,8,00,00,FF,FF,FF,FF,FF,FF
38736,2793,0xCF00400,1,8,FF,FF,FF,00,00,FF,FF,FF
38736,2794,0xCFF6600,1,8,00,00,FF,FF,FF,FF,FF,FF
38745,2795,0x10FF6500,1,8,FC,FF,FF,FF,FF,FF,FF,FF
38746,2796,0x18F00500,1,8,FF,FF,FF,FF,20,2D,FF,FF
38747,2797,0x18FEF100,1,8,3F,00,00,FF,FF,FF,FF,FF
38747,2798,0x18FEF200,1,8,00,00,00,FB,00,00,00,FF
38754,2799,0xCF00400,1,8,FF,FF,FF,00,00,FF,FF,FF
38755,2800,0xCFF6600,1,8,00,00,FF,FF,FF,FF,FF,FF
38774,2801,0xCF00400,1,8,FF,FF,FF,00,00,FF,FF,FF
38775,2802,0xCFF6600,1,8,00,00,FF,FF,FF,FF,FF,FF
38796,2803,0xCF00400,1,8,FF,FF,FF,00,00,FF,FF,FF
38796,2804,0xCFF6600,1,8,00,00,FF,FF,FF,FF,FF,FF
38815,2805,0xCF00400,1,8,FF,FF,FF,00,00,FF,FF,FF
38815,2806,0xCFF6600,1,8,00,00,FF,FF,FF,FF,FF,FF
38835,2807,0xCF00400,1,8,FF,FF,FF,00,00,FF,FF,FF
38835,2808,0xCFF6600,1,8,00,00,FF,FF,FF,FF,FF,FF
38846,2809,0x18F00500,1,8,FF,FF,FF,FF,20,2D,FF,FF
38846,2810,0x18F00600,1,8,FF,FF,FF,FF,FF,FF,FF,FF
38868,2811,0xCF00400,1,8,FF,FF,FF,00,00,FF,FF,FF
38868,2812,0xCFF6600,1,8,00,00,FF,FF,FF,FF,FF,FF
38869,2813,0x18FEF100,1,8,3F,00,00,FF,FF,FF,FF,FF
38869,2814,0x18FEF200,1,8,00,00,00,FB,00,00,00,FF
38870,2815,0x1CFDDF00,1,8,FE,FF,FF,FF,FF,FF,FF,FF
38871,2816,0x1CFF6A00,1,8,FC,FF,FF,FF,FF,FF,FF,FF
38871,2817,0x1CFF6A00,1,8,FC,FF,FF,FF,FF,FF,FF,FF
38873,2818,0x1CFF6A00,1,8,FC,FF,FF,FF,FF,FF,FF,FF
38874,2819,0xCF00400,1,8,FF,FF,FF,00,00,FF,FF,FF
38875,2820,0xCFF6600,1,8,00,00,FF,FF,FF,FF,FF,FF
38894,2821,0xCF00400,1,8,FF,FF,FF,00,00,FF,FF,FF
38895,2822,0xCFF6600,1,8,00,00,FF,FF,FF,FF,FF,FF
38914,2823,0xCF00400,1,8,FF,FF,FF,00,00,FF,FF,FF
38915,2824,0xCFF6600,1,8,00,00,FF,FF,FF,FF,FF,FF
38934,2825,0xCF00400,1,8,FF,FF,FF,00,00,FF,FF,FF
38935,2826,0xCFF6600,1,8,00,00,FF,FF,FF,FF,FF,FF
38945,2827,0x10FF6500,1,8,FC,FF,FF,FF,FF,FF,FF,FF
38946,2828,0x18F00500,1,8,FF,FF,FF,FF,20,2D,FF,FF
38947,2829,0x18FEF100,1,8,3F,00,00,FF,FF,FF,FF,FF
38947,2830,0x18FEF200,1,8,00,00,00,FB,00,00,00,FF
38954,2831,0xCF00400,1,8,FF,FF,FF,00,00,FF,FF,FF
38955,2832,0xCFF6600,1,8,00,00,FF,FF,FF,FF,FF,FF
38974,2833,0xCF00400,1,8,FF,FF,FF,00,00,FF,FF,FF
38975,2834,0xCFF6600,1,8,00,00,FF,FF,FF,FF,FF,FF
38995,2835,0xCF00400,1,8,FF,FF,FF,00,00,FF,FF,FF
38995,2836,0xCFF6600,1,8,00,00,FF,FF,FF,FF,FF,FF
39007,2837,0x18FDE500,1,8,0A,14,1E,28,32,3C,46,13
39007,2838,0x18FEEE00,1,8,60,FF,FF,FF,FF,FF,FF,FF
39015,2839,0xCF00400,1,8,FF,FF,FF,00,00,FF,FF,FF
39016,2840,0xCFF6600,1,8,00,00,FF,FF,FF,FF,FF,FF
39024,2841,0x1CECFF00,1,8,20,0A,00,02,FF,CA,FE,00
39034,2842,0xCF00400,1,8,FF,FF,FF,00,00,FF,FF,FF
39035,2843,0xCFF6600,1,8,00,00,FF,FF,FF,FF,FF,FF
39045,2844,0x18FEF100,1,8,3F,00,00,FF,FF,FF,FF,FF
39046,2845,0x18F00500,1,8,FF,FF,FF,FF,20,2D,FF,FF
39047,2846,0x18FEF200,1,8,00,00,00,FB,00,00,00,FF
39056,2847,0xCF00400,1,8,FF,FF,FF,00,00,FF,FF,FF
39057,2848,0xCFF6600,1,8,00,00,FF,FF,FF,FF,FF,FF
39075,2849,0xCF00400,1,8,FF,FF,FF,00,00,FF,FF,FF
39075,2850,0xCFF6600,1,8,00,00,FF,FF,FF,FF,FF,FF
39076,2851,0x1CEBFF00,1,8,01,40,FF,0F,F0,E5,01,02
39094,2852,0xCF00400,1,8,FF,FF,FF,00,00,FF,FF,FF
39095,2853,0xCFF6600,1,8,00,00,FF,FF,FF,FF,FF,FF
39114,2854,0xCF00400,1,8,FF,FF,FF,00,00,FF,FF,FF
39115,2855,0xCFF6600,1,8,00,00,FF,FF,FF,FF,FF,FF
39124,2856,0x1CEBFF00,1,8,02,F0,E3,01,FF,FF,FF,FF
39134,2857,0xCF00400,1,8,FF,FF,FF,00,00,FF,FF,FF
39135,2858,0xCFF6600,1,8,00,00,FF,FF,FF,FF,FF,FF
39145,2859,0x18FEF100,1,8,3F,00,00,FF,FF,FF,FF,FF
39166,2860,0xCF00400,1,8,FF,FF,FF,00,00,FF,FF,FF
39167,2861,0xCFF6600,1,8,00,00,FF,FF,FF,FF,FF,FF
39167,2862,0x10FF6500,1,8,FC,FF,FF,FF,FF,FF,FF,FF
39168,2863,0x18F00500,1,8,FF,FF,FF,FF,20,2D,FF,FF
39169,2864,0x18FEF200,1,8,00,00,00,FB,00,00,00,FF
39175,2865,0xCF00400,1,8,FF,FF,FF,00,00,FF,FF,FF
39175,2866,0xCFF6600,1,8,00,00,FF,FF,FF,FF,FF,FF
39195,2867,0xCF00400,1,8,FF,FF,FF,00,00,FF,FF,FF
39196,2868,0xCFF6600,1,8,00,00,FF,FF,FF,FF,FF,FF
39215,2869,0xCF00400,1,8,FF,FF,FF,00,00,FF,FF,FF
39216,2870,0xCFF6600,1,8,00,00,FF,FF,FF,FF,FF,FF
39234,2871,0xCF00400,1,8,FF,FF,FF,00,00,FF,FF,FF
39235,2872,0xCFF6600,1,8,00,00,FF,FF,FF,FF,FF,FF
39245,2873,0x18FEF100,1,8,3F,00,00,FF,FF,FF,FF,FF
39246,2874,0x18F00500,1,8,FF,FF,FF,FF,20,2D,FF,FF
39247,2875,0x18FEF200,1,8,00,00,00,FB,00,00,00,FF
39254,2876,0xCF00400,1,8,FF,FF,FF,00,00,FF,FF,FF
39255,2877,0xCFF6600,1,8,00,00,FF,FF,FF,FF,FF,FF
39274,2878,0xCF00400,1,8,FF,FF,FF,00,00,FF,FF,FF
39275,2879,0xCFF6600,1,8,00,00,FF,FF,FF,FF,FF,FF
39295,2880,0xCF00400,1,8,FF,FF,FF,00,00,FF,FF,FF
39315,2881,0xCF00400,1,8,FF,FF,FF,00,00,FF,FF,FF
39316,2882,0xCFF6600,1,8,00,00,FF,FF,FF,FF,FF,FF
39335,2883,0xCF00400,1,8,FF,FF,FF,00,00,FF,FF,FF
39336,2884,0xCFF6600,1,8,00,00,FF,FF,FF,FF,FF,FF
39345,2885,0x10FF6500,1,8,FC,FF,FF,FF,FF,FF,FF,FF
39346,2886,0x18F00500,1,8,FF,FF,FF,FF,20,2D,FF,FF
39346,2887,0x18F00600,1,8,FF,FF,FF,FF,FF,FF,FF,FF
39347,2888,0x18FEF100,1,8,3F,00,00,FF,FF,FF,FF,FF
39348,2889,0x18FEF200,1,8,00,00,00,FB,00,00,00,FF
39348,2890,0x1CFDDF00,1,8,FE,FF,FF,FF,FF,FF,FF,FF
39349,2891,0x1CFF6A00,1,8,FC,FF,FF,FF,FF,FF,FF,FF
39354,2892,0xCF00400,1,8,FF,FF,FF,00,00,FF,FF,FF
39355,2893,0xCFF6600,1,8,00,00,FF,FF,FF,FF,FF,FF
39374,2894,0xCF00400,1,8,FF,FF,FF,00,00,FF,FF,FF
39375,2895,0xCFF6600,1,8,00,00,FF,FF,FF,FF,FF,FF
39394,2896,0xCF00400,1,8,FF,FF,FF,00,00,FF,FF,FF
39395,2897,0xCFF6600,1,8,00,00,FF,FF,FF,FF,FF,FF
39415,2898,0xCF00400,1,8,FF,FF,FF,00,00,FF,FF,FF
39415,2899,0xCFF6600,1,8,00,00,FF,FF,FF,FF,FF,FF
39435,2900,0xCF00400,1,8,FF,FF,FF,00,00,FF,FF,FF
39435,2901,0xCFF6600,1,8,00,00,FF,FF,FF,FF,FF,FF
39465,2902,0xCF00400,1,8,FF,FF,FF,00,00,FF,FF,FF
39466,2903,0xCFF6600,1,8,00,00,FF,FF,FF,FF,FF,FF
39467,2904,0x18F00500,1,8,FF,FF,FF,FF,20,2D,FF,FF
39467,2905,0x18FEF100,1,8,3F,00,00,FF,FF,FF,FF,FF
39468,2906,0x18FEF200,1,8,00,00,00,FB,00,00,00,FF
39475,2907,0xCF00400,1,8,FF,FF,FF,00,00,FF,FF,FF
39476,2908,0xCFF6600,1,8,00,00,FF,FF,FF,FF,FF,FF
39495,2909,0xCF00400,1,8,FF,FF,FF,00,00,FF,FF,FF
39496,2910,0xCFF6600,1,8,00,00,FF,FF,FF,FF,FF,FF
39514,2911,0xCF00400,1,8,FF,FF,FF,00,00,FF,FF,FF
39515,2912,0xCFF6600,1,8,00,00,FF,FF,FF,FF,FF,FF
39534,2913,0xCF00400,1,8,FF,FF,FF,00,00,FF,FF,FF
39535,2914,0xCFF6600,1,8,00,00,FF,FF,FF,FF,FF,FF
39545,2915,0x10FF6500,1,8,FC,FF,FF,FF,FF,FF,FF,FF
39546,2916,0x18F00500,1,8,FF,FF,FF,FF,20,2D,FF,FF
39546,2917,0x18FEF100,1,8,3F,00,00,FF,FF,FF,FF,FF
39547,2918,0x18FEF200,1,8,00,00,00,FB,00,00,00,FF
39554,2919,0xCF00400,1,8,FF,FF,FF,00,00,FF,FF,FF
39555,2920,0xCFF6600,1,8,00,00,FF,FF,FF,FF,FF,FF
39576,2921,0xCF00400,1,8,FF,FF,FF,00,00,FF,FF,FF
39577,2922,0xCFF6600,1,8,00,00,FF,FF,FF,FF,FF,FF
39594,2923,0xCF00400,1,8,FF,FF,FF,00,00,FF,FF,FF
39595,2924,0xCFF6600,1,8,00,00,FF,FF,FF,FF,FF,FF
39614,2925,0xCF00400,1,8,FF,FF,FF,00,00,FF,FF,FF
39615,2926,0xCFF6600,1,8,00,00,FF,FF,FF,FF,FF,FF
39634,2927,0xCF00400,1,8,FF,FF,FF,00,00,FF,FF,FF
39635,2928,0xCFF6600,1,8,00,00,FF,FF,FF,FF,FF,FF
39645,2929,0x18FEF100,1,8,3F,00,00,FF,FF,FF,FF,FF
39646,2930,0x18F00500,1,8,FF,FF,FF,FF,20,2D,FF,FF
39667,2931,0xCF00400,1,8,FF,FF,FF,00,00,FF,FF,FF
39668,2932,0xCFF6600,1,8,00,00,FF,FF,FF,FF,FF,FF
39669,2933,0x18FEF200,1,8,00,00,00,FB,00,00,00,FF
39675,2934,0xCF00400,1,8,FF,FF,FF,00,00,FF,FF,FF
39675,2935,0xCFF6600,1,8,00,00,FF,FF,FF,FF,FF,FF
39695,2936,0xCF00400,1,8,FF,FF,FF,00,00,FF,FF,FF
39695,2937,0xCFF6600,1,8,00,00,FF,FF,FF,FF,FF,FF
39715,2938,0xCF00400,1,8,FF,FF,FF,00,00,FF,FF,FF
39716,2939,0xCFF6600,1,8,00,00,FF,FF,FF,FF,FF,FF
39735,2940,0xCF00400,1,8,FF,FF,FF,00,00,FF,FF,FF
39736,2941,0xCFF6600,1,8,00,00,FF,FF,FF,FF,FF,FF
39745,2942,0x18FEF100,1,8,3F,00,00,FF,FF,FF,FF,FF
39746,2943,0x10FF6500,1,8,FC,FF,FF,FF,FF,FF,FF,FF
39746,2944,0x18F00500,1,8,FF,FF,FF,FF,20,2D,FF,FF
39747,2945,0x18FEF200,1,8,00,00,00,FB,00,00,00,FF
39754,2946,0xCF00400,1,8,FF,FF,FF,00,00,FF,FF,FF
39755,2947,0xCFF6600,1,8,00,00,FF,FF,FF,FF,FF,FF
39775,2948,0xCF00400,1,8,FF,FF,FF,00,00,FF,FF,FF
39775,2949,0xCFF6600,1,8,00,00,FF,FF,FF,FF,FF,FF
39795,2950,0xCF00400,1,8,FF,FF,FF,00,00,FF,FF,FF
39815,2951,0xCF00400,1,8,FF,FF,FF,00,00,FF,FF,FF
39816,2952,0xCFF6600,1,8,00,00,FF,FF,FF,FF,FF,FF
39834,2953,0xCF00400,1,8,FF,FF,FF,00,00,FF,FF,FF
39835,2954,0xCFF6600,1,8,00,00,FF,FF,FF,FF,FF,FF
39845,2955,0x18FEF100,1,8,3F,00,00,FF,FF,FF,FF,FF
39846,2956,0x18F00500,1,8,FF,FF,FF,FF,20,2D,FF,FF
39846,2957,0x18F00600,1,8,FF,FF,FF,FF,FF,FF,FF,FF
39847,2958,0x18FEF200,1,8,00,00,00,FB,00,00,00,FF
39848,2959,0x1CFDDF00,1,8,FE,FF,FF,FF,FF,FF,FF,FF
39848,2960,0x1CFF6A00,1,8,FC,FF,FF,FF,FF,FF,FF,FF
39854,2961,0xCF00400,1,8,FF,FF,FF,00,00,FF,FF,FF
39855,2962,0xCFF6600,1,8,00,00,FF,FF,FF,FF,FF,FF
39875,2963,0xCF00400,1,8,FF,FF,FF,00,00,FF,FF,FF
39876,2964,0xCFF6600,1,8,00,00,FF,FF,FF,FF,FF,FF
39894,2965,0xCF00400,1,8,FF,FF,FF,00,00,FF,FF,FF
39895,2966,0xCFF6600,1,8,00,00,FF,FF,FF,FF,FF,FF
39914,2967,0xCF00400,1,8,FF,FF,FF,00,00,FF,FF,FF
39915,2968,0xCFF6600,1,8,00,00,FF,FF,FF,FF,FF,FF
39934,2969,0xCF00400,1,8,FF,FF,FF,00,00,FF,FF,FF
39935,2970,0xCFF6600,1,8,00,00,FF,FF,FF,FF,FF,FF
39945,2971,0x10FF6500,1,8,FC,FF,FF,FF,FF,FF,FF,FF
39946,2972,0x18F00500,1,8,FF,FF,FF,FF,20,2D,FF,FF
39946,2973,0x18FEF100,1,8,3F,00,00,FF,FF,FF,FF,FF
39947,2974,0x18FEF200,1,8,00,00,00,FB,00,00,00,FF
39954,2975,0xCF00400,1,8,FF,FF,FF,00,00,FF,FF,FF
39955,2976,0xCFF6600,1,8,00,00,FF,FF,FF,FF,FF,FF
39976,2977,0xCF00400,1,8,FF,FF,FF,00,00,FF,FF,FF
39976,2978,0xCFF6600,1,8,00,00,FF,FF,FF,FF,FF,FF
39995,2979,0xCF00400,1,8,FF,FF,FF,00,00,FF,FF,FF
39995,2980,0xCFF6600,1,8,00,00,FF,FF,FF,FF,FF,FF
40004,2981,0x18FEEE00,1,8,60,FF,FF,FF,FF,FF,FF,FF
40005,2982,0x18FDE500,1,8,0A,14,1E,28,32,3C,46,13
40015,2983,0xCF00400,1,8,FF,FF,FF,00,00,FF,FF,FF
40015,2984,0xCFF6600,1,8,00,00,FF,FF,FF,FF,FF,FF
40024,2985,0x1CECFF00,1,8,20,0A,00,02,FF,CA,FE,00
40034,2986,0xCF00400,1,8,FF,FF,FF,00,00,FF,FF,FF
40035,2987,0xCFF6600,1,8,00,00,FF,FF,FF,FF,FF,FF
40045,2988,0x18FEF100,1,8,3F,00,00,FF,FF,FF,FF,FF
40046,2989,0x18F00500,1,8,FF,FF,FF,FF,20,2D,FF,FF
40047,2990,0x18FEF200,1,8,00,00,00,FB,00,00,00,FF
40054,2991,0xCF00400,1,8,FF,FF,FF,00,00,FF,FF,FF
40055,2992,0xCFF6600,1,8,00,00,FF,FF,FF,FF,FF,FF
40076,2993,0xCF00400,1,8,FF,FF,FF,00,00,FF,FF,FF
40077,2994,0xCFF6600,1,8,00,00,FF,FF,FF,FF,FF,FF
40077,2995,0x1CEBFF00,1,8,01,40,FF,0F,F0,E5,01,02
40095,2996,0xCF00400,1,8,FF,FF,FF,00,00,FF,FF,FF
40095,2997,0xCFF6600,1,8,00,00,FF,FF,FF,FF,FF,FF
40115,2998,0xCF00400,1,8,FF,FF,FF,00,00,FF,FF,FF
40115,2999,0xCFF6600,1,8,00,00,FF,FF,FF,FF,FF,FF
40124,3000,0x1CEBFF00,1,8,02,F0,E3,01,FF,FF,FF,FF
40134,3001,0xCF00400,1,8,FF,FF,FF,00,00,FF,FF,FF
40135,3002,0xCFF6600,1,8,00,00,FF,FF,FF,FF,FF,FF
40145,3003,0x18FEF100,1,8,3F,00,00,FF,FF,FF,FF,FF
40171,3004,0x10FF6500,1,8,FC,FF,FF,FF,FF,FF,FF,FF
40172,3005,0x18EEFF00,1,8,08,CF,60,06,00,00,00,00
40173,3006,0x18F00500,1,8,FF,FF,FF,FF,20,2D,FF,FF
40173,3007,0x18FEF200,1,8,00,00,00,FB,00,00,00,FF
40174,3008,0xCF00400,1,8,FF,FF,FF,00,00,FF,FF,FF
40175,3009,0xCFF6600,1,8,00,00,FF,FF,FF,FF,FF,FF
40194,3010,0xCF00400,1,8,FF,FF,FF,00,00,FF,FF,FF
40195,3011,0xCFF6600,1,8,00,00,FF,FF,FF,FF,FF,FF
40214,3012,0xCF00400,1,8,FF,FF,FF,00,00,FF,FF,FF
40215,3013,0xCFF6600,1,8,00,00,FF,FF,FF,FF,FF,FF
40234,3014,0xCF00400,1,8,FF,FF,FF,00,00,FF,FF,FF
40235,3015,0xCFF6600,1,8,00,00,FF,FF,FF,FF,FF,FF
40245,3016,0x18FEF100,1,8,3F,00,00,FF,FF,FF,FF,FF
40246,3017,0x18F00500,1,8,FF,FF,FF,FF,20,2D,FF,FF
40246,3018,0x18FEF200,1,8,00,00,00,FB,00,00,00,FF
40254,3019,0xCF00400,1,8,FF,FF,FF,00,00,FF,FF,FF
40255,3020,0xCFF6600,1,8,00,00,FF,FF,FF,FF,FF,FF
40276,3021,0xCF00400,1,8,FF,FF,FF,00,00,FF,FF,FF
40276,3022,0xCFF6600,1,8,00,00,FF,FF,FF,FF,FF,FF
40295,3023,0xCF00400,1,8,FF,FF,FF,00,00,FF,FF,FF
40295,3024,0xCFF6600,1,8,00,00,FF,FF,FF,FF,FF,FF
40315,3025,0xCF00400,1,8,FF,FF,FF,00,00,FF,FF,FF
40315,3026,0xCFF6600,1,8,00,00,FF,FF,FF,FF,FF,FF
40335,3027,0xCF00400,1,8,FF,FF,FF,00,00,FF,FF,FF
40335,3028,0xCFF6600,1,8,00,00,FF,FF,FF,FF,FF,FF
40347,3029,0x10FF6500,1,8,FC,FF,FF,FF,FF,FF,FF,FF
40347,3030,0x18F00500,1,8,FF,FF,FF,FF,20,2D,FF,FF
40348,3031,0x18F00600,1,8,FF,FF,FF,FF,FF,FF,FF,FF
40349,3032,0x18FEF100,1,8,3F,00,00,FF,FF,FF,FF,FF
40349,3033,0x18FEF200,1,8,00,00,00,FB,00,00,00,FF
40350,3034,0x1CFDDF00,1,8,FE,FF,FF,FF,FF,FF,FF,FF
40351,3035,0x1CFF6A00,1,8,FC,FF,FF,FF,FF,FF,FF,FF
40354,3036,0xCF00400,1,8,FF,FF,FF,00,00,FF,FF,FF
40355,3037,0xCFF6600,1,8,00,00,FF,FF,FF,FF,FF,FF
40374,3038,0xCF00400,1,8,FF,FF,FF,00,00,FF,FF,FF
40375,3039,0xCFF6600,1,8,00,00,FF,FF,FF,FF,FF,FF
40394,3040,0xCF00400,1,8,FF,FF,FF,00,00,FF,FF,FF
40395,3041,0xCFF6600,1,8,00,00,FF,FF,FF,FF,FF,FF
40414,3042,0xCF00400,1,8,FF,FF,FF,00,00,FF,FF,FF
40415,3043,0xCFF6600,1,8,00,00,FF,FF,FF,FF,FF,FF
40434,3044,0xCF00400,1,8,FF,FF,FF,00,00,FF,FF,FF
40435,3045,0xCFF6600,1,8,00,00,FF,FF,FF,FF,FF,FF
40448,3046,0x18F00500,1,8,FF,FF,FF,FF,20,2D,FF,FF
40449,3047,0x18FEF100,1,8,3F,00,00,FF,FF,FF,FF,FF
40449,3048,0x18FEF200,1,8,00,00,00,FB,00,00,00,FF
40454,3049,0xCF00400,1,8,FF,FF,FF,00,00,FF,FF,FF
40455,3050,0xCFF6600,1,8,00,00,FF,FF,FF,FF,FF,FF
40474,3051,0xCF00400,1,8,FF,FF,FF,00,00,FF,FF,FF
40475,3052,0xCFF6600,1,8,00,00,FF,FF,FF,FF,FF,FF
40494,3053,0xCF00400,1,8,FF,FF,FF,00,00,FF,FF,FF
40495,3054,0xCFF6600,1,8,00,00,FF,FF,FF,FF,FF,FF
40514,3055,0xCF00400,1,8,FF,FF,FF,00,00,FF,FF,FF
40515,3056,0xCFF6600,1,8,00,00,FF,FF,FF,FF,FF,FF
40536,3057,0xCF00400,1,8,FF,FF,FF,00,00,FF,FF,FF
40537,3058,0xCFF6600,1,8,00,00,FF,FF,FF,FF,FF,FF
40546,3059,0x10FF6500,1,8,FC,FF,FF,FF,FF,FF,FF,FF
40546,3060,0x18F00500,1,8,FF,FF,FF,FF,20,2D,FF,FF
40547,3061,0x18FEF100,1,8,3F,00,00,FF,FF,FF,FF,FF
40548,3062,0x18FEF200,1,8,00,00,00,FB,00,00,00,FF
40554,3063,0xCF00400,1,8,FF,FF,FF,00,00,FF,FF,FF
40555,3064,0xCFF6600,1,8,00,00,FF,FF,FF,FF,FF,FF
40574,3065,0xCF00400,1,8,FF,FF,FF,00,00,FF,FF,FF
40575,3066,0xCFF6600,1,8,00,00,FF,FF,FF,FF,FF,FF
40594,3067,0xCF00400,1,8,FF,FF,FF,00,00,FF,FF,FF
40615,3068,0xCF00400,1,8,FF,FF,FF,00,00,FF,FF,FF
40616,3069,0xCFF6600,1,8,00,00,FF,FF,FF,FF,FF,FF
40635,3070,0xCF00400,1,8,FF,FF,FF,00,00,FF,FF,FF
40635,3071,0xCFF6600,1,8,00,00,FF,FF,FF,FF,FF,FF
40645,3072,0x18F00500,1,8,FF,FF,FF,FF,20,2D,FF,FF
40646,3073,0x18FEF100,1,8,3F,00,00,FF,FF,FF,FF,FF
40647,3074,0x18FEF200,1,8,00,00,00,FB,00,00,00,FF
40655,3075,0xCF00400,1,8,FF,FF,FF,00,00,FF,FF,FF
40655,3076,0xCFF6600,1,8,00,00,FF,FF,FF,FF,FF,FF
40675,3077,0xCF00400,1,8,FF,FF,FF,00,00,FF,FF,FF
40675,3078,0xCFF6600,1,8,00,00,FF,FF,FF,FF,FF,FF
40694,3079,0xCF00400,1,8,FF,FF,FF,00,00,FF,FF,FF
40695,3080,0xCFF6600,1,8,00,00,FF,FF,FF,FF,FF,FF
40714,3081,0xCF00400,1,8,FF,FF,FF,00,00,FF,FF,FF
40715,3082,0xCFF6600,1,8,00,00,FF,FF,FF,FF,FF,FF
40734,3083,0xCF00400,1,8,FF,FF,FF,00,00,FF,FF,FF
40735,3084,0xCFF6600,1,8,00,00,FF,FF,FF,FF,FF,FF
40745,3085,0x18FEF100,1,8,3F,00,00,FF,FF,FF,FF,FF
40746,3086,0x10FF6500,1,8,FC,FF,FF,FF,FF,FF,FF,FF
40746,3087,0x18F00500,1,8,FF,FF,FF,FF,20,2D,FF,FF
40747,3088,0x18FEF200,1,8,00,00,00,FB,00,00,00,FF
40756,3089,0xCF00400,1,8,FF,FF,FF,00,00,FF,FF,FF
40757,3090,0xCFF6600,1,8,00,00,FF,FF,FF,FF,FF,FF
40774,3091,0xCF00400,1,8,FF,FF,FF,00,00,FF,FF,FF
40775,3092,0xCFF6600,1,8,00,00,FF,FF,FF,FF,FF,FF
40795,3093,0xCF00400,1,8,FF,FF,FF,00,00,FF,FF,FF
40795,3094,0xCFF6600,1,8,00,00,FF,FF,FF,FF,FF,FF
40815,3095,0xCF00400,1,8,FF,FF,FF,00,00,FF,FF,FF
40835,3096,0xCF00400,1,8,FF,FF,FF,00,00,FF,FF,FF
40836,3097,0xCFF6600,1,8,00,00,FF,FF,FF,FF,FF,FF
40845,3098,0x18F00500,1,8,FF,FF,FF,FF,20,2D,FF,FF
40846,3099,0x18F00600,1,8,FF,FF,FF,FF,FF,FF,FF,FF
40846,3100,0x18FEF100,1,8,3F,00,00,FF,FF,FF,FF,FF
40847,3101,0x18FEF200,1,8,00,00,00,FB,00,00,00,FF
40848,3102,0x1CFDDF00,1,8,FE,FF,FF,FF,FF,FF,FF,FF
40848,3103,0x1CFF6A00,1,8,FC,FF,FF,FF,FF,FF,FF,FF
40854,3104,0xCF00400,1,8,FF,FF,FF,00,00,FF,FF,FF
40855,3105,0xCFF6600,1,8,00,00,FF,FF,FF,FF,FF,FF
40875,3106,0xCF00400,1,8,FF,FF,FF,00,00,FF,FF,FF
40875,3107,0xCFF6600,1,8,00,00,FF,FF,FF,FF,FF,FF
40894,3108,0xCF00400,1,8,FF,FF,FF,00,00,FF,FF,FF
40895,3109,0xCFF6600,1,8,00,00,FF,FF,FF,FF,FF,FF
40914,3110,0xCF00400,1,8,FF,FF,FF,00,00,FF,FF,FF
40915,3111,0xCFF6600,1,8,00,00,FF,FF,FF,FF,FF,FF
40935,3112,0xCF00400,1,8,FF,FF,FF,00,00,FF,FF,FF
40935,3113,0xCFF6600,1,8,00,00,FF,FF,FF,FF,FF,FF
40945,3114,0x18FEF100,1,8,3F,00,00,FF,FF,FF,FF,FF
40946,3115,0x10FF6500,1,8,FC,FF,FF,FF,FF,FF,FF,FF
40946,3116,0x18F00500,1,8,FF,FF,FF,FF,20,2D,FF,FF
40947,3117,0x18FEF200,1,8,00,00,00,FB,00,00,00,FF
40955,3118,0xCF00400,1,8,FF,FF,FF,00,00,FF,FF,FF
40955,3119,0xCFF6600,1,8,00,00,FF,FF,FF,FF,FF,FF
40975,3120,0xCF00400,1,8,FF,FF,FF,00,00,FF,FF,FF
40975,3121,0xCFF6600,1,8,00,00,FF,FF,FF,FF,FF,FF
40995,3122,0xCF00400,1,8,FF,FF,FF,00,00,FF,FF,FF
40996,3123,0xCFF6600,1,8,00,00,FF,FF,FF,FF,FF,FF
41004,3124,0x18FEEE00,1,8,60,FF,FF,FF,FF,FF,FF,FF
41005,3125,0x18FDE500,1,8,0A,14,1E,28,32,3C,46,13
41015,3126,0xCF00400,1,8,FF,FF,FF,00,00,FF,FF,FF
41015,3127,0xCFF6600,1,8,00,00,FF,FF,FF,FF,FF,FF
41024,3128,0x1CECFF00,1,8,20,0A,00,02,FF,CA,FE,00
41035,3129,0xCF00400,1,8,FF,FF,FF,00,00,FF,FF,FF
41035,3130,0xCFF6600,1,8,00,00,FF,FF,FF,FF,FF,FF
41045,3131,0x18F00500,1,8,FF,FF,FF,FF,20,2D,FF,FF
41046,3132,0x18FEF100,1,8,3F,00,00,FF,FF,FF,FF,FF
41047,3133,0x18FEF200,1,8,00,00,00,FB,00,00,00,FF
41055,3134,0xCF00400,1,8,FF,FF,FF,00,00,FF,FF,FF
41075,3135,0xCF00400,1,8,FF,FF,FF,00,00,FF,FF,FF
41076,3136,0xCFF6600,1,8,00,00,FF,FF,FF,FF,FF,FF
41076,3137,0x1CEBFF00,1,8,01,40,FF,0F,F0,E5,01,02
41094,3138,0xCF00400,1,8,FF,FF,FF,00,00,FF,FF,FF
41095,3139,0xCFF6600,1,8,00,00,FF,FF,FF,FF,FF,FF
41114,3140,0xCF00400,1,8,FF,FF,FF,00,00,FF,FF,FF
41115,3141,0xCFF6600,1,8,00,00,FF,FF,FF,FF,FF,FF
41124,3142,0x1CEBFF00,1,8,02,F0,E3,01,FF,FF,FF,FF
41134,3143,0xCF00400,1,8,FF,FF,FF,00,00,FF,FF,FF
41135,3144,0xCFF6600,1,8,00,00,FF,FF,FF,FF,FF,FF
41145,3145,0x18FEF100,1,8,3F,00,00,FF,FF,FF,FF,FF
41146,3146,0x10FF6500,1,8,FC,FF,FF,FF,FF,FF,FF,FF
41147,3147,0x18F00500,1,8,FF,FF,FF,FF,20,2D,FF,FF
41148,3148,0x18FEF200,1,8,00,00,00,FB,00,00,00,FF
41154,3149,0xCF00400,1,8,FF,FF,FF,00,00,FF,FF,FF
41155,3150,0xCFF6600,1,8,00,00,FF,FF,FF,FF,FF,FF
41174,3151,0xCF00400,1,8,FF,FF,FF,00,00,FF,FF,FF
41175,3152,0xCFF6600,1,8,00,00,FF,FF,FF,FF,FF,FF
41194,3153,0xCF00400,1,8,FF,FF,FF,00,00,FF,FF,FF
41195,3154,0xCFF6600,1,8,00,00,FF,FF,FF,FF,FF,FF
41215,3155,0xCF00400,1,8,FF,FF,FF,00,00,FF,FF,FF
41215,3156,0xCFF6600,1,8,00,00,FF,FF,FF,FF,FF,FF
41234,3157,0xCF00400,1,8,FF,FF,FF,00,00,FF,FF,FF
41255,3158,0xCF00400,1,8,FF,FF,FF,00,00,FF,FF,FF
41255,3159,0xCFF6600,1,8,00,00,FF,FF,FF,FF,FF,FF
41256,3160,0x18F00500,1,8,FF,FF,FF,FF,20,2D,FF,FF
41257,3161,0x18FEF100,1,8,3F,00,00,FF,FF,FF,FF,FF
41257,3162,0x18FEF200,1,8,00,00,00,FB,00,00,00,FF
41275,3163,0xCF00400,1,8,FF,FF,FF,00,00,FF,FF,FF
41276,3164,0xCFF6600,1,8,00,00,FF,FF,FF,FF,FF,FF
41295,3165,0xCF00400,1,8,FF,FF,FF,00,00,FF,FF,FF
41295,3166,0xCFF6600,1,8,00,00,FF,FF,FF,FF,FF,FF
41315,3167,0xCF00400,1,8,FF,FF,FF,00,00,FF,FF,FF
41315,3168,0xCFF6600,1,8,00,00,FF,FF,FF,FF,FF,FF
41334,3169,0xCF00400,1,8,FF,FF,FF,00,00,FF,FF,FF
41335,3170,0xCFF6600,1,8,00,00,FF,FF,FF,FF,FF,FF
41345,3171,0x18FEF100,1,8,3F,00,00,FF,FF,FF,FF,FF
41346,3172,0x10FF6500,1,8,FC,FF,FF,FF,FF,FF,FF,FF
41346,3173,0x18F00500,1,8,FF,FF,FF,FF,20,2D,FF,FF
41348,3174,0x18F00600,1,8,FF,FF,FF,FF,FF,FF,FF,FF
41348,3175,0x18FEF200,1,8,00,00,00,FB,00,00,00,FF
41349,3176,0x1CFDDF00,1,8,FE,FF,FF,FF,FF,FF,FF,FF
41349,3177,0x1CFF6A00,1,8,FC,FF,FF,FF,FF,FF,FF,FF
41354,3178,0xCF00400,1,8,FF,FF,FF,00,00,FF,FF,FF
41355,3179,0xCFF6600,1,8,00,00,FF,FF,FF,FF,FF,FF
41374,3180,0xCF00400,1,8,FF,FF,FF,00,00,FF,FF,FF
41375,3181,0xCFF6600,1,8,00,00,FF,FF,FF,FF,FF,FF
41395,3182,0xCF00400,1,8,FF,FF,FF,00,00,FF,FF,FF
41395,3183,0xCFF6600,1,8,00,00,FF,FF,FF,FF,FF,FF
41415,3184,0xCF00400,1,8,FF,FF,FF,00,00,FF,FF,FF
41415,3185,0xCFF6600,1,8,00,00,FF,FF,FF,FF,FF,FF
41426,3186,0x18EA0017,1,3,6B,FF,00,--,--,--,--,--
41434,3187,0xCF00400,1,8,FF,FF,FF,00,00,FF,FF,FF
41435,3188,0xCFF6600,1,8,00,00,FF,FF,FF,FF,FF,FF
41445,3189,0x18FEF100,1,8,3F,00,00,FF,FF,FF,FF,FF
41446,3190,0x18F00500,1,8,FF,FF,FF,FF,20,2D,FF,FF
41446,3191,0x18FEF200,1,8,00,00,00,FB,00,00,00,FF
41454,3192,0x18E81700,1,8,01,FF,FF,FF,FF,6B,FF,00
41454,3193,0xCF00400,1,8,FF,FF,FF,00,00,FF,FF,FF
41455,3194,0xCFF6600,1,8,00,00,FF,FF,FF,FF,FF,FF
41474,3195,0xCF00400,1,8,FF,FF,FF,00,00,FF,FF,FF
41475,3196,0xCFF6600,1,8,00,00,FF,FF,FF,FF,FF,FF
41494,3197,0xCF00400,1,8,FF,FF,FF,00,00,FF,FF,FF
41495,3198,0xCFF6600,1,8,00,00,FF,FF,FF,FF,FF,FF
41514,3199,0xCF00400,1,8,FF,FF,FF,00,00,FF,FF,FF
41515,3200,0xCFF6600,1,8,00,00,FF,FF,FF,FF,FF,FF
41534,3201,0xCF00400,1,8,FF,FF,FF,00,00,FF,FF,FF
41535,3202,0xCFF6600,1,8,00,00,FF,FF,FF,FF,FF,FF
41545,3203,0x18FEF100,1,8,3F,00,00,FF,FF,FF,FF,FF
41545,3204,0x10FF6500,1,8,FC,FF,FF,FF,FF,FF,FF,FF
41546,3205,0x18F00500,1,8,FF,FF,FF,FF,20,2D,FF,FF
41547,3206,0x18FEF200,1,8,00,00,00,FB,00,00,00,FF
41554,3207,0xCF00400,1,8,FF,FF,FF,00,00,FF,FF,FF
41555,3208,0xCFF6600,1,8,00,00,FF,FF,FF,FF,FF,FF
41574,3209,0xCF00400,1,8,FF,FF,FF,8E,08,FF,FF,FF
41575,3210,0xCFF6600,1,8,11,01,FF,FF,FF,FF,FF,FF
41594,3211,0xCF00400,1,8,FF,FF,FF,C6,0A,FF,FF,FF
41595,3212,0xCFF6600,1,8,58,01,FF,FF,FF,FF,FF,FF
41614,3213,0xCF00400,1,8,FF,FF,FF,16,08,FF,FF,FF
41615,3214,0xCFF6600,1,8,02,01,FF,FF,FF,FF,FF,FF
41634,3215,0xCF00400,1,8,FF,FF,FF,5E,06,FF,FF,FF
41635,3216,0xCFF6600,1,8,CB,00,FF,FF,FF,FF,FF,FF
41645,3217,0x18FEF100,1,8,3F,00,00,FF,FF,FF,FF,FF
41646,3218,0x18F00500,1,8,FF,FF,FF,FF,20,2D,FF,FF
41646,3219,0x18FEF200,1,8,00,00,00,FB,00,00,00,FF
41654,3220,0xCF00400,1,8,FF,FF,FF,D8,06,FF,FF,FF
41655,3221,0xCFF6600,1,8,DB,00,FF,FF,FF,FF,FF,FF
41674,3222,0xCF00400,1,8,FF,FF,FF,A6,06,FF,FF,FF
41675,3223,0xCFF6600,1,8,D4,00,FF,FF,FF,FF,FF,FF
41694,3224,0xCF00400,1,8,FF,FF,FF,F6,06,FF,FF,FF
41695,3225,0xCFF6600,1,8,DE,00,FF,FF,FF,FF,FF,FF
41714,3226,0xCF00400,1,8,FF,FF,FF,36,07,FF,FF,FF
41715,3227,0xCFF6600,1,8,E6,00,FF,FF,FF,FF,FF,FF
41734,3228,0xCF00400,1,8,FF,FF,FF,7A,07,FF,FF,FF
41735,3229,0xCFF6600,1,8,EF,00,FF,FF,FF,FF,FF,FF
41745,3230,0x18FEF100,1,8,3F,00,00,FF,FF,FF,FF,FF
41746,3231,0x10FF6500,1,8,FC,FF,FF,FF,FF,FF,FF,FF
41746,3232,0x18F00500,1,8,FF,FF,FF,FF,20,2D,FF,FF
41747,3233,0x18FEF200,1,8,00,00,00,FB,00,00,00,FF
41754,3234,0xCF00400,1,8,FF,FF,FF,7A,07,FF,FF,FF
41755,3235,0xCFF6600,1,8,EF,00,FF,FF,FF,FF,FF,FF
41774,3236,0xCF00400,1,8,FF,FF,FF,7A,07,FF,FF,FF
41775,3237,0xCFF6600,1,8,EF,00,FF,FF,FF,FF,FF,FF
41794,3238,0xCF00400,1,8,FF,FF,FF,7A,07,FF,FF,FF
41795,3239,0xCFF6600,1,8,EF,00,FF,FF,FF,FF,FF,FF
41814,3240,0xCF00400,1,8,FF,FF,FF,7A,07,FF,FF,FF
41815,3241,0xCFF6600,1,8,EF,00,FF,FF,FF,FF,FF,FF
41834,3242,0xCF00400,1,8,FF,FF,FF,7A,07,FF,FF,FF
41835,3243,0xCFF6600,1,8,EF,00,FF,FF,FF,FF,FF,FF
41845,3244,0x18FEF100,1,8,3F,00,00,FF,FF,FF,FF,FF
41846,3245,0x18F00500,1,8,FF,FF,FF,FF,20,2D,FF,FF
41846,3246,0x18F00600,1,8,FF,FF,FF,FF,FF,FF,FF,FF
41847,3247,0x18FEF200,1,8,00,00,00,FB,00,00,00,FF
41848,3248,0x1CFDDF00,1,8,FE,FF,FF,FF,FF,FF,FF,FF
41848,3249,0x1CFF6A00,1,8,FC,FF,FF,FF,FF,FF,FF,FF
41854,3250,0xCF00400,1,8,FF,FF,FF,7A,07,FF,FF,FF
41855,3251,0xCFF6600,1,8,EF,00,FF,FF,FF,FF,FF,FF
41874,3252,0xCF00400,1,8,FF,FF,FF,7A,07,FF,FF,FF
41875,3253,0xCFF6600,1,8,EF,00,FF,FF,FF,FF,FF,FF
41894,3254,0xCF00400,1,8,FF,FF,FF,7A,07,FF,FF,FF
41895,3255,0xCFF6600,1,8,EF,00,FF,FF,FF,FF,FF,FF
41914,3256,0xCF00400,1,8,FF,FF,FF,7A,07,FF,FF,FF
41915,3257,0xCFF6600,1,8,EF,00,FF,FF,FF,FF,FF,FF
41934,3258,0xCF00400,1,8,FF,FF,FF,7A,07,FF,FF,FF
41935,3259,0xCFF6600,1,8,EF,00,FF,FF,FF,FF,FF,FF
41945,3260,0x18FEF100,1,8,3F,00,00,FF,FF,FF,FF,FF
41946,3261,0x10FF6500,1,8,FC,FF,FF,FF,FF,FF,FF,FF
41946,3262,0x18F00500,1,8,FF,FF,FF,FF,20,2D,FF,FF
41947,3263,0x18FEF200,1,8,00,00,00,FB,00,00,00,FF
41954,3264,0xCF00400,1,8,FF,FF,FF,7A,07,FF,FF,FF
41955,3265,0xCFF6600,1,8,EF,00,FF,FF,FF,FF,FF,FF
41974,3266,0xCF00400,1,8,FF,FF,FF,18,08,FF,FF,FF
41975,3267,0xCFF6600,1,8,03,01,FF,FF,FF,FF,FF,FF
41994,3268,0xCF00400,1,8,FF,FF,FF,18,08,FF,FF,FF
41995,3269,0xCFF6600,1,8,03,01,FF,FF,FF,FF,FF,FF
42004,3270,0x18FEEE00,1,8,60,FF,FF,FF,FF,FF,FF,FF
42005,3271,0x18FDE500,1,8,0A,14,1E,28,32,3C,46,13
42014,3272,0xCF00400,1,8,FF,FF,FF,18,08,FF,FF,FF
42015,3273,0xCFF6600,1,8,03,01,FF,FF,FF,FF,FF,FF
42024,3274,0x1CECFF00,1,8,20,0A,00,02,FF,CA,FE,00
42034,3275,0xCF00400,1,8,FF,FF,FF,18,08,FF,FF,FF
42035,3276,0xCFF6600,1,8,03,01,FF,FF,FF,FF,FF,FF
42045,3277,0x18FEF100,1,8,3F,00,00,FF,FF,FF,FF,FF
42046,3278,0x18F00500,1,8,FF,FF,FF,FF,20,2D,FF,FF
42046,3279,0x18FEF200,1,8,05,00,00,FB,00,00,00,FF
42054,3280,0xCF00400,1,8,FF,FF,FF,18,08,FF,FF,FF
42055,3281,0xCFF6600,1,8,03,01,FF,FF,FF,FF,FF,FF
42074,3282,0xCF00400,1,8,FF,FF,FF,D8,11,FF,FF,FF
42075,3283,0xCFF6600,1,8,3B,02,FF,FF,FF,FF,FF,FF
42076,3284,0x1CEBFF00,1,8,01,40,FF,0F,F0,E5,01,02
42094,3285,0xCF00400,1,8,FF,FF,FF,D8,11,FF,FF,FF
42095,3286,0xCFF6600,1,8,3B,02,FF,FF,FF,FF,FF,FF
42114,3287,0xCF00400,1,8,FF,FF,FF,D8,11,FF,FF,FF
42115,3288,0xCFF6600,1,8,3B,02,FF,FF,FF,FF,FF,FF
42124,3289,0x1CEBFF00,1,8,02,F0,E3,01,FF,FF,FF,FF
42135,3290,0xCF00400,1,8,FF,FF,FF,3A,28,FF,FF,FF
42135,3291,0xCFF6600,1,8,07,05,FF,FF,FF,FF,FF,FF
42145,3292,0x18FEF100,1,8,3F,00,00,FF,FF,FF,FF,FF
42146,3293,0x10FF6500,1,8,FC,FF,FF,FF,FF,FF,FF,FF
42146,3294,0x18F00500,1,8,FF,FF,FF,FF,20,2D,FF,FF
42147,3295,0x18FEF200,1,8,05,00,00,FB,00,00,00,FF
42155,3296,0xCF00400,1,8,FF,FF,FF,3A,28,FF,FF,FF
42155,3297,0xCFF6600,1,8,07,05,FF,FF,FF,FF,FF,FF
42175,3298,0xCF00400,1,8,FF,FF,FF,84,25,FF,FF,FF
42175,3299,0xCFF6600,1,8,B0,04,FF,FF,FF,FF,FF,FF
42195,3300,0xCF00400,1,8,FF,FF,FF,84,25,FF,FF,FF
42195,3301,0xCFF6600,1,8,B0,04,FF,FF,FF,FF,FF,FF
42215,3302,0xCF00400,1,8,FF,FF,FF,84,25,FF,FF,FF
42215,3303,0xCFF6600,1,8,B0,04,FF,FF,FF,FF,FF,FF
42235,3304,0xCF00400,1,8,FF,FF,FF,88,23,FF,FF,FF
42235,3305,0xCFF6600,1,8,71,04,FF,FF,FF,FF,FF,FF
42245,3306,0x18FEF100,1,8,3F,00,00,FF,FF,FF,FF,FF
42246,3307,0x18F00500,1,8,FF,FF,FF,FF,20,2D,FF,FF
42246,3308,0x18FEF200,1,8,05,00,00,FB,00,00,00,FF
42255,3309,0xCF00400,1,8,FF,FF,FF,88,23,FF,FF,FF
42255,3310,0xCFF6600,1,8,71,04,FF,FF,FF,FF,FF,FF
42275,3311,0xCF00400,1,8,FF,FF,FF,2E,24,FF,FF,FF
42275,3312,0xCFF6600,1,8,85,04,FF,FF,FF,FF,FF,FF
42295,3313,0xCF00400,1,8,FF,FF,FF,2E,24,FF,FF,FF
42295,3314,0xCFF6600,1,8,85,04,FF,FF,FF,FF,FF,FF
42315,3315,0xCF00400,1,8,FF,FF,FF,B8,29,FF,FF,FF
42315,3316,0xCFF6600,1,8,37,05,FF,FF,FF,FF,FF,FF
42335,3317,0xCF00400,1,8,FF,FF,FF,B8,29,FF,FF,FF
42335,3318,0xCFF6600,1,8,37,05,FF,FF,FF,FF,FF,FF
42345,3319,0x18FEF100,1,8,3F,00,00,FF,FF,FF,FF,FF
42346,3320,0x10FF6500,1,8,FC,FF,FF,FF,FF,FF,FF,FF
42346,3321,0x18F00500,1,8,FF,FF,FF,FF,20,2D,FF,FF
42347,3322,0x18F00600,1,8,FF,FF,FF,FF,FF,FF,FF,FF
42348,3323,0x18FEF200,1,8,05,00,00,FB,00,00,00,FF
42348,3324,0x1CFDDF00,1,8,FE,FF,FF,FF,FF,FF,FF,FF
42349,3325,0x1CFF6A00,1,8,FC,FF,FF,FF,FF,FF,FF,FF
42355,3326,0xCF00400,1,8,FF,FF,FF,FE,2D,FF,FF,FF
42355,3327,0xCFF6600,1,8,BF,05,FF,FF,FF,FF,FF,FF
42375,3328,0xCF00400,1,8,FF,FF,FF,FE,2D,FF,FF,FF
42375,3329,0xCFF6600,1,8,BF,05,FF,FF,FF,FF,FF,FF
42395,3330,0xCF00400,1,8,FF,FF,FF,0A,30,FF,FF,FF
42395,3331,0xCFF6600,1,8,01,06,FF,FF,FF,FF,FF,FF
42415,3332,0xCF00400,1,8,FF,FF,FF,0A,30,FF,FF,FF
42415,3333,0xCFF6600,1,8,01,06,FF,FF,FF,FF,FF,FF
42435,3334,0xCF00400,1,8,FF,FF,FF,52,31,FF,FF,FF
42435,3335,0xCFF6600,1,8,2A,06,FF,FF,FF,FF,FF,FF
42446,3336,0x18FEF100,1,8,3F,00,00,FF,FF,FF,FF,FF
42446,3337,0x18F00500,1,8,FF,FF,FF,FF,20,2D,FF,FF
42447,3338,0x18FEF200,1,8,05,00,00,FB,00,00,00,FF
42455,3339,0xCF00400,1,8,FF,FF,FF,52,31,FF,FF,FF
42455,3340,0xCFF6600,1,8,2A,06,FF,FF,FF,FF,FF,FF
42475,3341,0xCF00400,1,8,FF,FF,FF,DA,31,FF,FF,FF
42475,3342,0xCFF6600,1,8,3B,06,FF,FF,FF,FF,FF,FF
42495,3343,0xCF00400,1,8,FF,FF,FF,DA,31,FF,FF,FF
42495,3344,0xCFF6600,1,8,3B,06,FF,FF,FF,FF,FF,FF
42515,3345,0xCF00400,1,8,FF,FF,FF,78,33,FF,FF,FF
42515,3346,0xCFF6600,1,8,6F,06,FF,FF,FF,FF,FF,FF
42535,3347,0xCF00400,1,8,FF,FF,FF,FA,35,FF,FF,FF
42536,3348,0xCFF6600,1,8,BF,06,FF,FF,FF,FF,FF,FF
42545,3349,0x18FEF100,1,8,3F,00,00,FF,FF,FF,FF,FF
42546,3350,0x10FF6500,1,8,FC,FF,FF,FF,FF,FF,FF,FF
42546,3351,0x18F00500,1,8,FF,FF,FF,FF,20,2D,FF,FF
42547,3352,0x18FEF200,1,8,05,00,00,FB,00,00,00,FF
42555,3353,0xCF00400,1,8,FF,FF,FF,FA,35,FF,FF,FF
42555,3354,0xCFF6600,1,8,BF,06,FF,FF,FF,FF,FF,FF
42575,3355,0xCF00400,1,8,FF,FF,FF,2C,37,FF,FF,FF
42575,3356,0xCFF6600,1,8,E5,06,FF,FF,FF,FF,FF,FF
42595,3357,0xCF00400,1,8,FF,FF,FF,2C,37,FF,FF,FF
42595,3358,0xCFF6600,1,8,E5,06,FF,FF,FF,FF,FF,FF
42615,3359,0xCF00400,1,8,FF,FF,FF,48,37,FF,FF,FF
42615,3360,0xCFF6600,1,8,E9,06,FF,FF,FF,FF,FF,FF
42635,3361,0xCF00400,1,8,FF,FF,FF,5E,38,FF,FF,FF
42636,3362,0xCFF6600,1,8,0B,07,FF,FF,FF,FF,FF,FF
42646,3363,0x18FEF100,1,8,3F,00,00,FF,FF,FF,FF,FF
42646,3364,0x18F00500,1,8,FF,FF,FF,FF,20,2D,FF,FF
42647,3365,0x18FEF200,1,8,05,00,00,FB,00,00,00,FF
42655,3366,0xCF00400,1,8,FF,FF,FF,5E,38,FF,FF,FF
42655,3367,0xCFF6600,1,8,0B,07,FF,FF,FF,FF,FF,FF
42675,3368,0xCF00400,1,8,FF,FF,FF,3E,3A,FF,FF,FF
42675,3369,0xCFF6600,1,8,47,07,FF,FF,FF,FF,FF,FF
42695,3370,0xCF00400,1,8,FF,FF,FF,3E,3A,FF,FF,FF
42695,3371,0xCFF6600,1,8,47,07,FF,FF,FF,FF,FF,FF
42715,3372,0xCF00400,1,8,FF,FF,FF,56,3B,FF,FF,FF
42715,3373,0xCFF6600,1,8,6A,07,FF,FF,FF,FF,FF,FF
42735,3374,0xCF00400,1,8,FF,FF,FF,D6,3B,FF,FF,FF
42735,3375,0xCFF6600,1,8,7A,07,FF,FF,FF,FF,FF,FF
42746,3376,0x18FEF100,1,8,3F,00,00,FF,FF,FF,FF,FF
42746,3377,0x10FF6500,1,8,FC,FF,FF,FF,FF,FF,FF,FF
42747,3378,0x18F00500,1,8,FF,FF,FF,FF,20,2D,FF,FF
42747,3379,0x18FEF200,1,8,05,00,00,FB,00,00,00,FF
42755,3380,0xCF00400,1,8,FF,FF,FF,D6,3B,FF,FF,FF
42755,3381,0xCFF6600,1,8,7A,07,FF,FF,FF,FF,FF,FF
42775,3382,0xCF00400,1,8,FF,FF,FF,E6,3C,FF,FF,FF
42776,3383,0xCFF6600,1,8,9C,07,FF,FF,FF,FF,FF,FF
42795,3384,0xCF00400,1,8,FF,FF,FF,66,3E,FF,FF,FF
42795,3385,0xCFF6600,1,8,CC,07,FF,FF,FF,FF,FF,FF
42815,3386,0xCF00400,1,8,FF,FF,FF,66,3E,FF,FF,FF
42815,3387,0xCFF6600,1,8,CC,07,FF,FF,FF,FF,FF,FF
42835,3388,0xCF00400,1,8,FF,FF,FF,B0,3F,FF,FF,FF
42835,3389,0xCFF6600,1,8,F6,07,FF,FF,FF,FF,FF,FF
42845,3390,0x18FEF100,1,8,3F,00,00,FF,FF,FF,FF,FF
42846,3391,0x18F00500,1,8,FF,FF,FF,FF,20,2D,FF,FF
42847,3392,0x18F00600,1,8,FF,FF,FF,FF,FF,FF,FF,FF
42847,3393,0x18FEF200,1,8,05,00,00,FB,00,00,00,FF
42848,3394,0x1CFDDF00,1,8,FE,FF,FF,FF,FF,FF,FF,FF
42848,3395,0x1CFF6A00,1,8,FC,FF,FF,FF,FF,FF,FF,FF
42855,3396,0xCF00400,1,8,FF,FF,FF,E2,40,FF,FF,FF
42855,3397,0xCFF6600,1,8,1C,08,FF,FF,FF,FF,FF,FF
42875,3398,0xCF00400,1,8,FF,FF,FF,E2,40,FF,FF,FF
42875,3399,0xCFF6600,1,8,1C,08,FF,FF,FF,FF,FF,FF
42895,3400,0xCF00400,1,8,FF,FF,FF,D2,41,FF,FF,FF
42895,3401,0xCFF6600,1,8,3A,08,FF,FF,FF,FF,FF,FF
42915,3402,0xCF00400,1,8,FF,FF,FF,A0,42,FF,FF,FF
42915,3403,0xCFF6600,1,8,54,08,FF,FF,FF,FF,FF,FF
42935,3404,0xCF00400,1,8,FF,FF,FF,5A,43,FF,FF,FF
42935,3405,0xCFF6600,1,8,6B,08,FF,FF,FF,FF,FF,FF
42946,3406,0x18FEF100,1,8,3F,00,00,FF,FF,FF,FF,FF
42946,3407,0x10FF6500,1,8,FC,FF,FF,FF,FF,FF,FF,FF
42947,3408,0x18F00500,1,8,FF,FF,FF,FF,20,2D,FF,FF
42947,3409,0x18FEF200,1,8,05,00,00,FB,00,00,00,FF
42955,3410,0xCF00400,1,8,FF,FF,FF,5A,43,FF,FF,FF
42955,3411,0xCFF6600,1,8,6B,08,FF,FF,FF,FF,FF,FF
42959,3412,0x18EA0017,1,3,DA,FE,00,--,--,--,--,--
42975,3413,0xCF00400,1,8,FF,FF,FF,0E,44,FF,FF,FF
42975,3414,0xCFF6600,1,8,81,08,FF,FF,FF,FF,FF,FF
42976,3415,0x1CEC1700,1,8,10,73,00,11,11,DA,FE,00
42979,3416,0x1CEC0017,1,8,11,11,01,FF,FF,DA,FE,00
42986,3417,0x1CEB1700,1,8,01,0A,2A,41,31,34,4D,48
42989,3418,0x1CEB1700,1,8,02,35,37,41,20,20,2A,46
42993,3419,0x1CEB1700,1,8,03,30,30,48,4D,30,30,31
42995,3420,0xCF00400,1,8,FF,FF,FF,36,44,FF,FF,FF
42995,3421,0xCFF6600,1,8,86,08,FF,FF,FF,FF,FF,FF
42997,3422,0x1CEB1700,1,8,04,35,30,2A,30,30,30,33
43001,3423,0x1CEB1700,1,8,05,35,30,33,35,38,34,32
43005,3424,0x18FEEE00,1,8,60,FF,FF,FF,FF,FF,FF,FF
43005,3425,0x18FDE500,1,8,0A,14,1E,28,32,3C,46,13
43006,3426,0x1CEB1700,1,8,06,33,2A,34,58,41,4D,48
43009,3427,0x1CEB1700,1,8,07,35,37,41,34,45,41,31
43014,3428,0x1CEB1700,1,8,08,32,39,35,35,32,2A,20
43015,3429,0xCF00400,1,8,FF,FF,FF,EE,43,FF,FF,FF
43016,3430,0xCFF6600,1,8,7D,08,FF,FF,FF,FF,FF,FF
43017,3431,0x1CEB1700,1,8,09,20,20,34,30,31,32,38
43021,3432,0x1CEB1700,1,8,0A,33,38,2A,34,30,31,35
43024,3433,0x1CECFF00,1,8,20,0A,00,02,FF,CA,FE,00
43025,3434,0x1CEB1700,1,8,0B,31,34,35,00,2A,56,4D
43029,3435,0x1CEB1700,1,8,0C,41,33,41,30,41,35,47
43033,3436,0x1CEB1700,1,8,0D,30,2A,31,30,33,37,35
43035,3437,0xCF00400,1,8,FF,FF,FF,EE,43,FF,FF,FF
43035,3438,0xCFF6600,1,8,7D,08,FF,FF,FF,FF,FF,FF
43037,3439,0x1CEB1700,1,8,0E,34,35,34,39,30,2A,34
43041,3440,0x1CEB1700,1,8,0F,30,31,35,31,34,36,00
43045,3441,0x1CEB1700,1,8,10,2A,39,44,46,42,37,31
43046,3442,0x18F00500,1,8,FF,FF,FF,FF,20,2D,FF,FF
43047,3443,0x18FEF100,1,8,3F,00,00,FF,FF,FF,FF,FF
43047,3444,0x18FEF200,1,8,14,00,00,FB,00,00,00,FF
43049,3445,0x1CEB1700,1,8,11,44,42,2A,FF,FF,FF,FF
43055,3446,0xCF00400,1,8,FF,FF,FF,82,44,FF,FF,FF
43055,3447,0xCFF6600,1,8,90,08,FF,FF,FF,FF,FF,FF
43059,3448,0x1CEC0017,1,8,13,77,00,11,FF,DA,FE,00
43065,3449,0x1CEC1700,1,8,FF,FE,FF,FF,FF,DA,FE,00
43075,3450,0xCF00400,1,8,FF,FF,FF,D4,45,FF,FF,FF
43075,3451,0xCFF6600,1,8,BA,08,FF,FF,FF,FF,FF,FF
43076,3452,0x1CEBFF00,1,8,01,40,FF,0F,F0,E5,01,02
43095,3453,0xCF00400,1,8,FF,FF,FF,22,46,FF,FF,FF
43096,3454,0xCFF6600,1,8,C4,08,FF,FF,FF,FF,FF,FF
43115,3455,0xCF00400,1,8,FF,FF,FF,22,46,FF,FF,FF
43115,3456,0xCFF6600,1,8,C4,08,FF,FF,FF,FF,FF,FF
43125,3457,0x1CEBFF00,1,8,02,F0,E3,01,FF,FF,FF,FF
43135,3458,0xCF00400,1,8,FF,FF,FF,92,45,FF,FF,FF
43135,3459,0xCFF6600,1,8,B2,08,FF,FF,FF,FF,FF,FF
43145,3460,0x18FEF100,1,8,3F,00,00,FF,FF,FF,FF,FF
43146,3461,0x10FF6500,1,8,FC,FF,FF,FF,FF,FF,FF,FF
43146,3462,0x18F00500,1,8,FF,FF,FF,FF,20,2D,FF,FF
43147,3463,0x18FEF200,1,8,14,00,00,FB,00,00,00,FF
43155,3464,0xCF00400,1,8,FF,FF,FF,82,45,FF,FF,FF
43155,3465,0xCFF6600,1,8,B0,08,FF,FF,FF,FF,FF,FF
43175,3466,0xCF00400,1,8,FF,FF,FF,F8,45,FF,FF,FF
43176,3467,0xCFF6600,1,8,BF,08,FF,FF,FF,FF,FF,FF
43195,3468,0xCF00400,1,8,FF,FF,FF,F8,45,FF,FF,FF
43195,3469,0xCFF6600,1,8,BF,08,FF,FF,FF,FF,FF,FF
43215,3470,0xCF00400,1,8,FF,FF,FF,6A,46,FF,FF,FF
43215,3471,0xCFF6600,1,8,CD,08,FF,FF,FF,FF,FF,FF
43235,3472,0xCF00400,1,8,FF,FF,FF,D8,46,FF,FF,FF
43235,3473,0xCFF6600,1,8,DB,08,FF,FF,FF,FF,FF,FF
43245,3474,0x18FEF100,1,8,3F,00,00,FF,FF,FF,FF,FF
43246,3475,0x18F00500,1,8,FF,FF,FF,FF,20,2D,FF,FF
43246,3476,0x18FEF200,1,8,14,00,00,FB,00,00,00,FF
43255,3477,0xCF00400,1,8,FF,FF,FF,EE,46,FF,FF,FF
43256,3478,0xCFF6600,1,8,DD,08,FF,FF,FF,FF,FF,FF
43275,3479,0xCF00400,1,8,FF,FF,FF,EE,46,FF,FF,FF
43275,3480,0xCFF6600,1,8,DD,08,FF,FF,FF,FF,FF,FF
43295,3481,0xCF00400,1,8,FF,FF,FF,B4,46,FF,FF,FF
43295,3482,0xCFF6600,1,8,D6,08,FF,FF,FF,FF,FF,FF
43315,3483,0xCF00400,1,8,FF,FF,FF,C8,46,FF,FF,FF
43315,3484,0xCFF6600,1,8,D9,08,FF,FF,FF,FF,FF,FF
43335,3485,0xCF00400,1,8,FF,FF,FF,24,47,FF,FF,FF
43335,3486,0xCFF6600,1,8,E4,08,FF,FF,FF,FF,FF,FF
43345,3487,0x18FEF100,1,8,3F,00,00,FF,FF,FF,FF,FF
43346,3488,0x10FF6500,1,8,FC,FF,FF,FF,FF,FF,FF,FF
43346,3489,0x18F00500,1,8,FF,FF,FF,FF,20,2D,FF,FF
43347,3490,0x18F00600,1,8,FF,FF,FF,FF,FF,FF,FF,FF
43348,3491,0x18FEF200,1,8,14,00,00,FB,00,00,00,FF
43348,3492,0x1CFDDF00,1,8,FE,FF,FF,FF,FF,FF,FF,FF
43349,3493,0x1CFF6A00,1,8,FC,FF,FF,FF,FF,FF,FF,FF
43355,3494,0xCF00400,1,8,FF,FF,FF,24,47,FF,FF,FF
43355,3495,0xCFF6600,1,8,E4,08,FF,FF,FF,FF,FF,FF
43375,3496,0xCF00400,1,8,FF,FF,FF,6A,47,FF,FF,FF
43375,3497,0xCFF6600,1,8,ED,08,FF,FF,FF,FF,FF,FF
43395,3498,0xCF00400,1,8,FF,FF,FF,A2,47,FF,FF,FF
43395,3499,0xCFF6600,1,8,F4,08,FF,FF,FF,FF,FF,FF
43415,3500,0xCF00400,1,8,FF,FF,FF,D4,47,FF,FF,FF
43415,3501,0xCFF6600,1,8,FA,08,FF,FF,FF,FF,FF,FF
43435,3502,0xCF00400,1,8,FF,FF,FF,D4,47,FF,FF,FF
43435,3503,0xCFF6600,1,8,FA,08,FF,FF,FF,FF,FF,FF
43446,3504,0x18FEF100,1,8,3F,00,00,FF,FF,FF,FF,FF
43446,3505,0x18F00500,1,8,FF,FF,FF,FF,20,2D,FF,FF
43447,3506,0x18FEF200,1,8,14,00,00,FB,00,00,00,FF
43455,3507,0xCF00400,1,8,FF,FF,FF,02,48,FF,FF,FF
43455,3508,0xCFF6600,1,8,00,09,FF,FF,FF,FF,FF,FF
43459,3509,0x18EA0017,1,3,6B,FF,00,--,--,--,--,--
43475,3510,0xCF00400,1,8,FF,FF,FF,2A,48,FF,FF,FF
43475,3511,0xCFF6600,1,8,05,09,FF,FF,FF,FF,FF,FF
43484,3512,0x18E81700,1,8,01,FF,FF,FF,FF,6B,FF,00
43495,3513,0xCF00400,1,8,FF,FF,FF,52,48,FF,FF,FF
43495,3514,0xCFF6600,1,8,0A,09,FF,FF,FF,FF,FF,FF
43515,3515,0xCF00400,1,8,FF,FF,FF,52,48,FF,FF,FF
43515,3516,0xCFF6600,1,8,0A,09,FF,FF,FF,FF,FF,FF
43535,3517,0xCF00400,1,8,FF,FF,FF,40,48,FF,FF,FF
43535,3518,0xCFF6600,1,8,08,09,FF,FF,FF,FF,FF,FF
43545,3519,0x18FEF100,1,8,3F,00,00,FF,FF,FF,FF,FF
43546,3520,0x10FF6500,1,8,FC,FF,FF,FF,FF,FF,FF,FF
43547,3521,0x18F00500,1,8,FF,FF,FF,FF,20,2D,FF,FF
43547,3522,0x18FEF200,1,8,14,00,00,FB,00,00,00,FF
43555,3523,0xCF00400,1,8,FF,FF,FF,F6,47,FF,FF,FF
43556,3524,0xCFF6600,1,8,FE,08,FF,FF,FF,FF,FF,FF
43575,3525,0xCF00400,1,8,FF,FF,FF,B6,47,FF,FF,FF
43575,3526,0xCFF6600,1,8,F6,08,FF,FF,FF,FF,FF,FF
43595,3527,0xCF00400,1,8,FF,FF,FF,80,47,FF,FF,FF
43596,3528,0xCFF6600,1,8,F0,08,FF,FF,FF,FF,FF,FF
43615,3529,0xCF00400,1,8,FF,FF,FF,80,47,FF,FF,FF
43615,3530,0xCFF6600,1,8,F0,08,FF,FF,FF,FF,FF,FF
43635,3531,0xCF00400,1,8,FF,FF,FF,88,47,FF,FF,FF
43635,3532,0xCFF6600,1,8,F1,08,FF,FF,FF,FF,FF,FF
43646,3533,0x18FEF100,1,8,3F,00,00,FF,FF,FF,FF,FF
43646,3534,0x18F00500,1,8,FF,FF,FF,FF,20,2D,FF,FF
43647,3535,0x18FEF200,1,8,14,00,00,FB,00,00,00,FF
43655,3536,0xCF00400,1,8,FF,FF,FF,CA,47,FF,FF,FF
43655,3537,0xCFF6600,1,8,F9,08,FF,FF,FF,FF,FF,FF
43675,3538,0xCF00400,1,8,FF,FF,FF,02,48,FF,FF,FF
43675,3539,0xCFF6600,1,8,00,09,FF,FF,FF,FF,FF,FF
43695,3540,0xCF00400,1,8,FF,FF,FF,02,48,FF,FF,FF
43695,3541,0xCFF6600,1,8,00,09,FF,FF,FF,FF,FF,FF
43715,3542,0xCF00400,1,8,FF,FF,FF,34,48,FF,FF,FF
43715,3543,0xCFF6600,1,8,06,09,FF,FF,FF,FF,FF,FF
43735,3544,0xCF00400,1,8,FF,FF,FF,42,48,FF,FF,FF
43735,3545,0xCFF6600,1,8,08,09,FF,FF,FF,FF,FF,FF
43745,3546,0x18FEF100,1,8,3F,00,00,FF,FF,FF,FF,FF
43746,3547,0x10FF6500,1,8,FC,FF,FF,FF,FF,FF,FF,FF
43747,3548,0x18F00500,1,8,FF,FF,FF,FF,20,2D,FF,FF
43747,3549,0x18FEF200,1,8,14,00,00,FB,00,00,00,FF
43755,3550,0xCF00400,1,8,FF,FF,FF,34,48,FF,FF,FF
43755,3551,0xCFF6600,1,8,06,09,FF,FF,FF,FF,FF,FF
43775,3552,0xCF00400,1,8,FF,FF,FF,34,48,FF,FF,FF
43775,3553,0xCFF6600,1,8,06,09,FF,FF,FF,FF,FF,FF
43795,3554,0xCF00400,1,8,FF,FF,FF,66,48,FF,FF,FF
43795,3555,0xCFF6600,1,8,0C,09,FF,FF,FF,FF,FF,FF
43815,3556,0xCF00400,1,8,FF,FF,FF,D2,48,FF,FF,FF
43815,3557,0xCFF6600,1,8,1A,09,FF,FF,FF,FF,FF,FF
43835,3558,0xCF00400,1,8,FF,FF,FF,0A,49,FF,FF,FF
43835,3559,0xCFF6600,1,8,21,09,FF,FF,FF,FF,FF,FF
43845,3560,0x18FEF100,1,8,3F,00,00,FF,FF,FF,FF,FF
43846,3561,0x18F00500,1,8,FF,FF,FF,FF,20,2D,FF,FF
43846,3562,0x18F00600,1,8,FF,FF,FF,FF,FF,FF,FF,FF
43847,3563,0x18FEF200,1,8,14,00,00,FB,00,00,00,FF
43848,3564,0x1CFDDF00,1,8,FE,FF,FF,FF,FF,FF,FF,FF
43848,3565,0x1CFF6A00,1,8,FC,FF,FF,FF,FF,FF,FF,FF
43855,3566,0xCF00400,1,8,FF,FF,FF,12,49,FF,FF,FF
43855,3567,0xCFF6600,1,8,22,09,FF,FF,FF,FF,FF,FF
43875,3568,0xCF00400,1,8,FF,FF,FF,12,49,FF,FF,FF
43875,3569,0xCFF6600,1,8,22,09,FF,FF,FF,FF,FF,FF
43895,3570,0xCF00400,1,8,FF,FF,FF,CE,48,FF,FF,FF
43895,3571,0xCFF6600,1,8,19,09,FF,FF,FF,FF,FF,FF
43915,3572,0xCF00400,1,8,FF,FF,FF,3E,48,FF,FF,FF
43915,3573,0xCFF6600,1,8,07,09,FF,FF,FF,FF,FF,FF
43935,3574,0xCF00400,1,8,FF,FF,FF,F8,47,FF,FF,FF
43935,3575,0xCFF6600,1,8,FF,08,FF,FF,FF,FF,FF,FF
43946,3576,0x18FEF100,1,8,3F,00,00,FF,FF,FF,FF,FF
43946,3577,0x10FF6500,1,8,FC,FF,FF,FF,FF,FF,FF,FF
43947,3578,0x18F00500,1,8,FF,FF,FF,FF,20,2D,FF,FF
43947,3579,0x18FEF200,1,8,14,00,00,FB,00,00,00,FF
43955,3580,0xCF00400,1,8,FF,FF,FF,F8,47,FF,FF,FF
43955,3581,0xCFF6600,1,8,FF,08,FF,FF,FF,FF,FF,FF
43959,3582,0x18EA0017,1,3,6B,FF,00,--,--,--,--,--
43975,3583,0xCF00400,1,8,FF,FF,FF,F6,47,FF,FF,FF
43975,3584,0xCFF6600,1,8,FE,08,FF,FF,FF,FF,FF,FF
43984,3585,0x18E81700,1,8,01,FF,FF,FF,FF,6B,FF,00
43995,3586,0xCF00400,1,8,FF,FF,FF,30,48,FF,FF,FF
43995,3587,0xCFF6600,1,8,06,09,FF,FF,FF,FF,FF,FF
44004,3588,0x18FEEE00,1,8,60,FF,FF,FF,FF,FF,FF,FF
44005,3589,0x18FDE500,1,8,0A,14,1E,28,32,3C,46,13
44015,3590,0xCF00400,1,8,FF,FF,FF,B2,48,FF,FF,FF
44015,3591,0xCFF6600,1,8,16,09,FF,FF,FF,FF,FF,FF
44024,3592,0x1CECFF00,1,8,20,0A,00,02,FF,CA,FE,00
44035,3593,0xCF00400,1,8,FF,FF,FF,10,49,FF,FF,FF
44036,3594,0xCFF6600,1,8,22,09,FF,FF,FF,FF,FF,FF
44045,3595,0x18FEF100,1,8,3F,00,00,FF,FF,FF,FF,FF
44046,3596,0x18F00500,1,8,FF,FF,FF,FF,20,2D,FF,FF
44046,3597,0x18FEF200,1,8,1D,00,00,FB,00,00,00,FF
44055,3598,0xCF00400,1,8,FF,FF,FF,10,49,FF,FF,FF
44055,3599,0xCFF6600,1,8,22,09,FF,FF,FF,FF,FF,FF
44075,3600,0xCF00400,1,8,FF,FF,FF,40,49,FF,FF,FF
44075,3601,0xCFF6600,1,8,28,09,FF,FF,FF,FF,FF,FF
44076,3602,0x1CEBFF00,1,8,01,40,FF,0F,F0,E5,01,02
44095,3603,0xCF00400,1,8,FF,FF,FF,52,49,FF,FF,FF
44095,3604,0xCFF6600,1,8,2A,09,FF,FF,FF,FF,FF,FF
44115,3605,0xCF00400,1,8,FF,FF,FF,28,49,FF,FF,FF
44115,3606,0xCFF6600,1,8,25,09,FF,FF,FF,FF,FF,FF
44125,3607,0x1CEBFF00,1,8,02,F0,E3,01,FF,FF,FF,FF
44135,3608,0xCF00400,1,8,FF,FF,FF,28,49,FF,FF,FF
44135,3609,0xCFF6600,1,8,25,09,FF,FF,FF,FF,FF,FF
44145,3610,0x18FEF100,1,8,3F,00,00,FF,FF,FF,FF,FF
44146,3611,0x10FF6500,1,8,FC,FF,FF,FF,FF,FF,FF,FF
44146,3612,0x18F00500,1,8,FF,FF,FF,FF,20,2D,FF,FF
44147,3613,0x18FEF200,1,8,1D,00,00,FB,00,00,00,FF
44155,3614,0xCF00400,1,8,FF,FF,FF,C0,48,FF,FF,FF
44155,3615,0xCFF6600,1,8,18,09,FF,FF,FF,FF,FF,FF
44175,3616,0xCF00400,1,8,FF,FF,FF,00,48,FF,FF,FF
44175,3617,0xCFF6600,1,8,00,09,FF,FF,FF,FF,FF,FF
44195,3618,0xCF00400,1,8,FF,FF,FF,56,47,FF,FF,FF
44195,3619,0xCFF6600,1,8,EA,08,FF,FF,FF,FF,FF,FF
44215,3620,0xCF00400,1,8,FF,FF,FF,56,47,FF,FF,FF
44215,3621,0xCFF6600,1,8,EA,08,FF,FF,FF,FF,FF,FF
44235,3622,0xCF00400,1,8,FF,FF,FF,C0,46,FF,FF,FF
44235,3623,0xCFF6600,1,8,D8,08,FF,FF,FF,FF,FF,FF
44246,3624,0x18FEF100,1,8,3F,00,00,FF,FF,FF,FF,FF
44246,3625,0x18F00500,1,8,FF,FF,FF,FF,20,2D,FF,FF
44247,3626,0x18FEF200,1,8,1D,00,00,FB,00,00,00,FF
44255,3627,0xCF00400,1,8,FF,FF,FF,18,47,FF,FF,FF
44255,3628,0xCFF6600,1,8,E3,08,FF,FF,FF,FF,FF,FF
44275,3629,0xCF00400,1,8,FF,FF,FF,42,48,FF,FF,FF
44275,3630,0xCFF6600,1,8,08,09,FF,FF,FF,FF,FF,FF
44315,3631,0xCF00400,1,8,FF,FF,FF,CC,48,FF,FF,FF
44315,3632,0xCFF6600,1,8,19,09,FF,FF,FF,FF,FF,FF
44335,3633,0xCF00400,1,8,FF,FF,FF,DE,48,FF,FF,FF
44335,3634,0xCFF6600,1,8,1B,09,FF,FF,FF,FF,FF,FF
44346,3635,0x18FEF100,1,8,3F,00,00,FF,FF,FF,FF,FF
44347,3636,0x10FF6500,1,8,FC,FF,FF,FF,FF,FF,FF,FF
44347,3637,0x18F00500,1,8,FF,FF,FF,FF,20,2D,FF,FF
44348,3638,0x18F00600,1,8,FF,FF,FF,FF,FF,FF,FF,FF
44348,3639,0x18FEF200,1,8,1D,00,00,FB,00,00,00,FF
44349,3640,0x1CFDDF00,1,8,FE,FF,FF,FF,FF,FF,FF,FF
44350,3641,0x1CFF6A00,1,8,FC,FF,FF,FF,FF,FF,FF,FF
44355,3642,0xCF00400,1,8,FF,FF,FF,EE,48,FF,FF,FF
44355,3643,0xCFF6600,1,8,1D,09,FF,FF,FF,FF,FF,FF
44375,3644,0xCF00400,1,8,FF,FF,FF,1C,49,FF,FF,FF
44375,3645,0xCFF6600,1,8,23,09,FF,FF,FF,FF,FF,FF
44395,3646,0xCF00400,1,8,FF,FF,FF,1C,49,FF,FF,FF
44395,3647,0xCFF6600,1,8,23,09,FF,FF,FF,FF,FF,FF
44415,3648,0xCF00400,1,8,FF,FF,FF,24,49,FF,FF,FF
44416,3649,0xCFF6600,1,8,24,09,FF,FF,FF,FF,FF,FF
44435,3650,0xCF00400,1,8,FF,FF,FF,24,49,FF,FF,FF
44435,3651,0xCFF6600,1,8,24,09,FF,FF,FF,FF,FF,FF
44446,3652,0x18FEF100,1,8,3F,00,00,FF,FF,FF,FF,FF
44446,3653,0x18F00500,1,8,FF,FF,FF,FF,20,2D,FF,FF
44447,3654,0x18FEF200,1,8,1D,00,00,FB,00,00,00,FF
44455,3655,0xCF00400,1,8,FF,FF,FF,24,49,FF,FF,FF
44456,3656,0xCFF6600,1,8,24,09,FF,FF,FF,FF,FF,FF
44475,3657,0xCF00400,1,8,FF,FF,FF,00,49,FF,FF,FF
44476,3658,0xCFF6600,1,8,20,09,FF,FF,FF,FF,FF,FF
44495,3659,0xCF00400,1,8,FF,FF,FF,00,49,FF,FF,FF
44495,3660,0xCFF6600,1,8,20,09,FF,FF,FF,FF,FF,FF
44515,3661,0xCF00400,1,8,FF,FF,FF,CA,48,FF,FF,FF
44515,3662,0xCFF6600,1,8,19,09,FF,FF,FF,FF,FF,FF
44535,3663,0xCF00400,1,8,FF,FF,FF,8A,48,FF,FF,FF
44535,3664,0xCFF6600,1,8,11,09,FF,FF,FF,FF,FF,FF
44545,3665,0x18FEF100,1,8,3F,00,00,FF,FF,FF,FF,FF
44546,3666,0x10FF6500,1,8,FC,FF,FF,FF,FF,FF,FF,FF
44547,3667,0x18F00500,1,8,FF,FF,FF,FF,20,2D,FF,FF
44547,3668,0x18FEF200,1,8,1D,00,00,FB,00,00,00,FF
44555,3669,0xCF00400,1,8,FF,FF,FF,FE,47,FF,FF,FF
44555,3670,0xCFF6600,1,8,FF,08,FF,FF,FF,FF,FF,FF
44575,3671,0xCF00400,1,8,FF,FF,FF,FE,47,FF,FF,FF
44575,3672,0xCFF6600,1,8,FF,08,FF,FF,FF,FF,FF,FF
44595,3673,0xCF00400,1,8,FF,FF,FF,24,47,FF,FF,FF
44595,3674,0xCFF6600,1,8,E4,08,FF,FF,FF,FF,FF,FF
44615,3675,0xCF00400,1,8,FF,FF,FF,B6,46,FF,FF,FF
44615,3676,0xCFF6600,1,8,D6,08,FF,FF,FF,FF,FF,FF
44635,3677,0xCF00400,1,8,FF,FF,FF,AE,46,FF,FF,FF
44635,3678,0xCFF6600,1,8,D5,08,FF,FF,FF,FF,FF,FF
44646,3679,0x18FEF100,1,8,3F,00,00,FF,FF,FF,FF,FF
44646,3680,0x18F00500,1,8,FF,FF,FF,FF,20,2D,FF,FF
44647,3681,0x18FEF200,1,8,1D,00,00,FB,00,00,00,FF
44655,3682,0xCF00400,1,8,FF,FF,FF,AE,46,FF,FF,FF
44655,3683,0xCFF6600,1,8,D5,08,FF,FF,FF,FF,FF,FF
44675,3684,0xCF00400,1,8,FF,FF,FF,6C,46,FF,FF,FF
44675,3685,0xCFF6600,1,8,CD,08,FF,FF,FF,FF,FF,FF
44695,3686,0xCF00400,1,8,FF,FF,FF,F6,45,FF,FF,FF
44695,3687,0xCFF6600,1,8,BE,08,FF,FF,FF,FF,FF,FF
44715,3688,0xCF00400,1,8,FF,FF,FF,CA,45,FF,FF,FF
44715,3689,0xCFF6600,1,8,B9,08,FF,FF,FF,FF,FF,FF
44735,3690,0xCF00400,1,8,FF,FF,FF,CA,45,FF,FF,FF
44735,3691,0xCFF6600,1,8,B9,08,FF,FF,FF,FF,FF,FF
44745,3692,0x18FEF100,1,8,3F,00,00,FF,FF,FF,FF,FF
44746,3693,0x10FF6500,1,8,FC,FF,FF,FF,FF,FF,FF,FF
44747,3694,0x18F00500,1,8,FF,FF,FF,FF,20,2D,FF,FF
44747,3695,0x18FEF200,1,8,1D,00,00,FB,00,00,00,FF
44755,3696,0xCF00400,1,8,FF,FF,FF,D8,45,FF,FF,FF
44755,3697,0xCFF6600,1,8,BB,08,FF,FF,FF,FF,FF,FF
44775,3698,0xCF00400,1,8,FF,FF,FF,B0,45,FF,FF,FF
44775,3699,0xCFF6600,1,8,B6,08,FF,FF,FF,FF,FF,FF
44795,3700,0xCF00400,1,8,FF,FF,FF,7E,45,FF,FF,FF
44795,3701,0xCFF6600,1,8,AF,08,FF,FF,FF,FF,FF,FF
44815,3702,0xCF00400,1,8,FF,FF,FF,7E,45,FF,FF,FF
44815,3703,0xCFF6600,1,8,AF,08,FF,FF,FF,FF,FF,FF
44835,3704,0xCF00400,1,8,FF,FF,FF,C2,45,FF,FF,FF
44835,3705,0xCFF6600,1,8,B8,08,FF,FF,FF,FF,FF,FF
44846,3706,0x18FEF100,1,8,3F,00,00,FF,FF,FF,FF,FF
44847,3707,0x18F00500,1,8,FF,FF,FF,FF,20,2D,FF,FF
44847,3708,0x18F00600,1,8,FF,FF,FF,FF,FF,FF,FF,FF
44848,3709,0x18FEF200,1,8,1D,00,00,FB,00,00,00,FF
44849,3710,0x1CFDDF00,1,8,FE,FF,FF,FF,FF,FF,FF,FF
44849,3711,0x1CFF6A00,1,8,FC,FF,FF,FF,FF,FF,FF,FF
44855,3712,0xCF00400,1,8,FF,FF,FF,48,46,FF,FF,FF
44855,3713,0xCFF6600,1,8,C9,08,FF,FF,FF,FF,FF,FF
44875,3714,0xCF00400,1,8,FF,FF,FF,9A,46,FF,FF,FF
44875,3715,0xCFF6600,1,8,D3,08,FF,FF,FF,FF,FF,FF
44895,3716,0xCF00400,1,8,FF,FF,FF,9A,46,FF,FF,FF
44895,3717,0xCFF6600,1,8,D3,08,FF,FF,FF,FF,FF,FF
44915,3718,0xCF00400,1,8,FF,FF,FF,D4,46,FF,FF,FF
44915,3719,0xCFF6600,1,8,DA,08,FF,FF,FF,FF,FF,FF
44935,3720,0xCF00400,1,8,FF,FF,FF,9A,46,FF,FF,FF
44935,3721,0xCFF6600,1,8,D3,08,FF,FF,FF,FF,FF,FF
44946,3722,0x18FEF100,1,8,3F,00,00,FF,FF,FF,FF,FF
44946,3723,0x10FF6500,1,8,FC,FF,FF,FF,FF,FF,FF,FF
44947,3724,0x18F00500,1,8,FF,FF,FF,FF,20,2D,FF,FF
44947,3725,0x18FEF200,1,8,1D,00,00,FB,00,00,00,FF
44955,3726,0xCF00400,1,8,FF,FF,FF,FA,45,FF,FF,FF
44955,3727,0xCFF6600,1,8,BF,08,FF,FF,FF,FF,FF,FF
44975,3728,0xCF00400,1,8,FF,FF,FF,FA,45,FF,FF,FF
44975,3729,0xCFF6600,1,8,BF,08,FF,FF,FF,FF,FF,FF
44995,3730,0xCF00400,1,8,FF,FF,FF,E4,45,FF,FF,FF
44995,3731,0xCFF6600,1,8,BC,08,FF,FF,FF,FF,FF,FF
45004,3732,0x18FEEE00,1,8,60,FF,FF,FF,FF,FF,FF,FF
45005,3733,0x18FDE500,1,8,0A,14,1E,28,32,3C,46,13
45015,3734,0xCF00400,1,8,FF,FF,FF,42,46,FF,FF,FF
45015,3735,0xCFF6600,1,8,C8,08,FF,FF,FF,FF,FF,FF
45024,3736,0x1CECFF00,1,8,20,0A,00,02,FF,CA,FE,00
45035,3737,0xCF00400,1,8,FF,FF,FF,16,46,FF,FF,FF
45035,3738,0xCFF6600,1,8,C2,08,FF,FF,FF,FF,FF,FF
45046,3739,0x18FEF100,1,8,3F,00,00,FF,FF,FF,FF,FF
45046,3740,0x18F00500,1,8,FF,FF,FF,FF,20,2D,FF,FF
45047,3741,0x18FEF200,1,8,1D,00,00,FB,00,00,00,FF
45055,3742,0xCF00400,1,8,FF,FF,FF,16,46,FF,FF,FF
45055,3743,0xCFF6600,1,8,C2,08,FF,FF,FF,FF,FF,FF
45075,3744,0xCF00400,1,8,FF,FF,FF,72,45,FF,FF,FF
45075,3745,0xCFF6600,1,8,AE,08,FF,FF,FF,FF,FF,FF
45076,3746,0x1CEBFF00,1,8,01,40,FF,0F,F0,E5,01,02
45095,3747,0xCF00400,1,8,FF,FF,FF,1C,45,FF,FF,FF
45095,3748,0xCFF6600,1,8,A3,08,FF,FF,FF,FF,FF,FF
45115,3749,0xCF00400,1,8,FF,FF,FF,06,45,FF,FF,FF
45116,3750,0xCFF6600,1,8,A0,08,FF,FF,FF,FF,FF,FF
45124,3751,0x1CEBFF00,1,8,02,F0,E3,01,FF,FF,FF,FF
45135,3752,0xCF00400,1,8,FF,FF,FF,06,45,FF,FF,FF
45135,3753,0xCFF6600,1,8,A0,08,FF,FF,FF,FF,FF,FF
45145,3754,0x18FEF100,1,8,3F,00,00,FF,FF,FF,FF,FF
45146,3755,0x10FF6500,1,8,FC,FF,FF,FF,FF,FF,FF,FF
45147,3756,0x18F00500,1,8,FF,FF,FF,FF,20,2D,FF,FF
45147,3757,0x18FEF200,1,8,1D,00,00,FB,00,00,00,FF
45155,3758,0xCF00400,1,8,FF,FF,FF,26,45,FF,FF,FF
45156,3759,0xCFF6600,1,8,A4,08,FF,FF,FF,FF,FF,FF
45175,3760,0xCF00400,1,8,FF,FF,FF,74,45,FF,FF,FF
45175,3761,0xCFF6600,1,8,AE,08,FF,FF,FF,FF,FF,FF
45195,3762,0xCF00400,1,8,FF,FF,FF,CC,45,FF,FF,FF
45196,3763,0xCFF6600,1,8,B9,08,FF,FF,FF,FF,FF,FF
45215,3764,0xCF00400,1,8,FF,FF,FF,CC,45,FF,FF,FF
45215,3765,0xCFF6600,1,8,B9,08,FF,FF,FF,FF,FF,FF
45235,3766,0xCF00400,1,8,FF,FF,FF,2C,46,FF,FF,FF
45236,3767,0xCFF6600,1,8,C5,08,FF,FF,FF,FF,FF,FF
45246,3768,0x18FEF100,1,8,3F,00,00,FF,FF,FF,FF,FF
45246,3769,0x18F00500,1,8,FF,FF,FF,FF,20,2D,FF,FF
45247,3770,0x18FEF200,1,8,1D,00,00,FB,00,00,00,FF
45255,3771,0xCF00400,1,8,FF,FF,FF,3E,46,FF,FF,FF
45255,3772,0xCFF6600,1,8,C7,08,FF,FF,FF,FF,FF,FF
45275,3773,0xCF00400,1,8,FF,FF,FF,10,46,FF,FF,FF
45276,3774,0xCFF6600,1,8,C2,08,FF,FF,FF,FF,FF,FF
45295,3775,0xCF00400,1,8,FF,FF,FF,10,46,FF,FF,FF
45295,3776,0xCFF6600,1,8,C2,08,FF,FF,FF,FF,FF,FF
45315,3777,0xCF00400,1,8,FF,FF,FF,22,46,FF,FF,FF
45316,3778,0xCFF6600,1,8,C4,08,FF,FF,FF,FF,FF,FF
45335,3779,0xCF00400,1,8,FF,FF,FF,74,46,FF,FF,FF
45335,3780,0xCFF6600,1,8,CE,08,FF,FF,FF,FF,FF,FF
45345,3781,0x18FEF100,1,8,3F,00,00,FF,FF,FF,FF,FF
45346,3782,0x10FF6500,1,8,FC,FF,FF,FF,FF,FF,FF,FF
45347,3783,0x18F00500,1,8,FF,FF,FF,FF,20,2D,FF,FF
45347,3784,0x18F00600,1,8,FF,FF,FF,FF,FF,FF,FF,FF
45348,3785,0x18FEF200,1,8,1D,00,00,FB,00,00,00,FF
45348,3786,0x1CFDDF00,1,8,FE,FF,FF,FF,FF,FF,FF,FF
45349,3787,0x1CFF6A00,1,8,FC,FF,FF,FF,FF,FF,FF,FF
45355,3788,0xCF00400,1,8,FF,FF,FF,5C,46,FF,FF,FF
45356,3789,0xCFF6600,1,8,CB,08,FF,FF,FF,FF,FF,FF
45375,3790,0xCF00400,1,8,FF,FF,FF,5C,46,FF,FF,FF
45375,3791,0xCFF6600,1,8,CB,08,FF,FF,FF,FF,FF,FF
45395,3792,0xCF00400,1,8,FF,FF,FF,DA,45,FF,FF,FF
45395,3793,0xCFF6600,1,8,BB,08,FF,FF,FF,FF,FF,FF
45415,3794,0xCF00400,1,8,FF,FF,FF,BC,45,FF,FF,FF
45415,3795,0xCFF6600,1,8,B7,08,FF,FF,FF,FF,FF,FF
45435,3796,0xCF00400,1,8,FF,FF,FF,BC,45,FF,FF,FF
45435,3797,0xCFF6600,1,8,B7,08,FF,FF,FF,FF,FF,FF
45445,3798,0x18FEF100,1,8,3F,00,00,FF,FF,FF,FF,FF
45446,3799,0x18F00500,1,8,FF,FF,FF,FF,20,2D,FF,FF
45447,3800,0x18FEF200,1,8,1D,00,00,FB,00,00,00,FF
45455,3801,0xCF00400,1,8,FF,FF,FF,F6,45,FF,FF,FF
45455,3802,0xCFF6600,1,8,BE,08,FF,FF,FF,FF,FF,FF
45475,3803,0xCF00400,1,8,FF,FF,FF,30,46,FF,FF,FF
45476,3804,0xCFF6600,1,8,C6,08,FF,FF,FF,FF,FF,FF
45495,3805,0xCF00400,1,8,FF,FF,FF,66,46,FF,FF,FF
45495,3806,0xCFF6600,1,8,CC,08,FF,FF,FF,FF,FF,FF
45515,3807,0xCF00400,1,8,FF,FF,FF,66,46,FF,FF,FF
45515,3808,0xCFF6600,1,8,CC,08,FF,FF,FF,FF,FF,FF
45535,3809,0xCF00400,1,8,FF,FF,FF,2C,46,FF,FF,FF
45535,3810,0xCFF6600,1,8,C5,08,FF,FF,FF,FF,FF,FF
45545,3811,0x18FEF100,1,8,3F,00,00,FF,FF,FF,FF,FF
45546,3812,0x10FF6500,1,8,FC,FF,FF,FF,FF,FF,FF,FF
45547,3813,0x18F00500,1,8,FF,FF,FF,FF,20,2D,FF,FF
45547,3814,0x18FEF200,1,8,1D,00,00,FB,00,00,00,FF
45555,3815,0xCF00400,1,8,FF,FF,FF,92,45,FF,FF,FF
45555,3816,0xCFF6600,1,8,B2,08,FF,FF,FF,FF,FF,FF
45575,3817,0xCF00400,1,8,FF,FF,FF,4C,45,FF,FF,FF
45575,3818,0xCFF6600,1,8,A9,08,FF,FF,FF,FF,FF,FF
45595,3819,0xCF00400,1,8,FF,FF,FF,4C,45,FF,FF,FF
45595,3820,0xCFF6600,1,8,A9,08,FF,FF,FF,FF,FF,FF
45615,3821,0xCF00400,1,8,FF,FF,FF,4E,45,FF,FF,FF
45615,3822,0xCFF6600,1,8,A9,08,FF,FF,FF,FF,FF,FF
45635,3823,0xCF00400,1,8,FF,FF,FF,92,45,FF,FF,FF
45635,3824,0xCFF6600,1,8,B2,08,FF,FF,FF,FF,FF,FF
45646,3825,0x18FEF100,1,8,3F,00,00,FF,FF,FF,FF,FF
45646,3826,0x18F00500,1,8,FF,FF,FF,FF,20,2D,FF,FF
45647,3827,0x18FEF200,1,8,1D,00,00,FB,00,00,00,FF
45655,3828,0xCF00400,1,8,FF,FF,FF,0E,46,FF,FF,FF
45655,3829,0xCFF6600,1,8,C1,08,FF,FF,FF,FF,FF,FF
45675,3830,0xCF00400,1,8,FF,FF,FF,0E,46,FF,FF,FF
45675,3831,0xCFF6600,1,8,C1,08,FF,FF,FF,FF,FF,FF
45695,3832,0xCF00400,1,8,FF,FF,FF,72,46,FF,FF,FF
45695,3833,0xCFF6600,1,8,CE,08,FF,FF,FF,FF,FF,FF
45715,3834,0xCF00400,1,8,FF,FF,FF,C4,46,FF,FF,FF
45715,3835,0xCFF6600,1,8,D8,08,FF,FF,FF,FF,FF,FF
45735,3836,0xCF00400,1,8,FF,FF,FF,E6,46,FF,FF,FF
45735,3837,0xCFF6600,1,8,DC,08,FF,FF,FF,FF,FF,FF
45745,3838,0x18FEF100,1,8,3F,00,00,FF,FF,FF,FF,FF
45746,3839,0x10FF6500,1,8,FC,FF,FF,FF,FF,FF,FF,FF
45747,3840,0x18F00500,1,8,FF,FF,FF,FF,20,2D,FF,FF
45747,3841,0x18FEF200,1,8,1D,00,00,FB,00,00,00,FF
45755,3842,0xCF00400,1,8,FF,FF,FF,E6,46,FF,FF,FF
45755,3843,0xCFF6600,1,8,DC,08,FF,FF,FF,FF,FF,FF
45775,3844,0xCF00400,1,8,FF,FF,FF,E6,46,FF,FF,FF
45775,3845,0xCFF6600,1,8,DC,08,FF,FF,FF,FF,FF,FF
45795,3846,0xCF00400,1,8,FF,FF,FF,EA,46,FF,FF,FF
45795,3847,0xCFF6600,1,8,DD,08,FF,FF,FF,FF,FF,FF
45815,3848,0xCF00400,1,8,FF,FF,FF,EA,46,FF,FF,FF
45815,3849,0xCFF6600,1,8,DD,08,FF,FF,FF,FF,FF,FF
45835,3850,0xCF00400,1,8,FF,FF,FF,EA,46,FF,FF,FF
45835,3851,0xCFF6600,1,8,DD,08,FF,FF,FF,FF,FF,FF
45846,3852,0x18FEF100,1,8,3F,00,00,FF,FF,FF,FF,FF
45846,3853,0x18F00500,1,8,FF,FF,FF,FF,20,2D,FF,FF
45847,3854,0x18F00600,1,8,FF,FF,FF,FF,FF,FF,FF,FF
45847,3855,0x18FEF200,1,8,1D,00,00,FB,00,00,00,FF
45848,3856,0x1CFDDF00,1,8,FE,FF,FF,FF,FF,FF,FF,FF
45849,3857,0x1CFF6A00,1,8,FC,FF,FF,FF,FF,FF,FF,FF
45855,3858,0xCF00400,1,8,FF,FF,FF,94,46,FF,FF,FF
45855,3859,0xCFF6600,1,8,D2,08,FF,FF,FF,FF,FF,FF
45875,3860,0xCF00400,1,8,FF,FF,FF,F4,45,FF,FF,FF
45875,3861,0xCFF6600,1,8,BE,08,FF,FF,FF,FF,FF,FF
45895,3862,0xCF00400,1,8,FF,FF,FF,02,46,FF,FF,FF
45895,3863,0xCFF6600,1,8,C0,08,FF,FF,FF,FF,FF,FF
45915,3864,0xCF00400,1,8,FF,FF,FF,02,46,FF,FF,FF
45915,3865,0xCFF6600,1,8,C0,08,FF,FF,FF,FF,FF,FF
45935,3866,0xCF00400,1,8,FF,FF,FF,A8,46,FF,FF,FF
45935,3867,0xCFF6600,1,8,D5,08,FF,FF,FF,FF,FF,FF
45945,3868,0x18FEF100,1,8,3F,00,00,FF,FF,FF,FF,FF
45946,3869,0x10FF6500,1,8,FC,FF,FF,FF,FF,FF,FF,FF
45947,3870,0x18F00500,1,8,FF,FF,FF,FF,20,2D,FF,FF
45947,3871,0x18FEF200,1,8,1D,00,00,FB,00,00,00,FF
45955,3872,0xCF00400,1,8,FF,FF,FF,AC,46,FF,FF,FF
45955,3873,0xCFF6600,1,8,D5,08,FF,FF,FF,FF,FF,FF
45975,3874,0xCF00400,1,8,FF,FF,FF,1E,46,FF,FF,FF
45975,3875,0xCFF6600,1,8,C3,08,FF,FF,FF,FF,FF,FF
45995,3876,0xCF00400,1,8,FF,FF,FF,1E,46,FF,FF,FF
45995,3877,0xCFF6600,1,8,C3,08,FF,FF,FF,FF,FF,FF
46004,3878,0x18FEEE00,1,8,60,FF,FF,FF,FF,FF,FF,FF
46005,3879,0x18FDE500,1,8,0A,14,1E,28,32,3C,46,13
46015,3880,0xCF00400,1,8,FF,FF,FF,24,46,FF,FF,FF
46015,3881,0xCFF6600,1,8,C4,08,FF,FF,FF,FF,FF,FF
46024,3882,0x1CECFF00,1,8,20,0A,00,02,FF,CA,FE,00
46035,3883,0xCF00400,1,8,FF,FF,FF,A8,46,FF,FF,FF
46035,3884,0xCFF6600,1,8,D5,08,FF,FF,FF,FF,FF,FF
46046,3885,0x18FEF100,1,8,3F,00,00,FF,FF,FF,FF,FF
46046,3886,0x18F00500,1,8,FF,FF,FF,FF,20,2D,FF,FF
46047,3887,0x18FEF200,1,8,1C,00,00,FB,00,00,00,FF
46055,3888,0xCF00400,1,8,FF,FF,FF,B2,46,FF,FF,FF
46055,3889,0xCFF6600,1,8,D6,08,FF,FF,FF,FF,FF,FF
46075,3890,0xCF00400,1,8,FF,FF,FF,B2,46,FF,FF,FF
46075,3891,0xCFF6600,1,8,D6,08,FF,FF,FF,FF,FF,FF
46076,3892,0x1CEBFF00,1,8,01,40,FF,0F,F0,E5,01,02
46095,3893,0xCF00400,1,8,FF,FF,FF,52,46,FF,FF,FF
46095,3894,0xCFF6600,1,8,CA,08,FF,FF,FF,FF,FF,FF
46115,3895,0xCF00400,1,8,FF,FF,FF,62,46,FF,FF,FF
46116,3896,0xCFF6600,1,8,CC,08,FF,FF,FF,FF,FF,FF
46124,3897,0x1CEBFF00,1,8,02,F0,E3,01,FF,FF,FF,FF
46135,3898,0xCF00400,1,8,FF,FF,FF,D0,46,FF,FF,FF
46135,3899,0xCFF6600,1,8,DA,08,FF,FF,FF,FF,FF,FF
46145,3900,0x18FEF100,1,8,3F,00,00,FF,FF,FF,FF,FF
46146,3901,0x10FF6500,1,8,FC,FF,FF,FF,FF,FF,FF,FF
46147,3902,0x18F00500,1,8,FF,FF,FF,FF,20,2D,FF,FF
46147,3903,0x18FEF200,1,8,1C,00,00,FB,00,00,00,FF
46155,3904,0xCF00400,1,8,FF,FF,FF,B6,46,FF,FF,FF
46156,3905,0xCFF6600,1,8,D6,08,FF,FF,FF,FF,FF,FF
46175,3906,0xCF00400,1,8,FF,FF,FF,B6,46,FF,FF,FF
46175,3907,0xCFF6600,1,8,D6,08,FF,FF,FF,FF,FF,FF
46195,3908,0xCF00400,1,8,FF,FF,FF,2E,46,FF,FF,FF
46195,3909,0xCFF6600,1,8,C5,08,FF,FF,FF,FF,FF,FF
46215,3910,0xCF00400,1,8,FF,FF,FF,54,46,FF,FF,FF
46215,3911,0xCFF6600,1,8,CA,08,FF,FF,FF,FF,FF,FF
46235,3912,0xCF00400,1,8,FF,FF,FF,0A,47,FF,FF,FF
46236,3913,0xCFF6600,1,8,E1,08,FF,FF,FF,FF,FF,FF
46245,3914,0x18FEF100,1,8,3F,00,00,FF,FF,FF,FF,FF
46246,3915,0x18F00500,1,8,FF,FF,FF,FF,20,2D,FF,FF
46247,3916,0x18FEF200,1,8,1C,00,00,FB,00,00,00,FF
46255,3917,0xCF00400,1,8,FF,FF,FF,0A,47,FF,FF,FF
46255,3918,0xCFF6600,1,8,E1,08,FF,FF,FF,FF,FF,FF
46275,3919,0xCF00400,1,8,FF,FF,FF,78,47,FF,FF,FF
46275,3920,0xCFF6600,1,8,EF,08,FF,FF,FF,FF,FF,FF
46295,3921,0xCF00400,1,8,FF,FF,FF,B0,47,FF,FF,FF
46295,3922,0xCFF6600,1,8,F6,08,FF,FF,FF,FF,FF,FF
46315,3923,0xCF00400,1,8,FF,FF,FF,66,47,FF,FF,FF
46315,3924,0xCFF6600,1,8,EC,08,FF,FF,FF,FF,FF,FF
46335,3925,0xCF00400,1,8,FF,FF,FF,66,47,FF,FF,FF
46335,3926,0xCFF6600,1,8,EC,08,FF,FF,FF,FF,FF,FF
46345,3927,0x18FEF100,1,8,3F,00,00,FF,FF,FF,FF,FF
46346,3928,0x10FF6500,1,8,FC,FF,FF,FF,FF,FF,FF,FF
46347,3929,0x18F00500,1,8,FF,FF,FF,FF,20,2D,FF,FF
46347,3930,0x18F00600,1,8,FF,FF,FF,FF,FF,FF,FF,FF
46348,3931,0x18FEF200,1,8,1C,00,00,FB,00,00,00,FF
46348,3932,0x1CFDDF00,1,8,FE,FF,FF,FF,FF,FF,FF,FF
46349,3933,0x1CFF6A00,1,8,FC,FF,FF,FF,FF,FF,FF,FF
46355,3934,0xCF00400,1,8,FF,FF,FF,A4,46,FF,FF,FF
46355,3935,0xCFF6600,1,8,D4,08,FF,FF,FF,FF,FF,FF
46375,3936,0xCF00400,1,8,FF,FF,FF,06,46,FF,FF,FF
46375,3937,0xCFF6600,1,8,C0,08,FF,FF,FF,FF,FF,FF
46395,3938,0xCF00400,1,8,FF,FF,FF,8A,45,FF,FF,FF
46396,3939,0xCFF6600,1,8,B1,08,FF,FF,FF,FF,FF,FF
46415,3940,0xCF00400,1,8,FF,FF,FF,8A,45,FF,FF,FF
46415,3941,0xCFF6600,1,8,B1,08,FF,FF,FF,FF,FF,FF
46435,3942,0xCF00400,1,8,FF,FF,FF,84,45,FF,FF,FF
46436,3943,0xCFF6600,1,8,B0,08,FF,FF,FF,FF,FF,FF
46446,3944,0x18FEF100,1,8,3F,00,00,FF,FF,FF,FF,FF
46446,3945,0x18F00500,1,8,FF,FF,FF,FF,20,2D,FF,FF
46447,3946,0x18FEF200,1,8,1C,00,00,FB,00,00,00,FF
46455,3947,0xCF00400,1,8,FF,FF,FF,E2,45,FF,FF,FF
46455,3948,0xCFF6600,1,8,BC,08,FF,FF,FF,FF,FF,FF
46475,3949,0xCF00400,1,8,FF,FF,FF,16,46,FF,FF,FF
46476,3950,0xCFF6600,1,8,C2,08,FF,FF,FF,FF,FF,FF
46495,3951,0xCF00400,1,8,FF,FF,FF,16,46,FF,FF,FF
46495,3952,0xCFF6600,1,8,C2,08,FF,FF,FF,FF,FF,FF
46515,3953,0xCF00400,1,8,FF,FF,FF,24,46,FF,FF,FF
46516,3954,0xCFF6600,1,8,C4,08,FF,FF,FF,FF,FF,FF
46535,3955,0xCF00400,1,8,FF,FF,FF,12,46,FF,FF,FF
46535,3956,0xCFF6600,1,8,C2,08,FF,FF,FF,FF,FF,FF
46545,3957,0x18FEF100,1,8,3F,00,00,FF,FF,FF,FF,FF
46546,3958,0x10FF6500,1,8,FC,FF,FF,FF,FF,FF,FF,FF
46547,3959,0x18F00500,1,8,FF,FF,FF,FF,20,2D,FF,FF
46547,3960,0x18FEF200,1,8,1C,00,00,FB,00,00,00,FF
46555,3961,0xCF00400,1,8,FF,FF,FF,E4,45,FF,FF,FF
46556,3962,0xCFF6600,1,8,BC,08,FF,FF,FF,FF,FF,FF
46575,3963,0xCF00400,1,8,FF,FF,FF,E4,45,FF,FF,FF
46575,3964,0xCFF6600,1,8,BC,08,FF,FF,FF,FF,FF,FF
46595,3965,0xCF00400,1,8,FF,FF,FF,2E,46,FF,FF,FF
46596,3966,0xCFF6600,1,8,C5,08,FF,FF,FF,FF,FF,FF
46615,3967,0xCF00400,1,8,FF,FF,FF,DC,46,FF,FF,FF
46615,3968,0xCFF6600,1,8,DB,08,FF,FF,FF,FF,FF,FF
46635,3969,0xCF00400,1,8,FF,FF,FF,88,47,FF,FF,FF
46636,3970,0xCFF6600,1,8,F1,08,FF,FF,FF,FF,FF,FF
46646,3971,0x18FEF100,1,8,3F,00,00,FF,FF,FF,FF,FF
46646,3972,0x18F00500,1,8,FF,FF,FF,FF,20,2D,FF,FF
46647,3973,0x18FEF200,1,8,1C,00,00,FB,00,00,00,FF
46655,3974,0xCF00400,1,8,FF,FF,FF,88,47,FF,FF,FF
46655,3975,0xCFF6600,1,8,F1,08,FF,FF,FF,FF,FF,FF
46675,3976,0xCF00400,1,8,FF,FF,FF,2A,48,FF,FF,FF
46675,3977,0xCFF6600,1,8,05,09,FF,FF,FF,FF,FF,FF
46695,3978,0xCF00400,1,8,FF,FF,FF,40,48,FF,FF,FF
46695,3979,0xCFF6600,1,8,08,09,FF,FF,FF,FF,FF,FF
46715,3980,0xCF00400,1,8,FF,FF,FF,E6,47,FF,FF,FF
46715,3981,0xCFF6600,1,8,FC,08,FF,FF,FF,FF,FF,FF
46735,3982,0xCF00400,1,8,FF,FF,FF,E6,47,FF,FF,FF
46735,3983,0xCFF6600,1,8,FC,08,FF,FF,FF,FF,FF,FF
46745,3984,0x18FEF100,1,8,3F,00,00,FF,FF,FF,FF,FF
46746,3985,0x10FF6500,1,8,FC,FF,FF,FF,FF,FF,FF,FF
46747,3986,0x18F00500,1,8,FF,FF,FF,FF,20,2D,FF,FF
46747,3987,0x18FEF200,1,8,1C,00,00,FB,00,00,00,FF
46755,3988,0xCF00400,1,8,FF,FF,FF,D0,47,FF,FF,FF
46755,3989,0xCFF6600,1,8,FA,08,FF,FF,FF,FF,FF,FF
46775,3990,0xCF00400,1,8,FF,FF,FF,00,48,FF,FF,FF
46775,3991,0xCFF6600,1,8,00,09,FF,FF,FF,FF,FF,FF
46795,3992,0xCF00400,1,8,FF,FF,FF,C0,47,FF,FF,FF
46795,3993,0xCFF6600,1,8,F8,08,FF,FF,FF,FF,FF,FF
46815,3994,0xCF00400,1,8,FF,FF,FF,C0,47,FF,FF,FF
46815,3995,0xCFF6600,1,8,F8,08,FF,FF,FF,FF,FF,FF
46835,3996,0xCF00400,1,8,FF,FF,FF,1A,47,FF,FF,FF
46835,3997,0xCFF6600,1,8,E3,08,FF,FF,FF,FF,FF,FF
46846,3998,0x18FEF100,1,8,3F,00,00,FF,FF,FF,FF,FF
46846,3999,0x18F00500,1,8,FF,FF,FF,FF,20,2D,FF,FF
46847,4000,0x18F00600,1,8,FF,FF,FF,FF,FF,FF,FF,FF
46847,4001,0x18FEF200,1,8,1C,00,00,FB,00,00,00,FF
46848,4002,0x1CFDDF00,1,8,FE,FF,FF,FF,FF,FF,FF,FF
46849,4003,0x1CFF6A00,1,8,FC,FF,FF,FF,FF,FF,FF,FF
46855,4004,0xCF00400,1,8,FF,FF,FF,1E,47,FF,FF,FF
46855,4005,0xCFF6600,1,8,E3,08,FF,FF,FF,FF,FF,FF
46875,4006,0xCF00400,1,8,FF,FF,FF,AC,47,FF,FF,FF
46875,4007,0xCFF6600,1,8,F5,08,FF,FF,FF,FF,FF,FF
46895,4008,0xCF00400,1,8,FF,FF,FF,D8,47,FF,FF,FF
46896,4009,0xCFF6600,1,8,FB,08,FF,FF,FF,FF,FF,FF
46915,4010,0xCF00400,1,8,FF,FF,FF,D8,47,FF,FF,FF
46915,4011,0xCFF6600,1,8,FB,08,FF,FF,FF,FF,FF,FF
46935,4012,0xCF00400,1,8,FF,FF,FF,BC,47,FF,FF,FF
46936,4013,0xCFF6600,1,8,F7,08,FF,FF,FF,FF,FF,FF
46945,4014,0x18FEF100,1,8,3F,00,00,FF,FF,FF,FF,FF
46946,4015,0x10FF6500,1,8,FC,FF,FF,FF,FF,FF,FF,FF
46947,4016,0x18F00500,1,8,FF,FF,FF,FF,20,2D,FF,FF
46947,4017,0x18FEF200,1,8,1C,00,00,FB,00,00,00,FF
46955,4018,0xCF00400,1,8,FF,FF,FF,AA,47,FF,FF,FF
46955,4019,0xCFF6600,1,8,F5,08,FF,FF,FF,FF,FF,FF
46975,4020,0xCF00400,1,8,FF,FF,FF,A6,47,FF,FF,FF
46975,4021,0xCFF6600,1,8,F4,08,FF,FF,FF,FF,FF,FF
46995,4022,0xCF00400,1,8,FF,FF,FF,A6,47,FF,FF,FF
46995,4023,0xCFF6600,1,8,F4,08,FF,FF,FF,FF,FF,FF
47004,4024,0x18FEEE00,1,8,5F,FF,FF,FF,FF,FF,FF,FF
47005,4025,0x18FDE500,1,8,0A,14,1E,28,32,3C,46,13
47015,4026,0xCF00400,1,8,FF,FF,FF,4C,47,FF,FF,FF
47015,4027,0xCFF6600,1,8,E9,08,FF,FF,FF,FF,FF,FF
47024,4028,0x1CECFF00,1,8,20,0A,00,02,FF,CA,FE,00
47035,4029,0xCF00400,1,8,FF,FF,FF,A2,46,FF,FF,FF
47035,4030,0xCFF6600,1,8,D4,08,FF,FF,FF,FF,FF,FF
47045,4031,0x18FEF100,1,8,3F,00,00,FF,FF,FF,FF,FF
47046,4032,0x18F00500,1,8,FF,FF,FF,FF,20,2D,FF,FF
47047,4033,0x18FEF200,1,8,1C,00,00,5A,00,00,00,FF
47055,4034,0xCF00400,1,8,FF,FF,FF,96,46,FF,FF,FF
47055,4035,0xCFF6600,1,8,D2,08,FF,FF,FF,FF,FF,FF
47075,4036,0xCF00400,1,8,FF,FF,FF,96,46,FF,FF,FF
47075,4037,0xCFF6600,1,8,D2,08,FF,FF,FF,FF,FF,FF
47076,4038,0x1CEBFF00,1,8,01,40,FF,0F,F0,E5,01,02
47095,4039,0xCF00400,1,8,FF,FF,FF,16,47,FF,FF,FF
47095,4040,0xCFF6600,1,8,E2,08,FF,FF,FF,FF,FF,FF
47115,4041,0xCF00400,1,8,FF,FF,FF,70,47,FF,FF,FF
47115,4042,0xCFF6600,1,8,EE,08,FF,FF,FF,FF,FF,FF
47124,4043,0x1CEBFF00,1,8,02,F0,E3,01,FF,FF,FF,FF
47135,4044,0xCF00400,1,8,FF,FF,FF,B4,47,FF,FF,FF
47135,4045,0xCFF6600,1,8,F6,08,FF,FF,FF,FF,FF,FF
47146,4046,0x18FEF100,1,8,3F,00,00,FF,FF,FF,FF,FF
47146,4047,0x10FF6500,1,8,FC,FF,FF,FF,FF,FF,FF,FF
47147,4048,0x18F00500,1,8,FF,FF,FF,FF,20,2D,FF,FF
47148,4049,0x18FEF200,1,8,1C,00,00,5A,00,00,00,FF
47155,4050,0xCF00400,1,8,FF,FF,FF,B4,47,FF,FF,FF
47155,4051,0xCFF6600,1,8,F6,08,FF,FF,FF,FF,FF,FF
47175,4052,0xCF00400,1,8,FF,FF,FF,D2,47,FF,FF,FF
47175,4053,0xCFF6600,1,8,FA,08,FF,FF,FF,FF,FF,FF
47195,4054,0xCF00400,1,8,FF,FF,FF,CE,47,FF,FF,FF
47195,4055,0xCFF6600,1,8,F9,08,FF,FF,FF,FF,FF,FF
47215,4056,0xCF00400,1,8,FF,FF,FF,A4,47,FF,FF,FF
47215,4057,0xCFF6600,1,8,F4,08,FF,FF,FF,FF,FF,FF
47235,4058,0xCF00400,1,8,FF,FF,FF,A4,47,FF,FF,FF
47235,4059,0xCFF6600,1,8,F4,08,FF,FF,FF,FF,FF,FF
47246,4060,0x18FEF100,1,8,3F,00,00,FF,FF,FF,FF,FF
47246,4061,0x18F00500,1,8,FF,FF,FF,FF,20,2D,FF,FF
47247,4062,0x18FEF200,1,8,1C,00,00,5A,00,00,00,FF
47255,4063,0xCF00400,1,8,FF,FF,FF,56,47,FF,FF,FF
47255,4064,0xCFF6600,1,8,EA,08,FF,FF,FF,FF,FF,FF
47275,4065,0xCF00400,1,8,FF,FF,FF,50,47,FF,FF,FF
47275,4066,0xCFF6600,1,8,EA,08,FF,FF,FF,FF,FF,FF
47295,4067,0xCF00400,1,8,FF,FF,FF,8C,47,FF,FF,FF
47295,4068,0xCFF6600,1,8,F1,08,FF,FF,FF,FF,FF,FF
47315,4069,0xCF00400,1,8,FF,FF,FF,D0,47,FF,FF,FF
47316,4070,0xCFF6600,1,8,FA,08,FF,FF,FF,FF,FF,FF
47335,4071,0xCF00400,1,8,FF,FF,FF,D0,47,FF,FF,FF
47335,4072,0xCFF6600,1,8,FA,08,FF,FF,FF,FF,FF,FF
47346,4073,0x18FEF100,1,8,3F,00,00,FF,FF,FF,FF,FF
47346,4074,0x10FF6500,1,8,FC,FF,FF,FF,FF,FF,FF,FF
47347,4075,0x18F00500,1,8,FF,FF,FF,FF,20,2D,FF,FF
47347,4076,0x18F00600,1,8,FF,FF,FF,FF,FF,FF,FF,FF
47348,4077,0x18FEF200,1,8,1C,00,00,5A,00,00,00,FF
47349,4078,0x1CFDDF00,1,8,FE,FF,FF,FF,FF,FF,FF,FF
47349,4079,0x1CFF6A00,1,8,FC,FF,FF,FF,FF,FF,FF,FF
47355,4080,0xCF00400,1,8,FF,FF,FF,16,48,FF,FF,FF
47356,4081,0xCFF6600,1,8,02,09,FF,FF,FF,FF,FF,FF
47375,4082,0xCF00400,1,8,FF,FF,FF,FA,47,FF,FF,FF
47375,4083,0xCFF6600,1,8,FF,08,FF,FF,FF,FF,FF,FF
47395,4084,0xCF00400,1,8,FF,FF,FF,8C,47,FF,FF,FF
47395,4085,0xCFF6600,1,8,F1,08,FF,FF,FF,FF,FF,FF
47415,4086,0xCF00400,1,8,FF,FF,FF,8C,47,FF,FF,FF
47415,4087,0xCFF6600,1,8,F1,08,FF,FF,FF,FF,FF,FF
47435,4088,0xCF00400,1,8,FF,FF,FF,B6,47,FF,FF,FF
47435,4089,0xCFF6600,1,8,F6,08,FF,FF,FF,FF,FF,FF
47446,4090,0x18FEF100,1,8,3F,00,00,FF,FF,FF,FF,FF
47447,4091,0x18F00500,1,8,FF,FF,FF,FF,20,2D,FF,FF
47447,4092,0x18FEF200,1,8,1C,00,00,5A,00,00,00,FF
47455,4093,0xCF00400,1,8,FF,FF,FF,5E,48,FF,FF,FF
47455,4094,0xCFF6600,1,8,0B,09,FF,FF,FF,FF,FF,FF
47475,4095,0xCF00400,1,8,FF,FF,FF,82,48,FF,FF,FF
47475,4096,0xCFF6600,1,8,10,09,FF,FF,FF,FF,FF,FF
47495,4097,0xCF00400,1,8,FF,FF,FF,82,48,FF,FF,FF
47495,4098,0xCFF6600,1,8,10,09,FF,FF,FF,FF,FF,FF
47515,4099,0xCF00400,1,8,FF,FF,FF,26,48,FF,FF,FF
47515,4100,0xCFF6600,1,8,04,09,FF,FF,FF,FF,FF,FF
47535,4101,0xCF00400,1,8,FF,FF,FF,06,48,FF,FF,FF
47535,4102,0xCFF6600,1,8,00,09,FF,FF,FF,FF,FF,FF
47546,4103,0x18FEF100,1,8,3F,00,00,FF,FF,FF,FF,FF
47546,4104,0x10FF6500,1,8,FC,FF,FF,FF,FF,FF,FF,FF
47547,4105,0x18F00500,1,8,FF,FF,FF,FF,20,2D,FF,FF
47547,4106,0x18FEF200,1,8,1C,00,00,5A,00,00,00,FF
47555,4107,0xCF00400,1,8,FF,FF,FF,24,48,FF,FF,FF
47555,4108,0xCFF6600,1,8,04,09,FF,FF,FF,FF,FF,FF
47575,4109,0xCF00400,1,8,FF,FF,FF,2E,48,FF,FF,FF
47576,4110,0xCFF6600,1,8,05,09,FF,FF,FF,FF,FF,FF
47595,4111,0xCF00400,1,8,FF,FF,FF,2E,48,FF,FF,FF
47595,4112,0xCFF6600,1,8,05,09,FF,FF,FF,FF,FF,FF
47615,4113,0xCF00400,1,8,FF,FF,FF,2C,48,FF,FF,FF
47616,4114,0xCFF6600,1,8,05,09,FF,FF,FF,FF,FF,FF
47635,4115,0xCF00400,1,8,FF,FF,FF,08,48,FF,FF,FF
47635,4116,0xCFF6600,1,8,01,09,FF,FF,FF,FF,FF,FF
47646,4117,0x18FEF100,1,8,3F,00,00,FF,FF,FF,FF,FF
47646,4118,0x18F00500,1,8,FF,FF,FF,FF,20,2D,FF,FF
47647,4119,0x18FEF200,1,8,1C,00,00,5A,00,00,00,FF
47655,4120,0xCF00400,1,8,FF,FF,FF,BE,47,FF,FF,FF
47655,4121,0xCFF6600,1,8,F7,08,FF,FF,FF,FF,FF,FF
47675,4122,0xCF00400,1,8,FF,FF,FF,BE,47,FF,FF,FF
47675,4123,0xCFF6600,1,8,F7,08,FF,FF,FF,FF,FF,FF
47695,4124,0xCF00400,1,8,FF,FF,FF,A6,47,FF,FF,FF
47695,4125,0xCFF6600,1,8,F4,08,FF,FF,FF,FF,FF,FF
47715,4126,0xCF00400,1,8,FF,FF,FF,C4,47,FF,FF,FF
47715,4127,0xCFF6600,1,8,F8,08,FF,FF,FF,FF,FF,FF
47735,4128,0xCF00400,1,8,FF,FF,FF,E6,47,FF,FF,FF
47735,4129,0xCFF6600,1,8,FC,08,FF,FF,FF,FF,FF,FF
47746,4130,0x18FEF100,1,8,3F,00,00,FF,FF,FF,FF,FF
47746,4131,0x10FF6500,1,8,FC,FF,FF,FF,FF,FF,FF,FF
47747,4132,0x18F00500,1,8,FF,FF,FF,FF,20,2D,FF,FF
47748,4133,0x18FEF200,1,8,1C,00,00,5A,00,00,00,FF
47755,4134,0xCF00400,1,8,FF,FF,FF,E6,47,FF,FF,FF
47755,4135,0xCFF6600,1,8,FC,08,FF,FF,FF,FF,FF,FF
47775,4136,0xCF00400,1,8,FF,FF,FF,06,48,FF,FF,FF
47775,4137,0xCFF6600,1,8,00,09,FF,FF,FF,FF,FF,FF
47795,4138,0xCF00400,1,8,FF,FF,FF,2C,48,FF,FF,FF
47795,4139,0xCFF6600,1,8,05,09,FF,FF,FF,FF,FF,FF
47815,4140,0xCF00400,1,8,FF,FF,FF,5A,48,FF,FF,FF
47815,4141,0xCFF6600,1,8,0B,09,FF,FF,FF,FF,FF,FF
47835,4142,0xCF00400,1,8,FF,FF,FF,5A,48,FF,FF,FF
47835,4143,0xCFF6600,1,8,0B,09,FF,FF,FF,FF,FF,FF
47846,4144,0x18FEF100,1,8,3F,00,00,FF,FF,FF,FF,FF
47846,4145,0x18F00500,1,8,FF,FF,FF,FF,20,2D,FF,FF
47847,4146,0x18F00600,1,8,FF,FF,FF,FF,FF,FF,FF,FF
47847,4147,0x18FEF200,1,8,1C,00,00,5A,00,00,00,FF
47848,4148,0x1CFDDF00,1,8,FE,FF,FF,FF,FF,FF,FF,FF
47849,4149,0x1CFF6A00,1,8,FC,FF,FF,FF,FF,FF,FF,FF
47855,4150,0xCF00400,1,8,FF,FF,FF,54,48,FF,FF,FF
47855,4151,0xCFF6600,1,8,0A,09,FF,FF,FF,FF,FF,FF
47875,4152,0xCF00400,1,8,FF,FF,FF,26,48,FF,FF,FF
47876,4153,0xCFF6600,1,8,04,09,FF,FF,FF,FF,FF,FF
47895,4154,0xCF00400,1,8,FF,FF,FF,30,48,FF,FF,FF
47895,4155,0xCFF6600,1,8,06,09,FF,FF,FF,FF,FF,FF
47915,4156,0xCF00400,1,8,FF,FF,FF,6E,48,FF,FF,FF
47915,4157,0xCFF6600,1,8,0D,09,FF,FF,FF,FF,FF,FF
47935,4158,0xCF00400,1,8,FF,FF,FF,6E,48,FF,FF,FF
47935,4159,0xCFF6600,1,8,0D,09,FF,FF,FF,FF,FF,FF
47945,4160,0x18FEF100,1,8,3F,00,00,FF,FF,FF,FF,FF
47946,4161,0x10FF6500,1,8,FC,FF,FF,FF,FF,FF,FF,FF
47947,4162,0x18F00500,1,8,FF,FF,FF,FF,20,2D,FF,FF
47947,4163,0x18FEF200,1,8,1C,00,00,5A,00,00,00,FF
47955,4164,0xCF00400,1,8,FF,FF,FF,1E,48,FF,FF,FF
47955,4165,0xCFF6600,1,8,03,09,FF,FF,FF,FF,FF,FF
47975,4166,0xCF00400,1,8,FF,FF,FF,4C,47,FF,FF,FF
47975,4167,0xCFF6600,1,8,E9,08,FF,FF,FF,FF,FF,FF
47995,4168,0xCF00400,1,8,FF,FF,FF,48,47,FF,FF,FF
47995,4169,0xCFF6600,1,8,E9,08,FF,FF,FF,FF,FF,FF
48026,4170,0xCF00400,1,8,FF,FF,FF,48,47,FF,FF,FF
48026,4171,0xCFF6600,1,8,E9,08,FF,FF,FF,FF,FF,FF
48027,4172,0x18FDE500,1,8,0A,14,1E,28,32,3C,46,13
48028,4173,0x18FEEE00,1,8,5F,FF,FF,FF,FF,FF,FF,FF
48029,4174,0x1CECFF00,1,8,20,0A,00,02,FF,CA,FE,00
48035,4175,0xCF00400,1,8,FF,FF,FF,F2,47,FF,FF,FF
48036,4176,0xCFF6600,1,8,FE,08,FF,FF,FF,FF,FF,FF
48046,4177,0x18FEF100,1,8,3F,00,00,FF,FF,FF,FF,FF
48046,4178,0x18F00500,1,8,FF,FF,FF,FF,20,2D,FF,FF
48047,4179,0x18FEF200,1,8,1C,00,00,1E,00,00,00,FF
48055,4180,0xCF00400,1,8,FF,FF,FF,6A,48,FF,FF,FF
48055,4181,0xCFF6600,1,8,0D,09,FF,FF,FF,FF,FF,FF
48075,4182,0xCF00400,1,8,FF,FF,FF,B6,48,FF,FF,FF
48075,4183,0xCFF6600,1,8,16,09,FF,FF,FF,FF,FF,FF
48076,4184,0x1CEBFF00,1,8,01,40,FF,0F,F0,E5,01,02
48095,4185,0xCF00400,1,8,FF,FF,FF,1C,49,FF,FF,FF
48096,4186,0xCFF6600,1,8,23,09,FF,FF,FF,FF,FF,FF
48115,4187,0xCF00400,1,8,FF,FF,FF,1C,49,FF,FF,FF
48115,4188,0xCFF6600,1,8,23,09,FF,FF,FF,FF,FF,FF
48125,4189,0x1CEBFF00,1,8,02,F0,E3,01,FF,FF,FF,FF
48135,4190,0xCF00400,1,8,FF,FF,FF,A0,49,FF,FF,FF
48135,4191,0xCFF6600,1,8,34,09,FF,FF,FF,FF,FF,FF
48146,4192,0x18FEF100,1,8,3F,00,00,FF,FF,FF,FF,FF
48147,4193,0x10FF6500,1,8,FC,FF,FF,FF,FF,FF,FF,FF
48147,4194,0x18F00500,1,8,FF,FF,FF,FF,20,2D,FF,FF
48148,4195,0x18FEF200,1,8,1C,00,00,1E,00,00,00,FF
48155,4196,0xCF00400,1,8,FF,FF,FF,FA,49,FF,FF,FF
48156,4197,0xCFF6600,1,8,3F,09,FF,FF,FF,FF,FF,FF
48175,4198,0xCF00400,1,8,FF,FF,FF,36,4A,FF,FF,FF
48175,4199,0xCFF6600,1,8,46,09,FF,FF,FF,FF,FF,FF
48195,4200,0xCF00400,1,8,FF,FF,FF,36,4A,FF,FF,FF
48195,4201,0xCFF6600,1,8,46,09,FF,FF,FF,FF,FF,FF
48215,4202,0xCF00400,1,8,FF,FF,FF,2E,4A,FF,FF,FF
48215,4203,0xCFF6600,1,8,45,09,FF,FF,FF,FF,FF,FF
48235,4204,0xCF00400,1,8,FF,FF,FF,E4,49,FF,FF,FF
48236,4205,0xCFF6600,1,8,3C,09,FF,FF,FF,FF,FF,FF
48246,4206,0x18FEF100,1,8,3F,00,00,FF,FF,FF,FF,FF
48246,4207,0x18F00500,1,8,FF,FF,FF,FF,20,2D,FF,FF
48247,4208,0x18FEF200,1,8,1C,00,00,1E,00,00,00,FF
48255,4209,0xCF00400,1,8,FF,FF,FF,FE,49,FF,FF,FF
48255,4210,0xCFF6600,1,8,3F,09,FF,FF,FF,FF,FF,FF
48275,4211,0xCF00400,1,8,FF,FF,FF,68,4A,FF,FF,FF
48275,4212,0xCFF6600,1,8,4D,09,FF,FF,FF,FF,FF,FF
48295,4213,0xCF00400,1,8,FF,FF,FF,68,4A,FF,FF,FF
48295,4214,0xCFF6600,1,8,4D,09,FF,FF,FF,FF,FF,FF
48315,4215,0xCF00400,1,8,FF,FF,FF,CE,4A,FF,FF,FF
48315,4216,0xCFF6600,1,8,59,09,FF,FF,FF,FF,FF,FF
48335,4217,0xCF00400,1,8,FF,FF,FF,34,4B,FF,FF,FF
48336,4218,0xCFF6600,1,8,66,09,FF,FF,FF,FF,FF,FF
48345,4219,0x18FEF100,1,8,3F,00,00,FF,FF,FF,FF,FF
48346,4220,0x18F00500,1,8,FF,FF,FF,FF,20,2D,FF,FF
48347,4221,0x10FF6500,1,8,FC,FF,FF,FF,FF,FF,FF,FF
48347,4222,0x18F00600,1,8,FF,FF,FF,FF,FF,FF,FF,FF
48348,4223,0x18FEF200,1,8,1C,00,00,1E,00,00,00,FF
48349,4224,0x1CFDDF00,1,8,FE,FF,FF,FF,FF,FF,FF,FF
48350,4225,0x1CFF6A00,1,8,FC,FF,FF,FF,FF,FF,FF,FF
48355,4226,0xCF00400,1,8,FF,FF,FF,4A,4B,FF,FF,FF
48355,4227,0xCFF6600,1,8,69,09,FF,FF,FF,FF,FF,FF
48375,4228,0xCF00400,1,8,FF,FF,FF,20,4B,FF,FF,FF
48375,4229,0xCFF6600,1,8,64,09,FF,FF,FF,FF,FF,FF
48395,4230,0xCF00400,1,8,FF,FF,FF,20,4B,FF,FF,FF
48395,4231,0xCFF6600,1,8,64,09,FF,FF,FF,FF,FF,FF
48415,4232,0xCF00400,1,8,FF,FF,FF,54,4B,FF,FF,FF
48415,4233,0xCFF6600,1,8,6A,09,FF,FF,FF,FF,FF,FF
48435,4234,0xCF00400,1,8,FF,FF,FF,CE,4B,FF,FF,FF
48436,4235,0xCFF6600,1,8,79,09,FF,FF,FF,FF,FF,FF
48446,4236,0x18FEF100,1,8,3F,00,00,FF,FF,FF,FF,FF
48447,4237,0x18F00500,1,8,FF,FF,FF,FF,20,2D,FF,FF
48448,4238,0x18FEF200,1,8,1C,00,00,1E,00,00,00,FF
48455,4239,0xCF00400,1,8,FF,FF,FF,12,4C,FF,FF,FF
48455,4240,0xCFF6600,1,8,82,09,FF,FF,FF,FF,FF,FF
48475,4241,0xCF00400,1,8,FF,FF,FF,34,4C,FF,FF,FF
48475,4242,0xCFF6600,1,8,86,09,FF,FF,FF,FF,FF,FF
48495,4243,0xCF00400,1,8,FF,FF,FF,78,4C,FF,FF,FF
48496,4244,0xCFF6600,1,8,8F,09,FF,FF,FF,FF,FF,FF
48515,4245,0xCF00400,1,8,FF,FF,FF,78,4C,FF,FF,FF
48515,4246,0xCFF6600,1,8,8F,09,FF,FF,FF,FF,FF,FF
48535,4247,0xCF00400,1,8,FF,FF,FF,D6,4C,FF,FF,FF
48535,4248,0xCFF6600,1,8,9A,09,FF,FF,FF,FF,FF,FF
48546,4249,0x18FEF100,1,8,3F,00,00,FF,FF,FF,FF,FF
48546,4250,0x10FF6500,1,8,FC,FF,FF,FF,FF,FF,FF,FF
48547,4251,0x18F00500,1,8,FF,FF,FF,FF,20,2D,FF,FF
48548,4252,0x18FEF200,1,8,1C,00,00,1E,00,00,00,FF
48555,4253,0xCF00400,1,8,FF,FF,FF,E4,4C,FF,FF,FF
48555,4254,0xCFF6600,1,8,9C,09,FF,FF,FF,FF,FF,FF
48575,4255,0xCF00400,1,8,FF,FF,FF,B2,4C,FF,FF,FF
48575,4256,0xCFF6600,1,8,96,09,FF,FF,FF,FF,FF,FF
48595,4257,0xCF00400,1,8,FF,FF,FF,A2,4C,FF,FF,FF
48595,4258,0xCFF6600,1,8,94,09,FF,FF,FF,FF,FF,FF
48615,4259,0xCF00400,1,8,FF,FF,FF,A2,4C,FF,FF,FF
48615,4260,0xCFF6600,1,8,94,09,FF,FF,FF,FF,FF,FF
48635,4261,0xCF00400,1,8,FF,FF,FF,A8,4C,FF,FF,FF
48635,4262,0xCFF6600,1,8,95,09,FF,FF,FF,FF,FF,FF
48646,4263,0x18FEF100,1,8,3F,00,00,FF,FF,FF,FF,FF
48646,4264,0x18F00500,1,8,FF,FF,FF,FF,20,2D,FF,FF
48647,4265,0x18FEF200,1,8,1C,00,00,1E,00,00,00,FF
48655,4266,0xCF00400,1,8,FF,FF,FF,44,4D,FF,FF,FF
48655,4267,0xCFF6600,1,8,A8,09,FF,FF,FF,FF,FF,FF
48675,4268,0xCF00400,1,8,FF,FF,FF,50,4E,FF,FF,FF
48675,4269,0xCFF6600,1,8,CA,09,FF,FF,FF,FF,FF,FF
48695,4270,0xCF00400,1,8,FF,FF,FF,54,4E,FF,FF,FF
48695,4271,0xCFF6600,1,8,CA,09,FF,FF,FF,FF,FF,FF
48715,4272,0xCF00400,1,8,FF,FF,FF,88,4D,FF,FF,FF
48715,4273,0xCFF6600,1,8,B1,09,FF,FF,FF,FF,FF,FF
48735,4274,0xCF00400,1,8,FF,FF,FF,88,4D,FF,FF,FF
48735,4275,0xCFF6600,1,8,B1,09,FF,FF,FF,FF,FF,FF
48745,4276,0x18FEF100,1,8,3F,00,00,FF,FF,FF,FF,FF
48746,4277,0x10FF6500,1,8,FC,FF,FF,FF,FF,FF,FF,FF
48747,4278,0x18F00500,1,8,FF,FF,FF,FF,20,2D,FF,FF
48747,4279,0x18FEF200,1,8,1C,00,00,1E,00,00,00,FF
48755,4280,0xCF00400,1,8,FF,FF,FF,1A,4D,FF,FF,FF
48755,4281,0xCFF6600,1,8,A3,09,FF,FF,FF,FF,FF,FF
48775,4282,0xCF00400,1,8,FF,FF,FF,F8,4C,FF,FF,FF
48776,4283,0xCFF6600,1,8,9F,09,FF,FF,FF,FF,FF,FF
48795,4284,0xCF00400,1,8,FF,FF,FF,00,4D,FF,FF,FF
48795,4285,0xCFF6600,1,8,A0,09,FF,FF,FF,FF,FF,FF
48816,4286,0xCF00400,1,8,FF,FF,FF,2C,4D,FF,FF,FF
48817,4287,0xCFF6600,1,8,A5,09,FF,FF,FF,FF,FF,FF
48835,4288,0xCF00400,1,8,FF,FF,FF,20,4D,FF,FF,FF
48837,4289,0xCFF6600,1,8,A4,09,FF,FF,FF,FF,FF,FF
48846,4290,0x18FEF100,1,8,3F,00,00,FF,FF,FF,FF,FF
48846,4291,0x18F00500,1,8,FF,FF,FF,FF,20,2D,FF,FF
48847,4292,0x18F00600,1,8,FF,FF,FF,FF,FF,FF,FF,FF
48847,4293,0x18FEF200,1,8,1C,00,00,1E,00,00,00,FF
48848,4294,0x1CFDDF00,1,8,FE,FF,FF,FF,FF,FF,FF,FF
48849,4295,0x1CFF6A00,1,8,FC,FF,FF,FF,FF,FF,FF,FF
48855,4296,0xCF00400,1,8,FF,FF,FF,20,4D,FF,FF,FF
48857,4297,0xCFF6600,1,8,A4,09,FF,FF,FF,FF,FF,FF
48875,4298,0xCF00400,1,8,FF,FF,FF,EA,4C,FF,FF,FF
48875,4299,0xCFF6600,1,8,9D,09,FF,FF,FF,FF,FF,FF
48895,4300,0xCF00400,1,8,FF,FF,FF,EA,4C,FF,FF,FF
48895,4301,0xCFF6600,1,8,9D,09,FF,FF,FF,FF,FF,FF
48915,4302,0xCF00400,1,8,FF,FF,FF,18,4D,FF,FF,FF
48915,4303,0xCFF6600,1,8,A3,09,FF,FF,FF,FF,FF,FF
48935,4304,0xCF00400,1,8,FF,FF,FF,7C,4D,FF,FF,FF
48935,4305,0xCFF6600,1,8,AF,09,FF,FF,FF,FF,FF,FF
48946,4306,0x18FEF100,1,8,3F,00,00,FF,FF,FF,FF,FF
48946,4307,0x10FF6500,1,8,FC,FF,FF,FF,FF,FF,FF,FF
48947,4308,0x18F00500,1,8,FF,FF,FF,FF,20,2D,FF,FF
48948,4309,0x18FEF200,1,8,1C,00,00,1E,00,00,00,FF
48955,4310,0xCF00400,1,8,FF,FF,FF,7C,4D,FF,FF,FF
48955,4311,0xCFF6600,1,8,AF,09,FF,FF,FF,FF,FF,FF
48975,4312,0xCF00400,1,8,FF,FF,FF,00,4E,FF,FF,FF
48975,4313,0xCFF6600,1,8,C0,09,FF,FF,FF,FF,FF,FF
48995,4314,0xCF00400,1,8,FF,FF,FF,FE,4D,FF,FF,FF
48995,4315,0xCFF6600,1,8,BF,09,FF,FF,FF,FF,FF,FF
49005,4316,0x18FEEE00,1,8,5E,FF,FF,FF,FF,FF,FF,FF
49006,4317,0x18FDE500,1,8,0A,14,1E,28,32,3C,46,13
49015,4318,0xCF00400,1,8,FF,FF,FF,9A,4D,FF,FF,FF
49015,4319,0xCFF6600,1,8,B3,09,FF,FF,FF,FF,FF,FF
49024,4320,0x1CECFF00,1,8,20,0A,00,02,FF,CA,FE,00
49035,4321,0xCF00400,1,8,FF,FF,FF,72,4D,FF,FF,FF
49035,4322,0xCFF6600,1,8,AE,09,FF,FF,FF,FF,FF,FF
49046,4323,0x18FEF100,1,8,3F,00,00,FF,FF,FF,FF,FF
49046,4324,0x18F00500,1,8,FF,FF,FF,FF,20,2D,FF,FF
49047,4325,0x18FEF200,1,8,1F,00,00,0A,00,00,00,FF
49055,4326,0xCF00400,1,8,FF,FF,FF,7C,4D,FF,FF,FF
49055,4327,0xCFF6600,1,8,AF,09,FF,FF,FF,FF,FF,FF
49075,4328,0xCF00400,1,8,FF,FF,FF,7C,4D,FF,FF,FF
49075,4329,0xCFF6600,1,8,AF,09,FF,FF,FF,FF,FF,FF
49076,4330,0x1CEBFF00,1,8,01,40,FF,0F,F0,E5,01,02
49095,4331,0xCF00400,1,8,FF,FF,FF,E0,4D,FF,FF,FF
49095,4332,0xCFF6600,1,8,BC,09,FF,FF,FF,FF,FF,FF
49115,4333,0xCF00400,1,8,FF,FF,FF,86,4E,FF,FF,FF
49115,4334,0xCFF6600,1,8,D0,09,FF,FF,FF,FF,FF,FF
49125,4335,0x1CEBFF00,1,8,02,F0,E3,01,FF,FF,FF,FF
49135,4336,0xCF00400,1,8,FF,FF,FF,BC,4E,FF,FF,FF
49135,4337,0xCFF6600,1,8,D7,09,FF,FF,FF,FF,FF,FF
49146,4338,0x18FEF100,1,8,3F,00,00,FF,FF,FF,FF,FF
49146,4339,0x10FF6500,1,8,FC,FF,FF,FF,FF,FF,FF,FF
49147,4340,0x18F00500,1,8,FF,FF,FF,FF,20,2D,FF,FF
49147,4341,0x18FEF200,1,8,1F,00,00,0A,00,00,00,FF
49155,4342,0xCF00400,1,8,FF,FF,FF,A0,4E,FF,FF,FF
49155,4343,0xCFF6600,1,8,D4,09,FF,FF,FF,FF,FF,FF
49175,4344,0xCF00400,1,8,FF,FF,FF,DE,4E,FF,FF,FF
49175,4345,0xCFF6600,1,8,DB,09,FF,FF,FF,FF,FF,FF
49195,4346,0xCF00400,1,8,FF,FF,FF,DE,4E,FF,FF,FF
49195,4347,0xCFF6600,1,8,DB,09,FF,FF,FF,FF,FF,FF
49215,4348,0xCF00400,1,8,FF,FF,FF,62,4F,FF,FF,FF
49216,4349,0xCFF6600,1,8,EC,09,FF,FF,FF,FF,FF,FF
49235,4350,0xCF00400,1,8,FF,FF,FF,98,4F,FF,FF,FF
49235,4351,0xCFF6600,1,8,F3,09,FF,FF,FF,FF,FF,FF
49246,4352,0x18FEF100,1,8,3F,00,00,FF,FF,FF,FF,FF
49246,4353,0x18F00500,1,8,FF,FF,FF,FF,20,2D,FF,FF
49247,4354,0x18FEF200,1,8,1F,00,00,0A,00,00,00,FF
49255,4355,0xCF00400,1,8,FF,FF,FF,92,4F,FF,FF,FF
49256,4356,0xCFF6600,1,8,F2,09,FF,FF,FF,FF,FF,FF
49275,4357,0xCF00400,1,8,FF,FF,FF,88,4F,FF,FF,FF
49275,4358,0xCFF6600,1,8,F1,09,FF,FF,FF,FF,FF,FF
49295,4359,0xCF00400,1,8,FF,FF,FF,80,4F,FF,FF,FF
49295,4360,0xCFF6600,1,8,F0,09,FF,FF,FF,FF,FF,FF
49315,4361,0xCF00400,1,8,FF,FF,FF,7C,4F,FF,FF,FF
49315,4362,0xCFF6600,1,8,EF,09,FF,FF,FF,FF,FF,FF
49335,4363,0xCF00400,1,8,FF,FF,FF,7C,4F,FF,FF,FF
49335,4364,0xCFF6600,1,8,EF,09,FF,FF,FF,FF,FF,FF
49345,4365,0x18FEF100,1,8,3F,00,00,FF,FF,FF,FF,FF
49346,4366,0x10FF6500,1,8,FC,FF,FF,FF,FF,FF,FF,FF
49347,4367,0x18F00500,1,8,FF,FF,FF,FF,20,2D,FF,FF
49347,4368,0x18F00600,1,8,FF,FF,FF,FF,FF,FF,FF,FF
49348,4369,0x18FEF200,1,8,1F,00,00,0A,00,00,00,FF
49349,4370,0x1CFDDF00,1,8,FE,FF,FF,FF,FF,FF,FF,FF
49349,4371,0x1CFF6A00,1,8,FC,FF,FF,FF,FF,FF,FF,FF
49355,4372,0xCF00400,1,8,FF,FF,FF,7E,4F,FF,FF,FF
49355,4373,0xCFF6600,1,8,EF,09,FF,FF,FF,FF,FF,FF
49375,4374,0xCF00400,1,8,FF,FF,FF,1C,4F,FF,FF,FF
49375,4375,0xCFF6600,1,8,E3,09,FF,FF,FF,FF,FF,FF
49395,4376,0xCF00400,1,8,FF,FF,FF,5C,4E,FF,FF,FF
49395,4377,0xCFF6600,1,8,CB,09,FF,FF,FF,FF,FF,FF
49415,4378,0xCF00400,1,8,FF,FF,FF,5E,4E,FF,FF,FF
49415,4379,0xCFF6600,1,8,CB,09,FF,FF,FF,FF,FF,FF
49435,4380,0xCF00400,1,8,FF,FF,FF,FC,4E,FF,FF,FF
49435,4381,0xCFF6600,1,8,DF,09,FF,FF,FF,FF,FF,FF
49446,4382,0x18FEF100,1,8,3F,00,00,FF,FF,FF,FF,FF
49446,4383,0x18F00500,1,8,FF,FF,FF,FF,20,2D,FF,FF
49447,4384,0x18FEF200,1,8,1F,00,00,0A,00,00,00,FF
49455,4385,0xCF00400,1,8,FF,FF,FF,FC,4E,FF,FF,FF
49455,4386,0xCFF6600,1,8,DF,09,FF,FF,FF,FF,FF,FF
49475,4387,0xCF00400,1,8,FF,FF,FF,56,4F,FF,FF,FF
49475,4388,0xCFF6600,1,8,EA,09,FF,FF,FF,FF,FF,FF
49495,4389,0xCF00400,1,8,FF,FF,FF,86,4F,FF,FF,FF
49504,4390,0xCFF6600,1,8,F0,09,FF,FF,FF,FF,FF,FF
49514,4391,0x18EEFF00,1,8,08,CF,60,06,00,00,00,00
49515,4392,0xCF00400,1,8,FF,FF,FF,5C,4F,FF,FF,FF
49516,4393,0xCFF6600,1,8,EB,09,FF,FF,FF,FF,FF,FF
49535,4394,0xCF00400,1,8,FF,FF,FF,E4,4E,FF,FF,FF
49535,4395,0xCFF6600,1,8,DC,09,FF,FF,FF,FF,FF,FF
49545,4396,0x18FEF100,1,8,3F,00,00,FF,FF,FF,FF,FF
49546,4397,0x10FF6500,1,8,FC,FF,FF,FF,FF,FF,FF,FF
49547,4398,0x18F00500,1,8,FF,FF,FF,FF,20,2D,FF,FF
49547,4399,0x18FEF200,1,8,1F,00,00,0A,00,00,00,FF
49555,4400,0xCF00400,1,8,FF,FF,FF,BC,4E,FF,FF,FF
49555,4401,0xCFF6600,1,8,D7,09,FF,FF,FF,FF,FF,FF
49575,4402,0xCF00400,1,8,FF,FF,FF,D4,4E,FF,FF,FF
49576,4403,0xCFF6600,1,8,DA,09,FF,FF,FF,FF,FF,FF
49595,4404,0xCF00400,1,8,FF,FF,FF,D4,4E,FF,FF,FF
49595,4405,0xCFF6600,1,8,DA,09,FF,FF,FF,FF,FF,FF
49615,4406,0xCF00400,1,8,FF,FF,FF,A4,4E,FF,FF,FF
49615,4407,0xCFF6600,1,8,D4,09,FF,FF,FF,FF,FF,FF
49635,4408,0xCF00400,1,8,FF,FF,FF,34,4E,FF,FF,FF
49635,4409,0xCFF6600,1,8,C6,09,FF,FF,FF,FF,FF,FF
49646,4410,0x18FEF100,1,8,3F,00,00,FF,FF,FF,FF,FF
49646,4411,0x18F00500,1,8,FF,FF,FF,FF,20,2D,FF,FF
49647,4412,0x18FEF200,1,8,1F,00,00,0A,00,00,00,FF
49655,4413,0xCF00400,1,8,FF,FF,FF,10,4E,FF,FF,FF
49655,4414,0xCFF6600,1,8,C2,09,FF,FF,FF,FF,FF,FF
49675,4415,0xCF00400,1,8,FF,FF,FF,2C,4E,FF,FF,FF
49675,4416,0xCFF6600,1,8,C5,09,FF,FF,FF,FF,FF,FF
49695,4417,0xCF00400,1,8,FF,FF,FF,74,4E,FF,FF,FF
49696,4418,0xCFF6600,1,8,CE,09,FF,FF,FF,FF,FF,FF
49715,4419,0xCF00400,1,8,FF,FF,FF,74,4E,FF,FF,FF
49715,4420,0xCFF6600,1,8,CE,09,FF,FF,FF,FF,FF,FF
49735,4421,0xCF00400,1,8,FF,FF,FF,E4,4E,FF,FF,FF
49735,4422,0xCFF6600,1,8,DC,09,FF,FF,FF,FF,FF,FF
49746,4423,0x18FEF100,1,8,3F,00,00,FF,FF,FF,FF,FF
49746,4424,0x10FF6500,1,8,FC,FF,FF,FF,FF,FF,FF,FF
49747,4425,0x18F00500,1,8,FF,FF,FF,FF,20,2D,FF,FF
49747,4426,0x18FEF200,1,8,1F,00,00,0A,00,00,00,FF
49755,4427,0xCF00400,1,8,FF,FF,FF,CE,4E,FF,FF,FF
49755,4428,0xCFF6600,1,8,D9,09,FF,FF,FF,FF,FF,FF
49775,4429,0xCF00400,1,8,FF,FF,FF,42,4E,FF,FF,FF
49775,4430,0xCFF6600,1,8,C8,09,FF,FF,FF,FF,FF,FF
49795,4431,0xCF00400,1,8,FF,FF,FF,48,4E,FF,FF,FF
49795,4432,0xCFF6600,1,8,C9,09,FF,FF,FF,FF,FF,FF
49815,4433,0xCF00400,1,8,FF,FF,FF,C6,4E,FF,FF,FF
49815,4434,0xCFF6600,1,8,D8,09,FF,FF,FF,FF,FF,FF
49835,4435,0xCF00400,1,8,FF,FF,FF,C6,4E,FF,FF,FF
49835,4436,0xCFF6600,1,8,D8,09,FF,FF,FF,FF,FF,FF
49846,4437,0x18FEF100,1,8,3F,00,00,FF,FF,FF,FF,FF
49846,4438,0x18F00500,1,8,FF,FF,FF,FF,20,2D,FF,FF
49847,4439,0x18F00600,1,8,FF,FF,FF,FF,FF,FF,FF,FF
49847,4440,0x18FEF200,1,8,1F,00,00,0A,00,00,00,FF
49848,4441,0x1CFDDF00,1,8,FE,FF,FF,FF,FF,FF,FF,FF
49849,4442,0x1CFF6A00,1,8,FC,FF,FF,FF,FF,FF,FF,FF
49855,4443,0xCF00400,1,8,FF,FF,FF,C8,4E,FF,FF,FF
49855,4444,0xCFF6600,1,8,D9,09,FF,FF,FF,FF,FF,FF
49875,4445,0xCF00400,1,8,FF,FF,FF,66,4E,FF,FF,FF
49875,4446,0xCFF6600,1,8,CC,09,FF,FF,FF,FF,FF,FF
49895,4447,0xCF00400,1,8,FF,FF,FF,FA,4D,FF,FF,FF
49895,4448,0xCFF6600,1,8,BF,09,FF,FF,FF,FF,FF,FF
49915,4449,0xCF00400,1,8,FF,FF,FF,82,4D,FF,FF,FF
49915,4450,0xCFF6600,1,8,B0,09,FF,FF,FF,FF,FF,FF
49935,4451,0xCF00400,1,8,FF,FF,FF,5E,4D,FF,FF,FF
49936,4452,0xCFF6600,1,8,AB,09,FF,FF,FF,FF,FF,FF
49945,4453,0x18FEF100,1,8,3F,00,00,FF,FF,FF,FF,FF
49946,4454,0x10FF6500,1,8,FC,FF,FF,FF,FF,FF,FF,FF
49947,4455,0x18F00500,1,8,FF,FF,FF,FF,20,2D,FF,FF
49947,4456,0x18FEF200,1,8,1F,00,00,0A,00,00,00,FF
49955,4457,0xCF00400,1,8,FF,FF,FF,5E,4D,FF,FF,FF
49955,4458,0xCFF6600,1,8,AB,09,FF,FF,FF,FF,FF,FF
49975,4459,0xCF00400,1,8,FF,FF,FF,84,4D,FF,FF,FF
49975,4460,0xCFF6600,1,8,B0,09,FF,FF,FF,FF,FF,FF
49995,4461,0xCF00400,1,8,FF,FF,FF,AC,4D,FF,FF,FF
49996,4462,0xCFF6600,1,8,B5,09,FF,FF,FF,FF,FF,FF
50004,4463,0x18FEEE00,1,8,5E,FF,FF,FF,FF,FF,FF,FF
50005,4464,0x18FDE500,1,8,0A,14,1E,28,32,3C,46,13
50015,4465,0xCF00400,1,8,FF,FF,FF,D4,4D,FF,FF,FF
50015,4466,0xCFF6600,1,8,BA,09,FF,FF,FF,FF,FF,FF
50024,4467,0x1CECFF00,1,8,20,0A,00,02,FF,CA,FE,00
50035,4468,0xCF00400,1,8,FF,FF,FF,FA,4D,FF,FF,FF
50035,4469,0xCFF6600,1,8,BF,09,FF,FF,FF,FF,FF,FF
50046,4470,0x18FEF100,1,8,3F,00,00,FF,FF,FF,FF,FF
50046,4471,0x18F00500,1,8,FF,FF,FF,FF,20,2D,FF,FF
50047,4472,0x18FEF200,1,8,1D,00,00,03,00,00,00,FF
50056,4473,0xCF00400,1,8,FF,FF,FF,1A,4E,FF,FF,FF
50056,4474,0xCFF6600,1,8,C3,09,FF,FF,FF,FF,FF,FF
50075,4475,0xCF00400,1,8,FF,FF,FF,1A,4E,FF,FF,FF
50076,4476,0xCFF6600,1,8,C3,09,FF,FF,FF,FF,FF,FF
50076,4477,0x1CEBFF00,1,8,01,40,FF,0F,F0,E5,01,02
50095,4478,0xCF00400,1,8,FF,FF,FF,52,4E,FF,FF,FF
50095,4479,0xCFF6600,1,8,CA,09,FF,FF,FF,FF,FF,FF
50115,4480,0xCF00400,1,8,FF,FF,FF,9E,4E,FF,FF,FF
50115,4481,0xCFF6600,1,8,D3,09,FF,FF,FF,FF,FF,FF
50124,4482,0x1CEBFF00,1,8,02,F0,E3,01,FF,FF,FF,FF
50135,4483,0xCF00400,1,8,FF,FF,FF,B0,4E,FF,FF,FF
50135,4484,0xCFF6600,1,8,D6,09,FF,FF,FF,FF,FF,FF
50146,4485,0x18FEF100,1,8,3F,00,00,FF,FF,FF,FF,FF
50146,4486,0x10FF6500,1,8,FC,FF,FF,FF,FF,FF,FF,FF
50147,4487,0x18F00500,1,8,FF,FF,FF,FF,20,2D,FF,FF
50147,4488,0x18FEF200,1,8,1D,00,00,03,00,00,00,FF
50155,4489,0xCF00400,1,8,FF,FF,FF,94,4E,FF,FF,FF
50155,4490,0xCFF6600,1,8,D2,09,FF,FF,FF,FF,FF,FF
50175,4491,0xCF00400,1,8,FF,FF,FF,86,4E,FF,FF,FF
50175,4492,0xCFF6600,1,8,D0,09,FF,FF,FF,FF,FF,FF
50195,4493,0xCF00400,1,8,FF,FF,FF,86,4E,FF,FF,FF
50195,4494,0xCFF6600,1,8,D0,09,FF,FF,FF,FF,FF,FF
50215,4495,0xCF00400,1,8,FF,FF,FF,7C,4E,FF,FF,FF
50215,4496,0xCFF6600,1,8,CF,09,FF,FF,FF,FF,FF,FF
50235,4497,0xCF00400,1,8,FF,FF,FF,D2,4E,FF,FF,FF
50235,4498,0xCFF6600,1,8,DA,09,FF,FF,FF,FF,FF,FF
50246,4499,0x18FEF100,1,8,3F,00,00,FF,FF,FF,FF,FF
50247,4500,0x18F00500,1,8,FF,FF,FF,FF,20,2D,FF,FF
50247,4501,0x18FEF200,1,8,1D,00,00,03,00,00,00,FF
50255,4502,0xCF00400,1,8,FF,FF,FF,76,4F,FF,FF,FF
50255,4503,0xCFF6600,1,8,EE,09,FF,FF,FF,FF,FF,FF
50275,4504,0xCF00400,1,8,FF,FF,FF,FC,4F,FF,FF,FF
50275,4505,0xCFF6600,1,8,FF,09,FF,FF,FF,FF,FF,FF
50295,4506,0xCF00400,1,8,FF,FF,FF,68,50,FF,FF,FF
50296,4507,0xCFF6600,1,8,0D,0A,FF,FF,FF,FF,FF,FF
50315,4508,0xCF00400,1,8,FF,FF,FF,2C,50,FF,FF,FF
50316,4509,0xCFF6600,1,8,05,0A,FF,FF,FF,FF,FF,FF
50335,4510,0xCF00400,1,8,FF,FF,FF,2C,50,FF,FF,FF
50335,4511,0xCFF6600,1,8,05,0A,FF,FF,FF,FF,FF,FF
50345,4512,0x18FEF100,1,8,3F,00,00,FF,FF,FF,FF,FF
50346,4513,0x10FF6500,1,8,FC,FF,FF,FF,FF,FF,FF,FF
50347,4514,0x18F00500,1,8,FF,FF,FF,FF,20,2D,FF,FF
50347,4515,0x18F00600,1,8,FF,FF,FF,FF,FF,FF,FF,FF
50348,4516,0x18FEF200,1,8,1D,00,00,03,00,00,00,FF
50348,4517,0x1CFDDF00,1,8,FE,FF,FF,FF,FF,FF,FF,FF
50349,4518,0x1CFF6A00,1,8,FC,FF,FF,FF,FF,FF,FF,FF
50355,4519,0xCF00400,1,8,FF,FF,FF,6A,4F,FF,FF,FF
50355,4520,0xCFF6600,1,8,ED,09,FF,FF,FF,FF,FF,FF
50375,4521,0xCF00400,1,8,FF,FF,FF,18,4F,FF,FF,FF
50375,4522,0xCFF6600,1,8,E3,09,FF,FF,FF,FF,FF,FF
50395,4523,0xCF00400,1,8,FF,FF,FF,20,4F,FF,FF,FF
50395,4524,0xCFF6600,1,8,E4,09,FF,FF,FF,FF,FF,FF
50415,4525,0xCF00400,1,8,FF,FF,FF,64,4F,FF,FF,FF
50415,4526,0xCFF6600,1,8,EC,09,FF,FF,FF,FF,FF,FF
50435,4527,0xCF00400,1,8,FF,FF,FF,DC,4F,FF,FF,FF
50435,4528,0xCFF6600,1,8,FB,09,FF,FF,FF,FF,FF,FF
50446,4529,0x18FEF100,1,8,3F,00,00,FF,FF,FF,FF,FF
50446,4530,0x18F00500,1,8,FF,FF,FF,FF,20,2D,FF,FF
50447,4531,0x18FEF200,1,8,1D,00,00,03,00,00,00,FF
50455,4532,0xCF00400,1,8,FF,FF,FF,DC,4F,FF,FF,FF
50455,4533,0xCFF6600,1,8,FB,09,FF,FF,FF,FF,FF,FF
50475,4534,0xCF00400,1,8,FF,FF,FF,2C,50,FF,FF,FF
50475,4535,0xCFF6600,1,8,05,0A,FF,FF,FF,FF,FF,FF
50495,4536,0xCF00400,1,8,FF,FF,FF,5E,50,FF,FF,FF
50495,4537,0xCFF6600,1,8,0B,0A,FF,FF,FF,FF,FF,FF
50515,4538,0xCF00400,1,8,FF,FF,FF,5E,50,FF,FF,FF
50516,4539,0xCFF6600,1,8,0B,0A,FF,FF,FF,FF,FF,FF
50535,4540,0xCF00400,1,8,FF,FF,FF,3A,50,FF,FF,FF
50535,4541,0xCFF6600,1,8,07,0A,FF,FF,FF,FF,FF,FF
50545,4542,0x18FEF100,1,8,3F,00,00,FF,FF,FF,FF,FF
50546,4543,0x10FF6500,1,8,FC,FF,FF,FF,FF,FF,FF,FF
50547,4544,0x18F00500,1,8,FF,FF,FF,FF,20,2D,FF,FF
50547,4545,0x18FEF200,1,8,1D,00,00,03,00,00,00,FF
50555,4546,0xCF00400,1,8,FF,FF,FF,4E,50,FF,FF,FF
50555,4547,0xCFF6600,1,8,09,0A,FF,FF,FF,FF,FF,FF
50575,4548,0xCF00400,1,8,FF,FF,FF,8A,50,FF,FF,FF
50575,4549,0xCFF6600,1,8,11,0A,FF,FF,FF,FF,FF,FF
50595,4550,0xCF00400,1,8,FF,FF,FF,8A,50,FF,FF,FF
50595,4551,0xCFF6600,1,8,11,0A,FF,FF,FF,FF,FF,FF
50615,4552,0xCF00400,1,8,FF,FF,FF,88,50,FF,FF,FF
50615,4553,0xCFF6600,1,8,11,0A,FF,FF,FF,FF,FF,FF
50635,4554,0xCF00400,1,8,FF,FF,FF,58,50,FF,FF,FF
50635,4555,0xCFF6600,1,8,0B,0A,FF,FF,FF,FF,FF,FF
50646,4556,0x18FEF100,1,8,3F,00,00,FF,FF,FF,FF,FF
50646,4557,0x18F00500,1,8,FF,FF,FF,FF,20,2D,FF,FF
50647,4558,0x18FEF200,1,8,1D,00,00,03,00,00,00,FF
50655,4559,0xCF00400,1,8,FF,FF,FF,6C,50,FF,FF,FF
50656,4560,0xCFF6600,1,8,0D,0A,FF,FF,FF,FF,FF,FF
50675,4561,0xCF00400,1,8,FF,FF,FF,AE,50,FF,FF,FF
50675,4562,0xCFF6600,1,8,15,0A,FF,FF,FF,FF,FF,FF
50695,4563,0xCF00400,1,8,FF,FF,FF,90,50,FF,FF,FF
50695,4564,0xCFF6600,1,8,12,0A,FF,FF,FF,FF,FF,FF
50715,4565,0xCF00400,1,8,FF,FF,FF,26,50,FF,FF,FF
50715,4566,0xCFF6600,1,8,04,0A,FF,FF,FF,FF,FF,FF
50735,4567,0xCF00400,1,8,FF,FF,FF,26,50,FF,FF,FF
50735,4568,0xCFF6600,1,8,04,0A,FF,FF,FF,FF,FF,FF
50745,4569,0x18FEF100,1,8,3F,00,00,FF,FF,FF,FF,FF
50746,4570,0x10FF6500,1,8,FC,FF,FF,FF,FF,FF,FF,FF
50747,4571,0x18F00500,1,8,FF,FF,FF,FF,20,2D,FF,FF
50747,4572,0x18FEF200,1,8,1D,00,00,03,00,00,00,FF
50755,4573,0xCF00400,1,8,FF,FF,FF,F8,4F,FF,FF,FF
50755,4574,0xCFF6600,1,8,FF,09,FF,FF,FF,FF,FF,FF
50775,4575,0xCF00400,1,8,FF,FF,FF,04,50,FF,FF,FF
50775,4576,0xCFF6600,1,8,00,0A,FF,FF,FF,FF,FF,FF
50795,4577,0xCF00400,1,8,FF,FF,FF,72,50,FF,FF,FF
50795,4578,0xCFF6600,1,8,0E,0A,FF,FF,FF,FF,FF,FF
50815,4579,0xCF00400,1,8,FF,FF,FF,24,51,FF,FF,FF
50815,4580,0xCFF6600,1,8,24,0A,FF,FF,FF,FF,FF,FF
50835,4581,0xCF00400,1,8,FF,FF,FF,F4,50,FF,FF,FF
50835,4582,0xCFF6600,1,8,1E,0A,FF,FF,FF,FF,FF,FF
50846,4583,0x18FEF100,1,8,3F,00,00,FF,FF,FF,FF,FF
50846,4584,0x18F00500,1,8,FF,FF,FF,FF,20,2D,FF,FF
50847,4585,0x18F00600,1,8,FF,FF,FF,FF,FF,FF,FF,FF
50847,4586,0x18FEF200,1,8,1D,00,00,03,00,00,00,FF
50849,4587,0x1CFDDF00,1,8,FE,FF,FF,FF,FF,FF,FF,FF
50849,4588,0x1CFF6A00,1,8,FC,FF,FF,FF,FF,FF,FF,FF
50855,4589,0xCF00400,1,8,FF,FF,FF,0E,50,FF,FF,FF
50855,4590,0xCFF6600,1,8,01,0A,FF,FF,FF,FF,FF,FF
50875,4591,0xCF00400,1,8,FF,FF,FF,0E,50,FF,FF,FF
50875,4592,0xCFF6600,1,8,01,0A,FF,FF,FF,FF,FF,FF
50895,4593,0xCF00400,1,8,FF,FF,FF,7E,4F,FF,FF,FF
50895,4594,0xCFF6600,1,8,EF,09,FF,FF,FF,FF,FF,FF
50915,4595,0xCF00400,1,8,FF,FF,FF,3A,4F,FF,FF,FF
50915,4596,0xCFF6600,1,8,E7,09,FF,FF,FF,FF,FF,FF
50935,4597,0xCF00400,1,8,FF,FF,FF,06,4F,FF,FF,FF
50935,4598,0xCFF6600,1,8,E0,09,FF,FF,FF,FF,FF,FF
50946,4599,0x18FEF100,1,8,3F,00,00,FF,FF,FF,FF,FF
50946,4600,0x10FF6500,1,8,FC,FF,FF,FF,FF,FF,FF,FF
50947,4601,0x18F00500,1,8,FF,FF,FF,FF,20,2D,FF,FF
50947,4602,0x18FEF200,1,8,1D,00,00,03,00,00,00,FF
50955,4603,0xCF00400,1,8,FF,FF,FF,DC,4E,FF,FF,FF
50955,4604,0xCFF6600,1,8,DB,09,FF,FF,FF,FF,FF,FF
50975,4605,0xCF00400,1,8,FF,FF,FF,10,4F,FF,FF,FF
50975,4606,0xCFF6600,1,8,E2,09,FF,FF,FF,FF,FF,FF
50995,4607,0xCF00400,1,8,FF,FF,FF,90,4F,FF,FF,FF
50996,4608,0xCFF6600,1,8,F2,09,FF,FF,FF,FF,FF,FF
51004,4609,0x18FEEE00,1,8,5E,FF,FF,FF,FF,FF,FF,FF
51005,4610,0x18FDE500,1,8,0A,14,1E,28,32,3C,46,13
51015,4611,0xCF00400,1,8,FF,FF,FF,90,4F,FF,FF,FF
51015,4612,0xCFF6600,1,8,F2,09,FF,FF,FF,FF,FF,FF
51024,4613,0x1CECFF00,1,8,20,0A,00,02,FF,CA,FE,00
51035,4614,0xCF00400,1,8,FF,FF,FF,9A,4F,FF,FF,FF
51035,4615,0xCFF6600,1,8,F3,09,FF,FF,FF,FF,FF,FF
51046,4616,0x18FEF100,1,8,3F,00,00,FF,FF,FF,FF,FF
51046,4617,0x18F00500,1,8,FF,FF,FF,FF,20,2D,FF,FF
51047,4618,0x18FEF200,1,8,1F,00,00,01,00,00,00,FF
51055,4619,0xCF00400,1,8,FF,FF,FF,42,4F,FF,FF,FF
51056,4620,0xCFF6600,1,8,E8,09,FF,FF,FF,FF,FF,FF
51075,4621,0xCF00400,1,8,FF,FF,FF,56,4F,FF,FF,FF
51075,4622,0xCFF6600,1,8,EA,09,FF,FF,FF,FF,FF,FF
51076,4623,0x1CEBFF00,1,8,01,40,FF,0F,F0,E5,01,02
51095,4624,0xCF00400,1,8,FF,FF,FF,C4,4F,FF,FF,FF
51095,4625,0xCFF6600,1,8,F8,09,FF,FF,FF,FF,FF,FF
51115,4626,0xCF00400,1,8,FF,FF,FF,12,50,FF,FF,FF
51115,4627,0xCFF6600,1,8,02,0A,FF,FF,FF,FF,FF,FF
51125,4628,0x1CEBFF00,1,8,02,F0,E3,01,FF,FF,FF,FF
51135,4629,0xCF00400,1,8,FF,FF,FF,12,50,FF,FF,FF
51135,4630,0xCFF6600,1,8,02,0A,FF,FF,FF,FF,FF,FF
51145,4631,0x18FEF100,1,8,3F,00,00,FF,FF,FF,FF,FF
51146,4632,0x18F00500,1,8,FF,FF,FF,FF,20,2D,FF,FF
51147,4633,0x10FF6500,1,8,FC,FF,FF,FF,FF,FF,FF,FF
51148,4634,0x18FEF200,1,8,1F,00,00,01,00,00,00,FF
51155,4635,0xCF00400,1,8,FF,FF,FF,4E,50,FF,FF,FF
51155,4636,0xCFF6600,1,8,09,0A,FF,FF,FF,FF,FF,FF
51175,4637,0xCF00400,1,8,FF,FF,FF,0E,50,FF,FF,FF
51175,4638,0xCFF6600,1,8,01,0A,FF,FF,FF,FF,FF,FF
51195,4639,0xCF00400,1,8,FF,FF,FF,66,4F,FF,FF,FF
51196,4640,0xCFF6600,1,8,EC,09,FF,FF,FF,FF,FF,FF
51215,4641,0xCF00400,1,8,FF,FF,FF,5E,4F,FF,FF,FF
51215,4642,0xCFF6600,1,8,EB,09,FF,FF,FF,FF,FF,FF
51235,4643,0xCF00400,1,8,FF,FF,FF,D2,4F,FF,FF,FF
51235,4644,0xCFF6600,1,8,FA,09,FF,FF,FF,FF,FF,FF
51246,4645,0x18FEF100,1,8,3F,00,00,FF,FF,FF,FF,FF
51246,4646,0x18F00500,1,8,FF,FF,FF,FF,20,2D,FF,FF
51247,4647,0x18FEF200,1,8,1F,00,00,01,00,00,00,FF
51255,4648,0xCF00400,1,8,FF,FF,FF,B8,4F,FF,FF,FF
51255,4649,0xCFF6600,1,8,F7,09,FF,FF,FF,FF,FF,FF
51275,4650,0xCF00400,1,8,FF,FF,FF,B8,4F,FF,FF,FF
51275,4651,0xCFF6600,1,8,F7,09,FF,FF,FF,FF,FF,FF
51295,4652,0xCF00400,1,8,FF,FF,FF,34,4F,FF,FF,FF
51295,4653,0xCFF6600,1,8,E6,09,FF,FF,FF,FF,FF,FF
51315,4654,0xCF00400,1,8,FF,FF,FF,06,4F,FF,FF,FF
51315,4655,0xCFF6600,1,8,E0,09,FF,FF,FF,FF,FF,FF
51335,4656,0xCF00400,1,8,FF,FF,FF,1E,4F,FF,FF,FF
51335,4657,0xCFF6600,1,8,E3,09,FF,FF,FF,FF,FF,FF
51345,4658,0x18FEF100,1,8,3F,00,00,FF,FF,FF,FF,FF
51346,4659,0x18F00500,1,8,FF,FF,FF,FF,20,2D,FF,FF
51347,4660,0x10FF6500,1,8,FC,FF,FF,FF,FF,FF,FF,FF
51347,4661,0x18F00600,1,8,FF,FF,FF,FF,FF,FF,FF,FF
51348,4662,0x18FEF200,1,8,1F,00,00,01,00,00,00,FF
51349,4663,0x1CFDDF00,1,8,FE,FF,FF,FF,FF,FF,FF,FF
51349,4664,0x1CFF6A00,1,8,FC,FF,FF,FF,FF,FF,FF,FF
51355,4665,0xCF00400,1,8,FF,FF,FF,44,4F,FF,FF,FF
51355,4666,0xCFF6600,1,8,E8,09,FF,FF,FF,FF,FF,FF
51375,4667,0xCF00400,1,8,FF,FF,FF,78,4F,FF,FF,FF
51375,4668,0xCFF6600,1,8,EF,09,FF,FF,FF,FF,FF,FF
51395,4669,0xCF00400,1,8,FF,FF,FF,78,4F,FF,FF,FF
51395,4670,0xCFF6600,1,8,EF,09,FF,FF,FF,FF,FF,FF
51415,4671,0xCF00400,1,8,FF,FF,FF,84,4F,FF,FF,FF
51415,4672,0xCFF6600,1,8,F0,09,FF,FF,FF,FF,FF,FF
51435,4673,0xCF00400,1,8,FF,FF,FF,70,4F,FF,FF,FF
51435,4674,0xCFF6600,1,8,EE,09,FF,FF,FF,FF,FF,FF
51446,4675,0x18FEF100,1,8,3F,00,00,FF,FF,FF,FF,FF
51446,4676,0x18F00500,1,8,FF,FF,FF,FF,20,2D,FF,FF
51447,4677,0x18FEF200,1,8,1F,00,00,01,00,00,00,FF
51458,4678,0xCF00400,1,8,FF,FF,FF,80,4F,FF,FF,FF
51458,4679,0xCFF6600,1,8,F0,09,FF,FF,FF,FF,FF,FF
51475,4680,0xCF00400,1,8,FF,FF,FF,BA,4F,FF,FF,FF
51475,4681,0xCFF6600,1,8,F7,09,FF,FF,FF,FF,FF,FF
51495,4682,0xCF00400,1,8,FF,FF,FF,AC,4F,FF,FF,FF
51495,4683,0xCFF6600,1,8,F5,09,FF,FF,FF,FF,FF,FF
51515,4684,0xCF00400,1,8,FF,FF,FF,60,4F,FF,FF,FF
51516,4685,0xCFF6600,1,8,EC,09,FF,FF,FF,FF,FF,FF
51535,4686,0xCF00400,1,8,FF,FF,FF,60,4F,FF,FF,FF
51536,4687,0xCFF6600,1,8,EC,09,FF,FF,FF,FF,FF,FF
51545,4688,0x18FEF100,1,8,3F,00,00,FF,FF,FF,FF,FF
51546,4689,0x10FF6500,1,8,FC,FF,FF,FF,FF,FF,FF,FF
51547,4690,0x18F00500,1,8,FF,FF,FF,FF,20,2D,FF,FF
51547,4691,0x18FEF200,1,8,1F,00,00,01,00,00,00,FF
51555,4692,0xCF00400,1,8,FF,FF,FF,FC,4E,FF,FF,FF
51556,4693,0xCFF6600,1,8,DF,09,FF,FF,FF,FF,FF,FF
51575,4694,0xCF00400,1,8,FF,FF,FF,88,4E,FF,FF,FF
51575,4695,0xCFF6600,1,8,D1,09,FF,FF,FF,FF,FF,FF
51595,4696,0xCF00400,1,8,FF,FF,FF,6E,4E,FF,FF,FF
51595,4697,0xCFF6600,1,8,CD,09,FF,FF,FF,FF,FF,FF
51615,4698,0xCF00400,1,8,FF,FF,FF,9E,4E,FF,FF,FF
51615,4699,0xCFF6600,1,8,D3,09,FF,FF,FF,FF,FF,FF
51635,4700,0xCF00400,1,8,FF,FF,FF,CE,4E,FF,FF,FF
51635,4701,0xCFF6600,1,8,D9,09,FF,FF,FF,FF,FF,FF
51646,4702,0x18FEF100,1,8,3F,00,00,FF,FF,FF,FF,FF
51646,4703,0x18F00500,1,8,FF,FF,FF,FF,20,2D,FF,FF
51647,4704,0x18FEF200,1,8,1F,00,00,01,00,00,00,FF
51655,4705,0xCF00400,1,8,FF,FF,FF,CE,4E,FF,FF,FF
51655,4706,0xCFF6600,1,8,D9,09,FF,FF,FF,FF,FF,FF
51675,4707,0xCF00400,1,8,FF,FF,FF,FA,4E,FF,FF,FF
51675,4708,0xCFF6600,1,8,DF,09,FF,FF,FF,FF,FF,FF
51695,4709,0xCF00400,1,8,FF,FF,FF,F6,4E,FF,FF,FF
51695,4710,0xCFF6600,1,8,DE,09,FF,FF,FF,FF,FF,FF
51715,4711,0xCF00400,1,8,FF,FF,FF,C4,4E,FF,FF,FF
51715,4712,0xCFF6600,1,8,D8,09,FF,FF,FF,FF,FF,FF
51735,4713,0xCF00400,1,8,FF,FF,FF,BC,4E,FF,FF,FF
51735,4714,0xCFF6600,1,8,D7,09,FF,FF,FF,FF,FF,FF
51745,4715,0x18FEF100,1,8,3F,00,00,FF,FF,FF,FF,FF
51746,4716,0x10FF6500,1,8,FC,FF,FF,FF,FF,FF,FF,FF
51747,4717,0x18F00500,1,8,FF,FF,FF,FF,20,2D,FF,FF
51747,4718,0x18FEF200,1,8,1F,00,00,01,00,00,00,FF
51755,4719,0xCF00400,1,8,FF,FF,FF,D4,4E,FF,FF,FF
51755,4720,0xCFF6600,1,8,DA,09,FF,FF,FF,FF,FF,FF
51775,4721,0xCF00400,1,8,FF,FF,FF,D4,4E,FF,FF,FF
51775,4722,0xCFF6600,1,8,DA,09,FF,FF,FF,FF,FF,FF
51795,4723,0xCF00400,1,8,FF,FF,FF,06,4F,FF,FF,FF
51795,4724,0xCFF6600,1,8,E0,09,FF,FF,FF,FF,FF,FF
51815,4725,0xCF00400,1,8,FF,FF,FF,4C,4F,FF,FF,FF
51815,4726,0xCFF6600,1,8,E9,09,FF,FF,FF,FF,FF,FF
51835,4727,0xCF00400,1,8,FF,FF,FF,8C,4F,FF,FF,FF
51836,4728,0xCFF6600,1,8,F1,09,FF,FF,FF,FF,FF,FF
51845,4729,0x18FEF100,1,8,3F,00,00,FF,FF,FF,FF,FF
51846,4730,0x18F00500,1,8,FF,FF,FF,FF,20,2D,FF,FF
51847,4731,0x18F00600,1,8,FF,FF,FF,FF,FF,FF,FF,FF
51847,4732,0x18FEF200,1,8,1F,00,00,01,00,00,00,FF
51848,4733,0x1CFDDF00,1,8,FE,FF,FF,FF,FF,FF,FF,FF
51848,4734,0x1CFF6A00,1,8,FC,FF,FF,FF,FF,FF,FF,FF
51855,4735,0xCF00400,1,8,FF,FF,FF,C6,4F,FF,FF,FF
51856,4736,0xCFF6600,1,8,F8,09,FF,FF,FF,FF,FF,FF
51875,4737,0xCF00400,1,8,FF,FF,FF,28,50,FF,FF,FF
51875,4738,0xCFF6600,1,8,05,0A,FF,FF,FF,FF,FF,FF
51895,4739,0xCF00400,1,8,FF,FF,FF,AA,50,FF,FF,FF
51895,4740,0xCFF6600,1,8,15,0A,FF,FF,FF,FF,FF,FF
51915,4741,0xCF00400,1,8,FF,FF,FF,AA,50,FF,FF,FF
51915,4742,0xCFF6600,1,8,15,0A,FF,FF,FF,FF,FF,FF
51935,4743,0xCF00400,1,8,FF,FF,FF,00,51,FF,FF,FF
51935,4744,0xCFF6600,1,8,20,0A,FF,FF,FF,FF,FF,FF
51945,4745,0x18FEF100,1,8,3F,00,00,FF,FF,FF,FF,FF
51946,4746,0x10FF6500,1,8,FC,FF,FF,FF,FF,FF,FF,FF
51947,4747,0x18F00500,1,8,FF,FF,FF,FF,20,2D,FF,FF
51947,4748,0x18FEF200,1,8,1F,00,00,01,00,00,00,FF
51955,4749,0xCF00400,1,8,FF,FF,FF,38,51,FF,FF,FF
51955,4750,0xCFF6600,1,8,27,0A,FF,FF,FF,FF,FF,FF
51975,4751,0xCF00400,1,8,FF,FF,FF,00,51,FF,FF,FF
51975,4752,0xCFF6600,1,8,20,0A,FF,FF,FF,FF,FF,FF
51995,4753,0xCF00400,1,8,FF,FF,FF,68,50,FF,FF,FF
51997,4754,0xCFF6600,1,8,0D,0A,FF,FF,FF,FF,FF,FF
52004,4755,0x18FEEE00,1,8,5E,FF,FF,FF,FF,FF,FF,FF
52005,4756,0x18FDE500,1,8,0A,14,1E,28,32,3C,46,13
52015,4757,0xCF00400,1,8,FF,FF,FF,50,50,FF,FF,FF
52015,4758,0xCFF6600,1,8,0A,0A,FF,FF,FF,FF,FF,FF
52024,4759,0x1CECFF00,1,8,20,0A,00,02,FF,CA,FE,00
52035,4760,0xCF00400,1,8,FF,FF,FF,A4,50,FF,FF,FF
52035,4761,0xCFF6600,1,8,14,0A,FF,FF,FF,FF,FF,FF
52046,4762,0x18FEF100,1,8,3F,00,00,FF,FF,FF,FF,FF
52046,4763,0x18F00500,1,8,FF,FF,FF,FF,20,2D,FF,FF
52047,4764,0x18FEF200,1,8,1E,00,00,01,00,00,00,FF
52055,4765,0xCF00400,1,8,FF,FF,FF,04,51,FF,FF,FF
52056,4766,0xCFF6600,1,8,20,0A,FF,FF,FF,FF,FF,FF
52075,4767,0xCF00400,1,8,FF,FF,FF,04,51,FF,FF,FF
52076,4768,0xCFF6600,1,8,20,0A,FF,FF,FF,FF,FF,FF
52076,4769,0x1CEBFF00,1,8,01,40,FF,0F,F0,E5,01,02
52095,4770,0xCF00400,1,8,FF,FF,FF,6C,51,FF,FF,FF
52095,4771,0xCFF6600,1,8,2D,0A,FF,FF,FF,FF,FF,FF
52115,4772,0xCF00400,1,8,FF,FF,FF,BC,51,FF,FF,FF
52115,4773,0xCFF6600,1,8,37,0A,FF,FF,FF,FF,FF,FF
52125,4774,0x1CEBFF00,1,8,02,F0,E3,01,FF,FF,FF,FF
52135,4775,0xCF00400,1,8,FF,FF,FF,F4,51,FF,FF,FF
52136,4776,0xCFF6600,1,8,3E,0A,FF,FF,FF,FF,FF,FF
52145,4777,0x18FEF100,1,8,3F,00,00,FF,FF,FF,FF,FF
52146,4778,0x10FF6500,1,8,FC,FF,FF,FF,FF,FF,FF,FF
52147,4779,0x18F00500,1,8,FF,FF,FF,FF,20,2D,FF,FF
52147,4780,0x18FEF200,1,8,1E,00,00,01,00,00,00,FF
52155,4781,0xCF00400,1,8,FF,FF,FF,10,52,FF,FF,FF
52155,4782,0xCFF6600,1,8,42,0A,FF,FF,FF,FF,FF,FF
52175,4783,0xCF00400,1,8,FF,FF,FF,14,52,FF,FF,FF
52175,4784,0xCFF6600,1,8,42,0A,FF,FF,FF,FF,FF,FF
52195,4785,0xCF00400,1,8,FF,FF,FF,38,52,FF,FF,FF
52195,4786,0xCFF6600,1,8,47,0A,FF,FF,FF,FF,FF,FF
52215,4787,0xCF00400,1,8,FF,FF,FF,74,52,FF,FF,FF
52216,4788,0xCFF6600,1,8,4E,0A,FF,FF,FF,FF,FF,FF
52235,4789,0xCF00400,1,8,FF,FF,FF,74,52,FF,FF,FF
52235,4790,0xCFF6600,1,8,4E,0A,FF,FF,FF,FF,FF,FF
52246,4791,0x18FEF100,1,8,3F,00,00,FF,FF,FF,FF,FF
52246,4792,0x18F00500,1,8,FF,FF,FF,FF,20,2D,FF,FF
52247,4793,0x18FEF200,1,8,1E,00,00,01,00,00,00,FF
52255,4794,0xCF00400,1,8,FF,FF,FF,AE,52,FF,FF,FF
52256,4795,0xCFF6600,1,8,55,0A,FF,FF,FF,FF,FF,FF
52275,4796,0xCF00400,1,8,FF,FF,FF,EC,52,FF,FF,FF
52275,4797,0xCFF6600,1,8,5D,0A,FF,FF,FF,FF,FF,FF
52295,4798,0xCF00400,1,8,FF,FF,FF,EE,52,FF,FF,FF
52296,4799,0xCFF6600,1,8,5D,0A,FF,FF,FF,FF,FF,FF
52315,4800,0xCF00400,1,8,FF,FF,FF,C4,52,FF,FF,FF
52315,4801,0xCFF6600,1,8,58,0A,FF,FF,FF,FF,FF,FF
52335,4802,0xCF00400,1,8,FF,FF,FF,CA,52,FF,FF,FF
52335,4803,0xCFF6600,1,8,59,0A,FF,FF,FF,FF,FF,FF
52345,4804,0x18FEF100,1,8,3F,00,00,FF,FF,FF,FF,FF
52346,4805,0x10FF6500,1,8,FC,FF,FF,FF,FF,FF,FF,FF
52347,4806,0x18F00500,1,8,FF,FF,FF,FF,20,2D,FF,FF
52347,4807,0x18F00600,1,8,FF,FF,FF,FF,FF,FF,FF,FF
52348,4808,0x18FEF200,1,8,1E,00,00,01,00,00,00,FF
52349,4809,0x1CFDDF00,1,8,FE,FF,FF,FF,FF,FF,FF,FF
52350,4810,0x1CFF6A00,1,8,FC,FF,FF,FF,FF,FF,FF,FF
52355,4811,0xCF00400,1,8,FF,FF,FF,F2,52,FF,FF,FF
52355,4812,0xCFF6600,1,8,5E,0A,FF,FF,FF,FF,FF,FF
52375,4813,0xCF00400,1,8,FF,FF,FF,A6,52,FF,FF,FF
52375,4814,0xCFF6600,1,8,54,0A,FF,FF,FF,FF,FF,FF
52395,4815,0xCF00400,1,8,FF,FF,FF,A6,52,FF,FF,FF
52395,4816,0xCFF6600,1,8,54,0A,FF,FF,FF,FF,FF,FF
52415,4817,0xCF00400,1,8,FF,FF,FF,FC,51,FF,FF,FF
52415,4818,0xCFF6600,1,8,3F,0A,FF,FF,FF,FF,FF,FF
52435,4819,0xCF00400,1,8,FF,FF,FF,B8,51,FF,FF,FF
52435,4820,0xCFF6600,1,8,37,0A,FF,FF,FF,FF,FF,FF
52446,4821,0x18FEF100,1,8,3F,00,00,FF,FF,FF,FF,FF
52446,4822,0x18F00500,1,8,FF,FF,FF,FF,20,2D,FF,FF
52447,4823,0x18FEF200,1,8,1E,00,00,01,00,00,00,FF
52455,4824,0xCF00400,1,8,FF,FF,FF,D2,51,FF,FF,FF
52455,4825,0xCFF6600,1,8,3A,0A,FF,FF,FF,FF,FF,FF
52475,4826,0xCF00400,1,8,FF,FF,FF,9A,51,FF,FF,FF
52475,4827,0xCFF6600,1,8,33,0A,FF,FF,FF,FF,FF,FF
52495,4828,0xCF00400,1,8,FF,FF,FF,14,51,FF,FF,FF
52495,4829,0xCFF6600,1,8,22,0A,FF,FF,FF,FF,FF,FF
52515,4830,0xCF00400,1,8,FF,FF,FF,E8,50,FF,FF,FF
52515,4831,0xCFF6600,1,8,1D,0A,FF,FF,FF,FF,FF,FF
52535,4832,0xCF00400,1,8,FF,FF,FF,12,51,FF,FF,FF
52536,4833,0xCFF6600,1,8,22,0A,FF,FF,FF,FF,FF,FF
52546,4834,0x18FEF100,1,8,3F,00,00,FF,FF,FF,FF,FF
52546,4835,0x10FF6500,1,8,FC,FF,FF,FF,FF,FF,FF,FF
52547,4836,0x18F00500,1,8,FF,FF,FF,FF,20,2D,FF,FF
52548,4837,0x18FEF200,1,8,1E,00,00,01,00,00,00,FF
52555,4838,0xCF00400,1,8,FF,FF,FF,12,51,FF,FF,FF
52555,4839,0xCFF6600,1,8,22,0A,FF,FF,FF,FF,FF,FF
52575,4840,0xCF00400,1,8,FF,FF,FF,4A,51,FF,FF,FF
52575,4841,0xCFF6600,1,8,29,0A,FF,FF,FF,FF,FF,FF
52596,4842,0xCF00400,1,8,FF,FF,FF,94,51,FF,FF,FF
52596,4843,0xCFF6600,1,8,32,0A,FF,FF,FF,FF,FF,FF
52615,4844,0xCF00400,1,8,FF,FF,FF,DA,51,FF,FF,FF
52616,4845,0xCFF6600,1,8,3B,0A,FF,FF,FF,FF,FF,FF
52635,4846,0xCF00400,1,8,FF,FF,FF,16,52,FF,FF,FF
52635,4847,0xCFF6600,1,8,42,0A,FF,FF,FF,FF,FF,FF
52646,4848,0x18FEF100,1,8,3F,00,00,FF,FF,FF,FF,FF
52646,4849,0x18F00500,1,8,FF,FF,FF,FF,20,2D,FF,FF
52647,4850,0x18FEF200,1,8,1E,00,00,01,00,00,00,FF
52655,4851,0xCF00400,1,8,FF,FF,FF,28,52,FF,FF,FF
52655,4852,0xCFF6600,1,8,45,0A,FF,FF,FF,FF,FF,FF
52675,4853,0xCF00400,1,8,FF,FF,FF,18,52,FF,FF,FF
52675,4854,0xCFF6600,1,8,43,0A,FF,FF,FF,FF,FF,FF
52695,4855,0xCF00400,1,8,FF,FF,FF,34,52,FF,FF,FF
52696,4856,0xCFF6600,1,8,46,0A,FF,FF,FF,FF,FF,FF
52715,4857,0xCF00400,1,8,FF,FF,FF,34,52,FF,FF,FF
52715,4858,0xCFF6600,1,8,46,0A,FF,FF,FF,FF,FF,FF
52735,4859,0xCF00400,1,8,FF,FF,FF,6C,52,FF,FF,FF
52736,4860,0xCFF6600,1,8,4D,0A,FF,FF,FF,FF,FF,FF
52745,4861,0x18FEF100,1,8,3F,00,00,FF,FF,FF,FF,FF
52746,4862,0x10FF6500,1,8,FC,FF,FF,FF,FF,FF,FF,FF
52747,4863,0x18F00500,1,8,FF,FF,FF,FF,20,2D,FF,FF
52747,4864,0x18FEF200,1,8,1E,00,00,01,00,00,00,FF
52755,4865,0xCF00400,1,8,FF,FF,FF,6A,52,FF,FF,FF
52761,4866,0xCFF6600,1,8,4D,0A,FF,FF,FF,FF,FF,FF
52775,4867,0xCF00400,1,8,FF,FF,FF,36,52,FF,FF,FF
52775,4868,0xCFF6600,1,8,46,0A,FF,FF,FF,FF,FF,FF
52795,4869,0xCF00400,1,8,FF,FF,FF,FA,51,FF,FF,FF
52795,4870,0xCFF6600,1,8,3F,0A,FF,FF,FF,FF,FF,FF
52815,4871,0xCF00400,1,8,FF,FF,FF,BC,51,FF,FF,FF
52815,4872,0xCFF6600,1,8,37,0A,FF,FF,FF,FF,FF,FF
52835,4873,0xCF00400,1,8,FF,FF,FF,6A,51,FF,FF,FF
52835,4874,0xCFF6600,1,8,2D,0A,FF,FF,FF,FF,FF,FF
52846,4875,0x18FEF100,1,8,3F,00,00,FF,FF,FF,FF,FF
52846,4876,0x18F00500,1,8,FF,FF,FF,FF,20,2D,FF,FF
52847,4877,0x18F00600,1,8,FF,FF,FF,FF,FF,FF,FF,FF
52847,4878,0x18FEF200,1,8,1E,00,00,01,00,00,00,FF
52848,4879,0x1CFDDF00,1,8,FE,FF,FF,FF,FF,FF,FF,FF
52849,4880,0x1CFF6A00,1,8,FC,FF,FF,FF,FF,FF,FF,FF
52855,4881,0xCF00400,1,8,FF,FF,FF,08,51,FF,FF,FF
52856,4882,0xCFF6600,1,8,21,0A,FF,FF,FF,FF,FF,FF
52875,4883,0xCF00400,1,8,FF,FF,FF,08,51,FF,FF,FF
52875,4884,0xCFF6600,1,8,21,0A,FF,FF,FF,FF,FF,FF
52895,4885,0xCF00400,1,8,FF,FF,FF,F0,50,FF,FF,FF
52895,4886,0xCFF6600,1,8,1E,0A,FF,FF,FF,FF,FF,FF
52915,4887,0xCF00400,1,8,FF,FF,FF,16,51,FF,FF,FF
52915,4888,0xCFF6600,1,8,22,0A,FF,FF,FF,FF,FF,FF
52935,4889,0xCF00400,1,8,FF,FF,FF,FA,50,FF,FF,FF
52935,4890,0xCFF6600,1,8,1F,0A,FF,FF,FF,FF,FF,FF
52946,4891,0x18FEF100,1,8,3F,00,00,FF,FF,FF,FF,FF
52946,4892,0x10FF6500,1,8,FC,FF,FF,FF,FF,FF,FF,FF
52947,4893,0x18F00500,1,8,FF,FF,FF,FF,20,2D,FF,FF
52947,4894,0x18FEF200,1,8,1E,00,00,01,00,00,00,FF
52955,4895,0xCF00400,1,8,FF,FF,FF,AC,50,FF,FF,FF
52955,4896,0xCFF6600,1,8,15,0A,FF,FF,FF,FF,FF,FF
52975,4897,0xCF00400,1,8,FF,FF,FF,1E,50,FF,FF,FF
52975,4898,0xCFF6600,1,8,03,0A,FF,FF,FF,FF,FF,FF
52995,4899,0xCF00400,1,8,FF,FF,FF,52,4F,FF,FF,FF
52996,4900,0xCFF6600,1,8,EA,09,FF,FF,FF,FF,FF,FF
53004,4901,0x18FEEE00,1,8,5E,FF,FF,FF,FF,FF,FF,FF
53005,4902,0x18FDE500,1,8,0A,14,1E,28,32,3C,46,13
53015,4903,0xCF00400,1,8,FF,FF,FF,52,4F,FF,FF,FF
53015,4904,0xCFF6600,1,8,EA,09,FF,FF,FF,FF,FF,FF
53024,4905,0x1CECFF00,1,8,20,0A,00,02,FF,CA,FE,00
53035,4906,0xCF00400,1,8,FF,FF,FF,FE,4E,FF,FF,FF
53035,4907,0xCFF6600,1,8,DF,09,FF,FF,FF,FF,FF,FF
53046,4908,0x18FEF100,1,8,3F,00,00,FF,FF,FF,FF,FF
53046,4909,0x18F00500,1,8,FF,FF,FF,FF,20,2D,FF,FF
53047,4910,0x18FEF200,1,8,1F,00,00,00,00,00,00,FF
53055,4911,0xCF00400,1,8,FF,FF,FF,0C,4F,FF,FF,FF
53055,4912,0xCFF6600,1,8,E1,09,FF,FF,FF,FF,FF,FF
53075,4913,0xCF00400,1,8,FF,FF,FF,E6,4E,FF,FF,FF
53075,4914,0xCFF6600,1,8,DC,09,FF,FF,FF,FF,FF,FF
53076,4915,0x1CEBFF00,1,8,01,40,FF,0F,F0,E5,01,02
53095,4916,0xCF00400,1,8,FF,FF,FF,98,4E,FF,FF,FF
53095,4917,0xCFF6600,1,8,D3,09,FF,FF,FF,FF,FF,FF
53115,4918,0xCF00400,1,8,FF,FF,FF,C2,4E,FF,FF,FF
53116,4919,0xCFF6600,1,8,D8,09,FF,FF,FF,FF,FF,FF
53124,4920,0x1CEBFF00,1,8,02,F0,E3,01,FF,FF,FF,FF
53135,4921,0xCF00400,1,8,FF,FF,FF,C2,4E,FF,FF,FF
53135,4922,0xCFF6600,1,8,D8,09,FF,FF,FF,FF,FF,FF
53145,4923,0x18FEF100,1,8,3F,00,00,FF,FF,FF,FF,FF
53146,4924,0x10FF6500,1,8,FC,FF,FF,FF,FF,FF,FF,FF
53146,4925,0x18F00500,1,8,FF,FF,FF,FF,20,2D,FF,FF
53147,4926,0x18FEF200,1,8,1F,00,00,00,00,00,00,FF
53155,4927,0xCF00400,1,8,FF,FF,FF,50,4F,FF,FF,FF
53155,4928,0xCFF6600,1,8,EA,09,FF,FF,FF,FF,FF,FF
53175,4929,0xCF00400,1,8,FF,FF,FF,7E,4F,FF,FF,FF
53175,4930,0xCFF6600,1,8,EF,09,FF,FF,FF,FF,FF,FF
53195,4931,0xCF00400,1,8,FF,FF,FF,62,4F,FF,FF,FF
53195,4932,0xCFF6600,1,8,EC,09,FF,FF,FF,FF,FF,FF
53215,4933,0xCF00400,1,8,FF,FF,FF,76,4F,FF,FF,FF
53215,4934,0xCFF6600,1,8,EE,09,FF,FF,FF,FF,FF,FF
53235,4935,0xCF00400,1,8,FF,FF,FF,B6,4F,FF,FF,FF
53235,4936,0xCFF6600,1,8,F6,09,FF,FF,FF,FF,FF,FF
53246,4937,0x18FEF100,1,8,3F,00,00,FF,FF,FF,FF,FF
53247,4938,0x18F00500,1,8,FF,FF,FF,FF,20,2D,FF,FF
53248,4939,0x18FEF200,1,8,1F,00,00,00,00,00,00,FF
53255,4940,0xCF00400,1,8,FF,FF,FF,B6,4F,FF,FF,FF
53255,4941,0xCFF6600,1,8,F6,09,FF,FF,FF,FF,FF,FF
53275,4942,0xCF00400,1,8,FF,FF,FF,C6,4F,FF,FF,FF
53276,4943,0xCFF6600,1,8,F8,09,FF,FF,FF,FF,FF,FF
53295,4944,0xCF00400,1,8,FF,FF,FF,AE,4F,FF,FF,FF
53295,4945,0xCFF6600,1,8,F5,09,FF,FF,FF,FF,FF,FF
53315,4946,0xCF00400,1,8,FF,FF,FF,78,4F,FF,FF,FF
53315,4947,0xCFF6600,1,8,EF,09,FF,FF,FF,FF,FF,FF
53335,4948,0xCF00400,1,8,FF,FF,FF,28,4F,FF,FF,FF
53335,4949,0xCFF6600,1,8,E5,09,FF,FF,FF,FF,FF,FF
53346,4950,0x18FEF100,1,8,3F,00,00,FF,FF,FF,FF,FF
53346,4951,0x10FF6500,1,8,FC,FF,FF,FF,FF,FF,FF,FF
53347,4952,0x18F00500,1,8,FF,FF,FF,FF,20,2D,FF,FF
53347,4953,0x18F00600,1,8,FF,FF,FF,FF,FF,FF,FF,FF
53348,4954,0x18FEF200,1,8,1F,00,00,00,00,00,00,FF
53348,4955,0x1CFDDF00,1,8,FE,FF,FF,FF,FF,FF,FF,FF
53349,4956,0x1CFF6A00,1,8,FC,FF,FF,FF,FF,FF,FF,FF
53355,4957,0xCF00400,1,8,FF,FF,FF,38,4F,FF,FF,FF
53355,4958,0xCFF6600,1,8,E7,09,FF,FF,FF,FF,FF,FF
53375,4959,0xCF00400,1,8,FF,FF,FF,94,4F,FF,FF,FF
53375,4960,0xCFF6600,1,8,F2,09,FF,FF,FF,FF,FF,FF
53395,4961,0xCF00400,1,8,FF,FF,FF,94,4F,FF,FF,FF
53395,4962,0xCFF6600,1,8,F2,09,FF,FF,FF,FF,FF,FF
53415,4963,0xCF00400,1,8,FF,FF,FF,8C,4F,FF,FF,FF
53415,4964,0xCFF6600,1,8,F1,09,FF,FF,FF,FF,FF,FF
53435,4965,0xCF00400,1,8,FF,FF,FF,34,4F,FF,FF,FF
53435,4966,0xCFF6600,1,8,E6,09,FF,FF,FF,FF,FF,FF
53446,4967,0x18FEF100,1,8,3F,00,00,FF,FF,FF,FF,FF
53447,4968,0x18F00500,1,8,FF,FF,FF,FF,20,2D,FF,FF
53447,4969,0x18FEF200,1,8,1F,00,00,00,00,00,00,FF
53455,4970,0xCF00400,1,8,FF,FF,FF,46,4F,FF,FF,FF
53455,4971,0xCFF6600,1,8,E8,09,FF,FF,FF,FF,FF,FF
53475,4972,0xCF00400,1,8,FF,FF,FF,AA,4F,FF,FF,FF
53475,4973,0xCFF6600,1,8,F5,09,FF,FF,FF,FF,FF,FF
53495,4974,0xCF00400,1,8,FF,FF,FF,F2,4F,FF,FF,FF
53495,4975,0xCFF6600,1,8,FE,09,FF,FF,FF,FF,FF,FF
53515,4976,0xCF00400,1,8,FF,FF,FF,26,50,FF,FF,FF
53516,4977,0xCFF6600,1,8,04,0A,FF,FF,FF,FF,FF,FF
53535,4978,0xCF00400,1,8,FF,FF,FF,26,50,FF,FF,FF
53535,4979,0xCFF6600,1,8,04,0A,FF,FF,FF,FF,FF,FF
53545,4980,0x18FEF100,1,8,3F,00,00,FF,FF,FF,FF,FF
53546,4981,0x10FF6500,1,8,FC,FF,FF,FF,FF,FF,FF,FF
53547,4982,0x18F00500,1,8,FF,FF,FF,FF,20,2D,FF,FF
53547,4983,0x18FEF200,1,8,1F,00,00,00,00,00,00,FF
53555,4984,0xCF00400,1,8,FF,FF,FF,52,50,FF,FF,FF
53555,4985,0xCFF6600,1,8,0A,0A,FF,FF,FF,FF,FF,FF
53575,4986,0xCF00400,1,8,FF,FF,FF,76,50,FF,FF,FF
53575,4987,0xCFF6600,1,8,0E,0A,FF,FF,FF,FF,FF,FF
53595,4988,0xCF00400,1,8,FF,FF,FF,58,50,FF,FF,FF
53595,4989,0xCFF6600,1,8,0B,0A,FF,FF,FF,FF,FF,FF
53615,4990,0xCF00400,1,8,FF,FF,FF,12,50,FF,FF,FF
53615,4991,0xCFF6600,1,8,02,0A,FF,FF,FF,FF,FF,FF
53635,4992,0xCF00400,1,8,FF,FF,FF,36,50,FF,FF,FF
53635,4993,0xCFF6600,1,8,06,0A,FF,FF,FF,FF,FF,FF
53646,4994,0x18FEF100,1,8,3F,00,00,FF,FF,FF,FF,FF
53646,4995,0x18F00500,1,8,FF,FF,FF,FF,20,2D,FF,FF
53647,4996,0x18FEF200,1,8,1F,00,00,00,00,00,00,FF
53655,4997,0xCF00400,1,8,FF,FF,FF,AC,50,FF,FF,FF
53656,4998,0xCFF6600,1,8,15,0A,FF,FF,FF,FF,FF,FF
53675,4999,0xCF00400,1,8,FF,FF,FF,AC,50,FF,FF,FF
53675,5000,0xCFF6600,1,8,15,0A,FF,FF,FF,FF,FF,FF
53695,5001,0xCF00400,1,8,FF,FF,FF,9A,50,FF,FF,FF
53695,5002,0xCFF6600,1,8,13,0A,FF,FF,FF,FF,FF,FF
53715,5003,0xCF00400,1,8,FF,FF,FF,1E,50,FF,FF,FF
53715,5004,0xCFF6600,1,8,03,0A,FF,FF,FF,FF,FF,FF
53735,5005,0xCF00400,1,8,FF,FF,FF,6C,4F,FF,FF,FF
53735,5006,0xCFF6600,1,8,ED,09,FF,FF,FF,FF,FF,FF
53746,5007,0x18FEF100,1,8,3F,00,00,FF,FF,FF,FF,FF
53746,5008,0x10FF6500,1,8,FC,FF,FF,FF,FF,FF,FF,FF
53747,5009,0x18F00500,1,8,FF,FF,FF,FF,20,2D,FF,FF
53747,5010,0x18FEF200,1,8,1F,00,00,00,00,00,00,FF
53760,5011,0xCF00400,1,8,FF,FF,FF,80,4E,FF,FF,FF
53761,5012,0xCFF6600,1,8,D0,09,FF,FF,FF,FF,FF,FF
53775,5013,0xCF00400,1,8,FF,FF,FF,2C,4E,FF,FF,FF
53775,5014,0xCFF6600,1,8,C5,09,FF,FF,FF,FF,FF,FF
53795,5015,0xCF00400,1,8,FF,FF,FF,2C,4E,FF,FF,FF
53795,5016,0xCFF6600,1,8,C5,09,FF,FF,FF,FF,FF,FF
53815,5017,0xCF00400,1,8,FF,FF,FF,64,4E,FF,FF,FF
53815,5018,0xCFF6600,1,8,CC,09,FF,FF,FF,FF,FF,FF
53835,5019,0xCF00400,1,8,FF,FF,FF,88,4E,FF,FF,FF
53835,5020,0xCFF6600,1,8,D1,09,FF,FF,FF,FF,FF,FF
53846,5021,0x18FEF100,1,8,3F,00,00,FF,FF,FF,FF,FF
53847,5022,0x18F00500,1,8,FF,FF,FF,FF,20,2D,FF,FF
53848,5023,0x18F00600,1,8,FF,FF,FF,FF,FF,FF,FF,FF
53849,5024,0x18FEF200,1,8,1F,00,00,00,00,00,00,FF
53856,5025,0x1CFDDF00,1,8,FE,FF,FF,FF,FF,FF,FF,FF
53857,5026,0x1CFF6A00,1,8,FC,FF,FF,FF,FF,FF,FF,FF
53864,5027,0x18EEFF00,1,8,08,CF,60,06,00,00,00,00
53875,5028,0xCF00400,1,8,FF,FF,FF,D0,4E,FF,FF,FF
53875,5029,0xCFF6600,1,8,DA,09,FF,FF,FF,FF,FF,FF
53895,5030,0xCF00400,1,8,FF,FF,FF,16,4F,FF,FF,FF
53895,5031,0xCFF6600,1,8,E2,09,FF,FF,FF,FF,FF,FF
53915,5032,0xCF00400,1,8,FF,FF,FF,16,4F,FF,FF,FF
53915,5033,0xCFF6600,1,8,E2,09,FF,FF,FF,FF,FF,FF
53935,5034,0xCF00400,1,8,FF,FF,FF,7C,4F,FF,FF,FF
53935,5035,0xCFF6600,1,8,EF,09,FF,FF,FF,FF,FF,FF
53945,5036,0x18FEF100,1,8,3F,00,00,FF,FF,FF,FF,FF
53946,5037,0x18F00500,1,8,FF,FF,FF,FF,20,2D,FF,FF
53947,5038,0x10FF6500,1,8,FC,FF,FF,FF,FF,FF,FF,FF
53948,5039,0x18FEF200,1,8,1F,00,00,00,00,00,00,FF
53955,5040,0xCF00400,1,8,FF,FF,FF,FA,4F,FF,FF,FF
53955,5041,0xCFF6600,1,8,FF,09,FF,FF,FF,FF,FF,FF
53975,5042,0xCF00400,1,8,FF,FF,FF,80,50,FF,FF,FF
53975,5043,0xCFF6600,1,8,10,0A,FF,FF,FF,FF,FF,FF
53995,5044,0xCF00400,1,8,FF,FF,FF,12,51,FF,FF,FF
53995,5045,0xCFF6600,1,8,22,0A,FF,FF,FF,FF,FF,FF
54004,5046,0x18FEEE00,1,8,5E,FF,FF,FF,FF,FF,FF,FF
54005,5047,0x18FDE500,1,8,0A,14,1E,28,32,3C,46,13
54015,5048,0xCF00400,1,8,FF,FF,FF,32,51,FF,FF,FF
54015,5049,0xCFF6600,1,8,26,0A,FF,FF,FF,FF,FF,FF
54024,5050,0x1CECFF00,1,8,20,0A,00,02,FF,CA,FE,00
54035,5051,0xCF00400,1,8,FF,FF,FF,F2,50,FF,FF,FF
54036,5052,0xCFF6600,1,8,1E,0A,FF,FF,FF,FF,FF,FF
54046,5053,0x18FEF100,1,8,3F,00,00,FF,FF,FF,FF,FF
54046,5054,0x18F00500,1,8,FF,FF,FF,FF,20,2D,FF,FF
54047,5055,0x18FEF200,1,8,1D,00,00,00,00,00,00,FF
54055,5056,0xCF00400,1,8,FF,FF,FF,90,50,FF,FF,FF
54056,5057,0xCFF6600,1,8,12,0A,FF,FF,FF,FF,FF,FF
54075,5058,0xCF00400,1,8,FF,FF,FF,90,50,FF,FF,FF
54075,5059,0xCFF6600,1,8,12,0A,FF,FF,FF,FF,FF,FF
54076,5060,0x1CEBFF00,1,8,01,40,FF,0F,F0,E5,01,02
54095,5061,0xCF00400,1,8,FF,FF,FF,1C,50,FF,FF,FF
54095,5062,0xCFF6600,1,8,03,0A,FF,FF,FF,FF,FF,FF
54115,5063,0xCF00400,1,8,FF,FF,FF,4A,50,FF,FF,FF
54115,5064,0xCFF6600,1,8,09,0A,FF,FF,FF,FF,FF,FF
54125,5065,0x1CEBFF00,1,8,02,F0,E3,01,FF,FF,FF,FF
54135,5066,0xCF00400,1,8,FF,FF,FF,F2,50,FF,FF,FF
54136,5067,0xCFF6600,1,8,1E,0A,FF,FF,FF,FF,FF,FF
54146,5068,0x18FEF100,1,8,3F,00,00,FF,FF,FF,FF,FF
54146,5069,0x10FF6500,1,8,FC,FF,FF,FF,FF,FF,FF,FF
54147,5070,0x18F00500,1,8,FF,FF,FF,FF,20,2D,FF,FF
54147,5071,0x18FEF200,1,8,1D,00,00,00,00,00,00,FF
54155,5072,0xCF00400,1,8,FF,FF,FF,1C,51,FF,FF,FF
54155,5073,0xCFF6600,1,8,23,0A,FF,FF,FF,FF,FF,FF
54175,5074,0xCF00400,1,8,FF,FF,FF,F0,50,FF,FF,FF
54175,5075,0xCFF6600,1,8,1E,0A,FF,FF,FF,FF,FF,FF
54195,5076,0xCF00400,1,8,FF,FF,FF,C2,50,FF,FF,FF
54196,5077,0xCFF6600,1,8,18,0A,FF,FF,FF,FF,FF,FF
54215,5078,0xCF00400,1,8,FF,FF,FF,C2,50,FF,FF,FF
54215,5079,0xCFF6600,1,8,18,0A,FF,FF,FF,FF,FF,FF
54235,5080,0xCF00400,1,8,FF,FF,FF,8E,50,FF,FF,FF
54235,5081,0xCFF6600,1,8,11,0A,FF,FF,FF,FF,FF,FF
54246,5082,0x18FEF100,1,8,3F,00,00,FF,FF,FF,FF,FF
54246,5083,0x18F00500,1,8,FF,FF,FF,FF,20,2D,FF,FF
54247,5084,0x18FEF200,1,8,1D,00,00,00,00,00,00,FF
54255,5085,0xCF00400,1,8,FF,FF,FF,5C,50,FF,FF,FF
54255,5086,0xCFF6600,1,8,0B,0A,FF,FF,FF,FF,FF,FF
54275,5087,0xCF00400,1,8,FF,FF,FF,2C,50,FF,FF,FF
54275,5088,0xCFF6600,1,8,05,0A,FF,FF,FF,FF,FF,FF
54295,5089,0xCF00400,1,8,FF,FF,FF,58,50,FF,FF,FF
54295,5090,0xCFF6600,1,8,0B,0A,FF,FF,FF,FF,FF,FF
54315,5091,0xCF00400,1,8,FF,FF,FF,CA,50,FF,FF,FF
54315,5092,0xCFF6600,1,8,19,0A,FF,FF,FF,FF,FF,FF
54335,5093,0xCF00400,1,8,FF,FF,FF,16,51,FF,FF,FF
54336,5094,0xCFF6600,1,8,22,0A,FF,FF,FF,FF,FF,FF
54346,5095,0x18FEF100,1,8,3F,00,00,FF,FF,FF,FF,FF
54346,5096,0x10FF6500,1,8,FC,FF,FF,FF,FF,FF,FF,FF
54347,5097,0x18F00500,1,8,FF,FF,FF,FF,20,2D,FF,FF
54348,5098,0x18F00600,1,8,FF,FF,FF,FF,FF,FF,FF,FF
54348,5099,0x18FEF200,1,8,1D,00,00,00,00,00,00,FF
54349,5100,0x1CFDDF00,1,8,FE,FF,FF,FF,FF,FF,FF,FF
54349,5101,0x1CFF6A00,1,8,FC,FF,FF,FF,FF,FF,FF,FF
54355,5102,0xCF00400,1,8,FF,FF,FF,16,51,FF,FF,FF
54355,5103,0xCFF6600,1,8,22,0A,FF,FF,FF,FF,FF,FF
54375,5104,0xCF00400,1,8,FF,FF,FF,42,51,FF,FF,FF
54375,5105,0xCFF6600,1,8,28,0A,FF,FF,FF,FF,FF,FF
54395,5106,0xCF00400,1,8,FF,FF,FF,5C,51,FF,FF,FF
54395,5107,0xCFF6600,1,8,2B,0A,FF,FF,FF,FF,FF,FF
54415,5108,0xCF00400,1,8,FF,FF,FF,66,51,FF,FF,FF
54416,5109,0xCFF6600,1,8,2C,0A,FF,FF,FF,FF,FF,FF
54435,5110,0xCF00400,1,8,FF,FF,FF,7E,51,FF,FF,FF
54435,5111,0xCFF6600,1,8,2F,0A,FF,FF,FF,FF,FF,FF
54446,5112,0x18FEF100,1,8,3F,00,00,FF,FF,FF,FF,FF
54446,5113,0x18F00500,1,8,FF,FF,FF,FF,20,2D,FF,FF
54447,5114,0x18FEF200,1,8,1D,00,00,00,00,00,00,FF
54455,5115,0xCF00400,1,8,FF,FF,FF,A4,51,FF,FF,FF
54455,5116,0xCFF6600,1,8,34,0A,FF,FF,FF,FF,FF,FF
54475,5117,0xCF00400,1,8,FF,FF,FF,64,51,FF,FF,FF
54475,5118,0xCFF6600,1,8,2C,0A,FF,FF,FF,FF,FF,FF
54495,5119,0xCF00400,1,8,FF,FF,FF,64,51,FF,FF,FF
54495,5120,0xCFF6600,1,8,2C,0A,FF,FF,FF,FF,FF,FF
54515,5121,0xCF00400,1,8,FF,FF,FF,CE,50,FF,FF,FF
54515,5122,0xCFF6600,1,8,19,0A,FF,FF,FF,FF,FF,FF
54535,5123,0xCF00400,1,8,FF,FF,FF,D2,50,FF,FF,FF
54536,5124,0xCFF6600,1,8,1A,0A,FF,FF,FF,FF,FF,FF
54545,5125,0x18FEF100,1,8,3F,00,00,FF,FF,FF,FF,FF
54546,5126,0x10FF6500,1,8,FC,FF,FF,FF,FF,FF,FF,FF
54547,5127,0x18F00500,1,8,FF,FF,FF,FF,20,2D,FF,FF
54547,5128,0x18FEF200,1,8,1D,00,00,00,00,00,00,FF
54555,5129,0xCF00400,1,8,FF,FF,FF,50,51,FF,FF,FF
54556,5130,0xCFF6600,1,8,2A,0A,FF,FF,FF,FF,FF,FF
54575,5131,0xCF00400,1,8,FF,FF,FF,B8,51,FF,FF,FF
54575,5132,0xCFF6600,1,8,37,0A,FF,FF,FF,FF,FF,FF
54595,5133,0xCF00400,1,8,FF,FF,FF,14,52,FF,FF,FF
54595,5134,0xCFF6600,1,8,42,0A,FF,FF,FF,FF,FF,FF
54615,5135,0xCF00400,1,8,FF,FF,FF,42,52,FF,FF,FF
54615,5136,0xCFF6600,1,8,48,0A,FF,FF,FF,FF,FF,FF
54635,5137,0xCF00400,1,8,FF,FF,FF,48,52,FF,FF,FF
54635,5138,0xCFF6600,1,8,49,0A,FF,FF,FF,FF,FF,FF
54646,5139,0x18FEF100,1,8,3F,00,00,FF,FF,FF,FF,FF
54646,5140,0x18F00500,1,8,FF,FF,FF,FF,20,2D,FF,FF
54647,5141,0x18FEF200,1,8,1D,00,00,00,00,00,00,FF
54655,5142,0xCF00400,1,8,FF,FF,FF,48,52,FF,FF,FF
54655,5143,0xCFF6600,1,8,49,0A,FF,FF,FF,FF,FF,FF
54675,5144,0xCF00400,1,8,FF,FF,FF,6C,52,FF,FF,FF
54676,5145,0xCFF6600,1,8,4D,0A,FF,FF,FF,FF,FF,FF
54695,5146,0xCF00400,1,8,FF,FF,FF,A4,52,FF,FF,FF
54695,5147,0xCFF6600,1,8,54,0A,FF,FF,FF,FF,FF,FF
54715,5148,0xCF00400,1,8,FF,FF,FF,BC,52,FF,FF,FF
54715,5149,0xCFF6600,1,8,57,0A,FF,FF,FF,FF,FF,FF
54735,5150,0xCF00400,1,8,FF,FF,FF,B8,52,FF,FF,FF
54735,5151,0xCFF6600,1,8,57,0A,FF,FF,FF,FF,FF,FF
54745,5152,0x18FEF100,1,8,3F,00,00,FF,FF,FF,FF,FF
54746,5153,0x10FF6500,1,8,FC,FF,FF,FF,FF,FF,FF,FF
54746,5154,0x18F00500,1,8,FF,FF,FF,FF,20,2D,FF,FF
54747,5155,0x18FEF200,1,8,1D,00,00,00,00,00,00,FF
54755,5156,0xCF00400,1,8,FF,FF,FF,DC,52,FF,FF,FF
54755,5157,0xCFF6600,1,8,5B,0A,FF,FF,FF,FF,FF,FF
54775,5158,0xCF00400,1,8,FF,FF,FF,1E,53,FF,FF,FF
54778,5159,0xCFF6600,1,8,63,0A,FF,FF,FF,FF,FF,FF
54795,5160,0xCF00400,1,8,FF,FF,FF,42,53,FF,FF,FF
54795,5161,0xCFF6600,1,8,68,0A,FF,FF,FF,FF,FF,FF
54815,5162,0xCF00400,1,8,FF,FF,FF,50,53,FF,FF,FF
54815,5163,0xCFF6600,1,8,6A,0A,FF,FF,FF,FF,FF,FF
54835,5164,0xCF00400,1,8,FF,FF,FF,50,53,FF,FF,FF
54835,5165,0xCFF6600,1,8,6A,0A,FF,FF,FF,FF,FF,FF
54846,5166,0x18FEF100,1,8,3F,00,00,FF,FF,FF,FF,FF
54846,5167,0x18F00500,1,8,FF,FF,FF,FF,20,2D,FF,FF
54848,5168,0x18F00600,1,8,FF,FF,FF,FF,FF,FF,FF,FF
54848,5169,0x18FEF200,1,8,1D,00,00,00,00,00,00,FF
54849,5170,0x1CFDDF00,1,8,FE,FF,FF,FF,FF,FF,FF,FF
54850,5171,0x1CFF6A00,1,8,FC,FF,FF,FF,FF,FF,FF,FF
54855,5172,0xCF00400,1,8,FF,FF,FF,4E,53,FF,FF,FF
54856,5173,0xCFF6600,1,8,69,0A,FF,FF,FF,FF,FF,FF
54875,5174,0xCF00400,1,8,FF,FF,FF,44,53,FF,FF,FF
54875,5175,0xCFF6600,1,8,68,0A,FF,FF,FF,FF,FF,FF
54895,5176,0xCF00400,1,8,FF,FF,FF,DE,52,FF,FF,FF
54895,5177,0xCFF6600,1,8,5B,0A,FF,FF,FF,FF,FF,FF
54915,5178,0xCF00400,1,8,FF,FF,FF,2E,52,FF,FF,FF
54915,5179,0xCFF6600,1,8,45,0A,FF,FF,FF,FF,FF,FF
54935,5180,0xCF00400,1,8,FF,FF,FF,06,52,FF,FF,FF
54935,5181,0xCFF6600,1,8,40,0A,FF,FF,FF,FF,FF,FF
54945,5182,0x18FEF100,1,8,3F,00,00,FF,FF,FF,FF,FF
54946,5183,0x10FF6500,1,8,FC,FF,FF,FF,FF,FF,FF,FF
54947,5184,0x18F00500,1,8,FF,FF,FF,FF,20,2D,FF,FF
54947,5185,0x18FEF200,1,8,1D,00,00,00,00,00,00,FF
54955,5186,0xCF00400,1,8,FF,FF,FF,52,52,FF,FF,FF
54955,5187,0xCFF6600,1,8,4A,0A,FF,FF,FF,FF,FF,FF
54975,5188,0xCF00400,1,8,FF,FF,FF,BE,52,FF,FF,FF
54975,5189,0xCFF6600,1,8,57,0A,FF,FF,FF,FF,FF,FF
54995,5190,0xCF00400,1,8,FF,FF,FF,42,53,FF,FF,FF
54996,5191,0xCFF6600,1,8,68,0A,FF,FF,FF,FF,FF,FF
55004,5192,0x18FEEE00,1,8,5E,FF,FF,FF,FF,FF,FF,FF
55005,5193,0x18FDE500,1,8,0A,14,1E,28,32,3C,46,13
55015,5194,0xCF00400,1,8,FF,FF,FF,42,53,FF,FF,FF
55015,5195,0xCFF6600,1,8,68,0A,FF,FF,FF,FF,FF,FF
55024,5196,0x1CECFF00,1,8,20,0A,00,02,FF,CA,FE,00
55035,5197,0xCF00400,1,8,FF,FF,FF,42,53,FF,FF,FF
55035,5198,0xCFF6600,1,8,68,0A,FF,FF,FF,FF,FF,FF
55046,5199,0x18FEF100,1,8,3F,00,00,FF,FF,FF,FF,FF
55046,5200,0x18F00500,1,8,FF,FF,FF,FF,20,2D,FF,FF
55047,5201,0x18FEF200,1,8,1E,00,00,00,00,00,00,FF
55055,5202,0xCF00400,1,8,FF,FF,FF,DA,52,FF,FF,FF
55055,5203,0xCFF6600,1,8,5B,0A,FF,FF,FF,FF,FF,FF
55075,5204,0xCF00400,1,8,FF,FF,FF,D6,52,FF,FF,FF
55075,5205,0xCFF6600,1,8,5A,0A,FF,FF,FF,FF,FF,FF
55076,5206,0x1CEBFF00,1,8,01,40,FF,0F,F0,E5,01,02
55095,5207,0xCF00400,1,8,FF,FF,FF,1A,53,FF,FF,FF
55095,5208,0xCFF6600,1,8,63,0A,FF,FF,FF,FF,FF,FF
55115,5209,0xCF00400,1,8,FF,FF,FF,F0,52,FF,FF,FF
55115,5210,0xCFF6600,1,8,5E,0A,FF,FF,FF,FF,FF,FF
55124,5211,0x1CEBFF00,1,8,02,F0,E3,01,FF,FF,FF,FF
55135,5212,0xCF00400,1,8,FF,FF,FF,6E,52,FF,FF,FF
55136,5213,0xCFF6600,1,8,4D,0A,FF,FF,FF,FF,FF,FF
55145,5214,0x18FEF100,1,8,3F,00,00,FF,FF,FF,FF,FF
55146,5215,0x10FF6500,1,8,FC,FF,FF,FF,FF,FF,FF,FF
55147,5216,0x18F00500,1,8,FF,FF,FF,FF,20,2D,FF,FF
55147,5217,0x18FEF200,1,8,1E,00,00,00,00,00,00,FF
55155,5218,0xCF00400,1,8,FF,FF,FF,F2,51,FF,FF,FF
55156,5219,0xCFF6600,1,8,3E,0A,FF,FF,FF,FF,FF,FF
55175,5220,0xCF00400,1,8,FF,FF,FF,F2,51,FF,FF,FF
55176,5221,0xCFF6600,1,8,3E,0A,FF,FF,FF,FF,FF,FF
55195,5222,0xCF00400,1,8,FF,FF,FF,7A,51,FF,FF,FF
55195,5223,0xCFF6600,1,8,2F,0A,FF,FF,FF,FF,FF,FF
55215,5224,0xCF00400,1,8,FF,FF,FF,66,51,FF,FF,FF
55215,5225,0xCFF6600,1,8,2C,0A,FF,FF,FF,FF,FF,FF
55235,5226,0xCF00400,1,8,FF,FF,FF,9E,51,FF,FF,FF
55236,5227,0xCFF6600,1,8,33,0A,FF,FF,FF,FF,FF,FF
55246,5228,0x18FEF100,1,8,3F,00,00,FF,FF,FF,FF,FF
55247,5229,0x18F00500,1,8,FF,FF,FF,FF,20,2D,FF,FF
55247,5230,0x18FEF200,1,8,1E,00,00,00,00,00,00,FF
55255,5231,0xCF00400,1,8,FF,FF,FF,D4,51,FF,FF,FF
55255,5232,0xCFF6600,1,8,3A,0A,FF,FF,FF,FF,FF,FF
55275,5233,0xCF00400,1,8,FF,FF,FF,08,52,FF,FF,FF
55275,5234,0xCFF6600,1,8,41,0A,FF,FF,FF,FF,FF,FF
55295,5235,0xCF00400,1,8,FF,FF,FF,EE,51,FF,FF,FF
55295,5236,0xCFF6600,1,8,3D,0A,FF,FF,FF,FF,FF,FF
55315,5237,0xCF00400,1,8,FF,FF,FF,92,51,FF,FF,FF
55316,5238,0xCFF6600,1,8,32,0A,FF,FF,FF,FF,FF,FF
55335,5239,0xCF00400,1,8,FF,FF,FF,92,51,FF,FF,FF
55335,5240,0xCFF6600,1,8,32,0A,FF,FF,FF,FF,FF,FF
55345,5241,0x18FEF100,1,8,3F,00,00,FF,FF,FF,FF,FF
55346,5242,0x10FF6500,1,8,FC,FF,FF,FF,FF,FF,FF,FF
55347,5243,0x18F00500,1,8,FF,FF,FF,FF,20,2D,FF,FF
55347,5244,0x18F00600,1,8,FF,FF,FF,FF,FF,FF,FF,FF
55348,5245,0x18FEF200,1,8,1E,00,00,00,00,00,00,FF
55349,5246,0x1CFDDF00,1,8,FE,FF,FF,FF,FF,FF,FF,FF
55350,5247,0x1CFF6A00,1,8,FC,FF,FF,FF,FF,FF,FF,FF
55355,5248,0xCF00400,1,8,FF,FF,FF,94,51,FF,FF,FF
55355,5249,0xCFF6600,1,8,32,0A,FF,FF,FF,FF,FF,FF
55375,5250,0xCF00400,1,8,FF,FF,FF,E8,51,FF,FF,FF
55375,5251,0xCFF6600,1,8,3D,0A,FF,FF,FF,FF,FF,FF
55395,5252,0xCF00400,1,8,FF,FF,FF,F0,51,FF,FF,FF
55396,5253,0xCFF6600,1,8,3E,0A,FF,FF,FF,FF,FF,FF
55415,5254,0xCF00400,1,8,FF,FF,FF,B8,51,FF,FF,FF
55415,5255,0xCFF6600,1,8,37,0A,FF,FF,FF,FF,FF,FF
55441,5256,0xCF00400,1,8,FF,FF,FF,F2,51,FF,FF,FF
55441,5257,0xCFF6600,1,8,3E,0A,FF,FF,FF,FF,FF,FF
55446,5258,0x18FEF100,1,8,3F,00,00,FF,FF,FF,FF,FF
55446,5259,0x18F00500,1,8,FF,FF,FF,FF,20,2D,FF,FF
55447,5260,0x18FEF200,1,8,1E,00,00,00,00,00,00,FF
55455,5261,0xCF00400,1,8,FF,FF,FF,86,52,FF,FF,FF
55455,5262,0xCFF6600,1,8,50,0A,FF,FF,FF,FF,FF,FF
55475,5263,0xCF00400,1,8,FF,FF,FF,4A,52,FF,FF,FF
55476,5264,0xCFF6600,1,8,49,0A,FF,FF,FF,FF,FF,FF
55495,5265,0xCF00400,1,8,FF,FF,FF,4A,52,FF,FF,FF
55495,5266,0xCFF6600,1,8,49,0A,FF,FF,FF,FF,FF,FF
55515,5267,0xCF00400,1,8,FF,FF,FF,62,51,FF,FF,FF
55515,5268,0xCFF6600,1,8,2C,0A,FF,FF,FF,FF,FF,FF
55535,5269,0xCF00400,1,8,FF,FF,FF,E4,50,FF,FF,FF
55535,5270,0xCFF6600,1,8,1C,0A,FF,FF,FF,FF,FF,FF
55546,5271,0x18FEF100,1,8,3F,00,00,FF,FF,FF,FF,FF
55547,5272,0x10FF6500,1,8,FC,FF,FF,FF,FF,FF,FF,FF
55547,5273,0x18F00500,1,8,FF,FF,FF,FF,20,2D,FF,FF
55548,5274,0x18FEF200,1,8,1E,00,00,00,00,00,00,FF
55555,5275,0xCF00400,1,8,FF,FF,FF,C4,50,FF,FF,FF
55555,5276,0xCFF6600,1,8,18,0A,FF,FF,FF,FF,FF,FF
55575,5277,0xCF00400,1,8,FF,FF,FF,00,51,FF,FF,FF
55575,5278,0xCFF6600,1,8,20,0A,FF,FF,FF,FF,FF,FF
55595,5279,0xCF00400,1,8,FF,FF,FF,8A,51,FF,FF,FF
55595,5280,0xCFF6600,1,8,31,0A,FF,FF,FF,FF,FF,FF
55615,5281,0xCF00400,1,8,FF,FF,FF,D8,51,FF,FF,FF
55615,5282,0xCFF6600,1,8,3B,0A,FF,FF,FF,FF,FF,FF
55635,5283,0xCF00400,1,8,FF,FF,FF,D8,51,FF,FF,FF
55635,5284,0xCFF6600,1,8,3B,0A,FF,FF,FF,FF,FF,FF
55646,5285,0x18FEF100,1,8,3F,00,00,FF,FF,FF,FF,FF
55646,5286,0x18F00500,1,8,FF,FF,FF,FF,20,2D,FF,FF
55647,5287,0x18FEF200,1,8,1E,00,00,00,00,00,00,FF
55655,5288,0xCF00400,1,8,FF,FF,FF,F8,51,FF,FF,FF
55655,5289,0xCFF6600,1,8,3F,0A,FF,FF,FF,FF,FF,FF
55675,5290,0xCF00400,1,8,FF,FF,FF,E8,51,FF,FF,FF
55675,5291,0xCFF6600,1,8,3D,0A,FF,FF,FF,FF,FF,FF
55695,5292,0xCF00400,1,8,FF,FF,FF,AE,51,FF,FF,FF
55695,5293,0xCFF6600,1,8,35,0A,FF,FF,FF,FF,FF,FF
55715,5294,0xCF00400,1,8,FF,FF,FF,8A,51,FF,FF,FF
55715,5295,0xCFF6600,1,8,31,0A,FF,FF,FF,FF,FF,FF
55735,5296,0xCF00400,1,8,FF,FF,FF,74,51,FF,FF,FF
55735,5297,0xCFF6600,1,8,2E,0A,FF,FF,FF,FF,FF,FF
55745,5298,0x18FEF100,1,8,3F,00,00,FF,FF,FF,FF,FF
55746,5299,0x10FF6500,1,8,FC,FF,FF,FF,FF,FF,FF,FF
55747,5300,0x18F00500,1,8,FF,FF,FF,FF,20,2D,FF,FF
55747,5301,0x18FEF200,1,8,1E,00,00,00,00,00,00,FF
55755,5302,0xCF00400,1,8,FF,FF,FF,4E,51,FF,FF,FF
55755,5303,0xCFF6600,1,8,29,0A,FF,FF,FF,FF,FF,FF
55775,5304,0xCF00400,1,8,FF,FF,FF,1E,51,FF,FF,FF
55776,5305,0xCFF6600,1,8,23,0A,FF,FF,FF,FF,FF,FF
55795,5306,0xCF00400,1,8,FF,FF,FF,1E,51,FF,FF,FF
55795,5307,0xCFF6600,1,8,23,0A,FF,FF,FF,FF,FF,FF
55815,5308,0xCF00400,1,8,FF,FF,FF,14,51,FF,FF,FF
55815,5309,0xCFF6600,1,8,22,0A,FF,FF,FF,FF,FF,FF
55835,5310,0xCF00400,1,8,FF,FF,FF,2E,51,FF,FF,FF
55835,5311,0xCFF6600,1,8,25,0A,FF,FF,FF,FF,FF,FF
55846,5312,0x18FEF100,1,8,3F,00,00,FF,FF,FF,FF,FF
55846,5313,0x18F00500,1,8,FF,FF,FF,FF,20,2D,FF,FF
55847,5314,0x18F00600,1,8,FF,FF,FF,FF,FF,FF,FF,FF
55847,5315,0x18FEF200,1,8,1E,00,00,00,00,00,00,FF
55849,5316,0x1CFDDF00,1,8,FE,FF,FF,FF,FF,FF,FF,FF
55849,5317,0x1CFF6A00,1,8,FC,FF,FF,FF,FF,FF,FF,FF
55856,5318,0xCF00400,1,8,FF,FF,FF,20,51,FF,FF,FF
55856,5319,0xCFF6600,1,8,24,0A,FF,FF,FF,FF,FF,FF
55875,5320,0xCF00400,1,8,FF,FF,FF,F2,50,FF,FF,FF
55876,5321,0xCFF6600,1,8,1E,0A,FF,FF,FF,FF,FF,FF
55895,5322,0xCF00400,1,8,FF,FF,FF,EA,50,FF,FF,FF
55895,5323,0xCFF6600,1,8,1D,0A,FF,FF,FF,FF,FF,FF
55915,5324,0xCF00400,1,8,FF,FF,FF,F4,50,FF,FF,FF
55916,5325,0xCFF6600,1,8,1E,0A,FF,FF,FF,FF,FF,FF
55935,5326,0xCF00400,1,8,FF,FF,FF,F4,50,FF,FF,FF
55935,5327,0xCFF6600,1,8,1E,0A,FF,FF,FF,FF,FF,FF
55945,5328,0x18FEF100,1,8,3F,00,00,FF,FF,FF,FF,FF
55946,5329,0x10FF6500,1,8,FC,FF,FF,FF,FF,FF,FF,FF
55947,5330,0x18F00500,1,8,FF,FF,FF,FF,20,2D,FF,FF
55947,5331,0x18FEF200,1,8,1E,00,00,00,00,00,00,FF
55955,5332,0xCF00400,1,8,FF,FF,FF,2A,51,FF,FF,FF
55955,5333,0xCFF6600,1,8,25,0A,FF,FF,FF,FF,FF,FF
55975,5334,0xCF00400,1,8,FF,FF,FF,84,51,FF,FF,FF
55977,5335,0xCFF6600,1,8,30,0A,FF,FF,FF,FF,FF,FF
55995,5336,0xCF00400,1,8,FF,FF,FF,C8,51,FF,FF,FF
55997,5337,0xCFF6600,1,8,39,0A,FF,FF,FF,FF,FF,FF
56005,5338,0x18FEEE00,1,8,5E,FF,FF,FF,FF,FF,FF,FF
56005,5339,0x18FDE500,1,8,0A,14,1E,28,32,3C,46,13
56015,5340,0xCF00400,1,8,FF,FF,FF,FC,51,FF,FF,FF
56015,5341,0xCFF6600,1,8,3F,0A,FF,FF,FF,FF,FF,FF
56024,5342,0x1CECFF00,1,8,20,0A,00,02,FF,CA,FE,00
56035,5343,0xCF00400,1,8,FF,FF,FF,5A,52,FF,FF,FF
56035,5344,0xCFF6600,1,8,4B,0A,FF,FF,FF,FF,FF,FF
56046,5345,0x18FEF100,1,8,3F,00,00,FF,FF,FF,FF,FF
56046,5346,0x18F00500,1,8,FF,FF,FF,FF,20,2D,FF,FF
56047,5347,0x18FEF200,1,8,1E,00,00,00,00,00,00,FF
56055,5348,0xCF00400,1,8,FF,FF,FF,DA,52,FF,FF,FF
56055,5349,0xCFF6600,1,8,5B,0A,FF,FF,FF,FF,FF,FF
56075,5350,0xCF00400,1,8,FF,FF,FF,EE,52,FF,FF,FF
56075,5351,0xCFF6600,1,8,5D,0A,FF,FF,FF,FF,FF,FF
56076,5352,0x1CEBFF00,1,8,01,40,FF,0F,F0,E5,01,02
56095,5353,0xCF00400,1,8,FF,FF,FF,AA,52,FF,FF,FF
56096,5354,0xCFF6600,1,8,55,0A,FF,FF,FF,FF,FF,FF
56115,5355,0xCF00400,1,8,FF,FF,FF,AA,52,FF,FF,FF
56116,5356,0xCFF6600,1,8,55,0A,FF,FF,FF,FF,FF,FF
56124,5357,0x1CEBFF00,1,8,02,F0,E3,01,FF,FF,FF,FF
56135,5358,0xCF00400,1,8,FF,FF,FF,A4,52,FF,FF,FF
56135,5359,0xCFF6600,1,8,54,0A,FF,FF,FF,FF,FF,FF
56145,5360,0x18FEF100,1,8,3F,00,00,FF,FF,FF,FF,FF
56146,5361,0x10FF6500,1,8,FC,FF,FF,FF,FF,FF,FF,FF
56147,5362,0x18F00500,1,8,FF,FF,FF,FF,20,2D,FF,FF
56148,5363,0x18FEF200,1,8,1E,00,00,00,00,00,00,FF
56155,5364,0xCF00400,1,8,FF,FF,FF,D2,52,FF,FF,FF
56155,5365,0xCFF6600,1,8,5A,0A,FF,FF,FF,FF,FF,FF
56175,5366,0xCF00400,1,8,FF,FF,FF,D4,52,FF,FF,FF
56176,5367,0xCFF6600,1,8,5A,0A,FF,FF,FF,FF,FF,FF
56195,5368,0xCF00400,1,8,FF,FF,FF,BA,52,FF,FF,FF
56195,5369,0xCFF6600,1,8,57,0A,FF,FF,FF,FF,FF,FF
56215,5370,0xCF00400,1,8,FF,FF,FF,E6,52,FF,FF,FF
56215,5371,0xCFF6600,1,8,5C,0A,FF,FF,FF,FF,FF,FF
56235,5372,0xCF00400,1,8,FF,FF,FF,4E,53,FF,FF,FF
56235,5373,0xCFF6600,1,8,69,0A,FF,FF,FF,FF,FF,FF
56246,5374,0x18FEF100,1,8,3F,00,00,FF,FF,FF,FF,FF
56246,5375,0x18F00500,1,8,FF,FF,FF,FF,20,2D,FF,FF
56247,5376,0x18FEF200,1,8,1E,00,00,00,00,00,00,FF
56255,5377,0xCF00400,1,8,FF,FF,FF,78,53,FF,FF,FF
56255,5378,0xCFF6600,1,8,6F,0A,FF,FF,FF,FF,FF,FF
56275,5379,0xCF00400,1,8,FF,FF,FF,78,53,FF,FF,FF
56275,5380,0xCFF6600,1,8,6F,0A,FF,FF,FF,FF,FF,FF
56295,5381,0xCF00400,1,8,FF,FF,FF,70,53,FF,FF,FF
56295,5382,0xCFF6600,1,8,6E,0A,FF,FF,FF,FF,FF,FF
56325,5383,0xCF00400,1,8,FF,FF,FF,84,53,FF,FF,FF
56326,5384,0xCFF6600,1,8,70,0A,FF,FF,FF,FF,FF,FF
56335,5385,0xCF00400,1,8,FF,FF,FF,B0,53,FF,FF,FF
56335,5386,0xCFF6600,1,8,76,0A,FF,FF,FF,FF,FF,FF
56345,5387,0x18FEF100,1,8,3F,00,00,FF,FF,FF,FF,FF
56346,5388,0x18F00500,1,8,FF,FF,FF,FF,20,2D,FF,FF
56347,5389,0x10FF6500,1,8,FC,FF,FF,FF,FF,FF,FF,FF
56348,5390,0x18F00600,1,8,FF,FF,FF,FF,FF,FF,FF,FF
56349,5391,0x18FEF200,1,8,1E,00,00,00,00,00,00,FF
56349,5392,0x1CFDDF00,1,8,FE,FF,FF,FF,FF,FF,FF,FF
56350,5393,0x1CFF6A00,1,8,FC,FF,FF,FF,FF,FF,FF,FF
56355,5394,0xCF00400,1,8,FF,FF,FF,C0,53,FF,FF,FF
56355,5395,0xCFF6600,1,8,78,0A,FF,FF,FF,FF,FF,FF
56375,5396,0xCF00400,1,8,FF,FF,FF,C4,53,FF,FF,FF
56376,5397,0xCFF6600,1,8,78,0A,FF,FF,FF,FF,FF,FF
56395,5398,0xCF00400,1,8,FF,FF,FF,DA,53,FF,FF,FF
56395,5399,0xCFF6600,1,8,7B,0A,FF,FF,FF,FF,FF,FF
56415,5400,0xCF00400,1,8,FF,FF,FF,06,54,FF,FF,FF
56416,5401,0xCFF6600,1,8,80,0A,FF,FF,FF,FF,FF,FF
56435,5402,0xCF00400,1,8,FF,FF,FF,C8,53,FF,FF,FF
56435,5403,0xCFF6600,1,8,79,0A,FF,FF,FF,FF,FF,FF
56446,5404,0x18FEF100,1,8,3F,00,00,FF,FF,FF,FF,FF
56446,5405,0x18F00500,1,8,FF,FF,FF,FF,20,2D,FF,FF
56447,5406,0x18FEF200,1,8,1E,00,00,00,00,00,00,FF
56455,5407,0xCF00400,1,8,FF,FF,FF,2E,53,FF,FF,FF
56456,5408,0xCFF6600,1,8,65,0A,FF,FF,FF,FF,FF,FF
56475,5409,0xCF00400,1,8,FF,FF,FF,2E,53,FF,FF,FF
56475,5410,0xCFF6600,1,8,65,0A,FF,FF,FF,FF,FF,FF
56495,5411,0xCF00400,1,8,FF,FF,FF,22,53,FF,FF,FF
56495,5412,0xCFF6600,1,8,64,0A,FF,FF,FF,FF,FF,FF
56515,5413,0xCF00400,1,8,FF,FF,FF,92,53,FF,FF,FF
56515,5414,0xCFF6600,1,8,72,0A,FF,FF,FF,FF,FF,FF
56535,5415,0xCF00400,1,8,FF,FF,FF,C8,53,FF,FF,FF
56535,5416,0xCFF6600,1,8,79,0A,FF,FF,FF,FF,FF,FF
56546,5417,0x18FEF100,1,8,3F,00,00,FF,FF,FF,FF,FF
56547,5418,0x10FF6500,1,8,FC,FF,FF,FF,FF,FF,FF,FF
56547,5419,0x18F00500,1,8,FF,FF,FF,FF,20,2D,FF,FF
56548,5420,0x18FEF200,1,8,1E,00,00,00,00,00,00,FF
56555,5421,0xCF00400,1,8,FF,FF,FF,D8,53,FF,FF,FF
56562,5422,0xCFF6600,1,8,7B,0A,FF,FF,FF,FF,FF,FF
56575,5423,0xCF00400,1,8,FF,FF,FF,BC,53,FF,FF,FF
56575,5424,0xCFF6600,1,8,77,0A,FF,FF,FF,FF,FF,FF
56595,5425,0xCF00400,1,8,FF,FF,FF,7A,53,FF,FF,FF
56595,5426,0xCFF6600,1,8,6F,0A,FF,FF,FF,FF,FF,FF
56615,5427,0xCF00400,1,8,FF,FF,FF,F0,52,FF,FF,FF
56615,5428,0xCFF6600,1,8,5E,0A,FF,FF,FF,FF,FF,FF
56635,5429,0xCF00400,1,8,FF,FF,FF,1C,52,FF,FF,FF
56636,5430,0xCFF6600,1,8,43,0A,FF,FF,FF,FF,FF,FF
56646,5431,0x18FEF100,1,8,3F,00,00,FF,FF,FF,FF,FF
56646,5432,0x18F00500,1,8,FF,FF,FF,FF,20,2D,FF,FF
56647,5433,0x18FEF200,1,8,1E,00,00,00,00,00,00,FF
56655,5434,0xCF00400,1,8,FF,FF,FF,1C,52,FF,FF,FF
56655,5435,0xCFF6600,1,8,43,0A,FF,FF,FF,FF,FF,FF
56675,5436,0xCF00400,1,8,FF,FF,FF,D4,51,FF,FF,FF
56675,5437,0xCFF6600,1,8,3A,0A,FF,FF,FF,FF,FF,FF
56695,5438,0xCF00400,1,8,FF,FF,FF,06,52,FF,FF,FF
56695,5439,0xCFF6600,1,8,40,0A,FF,FF,FF,FF,FF,FF
56715,5440,0xCF00400,1,8,FF,FF,FF,16,52,FF,FF,FF
56715,5441,0xCFF6600,1,8,42,0A,FF,FF,FF,FF,FF,FF
56735,5442,0xCF00400,1,8,FF,FF,FF,10,52,FF,FF,FF
56735,5443,0xCFF6600,1,8,42,0A,FF,FF,FF,FF,FF,FF
56745,5444,0x18FEF100,1,8,3F,00,00,FF,FF,FF,FF,FF
56746,5445,0x10FF6500,1,8,FC,FF,FF,FF,FF,FF,FF,FF
56747,5446,0x18F00500,1,8,FF,FF,FF,FF,20,2D,FF,FF
56747,5447,0x18FEF200,1,8,1E,00,00,00,00,00,00,FF
56755,5448,0xCF00400,1,8,FF,FF,FF,5E,52,FF,FF,FF
56755,5449,0xCFF6600,1,8,4B,0A,FF,FF,FF,FF,FF,FF
56775,5450,0xCF00400,1,8,FF,FF,FF,E8,52,FF,FF,FF
56775,5451,0xCFF6600,1,8,5D,0A,FF,FF,FF,FF,FF,FF
56795,5452,0xCF00400,1,8,FF,FF,FF,0A,53,FF,FF,FF
56796,5453,0xCFF6600,1,8,61,0A,FF,FF,FF,FF,FF,FF
56815,5454,0xCF00400,1,8,FF,FF,FF,0A,53,FF,FF,FF
56816,5455,0xCFF6600,1,8,61,0A,FF,FF,FF,FF,FF,FF
56835,5456,0xCF00400,1,8,FF,FF,FF,E4,52,FF,FF,FF
56836,5457,0xCFF6600,1,8,5C,0A,FF,FF,FF,FF,FF,FF
56846,5458,0x18F00500,1,8,FF,FF,FF,FF,20,2D,FF,FF
56846,5459,0x18F00600,1,8,FF,FF,FF,FF,FF,FF,FF,FF
56847,5460,0x18FEF100,1,8,3F,00,00,FF,FF,FF,FF,FF
56848,5461,0x18FEF200,1,8,1E,00,00,00,00,00,00,FF
56849,5462,0x1CFDDF00,1,8,FE,FF,FF,FF,FF,FF,FF,FF
56849,5463,0x1CFF6A00,1,8,FC,FF,FF,FF,FF,FF,FF,FF
56855,5464,0xCF00400,1,8,FF,FF,FF,DA,52,FF,FF,FF
56856,5465,0xCFF6600,1,8,5B,0A,FF,FF,FF,FF,FF,FF
56875,5466,0xCF00400,1,8,FF,FF,FF,E6,52,FF,FF,FF
56876,5467,0xCFF6600,1,8,5C,0A,FF,FF,FF,FF,FF,FF
56895,5468,0xCF00400,1,8,FF,FF,FF,AA,52,FF,FF,FF
56896,5469,0xCFF6600,1,8,55,0A,FF,FF,FF,FF,FF,FF
56915,5470,0xCF00400,1,8,FF,FF,FF,2E,52,FF,FF,FF
56916,5471,0xCFF6600,1,8,45,0A,FF,FF,FF,FF,FF,FF
56935,5472,0xCF00400,1,8,FF,FF,FF,36,52,FF,FF,FF
56955,5473,0xCF00400,1,8,FF,FF,FF,A4,52,FF,FF,FF
56956,5474,0xCFF6600,1,8,46,0A,FF,FF,FF,FF,FF,FF
56957,5475,0x10FF6500,1,8,FC,FF,FF,FF,FF,FF,FF,FF
56958,5476,0x18F00500,1,8,FF,FF,FF,FF,20,2D,FF,FF
56959,5477,0x18FEF100,1,8,3F,00,00,FF,FF,FF,FF,FF
56959,5478,0x18FEF200,1,8,1E,00,00,00,00,00,00,FF
56975,5479,0xCF00400,1,8,FF,FF,FF,A4,52,FF,FF,FF
56975,5480,0xCFF6600,1,8,54,0A,FF,FF,FF,FF,FF,FF
56995,5481,0xCF00400,1,8,FF,FF,FF,92,52,FF,FF,FF
56995,5482,0xCFF6600,1,8,52,0A,FF,FF,FF,FF,FF,FF
57004,5483,0x18FEEE00,1,8,5E,FF,FF,FF,FF,FF,FF,FF
57005,5484,0x18FDE500,1,8,0A,14,1E,28,32,3C,46,13
57015,5485,0xCF00400,1,8,FF,FF,FF,1E,52,FF,FF,FF
57016,5486,0xCFF6600,1,8,43,0A,FF,FF,FF,FF,FF,FF
57024,5487,0x1CECFF00,1,8,20,0A,00,02,FF,CA,FE,00
57035,5488,0xCF00400,1,8,FF,FF,FF,60,52,FF,FF,FF
57036,5489,0xCFF6600,1,8,4C,0A,FF,FF,FF,FF,FF,FF
57046,5490,0x18F00500,1,8,FF,FF,FF,FF,20,2D,FF,FF
57047,5491,0x18FEF100,1,8,3F,00,00,FF,FF,FF,FF,FF
57048,5492,0x18FEF200,1,8,1E,00,00,00,00,00,00,FF
57055,5493,0xCF00400,1,8,FF,FF,FF,2E,53,FF,FF,FF
57056,5494,0xCFF6600,1,8,65,0A,FF,FF,FF,FF,FF,FF
57075,5495,0xCF00400,1,8,FF,FF,FF,5A,53,FF,FF,FF
57076,5496,0xCFF6600,1,8,6B,0A,FF,FF,FF,FF,FF,FF
57077,5497,0x1CEBFF00,1,8,01,40,FF,0F,F0,E5,01,02
57095,5498,0xCF00400,1,8,FF,FF,FF,06,53,FF,FF,FF
57095,5499,0xCFF6600,1,8,60,0A,FF,FF,FF,FF,FF,FF
57116,5500,0xCF00400,1,8,FF,FF,FF,0C,53,FF,FF,FF
57117,5501,0xCFF6600,1,8,61,0A,FF,FF,FF,FF,FF,FF
57124,5502,0x1CEBFF00,1,8,02,F0,E3,01,FF,FF,FF,FF
57135,5503,0xCF00400,1,8,FF,FF,FF,58,53,FF,FF,FF
57136,5504,0xCFF6600,1,8,6B,0A,FF,FF,FF,FF,FF,FF
57148,5505,0x10FF6500,1,8,FC,FF,FF,FF,FF,FF,FF,FF
57148,5506,0x18F00500,1,8,FF,FF,FF,FF,20,2D,FF,FF
57149,5507,0x18FEF100,1,8,3F,00,00,FF,FF,FF,FF,FF
57150,5508,0x18FEF200,1,8,1E,00,00,00,00,00,00,FF
57155,5509,0xCF00400,1,8,FF,FF,FF,58,53,FF,FF,FF
57156,5510,0xCFF6600,1,8,6B,0A,FF,FF,FF,FF,FF,FF
57175,5511,0xCF00400,1,8,FF,FF,FF,72,53,FF,FF,FF
57196,5512,0xCF00400,1,8,FF,FF,FF,62,53,FF,FF,FF
57197,5513,0xCFF6600,1,8,6E,0A,FF,FF,FF,FF,FF,FF
57215,5514,0xCF00400,1,8,FF,FF,FF,28,53,FF,FF,FF
57216,5515,0xCFF6600,1,8,65,0A,FF,FF,FF,FF,FF,FF
57235,5516,0xCF00400,1,8,FF,FF,FF,D2,52,FF,FF,FF
57236,5517,0xCFF6600,1,8,5A,0A,FF,FF,FF,FF,FF,FF
57246,5518,0x18FEF100,1,8,3F,00,00,FF,FF,FF,FF,FF
57246,5519,0x18F00500,1,8,FF,FF,FF,FF,20,2D,FF,FF
57247,5520,0x18FEF200,1,8,1E,00,00,00,00,00,00,FF
57255,5521,0xCF00400,1,8,FF,FF,FF,B8,52,FF,FF,FF
57255,5522,0xCFF6600,1,8,57,0A,FF,FF,FF,FF,FF,FF
57275,5523,0xCF00400,1,8,FF,FF,FF,CA,52,FF,FF,FF
57275,5524,0xCFF6600,1,8,59,0A,FF,FF,FF,FF,FF,FF
57295,5525,0xCF00400,1,8,FF,FF,FF,28,53,FF,FF,FF
57295,5526,0xCFF6600,1,8,65,0A,FF,FF,FF,FF,FF,FF
57315,5527,0xCF00400,1,8,FF,FF,FF,C2,53,FF,FF,FF
57317,5528,0xCFF6600,1,8,78,0A,FF,FF,FF,FF,FF,FF
57335,5529,0xCF00400,1,8,FF,FF,FF,C2,53,FF,FF,FF
57335,5530,0xCFF6600,1,8,78,0A,FF,FF,FF,FF,FF,FF
57345,5531,0x18FEF100,1,8,3F,00,00,FF,FF,FF,FF,FF
57346,5532,0x10FF6500,1,8,FC,FF,FF,FF,FF,FF,FF,FF
57347,5533,0x18F00500,1,8,FF,FF,FF,FF,20,2D,FF,FF
57368,5534,0xCF00400,1,8,FF,FF,FF,DA,53,FF,FF,FF
57369,5535,0xCFF6600,1,8,7B,0A,FF,FF,FF,FF,FF,FF
57382,5536,0x18F00600,1,8,FF,FF,FF,FF,FF,FF,FF,FF
57383,5537,0x18FEF200,1,8,1E,00,00,00,00,00,00,FF
57384,5538,0x1CFDDF00,1,8,FE,FF,FF,FF,FF,FF,FF,FF
57385,5539,0x18EEFF00,1,8,08,CF,60,06,00,00,00,00
57385,5540,0x1CFF6A00,1,8,FC,FF,FF,FF,FF,FF,FF,FF
57386,5541,0x1CFF6A00,1,8,FC,FF,FF,FF,FF,FF,FF,FF
57395,5542,0xCF00400,1,8,FF,FF,FF,54,53,FF,FF,FF
57395,5543,0xCFF6600,1,8,6A,0A,FF,FF,FF,FF,FF,FF
57415,5544,0xCF00400,1,8,FF,FF,FF,04,53,FF,FF,FF
57415,5545,0xCFF6600,1,8,60,0A,FF,FF,FF,FF,FF,FF
57435,5546,0xCF00400,1,8,FF,FF,FF,C8,52,FF,FF,FF
57435,5547,0xCFF6600,1,8,59,0A,FF,FF,FF,FF,FF,FF
57446,5548,0x18FEF100,1,8,3F,00,00,FF,FF,FF,FF,FF
57446,5549,0x18F00500,1,8,FF,FF,FF,FF,20,2D,FF,FF
57447,5550,0x18FEF200,1,8,1E,00,00,00,00,00,00,FF
57455,5551,0xCF00400,1,8,FF,FF,FF,9E,52,FF,FF,FF
57456,5552,0xCFF6600,1,8,53,0A,FF,FF,FF,FF,FF,FF
57475,5553,0xCF00400,1,8,FF,FF,FF,3C,52,FF,FF,FF
57475,5554,0xCFF6600,1,8,47,0A,FF,FF,FF,FF,FF,FF
57495,5555,0xCF00400,1,8,FF,FF,FF,3C,52,FF,FF,FF
57495,5556,0xCFF6600,1,8,47,0A,FF,FF,FF,FF,FF,FF
57515,5557,0xCF00400,1,8,FF,FF,FF,A2,51,FF,FF,FF
57515,5558,0xCFF6600,1,8,34,0A,FF,FF,FF,FF,FF,FF
57535,5559,0xCF00400,1,8,FF,FF,FF,A6,51,FF,FF,FF
57535,5560,0xCFF6600,1,8,34,0A,FF,FF,FF,FF,FF,FF
57546,5561,0x18FEF100,1,8,3F,00,00,FF,FF,FF,FF,FF
57546,5562,0x10FF6500,1,8,FC,FF,FF,FF,FF,FF,FF,FF
57547,5563,0x18F00500,1,8,FF,FF,FF,FF,20,2D,FF,FF
57548,5564,0x18FEF200,1,8,1E,00,00,00,00,00,00,FF
57555,5565,0xCF00400,1,8,FF,FF,FF,28,52,FF,FF,FF
57556,5566,0xCFF6600,1,8,45,0A,FF,FF,FF,FF,FF,FF
57575,5567,0xCF00400,1,8,FF,FF,FF,2C,52,FF,FF,FF
57575,5568,0xCFF6600,1,8,45,0A,FF,FF,FF,FF,FF,FF
57595,5569,0xCF00400,1,8,FF,FF,FF,CE,51,FF,FF,FF
57595,5570,0xCFF6600,1,8,39,0A,FF,FF,FF,FF,FF,FF
57616,5571,0xCF00400,1,8,FF,FF,FF,F6,51,FF,FF,FF
57616,5572,0xCFF6600,1,8,3E,0A,FF,FF,FF,FF,FF,FF
57635,5573,0xCF00400,1,8,FF,FF,FF,88,52,FF,FF,FF
57636,5574,0xCFF6600,1,8,51,0A,FF,FF,FF,FF,FF,FF
57646,5575,0x18FEF100,1,8,3F,00,00,FF,FF,FF,FF,FF
57647,5576,0x18F00500,1,8,FF,FF,FF,FF,20,2D,FF,FF
57647,5577,0x18FEF200,1,8,1E,00,00,00,00,00,00,FF
57655,5578,0xCF00400,1,8,FF,FF,FF,88,52,FF,FF,FF
57656,5579,0xCFF6600,1,8,51,0A,FF,FF,FF,FF,FF,FF
57676,5580,0xCF00400,1,8,FF,FF,FF,B0,52,FF,FF,FF
57676,5581,0xCFF6600,1,8,56,0A,FF,FF,FF,FF,FF,FF
57695,5582,0xCF00400,1,8,FF,FF,FF,86,52,FF,FF,FF
57695,5583,0xCFF6600,1,8,50,0A,FF,FF,FF,FF,FF,FF
57715,5584,0xCF00400,1,8,FF,FF,FF,A2,52,FF,FF,FF
57715,5585,0xCFF6600,1,8,54,0A,FF,FF,FF,FF,FF,FF
57735,5586,0xCF00400,1,8,FF,FF,FF,F6,52,FF,FF,FF
57736,5587,0xCFF6600,1,8,5E,0A,FF,FF,FF,FF,FF,FF
57747,5588,0x10FF6500,1,8,FC,FF,FF,FF,FF,FF,FF,FF
57748,5589,0x18F00500,1,8,FF,FF,FF,FF,20,2D,FF,FF
57748,5590,0x18FEF100,1,8,3F,00,00,FF,FF,FF,FF,FF
57749,5591,0x18FEF200,1,8,1E,00,00,00,00,00,00,FF
57755,5592,0xCF00400,1,8,FF,FF,FF,F4,52,FF,FF,FF
57755,5593,0xCFF6600,1,8,5E,0A,FF,FF,FF,FF,FF,FF
57775,5594,0xCF00400,1,8,FF,FF,FF,A6,52,FF,FF,FF
57775,5595,0xCFF6600,1,8,54,0A,FF,FF,FF,FF,FF,FF
57795,5596,0xCF00400,1,8,FF,FF,FF,90,52,FF,FF,FF
57795,5597,0xCFF6600,1,8,52,0A,FF,FF,FF,FF,FF,FF
57817,5598,0xCF00400,1,8,FF,FF,FF,A6,52,FF,FF,FF
57818,5599,0xCFF6600,1,8,54,0A,FF,FF,FF,FF,FF,FF
57835,5600,0xCF00400,1,8,FF,FF,FF,A6,52,FF,FF,FF
57836,5601,0xCFF6600,1,8,54,0A,FF,FF,FF,FF,FF,FF
57847,5602,0x18F00500,1,8,FF,FF,FF,FF,20,2D,FF,FF
57869,5603,0xCF00400,1,8,FF,FF,FF,BC,52,FF,FF,FF
57869,5604,0xCFF6600,1,8,57,0A,FF,FF,FF,FF,FF,FF
57871,5605,0x18F00600,1,8,FF,FF,FF,FF,FF,FF,FF,FF
57872,5606,0x18FEF100,1,8,3F,00,00,FF,FF,FF,FF,FF
57873,5607,0x18FEF200,1,8,1E,00,00,00,00,00,00,FF
57873,5608,0x1CFDDF00,1,8,FE,FF,FF,FF,FF,FF,FF,FF
57874,5609,0x1CFF6A00,1,8,FC,FF,FF,FF,FF,FF,FF,FF
57875,5610,0xCF00400,1,8,FF,FF,FF,D4,52,FF,FF,FF
57876,5611,0xCFF6600,1,8,5A,0A,FF,FF,FF,FF,FF,FF
57895,5612,0xCF00400,1,8,FF,FF,FF,06,53,FF,FF,FF
57896,5613,0xCFF6600,1,8,60,0A,FF,FF,FF,FF,FF,FF
57915,5614,0xCF00400,1,8,FF,FF,FF,50,53,FF,FF,FF
57916,5615,0xCFF6600,1,8,6A,0A,FF,FF,FF,FF,FF,FF
57935,5616,0xCF00400,1,8,FF,FF,FF,9A,53,FF,FF,FF
57936,5617,0xCFF6600,1,8,73,0A,FF,FF,FF,FF,FF,FF
57946,5618,0x18F00500,1,8,FF,FF,FF,FF,20,2D,FF,FF
57947,5619,0x10FF6500,1,8,FC,FF,FF,FF,FF,FF,FF,FF
57948,5620,0x18FEF100,1,8,3F,00,00,FF,FF,FF,FF,FF
57948,5621,0x18FEF200,1,8,1E,00,00,00,00,00,00,FF
57955,5622,0xCF00400,1,8,FF,FF,FF,E0,53,FF,FF,FF
57976,5623,0xCF00400,1,8,FF,FF,FF,30,54,FF,FF,FF
57993,5624,0xCFF6600,1,8,7C,0A,FF,FF,FF,FF,FF,FF
57994,5625,0x18EEFF00,1,8,08,CF,60,06,00,00,00,00
57995,5626,0xCF00400,1,8,FF,FF,FF,8C,54,FF,FF,FF
57995,5627,0xCFF6600,1,8,91,0A,FF,FF,FF,FF,FF,FF
58005,5628,0x18FEEE00,1,8,5E,FF,FF,FF,FF,FF,FF,FF
58005,5629,0x18FDE500,1,8,0A,14,1E,28,32,3C,46,13
58015,5630,0xCF00400,1,8,FF,FF,FF,8C,54,FF,FF,FF
58015,5631,0xCFF6600,1,8,91,0A,FF,FF,FF,FF,FF,FF
58024,5632,0x1CECFF00,1,8,20,0A,00,02,FF,CA,FE,00
58035,5633,0xCF00400,1,8,FF,FF,FF,10,55,FF,FF,FF
58035,5634,0xCFF6600,1,8,A2,0A,FF,FF,FF,FF,FF,FF
58046,5635,0x18FEF100,1,8,3F,00,00,FF,FF,FF,FF,FF
58046,5636,0x18F00500,1,8,FF,FF,FF,FF,20,2D,FF,FF
58047,5637,0x18FEF200,1,8,1E,00,00,00,00,00,00,FF
58055,5638,0xCF00400,1,8,FF,FF,FF,AC,55,FF,FF,FF
58055,5639,0xCFF6600,1,8,B5,0A,FF,FF,FF,FF,FF,FF
58075,5640,0xCF00400,1,8,FF,FF,FF,C8,55,FF,FF,FF
58075,5641,0xCFF6600,1,8,B9,0A,FF,FF,FF,FF,FF,FF
58076,5642,0x1CEBFF00,1,8,01,40,FF,0F,F0,E5,01,02
58095,5643,0xCF00400,1,8,FF,FF,FF,84,55,FF,FF,FF
58096,5644,0xCFF6600,1,8,B0,0A,FF,FF,FF,FF,FF,FF
58115,5645,0xCF00400,1,8,FF,FF,FF,20,55,FF,FF,FF
58116,5646,0xCFF6600,1,8,A4,0A,FF,FF,FF,FF,FF,FF
58124,5647,0x1CEBFF00,1,8,02,F0,E3,01,FF,FF,FF,FF
58135,5648,0xCF00400,1,8,FF,FF,FF,9E,54,FF,FF,FF
58136,5649,0xCFF6600,1,8,93,0A,FF,FF,FF,FF,FF,FF
58146,5650,0x10FF6500,1,8,FC,FF,FF,FF,FF,FF,FF,FF
58146,5651,0x18F00500,1,8,FF,FF,FF,FF,20,2D,FF,FF
58147,5652,0x18FEF100,1,8,3F,00,00,FF,FF,FF,FF,FF
58148,5653,0x18FEF200,1,8,1E,00,00,00,00,00,00,FF
58157,5654,0xCF00400,1,8,FF,FF,FF,60,54,FF,FF,FF
58157,5655,0xCFF6600,1,8,8C,0A,FF,FF,FF,FF,FF,FF
58176,5656,0xCF00400,1,8,FF,FF,FF,52,54,FF,FF,FF
58177,5657,0xCFF6600,1,8,8A,0A,FF,FF,FF,FF,FF,FF
58195,5658,0xCF00400,1,8,FF,FF,FF,30,54,FF,FF,FF
58196,5659,0xCFF6600,1,8,86,0A,FF,FF,FF,FF,FF,FF
58215,5660,0xCF00400,1,8,FF,FF,FF,10,54,FF,FF,FF
58216,5661,0xCFF6600,1,8,82,0A,FF,FF,FF,FF,FF,FF
58235,5662,0xCF00400,1,8,FF,FF,FF,10,54,FF,FF,FF
58236,5663,0xCFF6600,1,8,82,0A,FF,FF,FF,FF,FF,FF
58247,5664,0x18F00500,1,8,FF,FF,FF,FF,20,2D,FF,FF
58248,5665,0x18FEF100,1,8,3F,00,00,FF,FF,FF,FF,FF
58249,5666,0x18FEF200,1,8,1E,00,00,00,00,00,00,FF
58255,5667,0xCF00400,1,8,FF,FF,FF,06,54,FF,FF,FF
58256,5668,0xCFF6600,1,8,80,0A,FF,FF,FF,FF,FF,FF
58275,5669,0xCF00400,1,8,FF,FF,FF,0A,54,FF,FF,FF
58276,5670,0xCFF6600,1,8,81,0A,FF,FF,FF,FF,FF,FF
58296,5671,0xCF00400,1,8,FF,FF,FF,4E,54,FF,FF,FF
58296,5672,0xCFF6600,1,8,89,0A,FF,FF,FF,FF,FF,FF
58315,5673,0xCF00400,1,8,FF,FF,FF,C8,54,FF,FF,FF
58336,5674,0xCF00400,1,8,FF,FF,FF,12,55,FF,FF,FF
58336,5675,0xCFF6600,1,8,99,0A,FF,FF,FF,FF,FF,FF
58346,5676,0x10FF6500,1,8,FC,FF,FF,FF,FF,FF,FF,FF
58347,5677,0x18F00500,1,8,FF,FF,FF,FF,20,2D,FF,FF
58347,5678,0x18F00600,1,8,FF,FF,FF,FF,FF,FF,FF,FF
58348,5679,0x18FEF100,1,8,3F,00,00,FF,FF,FF,FF,FF
58349,5680,0x18FEF200,1,8,1E,00,00,00,00,00,00,FF
58349,5681,0x1CFDDF00,1,8,FE,FF,FF,FF,FF,FF,FF,FF
58350,5682,0x1CFF6A00,1,8,FC,FF,FF,FF,FF,FF,FF,FF
58355,5683,0xCF00400,1,8,FF,FF,FF,36,55,FF,FF,FF
58355,5684,0xCFF6600,1,8,A6,0A,FF,FF,FF,FF,FF,FF
58375,5685,0xCF00400,1,8,FF,FF,FF,40,55,FF,FF,FF
58375,5686,0xCFF6600,1,8,A8,0A,FF,FF,FF,FF,FF,FF
58396,5687,0xCF00400,1,8,FF,FF,FF,34,55,FF,FF,FF
58396,5688,0xCFF6600,1,8,A6,0A,FF,FF,FF,FF,FF,FF
58415,5689,0xCF00400,1,8,FF,FF,FF,1E,55,FF,FF,FF
58415,5690,0xCFF6600,1,8,A3,0A,FF,FF,FF,FF,FF,FF
58435,5691,0xCF00400,1,8,FF,FF,FF,1E,55,FF,FF,FF
58435,5692,0xCFF6600,1,8,A3,0A,FF,FF,FF,FF,FF,FF
58446,5693,0x18FEF100,1,8,3F,00,00,FF,FF,FF,FF,FF
58446,5694,0x18F00500,1,8,FF,FF,FF,FF,20,2D,FF,FF
58447,5695,0x18FEF200,1,8,1E,00,00,00,00,00,00,FF
58455,5696,0xCF00400,1,8,FF,FF,FF,FC,54,FF,FF,FF
58475,5697,0xCF00400,1,8,FF,FF,FF,18,55,FF,FF,FF
58476,5698,0xCFF6600,1,8,9F,0A,FF,FF,FF,FF,FF,FF
58495,5699,0xCF00400,1,8,FF,FF,FF,60,55,FF,FF,FF
58495,5700,0xCFF6600,1,8,AC,0A,FF,FF,FF,FF,FF,FF
58531,5701,0xCF00400,1,8,FF,FF,FF,70,55,FF,FF,FF
58531,5702,0xCFF6600,1,8,AE,0A,FF,FF,FF,FF,FF,FF
58534,5703,0x18EEFF00,1,8,08,CF,60,06,00,00,00,00
58535,5704,0xCF00400,1,8,FF,FF,FF,58,55,FF,FF,FF
58536,5705,0xCFF6600,1,8,AB,0A,FF,FF,FF,FF,FF,FF
58546,5706,0x18FEF100,1,8,3F,00,00,FF,FF,FF,FF,FF
58547,5707,0x10FF6500,1,8,FC,FF,FF,FF,FF,FF,FF,FF
58547,5708,0x18F00500,1,8,FF,FF,FF,FF,20,2D,FF,FF
58548,5709,0x18FEF200,1,8,1E,00,00,00,00,00,00,FF
58555,5710,0xCF00400,1,8,FF,FF,FF,8C,55,FF,FF,FF
58555,5711,0xCFF6600,1,8,B1,0A,FF,FF,FF,FF,FF,FF
58575,5712,0xCF00400,1,8,FF,FF,FF,F2,55,FF,FF,FF
58575,5713,0xCFF6600,1,8,BE,0A,FF,FF,FF,FF,FF,FF
58595,5714,0xCF00400,1,8,FF,FF,FF,DE,55,FF,FF,FF
58595,5715,0xCFF6600,1,8,BB,0A,FF,FF,FF,FF,FF,FF
58615,5716,0xCF00400,1,8,FF,FF,FF,6E,55,FF,FF,FF
58615,5717,0xCFF6600,1,8,AD,0A,FF,FF,FF,FF,FF,FF
58635,5718,0xCF00400,1,8,FF,FF,FF,2E,55,FF,FF,FF
58635,5719,0xCFF6600,1,8,A5,0A,FF,FF,FF,FF,FF,FF
58646,5720,0x18FEF100,1,8,3F,00,00,FF,FF,FF,FF,FF
58646,5721,0x18F00500,1,8,FF,FF,FF,FF,20,2D,FF,FF
58647,5722,0x18FEF200,1,8,1E,00,00,00,00,00,00,FF
58656,5723,0xCF00400,1,8,FF,FF,FF,12,55,FF,FF,FF
58656,5724,0xCFF6600,1,8,A2,0A,FF,FF,FF,FF,FF,FF
58675,5725,0xCF00400,1,8,FF,FF,FF,12,55,FF,FF,FF
58676,5726,0xCFF6600,1,8,A2,0A,FF,FF,FF,FF,FF,FF
58695,5727,0xCF00400,1,8,FF,FF,FF,1C,55,FF,FF,FF
58696,5728,0xCFF6600,1,8,A3,0A,FF,FF,FF,FF,FF,FF
58715,5729,0xCF00400,1,8,FF,FF,FF,3E,55,FF,FF,FF
58716,5730,0xCFF6600,1,8,A7,0A,FF,FF,FF,FF,FF,FF
58736,5731,0xCF00400,1,8,FF,FF,FF,66,55,FF,FF,FF
58736,5732,0xCFF6600,1,8,AC,0A,FF,FF,FF,FF,FF,FF
58746,5733,0x10FF6500,1,8,FC,FF,FF,FF,FF,FF,FF,FF
58747,5734,0x18F00500,1,8,FF,FF,FF,FF,20,2D,FF,FF
58747,5735,0x18FEF100,1,8,3F,00,00,FF,FF,FF,FF,FF
58748,5736,0x18FEF200,1,8,1E,00,00,00,00,00,00,FF
58755,5737,0xCF00400,1,8,FF,FF,FF,8E,55,FF,FF,FF
58756,5738,0xCFF6600,1,8,B1,0A,FF,FF,FF,FF,FF,FF
58775,5739,0xCF00400,1,8,FF,FF,FF,B8,55,FF,FF,FF
58776,5740,0xCFF6600,1,8,B7,0A,FF,FF,FF,FF,FF,FF
58795,5741,0xCF00400,1,8,FF,FF,FF,E4,55,FF,FF,FF
58796,5742,0xCFF6600,1,8,BC,0A,FF,FF,FF,FF,FF,FF
58816,5743,0xCF00400,1,8,FF,FF,FF,D8,55,FF,FF,FF
58817,5744,0xCFF6600,1,8,BB,0A,FF,FF,FF,FF,FF,FF
58835,5745,0xCF00400,1,8,FF,FF,FF,A0,55,FF,FF,FF
58835,5746,0xCFF6600,1,8,B4,0A,FF,FF,FF,FF,FF,FF
58846,5747,0x18FEF100,1,8,3F,00,00,FF,FF,FF,FF,FF
58846,5748,0x18F00500,1,8,FF,FF,FF,FF,20,2D,FF,FF
58848,5749,0x18F00600,1,8,FF,FF,FF,FF,FF,FF,FF,FF
58869,5750,0xCF00400,1,8,FF,FF,FF,70,55,FF,FF,FF
58870,5751,0xCFF6600,1,8,AE,0A,FF,FF,FF,FF,FF,FF
58870,5752,0x18FEF200,1,8,1E,00,00,00,00,00,00,FF
58871,5753,0x1CFDDF00,1,8,FE,FF,FF,FF,FF,FF,FF,FF
58872,5754,0x1CFF6A00,1,8,FC,FF,FF,FF,FF,FF,FF,FF
58875,5755,0xCF00400,1,8,FF,FF,FF,4A,55,FF,FF,FF
58876,5756,0xCFF6600,1,8,A9,0A,FF,FF,FF,FF,FF,FF
58895,5757,0xCF00400,1,8,FF,FF,FF,4A,55,FF,FF,FF
58896,5758,0xCFF6600,1,8,A9,0A,FF,FF,FF,FF,FF,FF
58916,5759,0xCF00400,1,8,FF,FF,FF,3A,55,FF,FF,FF
58917,5760,0xCFF6600,1,8,A7,0A,FF,FF,FF,FF,FF,FF
58935,5761,0xCF00400,1,8,FF,FF,FF,40,55,FF,FF,FF
58936,5762,0xCFF6600,1,8,A8,0A,FF,FF,FF,FF,FF,FF
58946,5763,0x10FF6500,1,8,FC,FF,FF,FF,FF,FF,FF,FF
58947,5764,0x18F00500,1,8,FF,FF,FF,FF,20,2D,FF,FF
58947,5765,0x18FEF100,1,8,3F,00,00,FF,FF,FF,FF,FF
58948,5766,0x18FEF200,1,8,1E,00,00,00,00,00,00,FF
58955,5767,0xCF00400,1,8,FF,FF,FF,2A,55,FF,FF,FF
58956,5768,0xCFF6600,1,8,A5,0A,FF,FF,FF,FF,FF,FF
58975,5769,0xCF00400,1,8,FF,FF,FF,00,55,FF,FF,FF
58976,5770,0xCFF6600,1,8,A0,0A,FF,FF,FF,FF,FF,FF
58995,5771,0xCF00400,1,8,FF,FF,FF,E2,54,FF,FF,FF
59015,5772,0xCF00400,1,8,FF,FF,FF,CE,54,FF,FF,FF
59016,5773,0xCFF6600,1,8,9C,0A,FF,FF,FF,FF,FF,FF
59016,5774,0x18FDE500,1,8,0A,14,1E,28,32,3C,46,13
59017,5775,0x18FEEE00,1,8,5E,FF,FF,FF,FF,FF,FF,FF
59025,5776,0x1CECFF00,1,8,20,0A,00,02,FF,CA,FE,00
59035,5777,0xCF00400,1,8,FF,FF,FF,DE,54,FF,FF,FF
59038,5778,0xCFF6600,1,8,9B,0A,FF,FF,FF,FF,FF,FF
59046,5779,0x18F00500,1,8,FF,FF,FF,FF,20,2D,FF,FF
59046,5780,0x18FEF100,1,8,3F,00,00,FF,FF,FF,FF,FF
59047,5781,0x18FEF200,1,8,1E,00,00,00,00,00,00,FF
59055,5782,0xCF00400,1,8,FF,FF,FF,08,55,FF,FF,FF
59055,5783,0xCFF6600,1,8,A1,0A,FF,FF,FF,FF,FF,FF
59075,5784,0xCF00400,1,8,FF,FF,FF,6C,55,FF,FF,FF
59076,5785,0xCFF6600,1,8,AD,0A,FF,FF,FF,FF,FF,FF
59077,5786,0x1CEBFF00,1,8,01,40,FF,0F,F0,E5,01,02
59096,5787,0xCF00400,1,8,FF,FF,FF,FA,55,FF,FF,FF
59096,5788,0xCFF6600,1,8,BF,0A,FF,FF,FF,FF,FF,FF
59115,5789,0xCF00400,1,8,FF,FF,FF,FA,55,FF,FF,FF
59116,5790,0xCFF6600,1,8,BF,0A,FF,FF,FF,FF,FF,FF
59125,5791,0x1CEBFF00,1,8,02,F0,E3,01,FF,FF,FF,FF
59135,5792,0xCF00400,1,8,FF,FF,FF,5C,56,FF,FF,FF
59135,5793,0xCFF6600,1,8,CB,0A,FF,FF,FF,FF,FF,FF
59145,5794,0x18F00500,1,8,FF,FF,FF,FF,20,2D,FF,FF
59146,5795,0x10FF6500,1,8,FC,FF,FF,FF,FF,FF,FF,FF
59147,5796,0x18FEF100,1,8,3F,00,00,FF,FF,FF,FF,FF
59147,5797,0x18FEF200,1,8,1E,00,00,00,00,00,00,FF
59155,5798,0xCF00400,1,8,FF,FF,FF,A0,56,FF,FF,FF
59185,5799,0xCFF6600,1,8,D4,0A,FF,FF,FF,FF,FF,FF
59185,5800,0x18EEFF00,1,8,08,CF,60,06,00,00,00,00
59195,5801,0xCF00400,1,8,FF,FF,FF,14,56,FF,FF,FF
59195,5802,0xCFF6600,1,8,C2,0A,FF,FF,FF,FF,FF,FF
59215,5803,0xCF00400,1,8,FF,FF,FF,12,56,FF,FF,FF
59216,5804,0xCFF6600,1,8,C2,0A,FF,FF,FF,FF,FF,FF
59235,5805,0xCF00400,1,8,FF,FF,FF,62,56,FF,FF,FF
59235,5806,0xCFF6600,1,8,CC,0A,FF,FF,FF,FF,FF,FF
59246,5807,0x18FEF100,1,8,3F,00,00,FF,FF,FF,FF,FF
59247,5808,0x18F00500,1,8,FF,FF,FF,FF,20,2D,FF,FF
59248,5809,0x18FEF200,1,8,1E,00,00,00,00,00,00,FF
59255,5810,0xCF00400,1,8,FF,FF,FF,7C,56,FF,FF,FF
59256,5811,0xCFF6600,1,8,CF,0A,FF,FF,FF,FF,FF,FF
59276,5812,0xCF00400,1,8,FF,FF,FF,64,56,FF,FF,FF
59277,5813,0xCFF6600,1,8,CC,0A,FF,FF,FF,FF,FF,FF
59295,5814,0xCF00400,1,8,FF,FF,FF,62,56,FF,FF,FF
59295,5815,0xCFF6600,1,8,CC,0A,FF,FF,FF,FF,FF,FF
59315,5816,0xCF00400,1,8,FF,FF,FF,7A,56,FF,FF,FF
59315,5817,0xCFF6600,1,8,CF,0A,FF,FF,FF,FF,FF,FF
59335,5818,0xCF00400,1,8,FF,FF,FF,64,56,FF,FF,FF
59336,5819,0xCFF6600,1,8,CC,0A,FF,FF,FF,FF,FF,FF
59346,5820,0x10FF6500,1,8,FC,FF,FF,FF,FF,FF,FF,FF
59347,5821,0x18F00500,1,8,FF,FF,FF,FF,20,2D,FF,FF
59368,5822,0xCF00400,1,8,FF,FF,FF,28,56,FF,FF,FF
59369,5823,0xCFF6600,1,8,C5,0A,FF,FF,FF,FF,FF,FF
59369,5824,0x18F00600,1,8,FF,FF,FF,FF,FF,FF,FF,FF
59370,5825,0x18F00600,1,8,FF,FF,FF,FF,FF,FF,FF,FF
59371,5826,0x18FEF100,1,8,3F,00,00,FF,FF,FF,FF,FF
59372,5827,0x18FEF200,1,8,1E,00,00,00,00,00,00,FF
59372,5828,0x1CFDDF00,1,8,FE,FF,FF,FF,FF,FF,FF,FF
59373,5829,0x1CFF6A00,1,8,FC,FF,FF,FF,FF,FF,FF,FF
59375,5830,0xCF00400,1,8,FF,FF,FF,28,56,FF,FF,FF
59375,5831,0xCFF6600,1,8,C5,0A,FF,FF,FF,FF,FF,FF
59395,5832,0xCF00400,1,8,FF,FF,FF,58,56,FF,FF,FF
59395,5833,0xCFF6600,1,8,CB,0A,FF,FF,FF,FF,FF,FF
59415,5834,0xCF00400,1,8,FF,FF,FF,D6,56,FF,FF,FF
59415,5835,0xCFF6600,1,8,DA,0A,FF,FF,FF,FF,FF,FF
59435,5836,0xCF00400,1,8,FF,FF,FF,F4,56,FF,FF,FF
59435,5837,0xCFF6600,1,8,DE,0A,FF,FF,FF,FF,FF,FF
59446,5838,0x18F00500,1,8,FF,FF,FF,FF,20,2D,FF,FF
59447,5839,0x18FEF100,1,8,3F,00,00,FF,FF,FF,FF,FF
59448,5840,0x18FEF200,1,8,1E,00,00,00,00,00,00,FF
59455,5841,0xCF00400,1,8,FF,FF,FF,CE,56,FF,FF,FF
59455,5842,0xCFF6600,1,8,D9,0A,FF,FF,FF,FF,FF,FF
59475,5843,0xCF00400,1,8,FF,FF,FF,8C,56,FF,FF,FF
59475,5844,0xCFF6600,1,8,D1,0A,FF,FF,FF,FF,FF,FF
59495,5845,0xCF00400,1,8,FF,FF,FF,38,56,FF,FF,FF
59495,5846,0xCFF6600,1,8,C7,0A,FF,FF,FF,FF,FF,FF
59516,5847,0xCF00400,1,8,FF,FF,FF,F4,55,FF,FF,FF
59516,5848,0xCFF6600,1,8,BE,0A,FF,FF,FF,FF,FF,FF
59536,5849,0xCF00400,1,8,FF,FF,FF,BA,55,FF,FF,FF
59553,5850,0xCFF6600,1,8,B7,0A,FF,FF,FF,FF,FF,FF
59554,5851,0x18EEFF00,1,8,08,CF,60,06,00,00,00,00
59555,5852,0xCF00400,1,8,FF,FF,FF,98,55,FF,FF,FF
59555,5853,0xCFF6600,1,8,B3,0A,FF,FF,FF,FF,FF,FF
59575,5854,0xCF00400,1,8,FF,FF,FF,84,55,FF,FF,FF
59576,5855,0xCFF6600,1,8,B0,0A,FF,FF,FF,FF,FF,FF
59595,5856,0xCF00400,1,8,FF,FF,FF,B8,55,FF,FF,FF
59596,5857,0xCFF6600,1,8,B7,0A,FF,FF,FF,FF,FF,FF
59615,5858,0xCF00400,1,8,FF,FF,FF,B8,55,FF,FF,FF
59615,5859,0xCFF6600,1,8,B7,0A,FF,FF,FF,FF,FF,FF
59635,5860,0xCF00400,1,8,FF,FF,FF,24,56,FF,FF,FF
59635,5861,0xCFF6600,1,8,C4,0A,FF,FF,FF,FF,FF,FF
59646,5862,0x18FEF100,1,8,3F,00,00,FF,FF,FF,FF,FF
59646,5863,0x10FF6500,1,8,FC,FF,FF,FF,FF,FF,FF,FF
59647,5864,0x18F00500,1,8,FF,FF,FF,FF,20,2D,FF,FF
59648,5865,0x18FEF200,1,8,1E,00,00,00,00,00,00,FF
59656,5866,0xCF00400,1,8,FF,FF,FF,76,56,FF,FF,FF
59656,5867,0xCFF6600,1,8,CE,0A,FF,FF,FF,FF,FF,FF
59680,5868,0xCF00400,1,8,FF,FF,FF,B2,56,FF,FF,FF
59680,5869,0xCFF6600,1,8,D6,0A,FF,FF,FF,FF,FF,FF
59695,5870,0xCF00400,1,8,FF,FF,FF,C0,56,FF,FF,FF
59696,5871,0xCFF6600,1,8,D8,0A,FF,FF,FF,FF,FF,FF
59715,5872,0xCF00400,1,8,FF,FF,FF,AE,56,FF,FF,FF
59716,5873,0xCFF6600,1,8,D5,0A,FF,FF,FF,FF,FF,FF
59735,5874,0xCF00400,1,8,FF,FF,FF,76,56,FF,FF,FF
59737,5875,0xCFF6600,1,8,CE,0A,FF,FF,FF,FF,FF,FF
59748,5876,0x18F00500,1,8,FF,FF,FF,FF,20,2D,FF,FF
59749,5877,0x18FEF100,1,8,3F,00,00,FF,FF,FF,FF,FF
59749,5878,0x18FEF200,1,8,1E,00,00,00,00,00,00,FF
59755,5879,0xCF00400,1,8,FF,FF,FF,24,56,FF,FF,FF
59756,5880,0xCFF6600,1,8,C4,0A,FF,FF,FF,FF,FF,FF
59775,5881,0xCF00400,1,8,FF,FF,FF,02,56,FF,FF,FF
59775,5882,0xCFF6600,1,8,C0,0A,FF,FF,FF,FF,FF,FF
59795,5883,0xCF00400,1,8,FF,FF,FF,04,56,FF,FF,FF
59795,5884,0xCFF6600,1,8,C0,0A,FF,FF,FF,FF,FF,FF
59815,5885,0xCF00400,1,8,FF,FF,FF,FE,55,FF,FF,FF
59815,5886,0xCFF6600,1,8,BF,0A,FF,FF,FF,FF,FF,FF
59855,5887,0xCF00400,1,8,FF,FF,FF,EC,55,FF,FF,FF
59855,5888,0xCFF6600,1,8,BD,0A,FF,FF,FF,FF,FF,FF
59856,5889,0x18EEFF00,1,8,08,CF,60,06,00,00,00,00
59875,5890,0xCF00400,1,8,FF,FF,FF,C2,55,FF,FF,FF
59876,5891,0xCFF6600,1,8,B8,0A,FF,FF,FF,FF,FF,FF
59895,5892,0xCF00400,1,8,FF,FF,FF,82,55,FF,FF,FF
59895,5893,0xCFF6600,1,8,B0,0A,FF,FF,FF,FF,FF,FF
59915,5894,0xCF00400,1,8,FF,FF,FF,74,55,FF,FF,FF
59915,5895,0xCFF6600,1,8,AE,0A,FF,FF,FF,FF,FF,FF
59935,5896,0xCF00400,1,8,FF,FF,FF,98,55,FF,FF,FF
59935,5897,0xCFF6600,1,8,B3,0A,FF,FF,FF,FF,FF,FF
59945,5898,0x18FEF100,1,8,3F,00,00,FF,FF,FF,FF,FF
59946,5899,0x10FF6500,1,8,FC,FF,FF,FF,FF,FF,FF,FF
59947,5900,0x18F00500,1,8,FF,FF,FF,FF,20,2D,FF,FF
59947,5901,0x18FEF200,1,8,1E,00,00,00,00,00,00,FF
59958,5902,0xCF00400,1,8,FF,FF,FF,96,55,FF,FF,FF
59958,5903,0xCFF6600,1,8,B2,0A,FF,FF,FF,FF,FF,FF
59975,5904,0xCF00400,1,8,FF,FF,FF,70,55,FF,FF,FF
59975,5905,0xCFF6600,1,8,AE,0A,FF,FF,FF,FF,FF,FF
59995,5906,0xCF00400,1,8,FF,FF,FF,54,55,FF,FF,FF
59995,5907,0xCFF6600,1,8,AA,0A,FF,FF,FF,FF,FF,FF
60005,5908,0x18FDE500,1,8,0A,14,1E,28,32,3C,46,13
60005,5909,0x18FEEE00,1,8,5E,FF,FF,FF,FF,FF,FF,FF
60018,5910,0xCF00400,1,8,FF,FF,FF,42,55,FF,FF,FF
60018,5911,0xCFF6600,1,8,A8,0A,FF,FF,FF,FF,FF,FF
60024,5912,0x1CECFF00,1,8,20,0A,00,02,FF,CA,FE,00
60036,5913,0xCF00400,1,8,FF,FF,FF,5E,55,FF,FF,FF
60036,5914,0xCFF6600,1,8,AB,0A,FF,FF,FF,FF,FF,FF
60046,5915,0x18F00500,1,8,FF,FF,FF,FF,20,2D,FF,FF
60047,5916,0x18F00600,1,8,FF,FF,FF,FF,FF,FF,FF,FF
60047,5917,0x18FEF100,1,8,3F,00,00,FF,FF,FF,FF,FF
60048,5918,0x18FEF200,1,8,1F,00,00,00,00,00,00,FF
60049,5919,0x1CFDDF00,1,8,FE,FF,FF,FF,FF,FF,FF,FF
60050,5920,0x1CFF6A00,1,8,FC,FF,FF,FF,FF,FF,FF,FF
60051,5921,0x1CFF6A00,1,8,FC,FF,FF,FF,FF,FF,FF,FF
60058,5922,0xCF00400,1,8,FF,FF,FF,9E,55,FF,FF,FF
60059,5923,0xCFF6600,1,8,B3,0A,FF,FF,FF,FF,FF,FF
60075,5924,0xCF00400,1,8,FF,FF,FF,7C,55,FF,FF,FF
60076,5925,0xCFF6600,1,8,AF,0A,FF,FF,FF,FF,FF,FF
60076,5926,0x1CEBFF00,1,8,01,40,FF,0F,F0,E5,01,02
60095,5927,0xCF00400,1,8,FF,FF,FF,7C,55,FF,FF,FF
60095,5928,0xCFF6600,1,8,AF,0A,FF,FF,FF,FF,FF,FF
60115,5929,0xCF00400,1,8,FF,FF,FF,0C,55,FF,FF,FF
60116,5930,0xCFF6600,1,8,A1,0A,FF,FF,FF,FF,FF,FF
60125,5931,0x1CEBFF00,1,8,02,F0,E3,01,FF,FF,FF,FF
60135,5932,0xCF00400,1,8,FF,FF,FF,FC,54,FF,FF,FF
60135,5933,0xCFF6600,1,8,9F,0A,FF,FF,FF,FF,FF,FF
60149,5934,0x10FF6500,1,8,FC,FF,FF,FF,FF,FF,FF,FF
60150,5935,0x18F00500,1,8,FF,FF,FF,FF,20,2D,FF,FF
60151,5936,0x18FEF100,1,8,3F,00,00,FF,FF,FF,FF,FF
60151,5937,0x18FEF200,1,8,1F,00,00,00,00,00,00,FF
60155,5938,0xCF00400,1,8,FF,FF,FF,3A,55,FF,FF,FF
60156,5939,0xCFF6600,1,8,A7,0A,FF,FF,FF,FF,FF,FF
60175,5940,0xCF00400,1,8,FF,FF,FF,1A,55,FF,FF,FF
60176,5941,0xCFF6600,1,8,A3,0A,FF,FF,FF,FF,FF,FF
60195,5942,0xCF00400,1,8,FF,FF,FF,AC,54,FF,FF,FF
60196,5943,0xCFF6600,1,8,95,0A,FF,FF,FF,FF,FF,FF
60216,5944,0xCF00400,1,8,FF,FF,FF,C6,54,FF,FF,FF
60217,5945,0xCFF6600,1,8,98,0A,FF,FF,FF,FF,FF,FF
60235,5946,0xCF00400,1,8,FF,FF,FF,4E,55,FF,FF,FF
60235,5947,0xCFF6600,1,8,A9,0A,FF,FF,FF,FF,FF,FF
60246,5948,0x18F00500,1,8,FF,FF,FF,FF,20,2D,FF,FF
60246,5949,0x18FEF100,1,8,3F,00,00,FF,FF,FF,FF,FF
60247,5950,0x18FEF200,1,8,1F,00,00,00,00,00,00,FF
60255,5951,0xCF00400,1,8,FF,FF,FF,78,55,FF,FF,FF
60256,5952,0xCFF6600,1,8,AF,0A,FF,FF,FF,FF,FF,FF
60275,5953,0xCF00400,1,8,FF,FF,FF,60,55,FF,FF,FF
60275,5954,0xCFF6600,1,8,AC,0A,FF,FF,FF,FF,FF,FF
60295,5955,0xCF00400,1,8,FF,FF,FF,02,55,FF,FF,FF
60296,5956,0xCFF6600,1,8,A0,0A,FF,FF,FF,FF,FF,FF
60315,5957,0xCF00400,1,8,FF,FF,FF,02,55,FF,FF,FF
60316,5958,0xCFF6600,1,8,A0,0A,FF,FF,FF,FF,FF,FF
60336,5959,0xCF00400,1,8,FF,FF,FF,6C,54,FF,FF,FF
60337,5960,0xCFF6600,1,8,8D,0A,FF,FF,FF,FF,FF,FF
60346,5961,0x10FF6500,1,8,FC,FF,FF,FF,FF,FF,FF,FF
60347,5962,0x18F00500,1,8,FF,FF,FF,FF,20,2D,FF,FF
60347,5963,0x18FEF100,1,8,3F,00,00,FF,FF,FF,FF,FF
60348,5964,0x18FEF200,1,8,1F,00,00,00,00,00,00,FF
60355,5965,0xCF00400,1,8,FF,FF,FF,54,54,FF,FF,FF
60356,5966,0xCFF6600,1,8,8A,0A,FF,FF,FF,FF,FF,FF
60375,5967,0xCF00400,1,8,FF,FF,FF,A0,54,FF,FF,FF
60376,5968,0xCFF6600,1,8,94,0A,FF,FF,FF,FF,FF,FF
60395,5969,0xCF00400,1,8,FF,FF,FF,DC,54,FF,FF,FF
60396,5970,0xCFF6600,1,8,9B,0A,FF,FF,FF,FF,FF,FF
60415,5971,0xCF00400,1,8,FF,FF,FF,0A,55,FF,FF,FF
60415,5972,0xCFF6600,1,8,A1,0A,FF,FF,FF,FF,FF,FF
60436,5973,0xCF00400,1,8,FF,FF,FF,20,55,FF,FF,FF
60436,5974,0xCFF6600,1,8,A4,0A,FF,FF,FF,FF,FF,FF
60446,5975,0x18FEF100,1,8,3F,00,00,FF,FF,FF,FF,FF
60446,5976,0x18F00500,1,8,FF,FF,FF,FF,20,2D,FF,FF
60447,5977,0x18FEF200,1,8,1F,00,00,00,00,00,00,FF
60455,5978,0xCF00400,1,8,FF,FF,FF,1C,55,FF,FF,FF
60456,5979,0xCFF6600,1,8,A3,0A,FF,FF,FF,FF,FF,FF
60475,5980,0xCF00400,1,8,FF,FF,FF,1E,55,FF,FF,FF
60476,5981,0xCFF6600,1,8,A3,0A,FF,FF,FF,FF,FF,FF
60496,5982,0xCF00400,1,8,FF,FF,FF,28,55,FF,FF,FF
60497,5983,0xCFF6600,1,8,A5,0A,FF,FF,FF,FF,FF,FF
60515,5984,0xCF00400,1,8,FF,FF,FF,28,55,FF,FF,FF
60516,5985,0xCFF6600,1,8,A5,0A,FF,FF,FF,FF,FF,FF
60536,5986,0xCF00400,1,8,FF,FF,FF,3C,55,FF,FF,FF
60536,5987,0xCFF6600,1,8,A7,0A,FF,FF,FF,FF,FF,FF
60549,5988,0x10FF6500,1,8,FC,FF,FF,FF,FF,FF,FF,FF
60550,5989,0x18F00500,1,8,FF,FF,FF,FF,20,2D,FF,FF
60551,5990,0x18F00600,1,8,FF,FF,FF,FF,FF,FF,FF,FF
60551,5991,0x18FEF100,1,8,3F,00,00,FF,FF,FF,FF,FF
60552,5992,0x18FEF200,1,8,1F,00,00,00,00,00,00,FF
60552,5993,0x1CFDDF00,1,8,FE,FF,FF,FF,FF,FF,FF,FF
60554,5994,0x1CFF6A00,1,8,FC,FF,FF,FF,FF,FF,FF,FF
60555,5995,0xCF00400,1,8,FF,FF,FF,5C,55,FF,FF,FF
60556,5996,0xCFF6600,1,8,AB,0A,FF,FF,FF,FF,FF,FF
60575,5997,0xCF00400,1,8,FF,FF,FF,5E,55,FF,FF,FF
60576,5998,0xCFF6600,1,8,AB,0A,FF,FF,FF,FF,FF,FF
60596,5999,0xCF00400,1,8,FF,FF,FF,40,55,FF,FF,FF
60597,6000,0xCFF6600,1,8,A8,0A,FF,FF,FF,FF,FF,FF
60616,6001,0xCF00400,1,8,FF,FF,FF,08,55,FF,FF,FF
60632,6002,0xCFF6600,1,8,A1,0A,FF,FF,FF,FF,FF,FF
60634,6003,0x18EEFF00,1,8,08,CF,60,06,00,00,00,00
60635,6004,0xCF00400,1,8,FF,FF,FF,C0,54,FF,FF,FF
60635,6005,0xCFF6600,1,8,98,0A,FF,FF,FF,FF,FF,FF
60646,6006,0x18FEF100,1,8,3F,00,00,FF,FF,FF,FF,FF
60646,6007,0x18F00500,1,8,FF,FF,FF,FF,20,2D,FF,FF
60647,6008,0x18FEF200,1,8,1F,00,00,00,00,00,00,FF
60655,6009,0xCF00400,1,8,FF,FF,FF,BA,54,FF,FF,FF
60655,6010,0xCFF6600,1,8,97,0A,FF,FF,FF,FF,FF,FF
60675,6011,0xCF00400,1,8,FF,FF,FF,E8,54,FF,FF,FF
60675,6012,0xCFF6600,1,8,9D,0A,FF,FF,FF,FF,FF,FF
60695,6013,0xCF00400,1,8,FF,FF,FF,14,55,FF,FF,FF
60700,6014,0xCFF6600,1,8,A2,0A,FF,FF,FF,FF,FF,FF
60715,6015,0xCF00400,1,8,FF,FF,FF,40,55,FF,FF,FF
60716,6016,0xCFF6600,1,8,A8,0A,FF,FF,FF,FF,FF,FF
60735,6017,0xCF00400,1,8,FF,FF,FF,40,55,FF,FF,FF
60736,6018,0xCFF6600,1,8,A8,0A,FF,FF,FF,FF,FF,FF
60746,6019,0x10FF6500,1,8,FC,FF,FF,FF,FF,FF,FF,FF
60747,6020,0x18F00500,1,8,FF,FF,FF,FF,20,2D,FF,FF
60747,6021,0x18FEF100,1,8,3F,00,00,FF,FF,FF,FF,FF
60748,6022,0x18FEF200,1,8,1F,00,00,00,00,00,00,FF
60758,6023,0xCF00400,1,8,FF,FF,FF,68,55,FF,FF,FF
60758,6024,0xCFF6600,1,8,AD,0A,FF,FF,FF,FF,FF,FF
60775,6025,0xCF00400,1,8,FF,FF,FF,82,55,FF,FF,FF
60776,6026,0xCFF6600,1,8,B0,0A,FF,FF,FF,FF,FF,FF
60795,6027,0xCF00400,1,8,FF,FF,FF,5C,55,FF,FF,FF
60795,6028,0xCFF6600,1,8,AB,0A,FF,FF,FF,FF,FF,FF
60815,6029,0xCF00400,1,8,FF,FF,FF,0A,55,FF,FF,FF
60815,6030,0xCFF6600,1,8,A1,0A,FF,FF,FF,FF,FF,FF
60836,6031,0xCF00400,1,8,FF,FF,FF,20,55,FF,FF,FF
60837,6032,0xCFF6600,1,8,A4,0A,FF,FF,FF,FF,FF,FF
60846,6033,0x18F00500,1,8,FF,FF,FF,FF,20,2D,FF,FF
60847,6034,0x18FEF100,1,8,3F,00,00,FF,FF,FF,FF,FF
60848,6035,0x18FEF200,1,8,1F,00,00,00,00,00,00,FF
60855,6036,0xCF00400,1,8,FF,FF,FF,8A,55,FF,FF,FF
60856,6037,0xCFF6600,1,8,B1,0A,FF,FF,FF,FF,FF,FF
60875,6038,0xCF00400,1,8,FF,FF,FF,CA,55,FF,FF,FF
60876,6039,0xCFF6600,1,8,B9,0A,FF,FF,FF,FF,FF,FF
60896,6040,0xCF00400,1,8,FF,FF,FF,EA,55,FF,FF,FF
60922,6041,0xCFF6600,1,8,BD,0A,FF,FF,FF,FF,FF,FF
60922,6042,0x18EEFF00,1,8,08,CF,60,06,00,00,00,00
60935,6043,0xCF00400,1,8,FF,FF,FF,C8,55,FF,FF,FF
60935,6044,0xCFF6600,1,8,B9,0A,FF,FF,FF,FF,FF,FF
60946,6045,0x18F00500,1,8,FF,FF,FF,FF,20,2D,FF,FF
60946,6046,0x10FF6500,1,8,FC,FF,FF,FF,FF,FF,FF,FF
60947,6047,0x18FEF100,1,8,3F,00,00,FF,FF,FF,FF,FF
60948,6048,0x18FEF200,1,8,1F,00,00,00,00,00,00,FF
60955,6049,0xCF00400,1,8,FF,FF,FF,B8,55,FF,FF,FF
60956,6050,0xCFF6600,1,8,B7,0A,FF,FF,FF,FF,FF,FF
60975,6051,0xCF00400,1,8,FF,FF,FF,B8,55,FF,FF,FF
60976,6052,0xCFF6600,1,8,B7,0A,FF,FF,FF,FF,FF,FF
60995,6053,0xCF00400,1,8,FF,FF,FF,B4,55,FF,FF,FF
60996,6054,0xCFF6600,1,8,B6,0A,FF,FF,FF,FF,FF,FF
61004,6055,0x18FDE500,1,8,0A,14,1E,28,32,3C,46,13
61005,6056,0x18FEEE00,1,8,5E,FF,FF,FF,FF,FF,FF,FF
61015,6057,0xCF00400,1,8,FF,FF,FF,E4,55,FF,FF,FF
61016,6058,0xCFF6600,1,8,BC,0A,FF,FF,FF,FF,FF,FF
61025,6059,0x1CECFF00,1,8,20,0A,00,02,FF,CA,FE,00
61035,6060,0xCF00400,1,8,FF,FF,FF,3E,56,FF,FF,FF
61035,6061,0xCFF6600,1,8,C7,0A,FF,FF,FF,FF,FF,FF
61046,6062,0x18F00500,1,8,FF,FF,FF,FF,20,2D,FF,FF
61067,6063,0xCF00400,1,8,FF,FF,FF,9E,56,FF,FF,FF
61068,6064,0xCFF6600,1,8,D3,0A,FF,FF,FF,FF,FF,FF
61069,6065,0x18F00600,1,8,FF,FF,FF,FF,FF,FF,FF,FF
61069,6066,0x18FEF100,1,8,3F,00,00,FF,FF,FF,FF,FF
61070,6067,0x18FEF200,1,8,1F,00,00,00,00,00,00,FF
61071,6068,0x1CFDDF00,1,8,FE,FF,FF,FF,FF,FF,FF,FF
61072,6069,0x1CFF6A00,1,8,FC,FF,FF,FF,FF,FF,FF,FF
61075,6070,0xCF00400,1,8,FF,FF,FF,06,57,FF,FF,FF
61075,6071,0xCFF6600,1,8,E0,0A,FF,FF,FF,FF,FF,FF
61076,6072,0x1CEBFF00,1,8,01,40,FF,0F,F0,E5,01,02
61095,6073,0xCF00400,1,8,FF,FF,FF,A8,56,FF,FF,FF
61096,6074,0xCFF6600,1,8,D5,0A,FF,FF,FF,FF,FF,FF
61115,6075,0xCF00400,1,8,FF,FF,FF,A4,55,FF,FF,FF
61116,6076,0xCFF6600,1,8,B4,0A,FF,FF,FF,FF,FF,FF
61124,6077,0x1CEBFF00,1,8,02,F0,E3,01,FF,FF,FF,FF
61135,6078,0xCF00400,1,8,FF,FF,FF,72,55,FF,FF,FF
61136,6079,0xCFF6600,1,8,AE,0A,FF,FF,FF,FF,FF,FF
61146,6080,0x10FF6500,1,8,FC,FF,FF,FF,FF,FF,FF,FF
61147,6081,0x18F00500,1,8,FF,FF,FF,FF,20,2D,FF,FF
61147,6082,0x18FEF100,1,8,3F,00,00,FF,FF,FF,FF,FF
61148,6083,0x18FEF200,1,8,1F,00,00,00,00,00,00,FF
61155,6084,0xCF00400,1,8,FF,FF,FF,EC,55,FF,FF,FF
61155,6085,0xCFF6600,1,8,BD,0A,FF,FF,FF,FF,FF,FF
61175,6086,0xCF00400,1,8,FF,FF,FF,4A,56,FF,FF,FF
61175,6087,0xCFF6600,1,8,C9,0A,FF,FF,FF,FF,FF,FF
61195,6088,0xCF00400,1,8,FF,FF,FF,9A,56,FF,FF,FF
61196,6089,0xCFF6600,1,8,D3,0A,FF,FF,FF,FF,FF,FF
61215,6090,0xCF00400,1,8,FF,FF,FF,9A,56,FF,FF,FF
61216,6091,0xCFF6600,1,8,D3,0A,FF,FF,FF,FF,FF,FF
61235,6092,0xCF00400,1,8,FF,FF,FF,DC,56,FF,FF,FF
61236,6093,0xCFF6600,1,8,DB,0A,FF,FF,FF,FF,FF,FF
61246,6094,0x18FEF100,1,8,3F,00,00,FF,FF,FF,FF,FF
61246,6095,0x18F00500,1,8,FF,FF,FF,FF,20,2D,FF,FF
61247,6096,0x18FEF200,1,8,1F,00,00,00,00,00,00,FF
61255,6097,0xCF00400,1,8,FF,FF,FF,14,57,FF,FF,FF
61257,6098,0xCFF6600,1,8,E2,0A,FF,FF,FF,FF,FF,FF
61275,6099,0xCF00400,1,8,FF,FF,FF,8E,57,FF,FF,FF
61276,6100,0xCFF6600,1,8,F1,0A,FF,FF,FF,FF,FF,FF
61296,6101,0xCF00400,1,8,FF,FF,FF,36,58,FF,FF,FF
61297,6102,0xCFF6600,1,8,06,0B,FF,FF,FF,FF,FF,FF
61315,6103,0xCF00400,1,8,FF,FF,FF,5E,58,FF,FF,FF
61315,6104,0xCFF6600,1,8,0B,0B,FF,FF,FF,FF,FF,FF
61335,6105,0xCF00400,1,8,FF,FF,FF,26,58,FF,FF,FF
61335,6106,0xCFF6600,1,8,04,0B,FF,FF,FF,FF,FF,FF
61346,6107,0x18FEF100,1,8,3F,00,00,FF,FF,FF,FF,FF
61346,6108,0x10FF6500,1,8,FC,FF,FF,FF,FF,FF,FF,FF
61347,6109,0x18F00500,1,8,FF,FF,FF,FF,20,2D,FF,FF
61348,6110,0x18FEF200,1,8,1F,00,00,00,00,00,00,FF
61358,6111,0xCF00400,1,8,FF,FF,FF,F2,57,FF,FF,FF
61358,6112,0xCFF6600,1,8,FE,0A,FF,FF,FF,FF,FF,FF
61375,6113,0xCF00400,1,8,FF,FF,FF,C2,57,FF,FF,FF
61375,6114,0xCFF6600,1,8,F8,0A,FF,FF,FF,FF,FF,FF
61395,6115,0xCF00400,1,8,FF,FF,FF,C0,57,FF,FF,FF
61396,6116,0xCFF6600,1,8,F8,0A,FF,FF,FF,FF,FF,FF
61415,6117,0xCF00400,1,8,FF,FF,FF,E2,57,FF,FF,FF
61436,6118,0xCF00400,1,8,FF,FF,FF,20,58,FF,FF,FF
61436,6119,0xCFF6600,1,8,FC,0A,FF,FF,FF,FF,FF,FF
61446,6120,0x18F00500,1,8,FF,FF,FF,FF,20,2D,FF,FF
61446,6121,0x18FEF100,1,8,3F,00,00,FF,FF,FF,FF,FF
61447,6122,0x18FEF200,1,8,1F,00,00,00,00,00,00,FF
61455,6123,0xCF00400,1,8,FF,FF,FF,72,58,FF,FF,FF
61455,6124,0xCFF6600,1,8,0E,0B,FF,FF,FF,FF,FF,FF
61475,6125,0xCF00400,1,8,FF,FF,FF,9E,58,FF,FF,FF
61476,6126,0xCFF6600,1,8,13,0B,FF,FF,FF,FF,FF,FF
61495,6127,0xCF00400,1,8,FF,FF,FF,B0,58,FF,FF,FF
61495,6128,0xCFF6600,1,8,16,0B,FF,FF,FF,FF,FF,FF
61515,6129,0xCF00400,1,8,FF,FF,FF,92,58,FF,FF,FF
61515,6130,0xCFF6600,1,8,12,0B,FF,FF,FF,FF,FF,FF
61535,6131,0xCF00400,1,8,FF,FF,FF,50,58,FF,FF,FF
61536,6132,0xCFF6600,1,8,0A,0B,FF,FF,FF,FF,FF,FF
61546,6133,0x18FEF100,1,8,3F,00,00,FF,FF,FF,FF,FF
61546,6134,0x10FF6500,1,8,FC,FF,FF,FF,FF,FF,FF,FF
61547,6135,0x18F00500,1,8,FF,FF,FF,FF,20,2D,FF,FF
61548,6136,0x18F00600,1,8,FF,FF,FF,FF,FF,FF,FF,FF
61549,6137,0x18FEF200,1,8,1F,00,00,00,00,00,00,FF
61550,6138,0x1CFDDF00,1,8,FE,FF,FF,FF,FF,FF,FF,FF
61551,6139,0x1CFF6A00,1,8,FC,FF,FF,FF,FF,FF,FF,FF
61555,6140,0xCF00400,1,8,FF,FF,FF,50,58,FF,FF,FF
61555,6141,0xCFF6600,1,8,0A,0B,FF,FF,FF,FF,FF,FF
61575,6142,0xCF00400,1,8,FF,FF,FF,1E,58,FF,FF,FF
61575,6143,0xCFF6600,1,8,03,0B,FF,FF,FF,FF,FF,FF
61595,6144,0xCF00400,1,8,FF,FF,FF,FA,57,FF,FF,FF
61595,6145,0xCFF6600,1,8,FF,0A,FF,FF,FF,FF,FF,FF
61615,6146,0xCF00400,1,8,FF,FF,FF,54,58,FF,FF,FF
61616,6147,0xCFF6600,1,8,0A,0B,FF,FF,FF,FF,FF,FF
61636,6148,0xCF00400,1,8,FF,FF,FF,0C,59,FF,FF,FF
61636,6149,0xCFF6600,1,8,21,0B,FF,FF,FF,FF,FF,FF
61646,6150,0x18F00500,1,8,FF,FF,FF,FF,20,2D,FF,FF
61647,6151,0x18FEF100,1,8,3F,00,00,FF,FF,FF,FF,FF
61647,6152,0x18FEF200,1,8,1F,00,00,00,00,00,00,FF
61655,6153,0xCF00400,1,8,FF,FF,FF,38,59,FF,FF,FF
61657,6154,0xCFF6600,1,8,27,0B,FF,FF,FF,FF,FF,FF
61675,6155,0xCF00400,1,8,FF,FF,FF,02,59,FF,FF,FF
61676,6156,0xCFF6600,1,8,20,0B,FF,FF,FF,FF,FF,FF
61696,6157,0xCF00400,1,8,FF,FF,FF,EA,58,FF,FF,FF
61696,6158,0xCFF6600,1,8,1D,0B,FF,FF,FF,FF,FF,FF
61715,6159,0xCF00400,1,8,FF,FF,FF,E6,58,FF,FF,FF
61716,6160,0xCFF6600,1,8,1C,0B,FF,FF,FF,FF,FF,FF
61735,6161,0xCF00400,1,8,FF,FF,FF,E0,58,FF,FF,FF
61736,6162,0xCFF6600,1,8,1C,0B,FF,FF,FF,FF,FF,FF
61746,6163,0x10FF6500,1,8,FC,FF,FF,FF,FF,FF,FF,FF
61746,6164,0x18F00500,1,8,FF,FF,FF,FF,20,2D,FF,FF
61747,6165,0x18FEF100,1,8,3F,00,00,FF,FF,FF,FF,FF
61748,6166,0x18FEF200,1,8,1F,00,00,00,00,00,00,FF
61758,6167,0xCF00400,1,8,FF,FF,FF,D6,58,FF,FF,FF
61758,6168,0xCFF6600,1,8,1A,0B,FF,FF,FF,FF,FF,FF
61775,6169,0xCF00400,1,8,FF,FF,FF,CC,58,FF,FF,FF
61775,6170,0xCFF6600,1,8,19,0B,FF,FF,FF,FF,FF,FF
61795,6171,0xCF00400,1,8,FF,FF,FF,C6,58,FF,FF,FF
61796,6172,0xCFF6600,1,8,18,0B,FF,FF,FF,FF,FF,FF
61850,6173,0xCF00400,1,8,FF,FF,FF,CC,58,FF,FF,FF
61851,6174,0xCFF6600,1,8,19,0B,FF,FF,FF,FF,FF,FF
61854,6175,0x18EEFF00,1,8,08,CF,60,06,00,00,00,00
61855,6176,0xCF00400,1,8,FF,FF,FF,EA,58,FF,FF,FF
61855,6177,0xCFF6600,1,8,1D,0B,FF,FF,FF,FF,FF,FF
61875,6178,0xCF00400,1,8,FF,FF,FF,F8,58,FF,FF,FF
61875,6179,0xCFF6600,1,8,1F,0B,FF,FF,FF,FF,FF,FF
61895,6180,0xCF00400,1,8,FF,FF,FF,F8,58,FF,FF,FF
61895,6181,0xCFF6600,1,8,1F,0B,FF,FF,FF,FF,FF,FF
61915,6182,0xCF00400,1,8,FF,FF,FF,F2,58,FF,FF,FF
61916,6183,0xCFF6600,1,8,1E,0B,FF,FF,FF,FF,FF,FF
61935,6184,0xCF00400,1,8,FF,FF,FF,F2,58,FF,FF,FF
61936,6185,0xCFF6600,1,8,1E,0B,FF,FF,FF,FF,FF,FF
61945,6186,0x18FEF100,1,8,3F,00,00,FF,FF,FF,FF,FF
61947,6187,0x18F00500,1,8,FF,FF,FF,FF,20,2D,FF,FF
61948,6188,0x18FEF200,1,8,1F,00,00,00,00,00,00,FF
61955,6189,0xCF00400,1,8,FF,FF,FF,A0,58,FF,FF,FF
61956,6190,0xCFF6600,1,8,14,0B,FF,FF,FF,FF,FF,FF
61975,6191,0xCF00400,1,8,FF,FF,FF,0A,58,FF,FF,FF
61976,6192,0xCFF6600,1,8,01,0B,FF,FF,FF,FF,FF,FF
61996,6193,0xCF00400,1,8,FF,FF,FF,EC,57,FF,FF,FF
61996,6194,0xCFF6600,1,8,FD,0A,FF,FF,FF,FF,FF,FF
62005,6195,0x18FDE500,1,8,0A,14,1E,28,32,3C,46,13
62006,6196,0x18FEEE00,1,8,5E,FF,FF,FF,FF,FF,FF,FF
62015,6197,0xCF00400,1,8,FF,FF,FF,2E,58,FF,FF,FF
62015,6198,0xCFF6600,1,8,05,0B,FF,FF,FF,FF,FF,FF
62025,6199,0x1CECFF00,1,8,20,0A,00,02,FF,CA,FE,00
62073,6200,0xCF00400,1,8,FF,FF,FF,CE,57,FF,FF,FF
62073,6201,0xCFF6600,1,8,F9,0A,FF,FF,FF,FF,FF,FF
62074,6202,0x10FF6500,1,8,FC,FF,FF,FF,FF,FF,FF,FF
62075,6203,0x18EEFF00,1,8,08,CF,60,06,00,00,00,00
62076,6204,0x18F00500,1,8,FF,FF,FF,FF,20,2D,FF,FF
62076,6205,0x18FEF100,1,8,3F,00,00,FF,FF,FF,FF,FF
62077,6206,0x18FEF200,1,8,1F,00,00,00,00,00,00,FF
62095,6207,0xCF00400,1,8,FF,FF,FF,F0,56,FF,FF,FF
62095,6208,0xCFF6600,1,8,DE,0A,FF,FF,FF,FF,FF,FF
62115,6209,0xCF00400,1,8,FF,FF,FF,26,57,FF,FF,FF
62115,6210,0xCFF6600,1,8,E4,0A,FF,FF,FF,FF,FF,FF
62124,6211,0x1CEBFF00,1,8,01,40,FF,0F,F0,E5,01,02
62136,6212,0xCF00400,1,8,FF,FF,FF,4E,57,FF,FF,FF
62137,6213,0xCFF6600,1,8,E9,0A,FF,FF,FF,FF,FF,FF
62146,6214,0x18F00500,1,8,FF,FF,FF,FF,20,2D,FF,FF
62147,6215,0x18F00600,1,8,FF,FF,FF,FF,FF,FF,FF,FF
62147,6216,0x18FEF100,1,8,3F,00,00,FF,FF,FF,FF,FF
62148,6217,0x18FEF200,1,8,1F,00,00,00,00,00,00,FF
62148,6218,0x1CFDDF00,1,8,FE,FF,FF,FF,FF,FF,FF,FF
62150,6219,0x1CFF6A00,1,8,FC,FF,FF,FF,FF,FF,FF,FF
62155,6220,0xCF00400,1,8,FF,FF,FF,1E,57,FF,FF,FF
62156,6221,0xCFF6600,1,8,E3,0A,FF,FF,FF,FF,FF,FF
62175,6222,0xCF00400,1,8,FF,FF,FF,A4,56,FF,FF,FF
62176,6223,0xCFF6600,1,8,D4,0A,FF,FF,FF,FF,FF,FF
62176,6224,0x1CEBFF00,1,8,02,F0,E3,01,FF,FF,FF,FF
62195,6225,0xCF00400,1,8,FF,FF,FF,AC,56,FF,FF,FF
62196,6226,0xCFF6600,1,8,D5,0A,FF,FF,FF,FF,FF,FF
62215,6227,0xCF00400,1,8,FF,FF,FF,AC,56,FF,FF,FF
62215,6228,0xCFF6600,1,8,D5,0A,FF,FF,FF,FF,FF,FF
62235,6229,0xCF00400,1,8,FF,FF,FF,18,57,FF,FF,FF
62256,6230,0xCF00400,1,8,FF,FF,FF,22,57,FF,FF,FF
62257,6231,0xCFF6600,1,8,E3,0A,FF,FF,FF,FF,FF,FF
62258,6232,0x10FF6500,1,8,FC,FF,FF,FF,FF,FF,FF,FF
62259,6233,0x18F00500,1,8,FF,FF,FF,FF,20,2D,FF,FF
62259,6234,0x18FEF100,1,8,3F,00,00,FF,FF,FF,FF,FF
62260,6235,0x18FEF200,1,8,1F,00,00,00,00,00,00,FF
62275,6236,0xCF00400,1,8,FF,FF,FF,E6,56,FF,FF,FF
62275,6237,0xCFF6600,1,8,DC,0A,FF,FF,FF,FF,FF,FF
62295,6238,0xCF00400,1,8,FF,FF,FF,D6,56,FF,FF,FF
62295,6239,0xCFF6600,1,8,DA,0A,FF,FF,FF,FF,FF,FF
62315,6240,0xCF00400,1,8,FF,FF,FF,E6,56,FF,FF,FF
62315,6241,0xCFF6600,1,8,DC,0A,FF,FF,FF,FF,FF,FF
62335,6242,0xCF00400,1,8,FF,FF,FF,02,57,FF,FF,FF
62335,6243,0xCFF6600,1,8,E0,0A,FF,FF,FF,FF,FF,FF
62346,6244,0x18FEF100,1,8,3F,00,00,FF,FF,FF,FF,FF
62347,6245,0x18F00500,1,8,FF,FF,FF,FF,20,2D,FF,FF
62347,6246,0x18FEF200,1,8,1F,00,00,00,00,00,00,FF
62355,6247,0xCF00400,1,8,FF,FF,FF,2A,57,FF,FF,FF
62356,6248,0xCFF6600,1,8,E5,0A,FF,FF,FF,FF,FF,FF
62375,6249,0xCF00400,1,8,FF,FF,FF,22,57,FF,FF,FF
62376,6250,0xCFF6600,1,8,E4,0A,FF,FF,FF,FF,FF,FF
62395,6251,0xCF00400,1,8,FF,FF,FF,F6,56,FF,FF,FF
62396,6252,0xCFF6600,1,8,DE,0A,FF,FF,FF,FF,FF,FF
62415,6253,0xCF00400,1,8,FF,FF,FF,8A,56,FF,FF,FF
62416,6254,0xCFF6600,1,8,D1,0A,FF,FF,FF,FF,FF,FF
62435,6255,0xCF00400,1,8,FF,FF,FF,E4,55,FF,FF,FF
62435,6256,0xCFF6600,1,8,BC,0A,FF,FF,FF,FF,FF,FF
62447,6257,0x10FF6500,1,8,FC,FF,FF,FF,FF,FF,FF,FF
62448,6258,0x18F00500,1,8,FF,FF,FF,FF,20,2D,FF,FF
62449,6259,0x18FEF100,1,8,3F,00,00,FF,FF,FF,FF,FF
62449,6260,0x18FEF200,1,8,1F,00,00,00,00,00,00,FF
62455,6261,0xCF00400,1,8,FF,FF,FF,C4,55,FF,FF,FF
62456,6262,0xCFF6600,1,8,B8,0A,FF,FF,FF,FF,FF,FF
62475,6263,0xCF00400,1,8,FF,FF,FF,16,56,FF,FF,FF
62476,6264,0xCFF6600,1,8,C2,0A,FF,FF,FF,FF,FF,FF
62495,6265,0xCF00400,1,8,FF,FF,FF,16,56,FF,FF,FF
62496,6266,0xCFF6600,1,8,C2,0A,FF,FF,FF,FF,FF,FF
62515,6267,0xCF00400,1,8,FF,FF,FF,34,56,FF,FF,FF
62535,6268,0xCF00400,1,8,FF,FF,FF,28,56,FF,FF,FF
62536,6269,0xCFF6600,1,8,C6,0A,FF,FF,FF,FF,FF,FF
62545,6270,0x18FEF100,1,8,3F,00,00,FF,FF,FF,FF,FF
62546,6271,0x18F00500,1,8,FF,FF,FF,FF,20,2D,FF,FF
62547,6272,0x18FEF200,1,8,1F,00,00,00,00,00,00,FF
62555,6273,0xCF00400,1,8,FF,FF,FF,42,56,FF,FF,FF
62556,6274,0xCFF6600,1,8,C8,0A,FF,FF,FF,FF,FF,FF
62575,6275,0xCF00400,1,8,FF,FF,FF,74,56,FF,FF,FF
62576,6276,0xCFF6600,1,8,CE,0A,FF,FF,FF,FF,FF,FF
62595,6277,0xCF00400,1,8,FF,FF,FF,62,56,FF,FF,FF
62596,6278,0xCFF6600,1,8,CC,0A,FF,FF,FF,FF,FF,FF
62615,6279,0xCF00400,1,8,FF,FF,FF,22,56,FF,FF,FF
62616,6280,0xCFF6600,1,8,C4,0A,FF,FF,FF,FF,FF,FF
62635,6281,0xCF00400,1,8,FF,FF,FF,E8,55,FF,FF,FF
62636,6282,0xCFF6600,1,8,BD,0A,FF,FF,FF,FF,FF,FF
62646,6283,0x10FF6500,1,8,FC,FF,FF,FF,FF,FF,FF,FF
62647,6284,0x18F00500,1,8,FF,FF,FF,FF,20,2D,FF,FF
62647,6285,0x18F00600,1,8,FF,FF,FF,FF,FF,FF,FF,FF
62648,6286,0x18FEF100,1,8,3F,00,00,FF,FF,FF,FF,FF
62649,6287,0x18FEF200,1,8,1F,00,00,00,00,00,00,FF
62649,6288,0x1CFDDF00,1,8,FE,FF,FF,FF,FF,FF,FF,FF
62650,6289,0x1CFF6A00,1,8,FC,FF,FF,FF,FF,FF,FF,FF
62655,6290,0xCF00400,1,8,FF,FF,FF,B8,55,FF,FF,FF
62655,6291,0xCFF6600,1,8,B7,0A,FF,FF,FF,FF,FF,FF
62675,6292,0xCF00400,1,8,FF,FF,FF,8A,55,FF,FF,FF
62675,6293,0xCFF6600,1,8,B1,0A,FF,FF,FF,FF,FF,FF
62696,6294,0xCF00400,1,8,FF,FF,FF,58,55,FF,FF,FF
62734,6295,0xCF00400,1,8,FF,FF,FF,5C,55,FF,FF,FF
62734,6296,0xCFF6600,1,8,AB,0A,FF,FF,FF,FF,FF,FF
62735,6297,0x18EEFF00,1,8,08,CF,60,06,00,00,00,00
62745,6298,0x18F00500,1,8,FF,FF,FF,FF,20,2D,FF,FF
62746,6299,0x18FEF100,1,8,3F,00,00,FF,FF,FF,FF,FF
62747,6300,0x18FEF200,1,8,1F,00,00,00,00,00,00,FF
62755,6301,0xCF00400,1,8,FF,FF,FF,8E,55,FF,FF,FF
62755,6302,0xCFF6600,1,8,B1,0A,FF,FF,FF,FF,FF,FF
62775,6303,0xCF00400,1,8,FF,FF,FF,AE,55,FF,FF,FF
62776,6304,0xCFF6600,1,8,B5,0A,FF,FF,FF,FF,FF,FF
62795,6305,0xCF00400,1,8,FF,FF,FF,BE,55,FF,FF,FF
62795,6306,0xCFF6600,1,8,B7,0A,FF,FF,FF,FF,FF,FF
62815,6307,0xCF00400,1,8,FF,FF,FF,E4,55,FF,FF,FF
62815,6308,0xCFF6600,1,8,BC,0A,FF,FF,FF,FF,FF,FF
62835,6309,0xCF00400,1,8,FF,FF,FF,1C,56,FF,FF,FF
62835,6310,0xCFF6600,1,8,C3,0A,FF,FF,FF,FF,FF,FF
62847,6311,0x10FF6500,1,8,FC,FF,FF,FF,FF,FF,FF,FF
62847,6312,0x18F00500,1,8,FF,FF,FF,FF,20,2D,FF,FF
62848,6313,0x18FEF100,1,8,3F,00,00,FF,FF,FF,FF,FF
62848,6314,0x18FEF200,1,8,1F,00,00,00,00,00,00,FF
62855,6315,0xCF00400,1,8,FF,FF,FF,1C,56,FF,FF,FF
62856,6316,0xCFF6600,1,8,C3,0A,FF,FF,FF,FF,FF,FF
62875,6317,0xCF00400,1,8,FF,FF,FF,EC,55,FF,FF,FF
62876,6318,0xCFF6600,1,8,BD,0A,FF,FF,FF,FF,FF,FF
62895,6319,0xCF00400,1,8,FF,FF,FF,FC,55,FF,FF,FF
62896,6320,0xCFF6600,1,8,BF,0A,FF,FF,FF,FF,FF,FF
62915,6321,0xCF00400,1,8,FF,FF,FF,42,56,FF,FF,FF
62916,6322,0xCFF6600,1,8,C8,0A,FF,FF,FF,FF,FF,FF
62936,6323,0xCF00400,1,8,FF,FF,FF,78,56,FF,FF,FF
62936,6324,0xCFF6600,1,8,CF,0A,FF,FF,FF,FF,FF,FF
62946,6325,0x18F00500,1,8,FF,FF,FF,FF,20,2D,FF,FF
62947,6326,0x18FEF100,1,8,3F,00,00,FF,FF,FF,FF,FF
62947,6327,0x18FEF200,1,8,1F,00,00,00,00,00,00,FF
62955,6328,0xCF00400,1,8,FF,FF,FF,9E,56,FF,FF,FF
62956,6329,0xCFF6600,1,8,D3,0A,FF,FF,FF,FF,FF,FF
62975,6330,0xCF00400,1,8,FF,FF,FF,9E,56,FF,FF,FF
62976,6331,0xCFF6600,1,8,D3,0A,FF,FF,FF,FF,FF,FF
62996,6332,0xCF00400,1,8,FF,FF,FF,BE,56,FF,FF,FF
62997,6333,0xCFF6600,1,8,D7,0A,FF,FF,FF,FF,FF,FF
63005,6334,0x18FDE500,1,8,0A,14,1E,28,32,3C,46,13
63006,6335,0x18FEEE00,1,8,5E,FF,FF,FF,FF,FF,FF,FF
63015,6336,0xCF00400,1,8,FF,FF,FF,D2,56,FF,FF,FF
63016,6337,0xCFF6600,1,8,DA,0A,FF,FF,FF,FF,FF,FF
63024,6338,0x1CECFF00,1,8,20,0A,00,02,FF,CA,FE,00
63035,6339,0xCF00400,1,8,FF,FF,FF,DE,56,FF,FF,FF
63036,6340,0xCFF6600,1,8,DB,0A,FF,FF,FF,FF,FF,FF
63046,6341,0x10FF6500,1,8,FC,FF,FF,FF,FF,FF,FF,FF
63046,6342,0x18F00500,1,8,FF,FF,FF,FF,20,2D,FF,FF
63068,6343,0xCF00400,1,8,FF,FF,FF,E8,56,FF,FF,FF
63068,6344,0xCFF6600,1,8,DD,0A,FF,FF,FF,FF,FF,FF
63069,6345,0x18FEF100,1,8,3F,00,00,FF,FF,FF,FF,FF
63069,6346,0x18FEF200,1,8,1E,00,00,00,00,00,00,FF
63075,6347,0xCF00400,1,8,FF,FF,FF,04,57,FF,FF,FF
63075,6348,0xCFF6600,1,8,E0,0A,FF,FF,FF,FF,FF,FF
63076,6349,0x1CEBFF00,1,8,01,40,FF,0F,F0,E5,01,02
63096,6350,0xCF00400,1,8,FF,FF,FF,32,57,FF,FF,FF
63096,6351,0xCFF6600,1,8,E6,0A,FF,FF,FF,FF,FF,FF
63116,6352,0xCF00400,1,8,FF,FF,FF,5E,57,FF,FF,FF
63117,6353,0xCFF6600,1,8,EB,0A,FF,FF,FF,FF,FF,FF
63125,6354,0x1CEBFF00,1,8,02,F0,E3,01,FF,FF,FF,FF
63135,6355,0xCF00400,1,8,FF,FF,FF,82,57,FF,FF,FF
63136,6356,0xCFF6600,1,8,F0,0A,FF,FF,FF,FF,FF,FF
63145,6357,0x18FEF100,1,8,3F,00,00,FF,FF,FF,FF,FF
63146,6358,0x18F00500,1,8,FF,FF,FF,FF,20,2D,FF,FF
63147,6359,0x18F00600,1,8,FF,FF,FF,FF,FF,FF,FF,FF
63147,6360,0x18FEF200,1,8,1E,00,00,00,00,00,00,FF
63148,6361,0x1CFDDF00,1,8,FE,FF,FF,FF,FF,FF,FF,FF
63149,6362,0x1CFF6A00,1,8,FC,FF,FF,FF,FF,FF,FF,FF
63155,6363,0xCF00400,1,8,FF,FF,FF,48,57,FF,FF,FF
63155,6364,0xCFF6600,1,8,E9,0A,FF,FF,FF,FF,FF,FF
63175,6365,0xCF00400,1,8,FF,FF,FF,C8,56,FF,FF,FF
63176,6366,0xCFF6600,1,8,D9,0A,FF,FF,FF,FF,FF,FF
63195,6367,0xCF00400,1,8,FF,FF,FF,92,56,FF,FF,FF
63195,6368,0xCFF6600,1,8,D2,0A,FF,FF,FF,FF,FF,FF
63215,6369,0xCF00400,1,8,FF,FF,FF,92,56,FF,FF,FF
63216,6370,0xCFF6600,1,8,D2,0A,FF,FF,FF,FF,FF,FF
63235,6371,0xCF00400,1,8,FF,FF,FF,8A,56,FF,FF,FF
63236,6372,0xCFF6600,1,8,D1,0A,FF,FF,FF,FF,FF,FF
63246,6373,0x18FEF100,1,8,3F,00,00,FF,FF,FF,FF,FF
63246,6374,0x10FF6500,1,8,FC,FF,FF,FF,FF,FF,FF,FF
63247,6375,0x18F00500,1,8,FF,FF,FF,FF,20,2D,FF,FF
63248,6376,0x18FEF200,1,8,1E,00,00,00,00,00,00,FF
63255,6377,0xCF00400,1,8,FF,FF,FF,8A,56,FF,FF,FF
63255,6378,0xCFF6600,1,8,D1,0A,FF,FF,FF,FF,FF,FF
63275,6379,0xCF00400,1,8,FF,FF,FF,80,56,FF,FF,FF
63296,6380,0xCF00400,1,8,FF,FF,FF,8E,56,FF,FF,FF
63296,6381,0xCFF6600,1,8,D0,0A,FF,FF,FF,FF,FF,FF
63315,6382,0xCF00400,1,8,FF,FF,FF,B2,56,FF,FF,FF
63316,6383,0xCFF6600,1,8,D6,0A,FF,FF,FF,FF,FF,FF
63335,6384,0xCF00400,1,8,FF,FF,FF,CE,56,FF,FF,FF
63335,6385,0xCFF6600,1,8,D9,0A,FF,FF,FF,FF,FF,FF
63345,6386,0x18FEF100,1,8,3F,00,00,FF,FF,FF,FF,FF
63346,6387,0x18F00500,1,8,FF,FF,FF,FF,20,2D,FF,FF
63347,6388,0x18FEF200,1,8,1E,00,00,00,00,00,00,FF
63355,6389,0xCF00400,1,8,FF,FF,FF,E4,56,FF,FF,FF
63356,6390,0xCFF6600,1,8,DC,0A,FF,FF,FF,FF,FF,FF
63375,6391,0xCF00400,1,8,FF,FF,FF,F4,56,FF,FF,FF
63376,6392,0xCFF6600,1,8,DE,0A,FF,FF,FF,FF,FF,FF
63395,6393,0xCF00400,1,8,FF,FF,FF,F8,56,FF,FF,FF
63396,6394,0xCFF6600,1,8,DF,0A,FF,FF,FF,FF,FF,FF
63415,6395,0xCF00400,1,8,FF,FF,FF,FC,56,FF,FF,FF
63416,6396,0xCFF6600,1,8,DF,0A,FF,FF,FF,FF,FF,FF
63435,6397,0xCF00400,1,8,FF,FF,FF,04,57,FF,FF,FF
63436,6398,0xCFF6600,1,8,E0,0A,FF,FF,FF,FF,FF,FF
63446,6399,0x10FF6500,1,8,FC,FF,FF,FF,FF,FF,FF,FF
63447,6400,0x18F00500,1,8,FF,FF,FF,FF,20,2D,FF,FF
63447,6401,0x18FEF100,1,8,3F,00,00,FF,FF,FF,FF,FF
63448,6402,0x18FEF200,1,8,1E,00,00,00,00,00,00,FF
63455,6403,0xCF00400,1,8,FF,FF,FF,1C,57,FF,FF,FF
63457,6404,0xCFF6600,1,8,E3,0A,FF,FF,FF,FF,FF,FF
63475,6405,0xCF00400,1,8,FF,FF,FF,3E,57,FF,FF,FF
63476,6406,0xCFF6600,1,8,E7,0A,FF,FF,FF,FF,FF,FF
63495,6407,0xCF00400,1,8,FF,FF,FF,50,57,FF,FF,FF
63496,6408,0xCFF6600,1,8,EA,0A,FF,FF,FF,FF,FF,FF
63515,6409,0xCF00400,1,8,FF,FF,FF,50,57,FF,FF,FF
63535,6410,0xCF00400,1,8,FF,FF,FF,50,57,FF,FF,FF
63536,6411,0xCFF6600,1,8,EA,0A,FF,FF,FF,FF,FF,FF
63545,6412,0x18FEF100,1,8,3F,00,00,FF,FF,FF,FF,FF
63546,6413,0x18F00500,1,8,FF,FF,FF,FF,20,2D,FF,FF
63547,6414,0x18FEF200,1,8,1E,00,00,00,00,00,00,FF
63555,6415,0xCF00400,1,8,FF,FF,FF,18,57,FF,FF,FF
63555,6416,0xCFF6600,1,8,E3,0A,FF,FF,FF,FF,FF,FF
63575,6417,0xCF00400,1,8,FF,FF,FF,BC,56,FF,FF,FF
63575,6418,0xCFF6600,1,8,D7,0A,FF,FF,FF,FF,FF,FF
63595,6419,0xCF00400,1,8,FF,FF,FF,60,56,FF,FF,FF
63595,6420,0xCFF6600,1,8,CC,0A,FF,FF,FF,FF,FF,FF
63615,6421,0xCF00400,1,8,FF,FF,FF,00,56,FF,FF,FF
63615,6422,0xCFF6600,1,8,C0,0A,FF,FF,FF,FF,FF,FF
63635,6423,0xCF00400,1,8,FF,FF,FF,DA,55,FF,FF,FF
63652,6424,0xCFF6600,1,8,BB,0A,FF,FF,FF,FF,FF,FF
63654,6425,0x18EEFF00,1,8,08,CF,60,06,00,00,00,00
63658,6426,0xCF00400,1,8,FF,FF,FF,E2,55,FF,FF,FF
63658,6427,0xCFF6600,1,8,BC,0A,FF,FF,FF,FF,FF,FF
63675,6428,0xCF00400,1,8,FF,FF,FF,76,55,FF,FF,FF
63677,6429,0xCFF6600,1,8,AE,0A,FF,FF,FF,FF,FF,FF
63699,6430,0xCF00400,1,8,FF,FF,FF,A6,54,FF,FF,FF
63700,6431,0xCFF6600,1,8,94,0A,FF,FF,FF,FF,FF,FF
63715,6432,0xCF00400,1,8,FF,FF,FF,48,54,FF,FF,FF
63716,6433,0xCFF6600,1,8,89,0A,FF,FF,FF,FF,FF,FF
63736,6434,0xCF00400,1,8,FF,FF,FF,42,54,FF,FF,FF
63736,6435,0xCFF6600,1,8,88,0A,FF,FF,FF,FF,FF,FF
63746,6436,0x10FF6500,1,8,FC,FF,FF,FF,FF,FF,FF,FF
63746,6437,0x18F00500,1,8,FF,FF,FF,FF,20,2D,FF,FF
63786,6438,0xCF00400,1,8,FF,FF,FF,42,54,FF,FF,FF
63787,6439,0xCFF6600,1,8,88,0A,FF,FF,FF,FF,FF,FF
63787,6440,0x18EEFF00,1,8,08,CF,60,06,00,00,00,00
63788,6441,0x18F00600,1,8,FF,FF,FF,FF,FF,FF,FF,FF
63789,6442,0x18FEF100,1,8,3F,00,00,FF,FF,FF,FF,FF
63789,6443,0x18FEF200,1,8,1E,00,00,00,00,00,00,FF
63790,6444,0x1CFDDF00,1,8,FE,FF,FF,FF,FF,FF,FF,FF
63790,6445,0x1CFF6A00,1,8,FC,FF,FF,FF,FF,FF,FF,FF
63795,6446,0xCF00400,1,8,FF,FF,FF,AA,53,FF,FF,FF
63795,6447,0xCFF6600,1,8,75,0A,FF,FF,FF,FF,FF,FF
63815,6448,0xCF00400,1,8,FF,FF,FF,9C,53,FF,FF,FF
63816,6449,0xCFF6600,1,8,73,0A,FF,FF,FF,FF,FF,FF
63835,6450,0xCF00400,1,8,FF,FF,FF,C4,53,FF,FF,FF
63836,6451,0xCFF6600,1,8,78,0A,FF,FF,FF,FF,FF,FF
63846,6452,0x18F00500,1,8,FF,FF,FF,FF,20,2D,FF,FF
63847,6453,0x18FEF100,1,8,3F,00,00,FF,FF,FF,FF,FF
63847,6454,0x18FEF200,1,8,1E,00,00,00,00,00,00,FF
63855,6455,0xCF00400,1,8,FF,FF,FF,F6,53,FF,FF,FF
63876,6456,0xCF00400,1,8,FF,FF,FF,34,54,FF,FF,FF
63876,6457,0xCFF6600,1,8,7E,0A,FF,FF,FF,FF,FF,FF
63895,6458,0xCF00400,1,8,FF,FF,FF,3E,54,FF,FF,FF
63895,6459,0xCFF6600,1,8,87,0A,FF,FF,FF,FF,FF,FF
63915,6460,0xCF00400,1,8,FF,FF,FF,20,54,FF,FF,FF
63916,6461,0xCFF6600,1,8,84,0A,FF,FF,FF,FF,FF,FF
63936,6462,0xCF00400,1,8,FF,FF,FF,20,54,FF,FF,FF
63937,6463,0xCFF6600,1,8,84,0A,FF,FF,FF,FF,FF,FF
63945,6464,0x18FEF100,1,8,3F,00,00,FF,FF,FF,FF,FF
63946,6465,0x10FF6500,1,8,FC,FF,FF,FF,FF,FF,FF,FF
63947,6466,0x18F00500,1,8,FF,FF,FF,FF,20,2D,FF,FF
63947,6467,0x18FEF200,1,8,1E,00,00,00,00,00,00,FF
63955,6468,0xCF00400,1,8,FF,FF,FF,F8,53,FF,FF,FF
63955,6469,0xCFF6600,1,8,7F,0A,FF,FF,FF,FF,FF,FF
63975,6470,0xCF00400,1,8,FF,FF,FF,CC,53,FF,FF,FF
63975,6471,0xCFF6600,1,8,79,0A,FF,FF,FF,FF,FF,FF
63995,6472,0xCF00400,1,8,FF,FF,FF,F6,53,FF,FF,FF
63995,6473,0xCFF6600,1,8,7E,0A,FF,FF,FF,FF,FF,FF
64005,6474,0x18FDE500,1,8,0A,14,1E,28,32,3C,46,13
64007,6475,0x18FEEE00,1,8,5E,FF,FF,FF,FF,FF,FF,FF
64015,6476,0xCF00400,1,8,FF,FF,FF,60,54,FF,FF,FF
64016,6477,0xCFF6600,1,8,8C,0A,FF,FF,FF,FF,FF,FF
64025,6478,0x1CECFF00,1,8,20,0A,00,02,FF,CA,FE,00
64052,6479,0xCF00400,1,8,FF,FF,FF,A6,54,FF,FF,FF
64053,6480,0xCFF6600,1,8,94,0A,FF,FF,FF,FF,FF,FF
64054,6481,0x18EEFF00,1,8,08,CF,60,06,00,00,00,00
64055,6482,0xCF00400,1,8,FF,FF,FF,DE,54,FF,FF,FF
64055,6483,0xCFF6600,1,8,9B,0A,FF,FF,FF,FF,FF,FF
64075,6484,0xCF00400,1,8,FF,FF,FF,EC,54,FF,FF,FF
64075,6485,0xCFF6600,1,8,9D,0A,FF,FF,FF,FF,FF,FF
64076,6486,0x1CEBFF00,1,8,01,40,FF,0F,F0,E5,01,02
64095,6487,0xCF00400,1,8,FF,FF,FF,DE,54,FF,FF,FF
64095,6488,0xCFF6600,1,8,9B,0A,FF,FF,FF,FF,FF,FF
64115,6489,0xCF00400,1,8,FF,FF,FF,E8,54,FF,FF,FF
64115,6490,0xCFF6600,1,8,9D,0A,FF,FF,FF,FF,FF,FF
64125,6491,0x1CEBFF00,1,8,02,F0,E3,01,FF,FF,FF,FF
64136,6492,0xCF00400,1,8,FF,FF,FF,00,55,FF,FF,FF
64136,6493,0xCFF6600,1,8,A0,0A,FF,FF,FF,FF,FF,FF
64146,6494,0x18F00500,1,8,FF,FF,FF,FF,20,2D,FF,FF
64146,6495,0x18FEF100,1,8,3F,00,00,FF,FF,FF,FF,FF
64147,6496,0x18FEF200,1,8,1E,00,00,00,00,00,00,FF
64155,6497,0xCF00400,1,8,FF,FF,FF,00,55,FF,FF,FF
64176,6498,0xCF00400,1,8,FF,FF,FF,C4,54,FF,FF,FF
64177,6499,0xCFF6600,1,8,A0,0A,FF,FF,FF,FF,FF,FF
64195,6500,0xCF00400,1,8,FF,FF,FF,48,54,FF,FF,FF
64197,6501,0xCFF6600,1,8,89,0A,FF,FF,FF,FF,FF,FF
64215,6502,0xCF00400,1,8,FF,FF,FF,6C,54,FF,FF,FF
64216,6503,0xCFF6600,1,8,8D,0A,FF,FF,FF,FF,FF,FF
64236,6504,0xCF00400,1,8,FF,FF,FF,08,55,FF,FF,FF
64236,6505,0xCFF6600,1,8,A1,0A,FF,FF,FF,FF,FF,FF
64246,6506,0x18FEF100,1,8,3F,00,00,FF,FF,FF,FF,FF
64247,6507,0x10FF6500,1,8,FC,FF,FF,FF,FF,FF,FF,FF
64247,6508,0x18F00500,1,8,FF,FF,FF,FF,20,2D,FF,FF
64248,6509,0x18FEF200,1,8,1E,00,00,00,00,00,00,FF
64256,6510,0xCF00400,1,8,FF,FF,FF,3A,55,FF,FF,FF
64257,6511,0xCFF6600,1,8,A7,0A,FF,FF,FF,FF,FF,FF
64275,6512,0xCF00400,1,8,FF,FF,FF,1E,55,FF,FF,FF
64276,6513,0xCFF6600,1,8,A3,0A,FF,FF,FF,FF,FF,FF
64295,6514,0xCF00400,1,8,FF,FF,FF,48,55,FF,FF,FF
64296,6515,0xCFF6600,1,8,A9,0A,FF,FF,FF,FF,FF,FF
64315,6516,0xCF00400,1,8,FF,FF,FF,A2,55,FF,FF,FF
64316,6517,0xCFF6600,1,8,B4,0A,FF,FF,FF,FF,FF,FF
64336,6518,0xCF00400,1,8,FF,FF,FF,9C,55,FF,FF,FF
64337,6519,0xCFF6600,1,8,B3,0A,FF,FF,FF,FF,FF,FF
64346,6520,0x18F00500,1,8,FF,FF,FF,FF,20,2D,FF,FF
64347,6521,0x18F00600,1,8,FF,FF,FF,FF,FF,FF,FF,FF
64347,6522,0x18FEF100,1,8,3F,00,00,FF,FF,FF,FF,FF
64348,6523,0x18FEF200,1,8,1E,00,00,00,00,00,00,FF
64349,6524,0x1CFDDF00,1,8,FE,FF,FF,FF,FF,FF,FF,FF
64350,6525,0x1CFF6A00,1,8,FC,FF,FF,FF,FF,FF,FF,FF
64355,6526,0xCF00400,1,8,FF,FF,FF,9C,55,FF,FF,FF
64356,6527,0xCFF6600,1,8,B3,0A,FF,FF,FF,FF,FF,FF
64376,6528,0xCF00400,1,8,FF,FF,FF,4A,55,FF,FF,FF
64376,6529,0xCFF6600,1,8,A9,0A,FF,FF,FF,FF,FF,FF
64415,6530,0xCF00400,1,8,FF,FF,FF,68,55,FF,FF,FF
64415,6531,0xCFF6600,1,8,AD,0A,FF,FF,FF,FF,FF,FF
64436,6532,0xCF00400,1,8,FF,FF,FF,F6,55,FF,FF,FF
64436,6533,0xCFF6600,1,8,BE,0A,FF,FF,FF,FF,FF,FF
64446,6534,0x18FEF100,1,8,3F,00,00,FF,FF,FF,FF,FF
64446,6535,0x10FF6500,1,8,FC,FF,FF,FF,FF,FF,FF,FF
64447,6536,0x18F00500,1,8,FF,FF,FF,FF,20,2D,FF,FF
64463,6537,0x18FEF200,1,8,1E,00,00,00,00,00,00,FF
64464,6538,0x18EEFF00,1,8,08,CF,60,06,00,00,00,00
64475,6539,0xCF00400,1,8,FF,FF,FF,F6,55,FF,FF,FF
64475,6540,0xCFF6600,1,8,BE,0A,FF,FF,FF,FF,FF,FF
64495,6541,0xCF00400,1,8,FF,FF,FF,7E,56,FF,FF,FF
64495,6542,0xCFF6600,1,8,CF,0A,FF,FF,FF,FF,FF,FF
64515,6543,0xCF00400,1,8,FF,FF,FF,D4,56,FF,FF,FF
64515,6544,0xCFF6600,1,8,DA,0A,FF,FF,FF,FF,FF,FF
64535,6545,0xCF00400,1,8,FF,FF,FF,08,57,FF,FF,FF
64536,6546,0xCFF6600,1,8,E1,0A,FF,FF,FF,FF,FF,FF
64546,6547,0x18F00500,1,8,FF,FF,FF,FF,20,2D,FF,FF
64546,6548,0x18FEF100,1,8,3F,00,00,FF,FF,FF,FF,FF
64547,6549,0x18FEF200,1,8,1E,00,00,00,00,00,00,FF
64559,6550,0xCF00400,1,8,FF,FF,FF,4C,57,FF,FF,FF
64560,6551,0xCFF6600,1,8,E9,0A,FF,FF,FF,FF,FF,FF
64575,6552,0xCF00400,1,8,FF,FF,FF,A0,57,FF,FF,FF
64576,6553,0xCFF6600,1,8,F4,0A,FF,FF,FF,FF,FF,FF
64595,6554,0xCF00400,1,8,FF,FF,FF,94,57,FF,FF,FF
64595,6555,0xCFF6600,1,8,F2,0A,FF,FF,FF,FF,FF,FF
64615,6556,0xCF00400,1,8,FF,FF,FF,3A,57,FF,FF,FF
64616,6557,0xCFF6600,1,8,E7,0A,FF,FF,FF,FF,FF,FF
64635,6558,0xCF00400,1,8,FF,FF,FF,3A,57,FF,FF,FF
64657,6559,0xCF00400,1,8,FF,FF,FF,50,57,FF,FF,FF
64658,6560,0xCFF6600,1,8,E7,0A,FF,FF,FF,FF,FF,FF
64658,6561,0x10FF6500,1,8,FC,FF,FF,FF,FF,FF,FF,FF
64659,6562,0x18F00500,1,8,FF,FF,FF,FF,20,2D,FF,FF
64660,6563,0x18FEF100,1,8,3F,00,00,FF,FF,FF,FF,FF
64660,6564,0x18FEF200,1,8,1E,00,00,00,00,00,00,FF
64675,6565,0xCF00400,1,8,FF,FF,FF,C0,57,FF,FF,FF
64677,6566,0xCFF6600,1,8,F8,0A,FF,FF,FF,FF,FF,FF
64695,6567,0xCF00400,1,8,FF,FF,FF,EA,57,FF,FF,FF
64696,6568,0xCFF6600,1,8,FD,0A,FF,FF,FF,FF,FF,FF
64715,6569,0xCF00400,1,8,FF,FF,FF,DA,57,FF,FF,FF
64716,6570,0xCFF6600,1,8,FB,0A,FF,FF,FF,FF,FF,FF
64735,6571,0xCF00400,1,8,FF,FF,FF,E8,57,FF,FF,FF
64736,6572,0xCFF6600,1,8,FD,0A,FF,FF,FF,FF,FF,FF
64746,6573,0x18F00500,1,8,FF,FF,FF,FF,20,2D,FF,FF
64747,6574,0x18FEF100,1,8,3F,00,00,FF,FF,FF,FF,FF
64747,6575,0x18FEF200,1,8,1E,00,00,00,00,00,00,FF
64755,6576,0xCF00400,1,8,FF,FF,FF,0A,58,FF,FF,FF
64756,6577,0xCFF6600,1,8,01,0B,FF,FF,FF,FF,FF,FF
64775,6578,0xCF00400,1,8,FF,FF,FF,40,58,FF,FF,FF
64776,6579,0xCFF6600,1,8,08,0B,FF,FF,FF,FF,FF,FF
64796,6580,0xCF00400,1,8,FF,FF,FF,80,58,FF,FF,FF
64796,6581,0xCFF6600,1,8,10,0B,FF,FF,FF,FF,FF,FF
64815,6582,0xCF00400,1,8,FF,FF,FF,68,58,FF,FF,FF
64816,6583,0xCFF6600,1,8,0D,0B,FF,FF,FF,FF,FF,FF
64835,6584,0xCF00400,1,8,FF,FF,FF,0A,58,FF,FF,FF
64836,6585,0xCFF6600,1,8,01,0B,FF,FF,FF,FF,FF,FF
64846,6586,0x10FF6500,1,8,FC,FF,FF,FF,FF,FF,FF,FF
64846,6587,0x18F00500,1,8,FF,FF,FF,FF,20,2D,FF,FF
64868,6588,0xCF00400,1,8,FF,FF,FF,E4,57,FF,FF,FF
64868,6589,0xCFF6600,1,8,FC,0A,FF,FF,FF,FF,FF,FF
64869,6590,0x18F00600,1,8,FF,FF,FF,FF,FF,FF,FF,FF
64870,6591,0x18FEF100,1,8,3F,00,00,FF,FF,FF,FF,FF
64870,6592,0x18FEF200,1,8,1E,00,00,00,00,00,00,FF
64871,6593,0x1CFDDF00,1,8,FE,FF,FF,FF,FF,FF,FF,FF
64872,6594,0x1CFF6A00,1,8,FC,FF,FF,FF,FF,FF,FF,FF
64875,6595,0xCF00400,1,8,FF,FF,FF,EA,57,FF,FF,FF
64875,6596,0xCFF6600,1,8,FD,0A,FF,FF,FF,FF,FF,FF
64895,6597,0xCF00400,1,8,FF,FF,FF,C4,57,FF,FF,FF
64896,6598,0xCFF6600,1,8,F8,0A,FF,FF,FF,FF,FF,FF
64915,6599,0xCF00400,1,8,FF,FF,FF,80,57,FF,FF,FF
64916,6600,0xCFF6600,1,8,F0,0A,FF,FF,FF,FF,FF,FF
64935,6601,0xCF00400,1,8,FF,FF,FF,BA,57,FF,FF,FF
64936,6602,0xCFF6600,1,8,F7,0A,FF,FF,FF,FF,FF,FF
64946,6603,0x18FEF100,1,8,3F,00,00,FF,FF,FF,FF,FF
64947,6604,0x18F00500,1,8,FF,FF,FF,FF,20,2D,FF,FF
64947,6605,0x18FEF200,1,8,1E,00,00,00,00,00,00,FF
64955,6606,0xCF00400,1,8,FF,FF,FF,BA,57,FF,FF,FF
64957,6607,0xCFF6600,1,8,F7,0A,FF,FF,FF,FF,FF,FF
64993,6608,0xCF00400,1,8,FF,FF,FF,56,58,FF,FF,FF
64994,6609,0xCFF6600,1,8,0A,0B,FF,FF,FF,FF,FF,FF
64995,6610,0x18EEFF00,1,8,08,CF,60,06,00,00,00,00
65004,6611,0x18FEEE00,1,8,5E,FF,FF,FF,FF,FF,FF,FF
65005,6612,0x18FDE500,1,8,0A,14,1E,28,32,3C,46,13
65015,6613,0xCF00400,1,8,FF,FF,FF,44,58,FF,FF,FF
65015,6614,0xCFF6600,1,8,08,0B,FF,FF,FF,FF,FF,FF
65024,6615,0x1CECFF00,1,8,20,0A,00,02,FF,CA,FE,00
65035,6616,0xCF00400,1,8,FF,FF,FF,DE,57,FF,FF,FF
65035,6617,0xCFF6600,1,8,FB,0A,FF,FF,FF,FF,FF,FF
65046,6618,0x18FEF100,1,8,3F,00,00,FF,FF,FF,FF,FF
65046,6619,0x10FF6500,1,8,FC,FF,FF,FF,FF,FF,FF,FF
65047,6620,0x18F00500,1,8,FF,FF,FF,FF,20,2D,FF,FF
65047,6621,0x18FEF200,1,8,1E,00,00,00,00,00,00,FF
65055,6622,0xCF00400,1,8,FF,FF,FF,50,57,FF,FF,FF
65055,6623,0xCFF6600,1,8,EA,0A,FF,FF,FF,FF,FF,FF
65075,6624,0xCF00400,1,8,FF,FF,FF,10,57,FF,FF,FF
65075,6625,0xCFF6600,1,8,E2,0A,FF,FF,FF,FF,FF,FF
65076,6626,0x1CEBFF00,1,8,01,40,FF,0F,F0,E5,01,02
65095,6627,0xCF00400,1,8,FF,FF,FF,12,57,FF,FF,FF
65096,6628,0xCFF6600,1,8,E2,0A,FF,FF,FF,FF,FF,FF
65115,6629,0xCF00400,1,8,FF,FF,FF,EA,56,FF,FF,FF
65115,6630,0xCFF6600,1,8,DD,0A,FF,FF,FF,FF,FF,FF
65125,6631,0x1CEBFF00,1,8,02,F0,E3,01,FF,FF,FF,FF
65135,6632,0xCF00400,1,8,FF,FF,FF,9E,56,FF,FF,FF
65135,6633,0xCFF6600,1,8,D3,0A,FF,FF,FF,FF,FF,FF
65145,6634,0x18FEF100,1,8,3F,00,00,FF,FF,FF,FF,FF
65146,6635,0x18F00500,1,8,FF,FF,FF,FF,20,2D,FF,FF
65147,6636,0x18FEF200,1,8,1E,00,00,00,00,00,00,FF
65174,6637,0xCF00400,1,8,FF,FF,FF,20,56,FF,FF,FF
65175,6638,0xCFF6600,1,8,C4,0A,FF,FF,FF,FF,FF,FF
65195,6639,0xCF00400,1,8,FF,FF,FF,52,55,FF,FF,FF
65196,6640,0xCFF6600,1,8,AA,0A,FF,FF,FF,FF,FF,FF
65215,6641,0xCF00400,1,8,FF,FF,FF,52,55,FF,FF,FF
65216,6642,0xCFF6600,1,8,AA,0A,FF,FF,FF,FF,FF,FF
65235,6643,0xCF00400,1,8,FF,FF,FF,A4,55,FF,FF,FF
65236,6644,0xCFF6600,1,8,B4,0A,FF,FF,FF,FF,FF,FF
65246,6645,0x10FF6500,1,8,FC,FF,FF,FF,FF,FF,FF,FF
65247,6646,0x18F00500,1,8,FF,FF,FF,FF,20,2D,FF,FF
65247,6647,0x18FEF100,1,8,3F,00,00,FF,FF,FF,FF,FF
65248,6648,0x18FEF200,1,8,1E,00,00,00,00,00,00,FF
65259,6649,0xCF00400,1,8,FF,FF,FF,34,55,FF,FF,FF
65260,6650,0xCFF6600,1,8,A6,0A,FF,FF,FF,FF,FF,FF
65276,6651,0xCF00400,1,8,FF,FF,FF,18,54,FF,FF,FF
65277,6652,0xCFF6600,1,8,83,0A,FF,FF,FF,FF,FF,FF
65295,6653,0xCF00400,1,8,FF,FF,FF,96,53,FF,FF,FF
65296,6654,0xCFF6600,1,8,72,0A,FF,FF,FF,FF,FF,FF
65315,6655,0xCF00400,1,8,FF,FF,FF,9A,53,FF,FF,FF
65316,6656,0xCFF6600,1,8,73,0A,FF,FF,FF,FF,FF,FF
65335,6657,0xCF00400,1,8,FF,FF,FF,BA,53,FF,FF,FF
65336,6658,0xCFF6600,1,8,77,0A,FF,FF,FF,FF,FF,FF
65347,6659,0x18F00500,1,8,FF,FF,FF,FF,20,2D,FF,FF
65348,6660,0x18F00600,1,8,FF,FF,FF,FF,FF,FF,FF,FF
65349,6661,0x18FEF100,1,8,3F,00,00,FF,FF,FF,FF,FF
65349,6662,0x18FEF200,1,8,1E,00,00,00,00,00,00,FF
65350,6663,0x1CFDDF00,1,8,FE,FF,FF,FF,FF,FF,FF,FF
65351,6664,0x1CFF6A00,1,8,FC,FF,FF,FF,FF,FF,FF,FF
65355,6665,0xCF00400,1,8,FF,FF,FF,F8,53,FF,FF,FF
65356,6666,0xCFF6600,1,8,7F,0A,FF,FF,FF,FF,FF,FF
65375,6667,0xCF00400,1,8,FF,FF,FF,F8,53,FF,FF,FF
65376,6668,0xCFF6600,1,8,7F,0A,FF,FF,FF,FF,FF,FF
65396,6669,0xCF00400,1,8,FF,FF,FF,C0,53,FF,FF,FF
65396,6670,0xCFF6600,1,8,78,0A,FF,FF,FF,FF,FF,FF
65416,6671,0xCF00400,1,8,FF,FF,FF,C0,53,FF,FF,FF
65417,6672,0xCFF6600,1,8,78,0A,FF,FF,FF,FF,FF,FF
65435,6673,0xCF00400,1,8,FF,FF,FF,E8,53,FF,FF,FF
65436,6674,0xCFF6600,1,8,7D,0A,FF,FF,FF,FF,FF,FF
65446,6675,0x10FF6500,1,8,FC,FF,FF,FF,FF,FF,FF,FF
65446,6676,0x18F00500,1,8,FF,FF,FF,FF,20,2D,FF,FF
65447,6677,0x18FEF100,1,8,3F,00,00,FF,FF,FF,FF,FF
65473,6678,0x18EEFF00,1,8,08,CF,60,06,00,00,00,00
65473,6679,0x18FEF200,1,8,1E,00,00,00,00,00,00,FF
65475,6680,0xCF00400,1,8,FF,FF,FF,36,54,FF,FF,FF
65475,6681,0xCFF6600,1,8,86,0A,FF,FF,FF,FF,FF,FF
65495,6682,0xCF00400,1,8,FF,FF,FF,B2,53,FF,FF,FF
65495,6683,0xCFF6600,1,8,76,0A,FF,FF,FF,FF,FF,FF
65515,6684,0xCF00400,1,8,FF,FF,FF,6C,53,FF,FF,FF
65516,6685,0xCFF6600,1,8,6D,0A,FF,FF,FF,FF,FF,FF
65535,6686,0xCF00400,1,8,FF,FF,FF,58,53,FF,FF,FF
65536,6687,0xCFF6600,1,8,6B,0A,FF,FF,FF,FF,FF,FF
65546,6688,0x18F00500,1,8,FF,FF,FF,FF,20,2D,FF,FF
65546,6689,0x18FEF100,1,8,3F,00,00,FF,FF,FF,FF,FF
65568,6690,0xCF00400,1,8,FF,FF,FF,3E,53,FF,FF,FF
65568,6691,0xCFF6600,1,8,67,0A,FF,FF,FF,FF,FF,FF
65569,6692,0x18FEF200,1,8,1E,00,00,00,00,00,00,FF
65575,6693,0xCF00400,1,8,FF,FF,FF,22,53,FF,FF,FF
65576,6694,0xCFF6600,1,8,64,0A,FF,FF,FF,FF,FF,FF
65595,6695,0xCF00400,1,8,FF,FF,FF,22,53,FF,FF,FF
65596,6696,0xCFF6600,1,8,64,0A,FF,FF,FF,FF,FF,FF
65615,6697,0xCF00400,1,8,FF,FF,FF,22,53,FF,FF,FF
65616,6698,0xCFF6600,1,8,64,0A,FF,FF,FF,FF,FF,FF
65635,6699,0xCF00400,1,8,FF,FF,FF,36,53,FF,FF,FF
65636,6700,0xCFF6600,1,8,66,0A,FF,FF,FF,FF,FF,FF
65646,6701,0x10FF6500,1,8,FC,FF,FF,FF,FF,FF,FF,FF
65647,6702,0x18F00500,1,8,FF,FF,FF,FF,20,2D,FF,FF
65647,6703,0x18FEF100,1,8,3F,00,00,FF,FF,FF,FF,FF
65648,6704,0x18FEF200,1,8,1E,00,00,00,00,00,00,FF
65655,6705,0xCF00400,1,8,FF,FF,FF,2E,53,FF,FF,FF
65655,6706,0xCFF6600,1,8,65,0A,FF,FF,FF,FF,FF,FF
65675,6707,0xCF00400,1,8,FF,FF,FF,12,53,FF,FF,FF
65675,6708,0xCFF6600,1,8,62,0A,FF,FF,FF,FF,FF,FF
65696,6709,0xCF00400,1,8,FF,FF,FF,34,53,FF,FF,FF
65697,6710,0xCFF6600,1,8,66,0A,FF,FF,FF,FF,FF,FF
65716,6711,0xCF00400,1,8,FF,FF,FF,84,53,FF,FF,FF
65716,6712,0xCFF6600,1,8,70,0A,FF,FF,FF,FF,FF,FF
65735,6713,0xCF00400,1,8,FF,FF,FF,B4,53,FF,FF,FF
65736,6714,0xCFF6600,1,8,76,0A,FF,FF,FF,FF,FF,FF
65747,6715,0x18F00500,1,8,FF,FF,FF,FF,20,2D,FF,FF
65748,6716,0x18FEF100,1,8,3F,00,00,FF,FF,FF,FF,FF
65749,6717,0x18FEF200,1,8,1E,00,00,00,00,00,00,FF
65755,6718,0xCF00400,1,8,FF,FF,FF,D0,53,FF,FF,FF
65756,6719,0xCFF6600,1,8,7A,0A,FF,FF,FF,FF,FF,FF
65775,6720,0xCF00400,1,8,FF,FF,FF,D0,53,FF,FF,FF
65776,6721,0xCFF6600,1,8,7A,0A,FF,FF,FF,FF,FF,FF
65795,6722,0xCF00400,1,8,FF,FF,FF,A6,53,FF,FF,FF
65796,6723,0xCFF6600,1,8,74,0A,FF,FF,FF,FF,FF,FF
65815,6724,0xCF00400,1,8,FF,FF,FF,40,53,FF,FF,FF
65835,6725,0xCF00400,1,8,FF,FF,FF,3A,53,FF,FF,FF
65836,6726,0xCFF6600,1,8,68,0A,FF,FF,FF,FF,FF,FF
65846,6727,0x10FF6500,1,8,FC,FF,FF,FF,FF,FF,FF,FF
65847,6728,0x18F00500,1,8,FF,FF,FF,FF,20,2D,FF,FF
65848,6729,0x18F00600,1,8,FF,FF,FF,FF,FF,FF,FF,FF
65848,6730,0x18FEF100,1,8,3F,00,00,FF,FF,FF,FF,FF
65849,6731,0x18FEF200,1,8,1E,00,00,00,00,00,00,FF
65849,6732,0x1CFDDF00,1,8,FE,FF,FF,FF,FF,FF,FF,FF
65851,6733,0x1CFF6A00,1,8,FC,FF,FF,FF,FF,FF,FF,FF
65852,6734,0x1CFF6A00,1,8,FC,FF,FF,FF,FF,FF,FF,FF
65856,6735,0xCF00400,1,8,FF,FF,FF,82,53,FF,FF,FF
65856,6736,0xCFF6600,1,8,70,0A,FF,FF,FF,FF,FF,FF
65875,6737,0xCF00400,1,8,FF,FF,FF,6E,53,FF,FF,FF
65876,6738,0xCFF6600,1,8,6D,0A,FF,FF,FF,FF,FF,FF
65895,6739,0xCF00400,1,8,FF,FF,FF,12,53,FF,FF,FF
65896,6740,0xCFF6600,1,8,62,0A,FF,FF,FF,FF,FF,FF
65915,6741,0xCF00400,1,8,FF,FF,FF,12,53,FF,FF,FF
65916,6742,0xCFF6600,1,8,62,0A,FF,FF,FF,FF,FF,FF
65935,6743,0xCF00400,1,8,FF,FF,FF,5C,53,FF,FF,FF
65936,6744,0xCFF6600,1,8,6B,0A,FF,FF,FF,FF,FF,FF
65946,6745,0x18FEF100,1,8,3F,00,00,FF,FF,FF,FF,FF
65946,6746,0x18F00500,1,8,FF,FF,FF,FF,20,2D,FF,FF
65947,6747,0x18FEF200,1,8,1E,00,00,00,00,00,00,FF
65955,6748,0xCF00400,1,8,FF,FF,FF,5C,53,FF,FF,FF
65976,6749,0xCF00400,1,8,FF,FF,FF,80,53,FF,FF,FF
65976,6750,0xCFF6600,1,8,6B,0A,FF,FF,FF,FF,FF,FF
65995,6751,0xCF00400,1,8,FF,FF,FF,88,53,FF,FF,FF
65996,6752,0xCFF6600,1,8,71,0A,FF,FF,FF,FF,FF,FF
66005,6753,0x18FEEE00,1,8,5F,FF,FF,FF,FF,FF,FF,FF
66005,6754,0x18FDE500,1,8,0A,14,1E,28,32,3C,46,13
66015,6755,0xCF00400,1,8,FF,FF,FF,B0,53,FF,FF,FF
66016,6756,0xCFF6600,1,8,76,0A,FF,FF,FF,FF,FF,FF
66024,6757,0x1CECFF00,1,8,20,0A,00,02,FF,CA,FE,00
66036,6758,0xCF00400,1,8,FF,FF,FF,EE,53,FF,FF,FF
66036,6759,0xCFF6600,1,8,7D,0A,FF,FF,FF,FF,FF,FF
66046,6760,0x18FEF100,1,8,3F,00,00,FF,FF,FF,FF,FF
66047,6761,0x10FF6500,1,8,FC,FF,FF,FF,FF,FF,FF,FF
66047,6762,0x18F00500,1,8,FF,FF,FF,FF,20,2D,FF,FF
66048,6763,0x18FEF200,1,8,1D,00,00,00,00,00,00,FF
66055,6764,0xCF00400,1,8,FF,FF,FF,CC,53,FF,FF,FF
66056,6765,0xCFF6600,1,8,79,0A,FF,FF,FF,FF,FF,FF
66075,6766,0xCF00400,1,8,FF,FF,FF,58,53,FF,FF,FF
66075,6767,0xCFF6600,1,8,6B,0A,FF,FF,FF,FF,FF,FF
66076,6768,0x1CEBFF00,1,8,01,40,FF,0F,F0,E5,01,02
66095,6769,0xCF00400,1,8,FF,FF,FF,66,53,FF,FF,FF
66095,6770,0xCFF6600,1,8,6C,0A,FF,FF,FF,FF,FF,FF
66116,6771,0xCF00400,1,8,FF,FF,FF,DA,53,FF,FF,FF
66116,6772,0xCFF6600,1,8,7B,0A,FF,FF,FF,FF,FF,FF
66125,6773,0x1CEBFF00,1,8,02,F0,E3,01,FF,FF,FF,FF
66135,6774,0xCF00400,1,8,FF,FF,FF,12,54,FF,FF,FF
66136,6775,0xCFF6600,1,8,82,0A,FF,FF,FF,FF,FF,FF
66146,6776,0x18F00500,1,8,FF,FF,FF,FF,20,2D,FF,FF
66146,6777,0x18FEF100,1,8,3F,00,00,FF,FF,FF,FF,FF
66147,6778,0x18FEF200,1,8,1D,00,00,00,00,00,00,FF
66155,6779,0xCF00400,1,8,FF,FF,FF,12,54,FF,FF,FF
66155,6780,0xCFF6600,1,8,82,0A,FF,FF,FF,FF,FF,FF
66176,6781,0xCF00400,1,8,FF,FF,FF,24,54,FF,FF,FF
66177,6782,0xCFF6600,1,8,84,0A,FF,FF,FF,FF,FF,FF
66195,6783,0xCF00400,1,8,FF,FF,FF,7A,54,FF,FF,FF
66196,6784,0xCFF6600,1,8,8F,0A,FF,FF,FF,FF,FF,FF
66215,6785,0xCF00400,1,8,FF,FF,FF,FE,54,FF,FF,FF
66215,6786,0xCFF6600,1,8,9F,0A,FF,FF,FF,FF,FF,FF
66235,6787,0xCF00400,1,8,FF,FF,FF,38,55,FF,FF,FF
66255,6788,0xCF00400,1,8,FF,FF,FF,3E,55,FF,FF,FF
66257,6789,0xCFF6600,1,8,A7,0A,FF,FF,FF,FF,FF,FF
66257,6790,0x10FF6500,1,8,FC,FF,FF,FF,FF,FF,FF,FF
66258,6791,0x18F00500,1,8,FF,FF,FF,FF,20,2D,FF,FF
66259,6792,0x18FEF100,1,8,3F,00,00,FF,FF,FF,FF,FF
66259,6793,0x18FEF200,1,8,1D,00,00,00,00,00,00,FF
66276,6794,0xCF00400,1,8,FF,FF,FF,6E,55,FF,FF,FF
66277,6795,0xCFF6600,1,8,AD,0A,FF,FF,FF,FF,FF,FF
66295,6796,0xCF00400,1,8,FF,FF,FF,C2,55,FF,FF,FF
66295,6797,0xCFF6600,1,8,B8,0A,FF,FF,FF,FF,FF,FF
66315,6798,0xCF00400,1,8,FF,FF,FF,0E,56,FF,FF,FF
66315,6799,0xCFF6600,1,8,C1,0A,FF,FF,FF,FF,FF,FF
66335,6800,0xCF00400,1,8,FF,FF,FF,56,56,FF,FF,FF
66335,6801,0xCFF6600,1,8,CA,0A,FF,FF,FF,FF,FF,FF
66346,6802,0x18FEF100,1,8,3F,00,00,FF,FF,FF,FF,FF
66346,6803,0x18F00500,1,8,FF,FF,FF,FF,20,2D,FF,FF
66347,6804,0x18F00600,1,8,FF,FF,FF,FF,FF,FF,FF,FF
66348,6805,0x18FEF200,1,8,1D,00,00,00,00,00,00,FF
66348,6806,0x1CFDDF00,1,8,FE,FF,FF,FF,FF,FF,FF,FF
66349,6807,0x1CFF6A00,1,8,FC,FF,FF,FF,FF,FF,FF,FF
66355,6808,0xCF00400,1,8,FF,FF,FF,58,56,FF,FF,FF
66356,6809,0xCFF6600,1,8,CB,0A,FF,FF,FF,FF,FF,FF
66375,6810,0xCF00400,1,8,FF,FF,FF,58,56,FF,FF,FF
66375,6811,0xCFF6600,1,8,CB,0A,FF,FF,FF,FF,FF,FF
66409,6812,0xCF00400,1,8,FF,FF,FF,22,56,FF,FF,FF
66410,6813,0xCFF6600,1,8,C4,0A,FF,FF,FF,FF,FF,FF
66414,6814,0x18EEFF00,1,8,08,CF,60,06,00,00,00,00
66415,6815,0xCF00400,1,8,FF,FF,FF,0C,56,FF,FF,FF
66415,6816,0xCFF6600,1,8,C1,0A,FF,FF,FF,FF,FF,FF
66435,6817,0xCF00400,1,8,FF,FF,FF,12,56,FF,FF,FF
66435,6818,0xCFF6600,1,8,C2,0A,FF,FF,FF,FF,FF,FF
66446,6819,0x18FEF100,1,8,3F,00,00,FF,FF,FF,FF,FF
66446,6820,0x10FF6500,1,8,FC,FF,FF,FF,FF,FF,FF,FF
66447,6821,0x18F00500,1,8,FF,FF,FF,FF,20,2D,FF,FF
66447,6822,0x18FEF200,1,8,1D,00,00,00,00,00,00,FF
66455,6823,0xCF00400,1,8,FF,FF,FF,26,56,FF,FF,FF
66456,6824,0xCFF6600,1,8,C4,0A,FF,FF,FF,FF,FF,FF
66475,6825,0xCF00400,1,8,FF,FF,FF,42,56,FF,FF,FF
66476,6826,0xCFF6600,1,8,C8,0A,FF,FF,FF,FF,FF,FF
66496,6827,0xCF00400,1,8,FF,FF,FF,0E,56,FF,FF,FF
66496,6828,0xCFF6600,1,8,C1,0A,FF,FF,FF,FF,FF,FF
66515,6829,0xCF00400,1,8,FF,FF,FF,9C,55,FF,FF,FF
66515,6830,0xCFF6600,1,8,B3,0A,FF,FF,FF,FF,FF,FF
66535,6831,0xCF00400,1,8,FF,FF,FF,76,55,FF,FF,FF
66536,6832,0xCFF6600,1,8,AE,0A,FF,FF,FF,FF,FF,FF
66546,6833,0x18F00500,1,8,FF,FF,FF,FF,20,2D,FF,FF
66547,6834,0x18FEF100,1,8,3F,00,00,FF,FF,FF,FF,FF
66547,6835,0x18FEF200,1,8,1D,00,00,00,00,00,00,FF
66555,6836,0xCF00400,1,8,FF,FF,FF,8C,55,FF,FF,FF
66555,6837,0xCFF6600,1,8,B1,0A,FF,FF,FF,FF,FF,FF
66575,6838,0xCF00400,1,8,FF,FF,FF,A4,55,FF,FF,FF
66596,6839,0xCF00400,1,8,FF,FF,FF,BA,55,FF,FF,FF
66596,6840,0xCFF6600,1,8,B4,0A,FF,FF,FF,FF,FF,FF
66615,6841,0xCF00400,1,8,FF,FF,FF,BA,55,FF,FF,FF
66615,6842,0xCFF6600,1,8,B7,0A,FF,FF,FF,FF,FF,FF
66635,6843,0xCF00400,1,8,FF,FF,FF,C6,55,FF,FF,FF
66635,6844,0xCFF6600,1,8,B8,0A,FF,FF,FF,FF,FF,FF
66646,6845,0x18FEF100,1,8,3F,00,00,FF,FF,FF,FF,FF
66646,6846,0x10FF6500,1,8,FC,FF,FF,FF,FF,FF,FF,FF
66647,6847,0x18F00500,1,8,FF,FF,FF,FF,20,2D,FF,FF
66647,6848,0x18FEF200,1,8,1D,00,00,00,00,00,00,FF
66655,6849,0xCF00400,1,8,FF,FF,FF,CC,55,FF,FF,FF
66656,6850,0xCFF6600,1,8,B9,0A,FF,FF,FF,FF,FF,FF
66675,6851,0xCF00400,1,8,FF,FF,FF,BE,55,FF,FF,FF
66676,6852,0xCFF6600,1,8,B7,0A,FF,FF,FF,FF,FF,FF
66695,6853,0xCF00400,1,8,FF,FF,FF,9E,55,FF,FF,FF
66696,6854,0xCFF6600,1,8,B3,0A,FF,FF,FF,FF,FF,FF
66715,6855,0xCF00400,1,8,FF,FF,FF,76,55,FF,FF,FF
66736,6856,0xCF00400,1,8,FF,FF,FF,48,55,FF,FF,FF
66737,6857,0xCFF6600,1,8,AE,0A,FF,FF,FF,FF,FF,FF
66745,6858,0x18F00500,1,8,FF,FF,FF,FF,20,2D,FF,FF
66746,6859,0x18FEF100,1,8,3F,00,00,FF,FF,FF,FF,FF
66747,6860,0x18FEF200,1,8,1D,00,00,00,00,00,00,FF
66755,6861,0xCF00400,1,8,FF,FF,FF,64,55,FF,FF,FF
66756,6862,0xCFF6600,1,8,AC,0A,FF,FF,FF,FF,FF,FF
66775,6863,0xCF00400,1,8,FF,FF,FF,BE,55,FF,FF,FF
66776,6864,0xCFF6600,1,8,B7,0A,FF,FF,FF,FF,FF,FF
66795,6865,0xCF00400,1,8,FF,FF,FF,EE,55,FF,FF,FF
66795,6866,0xCFF6600,1,8,BD,0A,FF,FF,FF,FF,FF,FF
66815,6867,0xCF00400,1,8,FF,FF,FF,F6,55,FF,FF,FF
66816,6868,0xCFF6600,1,8,BE,0A,FF,FF,FF,FF,FF,FF
66835,6869,0xCF00400,1,8,FF,FF,FF,F6,55,FF,FF,FF
66835,6870,0xCFF6600,1,8,BE,0A,FF,FF,FF,FF,FF,FF
66846,6871,0x18FEF100,1,8,3F,00,00,FF,FF,FF,FF,FF
66846,6872,0x10FF6500,1,8,FC,FF,FF,FF,FF,FF,FF,FF
66847,6873,0x18F00500,1,8,FF,FF,FF,FF,20,2D,FF,FF
66847,6874,0x18F00600,1,8,FF,FF,FF,FF,FF,FF,FF,FF
66848,6875,0x18FEF200,1,8,1D,00,00,00,00,00,00,FF
66849,6876,0x1CFDDF00,1,8,FE,FF,FF,FF,FF,FF,FF,FF
66849,6877,0x1CFF6A00,1,8,FC,FF,FF,FF,FF,FF,FF,FF
66859,6878,0xCF00400,1,8,FF,FF,FF,EA,55,FF,FF,FF
66859,6879,0xCFF6600,1,8,BD,0A,FF,FF,FF,FF,FF,FF
66875,6880,0xCF00400,1,8,FF,FF,FF,CE,55,FF,FF,FF
66875,6881,0xCFF6600,1,8,B9,0A,FF,FF,FF,FF,FF,FF
66895,6882,0xCF00400,1,8,FF,FF,FF,04,56,FF,FF,FF
66895,6883,0xCFF6600,1,8,C0,0A,FF,FF,FF,FF,FF,FF
66915,6884,0xCF00400,1,8,FF,FF,FF,78,56,FF,FF,FF
66935,6885,0xCF00400,1,8,FF,FF,FF,9A,56,FF,FF,FF
66936,6886,0xCFF6600,1,8,CF,0A,FF,FF,FF,FF,FF,FF
66946,6887,0x18F00500,1,8,FF,FF,FF,FF,20,2D,FF,FF
66947,6888,0x18FEF100,1,8,3F,00,00,FF,FF,FF,FF,FF
66948,6889,0x18FEF200,1,8,1D,00,00,00,00,00,00,FF
66955,6890,0xCF00400,1,8,FF,FF,FF,7E,56,FF,FF,FF
66956,6891,0xCFF6600,1,8,CF,0A,FF,FF,FF,FF,FF,FF
66975,6892,0xCF00400,1,8,FF,FF,FF,2E,56,FF,FF,FF
66976,6893,0xCFF6600,1,8,C5,0A,FF,FF,FF,FF,FF,FF
66995,6894,0xCF00400,1,8,FF,FF,FF,C0,55,FF,FF,FF
66996,6895,0xCFF6600,1,8,B8,0A,FF,FF,FF,FF,FF,FF
67004,6896,0x18FEEE00,1,8,5F,FF,FF,FF,FF,FF,FF,FF
67005,6897,0x18FDE500,1,8,0A,14,1E,28,32,3C,46,13
67015,6898,0xCF00400,1,8,FF,FF,FF,9E,55,FF,FF,FF
67015,6899,0xCFF6600,1,8,B3,0A,FF,FF,FF,FF,FF,FF
67024,6900,0x1CECFF00,1,8,20,0A,00,02,FF,CA,FE,00
67035,6901,0xCF00400,1,8,FF,FF,FF,BA,55,FF,FF,FF
67036,6902,0xCFF6600,1,8,B7,0A,FF,FF,FF,FF,FF,FF
67046,6903,0x18FEF100,1,8,3F,00,00,FF,FF,FF,FF,FF
67046,6904,0x10FF6500,1,8,FC,FF,FF,FF,FF,FF,FF,FF
67047,6905,0x18F00500,1,8,FF,FF,FF,FF,20,2D,FF,FF
67048,6906,0x18FEF200,1,8,1E,00,00,00,00,00,00,FF
67057,6907,0xCF00400,1,8,FF,FF,FF,CA,55,FF,FF,FF
67058,6908,0xCFF6600,1,8,B9,0A,FF,FF,FF,FF,FF,FF
67075,6909,0xCF00400,1,8,FF,FF,FF,D4,55,FF,FF,FF
67076,6910,0xCFF6600,1,8,BA,0A,FF,FF,FF,FF,FF,FF
67076,6911,0x1CEBFF00,1,8,01,40,FF,0F,F0,E5,01,02
67095,6912,0xCF00400,1,8,FF,FF,FF,D4,55,FF,FF,FF
67095,6913,0xCFF6600,1,8,BA,0A,FF,FF,FF,FF,FF,FF
67115,6914,0xCF00400,1,8,FF,FF,FF,E0,55,FF,FF,FF
67115,6915,0xCFF6600,1,8,BC,0A,FF,FF,FF,FF,FF,FF
67125,6916,0x1CEBFF00,1,8,02,F0,E3,01,FF,FF,FF,FF
67136,6917,0xCF00400,1,8,FF,FF,FF,E6,55,FF,FF,FF
67137,6918,0xCFF6600,1,8,BC,0A,FF,FF,FF,FF,FF,FF
67146,6919,0x18F00500,1,8,FF,FF,FF,FF,20,2D,FF,FF
67146,6920,0x18FEF100,1,8,3F,00,00,FF,FF,FF,FF,FF
67147,6921,0x18FEF200,1,8,1E,00,00,00,00,00,00,FF
67155,6922,0xCF00400,1,8,FF,FF,FF,8A,55,FF,FF,FF
67156,6923,0xCFF6600,1,8,B1,0A,FF,FF,FF,FF,FF,FF
67175,6924,0xCF00400,1,8,FF,FF,FF,D6,54,FF,FF,FF
67176,6925,0xCFF6600,1,8,9A,0A,FF,FF,FF,FF,FF,FF
67196,6926,0xCF00400,1,8,FF,FF,FF,B8,54,FF,FF,FF
67196,6927,0xCFF6600,1,8,97,0A,FF,FF,FF,FF,FF,FF
67215,6928,0xCF00400,1,8,FF,FF,FF,16,55,FF,FF,FF
67216,6929,0xCFF6600,1,8,A2,0A,FF,FF,FF,FF,FF,FF
67235,6930,0xCF00400,1,8,FF,FF,FF,50,55,FF,FF,FF
67235,6931,0xCFF6600,1,8,AA,0A,FF,FF,FF,FF,FF,FF
67246,6932,0x10FF6500,1,8,FC,FF,FF,FF,FF,FF,FF,FF
67246,6933,0x18F00500,1,8,FF,FF,FF,FF,20,2D,FF,FF
67266,6934,0x18EEFF00,1,8,08,CF,60,06,00,00,00,00
67267,6935,0x18FEF100,1,8,3F,00,00,FF,FF,FF,FF,FF
67267,6936,0x18FEF200,1,8,1E,00,00,00,00,00,00,FF
67275,6937,0xCF00400,1,8,FF,FF,FF,AE,55,FF,FF,FF
67275,6938,0xCFF6600,1,8,B5,0A,FF,FF,FF,FF,FF,FF
67295,6939,0xCF00400,1,8,FF,FF,FF,10,56,FF,FF,FF
67296,6940,0xCFF6600,1,8,C2,0A,FF,FF,FF,FF,FF,FF
67315,6941,0xCF00400,1,8,FF,FF,FF,10,56,FF,FF,FF
67315,6942,0xCFF6600,1,8,C2,0A,FF,FF,FF,FF,FF,FF
67335,6943,0xCF00400,1,8,FF,FF,FF,E8,55,FF,FF,FF
67357,6944,0xCF00400,1,8,FF,FF,FF,4E,55,FF,FF,FF
67357,6945,0xCFF6600,1,8,BD,0A,FF,FF,FF,FF,FF,FF
67358,6946,0x18F00500,1,8,FF,FF,FF,FF,20,2D,FF,FF
67359,6947,0x18F00600,1,8,FF,FF,FF,FF,FF,FF,FF,FF
67360,6948,0x18FEF100,1,8,3F,00,00,FF,FF,FF,FF,FF
67360,6949,0x18FEF200,1,8,1E,00,00,00,00,00,00,FF
67361,6950,0x1CFDDF00,1,8,FE,FF,FF,FF,FF,FF,FF,FF
67362,6951,0x1CFF6A00,1,8,FC,FF,FF,FF,FF,FF,FF,FF
67375,6952,0xCF00400,1,8,FF,FF,FF,DE,54,FF,FF,FF
67376,6953,0xCFF6600,1,8,9B,0A,FF,FF,FF,FF,FF,FF
67395,6954,0xCF00400,1,8,FF,FF,FF,98,54,FF,FF,FF
67397,6955,0xCFF6600,1,8,93,0A,FF,FF,FF,FF,FF,FF
67415,6956,0xCF00400,1,8,FF,FF,FF,66,54,FF,FF,FF
67416,6957,0xCFF6600,1,8,8C,0A,FF,FF,FF,FF,FF,FF
67436,6958,0xCF00400,1,8,FF,FF,FF,46,54,FF,FF,FF
67436,6959,0xCFF6600,1,8,88,0A,FF,FF,FF,FF,FF,FF
67446,6960,0x18F00500,1,8,FF,FF,FF,FF,20,2D,FF,FF
67446,6961,0x10FF6500,1,8,FC,FF,FF,FF,FF,FF,FF,FF
67447,6962,0x18FEF100,1,8,3F,00,00,FF,FF,FF,FF,FF
67448,6963,0x18FEF200,1,8,1E,00,00,00,00,00,00,FF
67455,6964,0xCF00400,1,8,FF,FF,FF,5E,54,FF,FF,FF
67456,6965,0xCFF6600,1,8,8B,0A,FF,FF,FF,FF,FF,FF
67475,6966,0xCF00400,1,8,FF,FF,FF,A2,54,FF,FF,FF
67476,6967,0xCFF6600,1,8,94,0A,FF,FF,FF,FF,FF,FF
67495,6968,0xCF00400,1,8,FF,FF,FF,B4,54,FF,FF,FF
67496,6969,0xCFF6600,1,8,96,0A,FF,FF,FF,FF,FF,FF
67515,6970,0xCF00400,1,8,FF,FF,FF,B4,54,FF,FF,FF
67516,6971,0xCFF6600,1,8,96,0A,FF,FF,FF,FF,FF,FF
67538,6972,0xCF00400,1,8,FF,FF,FF,A2,54,FF,FF,FF
67539,6973,0xCFF6600,1,8,94,0A,FF,FF,FF,FF,FF,FF
67546,6974,0x18F00500,1,8,FF,FF,FF,FF,20,2D,FF,FF
67547,6975,0x18FEF100,1,8,3F,00,00,FF,FF,FF,FF,FF
67547,6976,0x18FEF200,1,8,1E,00,00,00,00,00,00,FF
67555,6977,0xCF00400,1,8,FF,FF,FF,DA,54,FF,FF,FF
67556,6978,0xCFF6600,1,8,9B,0A,FF,FF,FF,FF,FF,FF
67575,6979,0xCF00400,1,8,FF,FF,FF,48,55,FF,FF,FF
67576,6980,0xCFF6600,1,8,A9,0A,FF,FF,FF,FF,FF,FF
67596,6981,0xCF00400,1,8,FF,FF,FF,BC,55,FF,FF,FF
67596,6982,0xCFF6600,1,8,B7,0A,FF,FF,FF,FF,FF,FF
67615,6983,0xCF00400,1,8,FF,FF,FF,30,56,FF,FF,FF
67616,6984,0xCFF6600,1,8,C6,0A,FF,FF,FF,FF,FF,FF
67635,6985,0xCF00400,1,8,FF,FF,FF,7A,56,FF,FF,FF
67635,6986,0xCFF6600,1,8,CF,0A,FF,FF,FF,FF,FF,FF
67646,6987,0x18F00500,1,8,FF,FF,FF,FF,20,2D,FF,FF
67646,6988,0x10FF6500,1,8,FC,FF,FF,FF,FF,FF,FF,FF
67669,6989,0xCF00400,1,8,FF,FF,FF,A8,56,FF,FF,FF
67670,6990,0xCFF6600,1,8,D5,0A,FF,FF,FF,FF,FF,FF
67670,6991,0x18FEF100,1,8,3F,00,00,FF,FF,FF,FF,FF
67671,6992,0x18FEF200,1,8,1E,00,00,00,00,00,00,FF
67675,6993,0xCF00400,1,8,FF,FF,FF,A2,56,FF,FF,FF
67676,6994,0xCFF6600,1,8,D4,0A,FF,FF,FF,FF,FF,FF
67695,6995,0xCF00400,1,8,FF,FF,FF,72,56,FF,FF,FF
67696,6996,0xCFF6600,1,8,CE,0A,FF,FF,FF,FF,FF,FF
67731,6997,0xCF00400,1,8,FF,FF,FF,7E,56,FF,FF,FF
67732,6998,0xCFF6600,1,8,CF,0A,FF,FF,FF,FF,FF,FF
67734,6999,0x18EEFF00,1,8,08,CF,60,06,00,00,00,00
67735,7000,0xCF00400,1,8,FF,FF,FF,BC,56,FF,FF,FF
67735,7001,0xCFF6600,1,8,D7,0A,FF,FF,FF,FF,FF,FF
67746,7002,0x18F00500,1,8,FF,FF,FF,FF,20,2D,FF,FF
67747,7003,0x18FEF100,1,8,3F,00,00,FF,FF,FF,FF,FF
67747,7004,0x18FEF200,1,8,1E,00,00,00,00,00,00,FF
67755,7005,0xCF00400,1,8,FF,FF,FF,EE,56,FF,FF,FF
67756,7006,0xCFF6600,1,8,DD,0A,FF,FF,FF,FF,FF,FF
67776,7007,0xCF00400,1,8,FF,FF,FF,EE,56,FF,FF,FF
67776,7008,0xCFF6600,1,8,DD,0A,FF,FF,FF,FF,FF,FF
67795,7009,0xCF00400,1,8,FF,FF,FF,16,57,FF,FF,FF
67815,7010,0xCF00400,1,8,FF,FF,FF,BC,56,FF,FF,FF
67816,7011,0xCFF6600,1,8,E2,0A,FF,FF,FF,FF,FF,FF
67836,7012,0xCF00400,1,8,FF,FF,FF,F2,55,FF,FF,FF
67836,7013,0xCFF6600,1,8,BE,0A,FF,FF,FF,FF,FF,FF
67846,7014,0x10FF6500,1,8,FC,FF,FF,FF,FF,FF,FF,FF
67847,7015,0x18F00500,1,8,FF,FF,FF,FF,20,2D,FF,FF
67847,7016,0x18F00600,1,8,FF,FF,FF,FF,FF,FF,FF,FF
67848,7017,0x18FEF100,1,8,3F,00,00,FF,FF,FF,FF,FF
67848,7018,0x18FEF200,1,8,1E,00,00,00,00,00,00,FF
67849,7019,0x1CFDDF00,1,8,FE,FF,FF,FF,FF,FF,FF,FF
67863,7020,0x1CFF6A00,1,8,FC,FF,FF,FF,FF,FF,FF,FF
67864,7021,0x18EEFF00,1,8,08,CF,60,06,00,00,00,00
67877,7022,0xCF00400,1,8,FF,FF,FF,D0,53,FF,FF,FF
67877,7023,0xCFF6600,1,8,7A,0A,FF,FF,FF,FF,FF,FF
67896,7024,0xCF00400,1,8,FF,FF,FF,68,53,FF,FF,FF
67897,7025,0xCFF6600,1,8,6D,0A,FF,FF,FF,FF,FF,FF
67915,7026,0xCF00400,1,8,FF,FF,FF,9E,53,FF,FF,FF
67915,7027,0xCFF6600,1,8,73,0A,FF,FF,FF,FF,FF,FF
67935,7028,0xCF00400,1,8,FF,FF,FF,74,53,FF,FF,FF
67935,7029,0xCFF6600,1,8,6E,0A,FF,FF,FF,FF,FF,FF
67945,7030,0x18FEF100,1,8,3F,00,00,FF,FF,FF,FF,FF
67946,7031,0x18F00500,1,8,FF,FF,FF,FF,20,2D,FF,FF
67947,7032,0x18FEF200,1,8,1E,00,00,00,00,00,00,FF
67956,7033,0xCF00400,1,8,FF,FF,FF,FC,52,FF,FF,FF
67956,7034,0xCFF6600,1,8,5F,0A,FF,FF,FF,FF,FF,FF
67975,7035,0xCF00400,1,8,FF,FF,FF,FC,52,FF,FF,FF
67976,7036,0xCFF6600,1,8,5F,0A,FF,FF,FF,FF,FF,FF
67996,7037,0xCF00400,1,8,FF,FF,FF,0A,53,FF,FF,FF
67996,7038,0xCFF6600,1,8,61,0A,FF,FF,FF,FF,FF,FF
68004,7039,0x18FDE500,1,8,0A,14,1E,28,32,3C,46,13
68007,7040,0x18FEEE00,1,8,5F,FF,FF,FF,FF,FF,FF,FF
68015,7041,0xCF00400,1,8,FF,FF,FF,84,53,FF,FF,FF
68015,7042,0xCFF6600,1,8,70,0A,FF,FF,FF,FF,FF,FF
68025,7043,0x1CECFF00,1,8,20,0A,00,02,FF,CA,FE,00
68035,7044,0xCF00400,1,8,FF,FF,FF,E4,53,FF,FF,FF
68036,7045,0xCFF6600,1,8,7C,0A,FF,FF,FF,FF,FF,FF
68046,7046,0x18FEF100,1,8,3F,00,00,FF,FF,FF,FF,FF
68047,7047,0x10FF6500,1,8,FC,FF,FF,FF,FF,FF,FF,FF
68047,7048,0x18F00500,1,8,FF,FF,FF,FF,20,2D,FF,FF
68048,7049,0x18FEF200,1,8,1E,00,00,00,00,00,00,FF
68074,7050,0xCF00400,1,8,FF,FF,FF,32,54,FF,FF,FF
68075,7051,0xCFF6600,1,8,86,0A,FF,FF,FF,FF,FF,FF
68076,7052,0xCF00400,1,8,FF,FF,FF,14,54,FF,FF,FF
68076,7053,0x1CEBFF00,1,8,01,40,FF,0F,F0,E5,01,02
68095,7054,0xCF00400,1,8,FF,FF,FF,A2,53,FF,FF,FF
68096,7055,0xCFF6600,1,8,74,0A,FF,FF,FF,FF,FF,FF
68115,7056,0xCF00400,1,8,FF,FF,FF,C8,53,FF,FF,FF
68115,7057,0xCFF6600,1,8,79,0A,FF,FF,FF,FF,FF,FF
68125,7058,0x1CEBFF00,1,8,02,F0,E3,01,FF,FF,FF,FF
68148,7059,0xCF00400,1,8,FF,FF,FF,62,54,FF,FF,FF
68150,7060,0xCFF6600,1,8,8C,0A,FF,FF,FF,FF,FF,FF
68154,7061,0x18EEFF00,1,8,08,CF,60,06,00,00,00,00
68155,7062,0xCF00400,1,8,FF,FF,FF,62,54,FF,FF,FF
68155,7063,0xCFF6600,1,8,8C,0A,FF,FF,FF,FF,FF,FF
68175,7064,0xCF00400,1,8,FF,FF,FF,96,54,FF,FF,FF
68175,7065,0xCFF6600,1,8,92,0A,FF,FF,FF,FF,FF,FF
68195,7066,0xCF00400,1,8,FF,FF,FF,80,54,FF,FF,FF
68195,7067,0xCFF6600,1,8,90,0A,FF,FF,FF,FF,FF,FF
68215,7068,0xCF00400,1,8,FF,FF,FF,B2,54,FF,FF,FF
68216,7069,0xCFF6600,1,8,96,0A,FF,FF,FF,FF,FF,FF
68235,7070,0xCF00400,1,8,FF,FF,FF,1E,55,FF,FF,FF
68235,7071,0xCFF6600,1,8,A3,0A,FF,FF,FF,FF,FF,FF
68247,7072,0x18F00500,1,8,FF,FF,FF,FF,20,2D,FF,FF
68247,7073,0x18FEF100,1,8,3F,00,00,FF,FF,FF,FF,FF
68248,7074,0x18FEF200,1,8,1E,00,00,00,00,00,00,FF
68255,7075,0xCF00400,1,8,FF,FF,FF,82,55,FF,FF,FF
68256,7076,0xCFF6600,1,8,B0,0A,FF,FF,FF,FF,FF,FF
68275,7077,0xCF00400,1,8,FF,FF,FF,E0,55,FF,FF,FF
68275,7078,0xCFF6600,1,8,BC,0A,FF,FF,FF,FF,FF,FF
68295,7079,0xCF00400,1,8,FF,FF,FF,14,56,FF,FF,FF
68295,7080,0xCFF6600,1,8,C2,0A,FF,FF,FF,FF,FF,FF
68315,7081,0xCF00400,1,8,FF,FF,FF,2E,56,FF,FF,FF
68315,7082,0xCFF6600,1,8,C5,0A,FF,FF,FF,FF,FF,FF
68340,7083,0xCF00400,1,8,FF,FF,FF,64,56,FF,FF,FF
68341,7084,0xCFF6600,1,8,CC,0A,FF,FF,FF,FF,FF,FF
68345,7085,0x18FEF100,1,8,3F,00,00,FF,FF,FF,FF,FF
68346,7086,0x10FF6500,1,8,FC,FF,FF,FF,FF,FF,FF,FF
68347,7087,0x18F00500,1,8,FF,FF,FF,FF,20,2D,FF,FF
68347,7088,0x18FEF200,1,8,1E,00,00,00,00,00,00,FF
68355,7089,0xCF00400,1,8,FF,FF,FF,AA,56,FF,FF,FF
68356,7090,0xCFF6600,1,8,D5,0A,FF,FF,FF,FF,FF,FF
68375,7091,0xCF00400,1,8,FF,FF,FF,A8,56,FF,FF,FF
68376,7092,0xCFF6600,1,8,D5,0A,FF,FF,FF,FF,FF,FF
68395,7093,0xCF00400,1,8,FF,FF,FF,A8,56,FF,FF,FF
68396,7094,0xCFF6600,1,8,D5,0A,FF,FF,FF,FF,FF,FF
68416,7095,0xCF00400,1,8,FF,FF,FF,6C,56,FF,FF,FF
68417,7096,0xCFF6600,1,8,CD,0A,FF,FF,FF,FF,FF,FF
68436,7097,0xCF00400,1,8,FF,FF,FF,26,56,FF,FF,FF
68455,7098,0xCFF6600,1,8,C4,0A,FF,FF,FF,FF,FF,FF
68455,7099,0x18EEFF00,1,8,08,CF,60,06,00,00,00,00
68475,7100,0xCF00400,1,8,FF,FF,FF,54,55,FF,FF,FF
68476,7101,0xCFF6600,1,8,AA,0A,FF,FF,FF,FF,FF,FF
68495,7102,0xCF00400,1,8,FF,FF,FF,C2,54,FF,FF,FF
68496,7103,0xCFF6600,1,8,98,0A,FF,FF,FF,FF,FF,FF
68515,7104,0xCF00400,1,8,FF,FF,FF,52,54,FF,FF,FF
68515,7105,0xCFF6600,1,8,8A,0A,FF,FF,FF,FF,FF,FF
68535,7106,0xCF00400,1,8,FF,FF,FF,FC,53,FF,FF,FF
68535,7107,0xCFF6600,1,8,7F,0A,FF,FF,FF,FF,FF,FF
68545,7108,0x18FEF100,1,8,3F,00,00,FF,FF,FF,FF,FF
68546,7109,0x18F00500,1,8,FF,FF,FF,FF,20,2D,FF,FF
68567,7110,0xCF00400,1,8,FF,FF,FF,CE,53,FF,FF,FF
68568,7111,0xCFF6600,1,8,79,0A,FF,FF,FF,FF,FF,FF
68568,7112,0x18F00600,1,8,FF,FF,FF,FF,FF,FF,FF,FF
68570,7113,0x18F00600,1,8,FF,FF,FF,FF,FF,FF,FF,FF
68570,7114,0x18FEF200,1,8,1E,00,00,00,00,00,00,FF
68572,7115,0x1CFDDF00,1,8,FE,FF,FF,FF,FF,FF,FF,FF
68572,7116,0x1CFF6A00,1,8,FC,FF,FF,FF,FF,FF,FF,FF
68575,7117,0xCF00400,1,8,FF,FF,FF,C4,53,FF,FF,FF
68575,7118,0xCFF6600,1,8,78,0A,FF,FF,FF,FF,FF,FF
68595,7119,0xCF00400,1,8,FF,FF,FF,C4,53,FF,FF,FF
68595,7120,0xCFF6600,1,8,78,0A,FF,FF,FF,FF,FF,FF
68615,7121,0xCF00400,1,8,FF,FF,FF,4A,53,FF,FF,FF
68615,7122,0xCFF6600,1,8,69,0A,FF,FF,FF,FF,FF,FF
68636,7123,0xCF00400,1,8,FF,FF,FF,6A,52,FF,FF,FF
68638,7124,0xCFF6600,1,8,4D,0A,FF,FF,FF,FF,FF,FF
68646,7125,0x18FEF100,1,8,3F,00,00,FF,FF,FF,FF,FF
68646,7126,0x10FF6500,1,8,FC,FF,FF,FF,FF,FF,FF,FF
68647,7127,0x18F00500,1,8,FF,FF,FF,FF,20,2D,FF,FF
68648,7128,0x18FEF200,1,8,1E,00,00,00,00,00,00,FF
68655,7129,0xCF00400,1,8,FF,FF,FF,18,52,FF,FF,FF
68655,7130,0xCFF6600,1,8,43,0A,FF,FF,FF,FF,FF,FF
68675,7131,0xCF00400,1,8,FF,FF,FF,40,52,FF,FF,FF
68710,7132,0xCF00400,1,8,FF,FF,FF,7A,52,FF,FF,FF
68710,7133,0xCFF6600,1,8,48,0A,FF,FF,FF,FF,FF,FF
68714,7134,0x18EEFF00,1,8,08,CF,60,06,00,00,00,00
68715,7135,0xCF00400,1,8,FF,FF,FF,C4,52,FF,FF,FF
68715,7136,0xCFF6600,1,8,58,0A,FF,FF,FF,FF,FF,FF
68735,7137,0xCF00400,1,8,FF,FF,FF,BE,52,FF,FF,FF
68735,7138,0xCFF6600,1,8,57,0A,FF,FF,FF,FF,FF,FF
68746,7139,0x18F00500,1,8,FF,FF,FF,FF,20,2D,FF,FF
68746,7140,0x18FEF100,1,8,3F,00,00,FF,FF,FF,FF,FF
68747,7141,0x18FEF200,1,8,1E,00,00,00,00,00,00,FF
68755,7142,0xCF00400,1,8,FF,FF,FF,72,52,FF,FF,FF
68756,7143,0xCFF6600,1,8,4E,0A,FF,FF,FF,FF,FF,FF
68775,7144,0xCF00400,1,8,FF,FF,FF,72,52,FF,FF,FF
68775,7145,0xCFF6600,1,8,4E,0A,FF,FF,FF,FF,FF,FF
68795,7146,0xCF00400,1,8,FF,FF,FF,40,52,FF,FF,FF
68796,7147,0xCFF6600,1,8,48,0A,FF,FF,FF,FF,FF,FF
68815,7148,0xCF00400,1,8,FF,FF,FF,26,52,FF,FF,FF
68816,7149,0xCFF6600,1,8,44,0A,FF,FF,FF,FF,FF,FF
68835,7150,0xCF00400,1,8,FF,FF,FF,FC,51,FF,FF,FF
68836,7151,0xCFF6600,1,8,3F,0A,FF,FF,FF,FF,FF,FF
68846,7152,0x10FF6500,1,8,FC,FF,FF,FF,FF,FF,FF,FF
68847,7153,0x18F00500,1,8,FF,FF,FF,FF,20,2D,FF,FF
68848,7154,0x18FEF100,1,8,3F,00,00,FF,FF,FF,FF,FF
68848,7155,0x18FEF200,1,8,1E,00,00,00,00,00,00,FF
68855,7156,0xCF00400,1,8,FF,FF,FF,C8,51,FF,FF,FF
68856,7157,0xCFF6600,1,8,39,0A,FF,FF,FF,FF,FF,FF
68875,7158,0xCF00400,1,8,FF,FF,FF,94,51,FF,FF,FF
68875,7159,0xCFF6600,1,8,32,0A,FF,FF,FF,FF,FF,FF
68895,7160,0xCF00400,1,8,FF,FF,FF,62,51,FF,FF,FF
68915,7161,0xCF00400,1,8,FF,FF,FF,62,51,FF,FF,FF
68916,7162,0xCFF6600,1,8,2C,0A,FF,FF,FF,FF,FF,FF
68935,7163,0xCF00400,1,8,FF,FF,FF,50,51,FF,FF,FF
68936,7164,0xCFF6600,1,8,2A,0A,FF,FF,FF,FF,FF,FF
68945,7165,0x18FEF100,1,8,3F,00,00,FF,FF,FF,FF,FF
68946,7166,0x18F00500,1,8,FF,FF,FF,FF,20,2D,FF,FF
68947,7167,0x18FEF200,1,8,1E,00,00,00,00,00,00,FF
68955,7168,0xCF00400,1,8,FF,FF,FF,60,51,FF,FF,FF
68956,7169,0xCFF6600,1,8,2C,0A,FF,FF,FF,FF,FF,FF
68975,7170,0xCF00400,1,8,FF,FF,FF,3C,51,FF,FF,FF
68975,7171,0xCFF6600,1,8,27,0A,FF,FF,FF,FF,FF,FF
68995,7172,0xCF00400,1,8,FF,FF,FF,E8,50,FF,FF,FF
68995,7173,0xCFF6600,1,8,1D,0A,FF,FF,FF,FF,FF,FF
69005,7174,0x18FDE500,1,8,0A,14,1E,28,32,3C,46,13
69006,7175,0x18FEEE00,1,8,60,FF,FF,FF,FF,FF,FF,FF
69015,7176,0xCF00400,1,8,FF,FF,FF,A6,50,FF,FF,FF
69016,7177,0xCFF6600,1,8,14,0A,FF,FF,FF,FF,FF,FF
69027,7178,0x1CECFF00,1,8,20,0A,00,02,FF,CA,FE,00
69035,7179,0xCF00400,1,8,FF,FF,FF,76,50,FF,FF,FF
69035,7180,0xCFF6600,1,8,0E,0A,FF,FF,FF,FF,FF,FF
69046,7181,0x18FEF100,1,8,3F,00,00,FF,FF,FF,FF,FF
69046,7182,0x10FF6500,1,8,FC,FF,FF,FF,FF,FF,FF,FF
69047,7183,0x18F00500,1,8,FF,FF,FF,FF,20,2D,FF,FF
69047,7184,0x18F00600,1,8,FF,FF,FF,FF,FF,FF,FF,FF
69048,7185,0x18F00600,1,8,FF,FF,FF,FF,FF,FF,FF,FF
69049,7186,0x18FEF200,1,8,1D,00,00,00,00,00,00,FF
69050,7187,0x1CFDDF00,1,8,FE,FF,FF,FF,FF,FF,FF,FF
69051,7188,0x1CFF6A00,1,8,FC,FF,FF,FF,FF,FF,FF,FF
69056,7189,0xCF00400,1,8,FF,FF,FF,58,50,FF,FF,FF
69056,7190,0xCFF6600,1,8,0B,0A,FF,FF,FF,FF,FF,FF
69075,7191,0xCF00400,1,8,FF,FF,FF,58,50,FF,FF,FF
69076,7192,0xCFF6600,1,8,0B,0A,FF,FF,FF,FF,FF,FF
69076,7193,0x1CEBFF00,1,8,01,40,FF,0F,F0,E5,01,02
69095,7194,0xCF00400,1,8,FF,FF,FF,48,50,FF,FF,FF
69095,7195,0xCFF6600,1,8,09,0A,FF,FF,FF,FF,FF,FF
69115,7196,0xCF00400,1,8,FF,FF,FF,42,50,FF,FF,FF
69116,7197,0xCFF6600,1,8,08,0A,FF,FF,FF,FF,FF,FF
69127,7198,0x1CEBFF00,1,8,02,F0,E3,01,FF,FF,FF,FF
69135,7199,0xCF00400,1,8,FF,FF,FF,44,50,FF,FF,FF
69136,7200,0xCFF6600,1,8,08,0A,FF,FF,FF,FF,FF,FF
69145,7201,0x18FEF100,1,8,3F,00,00,FF,FF,FF,FF,FF
69146,7202,0x18F00500,1,8,FF,FF,FF,FF,20,2D,FF,FF
69147,7203,0x18FEF200,1,8,1D,00,00,00,00,00,00,FF
69155,7204,0xCF00400,1,8,FF,FF,FF,26,50,FF,FF,FF
69155,7205,0xCFF6600,1,8,04,0A,FF,FF,FF,FF,FF,FF
69175,7206,0xCF00400,1,8,FF,FF,FF,EE,4F,FF,FF,FF
69175,7207,0xCFF6600,1,8,FD,09,FF,FF,FF,FF,FF,FF
69196,7208,0xCF00400,1,8,FF,FF,FF,EE,4F,FF,FF,FF
69196,7209,0xCFF6600,1,8,FD,09,FF,FF,FF,FF,FF,FF
69215,7210,0xCF00400,1,8,FF,FF,FF,BC,4F,FF,FF,FF
69215,7211,0xCFF6600,1,8,F7,09,FF,FF,FF,FF,FF,FF
69235,7212,0xCF00400,1,8,FF,FF,FF,88,4F,FF,FF,FF
69236,7213,0xCFF6600,1,8,F1,09,FF,FF,FF,FF,FF,FF
69246,7214,0x18F00500,1,8,FF,FF,FF,FF,20,2D,FF,FF
69246,7215,0x10FF6500,1,8,FC,FF,FF,FF,FF,FF,FF,FF
69269,7216,0xCF00400,1,8,FF,FF,FF,6E,4F,FF,FF,FF
69269,7217,0xCFF6600,1,8,ED,09,FF,FF,FF,FF,FF,FF
69270,7218,0x18FEF100,1,8,3F,00,00,FF,FF,FF,FF,FF
69270,7219,0x18FEF200,1,8,1D,00,00,00,00,00,00,FF
69275,7220,0xCF00400,1,8,FF,FF,FF,6C,4F,FF,FF,FF
69275,7221,0xCFF6600,1,8,ED,09,FF,FF,FF,FF,FF,FF
69295,7222,0xCF00400,1,8,FF,FF,FF,4E,4F,FF,FF,FF
69295,7223,0xCFF6600,1,8,E9,09,FF,FF,FF,FF,FF,FF
69315,7224,0xCF00400,1,8,FF,FF,FF,16,4F,FF,FF,FF
69316,7225,0xCFF6600,1,8,E2,09,FF,FF,FF,FF,FF,FF
69335,7226,0xCF00400,1,8,FF,FF,FF,16,4F,FF,FF,FF
69335,7227,0xCFF6600,1,8,E2,09,FF,FF,FF,FF,FF,FF
69345,7228,0x18FEF100,1,8,3F,00,00,FF,FF,FF,FF,FF
69346,7229,0x18F00500,1,8,FF,FF,FF,FF,20,2D,FF,FF
69347,7230,0x18FEF200,1,8,1D,00,00,00,00,00,00,FF
69355,7231,0xCF00400,1,8,FF,FF,FF,E6,4E,FF,FF,FF
69356,7232,0xCFF6600,1,8,DC,09,FF,FF,FF,FF,FF,FF
69375,7233,0xCF00400,1,8,FF,FF,FF,C2,4E,FF,FF,FF
69376,7234,0xCFF6600,1,8,D8,09,FF,FF,FF,FF,FF,FF
69395,7235,0xCF00400,1,8,FF,FF,FF,AC,4E,FF,FF,FF
69396,7236,0xCFF6600,1,8,D5,09,FF,FF,FF,FF,FF,FF
69415,7237,0xCF00400,1,8,FF,FF,FF,A8,4E,FF,FF,FF
69416,7238,0xCFF6600,1,8,D5,09,FF,FF,FF,FF,FF,FF
69435,7239,0xCF00400,1,8,FF,FF,FF,B8,4E,FF,FF,FF
69456,7240,0xCF00400,1,8,FF,FF,FF,B8,4E,FF,FF,FF
69470,7241,0xCFF6600,1,8,D7,09,FF,FF,FF,FF,FF,FF
69471,7242,0x10FF6500,1,8,FC,FF,FF,FF,FF,FF,FF,FF
69472,7243,0x18F00500,1,8,FF,FF,FF,FF,20,2D,FF,FF
69472,7244,0x18FEF100,1,8,3F,00,00,FF,FF,FF,FF,FF
69473,7245,0x18FEF200,1,8,1D,00,00,00,00,00,00,FF
69474,7246,0x18EEFF00,1,8,08,CF,60,06,00,00,00,00
69475,7247,0xCF00400,1,8,FF,FF,FF,DA,4E,FF,FF,FF
69475,7248,0xCFF6600,1,8,DB,09,FF,FF,FF,FF,FF,FF
69495,7249,0xCF00400,1,8,FF,FF,FF,84,4E,FF,FF,FF
69495,7250,0xCFF6600,1,8,D0,09,FF,FF,FF,FF,FF,FF
69515,7251,0xCF00400,1,8,FF,FF,FF,C2,4D,FF,FF,FF
69515,7252,0xCFF6600,1,8,B8,09,FF,FF,FF,FF,FF,FF
69535,7253,0xCF00400,1,8,FF,FF,FF,46,4D,FF,FF,FF
69536,7254,0xCFF6600,1,8,A8,09,FF,FF,FF,FF,FF,FF
69546,7255,0x18F00500,1,8,FF,FF,FF,FF,20,2D,FF,FF
69546,7256,0x18F00600,1,8,FF,FF,FF,FF,FF,FF,FF,FF
69547,7257,0x18FEF100,1,8,3F,00,00,FF,FF,FF,FF,FF
69547,7258,0x18FEF200,1,8,1D,00,00,00,00,00,00,FF
69549,7259,0x1CFDDF00,1,8,FE,FF,FF,FF,FF,FF,FF,FF
69549,7260,0x1CFF6A00,1,8,FC,FF,FF,FF,FF,FF,FF,FF
69555,7261,0xCF00400,1,8,FF,FF,FF,0E,4D,FF,FF,FF
69555,7262,0xCFF6600,1,8,A1,09,FF,FF,FF,FF,FF,FF
69575,7263,0xCF00400,1,8,FF,FF,FF,0E,4D,FF,FF,FF
69576,7264,0xCFF6600,1,8,A1,09,FF,FF,FF,FF,FF,FF
69595,7265,0xCF00400,1,8,FF,FF,FF,42,4D,FF,FF,FF
69596,7266,0xCFF6600,1,8,A8,09,FF,FF,FF,FF,FF,FF
69615,7267,0xCF00400,1,8,FF,FF,FF,CE,4D,FF,FF,FF
69616,7268,0xCFF6600,1,8,B9,09,FF,FF,FF,FF,FF,FF
69638,7269,0xCF00400,1,8,FF,FF,FF,F4,4D,FF,FF,FF
69638,7270,0xCFF6600,1,8,BE,09,FF,FF,FF,FF,FF,FF
69646,7271,0x10FF6500,1,8,FC,FF,FF,FF,FF,FF,FF,FF
69646,7272,0x18F00500,1,8,FF,FF,FF,FF,20,2D,FF,FF
69647,7273,0x18FEF100,1,8,3F,00,00,FF,FF,FF,FF,FF
69648,7274,0x18FEF200,1,8,1D,00,00,00,00,00,00,FF
69655,7275,0xCF00400,1,8,FF,FF,FF,CC,4D,FF,FF,FF
69676,7276,0xCF00400,1,8,FF,FF,FF,42,4D,FF,FF,FF
69676,7277,0xCFF6600,1,8,B9,09,FF,FF,FF,FF,FF,FF
69695,7278,0xCF00400,1,8,FF,FF,FF,42,4D,FF,FF,FF
69695,7279,0xCFF6600,1,8,A8,09,FF,FF,FF,FF,FF,FF
69715,7280,0xCF00400,1,8,FF,FF,FF,5A,4C,FF,FF,FF
69716,7281,0xCFF6600,1,8,8B,09,FF,FF,FF,FF,FF,FF
69735,7282,0xCF00400,1,8,FF,FF,FF,9E,4B,FF,FF,FF
69735,7283,0xCFF6600,1,8,73,09,FF,FF,FF,FF,FF,FF
69746,7284,0x18FEF100,1,8,3F,00,00,FF,FF,FF,FF,FF
69746,7285,0x18F00500,1,8,FF,FF,FF,FF,20,2D,FF,FF
69747,7286,0x18FEF200,1,8,1D,00,00,00,00,00,00,FF
69755,7287,0xCF00400,1,8,FF,FF,FF,08,4B,FF,FF,FF
69755,7288,0xCFF6600,1,8,61,09,FF,FF,FF,FF,FF,FF
69775,7289,0xCF00400,1,8,FF,FF,FF,9A,4A,FF,FF,FF
69776,7290,0xCFF6600,1,8,53,09,FF,FF,FF,FF,FF,FF
69795,7291,0xCF00400,1,8,FF,FF,FF,9A,4A,FF,FF,FF
69796,7292,0xCFF6600,1,8,53,09,FF,FF,FF,FF,FF,FF
69815,7293,0xCF00400,1,8,FF,FF,FF,4C,4A,FF,FF,FF
69815,7294,0xCFF6600,1,8,49,09,FF,FF,FF,FF,FF,FF
69835,7295,0xCF00400,1,8,FF,FF,FF,EC,49,FF,FF,FF
69870,7296,0xCF00400,1,8,FF,FF,FF,82,49,FF,FF,FF
69870,7297,0xCFF6600,1,8,3D,09,FF,FF,FF,FF,FF,FF
69871,7298,0x10FF6500,1,8,FC,FF,FF,FF,FF,FF,FF,FF
69872,7299,0x18F00500,1,8,FF,FF,FF,FF,20,2D,FF,FF
69872,7300,0x18FEF100,1,8,3F,00,00,FF,FF,FF,FF,FF
69873,7301,0x18FEF200,1,8,1D,00,00,00,00,00,00,FF
69874,7302,0x18EEFF00,1,8,08,CF,60,06,00,00,00,00
69875,7303,0xCF00400,1,8,FF,FF,FF,82,49,FF,FF,FF
69875,7304,0xCFF6600,1,8,30,09,FF,FF,FF,FF,FF,FF
69895,7305,0xCF00400,1,8,FF,FF,FF,DC,49,FF,FF,FF
69895,7306,0xCFF6600,1,8,3B,09,FF,FF,FF,FF,FF,FF
69915,7307,0xCF00400,1,8,FF,FF,FF,D4,4A,FF,FF,FF
69915,7308,0xCFF6600,1,8,5A,09,FF,FF,FF,FF,FF,FF
69935,7309,0xCF00400,1,8,FF,FF,FF,02,4B,FF,FF,FF
69935,7310,0xCFF6600,1,8,60,09,FF,FF,FF,FF,FF,FF
69945,7311,0x18FEF100,1,8,3F,00,00,FF,FF,FF,FF,FF
69946,7312,0x18F00500,1,8,FF,FF,FF,FF,20,2D,FF,FF
69947,7313,0x18FEF200,1,8,1D,00,00,00,00,00,00,FF
69955,7314,0xCF00400,1,8,FF,FF,FF,8A,4A,FF,FF,FF
69955,7315,0xCFF6600,1,8,51,09,FF,FF,FF,FF,FF,FF
69975,7316,0xCF00400,1,8,FF,FF,FF,8A,4A,FF,FF,FF
69975,7317,0xCFF6600,1,8,51,09,FF,FF,FF,FF,FF,FF
69995,7318,0xCF00400,1,8,FF,FF,FF,A4,4A,FF,FF,FF
69996,7319,0xCFF6600,1,8,54,09,FF,FF,FF,FF,FF,FF
70005,7320,0x18FDE500,1,8,0A,14,1E,28,32,3C,46,13
70006,7321,0x18FEEE00,1,8,60,FF,FF,FF,FF,FF,FF,FF
70015,7322,0xCF00400,1,8,FF,FF,FF,38,4B,FF,FF,FF
70016,7323,0xCFF6600,1,8,67,09,FF,FF,FF,FF,FF,FF
70024,7324,0x1CECFF00,1,8,20,0A,00,02,FF,CA,FE,00
70037,7325,0xCF00400,1,8,FF,FF,FF,D8,4B,FF,FF,FF
70037,7326,0xCFF6600,1,8,7B,09,FF,FF,FF,FF,FF,FF
70046,7327,0x18FEF100,1,8,3F,00,00,FF,FF,FF,FF,FF
70046,7328,0x10FF6500,1,8,FC,FF,FF,FF,FF,FF,FF,FF
70047,7329,0x18F00500,1,8,FF,FF,FF,FF,20,2D,FF,FF
70048,7330,0x18F00600,1,8,FF,FF,FF,FF,FF,FF,FF,FF
70049,7331,0x18FEF200,1,8,1C,00,00,00,00,00,00,FF
70050,7332,0x1CFDDF00,1,8,FE,FF,FF,FF,FF,FF,FF,FF
70050,7333,0x1CFF6A00,1,8,FC,FF,FF,FF,FF,FF,FF,FF
70055,7334,0xCF00400,1,8,FF,FF,FF,82,4C,FF,FF,FF
70058,7335,0xCFF6600,1,8,90,09,FF,FF,FF,FF,FF,FF
70075,7336,0xCF00400,1,8,FF,FF,FF,C6,4C,FF,FF,FF
70076,7337,0xCFF6600,1,8,98,09,FF,FF,FF,FF,FF,FF
70076,7338,0x1CEBFF00,1,8,01,40,FF,0F,F0,E5,01,02
70095,7339,0xCF00400,1,8,FF,FF,FF,C6,4C,FF,FF,FF
70095,7340,0xCFF6600,1,8,98,09,FF,FF,FF,FF,FF,FF
70115,7341,0xCF00400,1,8,FF,FF,FF,B6,4C,FF,FF,FF
70136,7342,0xCF00400,1,8,FF,FF,FF,80,4C,FF,FF,FF
70136,7343,0xCFF6600,1,8,96,09,FF,FF,FF,FF,FF,FF
70137,7344,0x1CEBFF00,1,8,02,F0,E3,01,FF,FF,FF,FF
70146,7345,0x18F00500,1,8,FF,FF,FF,FF,20,2D,FF,FF
70146,7346,0x18FEF100,1,8,3F,00,00,FF,FF,FF,FF,FF
70147,7347,0x18FEF200,1,8,1C,00,00,00,00,00,00,FF
70155,7348,0xCF00400,1,8,FF,FF,FF,26,4C,FF,FF,FF
70156,7349,0xCFF6600,1,8,84,09,FF,FF,FF,FF,FF,FF
70175,7350,0xCF00400,1,8,FF,FF,FF,DA,4B,FF,FF,FF
70175,7351,0xCFF6600,1,8,7B,09,FF,FF,FF,FF,FF,FF
70195,7352,0xCF00400,1,8,FF,FF,FF,DA,4B,FF,FF,FF
70195,7353,0xCFF6600,1,8,7B,09,FF,FF,FF,FF,FF,FF
70215,7354,0xCF00400,1,8,FF,FF,FF,A0,4B,FF,FF,FF
70215,7355,0xCFF6600,1,8,74,09,FF,FF,FF,FF,FF,FF
70235,7356,0xCF00400,1,8,FF,FF,FF,B8,4B,FF,FF,FF
70236,7357,0xCFF6600,1,8,77,09,FF,FF,FF,FF,FF,FF
70246,7358,0x18FEF100,1,8,3F,00,00,FF,FF,FF,FF,FF
70246,7359,0x10FF6500,1,8,FC,FF,FF,FF,FF,FF,FF,FF
70247,7360,0x18F00500,1,8,FF,FF,FF,FF,20,2D,FF,FF
70247,7361,0x18FEF200,1,8,1C,00,00,00,00,00,00,FF
70255,7362,0xCF00400,1,8,FF,FF,FF,14,4C,FF,FF,FF
70255,7363,0xCFF6600,1,8,82,09,FF,FF,FF,FF,FF,FF
70275,7364,0xCF00400,1,8,FF,FF,FF,56,4C,FF,FF,FF
70297,7365,0xCF00400,1,8,FF,FF,FF,56,4C,FF,FF,FF
70298,7366,0xCFF6600,1,8,8A,09,FF,FF,FF,FF,FF,FF
70315,7367,0xCF00400,1,8,FF,FF,FF,82,4C,FF,FF,FF
70315,7368,0xCFF6600,1,8,90,09,FF,FF,FF,FF,FF,FF
70335,7369,0xCF00400,1,8,FF,FF,FF,68,4C,FF,FF,FF
70335,7370,0xCFF6600,1,8,8D,09,FF,FF,FF,FF,FF,FF
70347,7371,0x18F00500,1,8,FF,FF,FF,FF,20,2D,FF,FF
70347,7372,0x18FEF100,1,8,3F,00,00,FF,FF,FF,FF,FF
70348,7373,0x18FEF200,1,8,1C,00,00,00,00,00,00,FF
70355,7374,0xCF00400,1,8,FF,FF,FF,1A,4C,FF,FF,FF
70355,7375,0xCFF6600,1,8,83,09,FF,FF,FF,FF,FF,FF
70375,7376,0xCF00400,1,8,FF,FF,FF,C4,4B,FF,FF,FF
70375,7377,0xCFF6600,1,8,78,09,FF,FF,FF,FF,FF,FF
70395,7378,0xCF00400,1,8,FF,FF,FF,62,4B,FF,FF,FF
70396,7379,0xCFF6600,1,8,6C,09,FF,FF,FF,FF,FF,FF
70415,7380,0xCF00400,1,8,FF,FF,FF,62,4B,FF,FF,FF
70415,7381,0xCFF6600,1,8,6C,09,FF,FF,FF,FF,FF,FF
70435,7382,0xCF00400,1,8,FF,FF,FF,7A,4B,FF,FF,FF
70435,7383,0xCFF6600,1,8,6F,09,FF,FF,FF,FF,FF,FF
70447,7384,0x10FF6500,1,8,FC,FF,FF,FF,FF,FF,FF,FF
70447,7385,0x18F00500,1,8,FF,FF,FF,FF,20,2D,FF,FF
70482,7386,0xCF00400,1,8,FF,FF,FF,F8,4B,FF,FF,FF
70483,7387,0xCFF6600,1,8,7F,09,FF,FF,FF,FF,FF,FF
70484,7388,0x18FEF100,1,8,3F,00,00,FF,FF,FF,FF,FF
70484,7389,0x18EEFF00,1,8,08,CF,60,06,00,00,00,00
70485,7390,0x18FEF200,1,8,1C,00,00,00,00,00,00,FF
70498,7391,0xCF00400,1,8,FF,FF,FF,48,4C,FF,FF,FF
70499,7392,0xCFF6600,1,8,89,09,FF,FF,FF,FF,FF,FF
70515,7393,0xCF00400,1,8,FF,FF,FF,48,4C,FF,FF,FF
70515,7394,0xCFF6600,1,8,89,09,FF,FF,FF,FF,FF,FF
70535,7395,0xCF00400,1,8,FF,FF,FF,16,4C,FF,FF,FF
70535,7396,0xCFF6600,1,8,82,09,FF,FF,FF,FF,FF,FF
70546,7397,0x18F00500,1,8,FF,FF,FF,FF,20,2D,FF,FF
70547,7398,0x18F00600,1,8,FF,FF,FF,FF,FF,FF,FF,FF
70547,7399,0x18FEF100,1,8,3F,00,00,FF,FF,FF,FF,FF
70548,7400,0x18FEF200,1,8,1C,00,00,00,00,00,00,FF
70548,7401,0x1CFDDF00,1,8,FE,FF,FF,FF,FF,FF,FF,FF
70549,7402,0x1CFF6A00,1,8,FC,FF,FF,FF,FF,FF,FF,FF
70550,7403,0x1CFF6A00,1,8,FC,FF,FF,FF,FF,FF,FF,FF
70555,7404,0xCF00400,1,8,FF,FF,FF,B4,4B,FF,FF,FF
70556,7405,0xCFF6600,1,8,76,09,FF,FF,FF,FF,FF,FF
70575,7406,0xCF00400,1,8,FF,FF,FF,7A,4B,FF,FF,FF
70576,7407,0xCFF6600,1,8,6F,09,FF,FF,FF,FF,FF,FF
70595,7408,0xCF00400,1,8,FF,FF,FF,5A,4B,FF,FF,FF
70595,7409,0xCFF6600,1,8,6B,09,FF,FF,FF,FF,FF,FF
70615,7410,0xCF00400,1,8,FF,FF,FF,5A,4B,FF,FF,FF
70616,7411,0xCFF6600,1,8,6B,09,FF,FF,FF,FF,FF,FF
70635,7412,0xCF00400,1,8,FF,FF,FF,A8,4B,FF,FF,FF
70636,7413,0xCFF6600,1,8,75,09,FF,FF,FF,FF,FF,FF
70646,7414,0x18FEF100,1,8,3F,00,00,FF,FF,FF,FF,FF
70646,7415,0x10FF6500,1,8,FC,FF,FF,FF,FF,FF,FF,FF
70667,7416,0xCF00400,1,8,FF,FF,FF,4C,4C,FF,FF,FF
70668,7417,0xCFF6600,1,8,89,09,FF,FF,FF,FF,FF,FF
70669,7418,0x18F00500,1,8,FF,FF,FF,FF,20,2D,FF,FF
70669,7419,0x18FEF200,1,8,1C,00,00,00,00,00,00,FF
70675,7420,0xCF00400,1,8,FF,FF,FF,E2,4C,FF,FF,FF
70676,7421,0xCFF6600,1,8,9C,09,FF,FF,FF,FF,FF,FF
70696,7422,0xCF00400,1,8,FF,FF,FF,6E,4D,FF,FF,FF
70696,7423,0xCFF6600,1,8,AD,09,FF,FF,FF,FF,FF,FF
70715,7424,0xCF00400,1,8,FF,FF,FF,90,4D,FF,FF,FF
70716,7425,0xCFF6600,1,8,B2,09,FF,FF,FF,FF,FF,FF
70735,7426,0xCF00400,1,8,FF,FF,FF,90,4D,FF,FF,FF
70736,7427,0xCFF6600,1,8,B2,09,FF,FF,FF,FF,FF,FF
70746,7428,0x18F00500,1,8,FF,FF,FF,FF,20,2D,FF,FF
70746,7429,0x18FEF100,1,8,3F,00,00,FF,FF,FF,FF,FF
70747,7430,0x18FEF200,1,8,1C,00,00,00,00,00,00,FF
70755,7431,0xCF00400,1,8,FF,FF,FF,58,4D,FF,FF,FF
70756,7432,0xCFF6600,1,8,AB,09,FF,FF,FF,FF,FF,FF
70775,7433,0xCF00400,1,8,FF,FF,FF,C2,4C,FF,FF,FF
70775,7434,0xCFF6600,1,8,98,09,FF,FF,FF,FF,FF,FF
70796,7435,0xCF00400,1,8,FF,FF,FF,D2,4B,FF,FF,FF
70796,7436,0xCFF6600,1,8,7A,09,FF,FF,FF,FF,FF,FF
70815,7437,0xCF00400,1,8,FF,FF,FF,6C,4B,FF,FF,FF
70815,7438,0xCFF6600,1,8,6D,09,FF,FF,FF,FF,FF,FF
70835,7439,0xCF00400,1,8,FF,FF,FF,6C,4B,FF,FF,FF
70835,7440,0xCFF6600,1,8,6D,09,FF,FF,FF,FF,FF,FF
70846,7441,0x18FEF100,1,8,3F,00,00,FF,FF,FF,FF,FF
70867,7442,0xCF00400,1,8,FF,FF,FF,8E,4B,FF,FF,FF
70867,7443,0xCFF6600,1,8,71,09,FF,FF,FF,FF,FF,FF
70868,7444,0x10FF6500,1,8,FC,FF,FF,FF,FF,FF,FF,FF
70869,7445,0x18F00500,1,8,FF,FF,FF,FF,20,2D,FF,FF
70869,7446,0x18FEF200,1,8,1C,00,00,00,00,00,00,FF
70875,7447,0xCF00400,1,8,FF,FF,FF,B4,4B,FF,FF,FF
70876,7448,0xCFF6600,1,8,76,09,FF,FF,FF,FF,FF,FF
70895,7449,0xCF00400,1,8,FF,FF,FF,D8,4B,FF,FF,FF
70896,7450,0xCFF6600,1,8,7B,09,FF,FF,FF,FF,FF,FF
70915,7451,0xCF00400,1,8,FF,FF,FF,DE,4B,FF,FF,FF
70916,7452,0xCFF6600,1,8,7B,09,FF,FF,FF,FF,FF,FF
70935,7453,0xCF00400,1,8,FF,FF,FF,DE,4B,FF,FF,FF
70935,7454,0xCFF6600,1,8,7B,09,FF,FF,FF,FF,FF,FF
70945,7455,0x18F00500,1,8,FF,FF,FF,FF,20,2D,FF,FF
70946,7456,0x18FEF100,1,8,3F,00,00,FF,FF,FF,FF,FF
70947,7457,0x18FEF200,1,8,1C,00,00,00,00,00,00,FF
70955,7458,0xCF00400,1,8,FF,FF,FF,CC,4B,FF,FF,FF
70955,7459,0xCFF6600,1,8,79,09,FF,FF,FF,FF,FF,FF
70975,7460,0xCF00400,1,8,FF,FF,FF,A6,4B,FF,FF,FF
70975,7461,0xCFF6600,1,8,74,09,FF,FF,FF,FF,FF,FF
70995,7462,0xCF00400,1,8,FF,FF,FF,6C,4B,FF,FF,FF
70999,7463,0xCFF6600,1,8,6D,09,FF,FF,FF,FF,FF,FF
71004,7464,0x18FEEE00,1,8,60,FF,FF,FF,FF,FF,FF,FF
71005,7465,0x18FDE500,1,8,0A,14,1E,28,32,3C,46,13
71015,7466,0xCF00400,1,8,FF,FF,FF,56,4B,FF,FF,FF
71015,7467,0xCFF6600,1,8,6A,09,FF,FF,FF,FF,FF,FF
71025,7468,0x1CECFF00,1,8,20,0A,00,02,FF,CA,FE,00
71035,7469,0xCF00400,1,8,FF,FF,FF,56,4B,FF,FF,FF
71035,7470,0xCFF6600,1,8,6A,09,FF,FF,FF,FF,FF,FF
71046,7471,0x18FEF100,1,8,3F,00,00,FF,FF,FF,FF,FF
71046,7472,0x10FF6500,1,8,FC,FF,FF,FF,FF,FF,FF,FF
71047,7473,0x18F00500,1,8,FF,FF,FF,FF,20,2D,FF,FF
71066,7474,0x18EEFF00,1,8,08,CF,60,06,00,00,00,00
71067,7475,0x18F00600,1,8,FF,FF,FF,FF,FF,FF,FF,FF
71068,7476,0x18FEF200,1,8,1A,00,00,00,00,00,00,FF
71068,7477,0x1CFDDF00,1,8,FE,FF,FF,FF,FF,FF,FF,FF
71070,7478,0x1CFF6A00,1,8,FC,FF,FF,FF,FF,FF,FF,FF
71071,7479,0x1CFF6A00,1,8,FC,FF,FF,FF,FF,FF,FF,FF
71075,7480,0xCF00400,1,8,FF,FF,FF,9C,4B,FF,FF,FF
71075,7481,0xCFF6600,1,8,73,09,FF,FF,FF,FF,FF,FF
71076,7482,0x1CEBFF00,1,8,01,40,FF,0F,F0,E5,01,02
71095,7483,0xCF00400,1,8,FF,FF,FF,06,4C,FF,FF,FF
71096,7484,0xCFF6600,1,8,80,09,FF,FF,FF,FF,FF,FF
71115,7485,0xCF00400,1,8,FF,FF,FF,86,4C,FF,FF,FF
71115,7486,0xCFF6600,1,8,90,09,FF,FF,FF,FF,FF,FF
71125,7487,0x1CEBFF00,1,8,02,F0,E3,01,FF,FF,FF,FF
71135,7488,0xCF00400,1,8,FF,FF,FF,12,4D,FF,FF,FF
71136,7489,0xCFF6600,1,8,A2,09,FF,FF,FF,FF,FF,FF
71149,7490,0x18F00500,1,8,FF,FF,FF,FF,20,2D,FF,FF
71150,7491,0x18FEF100,1,8,3F,00,00,FF,FF,FF,FF,FF
71151,7492,0x18FEF200,1,8,1A,00,00,00,00,00,00,FF
71155,7493,0xCF00400,1,8,FF,FF,FF,12,4D,FF,FF,FF
71156,7494,0xCFF6600,1,8,A2,09,FF,FF,FF,FF,FF,FF
71178,7495,0xCF00400,1,8,FF,FF,FF,1C,4D,FF,FF,FF
71179,7496,0xCFF6600,1,8,A3,09,FF,FF,FF,FF,FF,FF
71196,7497,0xCF00400,1,8,FF,FF,FF,B8,4C,FF,FF,FF
71197,7498,0xCFF6600,1,8,97,09,FF,FF,FF,FF,FF,FF
71215,7499,0xCF00400,1,8,FF,FF,FF,48,4C,FF,FF,FF
71215,7500,0xCFF6600,1,8,89,09,FF,FF,FF,FF,FF,FF
71235,7501,0xCF00400,1,8,FF,FF,FF,C8,4B,FF,FF,FF
71235,7502,0xCFF6600,1,8,79,09,FF,FF,FF,FF,FF,FF
71246,7503,0x18FEF100,1,8,3F,00,00,FF,FF,FF,FF,FF
71247,7504,0x10FF6500,1,8,FC,FF,FF,FF,FF,FF,FF,FF
71248,7505,0x18F00500,1,8,FF,FF,FF,FF,20,2D,FF,FF
71262,7506,0x18FEF200,1,8,1A,00,00,00,00,00,00,FF
71264,7507,0x18EEFF00,1,8,08,CF,60,06,00,00,00,00
71275,7508,0xCF00400,1,8,FF,FF,FF,E0,4B,FF,FF,FF
71276,7509,0xCFF6600,1,8,7C,09,FF,FF,FF,FF,FF,FF
71296,7510,0xCF00400,1,8,FF,FF,FF,76,4C,FF,FF,FF
71297,7511,0xCFF6600,1,8,8E,09,FF,FF,FF,FF,FF,FF
71315,7512,0xCF00400,1,8,FF,FF,FF,98,4C,FF,FF,FF
71315,7513,0xCFF6600,1,8,93,09,FF,FF,FF,FF,FF,FF
71335,7514,0xCF00400,1,8,FF,FF,FF,5E,4C,FF,FF,FF
71335,7515,0xCFF6600,1,8,8B,09,FF,FF,FF,FF,FF,FF
71345,7516,0x18FEF100,1,8,3F,00,00,FF,FF,FF,FF,FF
71346,7517,0x18F00500,1,8,FF,FF,FF,FF,20,2D,FF,FF
71368,7518,0xCF00400,1,8,FF,FF,FF,5E,4C,FF,FF,FF
71369,7519,0xCFF6600,1,8,8B,09,FF,FF,FF,FF,FF,FF
71370,7520,0x18FEF200,1,8,1A,00,00,00,00,00,00,FF
71375,7521,0xCF00400,1,8,FF,FF,FF,00,4C,FF,FF,FF
71375,7522,0xCFF6600,1,8,80,09,FF,FF,FF,FF,FF,FF
71395,7523,0xCF00400,1,8,FF,FF,FF,86,4B,FF,FF,FF
71395,7524,0xCFF6600,1,8,70,09,FF,FF,FF,FF,FF,FF
71415,7525,0xCF00400,1,8,FF,FF,FF,5E,4B,FF,FF,FF
71416,7526,0xCFF6600,1,8,6B,09,FF,FF,FF,FF,FF,FF
71435,7527,0xCF00400,1,8,FF,FF,FF,7A,4B,FF,FF,FF
71436,7528,0xCFF6600,1,8,6F,09,FF,FF,FF,FF,FF,FF
71446,7529,0x18FEF100,1,8,3F,00,00,FF,FF,FF,FF,FF
71446,7530,0x10FF6500,1,8,FC,FF,FF,FF,FF,FF,FF,FF
71447,7531,0x18F00500,1,8,FF,FF,FF,FF,20,2D,FF,FF
71448,7532,0x18FEF200,1,8,1A,00,00,00,00,00,00,FF
71455,7533,0xCF00400,1,8,FF,FF,FF,3C,4B,FF,FF,FF
71456,7534,0xCFF6600,1,8,67,09,FF,FF,FF,FF,FF,FF
71475,7535,0xCF00400,1,8,FF,FF,FF,3C,4B,FF,FF,FF
71475,7536,0xCFF6600,1,8,67,09,FF,FF,FF,FF,FF,FF
71495,7537,0xCF00400,1,8,FF,FF,FF,AE,4A,FF,FF,FF
71516,7538,0xCF00400,1,8,FF,FF,FF,22,4A,FF,FF,FF
71516,7539,0xCFF6600,1,8,55,09,FF,FF,FF,FF,FF,FF
71535,7540,0xCF00400,1,8,FF,FF,FF,94,49,FF,FF,FF
71536,7541,0xCFF6600,1,8,32,09,FF,FF,FF,FF,FF,FF
71546,7542,0x18FEF100,1,8,3F,00,00,FF,FF,FF,FF,FF
71546,7543,0x18F00500,1,8,FF,FF,FF,FF,20,2D,FF,FF
71548,7544,0x18F00600,1,8,FF,FF,FF,FF,FF,FF,FF,FF
71548,7545,0x18FEF200,1,8,1A,00,00,00,00,00,00,FF
71549,7546,0x1CFDDF00,1,8,FE,FF,FF,FF,FF,FF,FF,FF
71550,7547,0x1CFF6A00,1,8,FC,FF,FF,FF,FF,FF,FF,FF
71552,7548,0x1CFF6A00,1,8,FC,FF,FF,FF,FF,FF,FF,FF
71555,7549,0xCF00400,1,8,FF,FF,FF,94,49,FF,FF,FF
71555,7550,0xCFF6600,1,8,32,09,FF,FF,FF,FF,FF,FF
71575,7551,0xCF00400,1,8,FF,FF,FF,26,49,FF,FF,FF
71575,7552,0xCFF6600,1,8,24,09,FF,FF,FF,FF,FF,FF
71595,7553,0xCF00400,1,8,FF,FF,FF,CE,48,FF,FF,FF
71595,7554,0xCFF6600,1,8,19,09,FF,FF,FF,FF,FF,FF
71615,7555,0xCF00400,1,8,FF,FF,FF,5C,48,FF,FF,FF
71615,7556,0xCFF6600,1,8,0B,09,FF,FF,FF,FF,FF,FF
71635,7557,0xCF00400,1,8,FF,FF,FF,D4,47,FF,FF,FF
71636,7558,0xCFF6600,1,8,FA,08,FF,FF,FF,FF,FF,FF
71646,7559,0x18FEF100,1,8,3F,00,00,FF,FF,FF,FF,FF
71646,7560,0x10FF6500,1,8,FC,FF,FF,FF,FF,FF,FF,FF
71647,7561,0x18F00500,1,8,FF,FF,FF,FF,20,2D,FF,FF
71648,7562,0x18FEF200,1,8,1A,00,00,00,00,00,00,FF
71655,7563,0xCF00400,1,8,FF,FF,FF,D4,47,FF,FF,FF
71655,7564,0xCFF6600,1,8,FA,08,FF,FF,FF,FF,FF,FF
71675,7565,0xCF00400,1,8,FF,FF,FF,FA,47,FF,FF,FF
71675,7566,0xCFF6600,1,8,FF,08,FF,FF,FF,FF,FF,FF
71695,7567,0xCF00400,1,8,FF,FF,FF,B6,48,FF,FF,FF
71696,7568,0xCFF6600,1,8,16,09,FF,FF,FF,FF,FF,FF
71716,7569,0xCF00400,1,8,FF,FF,FF,A2,49,FF,FF,FF
71717,7570,0xCFF6600,1,8,34,09,FF,FF,FF,FF,FF,FF
71735,7571,0xCF00400,1,8,FF,FF,FF,A2,49,FF,FF,FF
71735,7572,0xCFF6600,1,8,34,09,FF,FF,FF,FF,FF,FF
71745,7573,0x18FEF100,1,8,3F,00,00,FF,FF,FF,FF,FF
71746,7574,0x18F00500,1,8,FF,FF,FF,FF,20,2D,FF,FF
71747,7575,0x18FEF200,1,8,1A,00,00,00,00,00,00,FF
71755,7576,0xCF00400,1,8,FF,FF,FF,B2,4A,FF,FF,FF
71756,7577,0xCFF6600,1,8,56,09,FF,FF,FF,FF,FF,FF
71775,7578,0xCF00400,1,8,FF,FF,FF,58,4B,FF,FF,FF
71775,7579,0xCFF6600,1,8,6B,09,FF,FF,FF,FF,FF,FF
71796,7580,0xCF00400,1,8,FF,FF,FF,AC,4B,FF,FF,FF
71796,7581,0xCFF6600,1,8,75,09,FF,FF,FF,FF,FF,FF
71815,7582,0xCF00400,1,8,FF,FF,FF,02,4C,FF,FF,FF
71816,7583,0xCFF6600,1,8,80,09,FF,FF,FF,FF,FF,FF
71835,7584,0xCF00400,1,8,FF,FF,FF,02,4C,FF,FF,FF
71835,7585,0xCFF6600,1,8,80,09,FF,FF,FF,FF,FF,FF
71846,7586,0x18FEF100,1,8,3F,00,00,FF,FF,FF,FF,FF
71846,7587,0x10FF6500,1,8,FC,FF,FF,FF,FF,FF,FF,FF
71847,7588,0x18F00500,1,8,FF,FF,FF,FF,20,2D,FF,FF
71868,7589,0xCF00400,1,8,FF,FF,FF,60,4C,FF,FF,FF
71869,7590,0xCFF6600,1,8,8C,09,FF,FF,FF,FF,FF,FF
71869,7591,0x18FEF200,1,8,1A,00,00,00,00,00,00,FF
71875,7592,0xCF00400,1,8,FF,FF,FF,92,4C,FF,FF,FF
71875,7593,0xCFF6600,1,8,92,09,FF,FF,FF,FF,FF,FF
71895,7594,0xCF00400,1,8,FF,FF,FF,A2,4C,FF,FF,FF
71895,7595,0xCFF6600,1,8,94,09,FF,FF,FF,FF,FF,FF
71915,7596,0xCF00400,1,8,FF,FF,FF,7C,4C,FF,FF,FF
71915,7597,0xCFF6600,1,8,8F,09,FF,FF,FF,FF,FF,FF
71935,7598,0xCF00400,1,8,FF,FF,FF,28,4C,FF,FF,FF
71935,7599,0xCFF6600,1,8,85,09,FF,FF,FF,FF,FF,FF
71945,7600,0x18F00500,1,8,FF,FF,FF,FF,20,2D,FF,FF
71946,7601,0x18FEF100,1,8,3F,00,00,FF,FF,FF,FF,FF
71947,7602,0x18FEF200,1,8,1A,00,00,00,00,00,00,FF
71955,7603,0xCF00400,1,8,FF,FF,FF,28,4C,FF,FF,FF
71955,7604,0xCFF6600,1,8,85,09,FF,FF,FF,FF,FF,FF
71975,7605,0xCF00400,1,8,FF,FF,FF,30,4C,FF,FF,FF
71975,7606,0xCFF6600,1,8,86,09,FF,FF,FF,FF,FF,FF
71995,7607,0xCF00400,1,8,FF,FF,FF,80,4C,FF,FF,FF
71996,7608,0xCFF6600,1,8,90,09,FF,FF,FF,FF,FF,FF
72004,7609,0x18FDE500,1,8,0A,14,1E,28,32,3C,46,13
72005,7610,0x18FEEE00,1,8,61,FF,FF,FF,FF,FF,FF,FF
72017,7611,0xCF00400,1,8,FF,FF,FF,70,4C,FF,FF,FF
72017,7612,0xCFF6600,1,8,8E,09,FF,FF,FF,FF,FF,FF
72025,7613,0x1CECFF00,1,8,20,0A,00,02,FF,CA,FE,00
72035,7614,0xCF00400,1,8,FF,FF,FF,10,4C,FF,FF,FF
72035,7615,0xCFF6600,1,8,82,09,FF,FF,FF,FF,FF,FF
72046,7616,0x18FEF100,1,8,3F,00,00,FF,FF,FF,FF,FF
72047,7617,0x10FF6500,1,8,FC,FF,FF,FF,FF,FF,FF,FF
72048,7618,0x18F00500,1,8,FF,FF,FF,FF,20,2D,FF,FF
72059,7619,0x18F00600,1,8,FF,FF,FF,FF,FF,FF,FF,FF
72060,7620,0x18FEF200,1,8,1A,00,00,00,00,00,00,FF
72082,7621,0x18EEFF00,1,8,08,CF,60,06,00,00,00,00
72083,7622,0x1CFDDF00,1,8,FE,FF,FF,FF,FF,FF,FF,FF
72084,7623,0x1CFF6A00,1,8,FC,FF,FF,FF,FF,FF,FF,FF
72095,7624,0xCF00400,1,8,FF,FF,FF,BA,4C,FF,FF,FF
72095,7625,0xCFF6600,1,8,97,09,FF,FF,FF,FF,FF,FF
72115,7626,0xCF00400,1,8,FF,FF,FF,D8,4C,FF,FF,FF
72116,7627,0xCFF6600,1,8,9B,09,FF,FF,FF,FF,FF,FF
72125,7628,0x1CEBFF00,1,8,01,40,FF,0F,F0,E5,01,02
72135,7629,0xCF00400,1,8,FF,FF,FF,A2,4C,FF,FF,FF
72135,7630,0xCFF6600,1,8,94,09,FF,FF,FF,FF,FF,FF
72145,7631,0x18FEF100,1,8,3F,00,00,FF,FF,FF,FF,FF
72146,7632,0x18F00500,1,8,FF,FF,FF,FF,20,2D,FF,FF
72147,7633,0x18FEF200,1,8,1A,00,00,00,00,00,00,FF
72156,7634,0xCF00400,1,8,FF,FF,FF,76,4C,FF,FF,FF
72156,7635,0xCFF6600,1,8,8E,09,FF,FF,FF,FF,FF,FF
72175,7636,0xCF00400,1,8,FF,FF,FF,76,4C,FF,FF,FF
72175,7637,0xCFF6600,1,8,8E,09,FF,FF,FF,FF,FF,FF
72176,7638,0x1CEBFF00,1,8,02,F0,E3,01,FF,FF,FF,FF
72195,7639,0xCF00400,1,8,FF,FF,FF,4A,4C,FF,FF,FF
72196,7640,0xCFF6600,1,8,89,09,FF,FF,FF,FF,FF,FF
72215,7641,0xCF00400,1,8,FF,FF,FF,78,4C,FF,FF,FF
72216,7642,0xCFF6600,1,8,8F,09,FF,FF,FF,FF,FF,FF
72236,7643,0xCF00400,1,8,FF,FF,FF,F6,4C,FF,FF,FF
72237,7644,0xCFF6600,1,8,9E,09,FF,FF,FF,FF,FF,FF
72246,7645,0x18FEF100,1,8,3F,00,00,FF,FF,FF,FF,FF
72246,7646,0x10FF6500,1,8,FC,FF,FF,FF,FF,FF,FF,FF
72247,7647,0x18F00500,1,8,FF,FF,FF,FF,20,2D,FF,FF
72248,7648,0x18FEF200,1,8,1A,00,00,00,00,00,00,FF
72255,7649,0xCF00400,1,8,FF,FF,FF,D0,4C,FF,FF,FF
72255,7650,0xCFF6600,1,8,9A,09,FF,FF,FF,FF,FF,FF
72275,7651,0xCF00400,1,8,FF,FF,FF,D0,4C,FF,FF,FF
72275,7652,0xCFF6600,1,8,9A,09,FF,FF,FF,FF,FF,FF
72295,7653,0xCF00400,1,8,FF,FF,FF,1C,4C,FF,FF,FF
72295,7654,0xCFF6600,1,8,83,09,FF,FF,FF,FF,FF,FF
72315,7655,0xCF00400,1,8,FF,FF,FF,2C,4C,FF,FF,FF
72317,7656,0xCFF6600,1,8,85,09,FF,FF,FF,FF,FF,FF
72336,7657,0xCF00400,1,8,FF,FF,FF,E4,4C,FF,FF,FF
72336,7658,0xCFF6600,1,8,9C,09,FF,FF,FF,FF,FF,FF
72345,7659,0x18FEF100,1,8,3F,00,00,FF,FF,FF,FF,FF
72346,7660,0x18F00500,1,8,FF,FF,FF,FF,20,2D,FF,FF
72347,7661,0x18FEF200,1,8,1A,00,00,00,00,00,00,FF
72355,7662,0xCF00400,1,8,FF,FF,FF,CC,4C,FF,FF,FF
72356,7663,0xCFF6600,1,8,99,09,FF,FF,FF,FF,FF,FF
72375,7664,0xCF00400,1,8,FF,FF,FF,06,4C,FF,FF,FF
72376,7665,0xCFF6600,1,8,80,09,FF,FF,FF,FF,FF,FF
72395,7666,0xCF00400,1,8,FF,FF,FF,06,4C,FF,FF,FF
72396,7667,0xCFF6600,1,8,80,09,FF,FF,FF,FF,FF,FF
72415,7668,0xCF00400,1,8,FF,FF,FF,D8,4B,FF,FF,FF
72415,7669,0xCFF6600,1,8,7B,09,FF,FF,FF,FF,FF,FF
72436,7670,0xCF00400,1,8,FF,FF,FF,2E,4C,FF,FF,FF
72436,7671,0xCFF6600,1,8,85,09,FF,FF,FF,FF,FF,FF
72446,7672,0x10FF6500,1,8,FC,FF,FF,FF,FF,FF,FF,FF
72447,7673,0x18F00500,1,8,FF,FF,FF,FF,20,2D,FF,FF
72447,7674,0x18FEF100,1,8,3F,00,00,FF,FF,FF,FF,FF
72448,7675,0x18FEF200,1,8,1A,00,00,00,00,00,00,FF
72455,7676,0xCF00400,1,8,FF,FF,FF,A4,4C,FF,FF,FF
72456,7677,0xCFF6600,1,8,94,09,FF,FF,FF,FF,FF,FF
72475,7678,0xCF00400,1,8,FF,FF,FF,32,4D,FF,FF,FF
72495,7679,0xCF00400,1,8,FF,FF,FF,32,4D,FF,FF,FF
72496,7680,0xCFF6600,1,8,A6,09,FF,FF,FF,FF,FF,FF
72516,7681,0xCF00400,1,8,FF,FF,FF,10,4D,FF,FF,FF
72517,7682,0xCFF6600,1,8,A2,09,FF,FF,FF,FF,FF,FF
72535,7683,0xCF00400,1,8,FF,FF,FF,5A,4C,FF,FF,FF
72536,7684,0xCFF6600,1,8,8B,09,FF,FF,FF,FF,FF,FF
72545,7685,0x18FEF100,1,8,3F,00,00,FF,FF,FF,FF,FF
72546,7686,0x18F00500,1,8,FF,FF,FF,FF,20,2D,FF,FF
72547,7687,0x18F00600,1,8,FF,FF,FF,FF,FF,FF,FF,FF
72547,7688,0x18FEF200,1,8,1A,00,00,00,00,00,00,FF
72548,7689,0x1CFDDF00,1,8,FE,FF,FF,FF,FF,FF,FF,FF
72548,7690,0x1CFF6A00,1,8,FC,FF,FF,FF,FF,FF,FF,FF
72555,7691,0xCF00400,1,8,FF,FF,FF,F0,4B,FF,FF,FF
72555,7692,0xCFF6600,1,8,7E,09,FF,FF,FF,FF,FF,FF
72575,7693,0xCF00400,1,8,FF,FF,FF,CA,4B,FF,FF,FF
72576,7694,0xCFF6600,1,8,79,09,FF,FF,FF,FF,FF,FF
72595,7695,0xCF00400,1,8,FF,FF,FF,CA,4B,FF,FF,FF
72595,7696,0xCFF6600,1,8,79,09,FF,FF,FF,FF,FF,FF
72615,7697,0xCF00400,1,8,FF,FF,FF,B2,4B,FF,FF,FF
72616,7698,0xCFF6600,1,8,76,09,FF,FF,FF,FF,FF,FF
72635,7699,0xCF00400,1,8,FF,FF,FF,A4,4B,FF,FF,FF
72635,7700,0xCFF6600,1,8,74,09,FF,FF,FF,FF,FF,FF
72647,7701,0x10FF6500,1,8,FC,FF,FF,FF,FF,FF,FF,FF
72648,7702,0x18F00500,1,8,FF,FF,FF,FF,20,2D,FF,FF
72648,7703,0x18FEF100,1,8,3F,00,00,FF,FF,FF,FF,FF
72649,7704,0x18FEF200,1,8,1A,00,00,00,00,00,00,FF
72655,7705,0xCF00400,1,8,FF,FF,FF,DC,4B,FF,FF,FF
72656,7706,0xCFF6600,1,8,7B,09,FF,FF,FF,FF,FF,FF
72676,7707,0xCF00400,1,8,FF,FF,FF,4C,4C,FF,FF,FF
72677,7708,0xCFF6600,1,8,89,09,FF,FF,FF,FF,FF,FF
72695,7709,0xCF00400,1,8,FF,FF,FF,62,4C,FF,FF,FF
72696,7710,0xCFF6600,1,8,8C,09,FF,FF,FF,FF,FF,FF
72715,7711,0xCF00400,1,8,FF,FF,FF,62,4C,FF,FF,FF
72715,7712,0xCFF6600,1,8,8C,09,FF,FF,FF,FF,FF,FF
72735,7713,0xCF00400,1,8,FF,FF,FF,30,4C,FF,FF,FF
72735,7714,0xCFF6600,1,8,86,09,FF,FF,FF,FF,FF,FF
72748,7715,0x18F00500,1,8,FF,FF,FF,FF,20,2D,FF,FF
72748,7716,0x18FEF100,1,8,3F,00,00,FF,FF,FF,FF,FF
72749,7717,0x18FEF200,1,8,1A,00,00,00,00,00,00,FF
72756,7718,0xCF00400,1,8,FF,FF,FF,4C,4C,FF,FF,FF
72756,7719,0xCFF6600,1,8,89,09,FF,FF,FF,FF,FF,FF
72775,7720,0xCF00400,1,8,FF,FF,FF,A4,4C,FF,FF,FF
72776,7721,0xCFF6600,1,8,94,09,FF,FF,FF,FF,FF,FF
72795,7722,0xCF00400,1,8,FF,FF,FF,0A,4D,FF,FF,FF
72816,7723,0xCF00400,1,8,FF,FF,FF,0A,4D,FF,FF,FF
72816,7724,0xCFF6600,1,8,A1,09,FF,FF,FF,FF,FF,FF
72835,7725,0xCF00400,1,8,FF,FF,FF,80,4D,FF,FF,FF
72835,7726,0xCFF6600,1,8,B0,09,FF,FF,FF,FF,FF,FF
72846,7727,0x18FEF100,1,8,3F,00,00,FF,FF,FF,FF,FF
72846,7728,0x10FF6500,1,8,FC,FF,FF,FF,FF,FF,FF,FF
72847,7729,0x18F00500,1,8,FF,FF,FF,FF,20,2D,FF,FF
72847,7730,0x18FEF200,1,8,1A,00,00,00,00,00,00,FF
72855,7731,0xCF00400,1,8,FF,FF,FF,60,4D,FF,FF,FF
72855,7732,0xCFF6600,1,8,AC,09,FF,FF,FF,FF,FF,FF
72875,7733,0xCF00400,1,8,FF,FF,FF,BE,4C,FF,FF,FF
72875,7734,0xCFF6600,1,8,97,09,FF,FF,FF,FF,FF,FF
72895,7735,0xCF00400,1,8,FF,FF,FF,C2,4C,FF,FF,FF
72896,7736,0xCFF6600,1,8,98,09,FF,FF,FF,FF,FF,FF
72915,7737,0xCF00400,1,8,FF,FF,FF,58,4D,FF,FF,FF
72916,7738,0xCFF6600,1,8,AB,09,FF,FF,FF,FF,FF,FF
72935,7739,0xCF00400,1,8,FF,FF,FF,58,4D,FF,FF,FF
72955,7740,0xCFF6600,1,8,AB,09,FF,FF,FF,FF,FF,FF
72955,7741,0x18EEFF00,1,8,08,CF,60,06,00,00,00,00
72975,7742,0xCF00400,1,8,FF,FF,FF,3E,4D,FF,FF,FF
72976,7743,0xCFF6600,1,8,A7,09,FF,FF,FF,FF,FF,FF
72995,7744,0xCF00400,1,8,FF,FF,FF,E8,4C,FF,FF,FF
72996,7745,0xCFF6600,1,8,9D,09,FF,FF,FF,FF,FF,FF
73004,7746,0x18FDE500,1,8,0A,14,1E,28,32,3C,46,13
73006,7747,0x18FEEE00,1,8,61,FF,FF,FF,FF,FF,FF,FF
73015,7748,0xCF00400,1,8,FF,FF,FF,7C,4C,FF,FF,FF
73036,7749,0xCF00400,1,8,FF,FF,FF,7C,4C,FF,FF,FF
73037,7750,0xCFF6600,1,8,8F,09,FF,FF,FF,FF,FF,FF
73037,7751,0x1CECFF00,1,8,20,0A,00,02,FF,CA,FE,00
73046,7752,0x18F00500,1,8,FF,FF,FF,FF,20,2D,FF,FF
73047,7753,0x18FEF100,1,8,3F,00,00,FF,FF,FF,FF,FF
73048,7754,0x18FEF200,1,8,1A,00,00,00,00,00,00,FF
73055,7755,0xCF00400,1,8,FF,FF,FF,6C,4C,FF,FF,FF
73055,7756,0xCFF6600,1,8,8D,09,FF,FF,FF,FF,FF,FF
73075,7757,0xCF00400,1,8,FF,FF,FF,AE,4C,FF,FF,FF
73076,7758,0xCFF6600,1,8,95,09,FF,FF,FF,FF,FF,FF
73076,7759,0x1CEBFF00,1,8,01,40,FF,0F,F0,E5,01,02
73095,7760,0xCF00400,1,8,FF,FF,FF,CA,4C,FF,FF,FF
73096,7761,0xCFF6600,1,8,99,09,FF,FF,FF,FF,FF,FF
73115,7762,0xCF00400,1,8,FF,FF,FF,BA,4C,FF,FF,FF
73115,7763,0xCFF6600,1,8,97,09,FF,FF,FF,FF,FF,FF
73125,7764,0x1CEBFF00,1,8,02,F0,E3,01,FF,FF,FF,FF
73135,7765,0xCF00400,1,8,FF,FF,FF,B0,4C,FF,FF,FF
73135,7766,0xCFF6600,1,8,96,09,FF,FF,FF,FF,FF,FF
73146,7767,0x18FEF100,1,8,3F,00,00,FF,FF,FF,FF,FF
73147,7768,0x10FF6500,1,8,FC,FF,FF,FF,FF,FF,FF,FF
73147,7769,0x18F00500,1,8,FF,FF,FF,FF,20,2D,FF,FF
73148,7770,0x18F00600,1,8,FF,FF,FF,FF,FF,FF,FF,FF
73148,7771,0x18FEF200,1,8,1A,00,00,00,00,00,00,FF
73150,7772,0x1CFDDF00,1,8,FE,FF,FF,FF,FF,FF,FF,FF
73150,7773,0x1CFF6A00,1,8,FC,FF,FF,FF,FF,FF,FF,FF
73157,7774,0xCF00400,1,8,FF,FF,FF,B0,4C,FF,FF,FF
73158,7775,0xCFF6600,1,8,96,09,FF,FF,FF,FF,FF,FF
73175,7776,0xCF00400,1,8,FF,FF,FF,BA,4C,FF,FF,FF
73175,7777,0xCFF6600,1,8,97,09,FF,FF,FF,FF,FF,FF
73195,7778,0xCF00400,1,8,FF,FF,FF,E8,4C,FF,FF,FF
73196,7779,0xCFF6600,1,8,9D,09,FF,FF,FF,FF,FF,FF
73216,7780,0xCF00400,1,8,FF,FF,FF,30,4D,FF,FF,FF
73216,7781,0xCFF6600,1,8,A6,09,FF,FF,FF,FF,FF,FF
73235,7782,0xCF00400,1,8,FF,FF,FF,26,4D,FF,FF,FF
73237,7783,0xCFF6600,1,8,A4,09,FF,FF,FF,FF,FF,FF
73248,7784,0x18F00500,1,8,FF,FF,FF,FF,20,2D,FF,FF
73248,7785,0x18FEF100,1,8,3F,00,00,FF,FF,FF,FF,FF
73249,7786,0x18FEF200,1,8,1A,00,00,00,00,00,00,FF
73255,7787,0xCF00400,1,8,FF,FF,FF,26,4D,FF,FF,FF
73256,7788,0xCFF6600,1,8,A4,09,FF,FF,FF,FF,FF,FF
73275,7789,0xCF00400,1,8,FF,FF,FF,DA,4C,FF,FF,FF
73275,7790,0xCFF6600,1,8,9B,09,FF,FF,FF,FF,FF,FF
73296,7791,0xCF00400,1,8,FF,FF,FF,EE,4C,FF,FF,FF
73297,7792,0xCFF6600,1,8,9D,09,FF,FF,FF,FF,FF,FF
73315,7793,0xCF00400,1,8,FF,FF,FF,50,4D,FF,FF,FF
73315,7794,0xCFF6600,1,8,AA,09,FF,FF,FF,FF,FF,FF
73349,7795,0xCF00400,1,8,FF,FF,FF,6E,4D,FF,FF,FF
73349,7796,0xCFF6600,1,8,AD,09,FF,FF,FF,FF,FF,FF
73354,7797,0x18EEFF00,1,8,08,CF,60,06,00,00,00,00
73355,7798,0xCF00400,1,8,FF,FF,FF,5E,4D,FF,FF,FF
73355,7799,0xCFF6600,1,8,AB,09,FF,FF,FF,FF,FF,FF
73380,7800,0xCF00400,1,8,FF,FF,FF,5E,4D,FF,FF,FF
73380,7801,0xCFF6600,1,8,AB,09,FF,FF,FF,FF,FF,FF
73396,7802,0xCF00400,1,8,FF,FF,FF,0C,4D,FF,FF,FF
73397,7803,0xCFF6600,1,8,A1,09,FF,FF,FF,FF,FF,FF
73415,7804,0xCF00400,1,8,FF,FF,FF,82,4C,FF,FF,FF
73416,7805,0xCFF6600,1,8,90,09,FF,FF,FF,FF,FF,FF
73435,7806,0xCF00400,1,8,FF,FF,FF,6C,4C,FF,FF,FF
73436,7807,0xCFF6600,1,8,8D,09,FF,FF,FF,FF,FF,FF
73446,7808,0x18FEF100,1,8,3F,00,00,FF,FF,FF,FF,FF
73446,7809,0x10FF6500,1,8,FC,FF,FF,FF,FF,FF,FF,FF
73468,7810,0xCF00400,1,8,FF,FF,FF,BA,4C,FF,FF,FF
73468,7811,0xCFF6600,1,8,97,09,FF,FF,FF,FF,FF,FF
73482,7812,0x18F00500,1,8,FF,FF,FF,FF,20,2D,FF,FF
73483,7813,0x18FEF200,1,8,1A,00,00,00,00,00,00,FF
73484,7814,0x18EEFF00,1,8,08,CF,60,06,00,00,00,00
73495,7815,0xCF00400,1,8,FF,FF,FF,00,4D,FF,FF,FF
73495,7816,0xCFF6600,1,8,A0,09,FF,FF,FF,FF,FF,FF
73515,7817,0xCF00400,1,8,FF,FF,FF,3A,4D,FF,FF,FF
73515,7818,0xCFF6600,1,8,A7,09,FF,FF,FF,FF,FF,FF
73538,7819,0xCF00400,1,8,FF,FF,FF,42,4D,FF,FF,FF
73539,7820,0xCFF6600,1,8,A8,09,FF,FF,FF,FF,FF,FF
73546,7821,0x18FEF100,1,8,3F,00,00,FF,FF,FF,FF,FF
73546,7822,0x18F00500,1,8,FF,FF,FF,FF,20,2D,FF,FF
73547,7823,0x18FEF200,1,8,1A,00,00,00,00,00,00,FF
73555,7824,0xCF00400,1,8,FF,FF,FF,20,4D,FF,FF,FF
73556,7825,0xCFF6600,1,8,A4,09,FF,FF,FF,FF,FF,FF
73575,7826,0xCF00400,1,8,FF,FF,FF,0E,4D,FF,FF,FF
73575,7827,0xCFF6600,1,8,A1,09,FF,FF,FF,FF,FF,FF
73595,7828,0xCF00400,1,8,FF,FF,FF,0E,4D,FF,FF,FF
73596,7829,0xCFF6600,1,8,A1,09,FF,FF,FF,FF,FF,FF
73615,7830,0xCF00400,1,8,FF,FF,FF,0C,4D,FF,FF,FF
73616,7831,0xCFF6600,1,8,A1,09,FF,FF,FF,FF,FF,FF
73635,7832,0xCF00400,1,8,FF,FF,FF,1A,4D,FF,FF,FF
73635,7833,0xCFF6600,1,8,A3,09,FF,FF,FF,FF,FF,FF
73647,7834,0x10FF6500,1,8,FC,FF,FF,FF,FF,FF,FF,FF
73647,7835,0x18F00500,1,8,FF,FF,FF,FF,20,2D,FF,FF
73667,7836,0x18EEFF00,1,8,08,CF,60,06,00,00,00,00
73668,7837,0x18FEF100,1,8,3F,00,00,FF,FF,FF,FF,FF
73668,7838,0x18FEF200,1,8,1A,00,00,00,00,00,00,FF
73675,7839,0xCF00400,1,8,FF,FF,FF,58,4D,FF,FF,FF
73676,7840,0xCFF6600,1,8,AB,09,FF,FF,FF,FF,FF,FF
73695,7841,0xCF00400,1,8,FF,FF,FF,90,4D,FF,FF,FF
73696,7842,0xCFF6600,1,8,B2,09,FF,FF,FF,FF,FF,FF
73715,7843,0xCF00400,1,8,FF,FF,FF,90,4D,FF,FF,FF
73736,7844,0xCF00400,1,8,FF,FF,FF,8E,4D,FF,FF,FF
73736,7845,0xCFF6600,1,8,B2,09,FF,FF,FF,FF,FF,FF
73746,7846,0x18F00500,1,8,FF,FF,FF,FF,20,2D,FF,FF
73747,7847,0x18F00600,1,8,FF,FF,FF,FF,FF,FF,FF,FF
73748,7848,0x18FEF100,1,8,3F,00,00,FF,FF,FF,FF,FF
73748,7849,0x18FEF200,1,8,1A,00,00,00,00,00,00,FF
73749,7850,0x1CFDDF00,1,8,FE,FF,FF,FF,FF,FF,FF,FF
73750,7851,0x1CFF6A00,1,8,FC,FF,FF,FF,FF,FF,FF,FF
73755,7852,0xCF00400,1,8,FF,FF,FF,5C,4D,FF,FF,FF
73756,7853,0xCFF6600,1,8,AB,09,FF,FF,FF,FF,FF,FF
73775,7854,0xCF00400,1,8,FF,FF,FF,D4,4C,FF,FF,FF
73776,7855,0xCFF6600,1,8,9A,09,FF,FF,FF,FF,FF,FF
73795,7856,0xCF00400,1,8,FF,FF,FF,FA,4B,FF,FF,FF
73795,7857,0xCFF6600,1,8,7F,09,FF,FF,FF,FF,FF,FF
73815,7858,0xCF00400,1,8,FF,FF,FF,FA,4B,FF,FF,FF
73815,7859,0xCFF6600,1,8,7F,09,FF,FF,FF,FF,FF,FF
73835,7860,0xCF00400,1,8,FF,FF,FF,BE,4B,FF,FF,FF
73835,7861,0xCFF6600,1,8,77,09,FF,FF,FF,FF,FF,FF
73846,7862,0x18FEF100,1,8,3F,00,00,FF,FF,FF,FF,FF
73846,7863,0x10FF6500,1,8,FC,FF,FF,FF,FF,FF,FF,FF
73847,7864,0x18F00500,1,8,FF,FF,FF,FF,20,2D,FF,FF
73848,7865,0x18FEF200,1,8,1A,00,00,00,00,00,00,FF
73855,7866,0xCF00400,1,8,FF,FF,FF,0C,4C,FF,FF,FF
73855,7867,0xCFF6600,1,8,81,09,FF,FF,FF,FF,FF,FF
73876,7868,0xCF00400,1,8,FF,FF,FF,64,4C,FF,FF,FF
73877,7869,0xCFF6600,1,8,8C,09,FF,FF,FF,FF,FF,FF
73895,7870,0xCF00400,1,8,FF,FF,FF,C2,4C,FF,FF,FF
73896,7871,0xCFF6600,1,8,98,09,FF,FF,FF,FF,FF,FF
73915,7872,0xCF00400,1,8,FF,FF,FF,D8,4C,FF,FF,FF
73916,7873,0xCFF6600,1,8,9B,09,FF,FF,FF,FF,FF,FF
73935,7874,0xCF00400,1,8,FF,FF,FF,D8,4C,FF,FF,FF
73935,7875,0xCFF6600,1,8,9B,09,FF,FF,FF,FF,FF,FF
73966,7876,0xCF00400,1,8,FF,FF,FF,B2,4C,FF,FF,FF
73966,7877,0xCFF6600,1,8,96,09,FF,FF,FF,FF,FF,FF
73967,7878,0x18F00500,1,8,FF,FF,FF,FF,20,2D,FF,FF
73968,7879,0x18FEF100,1,8,3F,00,00,FF,FF,FF,FF,FF
73968,7880,0x18FEF200,1,8,1A,00,00,00,00,00,00,FF
73975,7881,0xCF00400,1,8,FF,FF,FF,1C,4D,FF,FF,FF
73976,7882,0xCFF6600,1,8,A3,09,FF,FF,FF,FF,FF,FF
73995,7883,0xCF00400,1,8,FF,FF,FF,F6,4D,FF,FF,FF
73996,7884,0xCFF6600,1,8,BE,09,FF,FF,FF,FF,FF,FF
74005,7885,0x18FDE500,1,8,0A,14,1E,28,32,3C,46,13
74006,7886,0x18FEEE00,1,8,61,FF,FF,FF,FF,FF,FF,FF
74015,7887,0xCF00400,1,8,FF,FF,FF,EC,4D,FF,FF,FF
74016,7888,0xCFF6600,1,8,BD,09,FF,FF,FF,FF,FF,FF
74024,7889,0x1CECFF00,1,8,20,0A,00,02,FF,CA,FE,00
74035,7890,0xCF00400,1,8,FF,FF,FF,2E,4D,FF,FF,FF
74036,7891,0xCFF6600,1,8,A5,09,FF,FF,FF,FF,FF,FF
74046,7892,0x18FEF100,1,8,3F,00,00,FF,FF,FF,FF,FF
74046,7893,0x10FF6500,1,8,FC,FF,FF,FF,FF,FF,FF,FF
74047,7894,0x18F00500,1,8,FF,FF,FF,FF,20,2D,FF,FF
74048,7895,0x18FEF200,1,8,1B,00,00,00,00,00,00,FF
74057,7896,0xCF00400,1,8,FF,FF,FF,2E,4D,FF,FF,FF
74058,7897,0xCFF6600,1,8,A5,09,FF,FF,FF,FF,FF,FF
74075,7898,0xCF00400,1,8,FF,FF,FF,DC,4C,FF,FF,FF
74075,7899,0xCFF6600,1,8,9B,09,FF,FF,FF,FF,FF,FF
74076,7900,0x1CEBFF00,1,8,01,40,FF,0F,F0,E5,01,02
74095,7901,0xCF00400,1,8,FF,FF,FF,EA,4C,FF,FF,FF
74096,7902,0xCFF6600,1,8,9D,09,FF,FF,FF,FF,FF,FF
74115,7903,0xCF00400,1,8,FF,FF,FF,E8,4C,FF,FF,FF
74136,7904,0xCF00400,1,8,FF,FF,FF,E0,4C,FF,FF,FF
74137,7905,0xCFF6600,1,8,9D,09,FF,FF,FF,FF,FF,FF
74138,7906,0x1CEBFF00,1,8,02,F0,E3,01,FF,FF,FF,FF
74146,7907,0x18FEF100,1,8,3F,00,00,FF,FF,FF,FF,FF
74146,7908,0x18F00500,1,8,FF,FF,FF,FF,20,2D,FF,FF
74147,7909,0x18FEF200,1,8,1B,00,00,00,00,00,00,FF
74155,7910,0xCF00400,1,8,FF,FF,FF,E0,4C,FF,FF,FF
74156,7911,0xCFF6600,1,8,9C,09,FF,FF,FF,FF,FF,FF
74175,7912,0xCF00400,1,8,FF,FF,FF,A2,4C,FF,FF,FF
74175,7913,0xCFF6600,1,8,94,09,FF,FF,FF,FF,FF,FF
74195,7914,0xCF00400,1,8,FF,FF,FF,34,4C,FF,FF,FF
74195,7915,0xCFF6600,1,8,86,09,FF,FF,FF,FF,FF,FF
74215,7916,0xCF00400,1,8,FF,FF,FF,72,4C,FF,FF,FF
74215,7917,0xCFF6600,1,8,8E,09,FF,FF,FF,FF,FF,FF
74235,7918,0xCF00400,1,8,FF,FF,FF,38,4D,FF,FF,FF
74235,7919,0xCFF6600,1,8,A7,09,FF,FF,FF,FF,FF,FF
74246,7920,0x18FEF100,1,8,3F,00,00,FF,FF,FF,FF,FF
74246,7921,0x10FF6500,1,8,FC,FF,FF,FF,FF,FF,FF,FF
74247,7922,0x18F00500,1,8,FF,FF,FF,FF,20,2D,FF,FF
74247,7923,0x18F00600,1,8,FF,FF,FF,FF,FF,FF,FF,FF
74248,7924,0x18FEF200,1,8,1B,00,00,00,00,00,00,FF
74249,7925,0x1CFDDF00,1,8,FE,FF,FF,FF,FF,FF,FF,FF
74250,7926,0x1CFF6A00,1,8,FC,FF,FF,FF,FF,FF,FF,FF
74255,7927,0xCF00400,1,8,FF,FF,FF,50,4D,FF,FF,FF
74277,7928,0xCF00400,1,8,FF,FF,FF,50,4D,FF,FF,FF
74277,7929,0xCFF6600,1,8,AA,09,FF,FF,FF,FF,FF,FF
74295,7930,0xCF00400,1,8,FF,FF,FF,D8,4C,FF,FF,FF
74296,7931,0xCFF6600,1,8,9B,09,FF,FF,FF,FF,FF,FF
74315,7932,0xCF00400,1,8,FF,FF,FF,7E,4C,FF,FF,FF
74315,7933,0xCFF6600,1,8,8F,09,FF,FF,FF,FF,FF,FF
74335,7934,0xCF00400,1,8,FF,FF,FF,4C,4C,FF,FF,FF
74335,7935,0xCFF6600,1,8,89,09,FF,FF,FF,FF,FF,FF
74345,7936,0x18FEF100,1,8,3F,00,00,FF,FF,FF,FF,FF
74346,7937,0x18F00500,1,8,FF,FF,FF,FF,20,2D,FF,FF
74347,7938,0x18FEF200,1,8,1B,00,00,00,00,00,00,FF
74355,7939,0xCF00400,1,8,FF,FF,FF,A4,4C,FF,FF,FF
74356,7940,0xCFF6600,1,8,94,09,FF,FF,FF,FF,FF,FF
74375,7941,0xCF00400,1,8,FF,FF,FF,A4,4C,FF,FF,FF
74375,7942,0xCFF6600,1,8,94,09,FF,FF,FF,FF,FF,FF
74395,7943,0xCF00400,1,8,FF,FF,FF,68,4D,FF,FF,FF
74396,7944,0xCFF6600,1,8,AD,09,FF,FF,FF,FF,FF,FF
74430,7945,0xCF00400,1,8,FF,FF,FF,2C,4D,FF,FF,FF
74430,7946,0xCFF6600,1,8,A5,09,FF,FF,FF,FF,FF,FF
74454,7947,0x18EEFF00,1,8,08,CF,60,06,00,00,00,00
74455,7948,0xCF00400,1,8,FF,FF,FF,D2,4B,FF,FF,FF
74455,7949,0xCFF6600,1,8,7A,09,FF,FF,FF,FF,FF,FF
74475,7950,0xCF00400,1,8,FF,FF,FF,52,4C,FF,FF,FF
74476,7951,0xCFF6600,1,8,8A,09,FF,FF,FF,FF,FF,FF
74495,7952,0xCF00400,1,8,FF,FF,FF,52,4C,FF,FF,FF
74496,7953,0xCFF6600,1,8,8A,09,FF,FF,FF,FF,FF,FF
74515,7954,0xCF00400,1,8,FF,FF,FF,96,4C,FF,FF,FF
74515,7955,0xCFF6600,1,8,92,09,FF,FF,FF,FF,FF,FF
74535,7956,0xCF00400,1,8,FF,FF,FF,A6,4C,FF,FF,FF
74535,7957,0xCFF6600,1,8,94,09,FF,FF,FF,FF,FF,FF
74546,7958,0x18F00500,1,8,FF,FF,FF,FF,20,2D,FF,FF
74546,7959,0x10FF6500,1,8,FC,FF,FF,FF,FF,FF,FF,FF
74547,7960,0x18FEF100,1,8,3F,00,00,FF,FF,FF,FF,FF
74548,7961,0x18FEF200,1,8,1B,00,00,00,00,00,00,FF
74555,7962,0xCF00400,1,8,FF,FF,FF,F6,4C,FF,FF,FF
74556,7963,0xCFF6600,1,8,9E,09,FF,FF,FF,FF,FF,FF
74575,7964,0xCF00400,1,8,FF,FF,FF,74,4D,FF,FF,FF
74576,7965,0xCFF6600,1,8,AE,09,FF,FF,FF,FF,FF,FF
74595,7966,0xCF00400,1,8,FF,FF,FF,74,4D,FF,FF,FF
74595,7967,0xCFF6600,1,8,AE,09,FF,FF,FF,FF,FF,FF
74615,7968,0xCF00400,1,8,FF,FF,FF,A2,4D,FF,FF,FF
74616,7969,0xCFF6600,1,8,B4,09,FF,FF,FF,FF,FF,FF
74635,7970,0xCF00400,1,8,FF,FF,FF,88,4D,FF,FF,FF
74635,7971,0xCFF6600,1,8,B1,09,FF,FF,FF,FF,FF,FF
74647,7972,0x18F00500,1,8,FF,FF,FF,FF,20,2D,FF,FF
74668,7973,0xCF00400,1,8,FF,FF,FF,80,4D,FF,FF,FF
74669,7974,0xCFF6600,1,8,B0,09,FF,FF,FF,FF,FF,FF
74669,7975,0x18FEF100,1,8,3F,00,00,FF,FF,FF,FF,FF
74670,7976,0x18FEF200,1,8,1B,00,00,00,00,00,00,FF
74675,7977,0xCF00400,1,8,FF,FF,FF,8A,4D,FF,FF,FF
74675,7978,0xCFF6600,1,8,B1,09,FF,FF,FF,FF,FF,FF
74695,7979,0xCF00400,1,8,FF,FF,FF,C4,4D,FF,FF,FF
74695,7980,0xCFF6600,1,8,B8,09,FF,FF,FF,FF,FF,FF
74715,7981,0xCF00400,1,8,FF,FF,FF,C4,4D,FF,FF,FF
74716,7982,0xCFF6600,1,8,B8,09,FF,FF,FF,FF,FF,FF
74735,7983,0xCF00400,1,8,FF,FF,FF,20,4E,FF,FF,FF
74736,7984,0xCFF6600,1,8,C4,09,FF,FF,FF,FF,FF,FF
74745,7985,0x18F00500,1,8,FF,FF,FF,FF,20,2D,FF,FF
74746,7986,0x10FF6500,1,8,FC,FF,FF,FF,FF,FF,FF,FF
74747,7987,0x18FEF100,1,8,3F,00,00,FF,FF,FF,FF,FF
74747,7988,0x18FEF200,1,8,1B,00,00,00,00,00,00,FF
74755,7989,0xCF00400,1,8,FF,FF,FF,D6,4D,FF,FF,FF
74755,7990,0xCFF6600,1,8,BA,09,FF,FF,FF,FF,FF,FF
74775,7991,0xCF00400,1,8,FF,FF,FF,F6,4C,FF,FF,FF
74775,7992,0xCFF6600,1,8,9E,09,FF,FF,FF,FF,FF,FF
74796,7993,0xCF00400,1,8,FF,FF,FF,5C,4C,FF,FF,FF
74797,7994,0xCFF6600,1,8,8B,09,FF,FF,FF,FF,FF,FF
74815,7995,0xCF00400,1,8,FF,FF,FF,0A,4C,FF,FF,FF
74816,7996,0xCFF6600,1,8,81,09,FF,FF,FF,FF,FF,FF
74835,7997,0xCF00400,1,8,FF,FF,FF,0A,4C,FF,FF,FF
74835,7998,0xCFF6600,1,8,81,09,FF,FF,FF,FF,FF,FF
74846,7999,0x18FEF100,1,8,3F,00,00,FF,FF,FF,FF,FF
74846,8000,0x18F00500,1,8,FF,FF,FF,FF,20,2D,FF,FF
74848,8001,0x18F00600,1,8,FF,FF,FF,FF,FF,FF,FF,FF
74848,8002,0x18FEF200,1,8,1B,00,00,00,00,00,00,FF
74869,8003,0xCF00400,1,8,FF,FF,FF,EE,4B,FF,FF,FF
74871,8004,0xCFF6600,1,8,7D,09,FF,FF,FF,FF,FF,FF
74871,8005,0x1CFDDF00,1,8,FE,FF,FF,FF,FF,FF,FF,FF
74873,8006,0x1CFF6A00,1,8,FC,FF,FF,FF,FF,FF,FF,FF
74875,8007,0xCF00400,1,8,FF,FF,FF,02,4C,FF,FF,FF
74875,8008,0xCFF6600,1,8,80,09,FF,FF,FF,FF,FF,FF
74895,8009,0xCF00400,1,8,FF,FF,FF,E4,4B,FF,FF,FF
74896,8010,0xCFF6600,1,8,7C,09,FF,FF,FF,FF,FF,FF
74915,8011,0xCF00400,1,8,FF,FF,FF,A0,4B,FF,FF,FF
74916,8012,0xCFF6600,1,8,74,09,FF,FF,FF,FF,FF,FF
74935,8013,0xCF00400,1,8,FF,FF,FF,A0,4B,FF,FF,FF
74936,8014,0xCFF6600,1,8,74,09,FF,FF,FF,FF,FF,FF
74945,8015,0x18FEF100,1,8,3F,00,00,FF,FF,FF,FF,FF
74946,8016,0x10FF6500,1,8,FC,FF,FF,FF,FF,FF,FF,FF
74947,8017,0x18F00500,1,8,FF,FF,FF,FF,20,2D,FF,FF
74948,8018,0x18FEF200,1,8,1B,00,00,00,00,00,00,FF
74955,8019,0xCF00400,1,8,FF,FF,FF,9C,4B,FF,FF,FF
74955,8020,0xCFF6600,1,8,73,09,FF,FF,FF,FF,FF,FF
74975,8021,0xCF00400,1,8,FF,FF,FF,D2,4B,FF,FF,FF
74976,8022,0xCFF6600,1,8,7A,09,FF,FF,FF,FF,FF,FF
74995,8023,0xCF00400,1,8,FF,FF,FF,28,4C,FF,FF,FF
74996,8024,0xCFF6600,1,8,85,09,FF,FF,FF,FF,FF,FF
75006,8025,0x18FDE500,1,8,0A,14,1E,28,32,3C,46,13
75007,8026,0x18FEEE00,1,8,61,FF,FF,FF,FF,FF,FF,FF
75015,8027,0xCF00400,1,8,FF,FF,FF,94,4C,FF,FF,FF
75015,8028,0xCFF6600,1,8,92,09,FF,FF,FF,FF,FF,FF
75025,8029,0x1CECFF00,1,8,20,0A,00,02,FF,CA,FE,00
75035,8030,0xCF00400,1,8,FF,FF,FF,94,4C,FF,FF,FF
75036,8031,0xCFF6600,1,8,92,09,FF,FF,FF,FF,FF,FF
75046,8032,0x18F00500,1,8,FF,FF,FF,FF,20,2D,FF,FF
75068,8033,0xCF00400,1,8,FF,FF,FF,9E,4C,FF,FF,FF
75068,8034,0xCFF6600,1,8,93,09,FF,FF,FF,FF,FF,FF
75069,8035,0x18FEF100,1,8,3F,00,00,FF,FF,FF,FF,FF
75070,8036,0x18FEF200,1,8,1A,00,00,00,00,00,00,FF
75075,8037,0xCF00400,1,8,FF,FF,FF,5E,4C,FF,FF,FF
75076,8038,0xCFF6600,1,8,8B,09,FF,FF,FF,FF,FF,FF
75076,8039,0x1CEBFF00,1,8,01,40,FF,0F,F0,E5,01,02
75095,8040,0xCF00400,1,8,FF,FF,FF,90,4C,FF,FF,FF
75095,8041,0xCFF6600,1,8,92,09,FF,FF,FF,FF,FF,FF
75115,8042,0xCF00400,1,8,FF,FF,FF,1C,4D,FF,FF,FF
75115,8043,0xCFF6600,1,8,A3,09,FF,FF,FF,FF,FF,FF
75125,8044,0x1CEBFF00,1,8,02,F0,E3,01,FF,FF,FF,FF
75135,8045,0xCF00400,1,8,FF,FF,FF,F6,4C,FF,FF,FF
75136,8046,0xCFF6600,1,8,9E,09,FF,FF,FF,FF,FF,FF
75162,8047,0x10FF6500,1,8,FC,FF,FF,FF,FF,FF,FF,FF
75162,8048,0x18F00500,1,8,FF,FF,FF,FF,20,2D,FF,FF
75163,8049,0x18FEF100,1,8,3F,00,00,FF,FF,FF,FF,FF
75163,8050,0x18FEF200,1,8,1A,00,00,00,00,00,00,FF
75164,8051,0x18EEFF00,1,8,08,CF,60,06,00,00,00,00
75175,8052,0xCF00400,1,8,FF,FF,FF,40,4C,FF,FF,FF
75175,8053,0xCFF6600,1,8,88,09,FF,FF,FF,FF,FF,FF
75195,8054,0xCF00400,1,8,FF,FF,FF,AC,4B,FF,FF,FF
75196,8055,0xCFF6600,1,8,75,09,FF,FF,FF,FF,FF,FF
75215,8056,0xCF00400,1,8,FF,FF,FF,34,4B,FF,FF,FF
75215,8057,0xCFF6600,1,8,66,09,FF,FF,FF,FF,FF,FF
75235,8058,0xCF00400,1,8,FF,FF,FF,46,4B,FF,FF,FF
75236,8059,0xCFF6600,1,8,68,09,FF,FF,FF,FF,FF,FF
75246,8060,0x18FEF100,1,8,3F,00,00,FF,FF,FF,FF,FF
75246,8061,0x18F00500,1,8,FF,FF,FF,FF,20,2D,FF,FF
75247,8062,0x18FEF200,1,8,1A,00,00,00,00,00,00,FF
75255,8063,0xCF00400,1,8,FF,FF,FF,46,4B,FF,FF,FF
75256,8064,0xCFF6600,1,8,68,09,FF,FF,FF,FF,FF,FF
75275,8065,0xCF00400,1,8,FF,FF,FF,C8,4B,FF,FF,FF
75276,8066,0xCFF6600,1,8,79,09,FF,FF,FF,FF,FF,FF
75296,8067,0xCF00400,1,8,FF,FF,FF,40,4C,FF,FF,FF
75297,8068,0xCFF6600,1,8,88,09,FF,FF,FF,FF,FF,FF
75315,8069,0xCF00400,1,8,FF,FF,FF,B2,4C,FF,FF,FF
75315,8070,0xCFF6600,1,8,96,09,FF,FF,FF,FF,FF,FF
75335,8071,0xCF00400,1,8,FF,FF,FF,5A,4D,FF,FF,FF
75335,8072,0xCFF6600,1,8,AB,09,FF,FF,FF,FF,FF,FF
75346,8073,0x18F00500,1,8,FF,FF,FF,FF,20,2D,FF,FF
75367,8074,0xCF00400,1,8,FF,FF,FF,5A,4D,FF,FF,FF
75368,8075,0xCFF6600,1,8,AB,09,FF,FF,FF,FF,FF,FF
75368,8076,0x10FF6500,1,8,FC,FF,FF,FF,FF,FF,FF,FF
75369,8077,0x18F00600,1,8,FF,FF,FF,FF,FF,FF,FF,FF
75370,8078,0x18FEF100,1,8,3F,00,00,FF,FF,FF,FF,FF
75370,8079,0x18FEF200,1,8,1A,00,00,00,00,00,00,FF
75371,8080,0x1CFDDF00,1,8,FE,FF,FF,FF,FF,FF,FF,FF
75372,8081,0x1CFF6A00,1,8,FC,FF,FF,FF,FF,FF,FF,FF
75373,8082,0x1CFF6A00,1,8,FC,FF,FF,FF,FF,FF,FF,FF
75375,8083,0xCF00400,1,8,FF,FF,FF,2A,4E,FF,FF,FF
75375,8084,0xCFF6600,1,8,C5,09,FF,FF,FF,FF,FF,FF
75395,8085,0xCF00400,1,8,FF,FF,FF,5A,4E,FF,FF,FF
75395,8086,0xCFF6600,1,8,CB,09,FF,FF,FF,FF,FF,FF
75415,8087,0xCF00400,1,8,FF,FF,FF,0E,4E,FF,FF,FF
75415,8088,0xCFF6600,1,8,C1,09,FF,FF,FF,FF,FF,FF
75435,8089,0xCF00400,1,8,FF,FF,FF,D2,4D,FF,FF,FF
75435,8090,0xCFF6600,1,8,BA,09,FF,FF,FF,FF,FF,FF
75446,8091,0x18FEF100,1,8,3F,00,00,FF,FF,FF,FF,FF
75446,8092,0x18F00500,1,8,FF,FF,FF,FF,20,2D,FF,FF
75447,8093,0x18FEF200,1,8,1A,00,00,00,00,00,00,FF
75456,8094,0xCF00400,1,8,FF,FF,FF,A6,4D,FF,FF,FF
75457,8095,0xCFF6600,1,8,B4,09,FF,FF,FF,FF,FF,FF
75475,8096,0xCF00400,1,8,FF,FF,FF,A6,4D,FF,FF,FF
75476,8097,0xCFF6600,1,8,B4,09,FF,FF,FF,FF,FF,FF
75495,8098,0xCF00400,1,8,FF,FF,FF,2A,4D,FF,FF,FF
75496,8099,0xCFF6600,1,8,A5,09,FF,FF,FF,FF,FF,FF
75517,8100,0xCF00400,1,8,FF,FF,FF,60,4C,FF,FF,FF
75518,8101,0xCFF6600,1,8,8C,09,FF,FF,FF,FF,FF,FF
75535,8102,0xCF00400,1,8,FF,FF,FF,72,4C,FF,FF,FF
75535,8103,0xCFF6600,1,8,8E,09,FF,FF,FF,FF,FF,FF
75546,8104,0x18FEF100,1,8,3F,00,00,FF,FF,FF,FF,FF
75546,8105,0x10FF6500,1,8,FC,FF,FF,FF,FF,FF,FF,FF
75547,8106,0x18F00500,1,8,FF,FF,FF,FF,20,2D,FF,FF
75547,8107,0x18FEF200,1,8,1A,00,00,00,00,00,00,FF
75557,8108,0xCF00400,1,8,FF,FF,FF,3C,4D,FF,FF,FF
75558,8109,0xCFF6600,1,8,A7,09,FF,FF,FF,FF,FF,FF
75575,8110,0xCF00400,1,8,FF,FF,FF,BC,4D,FF,FF,FF
75576,8111,0xCFF6600,1,8,B7,09,FF,FF,FF,FF,FF,FF
75595,8112,0xCF00400,1,8,FF,FF,FF,BC,4D,FF,FF,FF
75596,8113,0xCFF6600,1,8,B7,09,FF,FF,FF,FF,FF,FF
75615,8114,0xCF00400,1,8,FF,FF,FF,0C,4E,FF,FF,FF
75615,8115,0xCFF6600,1,8,C1,09,FF,FF,FF,FF,FF,FF
75636,8116,0xCF00400,1,8,FF,FF,FF,12,4E,FF,FF,FF
75637,8117,0xCFF6600,1,8,C2,09,FF,FF,FF,FF,FF,FF
75646,8118,0x18F00500,1,8,FF,FF,FF,FF,20,2D,FF,FF
75647,8119,0x18FEF100,1,8,3F,00,00,FF,FF,FF,FF,FF
75648,8120,0x18FEF200,1,8,1A,00,00,00,00,00,00,FF
75655,8121,0xCF00400,1,8,FF,FF,FF,DA,4D,FF,FF,FF
75655,8122,0xCFF6600,1,8,BB,09,FF,FF,FF,FF,FF,FF
75675,8123,0xCF00400,1,8,FF,FF,FF,84,4D,FF,FF,FF
75696,8124,0xCFF6600,1,8,B0,09,FF,FF,FF,FF,FF,FF
75696,8125,0xCF00400,1,8,FF,FF,FF,12,4D,FF,FF,FF
75715,8126,0xCF00400,1,8,FF,FF,FF,12,4D,FF,FF,FF
75716,8127,0xCFF6600,1,8,A2,09,FF,FF,FF,FF,FF,FF
75735,8128,0xCF00400,1,8,FF,FF,FF,38,4D,FF,FF,FF
75736,8129,0xCFF6600,1,8,A7,09,FF,FF,FF,FF,FF,FF
75746,8130,0x10FF6500,1,8,FC,FF,FF,FF,FF,FF,FF,FF
75746,8131,0x18F00500,1,8,FF,FF,FF,FF,20,2D,FF,FF
75747,8132,0x18FEF100,1,8,3F,00,00,FF,FF,FF,FF,FF
75748,8133,0x18FEF200,1,8,1A,00,00,00,00,00,00,FF
75755,8134,0xCF00400,1,8,FF,FF,FF,D0,4D,FF,FF,FF
75756,8135,0xCFF6600,1,8,BA,09,FF,FF,FF,FF,FF,FF
75775,8136,0xCF00400,1,8,FF,FF,FF,06,4E,FF,FF,FF
75776,8137,0xCFF6600,1,8,C0,09,FF,FF,FF,FF,FF,FF
75796,8138,0xCF00400,1,8,FF,FF,FF,EA,4D,FF,FF,FF
75796,8139,0xCFF6600,1,8,BD,09,FF,FF,FF,FF,FF,FF
75816,8140,0xCF00400,1,8,FF,FF,FF,F8,4D,FF,FF,FF
75817,8141,0xCFF6600,1,8,BF,09,FF,FF,FF,FF,FF,FF
75835,8142,0xCF00400,1,8,FF,FF,FF,F8,4D,FF,FF,FF
75835,8143,0xCFF6600,1,8,BF,09,FF,FF,FF,FF,FF,FF
75848,8144,0x18F00500,1,8,FF,FF,FF,FF,20,2D,FF,FF
75849,8145,0x18F00600,1,8,FF,FF,FF,FF,FF,FF,FF,FF
75849,8146,0x18FEF100,1,8,3F,00,00,FF,FF,FF,FF,FF
75850,8147,0x18FEF200,1,8,1A,00,00,00,00,00,00,FF
75851,8148,0x1CFDDF00,1,8,FE,FF,FF,FF,FF,FF,FF,FF
75851,8149,0x1CFF6A00,1,8,FC,FF,FF,FF,FF,FF,FF,FF
75855,8150,0xCF00400,1,8,FF,FF,FF,2A,4E,FF,FF,FF
75855,8151,0xCFF6600,1,8,C5,09,FF,FF,FF,FF,FF,FF
75875,8152,0xCF00400,1,8,FF,FF,FF,EE,4D,FF,FF,FF
75876,8153,0xCFF6600,1,8,BD,09,FF,FF,FF,FF,FF,FF
75895,8154,0xCF00400,1,8,FF,FF,FF,5A,4D,FF,FF,FF
75896,8155,0xCFF6600,1,8,AB,09,FF,FF,FF,FF,FF,FF
75915,8156,0xCF00400,1,8,FF,FF,FF,3A,4D,FF,FF,FF
75916,8157,0xCFF6600,1,8,A7,09,FF,FF,FF,FF,FF,FF
75935,8158,0xCF00400,1,8,FF,FF,FF,3A,4D,FF,FF,FF
75936,8159,0xCFF6600,1,8,A7,09,FF,FF,FF,FF,FF,FF
75945,8160,0x18FEF100,1,8,3F,00,00,FF,FF,FF,FF,FF
75946,8161,0x18F00500,1,8,FF,FF,FF,FF,20,2D,FF,FF
75972,8162,0x10FF6500,1,8,FC,FF,FF,FF,FF,FF,FF,FF
75973,8163,0x18EEFF00,1,8,08,CF,60,06,00,00,00,00
75973,8164,0x18FEF200,1,8,1A,00,00,00,00,00,00,FF
75975,8165,0xCF00400,1,8,FF,FF,FF,B8,4D,FF,FF,FF
75975,8166,0xCFF6600,1,8,B7,09,FF,FF,FF,FF,FF,FF
75995,8167,0xCF00400,1,8,FF,FF,FF,DA,4D,FF,FF,FF
75995,8168,0xCFF6600,1,8,BB,09,FF,FF,FF,FF,FF,FF
75996,8169,0xCFF6600,1,8,BB,09,FF,FF,FF,FF,FF,FF
76004,8170,0x18FEEE00,1,8,61,FF,FF,FF,FF,FF,FF,FF
76005,8171,0x18FDE500,1,8,0A,14,1E,28,32,3C,46,13
76016,8172,0xCF00400,1,8,FF,FF,FF,C4,4D,FF,FF,FF
76017,8173,0xCFF6600,1,8,B8,09,FF,FF,FF,FF,FF,FF
76024,8174,0x1CECFF00,1,8,20,0A,00,02,FF,CA,FE,00
76035,8175,0xCF00400,1,8,FF,FF,FF,86,4D,FF,FF,FF
76036,8176,0xCFF6600,1,8,B0,09,FF,FF,FF,FF,FF,FF
76046,8177,0x18FEF100,1,8,3F,00,00,FF,FF,FF,FF,FF
76047,8178,0x18F00500,1,8,FF,FF,FF,FF,20,2D,FF,FF
76048,8179,0x18FEF200,1,8,1B,00,00,00,00,00,00,FF
76055,8180,0xCF00400,1,8,FF,FF,FF,86,4D,FF,FF,FF
76055,8181,0xCFF6600,1,8,B0,09,FF,FF,FF,FF,FF,FF
76079,8182,0xCF00400,1,8,FF,FF,FF,70,4D,FF,FF,FF
76080,8183,0xCFF6600,1,8,AE,09,FF,FF,FF,FF,FF,FF
76081,8184,0x1CEBFF00,1,8,01,40,FF,0F,F0,E5,01,02
76095,8185,0xCF00400,1,8,FF,FF,FF,7C,4D,FF,FF,FF
76131,8186,0xCF00400,1,8,FF,FF,FF,AA,4D,FF,FF,FF
76132,8187,0xCFF6600,1,8,AF,09,FF,FF,FF,FF,FF,FF
76134,8188,0x18EEFF00,1,8,08,CF,60,06,00,00,00,00
76135,8189,0xCF00400,1,8,FF,FF,FF,F6,4D,FF,FF,FF
76135,8190,0xCFF6600,1,8,BE,09,FF,FF,FF,FF,FF,FF
76145,8191,0x18FEF100,1,8,3F,00,00,FF,FF,FF,FF,FF
76146,8192,0x10FF6500,1,8,FC,FF,FF,FF,FF,FF,FF,FF
76147,8193,0x18F00500,1,8,FF,FF,FF,FF,20,2D,FF,FF
76147,8194,0x18FEF200,1,8,1B,00,00,00,00,00,00,FF
76155,8195,0xCF00400,1,8,FF,FF,FF,D4,4D,FF,FF,FF
76155,8196,0xCFF6600,1,8,BA,09,FF,FF,FF,FF,FF,FF
76175,8197,0xCF00400,1,8,FF,FF,FF,D4,4D,FF,FF,FF
76175,8198,0xCFF6600,1,8,BA,09,FF,FF,FF,FF,FF,FF
76176,8199,0x1CEBFF00,1,8,02,F0,E3,01,FF,FF,FF,FF
76195,8200,0xCF00400,1,8,FF,FF,FF,56,4D,FF,FF,FF
76196,8201,0xCFF6600,1,8,AA,09,FF,FF,FF,FF,FF,FF
76215,8202,0xCF00400,1,8,FF,FF,FF,4C,4D,FF,FF,FF
76215,8203,0xCFF6600,1,8,A9,09,FF,FF,FF,FF,FF,FF
76235,8204,0xCF00400,1,8,FF,FF,FF,A2,4D,FF,FF,FF
76235,8205,0xCFF6600,1,8,B4,09,FF,FF,FF,FF,FF,FF
76246,8206,0x18FEF100,1,8,3F,00,00,FF,FF,FF,FF,FF
76246,8207,0x18F00500,1,8,FF,FF,FF,FF,20,2D,FF,FF
76247,8208,0x18FEF200,1,8,1B,00,00,00,00,00,00,FF
76255,8209,0xCF00400,1,8,FF,FF,FF,D6,4D,FF,FF,FF
76256,8210,0xCFF6600,1,8,BA,09,FF,FF,FF,FF,FF,FF
76275,8211,0xCF00400,1,8,FF,FF,FF,F0,4D,FF,FF,FF
76275,8212,0xCFF6600,1,8,BE,09,FF,FF,FF,FF,FF,FF
76295,8213,0xCF00400,1,8,FF,FF,FF,F0,4D,FF,FF,FF
76296,8214,0xCFF6600,1,8,BE,09,FF,FF,FF,FF,FF,FF
76315,8215,0xCF00400,1,8,FF,FF,FF,2A,4E,FF,FF,FF
76315,8216,0xCFF6600,1,8,C5,09,FF,FF,FF,FF,FF,FF
76336,8217,0xCF00400,1,8,FF,FF,FF,78,4E,FF,FF,FF
76357,8218,0xCF00400,1,8,FF,FF,FF,3C,4E,FF,FF,FF
76357,8219,0xCFF6600,1,8,CF,09,FF,FF,FF,FF,FF,FF
76358,8220,0x10FF6500,1,8,FC,FF,FF,FF,FF,FF,FF,FF
76358,8221,0x18F00500,1,8,FF,FF,FF,FF,20,2D,FF,FF
76359,8222,0x18F00600,1,8,FF,FF,FF,FF,FF,FF,FF,FF
76360,8223,0x18FEF100,1,8,3F,00,00,FF,FF,FF,FF,FF
76360,8224,0x18FEF200,1,8,1B,00,00,00,00,00,00,FF
76362,8225,0x1CFDDF00,1,8,FE,FF,FF,FF,FF,FF,FF,FF
76362,8226,0x1CFF6A00,1,8,FC,FF,FF,FF,FF,FF,FF,FF
76375,8227,0xCF00400,1,8,FF,FF,FF,84,4D,FF,FF,FF
76375,8228,0xCFF6600,1,8,B0,09,FF,FF,FF,FF,FF,FF
76396,8229,0xCF00400,1,8,FF,FF,FF,1C,4D,FF,FF,FF
76397,8230,0xCFF6600,1,8,A3,09,FF,FF,FF,FF,FF,FF
76415,8231,0xCF00400,1,8,FF,FF,FF,1C,4D,FF,FF,FF
76415,8232,0xCFF6600,1,8,A3,09,FF,FF,FF,FF,FF,FF
76435,8233,0xCF00400,1,8,FF,FF,FF,FA,4C,FF,FF,FF
76435,8234,0xCFF6600,1,8,9F,09,FF,FF,FF,FF,FF,FF
76446,8235,0x18F00500,1,8,FF,FF,FF,FF,20,2D,FF,FF
76446,8236,0x18FEF100,1,8,3F,00,00,FF,FF,FF,FF,FF
76447,8237,0x18FEF200,1,8,1B,00,00,00,00,00,00,FF
76455,8238,0xCF00400,1,8,FF,FF,FF,40,4D,FF,FF,FF
76456,8239,0xCFF6600,1,8,A8,09,FF,FF,FF,FF,FF,FF
76475,8240,0xCF00400,1,8,FF,FF,FF,D8,4D,FF,FF,FF
76476,8241,0xCFF6600,1,8,BB,09,FF,FF,FF,FF,FF,FF
76495,8242,0xCF00400,1,8,FF,FF,FF,42,4E,FF,FF,FF
76496,8243,0xCFF6600,1,8,C8,09,FF,FF,FF,FF,FF,FF
76515,8244,0xCF00400,1,8,FF,FF,FF,8C,4E,FF,FF,FF
76516,8245,0xCFF6600,1,8,D1,09,FF,FF,FF,FF,FF,FF
76535,8246,0xCF00400,1,8,FF,FF,FF,8C,4E,FF,FF,FF
76536,8247,0xCFF6600,1,8,D1,09,FF,FF,FF,FF,FF,FF
76546,8248,0x10FF6500,1,8,FC,FF,FF,FF,FF,FF,FF,FF
76546,8249,0x18F00500,1,8,FF,FF,FF,FF,20,2D,FF,FF
76547,8250,0x18FEF100,1,8,3F,00,00,FF,FF,FF,FF,FF
76548,8251,0x18FEF200,1,8,1B,00,00,00,00,00,00,FF
76555,8252,0xCF00400,1,8,FF,FF,FF,A6,4E,FF,FF,FF
76556,8253,0xCFF6600,1,8,D4,09,FF,FF,FF,FF,FF,FF
76576,8254,0xCF00400,1,8,FF,FF,FF,96,4E,FF,FF,FF
76577,8255,0xCFF6600,1,8,D2,09,FF,FF,FF,FF,FF,FF
76597,8256,0xCF00400,1,8,FF,FF,FF,38,4E,FF,FF,FF
76597,8257,0xCFF6600,1,8,C7,09,FF,FF,FF,FF,FF,FF
76615,8258,0xCF00400,1,8,FF,FF,FF,94,4D,FF,FF,FF
76615,8259,0xCFF6600,1,8,B2,09,FF,FF,FF,FF,FF,FF
76636,8260,0xCF00400,1,8,FF,FF,FF,3A,4D,FF,FF,FF
76637,8261,0xCFF6600,1,8,A7,09,FF,FF,FF,FF,FF,FF
76646,8262,0x18F00500,1,8,FF,FF,FF,FF,20,2D,FF,FF
76647,8263,0x18FEF100,1,8,3F,00,00,FF,FF,FF,FF,FF
76648,8264,0x18FEF200,1,8,1B,00,00,00,00,00,00,FF
76655,8265,0xCF00400,1,8,FF,FF,FF,3A,4D,FF,FF,FF
76656,8266,0xCFF6600,1,8,A7,09,FF,FF,FF,FF,FF,FF
76691,8267,0xCF00400,1,8,FF,FF,FF,24,4D,FF,FF,FF
76692,8268,0xCFF6600,1,8,A4,09,FF,FF,FF,FF,FF,FF
76694,8269,0x18EEFF00,1,8,08,CF,60,06,00,00,00,00
76695,8270,0xCF00400,1,8,FF,FF,FF,44,4D,FF,FF,FF
76696,8271,0xCFF6600,1,8,A8,09,FF,FF,FF,FF,FF,FF
76716,8272,0xCF00400,1,8,FF,FF,FF,94,4D,FF,FF,FF
76717,8273,0xCFF6600,1,8,B2,09,FF,FF,FF,FF,FF,FF
76735,8274,0xCF00400,1,8,FF,FF,FF,9A,4D,FF,FF,FF
76735,8275,0xCFF6600,1,8,B3,09,FF,FF,FF,FF,FF,FF
76746,8276,0x18FEF100,1,8,3F,00,00,FF,FF,FF,FF,FF
76746,8277,0x10FF6500,1,8,FC,FF,FF,FF,FF,FF,FF,FF
76747,8278,0x18F00500,1,8,FF,FF,FF,FF,20,2D,FF,FF
76747,8279,0x18FEF200,1,8,1B,00,00,00,00,00,00,FF
76755,8280,0xCF00400,1,8,FF,FF,FF,9A,4D,FF,FF,FF
76755,8281,0xCFF6600,1,8,B3,09,FF,FF,FF,FF,FF,FF
76777,8282,0xCF00400,1,8,FF,FF,FF,6A,4D,FF,FF,FF
76778,8283,0xCFF6600,1,8,AD,09,FF,FF,FF,FF,FF,FF
76795,8284,0xCF00400,1,8,FF,FF,FF,90,4D,FF,FF,FF
76795,8285,0xCFF6600,1,8,B2,09,FF,FF,FF,FF,FF,FF
76815,8286,0xCF00400,1,8,FF,FF,FF,FA,4D,FF,FF,FF
76816,8287,0xCFF6600,1,8,BF,09,FF,FF,FF,FF,FF,FF
76835,8288,0xCF00400,1,8,FF,FF,FF,FC,4D,FF,FF,FF
76856,8289,0xCF00400,1,8,FF,FF,FF,A4,4D,FF,FF,FF
76857,8290,0xCFF6600,1,8,BF,09,FF,FF,FF,FF,FF,FF
76858,8291,0x18F00500,1,8,FF,FF,FF,FF,20,2D,FF,FF
76858,8292,0x18F00600,1,8,FF,FF,FF,FF,FF,FF,FF,FF
76859,8293,0x18FEF100,1,8,3F,00,00,FF,FF,FF,FF,FF
76860,8294,0x18FEF200,1,8,1B,00,00,00,00,00,01,FF
76860,8295,0x1CFDDF00,1,8,FE,FF,FF,FF,FF,FF,FF,FF
76861,8296,0x1CFF6A00,1,8,FC,FF,FF,FF,FF,FF,FF,FF
76875,8297,0xCF00400,1,8,FF,FF,FF,A4,4D,FF,FF,FF
76876,8298,0xCFF6600,1,8,B4,09,FF,FF,FF,FF,FF,FF
76895,8299,0xCF00400,1,8,FF,FF,FF,56,4D,FF,FF,FF
76896,8300,0xCFF6600,1,8,AA,09,FF,FF,FF,FF,FF,FF
76915,8301,0xCF00400,1,8,FF,FF,FF,1E,4D,FF,FF,FF
76915,8302,0xCFF6600,1,8,A3,09,FF,FF,FF,FF,FF,FF
76935,8303,0xCF00400,1,8,FF,FF,FF,4C,4D,FF,FF,FF
76935,8304,0xCFF6600,1,8,A9,09,FF,FF,FF,FF,FF,FF
76946,8305,0x18FEF100,1,8,3F,00,00,FF,FF,FF,FF,FF
76946,8306,0x10FF6500,1,8,FC,FF,FF,FF,FF,FF,FF,FF
76947,8307,0x18F00500,1,8,FF,FF,FF,FF,20,2D,FF,FF
76948,8308,0x18FEF200,1,8,1B,00,00,00,00,00,06,FF
76955,8309,0xCF00400,1,8,FF,FF,FF,D8,4D,FF,FF,FF
76955,8310,0xCFF6600,1,8,BB,09,FF,FF,FF,FF,FF,FF
76975,8311,0xCF00400,1,8,FF,FF,FF,DA,4D,FF,FF,FF
76975,8312,0xCFF6600,1,8,BB,09,FF,FF,FF,FF,FF,FF
76995,8313,0xCF00400,1,8,FF,FF,FF,DA,4D,FF,FF,FF
76995,8314,0xCFF6600,1,8,BB,09,FF,FF,FF,FF,FF,FF
77006,8315,0x18FDE500,1,8,0A,14,1E,28,32,3C,46,13
77007,8316,0x18FEEE00,1,8,61,FF,FF,FF,FF,FF,FF,FF
77015,8317,0xCF00400,1,8,FF,FF,FF,6E,4D,FF,FF,FF
77015,8318,0xCFF6600,1,8,AD,09,FF,FF,FF,FF,FF,FF
77025,8319,0x1CECFF00,1,8,20,0A,00,02,FF,CA,FE,00
77035,8320,0xCF00400,1,8,FF,FF,FF,E8,4D,FF,FF,FF
77035,8321,0xCFF6600,1,8,BD,09,FF,FF,FF,FF,FF,FF
77046,8322,0x18F00500,1,8,FF,FF,FF,FF,20,2D,FF,FF
77047,8323,0x18FEF100,1,8,3F,00,00,FF,FF,FF,FF,FF
77048,8324,0x18FEF200,1,8,1D,00,00,00,00,00,0B,FF
77055,8325,0xCF00400,1,8,FF,FF,FF,34,4F,FF,FF,FF
77076,8326,0xCF00400,1,8,FF,FF,FF,26,50,FF,FF,FF
77077,8327,0xCFF6600,1,8,E6,09,FF,FF,FF,FF,FF,FF
77077,8328,0x1CEBFF00,1,8,01,40,FF,0F,F0,E5,01,02
77095,8329,0xCF00400,1,8,FF,FF,FF,DE,50,FF,FF,FF
77095,8330,0xCFF6600,1,8,1B,0A,FF,FF,FF,FF,FF,FF
77115,8331,0xCF00400,1,8,FF,FF,FF,C2,51,FF,FF,FF
77115,8332,0xCFF6600,1,8,38,0A,FF,FF,FF,FF,FF,FF
77125,8333,0x1CEBFF00,1,8,02,F0,E3,01,FF,FF,FF,FF
77151,8334,0xCF00400,1,8,FF,FF,FF,C2,51,FF,FF,FF
77152,8335,0xCFF6600,1,8,38,0A,FF,FF,FF,FF,FF,FF
77154,8336,0x18EEFF00,1,8,08,CF,60,06,00,00,00,00
77155,8337,0xCF00400,1,8,FF,FF,FF,D6,52,FF,FF,FF
77155,8338,0xCFF6600,1,8,5A,0A,FF,FF,FF,FF,FF,FF
77175,8339,0xCF00400,1,8,FF,FF,FF,B8,53,FF,FF,FF
77175,8340,0xCFF6600,1,8,77,0A,FF,FF,FF,FF,FF,FF
77195,8341,0xCF00400,1,8,FF,FF,FF,6E,54,FF,FF,FF
77195,8342,0xCFF6600,1,8,8D,0A,FF,FF,FF,FF,FF,FF
77215,8343,0xCF00400,1,8,FF,FF,FF,5A,55,FF,FF,FF
77216,8344,0xCFF6600,1,8,AB,0A,FF,FF,FF,FF,FF,FF
77236,8345,0xCF00400,1,8,FF,FF,FF,68,56,FF,FF,FF
77236,8346,0xCFF6600,1,8,CD,0A,FF,FF,FF,FF,FF,FF
77246,8347,0x10FF6500,1,8,FC,FF,FF,FF,FF,FF,FF,FF
77247,8348,0x18F00500,1,8,FF,FF,FF,FF,20,2D,FF,FF
77248,8349,0x18FEF100,1,8,3F,00,00,FF,FF,FF,FF,FF
77248,8350,0x18FEF200,1,8,1D,00,00,00,00,00,07,FF
77255,8351,0xCF00400,1,8,FF,FF,FF,5E,57,FF,FF,FF
77257,8352,0xCFF6600,1,8,EB,0A,FF,FF,FF,FF,FF,FF
77275,8353,0xCF00400,1,8,FF,FF,FF,32,58,FF,FF,FF
77295,8354,0xCF00400,1,8,FF,FF,FF,F6,58,FF,FF,FF
77296,8355,0xCFF6600,1,8,06,0B,FF,FF,FF,FF,FF,FF
77315,8356,0xCF00400,1,8,FF,FF,FF,94,59,FF,FF,FF
77315,8357,0xCFF6600,1,8,32,0B,FF,FF,FF,FF,FF,FF
77335,8358,0xCF00400,1,8,FF,FF,FF,10,5A,FF,FF,FF
77336,8359,0xCFF6600,1,8,42,0B,FF,FF,FF,FF,FF,FF
77346,8360,0x18F00500,1,8,FF,FF,FF,FF,20,2D,FF,FF
77346,8361,0x18FEF100,1,8,3F,00,00,FF,FF,FF,FF,FF
77347,8362,0x18FEF200,1,8,1D,00,00,00,00,00,00,FF
77355,8363,0xCF00400,1,8,FF,FF,FF,68,5A,FF,FF,FF
77356,8364,0xCFF6600,1,8,4D,0B,FF,FF,FF,FF,FF,FF
77375,8365,0xCF00400,1,8,FF,FF,FF,EE,5A,FF,FF,FF
77375,8366,0xCFF6600,1,8,5D,0B,FF,FF,FF,FF,FF,FF
77395,8367,0xCF00400,1,8,FF,FF,FF,92,5B,FF,FF,FF
77395,8368,0xCFF6600,1,8,72,0B,FF,FF,FF,FF,FF,FF
77415,8369,0xCF00400,1,8,FF,FF,FF,54,5C,FF,FF,FF
77417,8370,0xCFF6600,1,8,8A,0B,FF,FF,FF,FF,FF,FF
77435,8371,0xCF00400,1,8,FF,FF,FF,2C,5D,FF,FF,FF
77436,8372,0xCFF6600,1,8,A5,0B,FF,FF,FF,FF,FF,FF
77448,8373,0x10FF6500,1,8,FC,FF,FF,FF,FF,FF,FF,FF
77448,8374,0x18F00500,1,8,FF,FF,FF,FF,20,2D,FF,FF
77449,8375,0x18F00600,1,8,FF,FF,FF,FF,FF,FF,FF,FF
77450,8376,0x18FEF100,1,8,3F,00,00,FF,FF,FF,FF,FF
77450,8377,0x18FEF200,1,8,1D,00,00,00,00,00,00,FF
77452,8378,0x1CFDDF00,1,8,FE,FF,FF,FF,FF,FF,FF,FF
77452,8379,0x1CFF6A00,1,8,FC,FF,FF,FF,FF,FF,FF,FF
77455,8380,0xCF00400,1,8,FF,FF,FF,B0,5D,FF,FF,FF
77456,8381,0xCFF6600,1,8,B6,0B,FF,FF,FF,FF,FF,FF
77476,8382,0xCF00400,1,8,FF,FF,FF,FC,5D,FF,FF,FF
77476,8383,0xCFF6600,1,8,BF,0B,FF,FF,FF,FF,FF,FF
77495,8384,0xCF00400,1,8,FF,FF,FF,56,5E,FF,FF,FF
77496,8385,0xCFF6600,1,8,CA,0B,FF,FF,FF,FF,FF,FF
77515,8386,0xCF00400,1,8,FF,FF,FF,B8,5E,FF,FF,FF
77516,8387,0xCFF6600,1,8,D7,0B,FF,FF,FF,FF,FF,FF
77535,8388,0xCF00400,1,8,FF,FF,FF,0E,5F,FF,FF,FF
77535,8389,0xCFF6600,1,8,E1,0B,FF,FF,FF,FF,FF,FF
77545,8390,0x18F00500,1,8,FF,FF,FF,FF,20,2D,FF,FF
77567,8391,0xCF00400,1,8,FF,FF,FF,5A,5F,FF,FF,FF
77568,8392,0xCFF6600,1,8,EB,0B,FF,FF,FF,FF,FF,FF
77569,8393,0x18FEF100,1,8,3F,00,00,FF,FF,FF,FF,FF
77570,8394,0x18FEF200,1,8,1D,00,00,00,00,00,00,FF
77575,8395,0xCF00400,1,8,FF,FF,FF,46,5F,FF,FF,FF
77576,8396,0xCFF6600,1,8,E8,0B,FF,FF,FF,FF,FF,FF
77595,8397,0xCF00400,1,8,FF,FF,FF,F2,5E,FF,FF,FF
77596,8398,0xCFF6600,1,8,DE,0B,FF,FF,FF,FF,FF,FF
77615,8399,0xCF00400,1,8,FF,FF,FF,80,5E,FF,FF,FF
77616,8400,0xCFF6600,1,8,D0,0B,FF,FF,FF,FF,FF,FF
77635,8401,0xCF00400,1,8,FF,FF,FF,EC,5D,FF,FF,FF
77635,8402,0xCFF6600,1,8,BD,0B,FF,FF,FF,FF,FF,FF
77645,8403,0x10FF6500,1,8,FC,FF,FF,FF,FF,FF,FF,FF
77646,8404,0x18F00500,1,8,FF,FF,FF,FF,20,2D,FF,FF
77647,8405,0x18FEF100,1,8,3F,00,00,FF,FF,FF,FF,FF
77647,8406,0x18FEF200,1,8,1D,00,00,00,00,00,00,FF
77655,8407,0xCF00400,1,8,FF,FF,FF,F8,5D,FF,FF,FF
77655,8408,0xCFF6600,1,8,BF,0B,FF,FF,FF,FF,FF,FF
77675,8409,0xCF00400,1,8,FF,FF,FF,80,5E,FF,FF,FF
77675,8410,0xCFF6600,1,8,D0,0B,FF,FF,FF,FF,FF,FF
77695,8411,0xCF00400,1,8,FF,FF,FF,70,5E,FF,FF,FF
77695,8412,0xCFF6600,1,8,CE,0B,FF,FF,FF,FF,FF,FF
77715,8413,0xCF00400,1,8,FF,FF,FF,FA,5D,FF,FF,FF
77715,8414,0xCFF6600,1,8,BF,0B,FF,FF,FF,FF,FF,FF
77735,8415,0xCF00400,1,8,FF,FF,FF,AE,5D,FF,FF,FF
77736,8416,0xCFF6600,1,8,B5,0B,FF,FF,FF,FF,FF,FF
77745,8417,0x18FEF100,1,8,3F,00,00,FF,FF,FF,FF,FF
77746,8418,0x18F00500,1,8,FF,FF,FF,FF,20,2D,FF,FF
77747,8419,0x18FEF200,1,8,1D,00,00,00,00,00,00,FF
77755,8420,0xCF00400,1,8,FF,FF,FF,74,5D,FF,FF,FF
77776,8421,0xCF00400,1,8,FF,FF,FF,70,5D,FF,FF,FF
77776,8422,0xCFF6600,1,8,AE,0B,FF,FF,FF,FF,FF,FF
77795,8423,0xCF00400,1,8,FF,FF,FF,96,5D,FF,FF,FF
77796,8424,0xCFF6600,1,8,B2,0B,FF,FF,FF,FF,FF,FF
77815,8425,0xCF00400,1,8,FF,FF,FF,32,5D,FF,FF,FF
77816,8426,0xCFF6600,1,8,A6,0B,FF,FF,FF,FF,FF,FF
77835,8427,0xCF00400,1,8,FF,FF,FF,5E,5C,FF,FF,FF
77837,8428,0xCFF6600,1,8,8B,0B,FF,FF,FF,FF,FF,FF
77846,8429,0x18FEF100,1,8,3F,00,00,FF,FF,FF,FF,FF
77846,8430,0x10FF6500,1,8,FC,FF,FF,FF,FF,FF,FF,FF
77847,8431,0x18F00500,1,8,FF,FF,FF,FF,20,2D,FF,FF
77848,8432,0x18FEF200,1,8,1D,00,00,00,00,00,00,FF
77855,8433,0xCF00400,1,8,FF,FF,FF,04,5C,FF,FF,FF
77856,8434,0xCFF6600,1,8,80,0B,FF,FF,FF,FF,FF,FF
77875,8435,0xCF00400,1,8,FF,FF,FF,0C,5C,FF,FF,FF
77893,8436,0xCFF6600,1,8,81,0B,FF,FF,FF,FF,FF,FF
77894,8437,0x18EEFF00,1,8,08,CF,60,06,00,00,00,00
77895,8438,0xCF00400,1,8,FF,FF,FF,DA,5B,FF,FF,FF
77895,8439,0xCFF6600,1,8,7B,0B,FF,FF,FF,FF,FF,FF
77915,8440,0xCF00400,1,8,FF,FF,FF,7E,5B,FF,FF,FF
77915,8441,0xCFF6600,1,8,6F,0B,FF,FF,FF,FF,FF,FF
77935,8442,0xCF00400,1,8,FF,FF,FF,56,5B,FF,FF,FF
77939,8443,0xCFF6600,1,8,6A,0B,FF,FF,FF,FF,FF,FF
77945,8444,0x18FEF100,1,8,3F,00,00,FF,FF,FF,FF,FF
77946,8445,0x18F00500,1,8,FF,FF,FF,FF,20,2D,FF,FF
77969,8446,0xCF00400,1,8,FF,FF,FF,56,5B,FF,FF,FF
77969,8447,0xCFF6600,1,8,6A,0B,FF,FF,FF,FF,FF,FF
77970,8448,0x18F00600,1,8,FF,FF,FF,FF,FF,FF,FF,FF
77971,8449,0x18FEF200,1,8,1D,00,00,00,00,00,00,FF
77972,8450,0x1CFDDF00,1,8,FE,FF,FF,FF,FF,FF,FF,FF
77972,8451,0x1CFF6A00,1,8,FC,FF,FF,FF,FF,FF,FF,FF
77976,8452,0xCF00400,1,8,FF,FF,FF,84,5B,FF,FF,FF
77993,8453,0xCFF6600,1,8,70,0B,FF,FF,FF,FF,FF,FF
77994,8454,0x18EEFF00,1,8,08,CF,60,06,00,00,00,00
77995,8455,0xCF00400,1,8,FF,FF,FF,D0,5B,FF,FF,FF
77996,8456,0xCFF6600,1,8,7A,0B,FF,FF,FF,FF,FF,FF
78004,8457,0x18FEEE00,1,8,62,FF,FF,FF,FF,FF,FF,FF
78005,8458,0x18FDE500,1,8,0A,14,1E,28,32,3C,46,13
78015,8459,0xCF00400,1,8,FF,FF,FF,18,5C,FF,FF,FF
78015,8460,0xCFF6600,1,8,83,0B,FF,FF,FF,FF,FF,FF
78024,8461,0x1CECFF00,1,8,20,0A,00,02,FF,CA,FE,00
78036,8462,0xCF00400,1,8,FF,FF,FF,66,5C,FF,FF,FF
78037,8463,0xCFF6600,1,8,8C,0B,FF,FF,FF,FF,FF,FF
78046,8464,0x18FEF100,1,8,3F,00,00,FF,FF,FF,FF,FF
78047,8465,0x10FF6500,1,8,FC,FF,FF,FF,FF,FF,FF,FF
78047,8466,0x18F00500,1,8,FF,FF,FF,FF,20,2D,FF,FF
78048,8467,0x18FEF200,1,8,20,00,00,00,00,00,00,FF
78055,8468,0xCF00400,1,8,FF,FF,FF,06,5C,FF,FF,FF
78056,8469,0xCFF6600,1,8,80,0B,FF,FF,FF,FF,FF,FF
78076,8470,0xCF00400,1,8,FF,FF,FF,1A,5B,FF,FF,FF
78076,8471,0xCFF6600,1,8,63,0B,FF,FF,FF,FF,FF,FF
78077,8472,0x1CEBFF00,1,8,01,40,FF,0F,F0,E5,01,02
78095,8473,0xCF00400,1,8,FF,FF,FF,1A,5B,FF,FF,FF
78096,8474,0xCFF6600,1,8,63,0B,FF,FF,FF,FF,FF,FF
78115,8475,0xCF00400,1,8,FF,FF,FF,EC,5A,FF,FF,FF
78116,8476,0xCFF6600,1,8,5D,0B,FF,FF,FF,FF,FF,FF
78124,8477,0x1CEBFF00,1,8,02,F0,E3,01,FF,FF,FF,FF
78135,8478,0xCF00400,1,8,FF,FF,FF,50,5B,FF,FF,FF
78135,8479,0xCFF6600,1,8,6A,0B,FF,FF,FF,FF,FF,FF
78146,8480,0x18FEF100,1,8,3F,00,00,FF,FF,FF,FF,FF
78146,8481,0x18F00500,1,8,FF,FF,FF,FF,20,2D,FF,FF
78147,8482,0x18FEF200,1,8,20,00,00,00,00,00,00,FF
78155,8483,0xCF00400,1,8,FF,FF,FF,30,5B,FF,FF,FF
78155,8484,0xCFF6600,1,8,66,0B,FF,FF,FF,FF,FF,FF
78175,8485,0xCF00400,1,8,FF,FF,FF,B2,5A,FF,FF,FF
78196,8486,0xCF00400,1,8,FF,FF,FF,B2,5A,FF,FF,FF
78196,8487,0xCFF6600,1,8,56,0B,FF,FF,FF,FF,FF,FF
78215,8488,0xCF00400,1,8,FF,FF,FF,08,5B,FF,FF,FF
78216,8489,0xCFF6600,1,8,61,0B,FF,FF,FF,FF,FF,FF
78235,8490,0xCF00400,1,8,FF,FF,FF,42,5B,FF,FF,FF
78236,8491,0xCFF6600,1,8,68,0B,FF,FF,FF,FF,FF,FF
78246,8492,0x18F00500,1,8,FF,FF,FF,FF,20,2D,FF,FF
78247,8493,0x10FF6500,1,8,FC,FF,FF,FF,FF,FF,FF,FF
78248,8494,0x18FEF100,1,8,3F,00,00,FF,FF,FF,FF,FF
78248,8495,0x18FEF200,1,8,20,00,00,00,00,00,00,FF
78255,8496,0xCF00400,1,8,FF,FF,FF,6C,5B,FF,FF,FF
78255,8497,0xCFF6600,1,8,6D,0B,FF,FF,FF,FF,FF,FF
78275,8498,0xCF00400,1,8,FF,FF,FF,A6,5B,FF,FF,FF
78276,8499,0xCFF6600,1,8,74,0B,FF,FF,FF,FF,FF,FF
78295,8500,0xCF00400,1,8,FF,FF,FF,F2,5B,FF,FF,FF
78295,8501,0xCFF6600,1,8,7E,0B,FF,FF,FF,FF,FF,FF
78315,8502,0xCF00400,1,8,FF,FF,FF,EE,5B,FF,FF,FF
78316,8503,0xCFF6600,1,8,7D,0B,FF,FF,FF,FF,FF,FF
78335,8504,0xCF00400,1,8,FF,FF,FF,AA,5B,FF,FF,FF
78336,8505,0xCFF6600,1,8,75,0B,FF,FF,FF,FF,FF,FF
78346,8506,0x18FEF100,1,8,3F,00,00,FF,FF,FF,FF,FF
78346,8507,0x18F00500,1,8,FF,FF,FF,FF,20,2D,FF,FF
78347,8508,0x18FEF200,1,8,20,00,00,00,00,00,00,FF
78357,8509,0xCF00400,1,8,FF,FF,FF,66,5B,FF,FF,FF
78358,8510,0xCFF6600,1,8,6C,0B,FF,FF,FF,FF,FF,FF
78375,8511,0xCF00400,1,8,FF,FF,FF,2A,5B,FF,FF,FF
78376,8512,0xCFF6600,1,8,65,0B,FF,FF,FF,FF,FF,FF
78396,8513,0xCF00400,1,8,FF,FF,FF,EC,5A,FF,FF,FF
78396,8514,0xCFF6600,1,8,5D,0B,FF,FF,FF,FF,FF,FF
78416,8515,0xCF00400,1,8,FF,FF,FF,A6,5A,FF,FF,FF
78417,8516,0xCFF6600,1,8,54,0B,FF,FF,FF,FF,FF,FF
78435,8517,0xCF00400,1,8,FF,FF,FF,6C,5A,FF,FF,FF
78436,8518,0xCFF6600,1,8,4D,0B,FF,FF,FF,FF,FF,FF
78446,8519,0x18FEF100,1,8,3F,00,00,FF,FF,FF,FF,FF
78447,8520,0x10FF6500,1,8,FC,FF,FF,FF,FF,FF,FF,FF
78447,8521,0x18F00500,1,8,FF,FF,FF,FF,20,2D,FF,FF
78448,8522,0x18F00600,1,8,FF,FF,FF,FF,FF,FF,FF,FF
78449,8523,0x18FEF200,1,8,20,00,00,00,00,00,00,FF
78449,8524,0x1CFDDF00,1,8,FE,FF,FF,FF,FF,FF,FF,FF
78450,8525,0x1CFF6A00,1,8,FC,FF,FF,FF,FF,FF,FF,FF
78455,8526,0xCF00400,1,8,FF,FF,FF,34,5A,FF,FF,FF
78455,8527,0xCFF6600,1,8,46,0B,FF,FF,FF,FF,FF,FF
78475,8528,0xCF00400,1,8,FF,FF,FF,3E,5A,FF,FF,FF
78476,8529,0xCFF6600,1,8,47,0B,FF,FF,FF,FF,FF,FF
78495,8530,0xCF00400,1,8,FF,FF,FF,80,5A,FF,FF,FF
78532,8531,0xCF00400,1,8,FF,FF,FF,78,5A,FF,FF,FF
78533,8532,0xCFF6600,1,8,50,0B,FF,FF,FF,FF,FF,FF
78534,8533,0x18EEFF00,1,8,08,CF,60,06,00,00,00,00
78537,8534,0xCF00400,1,8,FF,FF,FF,40,5A,FF,FF,FF
78538,8535,0xCFF6600,1,8,48,0B,FF,FF,FF,FF,FF,FF
78546,8536,0x18F00500,1,8,FF,FF,FF,FF,20,2D,FF,FF
78546,8537,0x18FEF100,1,8,3F,00,00,FF,FF,FF,FF,FF
78547,8538,0x18FEF200,1,8,20,00,00,00,00,00,00,FF
78555,8539,0xCF00400,1,8,FF,FF,FF,02,5A,FF,FF,FF
78556,8540,0xCFF6600,1,8,40,0B,FF,FF,FF,FF,FF,FF
78575,8541,0xCF00400,1,8,FF,FF,FF,BC,59,FF,FF,FF
78576,8542,0xCFF6600,1,8,37,0B,FF,FF,FF,FF,FF,FF
78595,8543,0xCF00400,1,8,FF,FF,FF,AC,59,FF,FF,FF
78614,8544,0xCFF6600,1,8,35,0B,FF,FF,FF,FF,FF,FF
78615,8545,0x18EEFF00,1,8,08,CF,60,06,00,00,00,00
78635,8546,0xCF00400,1,8,FF,FF,FF,92,59,FF,FF,FF
78635,8547,0xCFF6600,1,8,32,0B,FF,FF,FF,FF,FF,FF
78646,8548,0x18FEF100,1,8,3F,00,00,FF,FF,FF,FF,FF
78646,8549,0x10FF6500,1,8,FC,FF,FF,FF,FF,FF,FF,FF
78647,8550,0x18F00500,1,8,FF,FF,FF,FF,20,2D,FF,FF
78647,8551,0x18FEF200,1,8,20,00,00,00,00,00,00,FF
78655,8552,0xCF00400,1,8,FF,FF,FF,1C,59,FF,FF,FF
78656,8553,0xCFF6600,1,8,23,0B,FF,FF,FF,FF,FF,FF
78675,8554,0xCF00400,1,8,FF,FF,FF,B8,58,FF,FF,FF
78676,8555,0xCFF6600,1,8,17,0B,FF,FF,FF,FF,FF,FF
78695,8556,0xCF00400,1,8,FF,FF,FF,B8,58,FF,FF,FF
78696,8557,0xCFF6600,1,8,17,0B,FF,FF,FF,FF,FF,FF
78715,8558,0xCF00400,1,8,FF,FF,FF,66,58,FF,FF,FF
78716,8559,0xCFF6600,1,8,0C,0B,FF,FF,FF,FF,FF,FF
78736,8560,0xCF00400,1,8,FF,FF,FF,84,58,FF,FF,FF
78737,8561,0xCFF6600,1,8,10,0B,FF,FF,FF,FF,FF,FF
78745,8562,0x18FEF100,1,8,3F,00,00,FF,FF,FF,FF,FF
78746,8563,0x18F00500,1,8,FF,FF,FF,FF,20,2D,FF,FF
78747,8564,0x18FEF200,1,8,20,00,00,00,00,00,01,FF
78755,8565,0xCF00400,1,8,FF,FF,FF,F4,58,FF,FF,FF
78756,8566,0xCFF6600,1,8,1E,0B,FF,FF,FF,FF,FF,FF
78775,8567,0xCF00400,1,8,FF,FF,FF,26,59,FF,FF,FF
78775,8568,0xCFF6600,1,8,24,0B,FF,FF,FF,FF,FF,FF
78796,8569,0xCF00400,1,8,FF,FF,FF,2E,59,FF,FF,FF
78797,8570,0xCFF6600,1,8,25,0B,FF,FF,FF,FF,FF,FF
78815,8571,0xCF00400,1,8,FF,FF,FF,2C,59,FF,FF,FF
78816,8572,0xCFF6600,1,8,25,0B,FF,FF,FF,FF,FF,FF
78835,8573,0xCF00400,1,8,FF,FF,FF,1E,59,FF,FF,FF
78835,8574,0xCFF6600,1,8,23,0B,FF,FF,FF,FF,FF,FF
78846,8575,0x18FEF100,1,8,3F,00,00,FF,FF,FF,FF,FF
78846,8576,0x10FF6500,1,8,FC,FF,FF,FF,FF,FF,FF,FF
78847,8577,0x18F00500,1,8,FF,FF,FF,FF,20,2D,FF,FF
78848,8578,0x18FEF200,1,8,20,00,00,00,00,00,0B,FF
78857,8579,0xCF00400,1,8,FF,FF,FF,A0,59,FF,FF,FF
78858,8580,0xCFF6600,1,8,34,0B,FF,FF,FF,FF,FF,FF
78875,8581,0xCF00400,1,8,FF,FF,FF,A2,5A,FF,FF,FF
78876,8582,0xCFF6600,1,8,54,0B,FF,FF,FF,FF,FF,FF
78895,8583,0xCF00400,1,8,FF,FF,FF,8A,5B,FF,FF,FF
78896,8584,0xCFF6600,1,8,71,0B,FF,FF,FF,FF,FF,FF
78915,8585,0xCF00400,1,8,FF,FF,FF,74,5C,FF,FF,FF
78916,8586,0xCFF6600,1,8,8E,0B,FF,FF,FF,FF,FF,FF
78936,8587,0xCF00400,1,8,FF,FF,FF,1E,5D,FF,FF,FF
78937,8588,0xCFF6600,1,8,A3,0B,FF,FF,FF,FF,FF,FF
78946,8589,0x18FEF100,1,8,3F,00,00,FF,FF,FF,FF,FF
78947,8590,0x18F00500,1,8,FF,FF,FF,FF,20,2D,FF,FF
78947,8591,0x18F00600,1,8,FF,FF,FF,FF,FF,FF,FF,FF
78948,8592,0x18FEF200,1,8,20,00,00,00,00,00,15,FF
78949,8593,0x1CFDDF00,1,8,FE,FF,FF,FF,FF,FF,FF,FF
78950,8594,0x1CFF6A00,1,8,FC,FF,FF,FF,FF,FF,FF,FF
78955,8595,0xCF00400,1,8,FF,FF,FF,A8,5D,FF,FF,FF
78956,8596,0xCFF6600,1,8,B5,0B,FF,FF,FF,FF,FF,FF
78976,8597,0xCF00400,1,8,FF,FF,FF,AC,5E,FF,FF,FF
78977,8598,0xCFF6600,1,8,D5,0B,FF,FF,FF,FF,FF,FF
78995,8599,0xCF00400,1,8,FF,FF,FF,10,60,FF,FF,FF
78995,8600,0xCFF6600,1,8,02,0C,FF,FF,FF,FF,FF,FF
79005,8601,0x18FDE500,1,8,0A,14,1E,28,32,3C,46,13
79005,8602,0x18FEEE00,1,8,62,FF,FF,FF,FF,FF,FF,FF
79015,8603,0xCF00400,1,8,FF,FF,FF,A4,61,FF,FF,FF
79037,8604,0xCF00400,1,8,FF,FF,FF,5E,63,FF,FF,FF
79038,8605,0xCFF6600,1,8,34,0C,FF,FF,FF,FF,FF,FF
79038,8606,0x1CECFF00,1,8,20,0A,00,02,FF,CA,FE,00
79046,8607,0x10FF6500,1,8,FC,FF,FF,FF,FF,FF,FF,FF
79047,8608,0x18F00500,1,8,FF,FF,FF,FF,20,2D,FF,FF
79047,8609,0x18FEF100,1,8,3F,00,00,FF,FF,FF,FF,FF
79048,8610,0x18FEF200,1,8,21,00,00,00,00,00,14,FF
79055,8611,0xCF00400,1,8,FF,FF,FF,D8,64,FF,FF,FF
79055,8612,0xCFF6600,1,8,9B,0C,FF,FF,FF,FF,FF,FF
79075,8613,0xCF00400,1,8,FF,FF,FF,2E,66,FF,FF,FF
79075,8614,0xCFF6600,1,8,C5,0C,FF,FF,FF,FF,FF,FF
79076,8615,0x1CEBFF00,1,8,01,40,FF,0F,F0,E5,01,02
79096,8616,0xCF00400,1,8,FF,FF,FF,BC,67,FF,FF,FF
79096,8617,0xCFF6600,1,8,F7,0C,FF,FF,FF,FF,FF,FF
79115,8618,0xCF00400,1,8,FF,FF,FF,24,68,FF,FF,FF
79117,8619,0xCFF6600,1,8,04,0D,FF,FF,FF,FF,FF,FF
79124,8620,0x1CEBFF00,1,8,02,F0,E3,01,FF,FF,FF,FF
79138,8621,0xCF00400,1,8,FF,FF,FF,48,68,FF,FF,FF
79138,8622,0xCFF6600,1,8,09,0D,FF,FF,FF,FF,FF,FF
79145,8623,0x18F00500,1,8,FF,FF,FF,FF,20,2D,FF,FF
79146,8624,0x18FEF100,1,8,3F,00,00,FF,FF,FF,FF,FF
79147,8625,0x18FEF200,1,8,21,00,00,00,00,00,00,FF
79155,8626,0xCF00400,1,8,FF,FF,FF,4A,68,FF,FF,FF
79155,8627,0xCFF6600,1,8,09,0D,FF,FF,FF,FF,FF,FF
79175,8628,0xCF00400,1,8,FF,FF,FF,20,68,FF,FF,FF
79200,8629,0xCFF6600,1,8,04,0D,FF,FF,FF,FF,FF,FF
79201,8630,0x18EEFF00,1,8,08,CF,60,06,00,00,00,00
79215,8631,0xCF00400,1,8,FF,FF,FF,C8,67,FF,FF,FF
79215,8632,0xCFF6600,1,8,F9,0C,FF,FF,FF,FF,FF,FF
79235,8633,0xCF00400,1,8,FF,FF,FF,EA,67,FF,FF,FF
79235,8634,0xCFF6600,1,8,FD,0C,FF,FF,FF,FF,FF,FF
79245,8635,0x18FEF100,1,8,3F,00,00,FF,FF,FF,FF,FF
79246,8636,0x10FF6500,1,8,FC,FF,FF,FF,FF,FF,FF,FF
79247,8637,0x18F00500,1,8,FF,FF,FF,FF,20,2D,FF,FF
79247,8638,0x18FEF200,1,8,21,00,00,00,00,00,00,FF
79255,8639,0xCF00400,1,8,FF,FF,FF,42,68,FF,FF,FF
79255,8640,0xCFF6600,1,8,08,0D,FF,FF,FF,FF,FF,FF
79275,8641,0xCF00400,1,8,FF,FF,FF,38,69,FF,FF,FF
79276,8642,0xCFF6600,1,8,27,0D,FF,FF,FF,FF,FF,FF
79295,8643,0xCF00400,1,8,FF,FF,FF,5C,69,FF,FF,FF
79295,8644,0xCFF6600,1,8,2B,0D,FF,FF,FF,FF,FF,FF
79315,8645,0xCF00400,1,8,FF,FF,FF,50,69,FF,FF,FF
79316,8646,0xCFF6600,1,8,2A,0D,FF,FF,FF,FF,FF,FF
79335,8647,0xCF00400,1,8,FF,FF,FF,44,69,FF,FF,FF
79336,8648,0xCFF6600,1,8,28,0D,FF,FF,FF,FF,FF,FF
79346,8649,0x18FEF100,1,8,3F,00,00,FF,FF,FF,FF,FF
79347,8650,0x18F00500,1,8,FF,FF,FF,FF,20,2D,FF,FF
79368,8651,0xCF00400,1,8,FF,FF,FF,38,69,FF,FF,FF
79368,8652,0xCFF6600,1,8,27,0D,FF,FF,FF,FF,FF,FF
79369,8653,0x18FEF200,1,8,21,00,00,00,00,00,00,FF
79375,8654,0xCF00400,1,8,FF,FF,FF,42,69,FF,FF,FF
79376,8655,0xCFF6600,1,8,28,0D,FF,FF,FF,FF,FF,FF
79395,8656,0xCF00400,1,8,FF,FF,FF,5A,69,FF,FF,FF
79396,8657,0xCFF6600,1,8,2B,0D,FF,FF,FF,FF,FF,FF
79415,8658,0xCF00400,1,8,FF,FF,FF,EE,68,FF,FF,FF
79416,8659,0xCFF6600,1,8,1D,0D,FF,FF,FF,FF,FF,FF
79436,8660,0xCF00400,1,8,FF,FF,FF,CA,67,FF,FF,FF
79436,8661,0xCFF6600,1,8,F9,0C,FF,FF,FF,FF,FF,FF
79446,8662,0x10FF6500,1,8,FC,FF,FF,FF,FF,FF,FF,FF
79447,8663,0x18F00500,1,8,FF,FF,FF,FF,20,2D,FF,FF
79448,8664,0x18F00600,1,8,FF,FF,FF,FF,FF,FF,FF,FF
79449,8665,0x18FEF100,1,8,3F,00,00,FF,FF,FF,FF,FF
79449,8666,0x18FEF200,1,8,21,00,00,00,00,00,00,FF
79450,8667,0x1CFDDF00,1,8,FE,FF,FF,FF,FF,FF,FF,FF
79451,8668,0x1CFF6A00,1,8,FC,FF,FF,FF,FF,FF,FF,FF
79457,8669,0xCF00400,1,8,FF,FF,FF,C4,67,FF,FF,FF
79458,8670,0xCFF6600,1,8,F8,0C,FF,FF,FF,FF,FF,FF
79476,8671,0xCF00400,1,8,FF,FF,FF,C0,67,FF,FF,FF
79477,8672,0xCFF6600,1,8,F8,0C,FF,FF,FF,FF,FF,FF
79495,8673,0xCF00400,1,8,FF,FF,FF,BE,67,FF,FF,FF
79495,8674,0xCFF6600,1,8,F7,0C,FF,FF,FF,FF,FF,FF
79515,8675,0xCF00400,1,8,FF,FF,FF,E8,67,FF,FF,FF
79515,8676,0xCFF6600,1,8,FD,0C,FF,FF,FF,FF,FF,FF
79535,8677,0xCF00400,1,8,FF,FF,FF,34,68,FF,FF,FF
79535,8678,0xCFF6600,1,8,06,0D,FF,FF,FF,FF,FF,FF
79548,8679,0x18F00500,1,8,FF,FF,FF,FF,20,2D,FF,FF
79548,8680,0x18FEF100,1,8,3F,00,00,FF,FF,FF,FF,FF
79549,8681,0x18FEF200,1,8,21,00,00,00,00,00,06,FF
79555,8682,0xCF00400,1,8,FF,FF,FF,28,68,FF,FF,FF
79556,8683,0xCFF6600,1,8,05,0D,FF,FF,FF,FF,FF,FF
79575,8684,0xCF00400,1,8,FF,FF,FF,EE,67,FF,FF,FF
79575,8685,0xCFF6600,1,8,FD,0C,FF,FF,FF,FF,FF,FF
79595,8686,0xCF00400,1,8,FF,FF,FF,D6,67,FF,FF,FF
79595,8687,0xCFF6600,1,8,FA,0C,FF,FF,FF,FF,FF,FF
79616,8688,0xCF00400,1,8,FF,FF,FF,9A,68,FF,FF,FF
79617,8689,0xCFF6600,1,8,13,0D,FF,FF,FF,FF,FF,FF
79635,8690,0xCF00400,1,8,FF,FF,FF,BE,69,FF,FF,FF
79636,8691,0xCFF6600,1,8,37,0D,FF,FF,FF,FF,FF,FF
79646,8692,0x18FEF100,1,8,3F,00,00,FF,FF,FF,FF,FF
79646,8693,0x10FF6500,1,8,FC,FF,FF,FF,FF,FF,FF,FF
79647,8694,0x18F00500,1,8,FF,FF,FF,FF,20,2D,FF,FF
79648,8695,0x18FEF200,1,8,21,00,00,00,00,00,18,FF
79655,8696,0xCF00400,1,8,FF,FF,FF,DE,6A,FF,FF,FF
79655,8697,0xCFF6600,1,8,5B,0D,FF,FF,FF,FF,FF,FF
79675,8698,0xCF00400,1,8,FF,FF,FF,0C,6C,FF,FF,FF
79675,8699,0xCFF6600,1,8,81,0D,FF,FF,FF,FF,FF,FF
79695,8700,0xCF00400,1,8,FF,FF,FF,04,6D,FF,FF,FF
79695,8701,0xCFF6600,1,8,A0,0D,FF,FF,FF,FF,FF,FF
79716,8702,0xCF00400,1,8,FF,FF,FF,E0,6D,FF,FF,FF
79716,8703,0xCFF6600,1,8,BC,0D,FF,FF,FF,FF,FF,FF
79735,8704,0xCF00400,1,8,FF,FF,FF,92,70,FF,FF,FF
79736,8705,0xCFF6600,1,8,12,0E,FF,FF,FF,FF,FF,FF
79746,8706,0x18F00500,1,8,FF,FF,FF,FF,20,2D,FF,FF
79746,8707,0x18FEF100,1,8,3F,00,00,FF,FF,FF,FF,FF
79747,8708,0x18FEF200,1,8,21,00,00,00,00,00,0E,FF
79755,8709,0xCF00400,1,8,FF,FF,FF,9E,71,FF,FF,FF
79756,8710,0xCFF6600,1,8,33,0E,FF,FF,FF,FF,FF,FF
79776,8711,0xCF00400,1,8,FF,FF,FF,54,72,FF,FF,FF
79777,8712,0xCFF6600,1,8,4A,0E,FF,FF,FF,FF,FF,FF
79795,8713,0xCF00400,1,8,FF,FF,FF,D2,72,FF,FF,FF
79795,8714,0xCFF6600,1,8,5A,0E,FF,FF,FF,FF,FF,FF
79815,8715,0xCF00400,1,8,FF,FF,FF,02,73,FF,FF,FF
79816,8716,0xCFF6600,1,8,60,0E,FF,FF,FF,FF,FF,FF
79835,8717,0xCF00400,1,8,FF,FF,FF,E0,72,FF,FF,FF
79856,8718,0xCF00400,1,8,FF,FF,FF,E0,72,FF,FF,FF
79856,8719,0xCFF6600,1,8,5C,0E,FF,FF,FF,FF,FF,FF
79857,8720,0x10FF6500,1,8,FC,FF,FF,FF,FF,FF,FF,FF
79858,8721,0x18F00500,1,8,FF,FF,FF,FF,20,2D,FF,FF
79858,8722,0x18FEF100,1,8,3F,00,00,FF,FF,FF,FF,FF
79859,8723,0x18FEF200,1,8,21,00,00,00,00,00,00,FF
79875,8724,0xCF00400,1,8,FF,FF,FF,FA,72,FF,FF,FF
79876,8725,0xCFF6600,1,8,5F,0E,FF,FF,FF,FF,FF,FF
79895,8726,0xCF00400,1,8,FF,FF,FF,0E,73,FF,FF,FF
79896,8727,0xCFF6600,1,8,61,0E,FF,FF,FF,FF,FF,FF
79915,8728,0xCF00400,1,8,FF,FF,FF,C0,72,FF,FF,FF
79916,8729,0xCFF6600,1,8,58,0E,FF,FF,FF,FF,FF,FF
79935,8730,0xCF00400,1,8,FF,FF,FF,24,72,FF,FF,FF
79936,8731,0xCFF6600,1,8,44,0E,FF,FF,FF,FF,FF,FF
79962,8732,0x18F00500,1,8,FF,FF,FF,FF,20,2D,FF,FF
79963,8733,0x18F00600,1,8,FF,FF,FF,FF,FF,FF,FF,FF
79963,8734,0x18FEF100,1,8,3F,00,00,FF,FF,FF,FF,FF
79964,8735,0x18FEF200,1,8,21,00,00,00,00,00,00,FF
79965,8736,0x18EEFF00,1,8,08,CF,60,06,00,00,00,00
79965,8737,0x1CFDDF00,1,8,FE,FF,FF,FF,FF,FF,FF,FF
79966,8738,0x1CFF6A00,1,8,FC,FF,FF,FF,FF,FF,FF,FF
79966,8739,0x1CFF6A00,1,8,FC,FF,FF,FF,FF,FF,FF,FF
79975,8740,0xCF00400,1,8,FF,FF,FF,0C,71,FF,FF,FF
79975,8741,0xCFF6600,1,8,21,0E,FF,FF,FF,FF,FF,FF
79995,8742,0xCF00400,1,8,FF,FF,FF,88,70,FF,FF,FF
79995,8743,0xCFF6600,1,8,11,0E,FF,FF,FF,FF,FF,FF
80005,8744,0x18FDE500,1,8,0A,14,1E,28,32,3C,46,13
80005,8745,0x18FEEE00,1,8,63,FF,FF,FF,FF,FF,FF,FF
80015,8746,0xCF00400,1,8,FF,FF,FF,94,6F,FF,FF,FF
80016,8747,0xCFF6600,1,8,F2,0D,FF,FF,FF,FF,FF,FF
80024,8748,0x1CECFF00,1,8,20,0A,00,02,FF,CA,FE,00
80035,8749,0xCF00400,1,8,FF,FF,FF,30,6F,FF,FF,FF
80036,8750,0xCFF6600,1,8,E6,0D,FF,FF,FF,FF,FF,FF
80045,8751,0x18FEF100,1,8,3F,00,00,FF,FF,FF,FF,FF
80046,8752,0x10FF6500,1,8,FC,FF,FF,FF,FF,FF,FF,FF
80047,8753,0x18F00500,1,8,FF,FF,FF,FF,20,2D,FF,FF
80047,8754,0x18FEF200,1,8,25,00,00,00,00,00,00,FF
80055,8755,0xCF00400,1,8,FF,FF,FF,F4,6E,FF,FF,FF
80055,8756,0xCFF6600,1,8,DE,0D,FF,FF,FF,FF,FF,FF
80076,8757,0xCF00400,1,8,FF,FF,FF,D4,6E,FF,FF,FF
80077,8758,0xCFF6600,1,8,DA,0D,FF,FF,FF,FF,FF,FF
80077,8759,0x1CEBFF00,1,8,01,40,FF,0F,F0,E5,01,02
80095,8760,0xCF00400,1,8,FF,FF,FF,82,6E,FF,FF,FF
80096,8761,0xCFF6600,1,8,D0,0D,FF,FF,FF,FF,FF,FF
80115,8762,0xCF00400,1,8,FF,FF,FF,00,6E,FF,FF,FF
80116,8763,0xCFF6600,1,8,C0,0D,FF,FF,FF,FF,FF,FF
80125,8764,0x1CEBFF00,1,8,02,F0,E3,01,FF,FF,FF,FF
80135,8765,0xCF00400,1,8,FF,FF,FF,B0,6D,FF,FF,FF
80135,8766,0xCFF6600,1,8,B6,0D,FF,FF,FF,FF,FF,FF
80147,8767,0x18F00500,1,8,FF,FF,FF,FF,20,2D,FF,FF
80169,8768,0xCF00400,1,8,FF,FF,FF,70,6D,FF,FF,FF
80171,8769,0xCFF6600,1,8,AE,0D,FF,FF,FF,FF,FF,FF
80171,8770,0x18FEF100,1,8,3F,00,00,FF,FF,FF,FF,FF
80172,8771,0x18FEF200,1,8,25,00,00,00,00,00,00,FF
80175,8772,0xCF00400,1,8,FF,FF,FF,0E,6D,FF,FF,FF
80175,8773,0xCFF6600,1,8,A1,0D,FF,FF,FF,FF,FF,FF
80195,8774,0xCF00400,1,8,FF,FF,FF,90,6C,FF,FF,FF
80196,8775,0xCFF6600,1,8,92,0D,FF,FF,FF,FF,FF,FF
80215,8776,0xCF00400,1,8,FF,FF,FF,FA,6B,FF,FF,FF
80215,8777,0xCFF6600,1,8,7F,0D,FF,FF,FF,FF,FF,FF
80235,8778,0xCF00400,1,8,FF,FF,FF,86,6B,FF,FF,FF
80236,8779,0xCFF6600,1,8,70,0D,FF,FF,FF,FF,FF,FF
80246,8780,0x10FF6500,1,8,FC,FF,FF,FF,FF,FF,FF,FF
80247,8781,0x18F00500,1,8,FF,FF,FF,FF,20,2D,FF,FF
80247,8782,0x18FEF100,1,8,3F,00,00,FF,FF,FF,FF,FF
80248,8783,0x18FEF200,1,8,25,00,00,00,00,00,00,FF
80256,8784,0xCF00400,1,8,FF,FF,FF,E6,6A,FF,FF,FF
80256,8785,0xCFF6600,1,8,5C,0D,FF,FF,FF,FF,FF,FF
80275,8786,0xCF00400,1,8,FF,FF,FF,B2,6A,FF,FF,FF
80275,8787,0xCFF6600,1,8,56,0D,FF,FF,FF,FF,FF,FF
80295,8788,0xCF00400,1,8,FF,FF,FF,68,6A,FF,FF,FF
80295,8789,0xCFF6600,1,8,4D,0D,FF,FF,FF,FF,FF,FF
80315,8790,0xCF00400,1,8,FF,FF,FF,0A,6A,FF,FF,FF
80316,8791,0xCFF6600,1,8,41,0D,FF,FF,FF,FF,FF,FF
80336,8792,0xCF00400,1,8,FF,FF,FF,BE,69,FF,FF,FF
80337,8793,0xCFF6600,1,8,37,0D,FF,FF,FF,FF,FF,FF
80346,8794,0x18F00500,1,8,FF,FF,FF,FF,20,2D,FF,FF
80346,8795,0x18FEF100,1,8,3F,00,00,FF,FF,FF,FF,FF
80347,8796,0x18FEF200,1,8,25,00,00,00,00,00,00,FF
80355,8797,0xCF00400,1,8,FF,FF,FF,84,69,FF,FF,FF
80356,8798,0xCFF6600,1,8,30,0D,FF,FF,FF,FF,FF,FF
80375,8799,0xCF00400,1,8,FF,FF,FF,1A,69,FF,FF,FF
80376,8800,0xCFF6600,1,8,23,0D,FF,FF,FF,FF,FF,FF
80395,8801,0xCF00400,1,8,FF,FF,FF,88,68,FF,FF,FF
80395,8802,0xCFF6600,1,8,11,0D,FF,FF,FF,FF,FF,FF
80416,8803,0xCF00400,1,8,FF,FF,FF,F6,67,FF,FF,FF
80416,8804,0xCFF6600,1,8,FE,0C,FF,FF,FF,FF,FF,FF
80436,8805,0xCF00400,1,8,FF,FF,FF,C0,66,FF,FF,FF
80437,8806,0xCFF6600,1,8,D8,0C,FF,FF,FF,FF,FF,FF
80446,8807,0x18FEF100,1,8,3F,00,00,FF,FF,FF,FF,FF
80446,8808,0x10FF6500,1,8,FC,FF,FF,FF,FF,FF,FF,FF
80447,8809,0x18F00500,1,8,FF,FF,FF,FF,20,2D,FF,FF
80468,8810,0xCF00400,1,8,FF,FF,FF,0E,66,FF,FF,FF
80469,8811,0xCFF6600,1,8,C1,0C,FF,FF,FF,FF,FF,FF
80470,8812,0x18F00600,1,8,FF,FF,FF,FF,FF,FF,FF,FF
80471,8813,0x18FEF200,1,8,25,00,00,00,00,00,00,FF
80471,8814,0x1CFDDF00,1,8,FE,FF,FF,FF,FF,FF,FF,FF
80472,8815,0x1CFF6A00,1,8,FC,FF,FF,FF,FF,FF,FF,FF
80475,8816,0xCF00400,1,8,FF,FF,FF,AA,65,FF,FF,FF
80475,8817,0xCFF6600,1,8,B5,0C,FF,FF,FF,FF,FF,FF
80495,8818,0xCF00400,1,8,FF,FF,FF,7C,65,FF,FF,FF
80495,8819,0xCFF6600,1,8,AF,0C,FF,FF,FF,FF,FF,FF
80515,8820,0xCF00400,1,8,FF,FF,FF,30,65,FF,FF,FF
80515,8821,0xCFF6600,1,8,A6,0C,FF,FF,FF,FF,FF,FF
80535,8822,0xCF00400,1,8,FF,FF,FF,CC,64,FF,FF,FF
80535,8823,0xCFF6600,1,8,99,0C,FF,FF,FF,FF,FF,FF
80546,8824,0x18FEF100,1,8,3F,00,00,FF,FF,FF,FF,FF
80547,8825,0x18F00500,1,8,FF,FF,FF,FF,20,2D,FF,FF
80547,8826,0x18FEF200,1,8,25,00,00,00,00,00,00,FF
80555,8827,0xCF00400,1,8,FF,FF,FF,56,64,FF,FF,FF
80556,8828,0xCFF6600,1,8,8A,0C,FF,FF,FF,FF,FF,FF
80575,8829,0xCF00400,1,8,FF,FF,FF,D0,63,FF,FF,FF
80576,8830,0xCFF6600,1,8,7A,0C,FF,FF,FF,FF,FF,FF
80595,8831,0xCF00400,1,8,FF,FF,FF,3C,63,FF,FF,FF
80596,8832,0xCFF6600,1,8,67,0C,FF,FF,FF,FF,FF,FF
80615,8833,0xCF00400,1,8,FF,FF,FF,A0,62,FF,FF,FF
80615,8834,0xCFF6600,1,8,54,0C,FF,FF,FF,FF,FF,FF
80635,8835,0xCF00400,1,8,FF,FF,FF,52,62,FF,FF,FF
80635,8836,0xCFF6600,1,8,4A,0C,FF,FF,FF,FF,FF,FF
80646,8837,0x18F00500,1,8,FF,FF,FF,FF,20,2D,FF,FF
80647,8838,0x10FF6500,1,8,FC,FF,FF,FF,FF,FF,FF,FF
80672,8839,0x18EEFF00,1,8,08,CF,60,06,00,00,00,00
80673,8840,0x18FEF100,1,8,3F,00,00,FF,FF,FF,FF,FF
80674,8841,0x18FEF200,1,8,25,00,00,00,00,00,00,FF
80675,8842,0xCF00400,1,8,FF,FF,FF,A8,61,FF,FF,FF
80675,8843,0xCFF6600,1,8,35,0C,FF,FF,FF,FF,FF,FF
80695,8844,0xCF00400,1,8,FF,FF,FF,BA,60,FF,FF,FF
80695,8845,0xCFF6600,1,8,17,0C,FF,FF,FF,FF,FF,FF
80715,8846,0xCF00400,1,8,FF,FF,FF,3E,60,FF,FF,FF
80715,8847,0xCFF6600,1,8,07,0C,FF,FF,FF,FF,FF,FF
80735,8848,0xCF00400,1,8,FF,FF,FF,1E,60,FF,FF,FF
80736,8849,0xCFF6600,1,8,03,0C,FF,FF,FF,FF,FF,FF
80745,8850,0x18F00500,1,8,FF,FF,FF,FF,20,2D,FF,FF
80746,8851,0x18FEF100,1,8,3F,00,00,FF,FF,FF,FF,FF
80747,8852,0x18FEF200,1,8,25,00,00,00,00,00,00,FF
80756,8853,0xCF00400,1,8,FF,FF,FF,00,60,FF,FF,FF
80757,8854,0xCFF6600,1,8,00,0C,FF,FF,FF,FF,FF,FF
80775,8855,0xCF00400,1,8,FF,FF,FF,E8,5F,FF,FF,FF
80776,8856,0xCFF6600,1,8,FD,0B,FF,FF,FF,FF,FF,FF
80795,8857,0xCF00400,1,8,FF,FF,FF,B2,5F,FF,FF,FF
80795,8858,0xCFF6600,1,8,F6,0B,FF,FF,FF,FF,FF,FF
80815,8859,0xCF00400,1,8,FF,FF,FF,64,5F,FF,FF,FF
80815,8860,0xCFF6600,1,8,EC,0B,FF,FF,FF,FF,FF,FF
80835,8861,0xCF00400,1,8,FF,FF,FF,0C,5F,FF,FF,FF
80836,8862,0xCFF6600,1,8,E1,0B,FF,FF,FF,FF,FF,FF
80846,8863,0x10FF6500,1,8,FC,FF,FF,FF,FF,FF,FF,FF
80866,8864,0xCF00400,1,8,FF,FF,FF,AA,5E,FF,FF,FF
80868,8865,0xCFF6600,1,8,D5,0B,FF,FF,FF,FF,FF,FF
80869,8866,0x18F00500,1,8,FF,FF,FF,FF,20,2D,FF,FF
80869,8867,0x18FEF100,1,8,3F,00,00,FF,FF,FF,FF,FF
80870,8868,0x18FEF200,1,8,25,00,00,00,00,00,00,FF
80875,8869,0xCF00400,1,8,FF,FF,FF,70,5E,FF,FF,FF
80875,8870,0xCFF6600,1,8,CE,0B,FF,FF,FF,FF,FF,FF
80895,8871,0xCF00400,1,8,FF,FF,FF,54,5E,FF,FF,FF
80896,8872,0xCFF6600,1,8,CA,0B,FF,FF,FF,FF,FF,FF
80915,8873,0xCF00400,1,8,FF,FF,FF,52,5E,FF,FF,FF
80915,8874,0xCFF6600,1,8,CA,0B,FF,FF,FF,FF,FF,FF
80935,8875,0xCF00400,1,8,FF,FF,FF,64,5E,FF,FF,FF
80935,8876,0xCFF6600,1,8,CC,0B,FF,FF,FF,FF,FF,FF
80946,8877,0x18FEF100,1,8,3F,00,00,FF,FF,FF,FF,FF
80946,8878,0x18F00500,1,8,FF,FF,FF,FF,20,2D,FF,FF
80947,8879,0x18F00600,1,8,FF,FF,FF,FF,FF,FF,FF,FF
80948,8880,0x18FEF200,1,8,25,00,00,00,00,00,00,FF
80948,8881,0x1CFDDF00,1,8,FE,FF,FF,FF,FF,FF,FF,FF
80950,8882,0x1CFF6A00,1,8,FC,FF,FF,FF,FF,FF,FF,FF
80955,8883,0xCF00400,1,8,FF,FF,FF,5C,5E,FF,FF,FF
80956,8884,0xCFF6600,1,8,CB,0B,FF,FF,FF,FF,FF,FF
80975,8885,0xCF00400,1,8,FF,FF,FF,46,5E,FF,FF,FF
80976,8886,0xCFF6600,1,8,C8,0B,FF,FF,FF,FF,FF,FF
80995,8887,0xCF00400,1,8,FF,FF,FF,48,5E,FF,FF,FF
80995,8888,0xCFF6600,1,8,C9,0B,FF,FF,FF,FF,FF,FF
81007,8889,0x18FDE500,1,8,0A,14,1E,28,32,3C,46,13
81007,8890,0x18FEEE00,1,8,63,FF,FF,FF,FF,FF,FF,FF
81015,8891,0xCF00400,1,8,FF,FF,FF,58,5E,FF,FF,FF
81016,8892,0xCFF6600,1,8,CB,0B,FF,FF,FF,FF,FF,FF
81025,8893,0x1CECFF00,1,8,20,0A,00,02,FF,CA,FE,00
81035,8894,0xCF00400,1,8,FF,FF,FF,14,5E,FF,FF,FF
81035,8895,0xCFF6600,1,8,C2,0B,FF,FF,FF,FF,FF,FF
81046,8896,0x10FF6500,1,8,FC,FF,FF,FF,FF,FF,FF,FF
81047,8897,0x18F00500,1,8,FF,FF,FF,FF,20,2D,FF,FF
81048,8898,0x18FEF100,1,8,3F,00,00,FF,FF,FF,FF,FF
81048,8899,0x18FEF200,1,8,20,00,00,00,00,00,00,FF
81055,8900,0xCF00400,1,8,FF,FF,FF,96,5D,FF,FF,FF
81055,8901,0xCFF6600,1,8,B2,0B,FF,FF,FF,FF,FF,FF
81076,8902,0xCF00400,1,8,FF,FF,FF,10,5D,FF,FF,FF
81076,8903,0xCFF6600,1,8,A2,0B,FF,FF,FF,FF,FF,FF
81077,8904,0x1CEBFF00,1,8,01,40,FF,0F,F0,E5,01,02
81095,8905,0xCF00400,1,8,FF,FF,FF,80,5C,FF,FF,FF
81096,8906,0xCFF6600,1,8,90,0B,FF,FF,FF,FF,FF,FF
81115,8907,0xCF00400,1,8,FF,FF,FF,D0,5B,FF,FF,FF
81116,8908,0xCFF6600,1,8,7A,0B,FF,FF,FF,FF,FF,FF
81124,8909,0x1CEBFF00,1,8,02,F0,E3,01,FF,FF,FF,FF
81136,8910,0xCF00400,1,8,FF,FF,FF,06,5B,FF,FF,FF
81137,8911,0xCFF6600,1,8,60,0B,FF,FF,FF,FF,FF,FF
81146,8912,0x18F00500,1,8,FF,FF,FF,FF,20,2D,FF,FF
81147,8913,0x18FEF100,1,8,3F,00,00,FF,FF,FF,FF,FF
81147,8914,0x18FEF200,1,8,20,00,00,00,00,00,00,FF
81155,8915,0xCF00400,1,8,FF,FF,FF,9E,5A,FF,FF,FF
81156,8916,0xCFF6600,1,8,53,0B,FF,FF,FF,FF,FF,FF
81175,8917,0xCF00400,1,8,FF,FF,FF,80,5A,FF,FF,FF
81175,8918,0xCFF6600,1,8,50,0B,FF,FF,FF,FF,FF,FF
81195,8919,0xCF00400,1,8,FF,FF,FF,66,5A,FF,FF,FF
81195,8920,0xCFF6600,1,8,4C,0B,FF,FF,FF,FF,FF,FF
81215,8921,0xCF00400,1,8,FF,FF,FF,50,5A,FF,FF,FF
81215,8922,0xCFF6600,1,8,4A,0B,FF,FF,FF,FF,FF,FF
81236,8923,0xCF00400,1,8,FF,FF,FF,34,5A,FF,FF,FF
81236,8924,0xCFF6600,1,8,46,0B,FF,FF,FF,FF,FF,FF
81246,8925,0x18FEF100,1,8,3F,00,00,FF,FF,FF,FF,FF
81246,8926,0x10FF6500,1,8,FC,FF,FF,FF,FF,FF,FF,FF
81247,8927,0x18F00500,1,8,FF,FF,FF,FF,20,2D,FF,FF
81248,8928,0x18FEF200,1,8,20,00,00,00,00,00,00,FF
81255,8929,0xCF00400,1,8,FF,FF,FF,16,5A,FF,FF,FF
81255,8930,0xCFF6600,1,8,42,0B,FF,FF,FF,FF,FF,FF
81275,8931,0xCF00400,1,8,FF,FF,FF,C0,59,FF,FF,FF
81295,8932,0xCF00400,1,8,FF,FF,FF,34,59,FF,FF,FF
81296,8933,0xCFF6600,1,8,38,0B,FF,FF,FF,FF,FF,FF
81315,8934,0xCF00400,1,8,FF,FF,FF,46,59,FF,FF,FF
81316,8935,0xCFF6600,1,8,28,0B,FF,FF,FF,FF,FF,FF
81335,8936,0xCF00400,1,8,FF,FF,FF,CE,59,FF,FF,FF
81335,8937,0xCFF6600,1,8,39,0B,FF,FF,FF,FF,FF,FF
81346,8938,0x18F00500,1,8,FF,FF,FF,FF,20,2D,FF,FF
81346,8939,0x18FEF100,1,8,3F,00,00,FF,FF,FF,FF,FF
81347,8940,0x18FEF200,1,8,20,00,00,00,00,00,00,FF
81355,8941,0xCF00400,1,8,FF,FF,FF,6A,59,FF,FF,FF
81355,8942,0xCFF6600,1,8,2D,0B,FF,FF,FF,FF,FF,FF
81375,8943,0xCF00400,1,8,FF,FF,FF,4C,58,FF,FF,FF
81375,8944,0xCFF6600,1,8,09,0B,FF,FF,FF,FF,FF,FF
81395,8945,0xCF00400,1,8,FF,FF,FF,2A,58,FF,FF,FF
81395,8946,0xCFF6600,1,8,05,0B,FF,FF,FF,FF,FF,FF
81415,8947,0xCF00400,1,8,FF,FF,FF,D2,58,FF,FF,FF
81417,8948,0xCFF6600,1,8,1A,0B,FF,FF,FF,FF,FF,FF
81435,8949,0xCF00400,1,8,FF,FF,FF,C4,58,FF,FF,FF
81456,8950,0xCF00400,1,8,FF,FF,FF,2E,58,FF,FF,FF
81457,8951,0xCFF6600,1,8,18,0B,FF,FF,FF,FF,FF,FF
81457,8952,0x10FF6500,1,8,FC,FF,FF,FF,FF,FF,FF,FF
81458,8953,0x18F00500,1,8,FF,FF,FF,FF,20,2D,FF,FF
81459,8954,0x18F00600,1,8,FF,FF,FF,FF,FF,FF,FF,FF
81459,8955,0x18FEF100,1,8,3F,00,00,FF,FF,FF,FF,FF
81460,8956,0x18FEF200,1,8,20,00,00,00,00,00,00,FF
81461,8957,0x1CFDDF00,1,8,FE,FF,FF,FF,FF,FF,FF,FF
81461,8958,0x1CFF6A00,1,8,FC,FF,FF,FF,FF,FF,FF,FF
81475,8959,0xCF00400,1,8,FF,FF,FF,BA,57,FF,FF,FF
81476,8960,0xCFF6600,1,8,F7,0A,FF,FF,FF,FF,FF,FF
81495,8961,0xCF00400,1,8,FF,FF,FF,BA,57,FF,FF,FF
81496,8962,0xCFF6600,1,8,F7,0A,FF,FF,FF,FF,FF,FF
81515,8963,0xCF00400,1,8,FF,FF,FF,62,57,FF,FF,FF
81516,8964,0xCFF6600,1,8,EC,0A,FF,FF,FF,FF,FF,FF
81536,8965,0xCF00400,1,8,FF,FF,FF,F0,56,FF,FF,FF
81537,8966,0xCFF6600,1,8,DE,0A,FF,FF,FF,FF,FF,FF
81546,8967,0x18FEF100,1,8,3F,00,00,FF,FF,FF,FF,FF
81546,8968,0x18F00500,1,8,FF,FF,FF,FF,20,2D,FF,FF
81547,8969,0x18FEF200,1,8,20,00,00,00,00,00,00,FF
81555,8970,0xCF00400,1,8,FF,FF,FF,6A,56,FF,FF,FF
81555,8971,0xCFF6600,1,8,CD,0A,FF,FF,FF,FF,FF,FF
81575,8972,0xCF00400,1,8,FF,FF,FF,7A,56,FF,FF,FF
81575,8973,0xCFF6600,1,8,CF,0A,FF,FF,FF,FF,FF,FF
81595,8974,0xCF00400,1,8,FF,FF,FF,F4,56,FF,FF,FF
81615,8975,0xCF00400,1,8,FF,FF,FF,F2,56,FF,FF,FF
81616,8976,0xCFF6600,1,8,DE,0A,FF,FF,FF,FF,FF,FF
81635,8977,0xCF00400,1,8,FF,FF,FF,96,56,FF,FF,FF
81635,8978,0xCFF6600,1,8,D2,0A,FF,FF,FF,FF,FF,FF
81646,8979,0x18FEF100,1,8,3F,00,00,FF,FF,FF,FF,FF
81646,8980,0x10FF6500,1,8,FC,FF,FF,FF,FF,FF,FF,FF
81647,8981,0x18F00500,1,8,FF,FF,FF,FF,20,2D,FF,FF
81647,8982,0x18FEF200,1,8,20,00,00,00,00,00,00,FF
81655,8983,0xCF00400,1,8,FF,FF,FF,0A,56,FF,FF,FF
81655,8984,0xCFF6600,1,8,C1,0A,FF,FF,FF,FF,FF,FF
81675,8985,0xCF00400,1,8,FF,FF,FF,52,55,FF,FF,FF
81675,8986,0xCFF6600,1,8,AA,0A,FF,FF,FF,FF,FF,FF
81695,8987,0xCF00400,1,8,FF,FF,FF,B2,54,FF,FF,FF
81695,8988,0xCFF6600,1,8,96,0A,FF,FF,FF,FF,FF,FF
81715,8989,0xCF00400,1,8,FF,FF,FF,24,54,FF,FF,FF
81716,8990,0xCFF6600,1,8,84,0A,FF,FF,FF,FF,FF,FF
81736,8991,0xCF00400,1,8,FF,FF,FF,24,54,FF,FF,FF
81736,8992,0xCFF6600,1,8,84,0A,FF,FF,FF,FF,FF,FF
81745,8993,0x18FEF100,1,8,3F,00,00,FF,FF,FF,FF,FF
81746,8994,0x18F00500,1,8,FF,FF,FF,FF,20,2D,FF,FF
81747,8995,0x18FEF200,1,8,20,00,00,00,00,00,00,FF
81755,8996,0xCF00400,1,8,FF,FF,FF,AE,53,FF,FF,FF
81755,8997,0xCFF6600,1,8,75,0A,FF,FF,FF,FF,FF,FF
81775,8998,0xCF00400,1,8,FF,FF,FF,4C,53,FF,FF,FF
81775,8999,0xCFF6600,1,8,69,0A,FF,FF,FF,FF,FF,FF
81795,9000,0xCF00400,1,8,FF,FF,FF,36,53,FF,FF,FF
81796,9001,0xCFF6600,1,8,66,0A,FF,FF,FF,FF,FF,FF
81816,9002,0xCF00400,1,8,FF,FF,FF,5E,53,FF,FF,FF
81816,9003,0xCFF6600,1,8,6B,0A,FF,FF,FF,FF,FF,FF
81835,9004,0xCF00400,1,8,FF,FF,FF,4A,53,FF,FF,FF
81836,9005,0xCFF6600,1,8,69,0A,FF,FF,FF,FF,FF,FF
81846,9006,0x18FEF100,1,8,3F,00,00,FF,FF,FF,FF,FF
81846,9007,0x10FF6500,1,8,FC,FF,FF,FF,FF,FF,FF,FF
81847,9008,0x18F00500,1,8,FF,FF,FF,FF,20,2D,FF,FF
81863,9009,0x18FEF200,1,8,20,00,00,00,00,00,00,FF
81864,9010,0x18EEFF00,1,8,08,CF,60,06,00,00,00,00
81875,9011,0xCF00400,1,8,FF,FF,FF,1C,53,FF,FF,FF
81875,9012,0xCFF6600,1,8,63,0A,FF,FF,FF,FF,FF,FF
81895,9013,0xCF00400,1,8,FF,FF,FF,88,53,FF,FF,FF
81896,9014,0xCFF6600,1,8,71,0A,FF,FF,FF,FF,FF,FF
81915,9015,0xCF00400,1,8,FF,FF,FF,88,53,FF,FF,FF
81915,9016,0xCFF6600,1,8,71,0A,FF,FF,FF,FF,FF,FF
81935,9017,0xCF00400,1,8,FF,FF,FF,94,53,FF,FF,FF
81936,9018,0xCFF6600,1,8,72,0A,FF,FF,FF,FF,FF,FF
81966,9019,0xCF00400,1,8,FF,FF,FF,50,53,FF,FF,FF
81967,9020,0xCFF6600,1,8,6A,0A,FF,FF,FF,FF,FF,FF
81968,9021,0x18F00500,1,8,FF,FF,FF,FF,20,2D,FF,FF
81968,9022,0x18F00600,1,8,FF,FF,FF,FF,FF,FF,FF,FF
81969,9023,0x18FEF100,1,8,3F,00,00,FF,FF,FF,FF,FF
81970,9024,0x18FEF200,1,8,20,00,00,00,00,00,00,FF
81970,9025,0x1CFDDF00,1,8,FE,FF,FF,FF,FF,FF,FF,FF
81971,9026,0x1CFF6A00,1,8,FC,FF,FF,FF,FF,FF,FF,FF
81975,9027,0xCF00400,1,8,FF,FF,FF,28,53,FF,FF,FF
81975,9028,0xCFF6600,1,8,65,0A,FF,FF,FF,FF,FF,FF
81995,9029,0xCF00400,1,8,FF,FF,FF,14,53,FF,FF,FF
81995,9030,0xCFF6600,1,8,62,0A,FF,FF,FF,FF,FF,FF
82005,9031,0x18FEEE00,1,8,63,FF,FF,FF,FF,FF,FF,FF
82005,9032,0x18FDE500,1,8,0A,14,1E,28,32,3C,46,13
82015,9033,0xCF00400,1,8,FF,FF,FF,F4,52,FF,FF,FF
82016,9034,0xCFF6600,1,8,5E,0A,FF,FF,FF,FF,FF,FF
82024,9035,0x1CECFF00,1,8,20,0A,00,02,FF,CA,FE,00
82035,9036,0xCF00400,1,8,FF,FF,FF,CC,52,FF,FF,FF
82036,9037,0xCFF6600,1,8,59,0A,FF,FF,FF,FF,FF,FF
82046,9038,0x10FF6500,1,8,FC,FF,FF,FF,FF,FF,FF,FF
82047,9039,0x18F00500,1,8,FF,FF,FF,FF,20,2D,FF,FF
82047,9040,0x18FEF100,1,8,3F,00,00,FF,FF,FF,FF,FF
82048,9041,0x18FEF200,1,8,1E,00,00,00,00,00,00,FF
82055,9042,0xCF00400,1,8,FF,FF,FF,9A,52,FF,FF,FF
82056,9043,0xCFF6600,1,8,53,0A,FF,FF,FF,FF,FF,FF
82075,9044,0xCF00400,1,8,FF,FF,FF,5A,52,FF,FF,FF
82076,9045,0xCFF6600,1,8,4B,0A,FF,FF,FF,FF,FF,FF
82077,9046,0x1CEBFF00,1,8,01,40,FF,0F,F0,E5,01,02
82095,9047,0xCF00400,1,8,FF,FF,FF,5A,52,FF,FF,FF
82095,9048,0xCFF6600,1,8,4B,0A,FF,FF,FF,FF,FF,FF
82115,9049,0xCF00400,1,8,FF,FF,FF,F4,51,FF,FF,FF
82115,9050,0xCFF6600,1,8,3E,0A,FF,FF,FF,FF,FF,FF
82125,9051,0x1CEBFF00,1,8,02,F0,E3,01,FF,FF,FF,FF
82135,9052,0xCF00400,1,8,FF,FF,FF,6E,51,FF,FF,FF
82135,9053,0xCFF6600,1,8,2D,0A,FF,FF,FF,FF,FF,FF
82146,9054,0x18F00500,1,8,FF,FF,FF,FF,20,2D,FF,FF
82147,9055,0x18FEF100,1,8,3F,00,00,FF,FF,FF,FF,FF
82148,9056,0x18FEF200,1,8,1E,00,00,00,00,00,00,FF
82157,9057,0xCF00400,1,8,FF,FF,FF,08,51,FF,FF,FF
82157,9058,0xCFF6600,1,8,21,0A,FF,FF,FF,FF,FF,FF
82175,9059,0xCF00400,1,8,FF,FF,FF,C2,50,FF,FF,FF
82175,9060,0xCFF6600,1,8,18,0A,FF,FF,FF,FF,FF,FF
82195,9061,0xCF00400,1,8,FF,FF,FF,5E,50,FF,FF,FF
82196,9062,0xCFF6600,1,8,0B,0A,FF,FF,FF,FF,FF,FF
82215,9063,0xCF00400,1,8,FF,FF,FF,E0,4F,FF,FF,FF
82216,9064,0xCFF6600,1,8,FC,09,FF,FF,FF,FF,FF,FF
82236,9065,0xCF00400,1,8,FF,FF,FF,E0,4F,FF,FF,FF
82236,9066,0xCFF6600,1,8,FC,09,FF,FF,FF,FF,FF,FF
82246,9067,0x10FF6500,1,8,FC,FF,FF,FF,FF,FF,FF,FF
82247,9068,0x18F00500,1,8,FF,FF,FF,FF,20,2D,FF,FF
82247,9069,0x18FEF100,1,8,3F,00,00,FF,FF,FF,FF,FF
82248,9070,0x18FEF200,1,8,1E,00,00,00,00,00,00,FF
82255,9071,0xCF00400,1,8,FF,FF,FF,70,4F,FF,FF,FF
82256,9072,0xCFF6600,1,8,EE,09,FF,FF,FF,FF,FF,FF
82275,9073,0xCF00400,1,8,FF,FF,FF,00,4F,FF,FF,FF
82296,9074,0xCF00400,1,8,FF,FF,FF,EC,4E,FF,FF,FF
82297,9075,0xCFF6600,1,8,E0,09,FF,FF,FF,FF,FF,FF
82315,9076,0xCF00400,1,8,FF,FF,FF,24,4F,FF,FF,FF
82316,9077,0xCFF6600,1,8,E4,09,FF,FF,FF,FF,FF,FF
82335,9078,0xCF00400,1,8,FF,FF,FF,16,4F,FF,FF,FF
82336,9079,0xCFF6600,1,8,E2,09,FF,FF,FF,FF,FF,FF
82346,9080,0x18FEF100,1,8,3F,00,00,FF,FF,FF,FF,FF
82346,9081,0x18F00500,1,8,FF,FF,FF,FF,20,2D,FF,FF
82347,9082,0x18FEF200,1,8,1E,00,00,00,00,00,00,FF
82355,9083,0xCF00400,1,8,FF,FF,FF,16,4F,FF,FF,FF
82356,9084,0xCFF6600,1,8,E2,09,FF,FF,FF,FF,FF,FF
82375,9085,0xCF00400,1,8,FF,FF,FF,D2,4E,FF,FF,FF
82376,9086,0xCFF6600,1,8,DA,09,FF,FF,FF,FF,FF,FF
82395,9087,0xCF00400,1,8,FF,FF,FF,3E,4E,FF,FF,FF
82395,9088,0xCFF6600,1,8,C7,09,FF,FF,FF,FF,FF,FF
82415,9089,0xCF00400,1,8,FF,FF,FF,62,4D,FF,FF,FF
82415,9090,0xCFF6600,1,8,AC,09,FF,FF,FF,FF,FF,FF
82435,9091,0xCF00400,1,8,FF,FF,FF,00,4D,FF,FF,FF
82435,9092,0xCFF6600,1,8,A0,09,FF,FF,FF,FF,FF,FF
82448,9093,0x10FF6500,1,8,FC,FF,FF,FF,FF,FF,FF,FF
82448,9094,0x18F00500,1,8,FF,FF,FF,FF,20,2D,FF,FF
82449,9095,0x18F00600,1,8,FF,FF,FF,FF,FF,FF,FF,FF
82450,9096,0x18FEF100,1,8,3F,00,00,FF,FF,FF,FF,FF
82450,9097,0x18FEF200,1,8,1E,00,00,00,00,00,00,FF
82451,9098,0x1CFDDF00,1,8,FE,FF,FF,FF,FF,FF,FF,FF
82452,9099,0x1CFF6A00,1,8,FC,FF,FF,FF,FF,FF,FF,FF
82458,9100,0xCF00400,1,8,FF,FF,FF,08,4D,FF,FF,FF
82458,9101,0xCFF6600,1,8,A1,09,FF,FF,FF,FF,FF,FF
82475,9102,0xCF00400,1,8,FF,FF,FF,08,4D,FF,FF,FF
82476,9103,0xCFF6600,1,8,A1,09,FF,FF,FF,FF,FF,FF
82495,9104,0xCF00400,1,8,FF,FF,FF,48,4D,FF,FF,FF
82499,9105,0xCFF6600,1,8,A9,09,FF,FF,FF,FF,FF,FF
82516,9106,0xCF00400,1,8,FF,FF,FF,B8,4D,FF,FF,FF
82517,9107,0xCFF6600,1,8,B7,09,FF,FF,FF,FF,FF,FF
82535,9108,0xCF00400,1,8,FF,FF,FF,D8,4D,FF,FF,FF
82536,9109,0xCFF6600,1,8,BB,09,FF,FF,FF,FF,FF,FF
82546,9110,0x18F00500,1,8,FF,FF,FF,FF,20,2D,FF,FF
82547,9111,0x18FEF100,1,8,3F,00,00,FF,FF,FF,FF,FF
82547,9112,0x18FEF200,1,8,1E,00,00,00,00,00,00,FF
82557,9113,0xCF00400,1,8,FF,FF,FF,BC,4D,FF,FF,FF
82558,9114,0xCFF6600,1,8,B7,09,FF,FF,FF,FF,FF,FF
82576,9115,0xCF00400,1,8,FF,FF,FF,64,4D,FF,FF,FF
82576,9116,0xCFF6600,1,8,AC,09,FF,FF,FF,FF,FF,FF
82595,9117,0xCF00400,1,8,FF,FF,FF,64,4D,FF,FF,FF
82595,9118,0xCFF6600,1,8,AC,09,FF,FF,FF,FF,FF,FF
82616,9119,0xCF00400,1,8,FF,FF,FF,D2,4C,FF,FF,FF
82617,9120,0xCFF6600,1,8,9A,09,FF,FF,FF,FF,FF,FF
82635,9121,0xCF00400,1,8,FF,FF,FF,EC,4C,FF,FF,FF
82636,9122,0xCFF6600,1,8,9D,09,FF,FF,FF,FF,FF,FF
82646,9123,0x10FF6500,1,8,FC,FF,FF,FF,FF,FF,FF,FF
82666,9124,0xCF00400,1,8,FF,FF,FF,92,4D,FF,FF,FF
82667,9125,0xCFF6600,1,8,B2,09,FF,FF,FF,FF,FF,FF
82668,9126,0x18F00500,1,8,FF,FF,FF,FF,20,2D,FF,FF
82668,9127,0x18FEF100,1,8,3F,00,00,FF,FF,FF,FF,FF
82669,9128,0x18FEF200,1,8,1E,00,00,00,00,00,00,FF
82692,9129,0xCF00400,1,8,FF,FF,FF,F4,4D,FF,FF,FF
82692,9130,0xCFF6600,1,8,BE,09,FF,FF,FF,FF,FF,FF
82694,9131,0x18EEFF00,1,8,08,CF,60,06,00,00,00,00
82695,9132,0xCF00400,1,8,FF,FF,FF,F4,4D,FF,FF,FF
82695,9133,0xCFF6600,1,8,BE,09,FF,FF,FF,FF,FF,FF
82715,9134,0xCF00400,1,8,FF,FF,FF,1E,4E,FF,FF,FF
82715,9135,0xCFF6600,1,8,C3,09,FF,FF,FF,FF,FF,FF
82735,9136,0xCF00400,1,8,FF,FF,FF,50,4E,FF,FF,FF
82735,9137,0xCFF6600,1,8,CA,09,FF,FF,FF,FF,FF,FF
82736,9138,0xCFF6600,1,8,CA,09,FF,FF,FF,FF,FF,FF
82746,9139,0x18FEF100,1,8,3F,00,00,FF,FF,FF,FF,FF
82746,9140,0x18F00500,1,8,FF,FF,FF,FF,20,2D,FF,FF
82747,9141,0x18FEF200,1,8,1E,00,00,00,00,00,00,FF
82755,9142,0xCF00400,1,8,FF,FF,FF,8C,4E,FF,FF,FF
82755,9143,0xCFF6600,1,8,D1,09,FF,FF,FF,FF,FF,FF
82775,9144,0xCF00400,1,8,FF,FF,FF,BC,4E,FF,FF,FF
82775,9145,0xCFF6600,1,8,D7,09,FF,FF,FF,FF,FF,FF
82795,9146,0xCF00400,1,8,FF,FF,FF,DE,4E,FF,FF,FF
82795,9147,0xCFF6600,1,8,DB,09,FF,FF,FF,FF,FF,FF
82815,9148,0xCF00400,1,8,FF,FF,FF,24,4F,FF,FF,FF
82816,9149,0xCFF6600,1,8,E4,09,FF,FF,FF,FF,FF,FF
82835,9150,0xCF00400,1,8,FF,FF,FF,24,4F,FF,FF,FF
82836,9151,0xCFF6600,1,8,E4,09,FF,FF,FF,FF,FF,FF
82846,9152,0x10FF6500,1,8,FC,FF,FF,FF,FF,FF,FF,FF
82846,9153,0x18F00500,1,8,FF,FF,FF,FF,20,2D,FF,FF
82847,9154,0x18FEF100,1,8,3F,00,00,FF,FF,FF,FF,FF
82848,9155,0x18FEF200,1,8,1E,00,00,00,00,00,00,FF
82855,9156,0xCF00400,1,8,FF,FF,FF,8E,4F,FF,FF,FF
82856,9157,0xCFF6600,1,8,F1,09,FF,FF,FF,FF,FF,FF
82875,9158,0xCF00400,1,8,FF,FF,FF,3A,4F,FF,FF,FF
82875,9159,0xCFF6600,1,8,E7,09,FF,FF,FF,FF,FF,FF
82895,9160,0xCF00400,1,8,FF,FF,FF,3E,4E,FF,FF,FF
82895,9161,0xCFF6600,1,8,C7,09,FF,FF,FF,FF,FF,FF
82915,9162,0xCF00400,1,8,FF,FF,FF,8A,4D,FF,FF,FF
82915,9163,0xCFF6600,1,8,B1,09,FF,FF,FF,FF,FF,FF
82936,9164,0xCF00400,1,8,FF,FF,FF,20,4D,FF,FF,FF
82937,9165,0xCFF6600,1,8,A4,09,FF,FF,FF,FF,FF,FF
82946,9166,0x18FEF100,1,8,3F,00,00,FF,FF,FF,FF,FF
82946,9167,0x18F00500,1,8,FF,FF,FF,FF,20,2D,FF,FF
82947,9168,0x18F00600,1,8,FF,FF,FF,FF,FF,FF,FF,FF
82947,9169,0x18FEF200,1,8,1E,00,00,00,00,00,00,FF
82970,9170,0xCF00400,1,8,FF,FF,FF,20,4D,FF,FF,FF
82971,9171,0xCFF6600,1,8,A4,09,FF,FF,FF,FF,FF,FF
82972,9172,0x1CFDDF00,1,8,FE,FF,FF,FF,FF,FF,FF,FF
82973,9173,0x1CFF6A00,1,8,FC,FF,FF,FF,FF,FF,FF,FF
82975,9174,0xCF00400,1,8,FF,FF,FF,4C,4D,FF,FF,FF
82976,9175,0xCFF6600,1,8,A9,09,FF,FF,FF,FF,FF,FF
82995,9176,0xCF00400,1,8,FF,FF,FF,F2,4D,FF,FF,FF
82996,9177,0xCFF6600,1,8,BE,09,FF,FF,FF,FF,FF,FF
83005,9178,0x18FDE500,1,8,0A,14,1E,28,32,3C,46,13
83006,9179,0x18FEEE00,1,8,64,FF,FF,FF,FF,FF,FF,FF
83015,9180,0xCF00400,1,8,FF,FF,FF,F0,4D,FF,FF,FF
83016,9181,0xCFF6600,1,8,BE,09,FF,FF,FF,FF,FF,FF
83025,9182,0x1CECFF00,1,8,20,0A,00,02,FF,CA,FE,00
83035,9183,0xCF00400,1,8,FF,FF,FF,68,4D,FF,FF,FF
83036,9184,0xCFF6600,1,8,AD,09,FF,FF,FF,FF,FF,FF
83046,9185,0x10FF6500,1,8,FC,FF,FF,FF,FF,FF,FF,FF
83047,9186,0x18F00500,1,8,FF,FF,FF,FF,20,2D,FF,FF
83047,9187,0x18FEF100,1,8,3F,00,00,FF,FF,FF,FF,FF
83048,9188,0x18FEF200,1,8,1C,00,00,00,00,00,00,FF
83056,9189,0xCF00400,1,8,FF,FF,FF,68,4D,FF,FF,FF
83057,9190,0xCFF6600,1,8,AD,09,FF,FF,FF,FF,FF,FF
83075,9191,0xCF00400,1,8,FF,FF,FF,50,4D,FF,FF,FF
83097,9192,0xCF00400,1,8,FF,FF,FF,98,4D,FF,FF,FF
83098,9193,0xCFF6600,1,8,AA,09,FF,FF,FF,FF,FF,FF
83098,9194,0x1CEBFF00,1,8,01,40,FF,0F,F0,E5,01,02
83115,9195,0xCF00400,1,8,FF,FF,FF,E6,4D,FF,FF,FF
83116,9196,0xCFF6600,1,8,BC,09,FF,FF,FF,FF,FF,FF
83125,9197,0x1CEBFF00,1,8,02,F0,E3,01,FF,FF,FF,FF
83135,9198,0xCF00400,1,8,FF,FF,FF,2E,4E,FF,FF,FF
83135,9199,0xCFF6600,1,8,C5,09,FF,FF,FF,FF,FF,FF
83146,9200,0x18F00500,1,8,FF,FF,FF,FF,20,2D,FF,FF
83147,9201,0x18FEF100,1,8,3F,00,00,FF,FF,FF,FF,FF
83147,9202,0x18FEF200,1,8,1C,00,00,00,00,00,00,FF
83155,9203,0xCF00400,1,8,FF,FF,FF,E8,4D,FF,FF,FF
83155,9204,0xCFF6600,1,8,BD,09,FF,FF,FF,FF,FF,FF
83175,9205,0xCF00400,1,8,FF,FF,FF,E8,4D,FF,FF,FF
83176,9206,0xCFF6600,1,8,BD,09,FF,FF,FF,FF,FF,FF
83196,9207,0xCF00400,1,8,FF,FF,FF,2C,4D,FF,FF,FF
83197,9208,0xCFF6600,1,8,A5,09,FF,FF,FF,FF,FF,FF
83215,9209,0xCF00400,1,8,FF,FF,FF,C2,4C,FF,FF,FF
83215,9210,0xCFF6600,1,8,98,09,FF,FF,FF,FF,FF,FF
83235,9211,0xCF00400,1,8,FF,FF,FF,A8,4C,FF,FF,FF
83235,9212,0xCFF6600,1,8,95,09,FF,FF,FF,FF,FF,FF
83246,9213,0x18FEF100,1,8,3F,00,00,FF,FF,FF,FF,FF
83246,9214,0x10FF6500,1,8,FC,FF,FF,FF,FF,FF,FF,FF
83247,9215,0x18F00500,1,8,FF,FF,FF,FF,20,2D,FF,FF
83247,9216,0x18FEF200,1,8,1C,00,00,00,00,00,00,FF
83257,9217,0xCF00400,1,8,FF,FF,FF,84,4C,FF,FF,FF
83258,9218,0xCFF6600,1,8,90,09,FF,FF,FF,FF,FF,FF
83276,9219,0xCF00400,1,8,FF,FF,FF,56,4C,FF,FF,FF
83276,9220,0xCFF6600,1,8,8A,09,FF,FF,FF,FF,FF,FF
83295,9221,0xCF00400,1,8,FF,FF,FF,56,4C,FF,FF,FF
83296,9222,0xCFF6600,1,8,8A,09,FF,FF,FF,FF,FF,FF
83315,9223,0xCF00400,1,8,FF,FF,FF,56,4C,FF,FF,FF
83342,9224,0xCFF6600,1,8,8A,09,FF,FF,FF,FF,FF,FF
83342,9225,0x18EEFF00,1,8,08,CF,60,06,00,00,00,00
83345,9226,0x18FEF100,1,8,3F,00,00,FF,FF,FF,FF,FF
83346,9227,0x18F00500,1,8,FF,FF,FF,FF,20,2D,FF,FF
83347,9228,0x18FEF200,1,8,1C,00,00,00,00,00,00,FF
83355,9229,0xCF00400,1,8,FF,FF,FF,B4,4C,FF,FF,FF
83355,9230,0xCFF6600,1,8,96,09,FF,FF,FF,FF,FF,FF
83375,9231,0xCF00400,1,8,FF,FF,FF,D6,4C,FF,FF,FF
83376,9232,0xCFF6600,1,8,9A,09,FF,FF,FF,FF,FF,FF
83395,9233,0xCF00400,1,8,FF,FF,FF,D6,4C,FF,FF,FF
83396,9234,0xCFF6600,1,8,9A,09,FF,FF,FF,FF,FF,FF
83415,9235,0xCF00400,1,8,FF,FF,FF,E4,4C,FF,FF,FF
83416,9236,0xCFF6600,1,8,9C,09,FF,FF,FF,FF,FF,FF
83435,9237,0xCF00400,1,8,FF,FF,FF,E4,4C,FF,FF,FF
83435,9238,0xCFF6600,1,8,9C,09,FF,FF,FF,FF,FF,FF
83446,9239,0x18FEF100,1,8,3F,00,00,FF,FF,FF,FF,FF
83447,9240,0x10FF6500,1,8,FC,FF,FF,FF,FF,FF,FF,FF
83447,9241,0x18F00500,1,8,FF,FF,FF,FF,20,2D,FF,FF
83448,9242,0x18F00600,1,8,FF,FF,FF,FF,FF,FF,FF,FF
83449,9243,0x18FEF200,1,8,1C,00,00,00,00,00,00,FF
83449,9244,0x1CFDDF00,1,8,FE,FF,FF,FF,FF,FF,FF,FF
83450,9245,0x1CFF6A00,1,8,FC,FF,FF,FF,FF,FF,FF,FF
83455,9246,0xCF00400,1,8,FF,FF,FF,14,4D,FF,FF,FF
83455,9247,0xCFF6600,1,8,A2,09,FF,FF,FF,FF,FF,FF
83475,9248,0xCF00400,1,8,FF,FF,FF,6A,4D,FF,FF,FF
83476,9249,0xCFF6600,1,8,AD,09,FF,FF,FF,FF,FF,FF
83496,9250,0xCF00400,1,8,FF,FF,FF,48,4D,FF,FF,FF
83497,9251,0xCFF6600,1,8,A9,09,FF,FF,FF,FF,FF,FF
83515,9252,0xCF00400,1,8,FF,FF,FF,48,4D,FF,FF,FF
83515,9253,0xCFF6600,1,8,A9,09,FF,FF,FF,FF,FF,FF
83536,9254,0xCF00400,1,8,FF,FF,FF,C2,4C,FF,FF,FF
83536,9255,0xCFF6600,1,8,98,09,FF,FF,FF,FF,FF,FF
83549,9256,0x18F00500,1,8,FF,FF,FF,FF,20,2D,FF,FF
83550,9257,0x18FEF100,1,8,3F,00,00,FF,FF,FF,FF,FF
83551,9258,0x18FEF200,1,8,1C,00,00,00,00,00,00,FF
83555,9259,0xCF00400,1,8,FF,FF,FF,CA,4C,FF,FF,FF
83556,9260,0xCFF6600,1,8,99,09,FF,FF,FF,FF,FF,FF
83575,9261,0xCF00400,1,8,FF,FF,FF,46,4D,FF,FF,FF
83576,9262,0xCFF6600,1,8,A8,09,FF,FF,FF,FF,FF,FF
83595,9263,0xCF00400,1,8,FF,FF,FF,92,4D,FF,FF,FF
83596,9264,0xCFF6600,1,8,B2,09,FF,FF,FF,FF,FF,FF
83615,9265,0xCF00400,1,8,FF,FF,FF,BA,4D,FF,FF,FF
83616,9266,0xCFF6600,1,8,B7,09,FF,FF,FF,FF,FF,FF
83636,9267,0xCF00400,1,8,FF,FF,FF,BA,4D,FF,FF,FF
83637,9268,0xCFF6600,1,8,B7,09,FF,FF,FF,FF,FF,FF
83646,9269,0x18FEF100,1,8,3F,00,00,FF,FF,FF,FF,FF
83646,9270,0x10FF6500,1,8,FC,FF,FF,FF,FF,FF,FF,FF
83647,9271,0x18F00500,1,8,FF,FF,FF,FF,20,2D,FF,FF
83648,9272,0x18FEF200,1,8,1C,00,00,00,00,00,00,FF
83655,9273,0xCF00400,1,8,FF,FF,FF,C8,4D,FF,FF,FF
83655,9274,0xCFF6600,1,8,B9,09,FF,FF,FF,FF,FF,FF
83675,9275,0xCF00400,1,8,FF,FF,FF,C0,4D,FF,FF,FF
83675,9276,0xCFF6600,1,8,B8,09,FF,FF,FF,FF,FF,FF
83695,9277,0xCF00400,1,8,FF,FF,FF,60,4D,FF,FF,FF
83716,9278,0xCF00400,1,8,FF,FF,FF,B6,4C,FF,FF,FF
83717,9279,0xCFF6600,1,8,AC,09,FF,FF,FF,FF,FF,FF
83735,9280,0xCF00400,1,8,FF,FF,FF,B6,4C,FF,FF,FF
83736,9281,0xCFF6600,1,8,96,09,FF,FF,FF,FF,FF,FF
83746,9282,0x18F00500,1,8,FF,FF,FF,FF,20,2D,FF,FF
83747,9283,0x18FEF100,1,8,3F,00,00,FF,FF,FF,FF,FF
83747,9284,0x18FEF200,1,8,1C,00,00,00,00,00,00,FF
83755,9285,0xCF00400,1,8,FF,FF,FF,4C,4C,FF,FF,FF
83756,9286,0xCFF6600,1,8,89,09,FF,FF,FF,FF,FF,FF
83775,9287,0xCF00400,1,8,FF,FF,FF,1E,4C,FF,FF,FF
83776,9288,0xCFF6600,1,8,83,09,FF,FF,FF,FF,FF,FF
83795,9289,0xCF00400,1,8,FF,FF,FF,9E,4B,FF,FF,FF
83796,9290,0xCFF6600,1,8,73,09,FF,FF,FF,FF,FF,FF
83815,9291,0xCF00400,1,8,FF,FF,FF,D2,4A,FF,FF,FF
83816,9292,0xCFF6600,1,8,5A,09,FF,FF,FF,FF,FF,FF
83835,9293,0xCF00400,1,8,FF,FF,FF,D2,4A,FF,FF,FF
83836,9294,0xCFF6600,1,8,5A,09,FF,FF,FF,FF,FF,FF
83847,9295,0x10FF6500,1,8,FC,FF,FF,FF,FF,FF,FF,FF
83848,9296,0x18F00500,1,8,FF,FF,FF,FF,20,2D,FF,FF
83849,9297,0x18FEF100,1,8,3F,00,00,FF,FF,FF,FF,FF
83849,9298,0x18FEF200,1,8,1C,00,00,00,00,00,00,FF
83855,9299,0xCF00400,1,8,FF,FF,FF,80,4A,FF,FF,FF
83855,9300,0xCFF6600,1,8,50,09,FF,FF,FF,FF,FF,FF
83875,9301,0xCF00400,1,8,FF,FF,FF,AC,4A,FF,FF,FF
83876,9302,0xCFF6600,1,8,55,09,FF,FF,FF,FF,FF,FF
83895,9303,0xCF00400,1,8,FF,FF,FF,E4,4A,FF,FF,FF
83895,9304,0xCFF6600,1,8,5C,09,FF,FF,FF,FF,FF,FF
83915,9305,0xCF00400,1,8,FF,FF,FF,20,4B,FF,FF,FF
83916,9306,0xCFF6600,1,8,64,09,FF,FF,FF,FF,FF,FF
83935,9307,0xCF00400,1,8,FF,FF,FF,20,4B,FF,FF,FF
83936,9308,0xCFF6600,1,8,64,09,FF,FF,FF,FF,FF,FF
83948,9309,0x18F00500,1,8,FF,FF,FF,FF,20,2D,FF,FF
83948,9310,0x18F00600,1,8,FF,FF,FF,FF,FF,FF,FF,FF
83949,9311,0x18FEF100,1,8,3F,00,00,FF,FF,FF,FF,FF
83949,9312,0x18FEF200,1,8,1C,00,00,00,00,00,00,FF
83950,9313,0x1CFDDF00,1,8,FE,FF,FF,FF,FF,FF,FF,FF
83951,9314,0x1CFF6A00,1,8,FC,FF,FF,FF,FF,FF,FF,FF
83955,9315,0xCF00400,1,8,FF,FF,FF,02,4B,FF,FF,FF
83955,9316,0xCFF6600,1,8,60,09,FF,FF,FF,FF,FF,FF
83975,9317,0xCF00400,1,8,FF,FF,FF,98,4A,FF,FF,FF
83976,9318,0xCFF6600,1,8,53,09,FF,FF,FF,FF,FF,FF
83995,9319,0xCF00400,1,8,FF,FF,FF,52,4A,FF,FF,FF
83996,9320,0xCFF6600,1,8,4A,09,FF,FF,FF,FF,FF,FF
84004,9321,0x18FEEE00,1,8,64,FF,FF,FF,FF,FF,FF,FF
84005,9322,0x18FDE500,1,8,0A,14,1E,28,32,3C,46,13
84015,9323,0xCF00400,1,8,FF,FF,FF,2E,4A,FF,FF,FF
84035,9324,0xCF00400,1,8,FF,FF,FF,2E,4A,FF,FF,FF
84036,9325,0xCFF6600,1,8,45,09,FF,FF,FF,FF,FF,FF
84037,9326,0x1CECFF00,1,8,20,0A,00,02,FF,CA,FE,00
84046,9327,0x10FF6500,1,8,FC,FF,FF,FF,FF,FF,FF,FF
84046,9328,0x18F00500,1,8,FF,FF,FF,FF,20,2D,FF,FF
84047,9329,0x18FEF100,1,8,3F,00,00,FF,FF,FF,FF,FF
84048,9330,0x18FEF200,1,8,1A,00,00,00,00,00,00,FF
84055,9331,0xCF00400,1,8,FF,FF,FF,DA,49,FF,FF,FF
84056,9332,0xCFF6600,1,8,3B,09,FF,FF,FF,FF,FF,FF
84075,9333,0xCF00400,1,8,FF,FF,FF,56,49,FF,FF,FF
84076,9334,0xCFF6600,1,8,2A,09,FF,FF,FF,FF,FF,FF
84076,9335,0x1CEBFF00,1,8,01,40,FF,0F,F0,E5,01,02
84095,9336,0xCF00400,1,8,FF,FF,FF,4E,49,FF,FF,FF
84095,9337,0xCFF6600,1,8,29,09,FF,FF,FF,FF,FF,FF
84115,9338,0xCF00400,1,8,FF,FF,FF,B2,49,FF,FF,FF
84116,9339,0xCFF6600,1,8,36,09,FF,FF,FF,FF,FF,FF
84124,9340,0x1CEBFF00,1,8,02,F0,E3,01,FF,FF,FF,FF
84135,9341,0xCF00400,1,8,FF,FF,FF,B2,49,FF,FF,FF
84135,9342,0xCFF6600,1,8,36,09,FF,FF,FF,FF,FF,FF
84145,9343,0x18FEF100,1,8,3F,00,00,FF,FF,FF,FF,FF
84146,9344,0x18F00500,1,8,FF,FF,FF,FF,20,2D,FF,FF
84147,9345,0x18FEF200,1,8,1A,00,00,00,00,00,00,FF
84155,9346,0xCF00400,1,8,FF,FF,FF,F2,49,FF,FF,FF
84176,9347,0xCF00400,1,8,FF,FF,FF,1A,4A,FF,FF,FF
84176,9348,0xCFF6600,1,8,3E,09,FF,FF,FF,FF,FF,FF
84195,9349,0xCF00400,1,8,FF,FF,FF,BE,49,FF,FF,FF
84195,9350,0xCFF6600,1,8,37,09,FF,FF,FF,FF,FF,FF
84215,9351,0xCF00400,1,8,FF,FF,FF,BE,49,FF,FF,FF
84215,9352,0xCFF6600,1,8,37,09,FF,FF,FF,FF,FF,FF
84235,9353,0xCF00400,1,8,FF,FF,FF,F0,48,FF,FF,FF
84235,9354,0xCFF6600,1,8,1E,09,FF,FF,FF,FF,FF,FF
84246,9355,0x18F00500,1,8,FF,FF,FF,FF,20,2D,FF,FF
84246,9356,0x10FF6500,1,8,FC,FF,FF,FF,FF,FF,FF,FF
84247,9357,0x18FEF100,1,8,3F,00,00,FF,FF,FF,FF,FF
84248,9358,0x18FEF200,1,8,1A,00,00,00,00,00,00,FF
84255,9359,0xCF00400,1,8,FF,FF,FF,F2,48,FF,FF,FF
84256,9360,0xCFF6600,1,8,1E,09,FF,FF,FF,FF,FF,FF
84275,9361,0xCF00400,1,8,FF,FF,FF,A4,49,FF,FF,FF
84275,9362,0xCFF6600,1,8,34,09,FF,FF,FF,FF,FF,FF
84295,9363,0xCF00400,1,8,FF,FF,FF,04,4A,FF,FF,FF
84295,9364,0xCFF6600,1,8,40,09,FF,FF,FF,FF,FF,FF
84315,9365,0xCF00400,1,8,FF,FF,FF,04,4A,FF,FF,FF
84315,9366,0xCFF6600,1,8,40,09,FF,FF,FF,FF,FF,FF
84335,9367,0xCF00400,1,8,FF,FF,FF,1E,4A,FF,FF,FF
84356,9368,0xCF00400,1,8,FF,FF,FF,34,4A,FF,FF,FF
84356,9369,0xCFF6600,1,8,43,09,FF,FF,FF,FF,FF,FF
84357,9370,0x18F00500,1,8,FF,FF,FF,FF,20,2D,FF,FF
84357,9371,0x18FEF100,1,8,3F,00,00,FF,FF,FF,FF,FF
84358,9372,0x18FEF200,1,8,1A,00,00,00,00,00,00,FF
84375,9373,0xCF00400,1,8,FF,FF,FF,4A,4A,FF,FF,FF
84376,9374,0xCFF6600,1,8,49,09,FF,FF,FF,FF,FF,FF
84377,9375,0xCFF6600,1,8,49,09,FF,FF,FF,FF,FF,FF
84395,9376,0xCF00400,1,8,FF,FF,FF,40,4A,FF,FF,FF
84396,9377,0xCFF6600,1,8,48,09,FF,FF,FF,FF,FF,FF
84415,9378,0xCF00400,1,8,FF,FF,FF,40,4A,FF,FF,FF
84415,9379,0xCFF6600,1,8,48,09,FF,FF,FF,FF,FF,FF
84435,9380,0xCF00400,1,8,FF,FF,FF,1A,4A,FF,FF,FF
84436,9381,0xCFF6600,1,8,43,09,FF,FF,FF,FF,FF,FF
84446,9382,0x18FEF100,1,8,3F,00,00,FF,FF,FF,FF,FF
84447,9383,0x10FF6500,1,8,FC,FF,FF,FF,FF,FF,FF,FF
84447,9384,0x18F00500,1,8,FF,FF,FF,FF,20,2D,FF,FF
84448,9385,0x18F00600,1,8,FF,FF,FF,FF,FF,FF,FF,FF
84449,9386,0x18FEF200,1,8,1A,00,00,00,00,00,00,FF
84449,9387,0x1CFDDF00,1,8,FE,FF,FF,FF,FF,FF,FF,FF
84451,9388,0x1CFF6A00,1,8,FC,FF,FF,FF,FF,FF,FF,FF
84455,9389,0xCF00400,1,8,FF,FF,FF,F2,49,FF,FF,FF
84455,9390,0xCFF6600,1,8,3E,09,FF,FF,FF,FF,FF,FF
84475,9391,0xCF00400,1,8,FF,FF,FF,CA,49,FF,FF,FF
84475,9392,0xCFF6600,1,8,39,09,FF,FF,FF,FF,FF,FF
84495,9393,0xCF00400,1,8,FF,FF,FF,CA,49,FF,FF,FF
84495,9394,0xCFF6600,1,8,39,09,FF,FF,FF,FF,FF,FF
84515,9395,0xCF00400,1,8,FF,FF,FF,16,49,FF,FF,FF
84515,9396,0xCFF6600,1,8,22,09,FF,FF,FF,FF,FF,FF
84535,9397,0xCF00400,1,8,FF,FF,FF,D2,47,FF,FF,FF
84535,9398,0xCFF6600,1,8,FA,08,FF,FF,FF,FF,FF,FF
84546,9399,0x18FEF100,1,8,3F,00,00,FF,FF,FF,FF,FF
84546,9400,0x18F00500,1,8,FF,FF,FF,FF,20,2D,FF,FF
84568,9401,0xCF00400,1,8,FF,FF,FF,5A,47,FF,FF,FF
84568,9402,0xCFF6600,1,8,EB,08,FF,FF,FF,FF,FF,FF
84569,9403,0x18FEF200,1,8,1A,00,00,00,00,00,00,FF
84575,9404,0xCF00400,1,8,FF,FF,FF,A0,47,FF,FF,FF
84576,9405,0xCFF6600,1,8,F4,08,FF,FF,FF,FF,FF,FF
84595,9406,0xCF00400,1,8,FF,FF,FF,A0,47,FF,FF,FF
84596,9407,0xCFF6600,1,8,F4,08,FF,FF,FF,FF,FF,FF
84615,9408,0xCF00400,1,8,FF,FF,FF,B0,47,FF,FF,FF
84616,9409,0xCFF6600,1,8,F6,08,FF,FF,FF,FF,FF,FF
84635,9410,0xCF00400,1,8,FF,FF,FF,90,47,FF,FF,FF
84635,9411,0xCFF6600,1,8,F2,08,FF,FF,FF,FF,FF,FF
84646,9412,0x18FEF100,1,8,3F,00,00,FF,FF,FF,FF,FF
84646,9413,0x10FF6500,1,8,FC,FF,FF,FF,FF,FF,FF,FF
84647,9414,0x18F00500,1,8,FF,FF,FF,FF,20,2D,FF,FF
84648,9415,0x18FEF200,1,8,1A,00,00,00,00,00,00,FF
84655,9416,0xCF00400,1,8,FF,FF,FF,66,47,FF,FF,FF
84655,9417,0xCFF6600,1,8,EC,08,FF,FF,FF,FF,FF,FF
84689,9418,0xCF00400,1,8,FF,FF,FF,66,47,FF,FF,FF
84689,9419,0xCFF6600,1,8,EC,08,FF,FF,FF,FF,FF,FF
84694,9420,0x18EEFF00,1,8,08,CF,60,06,00,00,00,00
84695,9421,0xCF00400,1,8,FF,FF,FF,34,47,FF,FF,FF
84696,9422,0xCFF6600,1,8,E6,08,FF,FF,FF,FF,FF,FF
84715,9423,0xCF00400,1,8,FF,FF,FF,76,47,FF,FF,FF
84715,9424,0xCFF6600,1,8,EE,08,FF,FF,FF,FF,FF,FF
84735,9425,0xCF00400,1,8,FF,FF,FF,16,48,FF,FF,FF
84735,9426,0xCFF6600,1,8,02,09,FF,FF,FF,FF,FF,FF
84746,9427,0x18FEF100,1,8,3F,00,00,FF,FF,FF,FF,FF
84746,9428,0x18F00500,1,8,FF,FF,FF,FF,20,2D,FF,FF
84747,9429,0x18FEF200,1,8,1A,00,00,00,00,00,00,FF
84755,9430,0xCF00400,1,8,FF,FF,FF,16,48,FF,FF,FF
84756,9431,0xCFF6600,1,8,02,09,FF,FF,FF,FF,FF,FF
84775,9432,0xCF00400,1,8,FF,FF,FF,96,48,FF,FF,FF
84775,9433,0xCFF6600,1,8,12,09,FF,FF,FF,FF,FF,FF
84796,9434,0xCF00400,1,8,FF,FF,FF,00,49,FF,FF,FF
84797,9435,0xCFF6600,1,8,20,09,FF,FF,FF,FF,FF,FF
84815,9436,0xCF00400,1,8,FF,FF,FF,7C,49,FF,FF,FF
84816,9437,0xCFF6600,1,8,2F,09,FF,FF,FF,FF,FF,FF
84835,9438,0xCF00400,1,8,FF,FF,FF,0A,4A,FF,FF,FF
84835,9439,0xCFF6600,1,8,41,09,FF,FF,FF,FF,FF,FF
84846,9440,0x18FEF100,1,8,3F,00,00,FF,FF,FF,FF,FF
84846,9441,0x10FF6500,1,8,FC,FF,FF,FF,FF,FF,FF,FF
84847,9442,0x18F00500,1,8,FF,FF,FF,FF,20,2D,FF,FF
84847,9443,0x18FEF200,1,8,1A,00,00,00,00,00,00,FF
84857,9444,0xCF00400,1,8,FF,FF,FF,0A,4A,FF,FF,FF
84858,9445,0xCFF6600,1,8,41,09,FF,FF,FF,FF,FF,FF
84875,9446,0xCF00400,1,8,FF,FF,FF,2A,4A,FF,FF,FF
84875,9447,0xCFF6600,1,8,45,09,FF,FF,FF,FF,FF,FF
84895,9448,0xCF00400,1,8,FF,FF,FF,EC,49,FF,FF,FF
84896,9449,0xCFF6600,1,8,3D,09,FF,FF,FF,FF,FF,FF
84915,9450,0xCF00400,1,8,FF,FF,FF,0E,4A,FF,FF,FF
84919,9451,0xCFF6600,1,8,41,09,FF,FF,FF,FF,FF,FF
84936,9452,0xCF00400,1,8,FF,FF,FF,84,4A,FF,FF,FF
84936,9453,0xCFF6600,1,8,50,09,FF,FF,FF,FF,FF,FF
84946,9454,0x18F00500,1,8,FF,FF,FF,FF,20,2D,FF,FF
84946,9455,0x18F00600,1,8,FF,FF,FF,FF,FF,FF,FF,FF
84947,9456,0x18FEF100,1,8,3F,00,00,FF,FF,FF,FF,FF
84948,9457,0x18FEF200,1,8,1A,00,00,00,00,00,00,FF
84949,9458,0x1CFDDF00,1,8,FE,FF,FF,FF,FF,FF,FF,FF
84949,9459,0x1CFF6A00,1,8,FC,FF,FF,FF,FF,FF,FF,FF
84955,9460,0xCF00400,1,8,FF,FF,FF,84,4A,FF,FF,FF
84955,9461,0xCFF6600,1,8,50,09,FF,FF,FF,FF,FF,FF
84975,9462,0xCF00400,1,8,FF,FF,FF,C4,4A,FF,FF,FF
84975,9463,0xCFF6600,1,8,58,09,FF,FF,FF,FF,FF,FF
84996,9464,0xCF00400,1,8,FF,FF,FF,D2,4A,FF,FF,FF
84997,9465,0xCFF6600,1,8,5A,09,FF,FF,FF,FF,FF,FF
85004,9466,0x18FDE500,1,8,0A,14,1E,28,32,3C,46,13
85005,9467,0x18FEEE00,1,8,64,FF,FF,FF,FF,FF,FF,FF
85015,9468,0xCF00400,1,8,FF,FF,FF,CA,4A,FF,FF,FF
85016,9469,0xCFF6600,1,8,59,09,FF,FF,FF,FF,FF,FF
85024,9470,0x1CECFF00,1,8,20,0A,00,02,FF,CA,FE,00
85036,9471,0xCF00400,1,8,FF,FF,FF,B2,4A,FF,FF,FF
85036,9472,0xCFF6600,1,8,56,09,FF,FF,FF,FF,FF,FF
85048,9473,0x10FF6500,1,8,FC,FF,FF,FF,FF,FF,FF,FF
85048,9474,0x18F00500,1,8,FF,FF,FF,FF,20,2D,FF,FF
85049,9475,0x18FEF100,1,8,3F,00,00,FF,FF,FF,FF,FF
85049,9476,0x18FEF200,1,8,1A,00,00,00,00,00,00,FF
85055,9477,0xCF00400,1,8,FF,FF,FF,B2,4A,FF,FF,FF
85057,9478,0xCFF6600,1,8,56,09,FF,FF,FF,FF,FF,FF
85075,9479,0xCF00400,1,8,FF,FF,FF,1A,4B,FF,FF,FF
85076,9480,0xCFF6600,1,8,63,09,FF,FF,FF,FF,FF,FF
85076,9481,0x1CEBFF00,1,8,01,40,FF,0F,F0,E5,01,02
85095,9482,0xCF00400,1,8,FF,FF,FF,E8,4B,FF,FF,FF
85095,9483,0xCFF6600,1,8,7D,09,FF,FF,FF,FF,FF,FF
85115,9484,0xCF00400,1,8,FF,FF,FF,94,4C,FF,FF,FF
85115,9485,0xCFF6600,1,8,92,09,FF,FF,FF,FF,FF,FF
85125,9486,0x1CEBFF00,1,8,02,F0,E3,01,FF,FF,FF,FF
85136,9487,0xCF00400,1,8,FF,FF,FF,24,4D,FF,FF,FF
85137,9488,0xCFF6600,1,8,A4,09,FF,FF,FF,FF,FF,FF
85146,9489,0x18F00500,1,8,FF,FF,FF,FF,20,2D,FF,FF
85147,9490,0x18FEF100,1,8,3F,00,00,FF,FF,FF,FF,FF
85147,9491,0x18FEF200,1,8,1A,00,00,00,00,00,00,FF
85157,9492,0xCF00400,1,8,FF,FF,FF,24,4D,FF,FF,FF
85157,9493,0xCFF6600,1,8,A4,09,FF,FF,FF,FF,FF,FF
85176,9494,0xCF00400,1,8,FF,FF,FF,78,4D,FF,FF,FF
85177,9495,0xCFF6600,1,8,AF,09,FF,FF,FF,FF,FF,FF
85195,9496,0xCF00400,1,8,FF,FF,FF,98,4D,FF,FF,FF
85195,9497,0xCFF6600,1,8,B3,09,FF,FF,FF,FF,FF,FF
85215,9498,0xCF00400,1,8,FF,FF,FF,B2,4D,FF,FF,FF
85216,9499,0xCFF6600,1,8,B6,09,FF,FF,FF,FF,FF,FF
85235,9500,0xCF00400,1,8,FF,FF,FF,CE,4D,FF,FF,FF
85256,9501,0xCF00400,1,8,FF,FF,FF,C6,4D,FF,FF,FF
85257,9502,0xCFF6600,1,8,B9,09,FF,FF,FF,FF,FF,FF
85271,9503,0x10FF6500,1,8,FC,FF,FF,FF,FF,FF,FF,FF
85271,9504,0x18F00500,1,8,FF,FF,FF,FF,20,2D,FF,FF
85272,9505,0x18FEF100,1,8,3F,00,00,FF,FF,FF,FF,FF
85272,9506,0x18FEF200,1,8,1A,00,00,00,00,00,00,FF
85274,9507,0x18EEFF00,1,8,08,CF,60,06,00,00,00,00
85275,9508,0xCF00400,1,8,FF,FF,FF,C6,4D,FF,FF,FF
85275,9509,0xCFF6600,1,8,B8,09,FF,FF,FF,FF,FF,FF
85295,9510,0xCF00400,1,8,FF,FF,FF,9C,4D,FF,FF,FF
85295,9511,0xCFF6600,1,8,B3,09,FF,FF,FF,FF,FF,FF
85315,9512,0xCF00400,1,8,FF,FF,FF,82,4D,FF,FF,FF
85315,9513,0xCFF6600,1,8,B0,09,FF,FF,FF,FF,FF,FF
85335,9514,0xCF00400,1,8,FF,FF,FF,82,4D,FF,FF,FF
85335,9515,0xCFF6600,1,8,B0,09,FF,FF,FF,FF,FF,FF
85346,9516,0x18F00500,1,8,FF,FF,FF,FF,20,2D,FF,FF
85347,9517,0x18FEF100,1,8,3F,00,00,FF,FF,FF,FF,FF
85347,9518,0x18FEF200,1,8,1A,00,00,00,00,00,04,FF
85355,9519,0xCF00400,1,8,FF,FF,FF,00,4E,FF,FF,FF
85355,9520,0xCFF6600,1,8,C0,09,FF,FF,FF,FF,FF,FF
85375,9521,0xCF00400,1,8,FF,FF,FF,EC,4E,FF,FF,FF
85375,9522,0xCFF6600,1,8,DD,09,FF,FF,FF,FF,FF,FF
85395,9523,0xCF00400,1,8,FF,FF,FF,EC,4E,FF,FF,FF
85395,9524,0xCFF6600,1,8,DD,09,FF,FF,FF,FF,FF,FF
85415,9525,0xCF00400,1,8,FF,FF,FF,38,4F,FF,FF,FF
85415,9526,0xCFF6600,1,8,E7,09,FF,FF,FF,FF,FF,FF
85435,9527,0xCF00400,1,8,FF,FF,FF,0E,4F,FF,FF,FF
85435,9528,0xCFF6600,1,8,E1,09,FF,FF,FF,FF,FF,FF
85447,9529,0x10FF6500,1,8,FC,FF,FF,FF,FF,FF,FF,FF
85447,9530,0x18F00500,1,8,FF,FF,FF,FF,20,2D,FF,FF
85448,9531,0x18F00600,1,8,FF,FF,FF,FF,FF,FF,FF,FF
85449,9532,0x18FEF100,1,8,3F,00,00,FF,FF,FF,FF,FF
85449,9533,0x18FEF200,1,8,1A,00,00,00,00,00,0A,FF
85450,9534,0x1CFDDF00,1,8,FE,FF,FF,FF,FF,FF,FF,FF
85451,9535,0x1CFF6A00,1,8,FC,FF,FF,FF,FF,FF,FF,FF
85455,9536,0xCF00400,1,8,FF,FF,FF,9C,4F,FF,FF,FF
85455,9537,0xCFF6600,1,8,F3,09,FF,FF,FF,FF,FF,FF
85475,9538,0xCF00400,1,8,FF,FF,FF,CC,50,FF,FF,FF
85475,9539,0xCFF6600,1,8,19,0A,FF,FF,FF,FF,FF,FF
85495,9540,0xCF00400,1,8,FF,FF,FF,EA,51,FF,FF,FF
85515,9541,0xCF00400,1,8,FF,FF,FF,08,53,FF,FF,FF
85516,9542,0xCFF6600,1,8,3D,0A,FF,FF,FF,FF,FF,FF
85535,9543,0xCF00400,1,8,FF,FF,FF,1C,54,FF,FF,FF
85536,9544,0xCFF6600,1,8,83,0A,FF,FF,FF,FF,FF,FF
85546,9545,0x18FEF100,1,8,3F,00,00,FF,FF,FF,FF,FF
85547,9546,0x18F00500,1,8,FF,FF,FF,FF,20,2D,FF,FF
85547,9547,0x18FEF200,1,8,1A,00,00,00,00,00,13,FF
85555,9548,0xCF00400,1,8,FF,FF,FF,1C,54,FF,FF,FF
85556,9549,0xCFF6600,1,8,83,0A,FF,FF,FF,FF,FF,FF
85575,9550,0xCF00400,1,8,FF,FF,FF,3E,55,FF,FF,FF
85577,9551,0xCFF6600,1,8,A7,0A,FF,FF,FF,FF,FF,FF
85595,9552,0xCF00400,1,8,FF,FF,FF,80,56,FF,FF,FF
85595,9553,0xCFF6600,1,8,D0,0A,FF,FF,FF,FF,FF,FF
85615,9554,0xCF00400,1,8,FF,FF,FF,D8,57,FF,FF,FF
85615,9555,0xCFF6600,1,8,FB,0A,FF,FF,FF,FF,FF,FF
85636,9556,0xCF00400,1,8,FF,FF,FF,48,59,FF,FF,FF
85637,9557,0xCFF6600,1,8,29,0B,FF,FF,FF,FF,FF,FF
85646,9558,0x18FEF100,1,8,3F,00,00,FF,FF,FF,FF,FF
85646,9559,0x10FF6500,1,8,FC,FF,FF,FF,FF,FF,FF,FF
85647,9560,0x18F00500,1,8,FF,FF,FF,FF,20,2D,FF,FF
85648,9561,0x18FEF200,1,8,1A,00,00,00,00,00,11,FF
85655,9562,0xCF00400,1,8,FF,FF,FF,C2,5A,FF,FF,FF
85656,9563,0xCFF6600,1,8,58,0B,FF,FF,FF,FF,FF,FF
85675,9564,0xCF00400,1,8,FF,FF,FF,68,5C,FF,FF,FF
85676,9565,0xCFF6600,1,8,8D,0B,FF,FF,FF,FF,FF,FF
85695,9566,0xCF00400,1,8,FF,FF,FF,1C,5E,FF,FF,FF
85696,9567,0xCFF6600,1,8,C3,0B,FF,FF,FF,FF,FF,FF
85715,9568,0xCF00400,1,8,FF,FF,FF,BC,5F,FF,FF,FF
85715,9569,0xCFF6600,1,8,F7,0B,FF,FF,FF,FF,FF,FF
85735,9570,0xCF00400,1,8,FF,FF,FF,34,61,FF,FF,FF
85735,9571,0xCFF6600,1,8,26,0C,FF,FF,FF,FF,FF,FF
85748,9572,0x18F00500,1,8,FF,FF,FF,FF,20,2D,FF,FF
85748,9573,0x18FEF100,1,8,3F,00,00,FF,FF,FF,FF,FF
85749,9574,0x18FEF200,1,8,1A,00,00,00,00,00,0B,FF
85755,9575,0xCF00400,1,8,FF,FF,FF,26,62,FF,FF,FF
85755,9576,0xCFF6600,1,8,44,0C,FF,FF,FF,FF,FF,FF
85775,9577,0xCF00400,1,8,FF,FF,FF,C0,62,FF,FF,FF
85775,9578,0xCFF6600,1,8,58,0C,FF,FF,FF,FF,FF,FF
85795,9579,0xCF00400,1,8,FF,FF,FF,F8,64,FF,FF,FF
85796,9580,0xCFF6600,1,8,9F,0C,FF,FF,FF,FF,FF,FF
85815,9581,0xCF00400,1,8,FF,FF,FF,10,66,FF,FF,FF
85815,9582,0xCFF6600,1,8,C2,0C,FF,FF,FF,FF,FF,FF
85835,9583,0xCF00400,1,8,FF,FF,FF,18,67,FF,FF,FF
85857,9584,0xCF00400,1,8,FF,FF,FF,B2,67,FF,FF,FF
85857,9585,0xCFF6600,1,8,E3,0C,FF,FF,FF,FF,FF,FF
85858,9586,0x10FF6500,1,8,FC,FF,FF,FF,FF,FF,FF,FF
85859,9587,0x18F00500,1,8,FF,FF,FF,FF,20,2D,FF,FF
85859,9588,0x18FEF100,1,8,3F,00,00,FF,FF,FF,FF,FF
85860,9589,0x18FEF200,1,8,1A,00,00,00,00,00,0A,FF
85875,9590,0xCF00400,1,8,FF,FF,FF,06,68,FF,FF,FF
85891,9591,0xCFF6600,1,8,00,0D,FF,FF,FF,FF,FF,FF
85894,9592,0x18EEFF00,1,8,08,CF,60,06,00,00,00,00
85895,9593,0xCF00400,1,8,FF,FF,FF,88,68,FF,FF,FF
85896,9594,0xCFF6600,1,8,11,0D,FF,FF,FF,FF,FF,FF
85915,9595,0xCF00400,1,8,FF,FF,FF,24,69,FF,FF,FF
85915,9596,0xCFF6600,1,8,24,0D,FF,FF,FF,FF,FF,FF
85935,9597,0xCF00400,1,8,FF,FF,FF,C8,69,FF,FF,FF
85935,9598,0xCFF6600,1,8,39,0D,FF,FF,FF,FF,FF,FF
85945,9599,0x18FEF100,1,8,3F,00,00,FF,FF,FF,FF,FF
85946,9600,0x18F00500,1,8,FF,FF,FF,FF,20,2D,FF,FF
85946,9601,0x18F00600,1,8,FF,FF,FF,FF,FF,FF,FF,FF
85947,9602,0x18FEF200,1,8,1A,00,00,00,00,00,0A,FF
85948,9603,0x1CFDDF00,1,8,FE,FF,FF,FF,FF,FF,FF,FF
85948,9604,0x1CFF6A00,1,8,FC,FF,FF,FF,FF,FF,FF,FF
85958,9605,0xCF00400,1,8,FF,FF,FF,18,6B,FF,FF,FF
85959,9606,0xCFF6600,1,8,63,0D,FF,FF,FF,FF,FF,FF
85976,9607,0xCF00400,1,8,FF,FF,FF,C2,6B,FF,FF,FF
85976,9608,0xCFF6600,1,8,78,0D,FF,FF,FF,FF,FF,FF
86014,9609,0xCF00400,1,8,FF,FF,FF,98,6C,FF,FF,FF
86015,9610,0xCFF6600,1,8,93,0D,FF,FF,FF,FF,FF,FF
86016,9611,0xCF00400,1,8,FF,FF,FF,94,6D,FF,FF,FF
86016,9612,0x18FDE500,1,8,0A,14,1E,28,32,3C,46,13
86017,9613,0x18FEEE00,1,8,64,FF,FF,FF,FF,FF,FF,FF
86024,9614,0x1CECFF00,1,8,20,0A,00,02,FF,CA,FE,00
86035,9615,0xCF00400,1,8,FF,FF,FF,64,6E,FF,FF,FF
86036,9616,0xCFF6600,1,8,CC,0D,FF,FF,FF,FF,FF,FF
86046,9617,0x18FEF100,1,8,3F,00,00,FF,FF,FF,FF,FF
86046,9618,0x10FF6500,1,8,FC,FF,FF,FF,FF,FF,FF,FF
86047,9619,0x18F00500,1,8,FF,FF,FF,FF,20,2D,FF,FF
86047,9620,0x18FEF200,1,8,22,00,00,00,00,00,0A,FF
86055,9621,0xCF00400,1,8,FF,FF,FF,1C,6F,FF,FF,FF
86055,9622,0xCFF6600,1,8,E3,0D,FF,FF,FF,FF,FF,FF
86075,9623,0xCF00400,1,8,FF,FF,FF,BC,6F,FF,FF,FF
86076,9624,0xCFF6600,1,8,F7,0D,FF,FF,FF,FF,FF,FF
86076,9625,0x1CEBFF00,1,8,01,40,FF,0F,F0,E5,01,02
86095,9626,0xCF00400,1,8,FF,FF,FF,14,70,FF,FF,FF
86096,9627,0xCFF6600,1,8,02,0E,FF,FF,FF,FF,FF,FF
86115,9628,0xCF00400,1,8,FF,FF,FF,76,70,FF,FF,FF
86115,9629,0xCFF6600,1,8,0E,0E,FF,FF,FF,FF,FF,FF
86126,9630,0x1CEBFF00,1,8,02,F0,E3,01,FF,FF,FF,FF
86135,9631,0xCF00400,1,8,FF,FF,FF,1A,71,FF,FF,FF
86135,9632,0xCFF6600,1,8,23,0E,FF,FF,FF,FF,FF,FF
86145,9633,0x18FEF100,1,8,3F,00,00,FF,FF,FF,FF,FF
86146,9634,0x18F00500,1,8,FF,FF,FF,FF,20,2D,FF,FF
86147,9635,0x18FEF200,1,8,22,00,00,00,00,00,0A,FF
86155,9636,0xCF00400,1,8,FF,FF,FF,E4,71,FF,FF,FF
86156,9637,0xCFF6600,1,8,3C,0E,FF,FF,FF,FF,FF,FF
86175,9638,0xCF00400,1,8,FF,FF,FF,02,74,FF,FF,FF
86176,9639,0xCFF6600,1,8,80,0E,FF,FF,FF,FF,FF,FF
86196,9640,0xCF00400,1,8,FF,FF,FF,A4,74,FF,FF,FF
86197,9641,0xCFF6600,1,8,94,0E,FF,FF,FF,FF,FF,FF
86215,9642,0xCF00400,1,8,FF,FF,FF,FE,74,FF,FF,FF
86215,9643,0xCFF6600,1,8,9F,0E,FF,FF,FF,FF,FF,FF
86248,9644,0xCF00400,1,8,FF,FF,FF,7A,75,FF,FF,FF
86249,9645,0xCFF6600,1,8,AF,0E,FF,FF,FF,FF,FF,FF
86256,9646,0x18EEFF00,1,8,08,CF,60,06,00,00,00,00
86275,9647,0xCF00400,1,8,FF,FF,FF,A2,77,FF,FF,FF
86275,9648,0xCFF6600,1,8,F4,0E,FF,FF,FF,FF,FF,FF
86295,9649,0xCF00400,1,8,FF,FF,FF,26,78,FF,FF,FF
86295,9650,0xCFF6600,1,8,04,0F,FF,FF,FF,FF,FF,FF
86316,9651,0xCF00400,1,8,FF,FF,FF,06,79,FF,FF,FF
86316,9652,0xCFF6600,1,8,20,0F,FF,FF,FF,FF,FF,FF
86335,9653,0xCF00400,1,8,FF,FF,FF,98,79,FF,FF,FF
86356,9654,0xCF00400,1,8,FF,FF,FF,EC,79,FF,FF,FF
86356,9655,0xCFF6600,1,8,33,0F,FF,FF,FF,FF,FF,FF
86357,9656,0x10FF6500,1,8,FC,FF,FF,FF,FF,FF,FF,FF
86358,9657,0x18F00500,1,8,FF,FF,FF,FF,20,2D,FF,FF
86358,9658,0x18FEF100,1,8,3F,00,00,FF,FF,FF,FF,FF
86359,9659,0x18FEF200,1,8,22,00,00,00,00,00,08,FF
86375,9660,0xCF00400,1,8,FF,FF,FF,1A,7A,FF,FF,FF
86375,9661,0xCFF6600,1,8,43,0F,FF,FF,FF,FF,FF,FF
86397,9662,0xCF00400,1,8,FF,FF,FF,2A,7B,FF,FF,FF
86398,9663,0xCFF6600,1,8,65,0F,FF,FF,FF,FF,FF,FF
86415,9664,0xCF00400,1,8,FF,FF,FF,CC,7B,FF,FF,FF
86416,9665,0xCFF6600,1,8,79,0F,FF,FF,FF,FF,FF,FF
86435,9666,0xCF00400,1,8,FF,FF,FF,70,7C,FF,FF,FF
86435,9667,0xCFF6600,1,8,8E,0F,FF,FF,FF,FF,FF,FF
86445,9668,0x18FEF100,1,8,3F,00,00,FF,FF,FF,FF,FF
86446,9669,0x18F00500,1,8,FF,FF,FF,FF,20,2D,FF,FF
86447,9670,0x18FEF200,1,8,22,00,00,00,00,00,07,FF
86456,9671,0xCF00400,1,8,FF,FF,FF,6A,7D,FF,FF,FF
86456,9672,0xCFF6600,1,8,AD,0F,FF,FF,FF,FF,FF,FF
86495,9673,0xCF00400,1,8,FF,FF,FF,B4,7D,FF,FF,FF
86495,9674,0xCFF6600,1,8,B6,0F,FF,FF,FF,FF,FF,FF
86515,9675,0xCF00400,1,8,FF,FF,FF,C4,7E,FF,FF,FF
86515,9676,0xCFF6600,1,8,D8,0F,FF,FF,FF,FF,FF,FF
86552,9677,0xCF00400,1,8,FF,FF,FF,A8,7E,FF,FF,FF
86553,9678,0xCFF6600,1,8,D5,0F,FF,FF,FF,FF,FF,FF
86554,9679,0x18EEFF00,1,8,08,CF,60,06,00,00,00,00
86555,9680,0xCF00400,1,8,FF,FF,FF,8E,7D,FF,FF,FF
86556,9681,0xCFF6600,1,8,B1,0F,FF,FF,FF,FF,FF,FF
86575,9682,0xCF00400,1,8,FF,FF,FF,E8,7C,FF,FF,FF
86575,9683,0xCFF6600,1,8,9D,0F,FF,FF,FF,FF,FF,FF
86595,9684,0xCF00400,1,8,FF,FF,FF,70,7C,FF,FF,FF
86615,9685,0xCFF6600,1,8,8E,0F,FF,FF,FF,FF,FF,FF
86616,9686,0xCF00400,1,8,FF,FF,FF,88,7B,FF,FF,FF
86635,9687,0xCF00400,1,8,FF,FF,FF,B8,7A,FF,FF,FF
86635,9688,0xCFF6600,1,8,57,0F,FF,FF,FF,FF,FF,FF
86647,9689,0x10FF6500,1,8,FC,FF,FF,FF,FF,FF,FF,FF
86647,9690,0x18F00500,1,8,FF,FF,FF,FF,20,2D,FF,FF
86648,9691,0x18F00600,1,8,FF,FF,FF,FF,FF,FF,FF,FF
86649,9692,0x18FEF100,1,8,3F,00,00,FF,FF,FF,FF,FF
86649,9693,0x18FEF200,1,8,22,00,00,00,00,00,01,FF
86650,9694,0x1CFDDF00,1,8,FE,FF,FF,FF,FF,FF,FF,FF
86650,9695,0x1CFF6A00,1,8,FC,FF,FF,FF,FF,FF,FF,FF
86655,9696,0xCF00400,1,8,FF,FF,FF,C8,79,FF,FF,FF
86655,9697,0xCFF6600,1,8,39,0F,FF,FF,FF,FF,FF,FF
86675,9698,0xCF00400,1,8,FF,FF,FF,B6,78,FF,FF,FF
86675,9699,0xCFF6600,1,8,16,0F,FF,FF,FF,FF,FF,FF
86695,9700,0xCF00400,1,8,FF,FF,FF,28,77,FF,FF,FF
86695,9701,0xCFF6600,1,8,E5,0E,FF,FF,FF,FF,FF,FF
86715,9702,0xCF00400,1,8,FF,FF,FF,98,76,FF,FF,FF
86716,9703,0xCFF6600,1,8,D3,0E,FF,FF,FF,FF,FF,FF
86735,9704,0xCF00400,1,8,FF,FF,FF,1A,76,FF,FF,FF
86735,9705,0xCFF6600,1,8,C3,0E,FF,FF,FF,FF,FF,FF
86745,9706,0x18FEF100,1,8,3F,00,00,FF,FF,FF,FF,FF
86746,9707,0x18F00500,1,8,FF,FF,FF,FF,20,2D,FF,FF
86747,9708,0x18FEF200,1,8,22,00,00,00,00,00,00,FF
86755,9709,0xCF00400,1,8,FF,FF,FF,3C,75,FF,FF,FF
86755,9710,0xCFF6600,1,8,A7,0E,FF,FF,FF,FF,FF,FF
86775,9711,0xCF00400,1,8,FF,FF,FF,D8,72,FF,FF,FF
86776,9712,0xCFF6600,1,8,5B,0E,FF,FF,FF,FF,FF,FF
86795,9713,0xCF00400,1,8,FF,FF,FF,CC,71,FF,FF,FF
86795,9714,0xCFF6600,1,8,39,0E,FF,FF,FF,FF,FF,FF
86829,9715,0xCF00400,1,8,FF,FF,FF,C8,70,FF,FF,FF
86829,9716,0xCFF6600,1,8,19,0E,FF,FF,FF,FF,FF,FF
86834,9717,0x18EEFF00,1,8,08,CF,60,06,00,00,00,00
86835,9718,0xCF00400,1,8,FF,FF,FF,C4,6F,FF,FF,FF
86835,9719,0xCFF6600,1,8,F8,0D,FF,FF,FF,FF,FF,FF
86846,9720,0x18FEF100,1,8,3F,00,00,FF,FF,FF,FF,FF
86846,9721,0x10FF6500,1,8,FC,FF,FF,FF,FF,FF,FF,FF
86847,9722,0x18F00500,1,8,FF,FF,FF,FF,20,2D,FF,FF
86847,9723,0x18FEF200,1,8,22,00,00,00,00,00,00,FF
86855,9724,0xCF00400,1,8,FF,FF,FF,CC,6E,FF,FF,FF
86855,9725,0xCFF6600,1,8,D9,0D,FF,FF,FF,FF,FF,FF
86875,9726,0xCF00400,1,8,FF,FF,FF,24,6D,FF,FF,FF
86876,9727,0xCFF6600,1,8,A4,0D,FF,FF,FF,FF,FF,FF
86895,9728,0xCF00400,1,8,FF,FF,FF,A4,6C,FF,FF,FF
86896,9729,0xCFF6600,1,8,94,0D,FF,FF,FF,FF,FF,FF
86915,9730,0xCF00400,1,8,FF,FF,FF,E8,6B,FF,FF,FF
86916,9731,0xCFF6600,1,8,7D,0D,FF,FF,FF,FF,FF,FF
86935,9732,0xCF00400,1,8,FF,FF,FF,F8,6A,FF,FF,FF
86956,9733,0xCF00400,1,8,FF,FF,FF,40,6A,FF,FF,FF
86956,9734,0xCFF6600,1,8,5F,0D,FF,FF,FF,FF,FF,FF
86957,9735,0x18F00500,1,8,FF,FF,FF,FF,20,2D,FF,FF
86958,9736,0x18FEF100,1,8,3F,00,00,FF,FF,FF,FF,FF
86958,9737,0x18FEF200,1,8,22,00,00,00,00,00,00,FF
86975,9738,0xCF00400,1,8,FF,FF,FF,B8,69,FF,FF,FF
86975,9739,0xCFF6600,1,8,37,0D,FF,FF,FF,FF,FF,FF
86995,9740,0xCF00400,1,8,FF,FF,FF,06,69,FF,FF,FF
86995,9741,0xCFF6600,1,8,20,0D,FF,FF,FF,FF,FF,FF
87005,9742,0x18FDE500,1,8,0A,14,1E,28,32,3C,46,13
87007,9743,0x18FEEE00,1,8,65,FF,FF,FF,FF,FF,FF,FF
87015,9744,0xCF00400,1,8,FF,FF,FF,2C,68,FF,FF,FF
87016,9745,0xCFF6600,1,8,05,0D,FF,FF,FF,FF,FF,FF
87024,9746,0x1CECFF00,1,8,20,0A,00,02,FF,CA,FE,00
87035,9747,0xCF00400,1,8,FF,FF,FF,FA,66,FF,FF,FF
87036,9748,0xCFF6600,1,8,DF,0C,FF,FF,FF,FF,FF,FF
87046,9749,0x10FF6500,1,8,FC,FF,FF,FF,FF,FF,FF,FF
87047,9750,0x18F00500,1,8,FF,FF,FF,FF,20,2D,FF,FF
87047,9751,0x18FEF100,1,8,3F,00,00,FF,FF,FF,FF,FF
87048,9752,0x18FEF200,1,8,27,00,00,00,00,00,00,FF
87055,9753,0xCF00400,1,8,FF,FF,FF,9C,66,FF,FF,FF
87055,9754,0xCFF6600,1,8,D3,0C,FF,FF,FF,FF,FF,FF
87075,9755,0xCF00400,1,8,FF,FF,FF,60,66,FF,FF,FF
87076,9756,0xCFF6600,1,8,CC,0C,FF,FF,FF,FF,FF,FF
87097,9757,0xCF00400,1,8,FF,FF,FF,2A,66,FF,FF,FF
87098,9758,0xCFF6600,1,8,C5,0C,FF,FF,FF,FF,FF,FF
87098,9759,0x1CEBFF00,1,8,01,40,FF,0F,F0,E5,01,02
87115,9760,0xCF00400,1,8,FF,FF,FF,F2,65,FF,FF,FF
87115,9761,0xCFF6600,1,8,BE,0C,FF,FF,FF,FF,FF,FF
87125,9762,0x1CEBFF00,1,8,02,F0,E3,01,FF,FF,FF,FF
87135,9763,0xCF00400,1,8,FF,FF,FF,A0,65,FF,FF,FF
87136,9764,0xCFF6600,1,8,B4,0C,FF,FF,FF,FF,FF,FF
87147,9765,0x18F00500,1,8,FF,FF,FF,FF,20,2D,FF,FF
87147,9766,0x18F00600,1,8,FF,FF,FF,FF,FF,FF,FF,FF
87148,9767,0x18FEF100,1,8,3F,00,00,FF,FF,FF,FF,FF
87148,9768,0x18FEF200,1,8,27,00,00,00,00,00,00,FF
87149,9769,0x1CFDDF00,1,8,FE,FF,FF,FF,FF,FF,FF,FF
87150,9770,0x1CFF6A00,1,8,FC,FF,FF,FF,FF,FF,FF,FF
87155,9771,0xCF00400,1,8,FF,FF,FF,34,65,FF,FF,FF
87155,9772,0xCFF6600,1,8,A6,0C,FF,FF,FF,FF,FF,FF
87175,9773,0xCF00400,1,8,FF,FF,FF,FC,64,FF,FF,FF
87175,9774,0xCFF6600,1,8,9F,0C,FF,FF,FF,FF,FF,FF
87195,9775,0xCF00400,1,8,FF,FF,FF,E6,64,FF,FF,FF
87195,9776,0xCFF6600,1,8,9C,0C,FF,FF,FF,FF,FF,FF
87215,9777,0xCF00400,1,8,FF,FF,FF,A0,64,FF,FF,FF
87215,9778,0xCFF6600,1,8,94,0C,FF,FF,FF,FF,FF,FF
87235,9779,0xCF00400,1,8,FF,FF,FF,34,64,FF,FF,FF
87235,9780,0xCFF6600,1,8,86,0C,FF,FF,FF,FF,FF,FF
87245,9781,0x18FEF100,1,8,3F,00,00,FF,FF,FF,FF,FF
87267,9782,0xCF00400,1,8,FF,FF,FF,C6,63,FF,FF,FF
87267,9783,0xCFF6600,1,8,78,0C,FF,FF,FF,FF,FF,FF
87268,9784,0x10FF6500,1,8,FC,FF,FF,FF,FF,FF,FF,FF
87269,9785,0x18F00500,1,8,FF,FF,FF,FF,20,2D,FF,FF
87270,9786,0x18FEF200,1,8,27,00,00,00,00,00,00,FF
87275,9787,0xCF00400,1,8,FF,FF,FF,5A,63,FF,FF,FF
87275,9788,0xCFF6600,1,8,6B,0C,FF,FF,FF,FF,FF,FF
87295,9789,0xCF00400,1,8,FF,FF,FF,D6,62,FF,FF,FF
87296,9790,0xCFF6600,1,8,5A,0C,FF,FF,FF,FF,FF,FF
87315,9791,0xCF00400,1,8,FF,FF,FF,38,62,FF,FF,FF
87315,9792,0xCFF6600,1,8,47,0C,FF,FF,FF,FF,FF,FF
87335,9793,0xCF00400,1,8,FF,FF,FF,C8,61,FF,FF,FF
87336,9794,0xCFF6600,1,8,39,0C,FF,FF,FF,FF,FF,FF
87346,9795,0x18F00500,1,8,FF,FF,FF,FF,20,2D,FF,FF
87346,9796,0x18FEF100,1,8,3F,00,00,FF,FF,FF,FF,FF
87347,9797,0x18FEF200,1,8,27,00,00,00,00,00,00,FF
87355,9798,0xCF00400,1,8,FF,FF,FF,F2,61,FF,FF,FF
87356,9799,0xCFF6600,1,8,3E,0C,FF,FF,FF,FF,FF,FF
87375,9800,0xCF00400,1,8,FF,FF,FF,52,62,FF,FF,FF
87375,9801,0xCFF6600,1,8,4A,0C,FF,FF,FF,FF,FF,FF
87395,9802,0xCF00400,1,8,FF,FF,FF,30,62,FF,FF,FF
87396,9803,0xCFF6600,1,8,46,0C,FF,FF,FF,FF,FF,FF
87415,9804,0xCF00400,1,8,FF,FF,FF,A8,61,FF,FF,FF
87416,9805,0xCFF6600,1,8,35,0C,FF,FF,FF,FF,FF,FF
87435,9806,0xCF00400,1,8,FF,FF,FF,2E,61,FF,FF,FF
87436,9807,0xCFF6600,1,8,25,0C,FF,FF,FF,FF,FF,FF
87466,9808,0xCF00400,1,8,FF,FF,FF,C0,60,FF,FF,FF
87466,9809,0xCFF6600,1,8,18,0C,FF,FF,FF,FF,FF,FF
87467,9810,0x10FF6500,1,8,FC,FF,FF,FF,FF,FF,FF,FF
87467,9811,0x18F00500,1,8,FF,FF,FF,FF,20,2D,FF,FF
87468,9812,0x18FEF100,1,8,3F,00,00,FF,FF,FF,FF,FF
87469,9813,0x18FEF200,1,8,27,00,00,00,00,00,00,FF
87475,9814,0xCF00400,1,8,FF,FF,FF,C0,60,FF,FF,FF
87476,9815,0xCFF6600,1,8,18,0C,FF,FF,FF,FF,FF,FF
87508,9816,0xCF00400,1,8,FF,FF,FF,14,61,FF,FF,FF
87509,9817,0xCFF6600,1,8,22,0C,FF,FF,FF,FF,FF,FF
87514,9818,0x18EEFF00,1,8,08,CF,60,06,00,00,00,00
87515,9819,0xCF00400,1,8,FF,FF,FF,38,61,FF,FF,FF
87515,9820,0xCFF6600,1,8,27,0C,FF,FF,FF,FF,FF,FF
87535,9821,0xCF00400,1,8,FF,FF,FF,34,61,FF,FF,FF
87535,9822,0xCFF6600,1,8,26,0C,FF,FF,FF,FF,FF,FF
87545,9823,0x18FEF100,1,8,3F,00,00,FF,FF,FF,FF,FF
87546,9824,0x18F00500,1,8,FF,FF,FF,FF,20,2D,FF,FF
87547,9825,0x18FEF200,1,8,27,00,00,00,00,00,00,FF
87555,9826,0xCF00400,1,8,FF,FF,FF,10,61,FF,FF,FF
87555,9827,0xCFF6600,1,8,22,0C,FF,FF,FF,FF,FF,FF
87575,9828,0xCF00400,1,8,FF,FF,FF,D2,60,FF,FF,FF
87576,9829,0xCFF6600,1,8,1A,0C,FF,FF,FF,FF,FF,FF
87595,9830,0xCF00400,1,8,FF,FF,FF,CE,60,FF,FF,FF
87596,9831,0xCFF6600,1,8,19,0C,FF,FF,FF,FF,FF,FF
87615,9832,0xCF00400,1,8,FF,FF,FF,EC,60,FF,FF,FF
87616,9833,0xCFF6600,1,8,1D,0C,FF,FF,FF,FF,FF,FF
87635,9834,0xCF00400,1,8,FF,FF,FF,F8,60,FF,FF,FF
87635,9835,0xCFF6600,1,8,1F,0C,FF,FF,FF,FF,FF,FF
87646,9836,0x18FEF100,1,8,3F,00,00,FF,FF,FF,FF,FF
87646,9837,0x10FF6500,1,8,FC,FF,FF,FF,FF,FF,FF,FF
87647,9838,0x18F00500,1,8,FF,FF,FF,FF,20,2D,FF,FF
87668,9839,0xCF00400,1,8,FF,FF,FF,FA,60,FF,FF,FF
87669,9840,0xCFF6600,1,8,1F,0C,FF,FF,FF,FF,FF,FF
87669,9841,0x18F00600,1,8,FF,FF,FF,FF,FF,FF,FF,FF
87670,9842,0x18FEF200,1,8,27,00,00,00,00,00,00,FF
87671,9843,0x1CFDDF00,1,8,FE,FF,FF,FF,FF,FF,FF,FF
87671,9844,0x1CFF6A00,1,8,FC,FF,FF,FF,FF,FF,FF,FF
87672,9845,0x1CFF6A00,1,8,FC,FF,FF,FF,FF,FF,FF,FF
87675,9846,0xCF00400,1,8,FF,FF,FF,0A,61,FF,FF,FF
87675,9847,0xCFF6600,1,8,21,0C,FF,FF,FF,FF,FF,FF
87695,9848,0xCF00400,1,8,FF,FF,FF,2C,61,FF,FF,FF
87695,9849,0xCFF6600,1,8,25,0C,FF,FF,FF,FF,FF,FF
87715,9850,0xCF00400,1,8,FF,FF,FF,FC,60,FF,FF,FF
87715,9851,0xCFF6600,1,8,1F,0C,FF,FF,FF,FF,FF,FF
87735,9852,0xCF00400,1,8,FF,FF,FF,8E,60,FF,FF,FF
87735,9853,0xCFF6600,1,8,11,0C,FF,FF,FF,FF,FF,FF
87745,9854,0x18FEF100,1,8,3F,00,00,FF,FF,FF,FF,FF
87746,9855,0x18F00500,1,8,FF,FF,FF,FF,20,2D,FF,FF
87747,9856,0x18FEF200,1,8,27,00,00,00,00,00,03,FF
87755,9857,0xCF00400,1,8,FF,FF,FF,34,60,FF,FF,FF
87756,9858,0xCFF6600,1,8,06,0C,FF,FF,FF,FF,FF,FF
87776,9859,0xCF00400,1,8,FF,FF,FF,E4,5F,FF,FF,FF
87776,9860,0xCFF6600,1,8,FC,0B,FF,FF,FF,FF,FF,FF
87795,9861,0xCF00400,1,8,FF,FF,FF,12,60,FF,FF,FF
87795,9862,0xCFF6600,1,8,02,0C,FF,FF,FF,FF,FF,FF
87816,9863,0xCF00400,1,8,FF,FF,FF,A2,60,FF,FF,FF
87817,9864,0xCFF6600,1,8,14,0C,FF,FF,FF,FF,FF,FF
87835,9865,0xCF00400,1,8,FF,FF,FF,22,61,FF,FF,FF
87836,9866,0xCFF6600,1,8,24,0C,FF,FF,FF,FF,FF,FF
87846,9867,0x10FF6500,1,8,FC,FF,FF,FF,FF,FF,FF,FF
87846,9868,0x18F00500,1,8,FF,FF,FF,FF,20,2D,FF,FF
87867,9869,0xCF00400,1,8,FF,FF,FF,AA,61,FF,FF,FF
87868,9870,0xCFF6600,1,8,35,0C,FF,FF,FF,FF,FF,FF
87869,9871,0x18FEF100,1,8,3F,00,00,FF,FF,FF,FF,FF
87869,9872,0x18FEF200,1,8,27,00,00,00,00,00,09,FF
87875,9873,0xCF00400,1,8,FF,FF,FF,14,62,FF,FF,FF
87876,9874,0xCFF6600,1,8,42,0C,FF,FF,FF,FF,FF,FF
87895,9875,0xCF00400,1,8,FF,FF,FF,CE,62,FF,FF,FF
87896,9876,0xCFF6600,1,8,59,0C,FF,FF,FF,FF,FF,FF
87915,9877,0xCF00400,1,8,FF,FF,FF,FC,63,FF,FF,FF
87916,9878,0xCFF6600,1,8,7F,0C,FF,FF,FF,FF,FF,FF
87935,9879,0xCF00400,1,8,FF,FF,FF,D4,64,FF,FF,FF
87935,9880,0xCFF6600,1,8,9A,0C,FF,FF,FF,FF,FF,FF
87945,9881,0x18FEF100,1,8,3F,00,00,FF,FF,FF,FF,FF
87947,9882,0x18F00500,1,8,FF,FF,FF,FF,20,2D,FF,FF
87948,9883,0x18FEF200,1,8,27,00,00,00,00,00,0A,FF
87955,9884,0xCF00400,1,8,FF,FF,FF,74,65,FF,FF,FF
87955,9885,0xCFF6600,1,8,AE,0C,FF,FF,FF,FF,FF,FF
87975,9886,0xCF00400,1,8,FF,FF,FF,1A,66,FF,FF,FF
87975,9887,0xCFF6600,1,8,C3,0C,FF,FF,FF,FF,FF,FF
87995,9888,0xCF00400,1,8,FF,FF,FF,C4,66,FF,FF,FF
87995,9889,0xCFF6600,1,8,D8,0C,FF,FF,FF,FF,FF,FF
88005,9890,0x18FEEE00,1,8,65,FF,FF,FF,FF,FF,FF,FF
88005,9891,0x18FDE500,1,8,0A,14,1E,28,32,3C,46,13
88018,9892,0xCF00400,1,8,FF,FF,FF,6E,67,FF,FF,FF
88019,9893,0xCFF6600,1,8,ED,0C,FF,FF,FF,FF,FF,FF
88024,9894,0x1CECFF00,1,8,20,0A,00,02,FF,CA,FE,00
88035,9895,0xCF00400,1,8,FF,FF,FF,14,68,FF,FF,FF
88035,9896,0xCFF6600,1,8,02,0D,FF,FF,FF,FF,FF,FF
88045,9897,0x18FEF100,1,8,3F,00,00,FF,FF,FF,FF,FF
88046,9898,0x18F00500,1,8,FF,FF,FF,FF,20,2D,FF,FF
88047,9899,0x10FF6500,1,8,FC,FF,FF,FF,FF,FF,FF,FF
88048,9900,0x18FEF200,1,8,21,00,00,00,00,00,09,FF
88057,9901,0xCF00400,1,8,FF,FF,FF,F0,68,FF,FF,FF
88058,9902,0xCFF6600,1,8,1E,0D,FF,FF,FF,FF,FF,FF
88075,9903,0xCF00400,1,8,FF,FF,FF,D0,6A,FF,FF,FF
88076,9904,0xCFF6600,1,8,5A,0D,FF,FF,FF,FF,FF,FF
88076,9905,0x1CEBFF00,1,8,01,40,FF,0F,F0,E5,01,02
88095,9906,0xCF00400,1,8,FF,FF,FF,B4,6B,FF,FF,FF
88095,9907,0xCFF6600,1,8,76,0D,FF,FF,FF,FF,FF,FF
88115,9908,0xCF00400,1,8,FF,FF,FF,42,6C,FF,FF,FF
88116,9909,0xCFF6600,1,8,88,0D,FF,FF,FF,FF,FF,FF
88125,9910,0x1CEBFF00,1,8,02,F0,E3,01,FF,FF,FF,FF
88135,9911,0xCF00400,1,8,FF,FF,FF,A0,6C,FF,FF,FF
88156,9912,0xCF00400,1,8,FF,FF,FF,36,6D,FF,FF,FF
88157,9913,0xCFF6600,1,8,94,0D,FF,FF,FF,FF,FF,FF
88157,9914,0x18F00500,1,8,FF,FF,FF,FF,20,2D,FF,FF
88158,9915,0x18F00600,1,8,FF,FF,FF,FF,FF,FF,FF,FF
88158,9916,0x18FEF100,1,8,3F,00,00,FF,FF,FF,FF,FF
88159,9917,0x18FEF200,1,8,21,00,00,00,00,00,08,FF
88160,9918,0x1CFDDF00,1,8,FE,FF,FF,FF,FF,FF,FF,FF
88161,9919,0x1CFF6A00,1,8,FC,FF,FF,FF,FF,FF,FF,FF
88175,9920,0xCF00400,1,8,FF,FF,FF,EA,6D,FF,FF,FF
88176,9921,0xCFF6600,1,8,BD,0D,FF,FF,FF,FF,FF,FF
88195,9922,0xCF00400,1,8,FF,FF,FF,7C,6E,FF,FF,FF
88196,9923,0xCFF6600,1,8,CF,0D,FF,FF,FF,FF,FF,FF
88215,9924,0xCF00400,1,8,FF,FF,FF,DE,6E,FF,FF,FF
88215,9925,0xCFF6600,1,8,DB,0D,FF,FF,FF,FF,FF,FF
88235,9926,0xCF00400,1,8,FF,FF,FF,68,6F,FF,FF,FF
88235,9927,0xCFF6600,1,8,ED,0D,FF,FF,FF,FF,FF,FF
88247,9928,0x10FF6500,1,8,FC,FF,FF,FF,FF,FF,FF,FF
88247,9929,0x18F00500,1,8,FF,FF,FF,FF,20,2D,FF,FF
88248,9930,0x18FEF100,1,8,3F,00,00,FF,FF,FF,FF,FF
88249,9931,0x18FEF200,1,8,21,00,00,00,00,00,08,FF
88255,9932,0xCF00400,1,8,FF,FF,FF,F4,6F,FF,FF,FF
88255,9933,0xCFF6600,1,8,FE,0D,FF,FF,FF,FF,FF,FF
88275,9934,0xCF00400,1,8,FF,FF,FF,74,70,FF,FF,FF
88276,9935,0xCFF6600,1,8,0E,0E,FF,FF,FF,FF,FF,FF
88295,9936,0xCF00400,1,8,FF,FF,FF,86,71,FF,FF,FF
88296,9937,0xCFF6600,1,8,30,0E,FF,FF,FF,FF,FF,FF
88315,9938,0xCF00400,1,8,FF,FF,FF,A2,71,FF,FF,FF
88349,9939,0xCF00400,1,8,FF,FF,FF,6C,71,FF,FF,FF
88349,9940,0xCFF6600,1,8,34,0E,FF,FF,FF,FF,FF,FF
88354,9941,0x18EEFF00,1,8,08,CF,60,06,00,00,00,00
88355,9942,0xCF00400,1,8,FF,FF,FF,96,71,FF,FF,FF
88355,9943,0xCFF6600,1,8,32,0E,FF,FF,FF,FF,FF,FF
88375,9944,0xCF00400,1,8,FF,FF,FF,04,72,FF,FF,FF
88375,9945,0xCFF6600,1,8,40,0E,FF,FF,FF,FF,FF,FF
88395,9946,0xCF00400,1,8,FF,FF,FF,B2,72,FF,FF,FF
88395,9947,0xCFF6600,1,8,56,0E,FF,FF,FF,FF,FF,FF
88415,9948,0xCF00400,1,8,FF,FF,FF,18,73,FF,FF,FF
88415,9949,0xCFF6600,1,8,63,0E,FF,FF,FF,FF,FF,FF
88435,9950,0xCF00400,1,8,FF,FF,FF,7E,73,FF,FF,FF
88436,9951,0xCFF6600,1,8,6F,0E,FF,FF,FF,FF,FF,FF
88446,9952,0x18FEF100,1,8,3F,00,00,FF,FF,FF,FF,FF
88447,9953,0x18F00500,1,8,FF,FF,FF,FF,20,2D,FF,FF
88447,9954,0x18FEF200,1,8,21,00,00,00,00,00,02,FF
88455,9955,0xCF00400,1,8,FF,FF,FF,72,73,FF,FF,FF
88455,9956,0xCFF6600,1,8,6E,0E,FF,FF,FF,FF,FF,FF
88475,9957,0xCF00400,1,8,FF,FF,FF,DA,72,FF,FF,FF
88476,9958,0xCFF6600,1,8,5B,0E,FF,FF,FF,FF,FF,FF
88495,9959,0xCF00400,1,8,FF,FF,FF,9A,72,FF,FF,FF
88496,9960,0xCFF6600,1,8,53,0E,FF,FF,FF,FF,FF,FF
88515,9961,0xCF00400,1,8,FF,FF,FF,3E,72,FF,FF,FF
88517,9962,0xCFF6600,1,8,47,0E,FF,FF,FF,FF,FF,FF
88535,9963,0xCF00400,1,8,FF,FF,FF,CA,71,FF,FF,FF
88535,9964,0xCFF6600,1,8,39,0E,FF,FF,FF,FF,FF,FF
88545,9965,0x10FF6500,1,8,FC,FF,FF,FF,FF,FF,FF,FF
88546,9966,0x18F00500,1,8,FF,FF,FF,FF,20,2D,FF,FF
88567,9967,0xCF00400,1,8,FF,FF,FF,4E,71,FF,FF,FF
88568,9968,0xCFF6600,1,8,29,0E,FF,FF,FF,FF,FF,FF
88568,9969,0x18FEF100,1,8,3F,00,00,FF,FF,FF,FF,FF
88569,9970,0x18FEF200,1,8,21,00,00,00,00,00,00,FF
88575,9971,0xCF00400,1,8,FF,FF,FF,36,70,FF,FF,FF
88577,9972,0xCFF6600,1,8,06,0E,FF,FF,FF,FF,FF,FF
88595,9973,0xCF00400,1,8,FF,FF,FF,90,6F,FF,FF,FF
88596,9974,0xCFF6600,1,8,F2,0D,FF,FF,FF,FF,FF,FF
88615,9975,0xCF00400,1,8,FF,FF,FF,E4,6E,FF,FF,FF
88615,9976,0xCFF6600,1,8,DC,0D,FF,FF,FF,FF,FF,FF
88635,9977,0xCF00400,1,8,FF,FF,FF,38,6E,FF,FF,FF
88636,9978,0xCFF6600,1,8,C7,0D,FF,FF,FF,FF,FF,FF
88645,9979,0x18FEF100,1,8,3F,00,00,FF,FF,FF,FF,FF
88646,9980,0x18F00500,1,8,FF,FF,FF,FF,20,2D,FF,FF
88647,9981,0x18FEF200,1,8,21,00,00,00,00,00,00,FF
88655,9982,0xCF00400,1,8,FF,FF,FF,6A,6D,FF,FF,FF
88655,9983,0xCFF6600,1,8,AD,0D,FF,FF,FF,FF,FF,FF
88675,9984,0xCF00400,1,8,FF,FF,FF,78,6C,FF,FF,FF
88676,9985,0xCFF6600,1,8,8F,0D,FF,FF,FF,FF,FF,FF
88696,9986,0xCF00400,1,8,FF,FF,FF,FA,6B,FF,FF,FF
88697,9987,0xCFF6600,1,8,7F,0D,FF,FF,FF,FF,FF,FF
88715,9988,0xCF00400,1,8,FF,FF,FF,AE,6B,FF,FF,FF
88715,9989,0xCFF6600,1,8,75,0D,FF,FF,FF,FF,FF,FF
88735,9990,0xCF00400,1,8,FF,FF,FF,30,6B,FF,FF,FF
88735,9991,0xCFF6600,1,8,66,0D,FF,FF,FF,FF,FF,FF
88746,9992,0x10FF6500,1,8,FC,FF,FF,FF,FF,FF,FF,FF
88747,9993,0x18F00500,1,8,FF,FF,FF,FF,20,2D,FF,FF
88747,9994,0x18F00600,1,8,FF,FF,FF,FF,FF,FF,FF,FF
88748,9995,0x18FEF100,1,8,3F,00,00,FF,FF,FF,FF,FF
88749,9996,0x18FEF200,1,8,21,00,00,00,00,00,00,FF
88750,9997,0x1CFDDF00,1,8,FE,FF,FF,FF,FF,FF,FF,FF
88751,9998,0x1CFF6A00,1,8,FC,FF,FF,FF,FF,FF,FF,FF
88758,9999,0xCF00400,1,8,FF,FF,FF,E6,6A,FF,FF,FF
88759,10000,0xCFF6600,1,8,5C,0D,FF,FF,FF,FF,FF,FF
88775,10001,0xCF00400,1,8,FF,FF,FF,C8,6A,FF,FF,FF
88775,10002,0xCFF6600,1,8,59,0D,FF,FF,FF,FF,FF,FF
88795,10003,0xCF00400,1,8,FF,FF,FF,BA,6A,FF,FF,FF
88796,10004,0xCFF6600,1,8,57,0D,FF,FF,FF,FF,FF,FF
88816,10005,0xCF00400,1,8,FF,FF,FF,B0,6A,FF,FF,FF
88836,10006,0xCF00400,1,8,FF,FF,FF,3C,6A,FF,FF,FF
88850,10007,0xCFF6600,1,8,56,0D,FF,FF,FF,FF,FF,FF
88854,10008,0x18EEFF00,1,8,08,CF,60,06,00,00,00,00
88855,10009,0xCF00400,1,8,FF,FF,FF,14,69,FF,FF,FF
88855,10010,0xCFF6600,1,8,22,0D,FF,FF,FF,FF,FF,FF
88875,10011,0xCF00400,1,8,FF,FF,FF,1A,69,FF,FF,FF
88875,10012,0xCFF6600,1,8,23,0D,FF,FF,FF,FF,FF,FF
88895,10013,0xCF00400,1,8,FF,FF,FF,96,68,FF,FF,FF
88895,10014,0xCFF6600,1,8,12,0D,FF,FF,FF,FF,FF,FF
88915,10015,0xCF00400,1,8,FF,FF,FF,A4,67,FF,FF,FF
88915,10016,0xCFF6600,1,8,F4,0C,FF,FF,FF,FF,FF,FF
88935,10017,0xCF00400,1,8,FF,FF,FF,F4,66,FF,FF,FF
88935,10018,0xCFF6600,1,8,DE,0C,FF,FF,FF,FF,FF,FF
88946,10019,0x18F00500,1,8,FF,FF,FF,FF,20,2D,FF,FF
88947,10020,0x18FEF100,1,8,3F,00,00,FF,FF,FF,FF,FF
88947,10021,0x18FEF200,1,8,21,00,00,00,00,00,00,FF
88955,10022,0xCF00400,1,8,FF,FF,FF,74,66,FF,FF,FF
88955,10023,0xCFF6600,1,8,CE,0C,FF,FF,FF,FF,FF,FF
88975,10024,0xCF00400,1,8,FF,FF,FF,2E,66,FF,FF,FF
88975,10025,0xCFF6600,1,8,C5,0C,FF,FF,FF,FF,FF,FF
88995,10026,0xCF00400,1,8,FF,FF,FF,0E,66,FF,FF,FF
88995,10027,0xCFF6600,1,8,C1,0C,FF,FF,FF,FF,FF,FF
89005,10028,0x18FDE500,1,8,0A,14,1E,28,32,3C,46,13
89007,10029,0x18FEEE00,1,8,65,FF,FF,FF,FF,FF,FF,FF
89015,10030,0xCF00400,1,8,FF,FF,FF,C4,65,FF,FF,FF
89016,10031,0xCFF6600,1,8,B8,0C,FF,FF,FF,FF,FF,FF
89025,10032,0x1CECFF00,1,8,20,0A,00,02,FF,CA,FE,00
89035,10033,0xCF00400,1,8,FF,FF,FF,58,65,FF,FF,FF
89055,10034,0xCFF6600,1,8,AB,0C,FF,FF,FF,FF,FF,FF
89055,10035,0x10FF6500,1,8,FC,FF,FF,FF,FF,FF,FF,FF
89056,10036,0xCF00400,1,8,FF,FF,FF,D8,64,FF,FF,FF
89057,10037,0x18F00500,1,8,FF,FF,FF,FF,20,2D,FF,FF
89057,10038,0x18FEF100,1,8,3F,00,00,FF,FF,FF,FF,FF
89058,10039,0x18FEF200,1,8,24,00,00,00,00,00,00,FF
89075,10040,0xCF00400,1,8,FF,FF,FF,4E,64,FF,FF,FF
89077,10041,0xCFF6600,1,8,89,0C,FF,FF,FF,FF,FF,FF
89077,10042,0x1CEBFF00,1,8,01,40,FF,0F,F0,E5,01,02
89095,10043,0xCF00400,1,8,FF,FF,FF,78,63,FF,FF,FF
89095,10044,0xCFF6600,1,8,6F,0C,FF,FF,FF,FF,FF,FF
89115,10045,0xCF00400,1,8,FF,FF,FF,2A,63,FF,FF,FF
89115,10046,0xCFF6600,1,8,65,0C,FF,FF,FF,FF,FF,FF
89125,10047,0x1CEBFF00,1,8,02,F0,E3,01,FF,FF,FF,FF
89135,10048,0xCF00400,1,8,FF,FF,FF,48,63,FF,FF,FF
89135,10049,0xCFF6600,1,8,69,0C,FF,FF,FF,FF,FF,FF
89145,10050,0x18FEF100,1,8,3F,00,00,FF,FF,FF,FF,FF
89146,10051,0x18F00500,1,8,FF,FF,FF,FF,20,2D,FF,FF
89147,10052,0x18FEF200,1,8,24,00,00,00,00,00,00,FF
89155,10053,0xCF00400,1,8,FF,FF,FF,80,63,FF,FF,FF
89156,10054,0xCFF6600,1,8,70,0C,FF,FF,FF,FF,FF,FF
89175,10055,0xCF00400,1,8,FF,FF,FF,CC,63,FF,FF,FF
89175,10056,0xCFF6600,1,8,79,0C,FF,FF,FF,FF,FF,FF
89195,10057,0xCF00400,1,8,FF,FF,FF,96,63,FF,FF,FF
89196,10058,0xCFF6600,1,8,72,0C,FF,FF,FF,FF,FF,FF
89216,10059,0xCF00400,1,8,FF,FF,FF,02,63,FF,FF,FF
89217,10060,0xCFF6600,1,8,60,0C,FF,FF,FF,FF,FF,FF
89236,10061,0xCF00400,1,8,FF,FF,FF,80,62,FF,FF,FF
89237,10062,0xCFF6600,1,8,50,0C,FF,FF,FF,FF,FF,FF
89246,10063,0x18FEF100,1,8,3F,00,00,FF,FF,FF,FF,FF
89247,10064,0x10FF6500,1,8,FC,FF,FF,FF,FF,FF,FF,FF
89247,10065,0x18F00500,1,8,FF,FF,FF,FF,20,2D,FF,FF
89248,10066,0x18FEF200,1,8,24,00,00,00,00,00,01,FF
89255,10067,0xCF00400,1,8,FF,FF,FF,0A,62,FF,FF,FF
89276,10068,0xCF00400,1,8,FF,FF,FF,E0,61,FF,FF,FF
89290,10069,0xCFF6600,1,8,41,0C,FF,FF,FF,FF,FF,FF
89294,10070,0x18EEFF00,1,8,08,CF,60,06,00,00,00,00
89295,10071,0xCF00400,1,8,FF,FF,FF,EE,61,FF,FF,FF
89295,10072,0xCFF6600,1,8,3D,0C,FF,FF,FF,FF,FF,FF
89315,10073,0xCF00400,1,8,FF,FF,FF,94,61,FF,FF,FF
89315,10074,0xCFF6600,1,8,32,0C,FF,FF,FF,FF,FF,FF
89335,10075,0xCF00400,1,8,FF,FF,FF,EA,60,FF,FF,FF
89336,10076,0xCFF6600,1,8,1D,0C,FF,FF,FF,FF,FF,FF
89345,10077,0x18FEF100,1,8,3F,00,00,FF,FF,FF,FF,FF
89346,10078,0x18F00500,1,8,FF,FF,FF,FF,20,2D,FF,FF
89346,10079,0x18F00600,1,8,FF,FF,FF,FF,FF,FF,FF,FF
89347,10080,0x18F00600,1,8,FF,FF,FF,FF,FF,FF,FF,FF
89348,10081,0x18FEF200,1,8,24,00,00,00,00,00,00,FF
89349,10082,0x1CFDDF00,1,8,FE,FF,FF,FF,FF,FF,FF,FF
89350,10083,0x1CFF6A00,1,8,FC,FF,FF,FF,FF,FF,FF,FF
89355,10084,0xCF00400,1,8,FF,FF,FF,CC,60,FF,FF,FF
89355,10085,0xCFF6600,1,8,19,0C,FF,FF,FF,FF,FF,FF
89375,10086,0xCF00400,1,8,FF,FF,FF,1E,61,FF,FF,FF
89376,10087,0xCFF6600,1,8,23,0C,FF,FF,FF,FF,FF,FF
89395,10088,0xCF00400,1,8,FF,FF,FF,2C,61,FF,FF,FF
89395,10089,0xCFF6600,1,8,25,0C,FF,FF,FF,FF,FF,FF
89415,10090,0xCF00400,1,8,FF,FF,FF,08,61,FF,FF,FF
89415,10091,0xCFF6600,1,8,21,0C,FF,FF,FF,FF,FF,FF
89435,10092,0xCF00400,1,8,FF,FF,FF,8C,60,FF,FF,FF
89435,10093,0xCFF6600,1,8,11,0C,FF,FF,FF,FF,FF,FF
89445,10094,0x18FEF100,1,8,3F,00,00,FF,FF,FF,FF,FF
89446,10095,0x10FF6500,1,8,FC,FF,FF,FF,FF,FF,FF,FF
89447,10096,0x18F00500,1,8,FF,FF,FF,FF,20,2D,FF,FF
89448,10097,0x18FEF200,1,8,24,00,00,00,00,00,00,FF
89455,10098,0xCF00400,1,8,FF,FF,FF,BE,5F,FF,FF,FF
89455,10099,0xCFF6600,1,8,F7,0B,FF,FF,FF,FF,FF,FF
89475,10100,0xCF00400,1,8,FF,FF,FF,38,5F,FF,FF,FF
89475,10101,0xCFF6600,1,8,E7,0B,FF,FF,FF,FF,FF,FF
89496,10102,0xCF00400,1,8,FF,FF,FF,FC,5E,FF,FF,FF
89497,10103,0xCFF6600,1,8,DF,0B,FF,FF,FF,FF,FF,FF
89515,10104,0xCF00400,1,8,FF,FF,FF,EC,5E,FF,FF,FF
89515,10105,0xCFF6600,1,8,DD,0B,FF,FF,FF,FF,FF,FF
89535,10106,0xCF00400,1,8,FF,FF,FF,F8,5E,FF,FF,FF
89536,10107,0xCFF6600,1,8,DF,0B,FF,FF,FF,FF,FF,FF
89546,10108,0x18FEF100,1,8,3F,00,00,FF,FF,FF,FF,FF
89546,10109,0x18F00500,1,8,FF,FF,FF,FF,20,2D,FF,FF
89567,10110,0xCF00400,1,8,FF,FF,FF,DC,5E,FF,FF,FF
89568,10111,0xCFF6600,1,8,DB,0B,FF,FF,FF,FF,FF,FF
89568,10112,0x18FEF200,1,8,24,00,00,00,00,00,00,FF
89575,10113,0xCF00400,1,8,FF,FF,FF,A2,5E,FF,FF,FF
89575,10114,0xCFF6600,1,8,D4,0B,FF,FF,FF,FF,FF,FF
89595,10115,0xCF00400,1,8,FF,FF,FF,3C,5E,FF,FF,FF
89595,10116,0xCFF6600,1,8,C7,0B,FF,FF,FF,FF,FF,FF
89615,10117,0xCF00400,1,8,FF,FF,FF,B4,5D,FF,FF,FF
89615,10118,0xCFF6600,1,8,B6,0B,FF,FF,FF,FF,FF,FF
89651,10119,0xCF00400,1,8,FF,FF,FF,7E,5D,FF,FF,FF
89652,10120,0xCFF6600,1,8,AF,0B,FF,FF,FF,FF,FF,FF
89654,10121,0x18EEFF00,1,8,08,CF,60,06,00,00,00,00
89655,10122,0xCF00400,1,8,FF,FF,FF,84,5D,FF,FF,FF
89655,10123,0xCFF6600,1,8,B0,0B,FF,FF,FF,FF,FF,FF
89675,10124,0xCF00400,1,8,FF,FF,FF,3A,5D,FF,FF,FF
89675,10125,0xCFF6600,1,8,A7,0B,FF,FF,FF,FF,FF,FF
89695,10126,0xCF00400,1,8,FF,FF,FF,AC,5C,FF,FF,FF
89695,10127,0xCFF6600,1,8,95,0B,FF,FF,FF,FF,FF,FF
89715,10128,0xCF00400,1,8,FF,FF,FF,6E,5C,FF,FF,FF
89716,10129,0xCFF6600,1,8,8D,0B,FF,FF,FF,FF,FF,FF
89736,10130,0xCF00400,1,8,FF,FF,FF,6C,5C,FF,FF,FF
89736,10131,0xCFF6600,1,8,8D,0B,FF,FF,FF,FF,FF,FF
89746,10132,0x10FF6500,1,8,FC,FF,FF,FF,FF,FF,FF,FF
89767,10133,0xCF00400,1,8,FF,FF,FF,2E,5C,FF,FF,FF
89769,10134,0xCFF6600,1,8,85,0B,FF,FF,FF,FF,FF,FF
89769,10135,0x18F00500,1,8,FF,FF,FF,FF,20,2D,FF,FF
89770,10136,0x18FEF100,1,8,3F,00,00,FF,FF,FF,FF,FF
89770,10137,0x18FEF200,1,8,24,00,00,00,00,00,02,FF
89775,10138,0xCF00400,1,8,FF,FF,FF,BE,5B,FF,FF,FF
89775,10139,0xCFF6600,1,8,77,0B,FF,FF,FF,FF,FF,FF
89795,10140,0xCF00400,1,8,FF,FF,FF,72,5B,FF,FF,FF
89797,10141,0xCFF6600,1,8,6E,0B,FF,FF,FF,FF,FF,FF
89815,10142,0xCF00400,1,8,FF,FF,FF,3C,5B,FF,FF,FF
89815,10143,0xCFF6600,1,8,67,0B,FF,FF,FF,FF,FF,FF
89835,10144,0xCF00400,1,8,FF,FF,FF,96,5B,FF,FF,FF
89835,10145,0xCFF6600,1,8,72,0B,FF,FF,FF,FF,FF,FF
89846,10146,0x18FEF100,1,8,3F,00,00,FF,FF,FF,FF,FF
89846,10147,0x18F00500,1,8,FF,FF,FF,FF,20,2D,FF,FF
89847,10148,0x18FEF200,1,8,24,00,00,00,00,00,06,FF
89855,10149,0xCF00400,1,8,FF,FF,FF,6E,5C,FF,FF,FF
89855,10150,0xCFF6600,1,8,8D,0B,FF,FF,FF,FF,FF,FF
89875,10151,0xCF00400,1,8,FF,FF,FF,E2,5C,FF,FF,FF
89875,10152,0xCFF6600,1,8,9C,0B,FF,FF,FF,FF,FF,FF
89895,10153,0xCF00400,1,8,FF,FF,FF,16,5D,FF,FF,FF
89896,10154,0xCFF6600,1,8,A2,0B,FF,FF,FF,FF,FF,FF
89915,10155,0xCF00400,1,8,FF,FF,FF,6E,5D,FF,FF,FF
89936,10156,0xCF00400,1,8,FF,FF,FF,E0,5D,FF,FF,FF
89938,10157,0xCFF6600,1,8,AD,0B,FF,FF,FF,FF,FF,FF
89946,10158,0x10FF6500,1,8,FC,FF,FF,FF,FF,FF,FF,FF
89946,10159,0x18F00500,1,8,FF,FF,FF,FF,20,2D,FF,FF
89947,10160,0x18F00600,1,8,FF,FF,FF,FF,FF,FF,FF,FF
89948,10161,0x18FEF100,1,8,3F,00,00,FF,FF,FF,FF,FF
89948,10162,0x18FEF200,1,8,24,00,00,00,00,00,06,FF
89950,10163,0x1CFDDF00,1,8,FE,FF,FF,FF,FF,FF,FF,FF
89950,10164,0x1CFF6A00,1,8,FC,FF,FF,FF,FF,FF,FF,FF
89955,10165,0xCF00400,1,8,FF,FF,FF,42,5E,FF,FF,FF
89955,10166,0xCFF6600,1,8,C8,0B,FF,FF,FF,FF,FF,FF
89975,10167,0xCF00400,1,8,FF,FF,FF,92,5E,FF,FF,FF
89975,10168,0xCFF6600,1,8,D2,0B,FF,FF,FF,FF,FF,FF
89995,10169,0xCF00400,1,8,FF,FF,FF,4C,5F,FF,FF,FF
89995,10170,0xCFF6600,1,8,E9,0B,FF,FF,FF,FF,FF,FF
90005,10171,0x18FDE500,1,8,0A,14,1E,28,32,3C,46,13
90006,10172,0x18FEEE00,1,8,66,FF,FF,FF,FF,FF,FF,FF
90017,10173,0xCF00400,1,8,FF,FF,FF,50,60,FF,FF,FF
90018,10174,0xCFF6600,1,8,0A,0C,FF,FF,FF,FF,FF,FF
90024,10175,0x1CECFF00,1,8,20,0A,00,02,FF,CA,FE,00
90035,10176,0xCF00400,1,8,FF,FF,FF,1E,61,FF,FF,FF
90036,10177,0xCFF6600,1,8,23,0C,FF,FF,FF,FF,FF,FF
90046,10178,0x18FEF100,1,8,3F,00,00,FF,FF,FF,FF,FF
90046,10179,0x18F00500,1,8,FF,FF,FF,FF,20,2D,FF,FF
90065,10180,0x18EEFF00,1,8,08,CF,60,06,00,00,00,00
90066,10181,0x18FEF200,1,8,21,00,00,00,00,00,06,FF
90075,10182,0xCF00400,1,8,FF,FF,FF,28,62,FF,FF,FF
90078,10183,0xCFF6600,1,8,45,0C,FF,FF,FF,FF,FF,FF
90079,10184,0x1CEBFF00,1,8,01,40,FF,0F,F0,E5,01,02
90096,10185,0xCF00400,1,8,FF,FF,FF,86,62,FF,FF,FF
90097,10186,0xCFF6600,1,8,50,0C,FF,FF,FF,FF,FF,FF
90117,10187,0xCF00400,1,8,FF,FF,FF,20,63,FF,FF,FF
90117,10188,0xCFF6600,1,8,64,0C,FF,FF,FF,FF,FF,FF
90125,10189,0x1CEBFF00,1,8,02,F0,E3,01,FF,FF,FF,FF
90135,10190,0xCF00400,1,8,FF,FF,FF,C0,63,FF,FF,FF
90136,10191,0xCFF6600,1,8,78,0C,FF,FF,FF,FF,FF,FF
90146,10192,0x10FF6500,1,8,FC,FF,FF,FF,FF,FF,FF,FF
90146,10193,0x18F00500,1,8,FF,FF,FF,FF,20,2D,FF,FF
90169,10194,0xCF00400,1,8,FF,FF,FF,6C,64,FF,FF,FF
90184,10195,0xCFF6600,1,8,8D,0C,FF,FF,FF,FF,FF,FF
90185,10196,0x18EEFF00,1,8,08,CF,60,06,00,00,00,00
90185,10197,0x18FEF100,1,8,3F,00,00,FF,FF,FF,FF,FF
90186,10198,0x18FEF200,1,8,21,00,00,00,00,00,07,FF
90195,10199,0xCF00400,1,8,FF,FF,FF,3E,66,FF,FF,FF
90195,10200,0xCFF6600,1,8,C7,0C,FF,FF,FF,FF,FF,FF
90215,10201,0xCF00400,1,8,FF,FF,FF,2E,67,FF,FF,FF
90215,10202,0xCFF6600,1,8,E5,0C,FF,FF,FF,FF,FF,FF
90235,10203,0xCF00400,1,8,FF,FF,FF,20,68,FF,FF,FF
90235,10204,0xCFF6600,1,8,04,0D,FF,FF,FF,FF,FF,FF
90245,10205,0x18FEF100,1,8,3F,00,00,FF,FF,FF,FF,FF
90247,10206,0x18F00500,1,8,FF,FF,FF,FF,20,2D,FF,FF
90247,10207,0x18FEF200,1,8,21,00,00,00,00,00,0A,FF
90255,10208,0xCF00400,1,8,FF,FF,FF,92,68,FF,FF,FF
90255,10209,0xCFF6600,1,8,12,0D,FF,FF,FF,FF,FF,FF
90275,10210,0xCF00400,1,8,FF,FF,FF,B6,68,FF,FF,FF
90275,10211,0xCFF6600,1,8,16,0D,FF,FF,FF,FF,FF,FF
90295,10212,0xCF00400,1,8,FF,FF,FF,76,69,FF,FF,FF
90296,10213,0xCFF6600,1,8,2E,0D,FF,FF,FF,FF,FF,FF
90315,10214,0xCF00400,1,8,FF,FF,FF,D8,69,FF,FF,FF
90316,10215,0xCFF6600,1,8,3B,0D,FF,FF,FF,FF,FF,FF
90335,10216,0xCF00400,1,8,FF,FF,FF,2C,6A,FF,FF,FF
90336,10217,0xCFF6600,1,8,45,0D,FF,FF,FF,FF,FF,FF
90346,10218,0x18F00500,1,8,FF,FF,FF,FF,20,2D,FF,FF
90347,10219,0x10FF6500,1,8,FC,FF,FF,FF,FF,FF,FF,FF
90347,10220,0x18FEF100,1,8,3F,00,00,FF,FF,FF,FF,FF
90369,10221,0xCF00400,1,8,FF,FF,FF,DA,6A,FF,FF,FF
90370,10222,0xCFF6600,1,8,5B,0D,FF,FF,FF,FF,FF,FF
90370,10223,0x18FEF200,1,8,21,00,00,00,00,00,0A,FF
90375,10224,0xCF00400,1,8,FF,FF,FF,BA,6B,FF,FF,FF
90376,10225,0xCFF6600,1,8,77,0D,FF,FF,FF,FF,FF,FF
90395,10226,0xCF00400,1,8,FF,FF,FF,60,6C,FF,FF,FF
90395,10227,0xCFF6600,1,8,8C,0D,FF,FF,FF,FF,FF,FF
90415,10228,0xCF00400,1,8,FF,FF,FF,E0,6C,FF,FF,FF
90416,10229,0xCFF6600,1,8,9C,0D,FF,FF,FF,FF,FF,FF
90435,10230,0xCF00400,1,8,FF,FF,FF,58,6D,FF,FF,FF
90436,10231,0xCFF6600,1,8,AB,0D,FF,FF,FF,FF,FF,FF
90446,10232,0x18F00500,1,8,FF,FF,FF,FF,20,2D,FF,FF
90446,10233,0x18F00600,1,8,FF,FF,FF,FF,FF,FF,FF,FF
90447,10234,0x18FEF100,1,8,3F,00,00,FF,FF,FF,FF,FF
90448,10235,0x18FEF200,1,8,21,00,00,00,00,00,08,FF
90448,10236,0x1CFDDF00,1,8,FE,FF,FF,FF,FF,FF,FF,FF
90449,10237,0x1CFF6A00,1,8,FC,FF,FF,FF,FF,FF,FF,FF
90455,10238,0xCF00400,1,8,FF,FF,FF,BE,6D,FF,FF,FF
90456,10239,0xCFF6600,1,8,B7,0D,FF,FF,FF,FF,FF,FF
90475,10240,0xCF00400,1,8,FF,FF,FF,4E,6E,FF,FF,FF
90475,10241,0xCFF6600,1,8,C9,0D,FF,FF,FF,FF,FF,FF
90509,10242,0xCF00400,1,8,FF,FF,FF,D0,6E,FF,FF,FF
90510,10243,0xCFF6600,1,8,DA,0D,FF,FF,FF,FF,FF,FF
90514,10244,0x18EEFF00,1,8,08,CF,60,06,00,00,00,00
90515,10245,0xCF00400,1,8,FF,FF,FF,4E,6F,FF,FF,FF
90515,10246,0xCFF6600,1,8,E9,0D,FF,FF,FF,FF,FF,FF
90535,10247,0xCF00400,1,8,FF,FF,FF,22,71,FF,FF,FF
90536,10248,0xCFF6600,1,8,24,0E,FF,FF,FF,FF,FF,FF
90545,10249,0x18FEF100,1,8,3F,00,00,FF,FF,FF,FF,FF
90546,10250,0x10FF6500,1,8,FC,FF,FF,FF,FF,FF,FF,FF
90546,10251,0x18F00500,1,8,FF,FF,FF,FF,20,2D,FF,FF
90547,10252,0x18FEF200,1,8,21,00,00,00,00,00,07,FF
90555,10253,0xCF00400,1,8,FF,FF,FF,FA,71,FF,FF,FF
90555,10254,0xCFF6600,1,8,3F,0E,FF,FF,FF,FF,FF,FF
90575,10255,0xCF00400,1,8,FF,FF,FF,C0,72,FF,FF,FF
90576,10256,0xCFF6600,1,8,58,0E,FF,FF,FF,FF,FF,FF
90595,10257,0xCF00400,1,8,FF,FF,FF,60,73,FF,FF,FF
90595,10258,0xCFF6600,1,8,6C,0E,FF,FF,FF,FF,FF,FF
90616,10259,0xCF00400,1,8,FF,FF,FF,56,74,FF,FF,FF
90617,10260,0xCFF6600,1,8,8A,0E,FF,FF,FF,FF,FF,FF
90635,10261,0xCF00400,1,8,FF,FF,FF,AA,74,FF,FF,FF
90636,10262,0xCFF6600,1,8,95,0E,FF,FF,FF,FF,FF,FF
90646,10263,0x18F00500,1,8,FF,FF,FF,FF,20,2D,FF,FF
90647,10264,0x18FEF100,1,8,3F,00,00,FF,FF,FF,FF,FF
90648,10265,0x18FEF200,1,8,21,00,00,00,00,00,02,FF
90655,10266,0xCF00400,1,8,FF,FF,FF,A6,74,FF,FF,FF
90656,10267,0xCFF6600,1,8,94,0E,FF,FF,FF,FF,FF,FF
90675,10268,0xCF00400,1,8,FF,FF,FF,66,74,FF,FF,FF
90675,10269,0xCFF6600,1,8,8C,0E,FF,FF,FF,FF,FF,FF
90695,10270,0xCF00400,1,8,FF,FF,FF,1C,74,FF,FF,FF
90695,10271,0xCFF6600,1,8,83,0E,FF,FF,FF,FF,FF,FF
90715,10272,0xCF00400,1,8,FF,FF,FF,20,73,FF,FF,FF
90715,10273,0xCFF6600,1,8,64,0E,FF,FF,FF,FF,FF,FF
90739,10274,0xCF00400,1,8,FF,FF,FF,36,72,FF,FF,FF
90739,10275,0xCFF6600,1,8,46,0E,FF,FF,FF,FF,FF,FF
90746,10276,0x18FEF100,1,8,3F,00,00,FF,FF,FF,FF,FF
90747,10277,0x10FF6500,1,8,FC,FF,FF,FF,FF,FF,FF,FF
90747,10278,0x18F00500,1,8,FF,FF,FF,FF,20,2D,FF,FF
90748,10279,0x18FEF200,1,8,21,00,00,00,00,00,00,FF
90755,10280,0xCF00400,1,8,FF,FF,FF,80,71,FF,FF,FF
90755,10281,0xCFF6600,1,8,30,0E,FF,FF,FF,FF,FF,FF
90775,10282,0xCF00400,1,8,FF,FF,FF,F6,70,FF,FF,FF
90776,10283,0xCFF6600,1,8,1E,0E,FF,FF,FF,FF,FF,FF
90799,10284,0xCF00400,1,8,FF,FF,FF,D6,6F,FF,FF,FF
90799,10285,0xCFF6600,1,8,FA,0D,FF,FF,FF,FF,FF,FF
90815,10286,0xCF00400,1,8,FF,FF,FF,10,6F,FF,FF,FF
90815,10287,0xCFF6600,1,8,E2,0D,FF,FF,FF,FF,FF,FF
90835,10288,0xCF00400,1,8,FF,FF,FF,18,6E,FF,FF,FF
90835,10289,0xCFF6600,1,8,C3,0D,FF,FF,FF,FF,FF,FF
90846,10290,0x18FEF100,1,8,3F,00,00,FF,FF,FF,FF,FF
90846,10291,0x18F00500,1,8,FF,FF,FF,FF,20,2D,FF,FF
90868,10292,0xCF00400,1,8,FF,FF,FF,8E,6D,FF,FF,FF
90869,10293,0xCFF6600,1,8,B1,0D,FF,FF,FF,FF,FF,FF
90869,10294,0x18FEF200,1,8,21,00,00,00,00,00,00,FF
90875,10295,0xCF00400,1,8,FF,FF,FF,50,6D,FF,FF,FF
90875,10296,0xCFF6600,1,8,AA,0D,FF,FF,FF,FF,FF,FF
90895,10297,0xCF00400,1,8,FF,FF,FF,18,6D,FF,FF,FF
90895,10298,0xCFF6600,1,8,A3,0D,FF,FF,FF,FF,FF,FF
90915,10299,0xCF00400,1,8,FF,FF,FF,E6,6C,FF,FF,FF
90916,10300,0xCFF6600,1,8,9C,0D,FF,FF,FF,FF,FF,FF
90935,10301,0xCF00400,1,8,FF,FF,FF,2A,6C,FF,FF,FF
90935,10302,0xCFF6600,1,8,85,0D,FF,FF,FF,FF,FF,FF
90945,10303,0x18FEF100,1,8,3F,00,00,FF,FF,FF,FF,FF
90946,10304,0x10FF6500,1,8,FC,FF,FF,FF,FF,FF,FF,FF
90946,10305,0x18F00500,1,8,FF,FF,FF,FF,20,2D,FF,FF
90947,10306,0x18F00600,1,8,FF,FF,FF,FF,FF,FF,FF,FF
90948,10307,0x18FEF200,1,8,21,00,00,00,00,00,00,FF
90949,10308,0x1CFDDF00,1,8,FE,FF,FF,FF,FF,FF,FF,FF
90949,10309,0x1CFF6A00,1,8,FC,FF,FF,FF,FF,FF,FF,FF
90955,10310,0xCF00400,1,8,FF,FF,FF,B6,6B,FF,FF,FF
90955,10311,0xCFF6600,1,8,76,0D,FF,FF,FF,FF,FF,FF
90975,10312,0xCF00400,1,8,FF,FF,FF,30,6B,FF,FF,FF
90996,10313,0xCF00400,1,8,FF,FF,FF,D2,6A,FF,FF,FF
90997,10314,0xCFF6600,1,8,66,0D,FF,FF,FF,FF,FF,FF
91005,10315,0x18FDE500,1,8,0A,14,1E,28,32,3C,46,13
91005,10316,0x18FEEE00,1,8,66,FF,FF,FF,FF,FF,FF,FF
91015,10317,0xCF00400,1,8,FF,FF,FF,98,6A,FF,FF,FF
91015,10318,0xCFF6600,1,8,53,0D,FF,FF,FF,FF,FF,FF
91025,10319,0x1CECFF00,1,8,20,0A,00,02,FF,CA,FE,00
91035,10320,0xCF00400,1,8,FF,FF,FF,2C,6A,FF,FF,FF
91035,10321,0xCFF6600,1,8,45,0D,FF,FF,FF,FF,FF,FF
91045,10322,0x18F00500,1,8,FF,FF,FF,FF,20,2D,FF,FF
91046,10323,0x18FEF100,1,8,3F,00,00,FF,FF,FF,FF,FF
91047,10324,0x18FEF200,1,8,25,00,00,00,00,00,00,FF
91055,10325,0xCF00400,1,8,FF,FF,FF,9C,69,FF,FF,FF
91055,10326,0xCFF6600,1,8,33,0D,FF,FF,FF,FF,FF,FF
91075,10327,0xCF00400,1,8,FF,FF,FF,C2,67,FF,FF,FF
91076,10328,0xCFF6600,1,8,F8,0C,FF,FF,FF,FF,FF,FF
91076,10329,0x1CEBFF00,1,8,01,40,FF,0F,F0,E5,01,02
91095,10330,0xCF00400,1,8,FF,FF,FF,58,67,FF,FF,FF
91095,10331,0xCFF6600,1,8,EB,0C,FF,FF,FF,FF,FF,FF
91115,10332,0xCF00400,1,8,FF,FF,FF,68,67,FF,FF,FF
91115,10333,0xCFF6600,1,8,ED,0C,FF,FF,FF,FF,FF,FF
91125,10334,0x1CEBFF00,1,8,02,F0,E3,01,FF,FF,FF,FF
91149,10335,0xCF00400,1,8,FF,FF,FF,54,67,FF,FF,FF
91150,10336,0xCFF6600,1,8,EA,0C,FF,FF,FF,FF,FF,FF
91154,10337,0x18EEFF00,1,8,08,CF,60,06,00,00,00,00
91155,10338,0xCF00400,1,8,FF,FF,FF,28,67,FF,FF,FF
91155,10339,0xCFF6600,1,8,E5,0C,FF,FF,FF,FF,FF,FF
91175,10340,0xCF00400,1,8,FF,FF,FF,E2,66,FF,FF,FF
91175,10341,0xCFF6600,1,8,DC,0C,FF,FF,FF,FF,FF,FF
91195,10342,0xCF00400,1,8,FF,FF,FF,88,66,FF,FF,FF
91195,10343,0xCFF6600,1,8,D1,0C,FF,FF,FF,FF,FF,FF
91215,10344,0xCF00400,1,8,FF,FF,FF,30,66,FF,FF,FF
91215,10345,0xCFF6600,1,8,C6,0C,FF,FF,FF,FF,FF,FF
91237,10346,0xCF00400,1,8,FF,FF,FF,D2,65,FF,FF,FF
91237,10347,0xCFF6600,1,8,BA,0C,FF,FF,FF,FF,FF,FF
91245,10348,0x18FEF100,1,8,3F,00,00,FF,FF,FF,FF,FF
91246,10349,0x10FF6500,1,8,FC,FF,FF,FF,FF,FF,FF,FF
91247,10350,0x18F00500,1,8,FF,FF,FF,FF,20,2D,FF,FF
91247,10351,0x18FEF200,1,8,25,00,00,00,00,00,00,FF
91255,10352,0xCF00400,1,8,FF,FF,FF,9C,65,FF,FF,FF
91255,10353,0xCFF6600,1,8,B3,0C,FF,FF,FF,FF,FF,FF
91277,10354,0xCF00400,1,8,FF,FF,FF,7E,65,FF,FF,FF
91299,10355,0xCF00400,1,8,FF,FF,FF,BC,64,FF,FF,FF
91299,10356,0xCFF6600,1,8,AF,0C,FF,FF,FF,FF,FF,FF
91315,10357,0xCF00400,1,8,FF,FF,FF,A6,64,FF,FF,FF
91316,10358,0xCFF6600,1,8,94,0C,FF,FF,FF,FF,FF,FF
91335,10359,0xCF00400,1,8,FF,FF,FF,D8,64,FF,FF,FF
91335,10360,0xCFF6600,1,8,9B,0C,FF,FF,FF,FF,FF,FF
91345,10361,0x18FEF100,1,8,3F,00,00,FF,FF,FF,FF,FF
91346,10362,0x18F00500,1,8,FF,FF,FF,FF,20,2D,FF,FF
91347,10363,0x18FEF200,1,8,25,00,00,00,00,00,00,FF
91355,10364,0xCF00400,1,8,FF,FF,FF,5A,64,FF,FF,FF
91356,10365,0xCFF6600,1,8,8B,0C,FF,FF,FF,FF,FF,FF
91375,10366,0xCF00400,1,8,FF,FF,FF,52,63,FF,FF,FF
91375,10367,0xCFF6600,1,8,6A,0C,FF,FF,FF,FF,FF,FF
91395,10368,0xCF00400,1,8,FF,FF,FF,E4,62,FF,FF,FF
91395,10369,0xCFF6600,1,8,5C,0C,FF,FF,FF,FF,FF,FF
91415,10370,0xCF00400,1,8,FF,FF,FF,F4,62,FF,FF,FF
91420,10371,0xCFF6600,1,8,5E,0C,FF,FF,FF,FF,FF,FF
91435,10372,0xCF00400,1,8,FF,FF,FF,CE,62,FF,FF,FF
91435,10373,0xCFF6600,1,8,59,0C,FF,FF,FF,FF,FF,FF
91447,10374,0x10FF6500,1,8,FC,FF,FF,FF,FF,FF,FF,FF
91447,10375,0x18F00500,1,8,FF,FF,FF,FF,20,2D,FF,FF
91448,10376,0x18FEF100,1,8,3F,00,00,FF,FF,FF,FF,FF
91449,10377,0x18FEF200,1,8,25,00,00,00,00,00,00,FF
91455,10378,0xCF00400,1,8,FF,FF,FF,86,62,FF,FF,FF
91456,10379,0xCFF6600,1,8,50,0C,FF,FF,FF,FF,FF,FF
91490,10380,0xCF00400,1,8,FF,FF,FF,38,62,FF,FF,FF
91490,10381,0xCFF6600,1,8,47,0C,FF,FF,FF,FF,FF,FF
91494,10382,0x18EEFF00,1,8,08,CF,60,06,00,00,00,00
91496,10383,0xCF00400,1,8,FF,FF,FF,E4,61,FF,FF,FF
91497,10384,0xCFF6600,1,8,3C,0C,FF,FF,FF,FF,FF,FF
91515,10385,0xCF00400,1,8,FF,FF,FF,8C,61,FF,FF,FF
91515,10386,0xCFF6600,1,8,31,0C,FF,FF,FF,FF,FF,FF
91535,10387,0xCF00400,1,8,FF,FF,FF,36,61,FF,FF,FF
91535,10388,0xCFF6600,1,8,26,0C,FF,FF,FF,FF,FF,FF
91545,10389,0x18FEF100,1,8,3F,00,00,FF,FF,FF,FF,FF
91546,10390,0x18F00500,1,8,FF,FF,FF,FF,20,2D,FF,FF
91546,10391,0x18F00600,1,8,FF,FF,FF,FF,FF,FF,FF,FF
91547,10392,0x18FEF200,1,8,25,00,00,00,00,00,00,FF
91548,10393,0x1CFDDF00,1,8,FE,FF,FF,FF,FF,FF,FF,FF
91548,10394,0x1CFF6A00,1,8,FC,FF,FF,FF,FF,FF,FF,FF
91555,10395,0xCF00400,1,8,FF,FF,FF,F0,60,FF,FF,FF
91556,10396,0xCFF6600,1,8,1E,0C,FF,FF,FF,FF,FF,FF
91575,10397,0xCF00400,1,8,FF,FF,FF,B4,60,FF,FF,FF
91575,10398,0xCFF6600,1,8,16,0C,FF,FF,FF,FF,FF,FF
91595,10399,0xCF00400,1,8,FF,FF,FF,48,60,FF,FF,FF
91596,10400,0xCFF6600,1,8,09,0C,FF,FF,FF,FF,FF,FF
91616,10401,0xCF00400,1,8,FF,FF,FF,A8,5F,FF,FF,FF
91617,10402,0xCFF6600,1,8,F5,0B,FF,FF,FF,FF,FF,FF
91635,10403,0xCF00400,1,8,FF,FF,FF,84,5F,FF,FF,FF
91636,10404,0xCFF6600,1,8,F0,0B,FF,FF,FF,FF,FF,FF
91646,10405,0x18FEF100,1,8,3F,00,00,FF,FF,FF,FF,FF
91646,10406,0x10FF6500,1,8,FC,FF,FF,FF,FF,FF,FF,FF
91647,10407,0x18F00500,1,8,FF,FF,FF,FF,20,2D,FF,FF
91647,10408,0x18FEF200,1,8,25,00,00,00,00,00,00,FF
91657,10409,0xCF00400,1,8,FF,FF,FF,BC,5F,FF,FF,FF
91658,10410,0xCFF6600,1,8,F7,0B,FF,FF,FF,FF,FF,FF
91675,10411,0xCF00400,1,8,FF,FF,FF,C6,5F,FF,FF,FF
91676,10412,0xCFF6600,1,8,F8,0B,FF,FF,FF,FF,FF,FF
91695,10413,0xCF00400,1,8,FF,FF,FF,B6,5F,FF,FF,FF
91696,10414,0xCFF6600,1,8,F6,0B,FF,FF,FF,FF,FF,FF
91715,10415,0xCF00400,1,8,FF,FF,FF,4A,5F,FF,FF,FF
91715,10416,0xCFF6600,1,8,E9,0B,FF,FF,FF,FF,FF,FF
91736,10417,0xCF00400,1,8,FF,FF,FF,96,5E,FF,FF,FF
91737,10418,0xCFF6600,1,8,D2,0B,FF,FF,FF,FF,FF,FF
91746,10419,0x18F00500,1,8,FF,FF,FF,FF,20,2D,FF,FF
91746,10420,0x18FEF100,1,8,3F,00,00,FF,FF,FF,FF,FF
91747,10421,0x18FEF200,1,8,25,00,00,00,00,00,00,FF
91756,10422,0xCF00400,1,8,FF,FF,FF,B4,5D,FF,FF,FF
91756,10423,0xCFF6600,1,8,B6,0B,FF,FF,FF,FF,FF,FF
91775,10424,0xCF00400,1,8,FF,FF,FF,9C,5C,FF,FF,FF
91795,10425,0xCF00400,1,8,FF,FF,FF,CA,5B,FF,FF,FF
91797,10426,0xCFF6600,1,8,93,0B,FF,FF,FF,FF,FF,FF
91815,10427,0xCF00400,1,8,FF,FF,FF,3C,5B,FF,FF,FF
91815,10428,0xCFF6600,1,8,67,0B,FF,FF,FF,FF,FF,FF
91851,10429,0xCF00400,1,8,FF,FF,FF,EC,5A,FF,FF,FF
91851,10430,0xCFF6600,1,8,5D,0B,FF,FF,FF,FF,FF,FF
91854,10431,0x18EEFF00,1,8,08,CF,60,06,00,00,00,00
91855,10432,0xCF00400,1,8,FF,FF,FF,CE,5A,FF,FF,FF
91855,10433,0xCFF6600,1,8,59,0B,FF,FF,FF,FF,FF,FF
91875,10434,0xCF00400,1,8,FF,FF,FF,A0,5A,FF,FF,FF
91875,10435,0xCFF6600,1,8,54,0B,FF,FF,FF,FF,FF,FF
91896,10436,0xCF00400,1,8,FF,FF,FF,62,5A,FF,FF,FF
91897,10437,0xCFF6600,1,8,4C,0B,FF,FF,FF,FF,FF,FF
91915,10438,0xCF00400,1,8,FF,FF,FF,5E,5A,FF,FF,FF
91915,10439,0xCFF6600,1,8,4B,0B,FF,FF,FF,FF,FF,FF
91935,10440,0xCF00400,1,8,FF,FF,FF,8A,5A,FF,FF,FF
91936,10441,0xCFF6600,1,8,51,0B,FF,FF,FF,FF,FF,FF
91946,10442,0x18FEF100,1,8,3F,00,00,FF,FF,FF,FF,FF
91947,10443,0x10FF6500,1,8,FC,FF,FF,FF,FF,FF,FF,FF
91948,10444,0x18F00500,1,8,FF,FF,FF,FF,20,2D,FF,FF
91982,10445,0xCF00400,1,8,FF,FF,FF,84,5A,FF,FF,FF
91983,10446,0xCFF6600,1,8,50,0B,FF,FF,FF,FF,FF,FF
91984,10447,0x18FEF200,1,8,25,00,00,00,00,00,00,FF
91984,10448,0x18EEFF00,1,8,08,CF,60,06,00,00,00,00
91995,10449,0xCF00400,1,8,FF,FF,FF,2E,5A,FF,FF,FF
91996,10450,0xCFF6600,1,8,45,0B,FF,FF,FF,FF,FF,FF
92004,10451,0x18FDE500,1,8,0A,14,1E,28,32,3C,46,13
92005,10452,0x18FEEE00,1,8,67,FF,FF,FF,FF,FF,FF,FF
92015,10453,0xCF00400,1,8,FF,FF,FF,02,5A,FF,FF,FF
92015,10454,0xCFF6600,1,8,40,0B,FF,FF,FF,FF,FF,FF
92024,10455,0x1CECFF00,1,8,20,0A,00,02,FF,CA,FE,00
92035,10456,0xCF00400,1,8,FF,FF,FF,BE,59,FF,FF,FF
92036,10457,0xCFF6600,1,8,37,0B,FF,FF,FF,FF,FF,FF
92046,10458,0x18F00500,1,8,FF,FF,FF,FF,20,2D,FF,FF
92046,10459,0x18FEF100,1,8,3F,00,00,FF,FF,FF,FF,FF
92047,10460,0x18FEF200,1,8,1E,00,00,00,00,00,00,FF
92055,10461,0xCF00400,1,8,FF,FF,FF,5C,59,FF,FF,FF
92055,10462,0xCFF6600,1,8,2B,0B,FF,FF,FF,FF,FF,FF
92075,10463,0xCF00400,1,8,FF,FF,FF,24,59,FF,FF,FF
92076,10464,0xCFF6600,1,8,24,0B,FF,FF,FF,FF,FF,FF
92077,10465,0x1CEBFF00,1,8,01,40,FF,0F,F0,E5,01,02
92095,10466,0xCF00400,1,8,FF,FF,FF,0A,59,FF,FF,FF
92096,10467,0xCFF6600,1,8,21,0B,FF,FF,FF,FF,FF,FF
92115,10468,0xCF00400,1,8,FF,FF,FF,10,59,FF,FF,FF
92115,10469,0xCFF6600,1,8,22,0B,FF,FF,FF,FF,FF,FF
92125,10470,0x1CEBFF00,1,8,02,F0,E3,01,FF,FF,FF,FF
92135,10471,0xCF00400,1,8,FF,FF,FF,34,59,FF,FF,FF
92136,10472,0xCFF6600,1,8,26,0B,FF,FF,FF,FF,FF,FF
92148,10473,0x10FF6500,1,8,FC,FF,FF,FF,FF,FF,FF,FF
92149,10474,0x18F00500,1,8,FF,FF,FF,FF,20,2D,FF,FF
92149,10475,0x18F00600,1,8,FF,FF,FF,FF,FF,FF,FF,FF
92150,10476,0x18FEF100,1,8,3F,00,00,FF,FF,FF,FF,FF
92151,10477,0x18FEF200,1,8,1E,00,00,00,00,00,00,FF
92152,10478,0x1CFDDF00,1,8,FE,FF,FF,FF,FF,FF,FF,FF
92152,10479,0x1CFF6A00,1,8,FC,FF,FF,FF,FF,FF,FF,FF
92173,10480,0xCF00400,1,8,FF,FF,FF,54,59,FF,FF,FF
92174,10481,0xCFF6600,1,8,2A,0B,FF,FF,FF,FF,FF,FF
92175,10482,0x18EEFF00,1,8,08,CF,60,06,00,00,00,00
92195,10483,0xCF00400,1,8,FF,FF,FF,6E,59,FF,FF,FF
92195,10484,0xCFF6600,1,8,2D,0B,FF,FF,FF,FF,FF,FF
92215,10485,0xCF00400,1,8,FF,FF,FF,A2,59,FF,FF,FF
92215,10486,0xCFF6600,1,8,34,0B,FF,FF,FF,FF,FF,FF
92235,10487,0xCF00400,1,8,FF,FF,FF,E8,59,FF,FF,FF
92235,10488,0xCFF6600,1,8,3D,0B,FF,FF,FF,FF,FF,FF
92246,10489,0x18FEF100,1,8,3F,00,00,FF,FF,FF,FF,FF
92247,10490,0x18F00500,1,8,FF,FF,FF,FF,20,2D,FF,FF
92247,10491,0x18FEF200,1,8,1E,00,00,00,00,00,00,FF
92255,10492,0xCF00400,1,8,FF,FF,FF,E2,59,FF,FF,FF
92255,10493,0xCFF6600,1,8,3C,0B,FF,FF,FF,FF,FF,FF
92276,10494,0xCF00400,1,8,FF,FF,FF,A4,59,FF,FF,FF
92277,10495,0xCFF6600,1,8,34,0B,FF,FF,FF,FF,FF,FF
92295,10496,0xCF00400,1,8,FF,FF,FF,86,59,FF,FF,FF
92295,10497,0xCFF6600,1,8,30,0B,FF,FF,FF,FF,FF,FF
92315,10498,0xCF00400,1,8,FF,FF,FF,82,59,FF,FF,FF
92316,10499,0xCFF6600,1,8,30,0B,FF,FF,FF,FF,FF,FF
92335,10500,0xCF00400,1,8,FF,FF,FF,32,59,FF,FF,FF
92355,10501,0xCF00400,1,8,FF,FF,FF,A0,58,FF,FF,FF
92356,10502,0xCFF6600,1,8,26,0B,FF,FF,FF,FF,FF,FF
92357,10503,0x10FF6500,1,8,FC,FF,FF,FF,FF,FF,FF,FF
92358,10504,0x18F00500,1,8,FF,FF,FF,FF,20,2D,FF,FF
92358,10505,0x18FEF100,1,8,3F,00,00,FF,FF,FF,FF,FF
92359,10506,0x18FEF200,1,8,1E,00,00,00,00,00,00,FF
92375,10507,0xCF00400,1,8,FF,FF,FF,46,58,FF,FF,FF
92376,10508,0xCFF6600,1,8,08,0B,FF,FF,FF,FF,FF,FF
92395,10509,0xCF00400,1,8,FF,FF,FF,16,58,FF,FF,FF
92397,10510,0xCFF6600,1,8,02,0B,FF,FF,FF,FF,FF,FF
92415,10511,0xCF00400,1,8,FF,FF,FF,EE,57,FF,FF,FF
92416,10512,0xCFF6600,1,8,FD,0A,FF,FF,FF,FF,FF,FF
92435,10513,0xCF00400,1,8,FF,FF,FF,CC,57,FF,FF,FF
92435,10514,0xCFF6600,1,8,F9,0A,FF,FF,FF,FF,FF,FF
92446,10515,0x18F00500,1,8,FF,FF,FF,FF,20,2D,FF,FF
92447,10516,0x18FEF100,1,8,3F,00,00,FF,FF,FF,FF,FF
92448,10517,0x18FEF200,1,8,1E,00,00,00,00,00,00,FF
92455,10518,0xCF00400,1,8,FF,FF,FF,AE,57,FF,FF,FF
92455,10519,0xCFF6600,1,8,F5,0A,FF,FF,FF,FF,FF,FF
92475,10520,0xCF00400,1,8,FF,FF,FF,9A,57,FF,FF,FF
92496,10521,0xCF00400,1,8,FF,FF,FF,8C,57,FF,FF,FF
92496,10522,0xCFF6600,1,8,F3,0A,FF,FF,FF,FF,FF,FF
92529,10523,0xCF00400,1,8,FF,FF,FF,78,57,FF,FF,FF
92531,10524,0xCFF6600,1,8,EF,0A,FF,FF,FF,FF,FF,FF
92534,10525,0x18EEFF00,1,8,08,CF,60,06,00,00,00,00
92535,10526,0xCF00400,1,8,FF,FF,FF,78,57,FF,FF,FF
92536,10527,0xCFF6600,1,8,EF,0A,FF,FF,FF,FF,FF,FF
92545,10528,0x18FEF100,1,8,3F,00,00,FF,FF,FF,FF,FF
92546,10529,0x10FF6500,1,8,FC,FF,FF,FF,FF,FF,FF,FF
92547,10530,0x18F00500,1,8,FF,FF,FF,FF,20,2D,FF,FF
92547,10531,0x18FEF200,1,8,1E,00,00,00,00,00,00,FF
92555,10532,0xCF00400,1,8,FF,FF,FF,12,57,FF,FF,FF
92555,10533,0xCFF6600,1,8,E2,0A,FF,FF,FF,FF,FF,FF
92575,10534,0xCF00400,1,8,FF,FF,FF,64,56,FF,FF,FF
92575,10535,0xCFF6600,1,8,CC,0A,FF,FF,FF,FF,FF,FF
92596,10536,0xCF00400,1,8,FF,FF,FF,D6,55,FF,FF,FF
92596,10537,0xCFF6600,1,8,BA,0A,FF,FF,FF,FF,FF,FF
92615,10538,0xCF00400,1,8,FF,FF,FF,66,55,FF,FF,FF
92615,10539,0xCFF6600,1,8,AC,0A,FF,FF,FF,FF,FF,FF
92635,10540,0xCF00400,1,8,FF,FF,FF,60,55,FF,FF,FF
92636,10541,0xCFF6600,1,8,AC,0A,FF,FF,FF,FF,FF,FF
92646,10542,0x18FEF100,1,8,3F,00,00,FF,FF,FF,FF,FF
92647,10543,0x18F00500,1,8,FF,FF,FF,FF,20,2D,FF,FF
92649,10544,0x18F00600,1,8,FF,FF,FF,FF,FF,FF,FF,FF
92649,10545,0x18FEF200,1,8,1E,00,00,00,00,00,00,FF
92650,10546,0x1CFDDF00,1,8,FE,FF,FF,FF,FF,FF,FF,FF
92652,10547,0x1CFF6A00,1,8,FC,FF,FF,FF,FF,FF,FF,FF
92655,10548,0xCF00400,1,8,FF,FF,FF,B0,55,FF,FF,FF
92655,10549,0xCFF6600,1,8,B6,0A,FF,FF,FF,FF,FF,FF
92675,10550,0xCF00400,1,8,FF,FF,FF,A0,55,FF,FF,FF
92675,10551,0xCFF6600,1,8,B4,0A,FF,FF,FF,FF,FF,FF
92695,10552,0xCF00400,1,8,FF,FF,FF,46,55,FF,FF,FF
92716,10553,0xCF00400,1,8,FF,FF,FF,DE,54,FF,FF,FF
92716,10554,0xCFF6600,1,8,A8,0A,FF,FF,FF,FF,FF,FF
92735,10555,0xCF00400,1,8,FF,FF,FF,6A,54,FF,FF,FF
92735,10556,0xCFF6600,1,8,8D,0A,FF,FF,FF,FF,FF,FF
92746,10557,0x18FEF100,1,8,3F,00,00,FF,FF,FF,FF,FF
92746,10558,0x10FF6500,1,8,FC,FF,FF,FF,FF,FF,FF,FF
92747,10559,0x18F00500,1,8,FF,FF,FF,FF,20,2D,FF,FF
92748,10560,0x18FEF200,1,8,1E,00,00,00,00,00,00,FF
92755,10561,0xCF00400,1,8,FF,FF,FF,6A,54,FF,FF,FF
92755,10562,0xCFF6600,1,8,8D,0A,FF,FF,FF,FF,FF,FF
92775,10563,0xCF00400,1,8,FF,FF,FF,12,54,FF,FF,FF
92776,10564,0xCFF6600,1,8,82,0A,FF,FF,FF,FF,FF,FF
92795,10565,0xCF00400,1,8,FF,FF,FF,CE,53,FF,FF,FF
92796,10566,0xCFF6600,1,8,79,0A,FF,FF,FF,FF,FF,FF
92815,10567,0xCF00400,1,8,FF,FF,FF,92,53,FF,FF,FF
92816,10568,0xCFF6600,1,8,72,0A,FF,FF,FF,FF,FF,FF
92835,10569,0xCF00400,1,8,FF,FF,FF,5A,53,FF,FF,FF
92836,10570,0xCFF6600,1,8,6B,0A,FF,FF,FF,FF,FF,FF
92846,10571,0x18FEF100,1,8,3F,00,00,FF,FF,FF,FF,FF
92847,10572,0x18F00500,1,8,FF,FF,FF,FF,20,2D,FF,FF
92847,10573,0x18FEF200,1,8,1E,00,00,00,00,00,00,FF
92855,10574,0xCF00400,1,8,FF,FF,FF,18,53,FF,FF,FF
92856,10575,0xCFF6600,1,8,63,0A,FF,FF,FF,FF,FF,FF
92875,10576,0xCF00400,1,8,FF,FF,FF,CA,52,FF,FF,FF
92875,10577,0xCFF6600,1,8,59,0A,FF,FF,FF,FF,FF,FF
92896,10578,0xCF00400,1,8,FF,FF,FF,18,52,FF,FF,FF
92896,10579,0xCFF6600,1,8,43,0A,FF,FF,FF,FF,FF,FF
92915,10580,0xCF00400,1,8,FF,FF,FF,0A,51,FF,FF,FF
92916,10581,0xCFF6600,1,8,21,0A,FF,FF,FF,FF,FF,FF
92935,10582,0xCF00400,1,8,FF,FF,FF,0A,51,FF,FF,FF
92935,10583,0xCFF6600,1,8,21,0A,FF,FF,FF,FF,FF,FF
92950,10584,0x10FF6500,1,8,FC,FF,FF,FF,FF,FF,FF,FF
92950,10585,0x18F00500,1,8,FF,FF,FF,FF,20,2D,FF,FF
92951,10586,0x18FEF100,1,8,3F,00,00,FF,FF,FF,FF,FF
92951,10587,0x18FEF200,1,8,1E,00,00,00,00,00,00,FF
92955,10588,0xCF00400,1,8,FF,FF,FF,A2,50,FF,FF,FF
92955,10589,0xCFF6600,1,8,14,0A,FF,FF,FF,FF,FF,FF
92975,10590,0xCF00400,1,8,FF,FF,FF,D4,50,FF,FF,FF
92975,10591,0xCFF6600,1,8,1A,0A,FF,FF,FF,FF,FF,FF
92995,10592,0xCF00400,1,8,FF,FF,FF,EE,50,FF,FF,FF
92996,10593,0xCFF6600,1,8,1D,0A,FF,FF,FF,FF,FF,FF
93004,10594,0x18FDE500,1,8,0A,14,1E,28,32,3C,46,13
93005,10595,0x18FEEE00,1,8,67,FF,FF,FF,FF,FF,FF,FF
93015,10596,0xCF00400,1,8,FF,FF,FF,F2,50,FF,FF,FF
93035,10597,0xCF00400,1,8,FF,FF,FF,94,50,FF,FF,FF
93049,10598,0xCFF6600,1,8,1E,0A,FF,FF,FF,FF,FF,FF
93050,10599,0x1CECFF00,1,8,20,0A,00,02,FF,CA,FE,00
93054,10600,0x18EEFF00,1,8,08,CF,60,06,00,00,00,00
93056,10601,0xCF00400,1,8,FF,FF,FF,DE,4F,FF,FF,FF
93056,10602,0xCFF6600,1,8,FB,09,FF,FF,FF,FF,FF,FF
93076,10603,0xCF00400,1,8,FF,FF,FF,DE,4F,FF,FF,FF
93076,10604,0xCFF6600,1,8,FB,09,FF,FF,FF,FF,FF,FF
93077,10605,0x1CEBFF00,1,8,01,40,FF,0F,F0,E5,01,02
93095,10606,0xCF00400,1,8,FF,FF,FF,78,4F,FF,FF,FF
93095,10607,0xCFF6600,1,8,EF,09,FF,FF,FF,FF,FF,FF
93115,10608,0xCF00400,1,8,FF,FF,FF,60,4F,FF,FF,FF
93116,10609,0xCFF6600,1,8,EC,09,FF,FF,FF,FF,FF,FF
93125,10610,0x1CEBFF00,1,8,02,F0,E3,01,FF,FF,FF,FF
93135,10611,0xCF00400,1,8,FF,FF,FF,48,4F,FF,FF,FF
93135,10612,0xCFF6600,1,8,E9,09,FF,FF,FF,FF,FF,FF
93146,10613,0x18F00500,1,8,FF,FF,FF,FF,20,2D,FF,FF
93146,10614,0x18FEF100,1,8,3F,00,00,FF,FF,FF,FF,FF
93147,10615,0x18FEF200,1,8,1D,00,00,00,00,00,08,FF
93155,10616,0xCF00400,1,8,FF,FF,FF,38,4F,FF,FF,FF
93155,10617,0xCFF6600,1,8,E7,09,FF,FF,FF,FF,FF,FF
93175,10618,0xCF00400,1,8,FF,FF,FF,62,4F,FF,FF,FF
93176,10619,0xCFF6600,1,8,EC,09,FF,FF,FF,FF,FF,FF
93195,10620,0xCF00400,1,8,FF,FF,FF,62,4F,FF,FF,FF
93196,10621,0xCFF6600,1,8,EC,09,FF,FF,FF,FF,FF,FF
93215,10622,0xCF00400,1,8,FF,FF,FF,D2,4F,FF,FF,FF
93215,10623,0xCFF6600,1,8,FA,09,FF,FF,FF,FF,FF,FF
93236,10624,0xCF00400,1,8,FF,FF,FF,60,50,FF,FF,FF
93237,10625,0xCFF6600,1,8,0C,0A,FF,FF,FF,FF,FF,FF
93246,10626,0x10FF6500,1,8,FC,FF,FF,FF,FF,FF,FF,FF
93247,10627,0x18F00500,1,8,FF,FF,FF,FF,20,2D,FF,FF
93248,10628,0x18F00600,1,8,FF,FF,FF,FF,FF,FF,FF,FF
93248,10629,0x18FEF100,1,8,3F,00,00,FF,FF,FF,FF,FF
93249,10630,0x18FEF200,1,8,1D,00,00,00,00,00,12,FF
93249,10631,0x1CFDDF00,1,8,FE,FF,FF,FF,FF,FF,FF,FF
93250,10632,0x1CFF6A00,1,8,FC,FF,FF,FF,FF,FF,FF,FF
93251,10633,0x1CFF6A00,1,8,FC,FF,FF,FF,FF,FF,FF,FF
93255,10634,0xCF00400,1,8,FF,FF,FF,1C,51,FF,FF,FF
93256,10635,0xCFF6600,1,8,23,0A,FF,FF,FF,FF,FF,FF
93275,10636,0xCF00400,1,8,FF,FF,FF,06,52,FF,FF,FF
93295,10637,0xCF00400,1,8,FF,FF,FF,26,53,FF,FF,FF
93296,10638,0xCFF6600,1,8,40,0A,FF,FF,FF,FF,FF,FF
93315,10639,0xCF00400,1,8,FF,FF,FF,2E,54,FF,FF,FF
93316,10640,0xCFF6600,1,8,85,0A,FF,FF,FF,FF,FF,FF
93335,10641,0xCF00400,1,8,FF,FF,FF,30,55,FF,FF,FF
93335,10642,0xCFF6600,1,8,A6,0A,FF,FF,FF,FF,FF,FF
93346,10643,0x18F00500,1,8,FF,FF,FF,FF,20,2D,FF,FF
93347,10644,0x18FEF100,1,8,3F,00,00,FF,FF,FF,FF,FF
93347,10645,0x18FEF200,1,8,1D,00,00,00,00,00,17,FF
93355,10646,0xCF00400,1,8,FF,FF,FF,58,56,FF,FF,FF
93355,10647,0xCFF6600,1,8,CB,0A,FF,FF,FF,FF,FF,FF
93376,10648,0xCF00400,1,8,FF,FF,FF,A0,57,FF,FF,FF
93377,10649,0xCFF6600,1,8,F4,0A,FF,FF,FF,FF,FF,FF
93395,10650,0xCF00400,1,8,FF,FF,FF,A0,57,FF,FF,FF
93395,10651,0xCFF6600,1,8,F4,0A,FF,FF,FF,FF,FF,FF
93415,10652,0xCF00400,1,8,FF,FF,FF,CA,58,FF,FF,FF
93416,10653,0xCFF6600,1,8,19,0B,FF,FF,FF,FF,FF,FF
93435,10654,0xCF00400,1,8,FF,FF,FF,CC,59,FF,FF,FF
93436,10655,0xCFF6600,1,8,39,0B,FF,FF,FF,FF,FF,FF
93446,10656,0x10FF6500,1,8,FC,FF,FF,FF,FF,FF,FF,FF
93446,10657,0x18F00500,1,8,FF,FF,FF,FF,20,2D,FF,FF
93447,10658,0x18FEF100,1,8,3F,00,00,FF,FF,FF,FF,FF
93448,10659,0x18FEF200,1,8,1D,00,00,00,00,00,14,FF
93455,10660,0xCF00400,1,8,FF,FF,FF,28,5B,FF,FF,FF
93476,10661,0xCF00400,1,8,FF,FF,FF,BC,5C,FF,FF,FF
93478,10662,0xCFF6600,1,8,65,0B,FF,FF,FF,FF,FF,FF
93495,10663,0xCF00400,1,8,FF,FF,FF,C2,5D,FF,FF,FF
93496,10664,0xCFF6600,1,8,B8,0B,FF,FF,FF,FF,FF,FF
93515,10665,0xCF00400,1,8,FF,FF,FF,5A,5E,FF,FF,FF
93515,10666,0xCFF6600,1,8,CB,0B,FF,FF,FF,FF,FF,FF
93535,10667,0xCF00400,1,8,FF,FF,FF,4A,61,FF,FF,FF
93536,10668,0xCFF6600,1,8,29,0C,FF,FF,FF,FF,FF,FF
93546,10669,0x18F00500,1,8,FF,FF,FF,FF,20,2D,FF,FF
93547,10670,0x18FEF100,1,8,3F,00,00,FF,FF,FF,FF,FF
93547,10671,0x18FEF200,1,8,1D,00,00,00,00,00,12,FF
93555,10672,0xCF00400,1,8,FF,FF,FF,82,62,FF,FF,FF
93555,10673,0xCFF6600,1,8,50,0C,FF,FF,FF,FF,FF,FF
93575,10674,0xCF00400,1,8,FF,FF,FF,70,63,FF,FF,FF
93576,10675,0xCFF6600,1,8,6E,0C,FF,FF,FF,FF,FF,FF
93595,10676,0xCF00400,1,8,FF,FF,FF,AE,64,FF,FF,FF
93595,10677,0xCFF6600,1,8,95,0C,FF,FF,FF,FF,FF,FF
93615,10678,0xCF00400,1,8,FF,FF,FF,20,66,FF,FF,FF
93615,10679,0xCFF6600,1,8,C4,0C,FF,FF,FF,FF,FF,FF
93635,10680,0xCF00400,1,8,FF,FF,FF,58,67,FF,FF,FF
93635,10681,0xCFF6600,1,8,EB,0C,FF,FF,FF,FF,FF,FF
93647,10682,0x10FF6500,1,8,FC,FF,FF,FF,FF,FF,FF,FF
93647,10683,0x18F00500,1,8,FF,FF,FF,FF,20,2D,FF,FF
93673,10684,0x18EEFF00,1,8,08,CF,60,06,00,00,00,00
93673,10685,0x18FEF100,1,8,3F,00,00,FF,FF,FF,FF,FF
93674,10686,0x18FEF200,1,8,1D,00,00,00,00,00,11,FF
93675,10687,0xCF00400,1,8,FF,FF,FF,74,69,FF,FF,FF
93676,10688,0xCFF6600,1,8,2E,0D,FF,FF,FF,FF,FF,FF
93695,10689,0xCF00400,1,8,FF,FF,FF,72,6A,FF,FF,FF
93695,10690,0xCFF6600,1,8,4E,0D,FF,FF,FF,FF,FF,FF
93716,10691,0xCF00400,1,8,FF,FF,FF,F6,6C,FF,FF,FF
93716,10692,0xCFF6600,1,8,9E,0D,FF,FF,FF,FF,FF,FF
93735,10693,0xCF00400,1,8,FF,FF,FF,BC,6D,FF,FF,FF
93735,10694,0xCFF6600,1,8,B7,0D,FF,FF,FF,FF,FF,FF
93747,10695,0x18F00500,1,8,FF,FF,FF,FF,20,2D,FF,FF
93748,10696,0x18F00600,1,8,FF,FF,FF,FF,FF,FF,FF,FF
93749,10697,0x18FEF100,1,8,3F,00,00,FF,FF,FF,FF,FF
93750,10698,0x18FEF200,1,8,1D,00,00,00,00,00,11,FF
93750,10699,0x1CFDDF00,1,8,FE,FF,FF,FF,FF,FF,FF,FF
93751,10700,0x1CFF6A00,1,8,FC,FF,FF,FF,FF,FF,FF,FF
93755,10701,0xCF00400,1,8,FF,FF,FF,34,6E,FF,FF,FF
93756,10702,0xCFF6600,1,8,C6,0D,FF,FF,FF,FF,FF,FF
93776,10703,0xCF00400,1,8,FF,FF,FF,FA,6E,FF,FF,FF
93776,10704,0xCFF6600,1,8,DF,0D,FF,FF,FF,FF,FF,FF
93795,10705,0xCF00400,1,8,FF,FF,FF,F4,6F,FF,FF,FF
93796,10706,0xCFF6600,1,8,FE,0D,FF,FF,FF,FF,FF,FF
93815,10707,0xCF00400,1,8,FF,FF,FF,E2,70,FF,FF,FF
93816,10708,0xCFF6600,1,8,1C,0E,FF,FF,FF,FF,FF,FF
93835,10709,0xCF00400,1,8,FF,FF,FF,9C,72,FF,FF,FF
93836,10710,0xCFF6600,1,8,53,0E,FF,FF,FF,FF,FF,FF
93846,10711,0x10FF6500,1,8,FC,FF,FF,FF,FF,FF,FF,FF
93846,10712,0x18F00500,1,8,FF,FF,FF,FF,20,2D,FF,FF
93869,10713,0xCF00400,1,8,FF,FF,FF,5E,73,FF,FF,FF
93869,10714,0xCFF6600,1,8,6B,0E,FF,FF,FF,FF,FF,FF
93870,10715,0x18FEF100,1,8,3F,00,00,FF,FF,FF,FF,FF
93871,10716,0x18FEF200,1,8,1D,00,00,00,00,00,11,FF
93875,10717,0xCF00400,1,8,FF,FF,FF,36,74,FF,FF,FF
93875,10718,0xCFF6600,1,8,86,0E,FF,FF,FF,FF,FF,FF
93895,10719,0xCF00400,1,8,FF,FF,FF,20,75,FF,FF,FF
93896,10720,0xCFF6600,1,8,A4,0E,FF,FF,FF,FF,FF,FF
93915,10721,0xCF00400,1,8,FF,FF,FF,02,76,FF,FF,FF
93915,10722,0xCFF6600,1,8,C0,0E,FF,FF,FF,FF,FF,FF
93935,10723,0xCF00400,1,8,FF,FF,FF,D6,76,FF,FF,FF
93935,10724,0xCFF6600,1,8,DA,0E,FF,FF,FF,FF,FF,FF
93946,10725,0x18FEF100,1,8,3F,00,00,FF,FF,FF,FF,FF
93946,10726,0x18F00500,1,8,FF,FF,FF,FF,20,2D,FF,FF
93947,10727,0x18FEF200,1,8,1D,00,00,00,00,00,0F,FF
93955,10728,0xCF00400,1,8,FF,FF,FF,F0,77,FF,FF,FF
93957,10729,0xCFF6600,1,8,FE,0E,FF,FF,FF,FF,FF,FF
93975,10730,0xCF00400,1,8,FF,FF,FF,E2,79,FF,FF,FF
93976,10731,0xCFF6600,1,8,3C,0F,FF,FF,FF,FF,FF,FF
93995,10732,0xCF00400,1,8,FF,FF,FF,D0,7A,FF,FF,FF
94016,10733,0xCF00400,1,8,FF,FF,FF,BA,7B,FF,FF,FF
94017,10734,0xCFF6600,1,8,5A,0F,FF,FF,FF,FF,FF,FF
94017,10735,0x18FDE500,1,8,0A,14,1E,28,32,3C,46,13
94019,10736,0x18FEEE00,1,8,67,FF,FF,FF,FF,FF,FF,FF
94025,10737,0x1CECFF00,1,8,20,0A,00,02,FF,CA,FE,00
94036,10738,0xCF00400,1,8,FF,FF,FF,10,7D,FF,FF,FF
94036,10739,0xCFF6600,1,8,A2,0F,FF,FF,FF,FF,FF,FF
94046,10740,0x10FF6500,1,8,FC,FF,FF,FF,FF,FF,FF,FF
94047,10741,0x18F00500,1,8,FF,FF,FF,FF,20,2D,FF,FF
94047,10742,0x18FEF100,1,8,3F,00,00,FF,FF,FF,FF,FF
94048,10743,0x18FEF200,1,8,2A,00,00,00,00,00,0E,FF
94055,10744,0xCF00400,1,8,FF,FF,FF,82,7D,FF,FF,FF
94055,10745,0xCFF6600,1,8,B0,0F,FF,FF,FF,FF,FF,FF
94075,10746,0xCF00400,1,8,FF,FF,FF,DA,7D,FF,FF,FF
94075,10747,0xCFF6600,1,8,BB,0F,FF,FF,FF,FF,FF,FF
94076,10748,0x1CEBFF00,1,8,01,40,FF,0F,F0,E5,01,02
94095,10749,0xCF00400,1,8,FF,FF,FF,38,7F,FF,FF,FF
94096,10750,0xCFF6600,1,8,E7,0F,FF,FF,FF,FF,FF,FF
94115,10751,0xCF00400,1,8,FF,FF,FF,C6,7F,FF,FF,FF
94116,10752,0xCFF6600,1,8,F8,0F,FF,FF,FF,FF,FF,FF
94124,10753,0x1CEBFF00,1,8,02,F0,E3,01,FF,FF,FF,FF
94135,10754,0xCF00400,1,8,FF,FF,FF,34,80,FF,FF,FF
94135,10755,0xCFF6600,1,8,06,10,FF,FF,FF,FF,FF,FF
94146,10756,0x18FEF100,1,8,3F,00,00,FF,FF,FF,FF,FF
94146,10757,0x18F00500,1,8,FF,FF,FF,FF,20,2D,FF,FF
94147,10758,0x18FEF200,1,8,2A,00,00,00,00,00,0C,FF
94155,10759,0xCF00400,1,8,FF,FF,FF,E8,80,FF,FF,FF
94155,10760,0xCFF6600,1,8,1D,10,FF,FF,FF,FF,FF,FF
94176,10761,0xCF00400,1,8,FF,FF,FF,D4,80,FF,FF,FF
94177,10762,0xCFF6600,1,8,1A,10,FF,FF,FF,FF,FF,FF
94196,10763,0xCF00400,1,8,FF,FF,FF,B4,80,FF,FF,FF
94196,10764,0xCFF6600,1,8,16,10,FF,FF,FF,FF,FF,FF
94215,10765,0xCF00400,1,8,FF,FF,FF,86,81,FF,FF,FF
94216,10766,0xCFF6600,1,8,30,10,FF,FF,FF,FF,FF,FF
94235,10767,0xCF00400,1,8,FF,FF,FF,EC,81,FF,FF,FF
94235,10768,0xCFF6600,1,8,3D,10,FF,FF,FF,FF,FF,FF
94248,10769,0x10FF6500,1,8,FC,FF,FF,FF,FF,FF,FF,FF
94248,10770,0x18F00500,1,8,FF,FF,FF,FF,20,2D,FF,FF
94249,10771,0x18F00600,1,8,FF,FF,FF,FF,FF,FF,FF,FF
94250,10772,0x18FEF100,1,8,3F,00,00,FF,FF,FF,FF,FF
94250,10773,0x18FEF200,1,8,2A,00,00,00,00,00,09,FF
94251,10774,0x1CFDDF00,1,8,FE,FF,FF,FF,FF,FF,FF,FF
94252,10775,0x1CFF6A00,1,8,FC,FF,FF,FF,FF,FF,FF,FF
94255,10776,0xCF00400,1,8,FF,FF,FF,86,82,FF,FF,FF
94256,10777,0xCFF6600,1,8,50,10,FF,FF,FF,FF,FF,FF
94275,10778,0xCF00400,1,8,FF,FF,FF,1C,83,FF,FF,FF
94276,10779,0xCFF6600,1,8,63,10,FF,FF,FF,FF,FF,FF
94295,10780,0xCF00400,1,8,FF,FF,FF,62,83,FF,FF,FF
94337,10781,0xCF00400,1,8,FF,FF,FF,7C,83,FF,FF,FF
94337,10782,0xCFF6600,1,8,6C,10,FF,FF,FF,FF,FF,FF
94338,10783,0x18EEFF00,1,8,08,CF,60,06,00,00,00,00
94347,10784,0x18F00500,1,8,FF,FF,FF,FF,20,2D,FF,FF
94348,10785,0x18FEF100,1,8,3F,00,00,FF,FF,FF,FF,FF
94348,10786,0x18FEF200,1,8,2A,00,00,00,00,00,02,FF
94355,10787,0xCF00400,1,8,FF,FF,FF,36,82,FF,FF,FF
94356,10788,0xCFF6600,1,8,46,10,FF,FF,FF,FF,FF,FF
94375,10789,0xCF00400,1,8,FF,FF,FF,E2,81,FF,FF,FF
94376,10790,0xCFF6600,1,8,3C,10,FF,FF,FF,FF,FF,FF
94395,10791,0xCF00400,1,8,FF,FF,FF,D4,81,FF,FF,FF
94396,10792,0xCFF6600,1,8,3A,10,FF,FF,FF,FF,FF,FF
94415,10793,0xCF00400,1,8,FF,FF,FF,F8,80,FF,FF,FF
94436,10794,0xCF00400,1,8,FF,FF,FF,18,80,FF,FF,FF
94436,10795,0xCFF6600,1,8,1F,10,FF,FF,FF,FF,FF,FF
94446,10796,0x10FF6500,1,8,FC,FF,FF,FF,FF,FF,FF,FF
94446,10797,0x18F00500,1,8,FF,FF,FF,FF,20,2D,FF,FF
94447,10798,0x18FEF100,1,8,3F,00,00,FF,FF,FF,FF,FF
94448,10799,0x18FEF200,1,8,2A,00,00,00,00,00,00,FF
94455,10800,0xCF00400,1,8,FF,FF,FF,F4,7E,FF,FF,FF
94456,10801,0xCFF6600,1,8,DE,0F,FF,FF,FF,FF,FF,FF
94475,10802,0xCF00400,1,8,FF,FF,FF,34,7D,FF,FF,FF
94475,10803,0xCFF6600,1,8,A6,0F,FF,FF,FF,FF,FF,FF
94495,10804,0xCF00400,1,8,FF,FF,FF,7C,7C,FF,FF,FF
94512,10805,0xCFF6600,1,8,8F,0F,FF,FF,FF,FF,FF,FF
94514,10806,0x18EEFF00,1,8,08,CF,60,06,00,00,00,00
94515,10807,0xCF00400,1,8,FF,FF,FF,C8,7B,FF,FF,FF
94515,10808,0xCFF6600,1,8,79,0F,FF,FF,FF,FF,FF,FF
94535,10809,0xCF00400,1,8,FF,FF,FF,22,79,FF,FF,FF
94535,10810,0xCFF6600,1,8,24,0F,FF,FF,FF,FF,FF,FF
94545,10811,0x18FEF100,1,8,3F,00,00,FF,FF,FF,FF,FF
94546,10812,0x18F00500,1,8,FF,FF,FF,FF,20,2D,FF,FF
94546,10813,0x18FEF200,1,8,2A,00,00,00,00,00,00,FF
94555,10814,0xCF00400,1,8,FF,FF,FF,C2,77,FF,FF,FF
94555,10815,0xCFF6600,1,8,F8,0E,FF,FF,FF,FF,FF,FF
94575,10816,0xCF00400,1,8,FF,FF,FF,B2,76,FF,FF,FF
94575,10817,0xCFF6600,1,8,D6,0E,FF,FF,FF,FF,FF,FF
94595,10818,0xCF00400,1,8,FF,FF,FF,88,75,FF,FF,FF
94596,10819,0xCFF6600,1,8,B1,0E,FF,FF,FF,FF,FF,FF
94615,10820,0xCF00400,1,8,FF,FF,FF,62,73,FF,FF,FF
94615,10821,0xCFF6600,1,8,6C,0E,FF,FF,FF,FF,FF,FF
94635,10822,0xCF00400,1,8,FF,FF,FF,EA,72,FF,FF,FF
94635,10823,0xCFF6600,1,8,5D,0E,FF,FF,FF,FF,FF,FF
94646,10824,0x10FF6500,1,8,FC,FF,FF,FF,FF,FF,FF,FF
94647,10825,0x18F00500,1,8,FF,FF,FF,FF,20,2D,FF,FF
94648,10826,0x18FEF100,1,8,3F,00,00,FF,FF,FF,FF,FF
94648,10827,0x18FEF200,1,8,2A,00,00,00,00,00,00,FF
94655,10828,0xCF00400,1,8,FF,FF,FF,06,72,FF,FF,FF
94656,10829,0xCFF6600,1,8,40,0E,FF,FF,FF,FF,FF,FF
94675,10830,0xCF00400,1,8,FF,FF,FF,BE,70,FF,FF,FF
94695,10831,0xCF00400,1,8,FF,FF,FF,90,6F,FF,FF,FF
94696,10832,0xCFF6600,1,8,17,0E,FF,FF,FF,FF,FF,FF
94715,10833,0xCF00400,1,8,FF,FF,FF,84,6D,FF,FF,FF
94715,10834,0xCFF6600,1,8,B0,0D,FF,FF,FF,FF,FF,FF
94735,10835,0xCF00400,1,8,FF,FF,FF,92,6C,FF,FF,FF
94735,10836,0xCFF6600,1,8,92,0D,FF,FF,FF,FF,FF,FF
94746,10837,0x18FEF100,1,8,3F,00,00,FF,FF,FF,FF,FF
94746,10838,0x18F00500,1,8,FF,FF,FF,FF,20,2D,FF,FF
94747,10839,0x18F00600,1,8,FF,FF,FF,FF,FF,FF,FF,FF
94747,10840,0x18FEF200,1,8,2A,00,00,00,00,00,00,FF
94748,10841,0x1CFDDF00,1,8,FE,FF,FF,FF,FF,FF,FF,FF
94749,10842,0x1CFF6A00,1,8,FC,FF,FF,FF,FF,FF,FF,FF
94755,10843,0xCF00400,1,8,FF,FF,FF,0E,6C,FF,FF,FF
94755,10844,0xCFF6600,1,8,81,0D,FF,FF,FF,FF,FF,FF
94775,10845,0xCF00400,1,8,FF,FF,FF,DA,6B,FF,FF,FF
94776,10846,0xCFF6600,1,8,7B,0D,FF,FF,FF,FF,FF,FF
94795,10847,0xCF00400,1,8,FF,FF,FF,22,6B,FF,FF,FF
94796,10848,0xCFF6600,1,8,64,0D,FF,FF,FF,FF,FF,FF
94815,10849,0xCF00400,1,8,FF,FF,FF,F4,69,FF,FF,FF
94836,10850,0xCF00400,1,8,FF,FF,FF,DA,68,FF,FF,FF
94837,10851,0xCFF6600,1,8,3E,0D,FF,FF,FF,FF,FF,FF
94846,10852,0x10FF6500,1,8,FC,FF,FF,FF,FF,FF,FF,FF
94847,10853,0x18F00500,1,8,FF,FF,FF,FF,20,2D,FF,FF
94848,10854,0x18FEF100,1,8,3F,00,00,FF,FF,FF,FF,FF
94848,10855,0x18FEF200,1,8,2A,00,00,00,00,00,00,FF
94855,10856,0xCF00400,1,8,FF,FF,FF,52,67,FF,FF,FF
94856,10857,0xCFF6600,1,8,EA,0C,FF,FF,FF,FF,FF,FF
94875,10858,0xCF00400,1,8,FF,FF,FF,30,67,FF,FF,FF
94876,10859,0xCFF6600,1,8,E6,0C,FF,FF,FF,FF,FF,FF
94895,10860,0xCF00400,1,8,FF,FF,FF,10,67,FF,FF,FF
94896,10861,0xCFF6600,1,8,E2,0C,FF,FF,FF,FF,FF,FF
94916,10862,0xCF00400,1,8,FF,FF,FF,EE,66,FF,FF,FF
94916,10863,0xCFF6600,1,8,DD,0C,FF,FF,FF,FF,FF,FF
94935,10864,0xCF00400,1,8,FF,FF,FF,6C,66,FF,FF,FF
94936,10865,0xCFF6600,1,8,CD,0C,FF,FF,FF,FF,FF,FF
94946,10866,0x18FEF100,1,8,3F,00,00,FF,FF,FF,FF,FF
94947,10867,0x18F00500,1,8,FF,FF,FF,FF,20,2D,FF,FF
94948,10868,0x18FEF200,1,8,2A,00,00,00,00,00,00,FF
94955,10869,0xCF00400,1,8,FF,FF,FF,9C,65,FF,FF,FF
94957,10870,0xCFF6600,1,8,B3,0C,FF,FF,FF,FF,FF,FF
94975,10871,0xCF00400,1,8,FF,FF,FF,FE,64,FF,FF,FF
94976,10872,0xCFF6600,1,8,9F,0C,FF,FF,FF,FF,FF,FF
94996,10873,0xCF00400,1,8,FF,FF,FF,86,64,FF,FF,FF
94997,10874,0xCFF6600,1,8,90,0C,FF,FF,FF,FF,FF,FF
95005,10875,0x18FDE500,1,8,0A,14,1E,28,32,3C,46,13
95005,10876,0x18FEEE00,1,8,67,FF,FF,FF,FF,FF,FF,FF
95015,10877,0xCF00400,1,8,FF,FF,FF,46,64,FF,FF,FF
95015,10878,0xCFF6600,1,8,88,0C,FF,FF,FF,FF,FF,FF
95025,10879,0x1CECFF00,1,8,20,0A,00,02,FF,CA,FE,00
95054,10880,0xCF00400,1,8,FF,FF,FF,32,64,FF,FF,FF
95055,10881,0xCFF6600,1,8,86,0C,FF,FF,FF,FF,FF,FF
95055,10882,0xCF00400,1,8,FF,FF,FF,D8,63,FF,FF,FF
95056,10883,0x10FF6500,1,8,FC,FF,FF,FF,FF,FF,FF,FF
95056,10884,0x18F00500,1,8,FF,FF,FF,FF,20,2D,FF,FF
95057,10885,0x18FEF100,1,8,3F,00,00,FF,FF,FF,FF,FF
95058,10886,0x18FEF200,1,8,24,00,00,00,00,00,00,FF
95075,10887,0xCF00400,1,8,FF,FF,FF,4A,63,FF,FF,FF
95075,10888,0xCFF6600,1,8,69,0C,FF,FF,FF,FF,FF,FF
95076,10889,0x1CEBFF00,1,8,01,40,FF,0F,F0,E5,01,02
95112,10890,0xCF00400,1,8,FF,FF,FF,2A,63,FF,FF,FF
95113,10891,0xCFF6600,1,8,65,0C,FF,FF,FF,FF,FF,FF
95114,10892,0x18EEFF00,1,8,08,CF,60,06,00,00,00,00
95115,10893,0xCF00400,1,8,FF,FF,FF,FC,62,FF,FF,FF
95116,10894,0xCFF6600,1,8,5F,0C,FF,FF,FF,FF,FF,FF
95125,10895,0x1CEBFF00,1,8,02,F0,E3,01,FF,FF,FF,FF
95135,10896,0xCF00400,1,8,FF,FF,FF,16,62,FF,FF,FF
95136,10897,0xCFF6600,1,8,42,0C,FF,FF,FF,FF,FF,FF
95146,10898,0x18FEF100,1,8,3F,00,00,FF,FF,FF,FF,FF
95146,10899,0x18F00500,1,8,FF,FF,FF,FF,20,2D,FF,FF
95147,10900,0x18FEF200,1,8,24,00,00,00,00,00,00,FF
95155,10901,0xCF00400,1,8,FF,FF,FF,8E,61,FF,FF,FF
95155,10902,0xCFF6600,1,8,31,0C,FF,FF,FF,FF,FF,FF
95175,10903,0xCF00400,1,8,FF,FF,FF,52,61,FF,FF,FF
95175,10904,0xCFF6600,1,8,2A,0C,FF,FF,FF,FF,FF,FF
95195,10905,0xCF00400,1,8,FF,FF,FF,08,61,FF,FF,FF
95195,10906,0xCFF6600,1,8,21,0C,FF,FF,FF,FF,FF,FF
95215,10907,0xCF00400,1,8,FF,FF,FF,B8,60,FF,FF,FF
95215,10908,0xCFF6600,1,8,17,0C,FF,FF,FF,FF,FF,FF
95235,10909,0xCF00400,1,8,FF,FF,FF,64,60,FF,FF,FF
95236,10910,0xCFF6600,1,8,0C,0C,FF,FF,FF,FF,FF,FF
95245,10911,0x18FEF100,1,8,3F,00,00,FF,FF,FF,FF,FF
95246,10912,0x10FF6500,1,8,FC,FF,FF,FF,FF,FF,FF,FF
95247,10913,0x18F00500,1,8,FF,FF,FF,FF,20,2D,FF,FF
95247,10914,0x18F00600,1,8,FF,FF,FF,FF,FF,FF,FF,FF
95248,10915,0x18FEF200,1,8,24,00,00,00,00,00,00,FF
95249,10916,0x1CFDDF00,1,8,FE,FF,FF,FF,FF,FF,FF,FF
95250,10917,0x1CFF6A00,1,8,FC,FF,FF,FF,FF,FF,FF,FF
95252,10918,0x1CFF6A00,1,8,FC,FF,FF,FF,FF,FF,FF,FF
95255,10919,0xCF00400,1,8,FF,FF,FF,0A,60,FF,FF,FF
95255,10920,0xCFF6600,1,8,01,0C,FF,FF,FF,FF,FF,FF
95275,10921,0xCF00400,1,8,FF,FF,FF,C8,5F,FF,FF,FF
95275,10922,0xCFF6600,1,8,F9,0B,FF,FF,FF,FF,FF,FF
95296,10923,0xCF00400,1,8,FF,FF,FF,9C,5F,FF,FF,FF
95297,10924,0xCFF6600,1,8,F3,0B,FF,FF,FF,FF,FF,FF
95315,10925,0xCF00400,1,8,FF,FF,FF,5C,5F,FF,FF,FF
95316,10926,0xCFF6600,1,8,EB,0B,FF,FF,FF,FF,FF,FF
95335,10927,0xCF00400,1,8,FF,FF,FF,0E,5F,FF,FF,FF
95336,10928,0xCFF6600,1,8,E1,0B,FF,FF,FF,FF,FF,FF
95345,10929,0x18FEF100,1,8,3F,00,00,FF,FF,FF,FF,FF
95346,10930,0x18F00500,1,8,FF,FF,FF,FF,20,2D,FF,FF
95347,10931,0x18FEF200,1,8,24,00,00,00,00,00,00,FF
95357,10932,0xCF00400,1,8,FF,FF,FF,C8,5E,FF,FF,FF
95357,10933,0xCFF6600,1,8,D9,0B,FF,FF,FF,FF,FF,FF
95375,10934,0xCF00400,1,8,FF,FF,FF,80,5E,FF,FF,FF
95376,10935,0xCFF6600,1,8,D0,0B,FF,FF,FF,FF,FF,FF
95395,10936,0xCF00400,1,8,FF,FF,FF,FE,5D,FF,FF,FF
95396,10937,0xCFF6600,1,8,BF,0B,FF,FF,FF,FF,FF,FF
95415,10938,0xCF00400,1,8,FF,FF,FF,46,5D,FF,FF,FF
95416,10939,0xCFF6600,1,8,A8,0B,FF,FF,FF,FF,FF,FF
95436,10940,0xCF00400,1,8,FF,FF,FF,54,5C,FF,FF,FF
95437,10941,0xCFF6600,1,8,8A,0B,FF,FF,FF,FF,FF,FF
95446,10942,0x10FF6500,1,8,FC,FF,FF,FF,FF,FF,FF,FF
95447,10943,0x18F00500,1,8,FF,FF,FF,FF,20,2D,FF,FF
95447,10944,0x18FEF100,1,8,3F,00,00,FF,FF,FF,FF,FF
95448,10945,0x18FEF200,1,8,24,00,00,00,00,00,00,FF
95455,10946,0xCF00400,1,8,FF,FF,FF,28,5B,FF,FF,FF
95456,10947,0xCFF6600,1,8,65,0B,FF,FF,FF,FF,FF,FF
95475,10948,0xCF00400,1,8,FF,FF,FF,76,5A,FF,FF,FF
95476,10949,0xCFF6600,1,8,4E,0B,FF,FF,FF,FF,FF,FF
95495,10950,0xCF00400,1,8,FF,FF,FF,32,5A,FF,FF,FF
95496,10951,0xCFF6600,1,8,46,0B,FF,FF,FF,FF,FF,FF
95516,10952,0xCF00400,1,8,FF,FF,FF,FA,59,FF,FF,FF
95516,10953,0xCFF6600,1,8,3F,0B,FF,FF,FF,FF,FF,FF
95535,10954,0xCF00400,1,8,FF,FF,FF,D2,59,FF,FF,FF
95537,10955,0xCFF6600,1,8,3A,0B,FF,FF,FF,FF,FF,FF
95547,10956,0x18F00500,1,8,FF,FF,FF,FF,20,2D,FF,FF
95548,10957,0x18FEF100,1,8,3F,00,00,FF,FF,FF,FF,FF
95548,10958,0x18FEF200,1,8,24,00,00,00,00,00,00,FF
95558,10959,0xCF00400,1,8,FF,FF,FF,9E,59,FF,FF,FF
95558,10960,0xCFF6600,1,8,33,0B,FF,FF,FF,FF,FF,FF
95575,10961,0xCF00400,1,8,FF,FF,FF,9E,59,FF,FF,FF
95575,10962,0xCFF6600,1,8,33,0B,FF,FF,FF,FF,FF,FF
95595,10963,0xCF00400,1,8,FF,FF,FF,62,59,FF,FF,FF
95595,10964,0xCFF6600,1,8,2C,0B,FF,FF,FF,FF,FF,FF
95615,10965,0xCF00400,1,8,FF,FF,FF,58,59,FF,FF,FF
95615,10966,0xCFF6600,1,8,2B,0B,FF,FF,FF,FF,FF,FF
95635,10967,0xCF00400,1,8,FF,FF,FF,76,59,FF,FF,FF
95635,10968,0xCFF6600,1,8,2E,0B,FF,FF,FF,FF,FF,FF
95647,10969,0x10FF6500,1,8,FC,FF,FF,FF,FF,FF,FF,FF
95648,10970,0x18F00500,1,8,FF,FF,FF,FF,20,2D,FF,FF
95649,10971,0x18FEF100,1,8,3F,00,00,FF,FF,FF,FF,FF
95649,10972,0x18FEF200,1,8,24,00,00,00,00,00,00,FF
95655,10973,0xCF00400,1,8,FF,FF,FF,96,59,FF,FF,FF
95655,10974,0xCFF6600,1,8,32,0B,FF,FF,FF,FF,FF,FF
95675,10975,0xCF00400,1,8,FF,FF,FF,BA,59,FF,FF,FF
95675,10976,0xCFF6600,1,8,37,0B,FF,FF,FF,FF,FF,FF
95695,10977,0xCF00400,1,8,FF,FF,FF,82,59,FF,FF,FF
95696,10978,0xCFF6600,1,8,30,0B,FF,FF,FF,FF,FF,FF
95715,10979,0xCF00400,1,8,FF,FF,FF,00,59,FF,FF,FF
95736,10980,0xCF00400,1,8,FF,FF,FF,BE,58,FF,FF,FF
95737,10981,0xCFF6600,1,8,20,0B,FF,FF,FF,FF,FF,FF
95746,10982,0x18F00500,1,8,FF,FF,FF,FF,20,2D,FF,FF
95747,10983,0x18F00600,1,8,FF,FF,FF,FF,FF,FF,FF,FF
95747,10984,0x18FEF100,1,8,3F,00,00,FF,FF,FF,FF,FF
95748,10985,0x18FEF200,1,8,24,00,00,00,00,00,01,FF
95749,10986,0x1CFDDF00,1,8,FE,FF,FF,FF,FF,FF,FF,FF
95749,10987,0x1CFF6A00,1,8,FC,FF,FF,FF,FF,FF,FF,FF
95755,10988,0xCF00400,1,8,FF,FF,FF,A6,58,FF,FF,FF
95756,10989,0xCFF6600,1,8,14,0B,FF,FF,FF,FF,FF,FF
95775,10990,0xCF00400,1,8,FF,FF,FF,7A,58,FF,FF,FF
95775,10991,0xCFF6600,1,8,0F,0B,FF,FF,FF,FF,FF,FF
95795,10992,0xCF00400,1,8,FF,FF,FF,44,58,FF,FF,FF
95796,10993,0xCFF6600,1,8,08,0B,FF,FF,FF,FF,FF,FF
95815,10994,0xCF00400,1,8,FF,FF,FF,E4,57,FF,FF,FF
95816,10995,0xCFF6600,1,8,FC,0A,FF,FF,FF,FF,FF,FF
95835,10996,0xCF00400,1,8,FF,FF,FF,62,57,FF,FF,FF
95836,10997,0xCFF6600,1,8,EC,0A,FF,FF,FF,FF,FF,FF
95846,10998,0x10FF6500,1,8,FC,FF,FF,FF,FF,FF,FF,FF
95846,10999,0x18F00500,1,8,FF,FF,FF,FF,20,2D,FF,FF
95867,11000,0xCF00400,1,8,FF,FF,FF,12,57,FF,FF,FF
95868,11001,0xCFF6600,1,8,E2,0A,FF,FF,FF,FF,FF,FF
95869,11002,0x18FEF100,1,8,3F,00,00,FF,FF,FF,FF,FF
95870,11003,0x18FEF200,1,8,24,00,00,00,00,00,00,FF
95875,11004,0xCF00400,1,8,FF,FF,FF,EA,56,FF,FF,FF
95875,11005,0xCFF6600,1,8,DD,0A,FF,FF,FF,FF,FF,FF
95895,11006,0xCF00400,1,8,FF,FF,FF,60,56,FF,FF,FF
95896,11007,0xCFF6600,1,8,CC,0A,FF,FF,FF,FF,FF,FF
95915,11008,0xCF00400,1,8,FF,FF,FF,60,56,FF,FF,FF
95916,11009,0xCFF6600,1,8,CC,0A,FF,FF,FF,FF,FF,FF
95935,11010,0xCF00400,1,8,FF,FF,FF,84,55,FF,FF,FF
95936,11011,0xCFF6600,1,8,B0,0A,FF,FF,FF,FF,FF,FF
95946,11012,0x18FEF100,1,8,3F,00,00,FF,FF,FF,FF,FF
95946,11013,0x18F00500,1,8,FF,FF,FF,FF,20,2D,FF,FF
95947,11014,0x18FEF200,1,8,24,00,00,00,00,00,00,FF
95955,11015,0xCF00400,1,8,FF,FF,FF,A4,54,FF,FF,FF
95955,11016,0xCFF6600,1,8,94,0A,FF,FF,FF,FF,FF,FF
95975,11017,0xCF00400,1,8,FF,FF,FF,C0,53,FF,FF,FF
95976,11018,0xCFF6600,1,8,78,0A,FF,FF,FF,FF,FF,FF
95996,11019,0xCF00400,1,8,FF,FF,FF,2C,53,FF,FF,FF
95996,11020,0xCFF6600,1,8,65,0A,FF,FF,FF,FF,FF,FF
96004,11021,0x18FEEE00,1,8,67,FF,FF,FF,FF,FF,FF,FF
96005,11022,0x18FDE500,1,8,0A,14,1E,28,32,3C,46,13
96015,11023,0xCF00400,1,8,FF,FF,FF,E0,52,FF,FF,FF
96016,11024,0xCFF6600,1,8,5C,0A,FF,FF,FF,FF,FF,FF
96027,11025,0x1CECFF00,1,8,20,0A,00,02,FF,CA,FE,00
96035,11026,0xCF00400,1,8,FF,FF,FF,86,52,FF,FF,FF
96036,11027,0xCFF6600,1,8,50,0A,FF,FF,FF,FF,FF,FF
96046,11028,0x18FEF100,1,8,3F,00,00,FF,FF,FF,FF,FF
96047,11029,0x10FF6500,1,8,FC,FF,FF,FF,FF,FF,FF,FF
96048,11030,0x18F00500,1,8,FF,FF,FF,FF,20,2D,FF,FF
96048,11031,0x18FEF200,1,8,1E,00,00,00,00,00,00,FF
96055,11032,0xCF00400,1,8,FF,FF,FF,1E,52,FF,FF,FF
96075,11033,0xCF00400,1,8,FF,FF,FF,EC,51,FF,FF,FF
96076,11034,0xCFF6600,1,8,43,0A,FF,FF,FF,FF,FF,FF
96077,11035,0x1CEBFF00,1,8,01,40,FF,0F,F0,E5,01,02
96095,11036,0xCF00400,1,8,FF,FF,FF,EC,51,FF,FF,FF
96096,11037,0xCFF6600,1,8,3D,0A,FF,FF,FF,FF,FF,FF
96115,11038,0xCF00400,1,8,FF,FF,FF,E0,51,FF,FF,FF
96116,11039,0xCFF6600,1,8,3C,0A,FF,FF,FF,FF,FF,FF
96124,11040,0x1CEBFF00,1,8,02,F0,E3,01,FF,FF,FF,FF
96135,11041,0xCF00400,1,8,FF,FF,FF,94,51,FF,FF,FF
96135,11042,0xCFF6600,1,8,32,0A,FF,FF,FF,FF,FF,FF
96146,11043,0x18F00500,1,8,FF,FF,FF,FF,20,2D,FF,FF
96147,11044,0x18FEF100,1,8,3F,00,00,FF,FF,FF,FF,FF
96148,11045,0x18FEF200,1,8,1E,00,00,00,00,00,00,FF
96155,11046,0xCF00400,1,8,FF,FF,FF,12,51,FF,FF,FF
96155,11047,0xCFF6600,1,8,22,0A,FF,FF,FF,FF,FF,FF
96175,11048,0xCF00400,1,8,FF,FF,FF,8C,50,FF,FF,FF
96175,11049,0xCFF6600,1,8,11,0A,FF,FF,FF,FF,FF,FF
96195,11050,0xCF00400,1,8,FF,FF,FF,08,50,FF,FF,FF
96195,11051,0xCFF6600,1,8,01,0A,FF,FF,FF,FF,FF,FF
96215,11052,0xCF00400,1,8,FF,FF,FF,84,4F,FF,FF,FF
96216,11053,0xCFF6600,1,8,F0,09,FF,FF,FF,FF,FF,FF
96235,11054,0xCF00400,1,8,FF,FF,FF,84,4F,FF,FF,FF
96236,11055,0xCFF6600,1,8,F0,09,FF,FF,FF,FF,FF,FF
96246,11056,0x18FEF100,1,8,3F,00,00,FF,FF,FF,FF,FF
96246,11057,0x10FF6500,1,8,FC,FF,FF,FF,FF,FF,FF,FF
96247,11058,0x18F00500,1,8,FF,FF,FF,FF,20,2D,FF,FF
96248,11059,0x18F00600,1,8,FF,FF,FF,FF,FF,FF,FF,FF
96249,11060,0x18FEF200,1,8,1E,00,00,00,00,00,00,FF
96250,11061,0x1CFDDF00,1,8,FE,FF,FF,FF,FF,FF,FF,FF
96250,11062,0x1CFF6A00,1,8,FC,FF,FF,FF,FF,FF,FF,FF
96255,11063,0xCF00400,1,8,FF,FF,FF,FC,4E,FF,FF,FF
96256,11064,0xCFF6600,1,8,DF,09,FF,FF,FF,FF,FF,FF
96275,11065,0xCF00400,1,8,FF,FF,FF,BC,4E,FF,FF,FF
96296,11066,0xCF00400,1,8,FF,FF,FF,BC,4E,FF,FF,FF
96313,11067,0xCFF6600,1,8,D7,09,FF,FF,FF,FF,FF,FF
96314,11068,0x18EEFF00,1,8,08,CF,60,06,00,00,00,00
96315,11069,0xCF00400,1,8,FF,FF,FF,AA,4E,FF,FF,FF
96315,11070,0xCFF6600,1,8,D5,09,FF,FF,FF,FF,FF,FF
96335,11071,0xCF00400,1,8,FF,FF,FF,88,4E,FF,FF,FF
96335,11072,0xCFF6600,1,8,D1,09,FF,FF,FF,FF,FF,FF
96346,11073,0x18FEF100,1,8,3F,00,00,FF,FF,FF,FF,FF
96346,11074,0x18F00500,1,8,FF,FF,FF,FF,20,2D,FF,FF
96347,11075,0x18FEF200,1,8,1E,00,00,00,00,00,01,FF
96355,11076,0xCF00400,1,8,FF,FF,FF,88,4E,FF,FF,FF
96355,11077,0xCFF6600,1,8,D1,09,FF,FF,FF,FF,FF,FF
96375,11078,0xCF00400,1,8,FF,FF,FF,64,4E,FF,FF,FF
96375,11079,0xCFF6600,1,8,CC,09,FF,FF,FF,FF,FF,FF
96396,11080,0xCF00400,1,8,FF,FF,FF,38,4E,FF,FF,FF
96396,11081,0xCFF6600,1,8,C7,09,FF,FF,FF,FF,FF,FF
96415,11082,0xCF00400,1,8,FF,FF,FF,16,4E,FF,FF,FF
96415,11083,0xCFF6600,1,8,C2,09,FF,FF,FF,FF,FF,FF
96435,11084,0xCF00400,1,8,FF,FF,FF,00,4E,FF,FF,FF
96435,11085,0xCFF6600,1,8,C0,09,FF,FF,FF,FF,FF,FF
96446,11086,0x18FEF100,1,8,3F,00,00,FF,FF,FF,FF,FF
96446,11087,0x10FF6500,1,8,FC,FF,FF,FF,FF,FF,FF,FF
96447,11088,0x18F00500,1,8,FF,FF,FF,FF,20,2D,FF,FF
96448,11089,0x18FEF200,1,8,1E,00,00,00,00,00,06,FF
96455,11090,0xCF00400,1,8,FF,FF,FF,0C,4E,FF,FF,FF
96455,11091,0xCFF6600,1,8,C1,09,FF,FF,FF,FF,FF,FF
96475,11092,0xCF00400,1,8,FF,FF,FF,0C,4E,FF,FF,FF
96475,11093,0xCFF6600,1,8,C1,09,FF,FF,FF,FF,FF,FF
96495,11094,0xCF00400,1,8,FF,FF,FF,40,4E,FF,FF,FF
96495,11095,0xCFF6600,1,8,C8,09,FF,FF,FF,FF,FF,FF
96515,11096,0xCF00400,1,8,FF,FF,FF,BC,4E,FF,FF,FF
96516,11097,0xCFF6600,1,8,D7,09,FF,FF,FF,FF,FF,FF
96535,11098,0xCF00400,1,8,FF,FF,FF,90,4F,FF,FF,FF
96536,11099,0xCFF6600,1,8,F2,09,FF,FF,FF,FF,FF,FF
96547,11100,0x18F00500,1,8,FF,FF,FF,FF,20,2D,FF,FF
96548,11101,0x18FEF100,1,8,3F,00,00,FF,FF,FF,FF,FF
96548,11102,0x18FEF200,1,8,1E,00,00,00,00,00,14,FF
96555,11103,0xCF00400,1,8,FF,FF,FF,4E,50,FF,FF,FF
96555,11104,0xCFF6600,1,8,09,0A,FF,FF,FF,FF,FF,FF
96575,11105,0xCF00400,1,8,FF,FF,FF,1A,51,FF,FF,FF
96575,11106,0xCFF6600,1,8,23,0A,FF,FF,FF,FF,FF,FF
96595,11107,0xCF00400,1,8,FF,FF,FF,08,52,FF,FF,FF
96596,11108,0xCFF6600,1,8,41,0A,FF,FF,FF,FF,FF,FF
96615,11109,0xCF00400,1,8,FF,FF,FF,08,52,FF,FF,FF
96635,11110,0xCF00400,1,8,FF,FF,FF,16,53,FF,FF,FF
96636,11111,0xCFF6600,1,8,41,0A,FF,FF,FF,FF,FF,FF
96646,11112,0x18FEF100,1,8,3F,00,00,FF,FF,FF,FF,FF
96646,11113,0x10FF6500,1,8,FC,FF,FF,FF,FF,FF,FF,FF
96647,11114,0x18F00500,1,8,FF,FF,FF,FF,20,2D,FF,FF
96648,11115,0x18FEF200,1,8,1E,00,00,00,00,00,11,FF
96655,11116,0xCF00400,1,8,FF,FF,FF,3A,54,FF,FF,FF
96656,11117,0xCFF6600,1,8,87,0A,FF,FF,FF,FF,FF,FF
96675,11118,0xCF00400,1,8,FF,FF,FF,62,55,FF,FF,FF
96676,11119,0xCFF6600,1,8,AC,0A,FF,FF,FF,FF,FF,FF
96695,11120,0xCF00400,1,8,FF,FF,FF,5E,56,FF,FF,FF
96696,11121,0xCFF6600,1,8,CB,0A,FF,FF,FF,FF,FF,FF
96715,11122,0xCF00400,1,8,FF,FF,FF,30,57,FF,FF,FF
96716,11123,0xCFF6600,1,8,E6,0A,FF,FF,FF,FF,FF,FF
96735,11124,0xCF00400,1,8,FF,FF,FF,28,58,FF,FF,FF
96736,11125,0xCFF6600,1,8,05,0B,FF,FF,FF,FF,FF,FF
96746,11126,0x18F00500,1,8,FF,FF,FF,FF,20,2D,FF,FF
96747,11127,0x18F00600,1,8,FF,FF,FF,FF,FF,FF,FF,FF
96747,11128,0x18FEF100,1,8,3F,00,00,FF,FF,FF,FF,FF
96748,11129,0x18FEF200,1,8,1E,00,00,00,00,00,0D,FF
96749,11130,0x1CFDDF00,1,8,FE,FF,FF,FF,FF,FF,FF,FF
96749,11131,0x1CFF6A00,1,8,FC,FF,FF,FF,FF,FF,FF,FF
96755,11132,0xCF00400,1,8,FF,FF,FF,2E,59,FF,FF,FF
96756,11133,0xCFF6600,1,8,25,0B,FF,FF,FF,FF,FF,FF
96775,11134,0xCF00400,1,8,FF,FF,FF,50,5A,FF,FF,FF
96775,11135,0xCFF6600,1,8,4A,0B,FF,FF,FF,FF,FF,FF
96795,11136,0xCF00400,1,8,FF,FF,FF,7A,5B,FF,FF,FF
96795,11137,0xCFF6600,1,8,6F,0B,FF,FF,FF,FF,FF,FF
96816,11138,0xCF00400,1,8,FF,FF,FF,AA,5C,FF,FF,FF
96817,11139,0xCFF6600,1,8,95,0B,FF,FF,FF,FF,FF,FF
96835,11140,0xCF00400,1,8,FF,FF,FF,D2,5D,FF,FF,FF
96835,11141,0xCFF6600,1,8,BA,0B,FF,FF,FF,FF,FF,FF
96846,11142,0x18FEF100,1,8,3F,00,00,FF,FF,FF,FF,FF
96847,11143,0x10FF6500,1,8,FC,FF,FF,FF,FF,FF,FF,FF
96847,11144,0x18F00500,1,8,FF,FF,FF,FF,20,2D,FF,FF
96848,11145,0x18FEF200,1,8,1E,00,00,00,00,00,0B,FF
96855,11146,0xCF00400,1,8,FF,FF,FF,0A,5F,FF,FF,FF
96856,11147,0xCFF6600,1,8,E1,0B,FF,FF,FF,FF,FF,FF
96875,11148,0xCF00400,1,8,FF,FF,FF,44,60,FF,FF,FF
96876,11149,0xCFF6600,1,8,08,0C,FF,FF,FF,FF,FF,FF
96897,11150,0xCF00400,1,8,FF,FF,FF,44,61,FF,FF,FF
96898,11151,0xCFF6600,1,8,28,0C,FF,FF,FF,FF,FF,FF
96915,11152,0xCF00400,1,8,FF,FF,FF,22,62,FF,FF,FF
96915,11153,0xCFF6600,1,8,44,0C,FF,FF,FF,FF,FF,FF
96935,11154,0xCF00400,1,8,FF,FF,FF,04,63,FF,FF,FF
96935,11155,0xCFF6600,1,8,60,0C,FF,FF,FF,FF,FF,FF
96946,11156,0x18F00500,1,8,FF,FF,FF,FF,20,2D,FF,FF
96947,11157,0x18FEF100,1,8,3F,00,00,FF,FF,FF,FF,FF
96947,11158,0x18FEF200,1,8,1E,00,00,00,00,00,09,FF
96958,11159,0xCF00400,1,8,FF,FF,FF,E4,63,FF,FF,FF
96958,11160,0xCFF6600,1,8,7C,0C,FF,FF,FF,FF,FF,FF
96975,11161,0xCF00400,1,8,FF,FF,FF,84,64,FF,FF,FF
96976,11162,0xCFF6600,1,8,90,0C,FF,FF,FF,FF,FF,FF
96995,11163,0xCF00400,1,8,FF,FF,FF,FC,64,FF,FF,FF
96995,11164,0xCFF6600,1,8,9F,0C,FF,FF,FF,FF,FF,FF
97005,11165,0x18FDE500,1,8,0A,14,1E,28,32,3C,46,13
97005,11166,0x18FEEE00,1,8,68,FF,FF,FF,FF,FF,FF,FF
97015,11167,0xCF00400,1,8,FF,FF,FF,B0,66,FF,FF,FF
97016,11168,0xCFF6600,1,8,D6,0C,FF,FF,FF,FF,FF,FF
97024,11169,0x1CECFF00,1,8,20,0A,00,02,FF,CA,FE,00
97035,11170,0xCF00400,1,8,FF,FF,FF,A0,67,FF,FF,FF
97056,11171,0xCF00400,1,8,FF,FF,FF,94,68,FF,FF,FF
97057,11172,0xCFF6600,1,8,F4,0C,FF,FF,FF,FF,FF,FF
97058,11173,0xCFF6600,1,8,F4,0C,FF,FF,FF,FF,FF,FF
97059,11174,0x10FF6500,1,8,FC,FF,FF,FF,FF,FF,FF,FF
97059,11175,0x18F00500,1,8,FF,FF,FF,FF,20,2D,FF,FF
97060,11176,0x18FEF100,1,8,3F,00,00,FF,FF,FF,FF,FF
97060,11177,0x18FEF200,1,8,22,00,00,00,00,00,0A,FF
97075,11178,0xCF00400,1,8,FF,FF,FF,44,69,FF,FF,FF
97075,11179,0xCFF6600,1,8,28,0D,FF,FF,FF,FF,FF,FF
97076,11180,0x1CEBFF00,1,8,01,40,FF,0F,F0,E5,01,02
97095,11181,0xCF00400,1,8,FF,FF,FF,CC,69,FF,FF,FF
97096,11182,0xCFF6600,1,8,39,0D,FF,FF,FF,FF,FF,FF
97115,11183,0xCF00400,1,8,FF,FF,FF,B4,6A,FF,FF,FF
97116,11184,0xCFF6600,1,8,56,0D,FF,FF,FF,FF,FF,FF
97124,11185,0x1CEBFF00,1,8,02,F0,E3,01,FF,FF,FF,FF
97135,11186,0xCF00400,1,8,FF,FF,FF,D6,6B,FF,FF,FF
97136,11187,0xCFF6600,1,8,7A,0D,FF,FF,FF,FF,FF,FF
97146,11188,0x18F00500,1,8,FF,FF,FF,FF,20,2D,FF,FF
97147,11189,0x18FEF100,1,8,3F,00,00,FF,FF,FF,FF,FF
97147,11190,0x18FEF200,1,8,22,00,00,00,00,00,0A,FF
97174,11191,0xCF00400,1,8,FF,FF,FF,84,6C,FF,FF,FF
97174,11192,0xCFF6600,1,8,90,0D,FF,FF,FF,FF,FF,FF
97175,11193,0x18EEFF00,1,8,08,CF,60,06,00,00,00,00
97195,11194,0xCF00400,1,8,FF,FF,FF,FE,6D,FF,FF,FF
97195,11195,0xCFF6600,1,8,BF,0D,FF,FF,FF,FF,FF,FF
97215,11196,0xCF00400,1,8,FF,FF,FF,68,6E,FF,FF,FF
97216,11197,0xCFF6600,1,8,CD,0D,FF,FF,FF,FF,FF,FF
97236,11198,0xCF00400,1,8,FF,FF,FF,88,6E,FF,FF,FF
97237,11199,0xCFF6600,1,8,D1,0D,FF,FF,FF,FF,FF,FF
97246,11200,0x18FEF100,1,8,3F,00,00,FF,FF,FF,FF,FF
97246,11201,0x10FF6500,1,8,FC,FF,FF,FF,FF,FF,FF,FF
97247,11202,0x18F00500,1,8,FF,FF,FF,FF,20,2D,FF,FF
97247,11203,0x18F00600,1,8,FF,FF,FF,FF,FF,FF,FF,FF
97248,11204,0x18F00600,1,8,FF,FF,FF,FF,FF,FF,FF,FF
97249,11205,0x18FEF200,1,8,22,00,00,00,00,00,0B,FF
97250,11206,0x1CFDDF00,1,8,FE,FF,FF,FF,FF,FF,FF,FF
97250,11207,0x1CFF6A00,1,8,FC,FF,FF,FF,FF,FF,FF,FF
97255,11208,0xCF00400,1,8,FF,FF,FF,14,6F,FF,FF,FF
97256,11209,0xCFF6600,1,8,E2,0D,FF,FF,FF,FF,FF,FF
97275,11210,0xCF00400,1,8,FF,FF,FF,92,70,FF,FF,FF
97276,11211,0xCFF6600,1,8,12,0E,FF,FF,FF,FF,FF,FF
97295,11212,0xCF00400,1,8,FF,FF,FF,10,71,FF,FF,FF
97296,11213,0xCFF6600,1,8,22,0E,FF,FF,FF,FF,FF,FF
97315,11214,0xCF00400,1,8,FF,FF,FF,9A,71,FF,FF,FF
97316,11215,0xCFF6600,1,8,33,0E,FF,FF,FF,FF,FF,FF
97335,11216,0xCF00400,1,8,FF,FF,FF,2A,72,FF,FF,FF
97335,11217,0xCFF6600,1,8,45,0E,FF,FF,FF,FF,FF,FF
97349,11218,0x18F00500,1,8,FF,FF,FF,FF,20,2D,FF,FF
97350,11219,0x18FEF100,1,8,3F,00,00,FF,FF,FF,FF,FF
97350,11220,0x18FEF200,1,8,22,00,00,00,00,00,0D,FF
97355,11221,0xCF00400,1,8,FF,FF,FF,E2,72,FF,FF,FF
97356,11222,0xCFF6600,1,8,5C,0E,FF,FF,FF,FF,FF,FF
97375,11223,0xCF00400,1,8,FF,FF,FF,7C,73,FF,FF,FF
97375,11224,0xCFF6600,1,8,6F,0E,FF,FF,FF,FF,FF,FF
97395,11225,0xCF00400,1,8,FF,FF,FF,3A,74,FF,FF,FF
97395,11226,0xCFF6600,1,8,87,0E,FF,FF,FF,FF,FF,FF
97415,11227,0xCF00400,1,8,FF,FF,FF,E6,74,FF,FF,FF
97415,11228,0xCFF6600,1,8,9C,0E,FF,FF,FF,FF,FF,FF
97435,11229,0xCF00400,1,8,FF,FF,FF,6E,76,FF,FF,FF
97436,11230,0xCFF6600,1,8,CD,0E,FF,FF,FF,FF,FF,FF
97446,11231,0x10FF6500,1,8,FC,FF,FF,FF,FF,FF,FF,FF
97446,11232,0x18F00500,1,8,FF,FF,FF,FF,20,2D,FF,FF
97468,11233,0xCF00400,1,8,FF,FF,FF,70,77,FF,FF,FF
97469,11234,0xCFF6600,1,8,EE,0E,FF,FF,FF,FF,FF,FF
97470,11235,0x18FEF100,1,8,3F,00,00,FF,FF,FF,FF,FF
97470,11236,0x18FEF200,1,8,22,00,00,00,00,00,0D,FF
97475,11237,0xCF00400,1,8,FF,FF,FF,F8,77,FF,FF,FF
97475,11238,0xCFF6600,1,8,FF,0E,FF,FF,FF,FF,FF,FF
97495,11239,0xCF00400,1,8,FF,FF,FF,32,78,FF,FF,FF
97496,11240,0xCFF6600,1,8,06,0F,FF,FF,FF,FF,FF,FF
97515,11241,0xCF00400,1,8,FF,FF,FF,B4,78,FF,FF,FF
97515,11242,0xCFF6600,1,8,16,0F,FF,FF,FF,FF,FF,FF
97535,11243,0xCF00400,1,8,FF,FF,FF,5A,79,FF,FF,FF
97535,11244,0xCFF6600,1,8,2B,0F,FF,FF,FF,FF,FF,FF
97546,11245,0x18FEF100,1,8,3F,00,00,FF,FF,FF,FF,FF
97546,11246,0x18F00500,1,8,FF,FF,FF,FF,20,2D,FF,FF
97547,11247,0x18FEF200,1,8,22,00,00,00,00,00,0D,FF
97555,11248,0xCF00400,1,8,FF,FF,FF,2E,7A,FF,FF,FF
97556,11249,0xCFF6600,1,8,45,0F,FF,FF,FF,FF,FF,FF
97575,11250,0xCF00400,1,8,FF,FF,FF,58,7B,FF,FF,FF
97576,11251,0xCFF6600,1,8,6B,0F,FF,FF,FF,FF,FF,FF
97595,11252,0xCF00400,1,8,FF,FF,FF,1C,7C,FF,FF,FF
97596,11253,0xCFF6600,1,8,83,0F,FF,FF,FF,FF,FF,FF
97615,11254,0xCF00400,1,8,FF,FF,FF,F8,7C,FF,FF,FF
97616,11255,0xCFF6600,1,8,9F,0F,FF,FF,FF,FF,FF,FF
97635,11256,0xCF00400,1,8,FF,FF,FF,5E,7E,FF,FF,FF
97636,11257,0xCFF6600,1,8,CB,0F,FF,FF,FF,FF,FF,FF
97647,11258,0x10FF6500,1,8,FC,FF,FF,FF,FF,FF,FF,FF
97648,11259,0x18F00500,1,8,FF,FF,FF,FF,20,2D,FF,FF
97649,11260,0x18FEF100,1,8,3F,00,00,FF,FF,FF,FF,FF
97649,11261,0x18FEF200,1,8,22,00,00,00,00,00,0D,FF
97655,11262,0xCF00400,1,8,FF,FF,FF,FA,7E,FF,FF,FF
97655,11263,0xCFF6600,1,8,DF,0F,FF,FF,FF,FF,FF,FF
97675,11264,0xCF00400,1,8,FF,FF,FF,94,7F,FF,FF,FF
97676,11265,0xCFF6600,1,8,F2,0F,FF,FF,FF,FF,FF,FF
97695,11266,0xCF00400,1,8,FF,FF,FF,24,81,FF,FF,FF
97715,11267,0xCF00400,1,8,FF,FF,FF,98,81,FF,FF,FF
97716,11268,0xCFF6600,1,8,24,10,FF,FF,FF,FF,FF,FF
97735,11269,0xCF00400,1,8,FF,FF,FF,D2,81,FF,FF,FF
97735,11270,0xCFF6600,1,8,3A,10,FF,FF,FF,FF,FF,FF
97745,11271,0x18FEF100,1,8,3F,00,00,FF,FF,FF,FF,FF
97746,11272,0x18F00500,1,8,FF,FF,FF,FF,20,2D,FF,FF
97747,11273,0x18F00600,1,8,FF,FF,FF,FF,FF,FF,FF,FF
97747,11274,0x18FEF200,1,8,22,00,00,00,00,00,0B,FF
97748,11275,0x1CFDDF00,1,8,FE,FF,FF,FF,FF,FF,FF,FF
97749,11276,0x1CFF6A00,1,8,FC,FF,FF,FF,FF,FF,FF,FF
97755,11277,0xCF00400,1,8,FF,FF,FF,EA,82,FF,FF,FF
97755,11278,0xCFF6600,1,8,5D,10,FF,FF,FF,FF,FF,FF
97775,11279,0xCF00400,1,8,FF,FF,FF,86,83,FF,FF,FF
97775,11280,0xCFF6600,1,8,70,10,FF,FF,FF,FF,FF,FF
97795,11281,0xCF00400,1,8,FF,FF,FF,58,84,FF,FF,FF
97795,11282,0xCFF6600,1,8,8B,10,FF,FF,FF,FF,FF,FF
97815,11283,0xCF00400,1,8,FF,FF,FF,64,84,FF,FF,FF
97815,11284,0xCFF6600,1,8,8C,10,FF,FF,FF,FF,FF,FF
97835,11285,0xCF00400,1,8,FF,FF,FF,14,85,FF,FF,FF
97836,11286,0xCFF6600,1,8,A2,10,FF,FF,FF,FF,FF,FF
97846,11287,0x10FF6500,1,8,FC,FF,FF,FF,FF,FF,FF,FF
97846,11288,0x18F00500,1,8,FF,FF,FF,FF,20,2D,FF,FF
97847,11289,0x18FEF100,1,8,3F,00,00,FF,FF,FF,FF,FF
97848,11290,0x18FEF200,1,8,22,00,00,00,00,00,0A,FF
97857,11291,0xCF00400,1,8,FF,FF,FF,6E,85,FF,FF,FF
97857,11292,0xCFF6600,1,8,AD,10,FF,FF,FF,FF,FF,FF
97875,11293,0xCF00400,1,8,FF,FF,FF,BC,85,FF,FF,FF
97876,11294,0xCFF6600,1,8,B7,10,FF,FF,FF,FF,FF,FF
97895,11295,0xCF00400,1,8,FF,FF,FF,AC,86,FF,FF,FF
97895,11296,0xCFF6600,1,8,D5,10,FF,FF,FF,FF,FF,FF
97915,11297,0xCF00400,1,8,FF,FF,FF,F8,86,FF,FF,FF
97915,11298,0xCFF6600,1,8,DF,10,FF,FF,FF,FF,FF,FF
97935,11299,0xCF00400,1,8,FF,FF,FF,8E,87,FF,FF,FF
97935,11300,0xCFF6600,1,8,F1,10,FF,FF,FF,FF,FF,FF
97946,11301,0x18F00500,1,8,FF,FF,FF,FF,20,2D,FF,FF
97947,11302,0x18FEF100,1,8,3F,00,00,FF,FF,FF,FF,FF
97974,11303,0x18EEFF00,1,8,08,CF,60,06,00,00,00,00
97974,11304,0x18FEF200,1,8,22,00,00,00,00,00,0A,FF
97975,11305,0xCF00400,1,8,FF,FF,FF,DC,88,FF,FF,FF
97975,11306,0xCFF6600,1,8,1B,11,FF,FF,FF,FF,FF,FF
97995,11307,0xCF00400,1,8,FF,FF,FF,40,89,FF,FF,FF
97995,11308,0xCFF6600,1,8,28,11,FF,FF,FF,FF,FF,FF
98004,11309,0x18FEEE00,1,8,68,FF,FF,FF,FF,FF,FF,FF
98005,11310,0x18FDE500,1,8,0A,14,1E,28,32,3C,46,13
98016,11311,0xCF00400,1,8,FF,FF,FF,F0,89,FF,FF,FF
98017,11312,0xCFF6600,1,8,3E,11,FF,FF,FF,FF,FF,FF
98025,11313,0x1CECFF00,1,8,20,0A,00,02,FF,CA,FE,00
98035,11314,0xCF00400,1,8,FF,FF,FF,1C,8A,FF,FF,FF
98038,11315,0xCFF6600,1,8,43,11,FF,FF,FF,FF,FF,FF
98049,11316,0x10FF6500,1,8,FC,FF,FF,FF,FF,FF,FF,FF
98050,11317,0x18F00500,1,8,FF,FF,FF,FF,20,2D,FF,FF
98051,11318,0x18FEF100,1,8,3F,00,00,FF,FF,FF,FF,FF
98051,11319,0x18FEF200,1,8,2C,00,00,00,00,00,0A,FF
98055,11320,0xCF00400,1,8,FF,FF,FF,02,8A,FF,FF,FF
98056,11321,0xCFF6600,1,8,40,11,FF,FF,FF,FF,FF,FF
98075,11322,0xCF00400,1,8,FF,FF,FF,0C,8A,FF,FF,FF
98076,11323,0xCFF6600,1,8,41,11,FF,FF,FF,FF,FF,FF
98077,11324,0x1CEBFF00,1,8,01,40,FF,0F,F0,E5,01,02
98095,11325,0xCF00400,1,8,FF,FF,FF,30,8A,FF,FF,FF
98095,11326,0xCFF6600,1,8,46,11,FF,FF,FF,FF,FF,FF
98115,11327,0xCF00400,1,8,FF,FF,FF,72,8A,FF,FF,FF
98137,11328,0xCF00400,1,8,FF,FF,FF,7A,8A,FF,FF,FF
98137,11329,0xCFF6600,1,8,4E,11,FF,FF,FF,FF,FF,FF
98138,11330,0x1CEBFF00,1,8,02,F0,E3,01,FF,FF,FF,FF
98162,11331,0x18F00500,1,8,FF,FF,FF,FF,20,2D,FF,FF
98162,11332,0x18FEF100,1,8,3F,00,00,FF,FF,FF,FF,FF
98163,11333,0x18FEF200,1,8,2C,00,00,00,00,00,09,FF
98164,11334,0x18EEFF00,1,8,08,CF,60,06,00,00,00,00
98175,11335,0xCF00400,1,8,FF,FF,FF,3E,8A,FF,FF,FF
98175,11336,0xCFF6600,1,8,47,11,FF,FF,FF,FF,FF,FF
98195,11337,0xCF00400,1,8,FF,FF,FF,0A,8A,FF,FF,FF
98195,11338,0xCFF6600,1,8,41,11,FF,FF,FF,FF,FF,FF
98215,11339,0xCF00400,1,8,FF,FF,FF,0C,8A,FF,FF,FF
98215,11340,0xCFF6600,1,8,41,11,FF,FF,FF,FF,FF,FF
98235,11341,0xCF00400,1,8,FF,FF,FF,F2,89,FF,FF,FF
98236,11342,0xCFF6600,1,8,3E,11,FF,FF,FF,FF,FF,FF
98246,11343,0x18FEF100,1,8,3F,00,00,FF,FF,FF,FF,FF
98247,11344,0x10FF6500,1,8,FC,FF,FF,FF,FF,FF,FF,FF
98247,11345,0x18F00500,1,8,FF,FF,FF,FF,20,2D,FF,FF
98248,11346,0x18F00600,1,8,FF,FF,FF,FF,FF,FF,FF,FF
98249,11347,0x18FEF200,1,8,2C,00,00,00,00,00,09,FF
98249,11348,0x1CFDDF00,1,8,FE,FF,FF,FF,FF,FF,FF,FF
98250,11349,0x1CFF6A00,1,8,FC,FF,FF,FF,FF,FF,FF,FF
98255,11350,0xCF00400,1,8,FF,FF,FF,90,89,FF,FF,FF
98255,11351,0xCFF6600,1,8,32,11,FF,FF,FF,FF,FF,FF
98275,11352,0xCF00400,1,8,FF,FF,FF,26,8A,FF,FF,FF
98275,11353,0xCFF6600,1,8,44,11,FF,FF,FF,FF,FF,FF
98295,11354,0xCF00400,1,8,FF,FF,FF,64,8A,FF,FF,FF
98296,11355,0xCFF6600,1,8,4C,11,FF,FF,FF,FF,FF,FF
98316,11356,0xCF00400,1,8,FF,FF,FF,86,8A,FF,FF,FF
98317,11357,0xCFF6600,1,8,50,11,FF,FF,FF,FF,FF,FF
98336,11358,0xCF00400,1,8,FF,FF,FF,7E,8A,FF,FF,FF
98336,11359,0xCFF6600,1,8,4F,11,FF,FF,FF,FF,FF,FF
98345,11360,0x18FEF100,1,8,3F,00,00,FF,FF,FF,FF,FF
98346,11361,0x18F00500,1,8,FF,FF,FF,FF,20,2D,FF,FF
98347,11362,0x18FEF200,1,8,2C,00,00,00,00,00,09,FF
98355,11363,0xCF00400,1,8,FF,FF,FF,54,8A,FF,FF,FF
98355,11364,0xCFF6600,1,8,4A,11,FF,FF,FF,FF,FF,FF
98375,11365,0xCF00400,1,8,FF,FF,FF,68,8A,FF,FF,FF
98376,11366,0xCFF6600,1,8,4D,11,FF,FF,FF,FF,FF,FF
98395,11367,0xCF00400,1,8,FF,FF,FF,A8,8A,FF,FF,FF
98396,11368,0xCFF6600,1,8,55,11,FF,FF,FF,FF,FF,FF
98415,11369,0xCF00400,1,8,FF,FF,FF,BE,8A,FF,FF,FF
98416,11370,0xCFF6600,1,8,57,11,FF,FF,FF,FF,FF,FF
98435,11371,0xCF00400,1,8,FF,FF,FF,9C,8A,FF,FF,FF
98436,11372,0xCFF6600,1,8,53,11,FF,FF,FF,FF,FF,FF
98466,11373,0xCF00400,1,8,FF,FF,FF,B4,8A,FF,FF,FF
98466,11374,0xCFF6600,1,8,56,11,FF,FF,FF,FF,FF,FF
98467,11375,0x10FF6500,1,8,FC,FF,FF,FF,FF,FF,FF,FF
98467,11376,0x18F00500,1,8,FF,FF,FF,FF,20,2D,FF,FF
98468,11377,0x18FEF100,1,8,3F,00,00,FF,FF,FF,FF,FF
98469,11378,0x18FEF200,1,8,2C,00,00,00,00,00,09,FF
98475,11379,0xCF00400,1,8,FF,FF,FF,D6,8A,FF,FF,FF
98476,11380,0xCFF6600,1,8,5A,11,FF,FF,FF,FF,FF,FF
98495,11381,0xCF00400,1,8,FF,FF,FF,8E,8A,FF,FF,FF
98496,11382,0xCFF6600,1,8,51,11,FF,FF,FF,FF,FF,FF
98515,11383,0xCF00400,1,8,FF,FF,FF,9C,8A,FF,FF,FF
98516,11384,0xCFF6600,1,8,53,11,FF,FF,FF,FF,FF,FF
98535,11385,0xCF00400,1,8,FF,FF,FF,18,8B,FF,FF,FF
98553,11386,0xCFF6600,1,8,63,11,FF,FF,FF,FF,FF,FF
98554,11387,0x18EEFF00,1,8,08,CF,60,06,00,00,00,00
98555,11388,0xCF00400,1,8,FF,FF,FF,4A,8B,FF,FF,FF
98555,11389,0xCFF6600,1,8,69,11,FF,FF,FF,FF,FF,FF
98575,11390,0xCF00400,1,8,FF,FF,FF,28,8B,FF,FF,FF
98575,11391,0xCFF6600,1,8,65,11,FF,FF,FF,FF,FF,FF
98595,11392,0xCF00400,1,8,FF,FF,FF,2C,8B,FF,FF,FF
98595,11393,0xCFF6600,1,8,65,11,FF,FF,FF,FF,FF,FF
98615,11394,0xCF00400,1,8,FF,FF,FF,82,8B,FF,FF,FF
98615,11395,0xCFF6600,1,8,70,11,FF,FF,FF,FF,FF,FF
98636,11396,0xCF00400,1,8,FF,FF,FF,C4,8B,FF,FF,FF
98636,11397,0xCFF6600,1,8,78,11,FF,FF,FF,FF,FF,FF
98646,11398,0x18FEF100,1,8,3F,00,00,FF,FF,FF,FF,FF
98646,11399,0x18F00500,1,8,FF,FF,FF,FF,20,2D,FF,FF
98647,11400,0x18FEF200,1,8,2C,00,00,00,00,00,09,FF
98655,11401,0xCF00400,1,8,FF,FF,FF,04,8C,FF,FF,FF
98675,11402,0xCF00400,1,8,FF,FF,FF,04,8C,FF,FF,FF
98676,11403,0xCFF6600,1,8,80,11,FF,FF,FF,FF,FF,FF
98695,11404,0xCF00400,1,8,FF,FF,FF,9C,8B,FF,FF,FF
98696,11405,0xCFF6600,1,8,73,11,FF,FF,FF,FF,FF,FF
98715,11406,0xCF00400,1,8,FF,FF,FF,1C,8B,FF,FF,FF
98716,11407,0xCFF6600,1,8,63,11,FF,FF,FF,FF,FF,FF
98735,11408,0xCF00400,1,8,FF,FF,FF,00,8B,FF,FF,FF
98736,11409,0xCFF6600,1,8,60,11,FF,FF,FF,FF,FF,FF
98746,11410,0x18FEF100,1,8,3F,00,00,FF,FF,FF,FF,FF
98747,11411,0x10FF6500,1,8,FC,FF,FF,FF,FF,FF,FF,FF
98747,11412,0x18F00500,1,8,FF,FF,FF,FF,20,2D,FF,FF
98748,11413,0x18FEF200,1,8,2C,00,00,00,00,00,09,FF
98755,11414,0xCF00400,1,8,FF,FF,FF,D6,8A,FF,FF,FF
98756,11415,0xCFF6600,1,8,5A,11,FF,FF,FF,FF,FF,FF
98776,11416,0xCF00400,1,8,FF,FF,FF,2C,8A,FF,FF,FF
98777,11417,0xCFF6600,1,8,45,11,FF,FF,FF,FF,FF,FF
98795,11418,0xCF00400,1,8,FF,FF,FF,C0,89,FF,FF,FF
98795,11419,0xCFF6600,1,8,38,11,FF,FF,FF,FF,FF,FF
98815,11420,0xCF00400,1,8,FF,FF,FF,56,89,FF,FF,FF
98836,11421,0xCF00400,1,8,FF,FF,FF,7E,89,FF,FF,FF
98837,11422,0xCFF6600,1,8,2A,11,FF,FF,FF,FF,FF,FF
98846,11423,0x18F00500,1,8,FF,FF,FF,FF,20,2D,FF,FF
98846,11424,0x18F00600,1,8,FF,FF,FF,FF,FF,FF,FF,FF
98847,11425,0x18FEF100,1,8,3F,00,00,FF,FF,FF,FF,FF
98848,11426,0x18FEF200,1,8,2C,00,00,00,00,00,09,FF
98849,11427,0x1CFDDF00,1,8,FE,FF,FF,FF,FF,FF,FF,FF
98849,11428,0x1CFF6A00,1,8,FC,FF,FF,FF,FF,FF,FF,FF
98855,11429,0xCF00400,1,8,FF,FF,FF,30,8A,FF,FF,FF
98855,11430,0xCFF6600,1,8,46,11,FF,FF,FF,FF,FF,FF
98875,11431,0xCF00400,1,8,FF,FF,FF,A6,8A,FF,FF,FF
98875,11432,0xCFF6600,1,8,54,11,FF,FF,FF,FF,FF,FF
98895,11433,0xCF00400,1,8,FF,FF,FF,7C,8B,FF,FF,FF
98896,11434,0xCFF6600,1,8,6F,11,FF,FF,FF,FF,FF,FF
98915,11435,0xCF00400,1,8,FF,FF,FF,BA,8B,FF,FF,FF
98916,11436,0xCFF6600,1,8,77,11,FF,FF,FF,FF,FF,FF
98935,11437,0xCF00400,1,8,FF,FF,FF,C6,8B,FF,FF,FF
98936,11438,0xCFF6600,1,8,78,11,FF,FF,FF,FF,FF,FF
98946,11439,0x10FF6500,1,8,FC,FF,FF,FF,FF,FF,FF,FF
98946,11440,0x18F00500,1,8,FF,FF,FF,FF,20,2D,FF,FF
98947,11441,0x18FEF100,1,8,3F,00,00,FF,FF,FF,FF,FF
98948,11442,0x18FEF200,1,8,2C,00,00,00,00,00,09,FF
98955,11443,0xCF00400,1,8,FF,FF,FF,7E,8B,FF,FF,FF
98956,11444,0xCFF6600,1,8,6F,11,FF,FF,FF,FF,FF,FF
98977,11445,0xCF00400,1,8,FF,FF,FF,94,8B,FF,FF,FF
98996,11446,0xCFF6600,1,8,72,11,FF,FF,FF,FF,FF,FF
98997,11447,0x18EEFF00,1,8,08,CF,60,06,00,00,00,00
99004,11448,0x18FDE500,1,8,0A,14,1E,28,32,3C,46,13
99005,11449,0x18FEEE00,1,8,69,FF,FF,FF,FF,FF,FF,FF
99015,11450,0xCF00400,1,8,FF,FF,FF,BA,8B,FF,FF,FF
99016,11451,0xCFF6600,1,8,77,11,FF,FF,FF,FF,FF,FF
99024,11452,0x1CECFF00,1,8,20,0A,00,02,FF,CA,FE,00
99035,11453,0xCF00400,1,8,FF,FF,FF,6E,8B,FF,FF,FF
99036,11454,0xCFF6600,1,8,6D,11,FF,FF,FF,FF,FF,FF
99046,11455,0x18F00500,1,8,FF,FF,FF,FF,20,2D,FF,FF
99046,11456,0x18FEF100,1,8,3F,00,00,FF,FF,FF,FF,FF
99047,11457,0x18FEF200,1,8,2C,00,00,00,00,00,09,FF
99074,11458,0xCF00400,1,8,FF,FF,FF,28,8B,FF,FF,FF
99075,11459,0xCFF6600,1,8,65,11,FF,FF,FF,FF,FF,FF
99076,11460,0x1CEBFF00,1,8,01,40,FF,0F,F0,E5,01,02
99095,11461,0xCF00400,1,8,FF,FF,FF,EE,8B,FF,FF,FF
99096,11462,0xCFF6600,1,8,7D,11,FF,FF,FF,FF,FF,FF
99116,11463,0xCF00400,1,8,FF,FF,FF,48,8C,FF,FF,FF
99116,11464,0xCFF6600,1,8,89,11,FF,FF,FF,FF,FF,FF
99124,11465,0x1CEBFF00,1,8,02,F0,E3,01,FF,FF,FF,FF
99136,11466,0xCF00400,1,8,FF,FF,FF,02,8C,FF,FF,FF
99137,11467,0xCFF6600,1,8,80,11,FF,FF,FF,FF,FF,FF
99145,11468,0x18FEF100,1,8,3F,00,00,FF,FF,FF,FF,FF
99146,11469,0x10FF6500,1,8,FC,FF,FF,FF,FF,FF,FF,FF
99147,11470,0x18F00500,1,8,FF,FF,FF,FF,20,2D,FF,FF
99147,11471,0x18FEF200,1,8,2C,00,00,00,00,00,09,FF
99155,11472,0xCF00400,1,8,FF,FF,FF,0E,8C,FF,FF,FF
99156,11473,0xCFF6600,1,8,81,11,FF,FF,FF,FF,FF,FF
99176,11474,0xCF00400,1,8,FF,FF,FF,5C,8C,FF,FF,FF
99177,11475,0xCFF6600,1,8,8B,11,FF,FF,FF,FF,FF,FF
99196,11476,0xCF00400,1,8,FF,FF,FF,3A,8C,FF,FF,FF
99197,11477,0xCFF6600,1,8,87,11,FF,FF,FF,FF,FF,FF
99215,11478,0xCF00400,1,8,FF,FF,FF,96,8C,FF,FF,FF
99216,11479,0xCFF6600,1,8,92,11,FF,FF,FF,FF,FF,FF
99235,11480,0xCF00400,1,8,FF,FF,FF,52,8C,FF,FF,FF
99236,11481,0xCFF6600,1,8,8A,11,FF,FF,FF,FF,FF,FF
99247,11482,0x18F00500,1,8,FF,FF,FF,FF,20,2D,FF,FF
99247,11483,0x18FEF100,1,8,3F,00,00,FF,FF,FF,FF,FF
99248,11484,0x18FEF200,1,8,2C,00,00,00,00,00,08,FF
99255,11485,0xCF00400,1,8,FF,FF,FF,AE,8B,FF,FF,FF
99276,11486,0xCF00400,1,8,FF,FF,FF,7C,8B,FF,FF,FF
99277,11487,0xCFF6600,1,8,75,11,FF,FF,FF,FF,FF,FF
99295,11488,0xCF00400,1,8,FF,FF,FF,BC,8B,FF,FF,FF
99296,11489,0xCFF6600,1,8,77,11,FF,FF,FF,FF,FF,FF
99315,11490,0xCF00400,1,8,FF,FF,FF,3C,8C,FF,FF,FF
99315,11491,0xCFF6600,1,8,87,11,FF,FF,FF,FF,FF,FF
99335,11492,0xCF00400,1,8,FF,FF,FF,3A,8C,FF,FF,FF
99335,11493,0xCFF6600,1,8,87,11,FF,FF,FF,FF,FF,FF
99346,11494,0x10FF6500,1,8,FC,FF,FF,FF,FF,FF,FF,FF
99346,11495,0x18F00500,1,8,FF,FF,FF,FF,20,2D,FF,FF
99347,11496,0x18F00600,1,8,FF,FF,FF,FF,FF,FF,FF,FF
99348,11497,0x18FEF100,1,8,3F,00,00,FF,FF,FF,FF,FF
99348,11498,0x18FEF200,1,8,2C,00,00,00,00,00,08,FF
99349,11499,0x1CFDDF00,1,8,FE,FF,FF,FF,FF,FF,FF,FF
99350,11500,0x1CFF6A00,1,8,FC,FF,FF,FF,FF,FF,FF,FF
99355,11501,0xCF00400,1,8,FF,FF,FF,B6,8B,FF,FF,FF
99376,11502,0xCF00400,1,8,FF,FF,FF,A2,8B,FF,FF,FF
99377,11503,0xCFF6600,1,8,76,11,FF,FF,FF,FF,FF,FF
99395,11504,0xCF00400,1,8,FF,FF,FF,E6,8B,FF,FF,FF
99395,11505,0xCFF6600,1,8,7C,11,FF,FF,FF,FF,FF,FF
99415,11506,0xCF00400,1,8,FF,FF,FF,2E,8C,FF,FF,FF
99416,11507,0xCFF6600,1,8,85,11,FF,FF,FF,FF,FF,FF
99435,11508,0xCF00400,1,8,FF,FF,FF,6C,8C,FF,FF,FF
99435,11509,0xCFF6600,1,8,8D,11,FF,FF,FF,FF,FF,FF
99446,11510,0x18F00500,1,8,FF,FF,FF,FF,20,2D,FF,FF
99446,11511,0x18FEF100,1,8,3F,00,00,FF,FF,FF,FF,FF
99447,11512,0x18FEF200,1,8,2C,00,00,00,00,00,08,FF
99455,11513,0xCF00400,1,8,FF,FF,FF,80,8C,FF,FF,FF
99456,11514,0xCFF6600,1,8,90,11,FF,FF,FF,FF,FF,FF
99475,11515,0xCF00400,1,8,FF,FF,FF,1C,8C,FF,FF,FF
99475,11516,0xCFF6600,1,8,83,11,FF,FF,FF,FF,FF,FF
99495,11517,0xCF00400,1,8,FF,FF,FF,46,8B,FF,FF,FF
99496,11518,0xCFF6600,1,8,68,11,FF,FF,FF,FF,FF,FF
99515,11519,0xCF00400,1,8,FF,FF,FF,2A,8B,FF,FF,FF
99515,11520,0xCFF6600,1,8,65,11,FF,FF,FF,FF,FF,FF
99535,11521,0xCF00400,1,8,FF,FF,FF,4C,8B,FF,FF,FF
99535,11522,0xCFF6600,1,8,69,11,FF,FF,FF,FF,FF,FF
99545,11523,0x10FF6500,1,8,FC,FF,FF,FF,FF,FF,FF,FF
99546,11524,0x18F00500,1,8,FF,FF,FF,FF,20,2D,FF,FF
99547,11525,0x18FEF100,1,8,3F,00,00,FF,FF,FF,FF,FF
99547,11526,0x18FEF200,1,8,2C,00,00,00,00,00,08,FF
99555,11527,0xCF00400,1,8,FF,FF,FF,8C,8B,FF,FF,FF
99556,11528,0xCFF6600,1,8,71,11,FF,FF,FF,FF,FF,FF
99575,11529,0xCF00400,1,8,FF,FF,FF,AA,8B,FF,FF,FF
99576,11530,0xCFF6600,1,8,75,11,FF,FF,FF,FF,FF,FF
99596,11531,0xCF00400,1,8,FF,FF,FF,C2,8B,FF,FF,FF
99597,11532,0xCFF6600,1,8,78,11,FF,FF,FF,FF,FF,FF
99615,11533,0xCF00400,1,8,FF,FF,FF,CC,8B,FF,FF,FF
99615,11534,0xCFF6600,1,8,79,11,FF,FF,FF,FF,FF,FF
99635,11535,0xCF00400,1,8,FF,FF,FF,16,8C,FF,FF,FF
99635,11536,0xCFF6600,1,8,82,11,FF,FF,FF,FF,FF,FF
99646,11537,0x18F00500,1,8,FF,FF,FF,FF,20,2D,FF,FF
99647,11538,0x18FEF100,1,8,3F,00,00,FF,FF,FF,FF,FF
99648,11539,0x18FEF200,1,8,2C,00,00,00,00,00,08,FF
99655,11540,0xCF00400,1,8,FF,FF,FF,62,8C,FF,FF,FF
99692,11541,0xCF00400,1,8,FF,FF,FF,3A,8C,FF,FF,FF
99692,11542,0xCFF6600,1,8,8C,11,FF,FF,FF,FF,FF,FF
99694,11543,0x18EEFF00,1,8,08,CF,60,06,00,00,00,00
99695,11544,0xCF00400,1,8,FF,FF,FF,06,8C,FF,FF,FF
99695,11545,0xCFF6600,1,8,80,11,FF,FF,FF,FF,FF,FF
99715,11546,0xCF00400,1,8,FF,FF,FF,EE,8B,FF,FF,FF
99715,11547,0xCFF6600,1,8,7D,11,FF,FF,FF,FF,FF,FF
99735,11548,0xCF00400,1,8,FF,FF,FF,48,8C,FF,FF,FF
99735,11549,0xCFF6600,1,8,89,11,FF,FF,FF,FF,FF,FF
99746,11550,0x18FEF100,1,8,3F,00,00,FF,FF,FF,FF,FF
99746,11551,0x10FF6500,1,8,FC,FF,FF,FF,FF,FF,FF,FF
99747,11552,0x18F00500,1,8,FF,FF,FF,FF,20,2D,FF,FF
99747,11553,0x18FEF200,1,8,2C,00,00,00,00,00,08,FF
99755,11554,0xCF00400,1,8,FF,FF,FF,68,8C,FF,FF,FF
99755,11555,0xCFF6600,1,8,8D,11,FF,FF,FF,FF,FF,FF
99775,11556,0xCF00400,1,8,FF,FF,FF,FE,8B,FF,FF,FF
99775,11557,0xCFF6600,1,8,7F,11,FF,FF,FF,FF,FF,FF
99795,11558,0xCF00400,1,8,FF,FF,FF,92,8A,FF,FF,FF
99795,11559,0xCFF6600,1,8,52,11,FF,FF,FF,FF,FF,FF
99815,11560,0xCF00400,1,8,FF,FF,FF,FE,89,FF,FF,FF
99816,11561,0xCFF6600,1,8,3F,11,FF,FF,FF,FF,FF,FF
99836,11562,0xCF00400,1,8,FF,FF,FF,64,8A,FF,FF,FF
99837,11563,0xCFF6600,1,8,4C,11,FF,FF,FF,FF,FF,FF
99847,11564,0x18F00500,1,8,FF,FF,FF,FF,20,2D,FF,FF
99869,11565,0xCF00400,1,8,FF,FF,FF,92,8A,FF,FF,FF
99869,11566,0xCFF6600,1,8,52,11,FF,FF,FF,FF,FF,FF
99870,11567,0x18F00600,1,8,FF,FF,FF,FF,FF,FF,FF,FF
99871,11568,0x18F00600,1,8,FF,FF,FF,FF,FF,FF,FF,FF
99872,11569,0x18FEF100,1,8,3F,00,00,FF,FF,FF,FF,FF
99872,11570,0x18FEF200,1,8,2C,00,00,00,00,00,08,FF
99873,11571,0x1CFDDF00,1,8,FE,FF,FF,FF,FF,FF,FF,FF
99874,11572,0x1CFF6A00,1,8,FC,FF,FF,FF,FF,FF,FF,FF
99875,11573,0xCF00400,1,8,FF,FF,FF,DA,8A,FF,FF,FF
99875,11574,0xCFF6600,1,8,5B,11,FF,FF,FF,FF,FF,FF
99895,11575,0xCF00400,1,8,FF,FF,FF,38,8B,FF,FF,FF
99896,11576,0xCFF6600,1,8,67,11,FF,FF,FF,FF,FF,FF
99915,11577,0xCF00400,1,8,FF,FF,FF,10,8B,FF,FF,FF
99915,11578,0xCFF6600,1,8,62,11,FF,FF,FF,FF,FF,FF
99935,11579,0xCF00400,1,8,FF,FF,FF,1C,8B,FF,FF,FF
99935,11580,0xCFF6600,1,8,63,11,FF,FF,FF,FF,FF,FF
99945,11581,0x18FEF100,1,8,3F,00,00,FF,FF,FF,FF,FF
99946,11582,0x10FF6500,1,8,FC,FF,FF,FF,FF,FF,FF,FF
99947,11583,0x18F00500,1,8,FF,FF,FF,FF,20,2D,FF,FF
99947,11584,0x18FEF200,1,8,2C,00,00,00,00,00,08,FF
99958,11585,0xCF00400,1,8,FF,FF,FF,52,8B,FF,FF,FF
99958,11586,0xCFF6600,1,8,6A,11,FF,FF,FF,FF,FF,FF
99975,11587,0xCF00400,1,8,FF,FF,FF,3C,8B,FF,FF,FF
99976,11588,0xCFF6600,1,8,67,11,FF,FF,FF,FF,FF,FF
99995,11589,0xCF00400,1,8,FF,FF,FF,28,8B,FF,FF,FF
100013,11590,0xCFF6600,1,8,65,11,FF,FF,FF,FF,FF,FF
100014,11591,0x18EEFF00,1,8,08,CF,60,06,00,00,00,00
100015,11592,0xCF00400,1,8,FF,FF,FF,CA,8A,FF,FF,FF
100016,11593,0xCFF6600,1,8,59,11,FF,FF,FF,FF,FF,FF
100035,11594,0xCF00400,1,8,FF,FF,FF,3E,8A,FF,FF,FF
100036,11595,0xCFF6600,1,8,47,11,FF,FF,FF,FF,FF,FF
100045,11596,0x18FEF100,1,8,3F,00,00,FF,FF,FF,FF,FF
100046,11597,0x18F00500,1,8,FF,FF,FF,FF,20,2D,FF,FF
100047,11598,0x18FEF200,1,8,2B,00,00,00,00,00,08,FF
100055,11599,0xCF00400,1,8,FF,FF,FF,BE,8A,FF,FF,FF
100055,11600,0xCFF6600,1,8,57,11,FF,FF,FF,FF,FF,FF
100075,11601,0xCF00400,1,8,FF,FF,FF,B8,8A,FF,FF,FF
100075,11602,0xCFF6600,1,8,57,11,FF,FF,FF,FF,FF,FF
100095,11603,0xCF00400,1,8,FF,FF,FF,54,8A,FF,FF,FF
100095,11604,0xCFF6600,1,8,4A,11,FF,FF,FF,FF,FF,FF
100137,11605,0xCF00400,1,8,FF,FF,FF,6C,8A,FF,FF,FF
100137,11606,0xCFF6600,1,8,4D,11,FF,FF,FF,FF,FF,FF
100138,11607,0x18EEFF00,1,8,08,CF,60,06,00,00,00,00
100145,11608,0x18FEF100,1,8,3F,00,00,FF,FF,FF,FF,FF
100146,11609,0x10FF6500,1,8,FC,FF,FF,FF,FF,FF,FF,FF
100146,11610,0x18F00500,1,8,FF,FF,FF,FF,20,2D,FF,FF
100147,11611,0x18FEF200,1,8,2B,00,00,00,00,00,08,FF
100155,11612,0xCF00400,1,8,FF,FF,FF,60,8A,FF,FF,FF
100155,11613,0xCFF6600,1,8,4C,11,FF,FF,FF,FF,FF,FF
100175,11614,0xCF00400,1,8,FF,FF,FF,D0,89,FF,FF,FF
100175,11615,0xCFF6600,1,8,3A,11,FF,FF,FF,FF,FF,FF
100195,11616,0xCF00400,1,8,FF,FF,FF,9C,89,FF,FF,FF
100195,11617,0xCFF6600,1,8,33,11,FF,FF,FF,FF,FF,FF
100215,11618,0xCF00400,1,8,FF,FF,FF,8C,89,FF,FF,FF
100216,11619,0xCFF6600,1,8,31,11,FF,FF,FF,FF,FF,FF
100235,11620,0xCF00400,1,8,FF,FF,FF,A6,89,FF,FF,FF
100236,11621,0xCFF6600,1,8,34,11,FF,FF,FF,FF,FF,FF
100246,11622,0x18FEF100,1,8,3F,00,00,FF,FF,FF,FF,FF
100247,11623,0x18F00500,1,8,FF,FF,FF,FF,20,2D,FF,FF
100248,11624,0x18FEF200,1,8,2B,00,00,00,00,00,08,FF
100255,11625,0xCF00400,1,8,FF,FF,FF,86,89,FF,FF,FF
100255,11626,0xCFF6600,1,8,30,11,FF,FF,FF,FF,FF,FF
100275,11627,0xCF00400,1,8,FF,FF,FF,F6,88,FF,FF,FF
100275,11628,0xCFF6600,1,8,1E,11,FF,FF,FF,FF,FF,FF
100297,11629,0xCF00400,1,8,FF,FF,FF,D2,88,FF,FF,FF
100297,11630,0xCFF6600,1,8,1A,11,FF,FF,FF,FF,FF,FF
100315,11631,0xCF00400,1,8,FF,FF,FF,F6,88,FF,FF,FF
100315,11632,0xCFF6600,1,8,1E,11,FF,FF,FF,FF,FF,FF
100335,11633,0xCF00400,1,8,FF,FF,FF,F2,88,FF,FF,FF
100336,11634,0xCFF6600,1,8,1E,11,FF,FF,FF,FF,FF,FF
100346,11635,0x10FF6500,1,8,FC,FF,FF,FF,FF,FF,FF,FF
100346,11636,0x18F00500,1,8,FF,FF,FF,FF,20,2D,FF,FF
100347,11637,0x18F00600,1,8,FF,FF,FF,FF,FF,FF,FF,FF
100348,11638,0x18FEF100,1,8,3F,00,00,FF,FF,FF,FF,FF
100348,11639,0x18FEF200,1,8,2B,00,00,00,00,00,07,FF
100349,11640,0x1CFDDF00,1,8,FE,FF,FF,FF,FF,FF,FF,FF
100370,11641,0xCF00400,1,8,FF,FF,FF,78,88,FF,FF,FF
100370,11642,0xCFF6600,1,8,0F,11,FF,FF,FF,FF,FF,FF
100372,11643,0x1CFF6A00,1,8,FC,FF,FF,FF,FF,FF,FF,FF
100375,11644,0xCF00400,1,8,FF,FF,FF,5E,88,FF,FF,FF
100375,11645,0xCFF6600,1,8,0B,11,FF,FF,FF,FF,FF,FF
100395,11646,0xCF00400,1,8,FF,FF,FF,8A,88,FF,FF,FF
100395,11647,0xCFF6600,1,8,11,11,FF,FF,FF,FF,FF,FF
100415,11648,0xCF00400,1,8,FF,FF,FF,62,88,FF,FF,FF
100417,11649,0xCFF6600,1,8,0C,11,FF,FF,FF,FF,FF,FF
100435,11650,0xCF00400,1,8,FF,FF,FF,7E,87,FF,FF,FF
100435,11651,0xCFF6600,1,8,EF,10,FF,FF,FF,FF,FF,FF
100446,11652,0x18F00500,1,8,FF,FF,FF,FF,20,2D,FF,FF
100447,11653,0x18FEF100,1,8,3F,00,00,FF,FF,FF,FF,FF
100447,11654,0x18FEF200,1,8,2B,00,00,00,00,00,03,FF
100455,11655,0xCF00400,1,8,FF,FF,FF,10,87,FF,FF,FF
100455,11656,0xCFF6600,1,8,E2,10,FF,FF,FF,FF,FF,FF
100475,11657,0xCF00400,1,8,FF,FF,FF,18,86,FF,FF,FF
100475,11658,0xCFF6600,1,8,C3,10,FF,FF,FF,FF,FF,FF
100495,11659,0xCF00400,1,8,FF,FF,FF,36,85,FF,FF,FF
100496,11660,0xCFF6600,1,8,A6,10,FF,FF,FF,FF,FF,FF
100515,11661,0xCF00400,1,8,FF,FF,FF,54,83,FF,FF,FF
100516,11662,0xCFF6600,1,8,6A,10,FF,FF,FF,FF,FF,FF
100535,11663,0xCF00400,1,8,FF,FF,FF,6C,82,FF,FF,FF
100536,11664,0xCFF6600,1,8,4D,10,FF,FF,FF,FF,FF,FF
100548,11665,0x10FF6500,1,8,FC,FF,FF,FF,FF,FF,FF,FF
100549,11666,0x18F00500,1,8,FF,FF,FF,FF,20,2D,FF,FF
100549,11667,0x18FEF100,1,8,3F,00,00,FF,FF,FF,FF,FF
100550,11668,0x18FEF200,1,8,2B,00,00,00,00,00,00,FF
100555,11669,0xCF00400,1,8,FF,FF,FF,98,81,FF,FF,FF
100555,11670,0xCFF6600,1,8,33,10,FF,FF,FF,FF,FF,FF
100575,11671,0xCF00400,1,8,FF,FF,FF,50,80,FF,FF,FF
100575,11672,0xCFF6600,1,8,0A,10,FF,FF,FF,FF,FF,FF
100595,11673,0xCF00400,1,8,FF,FF,FF,72,7F,FF,FF,FF
100616,11674,0xCF00400,1,8,FF,FF,FF,52,7E,FF,FF,FF
100617,11675,0xCFF6600,1,8,EE,0F,FF,FF,FF,FF,FF,FF
100635,11676,0xCFF6600,1,8,78,0F,FF,FF,FF,FF,FF,FF
100636,11677,0xCF00400,1,8,FF,FF,FF,C2,7B,FF,FF,FF
100662,11678,0x18F00500,1,8,FF,FF,FF,FF,20,2D,FF,FF
100663,11679,0x18FEF100,1,8,3F,00,00,FF,FF,FF,FF,FF
100663,11680,0x18FEF200,1,8,2B,00,00,00,00,00,00,FF
100664,11681,0x18EEFF00,1,8,08,CF,60,06,00,00,00,00
100675,11682,0xCF00400,1,8,FF,FF,FF,FE,78,FF,FF,FF
100675,11683,0xCFF6600,1,8,1F,0F,FF,FF,FF,FF,FF,FF
100695,11684,0xCF00400,1,8,FF,FF,FF,D8,77,FF,FF,FF
100695,11685,0xCFF6600,1,8,FB,0E,FF,FF,FF,FF,FF,FF
100715,11686,0xCF00400,1,8,FF,FF,FF,BA,75,FF,FF,FF
100715,11687,0xCFF6600,1,8,B7,0E,FF,FF,FF,FF,FF,FF
100735,11688,0xCF00400,1,8,FF,FF,FF,54,74,FF,FF,FF
100736,11689,0xCFF6600,1,8,8A,0E,FF,FF,FF,FF,FF,FF
100746,11690,0x18F00500,1,8,FF,FF,FF,FF,20,2D,FF,FF
100747,11691,0x10FF6500,1,8,FC,FF,FF,FF,FF,FF,FF,FF
100747,11692,0x18FEF100,1,8,3F,00,00,FF,FF,FF,FF,FF
100748,11693,0x18FEF200,1,8,2B,00,00,00,00,00,00,FF
100755,11694,0xCF00400,1,8,FF,FF,FF,24,73,FF,FF,FF
100756,11695,0xCFF6600,1,8,64,0E,FF,FF,FF,FF,FF,FF
100775,11696,0xCF00400,1,8,FF,FF,FF,34,72,FF,FF,FF
100776,11697,0xCFF6600,1,8,46,0E,FF,FF,FF,FF,FF,FF
100795,11698,0xCF00400,1,8,FF,FF,FF,D0,6F,FF,FF,FF
100796,11699,0xCFF6600,1,8,FA,0D,FF,FF,FF,FF,FF,FF
100815,11700,0xCF00400,1,8,FF,FF,FF,9C,6E,FF,FF,FF
100816,11701,0xCFF6600,1,8,D3,0D,FF,FF,FF,FF,FF,FF
100835,11702,0xCF00400,1,8,FF,FF,FF,8A,6D,FF,FF,FF
100855,11703,0xCFF6600,1,8,B1,0D,FF,FF,FF,FF,FF,FF
100856,11704,0xCF00400,1,8,FF,FF,FF,B2,6C,FF,FF,FF
100856,11705,0x18F00500,1,8,FF,FF,FF,FF,20,2D,FF,FF
100857,11706,0x18F00600,1,8,FF,FF,FF,FF,FF,FF,FF,FF
100858,11707,0x18F00600,1,8,FF,FF,FF,FF,FF,FF,FF,FF
100858,11708,0x18FEF100,1,8,3F,00,00,FF,FF,FF,FF,FF
100859,11709,0x18FEF200,1,8,2B,00,00,00,00,00,00,FF
100859,11710,0x1CFDDF00,1,8,FE,FF,FF,FF,FF,FF,FF,FF
100860,11711,0x1CFF6A00,1,8,FC,FF,FF,FF,FF,FF,FF,FF
100875,11712,0xCF00400,1,8,FF,FF,FF,FE,6B,FF,FF,FF
100876,11713,0xCFF6600,1,8,7F,0D,FF,FF,FF,FF,FF,FF
100895,11714,0xCF00400,1,8,FF,FF,FF,58,6B,FF,FF,FF
100896,11715,0xCFF6600,1,8,6B,0D,FF,FF,FF,FF,FF,FF
100915,11716,0xCF00400,1,8,FF,FF,FF,B6,6A,FF,FF,FF
100916,11717,0xCFF6600,1,8,56,0D,FF,FF,FF,FF,FF,FF
100935,11718,0xCF00400,1,8,FF,FF,FF,BC,69,FF,FF,FF
100936,11719,0xCFF6600,1,8,37,0D,FF,FF,FF,FF,FF,FF
100946,11720,0x10FF6500,1,8,FC,FF,FF,FF,FF,FF,FF,FF
100946,11721,0x18F00500,1,8,FF,FF,FF,FF,20,2D,FF,FF
100947,11722,0x18FEF100,1,8,3F,00,00,FF,FF,FF,FF,FF
100948,11723,0x18FEF200,1,8,2B,00,00,00,00,00,00,FF
100955,11724,0xCF00400,1,8,FF,FF,FF,FA,68,FF,FF,FF
100955,11725,0xCFF6600,1,8,1F,0D,FF,FF,FF,FF,FF,FF
100975,11726,0xCF00400,1,8,FF,FF,FF,F4,67,FF,FF,FF
100975,11727,0xCFF6600,1,8,FE,0C,FF,FF,FF,FF,FF,FF
100995,11728,0xCF00400,1,8,FF,FF,FF,30,67,FF,FF,FF
100995,11729,0xCFF6600,1,8,E6,0C,FF,FF,FF,FF,FF,FF
101005,11730,0x18FDE500,1,8,0A,14,1E,28,32,3C,46,13
101026,11731,0xCF00400,1,8,FF,FF,FF,A6,66,FF,FF,FF
101027,11732,0xCFF6600,1,8,D4,0C,FF,FF,FF,FF,FF,FF
101027,11733,0x18FEEE00,1,8,69,FF,FF,FF,FF,FF,FF,FF
101028,11734,0x1CECFF00,1,8,20,0A,00,02,FF,CA,FE,00
101036,11735,0xCF00400,1,8,FF,FF,FF,28,66,FF,FF,FF
101036,11736,0xCFF6600,1,8,C5,0C,FF,FF,FF,FF,FF,FF
101046,11737,0x18F00500,1,8,FF,FF,FF,FF,20,2D,FF,FF
101046,11738,0x18FEF100,1,8,3F,00,00,FF,FF,FF,FF,FF
101047,11739,0x18FEF200,1,8,24,00,00,00,00,00,00,FF
101055,11740,0xCF00400,1,8,FF,FF,FF,B4,65,FF,FF,FF
101056,11741,0xCFF6600,1,8,B6,0C,FF,FF,FF,FF,FF,FF
101075,11742,0xCF00400,1,8,FF,FF,FF,0A,65,FF,FF,FF
101076,11743,0xCFF6600,1,8,A1,0C,FF,FF,FF,FF,FF,FF
101077,11744,0x1CEBFF00,1,8,01,40,FF,0F,F0,E5,01,02
101095,11745,0xCF00400,1,8,FF,FF,FF,32,64,FF,FF,FF
101095,11746,0xCFF6600,1,8,86,0C,FF,FF,FF,FF,FF,FF
101115,11747,0xCF00400,1,8,FF,FF,FF,B2,63,FF,FF,FF
101116,11748,0xCFF6600,1,8,76,0C,FF,FF,FF,FF,FF,FF
101124,11749,0x1CEBFF00,1,8,02,F0,E3,01,FF,FF,FF,FF
101135,11750,0xCF00400,1,8,FF,FF,FF,74,63,FF,FF,FF
101136,11751,0xCFF6600,1,8,6E,0C,FF,FF,FF,FF,FF,FF
101146,11752,0x10FF6500,1,8,FC,FF,FF,FF,FF,FF,FF,FF
101146,11753,0x18F00500,1,8,FF,FF,FF,FF,20,2D,FF,FF
101147,11754,0x18FEF100,1,8,3F,00,00,FF,FF,FF,FF,FF
101148,11755,0x18FEF200,1,8,24,00,00,00,00,00,00,FF
101155,11756,0xCF00400,1,8,FF,FF,FF,3A,63,FF,FF,FF
101175,11757,0xCF00400,1,8,FF,FF,FF,02,63,FF,FF,FF
101176,11758,0xCFF6600,1,8,67,0C,FF,FF,FF,FF,FF,FF
101195,11759,0xCF00400,1,8,FF,FF,FF,70,62,FF,FF,FF
101196,11760,0xCFF6600,1,8,4E,0C,FF,FF,FF,FF,FF,FF
101216,11761,0xCF00400,1,8,FF,FF,FF,30,62,FF,FF,FF
101216,11762,0xCFF6600,1,8,46,0C,FF,FF,FF,FF,FF,FF
101235,11763,0xCF00400,1,8,FF,FF,FF,F2,61,FF,FF,FF
101236,11764,0xCFF6600,1,8,3E,0C,FF,FF,FF,FF,FF,FF
101246,11765,0x18F00500,1,8,FF,FF,FF,FF,20,2D,FF,FF
101247,11766,0x18FEF100,1,8,3F,00,00,FF,FF,FF,FF,FF
101248,11767,0x18FEF200,1,8,24,00,00,00,00,00,00,FF
101255,11768,0xCF00400,1,8,FF,FF,FF,7E,61,FF,FF,FF
101255,11769,0xCFF6600,1,8,2F,0C,FF,FF,FF,FF,FF,FF
101275,11770,0xCF00400,1,8,FF,FF,FF,D6,60,FF,FF,FF
101275,11771,0xCFF6600,1,8,1A,0C,FF,FF,FF,FF,FF,FF
101295,11772,0xCF00400,1,8,FF,FF,FF,56,60,FF,FF,FF
101295,11773,0xCFF6600,1,8,0A,0C,FF,FF,FF,FF,FF,FF
101315,11774,0xCF00400,1,8,FF,FF,FF,FC,5F,FF,FF,FF
101316,11775,0xCFF6600,1,8,FF,0B,FF,FF,FF,FF,FF,FF
101335,11776,0xCF00400,1,8,FF,FF,FF,66,5F,FF,FF,FF
101336,11777,0xCFF6600,1,8,EC,0B,FF,FF,FF,FF,FF,FF
101347,11778,0x10FF6500,1,8,FC,FF,FF,FF,FF,FF,FF,FF
101348,11779,0x18F00500,1,8,FF,FF,FF,FF,20,2D,FF,FF
101348,11780,0x18F00600,1,8,FF,FF,FF,FF,FF,FF,FF,FF
101349,11781,0x18FEF100,1,8,3F,00,00,FF,FF,FF,FF,FF
101350,11782,0x18FEF200,1,8,24,00,00,00,00,00,00,FF
101350,11783,0x1CFDDF00,1,8,FE,FF,FF,FF,FF,FF,FF,FF
101351,11784,0x1CFF6A00,1,8,FC,FF,FF,FF,FF,FF,FF,FF
101355,11785,0xCF00400,1,8,FF,FF,FF,9C,5E,FF,FF,FF
101355,11786,0xCFF6600,1,8,D3,0B,FF,FF,FF,FF,FF,FF
101375,11787,0xCF00400,1,8,FF,FF,FF,14,5E,FF,FF,FF
101376,11788,0xCFF6600,1,8,C2,0B,FF,FF,FF,FF,FF,FF
101395,11789,0xCF00400,1,8,FF,FF,FF,C2,5D,FF,FF,FF
101396,11790,0xCFF6600,1,8,B8,0B,FF,FF,FF,FF,FF,FF
101415,11791,0xCF00400,1,8,FF,FF,FF,5A,5D,FF,FF,FF
101416,11792,0xCFF6600,1,8,AB,0B,FF,FF,FF,FF,FF,FF
101435,11793,0xCF00400,1,8,FF,FF,FF,DA,5C,FF,FF,FF
101436,11794,0xCFF6600,1,8,9B,0B,FF,FF,FF,FF,FF,FF
101466,11795,0xCF00400,1,8,FF,FF,FF,CA,5C,FF,FF,FF
101467,11796,0xCFF6600,1,8,99,0B,FF,FF,FF,FF,FF,FF
101468,11797,0x18F00500,1,8,FF,FF,FF,FF,20,2D,FF,FF
101469,11798,0x18FEF100,1,8,3F,00,00,FF,FF,FF,FF,FF
101470,11799,0x18FEF200,1,8,24,00,00,00,00,00,00,FF
101476,11800,0xCF00400,1,8,FF,FF,FF,08,5D,FF,FF,FF
101477,11801,0xCFF6600,1,8,A1,0B,FF,FF,FF,FF,FF,FF
101495,11802,0xCF00400,1,8,FF,FF,FF,C0,5C,FF,FF,FF
101512,11803,0xCFF6600,1,8,98,0B,FF,FF,FF,FF,FF,FF
101514,11804,0x18EEFF00,1,8,08,CF,60,06,00,00,00,00
101515,11805,0xCF00400,1,8,FF,FF,FF,18,5C,FF,FF,FF
101515,11806,0xCFF6600,1,8,83,0B,FF,FF,FF,FF,FF,FF
101535,11807,0xCF00400,1,8,FF,FF,FF,B4,5B,FF,FF,FF
101536,11808,0xCFF6600,1,8,76,0B,FF,FF,FF,FF,FF,FF
101546,11809,0x18FEF100,1,8,3F,00,00,FF,FF,FF,FF,FF
101546,11810,0x10FF6500,1,8,FC,FF,FF,FF,FF,FF,FF,FF
101547,11811,0x18F00500,1,8,FF,FF,FF,FF,20,2D,FF,FF
101547,11812,0x18FEF200,1,8,24,00,00,00,00,00,00,FF
101555,11813,0xCF00400,1,8,FF,FF,FF,86,5B,FF,FF,FF
101555,11814,0xCFF6600,1,8,70,0B,FF,FF,FF,FF,FF,FF
101575,11815,0xCF00400,1,8,FF,FF,FF,42,5B,FF,FF,FF
101575,11816,0xCFF6600,1,8,68,0B,FF,FF,FF,FF,FF,FF
101595,11817,0xCF00400,1,8,FF,FF,FF,E8,5A,FF,FF,FF
101596,11818,0xCFF6600,1,8,5D,0B,FF,FF,FF,FF,FF,FF
101615,11819,0xCF00400,1,8,FF,FF,FF,A4,5A,FF,FF,FF
101616,11820,0xCFF6600,1,8,54,0B,FF,FF,FF,FF,FF,FF
101635,11821,0xCF00400,1,8,FF,FF,FF,A4,5A,FF,FF,FF
101640,11822,0xCFF6600,1,8,54,0B,FF,FF,FF,FF,FF,FF
101646,11823,0x18F00500,1,8,FF,FF,FF,FF,20,2D,FF,FF
101647,11824,0x18FEF100,1,8,3F,00,00,FF,FF,FF,FF,FF
101648,11825,0x18FEF200,1,8,24,00,00,00,00,00,00,FF
101655,11826,0xCF00400,1,8,FF,FF,FF,70,5A,FF,FF,FF
101656,11827,0xCFF6600,1,8,4E,0B,FF,FF,FF,FF,FF,FF
101675,11828,0xCF00400,1,8,FF,FF,FF,96,5A,FF,FF,FF
101676,11829,0xCFF6600,1,8,52,0B,FF,FF,FF,FF,FF,FF
101695,11830,0xCF00400,1,8,FF,FF,FF,F8,5A,FF,FF,FF
101731,11831,0xCF00400,1,8,FF,FF,FF,F2,5A,FF,FF,FF
101732,11832,0xCFF6600,1,8,5F,0B,FF,FF,FF,FF,FF,FF
101734,11833,0x18EEFF00,1,8,08,CF,60,06,00,00,00,00
101735,11834,0xCF00400,1,8,FF,FF,FF,9E,5A,FF,FF,FF
101735,11835,0xCFF6600,1,8,53,0B,FF,FF,FF,FF,FF,FF
101746,11836,0x18FEF100,1,8,3F,00,00,FF,FF,FF,FF,FF
101746,11837,0x10FF6500,1,8,FC,FF,FF,FF,FF,FF,FF,FF
101747,11838,0x18F00500,1,8,FF,FF,FF,FF,20,2D,FF,FF
101747,11839,0x18FEF200,1,8,24,00,00,00,00,00,00,FF
101755,11840,0xCF00400,1,8,FF,FF,FF,2A,5A,FF,FF,FF
101756,11841,0xCFF6600,1,8,45,0B,FF,FF,FF,FF,FF,FF
101775,11842,0xCF00400,1,8,FF,FF,FF,9A,59,FF,FF,FF
101775,11843,0xCFF6600,1,8,33,0B,FF,FF,FF,FF,FF,FF
101795,11844,0xCF00400,1,8,FF,FF,FF,B4,59,FF,FF,FF
101796,11845,0xCFF6600,1,8,36,0B,FF,FF,FF,FF,FF,FF
101815,11846,0xCF00400,1,8,FF,FF,FF,50,5A,FF,FF,FF
101815,11847,0xCFF6600,1,8,4A,0B,FF,FF,FF,FF,FF,FF
101835,11848,0xCF00400,1,8,FF,FF,FF,8C,5A,FF,FF,FF
101835,11849,0xCFF6600,1,8,51,0B,FF,FF,FF,FF,FF,FF
101846,11850,0x18F00500,1,8,FF,FF,FF,FF,20,2D,FF,FF
101847,11851,0x18F00600,1,8,FF,FF,FF,FF,FF,FF,FF,FF
101847,11852,0x18FEF100,1,8,3F,00,00,FF,FF,FF,FF,FF
101848,11853,0x18FEF200,1,8,24,00,00,00,00,00,00,FF
101849,11854,0x1CFDDF00,1,8,FE,FF,FF,FF,FF,FF,FF,FF
101849,11855,0x1CFF6A00,1,8,FC,FF,FF,FF,FF,FF,FF,FF
101855,11856,0xCF00400,1,8,FF,FF,FF,82,5A,FF,FF,FF
101858,11857,0xCFF6600,1,8,50,0B,FF,FF,FF,FF,FF,FF
101875,11858,0xCF00400,1,8,FF,FF,FF,28,5A,FF,FF,FF
101876,11859,0xCFF6600,1,8,45,0B,FF,FF,FF,FF,FF,FF
101895,11860,0xCF00400,1,8,FF,FF,FF,88,59,FF,FF,FF
101895,11861,0xCFF6600,1,8,31,0B,FF,FF,FF,FF,FF,FF
101915,11862,0xCF00400,1,8,FF,FF,FF,50,59,FF,FF,FF
101915,11863,0xCFF6600,1,8,2A,0B,FF,FF,FF,FF,FF,FF
101935,11864,0xCF00400,1,8,FF,FF,FF,6E,59,FF,FF,FF
101935,11865,0xCFF6600,1,8,2D,0B,FF,FF,FF,FF,FF,FF
101946,11866,0x18FEF100,1,8,3F,00,00,FF,FF,FF,FF,FF
101946,11867,0x10FF6500,1,8,FC,FF,FF,FF,FF,FF,FF,FF
101947,11868,0x18F00500,1,8,FF,FF,FF,FF,20,2D,FF,FF
101948,11869,0x18FEF200,1,8,24,00,00,00,00,00,00,FF
101955,11870,0xCF00400,1,8,FF,FF,FF,7E,59,FF,FF,FF
101955,11871,0xCFF6600,1,8,2F,0B,FF,FF,FF,FF,FF,FF
101975,11872,0xCF00400,1,8,FF,FF,FF,92,59,FF,FF,FF
101977,11873,0xCFF6600,1,8,32,0B,FF,FF,FF,FF,FF,FF
101995,11874,0xCF00400,1,8,FF,FF,FF,1E,59,FF,FF,FF
101996,11875,0xCFF6600,1,8,23,0B,FF,FF,FF,FF,FF,FF
102004,11876,0x18FEEE00,1,8,6A,FF,FF,FF,FF,FF,FF,FF
102005,11877,0x18FDE500,1,8,0A,14,1E,28,32,3C,46,13
102034,11878,0xCF00400,1,8,FF,FF,FF,3E,58,FF,FF,FF
102035,11879,0xCFF6600,1,8,07,0B,FF,FF,FF,FF,FF,FF
102035,11880,0xCF00400,1,8,FF,FF,FF,AE,57,FF,FF,FF
102036,11881,0x1CECFF00,1,8,20,0A,00,02,FF,CA,FE,00
102046,11882,0x18FEF100,1,8,3F,00,00,FF,FF,FF,FF,FF
102046,11883,0x18F00500,1,8,FF,FF,FF,FF,20,2D,FF,FF
102047,11884,0x18FEF200,1,8,1E,00,00,00,00,00,00,FF
102056,11885,0xCF00400,1,8,FF,FF,FF,68,57,FF,FF,FF
102056,11886,0xCFF6600,1,8,ED,0A,FF,FF,FF,FF,FF,FF
102075,11887,0xCF00400,1,8,FF,FF,FF,68,57,FF,FF,FF
102076,11888,0xCFF6600,1,8,ED,0A,FF,FF,FF,FF,FF,FF
102076,11889,0x1CEBFF00,1,8,01,40,FF,0F,F0,E5,01,02
102095,11890,0xCF00400,1,8,FF,FF,FF,FE,56,FF,FF,FF
102095,11891,0xCFF6600,1,8,DF,0A,FF,FF,FF,FF,FF,FF
102115,11892,0xCF00400,1,8,FF,FF,FF,72,56,FF,FF,FF
102116,11893,0xCFF6600,1,8,CE,0A,FF,FF,FF,FF,FF,FF
102125,11894,0x1CEBFF00,1,8,02,F0,E3,01,FF,FF,FF,FF
102135,11895,0xCF00400,1,8,FF,FF,FF,10,56,FF,FF,FF
102135,11896,0xCFF6600,1,8,C2,0A,FF,FF,FF,FF,FF,FF
102146,11897,0x18FEF100,1,8,3F,00,00,FF,FF,FF,FF,FF
102146,11898,0x10FF6500,1,8,FC,FF,FF,FF,FF,FF,FF,FF
102147,11899,0x18F00500,1,8,FF,FF,FF,FF,20,2D,FF,FF
102148,11900,0x18FEF200,1,8,1E,00,00,00,00,00,00,FF
102155,11901,0xCF00400,1,8,FF,FF,FF,D8,55,FF,FF,FF
102155,11902,0xCFF6600,1,8,BB,0A,FF,FF,FF,FF,FF,FF
102175,11903,0xCF00400,1,8,FF,FF,FF,AC,55,FF,FF,FF
102175,11904,0xCFF6600,1,8,B5,0A,FF,FF,FF,FF,FF,FF
102195,11905,0xCF00400,1,8,FF,FF,FF,86,55,FF,FF,FF
102195,11906,0xCFF6600,1,8,B0,0A,FF,FF,FF,FF,FF,FF
102215,11907,0xCF00400,1,8,FF,FF,FF,AA,55,FF,FF,FF
102216,11908,0xCFF6600,1,8,B5,0A,FF,FF,FF,FF,FF,FF
102236,11909,0xCF00400,1,8,FF,FF,FF,06,56,FF,FF,FF
102236,11910,0xCFF6600,1,8,C0,0A,FF,FF,FF,FF,FF,FF
102246,11911,0x18FEF100,1,8,3F,00,00,FF,FF,FF,FF,FF
102246,11912,0x18F00500,1,8,FF,FF,FF,FF,20,2D,FF,FF
102263,11913,0x18FEF200,1,8,1E,00,00,00,00,00,00,FF
102264,11914,0x18EEFF00,1,8,08,CF,60,06,00,00,00,00
102275,11915,0xCF00400,1,8,FF,FF,FF,86,54,FF,FF,FF
102275,11916,0xCFF6600,1,8,90,0A,FF,FF,FF,FF,FF,FF
102295,11917,0xCF00400,1,8,FF,FF,FF,A6,53,FF,FF,FF
102296,11918,0xCFF6600,1,8,74,0A,FF,FF,FF,FF,FF,FF
102315,11919,0xCF00400,1,8,FF,FF,FF,A6,53,FF,FF,FF
102315,11920,0xCFF6600,1,8,74,0A,FF,FF,FF,FF,FF,FF
102335,11921,0xCF00400,1,8,FF,FF,FF,F8,52,FF,FF,FF
102336,11922,0xCFF6600,1,8,5F,0A,FF,FF,FF,FF,FF,FF
102346,11923,0x10FF6500,1,8,FC,FF,FF,FF,FF,FF,FF,FF
102346,11924,0x18F00500,1,8,FF,FF,FF,FF,20,2D,FF,FF
102367,11925,0xCF00400,1,8,FF,FF,FF,B2,52,FF,FF,FF
102368,11926,0xCFF6600,1,8,56,0A,FF,FF,FF,FF,FF,FF
102369,11927,0x18F00600,1,8,FF,FF,FF,FF,FF,FF,FF,FF
102369,11928,0x18FEF100,1,8,3F,00,00,FF,FF,FF,FF,FF
102370,11929,0x18FEF200,1,8,1E,00,00,00,00,00,00,FF
102371,11930,0x1CFDDF00,1,8,FE,FF,FF,FF,FF,FF,FF,FF
102372,11931,0x1CFF6A00,1,8,FC,FF,FF,FF,FF,FF,FF,FF
102375,11932,0xCF00400,1,8,FF,FF,FF,C8,52,FF,FF,FF
102376,11933,0xCFF6600,1,8,59,0A,FF,FF,FF,FF,FF,FF
102395,11934,0xCF00400,1,8,FF,FF,FF,9E,52,FF,FF,FF
102396,11935,0xCFF6600,1,8,53,0A,FF,FF,FF,FF,FF,FF
102415,11936,0xCF00400,1,8,FF,FF,FF,3C,52,FF,FF,FF
102416,11937,0xCFF6600,1,8,47,0A,FF,FF,FF,FF,FF,FF
102435,11938,0xCF00400,1,8,FF,FF,FF,94,51,FF,FF,FF
102436,11939,0xCFF6600,1,8,32,0A,FF,FF,FF,FF,FF,FF
102447,11940,0x18F00500,1,8,FF,FF,FF,FF,20,2D,FF,FF
102447,11941,0x18FEF100,1,8,3F,00,00,FF,FF,FF,FF,FF
102448,11942,0x18FEF200,1,8,1E,00,00,00,00,00,00,FF
102455,11943,0xCF00400,1,8,FF,FF,FF,94,51,FF,FF,FF
102455,11944,0xCFF6600,1,8,32,0A,FF,FF,FF,FF,FF,FF
102475,11945,0xCF00400,1,8,FF,FF,FF,A8,50,FF,FF,FF
102476,11946,0xCFF6600,1,8,15,0A,FF,FF,FF,FF,FF,FF
102495,11947,0xCF00400,1,8,FF,FF,FF,80,50,FF,FF,FF
102495,11948,0xCFF6600,1,8,10,0A,FF,FF,FF,FF,FF,FF
102515,11949,0xCF00400,1,8,FF,FF,FF,08,51,FF,FF,FF
102515,11950,0xCFF6600,1,8,21,0A,FF,FF,FF,FF,FF,FF
102536,11951,0xCF00400,1,8,FF,FF,FF,DC,50,FF,FF,FF
102536,11952,0xCFF6600,1,8,1B,0A,FF,FF,FF,FF,FF,FF
102546,11953,0x10FF6500,1,8,FC,FF,FF,FF,FF,FF,FF,FF
102546,11954,0x18F00500,1,8,FF,FF,FF,FF,20,2D,FF,FF
102547,11955,0x18FEF100,1,8,3F,00,00,FF,FF,FF,FF,FF
102548,11956,0x18FEF200,1,8,1E,00,00,00,00,00,00,FF
102555,11957,0xCF00400,1,8,FF,FF,FF,1A,50,FF,FF,FF
102576,11958,0xCF00400,1,8,FF,FF,FF,A8,4F,FF,FF,FF
102577,11959,0xCFF6600,1,8,03,0A,FF,FF,FF,FF,FF,FF
102595,11960,0xCF00400,1,8,FF,FF,FF,A8,4F,FF,FF,FF
102596,11961,0xCFF6600,1,8,F5,09,FF,FF,FF,FF,FF,FF
102615,11962,0xCF00400,1,8,FF,FF,FF,7A,4F,FF,FF,FF
102615,11963,0xCFF6600,1,8,EF,09,FF,FF,FF,FF,FF,FF
102635,11964,0xCF00400,1,8,FF,FF,FF,24,4F,FF,FF,FF
102636,11965,0xCFF6600,1,8,E4,09,FF,FF,FF,FF,FF,FF
102646,11966,0x18FEF100,1,8,3F,00,00,FF,FF,FF,FF,FF
102646,11967,0x18F00500,1,8,FF,FF,FF,FF,20,2D,FF,FF
102647,11968,0x18FEF200,1,8,1E,00,00,00,00,00,00,FF
102655,11969,0xCF00400,1,8,FF,FF,FF,A2,4E,FF,FF,FF
102655,11970,0xCFF6600,1,8,D4,09,FF,FF,FF,FF,FF,FF
102675,11971,0xCF00400,1,8,FF,FF,FF,50,4E,FF,FF,FF
102676,11972,0xCFF6600,1,8,CA,09,FF,FF,FF,FF,FF,FF
102695,11973,0xCF00400,1,8,FF,FF,FF,32,4E,FF,FF,FF
102696,11974,0xCFF6600,1,8,C6,09,FF,FF,FF,FF,FF,FF
102715,11975,0xCF00400,1,8,FF,FF,FF,32,4E,FF,FF,FF
102716,11976,0xCFF6600,1,8,C6,09,FF,FF,FF,FF,FF,FF
102735,11977,0xCF00400,1,8,FF,FF,FF,0E,4E,FF,FF,FF
102735,11978,0xCFF6600,1,8,C1,09,FF,FF,FF,FF,FF,FF
102748,11979,0x10FF6500,1,8,FC,FF,FF,FF,FF,FF,FF,FF
102748,11980,0x18F00500,1,8,FF,FF,FF,FF,20,2D,FF,FF
102749,11981,0x18FEF100,1,8,3F,00,00,FF,FF,FF,FF,FF
102749,11982,0x18FEF200,1,8,1E,00,00,00,00,00,00,FF
102755,11983,0xCF00400,1,8,FF,FF,FF,E2,4D,FF,FF,FF
102755,11984,0xCFF6600,1,8,BC,09,FF,FF,FF,FF,FF,FF
102757,11985,0xCFF6600,1,8,BC,09,FF,FF,FF,FF,FF,FF
102775,11986,0xCF00400,1,8,FF,FF,FF,6A,4D,FF,FF,FF
102776,11987,0xCFF6600,1,8,AD,09,FF,FF,FF,FF,FF,FF
102795,11988,0xCF00400,1,8,FF,FF,FF,B8,4C,FF,FF,FF
102795,11989,0xCFF6600,1,8,97,09,FF,FF,FF,FF,FF,FF
102815,11990,0xCF00400,1,8,FF,FF,FF,F6,4B,FF,FF,FF
102815,11991,0xCFF6600,1,8,7E,09,FF,FF,FF,FF,FF,FF
102836,11992,0xCF00400,1,8,FF,FF,FF,F6,4B,FF,FF,FF
102837,11993,0xCFF6600,1,8,7E,09,FF,FF,FF,FF,FF,FF
102846,11994,0x18FEF100,1,8,3F,00,00,FF,FF,FF,FF,FF
102846,11995,0x18F00500,1,8,FF,FF,FF,FF,20,2D,FF,FF
102847,11996,0x18F00600,1,8,FF,FF,FF,FF,FF,FF,FF,FF
102848,11997,0x18FEF200,1,8,1E,00,00,00,00,00,00,FF
102849,11998,0x1CFDDF00,1,8,FE,FF,FF,FF,FF,FF,FF,FF
102850,11999,0x1CFF6A00,1,8,FC,FF,FF,FF,FF,FF,FF,FF
102855,12000,0xCF00400,1,8,FF,FF,FF,22,4B,FF,FF,FF
102856,12001,0xCFF6600,1,8,64,09,FF,FF,FF,FF,FF,FF
102875,12002,0xCF00400,1,8,FF,FF,FF,86,4A,FF,FF,FF
102875,12003,0xCFF6600,1,8,50,09,FF,FF,FF,FF,FF,FF
102895,12004,0xCF00400,1,8,FF,FF,FF,26,4A,FF,FF,FF
102916,12005,0xCF00400,1,8,FF,FF,FF,3E,4A,FF,FF,FF
102916,12006,0xCFF6600,1,8,44,09,FF,FF,FF,FF,FF,FF
102935,12007,0xCF00400,1,8,FF,FF,FF,3E,4A,FF,FF,FF
102935,12008,0xCFF6600,1,8,47,09,FF,FF,FF,FF,FF,FF
102946,12009,0x18FEF100,1,8,3F,00,00,FF,FF,FF,FF,FF
102946,12010,0x10FF6500,1,8,FC,FF,FF,FF,FF,FF,FF,FF
102947,12011,0x18F00500,1,8,FF,FF,FF,FF,20,2D,FF,FF
102948,12012,0x18FEF200,1,8,1E,00,00,00,00,00,00,FF
102955,12013,0xCF00400,1,8,FF,FF,FF,BC,4A,FF,FF,FF
102956,12014,0xCFF6600,1,8,57,09,FF,FF,FF,FF,FF,FF
102975,12015,0xCF00400,1,8,FF,FF,FF,24,4B,FF,FF,FF
102975,12016,0xCFF6600,1,8,64,09,FF,FF,FF,FF,FF,FF
102995,12017,0xCF00400,1,8,FF,FF,FF,76,4B,FF,FF,FF
102995,12018,0xCFF6600,1,8,6E,09,FF,FF,FF,FF,FF,FF
103005,12019,0x18FDE500,1,8,0A,14,1E,28,32,3C,46,13
103006,12020,0x18FEEE00,1,8,6A,FF,FF,FF,FF,FF,FF,FF
103015,12021,0xCF00400,1,8,FF,FF,FF,9A,4B,FF,FF,FF
103016,12022,0xCFF6600,1,8,73,09,FF,FF,FF,FF,FF,FF
103025,12023,0x1CECFF00,1,8,20,0A,00,02,FF,CA,FE,00
103035,12024,0xCF00400,1,8,FF,FF,FF,9A,4B,FF,FF,FF
103035,12025,0xCFF6600,1,8,73,09,FF,FF,FF,FF,FF,FF
103046,12026,0x18F00500,1,8,FF,FF,FF,FF,20,2D,FF,FF
103046,12027,0x18FEF100,1,8,3F,00,00,FF,FF,FF,FF,FF
103047,12028,0x18FEF200,1,8,1D,00,00,00,00,00,00,FF
103055,12029,0xCF00400,1,8,FF,FF,FF,9E,4B,FF,FF,FF
103056,12030,0xCFF6600,1,8,73,09,FF,FF,FF,FF,FF,FF
103076,12031,0xCF00400,1,8,FF,FF,FF,E4,4B,FF,FF,FF
103077,12032,0xCFF6600,1,8,7C,09,FF,FF,FF,FF,FF,FF
103077,12033,0x1CEBFF00,1,8,01,40,FF,0F,F0,E5,01,02
103095,12034,0xCF00400,1,8,FF,FF,FF,5A,4C,FF,FF,FF
103095,12035,0xCFF6600,1,8,8B,09,FF,FF,FF,FF,FF,FF
103115,12036,0xCF00400,1,8,FF,FF,FF,96,4C,FF,FF,FF
103115,12037,0xCFF6600,1,8,92,09,FF,FF,FF,FF,FF,FF
103125,12038,0x1CEBFF00,1,8,02,F0,E3,01,FF,FF,FF,FF
103135,12039,0xCF00400,1,8,FF,FF,FF,96,4C,FF,FF,FF
103136,12040,0xCFF6600,1,8,92,09,FF,FF,FF,FF,FF,FF
103148,12041,0x10FF6500,1,8,FC,FF,FF,FF,FF,FF,FF,FF
103148,12042,0x18F00500,1,8,FF,FF,FF,FF,20,2D,FF,FF
103149,12043,0x18FEF100,1,8,3F,00,00,FF,FF,FF,FF,FF
103150,12044,0x18FEF200,1,8,1D,00,00,00,00,00,00,FF
103155,12045,0xCF00400,1,8,FF,FF,FF,9E,4C,FF,FF,FF
103155,12046,0xCFF6600,1,8,93,09,FF,FF,FF,FF,FF,FF
103189,12047,0xCF00400,1,8,FF,FF,FF,44,4C,FF,FF,FF
103189,12048,0xCFF6600,1,8,88,09,FF,FF,FF,FF,FF,FF
103194,12049,0x18EEFF00,1,8,08,CF,60,06,00,00,00,00
103195,12050,0xCF00400,1,8,FF,FF,FF,94,4B,FF,FF,FF
103195,12051,0xCFF6600,1,8,72,09,FF,FF,FF,FF,FF,FF
103215,12052,0xCF00400,1,8,FF,FF,FF,C0,4B,FF,FF,FF
103215,12053,0xCFF6600,1,8,78,09,FF,FF,FF,FF,FF,FF
103235,12054,0xCF00400,1,8,FF,FF,FF,A6,4C,FF,FF,FF
103236,12055,0xCFF6600,1,8,94,09,FF,FF,FF,FF,FF,FF
103246,12056,0x18F00500,1,8,FF,FF,FF,FF,20,2D,FF,FF
103246,12057,0x18FEF100,1,8,3F,00,00,FF,FF,FF,FF,FF
103247,12058,0x18FEF200,1,8,1D,00,00,00,00,00,00,FF
103255,12059,0xCF00400,1,8,FF,FF,FF,A6,4C,FF,FF,FF
103255,12060,0xCFF6600,1,8,94,09,FF,FF,FF,FF,FF,FF
103275,12061,0xCF00400,1,8,FF,FF,FF,24,4D,FF,FF,FF
103296,12062,0xCF00400,1,8,FF,FF,FF,50,4D,FF,FF,FF
103298,12063,0xCFF6600,1,8,A4,09,FF,FF,FF,FF,FF,FF
103315,12064,0xCF00400,1,8,FF,FF,FF,1A,4D,FF,FF,FF
103315,12065,0xCFF6600,1,8,A3,09,FF,FF,FF,FF,FF,FF
103335,12066,0xCF00400,1,8,FF,FF,FF,90,4C,FF,FF,FF
103335,12067,0xCFF6600,1,8,92,09,FF,FF,FF,FF,FF,FF
103346,12068,0x18FEF100,1,8,3F,00,00,FF,FF,FF,FF,FF
103346,12069,0x10FF6500,1,8,FC,FF,FF,FF,FF,FF,FF,FF
103347,12070,0x18F00500,1,8,FF,FF,FF,FF,20,2D,FF,FF
103348,12071,0x18F00600,1,8,FF,FF,FF,FF,FF,FF,FF,FF
103349,12072,0x18F00600,1,8,FF,FF,FF,FF,FF,FF,FF,FF
103349,12073,0x18FEF200,1,8,1D,00,00,00,00,00,00,FF
103350,12074,0x1CFDDF00,1,8,FE,FF,FF,FF,FF,FF,FF,FF
103351,12075,0x1CFF6A00,1,8,FC,FF,FF,FF,FF,FF,FF,FF
103355,12076,0xCF00400,1,8,FF,FF,FF,90,4C,FF,FF,FF
103355,12077,0xCFF6600,1,8,92,09,FF,FF,FF,FF,FF,FF
103375,12078,0xCF00400,1,8,FF,FF,FF,22,4C,FF,FF,FF
103375,12079,0xCFF6600,1,8,84,09,FF,FF,FF,FF,FF,FF
103396,12080,0xCF00400,1,8,FF,FF,FF,C8,4B,FF,FF,FF
103396,12081,0xCFF6600,1,8,79,09,FF,FF,FF,FF,FF,FF
103415,12082,0xCF00400,1,8,FF,FF,FF,B2,4B,FF,FF,FF
103416,12083,0xCFF6600,1,8,76,09,FF,FF,FF,FF,FF,FF
103435,12084,0xCF00400,1,8,FF,FF,FF,DE,4B,FF,FF,FF
103435,12085,0xCFF6600,1,8,7B,09,FF,FF,FF,FF,FF,FF
103446,12086,0x18F00500,1,8,FF,FF,FF,FF,20,2D,FF,FF
103447,12087,0x18FEF100,1,8,3F,00,00,FF,FF,FF,FF,FF
103448,12088,0x18FEF200,1,8,1D,00,00,00,00,00,00,FF
103455,12089,0xCF00400,1,8,FF,FF,FF,DE,4B,FF,FF,FF
103455,12090,0xCFF6600,1,8,7B,09,FF,FF,FF,FF,FF,FF
103476,12091,0xCF00400,1,8,FF,FF,FF,CE,4B,FF,FF,FF
103476,12092,0xCFF6600,1,8,79,09,FF,FF,FF,FF,FF,FF
103495,12093,0xCF00400,1,8,FF,FF,FF,88,4B,FF,FF,FF
103496,12094,0xCFF6600,1,8,71,09,FF,FF,FF,FF,FF,FF
103515,12095,0xCF00400,1,8,FF,FF,FF,9E,4B,FF,FF,FF
103515,12096,0xCFF6600,1,8,73,09,FF,FF,FF,FF,FF,FF
103535,12097,0xCF00400,1,8,FF,FF,FF,0A,4C,FF,FF,FF
103536,12098,0xCFF6600,1,8,81,09,FF,FF,FF,FF,FF,FF
103548,12099,0x10FF6500,1,8,FC,FF,FF,FF,FF,FF,FF,FF
103549,12100,0x18F00500,1,8,FF,FF,FF,FF,20,2D,FF,FF
103549,12101,0x18FEF100,1,8,3F,00,00,FF,FF,FF,FF,FF
103550,12102,0x18FEF200,1,8,1D,00,00,00,00,00,00,FF
103555,12103,0xCF00400,1,8,FF,FF,FF,30,4C,FF,FF,FF
103556,12104,0xCFF6600,1,8,86,09,FF,FF,FF,FF,FF,FF
103575,12105,0xCF00400,1,8,FF,FF,FF,30,4C,FF,FF,FF
103575,12106,0xCFF6600,1,8,86,09,FF,FF,FF,FF,FF,FF
103595,12107,0xCF00400,1,8,FF,FF,FF,1E,4C,FF,FF,FF
103595,12108,0xCFF6600,1,8,83,09,FF,FF,FF,FF,FF,FF
103615,12109,0xCF00400,1,8,FF,FF,FF,06,4C,FF,FF,FF
103615,12110,0xCFF6600,1,8,80,09,FF,FF,FF,FF,FF,FF
103636,12111,0xCF00400,1,8,FF,FF,FF,EE,4B,FF,FF,FF
103637,12112,0xCFF6600,1,8,7D,09,FF,FF,FF,FF,FF,FF
103646,12113,0x18FEF100,1,8,3F,00,00,FF,FF,FF,FF,FF
103647,12114,0x18F00500,1,8,FF,FF,FF,FF,20,2D,FF,FF
103648,12115,0x18FEF200,1,8,1D,00,00,00,00,00,03,FF
103655,12116,0xCF00400,1,8,FF,FF,FF,06,4C,FF,FF,FF
103655,12117,0xCFF6600,1,8,80,09,FF,FF,FF,FF,FF,FF
103676,12118,0xCF00400,1,8,FF,FF,FF,06,4C,FF,FF,FF
103677,12119,0xCFF6600,1,8,80,09,FF,FF,FF,FF,FF,FF
103695,12120,0xCF00400,1,8,FF,FF,FF,52,4C,FF,FF,FF
103695,12121,0xCFF6600,1,8,8A,09,FF,FF,FF,FF,FF,FF
103715,12122,0xCF00400,1,8,FF,FF,FF,6E,4C,FF,FF,FF
103716,12123,0xCFF6600,1,8,8D,09,FF,FF,FF,FF,FF,FF
103735,12124,0xCF00400,1,8,FF,FF,FF,6E,4C,FF,FF,FF
103735,12125,0xCFF6600,1,8,8D,09,FF,FF,FF,FF,FF,FF
103750,12126,0x10FF6500,1,8,FC,FF,FF,FF,FF,FF,FF,FF
103750,12127,0x18F00500,1,8,FF,FF,FF,FF,20,2D,FF,FF
103751,12128,0x18FEF100,1,8,3F,00,00,FF,FF,FF,FF,FF
103751,12129,0x18FEF200,1,8,1D,00,00,00,00,00,0A,FF
103755,12130,0xCF00400,1,8,FF,FF,FF,32,4D,FF,FF,FF
103755,12131,0xCFF6600,1,8,A6,09,FF,FF,FF,FF,FF,FF
103775,12132,0xCF00400,1,8,FF,FF,FF,9C,4E,FF,FF,FF
103776,12133,0xCFF6600,1,8,D3,09,FF,FF,FF,FF,FF,FF
103795,12134,0xCF00400,1,8,FF,FF,FF,9C,4E,FF,FF,FF
103796,12135,0xCFF6600,1,8,D3,09,FF,FF,FF,FF,FF,FF
103816,12136,0xCF00400,1,8,FF,FF,FF,86,50,FF,FF,FF
103817,12137,0xCFF6600,1,8,10,0A,FF,FF,FF,FF,FF,FF
103835,12138,0xCF00400,1,8,FF,FF,FF,C2,52,FF,FF,FF
103836,12139,0xCFF6600,1,8,58,0A,FF,FF,FF,FF,FF,FF
103846,12140,0x18FEF100,1,8,3F,00,00,FF,FF,FF,FF,FF
103846,12141,0x18F00500,1,8,FF,FF,FF,FF,20,2D,FF,FF
103847,12142,0x18F00600,1,8,FF,FF,FF,FF,FF,FF,FF,FF
103848,12143,0x18FEF200,1,8,1D,00,00,00,00,00,0A,FF
103848,12144,0x1CFDDF00,1,8,FE,FF,FF,FF,FF,FF,FF,FF
103850,12145,0x1CFF6A00,1,8,FC,FF,FF,FF,FF,FF,FF,FF
103855,12146,0xCF00400,1,8,FF,FF,FF,86,54,FF,FF,FF
103874,12147,0xCFF6600,1,8,90,0A,FF,FF,FF,FF,FF,FF
103875,12148,0x18EEFF00,1,8,08,CF,60,06,00,00,00,00
103895,12149,0xCF00400,1,8,FF,FF,FF,B8,57,FF,FF,FF
103897,12150,0xCFF6600,1,8,F7,0A,FF,FF,FF,FF,FF,FF
103915,12151,0xCF00400,1,8,FF,FF,FF,82,59,FF,FF,FF
103916,12152,0xCFF6600,1,8,30,0B,FF,FF,FF,FF,FF,FF
103935,12153,0xCF00400,1,8,FF,FF,FF,4E,5B,FF,FF,FF
103955,12154,0xCF00400,1,8,FF,FF,FF,18,5D,FF,FF,FF
103956,12155,0xCFF6600,1,8,69,0B,FF,FF,FF,FF,FF,FF
103956,12156,0x10FF6500,1,8,FC,FF,FF,FF,FF,FF,FF,FF
103957,12157,0x18F00500,1,8,FF,FF,FF,FF,20,2D,FF,FF
103957,12158,0x18FEF100,1,8,3F,00,00,FF,FF,FF,FF,FF
103958,12159,0x18FEF200,1,8,1D,00,00,00,00,00,0A,FF
103975,12160,0xCF00400,1,8,FF,FF,FF,98,5E,FF,FF,FF
103976,12161,0xCFF6600,1,8,D3,0B,FF,FF,FF,FF,FF,FF
103995,12162,0xCF00400,1,8,FF,FF,FF,EE,5F,FF,FF,FF
103996,12163,0xCFF6600,1,8,FD,0B,FF,FF,FF,FF,FF,FF
104005,12164,0x18FDE500,1,8,0A,14,1E,28,32,3C,46,13
104006,12165,0x18FEEE00,1,8,6A,FF,FF,FF,FF,FF,FF,FF
104015,12166,0xCF00400,1,8,FF,FF,FF,6E,61,FF,FF,FF
104016,12167,0xCFF6600,1,8,2D,0C,FF,FF,FF,FF,FF,FF
104025,12168,0x1CECFF00,1,8,20,0A,00,02,FF,CA,FE,00
104035,12169,0xCF00400,1,8,FF,FF,FF,00,63,FF,FF,FF
104035,12170,0xCFF6600,1,8,60,0C,FF,FF,FF,FF,FF,FF
104045,12171,0x18FEF100,1,8,3F,00,00,FF,FF,FF,FF,FF
104046,12172,0x18F00500,1,8,FF,FF,FF,FF,20,2D,FF,FF
104047,12173,0x18FEF200,1,8,1E,00,00,00,00,00,0A,FF
104055,12174,0xCF00400,1,8,FF,FF,FF,4E,64,FF,FF,FF
104056,12175,0xCFF6600,1,8,89,0C,FF,FF,FF,FF,FF,FF
104075,12176,0xCF00400,1,8,FF,FF,FF,7E,65,FF,FF,FF
104075,12177,0xCFF6600,1,8,AF,0C,FF,FF,FF,FF,FF,FF
104076,12178,0x1CEBFF00,1,8,01,40,FF,0F,F0,E5,01,02
104095,12179,0xCF00400,1,8,FF,FF,FF,3E,66,FF,FF,FF
104096,12180,0xCFF6600,1,8,C7,0C,FF,FF,FF,FF,FF,FF
104115,12181,0xCF00400,1,8,FF,FF,FF,9E,67,FF,FF,FF
104136,12182,0xCF00400,1,8,FF,FF,FF,D0,68,FF,FF,FF
104137,12183,0xCFF6600,1,8,F3,0C,FF,FF,FF,FF,FF,FF
104137,12184,0x1CEBFF00,1,8,02,F0,E3,01,FF,FF,FF,FF
104146,12185,0x10FF6500,1,8,FC,FF,FF,FF,FF,FF,FF,FF
104147,12186,0x18F00500,1,8,FF,FF,FF,FF,20,2D,FF,FF
104147,12187,0x18FEF100,1,8,3F,00,00,FF,FF,FF,FF,FF
104148,12188,0x18FEF200,1,8,1E,00,00,00,00,00,09,FF
104155,12189,0xCF00400,1,8,FF,FF,FF,A8,69,FF,FF,FF
104156,12190,0xCFF6600,1,8,35,0D,FF,FF,FF,FF,FF,FF
104175,12191,0xCF00400,1,8,FF,FF,FF,50,6A,FF,FF,FF
104176,12192,0xCFF6600,1,8,4A,0D,FF,FF,FF,FF,FF,FF
104195,12193,0xCF00400,1,8,FF,FF,FF,E6,6A,FF,FF,FF
104195,12194,0xCFF6600,1,8,5C,0D,FF,FF,FF,FF,FF,FF
104216,12195,0xCF00400,1,8,FF,FF,FF,70,6B,FF,FF,FF
104217,12196,0xCFF6600,1,8,6E,0D,FF,FF,FF,FF,FF,FF
104236,12197,0xCF00400,1,8,FF,FF,FF,20,6C,FF,FF,FF
104237,12198,0xCFF6600,1,8,84,0D,FF,FF,FF,FF,FF,FF
104246,12199,0x18F00500,1,8,FF,FF,FF,FF,20,2D,FF,FF
104247,12200,0x18FEF100,1,8,3F,00,00,FF,FF,FF,FF,FF
104247,12201,0x18FEF200,1,8,1E,00,00,00,00,00,00,FF
104255,12202,0xCF00400,1,8,FF,FF,FF,24,6D,FF,FF,FF
104256,12203,0xCFF6600,1,8,A4,0D,FF,FF,FF,FF,FF,FF
104276,12204,0xCF00400,1,8,FF,FF,FF,0A,6D,FF,FF,FF
104276,12205,0xCFF6600,1,8,A1,0D,FF,FF,FF,FF,FF,FF
104295,12206,0xCF00400,1,8,FF,FF,FF,E8,6C,FF,FF,FF
104295,12207,0xCFF6600,1,8,9D,0D,FF,FF,FF,FF,FF,FF
104315,12208,0xCF00400,1,8,FF,FF,FF,B0,6C,FF,FF,FF
104315,12209,0xCFF6600,1,8,96,0D,FF,FF,FF,FF,FF,FF
104348,12210,0xCF00400,1,8,FF,FF,FF,70,6C,FF,FF,FF
104349,12211,0xCFF6600,1,8,8E,0D,FF,FF,FF,FF,FF,FF
104354,12212,0x18EEFF00,1,8,08,CF,60,06,00,00,00,00
104355,12213,0xCF00400,1,8,FF,FF,FF,30,6C,FF,FF,FF
104355,12214,0xCFF6600,1,8,86,0D,FF,FF,FF,FF,FF,FF
104375,12215,0xCF00400,1,8,FF,FF,FF,86,6B,FF,FF,FF
104376,12216,0xCFF6600,1,8,70,0D,FF,FF,FF,FF,FF,FF
104395,12217,0xCF00400,1,8,FF,FF,FF,24,6B,FF,FF,FF
104396,12218,0xCFF6600,1,8,64,0D,FF,FF,FF,FF,FF,FF
104415,12219,0xCF00400,1,8,FF,FF,FF,C2,6A,FF,FF,FF
104415,12220,0xCFF6600,1,8,58,0D,FF,FF,FF,FF,FF,FF
104435,12221,0xCF00400,1,8,FF,FF,FF,A4,6A,FF,FF,FF
104436,12222,0xCFF6600,1,8,54,0D,FF,FF,FF,FF,FF,FF
104448,12223,0x10FF6500,1,8,FC,FF,FF,FF,FF,FF,FF,FF
104449,12224,0x18F00500,1,8,FF,FF,FF,FF,20,2D,FF,FF
104450,12225,0x18F00600,1,8,FF,FF,FF,FF,FF,FF,FF,FF
104451,12226,0x18FEF100,1,8,3F,00,00,FF,FF,FF,FF,FF
104451,12227,0x18FEF200,1,8,1E,00,00,00,00,00,00,FF
104452,12228,0x1CFDDF00,1,8,FE,FF,FF,FF,FF,FF,FF,FF
104453,12229,0x1CFF6A00,1,8,FC,FF,FF,FF,FF,FF,FF,FF
104457,12230,0xCF00400,1,8,FF,FF,FF,AC,6A,FF,FF,FF
104458,12231,0xCFF6600,1,8,55,0D,FF,FF,FF,FF,FF,FF
104475,12232,0xCF00400,1,8,FF,FF,FF,5A,6A,FF,FF,FF
104476,12233,0xCFF6600,1,8,4B,0D,FF,FF,FF,FF,FF,FF
104495,12234,0xCF00400,1,8,FF,FF,FF,C0,69,FF,FF,FF
104495,12235,0xCFF6600,1,8,38,0D,FF,FF,FF,FF,FF,FF
104515,12236,0xCF00400,1,8,FF,FF,FF,1E,69,FF,FF,FF
104516,12237,0xCFF6600,1,8,23,0D,FF,FF,FF,FF,FF,FF
104536,12238,0xCF00400,1,8,FF,FF,FF,EE,67,FF,FF,FF
104537,12239,0xCFF6600,1,8,FD,0C,FF,FF,FF,FF,FF,FF
104546,12240,0x18FEF100,1,8,3F,00,00,FF,FF,FF,FF,FF
104546,12241,0x18F00500,1,8,FF,FF,FF,FF,20,2D,FF,FF
104547,12242,0x18FEF200,1,8,1E,00,00,00,00,00,00,FF
104555,12243,0xCF00400,1,8,FF,FF,FF,84,67,FF,FF,FF
104556,12244,0xCFF6600,1,8,F0,0C,FF,FF,FF,FF,FF,FF
104575,12245,0xCF00400,1,8,FF,FF,FF,00,67,FF,FF,FF
104576,12246,0xCFF6600,1,8,E0,0C,FF,FF,FF,FF,FF,FF
104597,12247,0xCF00400,1,8,FF,FF,FF,60,66,FF,FF,FF
104597,12248,0xCFF6600,1,8,CC,0C,FF,FF,FF,FF,FF,FF
104615,12249,0xCF00400,1,8,FF,FF,FF,F6,65,FF,FF,FF
104616,12250,0xCFF6600,1,8,BE,0C,FF,FF,FF,FF,FF,FF
104635,12251,0xCF00400,1,8,FF,FF,FF,BA,65,FF,FF,FF
104635,12252,0xCFF6600,1,8,B7,0C,FF,FF,FF,FF,FF,FF
104646,12253,0x18FEF100,1,8,3F,00,00,FF,FF,FF,FF,FF
104647,12254,0x10FF6500,1,8,FC,FF,FF,FF,FF,FF,FF,FF
104647,12255,0x18F00500,1,8,FF,FF,FF,FF,20,2D,FF,FF
104648,12256,0x18FEF200,1,8,1E,00,00,00,00,00,00,FF
104655,12257,0xCF00400,1,8,FF,FF,FF,5E,65,FF,FF,FF
104656,12258,0xCFF6600,1,8,AB,0C,FF,FF,FF,FF,FF,FF
104675,12259,0xCF00400,1,8,FF,FF,FF,E4,64,FF,FF,FF
104696,12260,0xCF00400,1,8,FF,FF,FF,84,64,FF,FF,FF
104697,12261,0xCFF6600,1,8,9C,0C,FF,FF,FF,FF,FF,FF
104715,12262,0xCF00400,1,8,FF,FF,FF,38,64,FF,FF,FF
104715,12263,0xCFF6600,1,8,87,0C,FF,FF,FF,FF,FF,FF
104735,12264,0xCF00400,1,8,FF,FF,FF,00,64,FF,FF,FF
104735,12265,0xCFF6600,1,8,80,0C,FF,FF,FF,FF,FF,FF
104746,12266,0x18F00500,1,8,FF,FF,FF,FF,20,2D,FF,FF
104747,12267,0x18FEF100,1,8,3F,00,00,FF,FF,FF,FF,FF
104747,12268,0x18FEF200,1,8,1E,00,00,00,00,00,00,FF
104755,12269,0xCF00400,1,8,FF,FF,FF,CA,63,FF,FF,FF
104755,12270,0xCFF6600,1,8,79,0C,FF,FF,FF,FF,FF,FF
104775,12271,0xCF00400,1,8,FF,FF,FF,9C,63,FF,FF,FF
104775,12272,0xCFF6600,1,8,73,0C,FF,FF,FF,FF,FF,FF
104795,12273,0xCF00400,1,8,FF,FF,FF,50,63,FF,FF,FF
104796,12274,0xCFF6600,1,8,6A,0C,FF,FF,FF,FF,FF,FF
104815,12275,0xCF00400,1,8,FF,FF,FF,16,63,FF,FF,FF
104816,12276,0xCFF6600,1,8,62,0C,FF,FF,FF,FF,FF,FF
104835,12277,0xCF00400,1,8,FF,FF,FF,D8,62,FF,FF,FF
104836,12278,0xCFF6600,1,8,5B,0C,FF,FF,FF,FF,FF,FF
104846,12279,0x18FEF100,1,8,3F,00,00,FF,FF,FF,FF,FF
104846,12280,0x10FF6500,1,8,FC,FF,FF,FF,FF,FF,FF,FF
104847,12281,0x18F00500,1,8,FF,FF,FF,FF,20,2D,FF,FF
104848,12282,0x18FEF200,1,8,1E,00,00,00,00,00,00,FF
104855,12283,0xCF00400,1,8,FF,FF,FF,98,62,FF,FF,FF
104855,12284,0xCFF6600,1,8,53,0C,FF,FF,FF,FF,FF,FF
104857,12285,0xCFF6600,1,8,53,0C,FF,FF,FF,FF,FF,FF
104875,12286,0xCF00400,1,8,FF,FF,FF,0A,62,FF,FF,FF
104895,12287,0xCF00400,1,8,FF,FF,FF,36,61,FF,FF,FF
104896,12288,0xCFF6600,1,8,41,0C,FF,FF,FF,FF,FF,FF
104897,12289,0xCFF6600,1,8,41,0C,FF,FF,FF,FF,FF,FF
104915,12290,0xCF00400,1,8,FF,FF,FF,A8,60,FF,FF,FF
104915,12291,0xCFF6600,1,8,15,0C,FF,FF,FF,FF,FF,FF
104935,12292,0xCF00400,1,8,FF,FF,FF,54,60,FF,FF,FF
104935,12293,0xCFF6600,1,8,0A,0C,FF,FF,FF,FF,FF,FF
104945,12294,0x18FEF100,1,8,3F,00,00,FF,FF,FF,FF,FF
104947,12295,0x18F00500,1,8,FF,FF,FF,FF,20,2D,FF,FF
104947,12296,0x18F00600,1,8,FF,FF,FF,FF,FF,FF,FF,FF
104948,12297,0x18FEF200,1,8,1E,00,00,00,00,00,00,FF
104949,12298,0x1CFDDF00,1,8,FE,FF,FF,FF,FF,FF,FF,FF
104949,12299,0x1CFF6A00,1,8,FC,FF,FF,FF,FF,FF,FF,FF
104955,12300,0xCF00400,1,8,FF,FF,FF,08,60,FF,FF,FF
104969,12301,0xCFF6600,1,8,01,0C,FF,FF,FF,FF,FF,FF
104974,12302,0x18EEFF00,1,8,08,CF,60,06,00,00,00,00
104975,12303,0xCF00400,1,8,FF,FF,FF,C0,5F,FF,FF,FF
104976,12304,0xCFF6600,1,8,F8,0B,FF,FF,FF,FF,FF,FF
104995,12305,0xCF00400,1,8,FF,FF,FF,AC,5F,FF,FF,FF
104996,12306,0xCFF6600,1,8,F5,0B,FF,FF,FF,FF,FF,FF
105004,12307,0x18FEEE00,1,8,6A,FF,FF,FF,FF,FF,FF,FF
105005,12308,0x18FDE500,1,8,0A,14,1E,28,32,3C,46,13
105015,12309,0xCF00400,1,8,FF,FF,FF,BE,5F,FF,FF,FF
105016,12310,0xCFF6600,1,8,F7,0B,FF,FF,FF,FF,FF,FF
105024,12311,0x1CECFF00,1,8,20,0A,00,02,FF,CA,FE,00
105035,12312,0xCF00400,1,8,FF,FF,FF,64,5F,FF,FF,FF
105039,12313,0xCF00400,1,8,FF,FF,FF,64,5F,FF,FF,FF
105039,12314,0xCFF6600,1,8,EC,0B,FF,FF,FF,FF,FF,FF
105046,12315,0x10FF6500,1,8,FC,FF,FF,FF,FF,FF,FF,FF
105047,12316,0x18F00500,1,8,FF,FF,FF,FF,20,2D,FF,FF
105048,12317,0x18FEF100,1,8,3F,00,00,FF,FF,FF,FF,FF
105048,12318,0x18FEF200,1,8,21,00,00,00,00,00,01,FF
105055,12319,0xCF00400,1,8,FF,FF,FF,AE,5E,FF,FF,FF
105055,12320,0xCFF6600,1,8,D5,0B,FF,FF,FF,FF,FF,FF
105075,12321,0xCF00400,1,8,FF,FF,FF,68,5E,FF,FF,FF
105095,12322,0xCF00400,1,8,FF,FF,FF,7C,5E,FF,FF,FF
105096,12323,0xCFF6600,1,8,CD,0B,FF,FF,FF,FF,FF,FF
105097,12324,0x1CEBFF00,1,8,01,40,FF,0F,F0,E5,01,02
105115,12325,0xCF00400,1,8,FF,FF,FF,6E,5E,FF,FF,FF
105116,12326,0xCFF6600,1,8,CD,0B,FF,FF,FF,FF,FF,FF
105125,12327,0x1CEBFF00,1,8,02,F0,E3,01,FF,FF,FF,FF
105135,12328,0xCF00400,1,8,FF,FF,FF,4C,5E,FF,FF,FF
105136,12329,0xCFF6600,1,8,C9,0B,FF,FF,FF,FF,FF,FF
105145,12330,0x18FEF100,1,8,3F,00,00,FF,FF,FF,FF,FF
105146,12331,0x18F00500,1,8,FF,FF,FF,FF,20,2D,FF,FF
105147,12332,0x18FEF200,1,8,21,00,00,00,00,00,02,FF
105155,12333,0xCF00400,1,8,FF,FF,FF,78,5E,FF,FF,FF
105155,12334,0xCFF6600,1,8,CF,0B,FF,FF,FF,FF,FF,FF
105175,12335,0xCF00400,1,8,FF,FF,FF,DE,5E,FF,FF,FF
105175,12336,0xCFF6600,1,8,DB,0B,FF,FF,FF,FF,FF,FF
105195,12337,0xCF00400,1,8,FF,FF,FF,0C,5F,FF,FF,FF
105195,12338,0xCFF6600,1,8,E1,0B,FF,FF,FF,FF,FF,FF
105215,12339,0xCF00400,1,8,FF,FF,FF,1E,5F,FF,FF,FF
105215,12340,0xCFF6600,1,8,E3,0B,FF,FF,FF,FF,FF,FF
105236,12341,0xCF00400,1,8,FF,FF,FF,48,5F,FF,FF,FF
105237,12342,0xCFF6600,1,8,E9,0B,FF,FF,FF,FF,FF,FF
105246,12343,0x18F00500,1,8,FF,FF,FF,FF,20,2D,FF,FF
105247,12344,0x10FF6500,1,8,FC,FF,FF,FF,FF,FF,FF,FF
105247,12345,0x18FEF100,1,8,3F,00,00,FF,FF,FF,FF,FF
105248,12346,0x18FEF200,1,8,21,00,00,00,00,00,03,FF
105255,12347,0xCF00400,1,8,FF,FF,FF,8E,5F,FF,FF,FF
105256,12348,0xCFF6600,1,8,F1,0B,FF,FF,FF,FF,FF,FF
105276,12349,0xCF00400,1,8,FF,FF,FF,9E,5F,FF,FF,FF
105277,12350,0xCFF6600,1,8,F3,0B,FF,FF,FF,FF,FF,FF
105295,12351,0xCF00400,1,8,FF,FF,FF,86,5F,FF,FF,FF
105296,12352,0xCFF6600,1,8,F0,0B,FF,FF,FF,FF,FF,FF
105315,12353,0xCF00400,1,8,FF,FF,FF,8E,5F,FF,FF,FF
105316,12354,0xCFF6600,1,8,F1,0B,FF,FF,FF,FF,FF,FF
105335,12355,0xCF00400,1,8,FF,FF,FF,B0,5F,FF,FF,FF
105335,12356,0xCFF6600,1,8,F6,0B,FF,FF,FF,FF,FF,FF
105366,12357,0xCF00400,1,8,FF,FF,FF,DA,5F,FF,FF,FF
105367,12358,0xCFF6600,1,8,FB,0B,FF,FF,FF,FF,FF,FF
105368,12359,0x18F00500,1,8,FF,FF,FF,FF,20,2D,FF,FF
105368,12360,0x18FEF100,1,8,3F,00,00,FF,FF,FF,FF,FF
105369,12361,0x18FEF200,1,8,21,00,00,00,00,00,07,FF
105375,12362,0xCF00400,1,8,FF,FF,FF,18,60,FF,FF,FF
105391,12363,0xCFF6600,1,8,03,0C,FF,FF,FF,FF,FF,FF
105394,12364,0x18EEFF00,1,8,08,CF,60,06,00,00,00,00
105395,12365,0xCF00400,1,8,FF,FF,FF,28,60,FF,FF,FF
105395,12366,0xCFF6600,1,8,05,0C,FF,FF,FF,FF,FF,FF
105415,12367,0xCF00400,1,8,FF,FF,FF,14,60,FF,FF,FF
105415,12368,0xCFF6600,1,8,02,0C,FF,FF,FF,FF,FF,FF
105435,12369,0xCF00400,1,8,FF,FF,FF,7C,60,FF,FF,FF
105435,12370,0xCFF6600,1,8,0F,0C,FF,FF,FF,FF,FF,FF
105446,12371,0x18FEF100,1,8,3F,00,00,FF,FF,FF,FF,FF
105446,12372,0x10FF6500,1,8,FC,FF,FF,FF,FF,FF,FF,FF
105447,12373,0x18F00500,1,8,FF,FF,FF,FF,20,2D,FF,FF
105448,12374,0x18F00600,1,8,FF,FF,FF,FF,FF,FF,FF,FF
105449,12375,0x18FEF200,1,8,21,00,00,00,00,00,0A,FF
105449,12376,0x1CFDDF00,1,8,FE,FF,FF,FF,FF,FF,FF,FF
105450,12377,0x1CFF6A00,1,8,FC,FF,FF,FF,FF,FF,FF,FF
105455,12378,0xCF00400,1,8,FF,FF,FF,44,61,FF,FF,FF
105456,12379,0xCFF6600,1,8,28,0C,FF,FF,FF,FF,FF,FF
105475,12380,0xCF00400,1,8,FF,FF,FF,26,62,FF,FF,FF
105476,12381,0xCFF6600,1,8,44,0C,FF,FF,FF,FF,FF,FF
105495,12382,0xCF00400,1,8,FF,FF,FF,20,63,FF,FF,FF
105495,12383,0xCFF6600,1,8,64,0C,FF,FF,FF,FF,FF,FF
105515,12384,0xCF00400,1,8,FF,FF,FF,B8,63,FF,FF,FF
105516,12385,0xCFF6600,1,8,77,0C,FF,FF,FF,FF,FF,FF
105535,12386,0xCF00400,1,8,FF,FF,FF,7A,64,FF,FF,FF
105536,12387,0xCFF6600,1,8,8F,0C,FF,FF,FF,FF,FF,FF
105546,12388,0x18F00500,1,8,FF,FF,FF,FF,20,2D,FF,FF
105546,12389,0x18FEF100,1,8,3F,00,00,FF,FF,FF,FF,FF
105547,12390,0x18FEF200,1,8,21,00,00,00,00,00,0B,FF
105555,12391,0xCF00400,1,8,FF,FF,FF,F2,64,FF,FF,FF
105555,12392,0xCFF6600,1,8,9E,0C,FF,FF,FF,FF,FF,FF
105575,12393,0xCF00400,1,8,FF,FF,FF,D0,65,FF,FF,FF
105575,12394,0xCFF6600,1,8,BA,0C,FF,FF,FF,FF,FF,FF
105596,12395,0xCF00400,1,8,FF,FF,FF,F2,66,FF,FF,FF
105596,12396,0xCFF6600,1,8,DE,0C,FF,FF,FF,FF,FF,FF
105615,12397,0xCF00400,1,8,FF,FF,FF,E8,67,FF,FF,FF
105616,12398,0xCFF6600,1,8,FD,0C,FF,FF,FF,FF,FF,FF
105635,12399,0xCF00400,1,8,FF,FF,FF,C8,68,FF,FF,FF
105636,12400,0xCFF6600,1,8,19,0D,FF,FF,FF,FF,FF,FF
105646,12401,0x18FEF100,1,8,3F,00,00,FF,FF,FF,FF,FF
105668,12402,0xCF00400,1,8,FF,FF,FF,76,69,FF,FF,FF
105669,12403,0xCFF6600,1,8,2E,0D,FF,FF,FF,FF,FF,FF
105670,12404,0x10FF6500,1,8,FC,FF,FF,FF,FF,FF,FF,FF
105670,12405,0x18F00500,1,8,FF,FF,FF,FF,20,2D,FF,FF
105671,12406,0x18FEF200,1,8,21,00,00,00,00,00,0B,FF
105675,12407,0xCF00400,1,8,FF,FF,FF,0A,6A,FF,FF,FF
105676,12408,0xCFF6600,1,8,41,0D,FF,FF,FF,FF,FF,FF
105695,12409,0xCF00400,1,8,FF,FF,FF,FA,6B,FF,FF,FF
105696,12410,0xCFF6600,1,8,7F,0D,FF,FF,FF,FF,FF,FF
105715,12411,0xCF00400,1,8,FF,FF,FF,FA,6C,FF,FF,FF
105715,12412,0xCFF6600,1,8,9F,0D,FF,FF,FF,FF,FF,FF
105735,12413,0xCF00400,1,8,FF,FF,FF,F2,6D,FF,FF,FF
105735,12414,0xCFF6600,1,8,BE,0D,FF,FF,FF,FF,FF,FF
105745,12415,0x18FEF100,1,8,3F,00,00,FF,FF,FF,FF,FF
105746,12416,0x18F00500,1,8,FF,FF,FF,FF,20,2D,FF,FF
105747,12417,0x18FEF200,1,8,21,00,00,00,00,00,0A,FF
105755,12418,0xCF00400,1,8,FF,FF,FF,D6,6E,FF,FF,FF
105776,12419,0xCF00400,1,8,FF,FF,FF,B2,6F,FF,FF,FF
105777,12420,0xCFF6600,1,8,DA,0D,FF,FF,FF,FF,FF,FF
105808,12421,0xCF00400,1,8,FF,FF,FF,3A,70,FF,FF,FF
105809,12422,0xCFF6600,1,8,07,0E,FF,FF,FF,FF,FF,FF
105814,12423,0x18EEFF00,1,8,08,CF,60,06,00,00,00,00
105815,12424,0xCF00400,1,8,FF,FF,FF,D4,70,FF,FF,FF
105815,12425,0xCFF6600,1,8,1A,0E,FF,FF,FF,FF,FF,FF
105835,12426,0xCF00400,1,8,FF,FF,FF,0C,71,FF,FF,FF
105835,12427,0xCFF6600,1,8,21,0E,FF,FF,FF,FF,FF,FF
105846,12428,0x18FEF100,1,8,3F,00,00,FF,FF,FF,FF,FF
105847,12429,0x10FF6500,1,8,FC,FF,FF,FF,FF,FF,FF,FF
105847,12430,0x18F00500,1,8,FF,FF,FF,FF,20,2D,FF,FF
105848,12431,0x18FEF200,1,8,21,00,00,00,00,00,04,FF
105855,12432,0xCF00400,1,8,FF,FF,FF,6E,71,FF,FF,FF
105856,12433,0xCFF6600,1,8,2D,0E,FF,FF,FF,FF,FF,FF
105875,12434,0xCF00400,1,8,FF,FF,FF,E0,71,FF,FF,FF
105875,12435,0xCFF6600,1,8,3C,0E,FF,FF,FF,FF,FF,FF
105895,12436,0xCF00400,1,8,FF,FF,FF,14,72,FF,FF,FF
105896,12437,0xCFF6600,1,8,42,0E,FF,FF,FF,FF,FF,FF
105915,12438,0xCF00400,1,8,FF,FF,FF,14,72,FF,FF,FF
105916,12439,0xCFF6600,1,8,42,0E,FF,FF,FF,FF,FF,FF
105935,12440,0xCF00400,1,8,FF,FF,FF,04,72,FF,FF,FF
105935,12441,0xCFF6600,1,8,40,0E,FF,FF,FF,FF,FF,FF
105946,12442,0x18FEF100,1,8,3F,00,00,FF,FF,FF,FF,FF
105947,12443,0x18F00500,1,8,FF,FF,FF,FF,20,2D,FF,FF
105947,12444,0x18F00600,1,8,FF,FF,FF,FF,FF,FF,FF,FF
105948,12445,0x18FEF200,1,8,21,00,00,00,00,00,00,FF
105949,12446,0x1CFDDF00,1,8,FE,FF,FF,FF,FF,FF,FF,FF
105950,12447,0x1CFF6A00,1,8,FC,FF,FF,FF,FF,FF,FF,FF
105955,12448,0xCF00400,1,8,FF,FF,FF,0C,72,FF,FF,FF
105955,12449,0xCFF6600,1,8,41,0E,FF,FF,FF,FF,FF,FF
105975,12450,0xCF00400,1,8,FF,FF,FF,22,72,FF,FF,FF
105975,12451,0xCFF6600,1,8,44,0E,FF,FF,FF,FF,FF,FF
105995,12452,0xCF00400,1,8,FF,FF,FF,04,71,FF,FF,FF
105996,12453,0xCFF6600,1,8,20,0E,FF,FF,FF,FF,FF,FF
106004,12454,0x18FEEE00,1,8,6A,FF,FF,FF,FF,FF,FF,FF
106005,12455,0x18FDE500,1,8,0A,14,1E,28,32,3C,46,13
106015,12456,0xCF00400,1,8,FF,FF,FF,3C,70,FF,FF,FF
106015,12457,0xCFF6600,1,8,07,0E,FF,FF,FF,FF,FF,FF
106025,12458,0x1CECFF00,1,8,20,0A,00,02,FF,CA,FE,00
106038,12459,0xCF00400,1,8,FF,FF,FF,5E,6F,FF,FF,FF
106039,12460,0xCFF6600,1,8,EB,0D,FF,FF,FF,FF,FF,FF
106046,12461,0x18FEF100,1,8,3F,00,00,FF,FF,FF,FF,FF
106047,12462,0x10FF6500,1,8,FC,FF,FF,FF,FF,FF,FF,FF
106047,12463,0x18F00500,1,8,FF,FF,FF,FF,20,2D,FF,FF
106048,12464,0x18FEF200,1,8,25,00,00,00,00,00,00,FF
106055,12465,0xCF00400,1,8,FF,FF,FF,DE,6E,FF,FF,FF
106076,12466,0xCF00400,1,8,FF,FF,FF,A2,6E,FF,FF,FF
106077,12467,0xCFF6600,1,8,DB,0D,FF,FF,FF,FF,FF,FF
106077,12468,0x1CEBFF00,1,8,01,40,FF,0F,F0,E5,01,02
106096,12469,0xCF00400,1,8,FF,FF,FF,1A,6E,FF,FF,FF
106097,12470,0xCFF6600,1,8,C3,0D,FF,FF,FF,FF,FF,FF
106115,12471,0xCF00400,1,8,FF,FF,FF,C2,6C,FF,FF,FF
106116,12472,0xCFF6600,1,8,98,0D,FF,FF,FF,FF,FF,FF
106124,12473,0x1CEBFF00,1,8,02,F0,E3,01,FF,FF,FF,FF
106135,12474,0xCF00400,1,8,FF,FF,FF,5A,6C,FF,FF,FF
106136,12475,0xCFF6600,1,8,8B,0D,FF,FF,FF,FF,FF,FF
106146,12476,0x18F00500,1,8,FF,FF,FF,FF,20,2D,FF,FF
106146,12477,0x18FEF100,1,8,3F,00,00,FF,FF,FF,FF,FF
106147,12478,0x18FEF200,1,8,25,00,00,00,00,00,00,FF
106155,12479,0xCF00400,1,8,FF,FF,FF,BA,6B,FF,FF,FF
106155,12480,0xCFF6600,1,8,77,0D,FF,FF,FF,FF,FF,FF
106175,12481,0xCF00400,1,8,FF,FF,FF,EE,6A,FF,FF,FF
106175,12482,0xCFF6600,1,8,5D,0D,FF,FF,FF,FF,FF,FF
106195,12483,0xCF00400,1,8,FF,FF,FF,5A,6A,FF,FF,FF
106195,12484,0xCFF6600,1,8,4B,0D,FF,FF,FF,FF,FF,FF
106215,12485,0xCF00400,1,8,FF,FF,FF,F0,69,FF,FF,FF
106216,12486,0xCFF6600,1,8,3E,0D,FF,FF,FF,FF,FF,FF
106235,12487,0xCF00400,1,8,FF,FF,FF,74,69,FF,FF,FF
106255,12488,0xCFF6600,1,8,2E,0D,FF,FF,FF,FF,FF,FF
106256,12489,0xCF00400,1,8,FF,FF,FF,A0,68,FF,FF,FF
106256,12490,0x10FF6500,1,8,FC,FF,FF,FF,FF,FF,FF,FF
106257,12491,0x18F00500,1,8,FF,FF,FF,FF,20,2D,FF,FF
106258,12492,0x18FEF100,1,8,3F,00,00,FF,FF,FF,FF,FF
106258,12493,0x18FEF200,1,8,25,00,00,00,00,00,00,FF
106275,12494,0xCF00400,1,8,FF,FF,FF,88,68,FF,FF,FF
106275,12495,0xCFF6600,1,8,11,0D,FF,FF,FF,FF,FF,FF
106295,12496,0xCF00400,1,8,FF,FF,FF,0A,68,FF,FF,FF
106295,12497,0xCFF6600,1,8,01,0D,FF,FF,FF,FF,FF,FF
106315,12498,0xCF00400,1,8,FF,FF,FF,38,67,FF,FF,FF
106316,12499,0xCFF6600,1,8,E7,0C,FF,FF,FF,FF,FF,FF
106335,12500,0xCF00400,1,8,FF,FF,FF,CC,66,FF,FF,FF
106336,12501,0xCFF6600,1,8,D9,0C,FF,FF,FF,FF,FF,FF
106346,12502,0x18F00500,1,8,FF,FF,FF,FF,20,2D,FF,FF
106347,12503,0x18FEF100,1,8,3F,00,00,FF,FF,FF,FF,FF
106348,12504,0x18FEF200,1,8,25,00,00,00,00,00,01,FF
106355,12505,0xCF00400,1,8,FF,FF,FF,B0,66,FF,FF,FF
106356,12506,0xCFF6600,1,8,D6,0C,FF,FF,FF,FF,FF,FF
106375,12507,0xCF00400,1,8,FF,FF,FF,AA,66,FF,FF,FF
106375,12508,0xCFF6600,1,8,D5,0C,FF,FF,FF,FF,FF,FF
106395,12509,0xCF00400,1,8,FF,FF,FF,B6,66,FF,FF,FF
106396,12510,0xCFF6600,1,8,D6,0C,FF,FF,FF,FF,FF,FF
106415,12511,0xCF00400,1,8,FF,FF,FF,5C,66,FF,FF,FF
106435,12512,0xCFF6600,1,8,CB,0C,FF,FF,FF,FF,FF,FF
106436,12513,0x18EEFF00,1,8,08,CF,60,06,00,00,00,00
106446,12514,0x18FEF100,1,8,3F,00,00,FF,FF,FF,FF,FF
106446,12515,0x10FF6500,1,8,FC,FF,FF,FF,FF,FF,FF,FF
106447,12516,0x18F00500,1,8,FF,FF,FF,FF,20,2D,FF,FF
106447,12517,0x18F00600,1,8,FF,FF,FF,FF,FF,FF,FF,FF
106448,12518,0x18FEF200,1,8,25,00,00,00,00,00,00,FF
106469,12519,0xCF00400,1,8,FF,FF,FF,38,65,FF,FF,FF
106470,12520,0xCFF6600,1,8,A7,0C,FF,FF,FF,FF,FF,FF
106470,12521,0x1CFDDF00,1,8,FE,FF,FF,FF,FF,FF,FF,FF
106472,12522,0x1CFF6A00,1,8,FC,FF,FF,FF,FF,FF,FF,FF
106476,12523,0xCF00400,1,8,FF,FF,FF,B8,64,FF,FF,FF
106476,12524,0xCFF6600,1,8,97,0C,FF,FF,FF,FF,FF,FF
106495,12525,0xCF00400,1,8,FF,FF,FF,96,64,FF,FF,FF
106495,12526,0xCFF6600,1,8,92,0C,FF,FF,FF,FF,FF,FF
106515,12527,0xCF00400,1,8,FF,FF,FF,6C,64,FF,FF,FF
106515,12528,0xCFF6600,1,8,8D,0C,FF,FF,FF,FF,FF,FF
106535,12529,0xCF00400,1,8,FF,FF,FF,3A,64,FF,FF,FF
106535,12530,0xCFF6600,1,8,87,0C,FF,FF,FF,FF,FF,FF
106545,12531,0x18FEF100,1,8,3F,00,00,FF,FF,FF,FF,FF
106546,12532,0x18F00500,1,8,FF,FF,FF,FF,20,2D,FF,FF
106547,12533,0x18FEF200,1,8,25,00,00,00,00,00,01,FF
106555,12534,0xCF00400,1,8,FF,FF,FF,D0,63,FF,FF,FF
106556,12535,0xCFF6600,1,8,7A,0C,FF,FF,FF,FF,FF,FF
106575,12536,0xCF00400,1,8,FF,FF,FF,3A,63,FF,FF,FF
106575,12537,0xCFF6600,1,8,67,0C,FF,FF,FF,FF,FF,FF
106595,12538,0xCF00400,1,8,FF,FF,FF,84,62,FF,FF,FF
106596,12539,0xCFF6600,1,8,50,0C,FF,FF,FF,FF,FF,FF
106615,12540,0xCF00400,1,8,FF,FF,FF,B6,61,FF,FF,FF
106615,12541,0xCFF6600,1,8,36,0C,FF,FF,FF,FF,FF,FF
106635,12542,0xCF00400,1,8,FF,FF,FF,7A,61,FF,FF,FF
106656,12543,0xCF00400,1,8,FF,FF,FF,B0,61,FF,FF,FF
106656,12544,0xCFF6600,1,8,2F,0C,FF,FF,FF,FF,FF,FF
106657,12545,0x10FF6500,1,8,FC,FF,FF,FF,FF,FF,FF,FF
106658,12546,0x18F00500,1,8,FF,FF,FF,FF,20,2D,FF,FF
106658,12547,0x18FEF100,1,8,3F,00,00,FF,FF,FF,FF,FF
106659,12548,0x18FEF200,1,8,25,00,00,00,00,00,01,FF
106675,12549,0xCF00400,1,8,FF,FF,FF,7E,61,FF,FF,FF
106676,12550,0xCFF6600,1,8,2F,0C,FF,FF,FF,FF,FF,FF
106695,12551,0xCF00400,1,8,FF,FF,FF,00,61,FF,FF,FF
106695,12552,0xCFF6600,1,8,20,0C,FF,FF,FF,FF,FF,FF
106715,12553,0xCF00400,1,8,FF,FF,FF,D0,60,FF,FF,FF
106715,12554,0xCFF6600,1,8,1A,0C,FF,FF,FF,FF,FF,FF
106735,12555,0xCF00400,1,8,FF,FF,FF,DE,60,FF,FF,FF
106735,12556,0xCFF6600,1,8,1B,0C,FF,FF,FF,FF,FF,FF
106745,12557,0x18F00500,1,8,FF,FF,FF,FF,20,2D,FF,FF
106746,12558,0x18FEF100,1,8,3F,00,00,FF,FF,FF,FF,FF
106747,12559,0x18FEF200,1,8,25,00,00,00,00,00,00,FF
106755,12560,0xCF00400,1,8,FF,FF,FF,BA,60,FF,FF,FF
106756,12561,0xCFF6600,1,8,17,0C,FF,FF,FF,FF,FF,FF
106775,12562,0xCF00400,1,8,FF,FF,FF,6E,60,FF,FF,FF
106797,12563,0xCF00400,1,8,FF,FF,FF,4E,60,FF,FF,FF
106797,12564,0xCFF6600,1,8,0D,0C,FF,FF,FF,FF,FF,FF
106815,12565,0xCF00400,1,8,FF,FF,FF,4E,60,FF,FF,FF
106815,12566,0xCFF6600,1,8,09,0C,FF,FF,FF,FF,FF,FF
106835,12567,0xCF00400,1,8,FF,FF,FF,2C,60,FF,FF,FF
106835,12568,0xCFF6600,1,8,05,0C,FF,FF,FF,FF,FF,FF
106846,12569,0x18FEF100,1,8,3F,00,00,FF,FF,FF,FF,FF
106846,12570,0x10FF6500,1,8,FC,FF,FF,FF,FF,FF,FF,FF
106847,12571,0x18F00500,1,8,FF,FF,FF,FF,20,2D,FF,FF
106848,12572,0x18FEF200,1,8,25,00,00,00,00,00,00,FF
106856,12573,0xCF00400,1,8,FF,FF,FF,F6,5F,FF,FF,FF
106856,12574,0xCFF6600,1,8,FE,0B,FF,FF,FF,FF,FF,FF
106875,12575,0xCF00400,1,8,FF,FF,FF,EC,5F,FF,FF,FF
106876,12576,0xCFF6600,1,8,FD,0B,FF,FF,FF,FF,FF,FF
106895,12577,0xCF00400,1,8,FF,FF,FF,FC,5F,FF,FF,FF
106936,12578,0xCFF6600,1,8,FF,0B,FF,FF,FF,FF,FF,FF
106937,12579,0x18EEFF00,1,8,08,CF,60,06,00,00,00,00
106946,12580,0x18F00500,1,8,FF,FF,FF,FF,20,2D,FF,FF
106946,12581,0x18F00600,1,8,FF,FF,FF,FF,FF,FF,FF,FF
106947,12582,0x18FEF100,1,8,3F,00,00,FF,FF,FF,FF,FF
106948,12583,0x18FEF200,1,8,25,00,00,00,00,00,00,FF
106962,12584,0x1CFDDF00,1,8,FE,FF,FF,FF,FF,FF,FF,FF
106962,12585,0x1CFF6A00,1,8,FC,FF,FF,FF,FF,FF,FF,FF
106964,12586,0x18EEFF00,1,8,08,CF,60,06,00,00,00,00
106975,12587,0xCF00400,1,8,FF,FF,FF,68,5F,FF,FF,FF
106975,12588,0xCFF6600,1,8,ED,0B,FF,FF,FF,FF,FF,FF
106995,12589,0xCF00400,1,8,FF,FF,FF,CC,5E,FF,FF,FF
106996,12590,0xCFF6600,1,8,D9,0B,FF,FF,FF,FF,FF,FF
107005,12591,0x18FDE500,1,8,0A,14,1E,28,32,3C,46,13
107006,12592,0x18FEEE00,1,8,6B,FF,FF,FF,FF,FF,FF,FF
107015,12593,0xCF00400,1,8,FF,FF,FF,D2,5D,FF,FF,FF
107015,12594,0xCFF6600,1,8,BA,0B,FF,FF,FF,FF,FF,FF
107024,12595,0x1CECFF00,1,8,20,0A,00,02,FF,CA,FE,00
107036,12596,0xCF00400,1,8,FF,FF,FF,14,5D,FF,FF,FF
107036,12597,0xCFF6600,1,8,A2,0B,FF,FF,FF,FF,FF,FF
107046,12598,0x10FF6500,1,8,FC,FF,FF,FF,FF,FF,FF,FF
107047,12599,0x18F00500,1,8,FF,FF,FF,FF,20,2D,FF,FF
107047,12600,0x18FEF100,1,8,3F,00,00,FF,FF,FF,FF,FF
107048,12601,0x18FEF200,1,8,20,00,00,00,00,00,00,FF
107055,12602,0xCF00400,1,8,FF,FF,FF,8A,5C,FF,FF,FF
107056,12603,0xCFF6600,1,8,91,0B,FF,FF,FF,FF,FF,FF
107075,12604,0xCF00400,1,8,FF,FF,FF,70,5C,FF,FF,FF
107076,12605,0xCFF6600,1,8,8E,0B,FF,FF,FF,FF,FF,FF
107076,12606,0x1CEBFF00,1,8,01,40,FF,0F,F0,E5,01,02
107114,12607,0xCF00400,1,8,FF,FF,FF,AC,5C,FF,FF,FF
107115,12608,0xCFF6600,1,8,95,0B,FF,FF,FF,FF,FF,FF
107125,12609,0x1CEBFF00,1,8,02,F0,E3,01,FF,FF,FF,FF
107135,12610,0xCF00400,1,8,FF,FF,FF,1C,5C,FF,FF,FF
107135,12611,0xCFF6600,1,8,83,0B,FF,FF,FF,FF,FF,FF
107145,12612,0x18FEF100,1,8,3F,00,00,FF,FF,FF,FF,FF
107146,12613,0x18F00500,1,8,FF,FF,FF,FF,20,2D,FF,FF
107147,12614,0x18FEF200,1,8,20,00,00,00,00,00,00,FF
107155,12615,0xCF00400,1,8,FF,FF,FF,10,5C,FF,FF,FF
107156,12616,0xCFF6600,1,8,82,0B,FF,FF,FF,FF,FF,FF
107175,12617,0xCF00400,1,8,FF,FF,FF,4E,5C,FF,FF,FF
107176,12618,0xCFF6600,1,8,89,0B,FF,FF,FF,FF,FF,FF
107195,12619,0xCF00400,1,8,FF,FF,FF,10,5C,FF,FF,FF
107195,12620,0xCFF6600,1,8,82,0B,FF,FF,FF,FF,FF,FF
107215,12621,0xCF00400,1,8,FF,FF,FF,72,5B,FF,FF,FF
107216,12622,0xCFF6600,1,8,6E,0B,FF,FF,FF,FF,FF,FF
107237,12623,0xCF00400,1,8,FF,FF,FF,F8,5A,FF,FF,FF
107238,12624,0xCFF6600,1,8,5F,0B,FF,FF,FF,FF,FF,FF
107246,12625,0x18FEF100,1,8,3F,00,00,FF,FF,FF,FF,FF
107246,12626,0x10FF6500,1,8,FC,FF,FF,FF,FF,FF,FF,FF
107247,12627,0x18F00500,1,8,FF,FF,FF,FF,20,2D,FF,FF
107248,12628,0x18FEF200,1,8,20,00,00,00,00,00,00,FF
107255,12629,0xCF00400,1,8,FF,FF,FF,9A,5A,FF,FF,FF
107257,12630,0xCFF6600,1,8,53,0B,FF,FF,FF,FF,FF,FF
107275,12631,0xCF00400,1,8,FF,FF,FF,6C,5A,FF,FF,FF
107297,12632,0xCF00400,1,8,FF,FF,FF,64,5A,FF,FF,FF
107297,12633,0xCFF6600,1,8,4D,0B,FF,FF,FF,FF,FF,FF
107315,12634,0xCF00400,1,8,FF,FF,FF,6C,5A,FF,FF,FF
107316,12635,0xCFF6600,1,8,4D,0B,FF,FF,FF,FF,FF,FF
107335,12636,0xCF00400,1,8,FF,FF,FF,7E,5A,FF,FF,FF
107336,12637,0xCFF6600,1,8,4F,0B,FF,FF,FF,FF,FF,FF
107346,12638,0x18FEF100,1,8,3F,00,00,FF,FF,FF,FF,FF
107347,12639,0x18F00500,1,8,FF,FF,FF,FF,20,2D,FF,FF
107347,12640,0x18FEF200,1,8,20,00,00,00,00,00,00,FF
107355,12641,0xCF00400,1,8,FF,FF,FF,AA,5A,FF,FF,FF
107356,12642,0xCFF6600,1,8,55,0B,FF,FF,FF,FF,FF,FF
107375,12643,0xCF00400,1,8,FF,FF,FF,E8,5A,FF,FF,FF
107375,12644,0xCFF6600,1,8,5D,0B,FF,FF,FF,FF,FF,FF
107395,12645,0xCF00400,1,8,FF,FF,FF,14,5B,FF,FF,FF
107396,12646,0xCFF6600,1,8,62,0B,FF,FF,FF,FF,FF,FF
107415,12647,0xCF00400,1,8,FF,FF,FF,36,5B,FF,FF,FF
107415,12648,0xCFF6600,1,8,66,0B,FF,FF,FF,FF,FF,FF
107435,12649,0xCF00400,1,8,FF,FF,FF,EE,5A,FF,FF,FF
107435,12650,0xCFF6600,1,8,5D,0B,FF,FF,FF,FF,FF,FF
107446,12651,0x10FF6500,1,8,FC,FF,FF,FF,FF,FF,FF,FF
107446,12652,0x18F00500,1,8,FF,FF,FF,FF,20,2D,FF,FF
107447,12653,0x18F00600,1,8,FF,FF,FF,FF,FF,FF,FF,FF
107448,12654,0x18FEF100,1,8,3F,00,00,FF,FF,FF,FF,FF
107448,12655,0x18FEF200,1,8,20,00,00,00,00,00,00,FF
107449,12656,0x1CFDDF00,1,8,FE,FF,FF,FF,FF,FF,FF,FF
107450,12657,0x1CFF6A00,1,8,FC,FF,FF,FF,FF,FF,FF,FF
107455,12658,0xCF00400,1,8,FF,FF,FF,4E,5A,FF,FF,FF
107455,12659,0xCFF6600,1,8,49,0B,FF,FF,FF,FF,FF,FF
107475,12660,0xCF00400,1,8,FF,FF,FF,3A,5A,FF,FF,FF
107476,12661,0xCFF6600,1,8,47,0B,FF,FF,FF,FF,FF,FF
107509,12662,0xCF00400,1,8,FF,FF,FF,8E,5A,FF,FF,FF
107510,12663,0xCFF6600,1,8,51,0B,FF,FF,FF,FF,FF,FF
107514,12664,0x18EEFF00,1,8,08,CF,60,06,00,00,00,00
107515,12665,0xCF00400,1,8,FF,FF,FF,48,5A,FF,FF,FF
107515,12666,0xCFF6600,1,8,49,0B,FF,FF,FF,FF,FF,FF
107535,12667,0xCF00400,1,8,FF,FF,FF,88,59,FF,FF,FF
107535,12668,0xCFF6600,1,8,31,0B,FF,FF,FF,FF,FF,FF
107546,12669,0x18F00500,1,8,FF,FF,FF,FF,20,2D,FF,FF
107546,12670,0x18FEF100,1,8,3F,00,00,FF,FF,FF,FF,FF
107547,12671,0x18FEF200,1,8,20,00,00,00,00,00,00,FF
107555,12672,0xCF00400,1,8,FF,FF,FF,20,59,FF,FF,FF
107555,12673,0xCFF6600,1,8,24,0B,FF,FF,FF,FF,FF,FF
107575,12674,0xCF00400,1,8,FF,FF,FF,FC,58,FF,FF,FF
107576,12675,0xCFF6600,1,8,1F,0B,FF,FF,FF,FF,FF,FF
107577,12676,0xCFF6600,1,8,1F,0B,FF,FF,FF,FF,FF,FF
107595,12677,0xCF00400,1,8,FF,FF,FF,18,59,FF,FF,FF
107596,12678,0xCFF6600,1,8,23,0B,FF,FF,FF,FF,FF,FF
107615,12679,0xCF00400,1,8,FF,FF,FF,18,59,FF,FF,FF
107615,12680,0xCFF6600,1,8,23,0B,FF,FF,FF,FF,FF,FF
107636,12681,0xCF00400,1,8,FF,FF,FF,64,59,FF,FF,FF
107637,12682,0xCFF6600,1,8,2C,0B,FF,FF,FF,FF,FF,FF
107646,12683,0x10FF6500,1,8,FC,FF,FF,FF,FF,FF,FF,FF
107647,12684,0x18F00500,1,8,FF,FF,FF,FF,20,2D,FF,FF
107648,12685,0x18FEF100,1,8,3F,00,00,FF,FF,FF,FF,FF
107648,12686,0x18FEF200,1,8,20,00,00,00,00,00,00,FF
107655,12687,0xCF00400,1,8,FF,FF,FF,8C,59,FF,FF,FF
107675,12688,0xCF00400,1,8,FF,FF,FF,9E,59,FF,FF,FF
107676,12689,0xCFF6600,1,8,31,0B,FF,FF,FF,FF,FF,FF
107695,12690,0xCF00400,1,8,FF,FF,FF,F2,59,FF,FF,FF
107696,12691,0xCFF6600,1,8,3E,0B,FF,FF,FF,FF,FF,FF
107715,12692,0xCF00400,1,8,FF,FF,FF,72,5A,FF,FF,FF
107715,12693,0xCFF6600,1,8,4E,0B,FF,FF,FF,FF,FF,FF
107735,12694,0xCF00400,1,8,FF,FF,FF,34,5A,FF,FF,FF
107736,12695,0xCFF6600,1,8,46,0B,FF,FF,FF,FF,FF,FF
107746,12696,0x18F00500,1,8,FF,FF,FF,FF,20,2D,FF,FF
107747,12697,0x18FEF100,1,8,3F,00,00,FF,FF,FF,FF,FF
107747,12698,0x18FEF200,1,8,20,00,00,00,00,00,00,FF
107755,12699,0xCF00400,1,8,FF,FF,FF,60,59,FF,FF,FF
107757,12700,0xCFF6600,1,8,2C,0B,FF,FF,FF,FF,FF,FF
107775,12701,0xCF00400,1,8,FF,FF,FF,F0,58,FF,FF,FF
107775,12702,0xCFF6600,1,8,1E,0B,FF,FF,FF,FF,FF,FF
107795,12703,0xCF00400,1,8,FF,FF,FF,D2,58,FF,FF,FF
107796,12704,0xCFF6600,1,8,1A,0B,FF,FF,FF,FF,FF,FF
107815,12705,0xCF00400,1,8,FF,FF,FF,9C,58,FF,FF,FF
107816,12706,0xCFF6600,1,8,13,0B,FF,FF,FF,FF,FF,FF
107835,12707,0xCF00400,1,8,FF,FF,FF,5C,58,FF,FF,FF
107836,12708,0xCFF6600,1,8,0B,0B,FF,FF,FF,FF,FF,FF
107848,12709,0x10FF6500,1,8,FC,FF,FF,FF,FF,FF,FF,FF
107849,12710,0x18F00500,1,8,FF,FF,FF,FF,20,2D,FF,FF
107850,12711,0x18FEF100,1,8,3F,00,00,FF,FF,FF,FF,FF
107850,12712,0x18FEF200,1,8,20,00,00,00,00,00,00,FF
107855,12713,0xCF00400,1,8,FF,FF,FF,18,58,FF,FF,FF
107855,12714,0xCFF6600,1,8,03,0B,FF,FF,FF,FF,FF,FF
107875,12715,0xCF00400,1,8,FF,FF,FF,CC,57,FF,FF,FF
107875,12716,0xCFF6600,1,8,F9,0A,FF,FF,FF,FF,FF,FF
107895,12717,0xCF00400,1,8,FF,FF,FF,3C,57,FF,FF,FF
107918,12718,0xCF00400,1,8,FF,FF,FF,6C,56,FF,FF,FF
107931,12719,0xCFF6600,1,8,E7,0A,FF,FF,FF,FF,FF,FF
107934,12720,0x18EEFF00,1,8,08,CF,60,06,00,00,00,00
107935,12721,0xCF00400,1,8,FF,FF,FF,48,56,FF,FF,FF
107935,12722,0xCFF6600,1,8,C9,0A,FF,FF,FF,FF,FF,FF
107946,12723,0x18FEF100,1,8,3F,00,00,FF,FF,FF,FF,FF
107946,12724,0x18F00500,1,8,FF,FF,FF,FF,20,2D,FF,FF
107948,12725,0x18F00600,1,8,FF,FF,FF,FF,FF,FF,FF,FF
107948,12726,0x18FEF200,1,8,20,00,00,00,00,00,00,FF
107949,12727,0x1CFDDF00,1,8,FE,FF,FF,FF,FF,FF,FF,FF
107952,12728,0x1CFF6A00,1,8,FC,FF,FF,FF,FF,FF,FF,FF
107955,12729,0xCF00400,1,8,FF,FF,FF,B2,56,FF,FF,FF
107956,12730,0xCFF6600,1,8,D6,0A,FF,FF,FF,FF,FF,FF
107975,12731,0xCF00400,1,8,FF,FF,FF,B2,56,FF,FF,FF
107975,12732,0xCFF6600,1,8,D6,0A,FF,FF,FF,FF,FF,FF
107995,12733,0xCF00400,1,8,FF,FF,FF,E4,56,FF,FF,FF
107997,12734,0xCFF6600,1,8,DC,0A,FF,FF,FF,FF,FF,FF
108005,12735,0x18FDE500,1,8,0A,14,1E,28,32,3C,46,13
108006,12736,0x18FEEE00,1,8,6B,FF,FF,FF,FF,FF,FF,FF
108015,12737,0xCF00400,1,8,FF,FF,FF,EA,56,FF,FF,FF
108015,12738,0xCFF6600,1,8,DD,0A,FF,FF,FF,FF,FF,FF
108025,12739,0x1CECFF00,1,8,20,0A,00,02,FF,CA,FE,00
108035,12740,0xCF00400,1,8,FF,FF,FF,D4,56,FF,FF,FF
108036,12741,0xCFF6600,1,8,DA,0A,FF,FF,FF,FF,FF,FF
108046,12742,0x10FF6500,1,8,FC,FF,FF,FF,FF,FF,FF,FF
108047,12743,0x18F00500,1,8,FF,FF,FF,FF,20,2D,FF,FF
108047,12744,0x18FEF100,1,8,3F,00,00,FF,FF,FF,FF,FF
108048,12745,0x18FEF200,1,8,1E,00,00,00,00,00,00,FF
108055,12746,0xCF00400,1,8,FF,FF,FF,A8,56,FF,FF,FF
108055,12747,0xCFF6600,1,8,D5,0A,FF,FF,FF,FF,FF,FF
108076,12748,0xCF00400,1,8,FF,FF,FF,42,56,FF,FF,FF
108076,12749,0xCFF6600,1,8,C8,0A,FF,FF,FF,FF,FF,FF
108077,12750,0x1CEBFF00,1,8,01,40,FF,0F,F0,E5,01,02
108096,12751,0xCF00400,1,8,FF,FF,FF,A4,55,FF,FF,FF
108097,12752,0xCFF6600,1,8,B4,0A,FF,FF,FF,FF,FF,FF
108115,12753,0xCF00400,1,8,FF,FF,FF,E4,54,FF,FF,FF
108116,12754,0xCFF6600,1,8,9C,0A,FF,FF,FF,FF,FF,FF
108126,12755,0x1CEBFF00,1,8,02,F0,E3,01,FF,FF,FF,FF
108135,12756,0xCF00400,1,8,FF,FF,FF,0E,54,FF,FF,FF
108136,12757,0xCFF6600,1,8,81,0A,FF,FF,FF,FF,FF,FF
108167,12758,0xCF00400,1,8,FF,FF,FF,60,53,FF,FF,FF
108167,12759,0xCFF6600,1,8,6C,0A,FF,FF,FF,FF,FF,FF
108168,12760,0x18F00500,1,8,FF,FF,FF,FF,20,2D,FF,FF
108169,12761,0x18FEF100,1,8,3F,00,00,FF,FF,FF,FF,FF
108169,12762,0x18FEF200,1,8,1E,00,00,00,00,00,00,FF
108175,12763,0xCF00400,1,8,FF,FF,FF,E0,52,FF,FF,FF
108176,12764,0xCFF6600,1,8,5C,0A,FF,FF,FF,FF,FF,FF
108195,12765,0xCF00400,1,8,FF,FF,FF,E0,52,FF,FF,FF
108196,12766,0xCFF6600,1,8,5C,0A,FF,FF,FF,FF,FF,FF
108215,12767,0xCF00400,1,8,FF,FF,FF,6A,52,FF,FF,FF
108215,12768,0xCFF6600,1,8,4D,0A,FF,FF,FF,FF,FF,FF
108235,12769,0xCF00400,1,8,FF,FF,FF,FE,51,FF,FF,FF
108236,12770,0xCFF6600,1,8,3F,0A,FF,FF,FF,FF,FF,FF
108246,12771,0x18F00500,1,8,FF,FF,FF,FF,20,2D,FF,FF
108260,12772,0x10FF6500,1,8,FC,FF,FF,FF,FF,FF,FF,FF
108261,12773,0x18FEF100,1,8,3F,00,00,FF,FF,FF,FF,FF
108262,12774,0x18FEF200,1,8,1E,00,00,00,00,00,00,FF
108264,12775,0x18EEFF00,1,8,08,CF,60,06,00,00,00,00
108276,12776,0xCF00400,1,8,FF,FF,FF,F4,50,FF,FF,FF
108277,12777,0xCFF6600,1,8,1E,0A,FF,FF,FF,FF,FF,FF
108295,12778,0xCF00400,1,8,FF,FF,FF,C8,50,FF,FF,FF
108296,12779,0xCFF6600,1,8,19,0A,FF,FF,FF,FF,FF,FF
108315,12780,0xCF00400,1,8,FF,FF,FF,F0,50,FF,FF,FF
108315,12781,0xCFF6600,1,8,1E,0A,FF,FF,FF,FF,FF,FF
108335,12782,0xCF00400,1,8,FF,FF,FF,F0,50,FF,FF,FF
108335,12783,0xCFF6600,1,8,1E,0A,FF,FF,FF,FF,FF,FF
108350,12784,0x18F00500,1,8,FF,FF,FF,FF,20,2D,FF,FF
108350,12785,0x18FEF100,1,8,3F,00,00,FF,FF,FF,FF,FF
108351,12786,0x18FEF200,1,8,1E,00,00,00,00,00,00,FF
108355,12787,0xCF00400,1,8,FF,FF,FF,E2,50,FF,FF,FF
108355,12788,0xCFF6600,1,8,1C,0A,FF,FF,FF,FF,FF,FF
108375,12789,0xCF00400,1,8,FF,FF,FF,AE,50,FF,FF,FF
108375,12790,0xCFF6600,1,8,15,0A,FF,FF,FF,FF,FF,FF
108396,12791,0xCF00400,1,8,FF,FF,FF,6A,50,FF,FF,FF
108397,12792,0xCFF6600,1,8,0D,0A,FF,FF,FF,FF,FF,FF
108415,12793,0xCF00400,1,8,FF,FF,FF,10,50,FF,FF,FF
108436,12794,0xCF00400,1,8,FF,FF,FF,CC,4F,FF,FF,FF
108438,12795,0xCFF6600,1,8,02,0A,FF,FF,FF,FF,FF,FF
108446,12796,0x18FEF100,1,8,3F,00,00,FF,FF,FF,FF,FF
108446,12797,0x10FF6500,1,8,FC,FF,FF,FF,FF,FF,FF,FF
108447,12798,0x18F00500,1,8,FF,FF,FF,FF,20,2D,FF,FF
108448,12799,0x18F00600,1,8,FF,FF,FF,FF,FF,FF,FF,FF
108448,12800,0x18FEF200,1,8,1E,00,00,00,00,00,00,FF
108450,12801,0x1CFDDF00,1,8,FE,FF,FF,FF,FF,FF,FF,FF
108450,12802,0x1CFF6A00,1,8,FC,FF,FF,FF,FF,FF,FF,FF
108455,12803,0xCF00400,1,8,FF,FF,FF,A4,4F,FF,FF,FF
108456,12804,0xCFF6600,1,8,F4,09,FF,FF,FF,FF,FF,FF
108475,12805,0xCF00400,1,8,FF,FF,FF,A4,4F,FF,FF,FF
108476,12806,0xCFF6600,1,8,F4,09,FF,FF,FF,FF,FF,FF
108495,12807,0xCF00400,1,8,FF,FF,FF,B0,4F,FF,FF,FF
108516,12808,0xCF00400,1,8,FF,FF,FF,E2,4F,FF,FF,FF
108516,12809,0xCFF6600,1,8,F6,09,FF,FF,FF,FF,FF,FF
108535,12810,0xCF00400,1,8,FF,FF,FF,FE,4F,FF,FF,FF
108536,12811,0xCFF6600,1,8,FF,09,FF,FF,FF,FF,FF,FF
108546,12812,0x18F00500,1,8,FF,FF,FF,FF,20,2D,FF,FF
108546,12813,0x18FEF100,1,8,3F,00,00,FF,FF,FF,FF,FF
108547,12814,0x18FEF200,1,8,1E,00,00,00,00,00,00,FF
108555,12815,0xCF00400,1,8,FF,FF,FF,08,50,FF,FF,FF
108556,12816,0xCFF6600,1,8,01,0A,FF,FF,FF,FF,FF,FF
108575,12817,0xCF00400,1,8,FF,FF,FF,E2,4F,FF,FF,FF
108576,12818,0xCFF6600,1,8,FC,09,FF,FF,FF,FF,FF,FF
108595,12819,0xCF00400,1,8,FF,FF,FF,94,4F,FF,FF,FF
108596,12820,0xCFF6600,1,8,F2,09,FF,FF,FF,FF,FF,FF
108615,12821,0xCF00400,1,8,FF,FF,FF,94,4F,FF,FF,FF
108616,12822,0xCFF6600,1,8,F2,09,FF,FF,FF,FF,FF,FF
108635,12823,0xCF00400,1,8,FF,FF,FF,12,4F,FF,FF,FF
108635,12824,0xCFF6600,1,8,E2,09,FF,FF,FF,FF,FF,FF
108646,12825,0x18FEF100,1,8,3F,00,00,FF,FF,FF,FF,FF
108681,12826,0xCF00400,1,8,FF,FF,FF,5E,4E,FF,FF,FF
108681,12827,0xCFF6600,1,8,CB,09,FF,FF,FF,FF,FF,FF
108682,12828,0x10FF6500,1,8,FC,FF,FF,FF,FF,FF,FF,FF
108682,12829,0x18F00500,1,8,FF,FF,FF,FF,20,2D,FF,FF
108683,12830,0x18FEF200,1,8,1E,00,00,00,00,00,00,FF
108684,12831,0x18EEFF00,1,8,08,CF,60,06,00,00,00,00
108695,12832,0xCF00400,1,8,FF,FF,FF,20,4E,FF,FF,FF
108695,12833,0xCFF6600,1,8,C4,09,FF,FF,FF,FF,FF,FF
108715,12834,0xCF00400,1,8,FF,FF,FF,E4,4D,FF,FF,FF
108716,12835,0xCFF6600,1,8,BC,09,FF,FF,FF,FF,FF,FF
108716,12836,0xCFF6600,1,8,BC,09,FF,FF,FF,FF,FF,FF
108735,12837,0xCF00400,1,8,FF,FF,FF,E4,4D,FF,FF,FF
108735,12838,0xCFF6600,1,8,BC,09,FF,FF,FF,FF,FF,FF
108737,12839,0xCFF6600,1,8,BC,09,FF,FF,FF,FF,FF,FF
108746,12840,0x18F00500,1,8,FF,FF,FF,FF,20,2D,FF,FF
108746,12841,0x18FEF100,1,8,3F,00,00,FF,FF,FF,FF,FF
108747,12842,0x18FEF200,1,8,1E,00,00,00,00,00,00,FF
108755,12843,0xCF00400,1,8,FF,FF,FF,66,4D,FF,FF,FF
108756,12844,0xCFF6600,1,8,AC,09,FF,FF,FF,FF,FF,FF
108775,12845,0xCF00400,1,8,FF,FF,FF,C0,4C,FF,FF,FF
108775,12846,0xCFF6600,1,8,98,09,FF,FF,FF,FF,FF,FF
108795,12847,0xCF00400,1,8,FF,FF,FF,EC,4B,FF,FF,FF
108797,12848,0xCFF6600,1,8,7D,09,FF,FF,FF,FF,FF,FF
108815,12849,0xCF00400,1,8,FF,FF,FF,A4,4B,FF,FF,FF
108815,12850,0xCFF6600,1,8,74,09,FF,FF,FF,FF,FF,FF
108835,12851,0xCF00400,1,8,FF,FF,FF,A4,4B,FF,FF,FF
108835,12852,0xCFF6600,1,8,74,09,FF,FF,FF,FF,FF,FF
108846,12853,0x18FEF100,1,8,3F,00,00,FF,FF,FF,FF,FF
108846,12854,0x10FF6500,1,8,FC,FF,FF,FF,FF,FF,FF,FF
108847,12855,0x18F00500,1,8,FF,FF,FF,FF,20,2D,FF,FF
108847,12856,0x18FEF200,1,8,1E,00,00,00,00,00,00,FF
108857,12857,0xCF00400,1,8,FF,FF,FF,D6,4B,FF,FF,FF
108858,12858,0xCFF6600,1,8,7A,09,FF,FF,FF,FF,FF,FF
108875,12859,0xCF00400,1,8,FF,FF,FF,D2,4B,FF,FF,FF
108876,12860,0xCFF6600,1,8,7A,09,FF,FF,FF,FF,FF,FF
108895,12861,0xCF00400,1,8,FF,FF,FF,98,4B,FF,FF,FF
108895,12862,0xCFF6600,1,8,73,09,FF,FF,FF,FF,FF,FF
108915,12863,0xCF00400,1,8,FF,FF,FF,5A,4B,FF,FF,FF
108915,12864,0xCFF6600,1,8,6B,09,FF,FF,FF,FF,FF,FF
108935,12865,0xCF00400,1,8,FF,FF,FF,5A,4B,FF,FF,FF
108935,12866,0xCFF6600,1,8,6B,09,FF,FF,FF,FF,FF,FF
108948,12867,0x18F00500,1,8,FF,FF,FF,FF,20,2D,FF,FF
108949,12868,0x18F00600,1,8,FF,FF,FF,FF,FF,FF,FF,FF
108949,12869,0x18FEF100,1,8,3F,00,00,FF,FF,FF,FF,FF
108950,12870,0x18FEF200,1,8,1E,00,00,00,00,00,00,FF
108951,12871,0x1CFDDF00,1,8,FE,FF,FF,FF,FF,FF,FF,FF
108952,12872,0x1CFF6A00,1,8,FC,FF,FF,FF,FF,FF,FF,FF
108955,12873,0xCF00400,1,8,FF,FF,FF,1A,4B,FF,FF,FF
108955,12874,0xCFF6600,1,8,63,09,FF,FF,FF,FF,FF,FF
108976,12875,0xCF00400,1,8,FF,FF,FF,18,4B,FF,FF,FF
108977,12876,0xCFF6600,1,8,63,09,FF,FF,FF,FF,FF,FF
108995,12877,0xCF00400,1,8,FF,FF,FF,48,4B,FF,FF,FF
108995,12878,0xCFF6600,1,8,69,09,FF,FF,FF,FF,FF,FF
109005,12879,0x18FDE500,1,8,0A,14,1E,28,32,3C,46,13
109005,12880,0x18FEEE00,1,8,6C,FF,FF,FF,FF,FF,FF,FF
109015,12881,0xCF00400,1,8,FF,FF,FF,50,4B,FF,FF,FF
109016,12882,0xCFF6600,1,8,6A,09,FF,FF,FF,FF,FF,FF
109026,12883,0x1CECFF00,1,8,20,0A,00,02,FF,CA,FE,00
109035,12884,0xCF00400,1,8,FF,FF,FF,50,4B,FF,FF,FF
109036,12885,0xCFF6600,1,8,6A,09,FF,FF,FF,FF,FF,FF
109048,12886,0x10FF6500,1,8,FC,FF,FF,FF,FF,FF,FF,FF
109049,12887,0x18F00500,1,8,FF,FF,FF,FF,20,2D,FF,FF
109049,12888,0x18FEF100,1,8,3F,00,00,FF,FF,FF,FF,FF
109050,12889,0x18FEF200,1,8,1B,00,00,00,00,00,00,FF
109055,12890,0xCF00400,1,8,FF,FF,FF,3A,4B,FF,FF,FF
109055,12891,0xCFF6600,1,8,67,09,FF,FF,FF,FF,FF,FF
109075,12892,0xCF00400,1,8,FF,FF,FF,34,4B,FF,FF,FF
109076,12893,0xCFF6600,1,8,66,09,FF,FF,FF,FF,FF,FF
109076,12894,0x1CEBFF00,1,8,01,40,FF,0F,F0,E5,01,02
109095,12895,0xCF00400,1,8,FF,FF,FF,3E,4B,FF,FF,FF
109096,12896,0xCFF6600,1,8,67,09,FF,FF,FF,FF,FF,FF
109097,12897,0xCFF6600,1,8,67,09,FF,FF,FF,FF,FF,FF
109115,12898,0xCF00400,1,8,FF,FF,FF,88,4B,FF,FF,FF
109116,12899,0xCFF6600,1,8,71,09,FF,FF,FF,FF,FF,FF
109127,12900,0x1CEBFF00,1,8,02,F0,E3,01,FF,FF,FF,FF
109135,12901,0xCF00400,1,8,FF,FF,FF,88,4B,FF,FF,FF
109136,12902,0xCFF6600,1,8,71,09,FF,FF,FF,FF,FF,FF
109146,12903,0x18F00500,1,8,FF,FF,FF,FF,20,2D,FF,FF
109147,12904,0x18FEF100,1,8,3F,00,00,FF,FF,FF,FF,FF
109147,12905,0x18FEF200,1,8,1B,00,00,00,00,00,00,FF
109155,12906,0xCF00400,1,8,FF,FF,FF,FE,4B,FF,FF,FF
109155,12907,0xCFF6600,1,8,7F,09,FF,FF,FF,FF,FF,FF
109175,12908,0xCF00400,1,8,FF,FF,FF,0E,4C,FF,FF,FF
109175,12909,0xCFF6600,1,8,81,09,FF,FF,FF,FF,FF,FF
109195,12910,0xCF00400,1,8,FF,FF,FF,CC,4B,FF,FF,FF
109195,12911,0xCFF6600,1,8,79,09,FF,FF,FF,FF,FF,FF
109216,12912,0xCF00400,1,8,FF,FF,FF,A6,4B,FF,FF,FF
109216,12913,0xCFF6600,1,8,74,09,FF,FF,FF,FF,FF,FF
109235,12914,0xCF00400,1,8,FF,FF,FF,A6,4B,FF,FF,FF
109236,12915,0xCFF6600,1,8,74,09,FF,FF,FF,FF,FF,FF
109246,12916,0x18F00500,1,8,FF,FF,FF,FF,20,2D,FF,FF
109246,12917,0x10FF6500,1,8,FC,FF,FF,FF,FF,FF,FF,FF
109247,12918,0x18FEF100,1,8,3F,00,00,FF,FF,FF,FF,FF
109248,12919,0x18FEF200,1,8,1B,00,00,00,00,00,00,FF
109255,12920,0xCF00400,1,8,FF,FF,FF,96,4B,FF,FF,FF
109258,12921,0xCFF6600,1,8,72,09,FF,FF,FF,FF,FF,FF
109275,12922,0xCF00400,1,8,FF,FF,FF,68,4B,FF,FF,FF
109275,12923,0xCFF6600,1,8,6D,09,FF,FF,FF,FF,FF,FF
109295,12924,0xCF00400,1,8,FF,FF,FF,18,4B,FF,FF,FF
109295,12925,0xCFF6600,1,8,63,09,FF,FF,FF,FF,FF,FF
109315,12926,0xCF00400,1,8,FF,FF,FF,E2,4A,FF,FF,FF
109315,12927,0xCFF6600,1,8,5C,09,FF,FF,FF,FF,FF,FF
109335,12928,0xCF00400,1,8,FF,FF,FF,E2,4A,FF,FF,FF
109335,12929,0xCFF6600,1,8,5C,09,FF,FF,FF,FF,FF,FF
109346,12930,0x18FEF100,1,8,3F,00,00,FF,FF,FF,FF,FF
109346,12931,0x18F00500,1,8,FF,FF,FF,FF,20,2D,FF,FF
109347,12932,0x18FEF200,1,8,1B,00,00,00,00,00,00,FF
109357,12933,0xCF00400,1,8,FF,FF,FF,C4,4A,FF,FF,FF
109358,12934,0xCFF6600,1,8,58,09,FF,FF,FF,FF,FF,FF
109375,12935,0xCF00400,1,8,FF,FF,FF,76,4A,FF,FF,FF
109376,12936,0xCFF6600,1,8,4E,09,FF,FF,FF,FF,FF,FF
109395,12937,0xCF00400,1,8,FF,FF,FF,FC,49,FF,FF,FF
109395,12938,0xCFF6600,1,8,3F,09,FF,FF,FF,FF,FF,FF
109415,12939,0xCF00400,1,8,FF,FF,FF,CC,49,FF,FF,FF
109416,12940,0xCFF6600,1,8,39,09,FF,FF,FF,FF,FF,FF
109436,12941,0xCF00400,1,8,FF,FF,FF,CC,49,FF,FF,FF
109437,12942,0xCFF6600,1,8,39,09,FF,FF,FF,FF,FF,FF
109446,12943,0x10FF6500,1,8,FC,FF,FF,FF,FF,FF,FF,FF
109447,12944,0x18F00500,1,8,FF,FF,FF,FF,20,2D,FF,FF
109448,12945,0x18F00600,1,8,FF,FF,FF,FF,FF,FF,FF,FF
109448,12946,0x18FEF100,1,8,3F,00,00,FF,FF,FF,FF,FF
109449,12947,0x18FEF200,1,8,1B,00,00,00,00,00,00,FF
109455,12948,0x1CFDDF00,1,8,FE,FF,FF,FF,FF,FF,FF,FF
109455,12949,0xCF00400,1,8,FF,FF,FF,E0,49,FF,FF,FF
109456,12950,0xCFF6600,1,8,3C,09,FF,FF,FF,FF,FF,FF
109457,12951,0x1CFF6A00,1,8,FC,FF,FF,FF,FF,FF,FF,FF
109475,12952,0xCF00400,1,8,FF,FF,FF,C6,49,FF,FF,FF
109476,12953,0xCFF6600,1,8,38,09,FF,FF,FF,FF,FF,FF
109495,12954,0xCF00400,1,8,FF,FF,FF,88,49,FF,FF,FF
109496,12955,0xCFF6600,1,8,31,09,FF,FF,FF,FF,FF,FF
109516,12956,0xCF00400,1,8,FF,FF,FF,56,49,FF,FF,FF
109516,12957,0xCFF6600,1,8,2A,09,FF,FF,FF,FF,FF,FF
109535,12958,0xCF00400,1,8,FF,FF,FF,56,49,FF,FF,FF
109536,12959,0xCFF6600,1,8,2A,09,FF,FF,FF,FF,FF,FF
109546,12960,0x18FEF100,1,8,3F,00,00,FF,FF,FF,FF,FF
109546,12961,0x18F00500,1,8,FF,FF,FF,FF,20,2D,FF,FF
109547,12962,0x18FEF200,1,8,1B,00,00,00,00,00,00,FF
109555,12963,0xCF00400,1,8,FF,FF,FF,34,49,FF,FF,FF
109555,12964,0xCFF6600,1,8,26,09,FF,FF,FF,FF,FF,FF
109575,12965,0xCF00400,1,8,FF,FF,FF,20,49,FF,FF,FF
109576,12966,0xCFF6600,1,8,24,09,FF,FF,FF,FF,FF,FF
109596,12967,0xCF00400,1,8,FF,FF,FF,10,49,FF,FF,FF
109596,12968,0xCFF6600,1,8,22,09,FF,FF,FF,FF,FF,FF
109615,12969,0xCF00400,1,8,FF,FF,FF,10,49,FF,FF,FF
109615,12970,0xCFF6600,1,8,22,09,FF,FF,FF,FF,FF,FF
109635,12971,0xCF00400,1,8,FF,FF,FF,C8,48,FF,FF,FF
109635,12972,0xCFF6600,1,8,19,09,FF,FF,FF,FF,FF,FF
109646,12973,0x18FEF100,1,8,3F,00,00,FF,FF,FF,FF,FF
109646,12974,0x10FF6500,1,8,FC,FF,FF,FF,FF,FF,FF,FF
109647,12975,0x18F00500,1,8,FF,FF,FF,FF,20,2D,FF,FF
109648,12976,0x18FEF200,1,8,1B,00,00,00,00,00,00,FF
109655,12977,0xCF00400,1,8,FF,FF,FF,4E,48,FF,FF,FF
109655,12978,0xCFF6600,1,8,09,09,FF,FF,FF,FF,FF,FF
109675,12979,0xCF00400,1,8,FF,FF,FF,F2,47,FF,FF,FF
109675,12980,0xCFF6600,1,8,FE,08,FF,FF,FF,FF,FF,FF
109696,12981,0xCF00400,1,8,FF,FF,FF,AE,47,FF,FF,FF
109697,12982,0xCFF6600,1,8,F5,08,FF,FF,FF,FF,FF,FF
109715,12983,0xCF00400,1,8,FF,FF,FF,AE,47,FF,FF,FF
109715,12984,0xCFF6600,1,8,F5,08,FF,FF,FF,FF,FF,FF
109750,12985,0xCF00400,1,8,FF,FF,FF,24,47,FF,FF,FF
109751,12986,0xCFF6600,1,8,E4,08,FF,FF,FF,FF,FF,FF
109754,12987,0x18EEFF00,1,8,08,CF,60,06,00,00,00,00
109755,12988,0xCF00400,1,8,FF,FF,FF,52,46,FF,FF,FF
109755,12989,0xCFF6600,1,8,CA,08,FF,FF,FF,FF,FF,FF
109775,12990,0xCF00400,1,8,FF,FF,FF,C0,45,FF,FF,FF
109776,12991,0xCFF6600,1,8,B8,08,FF,FF,FF,FF,FF,FF
109795,12992,0xCF00400,1,8,FF,FF,FF,C0,45,FF,FF,FF
109795,12993,0xCFF6600,1,8,B8,08,FF,FF,FF,FF,FF,FF
109816,12994,0xCF00400,1,8,FF,FF,FF,6C,45,FF,FF,FF
109837,12995,0xCF00400,1,8,FF,FF,FF,B4,44,FF,FF,FF
109837,12996,0xCFF6600,1,8,AD,08,FF,FF,FF,FF,FF,FF
109846,12997,0x18F00500,1,8,FF,FF,FF,FF,20,2D,FF,FF
109847,12998,0x18FEF100,1,8,3F,00,00,FF,FF,FF,FF,FF
109847,12999,0x18FEF200,1,8,1B,00,00,00,00,00,00,FF
109855,13000,0xCF00400,1,8,FF,FF,FF,B4,44,FF,FF,FF
109856,13001,0xCFF6600,1,8,96,08,FF,FF,FF,FF,FF,FF
109875,13002,0xCF00400,1,8,FF,FF,FF,A0,43,FF,FF,FF
109876,13003,0xCFF6600,1,8,74,08,FF,FF,FF,FF,FF,FF
109895,13004,0xCF00400,1,8,FF,FF,FF,E2,42,FF,FF,FF
109896,13005,0xCFF6600,1,8,5C,08,FF,FF,FF,FF,FF,FF
109915,13006,0xCF00400,1,8,FF,FF,FF,76,42,FF,FF,FF
109916,13007,0xCFF6600,1,8,4E,08,FF,FF,FF,FF,FF,FF
109935,13008,0xCF00400,1,8,FF,FF,FF,76,42,FF,FF,FF
109936,13009,0xCFF6600,1,8,4E,08,FF,FF,FF,FF,FF,FF
109946,13010,0x18FEF100,1,8,3F,00,00,FF,FF,FF,FF,FF
109946,13011,0x10FF6500,1,8,FC,FF,FF,FF,FF,FF,FF,FF
109947,13012,0x18F00500,1,8,FF,FF,FF,FF,20,2D,FF,FF
109948,13013,0x18FEF200,1,8,1B,00,00,00,00,00,00,FF
109955,13014,0xCF00400,1,8,FF,FF,FF,DA,41,FF,FF,FF
109955,13015,0xCFF6600,1,8,3B,08,FF,FF,FF,FF,FF,FF
109975,13016,0xCF00400,1,8,FF,FF,FF,08,41,FF,FF,FF
109975,13017,0xCFF6600,1,8,21,08,FF,FF,FF,FF,FF,FF
109995,13018,0xCF00400,1,8,FF,FF,FF,08,41,FF,FF,FF
109995,13019,0xCFF6600,1,8,21,08,FF,FF,FF,FF,FF,FF
110007,13020,0x18FDE500,1,8,0A,14,1E,28,32,3C,46,13
110007,13021,0x18FEEE00,1,8,6C,FF,FF,FF,FF,FF,FF,FF
110015,13022,0xCF00400,1,8,FF,FF,FF,B0,40,FF,FF,FF
110016,13023,0xCFF6600,1,8,16,08,FF,FF,FF,FF,FF,FF
110024,13024,0x1CECFF00,1,8,20,0A,00,02,FF,CA,FE,00
110035,13025,0xCF00400,1,8,FF,FF,FF,BE,40,FF,FF,FF
110036,13026,0xCFF6600,1,8,17,08,FF,FF,FF,FF,FF,FF
110046,13027,0x18FEF100,1,8,3F,00,00,FF,FF,FF,FF,FF
110047,13028,0x18F00500,1,8,FF,FF,FF,FF,20,2D,FF,FF
110049,13029,0x18F00600,1,8,FF,FF,FF,FF,FF,FF,FF,FF
110049,13030,0x18FEF200,1,8,16,00,00,00,00,00,00,FF
110050,13031,0x1CFDDF00,1,8,FE,FF,FF,FF,FF,FF,FF,FF
110051,13032,0x1CFF6A00,1,8,FC,FF,FF,FF,FF,FF,FF,FF
110055,13033,0xCF00400,1,8,FF,FF,FF,BE,40,FF,FF,FF
110056,13034,0xCFF6600,1,8,17,08,FF,FF,FF,FF,FF,FF
110075,13035,0xCF00400,1,8,FF,FF,FF,44,40,FF,FF,FF
110096,13036,0xCF00400,1,8,FF,FF,FF,4E,3F,FF,FF,FF
110097,13037,0xCFF6600,1,8,08,08,FF,FF,FF,FF,FF,FF
110098,13038,0x1CEBFF00,1,8,01,40,FF,0F,F0,E5,01,02
110115,13039,0xCF00400,1,8,FF,FF,FF,4E,3F,FF,FF,FF
110115,13040,0xCFF6600,1,8,E9,07,FF,FF,FF,FF,FF,FF
110125,13041,0x1CEBFF00,1,8,02,F0,E3,01,FF,FF,FF,FF
110135,13042,0xCF00400,1,8,FF,FF,FF,D6,3E,FF,FF,FF
110136,13043,0xCFF6600,1,8,DA,07,FF,FF,FF,FF,FF,FF
110146,13044,0x18FEF100,1,8,3F,00,00,FF,FF,FF,FF,FF
110146,13045,0x10FF6500,1,8,FC,FF,FF,FF,FF,FF,FF,FF
110147,13046,0x18F00500,1,8,FF,FF,FF,FF,20,2D,FF,FF
110147,13047,0x18FEF200,1,8,16,00,00,00,00,00,00,FF
110155,13048,0xCF00400,1,8,FF,FF,FF,CE,3E,FF,FF,FF
110155,13049,0xCFF6600,1,8,D9,07,FF,FF,FF,FF,FF,FF
110175,13050,0xCF00400,1,8,FF,FF,FF,CE,3E,FF,FF,FF
110196,13051,0xCF00400,1,8,FF,FF,FF,8C,3E,FF,FF,FF
110196,13052,0xCFF6600,1,8,D9,07,FF,FF,FF,FF,FF,FF
110215,13053,0xCF00400,1,8,FF,FF,FF,18,3E,FF,FF,FF
110215,13054,0xCFF6600,1,8,C3,07,FF,FF,FF,FF,FF,FF
110235,13055,0xCF00400,1,8,FF,FF,FF,18,3E,FF,FF,FF
110235,13056,0xCFF6600,1,8,C3,07,FF,FF,FF,FF,FF,FF
110246,13057,0x18FEF100,1,8,3F,00,00,FF,FF,FF,FF,FF
110246,13058,0x18F00500,1,8,FF,FF,FF,FF,20,2D,FF,FF
110247,13059,0x18FEF200,1,8,16,00,00,00,00,00,00,FF
110255,13060,0xCF00400,1,8,FF,FF,FF,B4,3D,FF,FF,FF
110256,13061,0xCFF6600,1,8,B6,07,FF,FF,FF,FF,FF,FF
110275,13062,0xCF00400,1,8,FF,FF,FF,64,3D,FF,FF,FF
110276,13063,0xCFF6600,1,8,AC,07,FF,FF,FF,FF,FF,FF
110295,13064,0xCF00400,1,8,FF,FF,FF,64,3D,FF,FF,FF
110296,13065,0xCFF6600,1,8,AC,07,FF,FF,FF,FF,FF,FF
110315,13066,0xCF00400,1,8,FF,FF,FF,8E,3C,FF,FF,FF
110315,13067,0xCFF6600,1,8,91,07,FF,FF,FF,FF,FF,FF
110335,13068,0xCF00400,1,8,FF,FF,FF,3C,3B,FF,FF,FF
110335,13069,0xCFF6600,1,8,67,07,FF,FF,FF,FF,FF,FF
110346,13070,0x18FEF100,1,8,3F,00,00,FF,FF,FF,FF,FF
110367,13071,0xCF00400,1,8,FF,FF,FF,3C,3B,FF,FF,FF
110368,13072,0xCFF6600,1,8,67,07,FF,FF,FF,FF,FF,FF
110368,13073,0x10FF6500,1,8,FC,FF,FF,FF,FF,FF,FF,FF
110369,13074,0x18F00500,1,8,FF,FF,FF,FF,20,2D,FF,FF
110369,13075,0x18FEF200,1,8,16,00,00,00,00,00,00,FF
110375,13076,0xCF00400,1,8,FF,FF,FF,72,3A,FF,FF,FF
110376,13077,0xCFF6600,1,8,4E,07,FF,FF,FF,FF,FF,FF
110395,13078,0xCF00400,1,8,FF,FF,FF,72,3A,FF,FF,FF
110395,13079,0xCFF6600,1,8,4E,07,FF,FF,FF,FF,FF,FF
110415,13080,0xCF00400,1,8,FF,FF,FF,26,3A,FF,FF,FF
110416,13081,0xCFF6600,1,8,44,07,FF,FF,FF,FF,FF,FF
110435,13082,0xCF00400,1,8,FF,FF,FF,B0,39,FF,FF,FF
110435,13083,0xCFF6600,1,8,36,07,FF,FF,FF,FF,FF,FF
110446,13084,0x18FEF100,1,8,3F,00,00,FF,FF,FF,FF,FF
110446,13085,0x18F00500,1,8,FF,FF,FF,FF,20,2D,FF,FF
110447,13086,0x18FEF200,1,8,16,00,00,00,00,00,00,FF
110455,13087,0xCF00400,1,8,FF,FF,FF,B0,39,FF,FF,FF
110455,13088,0xCFF6600,1,8,36,07,FF,FF,FF,FF,FF,FF
110475,13089,0xCF00400,1,8,FF,FF,FF,12,39,FF,FF,FF
110475,13090,0xCFF6600,1,8,22,07,FF,FF,FF,FF,FF,FF
110498,13091,0xCF00400,1,8,FF,FF,FF,12,39,FF,FF,FF
110499,13092,0xCFF6600,1,8,22,07,FF,FF,FF,FF,FF,FF
110515,13093,0xCF00400,1,8,FF,FF,FF,B2,38,FF,FF,FF
110529,13094,0xCFF6600,1,8,16,07,FF,FF,FF,FF,FF,FF
110534,13095,0x18EEFF00,1,8,08,CF,60,06,00,00,00,00
110535,13096,0xCF00400,1,8,FF,FF,FF,80,38,FF,FF,FF
110535,13097,0xCFF6600,1,8,10,07,FF,FF,FF,FF,FF,FF
110546,13098,0x18F00500,1,8,FF,FF,FF,FF,20,2D,FF,FF
110546,13099,0x10FF6500,1,8,FC,FF,FF,FF,FF,FF,FF,FF
110547,13100,0x18F00600,1,8,FF,FF,FF,FF,FF,FF,FF,FF
110548,13101,0x18FEF100,1,8,3F,00,00,FF,FF,FF,FF,FF
110548,13102,0x18FEF200,1,8,16,00,00,00,00,00,00,FF
110549,13103,0x1CFDDF00,1,8,FE,FF,FF,FF,FF,FF,FF,FF
110549,13104,0x1CFF6A00,1,8,FC,FF,FF,FF,FF,FF,FF,FF
110555,13105,0xCF00400,1,8,FF,FF,FF,80,38,FF,FF,FF
110555,13106,0xCFF6600,1,8,10,07,FF,FF,FF,FF,FF,FF
110575,13107,0xCF00400,1,8,FF,FF,FF,FE,37,FF,FF,FF
110575,13108,0xCFF6600,1,8,FF,06,FF,FF,FF,FF,FF,FF
110595,13109,0xCF00400,1,8,FF,FF,FF,FE,37,FF,FF,FF
110595,13110,0xCFF6600,1,8,FF,06,FF,FF,FF,FF,FF,FF
110615,13111,0xCF00400,1,8,FF,FF,FF,24,37,FF,FF,FF
110616,13112,0xCFF6600,1,8,E4,06,FF,FF,FF,FF,FF,FF
110635,13113,0xCF00400,1,8,FF,FF,FF,1A,37,FF,FF,FF
110636,13114,0xCFF6600,1,8,E3,06,FF,FF,FF,FF,FF,FF
110667,13115,0xCF00400,1,8,FF,FF,FF,1A,37,FF,FF,FF
110667,13116,0xCFF6600,1,8,E3,06,FF,FF,FF,FF,FF,FF
110668,13117,0x18F00500,1,8,FF,FF,FF,FF,20,2D,FF,FF
110668,13118,0x18FEF100,1,8,3F,00,00,FF,FF,FF,FF,FF
110669,13119,0x18FEF200,1,8,16,00,00,00,00,00,00,FF
110675,13120,0xCF00400,1,8,FF,FF,FF,CC,37,FF,FF,FF
110676,13121,0xCFF6600,1,8,F9,06,FF,FF,FF,FF,FF,FF
110695,13122,0xCF00400,1,8,FF,FF,FF,CC,37,FF,FF,FF
110696,13123,0xCFF6600,1,8,F9,06,FF,FF,FF,FF,FF,FF
110715,13124,0xCF00400,1,8,FF,FF,FF,E0,37,FF,FF,FF
110715,13125,0xCFF6600,1,8,FC,06,FF,FF,FF,FF,FF,FF
110735,13126,0xCF00400,1,8,FF,FF,FF,72,37,FF,FF,FF
110737,13127,0xCFF6600,1,8,EE,06,FF,FF,FF,FF,FF,FF
110746,13128,0x10FF6500,1,8,FC,FF,FF,FF,FF,FF,FF,FF
110746,13129,0x18F00500,1,8,FF,FF,FF,FF,20,2D,FF,FF
110747,13130,0x18FEF100,1,8,3F,00,00,FF,FF,FF,FF,FF
110748,13131,0x18FEF200,1,8,16,00,00,00,00,00,00,FF
110755,13132,0xCF00400,1,8,FF,FF,FF,72,37,FF,FF,FF
110756,13133,0xCFF6600,1,8,EE,06,FF,FF,FF,FF,FF,FF
110775,13134,0xCF00400,1,8,FF,FF,FF,2E,37,FF,FF,FF
110776,13135,0xCFF6600,1,8,E5,06,FF,FF,FF,FF,FF,FF
110796,13136,0xCF00400,1,8,FF,FF,FF,2E,37,FF,FF,FF
110797,13137,0xCFF6600,1,8,E5,06,FF,FF,FF,FF,FF,FF
110815,13138,0xCF00400,1,8,FF,FF,FF,10,37,FF,FF,FF
110816,13139,0xCFF6600,1,8,E2,06,FF,FF,FF,FF,FF,FF
110835,13140,0xCF00400,1,8,FF,FF,FF,A8,36,FF,FF,FF
110836,13141,0xCFF6600,1,8,D5,06,FF,FF,FF,FF,FF,FF
110846,13142,0x18F00500,1,8,FF,FF,FF,FF,20,2D,FF,FF
110846,13143,0x18FEF100,1,8,3F,00,00,FF,FF,FF,FF,FF
110847,13144,0x18FEF200,1,8,16,00,00,00,00,00,00,FF
110855,13145,0xCF00400,1,8,FF,FF,FF,A8,36,FF,FF,FF
110876,13146,0xCF00400,1,8,FF,FF,FF,FA,35,FF,FF,FF
110879,13147,0xCFF6600,1,8,D5,06,FF,FF,FF,FF,FF,FF
110895,13148,0xCF00400,1,8,FF,FF,FF,FA,35,FF,FF,FF
110895,13149,0xCFF6600,1,8,BF,06,FF,FF,FF,FF,FF,FF
110915,13150,0xCF00400,1,8,FF,FF,FF,58,35,FF,FF,FF
110916,13151,0xCFF6600,1,8,AB,06,FF,FF,FF,FF,FF,FF
110935,13152,0xCF00400,1,8,FF,FF,FF,58,35,FF,FF,FF
110936,13153,0xCFF6600,1,8,AB,06,FF,FF,FF,FF,FF,FF
110946,13154,0x18FEF100,1,8,3F,00,00,FF,FF,FF,FF,FF
110946,13155,0x10FF6500,1,8,FC,FF,FF,FF,FF,FF,FF,FF
110947,13156,0x18F00500,1,8,FF,FF,FF,FF,20,2D,FF,FF
110948,13157,0x18FEF200,1,8,16,00,00,00,00,00,00,FF
110955,13158,0xCF00400,1,8,FF,FF,FF,C6,34,FF,FF,FF
110955,13159,0xCFF6600,1,8,98,06,FF,FF,FF,FF,FF,FF
110975,13160,0xCF00400,1,8,FF,FF,FF,C6,34,FF,FF,FF
110975,13161,0xCFF6600,1,8,98,06,FF,FF,FF,FF,FF,FF
110995,13162,0xCF00400,1,8,FF,FF,FF,E4,34,FF,FF,FF
110996,13163,0xCFF6600,1,8,9C,06,FF,FF,FF,FF,FF,FF
111005,13164,0x18FDE500,1,8,0A,14,1E,28,32,3C,46,13
111006,13165,0x18FEEE00,1,8,6C,FF,FF,FF,FF,FF,FF,FF
111015,13166,0xCF00400,1,8,FF,FF,FF,98,35,FF,FF,FF
111049,13167,0xCF00400,1,8,FF,FF,FF,98,35,FF,FF,FF
111050,13168,0xCFF6600,1,8,B3,06,FF,FF,FF,FF,FF,FF
111051,13169,0x1CECFF00,1,8,20,0A,00,02,FF,CA,FE,00
111054,13170,0x18EEFF00,1,8,08,CF,60,06,00,00,00,00
111055,13171,0xCF00400,1,8,FF,FF,FF,E2,35,FF,FF,FF
111055,13172,0xCFF6600,1,8,BC,06,FF,FF,FF,FF,FF,FF
111075,13173,0xCF00400,1,8,FF,FF,FF,E2,35,FF,FF,FF
111075,13174,0xCFF6600,1,8,BC,06,FF,FF,FF,FF,FF,FF
111076,13175,0x1CEBFF00,1,8,01,40,FF,0F,F0,E5,01,02
111095,13176,0xCF00400,1,8,FF,FF,FF,D6,35,FF,FF,FF
111095,13177,0xCFF6600,1,8,BA,06,FF,FF,FF,FF,FF,FF
111115,13178,0xCF00400,1,8,FF,FF,FF,D6,35,FF,FF,FF
111116,13179,0xCFF6600,1,8,BA,06,FF,FF,FF,FF,FF,FF
111126,13180,0x1CEBFF00,1,8,02,F0,E3,01,FF,FF,FF,FF
111135,13181,0xCF00400,1,8,FF,FF,FF,FE,35,FF,FF,FF
111136,13182,0xCFF6600,1,8,BF,06,FF,FF,FF,FF,FF,FF
111146,13183,0x18F00500,1,8,FF,FF,FF,FF,20,2D,FF,FF
111146,13184,0x18F00600,1,8,FF,FF,FF,FF,FF,FF,FF,FF
111147,13185,0x18FEF100,1,8,3F,00,00,FF,FF,FF,FF,FF
111148,13186,0x18FEF200,1,8,11,00,00,00,00,00,00,FF
111148,13187,0x1CFDDF00,1,8,FE,FF,FF,FF,FF,FF,FF,FF
111149,13188,0x1CFF6A00,1,8,FC,FF,FF,FF,FF,FF,FF,FF
111155,13189,0xCF00400,1,8,FF,FF,FF,4C,36,FF,FF,FF
111156,13190,0xCFF6600,1,8,C9,06,FF,FF,FF,FF,FF,FF
111175,13191,0xCF00400,1,8,FF,FF,FF,4C,36,FF,FF,FF
111176,13192,0xCFF6600,1,8,C9,06,FF,FF,FF,FF,FF,FF
111195,13193,0xCF00400,1,8,FF,FF,FF,7A,36,FF,FF,FF
111215,13194,0xCF00400,1,8,FF,FF,FF,7A,36,FF,FF,FF
111216,13195,0xCFF6600,1,8,CF,06,FF,FF,FF,FF,FF,FF
111235,13196,0xCF00400,1,8,FF,FF,FF,98,36,FF,FF,FF
111235,13197,0xCFF6600,1,8,D3,06,FF,FF,FF,FF,FF,FF
111246,13198,0x18FEF100,1,8,3F,00,00,FF,FF,FF,FF,FF
111246,13199,0x10FF6500,1,8,FC,FF,FF,FF,FF,FF,FF,FF
111247,13200,0x18F00500,1,8,FF,FF,FF,FF,20,2D,FF,FF
111248,13201,0x18FEF200,1,8,11,00,00,00,00,00,00,FF
111255,13202,0xCF00400,1,8,FF,FF,FF,90,36,FF,FF,FF
111255,13203,0xCFF6600,1,8,D2,06,FF,FF,FF,FF,FF,FF
111276,13204,0xCF00400,1,8,FF,FF,FF,90,36,FF,FF,FF
111278,13205,0xCFF6600,1,8,D2,06,FF,FF,FF,FF,FF,FF
111295,13206,0xCF00400,1,8,FF,FF,FF,66,36,FF,FF,FF
111295,13207,0xCFF6600,1,8,CC,06,FF,FF,FF,FF,FF,FF
111315,13208,0xCF00400,1,8,FF,FF,FF,66,36,FF,FF,FF
111315,13209,0xCFF6600,1,8,CC,06,FF,FF,FF,FF,FF,FF
111335,13210,0xCF00400,1,8,FF,FF,FF,16,36,FF,FF,FF
111335,13211,0xCFF6600,1,8,C2,06,FF,FF,FF,FF,FF,FF
111346,13212,0x18FEF100,1,8,3F,00,00,FF,FF,FF,FF,FF
111346,13213,0x18F00500,1,8,FF,FF,FF,FF,20,2D,FF,FF
111347,13214,0x18FEF200,1,8,11,00,00,00,00,00,00,FF
111357,13215,0xCF00400,1,8,FF,FF,FF,16,36,FF,FF,FF
111357,13216,0xCFF6600,1,8,C2,06,FF,FF,FF,FF,FF,FF
111375,13217,0xCF00400,1,8,FF,FF,FF,A0,35,FF,FF,FF
111376,13218,0xCFF6600,1,8,B4,06,FF,FF,FF,FF,FF,FF
111395,13219,0xCF00400,1,8,FF,FF,FF,A4,35,FF,FF,FF
111396,13220,0xCFF6600,1,8,B4,06,FF,FF,FF,FF,FF,FF
111415,13221,0xCF00400,1,8,FF,FF,FF,A4,35,FF,FF,FF
111436,13222,0xCF00400,1,8,FF,FF,FF,0E,36,FF,FF,FF
111436,13223,0xCFF6600,1,8,B4,06,FF,FF,FF,FF,FF,FF
111447,13224,0x10FF6500,1,8,FC,FF,FF,FF,FF,FF,FF,FF
111447,13225,0x18F00500,1,8,FF,FF,FF,FF,20,2D,FF,FF
111448,13226,0x18FEF100,1,8,3F,00,00,FF,FF,FF,FF,FF
111448,13227,0x18FEF200,1,8,11,00,00,00,00,00,00,FF
111455,13228,0xCF00400,1,8,FF,FF,FF,0E,36,FF,FF,FF
111456,13229,0xCFF6600,1,8,C1,06,FF,FF,FF,FF,FF,FF
111475,13230,0xCF00400,1,8,FF,FF,FF,F8,35,FF,FF,FF
111475,13231,0xCFF6600,1,8,BF,06,FF,FF,FF,FF,FF,FF
111495,13232,0xCF00400,1,8,FF,FF,FF,F8,35,FF,FF,FF
111496,13233,0xCFF6600,1,8,BF,06,FF,FF,FF,FF,FF,FF
111515,13234,0xCF00400,1,8,FF,FF,FF,7E,35,FF,FF,FF
111516,13235,0xCFF6600,1,8,AF,06,FF,FF,FF,FF,FF,FF
111535,13236,0xCF00400,1,8,FF,FF,FF,4E,35,FF,FF,FF
111536,13237,0xCFF6600,1,8,A9,06,FF,FF,FF,FF,FF,FF
111546,13238,0x18FEF100,1,8,3F,00,00,FF,FF,FF,FF,FF
111546,13239,0x18F00500,1,8,FF,FF,FF,FF,20,2D,FF,FF
111547,13240,0x18FEF200,1,8,11,00,00,00,00,00,00,FF
111558,13241,0xCF00400,1,8,FF,FF,FF,4E,35,FF,FF,FF
111558,13242,0xCFF6600,1,8,A9,06,FF,FF,FF,FF,FF,FF
111575,13243,0xCF00400,1,8,FF,FF,FF,58,35,FF,FF,FF
111576,13244,0xCFF6600,1,8,AB,06,FF,FF,FF,FF,FF,FF
111595,13245,0xCF00400,1,8,FF,FF,FF,58,35,FF,FF,FF
111615,13246,0xCF00400,1,8,FF,FF,FF,08,35,FF,FF,FF
111616,13247,0xCFF6600,1,8,AB,06,FF,FF,FF,FF,FF,FF
111635,13248,0xCF00400,1,8,FF,FF,FF,08,35,FF,FF,FF
111635,13249,0xCFF6600,1,8,A1,06,FF,FF,FF,FF,FF,FF
111646,13250,0x18F00500,1,8,FF,FF,FF,FF,20,2D,FF,FF
111647,13251,0x10FF6500,1,8,FC,FF,FF,FF,FF,FF,FF,FF
111648,13252,0x18F00600,1,8,FF,FF,FF,FF,FF,FF,FF,FF
111648,13253,0x18FEF100,1,8,3F,00,00,FF,FF,FF,FF,FF
111649,13254,0x18FEF200,1,8,11,00,00,00,00,00,00,FF
111650,13255,0x1CFDDF00,1,8,FE,FF,FF,FF,FF,FF,FF,FF
111650,13256,0x1CFF6A00,1,8,FC,FF,FF,FF,FF,FF,FF,FF
111655,13257,0xCF00400,1,8,FF,FF,FF,6A,34,FF,FF,FF
111656,13258,0xCFF6600,1,8,8D,06,FF,FF,FF,FF,FF,FF
111675,13259,0xCF00400,1,8,FF,FF,FF,34,34,FF,FF,FF
111676,13260,0xCFF6600,1,8,86,06,FF,FF,FF,FF,FF,FF
111695,13261,0xCF00400,1,8,FF,FF,FF,34,34,FF,FF,FF
111695,13262,0xCFF6600,1,8,86,06,FF,FF,FF,FF,FF,FF
111715,13263,0xCF00400,1,8,FF,FF,FF,5E,34,FF,FF,FF
111715,13264,0xCFF6600,1,8,8B,06,FF,FF,FF,FF,FF,FF
111735,13265,0xCF00400,1,8,FF,FF,FF,5E,34,FF,FF,FF
111735,13266,0xCFF6600,1,8,8B,06,FF,FF,FF,FF,FF,FF
111746,13267,0x18F00500,1,8,FF,FF,FF,FF,20,2D,FF,FF
111747,13268,0x18FEF100,1,8,3F,00,00,FF,FF,FF,FF,FF
111748,13269,0x18FEF200,1,8,11,00,00,00,00,00,00,FF
111755,13270,0xCF00400,1,8,FF,FF,FF,8A,34,FF,FF,FF
111756,13271,0xCFF6600,1,8,91,06,FF,FF,FF,FF,FF,FF
111775,13272,0xCF00400,1,8,FF,FF,FF,8A,34,FF,FF,FF
111776,13273,0xCFF6600,1,8,91,06,FF,FF,FF,FF,FF,FF
111795,13274,0xCF00400,1,8,FF,FF,FF,AE,34,FF,FF,FF
111796,13275,0xCFF6600,1,8,95,06,FF,FF,FF,FF,FF,FF
111831,13276,0xCF00400,1,8,FF,FF,FF,AE,34,FF,FF,FF
111831,13277,0xCFF6600,1,8,95,06,FF,FF,FF,FF,FF,FF
111834,13278,0x18EEFF00,1,8,08,CF,60,06,00,00,00,00
111835,13279,0xCF00400,1,8,FF,FF,FF,12,35,FF,FF,FF
111836,13280,0xCFF6600,1,8,A2,06,FF,FF,FF,FF,FF,FF
111846,13281,0x18FEF100,1,8,3F,00,00,FF,FF,FF,FF,FF
111846,13282,0x10FF6500,1,8,FC,FF,FF,FF,FF,FF,FF,FF
111847,13283,0x18F00500,1,8,FF,FF,FF,FF,20,2D,FF,FF
111847,13284,0x18FEF200,1,8,11,00,00,00,00,00,00,FF
111855,13285,0xCF00400,1,8,FF,FF,FF,B4,35,FF,FF,FF
111855,13286,0xCFF6600,1,8,B6,06,FF,FF,FF,FF,FF,FF
111875,13287,0xCF00400,1,8,FF,FF,FF,B4,35,FF,FF,FF
111875,13288,0xCFF6600,1,8,B6,06,FF,FF,FF,FF,FF,FF
111895,13289,0xCF00400,1,8,FF,FF,FF,22,36,FF,FF,FF
111896,13290,0xCFF6600,1,8,C4,06,FF,FF,FF,FF,FF,FF
111915,13291,0xCF00400,1,8,FF,FF,FF,22,36,FF,FF,FF
111916,13292,0xCFF6600,1,8,C4,06,FF,FF,FF,FF,FF,FF
111935,13293,0xCF00400,1,8,FF,FF,FF,5A,36,FF,FF,FF
111936,13294,0xCFF6600,1,8,CB,06,FF,FF,FF,FF,FF,FF
111946,13295,0x18F00500,1,8,FF,FF,FF,FF,20,2D,FF,FF
111947,13296,0x18FEF100,1,8,3F,00,00,FF,FF,FF,FF,FF
111947,13297,0x18FEF200,1,8,11,00,00,00,00,00,00,FF
111958,13298,0xCF00400,1,8,FF,FF,FF,40,36,FF,FF,FF
111958,13299,0xCFF6600,1,8,C8,06,FF,FF,FF,FF,FF,FF
111975,13300,0xCF00400,1,8,FF,FF,FF,40,36,FF,FF,FF
111976,13301,0xCFF6600,1,8,C8,06,FF,FF,FF,FF,FF,FF
111995,13302,0xCF00400,1,8,FF,FF,FF,DC,35,FF,FF,FF
111996,13303,0xCFF6600,1,8,BB,06,FF,FF,FF,FF,FF,FF
112004,13304,0x18FEEE00,1,8,6D,FF,FF,FF,FF,FF,FF,FF
112005,13305,0x18FDE500,1,8,0A,14,1E,28,32,3C,46,13
112015,13306,0xCF00400,1,8,FF,FF,FF,DC,35,FF,FF,FF
112016,13307,0xCFF6600,1,8,BB,06,FF,FF,FF,FF,FF,FF
112027,13308,0x1CECFF00,1,8,20,0A,00,02,FF,CA,FE,00
112035,13309,0xCF00400,1,8,FF,FF,FF,7E,35,FF,FF,FF
112036,13310,0xCFF6600,1,8,AF,06,FF,FF,FF,FF,FF,FF
112046,13311,0x10FF6500,1,8,FC,FF,FF,FF,FF,FF,FF,FF
112047,13312,0x18F00500,1,8,FF,FF,FF,FF,20,2D,FF,FF
112047,13313,0x18FEF100,1,8,3F,00,00,FF,FF,FF,FF,FF
112048,13314,0x18FEF200,1,8,11,00,00,00,00,00,00,FF
112055,13315,0xCF00400,1,8,FF,FF,FF,7E,35,FF,FF,FF
112056,13316,0xCFF6600,1,8,AF,06,FF,FF,FF,FF,FF,FF
112077,13317,0xCF00400,1,8,FF,FF,FF,32,35,FF,FF,FF
112077,13318,0xCFF6600,1,8,A6,06,FF,FF,FF,FF,FF,FF
112078,13319,0x1CEBFF00,1,8,01,40,FF,0F,F0,E5,01,02
112098,13320,0xCF00400,1,8,FF,FF,FF,6C,35,FF,FF,FF
112098,13321,0xCFF6600,1,8,AD,06,FF,FF,FF,FF,FF,FF
112115,13322,0xCF00400,1,8,FF,FF,FF,6C,35,FF,FF,FF
112136,13323,0xCF00400,1,8,FF,FF,FF,0C,36,FF,FF,FF
112136,13324,0xCFF6600,1,8,AD,06,FF,FF,FF,FF,FF,FF
112137,13325,0x1CEBFF00,1,8,02,F0,E3,01,FF,FF,FF,FF
112146,13326,0x18FEF100,1,8,3F,00,00,FF,FF,FF,FF,FF
112146,13327,0x18F00500,1,8,FF,FF,FF,FF,20,2D,FF,FF
112147,13328,0x18F00600,1,8,FF,FF,FF,FF,FF,FF,FF,FF
112148,13329,0x18FEF200,1,8,11,00,00,00,00,00,00,FF
112149,13330,0x1CFDDF00,1,8,FE,FF,FF,FF,FF,FF,FF,FF
112150,13331,0x1CFF6A00,1,8,FC,FF,FF,FF,FF,FF,FF,FF
112155,13332,0xCF00400,1,8,FF,FF,FF,0C,36,FF,FF,FF
112155,13333,0xCFF6600,1,8,C1,06,FF,FF,FF,FF,FF,FF
112176,13334,0xCF00400,1,8,FF,FF,FF,4C,36,FF,FF,FF
112177,13335,0xCFF6600,1,8,C9,06,FF,FF,FF,FF,FF,FF
112195,13336,0xCF00400,1,8,FF,FF,FF,4C,36,FF,FF,FF
112196,13337,0xCFF6600,1,8,C9,06,FF,FF,FF,FF,FF,FF
112215,13338,0xCF00400,1,8,FF,FF,FF,4C,36,FF,FF,FF
112216,13339,0xCFF6600,1,8,C9,06,FF,FF,FF,FF,FF,FF
112235,13340,0xCF00400,1,8,FF,FF,FF,3C,36,FF,FF,FF
112261,13341,0xCFF6600,1,8,C7,06,FF,FF,FF,FF,FF,FF
112262,13342,0x18EEFF00,1,8,08,CF,60,06,00,00,00,00
112275,13343,0xCF00400,1,8,FF,FF,FF,1E,36,FF,FF,FF
112275,13344,0xCFF6600,1,8,C3,06,FF,FF,FF,FF,FF,FF
112295,13345,0xCF00400,1,8,FF,FF,FF,1E,36,FF,FF,FF
112297,13346,0xCFF6600,1,8,C3,06,FF,FF,FF,FF,FF,FF
112315,13347,0xCF00400,1,8,FF,FF,FF,DA,35,FF,FF,FF
112316,13348,0xCFF6600,1,8,BB,06,FF,FF,FF,FF,FF,FF
112336,13349,0xCF00400,1,8,FF,FF,FF,DA,35,FF,FF,FF
112336,13350,0xCFF6600,1,8,BB,06,FF,FF,FF,FF,FF,FF
112346,13351,0x18FEF100,1,8,3F,00,00,FF,FF,FF,FF,FF
112346,13352,0x10FF6500,1,8,FC,FF,FF,FF,FF,FF,FF,FF
112347,13353,0x18F00500,1,8,FF,FF,FF,FF,20,2D,FF,FF
112348,13354,0x18FEF200,1,8,11,00,00,00,00,00,00,FF
112357,13355,0xCF00400,1,8,FF,FF,FF,72,35,FF,FF,FF
112358,13356,0xCFF6600,1,8,AE,06,FF,FF,FF,FF,FF,FF
112375,13357,0xCF00400,1,8,FF,FF,FF,E0,35,FF,FF,FF
112376,13358,0xCFF6600,1,8,BC,06,FF,FF,FF,FF,FF,FF
112395,13359,0xCF00400,1,8,FF,FF,FF,E0,35,FF,FF,FF
112395,13360,0xCFF6600,1,8,BC,06,FF,FF,FF,FF,FF,FF
112415,13361,0xCF00400,1,8,FF,FF,FF,08,37,FF,FF,FF
112416,13362,0xCFF6600,1,8,E1,06,FF,FF,FF,FF,FF,FF
112435,13363,0xCF00400,1,8,FF,FF,FF,08,37,FF,FF,FF
112436,13364,0xCFF6600,1,8,E1,06,FF,FF,FF,FF,FF,FF
112446,13365,0x18F00500,1,8,FF,FF,FF,FF,20,2D,FF,FF
112447,13366,0x18FEF100,1,8,3F,00,00,FF,FF,FF,FF,FF
112447,13367,0x18FEF200,1,8,11,00,00,00,00,00,00,FF
112458,13368,0xCF00400,1,8,FF,FF,FF,58,37,FF,FF,FF
112458,13369,0xCFF6600,1,8,EB,06,FF,FF,FF,FF,FF,FF
112476,13370,0xCF00400,1,8,FF,FF,FF,EC,36,FF,FF,FF
112476,13371,0xCFF6600,1,8,DD,06,FF,FF,FF,FF,FF,FF
112495,13372,0xCF00400,1,8,FF,FF,FF,EC,36,FF,FF,FF
112496,13373,0xCFF6600,1,8,DD,06,FF,FF,FF,FF,FF,FF
112515,13374,0xCF00400,1,8,FF,FF,FF,B6,36,FF,FF,FF
112516,13375,0xCFF6600,1,8,D6,06,FF,FF,FF,FF,FF,FF
112535,13376,0xCF00400,1,8,FF,FF,FF,B6,36,FF,FF,FF
112536,13377,0xCFF6600,1,8,D6,06,FF,FF,FF,FF,FF,FF
112549,13378,0x10FF6500,1,8,FC,FF,FF,FF,FF,FF,FF,FF
112550,13379,0x18F00500,1,8,FF,FF,FF,FF,20,2D,FF,FF
112551,13380,0x18FEF100,1,8,3F,00,00,FF,FF,FF,FF,FF
112551,13381,0x18FEF200,1,8,11,00,00,00,00,00,00,FF
112555,13382,0xCF00400,1,8,FF,FF,FF,B2,36,FF,FF,FF
112555,13383,0xCFF6600,1,8,D6,06,FF,FF,FF,FF,FF,FF
112575,13384,0xCF00400,1,8,FF,FF,FF,B2,36,FF,FF,FF
112576,13385,0xCFF6600,1,8,D6,06,FF,FF,FF,FF,FF,FF
112595,13386,0xCF00400,1,8,FF,FF,FF,8A,36,FF,FF,FF
112617,13387,0xCF00400,1,8,FF,FF,FF,4A,36,FF,FF,FF
112618,13388,0xCFF6600,1,8,D1,06,FF,FF,FF,FF,FF,FF
112635,13389,0xCF00400,1,8,FF,FF,FF,4A,36,FF,FF,FF
112636,13390,0xCFF6600,1,8,C9,06,FF,FF,FF,FF,FF,FF
112647,13391,0x18F00500,1,8,FF,FF,FF,FF,20,2D,FF,FF
112647,13392,0x18FEF100,1,8,3F,00,00,FF,FF,FF,FF,FF
112648,13393,0x18FEF200,1,8,11,00,00,00,00,00,00,FF
112655,13394,0xCF00400,1,8,FF,FF,FF,26,36,FF,FF,FF
112655,13395,0xCFF6600,1,8,C4,06,FF,FF,FF,FF,FF,FF
112675,13396,0xCF00400,1,8,FF,FF,FF,26,36,FF,FF,FF
112676,13397,0xCFF6600,1,8,C4,06,FF,FF,FF,FF,FF,FF
112695,13398,0xCF00400,1,8,FF,FF,FF,18,36,FF,FF,FF
112696,13399,0xCFF6600,1,8,C3,06,FF,FF,FF,FF,FF,FF
112715,13400,0xCF00400,1,8,FF,FF,FF,18,36,FF,FF,FF
112716,13401,0xCFF6600,1,8,C3,06,FF,FF,FF,FF,FF,FF
112735,13402,0xCF00400,1,8,FF,FF,FF,32,36,FF,FF,FF
112735,13403,0xCFF6600,1,8,C6,06,FF,FF,FF,FF,FF,FF
112746,13404,0x18FEF100,1,8,3F,00,00,FF,FF,FF,FF,FF
112746,13405,0x10FF6500,1,8,FC,FF,FF,FF,FF,FF,FF,FF
112767,13406,0xCF00400,1,8,FF,FF,FF,6E,36,FF,FF,FF
112768,13407,0xCFF6600,1,8,CD,06,FF,FF,FF,FF,FF,FF
112768,13408,0x18F00500,1,8,FF,FF,FF,FF,20,2D,FF,FF
112769,13409,0x18F00600,1,8,FF,FF,FF,FF,FF,FF,FF,FF
112770,13410,0x18F00600,1,8,FF,FF,FF,FF,FF,FF,FF,FF
112770,13411,0x18FEF200,1,8,11,00,00,00,00,00,00,FF
112771,13412,0x1CFDDF00,1,8,FE,FF,FF,FF,FF,FF,FF,FF
112772,13413,0x1CFF6A00,1,8,FC,FF,FF,FF,FF,FF,FF,FF
112776,13414,0xCF00400,1,8,FF,FF,FF,6E,36,FF,FF,FF
112777,13415,0xCFF6600,1,8,CD,06,FF,FF,FF,FF,FF,FF
112795,13416,0xCF00400,1,8,FF,FF,FF,62,36,FF,FF,FF
112795,13417,0xCFF6600,1,8,CC,06,FF,FF,FF,FF,FF,FF
112831,13418,0xCF00400,1,8,FF,FF,FF,62,36,FF,FF,FF
112831,13419,0xCFF6600,1,8,CC,06,FF,FF,FF,FF,FF,FF
112834,13420,0x18EEFF00,1,8,08,CF,60,06,00,00,00,00
112835,13421,0xCF00400,1,8,FF,FF,FF,16,36,FF,FF,FF
112835,13422,0xCFF6600,1,8,C2,06,FF,FF,FF,FF,FF,FF
112846,13423,0x18FEF100,1,8,3F,00,00,FF,FF,FF,FF,FF
112846,13424,0x18F00500,1,8,FF,FF,FF,FF,20,2D,FF,FF
112847,13425,0x18FEF200,1,8,11,00,00,00,00,00,00,FF
112856,13426,0xCF00400,1,8,FF,FF,FF,E4,35,FF,FF,FF
112856,13427,0xCFF6600,1,8,BC,06,FF,FF,FF,FF,FF,FF
112875,13428,0xCF00400,1,8,FF,FF,FF,E4,35,FF,FF,FF
112875,13429,0xCFF6600,1,8,BC,06,FF,FF,FF,FF,FF,FF
112895,13430,0xCF00400,1,8,FF,FF,FF,D0,35,FF,FF,FF
112895,13431,0xCFF6600,1,8,BA,06,FF,FF,FF,FF,FF,FF
112915,13432,0xCF00400,1,8,FF,FF,FF,D0,35,FF,FF,FF
112915,13433,0xCFF6600,1,8,BA,06,FF,FF,FF,FF,FF,FF
112935,13434,0xCF00400,1,8,FF,FF,FF,52,36,FF,FF,FF
112935,13435,0xCFF6600,1,8,CA,06,FF,FF,FF,FF,FF,FF
112946,13436,0x18FEF100,1,8,3F,00,00,FF,FF,FF,FF,FF
112946,13437,0x10FF6500,1,8,FC,FF,FF,FF,FF,FF,FF,FF
112947,13438,0x18F00500,1,8,FF,FF,FF,FF,20,2D,FF,FF
112948,13439,0x18FEF200,1,8,11,00,00,00,00,00,00,FF
112955,13440,0xCF00400,1,8,FF,FF,FF,52,36,FF,FF,FF
112956,13441,0xCFF6600,1,8,CA,06,FF,FF,FF,FF,FF,FF
112975,13442,0xCF00400,1,8,FF,FF,FF,4E,37,FF,FF,FF
112976,13443,0xCFF6600,1,8,E9,06,FF,FF,FF,FF,FF,FF
112996,13444,0xCF00400,1,8,FF,FF,FF,38,37,FF,FF,FF
112996,13445,0xCFF6600,1,8,E7,06,FF,FF,FF,FF,FF,FF
113005,13446,0x18FDE500,1,8,0A,14,1E,28,32,3C,46,13
113006,13447,0x18FEEE00,1,8,6D,FF,FF,FF,FF,FF,FF,FF
113017,13448,0xCF00400,1,8,FF,FF,FF,38,37,FF,FF,FF
113018,13449,0xCFF6600,1,8,E7,06,FF,FF,FF,FF,FF,FF
113025,13450,0x1CECFF00,1,8,20,0A,00,02,FF,CA,FE,00
113035,13451,0xCF00400,1,8,FF,FF,FF,36,36,FF,FF,FF
113036,13452,0xCFF6600,1,8,C6,06,FF,FF,FF,FF,FF,FF
113046,13453,0x18F00500,1,8,FF,FF,FF,FF,20,2D,FF,FF
113047,13454,0x18FEF100,1,8,3F,00,00,FF,FF,FF,FF,FF
113068,13455,0xCF00400,1,8,FF,FF,FF,36,36,FF,FF,FF
113069,13456,0xCFF6600,1,8,C6,06,FF,FF,FF,FF,FF,FF
113070,13457,0x18FEF200,1,8,10,00,00,00,00,00,00,FF
113075,13458,0xCF00400,1,8,FF,FF,FF,0E,36,FF,FF,FF
113076,13459,0xCFF6600,1,8,C1,06,FF,FF,FF,FF,FF,FF
113076,13460,0x1CEBFF00,1,8,01,40,FF,0F,F0,E5,01,02
113095,13461,0xCF00400,1,8,FF,FF,FF,B0,36,FF,FF,FF
113096,13462,0xCFF6600,1,8,D6,06,FF,FF,FF,FF,FF,FF
113115,13463,0xCF00400,1,8,FF,FF,FF,B0,36,FF,FF,FF
113115,13464,0xCFF6600,1,8,D6,06,FF,FF,FF,FF,FF,FF
113125,13465,0x1CEBFF00,1,8,02,F0,E3,01,FF,FF,FF,FF
113135,13466,0xCF00400,1,8,FF,FF,FF,00,37,FF,FF,FF
113136,13467,0xCFF6600,1,8,E0,06,FF,FF,FF,FF,FF,FF
113146,13468,0x18FEF100,1,8,3F,00,00,FF,FF,FF,FF,FF
113147,13469,0x10FF6500,1,8,FC,FF,FF,FF,FF,FF,FF,FF
113147,13470,0x18F00500,1,8,FF,FF,FF,FF,20,2D,FF,FF
113148,13471,0x18FEF200,1,8,10,00,00,00,00,00,00,FF
113155,13472,0xCF00400,1,8,FF,FF,FF,00,37,FF,FF,FF
113156,13473,0xCFF6600,1,8,E0,06,FF,FF,FF,FF,FF,FF
113175,13474,0xCF00400,1,8,FF,FF,FF,08,37,FF,FF,FF
113176,13475,0xCFF6600,1,8,E1,06,FF,FF,FF,FF,FF,FF
113195,13476,0xCF00400,1,8,FF,FF,FF,08,37,FF,FF,FF
113216,13477,0xCF00400,1,8,FF,FF,FF,DC,36,FF,FF,FF
113216,13478,0xCFF6600,1,8,E1,06,FF,FF,FF,FF,FF,FF
113235,13479,0xCF00400,1,8,FF,FF,FF,74,36,FF,FF,FF
113236,13480,0xCFF6600,1,8,CE,06,FF,FF,FF,FF,FF,FF
113247,13481,0x18F00500,1,8,FF,FF,FF,FF,20,2D,FF,FF
113247,13482,0x18F00600,1,8,FF,FF,FF,FF,FF,FF,FF,FF
113248,13483,0x18FEF100,1,8,3F,00,00,FF,FF,FF,FF,FF
113249,13484,0x18FEF200,1,8,10,00,00,00,00,00,00,FF
113249,13485,0x1CFDDF00,1,8,FE,FF,FF,FF,FF,FF,FF,FF
113250,13486,0x1CFF6A00,1,8,FC,FF,FF,FF,FF,FF,FF,FF
113255,13487,0xCF00400,1,8,FF,FF,FF,74,36,FF,FF,FF
113255,13488,0xCFF6600,1,8,CE,06,FF,FF,FF,FF,FF,FF
113276,13489,0xCF00400,1,8,FF,FF,FF,32,36,FF,FF,FF
113277,13490,0xCFF6600,1,8,C6,06,FF,FF,FF,FF,FF,FF
113295,13491,0xCF00400,1,8,FF,FF,FF,32,36,FF,FF,FF
113296,13492,0xCFF6600,1,8,C6,06,FF,FF,FF,FF,FF,FF
113315,13493,0xCF00400,1,8,FF,FF,FF,20,36,FF,FF,FF
113315,13494,0xCFF6600,1,8,C4,06,FF,FF,FF,FF,FF,FF
113335,13495,0xCF00400,1,8,FF,FF,FF,20,36,FF,FF,FF
113336,13496,0xCFF6600,1,8,C4,06,FF,FF,FF,FF,FF,FF
113347,13497,0x10FF6500,1,8,FC,FF,FF,FF,FF,FF,FF,FF
113348,13498,0x18F00500,1,8,FF,FF,FF,FF,20,2D,FF,FF
113349,13499,0x18FEF100,1,8,3F,00,00,FF,FF,FF,FF,FF
113349,13500,0x18FEF200,1,8,10,00,00,00,00,00,00,FF
113355,13501,0xCF00400,1,8,FF,FF,FF,04,36,FF,FF,FF
113356,13502,0xCFF6600,1,8,C0,06,FF,FF,FF,FF,FF,FF
113375,13503,0xCF00400,1,8,FF,FF,FF,E6,35,FF,FF,FF
113376,13504,0xCFF6600,1,8,BC,06,FF,FF,FF,FF,FF,FF
113396,13505,0xCF00400,1,8,FF,FF,FF,E6,35,FF,FF,FF
113396,13506,0xCFF6600,1,8,BC,06,FF,FF,FF,FF,FF,FF
113415,13507,0xCF00400,1,8,FF,FF,FF,CE,35,FF,FF,FF
113416,13508,0xCFF6600,1,8,B9,06,FF,FF,FF,FF,FF,FF
113435,13509,0xCF00400,1,8,FF,FF,FF,CE,35,FF,FF,FF
113436,13510,0xCFF6600,1,8,B9,06,FF,FF,FF,FF,FF,FF
113446,13511,0x18F00500,1,8,FF,FF,FF,FF,20,2D,FF,FF
113447,13512,0x18FEF100,1,8,3F,00,00,FF,FF,FF,FF,FF
113447,13513,0x18FEF200,1,8,10,00,00,00,00,00,00,FF
113457,13514,0xCF00400,1,8,FF,FF,FF,A8,35,FF,FF,FF
113458,13515,0xCFF6600,1,8,B5,06,FF,FF,FF,FF,FF,FF
113492,13516,0xCF00400,1,8,FF,FF,FF,16,36,FF,FF,FF
113492,13517,0xCFF6600,1,8,C2,06,FF,FF,FF,FF,FF,FF
113494,13518,0x18EEFF00,1,8,08,CF,60,06,00,00,00,00
113495,13519,0xCF00400,1,8,FF,FF,FF,16,36,FF,FF,FF
113495,13520,0xCFF6600,1,8,C2,06,FF,FF,FF,FF,FF,FF
113515,13521,0xCF00400,1,8,FF,FF,FF,FA,36,FF,FF,FF
113516,13522,0xCFF6600,1,8,DF,06,FF,FF,FF,FF,FF,FF
113535,13523,0xCF00400,1,8,FF,FF,FF,FA,36,FF,FF,FF
113535,13524,0xCFF6600,1,8,DF,06,FF,FF,FF,FF,FF,FF
113546,13525,0x18F00500,1,8,FF,FF,FF,FF,20,2D,FF,FF
113546,13526,0x10FF6500,1,8,FC,FF,FF,FF,FF,FF,FF,FF
113547,13527,0x18FEF100,1,8,3F,00,00,FF,FF,FF,FF,FF
113547,13528,0x18FEF200,1,8,10,00,00,00,00,00,00,FF
113555,13529,0xCF00400,1,8,FF,FF,FF,56,37,FF,FF,FF
113556,13530,0xCFF6600,1,8,EA,06,FF,FF,FF,FF,FF,FF
113575,13531,0xCF00400,1,8,FF,FF,FF,56,37,FF,FF,FF
113575,13532,0xCFF6600,1,8,EA,06,FF,FF,FF,FF,FF,FF
113595,13533,0xCF00400,1,8,FF,FF,FF,40,37,FF,FF,FF
113596,13534,0xCFF6600,1,8,E8,06,FF,FF,FF,FF,FF,FF
113615,13535,0xCF00400,1,8,FF,FF,FF,F4,36,FF,FF,FF
113616,13536,0xCFF6600,1,8,DE,06,FF,FF,FF,FF,FF,FF
113635,13537,0xCF00400,1,8,FF,FF,FF,F4,36,FF,FF,FF
113636,13538,0xCFF6600,1,8,DE,06,FF,FF,FF,FF,FF,FF
113647,13539,0x18F00500,1,8,FF,FF,FF,FF,20,2D,FF,FF
113647,13540,0x18FEF100,1,8,3F,00,00,FF,FF,FF,FF,FF
113648,13541,0x18FEF200,1,8,10,00,00,00,00,00,00,FF
113657,13542,0xCF00400,1,8,FF,FF,FF,7E,36,FF,FF,FF
113658,13543,0xCFF6600,1,8,CF,06,FF,FF,FF,FF,FF,FF
113675,13544,0xCF00400,1,8,FF,FF,FF,7E,36,FF,FF,FF
113676,13545,0xCFF6600,1,8,CF,06,FF,FF,FF,FF,FF,FF
113695,13546,0xCF00400,1,8,FF,FF,FF,9C,36,FF,FF,FF
113695,13547,0xCFF6600,1,8,D3,06,FF,FF,FF,FF,FF,FF
113715,13548,0xCF00400,1,8,FF,FF,FF,42,37,FF,FF,FF
113716,13549,0xCFF6600,1,8,E8,06,FF,FF,FF,FF,FF,FF
113736,13550,0xCF00400,1,8,FF,FF,FF,42,37,FF,FF,FF
113737,13551,0xCFF6600,1,8,E8,06,FF,FF,FF,FF,FF,FF
113746,13552,0x10FF6500,1,8,FC,FF,FF,FF,FF,FF,FF,FF
113747,13553,0x18F00500,1,8,FF,FF,FF,FF,20,2D,FF,FF
113747,13554,0x18F00600,1,8,FF,FF,FF,FF,FF,FF,FF,FF
113748,13555,0x18FEF100,1,8,3F,00,00,FF,FF,FF,FF,FF
113749,13556,0x18FEF200,1,8,10,00,00,00,00,00,00,FF
113749,13557,0x1CFDDF00,1,8,FE,FF,FF,FF,FF,FF,FF,FF
113751,13558,0x1CFF6A00,1,8,FC,FF,FF,FF,FF,FF,FF,FF
113755,13559,0xCF00400,1,8,FF,FF,FF,A4,37,FF,FF,FF
113755,13560,0xCFF6600,1,8,F4,06,FF,FF,FF,FF,FF,FF
113775,13561,0xCF00400,1,8,FF,FF,FF,A4,37,FF,FF,FF
113776,13562,0xCFF6600,1,8,F4,06,FF,FF,FF,FF,FF,FF
113795,13563,0xCF00400,1,8,FF,FF,FF,D0,37,FF,FF,FF
113795,13564,0xCFF6600,1,8,FA,06,FF,FF,FF,FF,FF,FF
113815,13565,0xCF00400,1,8,FF,FF,FF,BA,37,FF,FF,FF
113816,13566,0xCFF6600,1,8,F7,06,FF,FF,FF,FF,FF,FF
113835,13567,0xCF00400,1,8,FF,FF,FF,BA,37,FF,FF,FF
113855,13568,0xCF00400,1,8,FF,FF,FF,76,37,FF,FF,FF
113856,13569,0xCFF6600,1,8,F7,06,FF,FF,FF,FF,FF,FF
113857,13570,0x18F00500,1,8,FF,FF,FF,FF,20,2D,FF,FF
113857,13571,0x18FEF100,1,8,3F,00,00,FF,FF,FF,FF,FF
113858,13572,0x18FEF200,1,8,10,00,00,00,00,00,00,FF
113875,13573,0xCF00400,1,8,FF,FF,FF,76,37,FF,FF,FF
113876,13574,0xCFF6600,1,8,EE,06,FF,FF,FF,FF,FF,FF
113895,13575,0xCF00400,1,8,FF,FF,FF,C6,36,FF,FF,FF
113897,13576,0xCFF6600,1,8,D8,06,FF,FF,FF,FF,FF,FF
113915,13577,0xCF00400,1,8,FF,FF,FF,C6,36,FF,FF,FF
113916,13578,0xCFF6600,1,8,D8,06,FF,FF,FF,FF,FF,FF
113935,13579,0xCF00400,1,8,FF,FF,FF,A2,35,FF,FF,FF
113936,13580,0xCFF6600,1,8,B4,06,FF,FF,FF,FF,FF,FF
113946,13581,0x10FF6500,1,8,FC,FF,FF,FF,FF,FF,FF,FF
113946,13582,0x18F00500,1,8,FF,FF,FF,FF,20,2D,FF,FF
113947,13583,0x18FEF100,1,8,3F,00,00,FF,FF,FF,FF,FF
113948,13584,0x18FEF200,1,8,10,00,00,00,00,00,00,FF
113955,13585,0xCF00400,1,8,FF,FF,FF,92,35,FF,FF,FF
113956,13586,0xCFF6600,1,8,B2,06,FF,FF,FF,FF,FF,FF
113975,13587,0xCF00400,1,8,FF,FF,FF,92,35,FF,FF,FF
113975,13588,0xCFF6600,1,8,B2,06,FF,FF,FF,FF,FF,FF
113995,13589,0xCF00400,1,8,FF,FF,FF,80,36,FF,FF,FF
113996,13590,0xCFF6600,1,8,D0,06,FF,FF,FF,FF,FF,FF
114006,13591,0x18FDE500,1,8,0A,14,1E,28,32,3C,46,13
114006,13592,0x18FEEE00,1,8,6D,FF,FF,FF,FF,FF,FF,FF
114015,13593,0xCF00400,1,8,FF,FF,FF,80,36,FF,FF,FF
114016,13594,0xCFF6600,1,8,D0,06,FF,FF,FF,FF,FF,FF
114025,13595,0x1CECFF00,1,8,20,0A,00,02,FF,CA,FE,00
114037,13596,0xCF00400,1,8,FF,FF,FF,7E,36,FF,FF,FF
114037,13597,0xCFF6600,1,8,CF,06,FF,FF,FF,FF,FF,FF
114046,13598,0x18F00500,1,8,FF,FF,FF,FF,20,2D,FF,FF
114047,13599,0x18FEF100,1,8,3F,00,00,FF,FF,FF,FF,FF
114047,13600,0x18FEF200,1,8,11,00,00,00,00,00,00,FF
114055,13601,0xCF00400,1,8,FF,FF,FF,7E,36,FF,FF,FF
114056,13602,0xCFF6600,1,8,CF,06,FF,FF,FF,FF,FF,FF
114075,13603,0xCF00400,1,8,FF,FF,FF,AC,35,FF,FF,FF
114076,13604,0xCFF6600,1,8,B5,06,FF,FF,FF,FF,FF,FF
114077,13605,0x1CEBFF00,1,8,01,40,FF,0F,F0,E5,01,02
114096,13606,0xCF00400,1,8,FF,FF,FF,02,35,FF,FF,FF
114096,13607,0xCFF6600,1,8,A0,06,FF,FF,FF,FF,FF,FF
114115,13608,0xCF00400,1,8,FF,FF,FF,02,35,FF,FF,FF
114116,13609,0xCFF6600,1,8,A0,06,FF,FF,FF,FF,FF,FF
114125,13610,0x1CEBFF00,1,8,02,F0,E3,01,FF,FF,FF,FF
114135,13611,0xCF00400,1,8,FF,FF,FF,70,34,FF,FF,FF
114136,13612,0xCFF6600,1,8,8E,06,FF,FF,FF,FF,FF,FF
114146,13613,0x10FF6500,1,8,FC,FF,FF,FF,FF,FF,FF,FF
114147,13614,0x18F00500,1,8,FF,FF,FF,FF,20,2D,FF,FF
114169,13615,0xCF00400,1,8,FF,FF,FF,70,34,FF,FF,FF
114170,13616,0xCFF6600,1,8,8E,06,FF,FF,FF,FF,FF,FF
114170,13617,0x18FEF100,1,8,3F,00,00,FF,FF,FF,FF,FF
114171,13618,0x18FEF200,1,8,11,00,00,00,00,00,00,FF
114175,13619,0xCF00400,1,8,FF,FF,FF,42,34,FF,FF,FF
114175,13620,0xCFF6600,1,8,88,06,FF,FF,FF,FF,FF,FF
114195,13621,0xCF00400,1,8,FF,FF,FF,42,34,FF,FF,FF
114212,13622,0xCFF6600,1,8,88,06,FF,FF,FF,FF,FF,FF
114214,13623,0x18EEFF00,1,8,08,CF,60,06,00,00,00,00
114215,13624,0xCF00400,1,8,FF,FF,FF,7C,34,FF,FF,FF
114215,13625,0xCFF6600,1,8,8F,06,FF,FF,FF,FF,FF,FF
114235,13626,0xCF00400,1,8,FF,FF,FF,7C,34,FF,FF,FF
114235,13627,0xCFF6600,1,8,8F,06,FF,FF,FF,FF,FF,FF
114246,13628,0x18FEF100,1,8,3F,00,00,FF,FF,FF,FF,FF
114246,13629,0x18F00500,1,8,FF,FF,FF,FF,20,2D,FF,FF
114247,13630,0x18F00600,1,8,FF,FF,FF,FF,FF,FF,FF,FF
114248,13631,0x18FEF200,1,8,11,00,00,00,00,00,00,FF
114248,13632,0x1CFDDF00,1,8,FE,FF,FF,FF,FF,FF,FF,FF
114249,13633,0x1CFF6A00,1,8,FC,FF,FF,FF,FF,FF,FF,FF
114255,13634,0xCF00400,1,8,FF,FF,FF,BC,34,FF,FF,FF
114255,13635,0xCFF6600,1,8,97,06,FF,FF,FF,FF,FF,FF
114275,13636,0xCF00400,1,8,FF,FF,FF,FE,34,FF,FF,FF
114275,13637,0xCFF6600,1,8,9F,06,FF,FF,FF,FF,FF,FF
114295,13638,0xCF00400,1,8,FF,FF,FF,FE,34,FF,FF,FF
114295,13639,0xCFF6600,1,8,9F,06,FF,FF,FF,FF,FF,FF
114315,13640,0xCF00400,1,8,FF,FF,FF,5C,35,FF,FF,FF
114315,13641,0xCFF6600,1,8,AB,06,FF,FF,FF,FF,FF,FF
114335,13642,0xCF00400,1,8,FF,FF,FF,5C,35,FF,FF,FF
114335,13643,0xCFF6600,1,8,AB,06,FF,FF,FF,FF,FF,FF
114346,13644,0x18FEF100,1,8,3F,00,00,FF,FF,FF,FF,FF
114346,13645,0x10FF6500,1,8,FC,FF,FF,FF,FF,FF,FF,FF
114347,13646,0x18F00500,1,8,FF,FF,FF,FF,20,2D,FF,FF
114348,13647,0x18FEF200,1,8,11,00,00,00,00,00,00,FF
114355,13648,0xCF00400,1,8,FF,FF,FF,DE,35,FF,FF,FF
114356,13649,0xCFF6600,1,8,BB,06,FF,FF,FF,FF,FF,FF
114375,13650,0xCF00400,1,8,FF,FF,FF,DE,35,FF,FF,FF
114396,13651,0xCF00400,1,8,FF,FF,FF,A2,35,FF,FF,FF
114397,13652,0xCFF6600,1,8,BB,06,FF,FF,FF,FF,FF,FF
114415,13653,0xCF00400,1,8,FF,FF,FF,B2,34,FF,FF,FF
114416,13654,0xCFF6600,1,8,96,06,FF,FF,FF,FF,FF,FF
114435,13655,0xCF00400,1,8,FF,FF,FF,B2,34,FF,FF,FF
114436,13656,0xCFF6600,1,8,96,06,FF,FF,FF,FF,FF,FF
114446,13657,0x18F00500,1,8,FF,FF,FF,FF,20,2D,FF,FF
114447,13658,0x18FEF100,1,8,3F,00,00,FF,FF,FF,FF,FF
114448,13659,0x18FEF200,1,8,11,00,00,00,00,00,00,FF
114455,13660,0xCF00400,1,8,FF,FF,FF,A8,34,FF,FF,FF
114456,13661,0xCFF6600,1,8,95,06,FF,FF,FF,FF,FF,FF
114475,13662,0xCF00400,1,8,FF,FF,FF,A8,34,FF,FF,FF
114476,13663,0xCFF6600,1,8,95,06,FF,FF,FF,FF,FF,FF
114496,13664,0xCF00400,1,8,FF,FF,FF,72,35,FF,FF,FF
114496,13665,0xCFF6600,1,8,AE,06,FF,FF,FF,FF,FF,FF
114515,13666,0xCF00400,1,8,FF,FF,FF,72,35,FF,FF,FF
114516,13667,0xCFF6600,1,8,AE,06,FF,FF,FF,FF,FF,FF
114535,13668,0xCF00400,1,8,FF,FF,FF,56,35,FF,FF,FF
114557,13669,0xCF00400,1,8,FF,FF,FF,66,34,FF,FF,FF
114558,13670,0xCFF6600,1,8,AA,06,FF,FF,FF,FF,FF,FF
114559,13671,0x10FF6500,1,8,FC,FF,FF,FF,FF,FF,FF,FF
114559,13672,0x18F00500,1,8,FF,FF,FF,FF,20,2D,FF,FF
114560,13673,0x18FEF100,1,8,3F,00,00,FF,FF,FF,FF,FF
114560,13674,0x18FEF200,1,8,11,00,00,00,00,00,00,FF
114575,13675,0xCF00400,1,8,FF,FF,FF,66,34,FF,FF,FF
114575,13676,0xCFF6600,1,8,8C,06,FF,FF,FF,FF,FF,FF
114595,13677,0xCF00400,1,8,FF,FF,FF,2E,34,FF,FF,FF
114595,13678,0xCFF6600,1,8,85,06,FF,FF,FF,FF,FF,FF
114615,13679,0xCF00400,1,8,FF,FF,FF,2E,34,FF,FF,FF
114616,13680,0xCFF6600,1,8,85,06,FF,FF,FF,FF,FF,FF
114635,13681,0xCF00400,1,8,FF,FF,FF,9E,34,FF,FF,FF
114636,13682,0xCFF6600,1,8,93,06,FF,FF,FF,FF,FF,FF
114646,13683,0x18FEF100,1,8,3F,00,00,FF,FF,FF,FF,FF
114647,13684,0x18F00500,1,8,FF,FF,FF,FF,20,2D,FF,FF
114648,13685,0x18FEF200,1,8,11,00,00,00,00,00,00,FF
114657,13686,0xCF00400,1,8,FF,FF,FF,9E,34,FF,FF,FF
114657,13687,0xCFF6600,1,8,93,06,FF,FF,FF,FF,FF,FF
114676,13688,0xCF00400,1,8,FF,FF,FF,2A,35,FF,FF,FF
114677,13689,0xCFF6600,1,8,A5,06,FF,FF,FF,FF,FF,FF
114695,13690,0xCF00400,1,8,FF,FF,FF,D6,35,FF,FF,FF
114696,13691,0xCFF6600,1,8,BA,06,FF,FF,FF,FF,FF,FF
114731,13692,0xCF00400,1,8,FF,FF,FF,D6,35,FF,FF,FF
114731,13693,0xCFF6600,1,8,BA,06,FF,FF,FF,FF,FF,FF
114734,13694,0x18EEFF00,1,8,08,CF,60,06,00,00,00,00
114735,13695,0xCF00400,1,8,FF,FF,FF,D6,35,FF,FF,FF
114735,13696,0xCFF6600,1,8,BA,06,FF,FF,FF,FF,FF,FF
114746,13697,0x18F00500,1,8,FF,FF,FF,FF,20,2D,FF,FF
114746,13698,0x10FF6500,1,8,FC,FF,FF,FF,FF,FF,FF,FF
114747,13699,0x18F00600,1,8,FF,FF,FF,FF,FF,FF,FF,FF
114748,13700,0x18FEF100,1,8,3F,00,00,FF,FF,FF,FF,FF
114748,13701,0x18FEF200,1,8,11,00,00,00,00,00,00,FF
114749,13702,0x1CFDDF00,1,8,FE,FF,FF,FF,FF,FF,FF,FF
114750,13703,0x1CFF6A00,1,8,FC,FF,FF,FF,FF,FF,FF,FF
114755,13704,0xCF00400,1,8,FF,FF,FF,D6,35,FF,FF,FF
114755,13705,0xCFF6600,1,8,BA,06,FF,FF,FF,FF,FF,FF
114775,13706,0xCF00400,1,8,FF,FF,FF,32,35,FF,FF,FF
114775,13707,0xCFF6600,1,8,A6,06,FF,FF,FF,FF,FF,FF
114795,13708,0xCF00400,1,8,FF,FF,FF,32,35,FF,FF,FF
114816,13709,0xCF00400,1,8,FF,FF,FF,A2,34,FF,FF,FF
114816,13710,0xCFF6600,1,8,A6,06,FF,FF,FF,FF,FF,FF
114835,13711,0xCF00400,1,8,FF,FF,FF,A2,34,FF,FF,FF
114836,13712,0xCFF6600,1,8,94,06,FF,FF,FF,FF,FF,FF
114846,13713,0x18FEF100,1,8,3F,00,00,FF,FF,FF,FF,FF
114846,13714,0x18F00500,1,8,FF,FF,FF,FF,20,2D,FF,FF
114847,13715,0x18FEF200,1,8,11,00,00,00,00,00,00,FF
114855,13716,0xCF00400,1,8,FF,FF,FF,28,34,FF,FF,FF
114856,13717,0xCFF6600,1,8,85,06,FF,FF,FF,FF,FF,FF
114875,13718,0xCF00400,1,8,FF,FF,FF,38,34,FF,FF,FF
114876,13719,0xCFF6600,1,8,87,06,FF,FF,FF,FF,FF,FF
114895,13720,0xCF00400,1,8,FF,FF,FF,38,34,FF,FF,FF
114896,13721,0xCFF6600,1,8,87,06,FF,FF,FF,FF,FF,FF
114915,13722,0xCF00400,1,8,FF,FF,FF,C2,34,FF,FF,FF
114918,13723,0xCFF6600,1,8,98,06,FF,FF,FF,FF,FF,FF
114935,13724,0xCF00400,1,8,FF,FF,FF,C2,34,FF,FF,FF
114935,13725,0xCFF6600,1,8,98,06,FF,FF,FF,FF,FF,FF
114946,13726,0x18FEF100,1,8,3F,00,00,FF,FF,FF,FF,FF
114946,13727,0x10FF6500,1,8,FC,FF,FF,FF,FF,FF,FF,FF
114947,13728,0x18F00500,1,8,FF,FF,FF,FF,20,2D,FF,FF
114948,13729,0x18FEF200,1,8,11,00,00,00,00,00,00,FF
114955,13730,0xCF00400,1,8,FF,FF,FF,70,34,FF,FF,FF
114975,13731,0xCF00400,1,8,FF,FF,FF,70,34,FF,FF,FF
114976,13732,0xCFF6600,1,8,8E,06,FF,FF,FF,FF,FF,FF
114995,13733,0xCF00400,1,8,FF,FF,FF,56,33,FF,FF,FF
114996,13734,0xCFF6600,1,8,6A,06,FF,FF,FF,FF,FF,FF
115005,13735,0x18FEEE00,1,8,6D,FF,FF,FF,FF,FF,FF,FF
115005,13736,0x18FDE500,1,8,0A,14,1E,28,32,3C,46,13
115015,13737,0xCF00400,1,8,FF,FF,FF,56,33,FF,FF,FF
115016,13738,0xCFF6600,1,8,6A,06,FF,FF,FF,FF,FF,FF
115025,13739,0x1CECFF00,1,8,20,0A,00,02,FF,CA,FE,00
115035,13740,0xCF00400,1,8,FF,FF,FF,5E,33,FF,FF,FF
115036,13741,0xCFF6600,1,8,6B,06,FF,FF,FF,FF,FF,FF
115046,13742,0x18FEF100,1,8,3F,00,00,FF,FF,FF,FF,FF
115046,13743,0x18F00500,1,8,FF,FF,FF,FF,20,2D,FF,FF
115047,13744,0x18FEF200,1,8,10,00,00,00,00,00,00,FF
115055,13745,0xCF00400,1,8,FF,FF,FF,5C,34,FF,FF,FF
115056,13746,0xCFF6600,1,8,8B,06,FF,FF,FF,FF,FF,FF
115075,13747,0xCF00400,1,8,FF,FF,FF,5C,34,FF,FF,FF
115076,13748,0xCFF6600,1,8,8B,06,FF,FF,FF,FF,FF,FF
115076,13749,0x1CEBFF00,1,8,01,40,FF,0F,F0,E5,01,02
115095,13750,0xCF00400,1,8,FF,FF,FF,E6,34,FF,FF,FF
115095,13751,0xCFF6600,1,8,9C,06,FF,FF,FF,FF,FF,FF
115115,13752,0xCF00400,1,8,FF,FF,FF,E6,34,FF,FF,FF
115116,13753,0xCFF6600,1,8,9C,06,FF,FF,FF,FF,FF,FF
115125,13754,0x1CEBFF00,1,8,02,F0,E3,01,FF,FF,FF,FF
115135,13755,0xCF00400,1,8,FF,FF,FF,12,35,FF,FF,FF
115135,13756,0xCFF6600,1,8,A2,06,FF,FF,FF,FF,FF,FF
115148,13757,0x10FF6500,1,8,FC,FF,FF,FF,FF,FF,FF,FF
115148,13758,0x18F00500,1,8,FF,FF,FF,FF,20,2D,FF,FF
115149,13759,0x18FEF100,1,8,3F,00,00,FF,FF,FF,FF,FF
115149,13760,0x18FEF200,1,8,10,00,00,00,00,00,00,FF
115155,13761,0xCF00400,1,8,FF,FF,FF,12,35,FF,FF,FF
115155,13762,0xCFF6600,1,8,A2,06,FF,FF,FF,FF,FF,FF
115175,13763,0xCF00400,1,8,FF,FF,FF,58,35,FF,FF,FF
115176,13764,0xCFF6600,1,8,AB,06,FF,FF,FF,FF,FF,FF
115195,13765,0xCF00400,1,8,FF,FF,FF,B8,35,FF,FF,FF
115196,13766,0xCFF6600,1,8,B7,06,FF,FF,FF,FF,FF,FF
115215,13767,0xCF00400,1,8,FF,FF,FF,B8,35,FF,FF,FF
115216,13768,0xCFF6600,1,8,B7,06,FF,FF,FF,FF,FF,FF
115235,13769,0xCF00400,1,8,FF,FF,FF,94,35,FF,FF,FF
115257,13770,0xCF00400,1,8,FF,FF,FF,94,35,FF,FF,FF
115257,13771,0xCFF6600,1,8,B2,06,FF,FF,FF,FF,FF,FF
115258,13772,0x18F00500,1,8,FF,FF,FF,FF,20,2D,FF,FF
115259,13773,0x18F00600,1,8,FF,FF,FF,FF,FF,FF,FF,FF
115259,13774,0x18FEF100,1,8,3F,00,00,FF,FF,FF,FF,FF
115260,13775,0x18FEF200,1,8,10,00,00,00,00,00,00,FF
115260,13776,0x1CFDDF00,1,8,FE,FF,FF,FF,FF,FF,FF,FF
115261,13777,0x1CFF6A00,1,8,FC,FF,FF,FF,FF,FF,FF,FF
115276,13778,0xCF00400,1,8,FF,FF,FF,F2,34,FF,FF,FF
115277,13779,0xCFF6600,1,8,9E,06,FF,FF,FF,FF,FF,FF
115295,13780,0xCF00400,1,8,FF,FF,FF,F2,34,FF,FF,FF
115296,13781,0xCFF6600,1,8,9E,06,FF,FF,FF,FF,FF,FF
115315,13782,0xCF00400,1,8,FF,FF,FF,EE,34,FF,FF,FF
115333,13783,0xCFF6600,1,8,9D,06,FF,FF,FF,FF,FF,FF
115334,13784,0x18EEFF00,1,8,08,CF,60,06,00,00,00,00
115335,13785,0xCF00400,1,8,FF,FF,FF,70,35,FF,FF,FF
115336,13786,0xCFF6600,1,8,AE,06,FF,FF,FF,FF,FF,FF
115346,13787,0x18FEF100,1,8,3F,00,00,FF,FF,FF,FF,FF
115346,13788,0x10FF6500,1,8,FC,FF,FF,FF,FF,FF,FF,FF
115347,13789,0x18F00500,1,8,FF,FF,FF,FF,20,2D,FF,FF
115347,13790,0x18FEF200,1,8,10,00,00,00,00,00,00,FF
115355,13791,0xCF00400,1,8,FF,FF,FF,70,35,FF,FF,FF
115355,13792,0xCFF6600,1,8,AE,06,FF,FF,FF,FF,FF,FF
115375,13793,0xCF00400,1,8,FF,FF,FF,D8,35,FF,FF,FF
115375,13794,0xCFF6600,1,8,BB,06,FF,FF,FF,FF,FF,FF
115395,13795,0xCF00400,1,8,FF,FF,FF,D8,35,FF,FF,FF
115395,13796,0xCFF6600,1,8,BB,06,FF,FF,FF,FF,FF,FF
115415,13797,0xCF00400,1,8,FF,FF,FF,2C,36,FF,FF,FF
115416,13798,0xCFF6600,1,8,C5,06,FF,FF,FF,FF,FF,FF
115435,13799,0xCF00400,1,8,FF,FF,FF,2C,36,FF,FF,FF
115435,13800,0xCFF6600,1,8,C5,06,FF,FF,FF,FF,FF,FF
115446,13801,0x18FEF100,1,8,3F,00,00,FF,FF,FF,FF,FF
115447,13802,0x18F00500,1,8,FF,FF,FF,FF,20,2D,FF,FF
115448,13803,0x18FEF200,1,8,10,00,00,00,00,00,00,FF
115455,13804,0xCF00400,1,8,FF,FF,FF,7E,36,FF,FF,FF
115456,13805,0xCFF6600,1,8,CF,06,FF,FF,FF,FF,FF,FF
115475,13806,0xCF00400,1,8,FF,FF,FF,CE,36,FF,FF,FF
115476,13807,0xCFF6600,1,8,D9,06,FF,FF,FF,FF,FF,FF
115495,13808,0xCF00400,1,8,FF,FF,FF,CE,36,FF,FF,FF
115495,13809,0xCFF6600,1,8,D9,06,FF,FF,FF,FF,FF,FF
115515,13810,0xCF00400,1,8,FF,FF,FF,CE,36,FF,FF,FF
115535,13811,0xCF00400,1,8,FF,FF,FF,CE,36,FF,FF,FF
115536,13812,0xCFF6600,1,8,D9,06,FF,FF,FF,FF,FF,FF
115546,13813,0x18FEF100,1,8,3F,00,00,FF,FF,FF,FF,FF
115546,13814,0x10FF6500,1,8,FC,FF,FF,FF,FF,FF,FF,FF
115547,13815,0x18F00500,1,8,FF,FF,FF,FF,20,2D,FF,FF
115548,13816,0x18FEF200,1,8,10,00,00,00,00,00,00,FF
115555,13817,0xCF00400,1,8,FF,FF,FF,8E,36,FF,FF,FF
115557,13818,0xCFF6600,1,8,D1,06,FF,FF,FF,FF,FF,FF
115575,13819,0xCF00400,1,8,FF,FF,FF,A0,36,FF,FF,FF
115576,13820,0xCFF6600,1,8,D4,06,FF,FF,FF,FF,FF,FF
115595,13821,0xCF00400,1,8,FF,FF,FF,A0,36,FF,FF,FF
115596,13822,0xCFF6600,1,8,D4,06,FF,FF,FF,FF,FF,FF
115615,13823,0xCF00400,1,8,FF,FF,FF,EE,36,FF,FF,FF
115616,13824,0xCFF6600,1,8,DD,06,FF,FF,FF,FF,FF,FF
115635,13825,0xCF00400,1,8,FF,FF,FF,EE,36,FF,FF,FF
115635,13826,0xCFF6600,1,8,DD,06,FF,FF,FF,FF,FF,FF
115646,13827,0x18F00500,1,8,FF,FF,FF,FF,20,2D,FF,FF
115647,13828,0x18FEF100,1,8,3F,00,00,FF,FF,FF,FF,FF
115647,13829,0x18FEF200,1,8,10,00,00,00,00,00,00,FF
115655,13830,0xCF00400,1,8,FF,FF,FF,DA,36,FF,FF,FF
115676,13831,0xCF00400,1,8,FF,FF,FF,DA,36,FF,FF,FF
115676,13832,0xCFF6600,1,8,DB,06,FF,FF,FF,FF,FF,FF
115695,13833,0xCF00400,1,8,FF,FF,FF,76,36,FF,FF,FF
115696,13834,0xCFF6600,1,8,CE,06,FF,FF,FF,FF,FF,FF
115715,13835,0xCF00400,1,8,FF,FF,FF,6E,36,FF,FF,FF
115716,13836,0xCFF6600,1,8,CD,06,FF,FF,FF,FF,FF,FF
115737,13837,0xCF00400,1,8,FF,FF,FF,6E,36,FF,FF,FF
115738,13838,0xCFF6600,1,8,CD,06,FF,FF,FF,FF,FF,FF
115746,13839,0x18FEF100,1,8,3F,00,00,FF,FF,FF,FF,FF
115747,13840,0x10FF6500,1,8,FC,FF,FF,FF,FF,FF,FF,FF
115747,13841,0x18F00500,1,8,FF,FF,FF,FF,20,2D,FF,FF
115748,13842,0x18F00600,1,8,FF,FF,FF,FF,FF,FF,FF,FF
115749,13843,0x18FEF200,1,8,10,00,00,00,00,00,00,FF
115749,13844,0x1CFDDF00,1,8,FE,FF,FF,FF,FF,FF,FF,FF
115750,13845,0x1CFF6A00,1,8,FC,FF,FF,FF,FF,FF,FF,FF
115755,13846,0xCF00400,1,8,FF,FF,FF,B6,36,FF,FF,FF
115756,13847,0xCFF6600,1,8,D6,06,FF,FF,FF,FF,FF,FF
115775,13848,0xCF00400,1,8,FF,FF,FF,B6,36,FF,FF,FF
115776,13849,0xCFF6600,1,8,D6,06,FF,FF,FF,FF,FF,FF
115795,13850,0xCF00400,1,8,FF,FF,FF,BC,36,FF,FF,FF
115814,13851,0xCFF6600,1,8,D7,06,FF,FF,FF,FF,FF,FF
115815,13852,0x18EEFF00,1,8,08,CF,60,06,00,00,00,00
115815,13853,0xCF00400,1,8,FF,FF,FF,86,36,FF,FF,FF
115816,13854,0xCFF6600,1,8,D0,06,FF,FF,FF,FF,FF,FF
115835,13855,0xCF00400,1,8,FF,FF,FF,86,36,FF,FF,FF
115835,13856,0xCFF6600,1,8,D0,06,FF,FF,FF,FF,FF,FF
115846,13857,0x18FEF100,1,8,3F,00,00,FF,FF,FF,FF,FF
115846,13858,0x18F00500,1,8,FF,FF,FF,FF,20,2D,FF,FF
115847,13859,0x18FEF200,1,8,10,00,00,00,00,00,00,FF
115855,13860,0xCF00400,1,8,FF,FF,FF,36,36,FF,FF,FF
115856,13861,0xCFF6600,1,8,C6,06,FF,FF,FF,FF,FF,FF
115875,13862,0xCF00400,1,8,FF,FF,FF,36,36,FF,FF,FF
115876,13863,0xCFF6600,1,8,C6,06,FF,FF,FF,FF,FF,FF
115895,13864,0xCF00400,1,8,FF,FF,FF,C6,35,FF,FF,FF
115896,13865,0xCFF6600,1,8,B8,06,FF,FF,FF,FF,FF,FF
115915,13866,0xCF00400,1,8,FF,FF,FF,C6,35,FF,FF,FF
115916,13867,0xCFF6600,1,8,B8,06,FF,FF,FF,FF,FF,FF
115940,13868,0xCF00400,1,8,FF,FF,FF,D8,35,FF,FF,FF
115941,13869,0xCFF6600,1,8,BB,06,FF,FF,FF,FF,FF,FF
115946,13870,0x10FF6500,1,8,FC,FF,FF,FF,FF,FF,FF,FF
115946,13871,0x18F00500,1,8,FF,FF,FF,FF,20,2D,FF,FF
115947,13872,0x18FEF100,1,8,3F,00,00,FF,FF,FF,FF,FF
115948,13873,0x18FEF200,1,8,10,00,00,00,00,00,00,FF
115956,13874,0xCF00400,1,8,FF,FF,FF,68,36,FF,FF,FF
115976,13875,0xCF00400,1,8,FF,FF,FF,68,36,FF,FF,FF
115977,13876,0xCFF6600,1,8,CD,06,FF,FF,FF,FF,FF,FF
115995,13877,0xCF00400,1,8,FF,FF,FF,C8,36,FF,FF,FF
115996,13878,0xCFF6600,1,8,D9,06,FF,FF,FF,FF,FF,FF
116005,13879,0x18FDE500,1,8,0A,14,1E,28,32,3C,46,13
116006,13880,0x18FEEE00,1,8,6D,FF,FF,FF,FF,FF,FF,FF
116015,13881,0xCF00400,1,8,FF,FF,FF,C8,36,FF,FF,FF
116016,13882,0xCFF6600,1,8,D9,06,FF,FF,FF,FF,FF,FF
116024,13883,0x1CECFF00,1,8,20,0A,00,02,FF,CA,FE,00
116035,13884,0xCF00400,1,8,FF,FF,FF,FA,36,FF,FF,FF
116036,13885,0xCFF6600,1,8,DF,06,FF,FF,FF,FF,FF,FF
116047,13886,0x18F00500,1,8,FF,FF,FF,FF,20,2D,FF,FF
116048,13887,0x18FEF100,1,8,3F,00,00,FF,FF,FF,FF,FF
116048,13888,0x18FEF200,1,8,10,00,00,00,00,00,00,FF
116055,13889,0xCF00400,1,8,FF,FF,FF,FA,36,FF,FF,FF
116056,13890,0xCFF6600,1,8,DF,06,FF,FF,FF,FF,FF,FF
116075,13891,0xCF00400,1,8,FF,FF,FF,0A,37,FF,FF,FF
116076,13892,0xCFF6600,1,8,E1,06,FF,FF,FF,FF,FF,FF
116076,13893,0x1CEBFF00,1,8,01,40,FF,0F,F0,E5,01,02
116096,13894,0xCF00400,1,8,FF,FF,FF,FC,36,FF,FF,FF
116096,13895,0xCFF6600,1,8,DF,06,FF,FF,FF,FF,FF,FF
116115,13896,0xCF00400,1,8,FF,FF,FF,FC,36,FF,FF,FF
116116,13897,0xCFF6600,1,8,DF,06,FF,FF,FF,FF,FF,FF
116125,13898,0x1CEBFF00,1,8,02,F0,E3,01,FF,FF,FF,FF
116135,13899,0xCF00400,1,8,FF,FF,FF,E8,36,FF,FF,FF
116136,13900,0xCFF6600,1,8,DD,06,FF,FF,FF,FF,FF,FF
116146,13901,0x10FF6500,1,8,FC,FF,FF,FF,FF,FF,FF,FF
116147,13902,0x18F00500,1,8,FF,FF,FF,FF,20,2D,FF,FF
116173,13903,0x18EEFF00,1,8,08,CF,60,06,00,00,00,00
116174,13904,0x18FEF100,1,8,3F,00,00,FF,FF,FF,FF,FF
116174,13905,0x18FEF200,1,8,10,00,00,00,00,00,00,FF
116175,13906,0xCF00400,1,8,FF,FF,FF,D0,36,FF,FF,FF
116175,13907,0xCFF6600,1,8,DA,06,FF,FF,FF,FF,FF,FF
116195,13908,0xCF00400,1,8,FF,FF,FF,A2,36,FF,FF,FF
116195,13909,0xCFF6600,1,8,D4,06,FF,FF,FF,FF,FF,FF
116215,13910,0xCF00400,1,8,FF,FF,FF,A2,36,FF,FF,FF
116216,13911,0xCFF6600,1,8,D4,06,FF,FF,FF,FF,FF,FF
116237,13912,0xCF00400,1,8,FF,FF,FF,62,36,FF,FF,FF
116260,13913,0xCF00400,1,8,FF,FF,FF,62,36,FF,FF,FF
116261,13914,0xCFF6600,1,8,CC,06,FF,FF,FF,FF,FF,FF
116261,13915,0x18F00500,1,8,FF,FF,FF,FF,20,2D,FF,FF
116262,13916,0x18F00600,1,8,FF,FF,FF,FF,FF,FF,FF,FF
116263,13917,0x18FEF100,1,8,3F,00,00,FF,FF,FF,FF,FF
116263,13918,0x18FEF200,1,8,10,00,00,00,00,00,00,FF
116264,13919,0x1CFDDF00,1,8,FE,FF,FF,FF,FF,FF,FF,FF
116265,13920,0x1CFF6A00,1,8,FC,FF,FF,FF,FF,FF,FF,FF
116275,13921,0xCF00400,1,8,FF,FF,FF,D8,35,FF,FF,FF
116276,13922,0xCFF6600,1,8,BB,06,FF,FF,FF,FF,FF,FF
116295,13923,0xCF00400,1,8,FF,FF,FF,D8,35,FF,FF,FF
116296,13924,0xCFF6600,1,8,BB,06,FF,FF,FF,FF,FF,FF
116315,13925,0xCF00400,1,8,FF,FF,FF,08,35,FF,FF,FF
116316,13926,0xCFF6600,1,8,A1,06,FF,FF,FF,FF,FF,FF
116335,13927,0xCF00400,1,8,FF,FF,FF,66,34,FF,FF,FF
116336,13928,0xCFF6600,1,8,8C,06,FF,FF,FF,FF,FF,FF
116346,13929,0x10FF6500,1,8,FC,FF,FF,FF,FF,FF,FF,FF
116347,13930,0x18F00500,1,8,FF,FF,FF,FF,20,2D,FF,FF
116347,13931,0x18FEF100,1,8,3F,00,00,FF,FF,FF,FF,FF
116348,13932,0x18FEF200,1,8,10,00,00,00,00,00,00,FF
116355,13933,0xCF00400,1,8,FF,FF,FF,66,34,FF,FF,FF
116356,13934,0xCFF6600,1,8,8C,06,FF,FF,FF,FF,FF,FF
116375,13935,0xCF00400,1,8,FF,FF,FF,E2,33,FF,FF,FF
116376,13936,0xCFF6600,1,8,7C,06,FF,FF,FF,FF,FF,FF
116395,13937,0xCF00400,1,8,FF,FF,FF,E2,33,FF,FF,FF
116396,13938,0xCFF6600,1,8,7C,06,FF,FF,FF,FF,FF,FF
116416,13939,0xCF00400,1,8,FF,FF,FF,1C,34,FF,FF,FF
116417,13940,0xCFF6600,1,8,83,06,FF,FF,FF,FF,FF,FF
116435,13941,0xCF00400,1,8,FF,FF,FF,1C,34,FF,FF,FF
116435,13942,0xCFF6600,1,8,83,06,FF,FF,FF,FF,FF,FF
116446,13943,0x18FEF100,1,8,3F,00,00,FF,FF,FF,FF,FF
116447,13944,0x18F00500,1,8,FF,FF,FF,FF,20,2D,FF,FF
116448,13945,0x18FEF200,1,8,10,00,00,00,00,00,00,FF
116455,13946,0xCF00400,1,8,FF,FF,FF,F8,34,FF,FF,FF
116492,13947,0xCF00400,1,8,FF,FF,FF,F8,34,FF,FF,FF
116492,13948,0xCFF6600,1,8,9F,06,FF,FF,FF,FF,FF,FF
116494,13949,0x18EEFF00,1,8,08,CF,60,06,00,00,00,00
116495,13950,0xCF00400,1,8,FF,FF,FF,C8,34,FF,FF,FF
116496,13951,0xCFF6600,1,8,99,06,FF,FF,FF,FF,FF,FF
116515,13952,0xCF00400,1,8,FF,FF,FF,AE,33,FF,FF,FF
116515,13953,0xCFF6600,1,8,75,06,FF,FF,FF,FF,FF,FF
116535,13954,0xCF00400,1,8,FF,FF,FF,AE,33,FF,FF,FF
116535,13955,0xCFF6600,1,8,75,06,FF,FF,FF,FF,FF,FF
116546,13956,0x18F00500,1,8,FF,FF,FF,FF,20,2D,FF,FF
116546,13957,0x10FF6500,1,8,FC,FF,FF,FF,FF,FF,FF,FF
116547,13958,0x18FEF100,1,8,3F,00,00,FF,FF,FF,FF,FF
116548,13959,0x18FEF200,1,8,10,00,00,00,00,00,00,FF
116555,13960,0xCF00400,1,8,FF,FF,FF,B2,33,FF,FF,FF
116555,13961,0xCFF6600,1,8,76,06,FF,FF,FF,FF,FF,FF
116575,13962,0xCF00400,1,8,FF,FF,FF,B2,33,FF,FF,FF
116575,13963,0xCFF6600,1,8,76,06,FF,FF,FF,FF,FF,FF
116595,13964,0xCF00400,1,8,FF,FF,FF,C0,34,FF,FF,FF
116595,13965,0xCFF6600,1,8,98,06,FF,FF,FF,FF,FF,FF
116615,13966,0xCF00400,1,8,FF,FF,FF,C0,34,FF,FF,FF
116615,13967,0xCFF6600,1,8,98,06,FF,FF,FF,FF,FF,FF
116635,13968,0xCF00400,1,8,FF,FF,FF,2E,35,FF,FF,FF
116635,13969,0xCFF6600,1,8,A5,06,FF,FF,FF,FF,FF,FF
116646,13970,0x18FEF100,1,8,3F,00,00,FF,FF,FF,FF,FF
116646,13971,0x18F00500,1,8,FF,FF,FF,FF,20,2D,FF,FF
116647,13972,0x18FEF200,1,8,10,00,00,00,00,00,00,FF
116655,13973,0xCF00400,1,8,FF,FF,FF,16,35,FF,FF,FF
116656,13974,0xCFF6600,1,8,A2,06,FF,FF,FF,FF,FF,FF
116675,13975,0xCF00400,1,8,FF,FF,FF,16,35,FF,FF,FF
116675,13976,0xCFF6600,1,8,A2,06,FF,FF,FF,FF,FF,FF
116695,13977,0xCF00400,1,8,FF,FF,FF,46,35,FF,FF,FF
116696,13978,0xCFF6600,1,8,A8,06,FF,FF,FF,FF,FF,FF
116715,13979,0xCF00400,1,8,FF,FF,FF,46,35,FF,FF,FF
116716,13980,0xCFF6600,1,8,A8,06,FF,FF,FF,FF,FF,FF
116735,13981,0xCF00400,1,8,FF,FF,FF,A8,35,FF,FF,FF
116736,13982,0xCFF6600,1,8,B5,06,FF,FF,FF,FF,FF,FF
116748,13983,0x10FF6500,1,8,FC,FF,FF,FF,FF,FF,FF,FF
116748,13984,0x18F00500,1,8,FF,FF,FF,FF,20,2D,FF,FF
116749,13985,0x18F00600,1,8,FF,FF,FF,FF,FF,FF,FF,FF
116750,13986,0x18FEF100,1,8,3F,00,00,FF,FF,FF,FF,FF
116750,13987,0x18FEF200,1,8,10,00,00,00,00,00,00,FF
116751,13988,0x1CFDDF00,1,8,FE,FF,FF,FF,FF,FF,FF,FF
116752,13989,0x1CFF6A00,1,8,FC,FF,FF,FF,FF,FF,FF,FF
116755,13990,0xCF00400,1,8,FF,FF,FF,A8,35,FF,FF,FF
116756,13991,0xCFF6600,1,8,B5,06,FF,FF,FF,FF,FF,FF
116775,13992,0xCF00400,1,8,FF,FF,FF,78,35,FF,FF,FF
116796,13993,0xCF00400,1,8,FF,FF,FF,78,35,FF,FF,FF
116796,13994,0xCFF6600,1,8,AF,06,FF,FF,FF,FF,FF,FF
116815,13995,0xCF00400,1,8,FF,FF,FF,C0,34,FF,FF,FF
116816,13996,0xCFF6600,1,8,98,06,FF,FF,FF,FF,FF,FF
116835,13997,0xCF00400,1,8,FF,FF,FF,68,34,FF,FF,FF
116835,13998,0xCFF6600,1,8,8D,06,FF,FF,FF,FF,FF,FF
116846,13999,0x18FEF100,1,8,3F,00,00,FF,FF,FF,FF,FF
116846,14000,0x18F00500,1,8,FF,FF,FF,FF,20,2D,FF,FF
116847,14001,0x18FEF200,1,8,10,00,00,00,00,00,00,FF
116855,14002,0xCF00400,1,8,FF,FF,FF,68,34,FF,FF,FF
116856,14003,0xCFF6600,1,8,8D,06,FF,FF,FF,FF,FF,FF
116875,14004,0xCF00400,1,8,FF,FF,FF,64,34,FF,FF,FF
116876,14005,0xCFF6600,1,8,8C,06,FF,FF,FF,FF,FF,FF
116895,14006,0xCF00400,1,8,FF,FF,FF,64,34,FF,FF,FF
116896,14007,0xCFF6600,1,8,8C,06,FF,FF,FF,FF,FF,FF
116916,14008,0xCF00400,1,8,FF,FF,FF,78,34,FF,FF,FF
116916,14009,0xCFF6600,1,8,8F,06,FF,FF,FF,FF,FF,FF
116935,14010,0xCF00400,1,8,FF,FF,FF,78,34,FF,FF,FF
116936,14011,0xCFF6600,1,8,8F,06,FF,FF,FF,FF,FF,FF
116946,14012,0x10FF6500,1,8,FC,FF,FF,FF,FF,FF,FF,FF
116947,14013,0x18F00500,1,8,FF,FF,FF,FF,20,2D,FF,FF
116968,14014,0xCF00400,1,8,FF,FF,FF,A4,34,FF,FF,FF
116969,14015,0xCFF6600,1,8,94,06,FF,FF,FF,FF,FF,FF
116970,14016,0x18FEF100,1,8,3F,00,00,FF,FF,FF,FF,FF
116970,14017,0x18FEF200,1,8,10,00,00,00,00,00,00,FF
116976,14018,0xCF00400,1,8,FF,FF,FF,F8,34,FF,FF,FF
116976,14019,0xCFF6600,1,8,9F,06,FF,FF,FF,FF,FF,FF
116996,14020,0xCF00400,1,8,FF,FF,FF,F8,34,FF,FF,FF
116996,14021,0xCFF6600,1,8,9F,06,FF,FF,FF,FF,FF,FF
117005,14022,0x18FDE500,1,8,0A,14,1E,28,32,3C,46,13
117006,14023,0x18FEEE00,1,8,6E,FF,FF,FF,FF,FF,FF,FF
117033,14024,0xCF00400,1,8,FF,FF,FF,66,35,FF,FF,FF
117034,14025,0xCFF6600,1,8,AC,06,FF,FF,FF,FF,FF,FF
117035,14026,0x18EEFF00,1,8,08,CF,60,06,00,00,00,00
117046,14027,0x18FEF100,1,8,3F,00,00,FF,FF,FF,FF,FF
117047,14028,0x18F00500,1,8,FF,FF,FF,FF,20,2D,FF,FF
117047,14029,0x18FEF200,1,8,10,00,00,00,00,00,00,FF
117055,14030,0xCF00400,1,8,FF,FF,FF,CA,35,FF,FF,FF
117055,14031,0xCFF6600,1,8,B9,06,FF,FF,FF,FF,FF,FF
117075,14032,0xCF00400,1,8,FF,FF,FF,CA,35,FF,FF,FF
117075,14033,0xCFF6600,1,8,B9,06,FF,FF,FF,FF,FF,FF
117076,14034,0x1CECFF00,1,8,20,0A,00,02,FF,CA,FE,00
117095,14035,0xCF00400,1,8,FF,FF,FF,24,36,FF,FF,FF
117095,14036,0xCFF6600,1,8,C4,06,FF,FF,FF,FF,FF,FF
117115,14037,0xCF00400,1,8,FF,FF,FF,38,36,FF,FF,FF
117117,14038,0xCFF6600,1,8,C7,06,FF,FF,FF,FF,FF,FF
117125,14039,0x1CEBFF00,1,8,01,40,FF,0F,F0,E5,01,02
117135,14040,0xCF00400,1,8,FF,FF,FF,38,36,FF,FF,FF
117137,14041,0xCFF6600,1,8,C7,06,FF,FF,FF,FF,FF,FF
117146,14042,0x10FF6500,1,8,FC,FF,FF,FF,FF,FF,FF,FF
117167,14043,0xCF00400,1,8,FF,FF,FF,0C,36,FF,FF,FF
117168,14044,0xCFF6600,1,8,C1,06,FF,FF,FF,FF,FF,FF
117168,14045,0x18F00500,1,8,FF,FF,FF,FF,20,2D,FF,FF
117169,14046,0x18FEF100,1,8,3F,00,00,FF,FF,FF,FF,FF
117170,14047,0x18FEF200,1,8,10,00,00,00,00,00,00,FF
117175,14048,0xCF00400,1,8,FF,FF,FF,0C,36,FF,FF,FF
117176,14049,0xCFF6600,1,8,C1,06,FF,FF,FF,FF,FF,FF
117177,14050,0x1CEBFF00,1,8,02,F0,E3,01,FF,FF,FF,FF
117195,14051,0xCF00400,1,8,FF,FF,FF,F6,35,FF,FF,FF
117195,14052,0xCFF6600,1,8,BE,06,FF,FF,FF,FF,FF,FF
117215,14053,0xCF00400,1,8,FF,FF,FF,F6,35,FF,FF,FF
117215,14054,0xCFF6600,1,8,BE,06,FF,FF,FF,FF,FF,FF
117235,14055,0xCF00400,1,8,FF,FF,FF,FA,35,FF,FF,FF
117236,14056,0xCFF6600,1,8,BF,06,FF,FF,FF,FF,FF,FF
117247,14057,0x18F00500,1,8,FF,FF,FF,FF,20,2D,FF,FF
117247,14058,0x18F00600,1,8,FF,FF,FF,FF,FF,FF,FF,FF
117248,14059,0x18FEF100,1,8,3F,00,00,FF,FF,FF,FF,FF
117249,14060,0x18FEF200,1,8,10,00,00,00,00,00,00,FF
117249,14061,0x1CFDDF00,1,8,FE,FF,FF,FF,FF,FF,FF,FF
117250,14062,0x1CFF6A00,1,8,FC,FF,FF,FF,FF,FF,FF,FF
117255,14063,0xCF00400,1,8,FF,FF,FF,EA,35,FF,FF,FF
117255,14064,0xCFF6600,1,8,BD,06,FF,FF,FF,FF,FF,FF
117275,14065,0xCF00400,1,8,FF,FF,FF,EA,35,FF,FF,FF
117275,14066,0xCFF6600,1,8,BD,06,FF,FF,FF,FF,FF,FF
117296,14067,0xCF00400,1,8,FF,FF,FF,CA,35,FF,FF,FF
117296,14068,0xCFF6600,1,8,B9,06,FF,FF,FF,FF,FF,FF
117316,14069,0xCF00400,1,8,FF,FF,FF,CA,35,FF,FF,FF
117336,14070,0xCF00400,1,8,FF,FF,FF,DC,35,FF,FF,FF
117337,14071,0xCFF6600,1,8,B9,06,FF,FF,FF,FF,FF,FF
117346,14072,0x10FF6500,1,8,FC,FF,FF,FF,FF,FF,FF,FF
117347,14073,0x18F00500,1,8,FF,FF,FF,FF,20,2D,FF,FF
117347,14074,0x18FEF100,1,8,3F,00,00,FF,FF,FF,FF,FF
117348,14075,0x18FEF200,1,8,10,00,00,00,00,00,00,FF
117355,14076,0xCF00400,1,8,FF,FF,FF,DC,35,FF,FF,FF
117356,14077,0xCFF6600,1,8,BB,06,FF,FF,FF,FF,FF,FF
117375,14078,0xCF00400,1,8,FF,FF,FF,22,36,FF,FF,FF
117376,14079,0xCFF6600,1,8,C4,06,FF,FF,FF,FF,FF,FF
117395,14080,0xCF00400,1,8,FF,FF,FF,E0,35,FF,FF,FF
117397,14081,0xCFF6600,1,8,BC,06,FF,FF,FF,FF,FF,FF
117415,14082,0xCF00400,1,8,FF,FF,FF,E0,35,FF,FF,FF
117432,14083,0xCFF6600,1,8,BC,06,FF,FF,FF,FF,FF,FF
117434,14084,0x18EEFF00,1,8,08,CF,60,06,00,00,00,00
117435,14085,0xCF00400,1,8,FF,FF,FF,18,35,FF,FF,FF
117435,14086,0xCFF6600,1,8,A3,06,FF,FF,FF,FF,FF,FF
117447,14087,0x18F00500,1,8,FF,FF,FF,FF,20,2D,FF,FF
117447,14088,0x18FEF100,1,8,3F,00,00,FF,FF,FF,FF,FF
117448,14089,0x18FEF200,1,8,10,00,00,00,00,00,00,FF
117455,14090,0xCF00400,1,8,FF,FF,FF,18,35,FF,FF,FF
117456,14091,0xCFF6600,1,8,A3,06,FF,FF,FF,FF,FF,FF
117475,14092,0xCF00400,1,8,FF,FF,FF,FA,34,FF,FF,FF
117476,14093,0xCFF6600,1,8,9F,06,FF,FF,FF,FF,FF,FF
117495,14094,0xCF00400,1,8,FF,FF,FF,FA,34,FF,FF,FF
117496,14095,0xCFF6600,1,8,9F,06,FF,FF,FF,FF,FF,FF
117515,14096,0xCF00400,1,8,FF,FF,FF,7C,35,FF,FF,FF
117516,14097,0xCFF6600,1,8,AF,06,FF,FF,FF,FF,FF,FF
117536,14098,0xCF00400,1,8,FF,FF,FF,8C,35,FF,FF,FF
117536,14099,0xCFF6600,1,8,B1,06,FF,FF,FF,FF,FF,FF
117548,14100,0x10FF6500,1,8,FC,FF,FF,FF,FF,FF,FF,FF
117548,14101,0x18F00500,1,8,FF,FF,FF,FF,20,2D,FF,FF
117549,14102,0x18FEF100,1,8,3F,00,00,FF,FF,FF,FF,FF
117550,14103,0x18FEF200,1,8,10,00,00,00,00,00,00,FF
117555,14104,0xCF00400,1,8,FF,FF,FF,8C,35,FF,FF,FF
117555,14105,0xCFF6600,1,8,B1,06,FF,FF,FF,FF,FF,FF
117575,14106,0xCF00400,1,8,FF,FF,FF,30,35,FF,FF,FF
117575,14107,0xCFF6600,1,8,A6,06,FF,FF,FF,FF,FF,FF
117595,14108,0xCF00400,1,8,FF,FF,FF,30,35,FF,FF,FF
117616,14109,0xCF00400,1,8,FF,FF,FF,0E,35,FF,FF,FF
117616,14110,0xCFF6600,1,8,A6,06,FF,FF,FF,FF,FF,FF
117635,14111,0xCF00400,1,8,FF,FF,FF,0E,35,FF,FF,FF
117635,14112,0xCFF6600,1,8,A1,06,FF,FF,FF,FF,FF,FF
117646,14113,0x18FEF100,1,8,3F,00,00,FF,FF,FF,FF,FF
117647,14114,0x18F00500,1,8,FF,FF,FF,FF,20,2D,FF,FF
117648,14115,0x18FEF200,1,8,10,00,00,00,00,00,00,FF
117655,14116,0xCF00400,1,8,FF,FF,FF,2C,35,FF,FF,FF
117656,14117,0xCFF6600,1,8,A5,06,FF,FF,FF,FF,FF,FF
117675,14118,0xCF00400,1,8,FF,FF,FF,30,35,FF,FF,FF
117676,14119,0xCFF6600,1,8,A6,06,FF,FF,FF,FF,FF,FF
117695,14120,0xCF00400,1,8,FF,FF,FF,30,35,FF,FF,FF
117695,14121,0xCFF6600,1,8,A6,06,FF,FF,FF,FF,FF,FF
117715,14122,0xCF00400,1,8,FF,FF,FF,18,35,FF,FF,FF
117715,14123,0xCFF6600,1,8,A3,06,FF,FF,FF,FF,FF,FF
117735,14124,0xCF00400,1,8,FF,FF,FF,18,35,FF,FF,FF
117736,14125,0xCFF6600,1,8,A3,06,FF,FF,FF,FF,FF,FF
117746,14126,0x18FEF100,1,8,3F,00,00,FF,FF,FF,FF,FF
117746,14127,0x10FF6500,1,8,FC,FF,FF,FF,FF,FF,FF,FF
117747,14128,0x18F00500,1,8,FF,FF,FF,FF,20,2D,FF,FF
117748,14129,0x18F00600,1,8,FF,FF,FF,FF,FF,FF,FF,FF
117748,14130,0x18FEF200,1,8,10,00,00,00,00,00,00,FF
117749,14131,0x1CFDDF00,1,8,FE,FF,FF,FF,FF,FF,FF,FF
117750,14132,0x1CFF6A00,1,8,FC,FF,FF,FF,FF,FF,FF,FF
117755,14133,0xCF00400,1,8,FF,FF,FF,12,35,FF,FF,FF
117755,14134,0xCFF6600,1,8,A2,06,FF,FF,FF,FF,FF,FF
117775,14135,0xCF00400,1,8,FF,FF,FF,12,35,FF,FF,FF
117796,14136,0xCF00400,1,8,FF,FF,FF,14,35,FF,FF,FF
117797,14137,0xCFF6600,1,8,A2,06,FF,FF,FF,FF,FF,FF
117816,14138,0xCF00400,1,8,FF,FF,FF,CA,34,FF,FF,FF
117816,14139,0xCFF6600,1,8,99,06,FF,FF,FF,FF,FF,FF
117835,14140,0xCF00400,1,8,FF,FF,FF,CA,34,FF,FF,FF
117835,14141,0xCFF6600,1,8,99,06,FF,FF,FF,FF,FF,FF
117846,14142,0x18FEF100,1,8,3F,00,00,FF,FF,FF,FF,FF
117847,14143,0x18F00500,1,8,FF,FF,FF,FF,20,2D,FF,FF
117848,14144,0x18FEF200,1,8,10,00,00,00,00,00,00,FF
117855,14145,0xCF00400,1,8,FF,FF,FF,3A,34,FF,FF,FF
117857,14146,0xCFF6600,1,8,87,06,FF,FF,FF,FF,FF,FF
117893,14147,0xCF00400,1,8,FF,FF,FF,3A,34,FF,FF,FF
117894,14148,0xCFF6600,1,8,87,06,FF,FF,FF,FF,FF,FF
117894,14149,0x18EEFF00,1,8,08,CF,60,06,00,00,00,00
117915,14150,0xCF00400,1,8,FF,FF,FF,02,34,FF,FF,FF
117915,14151,0xCFF6600,1,8,80,06,FF,FF,FF,FF,FF,FF
117935,14152,0xCF00400,1,8,FF,FF,FF,22,34,FF,FF,FF
117936,14153,0xCFF6600,1,8,84,06,FF,FF,FF,FF,FF,FF
117946,14154,0x18FEF100,1,8,3F,00,00,FF,FF,FF,FF,FF
117946,14155,0x10FF6500,1,8,FC,FF,FF,FF,FF,FF,FF,FF
117947,14156,0x18F00500,1,8,FF,FF,FF,FF,20,2D,FF,FF
117947,14157,0x18FEF200,1,8,10,00,00,00,00,00,00,FF
117955,14158,0xCF00400,1,8,FF,FF,FF,22,34,FF,FF,FF
117955,14159,0xCFF6600,1,8,84,06,FF,FF,FF,FF,FF,FF
117975,14160,0xCF00400,1,8,FF,FF,FF,4C,34,FF,FF,FF
117975,14161,0xCFF6600,1,8,89,06,FF,FF,FF,FF,FF,FF
117995,14162,0xCF00400,1,8,FF,FF,FF,84,34,FF,FF,FF
117996,14163,0xCFF6600,1,8,90,06,FF,FF,FF,FF,FF,FF
118005,14164,0x18FDE500,1,8,0A,14,1E,28,32,3C,46,13
118006,14165,0x18FEEE00,1,8,6E,FF,FF,FF,FF,FF,FF,FF
118017,14166,0xCF00400,1,8,FF,FF,FF,84,34,FF,FF,FF
118018,14167,0xCFF6600,1,8,90,06,FF,FF,FF,FF,FF,FF
118025,14168,0x1CECFF00,1,8,20,0A,00,02,FF,CA,FE,00
118035,14169,0xCF00400,1,8,FF,FF,FF,EC,34,FF,FF,FF
118038,14170,0xCFF6600,1,8,9D,06,FF,FF,FF,FF,FF,FF
118046,14171,0x18FEF100,1,8,3F,00,00,FF,FF,FF,FF,FF
118047,14172,0x18F00500,1,8,FF,FF,FF,FF,20,2D,FF,FF
118047,14173,0x18FEF200,1,8,11,00,00,00,00,00,00,FF
118055,14174,0xCF00400,1,8,FF,FF,FF,EC,34,FF,FF,FF
118055,14175,0xCFF6600,1,8,9D,06,FF,FF,FF,FF,FF,FF
118075,14176,0xCF00400,1,8,FF,FF,FF,7C,35,FF,FF,FF
118075,14177,0xCFF6600,1,8,AF,06,FF,FF,FF,FF,FF,FF
118076,14178,0x1CEBFF00,1,8,01,40,FF,0F,F0,E5,01,02
118095,14179,0xCF00400,1,8,FF,FF,FF,7C,35,FF,FF,FF
118096,14180,0xCFF6600,1,8,AF,06,FF,FF,FF,FF,FF,FF
118115,14181,0xCF00400,1,8,FF,FF,FF,56,35,FF,FF,FF
118116,14182,0xCFF6600,1,8,AA,06,FF,FF,FF,FF,FF,FF
118127,14183,0x1CEBFF00,1,8,02,F0,E3,01,FF,FF,FF,FF
118135,14184,0xCF00400,1,8,FF,FF,FF,56,35,FF,FF,FF
118136,14185,0xCFF6600,1,8,AA,06,FF,FF,FF,FF,FF,FF
118146,14186,0x10FF6500,1,8,FC,FF,FF,FF,FF,FF,FF,FF
118147,14187,0x18F00500,1,8,FF,FF,FF,FF,20,2D,FF,FF
118147,14188,0x18FEF100,1,8,3F,00,00,FF,FF,FF,FF,FF
118148,14189,0x18FEF200,1,8,11,00,00,00,00,00,00,FF
118155,14190,0xCF00400,1,8,FF,FF,FF,80,34,FF,FF,FF
118156,14191,0xCFF6600,1,8,90,06,FF,FF,FF,FF,FF,FF
118176,14192,0xCF00400,1,8,FF,FF,FF,EA,33,FF,FF,FF
118177,14193,0xCFF6600,1,8,7D,06,FF,FF,FF,FF,FF,FF
118195,14194,0xCF00400,1,8,FF,FF,FF,EA,33,FF,FF,FF
118195,14195,0xCFF6600,1,8,7D,06,FF,FF,FF,FF,FF,FF
118215,14196,0xCF00400,1,8,FF,FF,FF,90,33,FF,FF,FF
118215,14197,0xCFF6600,1,8,72,06,FF,FF,FF,FF,FF,FF
118235,14198,0xCF00400,1,8,FF,FF,FF,90,33,FF,FF,FF
118236,14199,0xCFF6600,1,8,72,06,FF,FF,FF,FF,FF,FF
118248,14200,0x18F00500,1,8,FF,FF,FF,FF,20,2D,FF,FF
118249,14201,0x18F00600,1,8,FF,FF,FF,FF,FF,FF,FF,FF
118249,14202,0x18FEF100,1,8,3F,00,00,FF,FF,FF,FF,FF
118250,14203,0x18FEF200,1,8,11,00,00,00,00,00,00,FF
118251,14204,0x1CFDDF00,1,8,FE,FF,FF,FF,FF,FF,FF,FF
118251,14205,0x1CFF6A00,1,8,FC,FF,FF,FF,FF,FF,FF,FF
118255,14206,0xCF00400,1,8,FF,FF,FF,BA,33,FF,FF,FF
118255,14207,0xCFF6600,1,8,77,06,FF,FF,FF,FF,FF,FF
118275,14208,0xCF00400,1,8,FF,FF,FF,BA,33,FF,FF,FF
118297,14209,0xCF00400,1,8,FF,FF,FF,64,34,FF,FF,FF
118298,14210,0xCFF6600,1,8,77,06,FF,FF,FF,FF,FF,FF
118316,14211,0xCF00400,1,8,FF,FF,FF,64,34,FF,FF,FF
118317,14212,0xCFF6600,1,8,8C,06,FF,FF,FF,FF,FF,FF
118335,14213,0xCF00400,1,8,FF,FF,FF,62,34,FF,FF,FF
118336,14214,0xCFF6600,1,8,8C,06,FF,FF,FF,FF,FF,FF
118346,14215,0x10FF6500,1,8,FC,FF,FF,FF,FF,FF,FF,FF
118347,14216,0x18F00500,1,8,FF,FF,FF,FF,20,2D,FF,FF
118347,14217,0x18FEF100,1,8,3F,00,00,FF,FF,FF,FF,FF
118348,14218,0x18FEF200,1,8,11,00,00,00,00,00,00,FF
118372,14219,0xCF00400,1,8,FF,FF,FF,BE,33,FF,FF,FF
118373,14220,0xCFF6600,1,8,77,06,FF,FF,FF,FF,FF,FF
118374,14221,0x18EEFF00,1,8,08,CF,60,06,00,00,00,00
118375,14222,0xCF00400,1,8,FF,FF,FF,BE,33,FF,FF,FF
118375,14223,0xCFF6600,1,8,77,06,FF,FF,FF,FF,FF,FF
118395,14224,0xCF00400,1,8,FF,FF,FF,86,33,FF,FF,FF
118395,14225,0xCFF6600,1,8,70,06,FF,FF,FF,FF,FF,FF
118415,14226,0xCF00400,1,8,FF,FF,FF,86,33,FF,FF,FF
118415,14227,0xCFF6600,1,8,70,06,FF,FF,FF,FF,FF,FF
118416,14228,0xCFF6600,1,8,70,06,FF,FF,FF,FF,FF,FF
118435,14229,0xCF00400,1,8,FF,FF,FF,B2,33,FF,FF,FF
118435,14230,0xCFF6600,1,8,76,06,FF,FF,FF,FF,FF,FF
118446,14231,0x18FEF100,1,8,3F,00,00,FF,FF,FF,FF,FF
118446,14232,0x18F00500,1,8,FF,FF,FF,FF,20,2D,FF,FF
118447,14233,0x18FEF200,1,8,11,00,00,00,00,00,00,FF
118455,14234,0xCF00400,1,8,FF,FF,FF,B2,33,FF,FF,FF
118456,14235,0xCFF6600,1,8,76,06,FF,FF,FF,FF,FF,FF
118475,14236,0xCF00400,1,8,FF,FF,FF,FA,33,FF,FF,FF
118476,14237,0xCFF6600,1,8,7F,06,FF,FF,FF,FF,FF,FF
118495,14238,0xCF00400,1,8,FF,FF,FF,FA,33,FF,FF,FF
118496,14239,0xCFF6600,1,8,7F,06,FF,FF,FF,FF,FF,FF
118515,14240,0xCF00400,1,8,FF,FF,FF,60,34,FF,FF,FF
118536,14241,0xCF00400,1,8,FF,FF,FF,C4,34,FF,FF,FF
118537,14242,0xCFF6600,1,8,8C,06,FF,FF,FF,FF,FF,FF
118546,14243,0x10FF6500,1,8,FC,FF,FF,FF,FF,FF,FF,FF
118547,14244,0x18F00500,1,8,FF,FF,FF,FF,20,2D,FF,FF
118547,14245,0x18FEF100,1,8,3F,00,00,FF,FF,FF,FF,FF
118548,14246,0x18FEF200,1,8,11,00,00,00,00,00,00,FF
118555,14247,0xCF00400,1,8,FF,FF,FF,C4,34,FF,FF,FF
118556,14248,0xCFF6600,1,8,98,06,FF,FF,FF,FF,FF,FF
118575,14249,0xCF00400,1,8,FF,FF,FF,2A,35,FF,FF,FF
118578,14250,0xCFF6600,1,8,A5,06,FF,FF,FF,FF,FF,FF
118595,14251,0xCF00400,1,8,FF,FF,FF,2A,35,FF,FF,FF
118596,14252,0xCFF6600,1,8,A5,06,FF,FF,FF,FF,FF,FF
118615,14253,0xCF00400,1,8,FF,FF,FF,B8,34,FF,FF,FF
118616,14254,0xCFF6600,1,8,97,06,FF,FF,FF,FF,FF,FF
118635,14255,0xCF00400,1,8,FF,FF,FF,B8,34,FF,FF,FF
118636,14256,0xCFF6600,1,8,97,06,FF,FF,FF,FF,FF,FF
118646,14257,0x18FEF100,1,8,3F,00,00,FF,FF,FF,FF,FF
118646,14258,0x18F00500,1,8,FF,FF,FF,FF,20,2D,FF,FF
118647,14259,0x18FEF200,1,8,11,00,00,00,00,00,00,FF
118655,14260,0xCF00400,1,8,FF,FF,FF,74,33,FF,FF,FF
118656,14261,0xCFF6600,1,8,6E,06,FF,FF,FF,FF,FF,FF
118675,14262,0xCF00400,1,8,FF,FF,FF,74,33,FF,FF,FF
118676,14263,0xCFF6600,1,8,6E,06,FF,FF,FF,FF,FF,FF
118696,14264,0xCF00400,1,8,FF,FF,FF,7C,33,FF,FF,FF
118697,14265,0xCFF6600,1,8,6F,06,FF,FF,FF,FF,FF,FF
118715,14266,0xCF00400,1,8,FF,FF,FF,B6,34,FF,FF,FF
118716,14267,0xCFF6600,1,8,96,06,FF,FF,FF,FF,FF,FF
118735,14268,0xCF00400,1,8,FF,FF,FF,B6,34,FF,FF,FF
118736,14269,0xCFF6600,1,8,96,06,FF,FF,FF,FF,FF,FF
118746,14270,0x18FEF100,1,8,3F,00,00,FF,FF,FF,FF,FF
118747,14271,0x10FF6500,1,8,FC,FF,FF,FF,FF,FF,FF,FF
118747,14272,0x18F00500,1,8,FF,FF,FF,FF,20,2D,FF,FF
118769,14273,0xCF00400,1,8,FF,FF,FF,78,35,FF,FF,FF
118770,14274,0xCFF6600,1,8,AF,06,FF,FF,FF,FF,FF,FF
118771,14275,0x18F00600,1,8,FF,FF,FF,FF,FF,FF,FF,FF
118772,14276,0x18FEF200,1,8,11,00,00,00,00,00,00,FF
118773,14277,0x1CFDDF00,1,8,FE,FF,FF,FF,FF,FF,FF,FF
118773,14278,0x1CFF6A00,1,8,FC,FF,FF,FF,FF,FF,FF,FF
118775,14279,0xCF00400,1,8,FF,FF,FF,78,35,FF,FF,FF
118775,14280,0xCFF6600,1,8,AF,06,FF,FF,FF,FF,FF,FF
118795,14281,0xCF00400,1,8,FF,FF,FF,D6,35,FF,FF,FF
118795,14282,0xCFF6600,1,8,BA,06,FF,FF,FF,FF,FF,FF
118815,14283,0xCF00400,1,8,FF,FF,FF,D6,35,FF,FF,FF
118815,14284,0xCFF6600,1,8,BA,06,FF,FF,FF,FF,FF,FF
118835,14285,0xCF00400,1,8,FF,FF,FF,EA,35,FF,FF,FF
118835,14286,0xCFF6600,1,8,BD,06,FF,FF,FF,FF,FF,FF
118846,14287,0x18FEF100,1,8,3F,00,00,FF,FF,FF,FF,FF
118847,14288,0x18F00500,1,8,FF,FF,FF,FF,20,2D,FF,FF
118847,14289,0x18FEF200,1,8,11,00,00,00,00,00,00,FF
118855,14290,0xCF00400,1,8,FF,FF,FF,BE,35,FF,FF,FF
118856,14291,0xCFF6600,1,8,B7,06,FF,FF,FF,FF,FF,FF
118875,14292,0xCF00400,1,8,FF,FF,FF,BE,35,FF,FF,FF
118876,14293,0xCFF6600,1,8,B7,06,FF,FF,FF,FF,FF,FF
118895,14294,0xCF00400,1,8,FF,FF,FF,B8,35,FF,FF,FF
118896,14295,0xCFF6600,1,8,B7,06,FF,FF,FF,FF,FF,FF
118915,14296,0xCF00400,1,8,FF,FF,FF,B8,35,FF,FF,FF
118916,14297,0xCFF6600,1,8,B7,06,FF,FF,FF,FF,FF,FF
118935,14298,0xCF00400,1,8,FF,FF,FF,DC,35,FF,FF,FF
118936,14299,0xCFF6600,1,8,BB,06,FF,FF,FF,FF,FF,FF
118966,14300,0xCF00400,1,8,FF,FF,FF,D0,35,FF,FF,FF
118966,14301,0xCFF6600,1,8,BA,06,FF,FF,FF,FF,FF,FF
118967,14302,0x10FF6500,1,8,FC,FF,FF,FF,FF,FF,FF,FF
118968,14303,0x18F00500,1,8,FF,FF,FF,FF,20,2D,FF,FF
118968,14304,0x18FEF100,1,8,3F,00,00,FF,FF,FF,FF,FF
118969,14305,0x18FEF200,1,8,11,00,00,00,00,00,00,FF
118975,14306,0xCF00400,1,8,FF,FF,FF,D0,35,FF,FF,FF
118975,14307,0xCFF6600,1,8,BA,06,FF,FF,FF,FF,FF,FF
118995,14308,0xCF00400,1,8,FF,FF,FF,A0,35,FF,FF,FF
118996,14309,0xCFF6600,1,8,B4,06,FF,FF,FF,FF,FF,FF
119005,14310,0x18FDE500,1,8,0A,14,1E,28,32,3C,46,13
119006,14311,0x18FEEE00,1,8,6E,FF,FF,FF,FF,FF,FF,FF
119015,14312,0xCF00400,1,8,FF,FF,FF,A0,35,FF,FF,FF
119016,14313,0xCFF6600,1,8,B4,06,FF,FF,FF,FF,FF,FF
119025,14314,0x1CECFF00,1,8,20,0A,00,02,FF,CA,FE,00
119035,14315,0xCF00400,1,8,FF,FF,FF,F8,35,FF,FF,FF
119036,14316,0xCFF6600,1,8,BF,06,FF,FF,FF,FF,FF,FF
119047,14317,0x18F00500,1,8,FF,FF,FF,FF,20,2D,FF,FF
119047,14318,0x18FEF100,1,8,3F,00,00,FF,FF,FF,FF,FF
119048,14319,0x18FEF200,1,8,10,00,00,00,00,00,00,FF
119055,14320,0xCF00400,1,8,FF,FF,FF,F8,35,FF,FF,FF
119055,14321,0xCFF6600,1,8,BF,06,FF,FF,FF,FF,FF,FF
119076,14322,0xCF00400,1,8,FF,FF,FF,B2,36,FF,FF,FF
119077,14323,0xCFF6600,1,8,D6,06,FF,FF,FF,FF,FF,FF
119078,14324,0x1CEBFF00,1,8,01,40,FF,0F,F0,E5,01,02
119095,14325,0xCF00400,1,8,FF,FF,FF,0A,37,FF,FF,FF
119096,14326,0xCFF6600,1,8,E1,06,FF,FF,FF,FF,FF,FF
119115,14327,0xCF00400,1,8,FF,FF,FF,0A,37,FF,FF,FF
119116,14328,0xCFF6600,1,8,E1,06,FF,FF,FF,FF,FF,FF
119125,14329,0x1CEBFF00,1,8,02,F0,E3,01,FF,FF,FF,FF
119135,14330,0xCF00400,1,8,FF,FF,FF,18,37,FF,FF,FF
119155,14331,0xCF00400,1,8,FF,FF,FF,18,37,FF,FF,FF
119156,14332,0xCFF6600,1,8,E3,06,FF,FF,FF,FF,FF,FF
119156,14333,0x10FF6500,1,8,FC,FF,FF,FF,FF,FF,FF,FF
119157,14334,0x18F00500,1,8,FF,FF,FF,FF,20,2D,FF,FF
119158,14335,0x18FEF100,1,8,3F,00,00,FF,FF,FF,FF,FF
119158,14336,0x18FEF200,1,8,10,00,00,00,00,00,00,FF
119175,14337,0xCF00400,1,8,FF,FF,FF,BC,37,FF,FF,FF
119176,14338,0xCFF6600,1,8,F7,06,FF,FF,FF,FF,FF,FF
119195,14339,0xCF00400,1,8,FF,FF,FF,D8,38,FF,FF,FF
119196,14340,0xCFF6600,1,8,1B,07,FF,FF,FF,FF,FF,FF
119215,14341,0xCF00400,1,8,FF,FF,FF,D8,38,FF,FF,FF
119216,14342,0xCFF6600,1,8,1B,07,FF,FF,FF,FF,FF,FF
119235,14343,0xCF00400,1,8,FF,FF,FF,64,39,FF,FF,FF
119236,14344,0xCFF6600,1,8,2C,07,FF,FF,FF,FF,FF,FF
119246,14345,0x18FEF100,1,8,3F,00,00,FF,FF,FF,FF,FF
119262,14346,0x18F00500,1,8,FF,FF,FF,FF,20,2D,FF,FF
119263,14347,0x18F00600,1,8,FF,FF,FF,FF,FF,FF,FF,FF
119264,14348,0x18EEFF00,1,8,08,CF,60,06,00,00,00,00
119264,14349,0x18F00600,1,8,FF,FF,FF,FF,FF,FF,FF,FF
119265,14350,0x18FEF200,1,8,10,00,00,00,00,00,00,FF
119266,14351,0x1CFDDF00,1,8,FE,FF,FF,FF,FF,FF,FF,FF
119267,14352,0x1CFF6A00,1,8,FC,FF,FF,FF,FF,FF,FF,FF
119275,14353,0xCF00400,1,8,FF,FF,FF,84,39,FF,FF,FF
119276,14354,0xCFF6600,1,8,30,07,FF,FF,FF,FF,FF,FF
119295,14355,0xCF00400,1,8,FF,FF,FF,A0,39,FF,FF,FF
119295,14356,0xCFF6600,1,8,34,07,FF,FF,FF,FF,FF,FF
119315,14357,0xCF00400,1,8,FF,FF,FF,A0,39,FF,FF,FF
119315,14358,0xCFF6600,1,8,34,07,FF,FF,FF,FF,FF,FF
119335,14359,0xCF00400,1,8,FF,FF,FF,BE,39,FF,FF,FF
119336,14360,0xCFF6600,1,8,37,07,FF,FF,FF,FF,FF,FF
119346,14361,0x18FEF100,1,8,3F,00,00,FF,FF,FF,FF,FF
119346,14362,0x10FF6500,1,8,FC,FF,FF,FF,FF,FF,FF,FF
119347,14363,0x18F00500,1,8,FF,FF,FF,FF,20,2D,FF,FF
119348,14364,0x18FEF200,1,8,10,00,00,00,00,00,00,FF
119355,14365,0xCF00400,1,8,FF,FF,FF,BE,39,FF,FF,FF
119356,14366,0xCFF6600,1,8,37,07,FF,FF,FF,FF,FF,FF
119394,14367,0xCF00400,1,8,FF,FF,FF,2A,39,FF,FF,FF
119395,14368,0xCFF6600,1,8,25,07,FF,FF,FF,FF,FF,FF
119415,14369,0xCF00400,1,8,FF,FF,FF,EC,37,FF,FF,FF
119416,14370,0xCFF6600,1,8,FD,06,FF,FF,FF,FF,FF,FF
119435,14371,0xCF00400,1,8,FF,FF,FF,1A,37,FF,FF,FF
119435,14372,0xCFF6600,1,8,E3,06,FF,FF,FF,FF,FF,FF
119446,14373,0x18FEF100,1,8,3F,00,00,FF,FF,FF,FF,FF
119447,14374,0x18F00500,1,8,FF,FF,FF,FF,20,2D,FF,FF
119447,14375,0x18FEF200,1,8,10,00,00,00,00,00,00,FF
119455,14376,0xCF00400,1,8,FF,FF,FF,1A,37,FF,FF,FF
119456,14377,0xCFF6600,1,8,E3,06,FF,FF,FF,FF,FF,FF
119475,14378,0xCF00400,1,8,FF,FF,FF,AC,36,FF,FF,FF
119475,14379,0xCFF6600,1,8,D5,06,FF,FF,FF,FF,FF,FF
119495,14380,0xCF00400,1,8,FF,FF,FF,8E,36,FF,FF,FF
119496,14381,0xCFF6600,1,8,D1,06,FF,FF,FF,FF,FF,FF
119515,14382,0xCF00400,1,8,FF,FF,FF,8E,36,FF,FF,FF
119516,14383,0xCFF6600,1,8,D1,06,FF,FF,FF,FF,FF,FF
119535,14384,0xCF00400,1,8,FF,FF,FF,B0,36,FF,FF,FF
119555,14385,0xCF00400,1,8,FF,FF,FF,B0,36,FF,FF,FF
119556,14386,0xCFF6600,1,8,D6,06,FF,FF,FF,FF,FF,FF
119556,14387,0x10FF6500,1,8,FC,FF,FF,FF,FF,FF,FF,FF
119557,14388,0x18F00500,1,8,FF,FF,FF,FF,20,2D,FF,FF
119558,14389,0x18FEF100,1,8,3F,00,00,FF,FF,FF,FF,FF
119558,14390,0x18FEF200,1,8,10,00,00,00,00,00,00,FF
119575,14391,0xCF00400,1,8,FF,FF,FF,28,37,FF,FF,FF
119576,14392,0xCFF6600,1,8,E5,06,FF,FF,FF,FF,FF,FF
119596,14393,0xCF00400,1,8,FF,FF,FF,F2,37,FF,FF,FF
119597,14394,0xCFF6600,1,8,FE,06,FF,FF,FF,FF,FF,FF
119615,14395,0xCF00400,1,8,FF,FF,FF,F2,37,FF,FF,FF
119615,14396,0xCFF6600,1,8,FE,06,FF,FF,FF,FF,FF,FF
119635,14397,0xCF00400,1,8,FF,FF,FF,7C,38,FF,FF,FF
119636,14398,0xCFF6600,1,8,0F,07,FF,FF,FF,FF,FF,FF
119646,14399,0x18FEF100,1,8,3F,00,00,FF,FF,FF,FF,FF
119646,14400,0x18F00500,1,8,FF,FF,FF,FF,20,2D,FF,FF
119647,14401,0x18FEF200,1,8,10,00,00,00,00,00,00,FF
119655,14402,0xCF00400,1,8,FF,FF,FF,7C,38,FF,FF,FF
119656,14403,0xCFF6600,1,8,0F,07,FF,FF,FF,FF,FF,FF
119675,14404,0xCF00400,1,8,FF,FF,FF,CE,38,FF,FF,FF
119675,14405,0xCFF6600,1,8,19,07,FF,FF,FF,FF,FF,FF
119695,14406,0xCF00400,1,8,FF,FF,FF,E0,38,FF,FF,FF
119695,14407,0xCFF6600,1,8,1C,07,FF,FF,FF,FF,FF,FF
119716,14408,0xCF00400,1,8,FF,FF,FF,E0,38,FF,FF,FF
119717,14409,0xCFF6600,1,8,1C,07,FF,FF,FF,FF,FF,FF
119735,14410,0xCF00400,1,8,FF,FF,FF,B4,38,FF,FF,FF
119736,14411,0xCFF6600,1,8,16,07,FF,FF,FF,FF,FF,FF
119746,14412,0x10FF6500,1,8,FC,FF,FF,FF,FF,FF,FF,FF
119747,14413,0x18F00500,1,8,FF,FF,FF,FF,20,2D,FF,FF
119747,14414,0x18F00600,1,8,FF,FF,FF,FF,FF,FF,FF,FF
119748,14415,0x18FEF100,1,8,3F,00,00,FF,FF,FF,FF,FF
119749,14416,0x18FEF200,1,8,10,00,00,00,00,00,00,FF
119749,14417,0x1CFDDF00,1,8,FE,FF,FF,FF,FF,FF,FF,FF
119750,14418,0x1CFF6A00,1,8,FC,FF,FF,FF,FF,FF,FF,FF
119755,14419,0xCF00400,1,8,FF,FF,FF,B4,38,FF,FF,FF
119756,14420,0xCFF6600,1,8,16,07,FF,FF,FF,FF,FF,FF
119776,14421,0xCF00400,1,8,FF,FF,FF,00,39,FF,FF,FF
119777,14422,0xCFF6600,1,8,20,07,FF,FF,FF,FF,FF,FF
119795,14423,0xCF00400,1,8,FF,FF,FF,B6,39,FF,FF,FF
119796,14424,0xCFF6600,1,8,36,07,FF,FF,FF,FF,FF,FF
119815,14425,0xCF00400,1,8,FF,FF,FF,B6,39,FF,FF,FF
119816,14426,0xCFF6600,1,8,36,07,FF,FF,FF,FF,FF,FF
119835,14427,0xCF00400,1,8,FF,FF,FF,72,39,FF,FF,FF
119836,14428,0xCFF6600,1,8,2E,07,FF,FF,FF,FF,FF,FF
119846,14429,0x18FEF100,1,8,3F,00,00,FF,FF,FF,FF,FF
119846,14430,0x18F00500,1,8,FF,FF,FF,FF,20,2D,FF,FF
119847,14431,0x18FEF200,1,8,10,00,00,00,00,00,00,FF
119874,14432,0xCF00400,1,8,FF,FF,FF,72,39,FF,FF,FF
119875,14433,0xCFF6600,1,8,2E,07,FF,FF,FF,FF,FF,FF
119876,14434,0x18EEFF00,1,8,08,CF,60,06,00,00,00,00
119895,14435,0xCF00400,1,8,FF,FF,FF,B8,37,FF,FF,FF
119895,14436,0xCFF6600,1,8,F7,06,FF,FF,FF,FF,FF,FF
119915,14437,0xCF00400,1,8,FF,FF,FF,B8,37,FF,FF,FF
119915,14438,0xCFF6600,1,8,F7,06,FF,FF,FF,FF,FF,FF
119935,14439,0xCF00400,1,8,FF,FF,FF,84,37,FF,FF,FF
119935,14440,0xCFF6600,1,8,F0,06,FF,FF,FF,FF,FF,FF
119946,14441,0x18F00500,1,8,FF,FF,FF,FF,20,2D,FF,FF
119946,14442,0x10FF6500,1,8,FC,FF,FF,FF,FF,FF,FF,FF
119947,14443,0x18FEF100,1,8,3F,00,00,FF,FF,FF,FF,FF
119948,14444,0x18FEF200,1,8,10,00,00,00,00,00,00,FF
119955,14445,0xCF00400,1,8,FF,FF,FF,84,37,FF,FF,FF
119955,14446,0xCFF6600,1,8,F0,06,FF,FF,FF,FF,FF,FF
119975,14447,0xCF00400,1,8,FF,FF,FF,34,37,FF,FF,FF
119976,14448,0xCFF6600,1,8,E6,06,FF,FF,FF,FF,FF,FF
119995,14449,0xCF00400,1,8,FF,FF,FF,C8,36,FF,FF,FF
120016,14450,0xCF00400,1,8,FF,FF,FF,C8,36,FF,FF,FF
120017,14451,0xCFF6600,1,8,D9,06,FF,FF,FF,FF,FF,FF
120018,14452,0x18FDE500,1,8,0A,14,1E,28,32,3C,46,13
120019,14453,0x18FEEE00,1,8,6F,FF,FF,FF,FF,FF,FF,FF
120025,14454,0x1CECFF00,1,8,20,0A,00,02,FF,CA,FE,00
120035,14455,0xCF00400,1,8,FF,FF,FF,B6,36,FF,FF,FF
120035,14456,0xCFF6600,1,8,D6,06,FF,FF,FF,FF,FF,FF
120046,14457,0x18F00500,1,8,FF,FF,FF,FF,20,2D,FF,FF
120047,14458,0x18FEF100,1,8,3F,00,00,FF,FF,FF,FF,FF
120048,14459,0x18FEF200,1,8,10,00,00,00,00,00,00,FF
120055,14460,0xCF00400,1,8,FF,FF,FF,B6,36,FF,FF,FF
120055,14461,0xCFF6600,1,8,D6,06,FF,FF,FF,FF,FF,FF
120075,14462,0xCF00400,1,8,FF,FF,FF,F4,36,FF,FF,FF
120075,14463,0xCFF6600,1,8,DE,06,FF,FF,FF,FF,FF,FF
120076,14464,0x1CEBFF00,1,8,01,40,FF,0F,F0,E5,01,02
120095,14465,0xCF00400,1,8,FF,FF,FF,F4,36,FF,FF,FF
120096,14466,0xCFF6600,1,8,DE,06,FF,FF,FF,FF,FF,FF
120116,14467,0xCF00400,1,8,FF,FF,FF,B0,36,FF,FF,FF
120116,14468,0xCFF6600,1,8,D6,06,FF,FF,FF,FF,FF,FF
120125,14469,0x1CEBFF00,1,8,02,F0,E3,01,FF,FF,FF,FF
120135,14470,0xCF00400,1,8,FF,FF,FF,F6,35,FF,FF,FF
120136,14471,0xCFF6600,1,8,BE,06,FF,FF,FF,FF,FF,FF
120146,14472,0x18FEF100,1,8,3F,00,00,FF,FF,FF,FF,FF
120146,14473,0x10FF6500,1,8,FC,FF,FF,FF,FF,FF,FF,FF
120147,14474,0x18F00500,1,8,FF,FF,FF,FF,20,2D,FF,FF
120148,14475,0x18FEF200,1,8,10,00,00,00,00,00,00,FF
120155,14476,0xCF00400,1,8,FF,FF,FF,F6,35,FF,FF,FF
120176,14477,0xCF00400,1,8,FF,FF,FF,BE,35,FF,FF,FF
120177,14478,0xCFF6600,1,8,BE,06,FF,FF,FF,FF,FF,FF
120195,14479,0xCF00400,1,8,FF,FF,FF,BE,35,FF,FF,FF
120196,14480,0xCFF6600,1,8,B7,06,FF,FF,FF,FF,FF,FF
120215,14481,0xCF00400,1,8,FF,FF,FF,FA,35,FF,FF,FF
120215,14482,0xCFF6600,1,8,BF,06,FF,FF,FF,FF,FF,FF
120235,14483,0xCF00400,1,8,FF,FF,FF,FA,35,FF,FF,FF
120236,14484,0xCFF6600,1,8,BF,06,FF,FF,FF,FF,FF,FF
120246,14485,0x18FEF100,1,8,3F,00,00,FF,FF,FF,FF,FF
120247,14486,0x18F00500,1,8,FF,FF,FF,FF,20,2D,FF,FF
120247,14487,0x18F00600,1,8,FF,FF,FF,FF,FF,FF,FF,FF
120248,14488,0x18FEF200,1,8,10,00,00,00,00,00,00,FF
120249,14489,0x1CFDDF00,1,8,FE,FF,FF,FF,FF,FF,FF,FF
120249,14490,0x1CFF6A00,1,8,FC,FF,FF,FF,FF,FF,FF,FF
120255,14491,0xCF00400,1,8,FF,FF,FF,FA,35,FF,FF,FF
120256,14492,0xCFF6600,1,8,BF,06,FF,FF,FF,FF,FF,FF
120275,14493,0xCF00400,1,8,FF,FF,FF,BA,35,FF,FF,FF
120276,14494,0xCFF6600,1,8,B7,06,FF,FF,FF,FF,FF,FF
120296,14495,0xCF00400,1,8,FF,FF,FF,BA,35,FF,FF,FF
120296,14496,0xCFF6600,1,8,B7,06,FF,FF,FF,FF,FF,FF
120316,14497,0xCF00400,1,8,FF,FF,FF,B6,35,FF,FF,FF
120317,14498,0xCFF6600,1,8,B6,06,FF,FF,FF,FF,FF,FF
120335,14499,0xCF00400,1,8,FF,FF,FF,B6,35,FF,FF,FF
120335,14500,0xCFF6600,1,8,B6,06,FF,FF,FF,FF,FF,FF
120346,14501,0x18FEF100,1,8,3F,00,00,FF,FF,FF,FF,FF
120346,14502,0x10FF6500,1,8,FC,FF,FF,FF,FF,FF,FF,FF
120347,14503,0x18F00500,1,8,FF,FF,FF,FF,20,2D,FF,FF
120348,14504,0x18FEF200,1,8,10,00,00,00,00,00,00,FF
120355,14505,0xCF00400,1,8,FF,FF,FF,F0,35,FF,FF,FF
120355,14506,0xCFF6600,1,8,BE,06,FF,FF,FF,FF,FF,FF
120375,14507,0xCF00400,1,8,FF,FF,FF,F0,35,FF,FF,FF
120375,14508,0xCFF6600,1,8,BE,06,FF,FF,FF,FF,FF,FF
120396,14509,0xCF00400,1,8,FF,FF,FF,AE,35,FF,FF,FF
120397,14510,0xCFF6600,1,8,B5,06,FF,FF,FF,FF,FF,FF
120415,14511,0xCF00400,1,8,FF,FF,FF,F8,34,FF,FF,FF
120416,14512,0xCFF6600,1,8,9F,06,FF,FF,FF,FF,FF,FF
120435,14513,0xCF00400,1,8,FF,FF,FF,F8,34,FF,FF,FF
120436,14514,0xCFF6600,1,8,9F,06,FF,FF,FF,FF,FF,FF
120446,14515,0x18F00500,1,8,FF,FF,FF,FF,20,2D,FF,FF
120447,14516,0x18FEF100,1,8,3F,00,00,FF,FF,FF,FF,FF
120447,14517,0x18FEF200,1,8,10,00,00,00,00,00,00,FF
120457,14518,0xCF00400,1,8,FF,FF,FF,C6,34,FF,FF,FF
120458,14519,0xCFF6600,1,8,98,06,FF,FF,FF,FF,FF,FF
120476,14520,0xCF00400,1,8,FF,FF,FF,C6,34,FF,FF,FF
120476,14521,0xCFF6600,1,8,98,06,FF,FF,FF,FF,FF,FF
120495,14522,0xCF00400,1,8,FF,FF,FF,12,35,FF,FF,FF
120496,14523,0xCFF6600,1,8,A2,06,FF,FF,FF,FF,FF,FF
120515,14524,0xCF00400,1,8,FF,FF,FF,12,35,FF,FF,FF
120516,14525,0xCFF6600,1,8,A2,06,FF,FF,FF,FF,FF,FF
120537,14526,0xCF00400,1,8,FF,FF,FF,50,35,FF,FF,FF
120538,14527,0xCFF6600,1,8,AA,06,FF,FF,FF,FF,FF,FF
120546,14528,0x18F00500,1,8,FF,FF,FF,FF,20,2D,FF,FF
120546,14529,0x10FF6500,1,8,FC,FF,FF,FF,FF,FF,FF,FF
120547,14530,0x18FEF100,1,8,3F,00,00,FF,FF,FF,FF,FF
120548,14531,0x18FEF200,1,8,10,00,00,00,00,00,00,FF
120555,14532,0xCF00400,1,8,FF,FF,FF,82,35,FF,FF,FF
120556,14533,0xCFF6600,1,8,B0,06,FF,FF,FF,FF,FF,FF
120575,14534,0xCF00400,1,8,FF,FF,FF,82,35,FF,FF,FF
120576,14535,0xCFF6600,1,8,B0,06,FF,FF,FF,FF,FF,FF
120595,14536,0xCF00400,1,8,FF,FF,FF,C8,35,FF,FF,FF
120596,14537,0xCFF6600,1,8,B9,06,FF,FF,FF,FF,FF,FF
120617,14538,0xCF00400,1,8,FF,FF,FF,C8,35,FF,FF,FF
120617,14539,0xCFF6600,1,8,B9,06,FF,FF,FF,FF,FF,FF
120635,14540,0xCF00400,1,8,FF,FF,FF,1E,36,FF,FF,FF
120636,14541,0xCFF6600,1,8,C3,06,FF,FF,FF,FF,FF,FF
120646,14542,0x18FEF100,1,8,3F,00,00,FF,FF,FF,FF,FF
120646,14543,0x18F00500,1,8,FF,FF,FF,FF,20,2D,FF,FF
120647,14544,0x18FEF200,1,8,10,00,00,00,00,00,00,FF
120655,14545,0xCF00400,1,8,FF,FF,FF,1E,36,FF,FF,FF
120657,14546,0xCFF6600,1,8,C3,06,FF,FF,FF,FF,FF,FF
120675,14547,0xCF00400,1,8,FF,FF,FF,3C,36,FF,FF,FF
120696,14548,0xCF00400,1,8,FF,FF,FF,2C,36,FF,FF,FF
120697,14549,0xCFF6600,1,8,C7,06,FF,FF,FF,FF,FF,FF
120716,14550,0xCF00400,1,8,FF,FF,FF,2C,36,FF,FF,FF
120732,14551,0xCFF6600,1,8,C5,06,FF,FF,FF,FF,FF,FF
120734,14552,0x18EEFF00,1,8,08,CF,60,06,00,00,00,00
120735,14553,0xCF00400,1,8,FF,FF,FF,0C,36,FF,FF,FF
120737,14554,0xCFF6600,1,8,C1,06,FF,FF,FF,FF,FF,FF
120746,14555,0x18FEF100,1,8,3F,00,00,FF,FF,FF,FF,FF
120746,14556,0x10FF6500,1,8,FC,FF,FF,FF,FF,FF,FF,FF
120747,14557,0x18F00500,1,8,FF,FF,FF,FF,20,2D,FF,FF
120747,14558,0x18F00600,1,8,FF,FF,FF,FF,FF,FF,FF,FF
120748,14559,0x18FEF200,1,8,10,00,00,00,00,00,00,FF
120749,14560,0x1CFDDF00,1,8,FE,FF,FF,FF,FF,FF,FF,FF
120750,14561,0x1CFF6A00,1,8,FC,FF,FF,FF,FF,FF,FF,FF
120750,14562,0x1CFF6A00,1,8,FC,FF,FF,FF,FF,FF,FF,FF
120755,14563,0xCF00400,1,8,FF,FF,FF,0C,36,FF,FF,FF
120755,14564,0xCFF6600,1,8,C1,06,FF,FF,FF,FF,FF,FF
120775,14565,0xCF00400,1,8,FF,FF,FF,D6,35,FF,FF,FF
120775,14566,0xCFF6600,1,8,BA,06,FF,FF,FF,FF,FF,FF
120795,14567,0xCF00400,1,8,FF,FF,FF,34,36,FF,FF,FF
120796,14568,0xCFF6600,1,8,C6,06,FF,FF,FF,FF,FF,FF
120815,14569,0xCF00400,1,8,FF,FF,FF,34,36,FF,FF,FF
120815,14570,0xCFF6600,1,8,C6,06,FF,FF,FF,FF,FF,FF
120835,14571,0xCF00400,1,8,FF,FF,FF,1A,37,FF,FF,FF
120836,14572,0xCFF6600,1,8,E3,06,FF,FF,FF,FF,FF,FF
120846,14573,0x18FEF100,1,8,3F,00,00,FF,FF,FF,FF,FF
120847,14574,0x18F00500,1,8,FF,FF,FF,FF,20,2D,FF,FF
120848,14575,0x18FEF200,1,8,10,00,00,00,00,00,00,FF
120855,14576,0xCF00400,1,8,FF,FF,FF,1A,37,FF,FF,FF
120856,14577,0xCFF6600,1,8,E3,06,FF,FF,FF,FF,FF,FF
120875,14578,0xCF00400,1,8,FF,FF,FF,84,37,FF,FF,FF
120876,14579,0xCFF6600,1,8,F0,06,FF,FF,FF,FF,FF,FF
120895,14580,0xCF00400,1,8,FF,FF,FF,84,37,FF,FF,FF
120896,14581,0xCFF6600,1,8,F0,06,FF,FF,FF,FF,FF,FF
120915,14582,0xCF00400,1,8,FF,FF,FF,90,37,FF,FF,FF
120915,14583,0xCFF6600,1,8,F2,06,FF,FF,FF,FF,FF,FF
120936,14584,0xCF00400,1,8,FF,FF,FF,82,37,FF,FF,FF
120937,14585,0xCFF6600,1,8,F0,06,FF,FF,FF,FF,FF,FF
120946,14586,0x18FEF100,1,8,3F,00,00,FF,FF,FF,FF,FF
120947,14587,0x10FF6500,1,8,FC,FF,FF,FF,FF,FF,FF,FF
120947,14588,0x18F00500,1,8,FF,FF,FF,FF,20,2D,FF,FF
120948,14589,0x18FEF200,1,8,10,00,00,00,00,00,00,FF
120956,14590,0xCF00400,1,8,FF,FF,FF,82,37,FF,FF,FF
120956,14591,0xCFF6600,1,8,F0,06,FF,FF,FF,FF,FF,FF
120994,14592,0xCF00400,1,8,FF,FF,FF,5C,37,FF,FF,FF
120996,14593,0xCFF6600,1,8,EB,06,FF,FF,FF,FF,FF,FF
121004,14594,0x18FEEE00,1,8,6F,FF,FF,FF,FF,FF,FF,FF
121005,14595,0x18FDE500,1,8,0A,14,1E,28,32,3C,46,13
121015,14596,0xCF00400,1,8,FF,FF,FF,AA,37,FF,FF,FF
121016,14597,0xCFF6600,1,8,F5,06,FF,FF,FF,FF,FF,FF
121024,14598,0x1CECFF00,1,8,20,0A,00,02,FF,CA,FE,00
121035,14599,0xCF00400,1,8,FF,FF,FF,5E,38,FF,FF,FF
121036,14600,0xCFF6600,1,8,0B,07,FF,FF,FF,FF,FF,FF
121047,14601,0x18F00500,1,8,FF,FF,FF,FF,20,2D,FF,FF
121047,14602,0x18FEF100,1,8,3F,00,00,FF,FF,FF,FF,FF
121048,14603,0x18FEF200,1,8,0F,00,00,00,00,00,00,FF
121055,14604,0xCF00400,1,8,FF,FF,FF,5E,38,FF,FF,FF
121055,14605,0xCFF6600,1,8,0B,07,FF,FF,FF,FF,FF,FF
121075,14606,0xCF00400,1,8,FF,FF,FF,20,38,FF,FF,FF
121075,14607,0xCFF6600,1,8,04,07,FF,FF,FF,FF,FF,FF
121076,14608,0x1CEBFF00,1,8,01,40,FF,0F,F0,E5,01,02
121095,14609,0xCF00400,1,8,FF,FF,FF,20,38,FF,FF,FF
121116,14610,0xCF00400,1,8,FF,FF,FF,FE,36,FF,FF,FF
121116,14611,0xCFF6600,1,8,04,07,FF,FF,FF,FF,FF,FF
121125,14612,0x1CEBFF00,1,8,02,F0,E3,01,FF,FF,FF,FF
121135,14613,0xCF00400,1,8,FF,FF,FF,BC,36,FF,FF,FF
121135,14614,0xCFF6600,1,8,D7,06,FF,FF,FF,FF,FF,FF
121146,14615,0x18FEF100,1,8,3F,00,00,FF,FF,FF,FF,FF
121146,14616,0x10FF6500,1,8,FC,FF,FF,FF,FF,FF,FF,FF
121147,14617,0x18F00500,1,8,FF,FF,FF,FF,20,2D,FF,FF
121147,14618,0x18FEF200,1,8,0F,00,00,00,00,00,00,FF
121155,14619,0xCF00400,1,8,FF,FF,FF,BC,36,FF,FF,FF
121156,14620,0xCFF6600,1,8,D7,06,FF,FF,FF,FF,FF,FF
121192,14621,0xCF00400,1,8,FF,FF,FF,3E,37,FF,FF,FF
121192,14622,0xCFF6600,1,8,E7,06,FF,FF,FF,FF,FF,FF
121194,14623,0x18EEFF00,1,8,08,CF,60,06,00,00,00,00
121195,14624,0xCF00400,1,8,FF,FF,FF,3E,37,FF,FF,FF
121195,14625,0xCFF6600,1,8,E7,06,FF,FF,FF,FF,FF,FF
121215,14626,0xCF00400,1,8,FF,FF,FF,E0,36,FF,FF,FF
121215,14627,0xCFF6600,1,8,DC,06,FF,FF,FF,FF,FF,FF
121235,14628,0xCF00400,1,8,FF,FF,FF,E0,36,FF,FF,FF
121235,14629,0xCFF6600,1,8,DC,06,FF,FF,FF,FF,FF,FF
121246,14630,0x18FEF100,1,8,3F,00,00,FF,FF,FF,FF,FF
121246,14631,0x18F00500,1,8,FF,FF,FF,FF,20,2D,FF,FF
121247,14632,0x18F00600,1,8,FF,FF,FF,FF,FF,FF,FF,FF
121247,14633,0x18FEF200,1,8,0F,00,00,00,00,00,00,FF
121249,14634,0x1CFDDF00,1,8,FE,FF,FF,FF,FF,FF,FF,FF
121251,14635,0x1CFF6A00,1,8,FC,FF,FF,FF,FF,FF,FF,FF
121256,14636,0xCF00400,1,8,FF,FF,FF,BE,35,FF,FF,FF
121256,14637,0xCFF6600,1,8,B7,06,FF,FF,FF,FF,FF,FF
121275,14638,0xCF00400,1,8,FF,FF,FF,5C,35,FF,FF,FF
121276,14639,0xCFF6600,1,8,AB,06,FF,FF,FF,FF,FF,FF
121295,14640,0xCF00400,1,8,FF,FF,FF,5C,35,FF,FF,FF
121296,14641,0xCFF6600,1,8,AB,06,FF,FF,FF,FF,FF,FF
121316,14642,0xCF00400,1,8,FF,FF,FF,B6,35,FF,FF,FF
121317,14643,0xCFF6600,1,8,B6,06,FF,FF,FF,FF,FF,FF
121335,14644,0xCF00400,1,8,FF,FF,FF,B6,35,FF,FF,FF
121336,14645,0xCFF6600,1,8,B6,06,FF,FF,FF,FF,FF,FF
121346,14646,0x18FEF100,1,8,3F,00,00,FF,FF,FF,FF,FF
121346,14647,0x10FF6500,1,8,FC,FF,FF,FF,FF,FF,FF,FF
121367,14648,0xCF00400,1,8,FF,FF,FF,1C,36,FF,FF,FF
121369,14649,0xCFF6600,1,8,C3,06,FF,FF,FF,FF,FF,FF
121370,14650,0x18F00500,1,8,FF,FF,FF,FF,20,2D,FF,FF
121371,14651,0x18FEF200,1,8,0F,00,00,00,00,00,00,FF
121375,14652,0xCF00400,1,8,FF,FF,FF,8C,36,FF,FF,FF
121377,14653,0xCFF6600,1,8,D1,06,FF,FF,FF,FF,FF,FF
121396,14654,0xCF00400,1,8,FF,FF,FF,8C,36,FF,FF,FF
121396,14655,0xCFF6600,1,8,D1,06,FF,FF,FF,FF,FF,FF
121415,14656,0xCF00400,1,8,FF,FF,FF,BC,36,FF,FF,FF
121415,14657,0xCFF6600,1,8,D7,06,FF,FF,FF,FF,FF,FF
121435,14658,0xCF00400,1,8,FF,FF,FF,BC,36,FF,FF,FF
121436,14659,0xCFF6600,1,8,D7,06,FF,FF,FF,FF,FF,FF
121446,14660,0x18FEF100,1,8,3F,00,00,FF,FF,FF,FF,FF
121447,14661,0x18F00500,1,8,FF,FF,FF,FF,20,2D,FF,FF
121448,14662,0x18FEF200,1,8,0F,00,00,00,00,00,00,FF
121455,14663,0xCF00400,1,8,FF,FF,FF,AE,36,FF,FF,FF
121456,14664,0xCFF6600,1,8,D5,06,FF,FF,FF,FF,FF,FF
121475,14665,0xCF00400,1,8,FF,FF,FF,AE,36,FF,FF,FF
121501,14666,0xCFF6600,1,8,D5,06,FF,FF,FF,FF,FF,FF
121502,14667,0x18EEFF00,1,8,08,CF,60,06,00,00,00,00
121515,14668,0xCF00400,1,8,FF,FF,FF,5C,36,FF,FF,FF
121515,14669,0xCFF6600,1,8,CB,06,FF,FF,FF,FF,FF,FF
121535,14670,0xCF00400,1,8,FF,FF,FF,5C,36,FF,FF,FF
121535,14671,0xCFF6600,1,8,CB,06,FF,FF,FF,FF,FF,FF
121546,14672,0x18FEF100,1,8,3F,00,00,FF,FF,FF,FF,FF
121546,14673,0x10FF6500,1,8,FC,FF,FF,FF,FF,FF,FF,FF
121547,14674,0x18F00500,1,8,FF,FF,FF,FF,20,2D,FF,FF
121547,14675,0x18FEF200,1,8,0F,00,00,00,00,00,00,FF
121555,14676,0xCF00400,1,8,FF,FF,FF,3A,36,FF,FF,FF
121556,14677,0xCFF6600,1,8,C7,06,FF,FF,FF,FF,FF,FF
121576,14678,0xCF00400,1,8,FF,FF,FF,3A,36,FF,FF,FF
121577,14679,0xCFF6600,1,8,C7,06,FF,FF,FF,FF,FF,FF
121595,14680,0xCF00400,1,8,FF,FF,FF,2E,36,FF,FF,FF
121596,14681,0xCFF6600,1,8,C5,06,FF,FF,FF,FF,FF,FF
121615,14682,0xCF00400,1,8,FF,FF,FF,7A,36,FF,FF,FF
121616,14683,0xCFF6600,1,8,CF,06,FF,FF,FF,FF,FF,FF
121657,14684,0xCF00400,1,8,FF,FF,FF,7A,36,FF,FF,FF
121657,14685,0xCFF6600,1,8,CF,06,FF,FF,FF,FF,FF,FF
121658,14686,0x18EEFF00,1,8,08,CF,60,06,00,00,00,00
