# timestamp_ms,seq,id,ext,len,d0,d1,d2,d3,d4,d5,d6,d7
1278998,130465,0x18EEFF00,1,8,08,CF,60,06,00,00,00,00
1279298,130466,0xCF00400,1,8,FF,FF,FF,00,00,FF,FF,FF
1279299,130467,0xCFF6600,1,8,00,00,FF,FF,FF,FF,FF,FF
1279318,130468,0xCF00400,1,8,FF,FF,FF,00,00,FF,FF,FF
1279319,130469,0xCFF6600,1,8,00,00,FF,FF,FF,FF,FF,FF
1279338,130470,0xCF00400,1,8,FF,FF,FF,00,00,FF,FF,FF
1279339,130471,0xCFF6600,1,8,00,00,FF,FF,FF,FF,FF,FF
1279358,130472,0xCF00400,1,8,FF,FF,FF,00,00,FF,FF,FF
1279359,130473,0xCFF6600,1,8,00,00,FF,FF,FF,FF,FF,FF
1279369,130474,0x18FEF100,1,8,3F,00,00,FF,FF,FF,FF,FF
1279370,130475,0x18F00500,1,8,FF,FF,FF,FF,20,2D,FF,FF
1279370,130476,0x18FEF200,1,8,00,00,00,FB,00,00,00,FF
1279378,130477,0xCF00400,1,8,FF,FF,FF,00,00,FF,FF,FF
1279379,130478,0xCFF6600,1,8,00,00,FF,FF,FF,FF,FF,FF
1279398,130479,0xCF00400,1,8,FF,FF,FF,00,00,FF,FF,FF
1279399,130480,0xCFF6600,1,8,00,00,FF,FF,FF,FF,FF,FF
1279418,130481,0xCF00400,1,8,FF,FF,FF,00,00,FF,FF,FF
1279419,130482,0xCFF6600,1,8,00,00,FF,FF,FF,FF,FF,FF
1279438,130483,0xCF00400,1,8,FF,FF,FF,00,00,FF,FF,FF
1279439,130484,0xCFF6600,1,8,00,00,FF,FF,FF,FF,FF,FF
1279458,130485,0xCF00400,1,8,FF,FF,FF,00,00,FF,FF,FF
1279459,130486,0xCFF6600,1,8,00,00,FF,FF,FF,FF,FF,FF
1279469,130487,0x18FEF100,1,8,3F,00,00,FF,FF,FF,FF,FF
1279470,130488,0x10FF6500,1,8,FC,FF,FF,FF,FF,FF,FF,FF
1279470,130489,0x18F00500,1,8,FF,FF,FF,FF,20,2D,FF,FF
1279471,130490,0x18FEF200,1,8,00,00,00,FB,00,00,00,FF
1279478,130491,0xCF00400,1,8,FF,FF,FF,00,00,FF,FF,FF
1279479,130492,0xCFF6600,1,8,00,00,FF,FF,FF,FF,FF,FF
1279498,130493,0xCF00400,1,8,FF,FF,FF,00,00,FF,FF,FF
1279499,130494,0xCFF6600,1,8,00,00,FF,FF,FF,FF,FF,FF
1279518,130495,0xCF00400,1,8,FF,FF,FF,00,00,FF,FF,FF
1279519,130496,0xCFF6600,1,8,00,00,FF,FF,FF,FF,FF,FF
1279538,130497,0xCF00400,1,8,FF,FF,FF,00,00,FF,FF,FF
1279539,130498,0xCFF6600,1,8,00,00,FF,FF,FF,FF,FF,FF
1279558,130499,0xCF00400,1,8,FF,FF,FF,00,00,FF,FF,FF
1279559,130500,0xCFF6600,1,8,00,00,FF,FF,FF,FF,FF,FF
1279569,130501,0x18FEF100,1,8,3F,00,00,FF,FF,FF,FF,FF
1279570,130502,0x18F00500,1,8,FF,FF,FF,FF,20,2D,FF,FF
1279570,130503,0x18FEF200,1,8,00,00,00,FB,00,00,00,FF
1279578,130504,0xCF00400,1,8,FF,FF,FF,00,00,FF,FF,FF
1279579,130505,0xCFF6600,1,8,00,00,FF,FF,FF,FF,FF,FF
1279598,130506,0xCF00400,1,8,FF,FF,FF,00,00,FF,FF,FF
1279599,130507,0xCFF6600,1,8,00,00,FF,FF,FF,FF,FF,FF
1279618,130508,0xCF00400,1,8,FF,FF,FF,00,00,FF,FF,FF
1279619,130509,0xCFF6600,1,8,00,00,FF,FF,FF,FF,FF,FF
1279638,130510,0xCF00400,1,8,FF,FF,FF,00,00,FF,FF,FF
1279639,130511,0xCFF6600,1,8,00,00,FF,FF,FF,FF,FF,FF
1279658,130512,0xCF00400,1,8,FF,FF,FF,00,00,FF,FF,FF
1279659,130513,0xCFF6600,1,8,00,00,FF,FF,FF,FF,FF,FF
1279669,130514,0x18FEF100,1,8,3F,00,00,FF,FF,FF,FF,FF
1279670,130515,0x10FF6500,1,8,FC,FF,FF,FF,FF,FF,FF,FF
1279670,130516,0x18F00500,1,8,FF,FF,FF,FF,20,2D,FF,FF
1279671,130517,0x18FEF200,1,8,00,00,00,FB,00,00,00,FF
1279678,130518,0xCF00400,1,8,FF,FF,FF,00,00,FF,FF,FF
1279679,130519,0xCFF6600,1,8,00,00,FF,FF,FF,FF,FF,FF
1279698,130520,0xCF00400,1,8,FF,FF,FF,00,00,FF,FF,FF
1279699,130521,0xCFF6600,1,8,00,00,FF,FF,FF,FF,FF,FF
1279718,130522,0xCF00400,1,8,FF,FF,FF,00,00,FF,FF,FF
1279719,130523,0xCFF6600,1,8,00,00,FF,FF,FF,FF,FF,FF
1279738,130524,0xCF00400,1,8,FF,FF,FF,00,00,FF,FF,FF
1279739,130525,0xCFF6600,1,8,00,00,FF,FF,FF,FF,FF,FF
1279758,130526,0xCF00400,1,8,FF,FF,FF,00,00,FF,FF,FF
1279759,130527,0xCFF6600,1,8,00,00,FF,FF,FF,FF,FF,FF
1279769,130528,0x18FEF100,1,8,3F,00,00,FF,FF,FF,FF,FF
1279770,130529,0x18F00500,1,8,FF,FF,FF,FF,20,2D,FF,FF
1279770,130530,0x18F00600,1,8,FF,FF,FF,FF,FF,FF,FF,FF
1279771,130531,0x18FEF200,1,8,00,00,00,FB,00,00,00,FF
1279771,130532,0x1CFDDF00,1,8,FE,FF,FF,FF,FF,FF,FF,FF
1279772,130533,0x1CFF6A00,1,8,FC,FF,FF,FF,FF,FF,FF,FF
1279778,130534,0xCF00400,1,8,FF,FF,FF,00,00,FF,FF,FF
1279779,130535,0xCFF6600,1,8,00,00,FF,FF,FF,FF,FF,FF
1279798,130536,0xCF00400,1,8,FF,FF,FF,00,00,FF,FF,FF
1279799,130537,0xCFF6600,1,8,00,00,FF,FF,FF,FF,FF,FF
1279818,130538,0xCF00400,1,8,FF,FF,FF,00,00,FF,FF,FF
1279819,130539,0xCFF6600,1,8,00,00,FF,FF,FF,FF,FF,FF
1279838,130540,0xCF00400,1,8,FF,FF,FF,00,00,FF,FF,FF
1279839,130541,0xCFF6600,1,8,00,00,FF,FF,FF,FF,FF,FF
1279858,130542,0xCF00400,1,8,FF,FF,FF,00,00,FF,FF,FF
1279859,130543,0xCFF6600,1,8,00,00,FF,FF,FF,FF,FF,FF
1279869,130544,0x18FEF100,1,8,3F,00,00,FF,FF,FF,FF,FF
1279870,130545,0x10FF6500,1,8,FC,FF,FF,FF,FF,FF,FF,FF
1279870,130546,0x18F00500,1,8,FF,FF,FF,FF,20,2D,FF,FF
1279871,130547,0x18FEF200,1,8,00,00,00,FB,00,00,00,FF
1279878,130548,0xCF00400,1,8,FF,FF,FF,00,00,FF,FF,FF
1279879,130549,0xCFF6600,1,8,00,00,FF,FF,FF,FF,FF,FF
1279898,130550,0xCF00400,1,8,FF,FF,FF,00,00,FF,FF,FF
1279899,130551,0xCFF6600,1,8,00,00,FF,FF,FF,FF,FF,FF
1279918,130552,0xCF00400,1,8,FF,FF,FF,00,00,FF,FF,FF
1279919,130553,0xCFF6600,1,8,00,00,FF,FF,FF,FF,FF,FF
1279928,130554,0x18FEEE00,1,8,65,FF,FF,FF,FF,FF,FF,FF
1279929,130555,0x18FDE500,1,8,0A,14,1E,28,32,3C,46,13
1279938,130556,0xCF00400,1,8,FF,FF,FF,00,00,FF,FF,FF
1279939,130557,0xCFF6600,1,8,00,00,FF,FF,FF,FF,FF,FF
1279948,130558,0x1CECFF00,1,8,20,0A,00,02,FF,CA,FE,00
1279958,130559,0xCF00400,1,8,FF,FF,FF,00,00,FF,FF,FF
1279959,130560,0xCFF6600,1,8,00,00,FF,FF,FF,FF,FF,FF
1279969,130561,0x18FEF100,1,8,3F,00,00,FF,FF,FF,FF,FF
1279970,130562,0x18F00500,1,8,FF,FF,FF,FF,20,2D,FF,FF
1279970,130563,0x18FEF200,1,8,00,00,00,FB,00,00,00,FF
1279978,130564,0xCF00400,1,8,FF,FF,FF,00,00,FF,FF,FF
1279979,130565,0xCFF6600,1,8,00,00,FF,FF,FF,FF,FF,FF
1279998,130566,0xCF00400,1,8,FF,FF,FF,00,00,FF,FF,FF
1279999,130567,0xCFF6600,1,8,00,00,FF,FF,FF,FF,FF,FF
1279999,130568,0x1CEBFF00,1,8,01,40,FF,0F,F0,E5,01,02
1280018,130569,0xCF00400,1,8,FF,FF,FF,00,00,FF,FF,FF
1280019,130570,0xCFF6600,1,8,00,00,FF,FF,FF,FF,FF,FF
1280038,130571,0xCF00400,1,8,FF,FF,FF,00,00,FF,FF,FF
1280039,130572,0xCFF6600,1,8,00,00,FF,FF,FF,FF,FF,FF
1280048,130573,0x1CEBFF00,1,8,02,F0,E3,01,FF,FF,FF,FF
1280058,130574,0xCF00400,1,8,FF,FF,FF,00,00,FF,FF,FF
1280059,130575,0xCFF6600,1,8,00,00,FF,FF,FF,FF,FF,FF
1280069,130576,0x18FEF100,1,8,3F,00,00,FF,FF,FF,FF,FF
1280070,130577,0x10FF6500,1,8,FC,FF,FF,FF,FF,FF,FF,FF
1280070,130578,0x18F00500,1,8,FF,FF,FF,FF,20,2D,FF,FF
1280071,130579,0x18FEF200,1,8,00,00,00,FB,00,00,00,FF
1280078,130580,0xCF00400,1,8,FF,FF,FF,00,00,FF,FF,FF
1280079,130581,0xCFF6600,1,8,00,00,FF,FF,FF,FF,FF,FF
1280098,130582,0xCF00400,1,8,FF,FF,FF,00,00,FF,FF,FF
1280099,130583,0xCFF6600,1,8,00,00,FF,FF,FF,FF,FF,FF
1280118,130584,0xCF00400,1,8,FF,FF,FF,00,00,FF,FF,FF
1280119,130585,0xCFF6600,1,8,00,00,FF,FF,FF,FF,FF,FF
1280138,130586,0xCF00400,1,8,FF,FF,FF,00,00,FF,FF,FF
1280139,130587,0xCFF6600,1,8,00,00,FF,FF,FF,FF,FF,FF
1280158,130588,0xCF00400,1,8,FF,FF,FF,00,00,FF,FF,FF
1280159,130589,0xCFF6600,1,8,00,00,FF,FF,FF,FF,FF,FF
1280169,130590,0x18FEF100,1,8,3F,00,00,FF,FF,FF,FF,FF
1280170,130591,0x18F00500,1,8,FF,FF,FF,FF,20,2D,FF,FF
1280170,130592,0x18FEF200,1,8,00,00,00,FB,00,00,00,FF
1280178,130593,0xCF00400,1,8,FF,FF,FF,00,00,FF,FF,FF
1280179,130594,0xCFF6600,1,8,00,00,FF,FF,FF,FF,FF,FF
1280198,130595,0xCF00400,1,8,FF,FF,FF,00,00,FF,FF,FF
1280199,130596,0xCFF6600,1,8,00,00,FF,FF,FF,FF,FF,FF
1280218,130597,0xCF00400,1,8,FF,FF,FF,00,00,FF,FF,FF
1280219,130598,0xCFF6600,1,8,00,00,FF,FF,FF,FF,FF,FF
1280238,130599,0xCF00400,1,8,FF,FF,FF,00,00,FF,FF,FF
1280239,130600,0xCFF6600,1,8,00,00,FF,FF,FF,FF,FF,FF
1280258,130601,0xCF00400,1,8,FF,FF,FF,00,00,FF,FF,FF
1280259,130602,0xCFF6600,1,8,00,00,FF,FF,FF,FF,FF,FF
1280269,130603,0x18FEF100,1,8,3F,00,00,FF,FF,FF,FF,FF
1280270,130604,0x10FF6500,1,8,FC,FF,FF,FF,FF,FF,FF,FF
1280270,130605,0x18F00500,1,8,FF,FF,FF,FF,20,2D,FF,FF
1280271,130606,0x18F00600,1,8,FF,FF,FF,FF,FF,FF,FF,FF
1280271,130607,0x18FEF200,1,8,00,00,00,FB,00,00,00,FF
1280272,130608,0x1CFDDF00,1,8,FE,FF,FF,FF,FF,FF,FF,FF
1280272,130609,0x1CFF6A00,1,8,FC,FF,FF,FF,FF,FF,FF,FF
1280278,130610,0xCF00400,1,8,FF,FF,FF,00,00,FF,FF,FF
1280279,130611,0xCFF6600,1,8,00,00,FF,FF,FF,FF,FF,FF
1280298,130612,0xCF00400,1,8,FF,FF,FF,00,00,FF,FF,FF
1280299,130613,0xCFF6600,1,8,00,00,FF,FF,FF,FF,FF,FF
1280318,130614,0xCF00400,1,8,FF,FF,FF,00,00,FF,FF,FF
1280319,130615,0xCFF6600,1,8,00,00,FF,FF,FF,FF,FF,FF
1280338,130616,0xCF00400,1,8,FF,FF,FF,00,00,FF,FF,FF
1280339,130617,0xCFF6600,1,8,00,00,FF,FF,FF,FF,FF,FF
1280358,130618,0xCF00400,1,8,FF,FF,FF,00,00,FF,FF,FF
1280359,130619,0xCFF6600,1,8,00,00,FF,FF,FF,FF,FF,FF
1280369,130620,0x18FEF100,1,8,3F,00,00,FF,FF,FF,FF,FF
1280370,130621,0x18F00500,1,8,FF,FF,FF,FF,20,2D,FF,FF
1280370,130622,0x18FEF200,1,8,00,00,00,FB,00,00,00,FF
1280378,130623,0xCF00400,1,8,FF,FF,FF,00,00,FF,FF,FF
1280379,130624,0xCFF6600,1,8,00,00,FF,FF,FF,FF,FF,FF
1280398,130625,0xCF00400,1,8,FF,FF,FF,00,00,FF,FF,FF
1280399,130626,0xCFF6600,1,8,00,00,FF,FF,FF,FF,FF,FF
1280418,130627,0xCF00400,1,8,FF,FF,FF,00,00,FF,FF,FF
1280419,130628,0xCFF6600,1,8,00,00,FF,FF,FF,FF,FF,FF
1280438,130629,0xCF00400,1,8,FF,FF,FF,00,00,FF,FF,FF
1280439,130630,0xCFF6600,1,8,00,00,FF,FF,FF,FF,FF,FF
1280458,130631,0xCF00400,1,8,FF,FF,FF,00,00,FF,FF,FF
1280459,130632,0xCFF6600,1,8,00,00,FF,FF,FF,FF,FF,FF
1280469,130633,0x18FEF100,1,8,3F,00,00,FF,FF,FF,FF,FF
1280470,130634,0x10FF6500,1,8,FC,FF,FF,FF,FF,FF,FF,FF
1280470,130635,0x18F00500,1,8,FF,FF,FF,FF,20,2D,FF,FF
1280471,130636,0x18FEF200,1,8,00,00,00,FB,00,00,00,FF
1280478,130637,0xCF00400,1,8,FF,FF,FF,00,00,FF,FF,FF
1280479,130638,0xCFF6600,1,8,00,00,FF,FF,FF,FF,FF,FF
1280498,130639,0xCF00400,1,8,FF,FF,FF,00,00,FF,FF,FF
1280499,130640,0xCFF6600,1,8,00,00,FF,FF,FF,FF,FF,FF
1280518,130641,0xCF00400,1,8,FF,FF,FF,00,00,FF,FF,FF
1280519,130642,0xCFF6600,1,8,00,00,FF,FF,FF,FF,FF,FF
1280538,130643,0xCF00400,1,8,FF,FF,FF,00,00,FF,FF,FF
1280539,130644,0xCFF6600,1,8,00,00,FF,FF,FF,FF,FF,FF
1280558,130645,0xCF00400,1,8,FF,FF,FF,00,00,FF,FF,FF
1280559,130646,0xCFF6600,1,8,00,00,FF,FF,FF,FF,FF,FF
1280569,130647,0x18FEF100,1,8,3F,00,00,FF,FF,FF,FF,FF
1280570,130648,0x18F00500,1,8,FF,FF,FF,FF,20,2D,FF,FF
1280570,130649,0x18FEF200,1,8,00,00,00,FB,00,00,00,FF
1280578,130650,0xCF00400,1,8,FF,FF,FF,00,00,FF,FF,FF
1280579,130651,0xCFF6600,1,8,00,00,FF,FF,FF,FF,FF,FF
1280598,130652,0xCF00400,1,8,FF,FF,FF,00,00,FF,FF,FF
1280599,130653,0xCFF6600,1,8,00,00,FF,FF,FF,FF,FF,FF
1280618,130654,0xCF00400,1,8,FF,FF,FF,00,00,FF,FF,FF
1280619,130655,0xCFF6600,1,8,00,00,FF,FF,FF,FF,FF,FF
1280638,130656,0xCF00400,1,8,FF,FF,FF,00,00,FF,FF,FF
1280639,130657,0xCFF6600,1,8,00,00,FF,FF,FF,FF,FF,FF
1280658,130658,0xCF00400,1,8,FF,FF,FF,00,00,FF,FF,FF
1280659,130659,0xCFF6600,1,8,00,00,FF,FF,FF,FF,FF,FF
1280669,130660,0x18FEF100,1,8,3F,00,00,FF,FF,FF,FF,FF
1280670,130661,0x10FF6500,1,8,FC,FF,FF,FF,FF,FF,FF,FF
1280670,130662,0x18F00500,1,8,FF,FF,FF,FF,20,2D,FF,FF
1280671,130663,0x18FEF200,1,8,00,00,00,FB,00,00,00,FF
1280678,130664,0xCF00400,1,8,FF,FF,FF,00,00,FF,FF,FF
1280679,130665,0xCFF6600,1,8,00,00,FF,FF,FF,FF,FF,FF
1280698,130666,0xCF00400,1,8,FF,FF,FF,00,00,FF,FF,FF
1280699,130667,0xCFF6600,1,8,00,00,FF,FF,FF,FF,FF,FF
1280718,130668,0xCF00400,1,8,FF,FF,FF,00,00,FF,FF,FF
1280719,130669,0xCFF6600,1,8,00,00,FF,FF,FF,FF,FF,FF
1280738,130670,0xCF00400,1,8,FF,FF,FF,00,00,FF,FF,FF
1280739,130671,0xCFF6600,1,8,00,00,FF,FF,FF,FF,FF,FF
1280758,130672,0xCF00400,1,8,FF,FF,FF,00,00,FF,FF,FF
1280759,130673,0xCFF6600,1,8,00,00,FF,FF,FF,FF,FF,FF
1280769,130674,0x18FEF100,1,8,3F,00,00,FF,FF,FF,FF,FF
1280770,130675,0x18F00500,1,8,FF,FF,FF,FF,20,2D,FF,FF
1280770,130676,0x18F00600,1,8,FF,FF,FF,FF,FF,FF,FF,FF
1280771,130677,0x18FEF200,1,8,00,00,00,FB,00,00,00,FF
1280771,130678,0x1CFDDF00,1,8,FE,FF,FF,FF,FF,FF,FF,FF
1280772,130679,0x1CFF6A00,1,8,FC,FF,FF,FF,FF,FF,FF,FF
1280778,130680,0xCF00400,1,8,FF,FF,FF,00,00,FF,FF,FF
1280779,130681,0xCFF6600,1,8,00,00,FF,FF,FF,FF,FF,FF
1280798,130682,0xCF00400,1,8,FF,FF,FF,00,00,FF,FF,FF
1280799,130683,0xCFF6600,1,8,00,00,FF,FF,FF,FF,FF,FF
1280818,130684,0xCF00400,1,8,FF,FF,FF,00,00,FF,FF,FF
1280819,130685,0xCFF6600,1,8,00,00,FF,FF,FF,FF,FF,FF
1280838,130686,0xCF00400,1,8,FF,FF,FF,00,00,FF,FF,FF
1280839,130687,0xCFF6600,1,8,00,00,FF,FF,FF,FF,FF,FF
1280858,130688,0xCF00400,1,8,FF,FF,FF,00,00,FF,FF,FF
1280859,130689,0xCFF6600,1,8,00,00,FF,FF,FF,FF,FF,FF
1280869,130690,0x18FEF100,1,8,3F,00,00,FF,FF,FF,FF,FF
1280870,130691,0x10FF6500,1,8,FC,FF,FF,FF,FF,FF,FF,FF
1280870,130692,0x18F00500,1,8,FF,FF,FF,FF,20,2D,FF,FF
1280871,130693,0x18FEF200,1,8,00,00,00,FB,00,00,00,FF
1280878,130694,0xCF00400,1,8,FF,FF,FF,00,00,FF,FF,FF
1280879,130695,0xCFF6600,1,8,00,00,FF,FF,FF,FF,FF,FF
1280898,130696,0xCF00400,1,8,FF,FF,FF,00,00,FF,FF,FF
1280899,130697,0xCFF6600,1,8,00,00,FF,FF,FF,FF,FF,FF
1280918,130698,0xCF00400,1,8,FF,FF,FF,00,00,FF,FF,FF
1280919,130699,0xCFF6600,1,8,00,00,FF,FF,FF,FF,FF,FF
1280928,130700,0x18FEEE00,1,8,65,FF,FF,FF,FF,FF,FF,FF
1280929,130701,0x18FDE500,1,8,0A,14,1E,28,32,3C,46,13
1280938,130702,0xCF00400,1,8,FF,FF,FF,00,00,FF,FF,FF
1280939,130703,0xCFF6600,1,8,00,00,FF,FF,FF,FF,FF,FF
1280948,130704,0x1CECFF00,1,8,20,0A,00,02,FF,CA,FE,00
1280958,130705,0xCF00400,1,8,FF,FF,FF,00,00,FF,FF,FF
1280959,130706,0xCFF6600,1,8,00,00,FF,FF,FF,FF,FF,FF
1280969,130707,0x18FEF100,1,8,3F,00,00,FF,FF,FF,FF,FF
1280970,130708,0x18F00500,1,8,FF,FF,FF,FF,20,2D,FF,FF
1280970,130709,0x18FEF200,1,8,00,00,00,FB,00,00,00,FF
1280978,130710,0xCF00400,1,8,FF,FF,FF,00,00,FF,FF,FF
1280979,130711,0xCFF6600,1,8,00,00,FF,FF,FF,FF,FF,FF
1280998,130712,0xCF00400,1,8,FF,FF,FF,00,00,FF,FF,FF
1280999,130713,0xCFF6600,1,8,00,00,FF,FF,FF,FF,FF,FF
1280999,130714,0x1CEBFF00,1,8,01,40,FF,0F,F0,E5,01,02
1281018,130715,0xCF00400,1,8,FF,FF,FF,00,00,FF,FF,FF
1281019,130716,0xCFF6600,1,8,00,00,FF,FF,FF,FF,FF,FF
1281038,130717,0xCF00400,1,8,FF,FF,FF,00,00,FF,FF,FF
1281039,130718,0xCFF6600,1,8,00,00,FF,FF,FF,FF,FF,FF
1281048,130719,0x1CEBFF00,1,8,02,F0,E3,01,FF,FF,FF,FF
1281058,130720,0xCF00400,1,8,FF,FF,FF,00,00,FF,FF,FF
1281059,130721,0xCFF6600,1,8,00,00,FF,FF,FF,FF,FF,FF
1281069,130722,0x18FEF100,1,8,3F,00,00,FF,FF,FF,FF,FF
1281070,130723,0x10FF6500,1,8,FC,FF,FF,FF,FF,FF,FF,FF
1281070,130724,0x18F00500,1,8,FF,FF,FF,FF,20,2D,FF,FF
1281071,130725,0x18FEF200,1,8,00,00,00,FB,00,00,00,FF
1281078,130726,0xCF00400,1,8,FF,FF,FF,00,00,FF,FF,FF
1281079,130727,0xCFF6600,1,8,00,00,FF,FF,FF,FF,FF,FF
1281098,130728,0xCF00400,1,8,FF,FF,FF,00,00,FF,FF,FF
1281099,130729,0xCFF6600,1,8,00,00,FF,FF,FF,FF,FF,FF
1281118,130730,0xCF00400,1,8,FF,FF,FF,00,00,FF,FF,FF
1281119,130731,0xCFF6600,1,8,00,00,FF,FF,FF,FF,FF,FF
1281138,130732,0xCF00400,1,8,FF,FF,FF,00,00,FF,FF,FF
1281139,130733,0xCFF6600,1,8,00,00,FF,FF,FF,FF,FF,FF
1281158,130734,0xCF00400,1,8,FF,FF,FF,00,00,FF,FF,FF
1281159,130735,0xCFF6600,1,8,00,00,FF,FF,FF,FF,FF,FF
1281169,130736,0x18FEF100,1,8,3F,00,00,FF,FF,FF,FF,FF
1281170,130737,0x18F00500,1,8,FF,FF,FF,FF,20,2D,FF,FF
1281170,130738,0x18FEF200,1,8,00,00,00,FB,00,00,00,FF
1281178,130739,0xCF00400,1,8,FF,FF,FF,00,00,FF,FF,FF
1281179,130740,0xCFF6600,1,8,00,00,FF,FF,FF,FF,FF,FF
1281198,130741,0xCF00400,1,8,FF,FF,FF,00,00,FF,FF,FF
1281199,130742,0xCFF6600,1,8,00,00,FF,FF,FF,FF,FF,FF
1281218,130743,0xCF00400,1,8,FF,FF,FF,00,00,FF,FF,FF
1281219,130744,0xCFF6600,1,8,00,00,FF,FF,FF,FF,FF,FF
1281238,130745,0xCF00400,1,8,FF,FF,FF,00,00,FF,FF,FF
1281239,130746,0xCFF6600,1,8,00,00,FF,FF,FF,FF,FF,FF
1281258,130747,0xCF00400,1,8,FF,FF,FF,00,00,FF,FF,FF
1281259,130748,0xCFF6600,1,8,00,00,FF,FF,FF,FF,FF,FF
1281269,130749,0x18FEF100,1,8,3F,00,00,FF,FF,FF,FF,FF
1281270,130750,0x10FF6500,1,8,FC,FF,FF,FF,FF,FF,FF,FF
1281270,130751,0x18F00500,1,8,FF,FF,FF,FF,20,2D,FF,FF
1281271,130752,0x18F00600,1,8,FF,FF,FF,FF,FF,FF,FF,FF
1281271,130753,0x18FEF200,1,8,00,00,00,FB,00,00,00,FF
1281272,130754,0x1CFDDF00,1,8,FE,FF,FF,FF,FF,FF,FF,FF
1281272,130755,0x1CFF6A00,1,8,FC,FF,FF,FF,FF,FF,FF,FF
1281278,130756,0xCF00400,1,8,FF,FF,FF,00,00,FF,FF,FF
1281279,130757,0xCFF6600,1,8,00,00,FF,FF,FF,FF,FF,FF
1281298,130758,0xCF00400,1,8,FF,FF,FF,00,00,FF,FF,FF
1281299,130759,0xCFF6600,1,8,00,00,FF,FF,FF,FF,FF,FF
1281318,130760,0xCF00400,1,8,FF,FF,FF,00,00,FF,FF,FF
1281319,130761,0xCFF6600,1,8,00,00,FF,FF,FF,FF,FF,FF
1281338,130762,0xCF00400,1,8,FF,FF,FF,00,00,FF,FF,FF
1281339,130763,0xCFF6600,1,8,00,00,FF,FF,FF,FF,FF,FF
1281358,130764,0xCF00400,1,8,FF,FF,FF,00,00,FF,FF,FF
1281359,130765,0xCFF6600,1,8,00,00,FF,FF,FF,FF,FF,FF
1281369,130766,0x18FEF100,1,8,3F,00,00,FF,FF,FF,FF,FF
1281370,130767,0x18F00500,1,8,FF,FF,FF,FF,20,2D,FF,FF
1281370,130768,0x18FEF200,1,8,00,00,00,FB,00,00,00,FF
1281378,130769,0xCF00400,1,8,FF,FF,FF,00,00,FF,FF,FF
1281379,130770,0xCFF6600,1,8,00,00,FF,FF,FF,FF,FF,FF
1281398,130771,0xCF00400,1,8,FF,FF,FF,00,00,FF,FF,FF
1281399,130772,0xCFF6600,1,8,00,00,FF,FF,FF,FF,FF,FF
1281418,130773,0xCF00400,1,8,FF,FF,FF,00,00,FF,FF,FF
1281419,130774,0xCFF6600,1,8,00,00,FF,FF,FF,FF,FF,FF
1281438,130775,0xCF00400,1,8,FF,FF,FF,00,00,FF,FF,FF
1281439,130776,0xCFF6600,1,8,00,00,FF,FF,FF,FF,FF,FF
1281458,130777,0xCF00400,1,8,FF,FF,FF,00,00,FF,FF,FF
1281459,130778,0xCFF6600,1,8,00,00,FF,FF,FF,FF,FF,FF
1281469,130779,0x18FEF100,1,8,3F,00,00,FF,FF,FF,FF,FF
1281470,130780,0x10FF6500,1,8,FC,FF,FF,FF,FF,FF,FF,FF
1281470,130781,0x18F00500,1,8,FF,FF,FF,FF,20,2D,FF,FF
1281471,130782,0x18FEF200,1,8,00,00,00,FB,00,00,00,FF
1281478,130783,0xCF00400,1,8,FF,FF,FF,00,00,FF,FF,FF
1281479,130784,0xCFF6600,1,8,00,00,FF,FF,FF,FF,FF,FF
1281498,130785,0xCF00400,1,8,FF,FF,FF,00,00,FF,FF,FF
1281499,130786,0xCFF6600,1,8,00,00,FF,FF,FF,FF,FF,FF
1281518,130787,0xCF00400,1,8,FF,FF,FF,00,00,FF,FF,FF
1281519,130788,0xCFF6600,1,8,00,00,FF,FF,FF,FF,FF,FF
1281538,130789,0xCF00400,1,8,FF,FF,FF,00,00,FF,FF,FF
1281539,130790,0xCFF6600,1,8,00,00,FF,FF,FF,FF,FF,FF
1281558,130791,0xCF00400,1,8,FF,FF,FF,00,00,FF,FF,FF
1281559,130792,0xCFF6600,1,8,00,00,FF,FF,FF,FF,FF,FF
1281569,130793,0x18FEF100,1,8,3F,00,00,FF,FF,FF,FF,FF
1281570,130794,0x18F00500,1,8,FF,FF,FF,FF,20,2D,FF,FF
1281570,130795,0x18FEF200,1,8,00,00,00,FB,00,00,00,FF
1281578,130796,0xCF00400,1,8,FF,FF,FF,00,00,FF,FF,FF
1281579,130797,0xCFF6600,1,8,00,00,FF,FF,FF,FF,FF,FF
1281598,130798,0xCF00400,1,8,FF,FF,FF,00,00,FF,FF,FF
1281599,130799,0xCFF6600,1,8,00,00,FF,FF,FF,FF,FF,FF
1281618,130800,0xCF00400,1,8,FF,FF,FF,00,00,FF,FF,FF
1281619,130801,0xCFF6600,1,8,00,00,FF,FF,FF,FF,FF,FF
1281638,130802,0xCF00400,1,8,FF,FF,FF,00,00,FF,FF,FF
1281639,130803,0xCFF6600,1,8,00,00,FF,FF,FF,FF,FF,FF
1281658,130804,0xCF00400,1,8,FF,FF,FF,00,00,FF,FF,FF
1281659,130805,0xCFF6600,1,8,00,00,FF,FF,FF,FF,FF,FF
1281669,130806,0x18FEF100,1,8,3F,00,00,FF,FF,FF,FF,FF
1281670,130807,0x10FF6500,1,8,FC,FF,FF,FF,FF,FF,FF,FF
1281670,130808,0x18F00500,1,8,FF,FF,FF,FF,20,2D,FF,FF
1281671,130809,0x18FEF200,1,8,00,00,00,FB,00,00,00,FF
1281678,130810,0xCF00400,1,8,FF,FF,FF,00,00,FF,FF,FF
1281679,130811,0xCFF6600,1,8,00,00,FF,FF,FF,FF,FF,FF
1281698,130812,0xCF00400,1,8,FF,FF,FF,00,00,FF,FF,FF
1281699,130813,0xCFF6600,1,8,00,00,FF,FF,FF,FF,FF,FF
1281718,130814,0xCF00400,1,8,FF,FF,FF,00,00,FF,FF,FF
1281719,130815,0xCFF6600,1,8,00,00,FF,FF,FF,FF,FF,FF
1281738,130816,0xCF00400,1,8,FF,FF,FF,00,00,FF,FF,FF
1281739,130817,0xCFF6600,1,8,00,00,FF,FF,FF,FF,FF,FF
1281758,130818,0xCF00400,1,8,FF,FF,FF,00,00,FF,FF,FF
1281759,130819,0xCFF6600,1,8,00,00,FF,FF,FF,FF,FF,FF
1281769,130820,0x18FEF100,1,8,3F,00,00,FF,FF,FF,FF,FF
1281770,130821,0x18F00500,1,8,FF,FF,FF,FF,20,2D,FF,FF
1281770,130822,0x18F00600,1,8,FF,FF,FF,FF,FF,FF,FF,FF
1281771,130823,0x18FEF200,1,8,00,00,00,FB,00,00,00,FF
1281771,130824,0x1CFDDF00,1,8,FE,FF,FF,FF,FF,FF,FF,FF
1281772,130825,0x1CFF6A00,1,8,FC,FF,FF,FF,FF,FF,FF,FF
1281778,130826,0xCF00400,1,8,FF,FF,FF,00,00,FF,FF,FF
1281779,130827,0xCFF6600,1,8,00,00,FF,FF,FF,FF,FF,FF
1281798,130828,0xCF00400,1,8,FF,FF,FF,00,00,FF,FF,FF
1281799,130829,0xCFF6600,1,8,00,00,FF,FF,FF,FF,FF,FF
1281818,130830,0xCF00400,1,8,FF,FF,FF,00,00,FF,FF,FF
1281819,130831,0xCFF6600,1,8,00,00,FF,FF,FF,FF,FF,FF
1281838,130832,0xCF00400,1,8,FF,FF,FF,00,00,FF,FF,FF
1281839,130833,0xCFF6600,1,8,00,00,FF,FF,FF,FF,FF,FF
1281858,130834,0xCF00400,1,8,FF,FF,FF,00,00,FF,FF,FF
1281859,130835,0xCFF6600,1,8,00,00,FF,FF,FF,FF,FF,FF
1281869,130836,0x18FEF100,1,8,3F,00,00,FF,FF,FF,FF,FF
1281870,130837,0x10FF6500,1,8,FC,FF,FF,FF,FF,FF,FF,FF
1281870,130838,0x18F00500,1,8,FF,FF,FF,FF,20,2D,FF,FF
1281871,130839,0x18FEF200,1,8,00,00,00,FB,00,00,00,FF
1281878,130840,0xCF00400,1,8,FF,FF,FF,00,00,FF,FF,FF
1281879,130841,0xCFF6600,1,8,00,00,FF,FF,FF,FF,FF,FF
1281898,130842,0xCF00400,1,8,FF,FF,FF,00,00,FF,FF,FF
1281899,130843,0xCFF6600,1,8,00,00,FF,FF,FF,FF,FF,FF
1281918,130844,0xCF00400,1,8,FF,FF,FF,00,00,FF,FF,FF
1281919,130845,0xCFF6600,1,8,00,00,FF,FF,FF,FF,FF,FF
1281928,130846,0x18FEEE00,1,8,65,FF,FF,FF,FF,FF,FF,FF
1281929,130847,0x18FDE500,1,8,0A,14,1E,28,32,3C,46,13
1281938,130848,0xCF00400,1,8,FF,FF,FF,00,00,FF,FF,FF
1281939,130849,0xCFF6600,1,8,00,00,FF,FF,FF,FF,FF,FF
1281948,130850,0x1CECFF00,1,8,20,0A,00,02,FF,CA,FE,00
1281958,130851,0xCF00400,1,8,FF,FF,FF,00,00,FF,FF,FF
1281959,130852,0xCFF6600,1,8,00,00,FF,FF,FF,FF,FF,FF
1281969,130853,0x18FEF100,1,8,3F,00,00,FF,FF,FF,FF,FF
1281970,130854,0x18F00500,1,8,FF,FF,FF,FF,20,2D,FF,FF
1281970,130855,0x18FEF200,1,8,00,00,00,FB,00,00,00,FF
1281978,130856,0xCF00400,1,8,FF,FF,FF,00,00,FF,FF,FF
1281979,130857,0xCFF6600,1,8,00,00,FF,FF,FF,FF,FF,FF
1281998,130858,0xCF00400,1,8,FF,FF,FF,00,00,FF,FF,FF
1281999,130859,0xCFF6600,1,8,00,00,FF,FF,FF,FF,FF,FF
1281999,130860,0x1CEBFF00,1,8,01,40,FF,0F,F0,E5,01,02
1282018,130861,0xCF00400,1,8,FF,FF,FF,00,00,FF,FF,FF
1282019,130862,0xCFF6600,1,8,00,00,FF,FF,FF,FF,FF,FF
1282038,130863,0xCF00400,1,8,FF,FF,FF,00,00,FF,FF,FF
1282039,130864,0xCFF6600,1,8,00,00,FF,FF,FF,FF,FF,FF
1282048,130865,0x1CEBFF00,1,8,02,F0,E3,01,FF,FF,FF,FF
1282058,130866,0xCF00400,1,8,FF,FF,FF,00,00,FF,FF,FF
1282059,130867,0xCFF6600,1,8,00,00,FF,FF,FF,FF,FF,FF
1282069,130868,0x18FEF100,1,8,3F,00,00,FF,FF,FF,FF,FF
1282070,130869,0x10FF6500,1,8,FC,FF,FF,FF,FF,FF,FF,FF
1282070,130870,0x18F00500,1,8,FF,FF,FF,FF,20,2D,FF,FF
1282071,130871,0x18FEF200,1,8,00,00,00,FB,00,00,00,FF
1282078,130872,0xCF00400,1,8,FF,FF,FF,00,00,FF,FF,FF
1282079,130873,0xCFF6600,1,8,00,00,FF,FF,FF,FF,FF,FF
1282098,130874,0xCF00400,1,8,FF,FF,FF,00,00,FF,FF,FF
1282099,130875,0xCFF6600,1,8,00,00,FF,FF,FF,FF,FF,FF
1282118,130876,0xCF00400,1,8,FF,FF,FF,00,00,FF,FF,FF
1282119,130877,0xCFF6600,1,8,00,00,FF,FF,FF,FF,FF,FF
1282138,130878,0xCF00400,1,8,FF,FF,FF,00,00,FF,FF,FF
1282139,130879,0xCFF6600,1,8,00,00,FF,FF,FF,FF,FF,FF
1282158,130880,0xCF00400,1,8,FF,FF,FF,00,00,FF,FF,FF
1282159,130881,0xCFF6600,1,8,00,00,FF,FF,FF,FF,FF,FF
1282169,130882,0x18FEF100,1,8,3F,00,00,FF,FF,FF,FF,FF
1282170,130883,0x18F00500,1,8,FF,FF,FF,FF,20,2D,FF,FF
1282170,130884,0x18FEF200,1,8,00,00,00,FB,00,00,00,FF
1282178,130885,0xCF00400,1,8,FF,FF,FF,00,00,FF,FF,FF
1282179,130886,0xCFF6600,1,8,00,00,FF,FF,FF,FF,FF,FF
1282198,130887,0xCF00400,1,8,FF,FF,FF,00,00,FF,FF,FF
1282199,130888,0xCFF6600,1,8,00,00,FF,FF,FF,FF,FF,FF
1282218,130889,0xCF00400,1,8,FF,FF,FF,00,00,FF,FF,FF
1282219,130890,0xCFF6600,1,8,00,00,FF,FF,FF,FF,FF,FF
1282238,130891,0xCF00400,1,8,FF,FF,FF,00,00,FF,FF,FF
1282239,130892,0xCFF6600,1,8,00,00,FF,FF,FF,FF,FF,FF
1282258,130893,0xCF00400,1,8,FF,FF,FF,00,00,FF,FF,FF
1282259,130894,0xCFF6600,1,8,00,00,FF,FF,FF,FF,FF,FF
1282269,130895,0x18FEF100,1,8,3F,00,00,FF,FF,FF,FF,FF
1282270,130896,0x10FF6500,1,8,FC,FF,FF,FF,FF,FF,FF,FF
1282270,130897,0x18F00500,1,8,FF,FF,FF,FF,20,2D,FF,FF
1282271,130898,0x18F00600,1,8,FF,FF,FF,FF,FF,FF,FF,FF
1282271,130899,0x18FEF200,1,8,00,00,00,FB,00,00,00,FF
1282272,130900,0x1CFDDF00,1,8,FE,FF,FF,FF,FF,FF,FF,FF
1282273,130901,0x1CFF6A00,1,8,FC,FF,FF,FF,FF,FF,FF,FF
1282278,130902,0xCF00400,1,8,FF,FF,FF,00,00,FF,FF,FF
1282279,130903,0xCFF6600,1,8,00,00,FF,FF,FF,FF,FF,FF
1282298,130904,0xCF00400,1,8,FF,FF,FF,00,00,FF,FF,FF
1282299,130905,0xCFF6600,1,8,00,00,FF,FF,FF,FF,FF,FF
1282318,130906,0xCF00400,1,8,FF,FF,FF,00,00,FF,FF,FF
1282319,130907,0xCFF6600,1,8,00,00,FF,FF,FF,FF,FF,FF
1282338,130908,0xCF00400,1,8,FF,FF,FF,00,00,FF,FF,FF
1282339,130909,0xCFF6600,1,8,00,00,FF,FF,FF,FF,FF,FF
1282378,130910,0xCF00400,1,8,FF,FF,FF,00,00,FF,FF,FF
1282379,130911,0xCFF6600,1,8,00,00,FF,FF,FF,FF,FF,FF
1282379,130912,0x18F00500,1,8,FF,FF,FF,FF,20,2D,FF,FF
1282380,130913,0x18FEF100,1,8,3F,00,00,FF,FF,FF,FF,FF
1282381,130914,0x18FEF200,1,8,00,00,00,FB,00,00,00,FF
1282398,130915,0xCF00400,1,8,FF,FF,FF,00,00,FF,FF,FF
1282399,130916,0xCFF6600,1,8,00,00,FF,FF,FF,FF,FF,FF
1282418,130917,0xCF00400,1,8,FF,FF,FF,00,00,FF,FF,FF
1282419,130918,0xCFF6600,1,8,00,00,FF,FF,FF,FF,FF,FF
1282438,130919,0xCF00400,1,8,FF,FF,FF,00,00,FF,FF,FF
1282439,130920,0xCFF6600,1,8,00,00,FF,FF,FF,FF,FF,FF
1282458,130921,0xCF00400,1,8,FF,FF,FF,00,00,FF,FF,FF
1282459,130922,0xCFF6600,1,8,00,00,FF,FF,FF,FF,FF,FF
1282469,130923,0x18FEF100,1,8,3F,00,00,FF,FF,FF,FF,FF
1282470,130924,0x10FF6500,1,8,FC,FF,FF,FF,FF,FF,FF,FF
1282470,130925,0x18F00500,1,8,FF,FF,FF,FF,20,2D,FF,FF
1282471,130926,0x18FEF200,1,8,00,00,00,FB,00,00,00,FF
1282478,130927,0xCF00400,1,8,FF,FF,FF,00,00,FF,FF,FF
1282479,130928,0xCFF6600,1,8,00,00,FF,FF,FF,FF,FF,FF
1282498,130929,0xCF00400,1,8,FF,FF,FF,00,00,FF,FF,FF
1282499,130930,0xCFF6600,1,8,00,00,FF,FF,FF,FF,FF,FF
1282518,130931,0xCF00400,1,8,FF,FF,FF,00,00,FF,FF,FF
1282519,130932,0xCFF6600,1,8,00,00,FF,FF,FF,FF,FF,FF
1282538,130933,0xCF00400,1,8,FF,FF,FF,00,00,FF,FF,FF
1282539,130934,0xCFF6600,1,8,00,00,FF,FF,FF,FF,FF,FF
1282558,130935,0xCF00400,1,8,FF,FF,FF,00,00,FF,FF,FF
1282559,130936,0xCFF6600,1,8,00,00,FF,FF,FF,FF,FF,FF
1282569,130937,0x18FEF100,1,8,3F,00,00,FF,FF,FF,FF,FF
1282570,130938,0x18F00500,1,8,FF,FF,FF,FF,20,2D,FF,FF
1282571,130939,0x18FEF200,1,8,00,00,00,FB,00,00,00,FF
1282578,130940,0xCF00400,1,8,FF,FF,FF,00,00,FF,FF,FF
1282579,130941,0xCFF6600,1,8,00,00,FF,FF,FF,FF,FF,FF
1282598,130942,0xCF00400,1,8,FF,FF,FF,00,00,FF,FF,FF
1282599,130943,0xCFF6600,1,8,00,00,FF,FF,FF,FF,FF,FF
1282618,130944,0xCF00400,1,8,FF,FF,FF,00,00,FF,FF,FF
1282619,130945,0xCFF6600,1,8,00,00,FF,FF,FF,FF,FF,FF
1282638,130946,0xCF00400,1,8,FF,FF,FF,00,00,FF,FF,FF
1282639,130947,0xCFF6600,1,8,00,00,FF,FF,FF,FF,FF,FF
1282658,130948,0xCF00400,1,8,FF,FF,FF,00,00,FF,FF,FF
1282659,130949,0xCFF6600,1,8,00,00,FF,FF,FF,FF,FF,FF
1282669,130950,0x18FEF100,1,8,3F,00,00,FF,FF,FF,FF,FF
1282670,130951,0x10FF6500,1,8,FC,FF,FF,FF,FF,FF,FF,FF
1282670,130952,0x18F00500,1,8,FF,FF,FF,FF,20,2D,FF,FF
1282671,130953,0x18FEF200,1,8,00,00,00,FB,00,00,00,FF
1282678,130954,0xCF00400,1,8,FF,FF,FF,00,00,FF,FF,FF
1282679,130955,0xCFF6600,1,8,00,00,FF,FF,FF,FF,FF,FF
1282698,130956,0xCF00400,1,8,FF,FF,FF,00,00,FF,FF,FF
1282699,130957,0xCFF6600,1,8,00,00,FF,FF,FF,FF,FF,FF
1282718,130958,0xCF00400,1,8,FF,FF,FF,00,00,FF,FF,FF
1282719,130959,0xCFF6600,1,8,00,00,FF,FF,FF,FF,FF,FF
1282738,130960,0xCF00400,1,8,FF,FF,FF,00,00,FF,FF,FF
1282739,130961,0xCFF6600,1,8,00,00,FF,FF,FF,FF,FF,FF
1282758,130962,0xCF00400,1,8,FF,FF,FF,00,00,FF,FF,FF
1282759,130963,0xCFF6600,1,8,00,00,FF,FF,FF,FF,FF,FF
1282769,130964,0x18FEF100,1,8,3F,00,00,FF,FF,FF,FF,FF
1282770,130965,0x18F00500,1,8,FF,FF,FF,FF,20,2D,FF,FF
1282771,130966,0x18F00600,1,8,FF,FF,FF,FF,FF,FF,FF,FF
1282772,130967,0x18FEF200,1,8,00,00,00,FB,00,00,00,FF
1282773,130968,0x1CFDDF00,1,8,FE,FF,FF,FF,FF,FF,FF,FF
1282774,130969,0x1CFF6A00,1,8,FC,FF,FF,FF,FF,FF,FF,FF
1282778,130970,0xCF00400,1,8,FF,FF,FF,00,00,FF,FF,FF
1282779,130971,0xCFF6600,1,8,00,00,FF,FF,FF,FF,FF,FF
1282798,130972,0xCF00400,1,8,FF,FF,FF,00,00,FF,FF,FF
1282799,130973,0xCFF6600,1,8,00,00,FF,FF,FF,FF,FF,FF
1282818,130974,0xCF00400,1,8,FF,FF,FF,00,00,FF,FF,FF
1282819,130975,0xCFF6600,1,8,00,00,FF,FF,FF,FF,FF,FF
1282838,130976,0xCF00400,1,8,FF,FF,FF,00,00,FF,FF,FF
1282839,130977,0xCFF6600,1,8,00,00,FF,FF,FF,FF,FF,FF
1282858,130978,0xCF00400,1,8,FF,FF,FF,00,00,FF,FF,FF
1282859,130979,0xCFF6600,1,8,00,00,FF,FF,FF,FF,FF,FF
1282869,130980,0x18FEF100,1,8,3F,00,00,FF,FF,FF,FF,FF
1282870,130981,0x10FF6500,1,8,FC,FF,FF,FF,FF,FF,FF,FF
1282870,130982,0x18F00500,1,8,FF,FF,FF,FF,20,2D,FF,FF
1282871,130983,0x18FEF200,1,8,00,00,00,FB,00,00,00,FF
1282878,130984,0xCF00400,1,8,FF,FF,FF,00,00,FF,FF,FF
1282879,130985,0xCFF6600,1,8,00,00,FF,FF,FF,FF,FF,FF
1282898,130986,0xCF00400,1,8,FF,FF,FF,00,00,FF,FF,FF
1282899,130987,0xCFF6600,1,8,00,00,FF,FF,FF,FF,FF,FF
1282918,130988,0xCF00400,1,8,FF,FF,FF,00,00,FF,FF,FF
1282919,130989,0xCFF6600,1,8,00,00,FF,FF,FF,FF,FF,FF
1282928,130990,0x18FEEE00,1,8,65,FF,FF,FF,FF,FF,FF,FF
1282929,130991,0x18FDE500,1,8,0A,14,1E,28,32,3C,46,13
1282938,130992,0xCF00400,1,8,FF,FF,FF,00,00,FF,FF,FF
1282939,130993,0xCFF6600,1,8,00,00,FF,FF,FF,FF,FF,FF
1282948,130994,0x1CECFF00,1,8,20,0A,00,02,FF,CA,FE,00
1282958,130995,0xCF00400,1,8,FF,FF,FF,00,00,FF,FF,FF
1282959,130996,0xCFF6600,1,8,00,00,FF,FF,FF,FF,FF,FF
1282969,130997,0x18FEF100,1,8,3F,00,00,FF,FF,FF,FF,FF
1282970,130998,0x18F00500,1,8,FF,FF,FF,FF,20,2D,FF,FF
1282970,130999,0x18FEF200,1,8,00,00,00,FB,00,00,00,FF
1282978,131000,0xCF00400,1,8,FF,FF,FF,00,00,FF,FF,FF
1282979,131001,0xCFF6600,1,8,00,00,FF,FF,FF,FF,FF,FF
1282998,131002,0xCF00400,1,8,FF,FF,FF,00,00,FF,FF,FF
1282999,131003,0xCFF6600,1,8,00,00,FF,FF,FF,FF,FF,FF
1283000,131004,0x1CEBFF00,1,8,01,40,FF,0F,F0,E5,01,02
1283018,131005,0xCF00400,1,8,FF,FF,FF,00,00,FF,FF,FF
1283019,131006,0xCFF6600,1,8,00,00,FF,FF,FF,FF,FF,FF
1283038,131007,0xCF00400,1,8,FF,FF,FF,00,00,FF,FF,FF
1283039,131008,0xCFF6600,1,8,00,00,FF,FF,FF,FF,FF,FF
1283048,131009,0x1CEBFF00,1,8,02,F0,E3,01,FF,FF,FF,FF
1283058,131010,0xCF00400,1,8,FF,FF,FF,00,00,FF,FF,FF
1283059,131011,0xCFF6600,1,8,00,00,FF,FF,FF,FF,FF,FF
1283069,131012,0x18FEF100,1,8,3F,00,00,FF,FF,FF,FF,FF
1283070,131013,0x10FF6500,1,8,FC,FF,FF,FF,FF,FF,FF,FF
1283070,131014,0x18F00500,1,8,FF,FF,FF,FF,20,2D,FF,FF
1283071,131015,0x18FEF200,1,8,00,00,00,FB,00,00,00,FF
1283078,131016,0xCF00400,1,8,FF,FF,FF,00,00,FF,FF,FF
1283079,131017,0xCFF6600,1,8,00,00,FF,FF,FF,FF,FF,FF
1283098,131018,0xCF00400,1,8,FF,FF,FF,00,00,FF,FF,FF
1283099,131019,0xCFF6600,1,8,00,00,FF,FF,FF,FF,FF,FF
1283118,131020,0xCF00400,1,8,FF,FF,FF,00,00,FF,FF,FF
1283119,131021,0xCFF6600,1,8,00,00,FF,FF,FF,FF,FF,FF
1283138,131022,0xCF00400,1,8,FF,FF,FF,00,00,FF,FF,FF
1283139,131023,0xCFF6600,1,8,00,00,FF,FF,FF,FF,FF,FF
1283158,131024,0xCF00400,1,8,FF,FF,FF,00,00,FF,FF,FF
1283159,131025,0xCFF6600,1,8,00,00,FF,FF,FF,FF,FF,FF
1283169,131026,0x18FEF100,1,8,3F,00,00,FF,FF,FF,FF,FF
1283170,131027,0x18F00500,1,8,FF,FF,FF,FF,20,2D,FF,FF
1283171,131028,0x18FEF200,1,8,00,00,00,FB,00,00,00,FF
1283178,131029,0xCF00400,1,8,FF,FF,FF,00,00,FF,FF,FF
1283179,131030,0xCFF6600,1,8,00,00,FF,FF,FF,FF,FF,FF
1283198,131031,0xCF00400,1,8,FF,FF,FF,00,00,FF,FF,FF
1283199,131032,0xCFF6600,1,8,00,00,FF,FF,FF,FF,FF,FF
1283218,131033,0xCF00400,1,8,FF,FF,FF,00,00,FF,FF,FF
1283219,131034,0xCFF6600,1,8,00,00,FF,FF,FF,FF,FF,FF
1283238,131035,0xCF00400,1,8,FF,FF,FF,00,00,FF,FF,FF
1283239,131036,0xCFF6600,1,8,00,00,FF,FF,FF,FF,FF,FF
1283258,131037,0xCF00400,1,8,FF,FF,FF,00,00,FF,FF,FF
1283259,131038,0xCFF6600,1,8,00,00,FF,FF,FF,FF,FF,FF
1283269,131039,0x18FEF100,1,8,3F,00,00,FF,FF,FF,FF,FF
1283270,131040,0x10FF6500,1,8,FC,FF,FF,FF,FF,FF,FF,FF
1283271,131041,0x18F00500,1,8,FF,FF,FF,FF,20,2D,FF,FF
1283271,131042,0x18F00600,1,8,FF,FF,FF,FF,FF,FF,FF,FF
1283272,131043,0x18FEF200,1,8,00,00,00,FB,00,00,00,FF
1283273,131044,0x1CFDDF00,1,8,FE,FF,FF,FF,FF,FF,FF,FF
1283273,131045,0x1CFF6A00,1,8,FC,FF,FF,FF,FF,FF,FF,FF
1283278,131046,0xCF00400,1,8,FF,FF,FF,00,00,FF,FF,FF
1283279,131047,0xCFF6600,1,8,00,00,FF,FF,FF,FF,FF,FF
1283298,131048,0xCF00400,1,8,FF,FF,FF,00,00,FF,FF,FF
1283299,131049,0xCFF6600,1,8,00,00,FF,FF,FF,FF,FF,FF
1283318,131050,0xCF00400,1,8,FF,FF,FF,00,00,FF,FF,FF
1283319,131051,0xCFF6600,1,8,00,00,FF,FF,FF,FF,FF,FF
1283338,131052,0xCF00400,1,8,FF,FF,FF,00,00,FF,FF,FF
1283339,131053,0xCFF6600,1,8,00,00,FF,FF,FF,FF,FF,FF
1283358,131054,0xCF00400,1,8,FF,FF,FF,00,00,FF,FF,FF
1283359,131055,0xCFF6600,1,8,00,00,FF,FF,FF,FF,FF,FF
1283369,131056,0x18FEF100,1,8,3F,00,00,FF,FF,FF,FF,FF
1283370,131057,0x18F00500,1,8,FF,FF,FF,FF,20,2D,FF,FF
1283370,131058,0x18FEF200,1,8,00,00,00,FB,00,00,00,FF
1283378,131059,0xCF00400,1,8,FF,FF,FF,00,00,FF,FF,FF
1283379,131060,0xCFF6600,1,8,00,00,FF,FF,FF,FF,FF,FF
1283398,131061,0xCF00400,1,8,FF,FF,FF,00,00,FF,FF,FF
1283399,131062,0xCFF6600,1,8,00,00,FF,FF,FF,FF,FF,FF
1283418,131063,0xCF00400,1,8,FF,FF,FF,00,00,FF,FF,FF
1283419,131064,0xCFF6600,1,8,00,00,FF,FF,FF,FF,FF,FF
1283438,131065,0xCF00400,1,8,FF,FF,FF,00,00,FF,FF,FF
1283439,131066,0xCFF6600,1,8,00,00,FF,FF,FF,FF,FF,FF
1283458,131067,0xCF00400,1,8,FF,FF,FF,00,00,FF,FF,FF
1283459,131068,0xCFF6600,1,8,00,00,FF,FF,FF,FF,FF,FF
1283469,131069,0x18FEF100,1,8,3F,00,00,FF,FF,FF,FF,FF
1283470,131070,0x10FF6500,1,8,FC,FF,FF,FF,FF,FF,FF,FF
1283470,131071,0x18F00500,1,8,FF,FF,FF,FF,20,2D,FF,FF
1283471,131072,0x18FEF200,1,8,00,00,00,FB,00,00,00,FF
1283478,131073,0xCF00400,1,8,FF,FF,FF,00,00,FF,FF,FF
1283479,131074,0xCFF6600,1,8,00,00,FF,FF,FF,FF,FF,FF
1283498,131075,0xCF00400,1,8,FF,FF,FF,00,00,FF,FF,FF
1283499,131076,0xCFF6600,1,8,00,00,FF,FF,FF,FF,FF,FF
1283518,131077,0xCF00400,1,8,FF,FF,FF,00,00,FF,FF,FF
1283519,131078,0xCFF6600,1,8,00,00,FF,FF,FF,FF,FF,FF
1283538,131079,0xCF00400,1,8,FF,FF,FF,00,00,FF,FF,FF
1283539,131080,0xCFF6600,1,8,00,00,FF,FF,FF,FF,FF,FF
1283558,131081,0xCF00400,1,8,FF,FF,FF,00,00,FF,FF,FF
1283559,131082,0xCFF6600,1,8,00,00,FF,FF,FF,FF,FF,FF
1283569,131083,0x18FEF100,1,8,3F,00,00,FF,FF,FF,FF,FF
1283570,131084,0x18F00500,1,8,FF,FF,FF,FF,20,2D,FF,FF
1283570,131085,0x18FEF200,1,8,00,00,00,FB,00,00,00,FF
1283578,131086,0xCF00400,1,8,FF,FF,FF,00,00,FF,FF,FF
1283579,131087,0xCFF6600,1,8,00,00,FF,FF,FF,FF,FF,FF
1283598,131088,0xCF00400,1,8,FF,FF,FF,00,00,FF,FF,FF
1283599,131089,0xCFF6600,1,8,00,00,FF,FF,FF,FF,FF,FF
1283618,131090,0xCF00400,1,8,FF,FF,FF,00,00,FF,FF,FF
1283619,131091,0xCFF6600,1,8,00,00,FF,FF,FF,FF,FF,FF
1283638,131092,0xCF00400,1,8,FF,FF,FF,00,00,FF,FF,FF
1283639,131093,0xCFF6600,1,8,00,00,FF,FF,FF,FF,FF,FF
1283658,131094,0xCF00400,1,8,FF,FF,FF,00,00,FF,FF,FF
1283659,131095,0xCFF6600,1,8,00,00,FF,FF,FF,FF,FF,FF
1283669,131096,0x18FEF100,1,8,3F,00,00,FF,FF,FF,FF,FF
1283670,131097,0x10FF6500,1,8,FC,FF,FF,FF,FF,FF,FF,FF
1283670,131098,0x18F00500,1,8,FF,FF,FF,FF,20,2D,FF,FF
1283671,131099,0x18FEF200,1,8,00,00,00,FB,00,00,00,FF
1283678,131100,0xCF00400,1,8,FF,FF,FF,00,00,FF,FF,FF
1283679,131101,0xCFF6600,1,8,00,00,FF,FF,FF,FF,FF,FF
1283698,131102,0xCF00400,1,8,FF,FF,FF,00,00,FF,FF,FF
1283699,131103,0xCFF6600,1,8,00,00,FF,FF,FF,FF,FF,FF
1283718,131104,0xCF00400,1,8,FF,FF,FF,00,00,FF,FF,FF
1283719,131105,0xCFF6600,1,8,00,00,FF,FF,FF,FF,FF,FF
1283738,131106,0xCF00400,1,8,FF,FF,FF,00,00,FF,FF,FF
1283739,131107,0xCFF6600,1,8,00,00,FF,FF,FF,FF,FF,FF
1283758,131108,0xCF00400,1,8,FF,FF,FF,00,00,FF,FF,FF
1283759,131109,0xCFF6600,1,8,00,00,FF,FF,FF,FF,FF,FF
1283769,131110,0x18FEF100,1,8,3F,00,00,FF,FF,FF,FF,FF
1283770,131111,0x18F00500,1,8,FF,FF,FF,FF,20,2D,FF,FF
1283770,131112,0x18F00600,1,8,FF,FF,FF,FF,FF,FF,FF,FF
1283771,131113,0x18FEF200,1,8,00,00,00,FB,00,00,00,FF
1283772,131114,0x1CFDDF00,1,8,FE,FF,FF,FF,FF,FF,FF,FF
1283772,131115,0x1CFF6A00,1,8,FC,FF,FF,FF,FF,FF,FF,FF
1283778,131116,0xCF00400,1,8,FF,FF,FF,00,00,FF,FF,FF
1283779,131117,0xCFF6600,1,8,00,00,FF,FF,FF,FF,FF,FF
1283798,131118,0xCF00400,1,8,FF,FF,FF,00,00,FF,FF,FF
1283799,131119,0xCFF6600,1,8,00,00,FF,FF,FF,FF,FF,FF
1283818,131120,0xCF00400,1,8,FF,FF,FF,00,00,FF,FF,FF
1283819,131121,0xCFF6600,1,8,00,00,FF,FF,FF,FF,FF,FF
1283838,131122,0xCF00400,1,8,FF,FF,FF,00,00,FF,FF,FF
1283839,131123,0xCFF6600,1,8,00,00,FF,FF,FF,FF,FF,FF
1283858,131124,0xCF00400,1,8,FF,FF,FF,00,00,FF,FF,FF
1283859,131125,0xCFF6600,1,8,00,00,FF,FF,FF,FF,FF,FF
1283869,131126,0x18FEF100,1,8,3F,00,00,FF,FF,FF,FF,FF
1283870,131127,0x10FF6500,1,8,FC,FF,FF,FF,FF,FF,FF,FF
1283870,131128,0x18F00500,1,8,FF,FF,FF,FF,20,2D,FF,FF
1283871,131129,0x18FEF200,1,8,00,00,00,FB,00,00,00,FF
1283878,131130,0xCF00400,1,8,FF,FF,FF,00,00,FF,FF,FF
1283879,131131,0xCFF6600,1,8,00,00,FF,FF,FF,FF,FF,FF
1283898,131132,0xCF00400,1,8,FF,FF,FF,00,00,FF,FF,FF
1283899,131133,0xCFF6600,1,8,00,00,FF,FF,FF,FF,FF,FF
1283918,131134,0xCF00400,1,8,FF,FF,FF,00,00,FF,FF,FF
1283919,131135,0xCFF6600,1,8,00,00,FF,FF,FF,FF,FF,FF
1283928,131136,0x18FEEE00,1,8,65,FF,FF,FF,FF,FF,FF,FF
1283929,131137,0x18FDE500,1,8,0A,14,1E,28,32,3C,46,13
1283938,131138,0xCF00400,1,8,FF,FF,FF,00,00,FF,FF,FF
1283939,131139,0xCFF6600,1,8,00,00,FF,FF,FF,FF,FF,FF
1283948,131140,0x1CECFF00,1,8,20,0A,00,02,FF,CA,FE,00
1283958,131141,0xCF00400,1,8,FF,FF,FF,00,00,FF,FF,FF
1283959,131142,0xCFF6600,1,8,00,00,FF,FF,FF,FF,FF,FF
1283969,131143,0x18FEF100,1,8,3F,00,00,FF,FF,FF,FF,FF
1283970,131144,0x18F00500,1,8,FF,FF,FF,FF,20,2D,FF,FF
1283971,131145,0x18FEF200,1,8,00,00,00,FB,00,00,00,FF
1283978,131146,0xCF00400,1,8,FF,FF,FF,00,00,FF,FF,FF
1283979,131147,0xCFF6600,1,8,00,00,FF,FF,FF,FF,FF,FF
1283998,131148,0xCF00400,1,8,FF,FF,FF,00,00,FF,FF,FF
1283999,131149,0xCFF6600,1,8,00,00,FF,FF,FF,FF,FF,FF
1284000,131150,0x1CEBFF00,1,8,01,40,FF,0F,F0,E5,01,02
1284018,131151,0xCF00400,1,8,FF,FF,FF,00,00,FF,FF,FF
1284019,131152,0xCFF6600,1,8,00,00,FF,FF,FF,FF,FF,FF
1284038,131153,0xCF00400,1,8,FF,FF,FF,00,00,FF,FF,FF
1284039,131154,0xCFF6600,1,8,00,00,FF,FF,FF,FF,FF,FF
1284048,131155,0x1CEBFF00,1,8,02,F0,E3,01,FF,FF,FF,FF
1284058,131156,0xCF00400,1,8,FF,FF,FF,00,00,FF,FF,FF
1284059,131157,0xCFF6600,1,8,00,00,FF,FF,FF,FF,FF,FF
1284069,131158,0x18FEF100,1,8,3F,00,00,FF,FF,FF,FF,FF
1284070,131159,0x10FF6500,1,8,FC,FF,FF,FF,FF,FF,FF,FF
1284070,131160,0x18F00500,1,8,FF,FF,FF,FF,20,2D,FF,FF
1284071,131161,0x18FEF200,1,8,00,00,00,FB,00,00,00,FF
1284078,131162,0xCF00400,1,8,FF,FF,FF,00,00,FF,FF,FF
1284079,131163,0xCFF6600,1,8,00,00,FF,FF,FF,FF,FF,FF
1284098,131164,0xCF00400,1,8,FF,FF,FF,00,00,FF,FF,FF
1284099,131165,0xCFF6600,1,8,00,00,FF,FF,FF,FF,FF,FF
1284118,131166,0xCF00400,1,8,FF,FF,FF,00,00,FF,FF,FF
1284119,131167,0xCFF6600,1,8,00,00,FF,FF,FF,FF,FF,FF
1284138,131168,0xCF00400,1,8,FF,FF,FF,00,00,FF,FF,FF
1284139,131169,0xCFF6600,1,8,00,00,FF,FF,FF,FF,FF,FF
1284158,131170,0xCF00400,1,8,FF,FF,FF,00,00,FF,FF,FF
1284159,131171,0xCFF6600,1,8,00,00,FF,FF,FF,FF,FF,FF
1284169,131172,0x18FEF100,1,8,3F,00,00,FF,FF,FF,FF,FF
1284170,131173,0x18F00500,1,8,FF,FF,FF,FF,20,2D,FF,FF
1284170,131174,0x18FEF200,1,8,00,00,00,FB,00,00,00,FF
1284178,131175,0xCF00400,1,8,FF,FF,FF,00,00,FF,FF,FF
1284179,131176,0xCFF6600,1,8,00,00,FF,FF,FF,FF,FF,FF
1284198,131177,0xCF00400,1,8,FF,FF,FF,00,00,FF,FF,FF
1284199,131178,0xCFF6600,1,8,00,00,FF,FF,FF,FF,FF,FF
1284218,131179,0xCF00400,1,8,FF,FF,FF,00,00,FF,FF,FF
1284219,131180,0xCFF6600,1,8,00,00,FF,FF,FF,FF,FF,FF
1284238,131181,0xCF00400,1,8,FF,FF,FF,00,00,FF,FF,FF
1284239,131182,0xCFF6600,1,8,00,00,FF,FF,FF,FF,FF,FF
1284258,131183,0xCF00400,1,8,FF,FF,FF,00,00,FF,FF,FF
1284259,131184,0xCFF6600,1,8,00,00,FF,FF,FF,FF,FF,FF
1284269,131185,0x18FEF100,1,8,3F,00,00,FF,FF,FF,FF,FF
1284270,131186,0x10FF6500,1,8,FC,FF,FF,FF,FF,FF,FF,FF
1284270,131187,0x18F00500,1,8,FF,FF,FF,FF,20,2D,FF,FF
1284271,131188,0x18F00600,1,8,FF,FF,FF,FF,FF,FF,FF,FF
1284272,131189,0x18FEF200,1,8,00,00,00,FB,00,00,00,FF
1284272,131190,0x1CFDDF00,1,8,FE,FF,FF,FF,FF,FF,FF,FF
1284273,131191,0x1CFF6A00,1,8,FC,FF,FF,FF,FF,FF,FF,FF
1284278,131192,0xCF00400,1,8,FF,FF,FF,00,00,FF,FF,FF
1284279,131193,0xCFF6600,1,8,00,00,FF,FF,FF,FF,FF,FF
1284298,131194,0xCF00400,1,8,FF,FF,FF,00,00,FF,FF,FF
1284299,131195,0xCFF6600,1,8,00,00,FF,FF,FF,FF,FF,FF
1284318,131196,0xCF00400,1,8,FF,FF,FF,00,00,FF,FF,FF
1284319,131197,0xCFF6600,1,8,00,00,FF,FF,FF,FF,FF,FF
1284338,131198,0xCF00400,1,8,FF,FF,FF,00,00,FF,FF,FF
1284339,131199,0xCFF6600,1,8,00,00,FF,FF,FF,FF,FF,FF
1284358,131200,0xCF00400,1,8,FF,FF,FF,00,00,FF,FF,FF
1284359,131201,0xCFF6600,1,8,00,00,FF,FF,FF,FF,FF,FF
1284369,131202,0x18FEF100,1,8,3F,00,00,FF,FF,FF,FF,FF
1284370,131203,0x18F00500,1,8,FF,FF,FF,FF,20,2D,FF,FF
1284370,131204,0x18FEF200,1,8,00,00,00,FB,00,00,00,FF
1284378,131205,0xCF00400,1,8,FF,FF,FF,00,00,FF,FF,FF
1284379,131206,0xCFF6600,1,8,00,00,FF,FF,FF,FF,FF,FF
1284398,131207,0xCF00400,1,8,FF,FF,FF,00,00,FF,FF,FF
1284399,131208,0xCFF6600,1,8,00,00,FF,FF,FF,FF,FF,FF
1284418,131209,0xCF00400,1,8,FF,FF,FF,00,00,FF,FF,FF
1284419,131210,0xCFF6600,1,8,00,00,FF,FF,FF,FF,FF,FF
1284438,131211,0xCF00400,1,8,FF,FF,FF,00,00,FF,FF,FF
1284439,131212,0xCFF6600,1,8,00,00,FF,FF,FF,FF,FF,FF
1284458,131213,0xCF00400,1,8,FF,FF,FF,00,00,FF,FF,FF
1284459,131214,0xCFF6600,1,8,00,00,FF,FF,FF,FF,FF,FF
1284469,131215,0x18FEF100,1,8,3F,00,00,FF,FF,FF,FF,FF
1284470,131216,0x10FF6500,1,8,FC,FF,FF,FF,FF,FF,FF,FF
1284470,131217,0x18F00500,1,8,FF,FF,FF,FF,20,2D,FF,FF
1284471,131218,0x18FEF200,1,8,00,00,00,FB,00,00,00,FF
1284478,131219,0xCF00400,1,8,FF,FF,FF,00,00,FF,FF,FF
1284479,131220,0xCFF6600,1,8,00,00,FF,FF,FF,FF,FF,FF
1284498,131221,0xCF00400,1,8,FF,FF,FF,00,00,FF,FF,FF
1284499,131222,0xCFF6600,1,8,00,00,FF,FF,FF,FF,FF,FF
1284518,131223,0xCF00400,1,8,FF,FF,FF,00,00,FF,FF,FF
1284519,131224,0xCFF6600,1,8,00,00,FF,FF,FF,FF,FF,FF
1284538,131225,0xCF00400,1,8,FF,FF,FF,00,00,FF,FF,FF
1284539,131226,0xCFF6600,1,8,00,00,FF,FF,FF,FF,FF,FF
1284558,131227,0xCF00400,1,8,FF,FF,FF,00,00,FF,FF,FF
1284559,131228,0xCFF6600,1,8,00,00,FF,FF,FF,FF,FF,FF
1284569,131229,0x18FEF100,1,8,3F,00,00,FF,FF,FF,FF,FF
1284570,131230,0x18F00500,1,8,FF,FF,FF,FF,20,2D,FF,FF
1284570,131231,0x18FEF200,1,8,00,00,00,FB,00,00,00,FF
1284578,131232,0xCF00400,1,8,FF,FF,FF,00,00,FF,FF,FF
1284579,131233,0xCFF6600,1,8,00,00,FF,FF,FF,FF,FF,FF
1284598,131234,0xCF00400,1,8,FF,FF,FF,00,00,FF,FF,FF
1284599,131235,0xCFF6600,1,8,00,00,FF,FF,FF,FF,FF,FF
1284618,131236,0xCF00400,1,8,FF,FF,FF,00,00,FF,FF,FF
1284619,131237,0xCFF6600,1,8,00,00,FF,FF,FF,FF,FF,FF
1284638,131238,0xCF00400,1,8,FF,FF,FF,00,00,FF,FF,FF
1284639,131239,0xCFF6600,1,8,00,00,FF,FF,FF,FF,FF,FF
1284658,131240,0xCF00400,1,8,FF,FF,FF,00,00,FF,FF,FF
1284659,131241,0xCFF6600,1,8,00,00,FF,FF,FF,FF,FF,FF
1284669,131242,0x18FEF100,1,8,3F,00,00,FF,FF,FF,FF,FF
1284670,131243,0x10FF6500,1,8,FC,FF,FF,FF,FF,FF,FF,FF
1284670,131244,0x18F00500,1,8,FF,FF,FF,FF,20,2D,FF,FF
1284671,131245,0x18FEF200,1,8,00,00,00,FB,00,00,00,FF
1284678,131246,0xCF00400,1,8,FF,FF,FF,00,00,FF,FF,FF
1284679,131247,0xCFF6600,1,8,00,00,FF,FF,FF,FF,FF,FF
1284698,131248,0xCF00400,1,8,FF,FF,FF,00,00,FF,FF,FF
1284699,131249,0xCFF6600,1,8,00,00,FF,FF,FF,FF,FF,FF
1284718,131250,0xCF00400,1,8,FF,FF,FF,00,00,FF,FF,FF
1284719,131251,0xCFF6600,1,8,00,00,FF,FF,FF,FF,FF,FF
1284738,131252,0xCF00400,1,8,FF,FF,FF,00,00,FF,FF,FF
1284739,131253,0xCFF6600,1,8,00,00,FF,FF,FF,FF,FF,FF
1284758,131254,0xCF00400,1,8,FF,FF,FF,00,00,FF,FF,FF
1284759,131255,0xCFF6600,1,8,00,00,FF,FF,FF,FF,FF,FF
1284769,131256,0x18FEF100,1,8,3F,00,00,FF,FF,FF,FF,FF
1284770,131257,0x18F00500,1,8,FF,FF,FF,FF,20,2D,FF,FF
1284770,131258,0x18F00600,1,8,FF,FF,FF,FF,FF,FF,FF,FF
1284771,131259,0x18FEF200,1,8,00,00,00,FB,00,00,00,FF
1284772,131260,0x1CFDDF00,1,8,FE,FF,FF,FF,FF,FF,FF,FF
1284773,131261,0x1CFF6A00,1,8,FC,FF,FF,FF,FF,FF,FF,FF
1284778,131262,0xCF00400,1,8,FF,FF,FF,00,00,FF,FF,FF
1284779,131263,0xCFF6600,1,8,00,00,FF,FF,FF,FF,FF,FF
1284798,131264,0xCF00400,1,8,FF,FF,FF,00,00,FF,FF,FF
1284799,131265,0xCFF6600,1,8,00,00,FF,FF,FF,FF,FF,FF
1284818,131266,0xCF00400,1,8,FF,FF,FF,00,00,FF,FF,FF
1284819,131267,0xCFF6600,1,8,00,00,FF,FF,FF,FF,FF,FF
1284838,131268,0xCF00400,1,8,FF,FF,FF,00,00,FF,FF,FF
1284839,131269,0xCFF6600,1,8,00,00,FF,FF,FF,FF,FF,FF
1284858,131270,0xCF00400,1,8,FF,FF,FF,00,00,FF,FF,FF
1284859,131271,0xCFF6600,1,8,00,00,FF,FF,FF,FF,FF,FF
1284869,131272,0x18FEF100,1,8,3F,00,00,FF,FF,FF,FF,FF
1284870,131273,0x10FF6500,1,8,FC,FF,FF,FF,FF,FF,FF,FF
1284870,131274,0x18F00500,1,8,FF,FF,FF,FF,20,2D,FF,FF
1284871,131275,0x18FEF200,1,8,00,00,00,FB,00,00,00,FF
1284878,131276,0xCF00400,1,8,FF,FF,FF,00,00,FF,FF,FF
1284879,131277,0xCFF6600,1,8,00,00,FF,FF,FF,FF,FF,FF
1284898,131278,0xCF00400,1,8,FF,FF,FF,00,00,FF,FF,FF
1284899,131279,0xCFF6600,1,8,00,00,FF,FF,FF,FF,FF,FF
1284918,131280,0xCF00400,1,8,FF,FF,FF,00,00,FF,FF,FF
1284919,131281,0xCFF6600,1,8,00,00,FF,FF,FF,FF,FF,FF
1284928,131282,0x18FEEE00,1,8,65,FF,FF,FF,FF,FF,FF,FF
1284929,131283,0x18FDE500,1,8,0A,14,1E,28,32,3C,46,13
1284938,131284,0xCF00400,1,8,FF,FF,FF,00,00,FF,FF,FF
1284939,131285,0xCFF6600,1,8,00,00,FF,FF,FF,FF,FF,FF
1284948,131286,0x1CECFF00,1,8,20,0A,00,02,FF,CA,FE,00
1284958,131287,0xCF00400,1,8,FF,FF,FF,00,00,FF,FF,FF
1284959,131288,0xCFF6600,1,8,00,00,FF,FF,FF,FF,FF,FF
1284969,131289,0x18FEF100,1,8,3F,00,00,FF,FF,FF,FF,FF
1284970,131290,0x18F00500,1,8,FF,FF,FF,FF,20,2D,FF,FF
1284971,131291,0x18FEF200,1,8,00,00,00,FB,00,00,00,FF
1284978,131292,0xCF00400,1,8,FF,FF,FF,00,00,FF,FF,FF
1284979,131293,0xCFF6600,1,8,00,00,FF,FF,FF,FF,FF,FF
1284998,131294,0xCF00400,1,8,FF,FF,FF,00,00,FF,FF,FF
1284999,131295,0xCFF6600,1,8,00,00,FF,FF,FF,FF,FF,FF
1285000,131296,0x1CEBFF00,1,8,01,40,FF,0F,F0,E5,01,02
1285018,131297,0xCF00400,1,8,FF,FF,FF,00,00,FF,FF,FF
1285019,131298,0xCFF6600,1,8,00,00,FF,FF,FF,FF,FF,FF
1285038,131299,0xCF00400,1,8,FF,FF,FF,00,00,FF,FF,FF
1285039,131300,0xCFF6600,1,8,00,00,FF,FF,FF,FF,FF,FF
1285048,131301,0x1CEBFF00,1,8,02,F0,E3,01,FF,FF,FF,FF
1285058,131302,0xCF00400,1,8,FF,FF,FF,00,00,FF,FF,FF
1285059,131303,0xCFF6600,1,8,00,00,FF,FF,FF,FF,FF,FF
1285069,131304,0x18FEF100,1,8,3F,00,00,FF,FF,FF,FF,FF
1285070,131305,0x10FF6500,1,8,FC,FF,FF,FF,FF,FF,FF,FF
1285070,131306,0x18F00500,1,8,FF,FF,FF,FF,20,2D,FF,FF
1285071,131307,0x18FEF200,1,8,00,00,00,FB,00,00,00,FF
1285078,131308,0xCF00400,1,8,FF,FF,FF,00,00,FF,FF,FF
1285079,131309,0xCFF6600,1,8,00,00,FF,FF,FF,FF,FF,FF
1285098,131310,0xCF00400,1,8,FF,FF,FF,00,00,FF,FF,FF
1285099,131311,0xCFF6600,1,8,00,00,FF,FF,FF,FF,FF,FF
1285118,131312,0xCF00400,1,8,FF,FF,FF,00,00,FF,FF,FF
1285119,131313,0xCFF6600,1,8,00,00,FF,FF,FF,FF,FF,FF
1285138,131314,0xCF00400,1,8,FF,FF,FF,00,00,FF,FF,FF
1285139,131315,0xCFF6600,1,8,00,00,FF,FF,FF,FF,FF,FF
1285158,131316,0xCF00400,1,8,FF,FF,FF,00,00,FF,FF,FF
1285159,131317,0xCFF6600,1,8,00,00,FF,FF,FF,FF,FF,FF
1285169,131318,0x18FEF100,1,8,3F,00,00,FF,FF,FF,FF,FF
1285170,131319,0x18F00500,1,8,FF,FF,FF,FF,20,2D,FF,FF
1285170,131320,0x18FEF200,1,8,00,00,00,FB,00,00,00,FF
1285178,131321,0xCF00400,1,8,FF,FF,FF,00,00,FF,FF,FF
1285179,131322,0xCFF6600,1,8,00,00,FF,FF,FF,FF,FF,FF
1285198,131323,0xCF00400,1,8,FF,FF,FF,00,00,FF,FF,FF
1285199,131324,0xCFF6600,1,8,00,00,FF,FF,FF,FF,FF,FF
1285218,131325,0xCF00400,1,8,FF,FF,FF,00,00,FF,FF,FF
1285219,131326,0xCFF6600,1,8,00,00,FF,FF,FF,FF,FF,FF
1285238,131327,0xCF00400,1,8,FF,FF,FF,00,00,FF,FF,FF
1285239,131328,0xCFF6600,1,8,00,00,FF,FF,FF,FF,FF,FF
1285258,131329,0xCF00400,1,8,FF,FF,FF,00,00,FF,FF,FF
1285259,131330,0xCFF6600,1,8,00,00,FF,FF,FF,FF,FF,FF
1285269,131331,0x18FEF100,1,8,3F,00,00,FF,FF,FF,FF,FF
1285270,131332,0x10FF6500,1,8,FC,FF,FF,FF,FF,FF,FF,FF
1285270,131333,0x18F00500,1,8,FF,FF,FF,FF,20,2D,FF,FF
1285271,131334,0x18F00600,1,8,FF,FF,FF,FF,FF,FF,FF,FF
1285271,131335,0x18FEF200,1,8,00,00,00,FB,00,00,00,FF
1285272,131336,0x1CFDDF00,1,8,FE,FF,FF,FF,FF,FF,FF,FF
1285273,131337,0x1CFF6A00,1,8,FC,FF,FF,FF,FF,FF,FF,FF
1285278,131338,0xCF00400,1,8,FF,FF,FF,00,00,FF,FF,FF
1285279,131339,0xCFF6600,1,8,00,00,FF,FF,FF,FF,FF,FF
1285298,131340,0xCF00400,1,8,FF,FF,FF,00,00,FF,FF,FF
1285299,131341,0xCFF6600,1,8,00,00,FF,FF,FF,FF,FF,FF
1285318,131342,0xCF00400,1,8,FF,FF,FF,00,00,FF,FF,FF
1285319,131343,0xCFF6600,1,8,00,00,FF,FF,FF,FF,FF,FF
1285338,131344,0xCF00400,1,8,FF,FF,FF,00,00,FF,FF,FF
1285339,131345,0xCFF6600,1,8,00,00,FF,FF,FF,FF,FF,FF
1285358,131346,0xCF00400,1,8,FF,FF,FF,00,00,FF,FF,FF
1285359,131347,0xCFF6600,1,8,00,00,FF,FF,FF,FF,FF,FF
1285369,131348,0x18FEF100,1,8,3F,00,00,FF,FF,FF,FF,FF
1285370,131349,0x18F00500,1,8,FF,FF,FF,FF,20,2D,FF,FF
1285371,131350,0x18FEF200,1,8,00,00,00,FB,00,00,00,FF
1285378,131351,0xCF00400,1,8,FF,FF,FF,00,00,FF,FF,FF
1285379,131352,0xCFF6600,1,8,00,00,FF,FF,FF,FF,FF,FF
1285398,131353,0xCF00400,1,8,FF,FF,FF,00,00,FF,FF,FF
1285399,131354,0xCFF6600,1,8,00,00,FF,FF,FF,FF,FF,FF
1285418,131355,0xCF00400,1,8,FF,FF,FF,00,00,FF,FF,FF
1285419,131356,0xCFF6600,1,8,00,00,FF,FF,FF,FF,FF,FF
1285438,131357,0xCF00400,1,8,FF,FF,FF,00,00,FF,FF,FF
1285439,131358,0xCFF6600,1,8,00,00,FF,FF,FF,FF,FF,FF
1285458,131359,0xCF00400,1,8,FF,FF,FF,00,00,FF,FF,FF
1285459,131360,0xCFF6600,1,8,00,00,FF,FF,FF,FF,FF,FF
1285469,131361,0x18FEF100,1,8,3F,00,00,FF,FF,FF,FF,FF
1285470,131362,0x10FF6500,1,8,FC,FF,FF,FF,FF,FF,FF,FF
1285470,131363,0x18F00500,1,8,FF,FF,FF,FF,20,2D,FF,FF
1285471,131364,0x18FEF200,1,8,00,00,00,FB,00,00,00,FF
1285478,131365,0xCF00400,1,8,FF,FF,FF,00,00,FF,FF,FF
1285479,131366,0xCFF6600,1,8,00,00,FF,FF,FF,FF,FF,FF
1285498,131367,0xCF00400,1,8,FF,FF,FF,00,00,FF,FF,FF
1285499,131368,0xCFF6600,1,8,00,00,FF,FF,FF,FF,FF,FF
1285518,131369,0xCF00400,1,8,FF,FF,FF,00,00,FF,FF,FF
1285519,131370,0xCFF6600,1,8,00,00,FF,FF,FF,FF,FF,FF
1285538,131371,0xCF00400,1,8,FF,FF,FF,00,00,FF,FF,FF
1285539,131372,0xCFF6600,1,8,00,00,FF,FF,FF,FF,FF,FF
1285558,131373,0xCF00400,1,8,FF,FF,FF,00,00,FF,FF,FF
1285559,131374,0xCFF6600,1,8,00,00,FF,FF,FF,FF,FF,FF
1285569,131375,0x18FEF100,1,8,3F,00,00,FF,FF,FF,FF,FF
1285570,131376,0x18F00500,1,8,FF,FF,FF,FF,20,2D,FF,FF
1285571,131377,0x18FEF200,1,8,00,00,00,FB,00,00,00,FF
1285578,131378,0xCF00400,1,8,FF,FF,FF,00,00,FF,FF,FF
1285579,131379,0xCFF6600,1,8,00,00,FF,FF,FF,FF,FF,FF
1285598,131380,0xCF00400,1,8,FF,FF,FF,00,00,FF,FF,FF
1285599,131381,0xCFF6600,1,8,00,00,FF,FF,FF,FF,FF,FF
1285618,131382,0xCF00400,1,8,FF,FF,FF,00,00,FF,FF,FF
1285619,131383,0xCFF6600,1,8,00,00,FF,FF,FF,FF,FF,FF
1285638,131384,0xCF00400,1,8,FF,FF,FF,00,00,FF,FF,FF
1285639,131385,0xCFF6600,1,8,00,00,FF,FF,FF,FF,FF,FF
1285658,131386,0xCF00400,1,8,FF,FF,FF,00,00,FF,FF,FF
1285659,131387,0xCFF6600,1,8,00,00,FF,FF,FF,FF,FF,FF
1285669,131388,0x18FEF100,1,8,3F,00,00,FF,FF,FF,FF,FF
1285670,131389,0x10FF6500,1,8,FC,FF,FF,FF,FF,FF,FF,FF
1285670,131390,0x18F00500,1,8,FF,FF,FF,FF,20,2D,FF,FF
1285671,131391,0x18FEF200,1,8,00,00,00,FB,00,00,00,FF
1285678,131392,0xCF00400,1,8,FF,FF,FF,00,00,FF,FF,FF
1285679,131393,0xCFF6600,1,8,00,00,FF,FF,FF,FF,FF,FF
1285698,131394,0xCF00400,1,8,FF,FF,FF,00,00,FF,FF,FF
1285699,131395,0xCFF6600,1,8,00,00,FF,FF,FF,FF,FF,FF
1285718,131396,0xCF00400,1,8,FF,FF,FF,00,00,FF,FF,FF
1285719,131397,0xCFF6600,1,8,00,00,FF,FF,FF,FF,FF,FF
1285738,131398,0xCF00400,1,8,FF,FF,FF,00,00,FF,FF,FF
1285739,131399,0xCFF6600,1,8,00,00,FF,FF,FF,FF,FF,FF
1285758,131400,0xCF00400,1,8,FF,FF,FF,00,00,FF,FF,FF
1285759,131401,0xCFF6600,1,8,00,00,FF,FF,FF,FF,FF,FF
1285769,131402,0x18FEF100,1,8,3F,00,00,FF,FF,FF,FF,FF
1285770,131403,0x18F00500,1,8,FF,FF,FF,FF,20,2D,FF,FF
1285771,131404,0x18F00600,1,8,FF,FF,FF,FF,FF,FF,FF,FF
1285772,131405,0x18FEF200,1,8,00,00,00,FB,00,00,00,FF
1285772,131406,0x1CFDDF00,1,8,FE,FF,FF,FF,FF,FF,FF,FF
1285773,131407,0x1CFF6A00,1,8,FC,FF,FF,FF,FF,FF,FF,FF
1285778,131408,0xCF00400,1,8,FF,FF,FF,00,00,FF,FF,FF
1285779,131409,0xCFF6600,1,8,00,00,FF,FF,FF,FF,FF,FF
1285798,131410,0xCF00400,1,8,FF,FF,FF,00,00,FF,FF,FF
1285799,131411,0xCFF6600,1,8,00,00,FF,FF,FF,FF,FF,FF
1285818,131412,0xCF00400,1,8,FF,FF,FF,00,00,FF,FF,FF
1285819,131413,0xCFF6600,1,8,00,00,FF,FF,FF,FF,FF,FF
1285838,131414,0xCF00400,1,8,FF,FF,FF,00,00,FF,FF,FF
1285839,131415,0xCFF6600,1,8,00,00,FF,FF,FF,FF,FF,FF
1285858,131416,0xCF00400,1,8,FF,FF,FF,00,00,FF,FF,FF
1285859,131417,0xCFF6600,1,8,00,00,FF,FF,FF,FF,FF,FF
1285869,131418,0x18FEF100,1,8,3F,00,00,FF,FF,FF,FF,FF
1285870,131419,0x10FF6500,1,8,FC,FF,FF,FF,FF,FF,FF,FF
1285870,131420,0x18F00500,1,8,FF,FF,FF,FF,20,2D,FF,FF
1285871,131421,0x18FEF200,1,8,00,00,00,FB,00,00,00,FF
1285878,131422,0xCF00400,1,8,FF,FF,FF,00,00,FF,FF,FF
1285879,131423,0xCFF6600,1,8,00,00,FF,FF,FF,FF,FF,FF
1285898,131424,0xCF00400,1,8,FF,FF,FF,00,00,FF,FF,FF
1285899,131425,0xCFF6600,1,8,00,00,FF,FF,FF,FF,FF,FF
1285918,131426,0xCF00400,1,8,FF,FF,FF,00,00,FF,FF,FF
1285919,131427,0xCFF6600,1,8,00,00,FF,FF,FF,FF,FF,FF
1285928,131428,0x18FEEE00,1,8,65,FF,FF,FF,FF,FF,FF,FF
1285929,131429,0x18FDE500,1,8,0A,14,1E,28,32,3C,46,13
1285938,131430,0xCF00400,1,8,FF,FF,FF,00,00,FF,FF,FF
1285939,131431,0xCFF6600,1,8,00,00,FF,FF,FF,FF,FF,FF
1285948,131432,0x1CECFF00,1,8,20,0A,00,02,FF,CA,FE,00
1285958,131433,0xCF00400,1,8,FF,FF,FF,00,00,FF,FF,FF
1285959,131434,0xCFF6600,1,8,00,00,FF,FF,FF,FF,FF,FF
1285969,131435,0x18FEF100,1,8,3F,00,00,FF,FF,FF,FF,FF
1285970,131436,0x18F00500,1,8,FF,FF,FF,FF,20,2D,FF,FF
1285971,131437,0x18FEF200,1,8,00,00,00,FB,00,00,00,FF
1285978,131438,0xCF00400,1,8,FF,FF,FF,00,00,FF,FF,FF
1285979,131439,0xCFF6600,1,8,00,00,FF,FF,FF,FF,FF,FF
1285998,131440,0xCF00400,1,8,FF,FF,FF,00,00,FF,FF,FF
1285999,131441,0xCFF6600,1,8,00,00,FF,FF,FF,FF,FF,FF
1286000,131442,0x1CEBFF00,1,8,01,40,FF,0F,F0,E5,01,02
1286018,131443,0xCF00400,1,8,FF,FF,FF,00,00,FF,FF,FF
1286019,131444,0xCFF6600,1,8,00,00,FF,FF,FF,FF,FF,FF
1286038,131445,0xCF00400,1,8,FF,FF,FF,00,00,FF,FF,FF
1286039,131446,0xCFF6600,1,8,00,00,FF,FF,FF,FF,FF,FF
1286048,131447,0x1CEBFF00,1,8,02,F0,E3,01,FF,FF,FF,FF
1286058,131448,0xCF00400,1,8,FF,FF,FF,00,00,FF,FF,FF
1286059,131449,0xCFF6600,1,8,00,00,FF,FF,FF,FF,FF,FF
1286069,131450,0x18FEF100,1,8,3F,00,00,FF,FF,FF,FF,FF
1286070,131451,0x10FF6500,1,8,FC,FF,FF,FF,FF,FF,FF,FF
1286070,131452,0x18F00500,1,8,FF,FF,FF,FF,20,2D,FF,FF
1286071,131453,0x18FEF200,1,8,00,00,00,FB,00,00,00,FF
1286078,131454,0xCF00400,1,8,FF,FF,FF,00,00,FF,FF,FF
1286079,131455,0xCFF6600,1,8,00,00,FF,FF,FF,FF,FF,FF
1286098,131456,0xCF00400,1,8,FF,FF,FF,00,00,FF,FF,FF
1286099,131457,0xCFF6600,1,8,00,00,FF,FF,FF,FF,FF,FF
1286118,131458,0xCF00400,1,8,FF,FF,FF,00,00,FF,FF,FF
1286119,131459,0xCFF6600,1,8,00,00,FF,FF,FF,FF,FF,FF
1286138,131460,0xCF00400,1,8,FF,FF,FF,00,00,FF,FF,FF
1286139,131461,0xCFF6600,1,8,00,00,FF,FF,FF,FF,FF,FF
1286158,131462,0xCF00400,1,8,FF,FF,FF,00,00,FF,FF,FF
1286159,131463,0xCFF6600,1,8,00,00,FF,FF,FF,FF,FF,FF
1286169,131464,0x18FEF100,1,8,3F,00,00,FF,FF,FF,FF,FF
1286170,131465,0x18F00500,1,8,FF,FF,FF,FF,20,2D,FF,FF
1286171,131466,0x18FEF200,1,8,00,00,00,FB,00,00,00,FF
1286178,131467,0xCF00400,1,8,FF,FF,FF,00,00,FF,FF,FF
1286179,131468,0xCFF6600,1,8,00,00,FF,FF,FF,FF,FF,FF
1286198,131469,0xCF00400,1,8,FF,FF,FF,00,00,FF,FF,FF
1286199,131470,0xCFF6600,1,8,00,00,FF,FF,FF,FF,FF,FF
1286218,131471,0xCF00400,1,8,FF,FF,FF,00,00,FF,FF,FF
1286219,131472,0xCFF6600,1,8,00,00,FF,FF,FF,FF,FF,FF
1286238,131473,0xCF00400,1,8,FF,FF,FF,00,00,FF,FF,FF
1286239,131474,0xCFF6600,1,8,00,00,FF,FF,FF,FF,FF,FF
1286258,131475,0xCF00400,1,8,FF,FF,FF,00,00,FF,FF,FF
1286259,131476,0xCFF6600,1,8,00,00,FF,FF,FF,FF,FF,FF
1286269,131477,0x18FEF100,1,8,3F,00,00,FF,FF,FF,FF,FF
1286270,131478,0x10FF6500,1,8,FC,FF,FF,FF,FF,FF,FF,FF
1286270,131479,0x18F00500,1,8,FF,FF,FF,FF,20,2D,FF,FF
1286271,131480,0x18F00600,1,8,FF,FF,FF,FF,FF,FF,FF,FF
1286271,131481,0x18FEF200,1,8,00,00,00,FB,00,00,00,FF
1286272,131482,0x1CFDDF00,1,8,FE,FF,FF,FF,FF,FF,FF,FF
1286273,131483,0x1CFF6A00,1,8,FC,FF,FF,FF,FF,FF,FF,FF
1286278,131484,0xCF00400,1,8,FF,FF,FF,00,00,FF,FF,FF
1286279,131485,0xCFF6600,1,8,00,00,FF,FF,FF,FF,FF,FF
1286298,131486,0xCF00400,1,8,FF,FF,FF,00,00,FF,FF,FF
1286299,131487,0xCFF6600,1,8,00,00,FF,FF,FF,FF,FF,FF
1286318,131488,0xCF00400,1,8,FF,FF,FF,00,00,FF,FF,FF
1286319,131489,0xCFF6600,1,8,00,00,FF,FF,FF,FF,FF,FF
1286338,131490,0xCF00400,1,8,FF,FF,FF,00,00,FF,FF,FF
1286339,131491,0xCFF6600,1,8,00,00,FF,FF,FF,FF,FF,FF
1286358,131492,0xCF00400,1,8,FF,FF,FF,00,00,FF,FF,FF
1286359,131493,0xCFF6600,1,8,00,00,FF,FF,FF,FF,FF,FF
1286369,131494,0x18FEF100,1,8,3F,00,00,FF,FF,FF,FF,FF
1286371,131495,0x18F00500,1,8,FF,FF,FF,FF,20,2D,FF,FF
1286371,131496,0x18FEF200,1,8,00,00,00,FB,00,00,00,FF
1286378,131497,0xCF00400,1,8,FF,FF,FF,00,00,FF,FF,FF
1286379,131498,0xCFF6600,1,8,00,00,FF,FF,FF,FF,FF,FF
1286398,131499,0xCF00400,1,8,FF,FF,FF,00,00,FF,FF,FF
1286399,131500,0xCFF6600,1,8,00,00,FF,FF,FF,FF,FF,FF
1286418,131501,0xCF00400,1,8,FF,FF,FF,00,00,FF,FF,FF
1286419,131502,0xCFF6600,1,8,00,00,FF,FF,FF,FF,FF,FF
1286438,131503,0xCF00400,1,8,FF,FF,FF,00,00,FF,FF,FF
1286439,131504,0xCFF6600,1,8,00,00,FF,FF,FF,FF,FF,FF
1286458,131505,0xCF00400,1,8,FF,FF,FF,00,00,FF,FF,FF
1286459,131506,0xCFF6600,1,8,00,00,FF,FF,FF,FF,FF,FF
1286469,131507,0x18FEF100,1,8,3F,00,00,FF,FF,FF,FF,FF
1286470,131508,0x10FF6500,1,8,FC,FF,FF,FF,FF,FF,FF,FF
1286470,131509,0x18F00500,1,8,FF,FF,FF,FF,20,2D,FF,FF
1286471,131510,0x18FEF200,1,8,00,00,00,FB,00,00,00,FF
1286478,131511,0xCF00400,1,8,FF,FF,FF,00,00,FF,FF,FF
1286479,131512,0xCFF6600,1,8,00,00,FF,FF,FF,FF,FF,FF
1286498,131513,0xCF00400,1,8,FF,FF,FF,00,00,FF,FF,FF
1286499,131514,0xCFF6600,1,8,00,00,FF,FF,FF,FF,FF,FF
1286518,131515,0xCF00400,1,8,FF,FF,FF,00,00,FF,FF,FF
1286519,131516,0xCFF6600,1,8,00,00,FF,FF,FF,FF,FF,FF
1286538,131517,0xCF00400,1,8,FF,FF,FF,00,00,FF,FF,FF
1286539,131518,0xCFF6600,1,8,00,00,FF,FF,FF,FF,FF,FF
1286558,131519,0xCF00400,1,8,FF,FF,FF,00,00,FF,FF,FF
1286559,131520,0xCFF6600,1,8,00,00,FF,FF,FF,FF,FF,FF
1286569,131521,0x18FEF100,1,8,3F,00,00,FF,FF,FF,FF,FF
1286570,131522,0x18F00500,1,8,FF,FF,FF,FF,20,2D,FF,FF
1286570,131523,0x18FEF200,1,8,00,00,00,FB,00,00,00,FF
1286578,131524,0xCF00400,1,8,FF,FF,FF,00,00,FF,FF,FF
1286579,131525,0xCFF6600,1,8,00,00,FF,FF,FF,FF,FF,FF
1286598,131526,0xCF00400,1,8,FF,FF,FF,00,00,FF,FF,FF
1286599,131527,0xCFF6600,1,8,00,00,FF,FF,FF,FF,FF,FF
1286618,131528,0xCF00400,1,8,FF,FF,FF,00,00,FF,FF,FF
1286619,131529,0xCFF6600,1,8,00,00,FF,FF,FF,FF,FF,FF
1286638,131530,0xCF00400,1,8,FF,FF,FF,00,00,FF,FF,FF
1286639,131531,0xCFF6600,1,8,00,00,FF,FF,FF,FF,FF,FF
1286658,131532,0xCF00400,1,8,FF,FF,FF,00,00,FF,FF,FF
1286659,131533,0xCFF6600,1,8,00,00,FF,FF,FF,FF,FF,FF
1286669,131534,0x18FEF100,1,8,3F,00,00,FF,FF,FF,FF,FF
1286670,131535,0x10FF6500,1,8,FC,FF,FF,FF,FF,FF,FF,FF
1286670,131536,0x18F00500,1,8,FF,FF,FF,FF,20,2D,FF,FF
1286671,131537,0x18FEF200,1,8,00,00,00,FB,00,00,00,FF
1286678,131538,0xCF00400,1,8,FF,FF,FF,00,00,FF,FF,FF
1286679,131539,0xCFF6600,1,8,00,00,FF,FF,FF,FF,FF,FF
1286698,131540,0xCF00400,1,8,FF,FF,FF,00,00,FF,FF,FF
1286699,131541,0xCFF6600,1,8,00,00,FF,FF,FF,FF,FF,FF
1286718,131542,0xCF00400,1,8,FF,FF,FF,00,00,FF,FF,FF
1286719,131543,0xCFF6600,1,8,00,00,FF,FF,FF,FF,FF,FF
1286738,131544,0xCF00400,1,8,FF,FF,FF,00,00,FF,FF,FF
1286739,131545,0xCFF6600,1,8,00,00,FF,FF,FF,FF,FF,FF
1286758,131546,0xCF00400,1,8,FF,FF,FF,00,00,FF,FF,FF
1286759,131547,0xCFF6600,1,8,00,00,FF,FF,FF,FF,FF,FF
1286769,131548,0x18FEF100,1,8,3F,00,00,FF,FF,FF,FF,FF
1286770,131549,0x18F00500,1,8,FF,FF,FF,FF,20,2D,FF,FF
1286771,131550,0x18F00600,1,8,FF,FF,FF,FF,FF,FF,FF,FF
1286771,131551,0x18FEF200,1,8,00,00,00,FB,00,00,00,FF
1286772,131552,0x1CFDDF00,1,8,FE,FF,FF,FF,FF,FF,FF,FF
1286773,131553,0x1CFF6A00,1,8,FC,FF,FF,FF,FF,FF,FF,FF
1286778,131554,0xCF00400,1,8,FF,FF,FF,00,00,FF,FF,FF
1286779,131555,0xCFF6600,1,8,00,00,FF,FF,FF,FF,FF,FF
1286798,131556,0xCF00400,1,8,FF,FF,FF,00,00,FF,FF,FF
1286799,131557,0xCFF6600,1,8,00,00,FF,FF,FF,FF,FF,FF
1286818,131558,0xCF00400,1,8,FF,FF,FF,00,00,FF,FF,FF
1286819,131559,0xCFF6600,1,8,00,00,FF,FF,FF,FF,FF,FF
1286838,131560,0xCF00400,1,8,FF,FF,FF,00,00,FF,FF,FF
1286839,131561,0xCFF6600,1,8,00,00,FF,FF,FF,FF,FF,FF
1286858,131562,0xCF00400,1,8,FF,FF,FF,00,00,FF,FF,FF
1286859,131563,0xCFF6600,1,8,00,00,FF,FF,FF,FF,FF,FF
1286869,131564,0x18FEF100,1,8,3F,00,00,FF,FF,FF,FF,FF
1286870,131565,0x10FF6500,1,8,FC,FF,FF,FF,FF,FF,FF,FF
1286870,131566,0x18F00500,1,8,FF,FF,FF,FF,20,2D,FF,FF
1286871,131567,0x18FEF200,1,8,00,00,00,FB,00,00,00,FF
1286878,131568,0xCF00400,1,8,FF,FF,FF,00,00,FF,FF,FF
1286879,131569,0xCFF6600,1,8,00,00,FF,FF,FF,FF,FF,FF
1286898,131570,0xCF00400,1,8,FF,FF,FF,00,00,FF,FF,FF
1286899,131571,0xCFF6600,1,8,00,00,FF,FF,FF,FF,FF,FF
1286918,131572,0xCF00400,1,8,FF,FF,FF,00,00,FF,FF,FF
1286919,131573,0xCFF6600,1,8,00,00,FF,FF,FF,FF,FF,FF
1286928,131574,0x18FEEE00,1,8,65,FF,FF,FF,FF,FF,FF,FF
1286929,131575,0x18FDE500,1,8,0A,14,1E,28,32,3C,46,13
1286938,131576,0xCF00400,1,8,FF,FF,FF,00,00,FF,FF,FF
1286939,131577,0xCFF6600,1,8,00,00,FF,FF,FF,FF,FF,FF
1286948,131578,0x1CECFF00,1,8,20,0A,00,02,FF,CA,FE,00
1286958,131579,0xCF00400,1,8,FF,FF,FF,00,00,FF,FF,FF
1286959,131580,0xCFF6600,1,8,00,00,FF,FF,FF,FF,FF,FF
1286969,131581,0x18FEF100,1,8,3F,00,00,FF,FF,FF,FF,FF
1286970,131582,0x18F00500,1,8,FF,FF,FF,FF,20,2D,FF,FF
1286970,131583,0x18FEF200,1,8,00,00,00,FB,00,00,00,FF
1286978,131584,0xCF00400,1,8,FF,FF,FF,00,00,FF,FF,FF
1286979,131585,0xCFF6600,1,8,00,00,FF,FF,FF,FF,FF,FF
1286998,131586,0xCF00400,1,8,FF,FF,FF,00,00,FF,FF,FF
1286999,131587,0xCFF6600,1,8,00,00,FF,FF,FF,FF,FF,FF
1287000,131588,0x1CEBFF00,1,8,01,40,FF,0F,F0,E5,01,02
1287018,131589,0xCF00400,1,8,FF,FF,FF,00,00,FF,FF,FF
1287019,131590,0xCFF6600,1,8,00,00,FF,FF,FF,FF,FF,FF
1287038,131591,0xCF00400,1,8,FF,FF,FF,00,00,FF,FF,FF
1287039,131592,0xCFF6600,1,8,00,00,FF,FF,FF,FF,FF,FF
1287048,131593,0x1CEBFF00,1,8,02,F0,E3,01,FF,FF,FF,FF
1287058,131594,0xCF00400,1,8,FF,FF,FF,00,00,FF,FF,FF
1287059,131595,0xCFF6600,1,8,00,00,FF,FF,FF,FF,FF,FF
1287069,131596,0x18FEF100,1,8,3F,00,00,FF,FF,FF,FF,FF
1287070,131597,0x10FF6500,1,8,FC,FF,FF,FF,FF,FF,FF,FF
1287070,131598,0x18F00500,1,8,FF,FF,FF,FF,20,2D,FF,FF
1287071,131599,0x18FEF200,1,8,00,00,00,FB,00,00,00,FF
1287078,131600,0xCF00400,1,8,FF,FF,FF,00,00,FF,FF,FF
1287079,131601,0xCFF6600,1,8,00,00,FF,FF,FF,FF,FF,FF
1287098,131602,0xCF00400,1,8,FF,FF,FF,00,00,FF,FF,FF
1287099,131603,0xCFF6600,1,8,00,00,FF,FF,FF,FF,FF,FF
1287118,131604,0xCF00400,1,8,FF,FF,FF,00,00,FF,FF,FF
1287119,131605,0xCFF6600,1,8,00,00,FF,FF,FF,FF,FF,FF
1287138,131606,0xCF00400,1,8,FF,FF,FF,00,00,FF,FF,FF
1287139,131607,0xCFF6600,1,8,00,00,FF,FF,FF,FF,FF,FF
1287158,131608,0xCF00400,1,8,FF,FF,FF,00,00,FF,FF,FF
1287159,131609,0xCFF6600,1,8,00,00,FF,FF,FF,FF,FF,FF
1287169,131610,0x18FEF100,1,8,3F,00,00,FF,FF,FF,FF,FF
1287170,131611,0x18F00500,1,8,FF,FF,FF,FF,20,2D,FF,FF
1287170,131612,0x18FEF200,1,8,00,00,00,FB,00,00,00,FF
1287178,131613,0xCF00400,1,8,FF,FF,FF,00,00,FF,FF,FF
1287179,131614,0xCFF6600,1,8,00,00,FF,FF,FF,FF,FF,FF
1287198,131615,0xCF00400,1,8,FF,FF,FF,00,00,FF,FF,FF
1287199,131616,0xCFF6600,1,8,00,00,FF,FF,FF,FF,FF,FF
1287218,131617,0xCF00400,1,8,FF,FF,FF,00,00,FF,FF,FF
1287219,131618,0xCFF6600,1,8,00,00,FF,FF,FF,FF,FF,FF
1287238,131619,0xCF00400,1,8,FF,FF,FF,00,00,FF,FF,FF
1287239,131620,0xCFF6600,1,8,00,00,FF,FF,FF,FF,FF,FF
1287258,131621,0xCF00400,1,8,FF,FF,FF,00,00,FF,FF,FF
1287259,131622,0xCFF6600,1,8,00,00,FF,FF,FF,FF,FF,FF
1287269,131623,0x18FEF100,1,8,3F,00,00,FF,FF,FF,FF,FF
1287270,131624,0x10FF6500,1,8,FC,FF,FF,FF,FF,FF,FF,FF
1287270,131625,0x18F00500,1,8,FF,FF,FF,FF,20,2D,FF,FF
1287271,131626,0x18F00600,1,8,FF,FF,FF,FF,FF,FF,FF,FF
1287271,131627,0x18FEF200,1,8,00,00,00,FB,00,00,00,FF
1287272,131628,0x1CFDDF00,1,8,FE,FF,FF,FF,FF,FF,FF,FF
1287273,131629,0x1CFF6A00,1,8,FC,FF,FF,FF,FF,FF,FF,FF
1287278,131630,0xCF00400,1,8,FF,FF,FF,00,00,FF,FF,FF
1287279,131631,0xCFF6600,1,8,00,00,FF,FF,FF,FF,FF,FF
1287298,131632,0xCF00400,1,8,FF,FF,FF,00,00,FF,FF,FF
1287299,131633,0xCFF6600,1,8,00,00,FF,FF,FF,FF,FF,FF
1287318,131634,0xCF00400,1,8,FF,FF,FF,00,00,FF,FF,FF
1287319,131635,0xCFF6600,1,8,00,00,FF,FF,FF,FF,FF,FF
1287338,131636,0xCF00400,1,8,FF,FF,FF,00,00,FF,FF,FF
1287339,131637,0xCFF6600,1,8,00,00,FF,FF,FF,FF,FF,FF
1287358,131638,0xCF00400,1,8,FF,FF,FF,00,00,FF,FF,FF
1287359,131639,0xCFF6600,1,8,00,00,FF,FF,FF,FF,FF,FF
1287369,131640,0x18FEF100,1,8,3F,00,00,FF,FF,FF,FF,FF
1287372,131641,0x18F00500,1,8,FF,FF,FF,FF,20,2D,FF,FF
1287373,131642,0x18FEF200,1,8,00,00,00,FB,00,00,00,FF
1287378,131643,0xCF00400,1,8,FF,FF,FF,00,00,FF,FF,FF
1287379,131644,0xCFF6600,1,8,00,00,FF,FF,FF,FF,FF,FF
1287398,131645,0xCF00400,1,8,FF,FF,FF,00,00,FF,FF,FF
1287399,131646,0xCFF6600,1,8,00,00,FF,FF,FF,FF,FF,FF
1287418,131647,0xCF00400,1,8,FF,FF,FF,00,00,FF,FF,FF
1287419,131648,0xCFF6600,1,8,00,00,FF,FF,FF,FF,FF,FF
1287438,131649,0xCF00400,1,8,FF,FF,FF,00,00,FF,FF,FF
1287439,131650,0xCFF6600,1,8,00,00,FF,FF,FF,FF,FF,FF
1287458,131651,0xCF00400,1,8,FF,FF,FF,00,00,FF,FF,FF
1287459,131652,0xCFF6600,1,8,00,00,FF,FF,FF,FF,FF,FF
1287469,131653,0x18FEF100,1,8,3F,00,00,FF,FF,FF,FF,FF
1287470,131654,0x10FF6500,1,8,FC,FF,FF,FF,FF,FF,FF,FF
1287471,131655,0x18F00500,1,8,FF,FF,FF,FF,20,2D,FF,FF
1287471,131656,0x18FEF200,1,8,00,00,00,FB,00,00,00,FF
1287478,131657,0xCF00400,1,8,FF,FF,FF,00,00,FF,FF,FF
1287479,131658,0xCFF6600,1,8,00,00,FF,FF,FF,FF,FF,FF
1287498,131659,0xCF00400,1,8,FF,FF,FF,00,00,FF,FF,FF
1287499,131660,0xCFF6600,1,8,00,00,FF,FF,FF,FF,FF,FF
1287518,131661,0xCF00400,1,8,FF,FF,FF,00,00,FF,FF,FF
1287519,131662,0xCFF6600,1,8,00,00,FF,FF,FF,FF,FF,FF
1287538,131663,0xCF00400,1,8,FF,FF,FF,00,00,FF,FF,FF
1287539,131664,0xCFF6600,1,8,00,00,FF,FF,FF,FF,FF,FF
1287558,131665,0xCF00400,1,8,FF,FF,FF,00,00,FF,FF,FF
1287559,131666,0xCFF6600,1,8,00,00,FF,FF,FF,FF,FF,FF
1287569,131667,0x18FEF100,1,8,3F,00,00,FF,FF,FF,FF,FF
1287570,131668,0x18F00500,1,8,FF,FF,FF,FF,20,2D,FF,FF
1287570,131669,0x18FEF200,1,8,00,00,00,FB,00,00,00,FF
1287578,131670,0xCF00400,1,8,FF,FF,FF,00,00,FF,FF,FF
1287579,131671,0xCFF6600,1,8,00,00,FF,FF,FF,FF,FF,FF
1287598,131672,0xCF00400,1,8,FF,FF,FF,00,00,FF,FF,FF
1287599,131673,0xCFF6600,1,8,00,00,FF,FF,FF,FF,FF,FF
1287618,131674,0xCF00400,1,8,FF,FF,FF,00,00,FF,FF,FF
1287619,131675,0xCFF6600,1,8,00,00,FF,FF,FF,FF,FF,FF
1287638,131676,0xCF00400,1,8,FF,FF,FF,00,00,FF,FF,FF
1287639,131677,0xCFF6600,1,8,00,00,FF,FF,FF,FF,FF,FF
1287658,131678,0xCF00400,1,8,FF,FF,FF,00,00,FF,FF,FF
1287659,131679,0xCFF6600,1,8,00,00,FF,FF,FF,FF,FF,FF
1287669,131680,0x18FEF100,1,8,3F,00,00,FF,FF,FF,FF,FF
1287670,131681,0x10FF6500,1,8,FC,FF,FF,FF,FF,FF,FF,FF
1287670,131682,0x18F00500,1,8,FF,FF,FF,FF,20,2D,FF,FF
1287671,131683,0x18FEF200,1,8,00,00,00,FB,00,00,00,FF
1287678,131684,0xCF00400,1,8,FF,FF,FF,00,00,FF,FF,FF
1287679,131685,0xCFF6600,1,8,00,00,FF,FF,FF,FF,FF,FF
1287698,131686,0xCF00400,1,8,FF,FF,FF,00,00,FF,FF,FF
1287699,131687,0xCFF6600,1,8,00,00,FF,FF,FF,FF,FF,FF
1287718,131688,0xCF00400,1,8,FF,FF,FF,00,00,FF,FF,FF
1287719,131689,0xCFF6600,1,8,00,00,FF,FF,FF,FF,FF,FF
1287738,131690,0xCF00400,1,8,FF,FF,FF,00,00,FF,FF,FF
1287739,131691,0xCFF6600,1,8,00,00,FF,FF,FF,FF,FF,FF
1287758,131692,0xCF00400,1,8,FF,FF,FF,00,00,FF,FF,FF
1287759,131693,0xCFF6600,1,8,00,00,FF,FF,FF,FF,FF,FF
1287769,131694,0x18FEF100,1,8,3F,00,00,FF,FF,FF,FF,FF
1287770,131695,0x18F00500,1,8,FF,FF,FF,FF,20,2D,FF,FF
1287770,131696,0x18F00600,1,8,FF,FF,FF,FF,FF,FF,FF,FF
1287771,131697,0x18FEF200,1,8,00,00,00,FB,00,00,00,FF
1287772,131698,0x1CFDDF00,1,8,FE,FF,FF,FF,FF,FF,FF,FF
1287772,131699,0x1CFF6A00,1,8,FC,FF,FF,FF,FF,FF,FF,FF
1287778,131700,0xCF00400,1,8,FF,FF,FF,00,00,FF,FF,FF
1287779,131701,0xCFF6600,1,8,00,00,FF,FF,FF,FF,FF,FF
1287798,131702,0xCF00400,1,8,FF,FF,FF,00,00,FF,FF,FF
1287799,131703,0xCFF6600,1,8,00,00,FF,FF,FF,FF,FF,FF
1287818,131704,0xCF00400,1,8,FF,FF,FF,00,00,FF,FF,FF
1287819,131705,0xCFF6600,1,8,00,00,FF,FF,FF,FF,FF,FF
1287838,131706,0xCF00400,1,8,FF,FF,FF,00,00,FF,FF,FF
1287839,131707,0xCFF6600,1,8,00,00,FF,FF,FF,FF,FF,FF
1287858,131708,0xCF00400,1,8,FF,FF,FF,00,00,FF,FF,FF
1287859,131709,0xCFF6600,1,8,00,00,FF,FF,FF,FF,FF,FF
1287869,131710,0x18FEF100,1,8,3F,00,00,FF,FF,FF,FF,FF
1287870,131711,0x10FF6500,1,8,FC,FF,FF,FF,FF,FF,FF,FF
1287870,131712,0x18F00500,1,8,FF,FF,FF,FF,20,2D,FF,FF
1287871,131713,0x18FEF200,1,8,00,00,00,FB,00,00,00,FF
1287878,131714,0xCF00400,1,8,FF,FF,FF,00,00,FF,FF,FF
1287879,131715,0xCFF6600,1,8,00,00,FF,FF,FF,FF,FF,FF
1287898,131716,0xCF00400,1,8,FF,FF,FF,00,00,FF,FF,FF
1287899,131717,0xCFF6600,1,8,00,00,FF,FF,FF,FF,FF,FF
1287918,131718,0xCF00400,1,8,FF,FF,FF,00,00,FF,FF,FF
1287919,131719,0xCFF6600,1,8,00,00,FF,FF,FF,FF,FF,FF
1287928,131720,0x18FEEE00,1,8,65,FF,FF,FF,FF,FF,FF,FF
1287929,131721,0x18FDE500,1,8,0A,14,1E,28,32,3C,46,13
1287938,131722,0xCF00400,1,8,FF,FF,FF,00,00,FF,FF,FF
1287939,131723,0xCFF6600,1,8,00,00,FF,FF,FF,FF,FF,FF
1287948,131724,0x1CECFF00,1,8,20,0A,00,02,FF,CA,FE,00
1287958,131725,0xCF00400,1,8,FF,FF,FF,00,00,FF,FF,FF
1287959,131726,0xCFF6600,1,8,00,00,FF,FF,FF,FF,FF,FF
1287969,131727,0x18FEF100,1,8,3F,00,00,FF,FF,FF,FF,FF
1287970,131728,0x18F00500,1,8,FF,FF,FF,FF,20,2D,FF,FF
1287970,131729,0x18FEF200,1,8,00,00,00,FB,00,00,00,FF
1287978,131730,0xCF00400,1,8,FF,FF,FF,00,00,FF,FF,FF
1287979,131731,0xCFF6600,1,8,00,00,FF,FF,FF,FF,FF,FF
1287998,131732,0xCF00400,1,8,FF,FF,FF,00,00,FF,FF,FF
1287999,131733,0xCFF6600,1,8,00,00,FF,FF,FF,FF,FF,FF
1288000,131734,0x1CEBFF00,1,8,01,40,FF,0F,F0,E5,01,02
1288018,131735,0xCF00400,1,8,FF,FF,FF,00,00,FF,FF,FF
1288019,131736,0xCFF6600,1,8,00,00,FF,FF,FF,FF,FF,FF
1288038,131737,0xCF00400,1,8,FF,FF,FF,00,00,FF,FF,FF
1288039,131738,0xCFF6600,1,8,00,00,FF,FF,FF,FF,FF,FF
1288048,131739,0x1CEBFF00,1,8,02,F0,E3,01,FF,FF,FF,FF
1288058,131740,0xCF00400,1,8,FF,FF,FF,00,00,FF,FF,FF
1288059,131741,0xCFF6600,1,8,00,00,FF,FF,FF,FF,FF,FF
1288069,131742,0x18FEF100,1,8,3F,00,00,FF,FF,FF,FF,FF
1288070,131743,0x10FF6500,1,8,FC,FF,FF,FF,FF,FF,FF,FF
1288070,131744,0x18F00500,1,8,FF,FF,FF,FF,20,2D,FF,FF
1288071,131745,0x18FEF200,1,8,00,00,00,FB,00,00,00,FF
1288078,131746,0xCF00400,1,8,FF,FF,FF,00,00,FF,FF,FF
1288079,131747,0xCFF6600,1,8,00,00,FF,FF,FF,FF,FF,FF
1288098,131748,0xCF00400,1,8,FF,FF,FF,00,00,FF,FF,FF
1288099,131749,0xCFF6600,1,8,00,00,FF,FF,FF,FF,FF,FF
1288118,131750,0xCF00400,1,8,FF,FF,FF,00,00,FF,FF,FF
1288119,131751,0xCFF6600,1,8,00,00,FF,FF,FF,FF,FF,FF
1288138,131752,0xCF00400,1,8,FF,FF,FF,00,00,FF,FF,FF
1288139,131753,0xCFF6600,1,8,00,00,FF,FF,FF,FF,FF,FF
1288158,131754,0xCF00400,1,8,FF,FF,FF,00,00,FF,FF,FF
1288159,131755,0xCFF6600,1,8,00,00,FF,FF,FF,FF,FF,FF
1288169,131756,0x18FEF100,1,8,3F,00,00,FF,FF,FF,FF,FF
1288170,131757,0x18F00500,1,8,FF,FF,FF,FF,20,2D,FF,FF
1288170,131758,0x18FEF200,1,8,00,00,00,FB,00,00,00,FF
1288178,131759,0xCF00400,1,8,FF,FF,FF,00,00,FF,FF,FF
1288179,131760,0xCFF6600,1,8,00,00,FF,FF,FF,FF,FF,FF
1288198,131761,0xCF00400,1,8,FF,FF,FF,00,00,FF,FF,FF
1288199,131762,0xCFF6600,1,8,00,00,FF,FF,FF,FF,FF,FF
1288218,131763,0xCF00400,1,8,FF,FF,FF,00,00,FF,FF,FF
1288219,131764,0xCFF6600,1,8,00,00,FF,FF,FF,FF,FF,FF
1288238,131765,0xCF00400,1,8,FF,FF,FF,00,00,FF,FF,FF
1288239,131766,0xCFF6600,1,8,00,00,FF,FF,FF,FF,FF,FF
1288258,131767,0xCF00400,1,8,FF,FF,FF,00,00,FF,FF,FF
1288259,131768,0xCFF6600,1,8,00,00,FF,FF,FF,FF,FF,FF
1288269,131769,0x18FEF100,1,8,3F,00,00,FF,FF,FF,FF,FF
1288270,131770,0x10FF6500,1,8,FC,FF,FF,FF,FF,FF,FF,FF
1288270,131771,0x18F00500,1,8,FF,FF,FF,FF,20,2D,FF,FF
1288271,131772,0x18F00600,1,8,FF,FF,FF,FF,FF,FF,FF,FF
1288272,131773,0x18FEF200,1,8,00,00,00,FB,00,00,00,FF
1288272,131774,0x1CFDDF00,1,8,FE,FF,FF,FF,FF,FF,FF,FF
1288273,131775,0x1CFF6A00,1,8,FC,FF,FF,FF,FF,FF,FF,FF
1288278,131776,0xCF00400,1,8,FF,FF,FF,00,00,FF,FF,FF
1288279,131777,0xCFF6600,1,8,00,00,FF,FF,FF,FF,FF,FF
1288298,131778,0xCF00400,1,8,FF,FF,FF,00,00,FF,FF,FF
1288299,131779,0xCFF6600,1,8,00,00,FF,FF,FF,FF,FF,FF
1288318,131780,0xCF00400,1,8,FF,FF,FF,00,00,FF,FF,FF
1288319,131781,0xCFF6600,1,8,00,00,FF,FF,FF,FF,FF,FF
1288338,131782,0xCF00400,1,8,FF,FF,FF,00,00,FF,FF,FF
1288339,131783,0xCFF6600,1,8,00,00,FF,FF,FF,FF,FF,FF
1288358,131784,0xCF00400,1,8,FF,FF,FF,00,00,FF,FF,FF
1288359,131785,0xCFF6600,1,8,00,00,FF,FF,FF,FF,FF,FF
1288369,131786,0x18FEF100,1,8,3F,00,00,FF,FF,FF,FF,FF
1288370,131787,0x18F00500,1,8,FF,FF,FF,FF,20,2D,FF,FF
1288370,131788,0x18FEF200,1,8,00,00,00,FB,00,00,00,FF
1288378,131789,0xCF00400,1,8,FF,FF,FF,00,00,FF,FF,FF
1288379,131790,0xCFF6600,1,8,00,00,FF,FF,FF,FF,FF,FF
1288398,131791,0xCF00400,1,8,FF,FF,FF,00,00,FF,FF,FF
1288399,131792,0xCFF6600,1,8,00,00,FF,FF,FF,FF,FF,FF
1288418,131793,0xCF00400,1,8,FF,FF,FF,00,00,FF,FF,FF
1288419,131794,0xCFF6600,1,8,00,00,FF,FF,FF,FF,FF,FF
1288438,131795,0xCF00400,1,8,FF,FF,FF,00,00,FF,FF,FF
1288439,131796,0xCFF6600,1,8,00,00,FF,FF,FF,FF,FF,FF
1288458,131797,0xCF00400,1,8,FF,FF,FF,00,00,FF,FF,FF
1288459,131798,0xCFF6600,1,8,00,00,FF,FF,FF,FF,FF,FF
1288469,131799,0x18FEF100,1,8,3F,00,00,FF,FF,FF,FF,FF
1288470,131800,0x10FF6500,1,8,FC,FF,FF,FF,FF,FF,FF,FF
1288470,131801,0x18F00500,1,8,FF,FF,FF,FF,20,2D,FF,FF
1288471,131802,0x18FEF200,1,8,00,00,00,FB,00,00,00,FF
1288478,131803,0xCF00400,1,8,FF,FF,FF,00,00,FF,FF,FF
1288479,131804,0xCFF6600,1,8,00,00,FF,FF,FF,FF,FF,FF
1288498,131805,0xCF00400,1,8,FF,FF,FF,00,00,FF,FF,FF
1288499,131806,0xCFF6600,1,8,00,00,FF,FF,FF,FF,FF,FF
1288518,131807,0xCF00400,1,8,FF,FF,FF,00,00,FF,FF,FF
1288519,131808,0xCFF6600,1,8,00,00,FF,FF,FF,FF,FF,FF
1288538,131809,0xCF00400,1,8,FF,FF,FF,00,00,FF,FF,FF
1288539,131810,0xCFF6600,1,8,00,00,FF,FF,FF,FF,FF,FF
1288558,131811,0xCF00400,1,8,FF,FF,FF,00,00,FF,FF,FF
1288559,131812,0xCFF6600,1,8,00,00,FF,FF,FF,FF,FF,FF
1288569,131813,0x18FEF100,1,8,3F,00,00,FF,FF,FF,FF,FF
1288570,131814,0x18F00500,1,8,FF,FF,FF,FF,20,2D,FF,FF
1288570,131815,0x18FEF200,1,8,00,00,00,FB,00,00,00,FF
1288578,131816,0xCF00400,1,8,FF,FF,FF,00,00,FF,FF,FF
1288579,131817,0xCFF6600,1,8,00,00,FF,FF,FF,FF,FF,FF
1288598,131818,0xCF00400,1,8,FF,FF,FF,00,00,FF,FF,FF
1288599,131819,0xCFF6600,1,8,00,00,FF,FF,FF,FF,FF,FF
1288618,131820,0xCF00400,1,8,FF,FF,FF,00,00,FF,FF,FF
1288619,131821,0xCFF6600,1,8,00,00,FF,FF,FF,FF,FF,FF
1288638,131822,0xCF00400,1,8,FF,FF,FF,00,00,FF,FF,FF
1288639,131823,0xCFF6600,1,8,00,00,FF,FF,FF,FF,FF,FF
1288658,131824,0xCF00400,1,8,FF,FF,FF,00,00,FF,FF,FF
1288659,131825,0xCFF6600,1,8,00,00,FF,FF,FF,FF,FF,FF
1288669,131826,0x18FEF100,1,8,3F,00,00,FF,FF,FF,FF,FF
1288670,131827,0x10FF6500,1,8,FC,FF,FF,FF,FF,FF,FF,FF
1288670,131828,0x18F00500,1,8,FF,FF,FF,FF,20,2D,FF,FF
1288671,131829,0x18FEF200,1,8,00,00,00,FB,00,00,00,FF
1288678,131830,0xCF00400,1,8,FF,FF,FF,00,00,FF,FF,FF
1288679,131831,0xCFF6600,1,8,00,00,FF,FF,FF,FF,FF,FF
1288698,131832,0xCF00400,1,8,FF,FF,FF,00,00,FF,FF,FF
1288699,131833,0xCFF6600,1,8,00,00,FF,FF,FF,FF,FF,FF
1288718,131834,0xCF00400,1,8,FF,FF,FF,00,00,FF,FF,FF
1288719,131835,0xCFF6600,1,8,00,00,FF,FF,FF,FF,FF,FF
1288738,131836,0xCF00400,1,8,FF,FF,FF,00,00,FF,FF,FF
1288739,131837,0xCFF6600,1,8,00,00,FF,FF,FF,FF,FF,FF
1288758,131838,0xCF00400,1,8,FF,FF,FF,00,00,FF,FF,FF
1288759,131839,0xCFF6600,1,8,00,00,FF,FF,FF,FF,FF,FF
1288769,131840,0x18FEF100,1,8,3F,00,00,FF,FF,FF,FF,FF
1288770,131841,0x18F00500,1,8,FF,FF,FF,FF,20,2D,FF,FF
1288771,131842,0x18F00600,1,8,FF,FF,FF,FF,FF,FF,FF,FF
1288772,131843,0x18FEF200,1,8,00,00,00,FB,00,00,00,FF
1288772,131844,0x1CFDDF00,1,8,FE,FF,FF,FF,FF,FF,FF,FF
1288774,131845,0x1CFF6A00,1,8,FC,FF,FF,FF,FF,FF,FF,FF
1288778,131846,0xCF00400,1,8,FF,FF,FF,00,00,FF,FF,FF
1288779,131847,0xCFF6600,1,8,00,00,FF,FF,FF,FF,FF,FF
1288798,131848,0xCF00400,1,8,FF,FF,FF,00,00,FF,FF,FF
1288799,131849,0xCFF6600,1,8,00,00,FF,FF,FF,FF,FF,FF
1288818,131850,0xCF00400,1,8,FF,FF,FF,00,00,FF,FF,FF
1288819,131851,0xCFF6600,1,8,00,00,FF,FF,FF,FF,FF,FF
1288838,131852,0xCF00400,1,8,FF,FF,FF,00,00,FF,FF,FF
1288839,131853,0xCFF6600,1,8,00,00,FF,FF,FF,FF,FF,FF
1288858,131854,0xCF00400,1,8,FF,FF,FF,00,00,FF,FF,FF
1288859,131855,0xCFF6600,1,8,00,00,FF,FF,FF,FF,FF,FF
1288869,131856,0x18FEF100,1,8,3F,00,00,FF,FF,FF,FF,FF
1288870,131857,0x10FF6500,1,8,FC,FF,FF,FF,FF,FF,FF,FF
1288870,131858,0x18F00500,1,8,FF,FF,FF,FF,20,2D,FF,FF
1288871,131859,0x18FEF200,1,8,00,00,00,FB,00,00,00,FF
1288878,131860,0xCF00400,1,8,FF,FF,FF,00,00,FF,FF,FF
1288879,131861,0xCFF6600,1,8,00,00,FF,FF,FF,FF,FF,FF
1288898,131862,0xCF00400,1,8,FF,FF,FF,00,00,FF,FF,FF
1288899,131863,0xCFF6600,1,8,00,00,FF,FF,FF,FF,FF,FF
1288918,131864,0xCF00400,1,8,FF,FF,FF,00,00,FF,FF,FF
1288919,131865,0xCFF6600,1,8,00,00,FF,FF,FF,FF,FF,FF
1288928,131866,0x18FEEE00,1,8,65,FF,FF,FF,FF,FF,FF,FF
1288929,131867,0x18FDE500,1,8,0A,14,1E,28,32,3C,46,13
1288938,131868,0xCF00400,1,8,FF,FF,FF,00,00,FF,FF,FF
1288939,131869,0xCFF6600,1,8,00,00,FF,FF,FF,FF,FF,FF
1288948,131870,0x1CECFF00,1,8,20,0A,00,02,FF,CA,FE,00
1288958,131871,0xCF00400,1,8,FF,FF,FF,00,00,FF,FF,FF
1288959,131872,0xCFF6600,1,8,00,00,FF,FF,FF,FF,FF,FF
1288969,131873,0x18FEF100,1,8,3F,00,00,FF,FF,FF,FF,FF
1288970,131874,0x18F00500,1,8,FF,FF,FF,FF,20,2D,FF,FF
1288970,131875,0x18FEF200,1,8,00,00,00,FB,00,00,00,FF
1288978,131876,0xCF00400,1,8,FF,FF,FF,00,00,FF,FF,FF
1288979,131877,0xCFF6600,1,8,00,00,FF,FF,FF,FF,FF,FF
1288998,131878,0xCF00400,1,8,FF,FF,FF,00,00,FF,FF,FF
1288999,131879,0xCFF6600,1,8,00,00,FF,FF,FF,FF,FF,FF
1289000,131880,0x1CEBFF00,1,8,01,40,FF,0F,F0,E5,01,02
1289018,131881,0xCF00400,1,8,FF,FF,FF,00,00,FF,FF,FF
1289019,131882,0xCFF6600,1,8,00,00,FF,FF,FF,FF,FF,FF
1289038,131883,0xCF00400,1,8,FF,FF,FF,00,00,FF,FF,FF
1289039,131884,0xCFF6600,1,8,00,00,FF,FF,FF,FF,FF,FF
1289048,131885,0x1CEBFF00,1,8,02,F0,E3,01,FF,FF,FF,FF
1289058,131886,0xCF00400,1,8,FF,FF,FF,00,00,FF,FF,FF
1289059,131887,0xCFF6600,1,8,00,00,FF,FF,FF,FF,FF,FF
1289069,131888,0x18FEF100,1,8,3F,00,00,FF,FF,FF,FF,FF
1289070,131889,0x10FF6500,1,8,FC,FF,FF,FF,FF,FF,FF,FF
1289070,131890,0x18F00500,1,8,FF,FF,FF,FF,20,2D,FF,FF
1289071,131891,0x18FEF200,1,8,00,00,00,FB,00,00,00,FF
1289078,131892,0xCF00400,1,8,FF,FF,FF,00,00,FF,FF,FF
1289079,131893,0xCFF6600,1,8,00,00,FF,FF,FF,FF,FF,FF
1289098,131894,0xCF00400,1,8,FF,FF,FF,00,00,FF,FF,FF
1289099,131895,0xCFF6600,1,8,00,00,FF,FF,FF,FF,FF,FF
1289118,131896,0xCF00400,1,8,FF,FF,FF,00,00,FF,FF,FF
1289119,131897,0xCFF6600,1,8,00,00,FF,FF,FF,FF,FF,FF
1289138,131898,0xCF00400,1,8,FF,FF,FF,00,00,FF,FF,FF
1289139,131899,0xCFF6600,1,8,00,00,FF,FF,FF,FF,FF,FF
1289158,131900,0xCF00400,1,8,FF,FF,FF,00,00,FF,FF,FF
1289159,131901,0xCFF6600,1,8,00,00,FF,FF,FF,FF,FF,FF
1289169,131902,0x18FEF100,1,8,3F,00,00,FF,FF,FF,FF,FF
1289170,131903,0x18F00500,1,8,FF,FF,FF,FF,20,2D,FF,FF
1289171,131904,0x18FEF200,1,8,00,00,00,FB,00,00,00,FF
1289178,131905,0xCF00400,1,8,FF,FF,FF,00,00,FF,FF,FF
1289179,131906,0xCFF6600,1,8,00,00,FF,FF,FF,FF,FF,FF
1289198,131907,0xCF00400,1,8,FF,FF,FF,00,00,FF,FF,FF
1289199,131908,0xCFF6600,1,8,00,00,FF,FF,FF,FF,FF,FF
1289218,131909,0xCF00400,1,8,FF,FF,FF,00,00,FF,FF,FF
1289219,131910,0xCFF6600,1,8,00,00,FF,FF,FF,FF,FF,FF
1289238,131911,0xCF00400,1,8,FF,FF,FF,00,00,FF,FF,FF
1289239,131912,0xCFF6600,1,8,00,00,FF,FF,FF,FF,FF,FF
1289258,131913,0xCF00400,1,8,FF,FF,FF,00,00,FF,FF,FF
1289259,131914,0xCFF6600,1,8,00,00,FF,FF,FF,FF,FF,FF
1289269,131915,0x18FEF100,1,8,3F,00,00,FF,FF,FF,FF,FF
1289270,131916,0x10FF6500,1,8,FC,FF,FF,FF,FF,FF,FF,FF
1289270,131917,0x18F00500,1,8,FF,FF,FF,FF,20,2D,FF,FF
1289272,131918,0x18F00600,1,8,FF,FF,FF,FF,FF,FF,FF,FF
1289272,131919,0x18FEF200,1,8,00,00,00,FB,00,00,00,FF
1289273,131920,0x1CFDDF00,1,8,FE,FF,FF,FF,FF,FF,FF,FF
1289274,131921,0x1CFF6A00,1,8,FC,FF,FF,FF,FF,FF,FF,FF
1289278,131922,0xCF00400,1,8,FF,FF,FF,00,00,FF,FF,FF
1289279,131923,0xCFF6600,1,8,00,00,FF,FF,FF,FF,FF,FF
1289298,131924,0xCF00400,1,8,FF,FF,FF,00,00,FF,FF,FF
1289299,131925,0xCFF6600,1,8,00,00,FF,FF,FF,FF,FF,FF
1289318,131926,0xCF00400,1,8,FF,FF,FF,00,00,FF,FF,FF
1289319,131927,0xCFF6600,1,8,00,00,FF,FF,FF,FF,FF,FF
1289338,131928,0xCF00400,1,8,FF,FF,FF,00,00,FF,FF,FF
1289339,131929,0xCFF6600,1,8,00,00,FF,FF,FF,FF,FF,FF
1289358,131930,0xCF00400,1,8,FF,FF,FF,00,00,FF,FF,FF
1289359,131931,0xCFF6600,1,8,00,00,FF,FF,FF,FF,FF,FF
1289369,131932,0x18FEF100,1,8,3F,00,00,FF,FF,FF,FF,FF
1289370,131933,0x18F00500,1,8,FF,FF,FF,FF,20,2D,FF,FF
1289370,131934,0x18FEF200,1,8,00,00,00,FB,00,00,00,FF
1289378,131935,0xCF00400,1,8,FF,FF,FF,00,00,FF,FF,FF
1289379,131936,0xCFF6600,1,8,00,00,FF,FF,FF,FF,FF,FF
1289398,131937,0xCF00400,1,8,FF,FF,FF,00,00,FF,FF,FF
1289399,131938,0xCFF6600,1,8,00,00,FF,FF,FF,FF,FF,FF
1289418,131939,0xCF00400,1,8,FF,FF,FF,00,00,FF,FF,FF
1289419,131940,0xCFF6600,1,8,00,00,FF,FF,FF,FF,FF,FF
1289438,131941,0xCF00400,1,8,FF,FF,FF,00,00,FF,FF,FF
1289439,131942,0xCFF6600,1,8,00,00,FF,FF,FF,FF,FF,FF
1289458,131943,0xCF00400,1,8,FF,FF,FF,00,00,FF,FF,FF
1289459,131944,0xCFF6600,1,8,00,00,FF,FF,FF,FF,FF,FF
1289469,131945,0x18FEF100,1,8,3F,00,00,FF,FF,FF,FF,FF
1289470,131946,0x10FF6500,1,8,FC,FF,FF,FF,FF,FF,FF,FF
1289471,131947,0x18F00500,1,8,FF,FF,FF,FF,20,2D,FF,FF
1289472,131948,0x18FEF200,1,8,00,00,00,FB,00,00,00,FF
1289478,131949,0xCF00400,1,8,FF,FF,FF,00,00,FF,FF,FF
1289479,131950,0xCFF6600,1,8,00,00,FF,FF,FF,FF,FF,FF
1289498,131951,0xCF00400,1,8,FF,FF,FF,00,00,FF,FF,FF
1289499,131952,0xCFF6600,1,8,00,00,FF,FF,FF,FF,FF,FF
1289518,131953,0xCF00400,1,8,FF,FF,FF,00,00,FF,FF,FF
1289519,131954,0xCFF6600,1,8,00,00,FF,FF,FF,FF,FF,FF
1289538,131955,0xCF00400,1,8,FF,FF,FF,00,00,FF,FF,FF
1289539,131956,0xCFF6600,1,8,00,00,FF,FF,FF,FF,FF,FF
1289558,131957,0xCF00400,1,8,FF,FF,FF,00,00,FF,FF,FF
1289559,131958,0xCFF6600,1,8,00,00,FF,FF,FF,FF,FF,FF
1289569,131959,0x18FEF100,1,8,3F,00,00,FF,FF,FF,FF,FF
1289571,131960,0x18F00500,1,8,FF,FF,FF,FF,20,2D,FF,FF
1289571,131961,0x18FEF200,1,8,00,00,00,FB,00,00,00,FF
1289578,131962,0xCF00400,1,8,FF,FF,FF,00,00,FF,FF,FF
1289579,131963,0xCFF6600,1,8,00,00,FF,FF,FF,FF,FF,FF
1289598,131964,0xCF00400,1,8,FF,FF,FF,00,00,FF,FF,FF
1289599,131965,0xCFF6600,1,8,00,00,FF,FF,FF,FF,FF,FF
1289618,131966,0xCF00400,1,8,FF,FF,FF,00,00,FF,FF,FF
1289619,131967,0xCFF6600,1,8,00,00,FF,FF,FF,FF,FF,FF
1289638,131968,0xCF00400,1,8,FF,FF,FF,00,00,FF,FF,FF
1289639,131969,0xCFF6600,1,8,00,00,FF,FF,FF,FF,FF,FF
1289658,131970,0xCF00400,1,8,FF,FF,FF,00,00,FF,FF,FF
1289659,131971,0xCFF6600,1,8,00,00,FF,FF,FF,FF,FF,FF
1289669,131972,0x18FEF100,1,8,3F,00,00,FF,FF,FF,FF,FF
1289670,131973,0x10FF6500,1,8,FC,FF,FF,FF,FF,FF,FF,FF
1289670,131974,0x18F00500,1,8,FF,FF,FF,FF,20,2D,FF,FF
1289671,131975,0x18FEF200,1,8,00,00,00,FB,00,00,00,FF
1289678,131976,0xCF00400,1,8,FF,FF,FF,00,00,FF,FF,FF
1289679,131977,0xCFF6600,1,8,00,00,FF,FF,FF,FF,FF,FF
1289698,131978,0xCF00400,1,8,FF,FF,FF,00,00,FF,FF,FF
1289699,131979,0xCFF6600,1,8,00,00,FF,FF,FF,FF,FF,FF
1289718,131980,0xCF00400,1,8,FF,FF,FF,00,00,FF,FF,FF
1289719,131981,0xCFF6600,1,8,00,00,FF,FF,FF,FF,FF,FF
1289738,131982,0xCF00400,1,8,FF,FF,FF,00,00,FF,FF,FF
1289739,131983,0xCFF6600,1,8,00,00,FF,FF,FF,FF,FF,FF
1289758,131984,0xCF00400,1,8,FF,FF,FF,00,00,FF,FF,FF
1289759,131985,0xCFF6600,1,8,00,00,FF,FF,FF,FF,FF,FF
1289769,131986,0x18FEF100,1,8,3F,00,00,FF,FF,FF,FF,FF
1289770,131987,0x18F00500,1,8,FF,FF,FF,FF,20,2D,FF,FF
1289770,131988,0x18F00600,1,8,FF,FF,FF,FF,FF,FF,FF,FF
1289771,131989,0x18FEF200,1,8,00,00,00,FB,00,00,00,FF
1289772,131990,0x1CFDDF00,1,8,FE,FF,FF,FF,FF,FF,FF,FF
1289772,131991,0x1CFF6A00,1,8,FC,FF,FF,FF,FF,FF,FF,FF
1289778,131992,0xCF00400,1,8,FF,FF,FF,00,00,FF,FF,FF
1289779,131993,0xCFF6600,1,8,00,00,FF,FF,FF,FF,FF,FF
1289798,131994,0xCF00400,1,8,FF,FF,FF,00,00,FF,FF,FF
1289799,131995,0xCFF6600,1,8,00,00,FF,FF,FF,FF,FF,FF
1289818,131996,0xCF00400,1,8,FF,FF,FF,00,00,FF,FF,FF
1289819,131997,0xCFF6600,1,8,00,00,FF,FF,FF,FF,FF,FF
1289838,131998,0xCF00400,1,8,FF,FF,FF,00,00,FF,FF,FF
1289839,131999,0xCFF6600,1,8,00,00,FF,FF,FF,FF,FF,FF
1289858,132000,0xCF00400,1,8,FF,FF,FF,00,00,FF,FF,FF
1289859,132001,0xCFF6600,1,8,00,00,FF,FF,FF,FF,FF,FF
1289869,132002,0x18FEF100,1,8,3F,00,00,FF,FF,FF,FF,FF
1289870,132003,0x10FF6500,1,8,FC,FF,FF,FF,FF,FF,FF,FF
1289870,132004,0x18F00500,1,8,FF,FF,FF,FF,20,2D,FF,FF
1289871,132005,0x18FEF200,1,8,00,00,00,FB,00,00,00,FF
1289878,132006,0xCF00400,1,8,FF,FF,FF,00,00,FF,FF,FF
1289879,132007,0xCFF6600,1,8,00,00,FF,FF,FF,FF,FF,FF
1289898,132008,0xCF00400,1,8,FF,FF,FF,00,00,FF,FF,FF
1289899,132009,0xCFF6600,1,8,00,00,FF,FF,FF,FF,FF,FF
1289918,132010,0xCF00400,1,8,FF,FF,FF,00,00,FF,FF,FF
1289919,132011,0xCFF6600,1,8,00,00,FF,FF,FF,FF,FF,FF
1289928,132012,0x18FEEE00,1,8,65,FF,FF,FF,FF,FF,FF,FF
1289929,132013,0x18FDE500,1,8,0A,14,1E,28,32,3C,46,13
1289938,132014,0xCF00400,1,8,FF,FF,FF,00,00,FF,FF,FF
1289939,132015,0xCFF6600,1,8,00,00,FF,FF,FF,FF,FF,FF
1289948,132016,0x1CECFF00,1,8,20,0A,00,02,FF,CA,FE,00
1289958,132017,0xCF00400,1,8,FF,FF,FF,00,00,FF,FF,FF
1289959,132018,0xCFF6600,1,8,00,00,FF,FF,FF,FF,FF,FF
1289969,132019,0x18FEF100,1,8,3F,00,00,FF,FF,FF,FF,FF
1289970,132020,0x18F00500,1,8,FF,FF,FF,FF,20,2D,FF,FF
1289971,132021,0x18FEF200,1,8,00,00,00,FB,00,00,00,FF
1289978,132022,0xCF00400,1,8,FF,FF,FF,00,00,FF,FF,FF
1289979,132023,0xCFF6600,1,8,00,00,FF,FF,FF,FF,FF,FF
1289998,132024,0xCF00400,1,8,FF,FF,FF,00,00,FF,FF,FF
1289999,132025,0xCFF6600,1,8,00,00,FF,FF,FF,FF,FF,FF
1290000,132026,0x1CEBFF00,1,8,01,40,FF,0F,F0,E5,01,02
1290018,132027,0xCF00400,1,8,FF,FF,FF,00,00,FF,FF,FF
1290019,132028,0xCFF6600,1,8,00,00,FF,FF,FF,FF,FF,FF
1290038,132029,0xCF00400,1,8,FF,FF,FF,00,00,FF,FF,FF
1290039,132030,0xCFF6600,1,8,00,00,FF,FF,FF,FF,FF,FF
1290048,132031,0x1CEBFF00,1,8,02,F0,E3,01,FF,FF,FF,FF
1290058,132032,0xCF00400,1,8,FF,FF,FF,00,00,FF,FF,FF
1290059,132033,0xCFF6600,1,8,00,00,FF,FF,FF,FF,FF,FF
1290069,132034,0x18FEF100,1,8,3F,00,00,FF,FF,FF,FF,FF
1290070,132035,0x10FF6500,1,8,FC,FF,FF,FF,FF,FF,FF,FF
1290070,132036,0x18F00500,1,8,FF,FF,FF,FF,20,2D,FF,FF
1290071,132037,0x18FEF200,1,8,00,00,00,FB,00,00,00,FF
1290078,132038,0xCF00400,1,8,FF,FF,FF,00,00,FF,FF,FF
1290079,132039,0xCFF6600,1,8,00,00,FF,FF,FF,FF,FF,FF
1290098,132040,0xCF00400,1,8,FF,FF,FF,00,00,FF,FF,FF
1290099,132041,0xCFF6600,1,8,00,00,FF,FF,FF,FF,FF,FF
1290118,132042,0xCF00400,1,8,FF,FF,FF,00,00,FF,FF,FF
1290119,132043,0xCFF6600,1,8,00,00,FF,FF,FF,FF,FF,FF
1290138,132044,0xCF00400,1,8,FF,FF,FF,00,00,FF,FF,FF
1290139,132045,0xCFF6600,1,8,00,00,FF,FF,FF,FF,FF,FF
1290158,132046,0xCF00400,1,8,FF,FF,FF,00,00,FF,FF,FF
1290159,132047,0xCFF6600,1,8,00,00,FF,FF,FF,FF,FF,FF
1290169,132048,0x18FEF100,1,8,3F,00,00,FF,FF,FF,FF,FF
1290170,132049,0x18F00500,1,8,FF,FF,FF,FF,20,2D,FF,FF
1290171,132050,0x18FEF200,1,8,00,00,00,FB,00,00,00,FF
1290178,132051,0xCF00400,1,8,FF,FF,FF,00,00,FF,FF,FF
1290179,132052,0xCFF6600,1,8,00,00,FF,FF,FF,FF,FF,FF
1290198,132053,0xCF00400,1,8,FF,FF,FF,00,00,FF,FF,FF
1290199,132054,0xCFF6600,1,8,00,00,FF,FF,FF,FF,FF,FF
1290218,132055,0xCF00400,1,8,FF,FF,FF,00,00,FF,FF,FF
1290219,132056,0xCFF6600,1,8,00,00,FF,FF,FF,FF,FF,FF
1290238,132057,0xCF00400,1,8,FF,FF,FF,00,00,FF,FF,FF
1290239,132058,0xCFF6600,1,8,00,00,FF,FF,FF,FF,FF,FF
1290258,132059,0xCF00400,1,8,FF,FF,FF,00,00,FF,FF,FF
1290259,132060,0xCFF6600,1,8,00,00,FF,FF,FF,FF,FF,FF
1290269,132061,0x18FEF100,1,8,3F,00,00,FF,FF,FF,FF,FF
1290270,132062,0x10FF6500,1,8,FC,FF,FF,FF,FF,FF,FF,FF
1290270,132063,0x18F00500,1,8,FF,FF,FF,FF,20,2D,FF,FF
1290271,132064,0x18F00600,1,8,FF,FF,FF,FF,FF,FF,FF,FF
1290272,132065,0x18FEF200,1,8,00,00,00,FB,00,00,00,FF
1290272,132066,0x1CFDDF00,1,8,FE,FF,FF,FF,FF,FF,FF,FF
1290273,132067,0x1CFF6A00,1,8,FC,FF,FF,FF,FF,FF,FF,FF
1290278,132068,0xCF00400,1,8,FF,FF,FF,00,00,FF,FF,FF
1290279,132069,0xCFF6600,1,8,00,00,FF,FF,FF,FF,FF,FF
1290298,132070,0xCF00400,1,8,FF,FF,FF,00,00,FF,FF,FF
1290299,132071,0xCFF6600,1,8,00,00,FF,FF,FF,FF,FF,FF
1290318,132072,0xCF00400,1,8,FF,FF,FF,00,00,FF,FF,FF
1290319,132073,0xCFF6600,1,8,00,00,FF,FF,FF,FF,FF,FF
1290338,132074,0xCF00400,1,8,FF,FF,FF,00,00,FF,FF,FF
1290339,132075,0xCFF6600,1,8,00,00,FF,FF,FF,FF,FF,FF
1290358,132076,0xCF00400,1,8,FF,FF,FF,00,00,FF,FF,FF
1290359,132077,0xCFF6600,1,8,00,00,FF,FF,FF,FF,FF,FF
1290369,132078,0x18FEF100,1,8,3F,00,00,FF,FF,FF,FF,FF
1290370,132079,0x18F00500,1,8,FF,FF,FF,FF,20,2D,FF,FF
1290371,132080,0x18FEF200,1,8,00,00,00,FB,00,00,00,FF
1290378,132081,0xCF00400,1,8,FF,FF,FF,00,00,FF,FF,FF
1290379,132082,0xCFF6600,1,8,00,00,FF,FF,FF,FF,FF,FF
1290398,132083,0xCF00400,1,8,FF,FF,FF,00,00,FF,FF,FF
1290399,132084,0xCFF6600,1,8,00,00,FF,FF,FF,FF,FF,FF
1290418,132085,0xCF00400,1,8,FF,FF,FF,00,00,FF,FF,FF
1290419,132086,0xCFF6600,1,8,00,00,FF,FF,FF,FF,FF,FF
1290438,132087,0xCF00400,1,8,FF,FF,FF,00,00,FF,FF,FF
1290439,132088,0xCFF6600,1,8,00,00,FF,FF,FF,FF,FF,FF
1290458,132089,0xCF00400,1,8,FF,FF,FF,00,00,FF,FF,FF
1290459,132090,0xCFF6600,1,8,00,00,FF,FF,FF,FF,FF,FF
1290469,132091,0x18FEF100,1,8,3F,00,00,FF,FF,FF,FF,FF
1290470,132092,0x10FF6500,1,8,FC,FF,FF,FF,FF,FF,FF,FF
1290470,132093,0x18F00500,1,8,FF,FF,FF,FF,20,2D,FF,FF
1290471,132094,0x18FEF200,1,8,00,00,00,FB,00,00,00,FF
1290478,132095,0xCF00400,1,8,FF,FF,FF,00,00,FF,FF,FF
1290479,132096,0xCFF6600,1,8,00,00,FF,FF,FF,FF,FF,FF
1290498,132097,0xCF00400,1,8,FF,FF,FF,00,00,FF,FF,FF
1290499,132098,0xCFF6600,1,8,00,00,FF,FF,FF,FF,FF,FF
1290518,132099,0xCF00400,1,8,FF,FF,FF,00,00,FF,FF,FF
1290519,132100,0xCFF6600,1,8,00,00,FF,FF,FF,FF,FF,FF
1290538,132101,0xCF00400,1,8,FF,FF,FF,00,00,FF,FF,FF
1290539,132102,0xCFF6600,1,8,00,00,FF,FF,FF,FF,FF,FF
1290558,132103,0xCF00400,1,8,FF,FF,FF,00,00,FF,FF,FF
1290559,132104,0xCFF6600,1,8,00,00,FF,FF,FF,FF,FF,FF
1290569,132105,0x18FEF100,1,8,3F,00,00,FF,FF,FF,FF,FF
1290571,132106,0x18F00500,1,8,FF,FF,FF,FF,20,2D,FF,FF
1290571,132107,0x18FEF200,1,8,00,00,00,FB,00,00,00,FF
1290578,132108,0xCF00400,1,8,FF,FF,FF,00,00,FF,FF,FF
1290579,132109,0xCFF6600,1,8,00,00,FF,FF,FF,FF,FF,FF
1290598,132110,0xCF00400,1,8,FF,FF,FF,00,00,FF,FF,FF
1290599,132111,0xCFF6600,1,8,00,00,FF,FF,FF,FF,FF,FF
1290618,132112,0xCF00400,1,8,FF,FF,FF,00,00,FF,FF,FF
1290619,132113,0xCFF6600,1,8,00,00,FF,FF,FF,FF,FF,FF
1290638,132114,0xCF00400,1,8,FF,FF,FF,00,00,FF,FF,FF
1290639,132115,0xCFF6600,1,8,00,00,FF,FF,FF,FF,FF,FF
1290658,132116,0xCF00400,1,8,FF,FF,FF,00,00,FF,FF,FF
1290659,132117,0xCFF6600,1,8,00,00,FF,FF,FF,FF,FF,FF
1290669,132118,0x18FEF100,1,8,3F,00,00,FF,FF,FF,FF,FF
1290670,132119,0x10FF6500,1,8,FC,FF,FF,FF,FF,FF,FF,FF
1290671,132120,0x18F00500,1,8,FF,FF,FF,FF,20,2D,FF,FF
1290672,132121,0x18FEF200,1,8,00,00,00,FB,00,00,00,FF
1290678,132122,0xCF00400,1,8,FF,FF,FF,00,00,FF,FF,FF
1290679,132123,0xCFF6600,1,8,00,00,FF,FF,FF,FF,FF,FF
1290698,132124,0xCF00400,1,8,FF,FF,FF,00,00,FF,FF,FF
1290699,132125,0xCFF6600,1,8,00,00,FF,FF,FF,FF,FF,FF
1290718,132126,0xCF00400,1,8,FF,FF,FF,00,00,FF,FF,FF
1290719,132127,0xCFF6600,1,8,00,00,FF,FF,FF,FF,FF,FF
1290738,132128,0xCF00400,1,8,FF,FF,FF,00,00,FF,FF,FF
1290739,132129,0xCFF6600,1,8,00,00,FF,FF,FF,FF,FF,FF
1290758,132130,0xCF00400,1,8,FF,FF,FF,00,00,FF,FF,FF
1290759,132131,0xCFF6600,1,8,00,00,FF,FF,FF,FF,FF,FF
1290769,132132,0x18FEF100,1,8,3F,00,00,FF,FF,FF,FF,FF
1290770,132133,0x18F00500,1,8,FF,FF,FF,FF,20,2D,FF,FF
1290770,132134,0x18F00600,1,8,FF,FF,FF,FF,FF,FF,FF,FF
1290771,132135,0x18FEF200,1,8,00,00,00,FB,00,00,00,FF
1290772,132136,0x1CFDDF00,1,8,FE,FF,FF,FF,FF,FF,FF,FF
1290773,132137,0x1CFF6A00,1,8,FC,FF,FF,FF,FF,FF,FF,FF
1290778,132138,0xCF00400,1,8,FF,FF,FF,00,00,FF,FF,FF
1290779,132139,0xCFF6600,1,8,00,00,FF,FF,FF,FF,FF,FF
1290798,132140,0xCF00400,1,8,FF,FF,FF,00,00,FF,FF,FF
1290799,132141,0xCFF6600,1,8,00,00,FF,FF,FF,FF,FF,FF
1290818,132142,0xCF00400,1,8,FF,FF,FF,00,00,FF,FF,FF
1290819,132143,0xCFF6600,1,8,00,00,FF,FF,FF,FF,FF,FF
1290838,132144,0xCF00400,1,8,FF,FF,FF,00,00,FF,FF,FF
1290839,132145,0xCFF6600,1,8,00,00,FF,FF,FF,FF,FF,FF
1290858,132146,0xCF00400,1,8,FF,FF,FF,00,00,FF,FF,FF
1290859,132147,0xCFF6600,1,8,00,00,FF,FF,FF,FF,FF,FF
1290869,132148,0x18FEF100,1,8,3F,00,00,FF,FF,FF,FF,FF
1290870,132149,0x10FF6500,1,8,FC,FF,FF,FF,FF,FF,FF,FF
1290870,132150,0x18F00500,1,8,FF,FF,FF,FF,20,2D,FF,FF
1290871,132151,0x18FEF200,1,8,00,00,00,FB,00,00,00,FF
1290878,132152,0xCF00400,1,8,FF,FF,FF,00,00,FF,FF,FF
1290879,132153,0xCFF6600,1,8,00,00,FF,FF,FF,FF,FF,FF
1290898,132154,0xCF00400,1,8,FF,FF,FF,00,00,FF,FF,FF
1290899,132155,0xCFF6600,1,8,00,00,FF,FF,FF,FF,FF,FF
1290918,132156,0xCF00400,1,8,FF,FF,FF,00,00,FF,FF,FF
1290919,132157,0xCFF6600,1,8,00,00,FF,FF,FF,FF,FF,FF
1290928,132158,0x18FEEE00,1,8,65,FF,FF,FF,FF,FF,FF,FF
1290929,132159,0x18FDE500,1,8,0A,14,1E,28,32,3C,46,13
1290938,132160,0xCF00400,1,8,FF,FF,FF,00,00,FF,FF,FF
1290939,132161,0xCFF6600,1,8,00,00,FF,FF,FF,FF,FF,FF
1290948,132162,0x1CECFF00,1,8,20,0A,00,02,FF,CA,FE,00
1290958,132163,0xCF00400,1,8,FF,FF,FF,00,00,FF,FF,FF
1290959,132164,0xCFF6600,1,8,00,00,FF,FF,FF,FF,FF,FF
1290969,132165,0x18FEF100,1,8,3F,00,00,FF,FF,FF,FF,FF
1290970,132166,0x18F00500,1,8,FF,FF,FF,FF,20,2D,FF,FF
1290970,132167,0x18FEF200,1,8,00,00,00,FB,00,00,00,FF
1290978,132168,0xCF00400,1,8,FF,FF,FF,00,00,FF,FF,FF
1290979,132169,0xCFF6600,1,8,00,00,FF,FF,FF,FF,FF,FF
1290998,132170,0xCF00400,1,8,FF,FF,FF,00,00,FF,FF,FF
1290999,132171,0xCFF6600,1,8,00,00,FF,FF,FF,FF,FF,FF
1291000,132172,0x1CEBFF00,1,8,01,40,FF,0F,F0,E5,01,02
1291018,132173,0xCF00400,1,8,FF,FF,FF,00,00,FF,FF,FF
1291019,132174,0xCFF6600,1,8,00,00,FF,FF,FF,FF,FF,FF
1291038,132175,0xCF00400,1,8,FF,FF,FF,00,00,FF,FF,FF
1291039,132176,0xCFF6600,1,8,00,00,FF,FF,FF,FF,FF,FF
1291048,132177,0x1CEBFF00,1,8,02,F0,E3,01,FF,FF,FF,FF
1291058,132178,0xCF00400,1,8,FF,FF,FF,00,00,FF,FF,FF
1291059,132179,0xCFF6600,1,8,00,00,FF,FF,FF,FF,FF,FF
1291069,132180,0x18FEF100,1,8,3F,00,00,FF,FF,FF,FF,FF
1291070,132181,0x10FF6500,1,8,FC,FF,FF,FF,FF,FF,FF,FF
1291070,132182,0x18F00500,1,8,FF,FF,FF,FF,20,2D,FF,FF
1291071,132183,0x18FEF200,1,8,00,00,00,FB,00,00,00,FF
1291078,132184,0xCF00400,1,8,FF,FF,FF,00,00,FF,FF,FF
1291079,132185,0xCFF6600,1,8,00,00,FF,FF,FF,FF,FF,FF
1291098,132186,0xCF00400,1,8,FF,FF,FF,00,00,FF,FF,FF
1291099,132187,0xCFF6600,1,8,00,00,FF,FF,FF,FF,FF,FF
1291118,132188,0xCF00400,1,8,FF,FF,FF,00,00,FF,FF,FF
1291120,132189,0xCFF6600,1,8,00,00,FF,FF,FF,FF,FF,FF
1291138,132190,0xCF00400,1,8,FF,FF,FF,00,00,FF,FF,FF
1291139,132191,0xCFF6600,1,8,00,00,FF,FF,FF,FF,FF,FF
1291159,132192,0xCF00400,1,8,FF,FF,FF,00,00,FF,FF,FF
1291160,132193,0xCFF6600,1,8,00,00,FF,FF,FF,FF,FF,FF
1291171,132194,0x18F00500,1,8,FF,FF,FF,FF,20,2D,FF,FF
1291171,132195,0x18FEF100,1,8,3F,00,00,FF,FF,FF,FF,FF
1291172,132196,0x18FEF200,1,8,00,00,00,FB,00,00,00,FF
1291178,132197,0xCF00400,1,8,FF,FF,FF,00,00,FF,FF,FF
1291179,132198,0xCFF6600,1,8,00,00,FF,FF,FF,FF,FF,FF
1291198,132199,0xCF00400,1,8,FF,FF,FF,00,00,FF,FF,FF
1291199,132200,0xCFF6600,1,8,00,00,FF,FF,FF,FF,FF,FF
1291219,132201,0xCF00400,1,8,FF,FF,FF,00,00,FF,FF,FF
1291220,132202,0xCFF6600,1,8,00,00,FF,FF,FF,FF,FF,FF
1291238,132203,0xCF00400,1,8,FF,FF,FF,00,00,FF,FF,FF
1291239,132204,0xCFF6600,1,8,00,00,FF,FF,FF,FF,FF,FF
1291260,132205,0xCF00400,1,8,FF,FF,FF,00,00,FF,FF,FF
1291260,132206,0xCFF6600,1,8,00,00,FF,FF,FF,FF,FF,FF
1291269,132207,0x10FF6500,1,8,FC,FF,FF,FF,FF,FF,FF,FF
1291270,132208,0x18F00500,1,8,FF,FF,FF,FF,20,2D,FF,FF
1291271,132209,0x18F00600,1,8,FF,FF,FF,FF,FF,FF,FF,FF
1291272,132210,0x18FEF100,1,8,3F,00,00,FF,FF,FF,FF,FF
1291273,132211,0x18FEF200,1,8,00,00,00,FB,00,00,00,FF
1291273,132212,0x1CFDDF00,1,8,FE,FF,FF,FF,FF,FF,FF,FF
1291274,132213,0x1CFF6A00,1,8,FC,FF,FF,FF,FF,FF,FF,FF
1291298,132214,0xCF00400,1,8,FF,FF,FF,00,00,FF,FF,FF
1291299,132215,0xCF00400,1,8,FF,FF,FF,00,00,FF,FF,FF
1291300,132216,0xCFF6600,1,8,00,00,FF,FF,FF,FF,FF,FF
1291319,132217,0xCF00400,1,8,FF,FF,FF,00,00,FF,FF,FF
1291319,132218,0xCFF6600,1,8,00,00,FF,FF,FF,FF,FF,FF
1291339,132219,0xCF00400,1,8,FF,FF,FF,00,00,FF,FF,FF
1291340,132220,0xCFF6600,1,8,00,00,FF,FF,FF,FF,FF,FF
1291359,132221,0xCF00400,1,8,FF,FF,FF,00,00,FF,FF,FF
1291359,132222,0xCFF6600,1,8,00,00,FF,FF,FF,FF,FF,FF
1291370,132223,0x18F00500,1,8,FF,FF,FF,FF,20,2D,FF,FF
1291370,132224,0x18FEF100,1,8,3F,00,00,FF,FF,FF,FF,FF
1291371,132225,0x18FEF200,1,8,00,00,00,FB,00,00,00,FF
1291378,132226,0xCF00400,1,8,FF,FF,FF,00,00,FF,FF,FF
1291379,132227,0xCFF6600,1,8,00,00,FF,FF,FF,FF,FF,FF
1291399,132228,0xCF00400,1,8,FF,FF,FF,00,00,FF,FF,FF
1291399,132229,0xCFF6600,1,8,00,00,FF,FF,FF,FF,FF,FF
1291435,132230,0xCF00400,1,8,FF,FF,FF,00,00,FF,FF,FF
1291436,132231,0xCFF6600,1,8,00,00,FF,FF,FF,FF,FF,FF
1291438,132232,0x18EEFF00,1,8,08,CF,60,06,00,00,00,00
1291438,132233,0xCF00400,1,8,FF,FF,FF,00,00,FF,FF,FF
1291439,132234,0xCFF6600,1,8,00,00,FF,FF,FF,FF,FF,FF
1291458,132235,0xCF00400,1,8,FF,FF,FF,00,00,FF,FF,FF
1291460,132236,0xCFF6600,1,8,00,00,FF,FF,FF,FF,FF,FF
1291469,132237,0x18FEF100,1,8,3F,00,00,FF,FF,FF,FF,FF
1291470,132238,0x10FF6500,1,8,FC,FF,FF,FF,FF,FF,FF,FF
1291470,132239,0x18F00500,1,8,FF,FF,FF,FF,20,2D,FF,FF
1291471,132240,0x18FEF200,1,8,00,00,00,FB,00,00,00,FF
1291479,132241,0xCF00400,1,8,FF,FF,FF,00,00,FF,FF,FF
1291480,132242,0xCFF6600,1,8,00,00,FF,FF,FF,FF,FF,FF
1291499,132243,0xCF00400,1,8,FF,FF,FF,00,00,FF,FF,FF
1291500,132244,0xCFF6600,1,8,00,00,FF,FF,FF,FF,FF,FF
1291519,132245,0xCF00400,1,8,FF,FF,FF,00,00,FF,FF,FF
1291540,132246,0xCF00400,1,8,FF,FF,FF,00,00,FF,FF,FF
1291541,132247,0xCFF6600,1,8,00,00,FF,FF,FF,FF,FF,FF
1291559,132248,0xCF00400,1,8,FF,FF,FF,00,00,FF,FF,FF
1291559,132249,0xCFF6600,1,8,00,00,FF,FF,FF,FF,FF,FF
1291569,132250,0x18F00500,1,8,FF,FF,FF,FF,20,2D,FF,FF
1291570,132251,0x18FEF100,1,8,3F,00,00,FF,FF,FF,FF,FF
1291571,132252,0x18FEF200,1,8,00,00,00,FB,00,00,00,FF
1291579,132253,0xCF00400,1,8,FF,FF,FF,00,00,FF,FF,FF
1291579,132254,0xCFF6600,1,8,00,00,FF,FF,FF,FF,FF,FF
1291599,132255,0xCF00400,1,8,FF,FF,FF,00,00,FF,FF,FF
1291600,132256,0xCFF6600,1,8,00,00,FF,FF,FF,FF,FF,FF
1291619,132257,0xCF00400,1,8,FF,FF,FF,00,00,FF,FF,FF
1291620,132258,0xCFF6600,1,8,00,00,FF,FF,FF,FF,FF,FF
1291639,132259,0xCF00400,1,8,FF,FF,FF,00,00,FF,FF,FF
1291640,132260,0xCFF6600,1,8,00,00,FF,FF,FF,FF,FF,FF
1291660,132261,0xCF00400,1,8,FF,FF,FF,00,00,FF,FF,FF
1291661,132262,0xCFF6600,1,8,00,00,FF,FF,FF,FF,FF,FF
1291669,132263,0x18F00500,1,8,FF,FF,FF,FF,20,2D,FF,FF
1291690,132264,0xCF00400,1,8,FF,FF,FF,00,00,FF,FF,FF
1291692,132265,0xCFF6600,1,8,00,00,FF,FF,FF,FF,FF,FF
1291692,132266,0x10FF6500,1,8,FC,FF,FF,FF,FF,FF,FF,FF
1291693,132267,0x18FEF100,1,8,3F,00,00,FF,FF,FF,FF,FF
1291694,132268,0x18FEF200,1,8,00,00,00,FB,00,00,00,FF
1291698,132269,0xCF00400,1,8,FF,FF,FF,00,00,FF,FF,FF
1291699,132270,0xCFF6600,1,8,00,00,FF,FF,FF,FF,FF,FF
1291719,132271,0xCF00400,1,8,FF,FF,FF,00,00,FF,FF,FF
1291720,132272,0xCFF6600,1,8,00,00,FF,FF,FF,FF,FF,FF
1291739,132273,0xCF00400,1,8,FF,FF,FF,00,00,FF,FF,FF
1291739,132274,0xCFF6600,1,8,00,00,FF,FF,FF,FF,FF,FF
1291759,132275,0xCF00400,1,8,FF,FF,FF,00,00,FF,FF,FF
1291759,132276,0xCFF6600,1,8,00,00,FF,FF,FF,FF,FF,FF
1291786,132277,0x18F00500,1,8,FF,FF,FF,FF,20,2D,FF,FF
1291787,132278,0x18F00600,1,8,FF,FF,FF,FF,FF,FF,FF,FF
1291787,132279,0x18FEF100,1,8,3F,00,00,FF,FF,FF,FF,FF
1291788,132280,0x18FEF200,1,8,00,00,00,FB,00,00,00,FF
1291788,132281,0x18EEFF00,1,8,08,CF,60,06,00,00,00,00
1291789,132282,0x1CFDDF00,1,8,FE,FF,FF,FF,FF,FF,FF,FF
1291790,132283,0x1CFF6A00,1,8,FC,FF,FF,FF,FF,FF,FF,FF
1291798,132284,0xCF00400,1,8,FF,FF,FF,00,00,FF,FF,FF
1291799,132285,0xCFF6600,1,8,00,00,FF,FF,FF,FF,FF,FF
1291818,132286,0xCF00400,1,8,FF,FF,FF,00,00,FF,FF,FF
1291819,132287,0xCFF6600,1,8,00,00,FF,FF,FF,FF,FF,FF
1291838,132288,0xCF00400,1,8,FF,FF,FF,00,00,FF,FF,FF
1291839,132289,0xCFF6600,1,8,00,00,FF,FF,FF,FF,FF,FF
1291858,132290,0xCF00400,1,8,FF,FF,FF,00,00,FF,FF,FF
1291860,132291,0xCFF6600,1,8,00,00,FF,FF,FF,FF,FF,FF
1291869,132292,0x18FEF100,1,8,3F,00,00,FF,FF,FF,FF,FF
1291870,132293,0x10FF6500,1,8,FC,FF,FF,FF,FF,FF,FF,FF
1291870,132294,0x18F00500,1,8,FF,FF,FF,FF,20,2D,FF,FF
1291871,132295,0x18FEF200,1,8,00,00,00,FB,00,00,00,FF
1291878,132296,0xCF00400,1,8,FF,FF,FF,00,00,FF,FF,FF
1291879,132297,0xCFF6600,1,8,00,00,FF,FF,FF,FF,FF,FF
1291899,132298,0xCF00400,1,8,FF,FF,FF,00,00,FF,FF,FF
1291900,132299,0xCFF6600,1,8,00,00,FF,FF,FF,FF,FF,FF
1291919,132300,0xCF00400,1,8,FF,FF,FF,00,00,FF,FF,FF
1291919,132301,0xCFF6600,1,8,00,00,FF,FF,FF,FF,FF,FF
1291930,132302,0x18FDE500,1,8,0A,14,1E,28,32,3C,46,13
1291931,132303,0x18FEEE00,1,8,65,FF,FF,FF,FF,FF,FF,FF
1291939,132304,0xCF00400,1,8,FF,FF,FF,00,00,FF,FF,FF
1291940,132305,0xCFF6600,1,8,00,00,FF,FF,FF,FF,FF,FF
1291948,132306,0x1CECFF00,1,8,20,0A,00,02,FF,CA,FE,00
1291958,132307,0xCF00400,1,8,FF,FF,FF,00,00,FF,FF,FF
1291959,132308,0xCFF6600,1,8,00,00,FF,FF,FF,FF,FF,FF
1291969,132309,0x18F00500,1,8,FF,FF,FF,FF,20,2D,FF,FF
1291970,132310,0x18FEF100,1,8,3F,00,00,FF,FF,FF,FF,FF
1291971,132311,0x18FEF200,1,8,00,00,00,FB,00,00,00,FF
1291979,132312,0xCF00400,1,8,FF,FF,FF,00,00,FF,FF,FF
1291980,132313,0xCFF6600,1,8,00,00,FF,FF,FF,FF,FF,FF
1292000,132314,0xCF00400,1,8,FF,FF,FF,00,00,FF,FF,FF
1292000,132315,0xCFF6600,1,8,00,00,FF,FF,FF,FF,FF,FF
1292001,132316,0x1CEBFF00,1,8,01,40,FF,0F,F0,E5,01,02
1292018,132317,0xCF00400,1,8,FF,FF,FF,00,00,FF,FF,FF
1292019,132318,0xCFF6600,1,8,00,00,FF,FF,FF,FF,FF,FF
1292039,132319,0xCF00400,1,8,FF,FF,FF,00,00,FF,FF,FF
1292040,132320,0xCFF6600,1,8,00,00,FF,FF,FF,FF,FF,FF
1292050,132321,0x1CEBFF00,1,8,02,F0,E3,01,FF,FF,FF,FF
1292059,132322,0xCF00400,1,8,FF,FF,FF,00,00,FF,FF,FF
1292060,132323,0xCFF6600,1,8,00,00,FF,FF,FF,FF,FF,FF
1292069,132324,0x18FEF100,1,8,3F,00,00,FF,FF,FF,FF,FF
1292070,132325,0x10FF6500,1,8,FC,FF,FF,FF,FF,FF,FF,FF
1292070,132326,0x18F00500,1,8,FF,FF,FF,FF,20,2D,FF,FF
1292071,132327,0x18FEF200,1,8,00,00,00,FB,00,00,00,FF
1292078,132328,0xCF00400,1,8,FF,FF,FF,00,00,FF,FF,FF
1292079,132329,0xCFF6600,1,8,00,00,FF,FF,FF,FF,FF,FF
1292100,132330,0xCF00400,1,8,FF,FF,FF,00,00,FF,FF,FF
1292101,132331,0xCFF6600,1,8,00,00,FF,FF,FF,FF,FF,FF
1292118,132332,0xCF00400,1,8,FF,FF,FF,00,00,FF,FF,FF
1292120,132333,0xCFF6600,1,8,00,00,FF,FF,FF,FF,FF,FF
1292139,132334,0xCF00400,1,8,FF,FF,FF,00,00,FF,FF,FF
1292140,132335,0xCFF6600,1,8,00,00,FF,FF,FF,FF,FF,FF
1292160,132336,0xCF00400,1,8,FF,FF,FF,00,00,FF,FF,FF
1292160,132337,0xCFF6600,1,8,00,00,FF,FF,FF,FF,FF,FF
1292170,132338,0x18F00500,1,8,FF,FF,FF,FF,20,2D,FF,FF
1292170,132339,0x18FEF100,1,8,3F,00,00,FF,FF,FF,FF,FF
1292171,132340,0x18FEF200,1,8,00,00,00,FB,00,00,00,FF
1292181,132341,0xCF00400,1,8,FF,FF,FF,00,00,FF,FF,FF
1292181,132342,0xCFF6600,1,8,00,00,FF,FF,FF,FF,FF,FF
1292200,132343,0xCF00400,1,8,FF,FF,FF,00,00,FF,FF,FF
1292200,132344,0xCFF6600,1,8,00,00,FF,FF,FF,FF,FF,FF
1292218,132345,0xCF00400,1,8,FF,FF,FF,00,00,FF,FF,FF
1292219,132346,0xCFF6600,1,8,00,00,FF,FF,FF,FF,FF,FF
1292239,132347,0xCF00400,1,8,FF,FF,FF,00,00,FF,FF,FF
1292239,132348,0xCFF6600,1,8,00,00,FF,FF,FF,FF,FF,FF
1292259,132349,0xCF00400,1,8,FF,FF,FF,00,00,FF,FF,FF
1292285,132350,0xCFF6600,1,8,00,00,FF,FF,FF,FF,FF,FF
1292285,132351,0x18EEFF00,1,8,08,CF,60,06,00,00,00,00
1292298,132352,0xCF00400,1,8,FF,FF,FF,00,00,FF,FF,FF
1292299,132353,0xCFF6600,1,8,00,00,FF,FF,FF,FF,FF,FF
1292318,132354,0xCF00400,1,8,FF,FF,FF,00,00,FF,FF,FF
1292319,132355,0xCFF6600,1,8,00,00,FF,FF,FF,FF,FF,FF
1292338,132356,0xCF00400,1,8,FF,FF,FF,00,00,FF,FF,FF
1292339,132357,0xCFF6600,1,8,00,00,FF,FF,FF,FF,FF,FF
1292358,132358,0xCF00400,1,8,FF,FF,FF,00,00,FF,FF,FF
1292359,132359,0xCFF6600,1,8,00,00,FF,FF,FF,FF,FF,FF
1292369,132360,0x18FEF100,1,8,3F,00,00,FF,FF,FF,FF,FF
1292370,132361,0x10FF6500,1,8,FC,FF,FF,FF,FF,FF,FF,FF
1292370,132362,0x18F00500,1,8,FF,FF,FF,FF,20,2D,FF,FF
1292392,132363,0xCF00400,1,8,FF,FF,FF,00,00,FF,FF,FF
1292392,132364,0xCFF6600,1,8,00,00,FF,FF,FF,FF,FF,FF
1292393,132365,0x18F00600,1,8,FF,FF,FF,FF,FF,FF,FF,FF
1292394,132366,0x18FEF200,1,8,00,00,00,FB,00,00,00,FF
1292394,132367,0x1CFDDF00,1,8,FE,FF,FF,FF,FF,FF,FF,FF
1292395,132368,0x1CFF6A00,1,8,FC,FF,FF,FF,FF,FF,FF,FF
1292398,132369,0xCF00400,1,8,FF,FF,FF,00,00,FF,FF,FF
1292399,132370,0xCFF6600,1,8,00,00,FF,FF,FF,FF,FF,FF
1292418,132371,0xCF00400,1,8,FF,FF,FF,00,00,FF,FF,FF
1292419,132372,0xCFF6600,1,8,00,00,FF,FF,FF,FF,FF,FF
1292438,132373,0xCF00400,1,8,FF,FF,FF,00,00,FF,FF,FF
1292439,132374,0xCFF6600,1,8,00,00,FF,FF,FF,FF,FF,FF
1292460,132375,0xCF00400,1,8,FF,FF,FF,00,00,FF,FF,FF
1292460,132376,0xCFF6600,1,8,00,00,FF,FF,FF,FF,FF,FF
1292469,132377,0x18FEF100,1,8,3F,00,00,FF,FF,FF,FF,FF
1292470,132378,0x18F00500,1,8,FF,FF,FF,FF,20,2D,FF,FF
1292471,132379,0x18FEF200,1,8,00,00,00,FB,00,00,00,FF
1292478,132380,0xCF00400,1,8,FF,FF,FF,00,00,FF,FF,FF
1292479,132381,0xCFF6600,1,8,00,00,FF,FF,FF,FF,FF,FF
1292498,132382,0xCF00400,1,8,FF,FF,FF,00,00,FF,FF,FF
1292499,132383,0xCFF6600,1,8,00,00,FF,FF,FF,FF,FF,FF
1292519,132384,0xCF00400,1,8,FF,FF,FF,00,00,FF,FF,FF
1292519,132385,0xCFF6600,1,8,00,00,FF,FF,FF,FF,FF,FF
1292539,132386,0xCF00400,1,8,FF,FF,FF,00,00,FF,FF,FF
1292560,132387,0xCF00400,1,8,FF,FF,FF,00,00,FF,FF,FF
1292560,132388,0xCFF6600,1,8,00,00,FF,FF,FF,FF,FF,FF
1292569,132389,0x10FF6500,1,8,FC,FF,FF,FF,FF,FF,FF,FF
1292570,132390,0x18F00500,1,8,FF,FF,FF,FF,20,2D,FF,FF
1292571,132391,0x18FEF100,1,8,3F,00,00,FF,FF,FF,FF,FF
1292572,132392,0x18FEF200,1,8,00,00,00,FB,00,00,00,FF
1292578,132393,0xCF00400,1,8,FF,FF,FF,00,00,FF,FF,FF
1292579,132394,0xCFF6600,1,8,00,00,FF,FF,FF,FF,FF,FF
1292598,132395,0xCF00400,1,8,FF,FF,FF,00,00,FF,FF,FF
1292599,132396,0xCFF6600,1,8,00,00,FF,FF,FF,FF,FF,FF
1292619,132397,0xCF00400,1,8,FF,FF,FF,00,00,FF,FF,FF
1292619,132398,0xCFF6600,1,8,00,00,FF,FF,FF,FF,FF,FF
1292640,132399,0xCF00400,1,8,FF,FF,FF,00,00,FF,FF,FF
1292640,132400,0xCFF6600,1,8,00,00,FF,FF,FF,FF,FF,FF
1292658,132401,0xCF00400,1,8,FF,FF,FF,00,00,FF,FF,FF
1292659,132402,0xCFF6600,1,8,00,00,FF,FF,FF,FF,FF,FF
1292669,132403,0x18FEF100,1,8,3F,00,00,FF,FF,FF,FF,FF
1292670,132404,0x18F00500,1,8,FF,FF,FF,FF,20,2D,FF,FF
1292670,132405,0x18FEF200,1,8,00,00,00,FB,00,00,00,FF
1292678,132406,0xCF00400,1,8,FF,FF,FF,00,00,FF,FF,FF
1292679,132407,0xCFF6600,1,8,00,00,FF,FF,FF,FF,FF,FF
1292698,132408,0xCF00400,1,8,FF,FF,FF,00,00,FF,FF,FF
1292719,132409,0xCF00400,1,8,FF,FF,FF,00,00,FF,FF,FF
1292720,132410,0xCFF6600,1,8,00,00,FF,FF,FF,FF,FF,FF
1292738,132411,0xCF00400,1,8,FF,FF,FF,00,00,FF,FF,FF
1292739,132412,0xCFF6600,1,8,00,00,FF,FF,FF,FF,FF,FF
1292759,132413,0xCF00400,1,8,FF,FF,FF,00,00,FF,FF,FF
1292759,132414,0xCFF6600,1,8,00,00,FF,FF,FF,FF,FF,FF
1292770,132415,0x10FF6500,1,8,FC,FF,FF,FF,FF,FF,FF,FF
1292771,132416,0x18F00500,1,8,FF,FF,FF,FF,20,2D,FF,FF
1292771,132417,0x18FEF100,1,8,3F,00,00,FF,FF,FF,FF,FF
1292772,132418,0x18FEF200,1,8,00,00,00,FB,00,00,00,FF
1292778,132419,0xCF00400,1,8,FF,FF,FF,00,00,FF,FF,FF
1292779,132420,0xCFF6600,1,8,00,00,FF,FF,FF,FF,FF,FF
1292799,132421,0xCF00400,1,8,FF,FF,FF,00,00,FF,FF,FF
1292800,132422,0xCFF6600,1,8,00,00,FF,FF,FF,FF,FF,FF
1292819,132423,0xCF00400,1,8,FF,FF,FF,00,00,FF,FF,FF
1292819,132424,0xCFF6600,1,8,00,00,FF,FF,FF,FF,FF,FF
1292839,132425,0xCF00400,1,8,FF,FF,FF,00,00,FF,FF,FF
1292840,132426,0xCFF6600,1,8,00,00,FF,FF,FF,FF,FF,FF
1292859,132427,0xCF00400,1,8,FF,FF,FF,00,00,FF,FF,FF
1292860,132428,0xCFF6600,1,8,00,00,FF,FF,FF,FF,FF,FF
1292869,132429,0x18FEF100,1,8,3F,00,00,FF,FF,FF,FF,FF
1292870,132430,0x18F00500,1,8,FF,FF,FF,FF,20,2D,FF,FF
1292891,132431,0xCF00400,1,8,FF,FF,FF,00,00,FF,FF,FF
1292891,132432,0xCFF6600,1,8,00,00,FF,FF,FF,FF,FF,FF
1292892,132433,0x18F00600,1,8,FF,FF,FF,FF,FF,FF,FF,FF
1292893,132434,0x18FEF200,1,8,00,00,00,FB,00,00,00,FF
1292893,132435,0x1CFDDF00,1,8,FE,FF,FF,FF,FF,FF,FF,FF
1292894,132436,0x1CFF6A00,1,8,FC,FF,FF,FF,FF,FF,FF,FF
1292911,132437,0x18EEFF00,1,8,08,CF,60,06,00,00,00,00
1292912,132438,0x1CFF6A00,1,8,FC,FF,FF,FF,FF,FF,FF,FF
1292918,132439,0xCF00400,1,8,FF,FF,FF,00,00,FF,FF,FF
1292919,132440,0xCFF6600,1,8,00,00,FF,FF,FF,FF,FF,FF
1292929,132441,0x18FDE500,1,8,0A,14,1E,28,32,3C,46,13
1292929,132442,0x18FEEE00,1,8,65,FF,FF,FF,FF,FF,FF,FF
1292938,132443,0xCF00400,1,8,FF,FF,FF,00,00,FF,FF,FF
1292939,132444,0xCFF6600,1,8,00,00,FF,FF,FF,FF,FF,FF
1292948,132445,0x1CECFF00,1,8,20,0A,00,02,FF,CA,FE,00
1292958,132446,0xCF00400,1,8,FF,FF,FF,00,00,FF,FF,FF
1292959,132447,0xCFF6600,1,8,00,00,FF,FF,FF,FF,FF,FF
1292969,132448,0x18F00500,1,8,FF,FF,FF,FF,20,2D,FF,FF
1292970,132449,0x10FF6500,1,8,FC,FF,FF,FF,FF,FF,FF,FF
1292970,132450,0x18FEF100,1,8,3F,00,00,FF,FF,FF,FF,FF
1292971,132451,0x18FEF200,1,8,00,00,00,FB,00,00,00,FF
1292978,132452,0xCF00400,1,8,FF,FF,FF,00,00,FF,FF,FF
1292979,132453,0xCFF6600,1,8,00,00,FF,FF,FF,FF,FF,FF
1292999,132454,0xCF00400,1,8,FF,FF,FF,00,00,FF,FF,FF
1293000,132455,0xCFF6600,1,8,00,00,FF,FF,FF,FF,FF,FF
1293000,132456,0x1CEBFF00,1,8,01,40,FF,0F,F0,E5,01,02
1293018,132457,0xCF00400,1,8,FF,FF,FF,00,00,FF,FF,FF
1293019,132458,0xCFF6600,1,8,00,00,FF,FF,FF,FF,FF,FF
1293039,132459,0xCF00400,1,8,FF,FF,FF,00,00,FF,FF,FF
1293040,132460,0xCFF6600,1,8,00,00,FF,FF,FF,FF,FF,FF
1293048,132461,0x1CEBFF00,1,8,02,F0,E3,01,FF,FF,FF,FF
1293058,132462,0xCF00400,1,8,FF,FF,FF,00,00,FF,FF,FF
1293059,132463,0xCFF6600,1,8,00,00,FF,FF,FF,FF,FF,FF
1293069,132464,0x18FEF100,1,8,3F,00,00,FF,FF,FF,FF,FF
1293070,132465,0x18F00500,1,8,FF,FF,FF,FF,20,2D,FF,FF
1293070,132466,0x18FEF200,1,8,00,00,00,FB,00,00,00,FF
1293078,132467,0xCF00400,1,8,FF,FF,FF,00,00,FF,FF,FF
1293099,132468,0xCF00400,1,8,FF,FF,FF,00,00,FF,FF,FF
1293100,132469,0xCFF6600,1,8,00,00,FF,FF,FF,FF,FF,FF
1293120,132470,0xCF00400,1,8,FF,FF,FF,00,00,FF,FF,FF
1293120,132471,0xCFF6600,1,8,00,00,FF,FF,FF,FF,FF,FF
1293140,132472,0xCF00400,1,8,FF,FF,FF,00,00,FF,FF,FF
1293140,132473,0xCFF6600,1,8,00,00,FF,FF,FF,FF,FF,FF
1293158,132474,0xCF00400,1,8,FF,FF,FF,00,00,FF,FF,FF
1293160,132475,0xCFF6600,1,8,00,00,FF,FF,FF,FF,FF,FF
1293169,132476,0x18FEF100,1,8,3F,00,00,FF,FF,FF,FF,FF
1293170,132477,0x10FF6500,1,8,FC,FF,FF,FF,FF,FF,FF,FF
1293170,132478,0x18F00500,1,8,FF,FF,FF,FF,20,2D,FF,FF
1293171,132479,0x18FEF200,1,8,00,00,00,FB,00,00,00,FF
1293179,132480,0xCF00400,1,8,FF,FF,FF,00,00,FF,FF,FF
1293180,132481,0xCFF6600,1,8,00,00,FF,FF,FF,FF,FF,FF
1293199,132482,0xCF00400,1,8,FF,FF,FF,00,00,FF,FF,FF
1293199,132483,0xCFF6600,1,8,00,00,FF,FF,FF,FF,FF,FF
1293219,132484,0xCF00400,1,8,FF,FF,FF,00,00,FF,FF,FF
1293219,132485,0xCFF6600,1,8,00,00,FF,FF,FF,FF,FF,FF
1293239,132486,0xCF00400,1,8,FF,FF,FF,00,00,FF,FF,FF
1293240,132487,0xCFF6600,1,8,00,00,FF,FF,FF,FF,FF,FF
1293260,132488,0xCF00400,1,8,FF,FF,FF,00,00,FF,FF,FF
1293260,132489,0xCFF6600,1,8,00,00,FF,FF,FF,FF,FF,FF
1293269,132490,0x18FEF100,1,8,3F,00,00,FF,FF,FF,FF,FF
1293270,132491,0x18F00500,1,8,FF,FF,FF,FF,20,2D,FF,FF
1293271,132492,0x18FEF200,1,8,00,00,00,FB,00,00,00,FF
1293294,132493,0xCF00400,1,8,FF,FF,FF,00,00,FF,FF,FF
1293295,132494,0xCFF6600,1,8,00,00,FF,FF,FF,FF,FF,FF
1293298,132495,0x18EEFF00,1,8,08,CF,60,06,00,00,00,00
1293299,132496,0xCF00400,1,8,FF,FF,FF,00,00,FF,FF,FF
1293299,132497,0xCFF6600,1,8,00,00,FF,FF,FF,FF,FF,FF
1293318,132498,0xCF00400,1,8,FF,FF,FF,00,00,FF,FF,FF
1293319,132499,0xCFF6600,1,8,00,00,FF,FF,FF,FF,FF,FF
1293338,132500,0xCF00400,1,8,FF,FF,FF,00,00,FF,FF,FF
1293340,132501,0xCFF6600,1,8,00,00,FF,FF,FF,FF,FF,FF
1293358,132502,0xCF00400,1,8,FF,FF,FF,00,00,FF,FF,FF
1293359,132503,0xCFF6600,1,8,00,00,FF,FF,FF,FF,FF,FF
1293369,132504,0x18FEF100,1,8,3F,00,00,FF,FF,FF,FF,FF
1293370,132505,0x10FF6500,1,8,FC,FF,FF,FF,FF,FF,FF,FF
1293370,132506,0x18F00500,1,8,FF,FF,FF,FF,20,2D,FF,FF
1293392,132507,0xCF00400,1,8,FF,FF,FF,00,00,FF,FF,FF
1293392,132508,0xCFF6600,1,8,00,00,FF,FF,FF,FF,FF,FF
1293393,132509,0x18F00600,1,8,FF,FF,FF,FF,FF,FF,FF,FF
1293394,132510,0x18FEF200,1,8,00,00,00,FB,00,00,00,FF
1293395,132511,0x1CFDDF00,1,8,FE,FF,FF,FF,FF,FF,FF,FF
1293396,132512,0x1CFF6A00,1,8,FC,FF,FF,FF,FF,FF,FF,FF
1293398,132513,0xCF00400,1,8,FF,FF,FF,00,00,FF,FF,FF
1293399,132514,0xCFF6600,1,8,00,00,FF,FF,FF,FF,FF,FF
1293419,132515,0xCF00400,1,8,FF,FF,FF,00,00,FF,FF,FF
1293420,132516,0xCFF6600,1,8,00,00,FF,FF,FF,FF,FF,FF
1293440,132517,0xCF00400,1,8,FF,FF,FF,00,00,FF,FF,FF
1293441,132518,0xCFF6600,1,8,00,00,FF,FF,FF,FF,FF,FF
1293459,132519,0xCF00400,1,8,FF,FF,FF,00,00,FF,FF,FF
1293459,132520,0xCFF6600,1,8,00,00,FF,FF,FF,FF,FF,FF
1293470,132521,0x18F00500,1,8,FF,FF,FF,FF,20,2D,FF,FF
1293470,132522,0x18FEF100,1,8,3F,00,00,FF,FF,FF,FF,FF
1293471,132523,0x18FEF200,1,8,00,00,00,FB,00,00,00,FF
1293478,132524,0xCF00400,1,8,FF,FF,FF,00,00,FF,FF,FF
1293479,132525,0xCFF6600,1,8,00,00,FF,FF,FF,FF,FF,FF
1293498,132526,0xCF00400,1,8,FF,FF,FF,00,00,FF,FF,FF
1293499,132527,0xCFF6600,1,8,00,00,FF,FF,FF,FF,FF,FF
1293519,132528,0xCF00400,1,8,FF,FF,FF,00,00,FF,FF,FF
1293520,132529,0xCFF6600,1,8,00,00,FF,FF,FF,FF,FF,FF
1293539,132530,0xCF00400,1,8,FF,FF,FF,00,00,FF,FF,FF
1293539,132531,0xCFF6600,1,8,00,00,FF,FF,FF,FF,FF,FF
1293559,132532,0xCF00400,1,8,FF,FF,FF,00,00,FF,FF,FF
1293580,132533,0xCF00400,1,8,FF,FF,FF,00,00,FF,FF,FF
1293580,132534,0xCFF6600,1,8,00,00,FF,FF,FF,FF,FF,FF
1293581,132535,0x10FF6500,1,8,FC,FF,FF,FF,FF,FF,FF,FF
1293581,132536,0x18F00500,1,8,FF,FF,FF,FF,20,2D,FF,FF
1293582,132537,0x18FEF100,1,8,3F,00,00,FF,FF,FF,FF,FF
1293583,132538,0x18FEF200,1,8,00,00,00,FB,00,00,00,FF
1293598,132539,0xCF00400,1,8,FF,FF,FF,00,00,FF,FF,FF
1293600,132540,0xCFF6600,1,8,00,00,FF,FF,FF,FF,FF,FF
1293619,132541,0xCF00400,1,8,FF,FF,FF,00,00,FF,FF,FF
1293619,132542,0xCFF6600,1,8,00,00,FF,FF,FF,FF,FF,FF
1293639,132543,0xCF00400,1,8,FF,FF,FF,00,00,FF,FF,FF
1293640,132544,0xCFF6600,1,8,00,00,FF,FF,FF,FF,FF,FF
1293658,132545,0xCF00400,1,8,FF,FF,FF,00,00,FF,FF,FF
1293659,132546,0xCFF6600,1,8,00,00,FF,FF,FF,FF,FF,FF
1293669,132547,0x18F00500,1,8,FF,FF,FF,FF,20,2D,FF,FF
1293670,132548,0x18FEF100,1,8,3F,00,00,FF,FF,FF,FF,FF
1293686,132549,0x18FEF200,1,8,00,00,00,FB,00,00,00,FF
1293688,132550,0x18EEFF00,1,8,08,CF,60,06,00,00,00,00
1293698,132551,0xCF00400,1,8,FF,FF,FF,00,00,FF,FF,FF
1293699,132552,0xCFF6600,1,8,00,00,FF,FF,FF,FF,FF,FF
1293718,132553,0xCF00400,1,8,FF,FF,FF,00,00,FF,FF,FF
1293720,132554,0xCFF6600,1,8,00,00,FF,FF,FF,FF,FF,FF
1293738,132555,0xCF00400,1,8,FF,FF,FF,00,00,FF,FF,FF
1293739,132556,0xCFF6600,1,8,00,00,FF,FF,FF,FF,FF,FF
1293758,132557,0xCF00400,1,8,FF,FF,FF,00,00,FF,FF,FF
1293759,132558,0xCFF6600,1,8,00,00,FF,FF,FF,FF,FF,FF
1293769,132559,0x18FEF100,1,8,3F,00,00,FF,FF,FF,FF,FF
1293770,132560,0x10FF6500,1,8,FC,FF,FF,FF,FF,FF,FF,FF
1293770,132561,0x18F00500,1,8,FF,FF,FF,FF,20,2D,FF,FF
1293771,132562,0x18FEF200,1,8,00,00,00,FB,00,00,00,FF
1293778,132563,0xCF00400,1,8,FF,FF,FF,00,00,FF,FF,FF
1293779,132564,0xCFF6600,1,8,00,00,FF,FF,FF,FF,FF,FF
1293799,132565,0xCF00400,1,8,FF,FF,FF,00,00,FF,FF,FF
1293800,132566,0xCFF6600,1,8,00,00,FF,FF,FF,FF,FF,FF
1293819,132567,0xCF00400,1,8,FF,FF,FF,00,00,FF,FF,FF
1293839,132568,0xCF00400,1,8,FF,FF,FF,00,00,FF,FF,FF
1293840,132569,0xCFF6600,1,8,00,00,FF,FF,FF,FF,FF,FF
1293859,132570,0xCF00400,1,8,FF,FF,FF,00,00,FF,FF,FF
1293860,132571,0xCFF6600,1,8,00,00,FF,FF,FF,FF,FF,FF
1293870,132572,0x18F00500,1,8,FF,FF,FF,FF,20,2D,FF,FF
1293871,132573,0x18F00600,1,8,FF,FF,FF,FF,FF,FF,FF,FF
1293871,132574,0x18FEF100,1,8,3F,00,00,FF,FF,FF,FF,FF
1293872,132575,0x18FEF200,1,8,00,00,00,FB,00,00,00,FF
1293872,132576,0x1CFDDF00,1,8,FE,FF,FF,FF,FF,FF,FF,FF
1293873,132577,0x1CFF6A00,1,8,FC,FF,FF,FF,FF,FF,FF,FF
1293878,132578,0xCF00400,1,8,FF,FF,FF,00,00,FF,FF,FF
1293879,132579,0xCFF6600,1,8,00,00,FF,FF,FF,FF,FF,FF
1293899,132580,0xCF00400,1,8,FF,FF,FF,00,00,FF,FF,FF
1293900,132581,0xCFF6600,1,8,00,00,FF,FF,FF,FF,FF,FF
1293920,132582,0xCF00400,1,8,FF,FF,FF,00,00,FF,FF,FF
1293924,132583,0xCFF6600,1,8,00,00,FF,FF,FF,FF,FF,FF
1293928,132584,0x18FEEE00,1,8,65,FF,FF,FF,FF,FF,FF,FF
1293929,132585,0x18FDE500,1,8,0A,14,1E,28,32,3C,46,13
1293939,132586,0xCF00400,1,8,FF,FF,FF,00,00,FF,FF,FF
1293940,132587,0xCFF6600,1,8,00,00,FF,FF,FF,FF,FF,FF
1293948,132588,0x1CECFF00,1,8,20,0A,00,02,FF,CA,FE,00
1293959,132589,0xCF00400,1,8,FF,FF,FF,00,00,FF,FF,FF
1293960,132590,0xCFF6600,1,8,00,00,FF,FF,FF,FF,FF,FF
1293969,132591,0x18FEF100,1,8,3F,00,00,FF,FF,FF,FF,FF
1293970,132592,0x10FF6500,1,8,FC,FF,FF,FF,FF,FF,FF,FF
1293971,132593,0x18F00500,1,8,FF,FF,FF,FF,20,2D,FF,FF
1293971,132594,0x18FEF200,1,8,00,00,00,FB,00,00,00,FF
1293981,132595,0xCF00400,1,8,FF,FF,FF,00,00,FF,FF,FF
1293982,132596,0xCFF6600,1,8,00,00,FF,FF,FF,FF,FF,FF
1293998,132597,0xCF00400,1,8,FF,FF,FF,00,00,FF,FF,FF
1294000,132598,0xCFF6600,1,8,00,00,FF,FF,FF,FF,FF,FF
1294000,132599,0x1CEBFF00,1,8,01,40,FF,0F,F0,E5,01,02
1294018,132600,0xCF00400,1,8,FF,FF,FF,00,00,FF,FF,FF
1294020,132601,0xCFF6600,1,8,00,00,FF,FF,FF,FF,FF,FF
1294039,132602,0xCF00400,1,8,FF,FF,FF,00,00,FF,FF,FF
1294040,132603,0xCFF6600,1,8,00,00,FF,FF,FF,FF,FF,FF
1294048,132604,0x1CEBFF00,1,8,02,F0,E3,01,FF,FF,FF,FF
1294059,132605,0xCF00400,1,8,FF,FF,FF,00,00,FF,FF,FF
1294059,132606,0xCFF6600,1,8,00,00,FF,FF,FF,FF,FF,FF
1294069,132607,0x18FEF100,1,8,3F,00,00,FF,FF,FF,FF,FF
1294070,132608,0x18F00500,1,8,FF,FF,FF,FF,20,2D,FF,FF
1294091,132609,0xCF00400,1,8,FF,FF,FF,00,00,FF,FF,FF
1294091,132610,0xCFF6600,1,8,00,00,FF,FF,FF,FF,FF,FF
1294092,132611,0x18FEF200,1,8,00,00,00,FB,00,00,00,FF
1294098,132612,0xCF00400,1,8,FF,FF,FF,00,00,FF,FF,FF
1294099,132613,0xCFF6600,1,8,00,00,FF,FF,FF,FF,FF,FF
1294118,132614,0xCF00400,1,8,FF,FF,FF,00,00,FF,FF,FF
1294119,132615,0xCFF6600,1,8,00,00,FF,FF,FF,FF,FF,FF
1294155,132616,0xCF00400,1,8,FF,FF,FF,00,00,FF,FF,FF
1294155,132617,0xCFF6600,1,8,00,00,FF,FF,FF,FF,FF,FF
1294158,132618,0x18EEFF00,1,8,08,CF,60,06,00,00,00,00
1294158,132619,0xCF00400,1,8,FF,FF,FF,00,00,FF,FF,FF
1294159,132620,0xCFF6600,1,8,00,00,FF,FF,FF,FF,FF,FF
1294169,132621,0x18FEF100,1,8,3F,00,00,FF,FF,FF,FF,FF
1294170,132622,0x10FF6500,1,8,FC,FF,FF,FF,FF,FF,FF,FF
1294170,132623,0x18F00500,1,8,FF,FF,FF,FF,20,2D,FF,FF
1294171,132624,0x18FEF200,1,8,00,00,00,FB,00,00,00,FF
1294179,132625,0xCF00400,1,8,FF,FF,FF,00,00,FF,FF,FF
1294180,132626,0xCFF6600,1,8,00,00,FF,FF,FF,FF,FF,FF
1294198,132627,0xCF00400,1,8,FF,FF,FF,00,00,FF,FF,FF
1294199,132628,0xCFF6600,1,8,00,00,FF,FF,FF,FF,FF,FF
1294219,132629,0xCF00400,1,8,FF,FF,FF,00,00,FF,FF,FF
1294219,132630,0xCFF6600,1,8,00,00,FF,FF,FF,FF,FF,FF
1294239,132631,0xCF00400,1,8,FF,FF,FF,00,00,FF,FF,FF
1294239,132632,0xCFF6600,1,8,00,00,FF,FF,FF,FF,FF,FF
1294260,132633,0xCF00400,1,8,FF,FF,FF,00,00,FF,FF,FF
1294261,132634,0xCFF6600,1,8,00,00,FF,FF,FF,FF,FF,FF
1294269,132635,0x18FEF100,1,8,3F,00,00,FF,FF,FF,FF,FF
1294270,132636,0x18F00500,1,8,FF,FF,FF,FF,20,2D,FF,FF
1294270,132637,0x18FEF200,1,8,00,00,00,FB,00,00,00,FF
1294278,132638,0xCF00400,1,8,FF,FF,FF,00,00,FF,FF,FF
1294299,132639,0xCF00400,1,8,FF,FF,FF,00,00,FF,FF,FF
1294300,132640,0xCFF6600,1,8,00,00,FF,FF,FF,FF,FF,FF
1294319,132641,0xCF00400,1,8,FF,FF,FF,00,00,FF,FF,FF
1294320,132642,0xCFF6600,1,8,00,00,FF,FF,FF,FF,FF,FF
1294339,132643,0xCF00400,1,8,FF,FF,FF,00,00,FF,FF,FF
1294339,132644,0xCFF6600,1,8,00,00,FF,FF,FF,FF,FF,FF
1294359,132645,0xCF00400,1,8,FF,FF,FF,00,00,FF,FF,FF
1294360,132646,0xCFF6600,1,8,00,00,FF,FF,FF,FF,FF,FF
1294370,132647,0x10FF6500,1,8,FC,FF,FF,FF,FF,FF,FF,FF
1294370,132648,0x18F00500,1,8,FF,FF,FF,FF,20,2D,FF,FF
1294371,132649,0x18F00600,1,8,FF,FF,FF,FF,FF,FF,FF,FF
1294371,132650,0x18FEF100,1,8,3F,00,00,FF,FF,FF,FF,FF
1294372,132651,0x18FEF200,1,8,00,00,00,FB,00,00,00,FF
1294373,132652,0x1CFDDF00,1,8,FE,FF,FF,FF,FF,FF,FF,FF
1294375,132653,0x1CFF6A00,1,8,FC,FF,FF,FF,FF,FF,FF,FF
1294381,132654,0xCF00400,1,8,FF,FF,FF,00,00,FF,FF,FF
1294382,132655,0xCFF6600,1,8,00,00,FF,FF,FF,FF,FF,FF
1294398,132656,0xCF00400,1,8,FF,FF,FF,00,00,FF,FF,FF
1294399,132657,0xCFF6600,1,8,00,00,FF,FF,FF,FF,FF,FF
1294418,132658,0xCF00400,1,8,FF,FF,FF,00,00,FF,FF,FF
1294419,132659,0xCFF6600,1,8,00,00,FF,FF,FF,FF,FF,FF
1294439,132660,0xCF00400,1,8,FF,FF,FF,00,00,FF,FF,FF
1294444,132661,0xCFF6600,1,8,00,00,FF,FF,FF,FF,FF,FF
1294475,132662,0xCF00400,1,8,FF,FF,FF,00,00,FF,FF,FF
1294476,132663,0xCFF6600,1,8,00,00,FF,FF,FF,FF,FF,FF
1294478,132664,0x18EEFF00,1,8,08,CF,60,06,00,00,00,00
1294479,132665,0xCF00400,1,8,FF,FF,FF,00,00,FF,FF,FF
1294479,132666,0xCFF6600,1,8,00,00,FF,FF,FF,FF,FF,FF
1294498,132667,0xCF00400,1,8,FF,FF,FF,00,00,FF,FF,FF
1294499,132668,0xCFF6600,1,8,00,00,FF,FF,FF,FF,FF,FF
1294518,132669,0xCF00400,1,8,FF,FF,FF,00,00,FF,FF,FF
1294519,132670,0xCFF6600,1,8,00,00,FF,FF,FF,FF,FF,FF
1294538,132671,0xCF00400,1,8,FF,FF,FF,00,00,FF,FF,FF
1294539,132672,0xCFF6600,1,8,00,00,FF,FF,FF,FF,FF,FF
1294559,132673,0xCF00400,1,8,FF,FF,FF,00,00,FF,FF,FF
1294560,132674,0xCFF6600,1,8,00,00,FF,FF,FF,FF,FF,FF
1294570,132675,0x18F00500,1,8,FF,FF,FF,FF,20,2D,FF,FF
1294570,132676,0x18FEF100,1,8,3F,00,00,FF,FF,FF,FF,FF
1294571,132677,0x18FEF200,1,8,00,00,00,FB,00,00,00,FF
1294578,132678,0xCF00400,1,8,FF,FF,FF,00,00,FF,FF,FF
1294599,132679,0xCF00400,1,8,FF,FF,FF,00,00,FF,FF,FF
1294600,132680,0xCFF6600,1,8,00,00,FF,FF,FF,FF,FF,FF
1294619,132681,0xCF00400,1,8,FF,FF,FF,00,00,FF,FF,FF
1294619,132682,0xCFF6600,1,8,00,00,FF,FF,FF,FF,FF,FF
1294639,132683,0xCF00400,1,8,FF,FF,FF,00,00,FF,FF,FF
1294640,132684,0xCFF6600,1,8,00,00,FF,FF,FF,FF,FF,FF
1294659,132685,0xCF00400,1,8,FF,FF,FF,00,00,FF,FF,FF
1294659,132686,0xCFF6600,1,8,00,00,FF,FF,FF,FF,FF,FF
1294669,132687,0x18FEF100,1,8,3F,00,00,FF,FF,FF,FF,FF
1294670,132688,0x10FF6500,1,8,FC,FF,FF,FF,FF,FF,FF,FF
1294670,132689,0x18F00500,1,8,FF,FF,FF,FF,20,2D,FF,FF
1294671,132690,0x18FEF200,1,8,00,00,00,FB,00,00,00,FF
1294678,132691,0xCF00400,1,8,FF,FF,FF,00,00,FF,FF,FF
1294679,132692,0xCFF6600,1,8,00,00,FF,FF,FF,FF,FF,FF
1294699,132693,0xCF00400,1,8,FF,FF,FF,00,00,FF,FF,FF
1294699,132694,0xCFF6600,1,8,00,00,FF,FF,FF,FF,FF,FF
1294719,132695,0xCF00400,1,8,FF,FF,FF,00,00,FF,FF,FF
1294740,132696,0xCF00400,1,8,FF,FF,FF,00,00,FF,FF,FF
1294740,132697,0xCFF6600,1,8,00,00,FF,FF,FF,FF,FF,FF
1294759,132698,0xCF00400,1,8,FF,FF,FF,00,00,FF,FF,FF
1294759,132699,0xCFF6600,1,8,00,00,FF,FF,FF,FF,FF,FF
1294770,132700,0x18F00500,1,8,FF,FF,FF,FF,20,2D,FF,FF
1294771,132701,0x18FEF100,1,8,3F,00,00,FF,FF,FF,FF,FF
1294772,132702,0x18FEF200,1,8,00,00,00,FB,00,00,00,FF
1294779,132703,0xCF00400,1,8,FF,FF,FF,00,00,FF,FF,FF
1294779,132704,0xCFF6600,1,8,00,00,FF,FF,FF,FF,FF,FF
1294815,132705,0xCF00400,1,8,FF,FF,FF,00,00,FF,FF,FF
1294816,132706,0xCFF6600,1,8,00,00,FF,FF,FF,FF,FF,FF
1294818,132707,0x18EEFF00,1,8,08,CF,60,06,00,00,00,00
1294819,132708,0xCF00400,1,8,FF,FF,FF,00,00,FF,FF,FF
1294819,132709,0xCFF6600,1,8,00,00,FF,FF,FF,FF,FF,FF
1294838,132710,0xCF00400,1,8,FF,FF,FF,00,00,FF,FF,FF
1294839,132711,0xCFF6600,1,8,00,00,FF,FF,FF,FF,FF,FF
1294858,132712,0xCF00400,1,8,FF,FF,FF,00,00,FF,FF,FF
1294860,132713,0xCFF6600,1,8,00,00,FF,FF,FF,FF,FF,FF
1294869,132714,0x18FEF100,1,8,3F,00,00,FF,FF,FF,FF,FF
1294870,132715,0x10FF6500,1,8,FC,FF,FF,FF,FF,FF,FF,FF
1294870,132716,0x18F00500,1,8,FF,FF,FF,FF,20,2D,FF,FF
1294871,132717,0x18FEF200,1,8,00,00,00,FB,00,00,00,FF
1294878,132718,0xCF00400,1,8,FF,FF,FF,00,00,FF,FF,FF
1294880,132719,0xCFF6600,1,8,00,00,FF,FF,FF,FF,FF,FF
1294899,132720,0xCF00400,1,8,FF,FF,FF,00,00,FF,FF,FF
1294899,132721,0xCFF6600,1,8,00,00,FF,FF,FF,FF,FF,FF
1294919,132722,0xCF00400,1,8,FF,FF,FF,00,00,FF,FF,FF
1294920,132723,0xCFF6600,1,8,00,00,FF,FF,FF,FF,FF,FF
1294928,132724,0x18FEEE00,1,8,65,FF,FF,FF,FF,FF,FF,FF
1294929,132725,0x18FDE500,1,8,0A,14,1E,28,32,3C,46,13
1294940,132726,0xCF00400,1,8,FF,FF,FF,00,00,FF,FF,FF
1294940,132727,0xCFF6600,1,8,00,00,FF,FF,FF,FF,FF,FF
1294948,132728,0x1CECFF00,1,8,20,0A,00,02,FF,CA,FE,00
1294959,132729,0xCF00400,1,8,FF,FF,FF,00,00,FF,FF,FF
1294960,132730,0xCFF6600,1,8,00,00,FF,FF,FF,FF,FF,FF
1294971,132731,0x18F00500,1,8,FF,FF,FF,FF,20,2D,FF,FF
1294972,132732,0x18F00600,1,8,FF,FF,FF,FF,FF,FF,FF,FF
1294973,132733,0x18FEF100,1,8,3F,00,00,FF,FF,FF,FF,FF
1294974,132734,0x18FEF200,1,8,00,00,00,FB,00,00,00,FF
1294975,132735,0x1CFDDF00,1,8,FE,FF,FF,FF,FF,FF,FF,FF
1294976,132736,0x1CFF6A00,1,8,FC,FF,FF,FF,FF,FF,FF,FF
1294982,132737,0xCF00400,1,8,FF,FF,FF,00,00,FF,FF,FF
1294982,132738,0xCFF6600,1,8,00,00,FF,FF,FF,FF,FF,FF
1294999,132739,0xCF00400,1,8,FF,FF,FF,00,00,FF,FF,FF
1295000,132740,0xCFF6600,1,8,00,00,FF,FF,FF,FF,FF,FF
1295001,132741,0x1CEBFF00,1,8,01,40,FF,0F,F0,E5,01,02
1295019,132742,0xCF00400,1,8,FF,FF,FF,00,00,FF,FF,FF
1295020,132743,0xCFF6600,1,8,00,00,FF,FF,FF,FF,FF,FF
1295040,132744,0xCF00400,1,8,FF,FF,FF,00,00,FF,FF,FF
1295041,132745,0xCFF6600,1,8,00,00,FF,FF,FF,FF,FF,FF
1295049,132746,0x1CEBFF00,1,8,02,F0,E3,01,FF,FF,FF,FF
1295074,132747,0xCF00400,1,8,FF,FF,FF,00,00,FF,FF,FF
1295076,132748,0xCFF6600,1,8,00,00,FF,FF,FF,FF,FF,FF
1295078,132749,0x18EEFF00,1,8,08,CF,60,06,00,00,00,00
1295078,132750,0xCF00400,1,8,FF,FF,FF,00,00,FF,FF,FF
1295079,132751,0xCFF6600,1,8,00,00,FF,FF,FF,FF,FF,FF
1295098,132752,0xCF00400,1,8,FF,FF,FF,00,00,FF,FF,FF
1295100,132753,0xCFF6600,1,8,00,00,FF,FF,FF,FF,FF,FF
1295118,132754,0xCF00400,1,8,FF,FF,FF,00,00,FF,FF,FF
1295119,132755,0xCFF6600,1,8,00,00,FF,FF,FF,FF,FF,FF
1295138,132756,0xCF00400,1,8,FF,FF,FF,00,00,FF,FF,FF
1295139,132757,0xCFF6600,1,8,00,00,FF,FF,FF,FF,FF,FF
1295158,132758,0xCF00400,1,8,FF,FF,FF,00,00,FF,FF,FF
1295159,132759,0xCFF6600,1,8,00,00,FF,FF,FF,FF,FF,FF
1295169,132760,0x18FEF100,1,8,3F,00,00,FF,FF,FF,FF,FF
1295170,132761,0x10FF6500,1,8,FC,FF,FF,FF,FF,FF,FF,FF
1295190,132762,0xCF00400,1,8,FF,FF,FF,00,00,FF,FF,FF
1295192,132763,0xCFF6600,1,8,00,00,FF,FF,FF,FF,FF,FF
1295192,132764,0x18F00500,1,8,FF,FF,FF,FF,20,2D,FF,FF
1295193,132765,0x18FEF200,1,8,00,00,00,FB,00,00,00,FF
1295199,132766,0xCF00400,1,8,FF,FF,FF,00,00,FF,FF,FF
1295200,132767,0xCFF6600,1,8,00,00,FF,FF,FF,FF,FF,FF
1295219,132768,0xCF00400,1,8,FF,FF,FF,00,00,FF,FF,FF
1295219,132769,0xCFF6600,1,8,00,00,FF,FF,FF,FF,FF,FF
1295239,132770,0xCF00400,1,8,FF,FF,FF,00,00,FF,FF,FF
1295240,132771,0xCFF6600,1,8,00,00,FF,FF,FF,FF,FF,FF
1295259,132772,0xCF00400,1,8,FF,FF,FF,00,00,FF,FF,FF
1295260,132773,0xCFF6600,1,8,00,00,FF,FF,FF,FF,FF,FF
1295269,132774,0x18F00500,1,8,FF,FF,FF,FF,20,2D,FF,FF
1295270,132775,0x18FEF100,1,8,3F,00,00,FF,FF,FF,FF,FF
1295271,132776,0x18FEF200,1,8,00,00,00,FB,00,00,00,FF
1295279,132777,0xCF00400,1,8,FF,FF,FF,00,00,FF,FF,FF
1295280,132778,0xCFF6600,1,8,00,00,FF,FF,FF,FF,FF,FF
1295318,132779,0xCF00400,1,8,FF,FF,FF,00,00,FF,FF,FF
1295318,132780,0xCFF6600,1,8,00,00,FF,FF,FF,FF,FF,FF
1295319,132781,0xCF00400,1,8,FF,FF,FF,00,00,FF,FF,FF
1295338,132782,0xCF00400,1,8,FF,FF,FF,00,00,FF,FF,FF
1295339,132783,0xCFF6600,1,8,00,00,FF,FF,FF,FF,FF,FF
1295359,132784,0xCF00400,1,8,FF,FF,FF,00,00,FF,FF,FF
1295360,132785,0xCFF6600,1,8,00,00,FF,FF,FF,FF,FF,FF
1295369,132786,0x18FEF100,1,8,3F,00,00,FF,FF,FF,FF,FF
1295370,132787,0x10FF6500,1,8,FC,FF,FF,FF,FF,FF,FF,FF
1295370,132788,0x18F00500,1,8,FF,FF,FF,FF,20,2D,FF,FF
1295371,132789,0x18FEF200,1,8,00,00,00,FB,00,00,00,FF
1295378,132790,0xCF00400,1,8,FF,FF,FF,00,00,FF,FF,FF
1295379,132791,0xCFF6600,1,8,00,00,FF,FF,FF,FF,FF,FF
1295399,132792,0xCF00400,1,8,FF,FF,FF,00,00,FF,FF,FF
1295400,132793,0xCFF6600,1,8,00,00,FF,FF,FF,FF,FF,FF
1295420,132794,0xCF00400,1,8,FF,FF,FF,00,00,FF,FF,FF
1295420,132795,0xCFF6600,1,8,00,00,FF,FF,FF,FF,FF,FF
1295439,132796,0xCF00400,1,8,FF,FF,FF,00,00,FF,FF,FF
1295439,132797,0xCFF6600,1,8,00,00,FF,FF,FF,FF,FF,FF
1295459,132798,0xCF00400,1,8,FF,FF,FF,00,00,FF,FF,FF
1295460,132799,0xCFF6600,1,8,00,00,FF,FF,FF,FF,FF,FF
1295469,132800,0x18F00500,1,8,FF,FF,FF,FF,20,2D,FF,FF
1295470,132801,0x18FEF100,1,8,3F,00,00,FF,FF,FF,FF,FF
1295470,132802,0x18FEF200,1,8,00,00,00,FB,00,00,00,FF
1295478,132803,0xCF00400,1,8,FF,FF,FF,00,00,FF,FF,FF
1295499,132804,0xCF00400,1,8,FF,FF,FF,00,00,FF,FF,FF
1295499,132805,0xCFF6600,1,8,00,00,FF,FF,FF,FF,FF,FF
1295519,132806,0xCF00400,1,8,FF,FF,FF,00,00,FF,FF,FF
1295519,132807,0xCFF6600,1,8,00,00,FF,FF,FF,FF,FF,FF
1295555,132808,0xCF00400,1,8,FF,FF,FF,00,00,FF,FF,FF
1295556,132809,0xCFF6600,1,8,00,00,FF,FF,FF,FF,FF,FF
1295558,132810,0x18EEFF00,1,8,08,CF,60,06,00,00,00,00
1295558,132811,0xCF00400,1,8,FF,FF,FF,00,00,FF,FF,FF
1295560,132812,0xCFF6600,1,8,00,00,FF,FF,FF,FF,FF,FF
1295569,132813,0x18FEF100,1,8,3F,00,00,FF,FF,FF,FF,FF
1295570,132814,0x10FF6500,1,8,FC,FF,FF,FF,FF,FF,FF,FF
1295570,132815,0x18F00500,1,8,FF,FF,FF,FF,20,2D,FF,FF
1295571,132816,0x18F00600,1,8,FF,FF,FF,FF,FF,FF,FF,FF
1295572,132817,0x18FEF200,1,8,00,00,00,FB,00,00,00,FF
1295572,132818,0x1CFDDF00,1,8,FE,FF,FF,FF,FF,FF,FF,FF
1295574,132819,0x1CFF6A00,1,8,FC,FF,FF,FF,FF,FF,FF,FF
1295578,132820,0xCF00400,1,8,FF,FF,FF,00,00,FF,FF,FF
1295579,132821,0xCFF6600,1,8,00,00,FF,FF,FF,FF,FF,FF
1295598,132822,0xCF00400,1,8,FF,FF,FF,00,00,FF,FF,FF
1295599,132823,0xCFF6600,1,8,00,00,FF,FF,FF,FF,FF,FF
1295618,132824,0xCF00400,1,8,FF,FF,FF,00,00,FF,FF,FF
1295619,132825,0xCFF6600,1,8,00,00,FF,FF,FF,FF,FF,FF
1295639,132826,0xCF00400,1,8,FF,FF,FF,00,00,FF,FF,FF
1295639,132827,0xCFF6600,1,8,00,00,FF,FF,FF,FF,FF,FF
1295659,132828,0xCF00400,1,8,FF,FF,FF,00,00,FF,FF,FF
1295660,132829,0xCFF6600,1,8,00,00,FF,FF,FF,FF,FF,FF
1295669,132830,0x18F00500,1,8,FF,FF,FF,FF,20,2D,FF,FF
1295670,132831,0x18FEF100,1,8,3F,00,00,FF,FF,FF,FF,FF
1295671,132832,0x18FEF200,1,8,00,00,00,FB,00,00,00,FF
1295679,132833,0xCF00400,1,8,FF,FF,FF,00,00,FF,FF,FF
1295679,132834,0xCFF6600,1,8,00,00,FF,FF,FF,FF,FF,FF
1295699,132835,0xCF00400,1,8,FF,FF,FF,00,00,FF,FF,FF
1295700,132836,0xCFF6600,1,8,00,00,FF,FF,FF,FF,FF,FF
1295718,132837,0xCF00400,1,8,FF,FF,FF,00,00,FF,FF,FF
1295719,132838,0xCFF6600,1,8,00,00,FF,FF,FF,FF,FF,FF
1295739,132839,0xCF00400,1,8,FF,FF,FF,00,00,FF,FF,FF
1295759,132840,0xCF00400,1,8,FF,FF,FF,00,00,FF,FF,FF
1295759,132841,0xCFF6600,1,8,00,00,FF,FF,FF,FF,FF,FF
1295769,132842,0x18FEF100,1,8,3F,00,00,FF,FF,FF,FF,FF
1295770,132843,0x10FF6500,1,8,FC,FF,FF,FF,FF,FF,FF,FF
1295770,132844,0x18F00500,1,8,FF,FF,FF,FF,20,2D,FF,FF
1295771,132845,0x18FEF200,1,8,00,00,00,FB,00,00,00,FF
1295778,132846,0xCF00400,1,8,FF,FF,FF,00,00,FF,FF,FF
1295780,132847,0xCFF6600,1,8,00,00,FF,FF,FF,FF,FF,FF
1295799,132848,0xCF00400,1,8,FF,FF,FF,00,00,FF,FF,FF
1295800,132849,0xCFF6600,1,8,00,00,FF,FF,FF,FF,FF,FF
1295819,132850,0xCF00400,1,8,FF,FF,FF,00,00,FF,FF,FF
1295820,132851,0xCFF6600,1,8,00,00,FF,FF,FF,FF,FF,FF
1295839,132852,0xCF00400,1,8,FF,FF,FF,00,00,FF,FF,FF
1295840,132853,0xCFF6600,1,8,00,00,FF,FF,FF,FF,FF,FF
1295858,132854,0xCF00400,1,8,FF,FF,FF,00,00,FF,FF,FF
1295859,132855,0xCFF6600,1,8,00,00,FF,FF,FF,FF,FF,FF
1295869,132856,0x18FEF100,1,8,3F,00,00,FF,FF,FF,FF,FF
1295870,132857,0x18F00500,1,8,FF,FF,FF,FF,20,2D,FF,FF
1295870,132858,0x18FEF200,1,8,00,00,00,FB,00,00,00,FF
1295880,132859,0xCF00400,1,8,FF,FF,FF,00,00,FF,FF,FF
1295881,132860,0xCFF6600,1,8,00,00,FF,FF,FF,FF,FF,FF
1295897,132861,0x18EA0017,1,3,DA,FE,00,--,--,--,--,--
1295898,132862,0xCF00400,1,8,FF,FF,FF,00,00,FF,FF,FF
1295899,132863,0xCFF6600,1,8,00,00,FF,FF,FF,FF,FF,FF
1295919,132864,0xCF00400,1,8,FF,FF,FF,00,00,FF,FF,FF
1295919,132865,0xCFF6600,1,8,00,00,FF,FF,FF,FF,FF,FF
1295920,132866,0x1CEC1700,1,8,10,73,00,11,11,DA,FE,00
1295928,132867,0x18FEEE00,1,8,64,FF,FF,FF,FF,FF,FF,FF
1295929,132868,0x18FDE500,1,8,0A,14,1E,28,32,3C,46,13
1295938,132869,0xCF00400,1,8,FF,FF,FF,00,00,FF,FF,FF
1295939,132870,0xCFF6600,1,8,00,00,FF,FF,FF,FF,FF,FF
1295948,132871,0x1CECFF00,1,8,20,0A,00,02,FF,CA,FE,00
1295958,132872,0xCF00400,1,8,FF,FF,FF,00,00,FF,FF,FF
1295959,132873,0xCFF6600,1,8,00,00,FF,FF,FF,FF,FF,FF
1295969,132874,0x18FEF100,1,8,3F,00,00,FF,FF,FF,FF,FF
1295970,132875,0x10FF6500,1,8,FC,FF,FF,FF,FF,FF,FF,FF
1295970,132876,0x18F00500,1,8,FF,FF,FF,FF,20,2D,FF,FF
1295971,132877,0x18FEF200,1,8,00,00,00,FB,00,00,00,FF
1295978,132878,0xCF00400,1,8,FF,FF,FF,00,00,FF,FF,FF
1295979,132879,0xCFF6600,1,8,00,00,FF,FF,FF,FF,FF,FF
1295998,132880,0xCF00400,1,8,FF,FF,FF,00,00,FF,FF,FF
1295999,132881,0xCFF6600,1,8,00,00,FF,FF,FF,FF,FF,FF
1296000,132882,0x1CEBFF00,1,8,01,40,FF,0F,F0,E5,01,02
1296018,132883,0xCF00400,1,8,FF,FF,FF,00,00,FF,FF,FF
1296019,132884,0xCFF6600,1,8,00,00,FF,FF,FF,FF,FF,FF
1296038,132885,0xCF00400,1,8,FF,FF,FF,00,00,FF,FF,FF
1296039,132886,0xCFF6600,1,8,00,00,FF,FF,FF,FF,FF,FF
1296676,132887,0x18EEFF00,1,8,08,CF,60,06,00,00,00,00
1296977,132888,0xCF00400,1,8,FF,FF,FF,86,07,FF,FF,FF
1296978,132889,0xCFF6600,1,8,F0,00,FF,FF,FF,FF,FF,FF
1296997,132890,0xCF00400,1,8,FF,FF,FF,86,07,FF,FF,FF
1296998,132891,0xCFF6600,1,8,F0,00,FF,FF,FF,FF,FF,FF
1297017,132892,0xCF00400,1,8,FF,FF,FF,86,07,FF,FF,FF
1297018,132893,0xCFF6600,1,8,F0,00,FF,FF,FF,FF,FF,FF
1297037,132894,0xCF00400,1,8,FF,FF,FF,18,08,FF,FF,FF
1297038,132895,0xCFF6600,1,8,03,01,FF,FF,FF,FF,FF,FF
1297048,132896,0x18FEF100,1,8,3F,00,00,FF,FF,FF,FF,FF
1297049,132897,0x18F00500,1,8,FF,FF,FF,FF,20,2D,FF,FF
1297049,132898,0x18FEF200,1,8,00,00,00,FB,00,00,00,FF
1297057,132899,0xCF00400,1,8,FF,FF,FF,18,08,FF,FF,FF
1297058,132900,0xCFF6600,1,8,03,01,FF,FF,FF,FF,FF,FF
1297077,132901,0xCF00400,1,8,FF,FF,FF,18,08,FF,FF,FF
1297078,132902,0xCFF6600,1,8,03,01,FF,FF,FF,FF,FF,FF
1297097,132903,0xCF00400,1,8,FF,FF,FF,18,08,FF,FF,FF
1297098,132904,0xCFF6600,1,8,03,01,FF,FF,FF,FF,FF,FF
1297117,132905,0xCF00400,1,8,FF,FF,FF,18,08,FF,FF,FF
1297118,132906,0xCFF6600,1,8,03,01,FF,FF,FF,FF,FF,FF
1297137,132907,0xCF00400,1,8,FF,FF,FF,18,08,FF,FF,FF
1297138,132908,0xCFF6600,1,8,03,01,FF,FF,FF,FF,FF,FF
1297148,132909,0x18FEF100,1,8,3F,00,00,FF,FF,FF,FF,FF
1297149,132910,0x10FF6500,1,8,FC,FF,FF,FF,FF,FF,FF,FF
1297149,132911,0x18F00500,1,8,FF,FF,FF,FF,20,2D,FF,FF
1297150,132912,0x18FEF200,1,8,00,00,00,FB,00,00,00,FF
1297157,132913,0xCF00400,1,8,FF,FF,FF,14,0F,FF,FF,FF
1297158,132914,0xCFF6600,1,8,E2,01,FF,FF,FF,FF,FF,FF
1297178,132915,0xCF00400,1,8,FF,FF,FF,14,0F,FF,FF,FF
1297178,132916,0xCFF6600,1,8,E2,01,FF,FF,FF,FF,FF,FF
1297197,132917,0xCF00400,1,8,FF,FF,FF,14,0F,FF,FF,FF
1297198,132918,0xCFF6600,1,8,E2,01,FF,FF,FF,FF,FF,FF
1297217,132919,0xCF00400,1,8,FF,FF,FF,14,1A,FF,FF,FF
1297218,132920,0xCFF6600,1,8,42,03,FF,FF,FF,FF,FF,FF
1297237,132921,0xCF00400,1,8,FF,FF,FF,14,1A,FF,FF,FF
1297238,132922,0xCFF6600,1,8,42,03,FF,FF,FF,FF,FF,FF
1297248,132923,0x18FEF100,1,8,3F,00,00,FF,FF,FF,FF,FF
1297249,132924,0x18F00500,1,8,FF,FF,FF,FF,20,2D,FF,FF
1297249,132925,0x18FEF200,1,8,00,00,00,FB,00,00,00,FF
1297257,132926,0xCF00400,1,8,FF,FF,FF,14,1A,FF,FF,FF
1297258,132927,0xCFF6600,1,8,42,03,FF,FF,FF,FF,FF,FF
1297277,132928,0xCF00400,1,8,FF,FF,FF,CA,1E,FF,FF,FF
1297278,132929,0xCFF6600,1,8,D9,03,FF,FF,FF,FF,FF,FF
1297297,132930,0xCF00400,1,8,FF,FF,FF,CA,1E,FF,FF,FF
1297298,132931,0xCFF6600,1,8,D9,03,FF,FF,FF,FF,FF,FF
1297317,132932,0xCF00400,1,8,FF,FF,FF,CA,1E,FF,FF,FF
1297318,132933,0xCFF6600,1,8,D9,03,FF,FF,FF,FF,FF,FF
1297337,132934,0xCF00400,1,8,FF,FF,FF,90,27,FF,FF,FF
1297338,132935,0xCFF6600,1,8,F2,04,FF,FF,FF,FF,FF,FF
1297348,132936,0x18FEF100,1,8,3F,00,00,FF,FF,FF,FF,FF
1297349,132937,0x10FF6500,1,8,FC,FF,FF,FF,FF,FF,FF,FF
1297350,132938,0x18F00500,1,8,FF,FF,FF,FF,20,2D,FF,FF
1297350,132939,0x18FEF200,1,8,00,00,00,FB,00,00,00,FF
1297357,132940,0xCF00400,1,8,FF,FF,FF,90,27,FF,FF,FF
1297358,132941,0xCFF6600,1,8,F2,04,FF,FF,FF,FF,FF,FF
1297377,132942,0xCF00400,1,8,FF,FF,FF,0E,28,FF,FF,FF
1297378,132943,0xCFF6600,1,8,01,05,FF,FF,FF,FF,FF,FF
1297397,132944,0xCF00400,1,8,FF,FF,FF,0E,28,FF,FF,FF
1297398,132945,0xCFF6600,1,8,01,05,FF,FF,FF,FF,FF,FF
1297417,132946,0xCF00400,1,8,FF,FF,FF,04,29,FF,FF,FF
1297418,132947,0xCFF6600,1,8,20,05,FF,FF,FF,FF,FF,FF
1297438,132948,0xCF00400,1,8,FF,FF,FF,04,29,FF,FF,FF
1297438,132949,0xCFF6600,1,8,20,05,FF,FF,FF,FF,FF,FF
1297448,132950,0x18FEF100,1,8,3F,00,00,FF,FF,FF,FF,FF
1297449,132951,0x18F00500,1,8,FF,FF,FF,FF,20,2D,FF,FF
1297449,132952,0x18F00600,1,8,FF,FF,FF,FF,FF,FF,FF,FF
1297450,132953,0x18FEF200,1,8,00,00,00,FB,00,00,00,FF
1297450,132954,0x1CFDDF00,1,8,FE,FF,FF,FF,FF,FF,FF,FF
1297451,132955,0x1CFF6A00,1,8,FC,FF,FF,FF,FF,FF,FF,FF
1297457,132956,0xCF00400,1,8,FF,FF,FF,5E,2B,FF,FF,FF
1297458,132957,0xCFF6600,1,8,6B,05,FF,FF,FF,FF,FF,FF
1297477,132958,0xCF00400,1,8,FF,FF,FF,5E,2B,FF,FF,FF
1297478,132959,0xCFF6600,1,8,6B,05,FF,FF,FF,FF,FF,FF
1297497,132960,0xCF00400,1,8,FF,FF,FF,16,2F,FF,FF,FF
1297498,132961,0xCFF6600,1,8,E2,05,FF,FF,FF,FF,FF,FF
1297517,132962,0xCF00400,1,8,FF,FF,FF,16,2F,FF,FF,FF
1297518,132963,0xCFF6600,1,8,E2,05,FF,FF,FF,FF,FF,FF
1297538,132964,0xCF00400,1,8,FF,FF,FF,5A,31,FF,FF,FF
1297538,132965,0xCFF6600,1,8,2B,06,FF,FF,FF,FF,FF,FF
1297548,132966,0x18FEF100,1,8,3F,00,00,FF,FF,FF,FF,FF
1297549,132967,0x10FF6500,1,8,FC,FF,FF,FF,FF,FF,FF,FF
1297549,132968,0x18F00500,1,8,FF,FF,FF,FF,20,2D,FF,FF
1297550,132969,0x18FEF200,1,8,00,00,00,FB,00,00,00,FF
1297558,132970,0xCF00400,1,8,FF,FF,FF,5A,31,FF,FF,FF
1297558,132971,0xCFF6600,1,8,2B,06,FF,FF,FF,FF,FF,FF
1297578,132972,0xCF00400,1,8,FF,FF,FF,18,32,FF,FF,FF
1297578,132973,0xCFF6600,1,8,43,06,FF,FF,FF,FF,FF,FF
1297598,132974,0xCF00400,1,8,FF,FF,FF,18,32,FF,FF,FF
1297598,132975,0xCFF6600,1,8,43,06,FF,FF,FF,FF,FF,FF
1297607,132976,0x18FEEE00,1,8,64,FF,FF,FF,FF,FF,FF,FF
1297608,132977,0x18FDE500,1,8,0A,14,1E,28,32,3C,46,13
1297618,132978,0xCF00400,1,8,FF,FF,FF,F4,32,FF,FF,FF
1297618,132979,0xCFF6600,1,8,5E,06,FF,FF,FF,FF,FF,FF
1297627,132980,0x1CECFF00,1,8,20,0A,00,02,FF,CA,FE,00
1297638,132981,0xCF00400,1,8,FF,FF,FF,F4,32,FF,FF,FF
1297638,132982,0xCFF6600,1,8,5E,06,FF,FF,FF,FF,FF,FF
1297648,132983,0x18FEF100,1,8,3F,00,00,FF,FF,FF,FF,FF
1297649,132984,0x18F00500,1,8,FF,FF,FF,FF,20,2D,FF,FF
1297649,132985,0x18FEF200,1,8,0E,00,00,FB,00,00,00,FF
1297658,132986,0xCF00400,1,8,FF,FF,FF,E8,33,FF,FF,FF
1297658,132987,0xCFF6600,1,8,7D,06,FF,FF,FF,FF,FF,FF
1297678,132988,0xCF00400,1,8,FF,FF,FF,24,35,FF,FF,FF
1297678,132989,0xCFF6600,1,8,A4,06,FF,FF,FF,FF,FF,FF
1297679,132990,0x1CEBFF00,1,8,01,40,FF,0F,F0,E5,01,02
1297698,132991,0xCF00400,1,8,FF,FF,FF,24,35,FF,FF,FF
1297698,132992,0xCFF6600,1,8,A4,06,FF,FF,FF,FF,FF,FF
1297718,132993,0xCF00400,1,8,FF,FF,FF,A4,36,FF,FF,FF
1297718,132994,0xCFF6600,1,8,D4,06,FF,FF,FF,FF,FF,FF
1297728,132995,0x1CEBFF00,1,8,02,F0,E3,01,FF,FF,FF,FF
1297738,132996,0xCF00400,1,8,FF,FF,FF,A4,36,FF,FF,FF
1297738,132997,0xCFF6600,1,8,D4,06,FF,FF,FF,FF,FF,FF
1297748,132998,0x18FEF100,1,8,3F,00,00,FF,FF,FF,FF,FF
1297749,132999,0x10FF6500,1,8,FC,FF,FF,FF,FF,FF,FF,FF
1297749,133000,0x18F00500,1,8,FF,FF,FF,FF,20,2D,FF,FF
1297750,133001,0x18FEF200,1,8,0E,00,00,FB,00,00,00,FF
1297757,133002,0xCF00400,1,8,FF,FF,FF,DA,37,FF,FF,FF
1297758,133003,0xCFF6600,1,8,FB,06,FF,FF,FF,FF,FF,FF
1297778,133004,0xCF00400,1,8,FF,FF,FF,CC,38,FF,FF,FF
1297778,133005,0xCFF6600,1,8,19,07,FF,FF,FF,FF,FF,FF
1297798,133006,0xCF00400,1,8,FF,FF,FF,CC,38,FF,FF,FF
1297798,133007,0xCFF6600,1,8,19,07,FF,FF,FF,FF,FF,FF
1297817,133008,0xCF00400,1,8,FF,FF,FF,6C,39,FF,FF,FF
1297818,133009,0xCFF6600,1,8,2D,07,FF,FF,FF,FF,FF,FF
1297838,133010,0xCF00400,1,8,FF,FF,FF,6C,39,FF,FF,FF
1297838,133011,0xCFF6600,1,8,2D,07,FF,FF,FF,FF,FF,FF
1297848,133012,0x18FEF100,1,8,3F,00,00,FF,FF,FF,FF,FF
1297849,133013,0x18F00500,1,8,FF,FF,FF,FF,20,2D,FF,FF
1297850,133014,0x18FEF200,1,8,0E,00,00,FB,00,00,00,FF
1297858,133015,0xCF00400,1,8,FF,FF,FF,B8,39,FF,FF,FF
1297858,133016,0xCFF6600,1,8,37,07,FF,FF,FF,FF,FF,FF
1297878,133017,0xCF00400,1,8,FF,FF,FF,6A,3A,FF,FF,FF
1297878,133018,0xCFF6600,1,8,4D,07,FF,FF,FF,FF,FF,FF
1297898,133019,0xCF00400,1,8,FF,FF,FF,6A,3A,FF,FF,FF
1297898,133020,0xCFF6600,1,8,4D,07,FF,FF,FF,FF,FF,FF
1297917,133021,0xCF00400,1,8,FF,FF,FF,72,3B,FF,FF,FF
1297918,133022,0xCFF6600,1,8,6E,07,FF,FF,FF,FF,FF,FF
1297937,133023,0xCF00400,1,8,FF,FF,FF,6E,3C,FF,FF,FF
1297938,133024,0xCFF6600,1,8,8D,07,FF,FF,FF,FF,FF,FF
1297948,133025,0x18FEF100,1,8,3F,00,00,FF,FF,FF,FF,FF
1297949,133026,0x10FF6500,1,8,FC,FF,FF,FF,FF,FF,FF,FF
1297949,133027,0x18F00500,1,8,FF,FF,FF,FF,20,2D,FF,FF
1297950,133028,0x18F00600,1,8,FF,FF,FF,FF,FF,FF,FF,FF
1297950,133029,0x18FEF200,1,8,0E,00,00,FB,00,00,00,FF
1297951,133030,0x1CFDDF00,1,8,FE,FF,FF,FF,FF,FF,FF,FF
1297952,133031,0x1CFF6A00,1,8,FC,FF,FF,FF,FF,FF,FF,FF
1297958,133032,0xCF00400,1,8,FF,FF,FF,6E,3C,FF,FF,FF
1297958,133033,0xCFF6600,1,8,8D,07,FF,FF,FF,FF,FF,FF
1297977,133034,0xCF00400,1,8,FF,FF,FF,66,3D,FF,FF,FF
1297978,133035,0xCFF6600,1,8,AC,07,FF,FF,FF,FF,FF,FF
1297998,133036,0xCF00400,1,8,FF,FF,FF,10,3E,FF,FF,FF
1297998,133037,0xCFF6600,1,8,C2,07,FF,FF,FF,FF,FF,FF
1298018,133038,0xCF00400,1,8,FF,FF,FF,10,3E,FF,FF,FF
1298018,133039,0xCFF6600,1,8,C2,07,FF,FF,FF,FF,FF,FF
1298022,133040,0x18EA0017,1,3,DA,FE,00,--,--,--,--,--
1298038,133041,0xCF00400,1,8,FF,FF,FF,82,3E,FF,FF,FF
1298038,133042,0xCFF6600,1,8,D0,07,FF,FF,FF,FF,FF,FF
1298039,133043,0x1CEC1700,1,8,10,73,00,11,11,DA,FE,00
1298042,133044,0x1CEC0017,1,8,11,11,01,FF,FF,DA,FE,00
1298048,133045,0x1CEB1700,1,8,01,0A,2A,41,31,34,4D,48
1298049,133046,0x18F00500,1,8,FF,FF,FF,FF,20,2D,FF,FF
1298049,133047,0x18FEF100,1,8,3F,00,00,FF,FF,FF,FF,FF
1298050,133048,0x18FEF200,1,8,0E,00,00,FB,00,00,00,FF
1298052,133049,0x1CEB1700,1,8,02,35,37,41,20,20,2A,46
1298056,133050,0x1CEB1700,1,8,03,30,30,48,4D,30,30,31
1298057,133051,0xCF00400,1,8,FF,FF,FF,C6,3E,FF,FF,FF
1298058,133052,0xCFF6600,1,8,D8,07,FF,FF,FF,FF,FF,FF
1298060,133053,0x1CEB1700,1,8,04,35,30,2A,30,30,30,33
1298064,133054,0x1CEB1700,1,8,05,35,30,33,35,38,34,32
1298068,133055,0x1CEB1700,1,8,06,33,2A,34,58,41,4D,48
1298072,133056,0x1CEB1700,1,8,07,35,37,41,34,45,41,31
1298076,133057,0x1CEB1700,1,8,08,32,39,35,35,32,2A,20
1298077,133058,0xCF00400,1,8,FF,FF,FF,C6,3E,FF,FF,FF
1298078,133059,0xCFF6600,1,8,D8,07,FF,FF,FF,FF,FF,FF
1298080,133060,0x1CEB1700,1,8,09,20,20,34,30,31,32,38
1298084,133061,0x1CEB1700,1,8,0A,33,38,2A,34,30,31,35
1298088,133062,0x1CEB1700,1,8,0B,31,34,35,00,2A,56,4D
1298092,133063,0x1CEB1700,1,8,0C,41,33,41,30,41,35,47
1298096,133064,0x1CEB1700,1,8,0D,30,2A,31,30,33,37,35
1298097,133065,0xCF00400,1,8,FF,FF,FF,EA,3E,FF,FF,FF
1298098,133066,0xCFF6600,1,8,DD,07,FF,FF,FF,FF,FF,FF
1298100,133067,0x1CEB1700,1,8,0E,34,35,34,39,30,2A,34
1298104,133068,0x1CEB1700,1,8,0F,30,31,35,31,34,36,00
1298108,133069,0x1CEB1700,1,8,10,2A,39,44,46,42,37,31
1298112,133070,0x1CEB1700,1,8,11,44,42,2A,FF,FF,FF,FF
1298118,133071,0xCF00400,1,8,FF,FF,FF,DC,3E,FF,FF,FF
1298118,133072,0xCFF6600,1,8,DB,07,FF,FF,FF,FF,FF,FF
1298122,133073,0x1CEC0017,1,8,13,77,00,11,FF,DA,FE,00
1298128,133074,0x1CEC1700,1,8,FF,FE,FF,FF,FF,DA,FE,00
1298137,133075,0xCF00400,1,8,FF,FF,FF,DC,3E,FF,FF,FF
1298138,133076,0xCFF6600,1,8,DB,07,FF,FF,FF,FF,FF,FF
1298148,133077,0x18FEF100,1,8,3F,00,00,FF,FF,FF,FF,FF
1298149,133078,0x10FF6500,1,8,FC,FF,FF,FF,FF,FF,FF,FF
1298149,133079,0x18F00500,1,8,FF,FF,FF,FF,20,2D,FF,FF
1298150,133080,0x18FEF200,1,8,0E,00,00,FB,00,00,00,FF
1298157,133081,0xCF00400,1,8,FF,FF,FF,A8,3E,FF,FF,FF
1298158,133082,0xCFF6600,1,8,D5,07,FF,FF,FF,FF,FF,FF
1298177,133083,0xCF00400,1,8,FF,FF,FF,56,3F,FF,FF,FF
1298178,133084,0xCFF6600,1,8,EA,07,FF,FF,FF,FF,FF,FF
1298198,133085,0xCF00400,1,8,FF,FF,FF,56,3F,FF,FF,FF
1298198,133086,0xCFF6600,1,8,EA,07,FF,FF,FF,FF,FF,FF
1298218,133087,0xCF00400,1,8,FF,FF,FF,CE,40,FF,FF,FF
1298218,133088,0xCFF6600,1,8,19,08,FF,FF,FF,FF,FF,FF
1298237,133089,0xCF00400,1,8,FF,FF,FF,2E,42,FF,FF,FF
1298238,133090,0xCFF6600,1,8,45,08,FF,FF,FF,FF,FF,FF
1298248,133091,0x18FEF100,1,8,3F,00,00,FF,FF,FF,FF,FF
1298249,133092,0x18F00500,1,8,FF,FF,FF,FF,20,2D,FF,FF
1298249,133093,0x18FEF200,1,8,0E,00,00,FB,00,00,00,FF
1298257,133094,0xCF00400,1,8,FF,FF,FF,2E,42,FF,FF,FF
1298258,133095,0xCFF6600,1,8,45,08,FF,FF,FF,FF,FF,FF
1298278,133096,0xCF00400,1,8,FF,FF,FF,84,43,FF,FF,FF
1298278,133097,0xCFF6600,1,8,70,08,FF,FF,FF,FF,FF,FF
1298298,133098,0xCF00400,1,8,FF,FF,FF,FC,43,FF,FF,FF
1298298,133099,0xCFF6600,1,8,7F,08,FF,FF,FF,FF,FF,FF
1298317,133100,0xCF00400,1,8,FF,FF,FF,AE,43,FF,FF,FF
1298318,133101,0xCFF6600,1,8,75,08,FF,FF,FF,FF,FF,FF
1298337,133102,0xCF00400,1,8,FF,FF,FF,AE,43,FF,FF,FF
1298338,133103,0xCFF6600,1,8,75,08,FF,FF,FF,FF,FF,FF
1298348,133104,0x18FEF100,1,8,3F,00,00,FF,FF,FF,FF,FF
1298349,133105,0x10FF6500,1,8,FC,FF,FF,FF,FF,FF,FF,FF
1298349,133106,0x18F00500,1,8,FF,FF,FF,FF,20,2D,FF,FF
1298350,133107,0x18FEF200,1,8,0E,00,00,FB,00,00,00,FF
1298358,133108,0xCF00400,1,8,FF,FF,FF,CC,43,FF,FF,FF
1298358,133109,0xCFF6600,1,8,79,08,FF,FF,FF,FF,FF,FF
1298377,133110,0xCF00400,1,8,FF,FF,FF,52,44,FF,FF,FF
1298378,133111,0xCFF6600,1,8,8A,08,FF,FF,FF,FF,FF,FF
1298398,133112,0xCF00400,1,8,FF,FF,FF,9A,44,FF,FF,FF
1298398,133113,0xCFF6600,1,8,93,08,FF,FF,FF,FF,FF,FF
1298417,133114,0xCF00400,1,8,FF,FF,FF,9A,44,FF,FF,FF
1298418,133115,0xCFF6600,1,8,93,08,FF,FF,FF,FF,FF,FF
1298438,133116,0xCF00400,1,8,FF,FF,FF,B0,44,FF,FF,FF
1298438,133117,0xCFF6600,1,8,96,08,FF,FF,FF,FF,FF,FF
1298448,133118,0x18FEF100,1,8,3F,00,00,FF,FF,FF,FF,FF
1298449,133119,0x18F00500,1,8,FF,FF,FF,FF,20,2D,FF,FF
1298449,133120,0x18F00600,1,8,FF,FF,FF,FF,FF,FF,FF,FF
1298450,133121,0x18FEF200,1,8,0E,00,00,FB,00,00,00,FF
1298451,133122,0x1CFDDF00,1,8,FE,FF,FF,FF,FF,FF,FF,FF
1298451,133123,0x1CFF6A00,1,8,FC,FF,FF,FF,FF,FF,FF,FF
1298457,133124,0xCF00400,1,8,FF,FF,FF,04,45,FF,FF,FF
1298458,133125,0xCFF6600,1,8,A0,08,FF,FF,FF,FF,FF,FF
1298478,133126,0xCF00400,1,8,FF,FF,FF,90,45,FF,FF,FF
1298479,133127,0xCFF6600,1,8,B2,08,FF,FF,FF,FF,FF,FF
1298497,133128,0xCF00400,1,8,FF,FF,FF,90,45,FF,FF,FF
1298498,133129,0xCFF6600,1,8,B2,08,FF,FF,FF,FF,FF,FF
1298518,133130,0xCF00400,1,8,FF,FF,FF,FC,45,FF,FF,FF
1298518,133131,0xCFF6600,1,8,BF,08,FF,FF,FF,FF,FF,FF
1298522,133132,0x18EA0017,1,3,6B,FF,00,--,--,--,--,--
1298537,133133,0xCF00400,1,8,FF,FF,FF,4A,46,FF,FF,FF
1298538,133134,0xCFF6600,1,8,C9,08,FF,FF,FF,FF,FF,FF
1298546,133135,0x18E81700,1,8,01,FF,FF,FF,FF,6B,FF,00
1298548,133136,0x18FEF100,1,8,3F,00,00,FF,FF,FF,FF,FF
1298549,133137,0x10FF6500,1,8,FC,FF,FF,FF,FF,FF,FF,FF
1298549,133138,0x18F00500,1,8,FF,FF,FF,FF,20,2D,FF,FF
1298550,133139,0x18FEF200,1,8,0E,00,00,FB,00,00,00,FF
1298558,133140,0xCF00400,1,8,FF,FF,FF,A6,46,FF,FF,FF
1298558,133141,0xCFF6600,1,8,D4,08,FF,FF,FF,FF,FF,FF
1298577,133142,0xCF00400,1,8,FF,FF,FF,A6,46,FF,FF,FF
1298578,133143,0xCFF6600,1,8,D4,08,FF,FF,FF,FF,FF,FF
1298598,133144,0xCF00400,1,8,FF,FF,FF,12,47,FF,FF,FF
1298598,133145,0xCFF6600,1,8,E2,08,FF,FF,FF,FF,FF,FF
1298607,133146,0x18FEEE00,1,8,64,FF,FF,FF,FF,FF,FF,FF
1298608,133147,0x18FDE500,1,8,0A,14,1E,28,32,3C,46,13
1298617,133148,0xCF00400,1,8,FF,FF,FF,6C,47,FF,FF,FF
1298618,133149,0xCFF6600,1,8,ED,08,FF,FF,FF,FF,FF,FF
1298627,133150,0x1CECFF00,1,8,20,0A,00,02,FF,CA,FE,00
1298638,133151,0xCF00400,1,8,FF,FF,FF,B6,47,FF,FF,FF
1298638,133152,0xCFF6600,1,8,F6,08,FF,FF,FF,FF,FF,FF
1298649,133153,0x18FEF100,1,8,3F,00,00,FF,FF,FF,FF,FF
1298649,133154,0x18F00500,1,8,FF,FF,FF,FF,20,2D,FF,FF
1298650,133155,0x18FEF200,1,8,18,00,00,FB,00,00,00,FF
1298658,133156,0xCF00400,1,8,FF,FF,FF,B6,47,FF,FF,FF
1298658,133157,0xCFF6600,1,8,F6,08,FF,FF,FF,FF,FF,FF
1298677,133158,0xCF00400,1,8,FF,FF,FF,CA,47,FF,FF,FF
1298678,133159,0xCFF6600,1,8,F9,08,FF,FF,FF,FF,FF,FF
1298679,133160,0x1CEBFF00,1,8,01,40,FF,0F,F0,E5,01,02
1298697,133161,0xCF00400,1,8,FF,FF,FF,B0,47,FF,FF,FF
1298698,133162,0xCFF6600,1,8,F6,08,FF,FF,FF,FF,FF,FF
1298717,133163,0xCF00400,1,8,FF,FF,FF,C4,47,FF,FF,FF
1298718,133164,0xCFF6600,1,8,F8,08,FF,FF,FF,FF,FF,FF
1298727,133165,0x1CEBFF00,1,8,02,F0,E3,01,FF,FF,FF,FF
1298738,133166,0xCF00400,1,8,FF,FF,FF,C4,47,FF,FF,FF
1298738,133167,0xCFF6600,1,8,F8,08,FF,FF,FF,FF,FF,FF
1298748,133168,0x18FEF100,1,8,3F,00,00,FF,FF,FF,FF,FF
1298749,133169,0x10FF6500,1,8,FC,FF,FF,FF,FF,FF,FF,FF
1298749,133170,0x18F00500,1,8,FF,FF,FF,FF,20,2D,FF,FF
1298750,133171,0x18FEF200,1,8,18,00,00,FB,00,00,00,FF
1298757,133172,0xCF00400,1,8,FF,FF,FF,04,48,FF,FF,FF
1298758,133173,0xCFF6600,1,8,00,09,FF,FF,FF,FF,FF,FF
1298777,133174,0xCF00400,1,8,FF,FF,FF,64,48,FF,FF,FF
1298778,133175,0xCFF6600,1,8,0C,09,FF,FF,FF,FF,FF,FF
1298798,133176,0xCF00400,1,8,FF,FF,FF,E4,48,FF,FF,FF
1298798,133177,0xCFF6600,1,8,1C,09,FF,FF,FF,FF,FF,FF
1298818,133178,0xCF00400,1,8,FF,FF,FF,D4,48,FF,FF,FF
1298819,133179,0xCFF6600,1,8,1A,09,FF,FF,FF,FF,FF,FF
1298837,133180,0xCF00400,1,8,FF,FF,FF,D4,48,FF,FF,FF
1298838,133181,0xCFF6600,1,8,1A,09,FF,FF,FF,FF,FF,FF
1298848,133182,0x18FEF100,1,8,3F,00,00,FF,FF,FF,FF,FF
1298849,133183,0x18F00500,1,8,FF,FF,FF,FF,20,2D,FF,FF
1298850,133184,0x18FEF200,1,8,18,00,00,FB,00,00,00,FF
1298857,133185,0xCF00400,1,8,FF,FF,FF,3C,48,FF,FF,FF
1298858,133186,0xCFF6600,1,8,07,09,FF,FF,FF,FF,FF,FF
1298877,133187,0xCF00400,1,8,FF,FF,FF,30,48,FF,FF,FF
1298878,133188,0xCFF6600,1,8,06,09,FF,FF,FF,FF,FF,FF
1298898,133189,0xCF00400,1,8,FF,FF,FF,A6,48,FF,FF,FF
1298898,133190,0xCFF6600,1,8,14,09,FF,FF,FF,FF,FF,FF
1298917,133191,0xCF00400,1,8,FF,FF,FF,A6,48,FF,FF,FF
1298918,133192,0xCFF6600,1,8,14,09,FF,FF,FF,FF,FF,FF
1298937,133193,0xCF00400,1,8,FF,FF,FF,D4,48,FF,FF,FF
1298938,133194,0xCFF6600,1,8,1A,09,FF,FF,FF,FF,FF,FF
1298948,133195,0x18FEF100,1,8,3F,00,00,FF,FF,FF,FF,FF
1298949,133196,0x10FF6500,1,8,FC,FF,FF,FF,FF,FF,FF,FF
1298949,133197,0x18F00500,1,8,FF,FF,FF,FF,20,2D,FF,FF
1298950,133198,0x18F00600,1,8,FF,FF,FF,FF,FF,FF,FF,FF
1298951,133199,0x18FEF200,1,8,18,00,00,FB,00,00,00,FF
1298951,133200,0x1CFDDF00,1,8,FE,FF,FF,FF,FF,FF,FF,FF
1298952,133201,0x1CFF6A00,1,8,FC,FF,FF,FF,FF,FF,FF,FF
1298957,133202,0xCF00400,1,8,FF,FF,FF,C4,48,FF,FF,FF
1298958,133203,0xCFF6600,1,8,18,09,FF,FF,FF,FF,FF,FF
1298977,133204,0xCF00400,1,8,FF,FF,FF,A0,48,FF,FF,FF
1298978,133205,0xCFF6600,1,8,14,09,FF,FF,FF,FF,FF,FF
1298997,133206,0xCF00400,1,8,FF,FF,FF,A0,48,FF,FF,FF
1298998,133207,0xCFF6600,1,8,14,09,FF,FF,FF,FF,FF,FF
1299017,133208,0xCF00400,1,8,FF,FF,FF,6C,48,FF,FF,FF
1299018,133209,0xCFF6600,1,8,0D,09,FF,FF,FF,FF,FF,FF
1299022,133210,0x18EA0017,1,3,6B,FF,00,--,--,--,--,--
1299038,133211,0xCF00400,1,8,FF,FF,FF,68,48,FF,FF,FF
1299038,133212,0xCFF6600,1,8,0D,09,FF,FF,FF,FF,FF,FF
1299047,133213,0x18E81700,1,8,01,FF,FF,FF,FF,6B,FF,00
1299048,133214,0x18FEF100,1,8,3F,00,00,FF,FF,FF,FF,FF
1299049,133215,0x18F00500,1,8,FF,FF,FF,FF,20,2D,FF,FF
1299049,133216,0x18FEF200,1,8,18,00,00,FB,00,00,00,FF
1299057,133217,0xCF00400,1,8,FF,FF,FF,96,48,FF,FF,FF
1299058,133218,0xCFF6600,1,8,12,09,FF,FF,FF,FF,FF,FF
1299077,133219,0xCF00400,1,8,FF,FF,FF,6E,48,FF,FF,FF
1299078,133220,0xCFF6600,1,8,0D,09,FF,FF,FF,FF,FF,FF
1299098,133221,0xCF00400,1,8,FF,FF,FF,6E,48,FF,FF,FF
1299098,133222,0xCFF6600,1,8,0D,09,FF,FF,FF,FF,FF,FF
1299117,133223,0xCF00400,1,8,FF,FF,FF,D4,47,FF,FF,FF
1299118,133224,0xCFF6600,1,8,FA,08,FF,FF,FF,FF,FF,FF
1299137,133225,0xCF00400,1,8,FF,FF,FF,FE,47,FF,FF,FF
1299138,133226,0xCFF6600,1,8,FF,08,FF,FF,FF,FF,FF,FF
1299148,133227,0x18FEF100,1,8,3F,00,00,FF,FF,FF,FF,FF
1299149,133228,0x10FF6500,1,8,FC,FF,FF,FF,FF,FF,FF,FF
1299149,133229,0x18F00500,1,8,FF,FF,FF,FF,20,2D,FF,FF
1299150,133230,0x18FEF200,1,8,18,00,00,FB,00,00,00,FF
1299158,133231,0xCF00400,1,8,FF,FF,FF,F6,48,FF,FF,FF
1299158,133232,0xCFF6600,1,8,1E,09,FF,FF,FF,FF,FF,FF
1299177,133233,0xCF00400,1,8,FF,FF,FF,F6,48,FF,FF,FF
1299178,133234,0xCFF6600,1,8,1E,09,FF,FF,FF,FF,FF,FF
1299197,133235,0xCF00400,1,8,FF,FF,FF,9A,49,FF,FF,FF
1299198,133236,0xCFF6600,1,8,33,09,FF,FF,FF,FF,FF,FF
1299218,133237,0xCF00400,1,8,FF,FF,FF,C2,49,FF,FF,FF
1299218,133238,0xCFF6600,1,8,38,09,FF,FF,FF,FF,FF,FF
1299237,133239,0xCF00400,1,8,FF,FF,FF,7A,49,FF,FF,FF
1299238,133240,0xCFF6600,1,8,2F,09,FF,FF,FF,FF,FF,FF
1299248,133241,0x18FEF100,1,8,3F,00,00,FF,FF,FF,FF,FF
1299249,133242,0x18F00500,1,8,FF,FF,FF,FF,20,2D,FF,FF
1299249,133243,0x18FEF200,1,8,18,00,00,FB,00,00,00,FF
1299258,133244,0xCF00400,1,8,FF,FF,FF,E0,48,FF,FF,FF
1299258,133245,0xCFF6600,1,8,1C,09,FF,FF,FF,FF,FF,FF
1299277,133246,0xCF00400,1,8,FF,FF,FF,E0,48,FF,FF,FF
1299278,133247,0xCFF6600,1,8,1C,09,FF,FF,FF,FF,FF,FF
1299297,133248,0xCF00400,1,8,FF,FF,FF,A4,48,FF,FF,FF
1299298,133249,0xCFF6600,1,8,14,09,FF,FF,FF,FF,FF,FF
1299317,133250,0xCF00400,1,8,FF,FF,FF,CC,48,FF,FF,FF
1299318,133251,0xCFF6600,1,8,19,09,FF,FF,FF,FF,FF,FF
1299337,133252,0xCF00400,1,8,FF,FF,FF,04,49,FF,FF,FF
1299338,133253,0xCFF6600,1,8,20,09,FF,FF,FF,FF,FF,FF
1299348,133254,0x18FEF100,1,8,3F,00,00,FF,FF,FF,FF,FF
1299349,133255,0x10FF6500,1,8,FC,FF,FF,FF,FF,FF,FF,FF
1299349,133256,0x18F00500,1,8,FF,FF,FF,FF,20,2D,FF,FF
1299350,133257,0x18FEF200,1,8,18,00,00,FB,00,00,00,FF
1299357,133258,0xCF00400,1,8,FF,FF,FF,04,49,FF,FF,FF
1299358,133259,0xCFF6600,1,8,20,09,FF,FF,FF,FF,FF,FF
1299377,133260,0xCF00400,1,8,FF,FF,FF,4E,49,FF,FF,FF
1299378,133261,0xCFF6600,1,8,29,09,FF,FF,FF,FF,FF,FF
1299397,133262,0xCF00400,1,8,FF,FF,FF,68,49,FF,FF,FF
1299398,133263,0xCFF6600,1,8,2D,09,FF,FF,FF,FF,FF,FF
1299417,133264,0xCF00400,1,8,FF,FF,FF,52,49,FF,FF,FF
1299418,133265,0xCFF6600,1,8,2A,09,FF,FF,FF,FF,FF,FF
1299437,133266,0xCF00400,1,8,FF,FF,FF,48,49,FF,FF,FF
1299438,133267,0xCFF6600,1,8,29,09,FF,FF,FF,FF,FF,FF
1299449,133268,0x18FEF100,1,8,3F,00,00,FF,FF,FF,FF,FF
1299449,133269,0x18F00500,1,8,FF,FF,FF,FF,20,2D,FF,FF
1299450,133270,0x18F00600,1,8,FF,FF,FF,FF,FF,FF,FF,FF
1299450,133271,0x18FEF200,1,8,18,00,00,FB,00,00,00,FF
1299451,133272,0x1CFDDF00,1,8,FE,FF,FF,FF,FF,FF,FF,FF
1299452,133273,0x1CFF6A00,1,8,FC,FF,FF,FF,FF,FF,FF,FF
1299458,133274,0xCF00400,1,8,FF,FF,FF,48,49,FF,FF,FF
1299458,133275,0xCFF6600,1,8,29,09,FF,FF,FF,FF,FF,FF
1299477,133276,0xCF00400,1,8,FF,FF,FF,32,49,FF,FF,FF
1299478,133277,0xCFF6600,1,8,26,09,FF,FF,FF,FF,FF,FF
1299497,133278,0xCF00400,1,8,FF,FF,FF,E2,48,FF,FF,FF
1299498,133279,0xCFF6600,1,8,1C,09,FF,FF,FF,FF,FF,FF
1299518,133280,0xCF00400,1,8,FF,FF,FF,82,48,FF,FF,FF
1299518,133281,0xCFF6600,1,8,10,09,FF,FF,FF,FF,FF,FF
1299522,133282,0x18EA0017,1,3,6B,FF,00,--,--,--,--,--
1299537,133283,0xCF00400,1,8,FF,FF,FF,82,48,FF,FF,FF
1299538,133284,0xCFF6600,1,8,10,09,FF,FF,FF,FF,FF,FF
1299546,133285,0x18E81700,1,8,01,FF,FF,FF,FF,6B,FF,00
1299548,133286,0x18FEF100,1,8,3F,00,00,FF,FF,FF,FF,FF
1299549,133287,0x10FF6500,1,8,FC,FF,FF,FF,FF,FF,FF,FF
1299549,133288,0x18F00500,1,8,FF,FF,FF,FF,20,2D,FF,FF
1299550,133289,0x18FEF200,1,8,18,00,00,FB,00,00,00,FF
1299557,133290,0xCF00400,1,8,FF,FF,FF,48,48,FF,FF,FF
1299558,133291,0xCFF6600,1,8,09,09,FF,FF,FF,FF,FF,FF
1299578,133292,0xCF00400,1,8,FF,FF,FF,50,48,FF,FF,FF
1299578,133293,0xCFF6600,1,8,0A,09,FF,FF,FF,FF,FF,FF
1299597,133294,0xCF00400,1,8,FF,FF,FF,54,48,FF,FF,FF
1299598,133295,0xCFF6600,1,8,0A,09,FF,FF,FF,FF,FF,FF
1299607,133296,0x18FEEE00,1,8,64,FF,FF,FF,FF,FF,FF,FF
1299608,133297,0x18FDE500,1,8,0A,14,1E,28,32,3C,46,13
1299618,133298,0xCF00400,1,8,FF,FF,FF,34,48,FF,FF,FF
1299618,133299,0xCFF6600,1,8,06,09,FF,FF,FF,FF,FF,FF
1299627,133300,0x1CECFF00,1,8,20,0A,00,02,FF,CA,FE,00
1299637,133301,0xCF00400,1,8,FF,FF,FF,34,48,FF,FF,FF
1299638,133302,0xCFF6600,1,8,06,09,FF,FF,FF,FF,FF,FF
1299649,133303,0x18FEF100,1,8,3F,00,00,FF,FF,FF,FF,FF
1299649,133304,0x18F00500,1,8,FF,FF,FF,FF,20,2D,FF,FF
1299650,133305,0x18FEF200,1,8,1C,00,00,FB,00,00,00,FF
1299657,133306,0xCF00400,1,8,FF,FF,FF,40,48,FF,FF,FF
1299658,133307,0xCFF6600,1,8,08,09,FF,FF,FF,FF,FF,FF
1299677,133308,0xCF00400,1,8,FF,FF,FF,86,48,FF,FF,FF
1299678,133309,0xCFF6600,1,8,10,09,FF,FF,FF,FF,FF,FF
1299679,133310,0x1CEBFF00,1,8,01,40,FF,0F,F0,E5,01,02
1299697,133311,0xCF00400,1,8,FF,FF,FF,34,48,FF,FF,FF
1299698,133312,0xCFF6600,1,8,06,09,FF,FF,FF,FF,FF,FF
1299717,133313,0xCF00400,1,8,FF,FF,FF,34,48,FF,FF,FF
1299718,133314,0xCFF6600,1,8,06,09,FF,FF,FF,FF,FF,FF
1299727,133315,0x1CEBFF00,1,8,02,F0,E3,01,FF,FF,FF,FF
1299737,133316,0xCF00400,1,8,FF,FF,FF,4A,47,FF,FF,FF
1299738,133317,0xCFF6600,1,8,E9,08,FF,FF,FF,FF,FF,FF
1299749,133318,0x18FEF100,1,8,3F,00,00,FF,FF,FF,FF,FF
1299749,133319,0x10FF6500,1,8,FC,FF,FF,FF,FF,FF,FF,FF
1299750,133320,0x18F00500,1,8,FF,FF,FF,FF,20,2D,FF,FF
1299751,133321,0x18FEF200,1,8,1C,00,00,FB,00,00,00,FF
1299777,133322,0xCF00400,1,8,FF,FF,FF,B2,46,FF,FF,FF
1299778,133323,0xCFF6600,1,8,D6,08,FF,FF,FF,FF,FF,FF
1299797,133324,0xCF00400,1,8,FF,FF,FF,62,46,FF,FF,FF
1299798,133325,0xCFF6600,1,8,CC,08,FF,FF,FF,FF,FF,FF
1299817,133326,0xCF00400,1,8,FF,FF,FF,6A,46,FF,FF,FF
1299818,133327,0xCFF6600,1,8,CD,08,FF,FF,FF,FF,FF,FF
1299837,133328,0xCF00400,1,8,FF,FF,FF,BC,46,FF,FF,FF
1299838,133329,0xCFF6600,1,8,D7,08,FF,FF,FF,FF,FF,FF
1299848,133330,0x18FEF100,1,8,3F,00,00,FF,FF,FF,FF,FF
1299849,133331,0x18F00500,1,8,FF,FF,FF,FF,20,2D,FF,FF
1299849,133332,0x18FEF200,1,8,1C,00,00,FB,00,00,00,FF
1299857,133333,0xCF00400,1,8,FF,FF,FF,0E,47,FF,FF,FF
1299858,133334,0xCFF6600,1,8,E1,08,FF,FF,FF,FF,FF,FF
1299877,133335,0xCF00400,1,8,FF,FF,FF,0E,47,FF,FF,FF
1299878,133336,0xCFF6600,1,8,E1,08,FF,FF,FF,FF,FF,FF
1299897,133337,0xCF00400,1,8,FF,FF,FF,6A,47,FF,FF,FF
1299898,133338,0xCFF6600,1,8,ED,08,FF,FF,FF,FF,FF,FF
1299917,133339,0xCF00400,1,8,FF,FF,FF,96,47,FF,FF,FF
1299918,133340,0xCFF6600,1,8,F2,08,FF,FF,FF,FF,FF,FF
1299938,133341,0xCF00400,1,8,FF,FF,FF,9C,47,FF,FF,FF
1299938,133342,0xCFF6600,1,8,F3,08,FF,FF,FF,FF,FF,FF
1299948,133343,0x18FEF100,1,8,3F,00,00,FF,FF,FF,FF,FF
1299949,133344,0x10FF6500,1,8,FC,FF,FF,FF,FF,FF,FF,FF
1299949,133345,0x18F00500,1,8,FF,FF,FF,FF,20,2D,FF,FF
1299950,133346,0x18F00600,1,8,FF,FF,FF,FF,FF,FF,FF,FF
1299951,133347,0x18FEF200,1,8,1C,00,00,FB,00,00,00,FF
1299951,133348,0x1CFDDF00,1,8,FE,FF,FF,FF,FF,FF,FF,FF
1299952,133349,0x1CFF6A00,1,8,FC,FF,FF,FF,FF,FF,FF,FF
1299957,133350,0xCF00400,1,8,FF,FF,FF,9C,47,FF,FF,FF
1299958,133351,0xCFF6600,1,8,F3,08,FF,FF,FF,FF,FF,FF
1299977,133352,0xCF00400,1,8,FF,FF,FF,38,47,FF,FF,FF
1299978,133353,0xCFF6600,1,8,E7,08,FF,FF,FF,FF,FF,FF
1299997,133354,0xCF00400,1,8,FF,FF,FF,72,46,FF,FF,FF
1299998,133355,0xCFF6600,1,8,CE,08,FF,FF,FF,FF,FF,FF
1300017,133356,0xCF00400,1,8,FF,FF,FF,46,46,FF,FF,FF
1300018,133357,0xCFF6600,1,8,C8,08,FF,FF,FF,FF,FF,FF
1300038,133358,0xCF00400,1,8,FF,FF,FF,A0,46,FF,FF,FF
1300039,133359,0xCFF6600,1,8,D4,08,FF,FF,FF,FF,FF,FF
1300048,133360,0x18FEF100,1,8,3F,00,00,FF,FF,FF,FF,FF
1300049,133361,0x18F00500,1,8,FF,FF,FF,FF,20,2D,FF,FF
1300050,133362,0x18FEF200,1,8,1C,00,00,FB,00,00,00,FF
1300057,133363,0xCF00400,1,8,FF,FF,FF,A0,46,FF,FF,FF
1300058,133364,0xCFF6600,1,8,D4,08,FF,FF,FF,FF,FF,FF
1300078,133365,0xCF00400,1,8,FF,FF,FF,08,47,FF,FF,FF
1300078,133366,0xCFF6600,1,8,E1,08,FF,FF,FF,FF,FF,FF
1300097,133367,0xCF00400,1,8,FF,FF,FF,74,47,FF,FF,FF
1300098,133368,0xCFF6600,1,8,EE,08,FF,FF,FF,FF,FF,FF
1300118,133369,0xCF00400,1,8,FF,FF,FF,68,47,FF,FF,FF
1300119,133370,0xCFF6600,1,8,ED,08,FF,FF,FF,FF,FF,FF
1300137,133371,0xCF00400,1,8,FF,FF,FF,68,47,FF,FF,FF
1300138,133372,0xCFF6600,1,8,ED,08,FF,FF,FF,FF,FF,FF
1300148,133373,0x18FEF100,1,8,3F,00,00,FF,FF,FF,FF,FF
1300149,133374,0x10FF6500,1,8,FC,FF,FF,FF,FF,FF,FF,FF
1300149,133375,0x18F00500,1,8,FF,FF,FF,FF,20,2D,FF,FF
1300150,133376,0x18FEF200,1,8,1C,00,00,FB,00,00,00,FF
1300158,133377,0xCF00400,1,8,FF,FF,FF,F8,46,FF,FF,FF
1300158,133378,0xCFF6600,1,8,DF,08,FF,FF,FF,FF,FF,FF
1300178,133379,0xCF00400,1,8,FF,FF,FF,C4,46,FF,FF,FF
1300178,133380,0xCFF6600,1,8,D8,08,FF,FF,FF,FF,FF,FF
1300198,133381,0xCF00400,1,8,FF,FF,FF,CA,46,FF,FF,FF
1300198,133382,0xCFF6600,1,8,D9,08,FF,FF,FF,FF,FF,FF
1300217,133383,0xCF00400,1,8,FF,FF,FF,CA,46,FF,FF,FF
1300218,133384,0xCFF6600,1,8,D9,08,FF,FF,FF,FF,FF,FF
1300237,133385,0xCF00400,1,8,FF,FF,FF,D4,46,FF,FF,FF
1300238,133386,0xCFF6600,1,8,DA,08,FF,FF,FF,FF,FF,FF
1300249,133387,0x18FEF100,1,8,3F,00,00,FF,FF,FF,FF,FF
1300249,133388,0x18F00500,1,8,FF,FF,FF,FF,20,2D,FF,FF
1300250,133389,0x18FEF200,1,8,1C,00,00,FB,00,00,00,FF
1300257,133390,0xCF00400,1,8,FF,FF,FF,E4,46,FF,FF,FF
1300258,133391,0xCFF6600,1,8,DC,08,FF,FF,FF,FF,FF,FF
1300278,133392,0xCF00400,1,8,FF,FF,FF,1A,47,FF,FF,FF
1300278,133393,0xCFF6600,1,8,E3,08,FF,FF,FF,FF,FF,FF
1300298,133394,0xCF00400,1,8,FF,FF,FF,1A,47,FF,FF,FF
1300298,133395,0xCFF6600,1,8,E3,08,FF,FF,FF,FF,FF,FF
1300317,133396,0xCF00400,1,8,FF,FF,FF,6E,47,FF,FF,FF
1300318,133397,0xCFF6600,1,8,ED,08,FF,FF,FF,FF,FF,FF
1300337,133398,0xCF00400,1,8,FF,FF,FF,66,47,FF,FF,FF
1300338,133399,0xCFF6600,1,8,EC,08,FF,FF,FF,FF,FF,FF
1300348,133400,0x18FEF100,1,8,3F,00,00,FF,FF,FF,FF,FF
1300349,133401,0x10FF6500,1,8,FC,FF,FF,FF,FF,FF,FF,FF
1300349,133402,0x18F00500,1,8,FF,FF,FF,FF,20,2D,FF,FF
1300350,133403,0x18FEF200,1,8,1C,00,00,FB,00,00,00,FF
1300357,133404,0xCF00400,1,8,FF,FF,FF,14,47,FF,FF,FF
1300358,133405,0xCFF6600,1,8,E2,08,FF,FF,FF,FF,FF,FF
1300377,133406,0xCF00400,1,8,FF,FF,FF,14,47,FF,FF,FF
1300378,133407,0xCFF6600,1,8,E2,08,FF,FF,FF,FF,FF,FF
1300397,133408,0xCF00400,1,8,FF,FF,FF,16,47,FF,FF,FF
1300398,133409,0xCFF6600,1,8,E2,08,FF,FF,FF,FF,FF,FF
1300417,133410,0xCF00400,1,8,FF,FF,FF,60,47,FF,FF,FF
1300418,133411,0xCFF6600,1,8,EC,08,FF,FF,FF,FF,FF,FF
1300437,133412,0xCF00400,1,8,FF,FF,FF,40,47,FF,FF,FF
1300438,133413,0xCFF6600,1,8,E8,08,FF,FF,FF,FF,FF,FF
1300448,133414,0x18FEF100,1,8,3F,00,00,FF,FF,FF,FF,FF
1300449,133415,0x18F00500,1,8,FF,FF,FF,FF,20,2D,FF,FF
1300450,133416,0x18F00600,1,8,FF,FF,FF,FF,FF,FF,FF,FF
1300450,133417,0x18FEF200,1,8,1C,00,00,FB,00,00,00,FF
1300451,133418,0x1CFDDF00,1,8,FE,FF,FF,FF,FF,FF,FF,FF
1300452,133419,0x1CFF6A00,1,8,FC,FF,FF,FF,FF,FF,FF,FF
1300458,133420,0xCF00400,1,8,FF,FF,FF,40,47,FF,FF,FF
1300458,133421,0xCFF6600,1,8,E8,08,FF,FF,FF,FF,FF,FF
1300478,133422,0xCF00400,1,8,FF,FF,FF,BE,46,FF,FF,FF
1300478,133423,0xCFF6600,1,8,D7,08,FF,FF,FF,FF,FF,FF
1300497,133424,0xCF00400,1,8,FF,FF,FF,60,46,FF,FF,FF
1300498,133425,0xCFF6600,1,8,CC,08,FF,FF,FF,FF,FF,FF
1300518,133426,0xCF00400,1,8,FF,FF,FF,2E,46,FF,FF,FF
1300518,133427,0xCFF6600,1,8,C5,08,FF,FF,FF,FF,FF,FF
1300538,133428,0xCF00400,1,8,FF,FF,FF,2E,46,FF,FF,FF
1300538,133429,0xCFF6600,1,8,C5,08,FF,FF,FF,FF,FF,FF
1300548,133430,0x18FEF100,1,8,3F,00,00,FF,FF,FF,FF,FF
1300549,133431,0x10FF6500,1,8,FC,FF,FF,FF,FF,FF,FF,FF
1300549,133432,0x18F00500,1,8,FF,FF,FF,FF,20,2D,FF,FF
1300550,133433,0x18FEF200,1,8,1C,00,00,FB,00,00,00,FF
1300557,133434,0xCF00400,1,8,FF,FF,FF,28,46,FF,FF,FF
1300558,133435,0xCFF6600,1,8,C5,08,FF,FF,FF,FF,FF,FF
1300577,133436,0xCF00400,1,8,FF,FF,FF,4E,46,FF,FF,FF
1300578,133437,0xCFF6600,1,8,C9,08,FF,FF,FF,FF,FF,FF
1300597,133438,0xCF00400,1,8,FF,FF,FF,5A,46,FF,FF,FF
1300598,133439,0xCFF6600,1,8,CB,08,FF,FF,FF,FF,FF,FF
1300607,133440,0x18FEEE00,1,8,64,FF,FF,FF,FF,FF,FF,FF
1300608,133441,0x18FDE500,1,8,0A,14,1E,28,32,3C,46,13
1300618,133442,0xCF00400,1,8,FF,FF,FF,5A,46,FF,FF,FF
1300618,133443,0xCFF6600,1,8,CB,08,FF,FF,FF,FF,FF,FF
1300627,133444,0x1CECFF00,1,8,20,0A,00,02,FF,CA,FE,00
1300637,133445,0xCF00400,1,8,FF,FF,FF,4C,46,FF,FF,FF
1300638,133446,0xCFF6600,1,8,C9,08,FF,FF,FF,FF,FF,FF
1300649,133447,0x18FEF100,1,8,3F,00,00,FF,FF,FF,FF,FF
1300649,133448,0x18F00500,1,8,FF,FF,FF,FF,20,2D,FF,FF
1300650,133449,0x18FEF200,1,8,1C,00,00,FB,00,00,00,FF
1300657,133450,0xCF00400,1,8,FF,FF,FF,8C,46,FF,FF,FF
1300658,133451,0xCFF6600,1,8,D1,08,FF,FF,FF,FF,FF,FF
1300678,133452,0xCF00400,1,8,FF,FF,FF,04,47,FF,FF,FF
1300678,133453,0xCFF6600,1,8,E0,08,FF,FF,FF,FF,FF,FF
1300679,133454,0x1CEBFF00,1,8,01,40,FF,0F,F0,E5,01,02
1300697,133455,0xCF00400,1,8,FF,FF,FF,04,47,FF,FF,FF
1300698,133456,0xCFF6600,1,8,E0,08,FF,FF,FF,FF,FF,FF
1300717,133457,0xCF00400,1,8,FF,FF,FF,02,47,FF,FF,FF
1300718,133458,0xCFF6600,1,8,E0,08,FF,FF,FF,FF,FF,FF
1300727,133459,0x1CEBFF00,1,8,02,F0,E3,01,FF,FF,FF,FF
1300737,133460,0xCF00400,1,8,FF,FF,FF,96,46,FF,FF,FF
1300738,133461,0xCFF6600,1,8,D2,08,FF,FF,FF,FF,FF,FF
1300748,133462,0x18FEF100,1,8,3F,00,00,FF,FF,FF,FF,FF
1300749,133463,0x10FF6500,1,8,FC,FF,FF,FF,FF,FF,FF,FF
1300749,133464,0x18F00500,1,8,FF,FF,FF,FF,20,2D,FF,FF
1300750,133465,0x18FEF200,1,8,1C,00,00,FB,00,00,00,FF
1300757,133466,0xCF00400,1,8,FF,FF,FF,50,46,FF,FF,FF
1300758,133467,0xCFF6600,1,8,CA,08,FF,FF,FF,FF,FF,FF
1300777,133468,0xCF00400,1,8,FF,FF,FF,50,46,FF,FF,FF
1300778,133469,0xCFF6600,1,8,CA,08,FF,FF,FF,FF,FF,FF
1300797,133470,0xCF00400,1,8,FF,FF,FF,32,46,FF,FF,FF
1300798,133471,0xCFF6600,1,8,C6,08,FF,FF,FF,FF,FF,FF
1300817,133472,0xCF00400,1,8,FF,FF,FF,22,46,FF,FF,FF
1300818,133473,0xCFF6600,1,8,C4,08,FF,FF,FF,FF,FF,FF
1300837,133474,0xCF00400,1,8,FF,FF,FF,18,46,FF,FF,FF
1300838,133475,0xCFF6600,1,8,C3,08,FF,FF,FF,FF,FF,FF
1300849,133476,0x18FEF100,1,8,3F,00,00,FF,FF,FF,FF,FF
1300849,133477,0x18F00500,1,8,FF,FF,FF,FF,20,2D,FF,FF
1300850,133478,0x18FEF200,1,8,1C,00,00,FB,00,00,00,FF
1300857,133479,0xCF00400,1,8,FF,FF,FF,18,46,FF,FF,FF
1300858,133480,0xCFF6600,1,8,C3,08,FF,FF,FF,FF,FF,FF
1300877,133481,0xCF00400,1,8,FF,FF,FF,72,46,FF,FF,FF
1300878,133482,0xCFF6600,1,8,CE,08,FF,FF,FF,FF,FF,FF
1300897,133483,0xCF00400,1,8,FF,FF,FF,14,47,FF,FF,FF
1300898,133484,0xCFF6600,1,8,E2,08,FF,FF,FF,FF,FF,FF
1300917,133485,0xCF00400,1,8,FF,FF,FF,66,47,FF,FF,FF
1300918,133486,0xCFF6600,1,8,EC,08,FF,FF,FF,FF,FF,FF
1300937,133487,0xCF00400,1,8,FF,FF,FF,66,47,FF,FF,FF
1300938,133488,0xCFF6600,1,8,EC,08,FF,FF,FF,FF,FF,FF
1300948,133489,0x18FEF100,1,8,3F,00,00,FF,FF,FF,FF,FF
1300949,133490,0x10FF6500,1,8,FC,FF,FF,FF,FF,FF,FF,FF
1300949,133491,0x18F00500,1,8,FF,FF,FF,FF,20,2D,FF,FF
1300950,133492,0x18F00600,1,8,FF,FF,FF,FF,FF,FF,FF,FF
1300951,133493,0x18FEF200,1,8,1C,00,00,FB,00,00,00,FF
1300951,133494,0x1CFDDF00,1,8,FE,FF,FF,FF,FF,FF,FF,FF
1300952,133495,0x1CFF6A00,1,8,FC,FF,FF,FF,FF,FF,FF,FF
1300957,133496,0xCF00400,1,8,FF,FF,FF,76,47,FF,FF,FF
1300958,133497,0xCFF6600,1,8,EE,08,FF,FF,FF,FF,FF,FF
1300978,133498,0xCF00400,1,8,FF,FF,FF,4C,47,FF,FF,FF
1300978,133499,0xCFF6600,1,8,E9,08,FF,FF,FF,FF,FF,FF
1300998,133500,0xCF00400,1,8,FF,FF,FF,F4,46,FF,FF,FF
1300998,133501,0xCFF6600,1,8,DE,08,FF,FF,FF,FF,FF,FF
1301018,133502,0xCF00400,1,8,FF,FF,FF,84,46,FF,FF,FF
1301019,133503,0xCFF6600,1,8,D0,08,FF,FF,FF,FF,FF,FF
1301038,133504,0xCF00400,1,8,FF,FF,FF,84,46,FF,FF,FF
1301038,133505,0xCFF6600,1,8,D0,08,FF,FF,FF,FF,FF,FF
1301048,133506,0x18FEF100,1,8,3F,00,00,FF,FF,FF,FF,FF
1301049,133507,0x18F00500,1,8,FF,FF,FF,FF,20,2D,FF,FF
1301050,133508,0x18FEF200,1,8,1C,00,00,FB,00,00,00,FF
1301058,133509,0xCF00400,1,8,FF,FF,FF,02,46,FF,FF,FF
1301058,133510,0xCFF6600,1,8,C0,08,FF,FF,FF,FF,FF,FF
1301077,133511,0xCF00400,1,8,FF,FF,FF,9E,45,FF,FF,FF
1301078,133512,0xCFF6600,1,8,B3,08,FF,FF,FF,FF,FF,FF
1301097,133513,0xCF00400,1,8,FF,FF,FF,9E,45,FF,FF,FF
1301098,133514,0xCFF6600,1,8,B3,08,FF,FF,FF,FF,FF,FF
1301117,133515,0xCF00400,1,8,FF,FF,FF,5E,45,FF,FF,FF
1301118,133516,0xCFF6600,1,8,AB,08,FF,FF,FF,FF,FF,FF
1301137,133517,0xCF00400,1,8,FF,FF,FF,72,45,FF,FF,FF
1301138,133518,0xCFF6600,1,8,AE,08,FF,FF,FF,FF,FF,FF
1301148,133519,0x18FEF100,1,8,3F,00,00,FF,FF,FF,FF,FF
1301149,133520,0x10FF6500,1,8,FC,FF,FF,FF,FF,FF,FF,FF
1301149,133521,0x18F00500,1,8,FF,FF,FF,FF,20,2D,FF,FF
1301150,133522,0x18FEF200,1,8,1C,00,00,FB,00,00,00,FF
1301158,133523,0xCF00400,1,8,FF,FF,FF,C4,45,FF,FF,FF
1301158,133524,0xCFF6600,1,8,B8,08,FF,FF,FF,FF,FF,FF
1301177,133525,0xCF00400,1,8,FF,FF,FF,C4,45,FF,FF,FF
1301178,133526,0xCFF6600,1,8,B8,08,FF,FF,FF,FF,FF,FF
1301197,133527,0xCF00400,1,8,FF,FF,FF,26,46,FF,FF,FF
1301198,133528,0xCFF6600,1,8,C4,08,FF,FF,FF,FF,FF,FF
1301217,133529,0xCF00400,1,8,FF,FF,FF,96,46,FF,FF,FF
1301218,133530,0xCFF6600,1,8,D2,08,FF,FF,FF,FF,FF,FF
1301237,133531,0xCF00400,1,8,FF,FF,FF,8E,46,FF,FF,FF
1301238,133532,0xCFF6600,1,8,D1,08,FF,FF,FF,FF,FF,FF
1301248,133533,0x18FEF100,1,8,3F,00,00,FF,FF,FF,FF,FF
1301249,133534,0x18F00500,1,8,FF,FF,FF,FF,20,2D,FF,FF
1301250,133535,0x18FEF200,1,8,1C,00,00,FB,00,00,00,FF
1301257,133536,0xCF00400,1,8,FF,FF,FF,8E,46,FF,FF,FF
1301258,133537,0xCFF6600,1,8,D1,08,FF,FF,FF,FF,FF,FF
1301277,133538,0xCF00400,1,8,FF,FF,FF,28,46,FF,FF,FF
1301278,133539,0xCFF6600,1,8,C5,08,FF,FF,FF,FF,FF,FF
1301297,133540,0xCF00400,1,8,FF,FF,FF,0A,46,FF,FF,FF
1301298,133541,0xCFF6600,1,8,C1,08,FF,FF,FF,FF,FF,FF
1301318,133542,0xCF00400,1,8,FF,FF,FF,28,46,FF,FF,FF
1301318,133543,0xCFF6600,1,8,C5,08,FF,FF,FF,FF,FF,FF
1301337,133544,0xCF00400,1,8,FF,FF,FF,28,46,FF,FF,FF
1301338,133545,0xCFF6600,1,8,C5,08,FF,FF,FF,FF,FF,FF
1301348,133546,0x18FEF100,1,8,3F,00,00,FF,FF,FF,FF,FF
1301349,133547,0x10FF6500,1,8,FC,FF,FF,FF,FF,FF,FF,FF
1301349,133548,0x18F00500,1,8,FF,FF,FF,FF,20,2D,FF,FF
1301350,133549,0x18FEF200,1,8,1C,00,00,FB,00,00,00,FF
1301357,133550,0xCF00400,1,8,FF,FF,FF,7A,46,FF,FF,FF
1301358,133551,0xCFF6600,1,8,CF,08,FF,FF,FF,FF,FF,FF
1301378,133552,0xCF00400,1,8,FF,FF,FF,F0,46,FF,FF,FF
1301378,133553,0xCFF6600,1,8,DE,08,FF,FF,FF,FF,FF,FF
1301397,133554,0xCF00400,1,8,FF,FF,FF,0E,47,FF,FF,FF
1301398,133555,0xCFF6600,1,8,E1,08,FF,FF,FF,FF,FF,FF
1301417,133556,0xCF00400,1,8,FF,FF,FF,0E,47,FF,FF,FF
1301418,133557,0xCFF6600,1,8,E1,08,FF,FF,FF,FF,FF,FF
1301437,133558,0xCF00400,1,8,FF,FF,FF,DC,46,FF,FF,FF
1301438,133559,0xCFF6600,1,8,DB,08,FF,FF,FF,FF,FF,FF
1301448,133560,0x18FEF100,1,8,3F,00,00,FF,FF,FF,FF,FF
1301449,133561,0x18F00500,1,8,FF,FF,FF,FF,20,2D,FF,FF
1301450,133562,0x18F00600,1,8,FF,FF,FF,FF,FF,FF,FF,FF
1301450,133563,0x18FEF200,1,8,1C,00,00,FB,00,00,00,FF
1301451,133564,0x1CFDDF00,1,8,FE,FF,FF,FF,FF,FF,FF,FF
1301451,133565,0x1CFF6A00,1,8,FC,FF,FF,FF,FF,FF,FF,FF
1301458,133566,0xCF00400,1,8,FF,FF,FF,12,47,FF,FF,FF
1301458,133567,0xCFF6600,1,8,E2,08,FF,FF,FF,FF,FF,FF
1301477,133568,0xCF00400,1,8,FF,FF,FF,9C,47,FF,FF,FF
1301478,133569,0xCFF6600,1,8,F3,08,FF,FF,FF,FF,FF,FF
1301498,133570,0xCF00400,1,8,FF,FF,FF,B8,47,FF,FF,FF
1301498,133571,0xCFF6600,1,8,F7,08,FF,FF,FF,FF,FF,FF
1301517,133572,0xCF00400,1,8,FF,FF,FF,B8,47,FF,FF,FF
1301518,133573,0xCFF6600,1,8,F7,08,FF,FF,FF,FF,FF,FF
1301538,133574,0xCF00400,1,8,FF,FF,FF,86,47,FF,FF,FF
1301538,133575,0xCFF6600,1,8,F0,08,FF,FF,FF,FF,FF,FF
1301548,133576,0x18FEF100,1,8,3F,00,00,FF,FF,FF,FF,FF
1301549,133577,0x10FF6500,1,8,FC,FF,FF,FF,FF,FF,FF,FF
1301549,133578,0x18F00500,1,8,FF,FF,FF,FF,20,2D,FF,FF
1301550,133579,0x18FEF200,1,8,1C,00,00,FB,00,00,00,FF
1301557,133580,0xCF00400,1,8,FF,FF,FF,7C,47,FF,FF,FF
1301558,133581,0xCFF6600,1,8,EF,08,FF,FF,FF,FF,FF,FF
1301578,133582,0xCF00400,1,8,FF,FF,FF,94,47,FF,FF,FF
1301578,133583,0xCFF6600,1,8,F2,08,FF,FF,FF,FF,FF,FF
1301597,133584,0xCF00400,1,8,FF,FF,FF,94,47,FF,FF,FF
1301598,133585,0xCFF6600,1,8,F2,08,FF,FF,FF,FF,FF,FF
1301607,133586,0x18FEEE00,1,8,64,FF,FF,FF,FF,FF,FF,FF
1301608,133587,0x18FDE500,1,8,0A,14,1E,28,32,3C,46,13
1301617,133588,0xCF00400,1,8,FF,FF,FF,D2,47,FF,FF,FF
1301618,133589,0xCFF6600,1,8,FA,08,FF,FF,FF,FF,FF,FF
1301628,133590,0x1CECFF00,1,8,20,0A,00,02,FF,CA,FE,00
1301637,133591,0xCF00400,1,8,FF,FF,FF,32,48,FF,FF,FF
1301638,133592,0xCFF6600,1,8,06,09,FF,FF,FF,FF,FF,FF
1301648,133593,0x18FEF100,1,8,3F,00,00,FF,FF,FF,FF,FF
1301649,133594,0x18F00500,1,8,FF,FF,FF,FF,20,2D,FF,FF
1301650,133595,0x18FEF200,1,8,1C,00,00,B4,00,00,00,FF
1301657,133596,0xCF00400,1,8,FF,FF,FF,64,48,FF,FF,FF
1301658,133597,0xCFF6600,1,8,0C,09,FF,FF,FF,FF,FF,FF
1301677,133598,0xCF00400,1,8,FF,FF,FF,64,48,FF,FF,FF
1301678,133599,0xCFF6600,1,8,0C,09,FF,FF,FF,FF,FF,FF
1301679,133600,0x1CEBFF00,1,8,01,40,FF,0F,F0,E5,01,02
1301697,133601,0xCF00400,1,8,FF,FF,FF,6E,48,FF,FF,FF
1301698,133602,0xCFF6600,1,8,0D,09,FF,FF,FF,FF,FF,FF
1301718,133603,0xCF00400,1,8,FF,FF,FF,5A,48,FF,FF,FF
1301718,133604,0xCFF6600,1,8,0B,09,FF,FF,FF,FF,FF,FF
1301727,133605,0x1CEBFF00,1,8,02,F0,E3,01,FF,FF,FF,FF
1301738,133606,0xCF00400,1,8,FF,FF,FF,36,48,FF,FF,FF
1301738,133607,0xCFF6600,1,8,06,09,FF,FF,FF,FF,FF,FF
1301748,133608,0x18FEF100,1,8,3F,00,00,FF,FF,FF,FF,FF
1301749,133609,0x10FF6500,1,8,FC,FF,FF,FF,FF,FF,FF,FF
1301749,133610,0x18F00500,1,8,FF,FF,FF,FF,20,2D,FF,FF
1301750,133611,0x18FEF200,1,8,1C,00,00,B4,00,00,00,FF
1301758,133612,0xCF00400,1,8,FF,FF,FF,16,48,FF,FF,FF
1301759,133613,0xCFF6600,1,8,02,09,FF,FF,FF,FF,FF,FF
1301777,133614,0xCF00400,1,8,FF,FF,FF,16,48,FF,FF,FF
1301778,133615,0xCFF6600,1,8,02,09,FF,FF,FF,FF,FF,FF
1301798,133616,0xCF00400,1,8,FF,FF,FF,F0,47,FF,FF,FF
1301798,133617,0xCFF6600,1,8,FE,08,FF,FF,FF,FF,FF,FF
1301818,133618,0xCF00400,1,8,FF,FF,FF,C2,47,FF,FF,FF
1301818,133619,0xCFF6600,1,8,F8,08,FF,FF,FF,FF,FF,FF
1301838,133620,0xCF00400,1,8,FF,FF,FF,84,47,FF,FF,FF
1301838,133621,0xCFF6600,1,8,F0,08,FF,FF,FF,FF,FF,FF
1301848,133622,0x18FEF100,1,8,3F,00,00,FF,FF,FF,FF,FF
1301849,133623,0x18F00500,1,8,FF,FF,FF,FF,20,2D,FF,FF
1301850,133624,0x18FEF200,1,8,1C,00,00,B4,00,00,00,FF
1301857,133625,0xCF00400,1,8,FF,FF,FF,84,47,FF,FF,FF
1301858,133626,0xCFF6600,1,8,F0,08,FF,FF,FF,FF,FF,FF
1301877,133627,0xCF00400,1,8,FF,FF,FF,4E,47,FF,FF,FF
1301878,133628,0xCFF6600,1,8,E9,08,FF,FF,FF,FF,FF,FF
1301897,133629,0xCF00400,1,8,FF,FF,FF,28,47,FF,FF,FF
1301898,133630,0xCFF6600,1,8,E5,08,FF,FF,FF,FF,FF,FF
1301917,133631,0xCF00400,1,8,FF,FF,FF,F0,46,FF,FF,FF
1301918,133632,0xCFF6600,1,8,DE,08,FF,FF,FF,FF,FF,FF
1301938,133633,0xCF00400,1,8,FF,FF,FF,F0,46,FF,FF,FF
1301938,133634,0xCFF6600,1,8,DE,08,FF,FF,FF,FF,FF,FF
1301948,133635,0x18FEF100,1,8,3F,00,00,FF,FF,FF,FF,FF
1301949,133636,0x10FF6500,1,8,FC,FF,FF,FF,FF,FF,FF,FF
1301949,133637,0x18F00500,1,8,FF,FF,FF,FF,20,2D,FF,FF
1301950,133638,0x18F00600,1,8,FF,FF,FF,FF,FF,FF,FF,FF
1301951,133639,0x18FEF200,1,8,1C,00,00,B4,00,00,00,FF
1301951,133640,0x1CFDDF00,1,8,FE,FF,FF,FF,FF,FF,FF,FF
1301952,133641,0x1CFF6A00,1,8,FC,FF,FF,FF,FF,FF,FF,FF
1301957,133642,0xCF00400,1,8,FF,FF,FF,BA,46,FF,FF,FF
1301958,133643,0xCFF6600,1,8,D7,08,FF,FF,FF,FF,FF,FF
1301978,133644,0xCF00400,1,8,FF,FF,FF,A2,46,FF,FF,FF
1301978,133645,0xCFF6600,1,8,D4,08,FF,FF,FF,FF,FF,FF
1301997,133646,0xCF00400,1,8,FF,FF,FF,A2,46,FF,FF,FF
1301998,133647,0xCFF6600,1,8,D4,08,FF,FF,FF,FF,FF,FF
1302018,133648,0xCF00400,1,8,FF,FF,FF,A2,46,FF,FF,FF
1302018,133649,0xCFF6600,1,8,D4,08,FF,FF,FF,FF,FF,FF
1302037,133650,0xCF00400,1,8,FF,FF,FF,E2,46,FF,FF,FF
1302038,133651,0xCFF6600,1,8,DC,08,FF,FF,FF,FF,FF,FF
1302049,133652,0x18FEF100,1,8,3F,00,00,FF,FF,FF,FF,FF
1302050,133653,0x18F00500,1,8,FF,FF,FF,FF,20,2D,FF,FF
1302050,133654,0x18FEF200,1,8,1C,00,00,B4,00,00,00,FF
1302057,133655,0xCF00400,1,8,FF,FF,FF,5C,47,FF,FF,FF
1302058,133656,0xCFF6600,1,8,EB,08,FF,FF,FF,FF,FF,FF
1302077,133657,0xCF00400,1,8,FF,FF,FF,A2,47,FF,FF,FF
1302078,133658,0xCFF6600,1,8,F4,08,FF,FF,FF,FF,FF,FF
1302097,133659,0xCF00400,1,8,FF,FF,FF,A2,47,FF,FF,FF
1302098,133660,0xCFF6600,1,8,F4,08,FF,FF,FF,FF,FF,FF
1302117,133661,0xCF00400,1,8,FF,FF,FF,B4,47,FF,FF,FF
1302118,133662,0xCFF6600,1,8,F6,08,FF,FF,FF,FF,FF,FF
1302137,133663,0xCF00400,1,8,FF,FF,FF,D4,47,FF,FF,FF
1302138,133664,0xCFF6600,1,8,FA,08,FF,FF,FF,FF,FF,FF
1302148,133665,0x18FEF100,1,8,3F,00,00,FF,FF,FF,FF,FF
1302149,133666,0x10FF6500,1,8,FC,FF,FF,FF,FF,FF,FF,FF
1302149,133667,0x18F00500,1,8,FF,FF,FF,FF,20,2D,FF,FF
1302150,133668,0x18FEF200,1,8,1C,00,00,B4,00,00,00,FF
1302158,133669,0xCF00400,1,8,FF,FF,FF,00,48,FF,FF,FF
1302158,133670,0xCFF6600,1,8,00,09,FF,FF,FF,FF,FF,FF
1302178,133671,0xCF00400,1,8,FF,FF,FF,02,48,FF,FF,FF
1302179,133672,0xCFF6600,1,8,00,09,FF,FF,FF,FF,FF,FF
1302197,133673,0xCF00400,1,8,FF,FF,FF,02,48,FF,FF,FF
1302198,133674,0xCFF6600,1,8,00,09,FF,FF,FF,FF,FF,FF
1302218,133675,0xCF00400,1,8,FF,FF,FF,DA,47,FF,FF,FF
1302218,133676,0xCFF6600,1,8,FB,08,FF,FF,FF,FF,FF,FF
1302238,133677,0xCF00400,1,8,FF,FF,FF,A6,47,FF,FF,FF
1302238,133678,0xCFF6600,1,8,F4,08,FF,FF,FF,FF,FF,FF
1302248,133679,0x18FEF100,1,8,3F,00,00,FF,FF,FF,FF,FF
1302249,133680,0x18F00500,1,8,FF,FF,FF,FF,20,2D,FF,FF
1302250,133681,0x18FEF200,1,8,1C,00,00,B4,00,00,00,FF
1302258,133682,0xCF00400,1,8,FF,FF,FF,6A,47,FF,FF,FF
1302258,133683,0xCFF6600,1,8,ED,08,FF,FF,FF,FF,FF,FF
1302278,133684,0xCF00400,1,8,FF,FF,FF,6A,47,FF,FF,FF
1302278,133685,0xCFF6600,1,8,ED,08,FF,FF,FF,FF,FF,FF
1302298,133686,0xCF00400,1,8,FF,FF,FF,86,47,FF,FF,FF
1302298,133687,0xCFF6600,1,8,F0,08,FF,FF,FF,FF,FF,FF
1302318,133688,0xCF00400,1,8,FF,FF,FF,EA,47,FF,FF,FF
1302318,133689,0xCFF6600,1,8,FD,08,FF,FF,FF,FF,FF,FF
1302338,133690,0xCF00400,1,8,FF,FF,FF,FE,47,FF,FF,FF
1302338,133691,0xCFF6600,1,8,FF,08,FF,FF,FF,FF,FF,FF
1302349,133692,0x18FEF100,1,8,3F,00,00,FF,FF,FF,FF,FF
1302349,133693,0x10FF6500,1,8,FC,FF,FF,FF,FF,FF,FF,FF
1302350,133694,0x18F00500,1,8,FF,FF,FF,FF,20,2D,FF,FF
1302350,133695,0x18FEF200,1,8,1C,00,00,B4,00,00,00,FF
1302358,133696,0xCF00400,1,8,FF,FF,FF,FE,47,FF,FF,FF
1302358,133697,0xCFF6600,1,8,FF,08,FF,FF,FF,FF,FF,FF
1302378,133698,0xCF00400,1,8,FF,FF,FF,DC,47,FF,FF,FF
1302378,133699,0xCFF6600,1,8,FB,08,FF,FF,FF,FF,FF,FF
1302398,133700,0xCF00400,1,8,FF,FF,FF,82,47,FF,FF,FF
1302398,133701,0xCFF6600,1,8,F0,08,FF,FF,FF,FF,FF,FF
1302418,133702,0xCF00400,1,8,FF,FF,FF,EE,46,FF,FF,FF
1302418,133703,0xCFF6600,1,8,DD,08,FF,FF,FF,FF,FF,FF
1302437,133704,0xCF00400,1,8,FF,FF,FF,EE,46,FF,FF,FF
1302438,133705,0xCFF6600,1,8,DD,08,FF,FF,FF,FF,FF,FF
1302448,133706,0x18FEF100,1,8,3F,00,00,FF,FF,FF,FF,FF
1302449,133707,0x18F00500,1,8,FF,FF,FF,FF,20,2D,FF,FF
1302449,133708,0x18F00600,1,8,FF,FF,FF,FF,FF,FF,FF,FF
1302450,133709,0x18FEF200,1,8,1C,00,00,B4,00,00,00,FF
1302451,133710,0x1CFDDF00,1,8,FE,FF,FF,FF,FF,FF,FF,FF
1302451,133711,0x1CFF6A00,1,8,FC,FF,FF,FF,FF,FF,FF,FF
1302458,133712,0xCF00400,1,8,FF,FF,FF,CE,46,FF,FF,FF
1302458,133713,0xCFF6600,1,8,D9,08,FF,FF,FF,FF,FF,FF
1302478,133714,0xCF00400,1,8,FF,FF,FF,14,47,FF,FF,FF
1302478,133715,0xCFF6600,1,8,E2,08,FF,FF,FF,FF,FF,FF
1302498,133716,0xCF00400,1,8,FF,FF,FF,3A,47,FF,FF,FF
1302498,133717,0xCFF6600,1,8,E7,08,FF,FF,FF,FF,FF,FF
1302518,133718,0xCF00400,1,8,FF,FF,FF,3A,47,FF,FF,FF
1302518,133719,0xCFF6600,1,8,E7,08,FF,FF,FF,FF,FF,FF
1302538,133720,0xCF00400,1,8,FF,FF,FF,42,47,FF,FF,FF
1302538,133721,0xCFF6600,1,8,E8,08,FF,FF,FF,FF,FF,FF
1302548,133722,0x18FEF100,1,8,3F,00,00,FF,FF,FF,FF,FF
1302549,133723,0x10FF6500,1,8,FC,FF,FF,FF,FF,FF,FF,FF
1302549,133724,0x18F00500,1,8,FF,FF,FF,FF,20,2D,FF,FF
1302550,133725,0x18FEF200,1,8,1C,00,00,B4,00,00,00,FF
1302558,133726,0xCF00400,1,8,FF,FF,FF,3A,47,FF,FF,FF
1302558,133727,0xCFF6600,1,8,E7,08,FF,FF,FF,FF,FF,FF
1302578,133728,0xCF00400,1,8,FF,FF,FF,2C,47,FF,FF,FF
1302578,133729,0xCFF6600,1,8,E5,08,FF,FF,FF,FF,FF,FF
1302598,133730,0xCF00400,1,8,FF,FF,FF,DA,46,FF,FF,FF
1302599,133731,0xCFF6600,1,8,DB,08,FF,FF,FF,FF,FF,FF
1302607,133732,0x18FEEE00,1,8,64,FF,FF,FF,FF,FF,FF,FF
1302608,133733,0x18FDE500,1,8,0A,14,1E,28,32,3C,46,13
1302618,133734,0xCF00400,1,8,FF,FF,FF,DA,46,FF,FF,FF
1302618,133735,0xCFF6600,1,8,DB,08,FF,FF,FF,FF,FF,FF
1302627,133736,0x1CECFF00,1,8,20,0A,00,02,FF,CA,FE,00
1302638,133737,0xCF00400,1,8,FF,FF,FF,4E,46,FF,FF,FF
1302638,133738,0xCFF6600,1,8,C9,08,FF,FF,FF,FF,FF,FF
1302649,133739,0x18FEF100,1,8,3F,00,00,FF,FF,FF,FF,FF
1302649,133740,0x18F00500,1,8,FF,FF,FF,FF,20,2D,FF,FF
1302650,133741,0x18FEF200,1,8,1C,00,00,3C,00,00,00,FF
1302658,133742,0xCF00400,1,8,FF,FF,FF,44,46,FF,FF,FF
1302658,133743,0xCFF6600,1,8,C8,08,FF,FF,FF,FF,FF,FF
1302678,133744,0xCF00400,1,8,FF,FF,FF,A8,46,FF,FF,FF
1302679,133745,0xCFF6600,1,8,D5,08,FF,FF,FF,FF,FF,FF
1302679,133746,0x1CEBFF00,1,8,01,40,FF,0F,F0,E5,01,02
1302698,133747,0xCF00400,1,8,FF,FF,FF,A8,46,FF,FF,FF
1302698,133748,0xCFF6600,1,8,D5,08,FF,FF,FF,FF,FF,FF
1302718,133749,0xCF00400,1,8,FF,FF,FF,84,47,FF,FF,FF
1302718,133750,0xCFF6600,1,8,F0,08,FF,FF,FF,FF,FF,FF
1302727,133751,0x1CEBFF00,1,8,02,F0,E3,01,FF,FF,FF,FF
1302738,133752,0xCF00400,1,8,FF,FF,FF,BA,48,FF,FF,FF
1302738,133753,0xCFF6600,1,8,17,09,FF,FF,FF,FF,FF,FF
1302748,133754,0x18FEF100,1,8,3F,00,00,FF,FF,FF,FF,FF
1302749,133755,0x10FF6500,1,8,FC,FF,FF,FF,FF,FF,FF,FF
1302749,133756,0x18F00500,1,8,FF,FF,FF,FF,20,2D,FF,FF
1302750,133757,0x18FEF200,1,8,1C,00,00,3C,00,00,00,FF
1302758,133758,0xCF00400,1,8,FF,FF,FF,18,49,FF,FF,FF
1302758,133759,0xCFF6600,1,8,23,09,FF,FF,FF,FF,FF,FF
1302778,133760,0xCF00400,1,8,FF,FF,FF,18,49,FF,FF,FF
1302778,133761,0xCFF6600,1,8,23,09,FF,FF,FF,FF,FF,FF
1302798,133762,0xCF00400,1,8,FF,FF,FF,D0,48,FF,FF,FF
1302798,133763,0xCFF6600,1,8,1A,09,FF,FF,FF,FF,FF,FF
1302817,133764,0xCF00400,1,8,FF,FF,FF,70,48,FF,FF,FF
1302818,133765,0xCFF6600,1,8,0E,09,FF,FF,FF,FF,FF,FF
1302838,133766,0xCF00400,1,8,FF,FF,FF,FC,47,FF,FF,FF
1302838,133767,0xCFF6600,1,8,FF,08,FF,FF,FF,FF,FF,FF
1302849,133768,0x18FEF100,1,8,3F,00,00,FF,FF,FF,FF,FF
1302849,133769,0x18F00500,1,8,FF,FF,FF,FF,20,2D,FF,FF
1302850,133770,0x18FEF200,1,8,1C,00,00,3C,00,00,00,FF
1302857,133771,0xCF00400,1,8,FF,FF,FF,FC,47,FF,FF,FF
1302858,133772,0xCFF6600,1,8,FF,08,FF,FF,FF,FF,FF,FF
1302878,133773,0xCF00400,1,8,FF,FF,FF,F2,47,FF,FF,FF
1302878,133774,0xCFF6600,1,8,FE,08,FF,FF,FF,FF,FF,FF
1302898,133775,0xCF00400,1,8,FF,FF,FF,48,48,FF,FF,FF
1302898,133776,0xCFF6600,1,8,09,09,FF,FF,FF,FF,FF,FF
1302918,133777,0xCF00400,1,8,FF,FF,FF,DA,48,FF,FF,FF
1302918,133778,0xCFF6600,1,8,1B,09,FF,FF,FF,FF,FF,FF
1302938,133779,0xCF00400,1,8,FF,FF,FF,9E,49,FF,FF,FF
1302938,133780,0xCFF6600,1,8,33,09,FF,FF,FF,FF,FF,FF
1302949,133781,0x18FEF100,1,8,3F,00,00,FF,FF,FF,FF,FF
1302949,133782,0x10FF6500,1,8,FC,FF,FF,FF,FF,FF,FF,FF
1302950,133783,0x18F00500,1,8,FF,FF,FF,FF,20,2D,FF,FF
1302950,133784,0x18F00600,1,8,FF,FF,FF,FF,FF,FF,FF,FF
1302951,133785,0x18FEF200,1,8,1C,00,00,3C,00,00,00,FF
1302952,133786,0x1CFDDF00,1,8,FE,FF,FF,FF,FF,FF,FF,FF
1302952,133787,0x1CFF6A00,1,8,FC,FF,FF,FF,FF,FF,FF,FF
1302958,133788,0xCF00400,1,8,FF,FF,FF,9E,49,FF,FF,FF
1302958,133789,0xCFF6600,1,8,33,09,FF,FF,FF,FF,FF,FF
1302978,133790,0xCF00400,1,8,FF,FF,FF,A4,49,FF,FF,FF
1302978,133791,0xCFF6600,1,8,34,09,FF,FF,FF,FF,FF,FF
1302998,133792,0xCF00400,1,8,FF,FF,FF,0C,49,FF,FF,FF
1302998,133793,0xCFF6600,1,8,21,09,FF,FF,FF,FF,FF,FF
1303018,133794,0xCF00400,1,8,FF,FF,FF,C6,48,FF,FF,FF
1303018,133795,0xCFF6600,1,8,18,09,FF,FF,FF,FF,FF,FF
1303037,133796,0xCF00400,1,8,FF,FF,FF,C6,48,FF,FF,FF
1303038,133797,0xCFF6600,1,8,18,09,FF,FF,FF,FF,FF,FF
1303048,133798,0x18FEF100,1,8,3F,00,00,FF,FF,FF,FF,FF
1303049,133799,0x18F00500,1,8,FF,FF,FF,FF,20,2D,FF,FF
1303050,133800,0x18FEF200,1,8,1C,00,00,3C,00,00,00,FF
1303058,133801,0xCF00400,1,8,FF,FF,FF,CC,48,FF,FF,FF
1303058,133802,0xCFF6600,1,8,19,09,FF,FF,FF,FF,FF,FF
1303078,133803,0xCF00400,1,8,FF,FF,FF,B6,48,FF,FF,FF
1303078,133804,0xCFF6600,1,8,16,09,FF,FF,FF,FF,FF,FF
1303098,133805,0xCF00400,1,8,FF,FF,FF,84,48,FF,FF,FF
1303098,133806,0xCFF6600,1,8,10,09,FF,FF,FF,FF,FF,FF
1303118,133807,0xCF00400,1,8,FF,FF,FF,8C,48,FF,FF,FF
1303118,133808,0xCFF6600,1,8,11,09,FF,FF,FF,FF,FF,FF
1303138,133809,0xCF00400,1,8,FF,FF,FF,8C,48,FF,FF,FF
1303138,133810,0xCFF6600,1,8,11,09,FF,FF,FF,FF,FF,FF
1303148,133811,0x18FEF100,1,8,3F,00,00,FF,FF,FF,FF,FF
1303149,133812,0x10FF6500,1,8,FC,FF,FF,FF,FF,FF,FF,FF
1303149,133813,0x18F00500,1,8,FF,FF,FF,FF,20,2D,FF,FF
1303150,133814,0x18FEF200,1,8,1C,00,00,3C,00,00,00,FF
1303158,133815,0xCF00400,1,8,FF,FF,FF,C2,48,FF,FF,FF
1303158,133816,0xCFF6600,1,8,18,09,FF,FF,FF,FF,FF,FF
1303178,133817,0xCF00400,1,8,FF,FF,FF,EA,48,FF,FF,FF
1303178,133818,0xCFF6600,1,8,1D,09,FF,FF,FF,FF,FF,FF
1303198,133819,0xCF00400,1,8,FF,FF,FF,FE,48,FF,FF,FF
1303198,133820,0xCFF6600,1,8,1F,09,FF,FF,FF,FF,FF,FF
1303217,133821,0xCF00400,1,8,FF,FF,FF,FE,48,FF,FF,FF
1303218,133822,0xCFF6600,1,8,1F,09,FF,FF,FF,FF,FF,FF
1303238,133823,0xCF00400,1,8,FF,FF,FF,CC,48,FF,FF,FF
1303238,133824,0xCFF6600,1,8,19,09,FF,FF,FF,FF,FF,FF
1303249,133825,0x18FEF100,1,8,3F,00,00,FF,FF,FF,FF,FF
1303249,133826,0x18F00500,1,8,FF,FF,FF,FF,20,2D,FF,FF
1303250,133827,0x18FEF200,1,8,1C,00,00,3C,00,00,00,FF
1303258,133828,0xCF00400,1,8,FF,FF,FF,60,48,FF,FF,FF
1303258,133829,0xCFF6600,1,8,0C,09,FF,FF,FF,FF,FF,FF
1303278,133830,0xCF00400,1,8,FF,FF,FF,72,48,FF,FF,FF
1303278,133831,0xCFF6600,1,8,0E,09,FF,FF,FF,FF,FF,FF
1303298,133832,0xCF00400,1,8,FF,FF,FF,F0,48,FF,FF,FF
1303298,133833,0xCFF6600,1,8,1E,09,FF,FF,FF,FF,FF,FF
1303318,133834,0xCF00400,1,8,FF,FF,FF,F0,48,FF,FF,FF
1303318,133835,0xCFF6600,1,8,1E,09,FF,FF,FF,FF,FF,FF
1303338,133836,0xCF00400,1,8,FF,FF,FF,16,49,FF,FF,FF
1303338,133837,0xCFF6600,1,8,22,09,FF,FF,FF,FF,FF,FF
1303349,133838,0x18FEF100,1,8,3F,00,00,FF,FF,FF,FF,FF
1303350,133839,0x10FF6500,1,8,FC,FF,FF,FF,FF,FF,FF,FF
1303350,133840,0x18F00500,1,8,FF,FF,FF,FF,20,2D,FF,FF
1303351,133841,0x18FEF200,1,8,1C,00,00,3C,00,00,00,FF
1303358,133842,0xCF00400,1,8,FF,FF,FF,F4,48,FF,FF,FF
1303358,133843,0xCFF6600,1,8,1E,09,FF,FF,FF,FF,FF,FF
1303378,133844,0xCF00400,1,8,FF,FF,FF,E6,48,FF,FF,FF
1303378,133845,0xCFF6600,1,8,1C,09,FF,FF,FF,FF,FF,FF
1303397,133846,0xCF00400,1,8,FF,FF,FF,E6,48,FF,FF,FF
1303398,133847,0xCFF6600,1,8,1C,09,FF,FF,FF,FF,FF,FF
1303418,133848,0xCF00400,1,8,FF,FF,FF,E0,48,FF,FF,FF
1303418,133849,0xCFF6600,1,8,1C,09,FF,FF,FF,FF,FF,FF
1303438,133850,0xCF00400,1,8,FF,FF,FF,E8,48,FF,FF,FF
1303438,133851,0xCFF6600,1,8,1D,09,FF,FF,FF,FF,FF,FF
1303449,133852,0x18FEF100,1,8,3F,00,00,FF,FF,FF,FF,FF
1303449,133853,0x18F00500,1,8,FF,FF,FF,FF,20,2D,FF,FF
1303450,133854,0x18F00600,1,8,FF,FF,FF,FF,FF,FF,FF,FF
1303450,133855,0x18FEF200,1,8,1C,00,00,3C,00,00,00,FF
1303451,133856,0x1CFDDF00,1,8,FE,FF,FF,FF,FF,FF,FF,FF
1303452,133857,0x1CFF6A00,1,8,FC,FF,FF,FF,FF,FF,FF,FF
1303458,133858,0xCF00400,1,8,FF,FF,FF,FE,48,FF,FF,FF
1303458,133859,0xCFF6600,1,8,1F,09,FF,FF,FF,FF,FF,FF
1303497,133860,0xCF00400,1,8,FF,FF,FF,22,49,FF,FF,FF
1303499,133861,0xCFF6600,1,8,24,09,FF,FF,FF,FF,FF,FF
1303518,133862,0xCF00400,1,8,FF,FF,FF,4E,49,FF,FF,FF
1303518,133863,0xCFF6600,1,8,29,09,FF,FF,FF,FF,FF,FF
1303538,133864,0xCF00400,1,8,FF,FF,FF,40,49,FF,FF,FF
1303538,133865,0xCFF6600,1,8,28,09,FF,FF,FF,FF,FF,FF
1303548,133866,0x18FEF100,1,8,3F,00,00,FF,FF,FF,FF,FF
1303549,133867,0x10FF6500,1,8,FC,FF,FF,FF,FF,FF,FF,FF
1303550,133868,0x18F00500,1,8,FF,FF,FF,FF,20,2D,FF,FF
1303550,133869,0x18FEF200,1,8,1C,00,00,3C,00,00,00,FF
1303558,133870,0xCF00400,1,8,FF,FF,FF,02,49,FF,FF,FF
1303558,133871,0xCFF6600,1,8,20,09,FF,FF,FF,FF,FF,FF
1303577,133872,0xCF00400,1,8,FF,FF,FF,02,49,FF,FF,FF
1303578,133873,0xCFF6600,1,8,20,09,FF,FF,FF,FF,FF,FF
1303598,133874,0xCF00400,1,8,FF,FF,FF,C2,48,FF,FF,FF
1303598,133875,0xCFF6600,1,8,18,09,FF,FF,FF,FF,FF,FF
1303607,133876,0x18FEEE00,1,8,64,FF,FF,FF,FF,FF,FF,FF
1303608,133877,0x18FDE500,1,8,0A,14,1E,28,32,3C,46,13
1303618,133878,0xCF00400,1,8,FF,FF,FF,80,48,FF,FF,FF
1303619,133879,0xCFF6600,1,8,10,09,FF,FF,FF,FF,FF,FF
1303627,133880,0x1CECFF00,1,8,20,0A,00,02,FF,CA,FE,00
1303638,133881,0xCF00400,1,8,FF,FF,FF,4C,48,FF,FF,FF
1303638,133882,0xCFF6600,1,8,09,09,FF,FF,FF,FF,FF,FF
1303648,133883,0x18FEF100,1,8,3F,00,00,FF,FF,FF,FF,FF
1303649,133884,0x18F00500,1,8,FF,FF,FF,FF,20,2D,FF,FF
1303650,133885,0x18FEF200,1,8,1D,00,00,14,00,00,00,FF
1303658,133886,0xCF00400,1,8,FF,FF,FF,1C,48,FF,FF,FF
1303659,133887,0xCFF6600,1,8,03,09,FF,FF,FF,FF,FF,FF
1303678,133888,0xCF00400,1,8,FF,FF,FF,1C,48,FF,FF,FF
1303678,133889,0xCFF6600,1,8,03,09,FF,FF,FF,FF,FF,FF
1303679,133890,0x1CEBFF00,1,8,01,40,FF,0F,F0,E5,01,02
1303698,133891,0xCF00400,1,8,FF,FF,FF,DC,47,FF,FF,FF
1303699,133892,0xCFF6600,1,8,FB,08,FF,FF,FF,FF,FF,FF
1303718,133893,0xCF00400,1,8,FF,FF,FF,9C,47,FF,FF,FF
1303718,133894,0xCFF6600,1,8,F3,08,FF,FF,FF,FF,FF,FF
1303727,133895,0x1CEBFF00,1,8,02,F0,E3,01,FF,FF,FF,FF
1303738,133896,0xCF00400,1,8,FF,FF,FF,88,47,FF,FF,FF
1303738,133897,0xCFF6600,1,8,F1,08,FF,FF,FF,FF,FF,FF
1303749,133898,0x18FEF100,1,8,3F,00,00,FF,FF,FF,FF,FF
1303749,133899,0x10FF6500,1,8,FC,FF,FF,FF,FF,FF,FF,FF
1303750,133900,0x18F00500,1,8,FF,FF,FF,FF,20,2D,FF,FF
1303751,133901,0x18FEF200,1,8,1D,00,00,14,00,00,00,FF
1303758,133902,0xCF00400,1,8,FF,FF,FF,88,47,FF,FF,FF
1303759,133903,0xCFF6600,1,8,F1,08,FF,FF,FF,FF,FF,FF
1303778,133904,0xCF00400,1,8,FF,FF,FF,98,47,FF,FF,FF
1303778,133905,0xCFF6600,1,8,F3,08,FF,FF,FF,FF,FF,FF
1303798,133906,0xCF00400,1,8,FF,FF,FF,A0,47,FF,FF,FF
1303798,133907,0xCFF6600,1,8,F4,08,FF,FF,FF,FF,FF,FF
1303818,133908,0xCF00400,1,8,FF,FF,FF,A0,47,FF,FF,FF
1303818,133909,0xCFF6600,1,8,F4,08,FF,FF,FF,FF,FF,FF
1303838,133910,0xCF00400,1,8,FF,FF,FF,A0,47,FF,FF,FF
1303838,133911,0xCFF6600,1,8,F4,08,FF,FF,FF,FF,FF,FF
1303848,133912,0x18FEF100,1,8,3F,00,00,FF,FF,FF,FF,FF
1303849,133913,0x18F00500,1,8,FF,FF,FF,FF,20,2D,FF,FF
1303850,133914,0x18FEF200,1,8,1D,00,00,14,00,00,00,FF
1303858,133915,0xCF00400,1,8,FF,FF,FF,AC,47,FF,FF,FF
1303858,133916,0xCFF6600,1,8,F5,08,FF,FF,FF,FF,FF,FF
1303877,133917,0xCF00400,1,8,FF,FF,FF,C2,47,FF,FF,FF
1303878,133918,0xCFF6600,1,8,F8,08,FF,FF,FF,FF,FF,FF
1303898,133919,0xCF00400,1,8,FF,FF,FF,B8,47,FF,FF,FF
1303898,133920,0xCFF6600,1,8,F7,08,FF,FF,FF,FF,FF,FF
1303918,133921,0xCF00400,1,8,FF,FF,FF,B8,47,FF,FF,FF
1303918,133922,0xCFF6600,1,8,F7,08,FF,FF,FF,FF,FF,FF
1303939,133923,0xCF00400,1,8,FF,FF,FF,96,47,FF,FF,FF
1303939,133924,0xCFF6600,1,8,F2,08,FF,FF,FF,FF,FF,FF
1303948,133925,0x18FEF100,1,8,3F,00,00,FF,FF,FF,FF,FF
1303949,133926,0x10FF6500,1,8,FC,FF,FF,FF,FF,FF,FF,FF
1303949,133927,0x18F00500,1,8,FF,FF,FF,FF,20,2D,FF,FF
1303950,133928,0x18F00600,1,8,FF,FF,FF,FF,FF,FF,FF,FF
1303951,133929,0x18FEF200,1,8,1D,00,00,14,00,00,00,FF
1303952,133930,0x1CFDDF00,1,8,FE,FF,FF,FF,FF,FF,FF,FF
1303953,133931,0x1CFF6A00,1,8,FC,FF,FF,FF,FF,FF,FF,FF
1303958,133932,0xCF00400,1,8,FF,FF,FF,7E,47,FF,FF,FF
1303958,133933,0xCFF6600,1,8,EF,08,FF,FF,FF,FF,FF,FF
1303978,133934,0xCF00400,1,8,FF,FF,FF,72,47,FF,FF,FF
1303978,133935,0xCFF6600,1,8,EE,08,FF,FF,FF,FF,FF,FF
1303998,133936,0xCF00400,1,8,FF,FF,FF,98,47,FF,FF,FF
1303999,133937,0xCFF6600,1,8,F3,08,FF,FF,FF,FF,FF,FF
1304018,133938,0xCF00400,1,8,FF,FF,FF,98,47,FF,FF,FF
1304018,133939,0xCFF6600,1,8,F3,08,FF,FF,FF,FF,FF,FF
1304038,133940,0xCF00400,1,8,FF,FF,FF,EA,47,FF,FF,FF
1304038,133941,0xCFF6600,1,8,FD,08,FF,FF,FF,FF,FF,FF
1304048,133942,0x18FEF100,1,8,3F,00,00,FF,FF,FF,FF,FF
1304049,133943,0x18F00500,1,8,FF,FF,FF,FF,20,2D,FF,FF
1304050,133944,0x18FEF200,1,8,1D,00,00,14,00,00,00,FF
1304058,133945,0xCF00400,1,8,FF,FF,FF,C4,47,FF,FF,FF
1304058,133946,0xCFF6600,1,8,F8,08,FF,FF,FF,FF,FF,FF
1304078,133947,0xCF00400,1,8,FF,FF,FF,38,47,FF,FF,FF
1304078,133948,0xCFF6600,1,8,E7,08,FF,FF,FF,FF,FF,FF
1304098,133949,0xCF00400,1,8,FF,FF,FF,38,47,FF,FF,FF
1304098,133950,0xCFF6600,1,8,E7,08,FF,FF,FF,FF,FF,FF
1304118,133951,0xCF00400,1,8,FF,FF,FF,10,47,FF,FF,FF
1304119,133952,0xCFF6600,1,8,E2,08,FF,FF,FF,FF,FF,FF
1304138,133953,0xCF00400,1,8,FF,FF,FF,3E,47,FF,FF,FF
1304138,133954,0xCFF6600,1,8,E7,08,FF,FF,FF,FF,FF,FF
1304148,133955,0x18FEF100,1,8,3F,00,00,FF,FF,FF,FF,FF
1304149,133956,0x10FF6500,1,8,FC,FF,FF,FF,FF,FF,FF,FF
1304149,133957,0x18F00500,1,8,FF,FF,FF,FF,20,2D,FF,FF
1304150,133958,0x18FEF200,1,8,1D,00,00,14,00,00,00,FF
1304158,133959,0xCF00400,1,8,FF,FF,FF,66,47,FF,FF,FF
1304158,133960,0xCFF6600,1,8,EC,08,FF,FF,FF,FF,FF,FF
1304178,133961,0xCF00400,1,8,FF,FF,FF,66,47,FF,FF,FF
1304178,133962,0xCFF6600,1,8,EC,08,FF,FF,FF,FF,FF,FF
1304198,133963,0xCF00400,1,8,FF,FF,FF,88,47,FF,FF,FF
1304198,133964,0xCFF6600,1,8,F1,08,FF,FF,FF,FF,FF,FF
1304218,133965,0xCF00400,1,8,FF,FF,FF,78,47,FF,FF,FF
1304218,133966,0xCFF6600,1,8,EF,08,FF,FF,FF,FF,FF,FF
1304238,133967,0xCF00400,1,8,FF,FF,FF,3E,47,FF,FF,FF
1304238,133968,0xCFF6600,1,8,E7,08,FF,FF,FF,FF,FF,FF
1304249,133969,0x18FEF100,1,8,3F,00,00,FF,FF,FF,FF,FF
1304249,133970,0x18F00500,1,8,FF,FF,FF,FF,20,2D,FF,FF
1304250,133971,0x18FEF200,1,8,1D,00,00,14,00,00,00,FF
1304258,133972,0xCF00400,1,8,FF,FF,FF,3E,47,FF,FF,FF
1304258,133973,0xCFF6600,1,8,E7,08,FF,FF,FF,FF,FF,FF
1304278,133974,0xCF00400,1,8,FF,FF,FF,38,47,FF,FF,FF
1304278,133975,0xCFF6600,1,8,E7,08,FF,FF,FF,FF,FF,FF
1304298,133976,0xCF00400,1,8,FF,FF,FF,60,47,FF,FF,FF
1304298,133977,0xCFF6600,1,8,EC,08,FF,FF,FF,FF,FF,FF
1304318,133978,0xCF00400,1,8,FF,FF,FF,C4,47,FF,FF,FF
1304318,133979,0xCFF6600,1,8,F8,08,FF,FF,FF,FF,FF,FF
1304338,133980,0xCF00400,1,8,FF,FF,FF,58,48,FF,FF,FF
1304339,133981,0xCFF6600,1,8,0B,09,FF,FF,FF,FF,FF,FF
1304348,133982,0x18FEF100,1,8,3F,00,00,FF,FF,FF,FF,FF
1304349,133983,0x10FF6500,1,8,FC,FF,FF,FF,FF,FF,FF,FF
1304350,133984,0x18F00500,1,8,FF,FF,FF,FF,20,2D,FF,FF
1304350,133985,0x18FEF200,1,8,1D,00,00,14,00,00,00,FF
1304357,133986,0xCF00400,1,8,FF,FF,FF,58,48,FF,FF,FF
1304358,133987,0xCFF6600,1,8,0B,09,FF,FF,FF,FF,FF,FF
1304378,133988,0xCF00400,1,8,FF,FF,FF,72,48,FF,FF,FF
1304378,133989,0xCFF6600,1,8,0E,09,FF,FF,FF,FF,FF,FF
1304398,133990,0xCF00400,1,8,FF,FF,FF,24,48,FF,FF,FF
1304400,133991,0xCFF6600,1,8,04,09,FF,FF,FF,FF,FF,FF
1304418,133992,0xCF00400,1,8,FF,FF,FF,12,48,FF,FF,FF
1304418,133993,0xCFF6600,1,8,02,09,FF,FF,FF,FF,FF,FF
1304438,133994,0xCF00400,1,8,FF,FF,FF,12,48,FF,FF,FF
1304439,133995,0xCFF6600,1,8,02,09,FF,FF,FF,FF,FF,FF
1304449,133996,0x18FEF100,1,8,3F,00,00,FF,FF,FF,FF,FF
1304449,133997,0x18F00500,1,8,FF,FF,FF,FF,20,2D,FF,FF
1304450,133998,0x18F00600,1,8,FF,FF,FF,FF,FF,FF,FF,FF
1304451,133999,0x18FEF200,1,8,1D,00,00,14,00,00,00,FF
1304452,134000,0x1CFDDF00,1,8,FE,FF,FF,FF,FF,FF,FF,FF
1304452,134001,0x1CFF6A00,1,8,FC,FF,FF,FF,FF,FF,FF,FF
1304458,134002,0xCF00400,1,8,FF,FF,FF,32,48,FF,FF,FF
1304464,134003,0xCFF6600,1,8,06,09,FF,FF,FF,FF,FF,FF
1304478,134004,0xCF00400,1,8,FF,FF,FF,36,48,FF,FF,FF
1304478,134005,0xCFF6600,1,8,06,09,FF,FF,FF,FF,FF,FF
1304498,134006,0xCF00400,1,8,FF,FF,FF,1E,48,FF,FF,FF
1304498,134007,0xCFF6600,1,8,03,09,FF,FF,FF,FF,FF,FF
1304518,134008,0xCF00400,1,8,FF,FF,FF,1E,48,FF,FF,FF
1304518,134009,0xCFF6600,1,8,03,09,FF,FF,FF,FF,FF,FF
1304538,134010,0xCF00400,1,8,FF,FF,FF,80,48,FF,FF,FF
1304539,134011,0xCFF6600,1,8,10,09,FF,FF,FF,FF,FF,FF
1304548,134012,0x18FEF100,1,8,3F,00,00,FF,FF,FF,FF,FF
1304549,134013,0x10FF6500,1,8,FC,FF,FF,FF,FF,FF,FF,FF
1304550,134014,0x18F00500,1,8,FF,FF,FF,FF,20,2D,FF,FF
1304550,134015,0x18FEF200,1,8,1D,00,00,14,00,00,00,FF
1304558,134016,0xCF00400,1,8,FF,FF,FF,44,49,FF,FF,FF
1304558,134017,0xCFF6600,1,8,28,09,FF,FF,FF,FF,FF,FF
1304578,134018,0xCF00400,1,8,FF,FF,FF,8E,49,FF,FF,FF
1304578,134019,0xCFF6600,1,8,31,09,FF,FF,FF,FF,FF,FF
1304598,134020,0xCF00400,1,8,FF,FF,FF,72,49,FF,FF,FF
1304598,134021,0xCFF6600,1,8,2E,09,FF,FF,FF,FF,FF,FF
1304607,134022,0x18FEEE00,1,8,63,FF,FF,FF,FF,FF,FF,FF
1304608,134023,0x18FDE500,1,8,0A,14,1E,28,32,3C,46,13
1304618,134024,0xCF00400,1,8,FF,FF,FF,72,49,FF,FF,FF
1304618,134025,0xCFF6600,1,8,2E,09,FF,FF,FF,FF,FF,FF
1304627,134026,0x1CECFF00,1,8,20,0A,00,02,FF,CA,FE,00
1304638,134027,0xCF00400,1,8,FF,FF,FF,7A,49,FF,FF,FF
1304638,134028,0xCFF6600,1,8,2F,09,FF,FF,FF,FF,FF,FF
1304649,134029,0x18FEF100,1,8,3F,00,00,FF,FF,FF,FF,FF
1304650,134030,0x18F00500,1,8,FF,FF,FF,FF,20,2D,FF,FF
1304651,134031,0x18FEF200,1,8,1B,00,00,07,00,00,00,FF
1304658,134032,0xCF00400,1,8,FF,FF,FF,A4,49,FF,FF,FF
1304659,134033,0xCFF6600,1,8,34,09,FF,FF,FF,FF,FF,FF
1304678,134034,0xCF00400,1,8,FF,FF,FF,6C,49,FF,FF,FF
1304678,134035,0xCFF6600,1,8,2D,09,FF,FF,FF,FF,FF,FF
1304679,134036,0x1CEBFF00,1,8,01,40,FF,0F,F0,E5,01,02
1304698,134037,0xCF00400,1,8,FF,FF,FF,6C,49,FF,FF,FF
1304698,134038,0xCFF6600,1,8,2D,09,FF,FF,FF,FF,FF,FF
1304718,134039,0xCF00400,1,8,FF,FF,FF,DC,48,FF,FF,FF
1304718,134040,0xCFF6600,1,8,1B,09,FF,FF,FF,FF,FF,FF
1304727,134041,0x1CEBFF00,1,8,02,F0,E3,01,FF,FF,FF,FF
1304738,134042,0xCF00400,1,8,FF,FF,FF,F6,48,FF,FF,FF
1304739,134043,0xCFF6600,1,8,1E,09,FF,FF,FF,FF,FF,FF
1304748,134044,0x18FEF100,1,8,3F,00,00,FF,FF,FF,FF,FF
1304749,134045,0x10FF6500,1,8,FC,FF,FF,FF,FF,FF,FF,FF
1304749,134046,0x18F00500,1,8,FF,FF,FF,FF,20,2D,FF,FF
1304750,134047,0x18FEF200,1,8,1B,00,00,07,00,00,00,FF
1304758,134048,0xCF00400,1,8,FF,FF,FF,A0,49,FF,FF,FF
1304758,134049,0xCFF6600,1,8,34,09,FF,FF,FF,FF,FF,FF
1304778,134050,0xCF00400,1,8,FF,FF,FF,A4,49,FF,FF,FF
1304779,134051,0xCFF6600,1,8,34,09,FF,FF,FF,FF,FF,FF
1304799,134052,0xCF00400,1,8,FF,FF,FF,A4,49,FF,FF,FF
1304799,134053,0xCFF6600,1,8,34,09,FF,FF,FF,FF,FF,FF
1304818,134054,0xCF00400,1,8,FF,FF,FF,22,49,FF,FF,FF
1304819,134055,0xCFF6600,1,8,24,09,FF,FF,FF,FF,FF,FF
1304838,134056,0xCF00400,1,8,FF,FF,FF,F0,48,FF,FF,FF
1304838,134057,0xCFF6600,1,8,1E,09,FF,FF,FF,FF,FF,FF
1304848,134058,0x18FEF100,1,8,3F,00,00,FF,FF,FF,FF,FF
1304849,134059,0x18F00500,1,8,FF,FF,FF,FF,20,2D,FF,FF
1304850,134060,0x18FEF200,1,8,1B,00,00,07,00,00,00,FF
1304858,134061,0xCF00400,1,8,FF,FF,FF,06,49,FF,FF,FF
1304858,134062,0xCFF6600,1,8,20,09,FF,FF,FF,FF,FF,FF
1304878,134063,0xCF00400,1,8,FF,FF,FF,DC,48,FF,FF,FF
1304879,134064,0xCFF6600,1,8,1B,09,FF,FF,FF,FF,FF,FF
1304898,134065,0xCF00400,1,8,FF,FF,FF,DC,48,FF,FF,FF
1304898,134066,0xCFF6600,1,8,1B,09,FF,FF,FF,FF,FF,FF
1304918,134067,0xCF00400,1,8,FF,FF,FF,78,48,FF,FF,FF
1304918,134068,0xCFF6600,1,8,0F,09,FF,FF,FF,FF,FF,FF
1304938,134069,0xCF00400,1,8,FF,FF,FF,54,48,FF,FF,FF
1304938,134070,0xCFF6600,1,8,0A,09,FF,FF,FF,FF,FF,FF
1304948,134071,0x18FEF100,1,8,3F,00,00,FF,FF,FF,FF,FF
1304949,134072,0x10FF6500,1,8,FC,FF,FF,FF,FF,FF,FF,FF
1304949,134073,0x18F00500,1,8,FF,FF,FF,FF,20,2D,FF,FF
1304950,134074,0x18F00600,1,8,FF,FF,FF,FF,FF,FF,FF,FF
1304951,134075,0x18FEF200,1,8,1B,00,00,07,00,00,00,FF
1304952,134076,0x1CFDDF00,1,8,FE,FF,FF,FF,FF,FF,FF,FF
1304955,134077,0x1CFF6A00,1,8,FC,FF,FF,FF,FF,FF,FF,FF
1304958,134078,0xCF00400,1,8,FF,FF,FF,6A,48,FF,FF,FF
1304958,134079,0xCFF6600,1,8,0D,09,FF,FF,FF,FF,FF,FF
1304978,134080,0xCF00400,1,8,FF,FF,FF,6A,48,FF,FF,FF
1304978,134081,0xCFF6600,1,8,0D,09,FF,FF,FF,FF,FF,FF
1304998,134082,0xCF00400,1,8,FF,FF,FF,66,48,FF,FF,FF
1304998,134083,0xCFF6600,1,8,0C,09,FF,FF,FF,FF,FF,FF
1305018,134084,0xCF00400,1,8,FF,FF,FF,4C,48,FF,FF,FF
1305024,134085,0xCFF6600,1,8,09,09,FF,FF,FF,FF,FF,FF
1305038,134086,0xCF00400,1,8,FF,FF,FF,50,48,FF,FF,FF
1305038,134087,0xCFF6600,1,8,0A,09,FF,FF,FF,FF,FF,FF
1305049,134088,0x18FEF100,1,8,3F,00,00,FF,FF,FF,FF,FF
1305049,134089,0x18F00500,1,8,FF,FF,FF,FF,20,2D,FF,FF
1305050,134090,0x18FEF200,1,8,1B,00,00,07,00,00,00,FF
1305058,134091,0xCF00400,1,8,FF,FF,FF,50,48,FF,FF,FF
1305058,134092,0xCFF6600,1,8,0A,09,FF,FF,FF,FF,FF,FF
1305078,134093,0xCF00400,1,8,FF,FF,FF,6C,48,FF,FF,FF
1305078,134094,0xCFF6600,1,8,0D,09,FF,FF,FF,FF,FF,FF
1305098,134095,0xCF00400,1,8,FF,FF,FF,4A,48,FF,FF,FF
1305099,134096,0xCFF6600,1,8,09,09,FF,FF,FF,FF,FF,FF
1305118,134097,0xCF00400,1,8,FF,FF,FF,F6,47,FF,FF,FF
1305118,134098,0xCFF6600,1,8,FE,08,FF,FF,FF,FF,FF,FF
1305138,134099,0xCF00400,1,8,FF,FF,FF,A6,47,FF,FF,FF
1305139,134100,0xCFF6600,1,8,F4,08,FF,FF,FF,FF,FF,FF
1305148,134101,0x18FEF100,1,8,3F,00,00,FF,FF,FF,FF,FF
1305149,134102,0x10FF6500,1,8,FC,FF,FF,FF,FF,FF,FF,FF
1305149,134103,0x18F00500,1,8,FF,FF,FF,FF,20,2D,FF,FF
1305150,134104,0x18FEF200,1,8,1B,00,00,07,00,00,00,FF
1305158,134105,0xCF00400,1,8,FF,FF,FF,A6,47,FF,FF,FF
1305158,134106,0xCFF6600,1,8,F4,08,FF,FF,FF,FF,FF,FF
1305178,134107,0xCF00400,1,8,FF,FF,FF,56,47,FF,FF,FF
1305179,134108,0xCFF6600,1,8,EA,08,FF,FF,FF,FF,FF,FF
1305198,134109,0xCF00400,1,8,FF,FF,FF,32,47,FF,FF,FF
1305198,134110,0xCFF6600,1,8,E6,08,FF,FF,FF,FF,FF,FF
1305218,134111,0xCF00400,1,8,FF,FF,FF,3C,47,FF,FF,FF
1305218,134112,0xCFF6600,1,8,E7,08,FF,FF,FF,FF,FF,FF
1305238,134113,0xCF00400,1,8,FF,FF,FF,3C,47,FF,FF,FF
1305238,134114,0xCFF6600,1,8,E7,08,FF,FF,FF,FF,FF,FF
1305249,134115,0x18FEF100,1,8,3F,00,00,FF,FF,FF,FF,FF
1305249,134116,0x18F00500,1,8,FF,FF,FF,FF,20,2D,FF,FF
1305250,134117,0x18FEF200,1,8,1B,00,00,07,00,00,00,FF
1305258,134118,0xCF00400,1,8,FF,FF,FF,42,47,FF,FF,FF
1305258,134119,0xCFF6600,1,8,E8,08,FF,FF,FF,FF,FF,FF
1305278,134120,0xCF00400,1,8,FF,FF,FF,42,47,FF,FF,FF
1305278,134121,0xCFF6600,1,8,E8,08,FF,FF,FF,FF,FF,FF
1305298,134122,0xCF00400,1,8,FF,FF,FF,C8,46,FF,FF,FF
1305298,134123,0xCFF6600,1,8,D9,08,FF,FF,FF,FF,FF,FF
1305318,134124,0xCF00400,1,8,FF,FF,FF,C8,46,FF,FF,FF
1305318,134125,0xCFF6600,1,8,D9,08,FF,FF,FF,FF,FF,FF
1305338,134126,0xCF00400,1,8,FF,FF,FF,D6,45,FF,FF,FF
1305338,134127,0xCFF6600,1,8,BA,08,FF,FF,FF,FF,FF,FF
1305348,134128,0x18FEF100,1,8,3F,00,00,FF,FF,FF,FF,FF
1305349,134129,0x10FF6500,1,8,FC,FF,FF,FF,FF,FF,FF,FF
1305349,134130,0x18F00500,1,8,FF,FF,FF,FF,20,2D,FF,FF
1305350,134131,0x18FEF200,1,8,1B,00,00,07,00,00,00,FF
1305358,134132,0xCF00400,1,8,FF,FF,FF,CA,45,FF,FF,FF
1305358,134133,0xCFF6600,1,8,B9,08,FF,FF,FF,FF,FF,FF
1305378,134134,0xCF00400,1,8,FF,FF,FF,8E,46,FF,FF,FF
1305378,134135,0xCFF6600,1,8,D1,08,FF,FF,FF,FF,FF,FF
1305398,134136,0xCF00400,1,8,FF,FF,FF,8E,46,FF,FF,FF
1305398,134137,0xCFF6600,1,8,D1,08,FF,FF,FF,FF,FF,FF
1305418,134138,0xCF00400,1,8,FF,FF,FF,24,47,FF,FF,FF
1305419,134139,0xCFF6600,1,8,E4,08,FF,FF,FF,FF,FF,FF
1305438,134140,0xCF00400,1,8,FF,FF,FF,94,47,FF,FF,FF
1305439,134141,0xCFF6600,1,8,F2,08,FF,FF,FF,FF,FF,FF
1305448,134142,0x18FEF100,1,8,3F,00,00,FF,FF,FF,FF,FF
1305450,134143,0x18F00500,1,8,FF,FF,FF,FF,20,2D,FF,FF
1305451,134144,0x18F00600,1,8,FF,FF,FF,FF,FF,FF,FF,FF
1305451,134145,0x18FEF200,1,8,1B,00,00,07,00,00,00,FF
1305452,134146,0x1CFDDF00,1,8,FE,FF,FF,FF,FF,FF,FF,FF
1305453,134147,0x1CFF6A00,1,8,FC,FF,FF,FF,FF,FF,FF,FF
1305458,134148,0xCF00400,1,8,FF,FF,FF,D8,47,FF,FF,FF
1305458,134149,0xCFF6600,1,8,FB,08,FF,FF,FF,FF,FF,FF
1305478,134150,0xCF00400,1,8,FF,FF,FF,D8,47,FF,FF,FF
1305478,134151,0xCFF6600,1,8,FB,08,FF,FF,FF,FF,FF,FF
1305498,134152,0xCF00400,1,8,FF,FF,FF,FC,47,FF,FF,FF
1305498,134153,0xCFF6600,1,8,FF,08,FF,FF,FF,FF,FF,FF
1305518,134154,0xCF00400,1,8,FF,FF,FF,02,48,FF,FF,FF
1305518,134155,0xCFF6600,1,8,00,09,FF,FF,FF,FF,FF,FF
1305538,134156,0xCF00400,1,8,FF,FF,FF,F0,47,FF,FF,FF
1305538,134157,0xCFF6600,1,8,FE,08,FF,FF,FF,FF,FF,FF
1305548,134158,0x18FEF100,1,8,3F,00,00,FF,FF,FF,FF,FF
1305549,134159,0x10FF6500,1,8,FC,FF,FF,FF,FF,FF,FF,FF
1305549,134160,0x18F00500,1,8,FF,FF,FF,FF,20,2D,FF,FF
1305550,134161,0x18FEF200,1,8,1B,00,00,07,00,00,00,FF
1305558,134162,0xCF00400,1,8,FF,FF,FF,F0,47,FF,FF,FF
1305558,134163,0xCFF6600,1,8,FE,08,FF,FF,FF,FF,FF,FF
1305578,134164,0xCF00400,1,8,FF,FF,FF,04,48,FF,FF,FF
1305578,134165,0xCFF6600,1,8,00,09,FF,FF,FF,FF,FF,FF
1305598,134166,0xCF00400,1,8,FF,FF,FF,3C,48,FF,FF,FF
1305598,134167,0xCFF6600,1,8,07,09,FF,FF,FF,FF,FF,FF
1305607,134168,0x18FEEE00,1,8,63,FF,FF,FF,FF,FF,FF,FF
1305608,134169,0x18FDE500,1,8,0A,14,1E,28,32,3C,46,13
1305618,134170,0xCF00400,1,8,FF,FF,FF,32,48,FF,FF,FF
1305618,134171,0xCFF6600,1,8,06,09,FF,FF,FF,FF,FF,FF
1305627,134172,0x1CECFF00,1,8,20,0A,00,02,FF,CA,FE,00
1305638,134173,0xCF00400,1,8,FF,FF,FF,F0,47,FF,FF,FF
1305639,134174,0xCFF6600,1,8,FE,08,FF,FF,FF,FF,FF,FF
1305648,134175,0x18FEF100,1,8,3F,00,00,FF,FF,FF,FF,FF
1305649,134176,0x18F00500,1,8,FF,FF,FF,FF,20,2D,FF,FF
1305650,134177,0x18FEF200,1,8,1B,00,00,02,00,00,00,FF
1305658,134178,0xCF00400,1,8,FF,FF,FF,F0,47,FF,FF,FF
1305658,134179,0xCFF6600,1,8,FE,08,FF,FF,FF,FF,FF,FF
1305678,134180,0xCF00400,1,8,FF,FF,FF,D0,47,FF,FF,FF
1305678,134181,0xCFF6600,1,8,FA,08,FF,FF,FF,FF,FF,FF
1305679,134182,0x1CEBFF00,1,8,01,40,FF,0F,F0,E5,01,02
1305698,134183,0xCF00400,1,8,FF,FF,FF,C8,47,FF,FF,FF
1305698,134184,0xCFF6600,1,8,F9,08,FF,FF,FF,FF,FF,FF
1305718,134185,0xCF00400,1,8,FF,FF,FF,FE,47,FF,FF,FF
1305718,134186,0xCFF6600,1,8,FF,08,FF,FF,FF,FF,FF,FF
1305728,134187,0x1CEBFF00,1,8,02,F0,E3,01,FF,FF,FF,FF
1305738,134188,0xCF00400,1,8,FF,FF,FF,FE,47,FF,FF,FF
1305738,134189,0xCFF6600,1,8,FF,08,FF,FF,FF,FF,FF,FF
1305748,134190,0x18FEF100,1,8,3F,00,00,FF,FF,FF,FF,FF
1305749,134191,0x10FF6500,1,8,FC,FF,FF,FF,FF,FF,FF,FF
1305749,134192,0x18F00500,1,8,FF,FF,FF,FF,20,2D,FF,FF
1305750,134193,0x18FEF200,1,8,1B,00,00,02,00,00,00,FF
1305757,134194,0xCF00400,1,8,FF,FF,FF,62,48,FF,FF,FF
1305758,134195,0xCFF6600,1,8,0C,09,FF,FF,FF,FF,FF,FF
1305778,134196,0xCF00400,1,8,FF,FF,FF,30,48,FF,FF,FF
1305778,134197,0xCFF6600,1,8,06,09,FF,FF,FF,FF,FF,FF
1305798,134198,0xCF00400,1,8,FF,FF,FF,84,47,FF,FF,FF
1305799,134199,0xCFF6600,1,8,F0,08,FF,FF,FF,FF,FF,FF
1305818,134200,0xCF00400,1,8,FF,FF,FF,84,47,FF,FF,FF
1305818,134201,0xCFF6600,1,8,F0,08,FF,FF,FF,FF,FF,FF
1305838,134202,0xCF00400,1,8,FF,FF,FF,2A,47,FF,FF,FF
1305838,134203,0xCFF6600,1,8,E5,08,FF,FF,FF,FF,FF,FF
1305849,134204,0x18FEF100,1,8,3F,00,00,FF,FF,FF,FF,FF
1305849,134205,0x18F00500,1,8,FF,FF,FF,FF,20,2D,FF,FF
1305850,134206,0x18FEF200,1,8,1B,00,00,02,00,00,00,FF
1305858,134207,0xCF00400,1,8,FF,FF,FF,16,47,FF,FF,FF
1305858,134208,0xCFF6600,1,8,E2,08,FF,FF,FF,FF,FF,FF
1305878,134209,0xCF00400,1,8,FF,FF,FF,EC,46,FF,FF,FF
1305878,134210,0xCFF6600,1,8,DD,08,FF,FF,FF,FF,FF,FF
1305897,134211,0xCF00400,1,8,FF,FF,FF,EC,46,FF,FF,FF
1305898,134212,0xCFF6600,1,8,DD,08,FF,FF,FF,FF,FF,FF
1305918,134213,0xCF00400,1,8,FF,FF,FF,AE,46,FF,FF,FF
1305918,134214,0xCFF6600,1,8,D5,08,FF,FF,FF,FF,FF,FF
1305938,134215,0xCF00400,1,8,FF,FF,FF,9A,46,FF,FF,FF
1305938,134216,0xCFF6600,1,8,D3,08,FF,FF,FF,FF,FF,FF
1305948,134217,0x18FEF100,1,8,3F,00,00,FF,FF,FF,FF,FF
1305949,134218,0x10FF6500,1,8,FC,FF,FF,FF,FF,FF,FF,FF
1305950,134219,0x18F00500,1,8,FF,FF,FF,FF,20,2D,FF,FF
1305950,134220,0x18F00600,1,8,FF,FF,FF,FF,FF,FF,FF,FF
1305951,134221,0x18FEF200,1,8,1B,00,00,02,00,00,00,FF
1305952,134222,0x1CFDDF00,1,8,FE,FF,FF,FF,FF,FF,FF,FF
1305953,134223,0x1CFF6A00,1,8,FC,FF,FF,FF,FF,FF,FF,FF
1305958,134224,0xCF00400,1,8,FF,FF,FF,AA,46,FF,FF,FF
1305958,134225,0xCFF6600,1,8,D5,08,FF,FF,FF,FF,FF,FF
1305979,134226,0xCF00400,1,8,FF,FF,FF,46,47,FF,FF,FF
1305980,134227,0xCFF6600,1,8,E8,08,FF,FF,FF,FF,FF,FF
1305998,134228,0xCF00400,1,8,FF,FF,FF,46,47,FF,FF,FF
1305999,134229,0xCFF6600,1,8,E8,08,FF,FF,FF,FF,FF,FF
1306018,134230,0xCF00400,1,8,FF,FF,FF,52,48,FF,FF,FF
1306018,134231,0xCFF6600,1,8,0A,09,FF,FF,FF,FF,FF,FF
1306038,134232,0xCF00400,1,8,FF,FF,FF,9E,48,FF,FF,FF
1306038,134233,0xCFF6600,1,8,13,09,FF,FF,FF,FF,FF,FF
1306049,134234,0x18FEF100,1,8,3F,00,00,FF,FF,FF,FF,FF
1306049,134235,0x18F00500,1,8,FF,FF,FF,FF,20,2D,FF,FF
1306050,134236,0x18FEF200,1,8,1B,00,00,02,00,00,00,FF
1306058,134237,0xCF00400,1,8,FF,FF,FF,54,48,FF,FF,FF
1306058,134238,0xCFF6600,1,8,0A,09,FF,FF,FF,FF,FF,FF
1306078,134239,0xCF00400,1,8,FF,FF,FF,54,48,FF,FF,FF
1306078,134240,0xCFF6600,1,8,0A,09,FF,FF,FF,FF,FF,FF
1306098,134241,0xCF00400,1,8,FF,FF,FF,BE,48,FF,FF,FF
1306098,134242,0xCFF6600,1,8,17,09,FF,FF,FF,FF,FF,FF
1306118,134243,0xCF00400,1,8,FF,FF,FF,BA,49,FF,FF,FF
1306118,134244,0xCFF6600,1,8,37,09,FF,FF,FF,FF,FF,FF
1306138,134245,0xCF00400,1,8,FF,FF,FF,CA,49,FF,FF,FF
1306138,134246,0xCFF6600,1,8,39,09,FF,FF,FF,FF,FF,FF
1306148,134247,0x18FEF100,1,8,3F,00,00,FF,FF,FF,FF,FF
1306149,134248,0x10FF6500,1,8,FC,FF,FF,FF,FF,FF,FF,FF
1306149,134249,0x18F00500,1,8,FF,FF,FF,FF,20,2D,FF,FF
1306150,134250,0x18FEF200,1,8,1B,00,00,02,00,00,00,FF
1306158,134251,0xCF00400,1,8,FF,FF,FF,14,49,FF,FF,FF
1306159,134252,0xCFF6600,1,8,22,09,FF,FF,FF,FF,FF,FF
1306178,134253,0xCF00400,1,8,FF,FF,FF,14,49,FF,FF,FF
1306178,134254,0xCFF6600,1,8,22,09,FF,FF,FF,FF,FF,FF
1306198,134255,0xCF00400,1,8,FF,FF,FF,62,48,FF,FF,FF
1306198,134256,0xCFF6600,1,8,0C,09,FF,FF,FF,FF,FF,FF
1306218,134257,0xCF00400,1,8,FF,FF,FF,BA,47,FF,FF,FF
1306218,134258,0xCFF6600,1,8,F7,08,FF,FF,FF,FF,FF,FF
1306238,134259,0xCF00400,1,8,FF,FF,FF,54,47,FF,FF,FF
1306238,134260,0xCFF6600,1,8,EA,08,FF,FF,FF,FF,FF,FF
1306248,134261,0x18FEF100,1,8,3F,00,00,FF,FF,FF,FF,FF
1306249,134262,0x18F00500,1,8,FF,FF,FF,FF,20,2D,FF,FF
1306250,134263,0x18FEF200,1,8,1B,00,00,02,00,00,00,FF
1306258,134264,0xCF00400,1,8,FF,FF,FF,54,47,FF,FF,FF
1306258,134265,0xCFF6600,1,8,EA,08,FF,FF,FF,FF,FF,FF
1306278,134266,0xCF00400,1,8,FF,FF,FF,32,47,FF,FF,FF
1306278,134267,0xCFF6600,1,8,E6,08,FF,FF,FF,FF,FF,FF
1306298,134268,0xCF00400,1,8,FF,FF,FF,26,47,FF,FF,FF
1306298,134269,0xCFF6600,1,8,E4,08,FF,FF,FF,FF,FF,FF
1306318,134270,0xCF00400,1,8,FF,FF,FF,2E,47,FF,FF,FF
1306318,134271,0xCFF6600,1,8,E5,08,FF,FF,FF,FF,FF,FF
1306338,134272,0xCF00400,1,8,FF,FF,FF,2E,47,FF,FF,FF
1306338,134273,0xCFF6600,1,8,E5,08,FF,FF,FF,FF,FF,FF
1306348,134274,0x18FEF100,1,8,3F,00,00,FF,FF,FF,FF,FF
1306349,134275,0x10FF6500,1,8,FC,FF,FF,FF,FF,FF,FF,FF
1306350,134276,0x18F00500,1,8,FF,FF,FF,FF,20,2D,FF,FF
1306350,134277,0x18FEF200,1,8,1B,00,00,02,00,00,00,FF
1306358,134278,0xCF00400,1,8,FF,FF,FF,42,47,FF,FF,FF
1306358,134279,0xCFF6600,1,8,E8,08,FF,FF,FF,FF,FF,FF
1306378,134280,0xCF00400,1,8,FF,FF,FF,5A,47,FF,FF,FF
1306378,134281,0xCFF6600,1,8,EB,08,FF,FF,FF,FF,FF,FF
1306398,134282,0xCF00400,1,8,FF,FF,FF,6C,47,FF,FF,FF
1306402,134283,0xCFF6600,1,8,ED,08,FF,FF,FF,FF,FF,FF
1306425,134284,0xCF00400,1,8,FF,FF,FF,6C,47,FF,FF,FF
1306425,134285,0xCFF6600,1,8,ED,08,FF,FF,FF,FF,FF,FF
1306438,134286,0xCF00400,1,8,FF,FF,FF,7A,47,FF,FF,FF
1306438,134287,0xCFF6600,1,8,EF,08,FF,FF,FF,FF,FF,FF
1306449,134288,0x18FEF100,1,8,3F,00,00,FF,FF,FF,FF,FF
1306449,134289,0x18F00500,1,8,FF,FF,FF,FF,20,2D,FF,FF
1306450,134290,0x18F00600,1,8,FF,FF,FF,FF,FF,FF,FF,FF
1306450,134291,0x18FEF200,1,8,1B,00,00,02,00,00,00,FF
1306451,134292,0x1CFDDF00,1,8,FE,FF,FF,FF,FF,FF,FF,FF
1306452,134293,0x1CFF6A00,1,8,FC,FF,FF,FF,FF,FF,FF,FF
1306458,134294,0xCF00400,1,8,FF,FF,FF,C2,47,FF,FF,FF
1306458,134295,0xCFF6600,1,8,F8,08,FF,FF,FF,FF,FF,FF
1306478,134296,0xCF00400,1,8,FF,FF,FF,3E,48,FF,FF,FF
1306478,134297,0xCFF6600,1,8,07,09,FF,FF,FF,FF,FF,FF
1306498,134298,0xCF00400,1,8,FF,FF,FF,3E,48,FF,FF,FF
1306498,134299,0xCFF6600,1,8,07,09,FF,FF,FF,FF,FF,FF
1306518,134300,0xCF00400,1,8,FF,FF,FF,A0,48,FF,FF,FF
1306518,134301,0xCFF6600,1,8,14,09,FF,FF,FF,FF,FF,FF
1306538,134302,0xCF00400,1,8,FF,FF,FF,EA,48,FF,FF,FF
1306538,134303,0xCFF6600,1,8,1D,09,FF,FF,FF,FF,FF,FF
1306548,134304,0x18FEF100,1,8,3F,00,00,FF,FF,FF,FF,FF
1306549,134305,0x10FF6500,1,8,FC,FF,FF,FF,FF,FF,FF,FF
1306549,134306,0x18F00500,1,8,FF,FF,FF,FF,20,2D,FF,FF
1306550,134307,0x18FEF200,1,8,1B,00,00,02,00,00,00,FF
1306558,134308,0xCF00400,1,8,FF,FF,FF,EC,48,FF,FF,FF
1306558,134309,0xCFF6600,1,8,1D,09,FF,FF,FF,FF,FF,FF
1306578,134310,0xCF00400,1,8,FF,FF,FF,B6,48,FF,FF,FF
1306578,134311,0xCFF6600,1,8,16,09,FF,FF,FF,FF,FF,FF
1306598,134312,0xCF00400,1,8,FF,FF,FF,B6,48,FF,FF,FF
1306599,134313,0xCFF6600,1,8,16,09,FF,FF,FF,FF,FF,FF
1306607,134314,0x18FEEE00,1,8,62,FF,FF,FF,FF,FF,FF,FF
1306608,134315,0x18FDE500,1,8,0A,14,1E,28,32,3C,46,13
1306618,134316,0xCF00400,1,8,FF,FF,FF,AE,48,FF,FF,FF
1306618,134317,0xCFF6600,1,8,15,09,FF,FF,FF,FF,FF,FF
1306628,134318,0x1CECFF00,1,8,20,0A,00,02,FF,CA,FE,00
1306638,134319,0xCF00400,1,8,FF,FF,FF,C8,48,FF,FF,FF
1306638,134320,0xCFF6600,1,8,19,09,FF,FF,FF,FF,FF,FF
1306648,134321,0x18FEF100,1,8,3F,00,00,FF,FF,FF,FF,FF
1306649,134322,0x18F00500,1,8,FF,FF,FF,FF,20,2D,FF,FF
1306650,134323,0x18FEF200,1,8,1B,00,00,01,00,00,00,FF
1306658,134324,0xCF00400,1,8,FF,FF,FF,EA,48,FF,FF,FF
1306658,134325,0xCFF6600,1,8,1D,09,FF,FF,FF,FF,FF,FF
1306678,134326,0xCF00400,1,8,FF,FF,FF,EA,48,FF,FF,FF
1306678,134327,0xCFF6600,1,8,1D,09,FF,FF,FF,FF,FF,FF
1306679,134328,0x1CEBFF00,1,8,01,40,FF,0F,F0,E5,01,02
1306698,134329,0xCF00400,1,8,FF,FF,FF,1A,49,FF,FF,FF
1306698,134330,0xCFF6600,1,8,23,09,FF,FF,FF,FF,FF,FF
1306718,134331,0xCF00400,1,8,FF,FF,FF,32,49,FF,FF,FF
1306718,134332,0xCFF6600,1,8,26,09,FF,FF,FF,FF,FF,FF
1306727,134333,0x1CEBFF00,1,8,02,F0,E3,01,FF,FF,FF,FF
1306738,134334,0xCF00400,1,8,FF,FF,FF,38,49,FF,FF,FF
1306738,134335,0xCFF6600,1,8,27,09,FF,FF,FF,FF,FF,FF
1306748,134336,0x18FEF100,1,8,3F,00,00,FF,FF,FF,FF,FF
1306749,134337,0x10FF6500,1,8,FC,FF,FF,FF,FF,FF,FF,FF
1306749,134338,0x18F00500,1,8,FF,FF,FF,FF,20,2D,FF,FF
1306750,134339,0x18FEF200,1,8,1B,00,00,01,00,00,00,FF
1306758,134340,0xCF00400,1,8,FF,FF,FF,40,49,FF,FF,FF
1306758,134341,0xCFF6600,1,8,28,09,FF,FF,FF,FF,FF,FF
1306778,134342,0xCF00400,1,8,FF,FF,FF,40,49,FF,FF,FF
1306778,134343,0xCFF6600,1,8,28,09,FF,FF,FF,FF,FF,FF
1306798,134344,0xCF00400,1,8,FF,FF,FF,50,49,FF,FF,FF
1306798,134345,0xCFF6600,1,8,2A,09,FF,FF,FF,FF,FF,FF
1306818,134346,0xCF00400,1,8,FF,FF,FF,42,49,FF,FF,FF
1306818,134347,0xCFF6600,1,8,28,09,FF,FF,FF,FF,FF,FF
1306838,134348,0xCF00400,1,8,FF,FF,FF,16,49,FF,FF,FF
1306838,134349,0xCFF6600,1,8,22,09,FF,FF,FF,FF,FF,FF
1306849,134350,0x18FEF100,1,8,3F,00,00,FF,FF,FF,FF,FF
1306849,134351,0x18F00500,1,8,FF,FF,FF,FF,20,2D,FF,FF
1306850,134352,0x18FEF200,1,8,1B,00,00,01,00,00,00,FF
1306858,134353,0xCF00400,1,8,FF,FF,FF,FE,48,FF,FF,FF
1306859,134354,0xCFF6600,1,8,1F,09,FF,FF,FF,FF,FF,FF
1306878,134355,0xCF00400,1,8,FF,FF,FF,FE,48,FF,FF,FF
1306878,134356,0xCFF6600,1,8,1F,09,FF,FF,FF,FF,FF,FF
1306898,134357,0xCF00400,1,8,FF,FF,FF,FE,48,FF,FF,FF
1306898,134358,0xCFF6600,1,8,1F,09,FF,FF,FF,FF,FF,FF
1306918,134359,0xCF00400,1,8,FF,FF,FF,FC,48,FF,FF,FF
1306918,134360,0xCFF6600,1,8,1F,09,FF,FF,FF,FF,FF,FF
1306938,134361,0xCF00400,1,8,FF,FF,FF,FA,48,FF,FF,FF
1306938,134362,0xCFF6600,1,8,1F,09,FF,FF,FF,FF,FF,FF
1306949,134363,0x18FEF100,1,8,3F,00,00,FF,FF,FF,FF,FF
1306949,134364,0x10FF6500,1,8,FC,FF,FF,FF,FF,FF,FF,FF
1306950,134365,0x18F00500,1,8,FF,FF,FF,FF,20,2D,FF,FF
1306950,134366,0x18F00600,1,8,FF,FF,FF,FF,FF,FF,FF,FF
1306951,134367,0x18FEF200,1,8,1B,00,00,01,00,00,00,FF
1306952,134368,0x1CFDDF00,1,8,FE,FF,FF,FF,FF,FF,FF,FF
1306954,134369,0x1CFF6A00,1,8,FC,FF,FF,FF,FF,FF,FF,FF
1306958,134370,0xCF00400,1,8,FF,FF,FF,FA,48,FF,FF,FF
1306958,134371,0xCFF6600,1,8,1F,09,FF,FF,FF,FF,FF,FF
1306978,134372,0xCF00400,1,8,FF,FF,FF,00,49,FF,FF,FF
1306979,134373,0xCFF6600,1,8,20,09,FF,FF,FF,FF,FF,FF
1306998,134374,0xCF00400,1,8,FF,FF,FF,0E,49,FF,FF,FF
1306998,134375,0xCFF6600,1,8,21,09,FF,FF,FF,FF,FF,FF
1307018,134376,0xCF00400,1,8,FF,FF,FF,24,49,FF,FF,FF
1307019,134377,0xCFF6600,1,8,24,09,FF,FF,FF,FF,FF,FF
1307038,134378,0xCF00400,1,8,FF,FF,FF,3E,49,FF,FF,FF
1307039,134379,0xCFF6600,1,8,27,09,FF,FF,FF,FF,FF,FF
1307048,134380,0x18FEF100,1,8,3F,00,00,FF,FF,FF,FF,FF
1307049,134381,0x18F00500,1,8,FF,FF,FF,FF,20,2D,FF,FF
1307050,134382,0x18FEF200,1,8,1B,00,00,01,00,00,00,FF
1307058,134383,0xCF00400,1,8,FF,FF,FF,3E,49,FF,FF,FF
1307058,134384,0xCFF6600,1,8,27,09,FF,FF,FF,FF,FF,FF
1307078,134385,0xCF00400,1,8,FF,FF,FF,60,49,FF,FF,FF
1307078,134386,0xCFF6600,1,8,2C,09,FF,FF,FF,FF,FF,FF
1307098,134387,0xCF00400,1,8,FF,FF,FF,8A,49,FF,FF,FF
1307098,134388,0xCFF6600,1,8,31,09,FF,FF,FF,FF,FF,FF
1307118,134389,0xCF00400,1,8,FF,FF,FF,D4,49,FF,FF,FF
1307118,134390,0xCFF6600,1,8,3A,09,FF,FF,FF,FF,FF,FF
1307138,134391,0xCF00400,1,8,FF,FF,FF,D4,49,FF,FF,FF
1307138,134392,0xCFF6600,1,8,3A,09,FF,FF,FF,FF,FF,FF
1307148,134393,0x18FEF100,1,8,3F,00,00,FF,FF,FF,FF,FF
1307149,134394,0x10FF6500,1,8,FC,FF,FF,FF,FF,FF,FF,FF
1307149,134395,0x18F00500,1,8,FF,FF,FF,FF,20,2D,FF,FF
1307150,134396,0x18FEF200,1,8,1B,00,00,01,00,00,00,FF
1307158,134397,0xCF00400,1,8,FF,FF,FF,3A,4A,FF,FF,FF
1307158,134398,0xCFF6600,1,8,47,09,FF,FF,FF,FF,FF,FF
1307178,134399,0xCF00400,1,8,FF,FF,FF,7A,4A,FF,FF,FF
1307178,134400,0xCFF6600,1,8,4F,09,FF,FF,FF,FF,FF,FF
1307198,134401,0xCF00400,1,8,FF,FF,FF,9E,4A,FF,FF,FF
1307198,134402,0xCFF6600,1,8,53,09,FF,FF,FF,FF,FF,FF
1307218,134403,0xCF00400,1,8,FF,FF,FF,82,4A,FF,FF,FF
1307218,134404,0xCFF6600,1,8,50,09,FF,FF,FF,FF,FF,FF
1307238,134405,0xCF00400,1,8,FF,FF,FF,82,4A,FF,FF,FF
1307238,134406,0xCFF6600,1,8,50,09,FF,FF,FF,FF,FF,FF
1307248,134407,0x18FEF100,1,8,3F,00,00,FF,FF,FF,FF,FF
1307249,134408,0x18F00500,1,8,FF,FF,FF,FF,20,2D,FF,FF
1307250,134409,0x18FEF200,1,8,1B,00,00,01,00,00,00,FF
1307258,134410,0xCF00400,1,8,FF,FF,FF,34,4A,FF,FF,FF
1307258,134411,0xCFF6600,1,8,46,09,FF,FF,FF,FF,FF,FF
1307278,134412,0xCF00400,1,8,FF,FF,FF,00,4A,FF,FF,FF
1307278,134413,0xCFF6600,1,8,40,09,FF,FF,FF,FF,FF,FF
1307298,134414,0xCF00400,1,8,FF,FF,FF,DE,49,FF,FF,FF
1307298,134415,0xCFF6600,1,8,3B,09,FF,FF,FF,FF,FF,FF
1307318,134416,0xCF00400,1,8,FF,FF,FF,9E,49,FF,FF,FF
1307318,134417,0xCFF6600,1,8,33,09,FF,FF,FF,FF,FF,FF
1307338,134418,0xCF00400,1,8,FF,FF,FF,9E,49,FF,FF,FF
1307338,134419,0xCFF6600,1,8,33,09,FF,FF,FF,FF,FF,FF
1307348,134420,0x18FEF100,1,8,3F,00,00,FF,FF,FF,FF,FF
1307349,134421,0x10FF6500,1,8,FC,FF,FF,FF,FF,FF,FF,FF
1307349,134422,0x18F00500,1,8,FF,FF,FF,FF,20,2D,FF,FF
1307350,134423,0x18FEF200,1,8,1B,00,00,01,00,00,00,FF
1307358,134424,0xCF00400,1,8,FF,FF,FF,40,49,FF,FF,FF
1307358,134425,0xCFF6600,1,8,28,09,FF,FF,FF,FF,FF,FF
1307378,134426,0xCF00400,1,8,FF,FF,FF,82,49,FF,FF,FF
1307378,134427,0xCFF6600,1,8,30,09,FF,FF,FF,FF,FF,FF
1307398,134428,0xCF00400,1,8,FF,FF,FF,4A,4A,FF,FF,FF
1307398,134429,0xCFF6600,1,8,49,09,FF,FF,FF,FF,FF,FF
1307418,134430,0xCF00400,1,8,FF,FF,FF,90,4A,FF,FF,FF
1307419,134431,0xCFF6600,1,8,52,09,FF,FF,FF,FF,FF,FF
1307438,134432,0xCF00400,1,8,FF,FF,FF,90,4A,FF,FF,FF
1307438,134433,0xCFF6600,1,8,52,09,FF,FF,FF,FF,FF,FF
1307449,134434,0x18FEF100,1,8,3F,00,00,FF,FF,FF,FF,FF
1307449,134435,0x18F00500,1,8,FF,FF,FF,FF,20,2D,FF,FF
1307450,134436,0x18F00600,1,8,FF,FF,FF,FF,FF,FF,FF,FF
1307450,134437,0x18FEF200,1,8,1B,00,00,01,00,00,00,FF
1307452,134438,0x1CFDDF00,1,8,FE,FF,FF,FF,FF,FF,FF,FF
1307453,134439,0x1CFF6A00,1,8,FC,FF,FF,FF,FF,FF,FF,FF
1307458,134440,0xCF00400,1,8,FF,FF,FF,72,4A,FF,FF,FF
1307459,134441,0xCFF6600,1,8,4E,09,FF,FF,FF,FF,FF,FF
1307478,134442,0xCF00400,1,8,FF,FF,FF,58,4A,FF,FF,FF
1307478,134443,0xCFF6600,1,8,4B,09,FF,FF,FF,FF,FF,FF
1307498,134444,0xCF00400,1,8,FF,FF,FF,42,4A,FF,FF,FF
1307499,134445,0xCFF6600,1,8,48,09,FF,FF,FF,FF,FF,FF
1307518,134446,0xCF00400,1,8,FF,FF,FF,4A,4A,FF,FF,FF
1307519,134447,0xCFF6600,1,8,49,09,FF,FF,FF,FF,FF,FF
1307538,134448,0xCF00400,1,8,FF,FF,FF,4A,4A,FF,FF,FF
1307538,134449,0xCFF6600,1,8,49,09,FF,FF,FF,FF,FF,FF
1307548,134450,0x18FEF100,1,8,3F,00,00,FF,FF,FF,FF,FF
1307549,134451,0x10FF6500,1,8,FC,FF,FF,FF,FF,FF,FF,FF
1307550,134452,0x18F00500,1,8,FF,FF,FF,FF,20,2D,FF,FF
1307550,134453,0x18FEF200,1,8,1B,00,00,01,00,00,00,FF
1307558,134454,0xCF00400,1,8,FF,FF,FF,66,4A,FF,FF,FF
1307559,134455,0xCFF6600,1,8,4C,09,FF,FF,FF,FF,FF,FF
1307578,134456,0xCF00400,1,8,FF,FF,FF,76,4A,FF,FF,FF
1307578,134457,0xCFF6600,1,8,4E,09,FF,FF,FF,FF,FF,FF
1307598,134458,0xCF00400,1,8,FF,FF,FF,7A,4A,FF,FF,FF
1307598,134459,0xCFF6600,1,8,4F,09,FF,FF,FF,FF,FF,FF
1307607,134460,0x18FEEE00,1,8,62,FF,FF,FF,FF,FF,FF,FF
1307608,134461,0x18FDE500,1,8,0A,14,1E,28,32,3C,46,13
1307617,134462,0xCF00400,1,8,FF,FF,FF,7A,4A,FF,FF,FF
1307618,134463,0xCFF6600,1,8,4F,09,FF,FF,FF,FF,FF,FF
1307627,134464,0x1CECFF00,1,8,20,0A,00,02,FF,CA,FE,00
1307638,134465,0xCF00400,1,8,FF,FF,FF,60,4A,FF,FF,FF
1307640,134466,0xCFF6600,1,8,4C,09,FF,FF,FF,FF,FF,FF
1307649,134467,0x18FEF100,1,8,3F,00,00,FF,FF,FF,FF,FF
1307650,134468,0x18F00500,1,8,FF,FF,FF,FF,20,2D,FF,FF
1307650,134469,0x18FEF200,1,8,1C,00,00,00,00,00,00,FF
1307658,134470,0xCF00400,1,8,FF,FF,FF,30,4A,FF,FF,FF
1307658,134471,0xCFF6600,1,8,46,09,FF,FF,FF,FF,FF,FF
1307678,134472,0xCF00400,1,8,FF,FF,FF,46,4A,FF,FF,FF
1307679,134473,0xCFF6600,1,8,48,09,FF,FF,FF,FF,FF,FF
1307679,134474,0x1CEBFF00,1,8,01,40,FF,0F,F0,E5,01,02
1307698,134475,0xCF00400,1,8,FF,FF,FF,92,4A,FF,FF,FF
1307698,134476,0xCFF6600,1,8,52,09,FF,FF,FF,FF,FF,FF
1307718,134477,0xCF00400,1,8,FF,FF,FF,92,4A,FF,FF,FF
1307718,134478,0xCFF6600,1,8,52,09,FF,FF,FF,FF,FF,FF
1307727,134479,0x1CEBFF00,1,8,02,F0,E3,01,FF,FF,FF,FF
1307738,134480,0xCF00400,1,8,FF,FF,FF,8E,4A,FF,FF,FF
1307738,134481,0xCFF6600,1,8,51,09,FF,FF,FF,FF,FF,FF
1307748,134482,0x18FEF100,1,8,3F,00,00,FF,FF,FF,FF,FF
1307749,134483,0x10FF6500,1,8,FC,FF,FF,FF,FF,FF,FF,FF
1307750,134484,0x18F00500,1,8,FF,FF,FF,FF,20,2D,FF,FF
1307750,134485,0x18FEF200,1,8,1C,00,00,00,00,00,00,FF
1307758,134486,0xCF00400,1,8,FF,FF,FF,42,4A,FF,FF,FF
1307765,134487,0xCFF6600,1,8,48,09,FF,FF,FF,FF,FF,FF
1307779,134488,0xCF00400,1,8,FF,FF,FF,F2,49,FF,FF,FF
1307779,134489,0xCFF6600,1,8,3E,09,FF,FF,FF,FF,FF,FF
1307798,134490,0xCF00400,1,8,FF,FF,FF,96,49,FF,FF,FF
1307798,134491,0xCFF6600,1,8,32,09,FF,FF,FF,FF,FF,FF
1307819,134492,0xCF00400,1,8,FF,FF,FF,96,49,FF,FF,FF
1307819,134493,0xCFF6600,1,8,32,09,FF,FF,FF,FF,FF,FF
1307838,134494,0xCF00400,1,8,FF,FF,FF,9E,49,FF,FF,FF
1307838,134495,0xCFF6600,1,8,33,09,FF,FF,FF,FF,FF,FF
1307849,134496,0x18FEF100,1,8,3F,00,00,FF,FF,FF,FF,FF
1307850,134497,0x18F00500,1,8,FF,FF,FF,FF,20,2D,FF,FF
1307851,134498,0x18FEF200,1,8,1C,00,00,00,00,00,00,FF
1307858,134499,0xCF00400,1,8,FF,FF,FF,04,4A,FF,FF,FF
1307858,134500,0xCFF6600,1,8,40,09,FF,FF,FF,FF,FF,FF
1307878,134501,0xCF00400,1,8,FF,FF,FF,DC,49,FF,FF,FF
1307878,134502,0xCFF6600,1,8,3B,09,FF,FF,FF,FF,FF,FF
1307898,134503,0xCF00400,1,8,FF,FF,FF,32,49,FF,FF,FF
1307899,134504,0xCFF6600,1,8,26,09,FF,FF,FF,FF,FF,FF
1307918,134505,0xCF00400,1,8,FF,FF,FF,32,49,FF,FF,FF
1307918,134506,0xCFF6600,1,8,26,09,FF,FF,FF,FF,FF,FF
1307938,134507,0xCF00400,1,8,FF,FF,FF,04,49,FF,FF,FF
1307938,134508,0xCFF6600,1,8,20,09,FF,FF,FF,FF,FF,FF
1307948,134509,0x18FEF100,1,8,3F,00,00,FF,FF,FF,FF,FF
1307949,134510,0x10FF6500,1,8,FC,FF,FF,FF,FF,FF,FF,FF
1307949,134511,0x18F00500,1,8,FF,FF,FF,FF,20,2D,FF,FF
1307950,134512,0x18F00600,1,8,FF,FF,FF,FF,FF,FF,FF,FF
1307951,134513,0x18FEF200,1,8,1C,00,00,00,00,00,00,FF
1307951,134514,0x1CFDDF00,1,8,FE,FF,FF,FF,FF,FF,FF,FF
1307952,134515,0x1CFF6A00,1,8,FC,FF,FF,FF,FF,FF,FF,FF
1307958,134516,0xCF00400,1,8,FF,FF,FF,3E,49,FF,FF,FF
1307958,134517,0xCFF6600,1,8,27,09,FF,FF,FF,FF,FF,FF
1307978,134518,0xCF00400,1,8,FF,FF,FF,48,49,FF,FF,FF
1307978,134519,0xCFF6600,1,8,29,09,FF,FF,FF,FF,FF,FF
1307998,134520,0xCF00400,1,8,FF,FF,FF,48,49,FF,FF,FF
1307998,134521,0xCFF6600,1,8,29,09,FF,FF,FF,FF,FF,FF
1308018,134522,0xCF00400,1,8,FF,FF,FF,30,49,FF,FF,FF
1308018,134523,0xCFF6600,1,8,26,09,FF,FF,FF,FF,FF,FF
1308038,134524,0xCF00400,1,8,FF,FF,FF,24,49,FF,FF,FF
1308039,134525,0xCFF6600,1,8,24,09,FF,FF,FF,FF,FF,FF
1308049,134526,0x18FEF100,1,8,3F,00,00,FF,FF,FF,FF,FF
1308050,134527,0x18F00500,1,8,FF,FF,FF,FF,20,2D,FF,FF
1308050,134528,0x18FEF200,1,8,1C,00,00,00,00,00,00,FF
1308058,134529,0xCF00400,1,8,FF,FF,FF,20,49,FF,FF,FF
1308059,134530,0xCFF6600,1,8,24,09,FF,FF,FF,FF,FF,FF
1308078,134531,0xCF00400,1,8,FF,FF,FF,6C,49,FF,FF,FF
1308079,134532,0xCFF6600,1,8,2D,09,FF,FF,FF,FF,FF,FF
1308098,134533,0xCF00400,1,8,FF,FF,FF,6C,49,FF,FF,FF
1308098,134534,0xCFF6600,1,8,2D,09,FF,FF,FF,FF,FF,FF
1308118,134535,0xCF00400,1,8,FF,FF,FF,F6,49,FF,FF,FF
1308119,134536,0xCFF6600,1,8,3E,09,FF,FF,FF,FF,FF,FF
1308138,134537,0xCF00400,1,8,FF,FF,FF,32,4A,FF,FF,FF
1308138,134538,0xCFF6600,1,8,46,09,FF,FF,FF,FF,FF,FF
1308148,134539,0x18FEF100,1,8,3F,00,00,FF,FF,FF,FF,FF
1308149,134540,0x10FF6500,1,8,FC,FF,FF,FF,FF,FF,FF,FF
1308150,134541,0x18F00500,1,8,FF,FF,FF,FF,20,2D,FF,FF
1308150,134542,0x18FEF200,1,8,1C,00,00,00,00,00,00,FF
1308158,134543,0xCF00400,1,8,FF,FF,FF,2E,4A,FF,FF,FF
1308158,134544,0xCFF6600,1,8,45,09,FF,FF,FF,FF,FF,FF
1308178,134545,0xCF00400,1,8,FF,FF,FF,38,4A,FF,FF,FF
1308179,134546,0xCFF6600,1,8,47,09,FF,FF,FF,FF,FF,FF
1308197,134547,0xCF00400,1,8,FF,FF,FF,38,4A,FF,FF,FF
1308198,134548,0xCFF6600,1,8,47,09,FF,FF,FF,FF,FF,FF
1308218,134549,0xCF00400,1,8,FF,FF,FF,52,4A,FF,FF,FF
1308218,134550,0xCFF6600,1,8,4A,09,FF,FF,FF,FF,FF,FF
1308238,134551,0xCF00400,1,8,FF,FF,FF,FC,49,FF,FF,FF
1308238,134552,0xCFF6600,1,8,3F,09,FF,FF,FF,FF,FF,FF
1308248,134553,0x18FEF100,1,8,3F,00,00,FF,FF,FF,FF,FF
1308249,134554,0x18F00500,1,8,FF,FF,FF,FF,20,2D,FF,FF
1308250,134555,0x18FEF200,1,8,1C,00,00,00,00,00,00,FF
1308258,134556,0xCF00400,1,8,FF,FF,FF,44,49,FF,FF,FF
1308258,134557,0xCFF6600,1,8,28,09,FF,FF,FF,FF,FF,FF
1308278,134558,0xCF00400,1,8,FF,FF,FF,44,49,FF,FF,FF
1308278,134559,0xCFF6600,1,8,28,09,FF,FF,FF,FF,FF,FF
1308298,134560,0xCF00400,1,8,FF,FF,FF,E0,48,FF,FF,FF
1308298,134561,0xCFF6600,1,8,1C,09,FF,FF,FF,FF,FF,FF
1308318,134562,0xCF00400,1,8,FF,FF,FF,C4,48,FF,FF,FF
1308318,134563,0xCFF6600,1,8,18,09,FF,FF,FF,FF,FF,FF
1308338,134564,0xCF00400,1,8,FF,FF,FF,D2,48,FF,FF,FF
1308340,134565,0xCFF6600,1,8,1A,09,FF,FF,FF,FF,FF,FF
1308348,134566,0x18FEF100,1,8,3F,00,00,FF,FF,FF,FF,FF
1308349,134567,0x10FF6500,1,8,FC,FF,FF,FF,FF,FF,FF,FF
1308349,134568,0x18F00500,1,8,FF,FF,FF,FF,20,2D,FF,FF
1308350,134569,0x18FEF200,1,8,1C,00,00,00,00,00,00,FF
1308358,134570,0xCF00400,1,8,FF,FF,FF,04,49,FF,FF,FF
1308359,134571,0xCFF6600,1,8,20,09,FF,FF,FF,FF,FF,FF
1308378,134572,0xCF00400,1,8,FF,FF,FF,04,49,FF,FF,FF
1308378,134573,0xCFF6600,1,8,20,09,FF,FF,FF,FF,FF,FF
1308398,134574,0xCF00400,1,8,FF,FF,FF,5E,49,FF,FF,FF
1308398,134575,0xCFF6600,1,8,2B,09,FF,FF,FF,FF,FF,FF
1308418,134576,0xCF00400,1,8,FF,FF,FF,DA,49,FF,FF,FF
1308418,134577,0xCFF6600,1,8,3B,09,FF,FF,FF,FF,FF,FF
1308438,134578,0xCF00400,1,8,FF,FF,FF,28,4A,FF,FF,FF
1308438,134579,0xCFF6600,1,8,45,09,FF,FF,FF,FF,FF,FF
1308449,134580,0x18FEF100,1,8,3F,00,00,FF,FF,FF,FF,FF
1308449,134581,0x18F00500,1,8,FF,FF,FF,FF,20,2D,FF,FF
1308450,134582,0x18F00600,1,8,FF,FF,FF,FF,FF,FF,FF,FF
1308450,134583,0x18FEF200,1,8,1C,00,00,00,00,00,00,FF
1308451,134584,0x1CFDDF00,1,8,FE,FF,FF,FF,FF,FF,FF,FF
1308452,134585,0x1CFF6A00,1,8,FC,FF,FF,FF,FF,FF,FF,FF
1308458,134586,0xCF00400,1,8,FF,FF,FF,28,4A,FF,FF,FF
1308458,134587,0xCFF6600,1,8,45,09,FF,FF,FF,FF,FF,FF
1308478,134588,0xCF00400,1,8,FF,FF,FF,58,4A,FF,FF,FF
1308478,134589,0xCFF6600,1,8,4B,09,FF,FF,FF,FF,FF,FF
1308498,134590,0xCF00400,1,8,FF,FF,FF,A2,4A,FF,FF,FF
1308498,134591,0xCFF6600,1,8,54,09,FF,FF,FF,FF,FF,FF
1308518,134592,0xCF00400,1,8,FF,FF,FF,FA,4A,FF,FF,FF
1308518,134593,0xCFF6600,1,8,5F,09,FF,FF,FF,FF,FF,FF
1308538,134594,0xCF00400,1,8,FF,FF,FF,AA,4A,FF,FF,FF
1308538,134595,0xCFF6600,1,8,55,09,FF,FF,FF,FF,FF,FF
1308548,134596,0x18FEF100,1,8,3F,00,00,FF,FF,FF,FF,FF
1308549,134597,0x10FF6500,1,8,FC,FF,FF,FF,FF,FF,FF,FF
1308549,134598,0x18F00500,1,8,FF,FF,FF,FF,20,2D,FF,FF
1308550,134599,0x18FEF200,1,8,1C,00,00,00,00,00,00,FF
1308558,134600,0xCF00400,1,8,FF,FF,FF,AA,4A,FF,FF,FF
1308558,134601,0xCFF6600,1,8,55,09,FF,FF,FF,FF,FF,FF
1308578,134602,0xCF00400,1,8,FF,FF,FF,BE,49,FF,FF,FF
1308578,134603,0xCFF6600,1,8,37,09,FF,FF,FF,FF,FF,FF
1308598,134604,0xCF00400,1,8,FF,FF,FF,3A,49,FF,FF,FF
1308599,134605,0xCFF6600,1,8,27,09,FF,FF,FF,FF,FF,FF
1308607,134606,0x18FEEE00,1,8,62,FF,FF,FF,FF,FF,FF,FF
1308608,134607,0x18FDE500,1,8,0A,14,1E,28,32,3C,46,13
1308618,134608,0xCF00400,1,8,FF,FF,FF,1A,49,FF,FF,FF
1308618,134609,0xCFF6600,1,8,23,09,FF,FF,FF,FF,FF,FF
1308627,134610,0x1CECFF00,1,8,20,0A,00,02,FF,CA,FE,00
1308638,134611,0xCF00400,1,8,FF,FF,FF,54,49,FF,FF,FF
1308638,134612,0xCFF6600,1,8,2A,09,FF,FF,FF,FF,FF,FF
1308649,134613,0x18FEF100,1,8,3F,00,00,FF,FF,FF,FF,FF
1308649,134614,0x18F00500,1,8,FF,FF,FF,FF,20,2D,FF,FF
1308650,134615,0x18FEF200,1,8,1A,00,00,00,00,00,00,FF
1308658,134616,0xCF00400,1,8,FF,FF,FF,54,49,FF,FF,FF
1308658,134617,0xCFF6600,1,8,2A,09,FF,FF,FF,FF,FF,FF
1308678,134618,0xCF00400,1,8,FF,FF,FF,D8,49,FF,FF,FF
1308678,134619,0xCFF6600,1,8,3B,09,FF,FF,FF,FF,FF,FF
1308679,134620,0x1CEBFF00,1,8,01,40,FF,0F,F0,E5,01,02
1308698,134621,0xCF00400,1,8,FF,FF,FF,24,4A,FF,FF,FF
1308698,134622,0xCFF6600,1,8,44,09,FF,FF,FF,FF,FF,FF
1308718,134623,0xCF00400,1,8,FF,FF,FF,46,4A,FF,FF,FF
1308718,134624,0xCFF6600,1,8,48,09,FF,FF,FF,FF,FF,FF
1308727,134625,0x1CEBFF00,1,8,02,F0,E3,01,FF,FF,FF,FF
1308738,134626,0xCF00400,1,8,FF,FF,FF,88,4A,FF,FF,FF
1308739,134627,0xCFF6600,1,8,51,09,FF,FF,FF,FF,FF,FF
1308748,134628,0x18FEF100,1,8,3F,00,00,FF,FF,FF,FF,FF
1308749,134629,0x10FF6500,1,8,FC,FF,FF,FF,FF,FF,FF,FF
1308750,134630,0x18F00500,1,8,FF,FF,FF,FF,20,2D,FF,FF
1308751,134631,0x18FEF200,1,8,1A,00,00,00,00,00,00,FF
1308758,134632,0xCF00400,1,8,FF,FF,FF,88,4A,FF,FF,FF
1308758,134633,0xCFF6600,1,8,51,09,FF,FF,FF,FF,FF,FF
1308778,134634,0xCF00400,1,8,FF,FF,FF,E4,4A,FF,FF,FF
1308778,134635,0xCFF6600,1,8,5C,09,FF,FF,FF,FF,FF,FF
1308798,134636,0xCF00400,1,8,FF,FF,FF,0C,4B,FF,FF,FF
1308798,134637,0xCFF6600,1,8,61,09,FF,FF,FF,FF,FF,FF
1308818,134638,0xCF00400,1,8,FF,FF,FF,0C,4B,FF,FF,FF
1308818,134639,0xCFF6600,1,8,61,09,FF,FF,FF,FF,FF,FF
1308838,134640,0xCF00400,1,8,FF,FF,FF,62,4B,FF,FF,FF
1308838,134641,0xCFF6600,1,8,6C,09,FF,FF,FF,FF,FF,FF
1308849,134642,0x18FEF100,1,8,3F,00,00,FF,FF,FF,FF,FF
1308849,134643,0x18F00500,1,8,FF,FF,FF,FF,20,2D,FF,FF
1308850,134644,0x18FEF200,1,8,1A,00,00,00,00,00,00,FF
1308858,134645,0xCF00400,1,8,FF,FF,FF,62,4B,FF,FF,FF
1308858,134646,0xCFF6600,1,8,6C,09,FF,FF,FF,FF,FF,FF
1308878,134647,0xCF00400,1,8,FF,FF,FF,F6,4B,FF,FF,FF
1308878,134648,0xCFF6600,1,8,7E,09,FF,FF,FF,FF,FF,FF
1308898,134649,0xCF00400,1,8,FF,FF,FF,16,4C,FF,FF,FF
1308898,134650,0xCFF6600,1,8,82,09,FF,FF,FF,FF,FF,FF
1308918,134651,0xCF00400,1,8,FF,FF,FF,DC,4B,FF,FF,FF
1308918,134652,0xCFF6600,1,8,7B,09,FF,FF,FF,FF,FF,FF
1308938,134653,0xCF00400,1,8,FF,FF,FF,C4,4B,FF,FF,FF
1308938,134654,0xCFF6600,1,8,78,09,FF,FF,FF,FF,FF,FF
1308949,134655,0x18FEF100,1,8,3F,00,00,FF,FF,FF,FF,FF
1308949,134656,0x10FF6500,1,8,FC,FF,FF,FF,FF,FF,FF,FF
1308950,134657,0x18F00500,1,8,FF,FF,FF,FF,20,2D,FF,FF
1308951,134658,0x18F00600,1,8,FF,FF,FF,FF,FF,FF,FF,FF
1308951,134659,0x18FEF200,1,8,1A,00,00,00,00,00,00,FF
1308952,134660,0x1CFDDF00,1,8,FE,FF,FF,FF,FF,FF,FF,FF
1308953,134661,0x1CFF6A00,1,8,FC,FF,FF,FF,FF,FF,FF,FF
1308958,134662,0xCF00400,1,8,FF,FF,FF,C4,4B,FF,FF,FF
1308958,134663,0xCFF6600,1,8,78,09,FF,FF,FF,FF,FF,FF
1308978,134664,0xCF00400,1,8,FF,FF,FF,CE,4B,FF,FF,FF
1308978,134665,0xCFF6600,1,8,79,09,FF,FF,FF,FF,FF,FF
1308998,134666,0xCF00400,1,8,FF,FF,FF,DC,4B,FF,FF,FF
1308998,134667,0xCFF6600,1,8,7B,09,FF,FF,FF,FF,FF,FF
1309018,134668,0xCF00400,1,8,FF,FF,FF,E8,4B,FF,FF,FF
1309019,134669,0xCFF6600,1,8,7D,09,FF,FF,FF,FF,FF,FF
1309038,134670,0xCF00400,1,8,FF,FF,FF,06,4C,FF,FF,FF
1309038,134671,0xCFF6600,1,8,80,09,FF,FF,FF,FF,FF,FF
1309049,134672,0x18FEF100,1,8,3F,00,00,FF,FF,FF,FF,FF
1309049,134673,0x18F00500,1,8,FF,FF,FF,FF,20,2D,FF,FF
1309050,134674,0x18FEF200,1,8,1A,00,00,00,00,00,00,FF
1309057,134675,0xCF00400,1,8,FF,FF,FF,06,4C,FF,FF,FF
1309058,134676,0xCFF6600,1,8,80,09,FF,FF,FF,FF,FF,FF
1309078,134677,0xCF00400,1,8,FF,FF,FF,30,4C,FF,FF,FF
1309078,134678,0xCFF6600,1,8,86,09,FF,FF,FF,FF,FF,FF
1309098,134679,0xCF00400,1,8,FF,FF,FF,30,4C,FF,FF,FF
1309098,134680,0xCFF6600,1,8,86,09,FF,FF,FF,FF,FF,FF
1309118,134681,0xCF00400,1,8,FF,FF,FF,12,4C,FF,FF,FF
1309118,134682,0xCFF6600,1,8,82,09,FF,FF,FF,FF,FF,FF
1309138,134683,0xCF00400,1,8,FF,FF,FF,0E,4C,FF,FF,FF
1309138,134684,0xCFF6600,1,8,81,09,FF,FF,FF,FF,FF,FF
1309148,134685,0x18FEF100,1,8,3F,00,00,FF,FF,FF,FF,FF
1309149,134686,0x10FF6500,1,8,FC,FF,FF,FF,FF,FF,FF,FF
1309149,134687,0x18F00500,1,8,FF,FF,FF,FF,20,2D,FF,FF
1309150,134688,0x18FEF200,1,8,1A,00,00,00,00,00,00,FF
1309158,134689,0xCF00400,1,8,FF,FF,FF,2A,4C,FF,FF,FF
1309167,134690,0xCFF6600,1,8,85,09,FF,FF,FF,FF,FF,FF
1309178,134691,0xCF00400,1,8,FF,FF,FF,2A,4C,FF,FF,FF
1309178,134692,0xCFF6600,1,8,85,09,FF,FF,FF,FF,FF,FF
1309198,134693,0xCF00400,1,8,FF,FF,FF,DA,4B,FF,FF,FF
1309198,134694,0xCFF6600,1,8,7B,09,FF,FF,FF,FF,FF,FF
1309218,134695,0xCF00400,1,8,FF,FF,FF,28,4B,FF,FF,FF
1309219,134696,0xCFF6600,1,8,65,09,FF,FF,FF,FF,FF,FF
1309238,134697,0xCF00400,1,8,FF,FF,FF,CA,4A,FF,FF,FF
1309238,134698,0xCFF6600,1,8,59,09,FF,FF,FF,FF,FF,FF
1309249,134699,0x18FEF100,1,8,3F,00,00,FF,FF,FF,FF,FF
1309250,134700,0x18F00500,1,8,FF,FF,FF,FF,20,2D,FF,FF
1309250,134701,0x18FEF200,1,8,1A,00,00,00,00,00,00,FF
1309258,134702,0xCF00400,1,8,FF,FF,FF,B4,4A,FF,FF,FF
1309259,134703,0xCFF6600,1,8,56,09,FF,FF,FF,FF,FF,FF
1309278,134704,0xCF00400,1,8,FF,FF,FF,B4,4A,FF,FF,FF
1309278,134705,0xCFF6600,1,8,56,09,FF,FF,FF,FF,FF,FF
1309298,134706,0xCF00400,1,8,FF,FF,FF,72,4A,FF,FF,FF
1309298,134707,0xCFF6600,1,8,4E,09,FF,FF,FF,FF,FF,FF
1309318,134708,0xCF00400,1,8,FF,FF,FF,10,4A,FF,FF,FF
1309318,134709,0xCFF6600,1,8,42,09,FF,FF,FF,FF,FF,FF
1309338,134710,0xCF00400,1,8,FF,FF,FF,04,4A,FF,FF,FF
1309338,134711,0xCFF6600,1,8,40,09,FF,FF,FF,FF,FF,FF
1309348,134712,0x18FEF100,1,8,3F,00,00,FF,FF,FF,FF,FF
1309349,134713,0x10FF6500,1,8,FC,FF,FF,FF,FF,FF,FF,FF
1309350,134714,0x18F00500,1,8,FF,FF,FF,FF,20,2D,FF,FF
1309350,134715,0x18FEF200,1,8,1A,00,00,00,00,00,00,FF
1309358,134716,0xCF00400,1,8,FF,FF,FF,04,4A,FF,FF,FF
1309358,134717,0xCFF6600,1,8,40,09,FF,FF,FF,FF,FF,FF
1309378,134718,0xCF00400,1,8,FF,FF,FF,4C,4A,FF,FF,FF
1309378,134719,0xCFF6600,1,8,49,09,FF,FF,FF,FF,FF,FF
1309398,134720,0xCF00400,1,8,FF,FF,FF,7C,4A,FF,FF,FF
1309398,134721,0xCFF6600,1,8,4F,09,FF,FF,FF,FF,FF,FF
1309418,134722,0xCF00400,1,8,FF,FF,FF,94,4A,FF,FF,FF
1309418,134723,0xCFF6600,1,8,52,09,FF,FF,FF,FF,FF,FF
1309438,134724,0xCF00400,1,8,FF,FF,FF,84,4A,FF,FF,FF
1309438,134725,0xCFF6600,1,8,50,09,FF,FF,FF,FF,FF,FF
1309448,134726,0x18FEF100,1,8,3F,00,00,FF,FF,FF,FF,FF
1309449,134727,0x18F00500,1,8,FF,FF,FF,FF,20,2D,FF,FF
1309450,134728,0x18F00600,1,8,FF,FF,FF,FF,FF,FF,FF,FF
1309450,134729,0x18FEF200,1,8,1A,00,00,00,00,00,00,FF
1309451,134730,0x1CFDDF00,1,8,FE,FF,FF,FF,FF,FF,FF,FF
1309452,134731,0x1CFF6A00,1,8,FC,FF,FF,FF,FF,FF,FF,FF
1309458,134732,0xCF00400,1,8,FF,FF,FF,84,4A,FF,FF,FF
1309458,134733,0xCFF6600,1,8,50,09,FF,FF,FF,FF,FF,FF
1309478,134734,0xCF00400,1,8,FF,FF,FF,4A,4A,FF,FF,FF
1309478,134735,0xCFF6600,1,8,49,09,FF,FF,FF,FF,FF,FF
1309498,134736,0xCF00400,1,8,FF,FF,FF,72,4A,FF,FF,FF
1309498,134737,0xCFF6600,1,8,4E,09,FF,FF,FF,FF,FF,FF
1309518,134738,0xCF00400,1,8,FF,FF,FF,FC,4A,FF,FF,FF
1309518,134739,0xCFF6600,1,8,5F,09,FF,FF,FF,FF,FF,FF
1309538,134740,0xCF00400,1,8,FF,FF,FF,E4,4A,FF,FF,FF
1309538,134741,0xCFF6600,1,8,5C,09,FF,FF,FF,FF,FF,FF
1309549,134742,0x18FEF100,1,8,3F,00,00,FF,FF,FF,FF,FF
1309549,134743,0x10FF6500,1,8,FC,FF,FF,FF,FF,FF,FF,FF
1309550,134744,0x18F00500,1,8,FF,FF,FF,FF,20,2D,FF,FF
1309550,134745,0x18FEF200,1,8,1A,00,00,00,00,00,00,FF
1309558,134746,0xCF00400,1,8,FF,FF,FF,E4,4A,FF,FF,FF
1309558,134747,0xCFF6600,1,8,5C,09,FF,FF,FF,FF,FF,FF
1309578,134748,0xCF00400,1,8,FF,FF,FF,42,4A,FF,FF,FF
1309578,134749,0xCFF6600,1,8,48,09,FF,FF,FF,FF,FF,FF
1309598,134750,0xCF00400,1,8,FF,FF,FF,D2,49,FF,FF,FF
1309600,134751,0xCFF6600,1,8,3A,09,FF,FF,FF,FF,FF,FF
1309607,134752,0x18FEEE00,1,8,62,FF,FF,FF,FF,FF,FF,FF
1309608,134753,0x18FDE500,1,8,0A,14,1E,28,32,3C,46,13
1309618,134754,0xCF00400,1,8,FF,FF,FF,90,49,FF,FF,FF
1309618,134755,0xCFF6600,1,8,32,09,FF,FF,FF,FF,FF,FF
1309627,134756,0x1CECFF00,1,8,20,0A,00,02,FF,CA,FE,00
1309638,134757,0xCF00400,1,8,FF,FF,FF,0C,4A,FF,FF,FF
1309638,134758,0xCFF6600,1,8,41,09,FF,FF,FF,FF,FF,FF
1309649,134759,0x18FEF100,1,8,3F,00,00,FF,FF,FF,FF,FF
1309649,134760,0x18F00500,1,8,FF,FF,FF,FF,20,2D,FF,FF
1309650,134761,0x18FEF200,1,8,1C,00,00,00,00,00,00,FF
1309658,134762,0xCF00400,1,8,FF,FF,FF,0C,4A,FF,FF,FF
1309658,134763,0xCFF6600,1,8,41,09,FF,FF,FF,FF,FF,FF
1309678,134764,0xCF00400,1,8,FF,FF,FF,1A,4B,FF,FF,FF
1309678,134765,0xCFF6600,1,8,63,09,FF,FF,FF,FF,FF,FF
1309679,134766,0x1CEBFF00,1,8,01,40,FF,0F,F0,E5,01,02
1309698,134767,0xCF00400,1,8,FF,FF,FF,D4,4B,FF,FF,FF
1309698,134768,0xCFF6600,1,8,7A,09,FF,FF,FF,FF,FF,FF
1309718,134769,0xCF00400,1,8,FF,FF,FF,56,4C,FF,FF,FF
1309718,134770,0xCFF6600,1,8,8A,09,FF,FF,FF,FF,FF,FF
1309727,134771,0x1CEBFF00,1,8,02,F0,E3,01,FF,FF,FF,FF
1309738,134772,0xCF00400,1,8,FF,FF,FF,20,4C,FF,FF,FF
1309738,134773,0xCFF6600,1,8,84,09,FF,FF,FF,FF,FF,FF
1309749,134774,0x18FEF100,1,8,3F,00,00,FF,FF,FF,FF,FF
1309749,134775,0x10FF6500,1,8,FC,FF,FF,FF,FF,FF,FF,FF
1309750,134776,0x18F00500,1,8,FF,FF,FF,FF,20,2D,FF,FF
1309750,134777,0x18FEF200,1,8,1C,00,00,00,00,00,00,FF
1309758,134778,0xCF00400,1,8,FF,FF,FF,20,4C,FF,FF,FF
1309758,134779,0xCFF6600,1,8,84,09,FF,FF,FF,FF,FF,FF
1309778,134780,0xCF00400,1,8,FF,FF,FF,42,4B,FF,FF,FF
1309778,134781,0xCFF6600,1,8,68,09,FF,FF,FF,FF,FF,FF
1309798,134782,0xCF00400,1,8,FF,FF,FF,AE,4A,FF,FF,FF
1309798,134783,0xCFF6600,1,8,55,09,FF,FF,FF,FF,FF,FF
1309818,134784,0xCF00400,1,8,FF,FF,FF,64,4A,FF,FF,FF
1309818,134785,0xCFF6600,1,8,4C,09,FF,FF,FF,FF,FF,FF
1309838,134786,0xCF00400,1,8,FF,FF,FF,5C,4A,FF,FF,FF
1309838,134787,0xCFF6600,1,8,4B,09,FF,FF,FF,FF,FF,FF
1309849,134788,0x18FEF100,1,8,3F,00,00,FF,FF,FF,FF,FF
1309849,134789,0x18F00500,1,8,FF,FF,FF,FF,20,2D,FF,FF
1309850,134790,0x18FEF200,1,8,1C,00,00,00,00,00,00,FF
1309858,134791,0xCF00400,1,8,FF,FF,FF,5C,4A,FF,FF,FF
1309858,134792,0xCFF6600,1,8,4B,09,FF,FF,FF,FF,FF,FF
1309878,134793,0xCF00400,1,8,FF,FF,FF,8E,4A,FF,FF,FF
1309878,134794,0xCFF6600,1,8,51,09,FF,FF,FF,FF,FF,FF
1309898,134795,0xCF00400,1,8,FF,FF,FF,C6,4A,FF,FF,FF
1309898,134796,0xCFF6600,1,8,58,09,FF,FF,FF,FF,FF,FF
1309918,134797,0xCF00400,1,8,FF,FF,FF,FE,4A,FF,FF,FF
1309918,134798,0xCFF6600,1,8,5F,09,FF,FF,FF,FF,FF,FF
1309938,134799,0xCF00400,1,8,FF,FF,FF,FC,4A,FF,FF,FF
1309938,134800,0xCFF6600,1,8,5F,09,FF,FF,FF,FF,FF,FF
1309949,134801,0x18FEF100,1,8,3F,00,00,FF,FF,FF,FF,FF
1309949,134802,0x10FF6500,1,8,FC,FF,FF,FF,FF,FF,FF,FF
1309950,134803,0x18F00500,1,8,FF,FF,FF,FF,20,2D,FF,FF
1309951,134804,0x18F00600,1,8,FF,FF,FF,FF,FF,FF,FF,FF
1309952,134805,0x18FEF200,1,8,1C,00,00,00,00,00,00,FF
1309952,134806,0x1CFDDF00,1,8,FE,FF,FF,FF,FF,FF,FF,FF
1309953,134807,0x1CFF6A00,1,8,FC,FF,FF,FF,FF,FF,FF,FF
1309958,134808,0xCF00400,1,8,FF,FF,FF,FC,4A,FF,FF,FF
1309958,134809,0xCFF6600,1,8,5F,09,FF,FF,FF,FF,FF,FF
1309978,134810,0xCF00400,1,8,FF,FF,FF,CE,4A,FF,FF,FF
1309978,134811,0xCFF6600,1,8,59,09,FF,FF,FF,FF,FF,FF
1309998,134812,0xCF00400,1,8,FF,FF,FF,B0,4A,FF,FF,FF
1309998,134813,0xCFF6600,1,8,56,09,FF,FF,FF,FF,FF,FF
1310018,134814,0xCF00400,1,8,FF,FF,FF,A0,4A,FF,FF,FF
1310018,134815,0xCFF6600,1,8,54,09,FF,FF,FF,FF,FF,FF
1310038,134816,0xCF00400,1,8,FF,FF,FF,E2,4A,FF,FF,FF
1310038,134817,0xCFF6600,1,8,5C,09,FF,FF,FF,FF,FF,FF
1310049,134818,0x18FEF100,1,8,3F,00,00,FF,FF,FF,FF,FF
1310049,134819,0x18F00500,1,8,FF,FF,FF,FF,20,2D,FF,FF
1310050,134820,0x18FEF200,1,8,1C,00,00,00,00,00,00,FF
1310058,134821,0xCF00400,1,8,FF,FF,FF,E2,4A,FF,FF,FF
1310058,134822,0xCFF6600,1,8,5C,09,FF,FF,FF,FF,FF,FF
1310078,134823,0xCF00400,1,8,FF,FF,FF,6A,4B,FF,FF,FF
1310078,134824,0xCFF6600,1,8,6D,09,FF,FF,FF,FF,FF,FF
1310098,134825,0xCF00400,1,8,FF,FF,FF,D0,4B,FF,FF,FF
1310098,134826,0xCFF6600,1,8,7A,09,FF,FF,FF,FF,FF,FF
1310118,134827,0xCF00400,1,8,FF,FF,FF,1C,4C,FF,FF,FF
1310118,134828,0xCFF6600,1,8,83,09,FF,FF,FF,FF,FF,FF
1310138,134829,0xCF00400,1,8,FF,FF,FF,3C,4C,FF,FF,FF
1310138,134830,0xCFF6600,1,8,87,09,FF,FF,FF,FF,FF,FF
1310148,134831,0x18FEF100,1,8,3F,00,00,FF,FF,FF,FF,FF
1310149,134832,0x10FF6500,1,8,FC,FF,FF,FF,FF,FF,FF,FF
1310149,134833,0x18F00500,1,8,FF,FF,FF,FF,20,2D,FF,FF
1310150,134834,0x18FEF200,1,8,1C,00,00,00,00,00,00,FF
1310158,134835,0xCF00400,1,8,FF,FF,FF,3C,4C,FF,FF,FF
1310158,134836,0xCFF6600,1,8,87,09,FF,FF,FF,FF,FF,FF
1310178,134837,0xCF00400,1,8,FF,FF,FF,3C,4C,FF,FF,FF
1310178,134838,0xCFF6600,1,8,87,09,FF,FF,FF,FF,FF,FF
1310198,134839,0xCF00400,1,8,FF,FF,FF,22,4C,FF,FF,FF
1310198,134840,0xCFF6600,1,8,84,09,FF,FF,FF,FF,FF,FF
1310218,134841,0xCF00400,1,8,FF,FF,FF,F8,4B,FF,FF,FF
1310218,134842,0xCFF6600,1,8,7F,09,FF,FF,FF,FF,FF,FF
1310238,134843,0xCF00400,1,8,FF,FF,FF,CC,4B,FF,FF,FF
1310238,134844,0xCFF6600,1,8,79,09,FF,FF,FF,FF,FF,FF
1310248,134845,0x18FEF100,1,8,3F,00,00,FF,FF,FF,FF,FF
1310249,134846,0x18F00500,1,8,FF,FF,FF,FF,20,2D,FF,FF
1310250,134847,0x18FEF200,1,8,1C,00,00,00,00,00,00,FF
1310258,134848,0xCF00400,1,8,FF,FF,FF,9A,4B,FF,FF,FF
1310259,134849,0xCFF6600,1,8,73,09,FF,FF,FF,FF,FF,FF
1310278,134850,0xCF00400,1,8,FF,FF,FF,9A,4B,FF,FF,FF
1310278,134851,0xCFF6600,1,8,73,09,FF,FF,FF,FF,FF,FF
1310298,134852,0xCF00400,1,8,FF,FF,FF,AA,4B,FF,FF,FF
1310298,134853,0xCFF6600,1,8,75,09,FF,FF,FF,FF,FF,FF
1310318,134854,0xCF00400,1,8,FF,FF,FF,F4,4B,FF,FF,FF
1310318,134855,0xCFF6600,1,8,7E,09,FF,FF,FF,FF,FF,FF
1310338,134856,0xCF00400,1,8,FF,FF,FF,C8,4B,FF,FF,FF
1310338,134857,0xCFF6600,1,8,79,09,FF,FF,FF,FF,FF,FF
1310348,134858,0x18FEF100,1,8,3F,00,00,FF,FF,FF,FF,FF
1310349,134859,0x10FF6500,1,8,FC,FF,FF,FF,FF,FF,FF,FF
1310349,134860,0x18F00500,1,8,FF,FF,FF,FF,20,2D,FF,FF
1310350,134861,0x18FEF200,1,8,1C,00,00,00,00,00,00,FF
1310358,134862,0xCF00400,1,8,FF,FF,FF,22,4B,FF,FF,FF
1310359,134863,0xCFF6600,1,8,64,09,FF,FF,FF,FF,FF,FF
1310378,134864,0xCF00400,1,8,FF,FF,FF,22,4B,FF,FF,FF
1310378,134865,0xCFF6600,1,8,64,09,FF,FF,FF,FF,FF,FF
1310398,134866,0xCF00400,1,8,FF,FF,FF,52,4B,FF,FF,FF
1310398,134867,0xCFF6600,1,8,6A,09,FF,FF,FF,FF,FF,FF
1310418,134868,0xCF00400,1,8,FF,FF,FF,40,4C,FF,FF,FF
1310418,134869,0xCFF6600,1,8,88,09,FF,FF,FF,FF,FF,FF
1310438,134870,0xCF00400,1,8,FF,FF,FF,AE,4C,FF,FF,FF
1310438,134871,0xCFF6600,1,8,95,09,FF,FF,FF,FF,FF,FF
1310449,134872,0x18FEF100,1,8,3F,00,00,FF,FF,FF,FF,FF
1310449,134873,0x18F00500,1,8,FF,FF,FF,FF,20,2D,FF,FF
1310450,134874,0x18F00600,1,8,FF,FF,FF,FF,FF,FF,FF,FF
1310451,134875,0x18FEF200,1,8,1C,00,00,00,00,00,00,FF
1310451,134876,0x1CFDDF00,1,8,FE,FF,FF,FF,FF,FF,FF,FF
1310452,134877,0x1CFF6A00,1,8,FC,FF,FF,FF,FF,FF,FF,FF
1310458,134878,0xCF00400,1,8,FF,FF,FF,BC,4C,FF,FF,FF
1310458,134879,0xCFF6600,1,8,97,09,FF,FF,FF,FF,FF,FF
1310478,134880,0xCF00400,1,8,FF,FF,FF,BC,4C,FF,FF,FF
1310478,134881,0xCFF6600,1,8,97,09,FF,FF,FF,FF,FF,FF
1310498,134882,0xCF00400,1,8,FF,FF,FF,5E,4C,FF,FF,FF
1310498,134883,0xCFF6600,1,8,8B,09,FF,FF,FF,FF,FF,FF
1310518,134884,0xCF00400,1,8,FF,FF,FF,A4,4B,FF,FF,FF
1310518,134885,0xCFF6600,1,8,74,09,FF,FF,FF,FF,FF,FF
1310538,134886,0xCF00400,1,8,FF,FF,FF,24,4B,FF,FF,FF
1310538,134887,0xCFF6600,1,8,64,09,FF,FF,FF,FF,FF,FF
1310548,134888,0x18FEF100,1,8,3F,00,00,FF,FF,FF,FF,FF
1310549,134889,0x18F00500,1,8,FF,FF,FF,FF,20,2D,FF,FF
1310549,134890,0x10FF6500,1,8,FC,FF,FF,FF,FF,FF,FF,FF
1310550,134891,0x18FEF200,1,8,1C,00,00,00,00,00,00,FF
1310558,134892,0xCF00400,1,8,FF,FF,FF,D6,4A,FF,FF,FF
1310558,134893,0xCFF6600,1,8,5A,09,FF,FF,FF,FF,FF,FF
1310578,134894,0xCF00400,1,8,FF,FF,FF,D6,4A,FF,FF,FF
1310578,134895,0xCFF6600,1,8,5A,09,FF,FF,FF,FF,FF,FF
1310598,134896,0xCF00400,1,8,FF,FF,FF,F4,4A,FF,FF,FF
1310598,134897,0xCFF6600,1,8,5E,09,FF,FF,FF,FF,FF,FF
1310607,134898,0x18FEEE00,1,8,62,FF,FF,FF,FF,FF,FF,FF
1310608,134899,0x18FDE500,1,8,0A,14,1E,28,32,3C,46,13
1310618,134900,0xCF00400,1,8,FF,FF,FF,72,4B,FF,FF,FF
1310618,134901,0xCFF6600,1,8,6E,09,FF,FF,FF,FF,FF,FF
1310627,134902,0x1CECFF00,1,8,20,0A,00,02,FF,CA,FE,00
1310638,134903,0xCF00400,1,8,FF,FF,FF,9E,4B,FF,FF,FF
1310638,134904,0xCFF6600,1,8,73,09,FF,FF,FF,FF,FF,FF
1310649,134905,0x18FEF100,1,8,3F,00,00,FF,FF,FF,FF,FF
1310650,134906,0x18F00500,1,8,FF,FF,FF,FF,20,2D,FF,FF
1310651,134907,0x18FEF200,1,8,1D,00,00,00,00,00,00,FF
1310658,134908,0xCF00400,1,8,FF,FF,FF,8A,4B,FF,FF,FF
1310658,134909,0xCFF6600,1,8,71,09,FF,FF,FF,FF,FF,FF
1310678,134910,0xCF00400,1,8,FF,FF,FF,8A,4B,FF,FF,FF
1310678,134911,0xCFF6600,1,8,71,09,FF,FF,FF,FF,FF,FF
1310679,134912,0x1CEBFF00,1,8,01,40,FF,0F,F0,E5,01,02
1310698,134913,0xCF00400,1,8,FF,FF,FF,42,4B,FF,FF,FF
1310698,134914,0xCFF6600,1,8,68,09,FF,FF,FF,FF,FF,FF
1310718,134915,0xCF00400,1,8,FF,FF,FF,C4,4A,FF,FF,FF
1310718,134916,0xCFF6600,1,8,58,09,FF,FF,FF,FF,FF,FF
1310727,134917,0x1CEBFF00,1,8,02,F0,E3,01,FF,FF,FF,FF
1310738,134918,0xCF00400,1,8,FF,FF,FF,96,4A,FF,FF,FF
1310738,134919,0xCFF6600,1,8,52,09,FF,FF,FF,FF,FF,FF
1310748,134920,0x18FEF100,1,8,3F,00,00,FF,FF,FF,FF,FF
1310749,134921,0x18F00500,1,8,FF,FF,FF,FF,20,2D,FF,FF
1310749,134922,0x10FF6500,1,8,FC,FF,FF,FF,FF,FF,FF,FF
1310750,134923,0x18FEF200,1,8,1D,00,00,00,00,00,00,FF
1310758,134924,0xCF00400,1,8,FF,FF,FF,B4,4A,FF,FF,FF
1310758,134925,0xCFF6600,1,8,56,09,FF,FF,FF,FF,FF,FF
1310778,134926,0xCF00400,1,8,FF,FF,FF,B4,4A,FF,FF,FF
1310778,134927,0xCFF6600,1,8,56,09,FF,FF,FF,FF,FF,FF
1310798,134928,0xCF00400,1,8,FF,FF,FF,F6,4A,FF,FF,FF
1310798,134929,0xCFF6600,1,8,5E,09,FF,FF,FF,FF,FF,FF
1310818,134930,0xCF00400,1,8,FF,FF,FF,4E,4B,FF,FF,FF
1310818,134931,0xCFF6600,1,8,69,09,FF,FF,FF,FF,FF,FF
1310838,134932,0xCF00400,1,8,FF,FF,FF,34,4B,FF,FF,FF
1310838,134933,0xCFF6600,1,8,66,09,FF,FF,FF,FF,FF,FF
1310849,134934,0x18FEF100,1,8,3F,00,00,FF,FF,FF,FF,FF
1310849,134935,0x18F00500,1,8,FF,FF,FF,FF,20,2D,FF,FF
1310850,134936,0x18FEF200,1,8,1D,00,00,00,00,00,00,FF
1310858,134937,0xCF00400,1,8,FF,FF,FF,C0,4A,FF,FF,FF
1310858,134938,0xCFF6600,1,8,58,09,FF,FF,FF,FF,FF,FF
1310878,134939,0xCF00400,1,8,FF,FF,FF,C0,4A,FF,FF,FF
1310878,134940,0xCFF6600,1,8,58,09,FF,FF,FF,FF,FF,FF
1310898,134941,0xCF00400,1,8,FF,FF,FF,B0,4A,FF,FF,FF
1310899,134942,0xCFF6600,1,8,56,09,FF,FF,FF,FF,FF,FF
1310918,134943,0xCF00400,1,8,FF,FF,FF,F8,4A,FF,FF,FF
1310918,134944,0xCFF6600,1,8,5F,09,FF,FF,FF,FF,FF,FF
1310938,134945,0xCF00400,1,8,FF,FF,FF,FE,4A,FF,FF,FF
1310938,134946,0xCFF6600,1,8,5F,09,FF,FF,FF,FF,FF,FF
1310948,134947,0x18FEF100,1,8,3F,00,00,FF,FF,FF,FF,FF
1310949,134948,0x18F00500,1,8,FF,FF,FF,FF,20,2D,FF,FF
1310949,134949,0x10FF6500,1,8,FC,FF,FF,FF,FF,FF,FF,FF
1310950,134950,0x18F00600,1,8,FF,FF,FF,FF,FF,FF,FF,FF
1310951,134951,0x18FEF200,1,8,1D,00,00,00,00,00,00,FF
1310951,134952,0x1CFDDF00,1,8,FE,FF,FF,FF,FF,FF,FF,FF
1310952,134953,0x1CFF6A00,1,8,FC,FF,FF,FF,FF,FF,FF,FF
1310958,134954,0xCF00400,1,8,FF,FF,FF,D0,4A,FF,FF,FF
1310958,134955,0xCFF6600,1,8,5A,09,FF,FF,FF,FF,FF,FF
1310978,134956,0xCF00400,1,8,FF,FF,FF,D0,4A,FF,FF,FF
1310979,134957,0xCFF6600,1,8,5A,09,FF,FF,FF,FF,FF,FF
1310998,134958,0xCF00400,1,8,FF,FF,FF,04,4B,FF,FF,FF
1310998,134959,0xCFF6600,1,8,60,09,FF,FF,FF,FF,FF,FF
1311018,134960,0xCF00400,1,8,FF,FF,FF,8C,4B,FF,FF,FF
1311018,134961,0xCFF6600,1,8,71,09,FF,FF,FF,FF,FF,FF
1311038,134962,0xCF00400,1,8,FF,FF,FF,58,4B,FF,FF,FF
1311038,134963,0xCFF6600,1,8,6B,09,FF,FF,FF,FF,FF,FF
1311048,134964,0x18FEF100,1,8,3F,00,00,FF,FF,FF,FF,FF
1311049,134965,0x18F00500,1,8,FF,FF,FF,FF,20,2D,FF,FF
1311050,134966,0x18FEF200,1,8,1D,00,00,00,00,00,00,FF
1311058,134967,0xCF00400,1,8,FF,FF,FF,82,4A,FF,FF,FF
1311058,134968,0xCFF6600,1,8,50,09,FF,FF,FF,FF,FF,FF
1311078,134969,0xCF00400,1,8,FF,FF,FF,82,4A,FF,FF,FF
1311079,134970,0xCFF6600,1,8,50,09,FF,FF,FF,FF,FF,FF
1311098,134971,0xCF00400,1,8,FF,FF,FF,28,4A,FF,FF,FF
1311098,134972,0xCFF6600,1,8,45,09,FF,FF,FF,FF,FF,FF
1311118,134973,0xCF00400,1,8,FF,FF,FF,48,4A,FF,FF,FF
1311118,134974,0xCFF6600,1,8,49,09,FF,FF,FF,FF,FF,FF
1311138,134975,0xCF00400,1,8,FF,FF,FF,6E,4A,FF,FF,FF
1311138,134976,0xCFF6600,1,8,4D,09,FF,FF,FF,FF,FF,FF
1311148,134977,0x18FEF100,1,8,3F,00,00,FF,FF,FF,FF,FF
1311149,134978,0x10FF6500,1,8,FC,FF,FF,FF,FF,FF,FF,FF
1311149,134979,0x18F00500,1,8,FF,FF,FF,FF,20,2D,FF,FF
1311150,134980,0x18FEF200,1,8,1D,00,00,00,00,00,00,FF
1311158,134981,0xCF00400,1,8,FF,FF,FF,90,4A,FF,FF,FF
1311159,134982,0xCFF6600,1,8,52,09,FF,FF,FF,FF,FF,FF
1311178,134983,0xCF00400,1,8,FF,FF,FF,90,4A,FF,FF,FF
1311178,134984,0xCFF6600,1,8,52,09,FF,FF,FF,FF,FF,FF
1311198,134985,0xCF00400,1,8,FF,FF,FF,EA,4A,FF,FF,FF
1311198,134986,0xCFF6600,1,8,5D,09,FF,FF,FF,FF,FF,FF
1311218,134987,0xCF00400,1,8,FF,FF,FF,76,4B,FF,FF,FF
1311218,134988,0xCFF6600,1,8,6E,09,FF,FF,FF,FF,FF,FF
1311238,134989,0xCF00400,1,8,FF,FF,FF,74,4B,FF,FF,FF
1311238,134990,0xCFF6600,1,8,6E,09,FF,FF,FF,FF,FF,FF
1311248,134991,0x18FEF100,1,8,3F,00,00,FF,FF,FF,FF,FF
1311249,134992,0x18F00500,1,8,FF,FF,FF,FF,20,2D,FF,FF
1311250,134993,0x18FEF200,1,8,1D,00,00,00,00,00,00,FF
1311258,134994,0xCF00400,1,8,FF,FF,FF,FA,4A,FF,FF,FF
1311258,134995,0xCFF6600,1,8,5F,09,FF,FF,FF,FF,FF,FF
1311278,134996,0xCF00400,1,8,FF,FF,FF,FA,4A,FF,FF,FF
1311278,134997,0xCFF6600,1,8,5F,09,FF,FF,FF,FF,FF,FF
1311298,134998,0xCF00400,1,8,FF,FF,FF,A0,4A,FF,FF,FF
1311298,134999,0xCFF6600,1,8,54,09,FF,FF,FF,FF,FF,FF
1311318,135000,0xCF00400,1,8,FF,FF,FF,62,4A,FF,FF,FF
1311319,135001,0xCFF6600,1,8,4C,09,FF,FF,FF,FF,FF,FF
1311338,135002,0xCF00400,1,8,FF,FF,FF,74,4A,FF,FF,FF
1311338,135003,0xCFF6600,1,8,4E,09,FF,FF,FF,FF,FF,FF
1311348,135004,0x18FEF100,1,8,3F,00,00,FF,FF,FF,FF,FF
1311349,135005,0x10FF6500,1,8,FC,FF,FF,FF,FF,FF,FF,FF
1311349,135006,0x18F00500,1,8,FF,FF,FF,FF,20,2D,FF,FF
1311350,135007,0x18FEF200,1,8,1D,00,00,00,00,00,00,FF
1311358,135008,0xCF00400,1,8,FF,FF,FF,C4,4A,FF,FF,FF
1311358,135009,0xCFF6600,1,8,58,09,FF,FF,FF,FF,FF,FF
1311378,135010,0xCF00400,1,8,FF,FF,FF,C4,4A,FF,FF,FF
1311378,135011,0xCFF6600,1,8,58,09,FF,FF,FF,FF,FF,FF
1311398,135012,0xCF00400,1,8,FF,FF,FF,D0,4A,FF,FF,FF
1311398,135013,0xCFF6600,1,8,5A,09,FF,FF,FF,FF,FF,FF
1311418,135014,0xCF00400,1,8,FF,FF,FF,A2,4A,FF,FF,FF
1311418,135015,0xCFF6600,1,8,54,09,FF,FF,FF,FF,FF,FF
1311438,135016,0xCF00400,1,8,FF,FF,FF,32,4A,FF,FF,FF
1311438,135017,0xCFF6600,1,8,46,09,FF,FF,FF,FF,FF,FF
1311448,135018,0x18FEF100,1,8,3F,00,00,FF,FF,FF,FF,FF
1311449,135019,0x18F00500,1,8,FF,FF,FF,FF,20,2D,FF,FF
1311450,135020,0x18F00600,1,8,FF,FF,FF,FF,FF,FF,FF,FF
1311450,135021,0x18FEF200,1,8,1D,00,00,00,00,00,00,FF
1311451,135022,0x1CFDDF00,1,8,FE,FF,FF,FF,FF,FF,FF,FF
1311453,135023,0x1CFF6A00,1,8,FC,FF,FF,FF,FF,FF,FF,FF
1311458,135024,0xCF00400,1,8,FF,FF,FF,86,49,FF,FF,FF
1311459,135025,0xCFF6600,1,8,30,09,FF,FF,FF,FF,FF,FF
1311478,135026,0xCF00400,1,8,FF,FF,FF,86,49,FF,FF,FF
1311478,135027,0xCFF6600,1,8,30,09,FF,FF,FF,FF,FF,FF
1311498,135028,0xCF00400,1,8,FF,FF,FF,A2,49,FF,FF,FF
1311499,135029,0xCFF6600,1,8,34,09,FF,FF,FF,FF,FF,FF
1311518,135030,0xCF00400,1,8,FF,FF,FF,66,4A,FF,FF,FF
1311519,135031,0xCFF6600,1,8,4C,09,FF,FF,FF,FF,FF,FF
1311538,135032,0xCF00400,1,8,FF,FF,FF,8E,4A,FF,FF,FF
1311538,135033,0xCFF6600,1,8,51,09,FF,FF,FF,FF,FF,FF
1311548,135034,0x18FEF100,1,8,3F,00,00,FF,FF,FF,FF,FF
1311549,135035,0x18F00500,1,8,FF,FF,FF,FF,20,2D,FF,FF
1311549,135036,0x10FF6500,1,8,FC,FF,FF,FF,FF,FF,FF,FF
1311550,135037,0x18FEF200,1,8,1D,00,00,00,00,00,00,FF
1311558,135038,0xCF00400,1,8,FF,FF,FF,3A,4A,FF,FF,FF
1311559,135039,0xCFF6600,1,8,47,09,FF,FF,FF,FF,FF,FF
1311578,135040,0xCF00400,1,8,FF,FF,FF,3A,4A,FF,FF,FF
1311578,135041,0xCFF6600,1,8,47,09,FF,FF,FF,FF,FF,FF
1311598,135042,0xCF00400,1,8,FF,FF,FF,28,4A,FF,FF,FF
1311598,135043,0xCFF6600,1,8,45,09,FF,FF,FF,FF,FF,FF
1311607,135044,0x18FEEE00,1,8,62,FF,FF,FF,FF,FF,FF,FF
1311608,135045,0x18FDE500,1,8,0A,14,1E,28,32,3C,46,13
1311618,135046,0xCF00400,1,8,FF,FF,FF,5A,4A,FF,FF,FF
1311618,135047,0xCFF6600,1,8,4B,09,FF,FF,FF,FF,FF,FF
1311627,135048,0x1CECFF00,1,8,20,0A,00,02,FF,CA,FE,00
1311638,135049,0xCF00400,1,8,FF,FF,FF,88,4A,FF,FF,FF
1311638,135050,0xCFF6600,1,8,51,09,FF,FF,FF,FF,FF,FF
1311649,135051,0x18FEF100,1,8,3F,00,00,FF,FF,FF,FF,FF
1311649,135052,0x18F00500,1,8,FF,FF,FF,FF,20,2D,FF,FF
1311650,135053,0x18FEF200,1,8,1A,00,00,00,00,00,00,FF
1311658,135054,0xCF00400,1,8,FF,FF,FF,88,4A,FF,FF,FF
1311658,135055,0xCFF6600,1,8,51,09,FF,FF,FF,FF,FF,FF
1311678,135056,0xCF00400,1,8,FF,FF,FF,AE,4A,FF,FF,FF
1311678,135057,0xCFF6600,1,8,55,09,FF,FF,FF,FF,FF,FF
1311679,135058,0x1CEBFF00,1,8,01,40,FF,0F,F0,E5,01,02
1311698,135059,0xCF00400,1,8,FF,FF,FF,10,4B,FF,FF,FF
1311698,135060,0xCFF6600,1,8,62,09,FF,FF,FF,FF,FF,FF
1311718,135061,0xCF00400,1,8,FF,FF,FF,A8,4B,FF,FF,FF
1311718,135062,0xCFF6600,1,8,75,09,FF,FF,FF,FF,FF,FF
1311727,135063,0x1CEBFF00,1,8,02,F0,E3,01,FF,FF,FF,FF
1311738,135064,0xCF00400,1,8,FF,FF,FF,A2,4B,FF,FF,FF
1311738,135065,0xCFF6600,1,8,74,09,FF,FF,FF,FF,FF,FF
1311748,135066,0x18FEF100,1,8,3F,00,00,FF,FF,FF,FF,FF
1311749,135067,0x10FF6500,1,8,FC,FF,FF,FF,FF,FF,FF,FF
1311750,135068,0x18F00500,1,8,FF,FF,FF,FF,20,2D,FF,FF
1311751,135069,0x18FEF200,1,8,1A,00,00,00,00,00,00,FF
1311758,135070,0xCF00400,1,8,FF,FF,FF,A2,4B,FF,FF,FF
1311758,135071,0xCFF6600,1,8,74,09,FF,FF,FF,FF,FF,FF
1311778,135072,0xCF00400,1,8,FF,FF,FF,0E,4B,FF,FF,FF
1311778,135073,0xCFF6600,1,8,61,09,FF,FF,FF,FF,FF,FF
1311798,135074,0xCF00400,1,8,FF,FF,FF,08,4B,FF,FF,FF
1311798,135075,0xCFF6600,1,8,61,09,FF,FF,FF,FF,FF,FF
1311818,135076,0xCF00400,1,8,FF,FF,FF,82,4B,FF,FF,FF
1311818,135077,0xCFF6600,1,8,70,09,FF,FF,FF,FF,FF,FF
1311838,135078,0xCF00400,1,8,FF,FF,FF,C0,4B,FF,FF,FF
1311838,135079,0xCFF6600,1,8,78,09,FF,FF,FF,FF,FF,FF
1311848,135080,0x18FEF100,1,8,3F,00,00,FF,FF,FF,FF,FF
1311850,135081,0x18F00500,1,8,FF,FF,FF,FF,20,2D,FF,FF
1311850,135082,0x18FEF200,1,8,1A,00,00,00,00,00,00,FF
1311858,135083,0xCF00400,1,8,FF,FF,FF,CE,4B,FF,FF,FF
1311859,135084,0xCFF6600,1,8,79,09,FF,FF,FF,FF,FF,FF
1311878,135085,0xCF00400,1,8,FF,FF,FF,CE,4B,FF,FF,FF
1311878,135086,0xCFF6600,1,8,79,09,FF,FF,FF,FF,FF,FF
1311898,135087,0xCF00400,1,8,FF,FF,FF,BE,4B,FF,FF,FF
1311898,135088,0xCFF6600,1,8,77,09,FF,FF,FF,FF,FF,FF
1311918,135089,0xCF00400,1,8,FF,FF,FF,98,4B,FF,FF,FF
1311918,135090,0xCFF6600,1,8,73,09,FF,FF,FF,FF,FF,FF
1311938,135091,0xCF00400,1,8,FF,FF,FF,06,4C,FF,FF,FF
1311938,135092,0xCFF6600,1,8,80,09,FF,FF,FF,FF,FF,FF
1311948,135093,0x18FEF100,1,8,3F,00,00,FF,FF,FF,FF,FF
1311949,135094,0x10FF6500,1,8,FC,FF,FF,FF,FF,FF,FF,FF
1311950,135095,0x18F00500,1,8,FF,FF,FF,FF,20,2D,FF,FF
1311950,135096,0x18F00600,1,8,FF,FF,FF,FF,FF,FF,FF,FF
1311951,135097,0x18FEF200,1,8,1A,00,00,00,00,00,00,FF
1311951,135098,0x1CFDDF00,1,8,FE,FF,FF,FF,FF,FF,FF,FF
1311952,135099,0x1CFF6A00,1,8,FC,FF,FF,FF,FF,FF,FF,FF
1311958,135100,0xCF00400,1,8,FF,FF,FF,E0,4C,FF,FF,FF
1311958,135101,0xCFF6600,1,8,9C,09,FF,FF,FF,FF,FF,FF
1311978,135102,0xCF00400,1,8,FF,FF,FF,E0,4C,FF,FF,FF
1311978,135103,0xCFF6600,1,8,9C,09,FF,FF,FF,FF,FF,FF
1311998,135104,0xCF00400,1,8,FF,FF,FF,CC,4C,FF,FF,FF
1311998,135105,0xCFF6600,1,8,99,09,FF,FF,FF,FF,FF,FF
1312018,135106,0xCF00400,1,8,FF,FF,FF,F2,4B,FF,FF,FF
1312018,135107,0xCFF6600,1,8,7E,09,FF,FF,FF,FF,FF,FF
1312038,135108,0xCF00400,1,8,FF,FF,FF,60,4B,FF,FF,FF
1312038,135109,0xCFF6600,1,8,6C,09,FF,FF,FF,FF,FF,FF
1312048,135110,0x18FEF100,1,8,3F,00,00,FF,FF,FF,FF,FF
1312049,135111,0x18F00500,1,8,FF,FF,FF,FF,20,2D,FF,FF
1312050,135112,0x18FEF200,1,8,1A,00,00,00,00,00,00,FF
1312058,135113,0xCF00400,1,8,FF,FF,FF,10,4B,FF,FF,FF
1312058,135114,0xCFF6600,1,8,62,09,FF,FF,FF,FF,FF,FF
1312078,135115,0xCF00400,1,8,FF,FF,FF,10,4B,FF,FF,FF
1312078,135116,0xCFF6600,1,8,62,09,FF,FF,FF,FF,FF,FF
1312098,135117,0xCF00400,1,8,FF,FF,FF,E8,4A,FF,FF,FF
1312100,135118,0xCFF6600,1,8,5D,09,FF,FF,FF,FF,FF,FF
1312118,135119,0xCF00400,1,8,FF,FF,FF,E4,4A,FF,FF,FF
1312118,135120,0xCFF6600,1,8,5C,09,FF,FF,FF,FF,FF,FF
1312138,135121,0xCF00400,1,8,FF,FF,FF,0A,4B,FF,FF,FF
1312138,135122,0xCFF6600,1,8,61,09,FF,FF,FF,FF,FF,FF
1312148,135123,0x18FEF100,1,8,3F,00,00,FF,FF,FF,FF,FF
1312149,135124,0x10FF6500,1,8,FC,FF,FF,FF,FF,FF,FF,FF
1312150,135125,0x18F00500,1,8,FF,FF,FF,FF,20,2D,FF,FF
1312150,135126,0x18FEF200,1,8,1A,00,00,00,00,00,00,FF
1312158,135127,0xCF00400,1,8,FF,FF,FF,5A,4B,FF,FF,FF
1312158,135128,0xCFF6600,1,8,6B,09,FF,FF,FF,FF,FF,FF
1312178,135129,0xCF00400,1,8,FF,FF,FF,5A,4B,FF,FF,FF
1312178,135130,0xCFF6600,1,8,6B,09,FF,FF,FF,FF,FF,FF
1312198,135131,0xCF00400,1,8,FF,FF,FF,2E,4B,FF,FF,FF
1312198,135132,0xCFF6600,1,8,65,09,FF,FF,FF,FF,FF,FF
1312218,135133,0xCF00400,1,8,FF,FF,FF,96,4A,FF,FF,FF
1312219,135134,0xCFF6600,1,8,52,09,FF,FF,FF,FF,FF,FF
1312238,135135,0xCF00400,1,8,FF,FF,FF,40,4A,FF,FF,FF
1312239,135136,0xCFF6600,1,8,48,09,FF,FF,FF,FF,FF,FF
1312249,135137,0x18F00500,1,8,FF,FF,FF,FF,20,2D,FF,FF
1312249,135138,0x18FEF100,1,8,3F,00,00,FF,FF,FF,FF,FF
1312250,135139,0x18FEF200,1,8,1A,00,00,00,00,00,00,FF
1312258,135140,0xCF00400,1,8,FF,FF,FF,26,4A,FF,FF,FF
1312259,135141,0xCFF6600,1,8,44,09,FF,FF,FF,FF,FF,FF
1312294,135142,0xCF00400,1,8,FF,FF,FF,26,4A,FF,FF,FF
1312294,135143,0xCFF6600,1,8,44,09,FF,FF,FF,FF,FF,FF
1312296,135144,0x18EEFF00,1,8,08,CF,60,06,00,00,00,00
1312300,135145,0xCF00400,1,8,FF,FF,FF,5C,4A,FF,FF,FF
1312301,135146,0xCFF6600,1,8,4B,09,FF,FF,FF,FF,FF,FF
1312318,135147,0xCF00400,1,8,FF,FF,FF,D0,4A,FF,FF,FF
1312319,135148,0xCFF6600,1,8,5A,09,FF,FF,FF,FF,FF,FF
1312339,135149,0xCF00400,1,8,FF,FF,FF,F2,4A,FF,FF,FF
1312339,135150,0xCFF6600,1,8,5E,09,FF,FF,FF,FF,FF,FF
1312348,135151,0x18FEF100,1,8,3F,00,00,FF,FF,FF,FF,FF
1312349,135152,0x10FF6500,1,8,FC,FF,FF,FF,FF,FF,FF,FF
1312350,135153,0x18F00500,1,8,FF,FF,FF,FF,20,2D,FF,FF
1312350,135154,0x18FEF200,1,8,1A,00,00,00,00,00,00,FF
1312360,135155,0xCF00400,1,8,FF,FF,FF,D6,4A,FF,FF,FF
1312361,135156,0xCFF6600,1,8,5A,09,FF,FF,FF,FF,FF,FF
1312378,135157,0xCF00400,1,8,FF,FF,FF,D6,4A,FF,FF,FF
1312378,135158,0xCFF6600,1,8,5A,09,FF,FF,FF,FF,FF,FF
1312398,135159,0xCF00400,1,8,FF,FF,FF,7E,4A,FF,FF,FF
1312399,135160,0xCFF6600,1,8,4F,09,FF,FF,FF,FF,FF,FF
1312418,135161,0xCF00400,1,8,FF,FF,FF,E4,49,FF,FF,FF
1312418,135162,0xCFF6600,1,8,3C,09,FF,FF,FF,FF,FF,FF
1312439,135163,0xCF00400,1,8,FF,FF,FF,CE,49,FF,FF,FF
1312439,135164,0xCFF6600,1,8,39,09,FF,FF,FF,FF,FF,FF
1312449,135165,0x18F00500,1,8,FF,FF,FF,FF,20,2D,FF,FF
1312449,135166,0x18F00600,1,8,FF,FF,FF,FF,FF,FF,FF,FF
1312450,135167,0x18FEF100,1,8,3F,00,00,FF,FF,FF,FF,FF
1312451,135168,0x18FEF200,1,8,1A,00,00,00,00,00,00,FF
1312451,135169,0x1CFDDF00,1,8,FE,FF,FF,FF,FF,FF,FF,FF
1312452,135170,0x1CFF6A00,1,8,FC,FF,FF,FF,FF,FF,FF,FF
1312477,135171,0xCF00400,1,8,FF,FF,FF,2A,4A,FF,FF,FF
1312478,135172,0xCFF6600,1,8,45,09,FF,FF,FF,FF,FF,FF
1312498,135173,0xCF00400,1,8,FF,FF,FF,64,4A,FF,FF,FF
1312498,135174,0xCFF6600,1,8,4C,09,FF,FF,FF,FF,FF,FF
1312518,135175,0xCF00400,1,8,FF,FF,FF,8A,4A,FF,FF,FF
1312519,135176,0xCFF6600,1,8,51,09,FF,FF,FF,FF,FF,FF
1312539,135177,0xCF00400,1,8,FF,FF,FF,02,4B,FF,FF,FF
1312539,135178,0xCFF6600,1,8,60,09,FF,FF,FF,FF,FF,FF
1312548,135179,0x18FEF100,1,8,3F,00,00,FF,FF,FF,FF,FF
1312549,135180,0x10FF6500,1,8,FC,FF,FF,FF,FF,FF,FF,FF
1312549,135181,0x18F00500,1,8,FF,FF,FF,FF,20,2D,FF,FF
1312550,135182,0x18FEF200,1,8,1A,00,00,00,00,00,00,FF
1312558,135183,0xCF00400,1,8,FF,FF,FF,BC,4B,FF,FF,FF
1312559,135184,0xCFF6600,1,8,77,09,FF,FF,FF,FF,FF,FF
1312578,135185,0xCF00400,1,8,FF,FF,FF,BC,4B,FF,FF,FF
1312578,135186,0xCFF6600,1,8,77,09,FF,FF,FF,FF,FF,FF
1312614,135187,0xCF00400,1,8,FF,FF,FF,F6,4B,FF,FF,FF
1312614,135188,0xCFF6600,1,8,7E,09,FF,FF,FF,FF,FF,FF
1312617,135189,0x18EEFF00,1,8,08,CF,60,06,00,00,00,00
1312618,135190,0xCF00400,1,8,FF,FF,FF,CC,4B,FF,FF,FF
1312618,135191,0xCFF6600,1,8,79,09,FF,FF,FF,FF,FF,FF
1312638,135192,0xCF00400,1,8,FF,FF,FF,E2,4B,FF,FF,FF
1312638,135193,0xCFF6600,1,8,7C,09,FF,FF,FF,FF,FF,FF
1312648,135194,0x18FEF100,1,8,3F,00,00,FF,FF,FF,FF,FF
1312649,135195,0x18F00500,1,8,FF,FF,FF,FF,20,2D,FF,FF
1312650,135196,0x18FEF200,1,8,1D,00,00,00,00,00,00,FF
1312658,135197,0xCF00400,1,8,FF,FF,FF,2C,4C,FF,FF,FF
1312658,135198,0xCFF6600,1,8,85,09,FF,FF,FF,FF,FF,FF
1312678,135199,0xCF00400,1,8,FF,FF,FF,2C,4C,FF,FF,FF
1312680,135200,0xCFF6600,1,8,85,09,FF,FF,FF,FF,FF,FF
1312698,135201,0xCF00400,1,8,FF,FF,FF,1A,4C,FF,FF,FF
1312698,135202,0xCFF6600,1,8,83,09,FF,FF,FF,FF,FF,FF
1312718,135203,0xCF00400,1,8,FF,FF,FF,B8,4B,FF,FF,FF
1312739,135204,0xCF00400,1,8,FF,FF,FF,26,4B,FF,FF,FF
1312741,135205,0xCFF6600,1,8,77,09,FF,FF,FF,FF,FF,FF
1312748,135206,0x18FEF100,1,8,3F,00,00,FF,FF,FF,FF,FF
1312749,135207,0x10FF6500,1,8,FC,FF,FF,FF,FF,FF,FF,FF
1312750,135208,0x18F00500,1,8,FF,FF,FF,FF,20,2D,FF,FF
1312750,135209,0x18FEF200,1,8,1D,00,00,00,00,00,00,FF
1312758,135210,0xCF00400,1,8,FF,FF,FF,64,4A,FF,FF,FF
1312760,135211,0xCFF6600,1,8,4C,09,FF,FF,FF,FF,FF,FF
1312779,135212,0xCF00400,1,8,FF,FF,FF,64,4A,FF,FF,FF
1312780,135213,0xCFF6600,1,8,4C,09,FF,FF,FF,FF,FF,FF
1312798,135214,0xCF00400,1,8,FF,FF,FF,E4,49,FF,FF,FF
1312798,135215,0xCFF6600,1,8,3C,09,FF,FF,FF,FF,FF,FF
1312818,135216,0xCF00400,1,8,FF,FF,FF,9E,49,FF,FF,FF
1312819,135217,0xCFF6600,1,8,33,09,FF,FF,FF,FF,FF,FF
1312838,135218,0xCF00400,1,8,FF,FF,FF,CE,49,FF,FF,FF
1312839,135219,0xCFF6600,1,8,39,09,FF,FF,FF,FF,FF,FF
1312849,135220,0x18F00500,1,8,FF,FF,FF,FF,20,2D,FF,FF
1312850,135221,0x18FEF100,1,8,3F,00,00,FF,FF,FF,FF,FF
1312851,135222,0x18FEF200,1,8,1D,00,00,00,00,00,00,FF
1312858,135223,0xCF00400,1,8,FF,FF,FF,5C,4A,FF,FF,FF
1312859,135224,0xCFF6600,1,8,4B,09,FF,FF,FF,FF,FF,FF
1312879,135225,0xCF00400,1,8,FF,FF,FF,5C,4A,FF,FF,FF
1312905,135226,0xCFF6600,1,8,4B,09,FF,FF,FF,FF,FF,FF
1312906,135227,0x18EEFF00,1,8,08,CF,60,06,00,00,00,00
1312918,135228,0xCF00400,1,8,FF,FF,FF,AE,4A,FF,FF,FF
1312918,135229,0xCFF6600,1,8,55,09,FF,FF,FF,FF,FF,FF
1312938,135230,0xCF00400,1,8,FF,FF,FF,78,4A,FF,FF,FF
1312938,135231,0xCFF6600,1,8,4F,09,FF,FF,FF,FF,FF,FF
1312948,135232,0x18FEF100,1,8,3F,00,00,FF,FF,FF,FF,FF
1312949,135233,0x10FF6500,1,8,FC,FF,FF,FF,FF,FF,FF,FF
1312949,135234,0x18F00500,1,8,FF,FF,FF,FF,20,2D,FF,FF
1312950,135235,0x18F00600,1,8,FF,FF,FF,FF,FF,FF,FF,FF
1312951,135236,0x18FEF200,1,8,1D,00,00,00,00,00,00,FF
1312951,135237,0x1CFDDF00,1,8,FE,FF,FF,FF,FF,FF,FF,FF
1312952,135238,0x1CFF6A00,1,8,FC,FF,FF,FF,FF,FF,FF,FF
1312958,135239,0xCF00400,1,8,FF,FF,FF,08,4A,FF,FF,FF
1312959,135240,0xCFF6600,1,8,41,09,FF,FF,FF,FF,FF,FF
1312978,135241,0xCF00400,1,8,FF,FF,FF,08,4A,FF,FF,FF
1312978,135242,0xCFF6600,1,8,41,09,FF,FF,FF,FF,FF,FF
1312998,135243,0xCF00400,1,8,FF,FF,FF,1C,4A,FF,FF,FF
1312998,135244,0xCFF6600,1,8,43,09,FF,FF,FF,FF,FF,FF
1313018,135245,0xCF00400,1,8,FF,FF,FF,9E,4A,FF,FF,FF
1313018,135246,0xCFF6600,1,8,53,09,FF,FF,FF,FF,FF,FF
1313038,135247,0xCF00400,1,8,FF,FF,FF,4C,4A,FF,FF,FF
1313039,135248,0xCFF6600,1,8,49,09,FF,FF,FF,FF,FF,FF
1313049,135249,0x18F00500,1,8,FF,FF,FF,FF,20,2D,FF,FF
1313050,135250,0x18FEF100,1,8,3F,00,00,FF,FF,FF,FF,FF
1313051,135251,0x18FEF200,1,8,1D,00,00,00,00,00,00,FF
1313060,135252,0xCF00400,1,8,FF,FF,FF,4C,4A,FF,FF,FF
1313060,135253,0xCFF6600,1,8,49,09,FF,FF,FF,FF,FF,FF
1313078,135254,0xCF00400,1,8,FF,FF,FF,3C,49,FF,FF,FF
1313079,135255,0xCFF6600,1,8,27,09,FF,FF,FF,FF,FF,FF
1313098,135256,0xCF00400,1,8,FF,FF,FF,FC,48,FF,FF,FF
1313098,135257,0xCFF6600,1,8,1F,09,FF,FF,FF,FF,FF,FF
1313118,135258,0xCF00400,1,8,FF,FF,FF,7A,49,FF,FF,FF
1313139,135259,0xCF00400,1,8,FF,FF,FF,7C,49,FF,FF,FF
1313140,135260,0xCFF6600,1,8,2F,09,FF,FF,FF,FF,FF,FF
1313149,135261,0x18FEF100,1,8,3F,00,00,FF,FF,FF,FF,FF
1313149,135262,0x10FF6500,1,8,FC,FF,FF,FF,FF,FF,FF,FF
1313150,135263,0x18F00500,1,8,FF,FF,FF,FF,20,2D,FF,FF
1313151,135264,0x18FEF200,1,8,1D,00,00,00,00,00,00,FF
1313158,135265,0xCF00400,1,8,FF,FF,FF,7C,49,FF,FF,FF
1313158,135266,0xCFF6600,1,8,2F,09,FF,FF,FF,FF,FF,FF
1313178,135267,0xCF00400,1,8,FF,FF,FF,08,49,FF,FF,FF
1313179,135268,0xCFF6600,1,8,21,09,FF,FF,FF,FF,FF,FF
1313198,135269,0xCF00400,1,8,FF,FF,FF,EA,48,FF,FF,FF
1313199,135270,0xCFF6600,1,8,1D,09,FF,FF,FF,FF,FF,FF
1313218,135271,0xCF00400,1,8,FF,FF,FF,1C,49,FF,FF,FF
1313218,135272,0xCFF6600,1,8,23,09,FF,FF,FF,FF,FF,FF
1313239,135273,0xCF00400,1,8,FF,FF,FF,1C,49,FF,FF,FF
1313239,135274,0xCFF6600,1,8,23,09,FF,FF,FF,FF,FF,FF
1313249,135275,0x18F00500,1,8,FF,FF,FF,FF,20,2D,FF,FF
1313249,135276,0x18FEF100,1,8,3F,00,00,FF,FF,FF,FF,FF
1313250,135277,0x18FEF200,1,8,1D,00,00,00,00,00,00,FF
1313260,135278,0xCF00400,1,8,FF,FF,FF,30,49,FF,FF,FF
1313260,135279,0xCFF6600,1,8,26,09,FF,FF,FF,FF,FF,FF
1313278,135280,0xCF00400,1,8,FF,FF,FF,38,49,FF,FF,FF
1313279,135281,0xCFF6600,1,8,27,09,FF,FF,FF,FF,FF,FF
1313298,135282,0xCF00400,1,8,FF,FF,FF,98,49,FF,FF,FF
1313298,135283,0xCFF6600,1,8,33,09,FF,FF,FF,FF,FF,FF
1313318,135284,0xCF00400,1,8,FF,FF,FF,44,4A,FF,FF,FF
1313319,135285,0xCFF6600,1,8,48,09,FF,FF,FF,FF,FF,FF
1313339,135286,0xCF00400,1,8,FF,FF,FF,44,4A,FF,FF,FF
1313339,135287,0xCFF6600,1,8,48,09,FF,FF,FF,FF,FF,FF
1313349,135288,0x10FF6500,1,8,FC,FF,FF,FF,FF,FF,FF,FF
1313349,135289,0x18F00500,1,8,FF,FF,FF,FF,20,2D,FF,FF
1313350,135290,0x18FEF100,1,8,3F,00,00,FF,FF,FF,FF,FF
1313350,135291,0x18FEF200,1,8,1D,00,00,00,00,00,00,FF
1313358,135292,0xCF00400,1,8,FF,FF,FF,94,4A,FF,FF,FF
1313359,135293,0xCFF6600,1,8,52,09,FF,FF,FF,FF,FF,FF
1313378,135294,0xCF00400,1,8,FF,FF,FF,A4,4A,FF,FF,FF
1313379,135295,0xCFF6600,1,8,54,09,FF,FF,FF,FF,FF,FF
1313398,135296,0xCF00400,1,8,FF,FF,FF,88,4A,FF,FF,FF
1313398,135297,0xCFF6600,1,8,51,09,FF,FF,FF,FF,FF,FF
1313419,135298,0xCF00400,1,8,FF,FF,FF,44,4A,FF,FF,FF
1313419,135299,0xCFF6600,1,8,48,09,FF,FF,FF,FF,FF,FF
1313438,135300,0xCF00400,1,8,FF,FF,FF,44,4A,FF,FF,FF
1313438,135301,0xCFF6600,1,8,48,09,FF,FF,FF,FF,FF,FF
1313449,135302,0x18FEF100,1,8,3F,00,00,FF,FF,FF,FF,FF
1313449,135303,0x18F00500,1,8,FF,FF,FF,FF,20,2D,FF,FF
1313450,135304,0x18F00600,1,8,FF,FF,FF,FF,FF,FF,FF,FF
1313451,135305,0x18FEF200,1,8,1D,00,00,00,00,00,00,FF
1313452,135306,0x1CFDDF00,1,8,FE,FF,FF,FF,FF,FF,FF,FF
1313452,135307,0x1CFF6A00,1,8,FC,FF,FF,FF,FF,FF,FF,FF
1313458,135308,0xCF00400,1,8,FF,FF,FF,F0,49,FF,FF,FF
1313459,135309,0xCFF6600,1,8,3E,09,FF,FF,FF,FF,FF,FF
1313479,135310,0xCF00400,1,8,FF,FF,FF,86,49,FF,FF,FF
1313479,135311,0xCFF6600,1,8,30,09,FF,FF,FF,FF,FF,FF
1313498,135312,0xCF00400,1,8,FF,FF,FF,B4,49,FF,FF,FF
1313499,135313,0xCFF6600,1,8,36,09,FF,FF,FF,FF,FF,FF
1313519,135314,0xCF00400,1,8,FF,FF,FF,6C,4A,FF,FF,FF
1313520,135315,0xCFF6600,1,8,4D,09,FF,FF,FF,FF,FF,FF
1313538,135316,0xCF00400,1,8,FF,FF,FF,6C,4A,FF,FF,FF
1313538,135317,0xCFF6600,1,8,4D,09,FF,FF,FF,FF,FF,FF
1313548,135318,0x18FEF100,1,8,3F,00,00,FF,FF,FF,FF,FF
1313549,135319,0x18F00500,1,8,FF,FF,FF,FF,20,2D,FF,FF
1313549,135320,0x10FF6500,1,8,FC,FF,FF,FF,FF,FF,FF,FF
1313550,135321,0x18FEF200,1,8,1D,00,00,00,00,00,00,FF
1313558,135322,0xCF00400,1,8,FF,FF,FF,8C,4A,FF,FF,FF
1313558,135323,0xCFF6600,1,8,51,09,FF,FF,FF,FF,FF,FF
1313594,135324,0xCF00400,1,8,FF,FF,FF,30,4A,FF,FF,FF
1313595,135325,0xCFF6600,1,8,46,09,FF,FF,FF,FF,FF,FF
1313597,135326,0x18EEFF00,1,8,08,CF,60,06,00,00,00,00
1313598,135327,0xCF00400,1,8,FF,FF,FF,0A,4A,FF,FF,FF
1313598,135328,0xCFF6600,1,8,41,09,FF,FF,FF,FF,FF,FF
1313607,135329,0x18FEEE00,1,8,62,FF,FF,FF,FF,FF,FF,FF
1313608,135330,0x18FDE500,1,8,0A,14,1E,28,32,3C,46,13
1313618,135331,0xCF00400,1,8,FF,FF,FF,14,4A,FF,FF,FF
1313619,135332,0xCFF6600,1,8,42,09,FF,FF,FF,FF,FF,FF
1313627,135333,0x1CECFF00,1,8,20,0A,00,02,FF,CA,FE,00
1313638,135334,0xCF00400,1,8,FF,FF,FF,14,4A,FF,FF,FF
1313638,135335,0xCFF6600,1,8,42,09,FF,FF,FF,FF,FF,FF
1313648,135336,0x18FEF100,1,8,3F,00,00,FF,FF,FF,FF,FF
1313650,135337,0x18F00500,1,8,FF,FF,FF,FF,20,2D,FF,FF
1313651,135338,0x18FEF200,1,8,1A,00,00,00,00,00,00,FF
1313658,135339,0xCF00400,1,8,FF,FF,FF,22,4A,FF,FF,FF
1313658,135340,0xCFF6600,1,8,44,09,FF,FF,FF,FF,FF,FF
1313678,135341,0xCF00400,1,8,FF,FF,FF,32,4A,FF,FF,FF
1313678,135342,0xCFF6600,1,8,46,09,FF,FF,FF,FF,FF,FF
1313679,135343,0x1CEBFF00,1,8,01,40,FF,0F,F0,E5,01,02
1313698,135344,0xCF00400,1,8,FF,FF,FF,40,4A,FF,FF,FF
1313719,135345,0xCF00400,1,8,FF,FF,FF,40,4A,FF,FF,FF
1313721,135346,0xCFF6600,1,8,48,09,FF,FF,FF,FF,FF,FF
1313727,135347,0x1CEBFF00,1,8,02,F0,E3,01,FF,FF,FF,FF
1313738,135348,0xCF00400,1,8,FF,FF,FF,4A,4A,FF,FF,FF
1313738,135349,0xCFF6600,1,8,49,09,FF,FF,FF,FF,FF,FF
1313740,135350,0xCFF6600,1,8,49,09,FF,FF,FF,FF,FF,FF
1313749,135351,0x10FF6500,1,8,FC,FF,FF,FF,FF,FF,FF,FF
1313749,135352,0x18F00500,1,8,FF,FF,FF,FF,20,2D,FF,FF
1313750,135353,0x18FEF100,1,8,3F,00,00,FF,FF,FF,FF,FF
1313750,135354,0x18FEF200,1,8,1A,00,00,00,00,00,00,FF
1313758,135355,0xCF00400,1,8,FF,FF,FF,58,4A,FF,FF,FF
1313759,135356,0xCFF6600,1,8,4B,09,FF,FF,FF,FF,FF,FF
1313778,135357,0xCF00400,1,8,FF,FF,FF,70,4A,FF,FF,FF
1313779,135358,0xCFF6600,1,8,4E,09,FF,FF,FF,FF,FF,FF
1313798,135359,0xCF00400,1,8,FF,FF,FF,C0,4A,FF,FF,FF
1313798,135360,0xCFF6600,1,8,58,09,FF,FF,FF,FF,FF,FF
1313819,135361,0xCF00400,1,8,FF,FF,FF,C0,4A,FF,FF,FF
1313819,135362,0xCFF6600,1,8,58,09,FF,FF,FF,FF,FF,FF
1313839,135363,0xCF00400,1,8,FF,FF,FF,42,4B,FF,FF,FF
1313839,135364,0xCFF6600,1,8,68,09,FF,FF,FF,FF,FF,FF
1313849,135365,0x18F00500,1,8,FF,FF,FF,FF,20,2D,FF,FF
1313850,135366,0x18FEF100,1,8,3F,00,00,FF,FF,FF,FF,FF
1313850,135367,0x18FEF200,1,8,1A,00,00,00,00,00,00,FF
1313858,135368,0xCF00400,1,8,FF,FF,FF,64,4B,FF,FF,FF
1313858,135369,0xCFF6600,1,8,6C,09,FF,FF,FF,FF,FF,FF
1313878,135370,0xCF00400,1,8,FF,FF,FF,34,4B,FF,FF,FF
1313878,135371,0xCFF6600,1,8,66,09,FF,FF,FF,FF,FF,FF
1313898,135372,0xCF00400,1,8,FF,FF,FF,CC,4A,FF,FF,FF
1313898,135373,0xCFF6600,1,8,59,09,FF,FF,FF,FF,FF,FF
1313918,135374,0xCF00400,1,8,FF,FF,FF,CC,4A,FF,FF,FF
1313939,135375,0xCF00400,1,8,FF,FF,FF,36,4A,FF,FF,FF
1313940,135376,0xCFF6600,1,8,59,09,FF,FF,FF,FF,FF,FF
1313948,135377,0x18FEF100,1,8,3F,00,00,FF,FF,FF,FF,FF
1313949,135378,0x10FF6500,1,8,FC,FF,FF,FF,FF,FF,FF,FF
1313950,135379,0x18F00500,1,8,FF,FF,FF,FF,20,2D,FF,FF
1313951,135380,0x18F00600,1,8,FF,FF,FF,FF,FF,FF,FF,FF
1313952,135381,0x18FEF200,1,8,1A,00,00,00,00,00,00,FF
1313953,135382,0x1CFDDF00,1,8,FE,FF,FF,FF,FF,FF,FF,FF
1313970,135383,0x18EEFF00,1,8,08,CF,60,06,00,00,00,00
1313970,135384,0x1CFF6A00,1,8,FC,FF,FF,FF,FF,FF,FF,FF
1313978,135385,0xCF00400,1,8,FF,FF,FF,76,4A,FF,FF,FF
1313978,135386,0xCFF6600,1,8,4E,09,FF,FF,FF,FF,FF,FF
1313998,135387,0xCF00400,1,8,FF,FF,FF,AA,4A,FF,FF,FF
1313998,135388,0xCFF6600,1,8,55,09,FF,FF,FF,FF,FF,FF
1314018,135389,0xCF00400,1,8,FF,FF,FF,AA,4A,FF,FF,FF
1314018,135390,0xCFF6600,1,8,55,09,FF,FF,FF,FF,FF,FF
1314038,135391,0xCF00400,1,8,FF,FF,FF,BE,4A,FF,FF,FF
1314039,135392,0xCFF6600,1,8,57,09,FF,FF,FF,FF,FF,FF
1314049,135393,0x18F00500,1,8,FF,FF,FF,FF,20,2D,FF,FF
1314050,135394,0x18FEF100,1,8,3F,00,00,FF,FF,FF,FF,FF
1314050,135395,0x18FEF200,1,8,1A,00,00,00,00,00,00,FF
1314058,135396,0xCF00400,1,8,FF,FF,FF,D4,4A,FF,FF,FF
1314059,135397,0xCFF6600,1,8,5A,09,FF,FF,FF,FF,FF,FF
1314078,135398,0xCF00400,1,8,FF,FF,FF,EE,4A,FF,FF,FF
1314078,135399,0xCFF6600,1,8,5D,09,FF,FF,FF,FF,FF,FF
1314098,135400,0xCF00400,1,8,FF,FF,FF,E2,4A,FF,FF,FF
1314099,135401,0xCFF6600,1,8,5C,09,FF,FF,FF,FF,FF,FF
1314137,135402,0xCF00400,1,8,FF,FF,FF,E2,4A,FF,FF,FF
1314138,135403,0xCFF6600,1,8,5C,09,FF,FF,FF,FF,FF,FF
1314148,135404,0x18FEF100,1,8,3F,00,00,FF,FF,FF,FF,FF
1314149,135405,0x10FF6500,1,8,FC,FF,FF,FF,FF,FF,FF,FF
1314149,135406,0x18F00500,1,8,FF,FF,FF,FF,20,2D,FF,FF
1314150,135407,0x18FEF200,1,8,1A,00,00,00,00,00,00,FF
1314158,135408,0xCF00400,1,8,FF,FF,FF,D8,4A,FF,FF,FF
1314159,135409,0xCFF6600,1,8,5B,09,FF,FF,FF,FF,FF,FF
1314178,135410,0xCF00400,1,8,FF,FF,FF,54,4B,FF,FF,FF
1314178,135411,0xCFF6600,1,8,6A,09,FF,FF,FF,FF,FF,FF
1314198,135412,0xCF00400,1,8,FF,FF,FF,CC,4B,FF,FF,FF
1314199,135413,0xCFF6600,1,8,79,09,FF,FF,FF,FF,FF,FF
1314237,135414,0xCF00400,1,8,FF,FF,FF,CC,4B,FF,FF,FF
1314238,135415,0xCFF6600,1,8,79,09,FF,FF,FF,FF,FF,FF
1314249,135416,0x18F00500,1,8,FF,FF,FF,FF,20,2D,FF,FF
1314249,135417,0x18FEF100,1,8,3F,00,00,FF,FF,FF,FF,FF
1314250,135418,0x18FEF200,1,8,1A,00,00,00,00,00,00,FF
1314258,135419,0xCF00400,1,8,FF,FF,FF,48,4C,FF,FF,FF
1314259,135420,0xCFF6600,1,8,89,09,FF,FF,FF,FF,FF,FF
1314278,135421,0xCF00400,1,8,FF,FF,FF,D6,4B,FF,FF,FF
1314278,135422,0xCFF6600,1,8,7A,09,FF,FF,FF,FF,FF,FF
1314298,135423,0xCF00400,1,8,FF,FF,FF,62,4B,FF,FF,FF
1314299,135424,0xCFF6600,1,8,6C,09,FF,FF,FF,FF,FF,FF
1314318,135425,0xCF00400,1,8,FF,FF,FF,62,4B,FF,FF,FF
1314338,135426,0xCF00400,1,8,FF,FF,FF,F2,4A,FF,FF,FF
1314339,135427,0xCFF6600,1,8,6C,09,FF,FF,FF,FF,FF,FF
1314348,135428,0x18FEF100,1,8,3F,00,00,FF,FF,FF,FF,FF
1314349,135429,0x10FF6500,1,8,FC,FF,FF,FF,FF,FF,FF,FF
1314349,135430,0x18F00500,1,8,FF,FF,FF,FF,20,2D,FF,FF
1314350,135431,0x18FEF200,1,8,1A,00,00,00,00,00,00,FF
1314358,135432,0xCF00400,1,8,FF,FF,FF,B4,4A,FF,FF,FF
1314359,135433,0xCFF6600,1,8,56,09,FF,FF,FF,FF,FF,FF
1314378,135434,0xCF00400,1,8,FF,FF,FF,9E,4A,FF,FF,FF
1314378,135435,0xCFF6600,1,8,53,09,FF,FF,FF,FF,FF,FF
1314398,135436,0xCF00400,1,8,FF,FF,FF,AC,4A,FF,FF,FF
1314398,135437,0xCFF6600,1,8,55,09,FF,FF,FF,FF,FF,FF
1314418,135438,0xCF00400,1,8,FF,FF,FF,AC,4A,FF,FF,FF
1314418,135439,0xCFF6600,1,8,55,09,FF,FF,FF,FF,FF,FF
1314438,135440,0xCF00400,1,8,FF,FF,FF,DC,4A,FF,FF,FF
1314439,135441,0xCFF6600,1,8,5B,09,FF,FF,FF,FF,FF,FF
1314449,135442,0x18F00500,1,8,FF,FF,FF,FF,20,2D,FF,FF
1314449,135443,0x18F00600,1,8,FF,FF,FF,FF,FF,FF,FF,FF
1314450,135444,0x18FEF100,1,8,3F,00,00,FF,FF,FF,FF,FF
1314451,135445,0x18FEF200,1,8,1A,00,00,00,00,00,00,FF
1314472,135446,0xCF00400,1,8,FF,FF,FF,A4,4A,FF,FF,FF
1314472,135447,0xCFF6600,1,8,54,09,FF,FF,FF,FF,FF,FF
1314473,135448,0x1CFDDF00,1,8,FE,FF,FF,FF,FF,FF,FF,FF
1314473,135449,0x1CFF6A00,1,8,FC,FF,FF,FF,FF,FF,FF,FF
1314478,135450,0xCF00400,1,8,FF,FF,FF,14,4A,FF,FF,FF
1314478,135451,0xCFF6600,1,8,42,09,FF,FF,FF,FF,FF,FF
1314514,135452,0xCF00400,1,8,FF,FF,FF,22,4A,FF,FF,FF
1314514,135453,0xCFF6600,1,8,44,09,FF,FF,FF,FF,FF,FF
1314517,135454,0x18EEFF00,1,8,08,CF,60,06,00,00,00,00
1314518,135455,0xCF00400,1,8,FF,FF,FF,22,4A,FF,FF,FF
1314518,135456,0xCFF6600,1,8,44,09,FF,FF,FF,FF,FF,FF
1314538,135457,0xCF00400,1,8,FF,FF,FF,C0,4A,FF,FF,FF
1314538,135458,0xCFF6600,1,8,58,09,FF,FF,FF,FF,FF,FF
1314548,135459,0x18FEF100,1,8,3F,00,00,FF,FF,FF,FF,FF
1314549,135460,0x10FF6500,1,8,FC,FF,FF,FF,FF,FF,FF,FF
1314550,135461,0x18F00500,1,8,FF,FF,FF,FF,20,2D,FF,FF
1314551,135462,0x18FEF200,1,8,1A,00,00,00,00,00,00,FF
1314558,135463,0xCF00400,1,8,FF,FF,FF,5E,4B,FF,FF,FF
1314558,135464,0xCFF6600,1,8,6B,09,FF,FF,FF,FF,FF,FF
1314578,135465,0xCF00400,1,8,FF,FF,FF,F4,4B,FF,FF,FF
1314578,135466,0xCFF6600,1,8,7E,09,FF,FF,FF,FF,FF,FF
1314598,135467,0xCF00400,1,8,FF,FF,FF,D6,4B,FF,FF,FF
1314598,135468,0xCFF6600,1,8,7A,09,FF,FF,FF,FF,FF,FF
1314608,135469,0x18FDE500,1,8,0A,14,1E,28,32,3C,46,13
1314608,135470,0x18FEEE00,1,8,62,FF,FF,FF,FF,FF,FF,FF
1314618,135471,0xCF00400,1,8,FF,FF,FF,D6,4B,FF,FF,FF
1314618,135472,0xCFF6600,1,8,7A,09,FF,FF,FF,FF,FF,FF
1314628,135473,0x1CECFF00,1,8,20,0A,00,02,FF,CA,FE,00
1314638,135474,0xCF00400,1,8,FF,FF,FF,1C,4B,FF,FF,FF
1314638,135475,0xCFF6600,1,8,63,09,FF,FF,FF,FF,FF,FF
1314649,135476,0x18F00500,1,8,FF,FF,FF,FF,20,2D,FF,FF
1314649,135477,0x18FEF100,1,8,3F,00,00,FF,FF,FF,FF,FF
1314650,135478,0x18FEF200,1,8,1B,00,00,00,00,00,00,FF
1314660,135479,0xCF00400,1,8,FF,FF,FF,CC,4A,FF,FF,FF
1314660,135480,0xCFF6600,1,8,59,09,FF,FF,FF,FF,FF,FF
1314678,135481,0xCF00400,1,8,FF,FF,FF,DA,4A,FF,FF,FF
1314679,135482,0xCFF6600,1,8,5B,09,FF,FF,FF,FF,FF,FF
1314680,135483,0x1CEBFF00,1,8,01,40,FF,0F,F0,E5,01,02
1314698,135484,0xCF00400,1,8,FF,FF,FF,D2,4A,FF,FF,FF
1314698,135485,0xCFF6600,1,8,5A,09,FF,FF,FF,FF,FF,FF
1314718,135486,0xCF00400,1,8,FF,FF,FF,D2,4A,FF,FF,FF
1314719,135487,0xCFF6600,1,8,5A,09,FF,FF,FF,FF,FF,FF
1314727,135488,0x1CEBFF00,1,8,02,F0,E3,01,FF,FF,FF,FF
1314738,135489,0xCF00400,1,8,FF,FF,FF,B8,4A,FF,FF,FF
1314739,135490,0xCFF6600,1,8,57,09,FF,FF,FF,FF,FF,FF
1314768,135491,0xCF00400,1,8,FF,FF,FF,4A,4A,FF,FF,FF
1314769,135492,0xCFF6600,1,8,49,09,FF,FF,FF,FF,FF,FF
1314769,135493,0x10FF6500,1,8,FC,FF,FF,FF,FF,FF,FF,FF
1314770,135494,0x18F00500,1,8,FF,FF,FF,FF,20,2D,FF,FF
1314771,135495,0x18FEF100,1,8,3F,00,00,FF,FF,FF,FF,FF
1314771,135496,0x18FEF200,1,8,1B,00,00,00,00,00,00,FF
1314778,135497,0xCF00400,1,8,FF,FF,FF,8E,49,FF,FF,FF
1314778,135498,0xCFF6600,1,8,31,09,FF,FF,FF,FF,FF,FF
1314798,135499,0xCF00400,1,8,FF,FF,FF,62,49,FF,FF,FF
1314798,135500,0xCFF6600,1,8,2C,09,FF,FF,FF,FF,FF,FF
1314818,135501,0xCF00400,1,8,FF,FF,FF,62,49,FF,FF,FF
1314818,135502,0xCFF6600,1,8,2C,09,FF,FF,FF,FF,FF,FF
1314838,135503,0xCF00400,1,8,FF,FF,FF,AE,49,FF,FF,FF
1314838,135504,0xCFF6600,1,8,35,09,FF,FF,FF,FF,FF,FF
1314849,135505,0x18FEF100,1,8,3F,00,00,FF,FF,FF,FF,FF
1314849,135506,0x18F00500,1,8,FF,FF,FF,FF,20,2D,FF,FF
1314850,135507,0x18FEF200,1,8,1B,00,00,00,00,00,00,FF
1314858,135508,0xCF00400,1,8,FF,FF,FF,2C,4A,FF,FF,FF
1314859,135509,0xCFF6600,1,8,45,09,FF,FF,FF,FF,FF,FF
1314879,135510,0xCF00400,1,8,FF,FF,FF,D6,4A,FF,FF,FF
1314879,135511,0xCFF6600,1,8,5A,09,FF,FF,FF,FF,FF,FF
1314898,135512,0xCF00400,1,8,FF,FF,FF,F8,4A,FF,FF,FF
1314899,135513,0xCFF6600,1,8,5F,09,FF,FF,FF,FF,FF,FF
1314919,135514,0xCF00400,1,8,FF,FF,FF,F8,4A,FF,FF,FF
1314939,135515,0xCF00400,1,8,FF,FF,FF,B0,4A,FF,FF,FF
1314940,135516,0xCFF6600,1,8,5F,09,FF,FF,FF,FF,FF,FF
1314949,135517,0x18F00500,1,8,FF,FF,FF,FF,20,2D,FF,FF
1314950,135518,0x10FF6500,1,8,FC,FF,FF,FF,FF,FF,FF,FF
1314951,135519,0x18F00600,1,8,FF,FF,FF,FF,FF,FF,FF,FF
1314952,135520,0x18FEF100,1,8,3F,00,00,FF,FF,FF,FF,FF
1314952,135521,0x18FEF200,1,8,1B,00,00,00,00,00,00,FF
1314953,135522,0x1CFDDF00,1,8,FE,FF,FF,FF,FF,FF,FF,FF
1314953,135523,0x1CFF6A00,1,8,FC,FF,FF,FF,FF,FF,FF,FF
1314958,135524,0xCF00400,1,8,FF,FF,FF,54,4A,FF,FF,FF
1314958,135525,0xCFF6600,1,8,4A,09,FF,FF,FF,FF,FF,FF
1314979,135526,0xCF00400,1,8,FF,FF,FF,E6,49,FF,FF,FF
1314979,135527,0xCFF6600,1,8,3C,09,FF,FF,FF,FF,FF,FF
1314999,135528,0xCF00400,1,8,FF,FF,FF,E4,49,FF,FF,FF
1314999,135529,0xCFF6600,1,8,3C,09,FF,FF,FF,FF,FF,FF
1315018,135530,0xCF00400,1,8,FF,FF,FF,E4,49,FF,FF,FF
1315019,135531,0xCFF6600,1,8,3C,09,FF,FF,FF,FF,FF,FF
1315039,135532,0xCF00400,1,8,FF,FF,FF,3A,4A,FF,FF,FF
1315039,135533,0xCFF6600,1,8,47,09,FF,FF,FF,FF,FF,FF
1315049,135534,0x18F00500,1,8,FF,FF,FF,FF,20,2D,FF,FF
1315050,135535,0x18FEF100,1,8,3F,00,00,FF,FF,FF,FF,FF
1315051,135536,0x18FEF200,1,8,1B,00,00,00,00,00,00,FF
1315076,135537,0xCF00400,1,8,FF,FF,FF,44,4A,FF,FF,FF
1315076,135538,0xCFF6600,1,8,48,09,FF,FF,FF,FF,FF,FF
1315077,135539,0x18EEFF00,1,8,08,CF,60,06,00,00,00,00
1315078,135540,0xCF00400,1,8,FF,FF,FF,10,4A,FF,FF,FF
1315078,135541,0xCFF6600,1,8,42,09,FF,FF,FF,FF,FF,FF
1315098,135542,0xCF00400,1,8,FF,FF,FF,10,4A,FF,FF,FF
1315098,135543,0xCFF6600,1,8,42,09,FF,FF,FF,FF,FF,FF
1315118,135544,0xCF00400,1,8,FF,FF,FF,D2,49,FF,FF,FF
1315119,135545,0xCFF6600,1,8,3A,09,FF,FF,FF,FF,FF,FF
1315138,135546,0xCF00400,1,8,FF,FF,FF,86,49,FF,FF,FF
1315138,135547,0xCFF6600,1,8,30,09,FF,FF,FF,FF,FF,FF
1315148,135548,0x10FF6500,1,8,FC,FF,FF,FF,FF,FF,FF,FF
1315149,135549,0x18F00500,1,8,FF,FF,FF,FF,20,2D,FF,FF
1315150,135550,0x18FEF100,1,8,3F,00,00,FF,FF,FF,FF,FF
1315150,135551,0x18FEF200,1,8,1B,00,00,00,00,00,00,FF
1315158,135552,0xCF00400,1,8,FF,FF,FF,3C,49,FF,FF,FF
1315158,135553,0xCFF6600,1,8,27,09,FF,FF,FF,FF,FF,FF
1315178,135554,0xCF00400,1,8,FF,FF,FF,F4,48,FF,FF,FF
1315178,135555,0xCFF6600,1,8,1E,09,FF,FF,FF,FF,FF,FF
1315198,135556,0xCF00400,1,8,FF,FF,FF,F4,48,FF,FF,FF
1315199,135557,0xCFF6600,1,8,1E,09,FF,FF,FF,FF,FF,FF
1315218,135558,0xCF00400,1,8,FF,FF,FF,0A,49,FF,FF,FF
1315218,135559,0xCFF6600,1,8,21,09,FF,FF,FF,FF,FF,FF
1315239,135560,0xCF00400,1,8,FF,FF,FF,74,49,FF,FF,FF
1315240,135561,0xCFF6600,1,8,2E,09,FF,FF,FF,FF,FF,FF
1315249,135562,0x18F00500,1,8,FF,FF,FF,FF,20,2D,FF,FF
1315250,135563,0x18FEF100,1,8,3F,00,00,FF,FF,FF,FF,FF
1315250,135564,0x18FEF200,1,8,1B,00,00,00,00,00,00,FF
1315258,135565,0xCF00400,1,8,FF,FF,FF,9C,49,FF,FF,FF
1315258,135566,0xCFF6600,1,8,33,09,FF,FF,FF,FF,FF,FF
1315278,135567,0xCF00400,1,8,FF,FF,FF,9C,49,FF,FF,FF
1315279,135568,0xCFF6600,1,8,33,09,FF,FF,FF,FF,FF,FF
1315298,135569,0xCF00400,1,8,FF,FF,FF,84,49,FF,FF,FF
1315299,135570,0xCFF6600,1,8,30,09,FF,FF,FF,FF,FF,FF
1315318,135571,0xCF00400,1,8,FF,FF,FF,9A,49,FF,FF,FF
1315319,135572,0xCFF6600,1,8,33,09,FF,FF,FF,FF,FF,FF
1315339,135573,0xCF00400,1,8,FF,FF,FF,D6,49,FF,FF,FF
1315340,135574,0xCFF6600,1,8,3A,09,FF,FF,FF,FF,FF,FF
1315348,135575,0x18FEF100,1,8,3F,00,00,FF,FF,FF,FF,FF
1315349,135576,0x18F00500,1,8,FF,FF,FF,FF,20,2D,FF,FF
1315350,135577,0x10FF6500,1,8,FC,FF,FF,FF,FF,FF,FF,FF
1315350,135578,0x18FEF200,1,8,1B,00,00,00,00,00,00,FF
1315358,135579,0xCF00400,1,8,FF,FF,FF,C6,49,FF,FF,FF
1315378,135580,0xCF00400,1,8,FF,FF,FF,C6,49,FF,FF,FF
1315379,135581,0xCFF6600,1,8,38,09,FF,FF,FF,FF,FF,FF
1315398,135582,0xCF00400,1,8,FF,FF,FF,76,49,FF,FF,FF
1315398,135583,0xCFF6600,1,8,2E,09,FF,FF,FF,FF,FF,FF
1315418,135584,0xCF00400,1,8,FF,FF,FF,8A,49,FF,FF,FF
1315418,135585,0xCFF6600,1,8,31,09,FF,FF,FF,FF,FF,FF
1315438,135586,0xCF00400,1,8,FF,FF,FF,F2,49,FF,FF,FF
1315438,135587,0xCFF6600,1,8,3E,09,FF,FF,FF,FF,FF,FF
1315449,135588,0x18FEF100,1,8,3F,00,00,FF,FF,FF,FF,FF
1315449,135589,0x18F00500,1,8,FF,FF,FF,FF,20,2D,FF,FF
1315450,135590,0x18F00600,1,8,FF,FF,FF,FF,FF,FF,FF,FF
1315450,135591,0x18FEF200,1,8,1B,00,00,00,00,00,00,FF
1315451,135592,0x1CFDDF00,1,8,FE,FF,FF,FF,FF,FF,FF,FF
1315452,135593,0x1CFF6A00,1,8,FC,FF,FF,FF,FF,FF,FF,FF
1315458,135594,0xCF00400,1,8,FF,FF,FF,46,4A,FF,FF,FF
1315459,135595,0xCFF6600,1,8,48,09,FF,FF,FF,FF,FF,FF
1315478,135596,0xCF00400,1,8,FF,FF,FF,46,4A,FF,FF,FF
1315479,135597,0xCFF6600,1,8,48,09,FF,FF,FF,FF,FF,FF
1315498,135598,0xCF00400,1,8,FF,FF,FF,8E,4A,FF,FF,FF
1315499,135599,0xCFF6600,1,8,51,09,FF,FF,FF,FF,FF,FF
1315518,135600,0xCF00400,1,8,FF,FF,FF,B0,4A,FF,FF,FF
1315539,135601,0xCF00400,1,8,FF,FF,FF,AC,4A,FF,FF,FF
1315539,135602,0xCFF6600,1,8,56,09,FF,FF,FF,FF,FF,FF
1315548,135603,0x18FEF100,1,8,3F,00,00,FF,FF,FF,FF,FF
1315549,135604,0x10FF6500,1,8,FC,FF,FF,FF,FF,FF,FF,FF
1315550,135605,0x18F00500,1,8,FF,FF,FF,FF,20,2D,FF,FF
1315550,135606,0x18FEF200,1,8,1B,00,00,00,00,00,00,FF
1315558,135607,0xCF00400,1,8,FF,FF,FF,CA,4A,FF,FF,FF
1315559,135608,0xCFF6600,1,8,59,09,FF,FF,FF,FF,FF,FF
1315579,135609,0xCF00400,1,8,FF,FF,FF,CA,4A,FF,FF,FF
1315579,135610,0xCFF6600,1,8,59,09,FF,FF,FF,FF,FF,FF
1315598,135611,0xCF00400,1,8,FF,FF,FF,02,4B,FF,FF,FF
1315599,135612,0xCFF6600,1,8,60,09,FF,FF,FF,FF,FF,FF
1315607,135613,0x18FEEE00,1,8,62,FF,FF,FF,FF,FF,FF,FF
1315608,135614,0x18FDE500,1,8,0A,14,1E,28,32,3C,46,13
1315619,135615,0xCF00400,1,8,FF,FF,FF,06,4B,FF,FF,FF
1315619,135616,0xCFF6600,1,8,60,09,FF,FF,FF,FF,FF,FF
1315627,135617,0x1CECFF00,1,8,20,0A,00,02,FF,CA,FE,00
1315638,135618,0xCF00400,1,8,FF,FF,FF,E2,4A,FF,FF,FF
1315638,135619,0xCFF6600,1,8,5C,09,FF,FF,FF,FF,FF,FF
1315649,135620,0x18FEF100,1,8,3F,00,00,FF,FF,FF,FF,FF
1315649,135621,0x18F00500,1,8,FF,FF,FF,FF,20,2D,FF,FF
1315650,135622,0x18FEF200,1,8,1B,00,00,00,00,00,00,FF
1315658,135623,0xCF00400,1,8,FF,FF,FF,0C,4B,FF,FF,FF
1315684,135624,0xCFF6600,1,8,61,09,FF,FF,FF,FF,FF,FF
1315684,135625,0x18EEFF00,1,8,08,CF,60,06,00,00,00,00
1315698,135626,0xCF00400,1,8,FF,FF,FF,72,4B,FF,FF,FF
1315698,135627,0xCFF6600,1,8,6E,09,FF,FF,FF,FF,FF,FF
1315718,135628,0xCF00400,1,8,FF,FF,FF,DC,4B,FF,FF,FF
1315718,135629,0xCFF6600,1,8,7B,09,FF,FF,FF,FF,FF,FF
1315728,135630,0x1CEBFF00,1,8,01,40,FF,0F,F0,E5,01,02
1315738,135631,0xCF00400,1,8,FF,FF,FF,54,4C,FF,FF,FF
1315738,135632,0xCFF6600,1,8,8A,09,FF,FF,FF,FF,FF,FF
1315749,135633,0x10FF6500,1,8,FC,FF,FF,FF,FF,FF,FF,FF
1315749,135634,0x18F00500,1,8,FF,FF,FF,FF,20,2D,FF,FF
1315750,135635,0x18FEF100,1,8,3F,00,00,FF,FF,FF,FF,FF
1315751,135636,0x18FEF200,1,8,1B,00,00,00,00,00,00,FF
1315758,135637,0xCF00400,1,8,FF,FF,FF,40,4C,FF,FF,FF
1315779,135638,0xCF00400,1,8,FF,FF,FF,40,4C,FF,FF,FF
1315779,135639,0xCFF6600,1,8,88,09,FF,FF,FF,FF,FF,FF
1315780,135640,0x1CEBFF00,1,8,02,F0,E3,01,FF,FF,FF,FF
1315798,135641,0xCF00400,1,8,FF,FF,FF,AE,4B,FF,FF,FF
1315798,135642,0xCFF6600,1,8,75,09,FF,FF,FF,FF,FF,FF
1315818,135643,0xCF00400,1,8,FF,FF,FF,16,4B,FF,FF,FF
1315819,135644,0xCFF6600,1,8,62,09,FF,FF,FF,FF,FF,FF
1315838,135645,0xCF00400,1,8,FF,FF,FF,7E,4A,FF,FF,FF
1315839,135646,0xCFF6600,1,8,4F,09,FF,FF,FF,FF,FF,FF
1315849,135647,0x18FEF100,1,8,3F,00,00,FF,FF,FF,FF,FF
1315849,135648,0x18F00500,1,8,FF,FF,FF,FF,20,2D,FF,FF
1315850,135649,0x18FEF200,1,8,1B,00,00,00,00,00,00,FF
1315858,135650,0xCF00400,1,8,FF,FF,FF,4A,4A,FF,FF,FF
1315859,135651,0xCFF6600,1,8,49,09,FF,FF,FF,FF,FF,FF
1315878,135652,0xCF00400,1,8,FF,FF,FF,4A,4A,FF,FF,FF
1315878,135653,0xCFF6600,1,8,49,09,FF,FF,FF,FF,FF,FF
1315898,135654,0xCF00400,1,8,FF,FF,FF,70,4A,FF,FF,FF
1315898,135655,0xCFF6600,1,8,4E,09,FF,FF,FF,FF,FF,FF
1315919,135656,0xCF00400,1,8,FF,FF,FF,52,4A,FF,FF,FF
1315920,135657,0xCFF6600,1,8,4A,09,FF,FF,FF,FF,FF,FF
1315938,135658,0xCF00400,1,8,FF,FF,FF,F8,49,FF,FF,FF
1315939,135659,0xCFF6600,1,8,3F,09,FF,FF,FF,FF,FF,FF
1315949,135660,0x10FF6500,1,8,FC,FF,FF,FF,FF,FF,FF,FF
1315949,135661,0x18F00500,1,8,FF,FF,FF,FF,20,2D,FF,FF
1315951,135662,0x18F00600,1,8,FF,FF,FF,FF,FF,FF,FF,FF
1315952,135663,0x18FEF100,1,8,3F,00,00,FF,FF,FF,FF,FF
1315952,135664,0x18FEF200,1,8,1B,00,00,00,00,00,00,FF
1315953,135665,0x1CFDDF00,1,8,FE,FF,FF,FF,FF,FF,FF,FF
1315955,135666,0x1CFF6A00,1,8,FC,FF,FF,FF,FF,FF,FF,FF
1315958,135667,0xCF00400,1,8,FF,FF,FF,D0,49,FF,FF,FF
1315959,135668,0xCFF6600,1,8,3A,09,FF,FF,FF,FF,FF,FF
1315979,135669,0xCF00400,1,8,FF,FF,FF,D0,49,FF,FF,FF
1315979,135670,0xCFF6600,1,8,3A,09,FF,FF,FF,FF,FF,FF
1316017,135671,0xCF00400,1,8,FF,FF,FF,CC,49,FF,FF,FF
1316018,135672,0xCFF6600,1,8,39,09,FF,FF,FF,FF,FF,FF
1316018,135673,0xCF00400,1,8,FF,FF,FF,EC,49,FF,FF,FF
1316038,135674,0xCF00400,1,8,FF,FF,FF,34,4A,FF,FF,FF
1316039,135675,0xCFF6600,1,8,46,09,FF,FF,FF,FF,FF,FF
1316049,135676,0x18FEF100,1,8,3F,00,00,FF,FF,FF,FF,FF
1316049,135677,0x18F00500,1,8,FF,FF,FF,FF,20,2D,FF,FF
1316065,135678,0x18FEF200,1,8,1B,00,00,00,00,00,00,FF
1316067,135679,0x18EEFF00,1,8,08,CF,60,06,00,00,00,00
1316078,135680,0xCF00400,1,8,FF,FF,FF,28,4A,FF,FF,FF
1316078,135681,0xCFF6600,1,8,45,09,FF,FF,FF,FF,FF,FF
1316098,135682,0xCF00400,1,8,FF,FF,FF,D4,49,FF,FF,FF
1316098,135683,0xCFF6600,1,8,3A,09,FF,FF,FF,FF,FF,FF
1316118,135684,0xCF00400,1,8,FF,FF,FF,C0,49,FF,FF,FF
1316118,135685,0xCFF6600,1,8,38,09,FF,FF,FF,FF,FF,FF
1316138,135686,0xCF00400,1,8,FF,FF,FF,DC,49,FF,FF,FF
1316139,135687,0xCFF6600,1,8,3B,09,FF,FF,FF,FF,FF,FF
1316149,135688,0x10FF6500,1,8,FC,FF,FF,FF,FF,FF,FF,FF
1316150,135689,0x18F00500,1,8,FF,FF,FF,FF,20,2D,FF,FF
1316150,135690,0x18FEF100,1,8,3F,00,00,FF,FF,FF,FF,FF
1316151,135691,0x18FEF200,1,8,1B,00,00,00,00,00,00,FF
1316158,135692,0xCF00400,1,8,FF,FF,FF,DC,49,FF,FF,FF
1316158,135693,0xCFF6600,1,8,3B,09,FF,FF,FF,FF,FF,FF
1316179,135694,0xCF00400,1,8,FF,FF,FF,0A,4A,FF,FF,FF
1316180,135695,0xCFF6600,1,8,41,09,FF,FF,FF,FF,FF,FF
1316199,135696,0xCF00400,1,8,FF,FF,FF,46,4A,FF,FF,FF
1316200,135697,0xCFF6600,1,8,48,09,FF,FF,FF,FF,FF,FF
1316218,135698,0xCF00400,1,8,FF,FF,FF,74,4A,FF,FF,FF
1316219,135699,0xCFF6600,1,8,4E,09,FF,FF,FF,FF,FF,FF
1316238,135700,0xCF00400,1,8,FF,FF,FF,A0,4A,FF,FF,FF
1316238,135701,0xCFF6600,1,8,54,09,FF,FF,FF,FF,FF,FF
1316249,135702,0x18FEF100,1,8,3F,00,00,FF,FF,FF,FF,FF
1316249,135703,0x18F00500,1,8,FF,FF,FF,FF,20,2D,FF,FF
1316250,135704,0x18FEF200,1,8,1B,00,00,00,00,00,00,FF
1316259,135705,0xCF00400,1,8,FF,FF,FF,A0,4A,FF,FF,FF
1316259,135706,0xCFF6600,1,8,54,09,FF,FF,FF,FF,FF,FF
1316278,135707,0xCF00400,1,8,FF,FF,FF,A8,4A,FF,FF,FF
1316279,135708,0xCFF6600,1,8,55,09,FF,FF,FF,FF,FF,FF
1316299,135709,0xCF00400,1,8,FF,FF,FF,82,4A,FF,FF,FF
1316300,135710,0xCFF6600,1,8,50,09,FF,FF,FF,FF,FF,FF
1316318,135711,0xCF00400,1,8,FF,FF,FF,58,4A,FF,FF,FF
1316318,135712,0xCFF6600,1,8,4B,09,FF,FF,FF,FF,FF,FF
1316338,135713,0xCF00400,1,8,FF,FF,FF,38,4A,FF,FF,FF
1316338,135714,0xCFF6600,1,8,47,09,FF,FF,FF,FF,FF,FF
1316349,135715,0x18FEF100,1,8,3F,00,00,FF,FF,FF,FF,FF
1316349,135716,0x10FF6500,1,8,FC,FF,FF,FF,FF,FF,FF,FF
1316350,135717,0x18F00500,1,8,FF,FF,FF,FF,20,2D,FF,FF
1316351,135718,0x18FEF200,1,8,1B,00,00,00,00,00,00,FF
1316358,135719,0xCF00400,1,8,FF,FF,FF,38,4A,FF,FF,FF
1316358,135720,0xCFF6600,1,8,47,09,FF,FF,FF,FF,FF,FF
1316378,135721,0xCF00400,1,8,FF,FF,FF,40,4A,FF,FF,FF
1316379,135722,0xCFF6600,1,8,48,09,FF,FF,FF,FF,FF,FF
1316398,135723,0xCF00400,1,8,FF,FF,FF,6E,4A,FF,FF,FF
1316398,135724,0xCFF6600,1,8,4D,09,FF,FF,FF,FF,FF,FF
1316418,135725,0xCF00400,1,8,FF,FF,FF,38,4A,FF,FF,FF
1316418,135726,0xCFF6600,1,8,47,09,FF,FF,FF,FF,FF,FF
1316438,135727,0xCF00400,1,8,FF,FF,FF,9E,49,FF,FF,FF
1316439,135728,0xCFF6600,1,8,33,09,FF,FF,FF,FF,FF,FF
1316449,135729,0x18F00500,1,8,FF,FF,FF,FF,20,2D,FF,FF
1316471,135730,0xCF00400,1,8,FF,FF,FF,9E,49,FF,FF,FF
1316471,135731,0xCFF6600,1,8,33,09,FF,FF,FF,FF,FF,FF
1316472,135732,0x18F00600,1,8,FF,FF,FF,FF,FF,FF,FF,FF
1316473,135733,0x18FEF100,1,8,3F,00,00,FF,FF,FF,FF,FF
1316473,135734,0x18FEF200,1,8,1B,00,00,00,00,00,00,FF
1316474,135735,0x1CFDDF00,1,8,FE,FF,FF,FF,FF,FF,FF,FF
1316474,135736,0x1CFF6A00,1,8,FC,FF,FF,FF,FF,FF,FF,FF
1316478,135737,0xCF00400,1,8,FF,FF,FF,C4,49,FF,FF,FF
1316478,135738,0xCFF6600,1,8,38,09,FF,FF,FF,FF,FF,FF
1316498,135739,0xCF00400,1,8,FF,FF,FF,8A,4A,FF,FF,FF
1316499,135740,0xCFF6600,1,8,51,09,FF,FF,FF,FF,FF,FF
1316519,135741,0xCF00400,1,8,FF,FF,FF,B8,4A,FF,FF,FF
1316519,135742,0xCFF6600,1,8,57,09,FF,FF,FF,FF,FF,FF
1316539,135743,0xCF00400,1,8,FF,FF,FF,66,4A,FF,FF,FF
1316541,135744,0xCFF6600,1,8,4C,09,FF,FF,FF,FF,FF,FF
1316548,135745,0x18FEF100,1,8,3F,00,00,FF,FF,FF,FF,FF
1316549,135746,0x18F00500,1,8,FF,FF,FF,FF,20,2D,FF,FF
1316549,135747,0x10FF6500,1,8,FC,FF,FF,FF,FF,FF,FF,FF
1316550,135748,0x18FEF200,1,8,1B,00,00,00,00,00,00,FF
1316558,135749,0xCF00400,1,8,FF,FF,FF,66,4A,FF,FF,FF
1316559,135750,0xCFF6600,1,8,4C,09,FF,FF,FF,FF,FF,FF
1316578,135751,0xCF00400,1,8,FF,FF,FF,BE,4A,FF,FF,FF
1316578,135752,0xCFF6600,1,8,57,09,FF,FF,FF,FF,FF,FF
1316614,135753,0xCF00400,1,8,FF,FF,FF,A4,4B,FF,FF,FF
1316614,135754,0xCFF6600,1,8,74,09,FF,FF,FF,FF,FF,FF
1316617,135755,0x18EEFF00,1,8,08,CF,60,06,00,00,00,00
1316618,135756,0xCF00400,1,8,FF,FF,FF,C4,4B,FF,FF,FF
1316618,135757,0xCFF6600,1,8,78,09,FF,FF,FF,FF,FF,FF
1316638,135758,0xCF00400,1,8,FF,FF,FF,3E,4B,FF,FF,FF
1316639,135759,0xCFF6600,1,8,67,09,FF,FF,FF,FF,FF,FF
1316640,135760,0xCFF6600,1,8,67,09,FF,FF,FF,FF,FF,FF
1316648,135761,0x18FEF100,1,8,3F,00,00,FF,FF,FF,FF,FF
1316649,135762,0x18F00500,1,8,FF,FF,FF,FF,20,2D,FF,FF
1316650,135763,0x18FEF200,1,8,1B,00,00,00,00,00,00,FF
1316658,135764,0xCF00400,1,8,FF,FF,FF,3E,4B,FF,FF,FF
1316659,135765,0xCFF6600,1,8,67,09,FF,FF,FF,FF,FF,FF
1316660,135766,0xCFF6600,1,8,67,09,FF,FF,FF,FF,FF,FF
1316678,135767,0xCF00400,1,8,FF,FF,FF,84,4A,FF,FF,FF
1316678,135768,0xCFF6600,1,8,50,09,FF,FF,FF,FF,FF,FF
1316698,135769,0xCF00400,1,8,FF,FF,FF,9E,49,FF,FF,FF
1316718,135770,0xCF00400,1,8,FF,FF,FF,EA,49,FF,FF,FF
1316719,135771,0xCFF6600,1,8,33,09,FF,FF,FF,FF,FF,FF
1316738,135772,0xCF00400,1,8,FF,FF,FF,2E,4B,FF,FF,FF
1316739,135773,0xCFF6600,1,8,65,09,FF,FF,FF,FF,FF,FF
1316748,135774,0x18FEF100,1,8,3F,00,00,FF,FF,FF,FF,FF
1316749,135775,0x10FF6500,1,8,FC,FF,FF,FF,FF,FF,FF,FF
1316750,135776,0x18F00500,1,8,FF,FF,FF,FF,20,2D,FF,FF
1316751,135777,0x18FEF200,1,8,1B,00,00,00,00,00,00,FF
1316758,135778,0xCF00400,1,8,FF,FF,FF,2E,4B,FF,FF,FF
1316758,135779,0xCFF6600,1,8,65,09,FF,FF,FF,FF,FF,FF
1316778,135780,0xCF00400,1,8,FF,FF,FF,D4,4B,FF,FF,FF
1316779,135781,0xCFF6600,1,8,7A,09,FF,FF,FF,FF,FF,FF
1316799,135782,0xCF00400,1,8,FF,FF,FF,06,4C,FF,FF,FF
1316799,135783,0xCFF6600,1,8,80,09,FF,FF,FF,FF,FF,FF
1316818,135784,0xCF00400,1,8,FF,FF,FF,90,4B,FF,FF,FF
1316819,135785,0xCFF6600,1,8,72,09,FF,FF,FF,FF,FF,FF
1316839,135786,0xCF00400,1,8,FF,FF,FF,7A,4A,FF,FF,FF
1316840,135787,0xCFF6600,1,8,4F,09,FF,FF,FF,FF,FF,FF
1316849,135788,0x18F00500,1,8,FF,FF,FF,FF,20,2D,FF,FF
1316850,135789,0x18FEF100,1,8,3F,00,00,FF,FF,FF,FF,FF
1316851,135790,0x18FEF200,1,8,1B,00,00,00,00,00,00,FF
1316877,135791,0xCF00400,1,8,FF,FF,FF,7A,4A,FF,FF,FF
1316877,135792,0xCFF6600,1,8,4F,09,FF,FF,FF,FF,FF,FF
1316878,135793,0x18EEFF00,1,8,08,CF,60,06,00,00,00,00
1316898,135794,0xCF00400,1,8,FF,FF,FF,6E,4A,FF,FF,FF
1316898,135795,0xCFF6600,1,8,4D,09,FF,FF,FF,FF,FF,FF
1316918,135796,0xCF00400,1,8,FF,FF,FF,08,4B,FF,FF,FF
1316918,135797,0xCFF6600,1,8,61,09,FF,FF,FF,FF,FF,FF
1316938,135798,0xCF00400,1,8,FF,FF,FF,D8,4B,FF,FF,FF
1316939,135799,0xCFF6600,1,8,7B,09,FF,FF,FF,FF,FF,FF
1316949,135800,0x18FEF100,1,8,3F,00,00,FF,FF,FF,FF,FF
1316949,135801,0x10FF6500,1,8,FC,FF,FF,FF,FF,FF,FF,FF
1316950,135802,0x18F00500,1,8,FF,FF,FF,FF,20,2D,FF,FF
1316950,135803,0x18F00600,1,8,FF,FF,FF,FF,FF,FF,FF,FF
1316951,135804,0x18FEF200,1,8,1B,00,00,00,00,00,00,FF
1316952,135805,0x1CFDDF00,1,8,FE,FF,FF,FF,FF,FF,FF,FF
1316952,135806,0x1CFF6A00,1,8,FC,FF,FF,FF,FF,FF,FF,FF
1316958,135807,0xCF00400,1,8,FF,FF,FF,D8,4B,FF,FF,FF
1316958,135808,0xCFF6600,1,8,7B,09,FF,FF,FF,FF,FF,FF
1316978,135809,0xCF00400,1,8,FF,FF,FF,F8,4B,FF,FF,FF
1316978,135810,0xCFF6600,1,8,7F,09,FF,FF,FF,FF,FF,FF
1316998,135811,0xCF00400,1,8,FF,FF,FF,80,4B,FF,FF,FF
1316998,135812,0xCFF6600,1,8,70,09,FF,FF,FF,FF,FF,FF
1317019,135813,0xCF00400,1,8,FF,FF,FF,2C,4B,FF,FF,FF
1317021,135814,0xCFF6600,1,8,65,09,FF,FF,FF,FF,FF,FF
1317038,135815,0xCF00400,1,8,FF,FF,FF,F4,4A,FF,FF,FF
1317039,135816,0xCFF6600,1,8,5E,09,FF,FF,FF,FF,FF,FF
1317049,135817,0x18F00500,1,8,FF,FF,FF,FF,20,2D,FF,FF
1317050,135818,0x18FEF100,1,8,3F,00,00,FF,FF,FF,FF,FF
1317050,135819,0x18FEF200,1,8,1B,00,00,00,00,00,00,FF
1317058,135820,0xCF00400,1,8,FF,FF,FF,F4,4A,FF,FF,FF
1317058,135821,0xCFF6600,1,8,5E,09,FF,FF,FF,FF,FF,FF
1317078,135822,0xCF00400,1,8,FF,FF,FF,D0,4A,FF,FF,FF
1317099,135823,0xCF00400,1,8,FF,FF,FF,BE,4A,FF,FF,FF
1317099,135824,0xCFF6600,1,8,5A,09,FF,FF,FF,FF,FF,FF
1317118,135825,0xCF00400,1,8,FF,FF,FF,DE,4A,FF,FF,FF
1317118,135826,0xCFF6600,1,8,5B,09,FF,FF,FF,FF,FF,FF
1317138,135827,0xCF00400,1,8,FF,FF,FF,2E,4B,FF,FF,FF
1317139,135828,0xCFF6600,1,8,65,09,FF,FF,FF,FF,FF,FF
1317148,135829,0x18FEF100,1,8,3F,00,00,FF,FF,FF,FF,FF
1317149,135830,0x10FF6500,1,8,FC,FF,FF,FF,FF,FF,FF,FF
1317149,135831,0x18F00500,1,8,FF,FF,FF,FF,20,2D,FF,FF
1317150,135832,0x18FEF200,1,8,1B,00,00,00,00,00,00,FF
1317158,135833,0xCF00400,1,8,FF,FF,FF,2E,4B,FF,FF,FF
1317159,135834,0xCFF6600,1,8,65,09,FF,FF,FF,FF,FF,FF
1317178,135835,0xCF00400,1,8,FF,FF,FF,62,4B,FF,FF,FF
1317179,135836,0xCFF6600,1,8,6C,09,FF,FF,FF,FF,FF,FF
1317199,135837,0xCF00400,1,8,FF,FF,FF,7A,4B,FF,FF,FF
1317200,135838,0xCFF6600,1,8,6F,09,FF,FF,FF,FF,FF,FF
1317218,135839,0xCF00400,1,8,FF,FF,FF,54,4B,FF,FF,FF
1317218,135840,0xCFF6600,1,8,6A,09,FF,FF,FF,FF,FF,FF
1317238,135841,0xCF00400,1,8,FF,FF,FF,F2,4A,FF,FF,FF
1317259,135842,0xCF00400,1,8,FF,FF,FF,F2,4A,FF,FF,FF
1317259,135843,0xCFF6600,1,8,5E,09,FF,FF,FF,FF,FF,FF
1317260,135844,0x18F00500,1,8,FF,FF,FF,FF,20,2D,FF,FF
1317261,135845,0x18FEF100,1,8,3F,00,00,FF,FF,FF,FF,FF
1317261,135846,0x18FEF200,1,8,1B,00,00,00,00,00,00,FF
1317278,135847,0xCF00400,1,8,FF,FF,FF,DC,4A,FF,FF,FF
1317278,135848,0xCFF6600,1,8,5B,09,FF,FF,FF,FF,FF,FF
1317298,135849,0xCF00400,1,8,FF,FF,FF,10,4B,FF,FF,FF
1317299,135850,0xCFF6600,1,8,62,09,FF,FF,FF,FF,FF,FF
1317318,135851,0xCF00400,1,8,FF,FF,FF,CA,4A,FF,FF,FF
1317337,135852,0xCFF6600,1,8,59,09,FF,FF,FF,FF,FF,FF
1317337,135853,0x18EEFF00,1,8,08,CF,60,06,00,00,00,00
1317338,135854,0xCF00400,1,8,FF,FF,FF,14,4A,FF,FF,FF
1317339,135855,0xCFF6600,1,8,42,09,FF,FF,FF,FF,FF,FF
1317348,135856,0x18FEF100,1,8,3F,00,00,FF,FF,FF,FF,FF
1317349,135857,0x10FF6500,1,8,FC,FF,FF,FF,FF,FF,FF,FF
1317349,135858,0x18F00500,1,8,FF,FF,FF,FF,20,2D,FF,FF
1317350,135859,0x18FEF200,1,8,1B,00,00,00,00,00,00,FF
1317358,135860,0xCF00400,1,8,FF,FF,FF,14,4A,FF,FF,FF
1317358,135861,0xCFF6600,1,8,42,09,FF,FF,FF,FF,FF,FF
1317378,135862,0xCF00400,1,8,FF,FF,FF,AA,49,FF,FF,FF
1317378,135863,0xCFF6600,1,8,35,09,FF,FF,FF,FF,FF,FF
1317398,135864,0xCF00400,1,8,FF,FF,FF,8A,49,FF,FF,FF
1317398,135865,0xCFF6600,1,8,31,09,FF,FF,FF,FF,FF,FF
1317418,135866,0xCF00400,1,8,FF,FF,FF,B8,49,FF,FF,FF
1317418,135867,0xCFF6600,1,8,37,09,FF,FF,FF,FF,FF,FF
1317438,135868,0xCF00400,1,8,FF,FF,FF,B8,49,FF,FF,FF
1317438,135869,0xCFF6600,1,8,37,09,FF,FF,FF,FF,FF,FF
1317448,135870,0x18FEF100,1,8,3F,00,00,FF,FF,FF,FF,FF
1317449,135871,0x18F00500,1,8,FF,FF,FF,FF,20,2D,FF,FF
1317450,135872,0x18F00600,1,8,FF,FF,FF,FF,FF,FF,FF,FF
1317450,135873,0x18FEF200,1,8,1B,00,00,00,00,00,00,FF
1317451,135874,0x1CFDDF00,1,8,FE,FF,FF,FF,FF,FF,FF,FF
1317452,135875,0x1CFF6A00,1,8,FC,FF,FF,FF,FF,FF,FF,FF
1317458,135876,0xCF00400,1,8,FF,FF,FF,28,4A,FF,FF,FF
1317459,135877,0xCFF6600,1,8,45,09,FF,FF,FF,FF,FF,FF
1317478,135878,0xCF00400,1,8,FF,FF,FF,5A,4A,FF,FF,FF
1317479,135879,0xCFF6600,1,8,4B,09,FF,FF,FF,FF,FF,FF
1317498,135880,0xCF00400,1,8,FF,FF,FF,56,4A,FF,FF,FF
1317518,135881,0xCF00400,1,8,FF,FF,FF,5E,4A,FF,FF,FF
1317519,135882,0xCFF6600,1,8,4A,09,FF,FF,FF,FF,FF,FF
1317538,135883,0xCF00400,1,8,FF,FF,FF,5E,4A,FF,FF,FF
1317538,135884,0xCFF6600,1,8,4B,09,FF,FF,FF,FF,FF,FF
1317548,135885,0x10FF6500,1,8,FC,FF,FF,FF,FF,FF,FF,FF
1317549,135886,0x18F00500,1,8,FF,FF,FF,FF,20,2D,FF,FF
1317550,135887,0x18FEF100,1,8,3F,00,00,FF,FF,FF,FF,FF
1317550,135888,0x18FEF200,1,8,1B,00,00,00,00,00,00,FF
1317558,135889,0xCF00400,1,8,FF,FF,FF,78,4A,FF,FF,FF
1317558,135890,0xCFF6600,1,8,4F,09,FF,FF,FF,FF,FF,FF
1317578,135891,0xCF00400,1,8,FF,FF,FF,8E,4A,FF,FF,FF
1317579,135892,0xCFF6600,1,8,51,09,FF,FF,FF,FF,FF,FF
1317599,135893,0xCF00400,1,8,FF,FF,FF,9E,4A,FF,FF,FF
1317599,135894,0xCFF6600,1,8,53,09,FF,FF,FF,FF,FF,FF
1317607,135895,0x18FDE500,1,8,0A,14,1E,28,32,3C,46,13
1317608,135896,0x18FEEE00,1,8,62,FF,FF,FF,FF,FF,FF,FF
1317619,135897,0xCF00400,1,8,FF,FF,FF,8E,4A,FF,FF,FF
1317619,135898,0xCFF6600,1,8,51,09,FF,FF,FF,FF,FF,FF
1317628,135899,0x1CECFF00,1,8,20,0A,00,02,FF,CA,FE,00
1317638,135900,0xCF00400,1,8,FF,FF,FF,8E,4A,FF,FF,FF
1317639,135901,0xCFF6600,1,8,51,09,FF,FF,FF,FF,FF,FF
1317649,135902,0x18F00500,1,8,FF,FF,FF,FF,20,2D,FF,FF
1317649,135903,0x18FEF100,1,8,3F,00,00,FF,FF,FF,FF,FF
1317650,135904,0x18FEF200,1,8,1B,00,00,00,00,00,00,FF
1317661,135905,0xCF00400,1,8,FF,FF,FF,60,4A,FF,FF,FF
1317662,135906,0xCFF6600,1,8,4C,09,FF,FF,FF,FF,FF,FF
1317678,135907,0xCF00400,1,8,FF,FF,FF,92,4A,FF,FF,FF
1317679,135908,0xCFF6600,1,8,52,09,FF,FF,FF,FF,FF,FF
1317679,135909,0x1CEBFF00,1,8,01,40,FF,0F,F0,E5,01,02
1317698,135910,0xCF00400,1,8,FF,FF,FF,0E,4B,FF,FF,FF
1317698,135911,0xCFF6600,1,8,61,09,FF,FF,FF,FF,FF,FF
1317719,135912,0xCF00400,1,8,FF,FF,FF,8C,4B,FF,FF,FF
1317720,135913,0xCFF6600,1,8,71,09,FF,FF,FF,FF,FF,FF
1317728,135914,0x1CEBFF00,1,8,02,F0,E3,01,FF,FF,FF,FF
1317738,135915,0xCF00400,1,8,FF,FF,FF,8C,4B,FF,FF,FF
1317738,135916,0xCFF6600,1,8,71,09,FF,FF,FF,FF,FF,FF
1317748,135917,0x18FEF100,1,8,3F,00,00,FF,FF,FF,FF,FF
1317749,135918,0x18F00500,1,8,FF,FF,FF,FF,20,2D,FF,FF
1317750,135919,0x10FF6500,1,8,FC,FF,FF,FF,FF,FF,FF,FF
1317751,135920,0x18FEF200,1,8,1B,00,00,00,00,00,00,FF
1317759,135921,0xCF00400,1,8,FF,FF,FF,0E,4C,FF,FF,FF
1317759,135922,0xCFF6600,1,8,81,09,FF,FF,FF,FF,FF,FF
1317797,135923,0xCF00400,1,8,FF,FF,FF,14,4C,FF,FF,FF
1317798,135924,0xCFF6600,1,8,82,09,FF,FF,FF,FF,FF,FF
1317818,135925,0xCF00400,1,8,FF,FF,FF,88,4B,FF,FF,FF
1317819,135926,0xCFF6600,1,8,71,09,FF,FF,FF,FF,FF,FF
1317853,135927,0xCF00400,1,8,FF,FF,FF,88,4B,FF,FF,FF
1317854,135928,0xCFF6600,1,8,71,09,FF,FF,FF,FF,FF,FF
1317857,135929,0x18EEFF00,1,8,08,CF,60,06,00,00,00,00
1317858,135930,0xCF00400,1,8,FF,FF,FF,94,4B,FF,FF,FF
1317858,135931,0xCFF6600,1,8,72,09,FF,FF,FF,FF,FF,FF
1317878,135932,0xCF00400,1,8,FF,FF,FF,AE,4B,FF,FF,FF
1317878,135933,0xCFF6600,1,8,75,09,FF,FF,FF,FF,FF,FF
1317898,135934,0xCF00400,1,8,FF,FF,FF,CA,4B,FF,FF,FF
1317898,135935,0xCFF6600,1,8,79,09,FF,FF,FF,FF,FF,FF
1317918,135936,0xCF00400,1,8,FF,FF,FF,A8,4B,FF,FF,FF
1317918,135937,0xCFF6600,1,8,75,09,FF,FF,FF,FF,FF,FF
1317938,135938,0xCF00400,1,8,FF,FF,FF,58,4B,FF,FF,FF
1317939,135939,0xCFF6600,1,8,6B,09,FF,FF,FF,FF,FF,FF
1317948,135940,0x18FEF100,1,8,3F,00,00,FF,FF,FF,FF,FF
1317949,135941,0x18F00500,1,8,FF,FF,FF,FF,20,2D,FF,FF
1317949,135942,0x18FEF200,1,8,1B,00,00,00,00,00,00,FF
1317959,135943,0xCF00400,1,8,FF,FF,FF,58,4B,FF,FF,FF
1317960,135944,0xCFF6600,1,8,6B,09,FF,FF,FF,FF,FF,FF
1317978,135945,0xCF00400,1,8,FF,FF,FF,2A,4B,FF,FF,FF
1317979,135946,0xCFF6600,1,8,65,09,FF,FF,FF,FF,FF,FF
1317998,135947,0xCF00400,1,8,FF,FF,FF,14,4B,FF,FF,FF
1317999,135948,0xCFF6600,1,8,62,09,FF,FF,FF,FF,FF,FF
1318019,135949,0xCF00400,1,8,FF,FF,FF,58,4B,FF,FF,FF
1318019,135950,0xCFF6600,1,8,6B,09,FF,FF,FF,FF,FF,FF
1318038,135951,0xCF00400,1,8,FF,FF,FF,E0,4B,FF,FF,FF
1318039,135952,0xCFF6600,1,8,7C,09,FF,FF,FF,FF,FF,FF
1318049,135953,0x18FEF100,1,8,3F,00,00,FF,FF,FF,FF,FF
1318049,135954,0x10FF6500,1,8,FC,FF,FF,FF,FF,FF,FF,FF
1318050,135955,0x18F00500,1,8,FF,FF,FF,FF,20,2D,FF,FF
1318052,135956,0x18F00600,1,8,FF,FF,FF,FF,FF,FF,FF,FF
1318052,135957,0x18FEF200,1,8,1B,00,00,00,00,00,00,FF
1318053,135958,0x1CFDDF00,1,8,FE,FF,FF,FF,FF,FF,FF,FF
1318054,135959,0x1CFF6A00,1,8,FC,FF,FF,FF,FF,FF,FF,FF
1318058,135960,0xCF00400,1,8,FF,FF,FF,E0,4B,FF,FF,FF
1318058,135961,0xCFF6600,1,8,7C,09,FF,FF,FF,FF,FF,FF
1318098,135962,0xCF00400,1,8,FF,FF,FF,06,4C,FF,FF,FF
1318099,135963,0xCFF6600,1,8,80,09,FF,FF,FF,FF,FF,FF
1318118,135964,0xCF00400,1,8,FF,FF,FF,12,4C,FF,FF,FF
1318118,135965,0xCFF6600,1,8,82,09,FF,FF,FF,FF,FF,FF
1318138,135966,0xCF00400,1,8,FF,FF,FF,7C,4C,FF,FF,FF
1318139,135967,0xCFF6600,1,8,8F,09,FF,FF,FF,FF,FF,FF
1318149,135968,0x18FEF100,1,8,3F,00,00,FF,FF,FF,FF,FF
1318149,135969,0x18F00500,1,8,FF,FF,FF,FF,20,2D,FF,FF
1318150,135970,0x18FEF200,1,8,1B,00,00,00,00,00,00,FF
1318158,135971,0xCF00400,1,8,FF,FF,FF,7C,4C,FF,FF,FF
1318159,135972,0xCFF6600,1,8,8F,09,FF,FF,FF,FF,FF,FF
1318178,135973,0xCF00400,1,8,FF,FF,FF,56,4C,FF,FF,FF
1318178,135974,0xCFF6600,1,8,8A,09,FF,FF,FF,FF,FF,FF
1318198,135975,0xCF00400,1,8,FF,FF,FF,B2,4B,FF,FF,FF
1318198,135976,0xCFF6600,1,8,76,09,FF,FF,FF,FF,FF,FF
1318218,135977,0xCF00400,1,8,FF,FF,FF,54,4B,FF,FF,FF
1318219,135978,0xCFF6600,1,8,6A,09,FF,FF,FF,FF,FF,FF
1318238,135979,0xCF00400,1,8,FF,FF,FF,40,4B,FF,FF,FF
1318239,135980,0xCFF6600,1,8,68,09,FF,FF,FF,FF,FF,FF
1318253,135981,0x10FF6500,1,8,FC,FF,FF,FF,FF,FF,FF,FF
1318253,135982,0x18F00500,1,8,FF,FF,FF,FF,20,2D,FF,FF
1318254,135983,0x18FEF100,1,8,3F,00,00,FF,FF,FF,FF,FF
1318255,135984,0x18FEF200,1,8,1B,00,00,00,00,00,00,FF
1318258,135985,0xCF00400,1,8,FF,FF,FF,40,4B,FF,FF,FF
1318258,135986,0xCFF6600,1,8,68,09,FF,FF,FF,FF,FF,FF
1318278,135987,0xCF00400,1,8,FF,FF,FF,5E,4B,FF,FF,FF
1318278,135988,0xCFF6600,1,8,6B,09,FF,FF,FF,FF,FF,FF
1318299,135989,0xCF00400,1,8,FF,FF,FF,9C,4B,FF,FF,FF
1318299,135990,0xCFF6600,1,8,73,09,FF,FF,FF,FF,FF,FF
1318318,135991,0xCF00400,1,8,FF,FF,FF,F2,4B,FF,FF,FF
1318319,135992,0xCFF6600,1,8,7E,09,FF,FF,FF,FF,FF,FF
1318339,135993,0xCF00400,1,8,FF,FF,FF,5E,4C,FF,FF,FF
1318340,135994,0xCFF6600,1,8,8B,09,FF,FF,FF,FF,FF,FF
1318348,135995,0x18FEF100,1,8,3F,00,00,FF,FF,FF,FF,FF
1318349,135996,0x18F00500,1,8,FF,FF,FF,FF,20,2D,FF,FF
1318350,135997,0x18FEF200,1,8,1B,00,00,00,00,00,00,FF
1318358,135998,0xCF00400,1,8,FF,FF,FF,5E,4C,FF,FF,FF
1318358,135999,0xCFF6600,1,8,8B,09,FF,FF,FF,FF,FF,FF
1318378,136000,0xCF00400,1,8,FF,FF,FF,B0,4C,FF,FF,FF
1318379,136001,0xCFF6600,1,8,96,09,FF,FF,FF,FF,FF,FF
1318398,136002,0xCF00400,1,8,FF,FF,FF,EC,4C,FF,FF,FF
1318398,136003,0xCFF6600,1,8,9D,09,FF,FF,FF,FF,FF,FF
1318418,136004,0xCF00400,1,8,FF,FF,FF,BE,4C,FF,FF,FF
1318418,136005,0xCFF6600,1,8,97,09,FF,FF,FF,FF,FF,FF
1318438,136006,0xCF00400,1,8,FF,FF,FF,2C,4C,FF,FF,FF
1318465,136007,0xCFF6600,1,8,85,09,FF,FF,FF,FF,FF,FF
1318465,136008,0x18EEFF00,1,8,08,CF,60,06,00,00,00,00
1318478,136009,0xCF00400,1,8,FF,FF,FF,FA,4B,FF,FF,FF
1318478,136010,0xCFF6600,1,8,7F,09,FF,FF,FF,FF,FF,FF
1318498,136011,0xCF00400,1,8,FF,FF,FF,24,4C,FF,FF,FF
1318498,136012,0xCFF6600,1,8,84,09,FF,FF,FF,FF,FF,FF
1318518,136013,0xCF00400,1,8,FF,FF,FF,50,4C,FF,FF,FF
1318518,136014,0xCFF6600,1,8,8A,09,FF,FF,FF,FF,FF,FF
1318538,136015,0xCF00400,1,8,FF,FF,FF,6E,4C,FF,FF,FF
1318539,136016,0xCFF6600,1,8,8D,09,FF,FF,FF,FF,FF,FF
1318549,136017,0x10FF6500,1,8,FC,FF,FF,FF,FF,FF,FF,FF
1318549,136018,0x18F00500,1,8,FF,FF,FF,FF,20,2D,FF,FF
1318550,136019,0x18FEF100,1,8,3F,00,00,FF,FF,FF,FF,FF
1318551,136020,0x18FEF200,1,8,1B,00,00,00,00,00,00,FF
1318558,136021,0xCF00400,1,8,FF,FF,FF,68,4C,FF,FF,FF
1318558,136022,0xCFF6600,1,8,8D,09,FF,FF,FF,FF,FF,FF
1318578,136023,0xCF00400,1,8,FF,FF,FF,68,4C,FF,FF,FF
1318600,136024,0xCF00400,1,8,FF,FF,FF,4C,4C,FF,FF,FF
1318601,136025,0xCFF6600,1,8,8D,09,FF,FF,FF,FF,FF,FF
1318608,136026,0x18FDE500,1,8,0A,14,1E,28,32,3C,46,13
1318609,136027,0x18FEEE00,1,8,62,FF,FF,FF,FF,FF,FF,FF
1318618,136028,0xCF00400,1,8,FF,FF,FF,16,4C,FF,FF,FF
1318619,136029,0xCFF6600,1,8,82,09,FF,FF,FF,FF,FF,FF
1318627,136030,0x1CECFF00,1,8,20,0A,00,02,FF,CA,FE,00
1318638,136031,0xCF00400,1,8,FF,FF,FF,CC,4B,FF,FF,FF
1318638,136032,0xCFF6600,1,8,79,09,FF,FF,FF,FF,FF,FF
1318649,136033,0x18F00500,1,8,FF,FF,FF,FF,20,2D,FF,FF
1318650,136034,0x18F00600,1,8,FF,FF,FF,FF,FF,FF,FF,FF
1318650,136035,0x18FEF100,1,8,3F,00,00,FF,FF,FF,FF,FF
1318651,136036,0x18FEF200,1,8,1B,00,00,00,00,00,00,FF
1318652,136037,0x1CFDDF00,1,8,FE,FF,FF,FF,FF,FF,FF,FF
1318653,136038,0x1CFF6A00,1,8,FC,FF,FF,FF,FF,FF,FF,FF
1318658,136039,0xCF00400,1,8,FF,FF,FF,9C,4B,FF,FF,FF
1318659,136040,0xCFF6600,1,8,73,09,FF,FF,FF,FF,FF,FF
1318678,136041,0xCF00400,1,8,FF,FF,FF,9C,4B,FF,FF,FF
1318699,136042,0xCF00400,1,8,FF,FF,FF,7E,4B,FF,FF,FF
1318700,136043,0xCFF6600,1,8,73,09,FF,FF,FF,FF,FF,FF
1318700,136044,0x1CEBFF00,1,8,01,40,FF,0F,F0,E5,01,02
1318718,136045,0xCF00400,1,8,FF,FF,FF,BC,4B,FF,FF,FF
1318719,136046,0xCFF6600,1,8,77,09,FF,FF,FF,FF,FF,FF
1318728,136047,0x1CEBFF00,1,8,02,F0,E3,01,FF,FF,FF,FF
1318739,136048,0xCF00400,1,8,FF,FF,FF,44,4C,FF,FF,FF
1318739,136049,0xCFF6600,1,8,88,09,FF,FF,FF,FF,FF,FF
1318748,136050,0x10FF6500,1,8,FC,FF,FF,FF,FF,FF,FF,FF
1318749,136051,0x18F00500,1,8,FF,FF,FF,FF,20,2D,FF,FF
1318750,136052,0x18FEF100,1,8,3F,00,00,FF,FF,FF,FF,FF
1318750,136053,0x18FEF200,1,8,1B,00,00,00,00,00,00,FF
1318758,136054,0xCF00400,1,8,FF,FF,FF,62,4C,FF,FF,FF
1318758,136055,0xCFF6600,1,8,8C,09,FF,FF,FF,FF,FF,FF
1318778,136056,0xCF00400,1,8,FF,FF,FF,34,4C,FF,FF,FF
1318779,136057,0xCFF6600,1,8,86,09,FF,FF,FF,FF,FF,FF
1318798,136058,0xCF00400,1,8,FF,FF,FF,34,4C,FF,FF,FF
1318799,136059,0xCFF6600,1,8,86,09,FF,FF,FF,FF,FF,FF
1318818,136060,0xCF00400,1,8,FF,FF,FF,32,4C,FF,FF,FF
1318819,136061,0xCFF6600,1,8,86,09,FF,FF,FF,FF,FF,FF
1318838,136062,0xCF00400,1,8,FF,FF,FF,4E,4C,FF,FF,FF
1318838,136063,0xCFF6600,1,8,89,09,FF,FF,FF,FF,FF,FF
1318849,136064,0x18FEF100,1,8,3F,00,00,FF,FF,FF,FF,FF
1318849,136065,0x18F00500,1,8,FF,FF,FF,FF,20,2D,FF,FF
1318850,136066,0x18FEF200,1,8,1B,00,00,00,00,00,00,FF
1318858,136067,0xCF00400,1,8,FF,FF,FF,28,4C,FF,FF,FF
1318858,136068,0xCFF6600,1,8,85,09,FF,FF,FF,FF,FF,FF
1318878,136069,0xCF00400,1,8,FF,FF,FF,D0,4B,FF,FF,FF
1318879,136070,0xCFF6600,1,8,7A,09,FF,FF,FF,FF,FF,FF
1318915,136071,0xCF00400,1,8,FF,FF,FF,D0,4B,FF,FF,FF
1318915,136072,0xCFF6600,1,8,7A,09,FF,FF,FF,FF,FF,FF
1318916,136073,0xCFF6600,1,8,7A,09,FF,FF,FF,FF,FF,FF
1318917,136074,0x18EEFF00,1,8,08,CF,60,06,00,00,00,00
1318918,136075,0xCF00400,1,8,FF,FF,FF,6E,4B,FF,FF,FF
1318918,136076,0xCFF6600,1,8,6D,09,FF,FF,FF,FF,FF,FF
1318938,136077,0xCF00400,1,8,FF,FF,FF,02,4B,FF,FF,FF
1318938,136078,0xCFF6600,1,8,60,09,FF,FF,FF,FF,FF,FF
1318948,136079,0x18FEF100,1,8,3F,00,00,FF,FF,FF,FF,FF
1318949,136080,0x10FF6500,1,8,FC,FF,FF,FF,FF,FF,FF,FF
1318949,136081,0x18F00500,1,8,FF,FF,FF,FF,20,2D,FF,FF
1318950,136082,0x18FEF200,1,8,1B,00,00,00,00,00,00,FF
1318958,136083,0xCF00400,1,8,FF,FF,FF,38,4B,FF,FF,FF
1318959,136084,0xCFF6600,1,8,67,09,FF,FF,FF,FF,FF,FF
1318960,136085,0xCFF6600,1,8,67,09,FF,FF,FF,FF,FF,FF
1318978,136086,0xCF00400,1,8,FF,FF,FF,F6,4B,FF,FF,FF
1318978,136087,0xCFF6600,1,8,7E,09,FF,FF,FF,FF,FF,FF
1318998,136088,0xCF00400,1,8,FF,FF,FF,F6,4B,FF,FF,FF
1318998,136089,0xCFF6600,1,8,7E,09,FF,FF,FF,FF,FF,FF
1319018,136090,0xCF00400,1,8,FF,FF,FF,0C,4C,FF,FF,FF
1319019,136091,0xCFF6600,1,8,81,09,FF,FF,FF,FF,FF,FF
1319038,136092,0xCF00400,1,8,FF,FF,FF,98,4B,FF,FF,FF
1319039,136093,0xCFF6600,1,8,73,09,FF,FF,FF,FF,FF,FF
1319049,136094,0x18FEF100,1,8,3F,00,00,FF,FF,FF,FF,FF
1319049,136095,0x18F00500,1,8,FF,FF,FF,FF,20,2D,FF,FF
1319050,136096,0x18FEF200,1,8,1B,00,00,00,00,00,00,FF
1319060,136097,0xCF00400,1,8,FF,FF,FF,C2,4B,FF,FF,FF
1319061,136098,0xCFF6600,1,8,78,09,FF,FF,FF,FF,FF,FF
1319079,136099,0xCF00400,1,8,FF,FF,FF,76,4C,FF,FF,FF
1319079,136100,0xCFF6600,1,8,8E,09,FF,FF,FF,FF,FF,FF
1319099,136101,0xCF00400,1,8,FF,FF,FF,C4,4C,FF,FF,FF
1319100,136102,0xCFF6600,1,8,98,09,FF,FF,FF,FF,FF,FF
1319118,136103,0xCF00400,1,8,FF,FF,FF,C4,4C,FF,FF,FF
1319139,136104,0xCF00400,1,8,FF,FF,FF,C0,4C,FF,FF,FF
1319139,136105,0xCFF6600,1,8,98,09,FF,FF,FF,FF,FF,FF
1319149,136106,0x10FF6500,1,8,FC,FF,FF,FF,FF,FF,FF,FF
1319150,136107,0x18F00500,1,8,FF,FF,FF,FF,20,2D,FF,FF
1319151,136108,0x18F00600,1,8,FF,FF,FF,FF,FF,FF,FF,FF
1319151,136109,0x18FEF100,1,8,3F,00,00,FF,FF,FF,FF,FF
1319152,136110,0x18FEF200,1,8,1B,00,00,00,00,00,00,FF
1319153,136111,0x1CFDDF00,1,8,FE,FF,FF,FF,FF,FF,FF,FF
1319153,136112,0x1CFF6A00,1,8,FC,FF,FF,FF,FF,FF,FF,FF
1319158,136113,0xCF00400,1,8,FF,FF,FF,96,4C,FF,FF,FF
1319158,136114,0xCFF6600,1,8,92,09,FF,FF,FF,FF,FF,FF
1319178,136115,0xCF00400,1,8,FF,FF,FF,46,4C,FF,FF,FF
1319179,136116,0xCFF6600,1,8,88,09,FF,FF,FF,FF,FF,FF
1319199,136117,0xCF00400,1,8,FF,FF,FF,30,4C,FF,FF,FF
1319200,136118,0xCFF6600,1,8,86,09,FF,FF,FF,FF,FF,FF
1319218,136119,0xCF00400,1,8,FF,FF,FF,30,4C,FF,FF,FF
1319218,136120,0xCFF6600,1,8,86,09,FF,FF,FF,FF,FF,FF
1319238,136121,0xCF00400,1,8,FF,FF,FF,4C,4C,FF,FF,FF
1319238,136122,0xCFF6600,1,8,89,09,FF,FF,FF,FF,FF,FF
1319248,136123,0x18FEF100,1,8,3F,00,00,FF,FF,FF,FF,FF
1319250,136124,0x18F00500,1,8,FF,FF,FF,FF,20,2D,FF,FF
1319251,136125,0x18FEF200,1,8,1B,00,00,00,00,00,00,FF
1319278,136126,0xCF00400,1,8,FF,FF,FF,7A,4C,FF,FF,FF
1319278,136127,0xCFF6600,1,8,8F,09,FF,FF,FF,FF,FF,FF
1319279,136128,0x18EEFF00,1,8,08,CF,60,06,00,00,00,00
1319298,136129,0xCF00400,1,8,FF,FF,FF,80,4C,FF,FF,FF
1319299,136130,0xCFF6600,1,8,90,09,FF,FF,FF,FF,FF,FF
1319318,136131,0xCF00400,1,8,FF,FF,FF,80,4C,FF,FF,FF
1319319,136132,0xCFF6600,1,8,90,09,FF,FF,FF,FF,FF,FF
1319338,136133,0xCF00400,1,8,FF,FF,FF,E2,4B,FF,FF,FF
1319339,136134,0xCFF6600,1,8,7C,09,FF,FF,FF,FF,FF,FF
1319348,136135,0x18FEF100,1,8,3F,00,00,FF,FF,FF,FF,FF
1319349,136136,0x10FF6500,1,8,FC,FF,FF,FF,FF,FF,FF,FF
1319350,136137,0x18F00500,1,8,FF,FF,FF,FF,20,2D,FF,FF
1319350,136138,0x18FEF200,1,8,1B,00,00,00,00,00,00,FF
1319358,136139,0xCF00400,1,8,FF,FF,FF,C8,4B,FF,FF,FF
1319358,136140,0xCFF6600,1,8,79,09,FF,FF,FF,FF,FF,FF
1319378,136141,0xCF00400,1,8,FF,FF,FF,22,4C,FF,FF,FF
1319379,136142,0xCFF6600,1,8,84,09,FF,FF,FF,FF,FF,FF
1319417,136143,0xCF00400,1,8,FF,FF,FF,58,4C,FF,FF,FF
1319418,136144,0xCFF6600,1,8,8B,09,FF,FF,FF,FF,FF,FF
1319418,136145,0xCF00400,1,8,FF,FF,FF,76,4C,FF,FF,FF
1319438,136146,0xCF00400,1,8,FF,FF,FF,76,4C,FF,FF,FF
1319438,136147,0xCFF6600,1,8,8E,09,FF,FF,FF,FF,FF,FF
1319449,136148,0x18FEF100,1,8,3F,00,00,FF,FF,FF,FF,FF
1319451,136149,0x18F00500,1,8,FF,FF,FF,FF,20,2D,FF,FF
1319451,136150,0x18FEF200,1,8,1B,00,00,00,00,00,00,FF
1319458,136151,0xCF00400,1,8,FF,FF,FF,CC,4C,FF,FF,FF
1319459,136152,0xCFF6600,1,8,99,09,FF,FF,FF,FF,FF,FF
1319478,136153,0xCF00400,1,8,FF,FF,FF,50,4D,FF,FF,FF
1319479,136154,0xCFF6600,1,8,AA,09,FF,FF,FF,FF,FF,FF
1319498,136155,0xCF00400,1,8,FF,FF,FF,9E,4D,FF,FF,FF
1319498,136156,0xCFF6600,1,8,B3,09,FF,FF,FF,FF,FF,FF
1319518,136157,0xCF00400,1,8,FF,FF,FF,C8,4D,FF,FF,FF
1319518,136158,0xCFF6600,1,8,B9,09,FF,FF,FF,FF,FF,FF
1319538,136159,0xCF00400,1,8,FF,FF,FF,C8,4D,FF,FF,FF
1319539,136160,0xCFF6600,1,8,B9,09,FF,FF,FF,FF,FF,FF
1319550,136161,0x10FF6500,1,8,FC,FF,FF,FF,FF,FF,FF,FF
1319551,136162,0x18F00500,1,8,FF,FF,FF,FF,20,2D,FF,FF
1319551,136163,0x18FEF100,1,8,3F,00,00,FF,FF,FF,FF,FF
1319552,136164,0x18FEF200,1,8,1B,00,00,00,00,00,00,FF
1319558,136165,0xCF00400,1,8,FF,FF,FF,66,4D,FF,FF,FF
1319559,136166,0xCFF6600,1,8,AC,09,FF,FF,FF,FF,FF,FF
1319578,136167,0xCF00400,1,8,FF,FF,FF,8C,4C,FF,FF,FF
1319579,136168,0xCFF6600,1,8,91,09,FF,FF,FF,FF,FF,FF
1319598,136169,0xCF00400,1,8,FF,FF,FF,38,4C,FF,FF,FF
1319599,136170,0xCFF6600,1,8,87,09,FF,FF,FF,FF,FF,FF
1319607,136171,0x18FEEE00,1,8,62,FF,FF,FF,FF,FF,FF,FF
1319608,136172,0x18FDE500,1,8,0A,14,1E,28,32,3C,46,13
1319623,136173,0xCF00400,1,8,FF,FF,FF,5C,4C,FF,FF,FF
1319623,136174,0xCFF6600,1,8,8B,09,FF,FF,FF,FF,FF,FF
1319627,136175,0x1CECFF00,1,8,20,0A,00,02,FF,CA,FE,00
1319638,136176,0xCF00400,1,8,FF,FF,FF,B2,4C,FF,FF,FF
1319639,136177,0xCFF6600,1,8,96,09,FF,FF,FF,FF,FF,FF
1319649,136178,0x18FEF100,1,8,3F,00,00,FF,FF,FF,FF,FF
1319649,136179,0x18F00500,1,8,FF,FF,FF,FF,20,2D,FF,FF
1319650,136180,0x18F00600,1,8,FF,FF,FF,FF,FF,FF,FF,FF
1319651,136181,0x18FEF200,1,8,1B,00,00,00,00,00,00,FF
1319651,136182,0x1CFDDF00,1,8,FE,FF,FF,FF,FF,FF,FF,FF
1319653,136183,0x1CFF6A00,1,8,FC,FF,FF,FF,FF,FF,FF,FF
1319654,136184,0x1CFF6A00,1,8,FC,FF,FF,FF,FF,FF,FF,FF
1319658,136185,0xCF00400,1,8,FF,FF,FF,B2,4C,FF,FF,FF
1319659,136186,0xCFF6600,1,8,96,09,FF,FF,FF,FF,FF,FF
1319679,136187,0xCF00400,1,8,FF,FF,FF,2C,4D,FF,FF,FF
1319680,136188,0xCFF6600,1,8,A5,09,FF,FF,FF,FF,FF,FF
1319681,136189,0x1CEBFF00,1,8,01,40,FF,0F,F0,E5,01,02
1319698,136190,0xCF00400,1,8,FF,FF,FF,46,4D,FF,FF,FF
1319699,136191,0xCFF6600,1,8,A8,09,FF,FF,FF,FF,FF,FF
1319718,136192,0xCF00400,1,8,FF,FF,FF,14,4D,FF,FF,FF
1319718,136193,0xCFF6600,1,8,A2,09,FF,FF,FF,FF,FF,FF
1319727,136194,0x1CEBFF00,1,8,02,F0,E3,01,FF,FF,FF,FF
1319738,136195,0xCF00400,1,8,FF,FF,FF,0E,4D,FF,FF,FF
1319738,136196,0xCFF6600,1,8,A1,09,FF,FF,FF,FF,FF,FF
1319749,136197,0x18F00500,1,8,FF,FF,FF,FF,20,2D,FF,FF
1319775,136198,0x10FF6500,1,8,FC,FF,FF,FF,FF,FF,FF,FF
1319776,136199,0x18EEFF00,1,8,08,CF,60,06,00,00,00,00
1319776,136200,0x18FEF100,1,8,3F,00,00,FF,FF,FF,FF,FF
1319777,136201,0x18FEF200,1,8,1B,00,00,00,00,00,00,FF
1319780,136202,0xCF00400,1,8,FF,FF,FF,34,4D,FF,FF,FF
1319780,136203,0xCFF6600,1,8,A6,09,FF,FF,FF,FF,FF,FF
1319798,136204,0xCF00400,1,8,FF,FF,FF,FC,4C,FF,FF,FF
1319800,136205,0xCFF6600,1,8,9F,09,FF,FF,FF,FF,FF,FF
1319818,136206,0xCF00400,1,8,FF,FF,FF,6C,4C,FF,FF,FF
1319818,136207,0xCFF6600,1,8,8D,09,FF,FF,FF,FF,FF,FF
1319838,136208,0xCF00400,1,8,FF,FF,FF,0E,4C,FF,FF,FF
1319839,136209,0xCFF6600,1,8,81,09,FF,FF,FF,FF,FF,FF
1319849,136210,0x18F00500,1,8,FF,FF,FF,FF,20,2D,FF,FF
1319850,136211,0x18FEF100,1,8,3F,00,00,FF,FF,FF,FF,FF
1319850,136212,0x18FEF200,1,8,1B,00,00,00,00,00,00,FF
1319860,136213,0xCF00400,1,8,FF,FF,FF,DE,4B,FF,FF,FF
1319861,136214,0xCFF6600,1,8,7B,09,FF,FF,FF,FF,FF,FF
1319878,136215,0xCF00400,1,8,FF,FF,FF,DE,4B,FF,FF,FF
1319879,136216,0xCFF6600,1,8,7B,09,FF,FF,FF,FF,FF,FF
1319898,136217,0xCF00400,1,8,FF,FF,FF,E4,4B,FF,FF,FF
1319899,136218,0xCFF6600,1,8,7C,09,FF,FF,FF,FF,FF,FF
1319918,136219,0xCF00400,1,8,FF,FF,FF,1A,4C,FF,FF,FF
1319919,136220,0xCFF6600,1,8,83,09,FF,FF,FF,FF,FF,FF
1319939,136221,0xCF00400,1,8,FF,FF,FF,64,4C,FF,FF,FF
1319939,136222,0xCFF6600,1,8,8C,09,FF,FF,FF,FF,FF,FF
1319949,136223,0x10FF6500,1,8,FC,FF,FF,FF,FF,FF,FF,FF
1319949,136224,0x18F00500,1,8,FF,FF,FF,FF,20,2D,FF,FF
1319970,136225,0xCF00400,1,8,FF,FF,FF,C4,4C,FF,FF,FF
1319971,136226,0xCFF6600,1,8,98,09,FF,FF,FF,FF,FF,FF
1319972,136227,0x18FEF100,1,8,3F,00,00,FF,FF,FF,FF,FF
1319972,136228,0x18FEF200,1,8,1B,00,00,00,00,00,00,FF
1319979,136229,0xCF00400,1,8,FF,FF,FF,C4,4C,FF,FF,FF
1319980,136230,0xCFF6600,1,8,98,09,FF,FF,FF,FF,FF,FF
1320014,136231,0xCF00400,1,8,FF,FF,FF,2C,4D,FF,FF,FF
1320015,136232,0xCFF6600,1,8,A5,09,FF,FF,FF,FF,FF,FF
1320017,136233,0x18EEFF00,1,8,08,CF,60,06,00,00,00,00
1320018,136234,0xCF00400,1,8,FF,FF,FF,9E,4D,FF,FF,FF
1320020,136235,0xCFF6600,1,8,B3,09,FF,FF,FF,FF,FF,FF
1320038,136236,0xCF00400,1,8,FF,FF,FF,C4,4D,FF,FF,FF
1320038,136237,0xCFF6600,1,8,B8,09,FF,FF,FF,FF,FF,FF
1320049,136238,0x18F00500,1,8,FF,FF,FF,FF,20,2D,FF,FF
1320049,136239,0x18FEF100,1,8,3F,00,00,FF,FF,FF,FF,FF
1320050,136240,0x18FEF200,1,8,1B,00,00,00,00,00,00,FF
1320058,136241,0xCF00400,1,8,FF,FF,FF,B4,4D,FF,FF,FF
1320058,136242,0xCFF6600,1,8,B6,09,FF,FF,FF,FF,FF,FF
1320079,136243,0xCF00400,1,8,FF,FF,FF,96,4D,FF,FF,FF
1320079,136244,0xCFF6600,1,8,B2,09,FF,FF,FF,FF,FF,FF
1320098,136245,0xCF00400,1,8,FF,FF,FF,96,4D,FF,FF,FF
1320099,136246,0xCFF6600,1,8,B2,09,FF,FF,FF,FF,FF,FF
1320118,136247,0xCF00400,1,8,FF,FF,FF,60,4D,FF,FF,FF
1320119,136248,0xCFF6600,1,8,AC,09,FF,FF,FF,FF,FF,FF
1320138,136249,0xCF00400,1,8,FF,FF,FF,2A,4D,FF,FF,FF
1320139,136250,0xCFF6600,1,8,A5,09,FF,FF,FF,FF,FF,FF
1320149,136251,0x18FEF100,1,8,3F,00,00,FF,FF,FF,FF,FF
1320150,136252,0x10FF6500,1,8,FC,FF,FF,FF,FF,FF,FF,FF
1320150,136253,0x18F00500,1,8,FF,FF,FF,FF,20,2D,FF,FF
1320152,136254,0x18F00600,1,8,FF,FF,FF,FF,FF,FF,FF,FF
1320153,136255,0x18FEF200,1,8,1B,00,00,00,00,00,00,FF
1320153,136256,0x1CFDDF00,1,8,FE,FF,FF,FF,FF,FF,FF,FF
1320154,136257,0x1CFF6A00,1,8,FC,FF,FF,FF,FF,FF,FF,FF
1320158,136258,0xCF00400,1,8,FF,FF,FF,F8,4C,FF,FF,FF
1320158,136259,0xCFF6600,1,8,9F,09,FF,FF,FF,FF,FF,FF
1320178,136260,0xCF00400,1,8,FF,FF,FF,F0,4C,FF,FF,FF
1320179,136261,0xCFF6600,1,8,9E,09,FF,FF,FF,FF,FF,FF
1320199,136262,0xCF00400,1,8,FF,FF,FF,0C,4D,FF,FF,FF
1320202,136263,0xCFF6600,1,8,A1,09,FF,FF,FF,FF,FF,FF
1320218,136264,0xCF00400,1,8,FF,FF,FF,0C,4D,FF,FF,FF
1320219,136265,0xCFF6600,1,8,A1,09,FF,FF,FF,FF,FF,FF
1320238,136266,0xCF00400,1,8,FF,FF,FF,36,4D,FF,FF,FF
1320239,136267,0xCFF6600,1,8,A6,09,FF,FF,FF,FF,FF,FF
1320250,136268,0x18F00500,1,8,FF,FF,FF,FF,20,2D,FF,FF
1320276,136269,0x18EEFF00,1,8,08,CF,60,06,00,00,00,00
1320277,136270,0x18FEF100,1,8,3F,00,00,FF,FF,FF,FF,FF
1320277,136271,0x18FEF200,1,8,1B,00,00,00,00,00,00,FF
1320278,136272,0xCF00400,1,8,FF,FF,FF,76,4D,FF,FF,FF
1320278,136273,0xCFF6600,1,8,AE,09,FF,FF,FF,FF,FF,FF
1320300,136274,0xCF00400,1,8,FF,FF,FF,44,4D,FF,FF,FF
1320300,136275,0xCFF6600,1,8,A8,09,FF,FF,FF,FF,FF,FF
1320318,136276,0xCF00400,1,8,FF,FF,FF,44,4D,FF,FF,FF
1320319,136277,0xCFF6600,1,8,A8,09,FF,FF,FF,FF,FF,FF
1320338,136278,0xCF00400,1,8,FF,FF,FF,E0,4C,FF,FF,FF
1320339,136279,0xCFF6600,1,8,9C,09,FF,FF,FF,FF,FF,FF
1320349,136280,0x10FF6500,1,8,FC,FF,FF,FF,FF,FF,FF,FF
1320349,136281,0x18F00500,1,8,FF,FF,FF,FF,20,2D,FF,FF
1320371,136282,0xCF00400,1,8,FF,FF,FF,5A,4C,FF,FF,FF
1320371,136283,0xCFF6600,1,8,8B,09,FF,FF,FF,FF,FF,FF
1320372,136284,0x18FEF100,1,8,3F,00,00,FF,FF,FF,FF,FF
1320373,136285,0x18FEF200,1,8,1B,00,00,00,00,00,00,FF
1320378,136286,0xCF00400,1,8,FF,FF,FF,34,4C,FF,FF,FF
1320378,136287,0xCFF6600,1,8,86,09,FF,FF,FF,FF,FF,FF
1320398,136288,0xCF00400,1,8,FF,FF,FF,60,4C,FF,FF,FF
1320398,136289,0xCFF6600,1,8,8C,09,FF,FF,FF,FF,FF,FF
1320418,136290,0xCF00400,1,8,FF,FF,FF,9C,4C,FF,FF,FF
1320419,136291,0xCFF6600,1,8,93,09,FF,FF,FF,FF,FF,FF
1320438,136292,0xCF00400,1,8,FF,FF,FF,9C,4C,FF,FF,FF
1320439,136293,0xCFF6600,1,8,93,09,FF,FF,FF,FF,FF,FF
1320450,136294,0x18F00500,1,8,FF,FF,FF,FF,20,2D,FF,FF
1320451,136295,0x18FEF100,1,8,3F,00,00,FF,FF,FF,FF,FF
1320451,136296,0x18FEF200,1,8,1B,00,00,00,00,00,00,FF
1320459,136297,0xCF00400,1,8,FF,FF,FF,E2,4C,FF,FF,FF
1320459,136298,0xCFF6600,1,8,9C,09,FF,FF,FF,FF,FF,FF
1320478,136299,0xCF00400,1,8,FF,FF,FF,34,4D,FF,FF,FF
1320479,136300,0xCFF6600,1,8,A6,09,FF,FF,FF,FF,FF,FF
1320498,136301,0xCF00400,1,8,FF,FF,FF,8E,4D,FF,FF,FF
1320498,136302,0xCFF6600,1,8,B1,09,FF,FF,FF,FF,FF,FF
1320518,136303,0xCF00400,1,8,FF,FF,FF,7E,4D,FF,FF,FF
1320519,136304,0xCFF6600,1,8,AF,09,FF,FF,FF,FF,FF,FF
1320538,136305,0xCF00400,1,8,FF,FF,FF,1A,4D,FF,FF,FF
1320539,136306,0xCFF6600,1,8,A3,09,FF,FF,FF,FF,FF,FF
1320549,136307,0x10FF6500,1,8,FC,FF,FF,FF,FF,FF,FF,FF
1320549,136308,0x18F00500,1,8,FF,FF,FF,FF,20,2D,FF,FF
1320550,136309,0x18FEF100,1,8,3F,00,00,FF,FF,FF,FF,FF
1320551,136310,0x18FEF200,1,8,1B,00,00,00,00,00,00,FF
1320560,136311,0xCF00400,1,8,FF,FF,FF,1A,4D,FF,FF,FF
1320560,136312,0xCFF6600,1,8,A3,09,FF,FF,FF,FF,FF,FF
1320578,136313,0xCF00400,1,8,FF,FF,FF,D0,4C,FF,FF,FF
1320578,136314,0xCFF6600,1,8,9A,09,FF,FF,FF,FF,FF,FF
1320598,136315,0xCF00400,1,8,FF,FF,FF,9E,4C,FF,FF,FF
1320598,136316,0xCFF6600,1,8,93,09,FF,FF,FF,FF,FF,FF
1320608,136317,0x18FDE500,1,8,0A,14,1E,28,32,3C,46,13
1320609,136318,0x18FEEE00,1,8,63,FF,FF,FF,FF,FF,FF,FF
1320618,136319,0xCF00400,1,8,FF,FF,FF,76,4C,FF,FF,FF
1320622,136320,0xCFF6600,1,8,8E,09,FF,FF,FF,FF,FF,FF
1320628,136321,0x1CECFF00,1,8,20,0A,00,02,FF,CA,FE,00
1320639,136322,0xCF00400,1,8,FF,FF,FF,5E,4C,FF,FF,FF
1320639,136323,0xCFF6600,1,8,8B,09,FF,FF,FF,FF,FF,FF
1320649,136324,0x18FEF100,1,8,3F,00,00,FF,FF,FF,FF,FF
1320650,136325,0x18F00500,1,8,FF,FF,FF,FF,20,2D,FF,FF
1320650,136326,0x18F00600,1,8,FF,FF,FF,FF,FF,FF,FF,FF
1320651,136327,0x18FEF200,1,8,1C,00,00,00,00,00,00,FF
1320651,136328,0x1CFDDF00,1,8,FE,FF,FF,FF,FF,FF,FF,FF
1320653,136329,0x1CFF6A00,1,8,FC,FF,FF,FF,FF,FF,FF,FF
1320660,136330,0xCF00400,1,8,FF,FF,FF,5E,4C,FF,FF,FF
1320660,136331,0xCFF6600,1,8,8B,09,FF,FF,FF,FF,FF,FF
1320679,136332,0xCF00400,1,8,FF,FF,FF,40,4C,FF,FF,FF
1320679,136333,0xCFF6600,1,8,88,09,FF,FF,FF,FF,FF,FF
1320680,136334,0x1CEBFF00,1,8,01,40,FF,0F,F0,E5,01,02
1320698,136335,0xCF00400,1,8,FF,FF,FF,1A,4C,FF,FF,FF
1320699,136336,0xCFF6600,1,8,83,09,FF,FF,FF,FF,FF,FF
1320718,136337,0xCF00400,1,8,FF,FF,FF,14,4C,FF,FF,FF
1320744,136338,0xCFF6600,1,8,82,09,FF,FF,FF,FF,FF,FF
1320745,136339,0x18EEFF00,1,8,08,CF,60,06,00,00,00,00
1320749,136340,0x18FEF100,1,8,3F,00,00,FF,FF,FF,FF,FF
1320749,136341,0x10FF6500,1,8,FC,FF,FF,FF,FF,FF,FF,FF
1320750,136342,0x18F00500,1,8,FF,FF,FF,FF,20,2D,FF,FF
1320750,136343,0x18FEF200,1,8,1C,00,00,00,00,00,00,FF
1320758,136344,0xCF00400,1,8,FF,FF,FF,28,4C,FF,FF,FF
1320758,136345,0xCFF6600,1,8,85,09,FF,FF,FF,FF,FF,FF
1320778,136346,0xCF00400,1,8,FF,FF,FF,00,4C,FF,FF,FF
1320778,136347,0xCFF6600,1,8,80,09,FF,FF,FF,FF,FF,FF
1320779,136348,0x1CEBFF00,1,8,02,F0,E3,01,FF,FF,FF,FF
1320798,136349,0xCF00400,1,8,FF,FF,FF,9E,4B,FF,FF,FF
1320799,136350,0xCFF6600,1,8,73,09,FF,FF,FF,FF,FF,FF
1320818,136351,0xCF00400,1,8,FF,FF,FF,48,4B,FF,FF,FF
1320819,136352,0xCFF6600,1,8,69,09,FF,FF,FF,FF,FF,FF
1320839,136353,0xCF00400,1,8,FF,FF,FF,FA,4A,FF,FF,FF
1320839,136354,0xCFF6600,1,8,5F,09,FF,FF,FF,FF,FF,FF
1320851,136355,0x18F00500,1,8,FF,FF,FF,FF,20,2D,FF,FF
1320851,136356,0x18FEF100,1,8,3F,00,00,FF,FF,FF,FF,FF
1320852,136357,0x18FEF200,1,8,1C,00,00,00,00,00,00,FF
1320858,136358,0xCF00400,1,8,FF,FF,FF,FA,4A,FF,FF,FF
1320858,136359,0xCFF6600,1,8,5F,09,FF,FF,FF,FF,FF,FF
1320878,136360,0xCF00400,1,8,FF,FF,FF,64,4B,FF,FF,FF
1320878,136361,0xCFF6600,1,8,6C,09,FF,FF,FF,FF,FF,FF
1320898,136362,0xCF00400,1,8,FF,FF,FF,68,4C,FF,FF,FF
1320898,136363,0xCFF6600,1,8,8D,09,FF,FF,FF,FF,FF,FF
1320918,136364,0xCF00400,1,8,FF,FF,FF,D4,4C,FF,FF,FF
1320918,136365,0xCFF6600,1,8,9A,09,FF,FF,FF,FF,FF,FF
1320938,136366,0xCF00400,1,8,FF,FF,FF,CC,4C,FF,FF,FF
1320960,136367,0xCF00400,1,8,FF,FF,FF,7A,4C,FF,FF,FF
1320960,136368,0xCFF6600,1,8,99,09,FF,FF,FF,FF,FF,FF
1320961,136369,0x10FF6500,1,8,FC,FF,FF,FF,FF,FF,FF,FF
1320961,136370,0x18F00500,1,8,FF,FF,FF,FF,20,2D,FF,FF
1320962,136371,0x18FEF100,1,8,3F,00,00,FF,FF,FF,FF,FF
1320963,136372,0x18FEF200,1,8,1C,00,00,00,00,00,00,FF
1320978,136373,0xCF00400,1,8,FF,FF,FF,7A,4C,FF,FF,FF
1320978,136374,0xCFF6600,1,8,8F,09,FF,FF,FF,FF,FF,FF
1320998,136375,0xCF00400,1,8,FF,FF,FF,E8,4B,FF,FF,FF
1320998,136376,0xCFF6600,1,8,7D,09,FF,FF,FF,FF,FF,FF
1321018,136377,0xCF00400,1,8,FF,FF,FF,08,4C,FF,FF,FF
1321018,136378,0xCFF6600,1,8,81,09,FF,FF,FF,FF,FF,FF
1321038,136379,0xCF00400,1,8,FF,FF,FF,BA,4C,FF,FF,FF
1321038,136380,0xCFF6600,1,8,97,09,FF,FF,FF,FF,FF,FF
1321049,136381,0x18FEF100,1,8,3F,00,00,FF,FF,FF,FF,FF
1321049,136382,0x18F00500,1,8,FF,FF,FF,FF,20,2D,FF,FF
1321050,136383,0x18FEF200,1,8,1C,00,00,00,00,00,00,FF
1321058,136384,0xCF00400,1,8,FF,FF,FF,E8,4C,FF,FF,FF
1321059,136385,0xCFF6600,1,8,9D,09,FF,FF,FF,FF,FF,FF
1321078,136386,0xCF00400,1,8,FF,FF,FF,E8,4C,FF,FF,FF
1321079,136387,0xCFF6600,1,8,9D,09,FF,FF,FF,FF,FF,FF
1321098,136388,0xCF00400,1,8,FF,FF,FF,A2,4C,FF,FF,FF
1321099,136389,0xCFF6600,1,8,94,09,FF,FF,FF,FF,FF,FF
1321118,136390,0xCF00400,1,8,FF,FF,FF,0E,4C,FF,FF,FF
1321118,136391,0xCFF6600,1,8,81,09,FF,FF,FF,FF,FF,FF
1321139,136392,0xCF00400,1,8,FF,FF,FF,30,4B,FF,FF,FF
1321140,136393,0xCFF6600,1,8,66,09,FF,FF,FF,FF,FF,FF
1321148,136394,0x18FEF100,1,8,3F,00,00,FF,FF,FF,FF,FF
1321149,136395,0x10FF6500,1,8,FC,FF,FF,FF,FF,FF,FF,FF
1321150,136396,0x18F00500,1,8,FF,FF,FF,FF,20,2D,FF,FF
1321150,136397,0x18F00600,1,8,FF,FF,FF,FF,FF,FF,FF,FF
1321151,136398,0x18FEF200,1,8,1C,00,00,00,00,00,00,FF
1321152,136399,0x1CFDDF00,1,8,FE,FF,FF,FF,FF,FF,FF,FF
1321152,136400,0x1CFF6A00,1,8,FC,FF,FF,FF,FF,FF,FF,FF
1321158,136401,0xCF00400,1,8,FF,FF,FF,04,4B,FF,FF,FF
1321158,136402,0xCFF6600,1,8,60,09,FF,FF,FF,FF,FF,FF
1321178,136403,0xCF00400,1,8,FF,FF,FF,04,4B,FF,FF,FF
1321178,136404,0xCFF6600,1,8,60,09,FF,FF,FF,FF,FF,FF
1321198,136405,0xCF00400,1,8,FF,FF,FF,7E,4B,FF,FF,FF
1321219,136406,0xCF00400,1,8,FF,FF,FF,38,4C,FF,FF,FF
1321219,136407,0xCFF6600,1,8,6F,09,FF,FF,FF,FF,FF,FF
1321238,136408,0xCF00400,1,8,FF,FF,FF,1C,4D,FF,FF,FF
1321238,136409,0xCFF6600,1,8,A3,09,FF,FF,FF,FF,FF,FF
1321249,136410,0x18FEF100,1,8,3F,00,00,FF,FF,FF,FF,FF
1321249,136411,0x18F00500,1,8,FF,FF,FF,FF,20,2D,FF,FF
1321250,136412,0x18FEF200,1,8,1C,00,00,00,00,00,00,FF
1321258,136413,0xCF00400,1,8,FF,FF,FF,3A,4D,FF,FF,FF
1321259,136414,0xCFF6600,1,8,A7,09,FF,FF,FF,FF,FF,FF
1321278,136415,0xCF00400,1,8,FF,FF,FF,B6,4C,FF,FF,FF
1321279,136416,0xCFF6600,1,8,96,09,FF,FF,FF,FF,FF,FF
1321299,136417,0xCF00400,1,8,FF,FF,FF,B6,4C,FF,FF,FF
1321299,136418,0xCFF6600,1,8,96,09,FF,FF,FF,FF,FF,FF
1321334,136419,0xCF00400,1,8,FF,FF,FF,42,4C,FF,FF,FF
1321335,136420,0xCFF6600,1,8,88,09,FF,FF,FF,FF,FF,FF
1321337,136421,0x18EEFF00,1,8,08,CF,60,06,00,00,00,00
1321338,136422,0xCF00400,1,8,FF,FF,FF,D6,4B,FF,FF,FF
1321338,136423,0xCFF6600,1,8,7A,09,FF,FF,FF,FF,FF,FF
1321349,136424,0x10FF6500,1,8,FC,FF,FF,FF,FF,FF,FF,FF
1321350,136425,0x18F00500,1,8,FF,FF,FF,FF,20,2D,FF,FF
1321350,136426,0x18FEF100,1,8,3F,00,00,FF,FF,FF,FF,FF
1321351,136427,0x18FEF200,1,8,1C,00,00,00,00,00,00,FF
1321358,136428,0xCF00400,1,8,FF,FF,FF,DA,4B,FF,FF,FF
1321358,136429,0xCFF6600,1,8,7B,09,FF,FF,FF,FF,FF,FF
1321378,136430,0xCF00400,1,8,FF,FF,FF,34,4C,FF,FF,FF
1321378,136431,0xCFF6600,1,8,86,09,FF,FF,FF,FF,FF,FF
1321398,136432,0xCF00400,1,8,FF,FF,FF,34,4C,FF,FF,FF
1321398,136433,0xCFF6600,1,8,86,09,FF,FF,FF,FF,FF,FF
1321418,136434,0xCF00400,1,8,FF,FF,FF,E8,4B,FF,FF,FF
1321419,136435,0xCFF6600,1,8,7D,09,FF,FF,FF,FF,FF,FF
1321439,136436,0xCF00400,1,8,FF,FF,FF,10,4B,FF,FF,FF
1321440,136437,0xCFF6600,1,8,62,09,FF,FF,FF,FF,FF,FF
1321449,136438,0x18FEF100,1,8,3F,00,00,FF,FF,FF,FF,FF
1321449,136439,0x18F00500,1,8,FF,FF,FF,FF,20,2D,FF,FF
1321450,136440,0x18FEF200,1,8,1C,00,00,00,00,00,00,FF
1321458,136441,0xCF00400,1,8,FF,FF,FF,1A,4B,FF,FF,FF
1321458,136442,0xCFF6600,1,8,63,09,FF,FF,FF,FF,FF,FF
1321478,136443,0xCF00400,1,8,FF,FF,FF,E2,4B,FF,FF,FF
1321478,136444,0xCFF6600,1,8,7C,09,FF,FF,FF,FF,FF,FF
1321499,136445,0xCF00400,1,8,FF,FF,FF,E2,4B,FF,FF,FF
1321500,136446,0xCFF6600,1,8,7C,09,FF,FF,FF,FF,FF,FF
1321518,136447,0xCF00400,1,8,FF,FF,FF,00,4C,FF,FF,FF
1321519,136448,0xCFF6600,1,8,80,09,FF,FF,FF,FF,FF,FF
1321538,136449,0xCF00400,1,8,FF,FF,FF,92,4B,FF,FF,FF
1321538,136450,0xCFF6600,1,8,72,09,FF,FF,FF,FF,FF,FF
1321549,136451,0x18FEF100,1,8,3F,00,00,FF,FF,FF,FF,FF
1321550,136452,0x10FF6500,1,8,FC,FF,FF,FF,FF,FF,FF,FF
1321550,136453,0x18F00500,1,8,FF,FF,FF,FF,20,2D,FF,FF
1321551,136454,0x18FEF200,1,8,1C,00,00,00,00,00,00,FF
1321558,136455,0xCF00400,1,8,FF,FF,FF,6C,4B,FF,FF,FF
1321558,136456,0xCFF6600,1,8,6D,09,FF,FF,FF,FF,FF,FF
1321578,136457,0xCF00400,1,8,FF,FF,FF,84,4B,FF,FF,FF
1321578,136458,0xCFF6600,1,8,70,09,FF,FF,FF,FF,FF,FF
1321599,136459,0xCF00400,1,8,FF,FF,FF,84,4B,FF,FF,FF
1321600,136460,0xCFF6600,1,8,70,09,FF,FF,FF,FF,FF,FF
1321608,136461,0x18FDE500,1,8,0A,14,1E,28,32,3C,46,13
1321608,136462,0x18FEEE00,1,8,63,FF,FF,FF,FF,FF,FF,FF
1321619,136463,0xCF00400,1,8,FF,FF,FF,60,4B,FF,FF,FF
1321620,136464,0xCFF6600,1,8,6C,09,FF,FF,FF,FF,FF,FF
1321629,136465,0x1CECFF00,1,8,20,0A,00,02,FF,CA,FE,00
1321638,136466,0xCF00400,1,8,FF,FF,FF,06,4B,FF,FF,FF
1321639,136467,0xCFF6600,1,8,60,09,FF,FF,FF,FF,FF,FF
1321649,136468,0x18FEF100,1,8,3F,00,00,FF,FF,FF,FF,FF
1321650,136469,0x18F00500,1,8,FF,FF,FF,FF,20,2D,FF,FF
1321650,136470,0x18F00600,1,8,FF,FF,FF,FF,FF,FF,FF,FF
1321651,136471,0x18FEF200,1,8,1B,00,00,00,00,00,00,FF
1321652,136472,0x1CFDDF00,1,8,FE,FF,FF,FF,FF,FF,FF,FF
1321652,136473,0x1CFF6A00,1,8,FC,FF,FF,FF,FF,FF,FF,FF
1321658,136474,0xCF00400,1,8,FF,FF,FF,E2,4A,FF,FF,FF
1321659,136475,0xCFF6600,1,8,5C,09,FF,FF,FF,FF,FF,FF
1321678,136476,0xCF00400,1,8,FF,FF,FF,F2,4A,FF,FF,FF
1321679,136477,0xCFF6600,1,8,5E,09,FF,FF,FF,FF,FF,FF
1321679,136478,0x1CEBFF00,1,8,01,40,FF,0F,F0,E5,01,02
1321698,136479,0xCF00400,1,8,FF,FF,FF,F2,4A,FF,FF,FF
1321719,136480,0xCF00400,1,8,FF,FF,FF,EE,4A,FF,FF,FF
1321719,136481,0xCFF6600,1,8,5E,09,FF,FF,FF,FF,FF,FF
1321727,136482,0x1CEBFF00,1,8,02,F0,E3,01,FF,FF,FF,FF
1321738,136483,0xCF00400,1,8,FF,FF,FF,D6,4A,FF,FF,FF
1321738,136484,0xCFF6600,1,8,5A,09,FF,FF,FF,FF,FF,FF
1321749,136485,0x10FF6500,1,8,FC,FF,FF,FF,FF,FF,FF,FF
1321750,136486,0x18F00500,1,8,FF,FF,FF,FF,20,2D,FF,FF
1321751,136487,0x18FEF100,1,8,3F,00,00,FF,FF,FF,FF,FF
1321751,136488,0x18FEF200,1,8,1B,00,00,00,00,00,00,FF
1321758,136489,0xCF00400,1,8,FF,FF,FF,34,4B,FF,FF,FF
1321758,136490,0xCFF6600,1,8,66,09,FF,FF,FF,FF,FF,FF
1321778,136491,0xCF00400,1,8,FF,FF,FF,F0,4B,FF,FF,FF
1321778,136492,0xCFF6600,1,8,7E,09,FF,FF,FF,FF,FF,FF
1321798,136493,0xCF00400,1,8,FF,FF,FF,38,4C,FF,FF,FF
1321799,136494,0xCFF6600,1,8,87,09,FF,FF,FF,FF,FF,FF
1321818,136495,0xCF00400,1,8,FF,FF,FF,38,4C,FF,FF,FF
1321818,136496,0xCFF6600,1,8,87,09,FF,FF,FF,FF,FF,FF
1321838,136497,0xCF00400,1,8,FF,FF,FF,2A,4C,FF,FF,FF
1321838,136498,0xCFF6600,1,8,85,09,FF,FF,FF,FF,FF,FF
1321849,136499,0x18F00500,1,8,FF,FF,FF,FF,20,2D,FF,FF
1321850,136500,0x18FEF100,1,8,3F,00,00,FF,FF,FF,FF,FF
1321850,136501,0x18FEF200,1,8,1B,00,00,00,00,00,00,FF
1321858,136502,0xCF00400,1,8,FF,FF,FF,38,4C,FF,FF,FF
1321858,136503,0xCFF6600,1,8,87,09,FF,FF,FF,FF,FF,FF
1321878,136504,0xCF00400,1,8,FF,FF,FF,5C,4C,FF,FF,FF
1321899,136505,0xCF00400,1,8,FF,FF,FF,62,4C,FF,FF,FF
1321899,136506,0xCFF6600,1,8,8B,09,FF,FF,FF,FF,FF,FF
1321918,136507,0xCF00400,1,8,FF,FF,FF,62,4C,FF,FF,FF
1321918,136508,0xCFF6600,1,8,8C,09,FF,FF,FF,FF,FF,FF
1321938,136509,0xCF00400,1,8,FF,FF,FF,4E,4C,FF,FF,FF
1321938,136510,0xCFF6600,1,8,89,09,FF,FF,FF,FF,FF,FF
1321948,136511,0x18FEF100,1,8,3F,00,00,FF,FF,FF,FF,FF
1321949,136512,0x10FF6500,1,8,FC,FF,FF,FF,FF,FF,FF,FF
1321950,136513,0x18F00500,1,8,FF,FF,FF,FF,20,2D,FF,FF
1321950,136514,0x18FEF200,1,8,1B,00,00,00,00,00,00,FF
1321975,136515,0xCF00400,1,8,FF,FF,FF,62,4C,FF,FF,FF
1321976,136516,0xCFF6600,1,8,8C,09,FF,FF,FF,FF,FF,FF
1321977,136517,0x18EEFF00,1,8,08,CF,60,06,00,00,00,00
1321978,136518,0xCF00400,1,8,FF,FF,FF,9A,4C,FF,FF,FF
1321978,136519,0xCFF6600,1,8,93,09,FF,FF,FF,FF,FF,FF
1321998,136520,0xCF00400,1,8,FF,FF,FF,B4,4C,FF,FF,FF
1321998,136521,0xCFF6600,1,8,96,09,FF,FF,FF,FF,FF,FF
1322018,136522,0xCF00400,1,8,FF,FF,FF,B4,4C,FF,FF,FF
1322018,136523,0xCFF6600,1,8,96,09,FF,FF,FF,FF,FF,FF
1322039,136524,0xCF00400,1,8,FF,FF,FF,B8,4C,FF,FF,FF
1322040,136525,0xCFF6600,1,8,97,09,FF,FF,FF,FF,FF,FF
1322049,136526,0x18FEF100,1,8,3F,00,00,FF,FF,FF,FF,FF
1322049,136527,0x18F00500,1,8,FF,FF,FF,FF,20,2D,FF,FF
1322050,136528,0x18FEF200,1,8,1B,00,00,00,00,00,00,FF
1322058,136529,0xCF00400,1,8,FF,FF,FF,98,4C,FF,FF,FF
1322059,136530,0xCFF6600,1,8,93,09,FF,FF,FF,FF,FF,FF
1322078,136531,0xCF00400,1,8,FF,FF,FF,56,4C,FF,FF,FF
1322078,136532,0xCFF6600,1,8,8A,09,FF,FF,FF,FF,FF,FF
1322098,136533,0xCF00400,1,8,FF,FF,FF,0A,4C,FF,FF,FF
1322098,136534,0xCFF6600,1,8,81,09,FF,FF,FF,FF,FF,FF
1322137,136535,0xCF00400,1,8,FF,FF,FF,B8,4B,FF,FF,FF
1322138,136536,0xCFF6600,1,8,77,09,FF,FF,FF,FF,FF,FF
1322148,136537,0x18FEF100,1,8,3F,00,00,FF,FF,FF,FF,FF
1322149,136538,0x10FF6500,1,8,FC,FF,FF,FF,FF,FF,FF,FF
1322149,136539,0x18F00500,1,8,FF,FF,FF,FF,20,2D,FF,FF
1322150,136540,0x18F00600,1,8,FF,FF,FF,FF,FF,FF,FF,FF
1322151,136541,0x18FEF200,1,8,1B,00,00,00,00,00,00,FF
1322151,136542,0x1CFDDF00,1,8,FE,FF,FF,FF,FF,FF,FF,FF
1322152,136543,0x1CFF6A00,1,8,FC,FF,FF,FF,FF,FF,FF,FF
1322158,136544,0xCF00400,1,8,FF,FF,FF,6A,4B,FF,FF,FF
1322158,136545,0xCFF6600,1,8,6D,09,FF,FF,FF,FF,FF,FF
1322178,136546,0xCF00400,1,8,FF,FF,FF,1C,4B,FF,FF,FF
1322178,136547,0xCFF6600,1,8,63,09,FF,FF,FF,FF,FF,FF
1322198,136548,0xCF00400,1,8,FF,FF,FF,3A,4B,FF,FF,FF
1322198,136549,0xCFF6600,1,8,67,09,FF,FF,FF,FF,FF,FF
1322218,136550,0xCF00400,1,8,FF,FF,FF,B0,4B,FF,FF,FF
1322218,136551,0xCFF6600,1,8,76,09,FF,FF,FF,FF,FF,FF
1322238,136552,0xCF00400,1,8,FF,FF,FF,B0,4B,FF,FF,FF
1322239,136553,0xCFF6600,1,8,76,09,FF,FF,FF,FF,FF,FF
1322250,136554,0x18F00500,1,8,FF,FF,FF,FF,20,2D,FF,FF
1322251,136555,0x18FEF100,1,8,3F,00,00,FF,FF,FF,FF,FF
1322252,136556,0x18FEF200,1,8,1B,00,00,00,00,00,00,FF
1322258,136557,0xCF00400,1,8,FF,FF,FF,FC,4B,FF,FF,FF
1322258,136558,0xCFF6600,1,8,7F,09,FF,FF,FF,FF,FF,FF
1322278,136559,0xCF00400,1,8,FF,FF,FF,22,4C,FF,FF,FF
1322278,136560,0xCFF6600,1,8,84,09,FF,FF,FF,FF,FF,FF
1322298,136561,0xCF00400,1,8,FF,FF,FF,8A,4C,FF,FF,FF
1322298,136562,0xCFF6600,1,8,91,09,FF,FF,FF,FF,FF,FF
1322318,136563,0xCF00400,1,8,FF,FF,FF,2C,4D,FF,FF,FF
1322318,136564,0xCFF6600,1,8,A5,09,FF,FF,FF,FF,FF,FF
1322339,136565,0xCF00400,1,8,FF,FF,FF,2C,4D,FF,FF,FF
1322340,136566,0xCFF6600,1,8,A5,09,FF,FF,FF,FF,FF,FF
1322348,136567,0x18FEF100,1,8,3F,00,00,FF,FF,FF,FF,FF
1322349,136568,0x10FF6500,1,8,FC,FF,FF,FF,FF,FF,FF,FF
1322350,136569,0x18F00500,1,8,FF,FF,FF,FF,20,2D,FF,FF
1322350,136570,0x18FEF200,1,8,1B,00,00,00,00,00,00,FF
1322358,136571,0xCF00400,1,8,FF,FF,FF,B4,4D,FF,FF,FF
1322358,136572,0xCFF6600,1,8,B6,09,FF,FF,FF,FF,FF,FF
1322378,136573,0xCF00400,1,8,FF,FF,FF,24,4E,FF,FF,FF
1322379,136574,0xCFF6600,1,8,C4,09,FF,FF,FF,FF,FF,FF
1322398,136575,0xCF00400,1,8,FF,FF,FF,48,4E,FF,FF,FF
1322399,136576,0xCFF6600,1,8,C9,09,FF,FF,FF,FF,FF,FF
1322418,136577,0xCF00400,1,8,FF,FF,FF,2E,4E,FF,FF,FF
1322452,136578,0xCF00400,1,8,FF,FF,FF,58,4E,FF,FF,FF
1322453,136579,0xCFF6600,1,8,C5,09,FF,FF,FF,FF,FF,FF
1322457,136580,0x18EEFF00,1,8,08,CF,60,06,00,00,00,00
1322458,136581,0xCF00400,1,8,FF,FF,FF,BC,4E,FF,FF,FF
1322459,136582,0xCFF6600,1,8,D7,09,FF,FF,FF,FF,FF,FF
1322478,136583,0xCF00400,1,8,FF,FF,FF,BC,4E,FF,FF,FF
1322478,136584,0xCFF6600,1,8,D7,09,FF,FF,FF,FF,FF,FF
1322498,136585,0xCF00400,1,8,FF,FF,FF,98,4E,FF,FF,FF
1322498,136586,0xCFF6600,1,8,D3,09,FF,FF,FF,FF,FF,FF
1322518,136587,0xCF00400,1,8,FF,FF,FF,00,4E,FF,FF,FF
1322518,136588,0xCFF6600,1,8,C0,09,FF,FF,FF,FF,FF,FF
1322538,136589,0xCF00400,1,8,FF,FF,FF,28,4D,FF,FF,FF
1322538,136590,0xCFF6600,1,8,A5,09,FF,FF,FF,FF,FF,FF
1322548,136591,0x18FEF100,1,8,3F,00,00,FF,FF,FF,FF,FF
1322549,136592,0x18F00500,1,8,FF,FF,FF,FF,20,2D,FF,FF
1322550,136593,0x18FEF200,1,8,1B,00,00,00,00,00,00,FF
1322558,136594,0xCF00400,1,8,FF,FF,FF,0A,4C,FF,FF,FF
1322558,136595,0xCFF6600,1,8,81,09,FF,FF,FF,FF,FF,FF
1322578,136596,0xCF00400,1,8,FF,FF,FF,0A,4C,FF,FF,FF
1322578,136597,0xCFF6600,1,8,81,09,FF,FF,FF,FF,FF,FF
1322598,136598,0xCF00400,1,8,FF,FF,FF,8E,4B,FF,FF,FF
1322598,136599,0xCFF6600,1,8,71,09,FF,FF,FF,FF,FF,FF
1322607,136600,0x18FDE500,1,8,0A,14,1E,28,32,3C,46,13
1322608,136601,0x18FEEE00,1,8,63,FF,FF,FF,FF,FF,FF,FF
1322618,136602,0xCF00400,1,8,FF,FF,FF,AA,4B,FF,FF,FF
1322619,136603,0xCFF6600,1,8,75,09,FF,FF,FF,FF,FF,FF
1322627,136604,0x1CECFF00,1,8,20,0A,00,02,FF,CA,FE,00
1322638,136605,0xCF00400,1,8,FF,FF,FF,10,4C,FF,FF,FF
1322639,136606,0xCFF6600,1,8,82,09,FF,FF,FF,FF,FF,FF
1322649,136607,0x18FEF100,1,8,3F,00,00,FF,FF,FF,FF,FF
1322670,136608,0xCF00400,1,8,FF,FF,FF,AA,4C,FF,FF,FF
1322670,136609,0xCFF6600,1,8,95,09,FF,FF,FF,FF,FF,FF
1322671,136610,0x10FF6500,1,8,FC,FF,FF,FF,FF,FF,FF,FF
1322672,136611,0x18F00500,1,8,FF,FF,FF,FF,20,2D,FF,FF
1322673,136612,0x18FEF200,1,8,1C,00,00,00,00,00,00,FF
1322678,136613,0xCF00400,1,8,FF,FF,FF,AA,4C,FF,FF,FF
1322678,136614,0xCFF6600,1,8,95,09,FF,FF,FF,FF,FF,FF
1322679,136615,0x1CEBFF00,1,8,01,40,FF,0F,F0,E5,01,02
1322699,136616,0xCF00400,1,8,FF,FF,FF,72,4C,FF,FF,FF
1322701,136617,0xCFF6600,1,8,8E,09,FF,FF,FF,FF,FF,FF
1322718,136618,0xCF00400,1,8,FF,FF,FF,88,4B,FF,FF,FF
1322718,136619,0xCFF6600,1,8,71,09,FF,FF,FF,FF,FF,FF
1322727,136620,0x1CEBFF00,1,8,02,F0,E3,01,FF,FF,FF,FF
1322738,136621,0xCF00400,1,8,FF,FF,FF,1E,4B,FF,FF,FF
1322738,136622,0xCFF6600,1,8,63,09,FF,FF,FF,FF,FF,FF
1322748,136623,0x18FEF100,1,8,3F,00,00,FF,FF,FF,FF,FF
1322749,136624,0x18F00500,1,8,FF,FF,FF,FF,20,2D,FF,FF
1322750,136625,0x18F00600,1,8,FF,FF,FF,FF,FF,FF,FF,FF
1322750,136626,0x18FEF200,1,8,1C,00,00,00,00,00,00,FF
1322751,136627,0x1CFDDF00,1,8,FE,FF,FF,FF,FF,FF,FF,FF
1322752,136628,0x1CFF6A00,1,8,FC,FF,FF,FF,FF,FF,FF,FF
1322753,136629,0x1CFF6A00,1,8,FC,FF,FF,FF,FF,FF,FF,FF
1322758,136630,0xCF00400,1,8,FF,FF,FF,2C,4B,FF,FF,FF
1322759,136631,0xCFF6600,1,8,65,09,FF,FF,FF,FF,FF,FF
1322778,136632,0xCF00400,1,8,FF,FF,FF,90,4B,FF,FF,FF
1322779,136633,0xCFF6600,1,8,72,09,FF,FF,FF,FF,FF,FF
1322798,136634,0xCF00400,1,8,FF,FF,FF,90,4B,FF,FF,FF
1322799,136635,0xCFF6600,1,8,72,09,FF,FF,FF,FF,FF,FF
1322818,136636,0xCF00400,1,8,FF,FF,FF,3A,4C,FF,FF,FF
1322818,136637,0xCFF6600,1,8,87,09,FF,FF,FF,FF,FF,FF
1322839,136638,0xCF00400,1,8,FF,FF,FF,D4,4C,FF,FF,FF
1322839,136639,0xCFF6600,1,8,9A,09,FF,FF,FF,FF,FF,FF
1322849,136640,0x18F00500,1,8,FF,FF,FF,FF,20,2D,FF,FF
1322849,136641,0x10FF6500,1,8,FC,FF,FF,FF,FF,FF,FF,FF
1322850,136642,0x18FEF100,1,8,3F,00,00,FF,FF,FF,FF,FF
1322851,136643,0x18FEF200,1,8,1C,00,00,00,00,00,00,FF
1322858,136644,0xCF00400,1,8,FF,FF,FF,68,4D,FF,FF,FF
1322858,136645,0xCFF6600,1,8,AD,09,FF,FF,FF,FF,FF,FF
1322879,136646,0xCF00400,1,8,FF,FF,FF,44,4D,FF,FF,FF
1322879,136647,0xCFF6600,1,8,A8,09,FF,FF,FF,FF,FF,FF
1322898,136648,0xCF00400,1,8,FF,FF,FF,44,4D,FF,FF,FF
1322899,136649,0xCFF6600,1,8,A8,09,FF,FF,FF,FF,FF,FF
1322918,136650,0xCF00400,1,8,FF,FF,FF,7C,4C,FF,FF,FF
1322938,136651,0xCF00400,1,8,FF,FF,FF,74,4C,FF,FF,FF
1322939,136652,0xCFF6600,1,8,8F,09,FF,FF,FF,FF,FF,FF
1322949,136653,0x18FEF100,1,8,3F,00,00,FF,FF,FF,FF,FF
1322950,136654,0x18F00500,1,8,FF,FF,FF,FF,20,2D,FF,FF
1322950,136655,0x18FEF200,1,8,1C,00,00,00,00,00,00,FF
1322958,136656,0xCF00400,1,8,FF,FF,FF,0E,4D,FF,FF,FF
1322958,136657,0xCFF6600,1,8,A1,09,FF,FF,FF,FF,FF,FF
1322995,136658,0xCF00400,1,8,FF,FF,FF,62,4D,FF,FF,FF
1322995,136659,0xCFF6600,1,8,AC,09,FF,FF,FF,FF,FF,FF
1322997,136660,0x18EEFF00,1,8,08,CF,60,06,00,00,00,00
1322998,136661,0xCF00400,1,8,FF,FF,FF,7E,4D,FF,FF,FF
1323000,136662,0xCFF6600,1,8,AF,09,FF,FF,FF,FF,FF,FF
1323018,136663,0xCF00400,1,8,FF,FF,FF,7E,4D,FF,FF,FF
1323019,136664,0xCFF6600,1,8,AF,09,FF,FF,FF,FF,FF,FF
1323038,136665,0xCF00400,1,8,FF,FF,FF,24,4D,FF,FF,FF
1323038,136666,0xCFF6600,1,8,A4,09,FF,FF,FF,FF,FF,FF
1323049,136667,0x18FEF100,1,8,3F,00,00,FF,FF,FF,FF,FF
1323049,136668,0x10FF6500,1,8,FC,FF,FF,FF,FF,FF,FF,FF
1323050,136669,0x18F00500,1,8,FF,FF,FF,FF,20,2D,FF,FF
1323089,136670,0xCF00400,1,8,FF,FF,FF,62,4C,FF,FF,FF
1323090,136671,0xCFF6600,1,8,8C,09,FF,FF,FF,FF,FF,FF
1323090,136672,0x18EEFF00,1,8,08,CF,60,06,00,00,00,00
1323091,136673,0x18FEF200,1,8,1C,00,00,00,00,00,00,FF
1323098,136674,0xCF00400,1,8,FF,FF,FF,EA,4B,FF,FF,FF
1323099,136675,0xCFF6600,1,8,7D,09,FF,FF,FF,FF,FF,FF
1323118,136676,0xCF00400,1,8,FF,FF,FF,EA,4B,FF,FF,FF
1323119,136677,0xCFF6600,1,8,7D,09,FF,FF,FF,FF,FF,FF
1323138,136678,0xCF00400,1,8,FF,FF,FF,4E,4C,FF,FF,FF
1323138,136679,0xCFF6600,1,8,89,09,FF,FF,FF,FF,FF,FF
1323149,136680,0x18FEF100,1,8,3F,00,00,FF,FF,FF,FF,FF
1323149,136681,0x18F00500,1,8,FF,FF,FF,FF,20,2D,FF,FF
1323150,136682,0x18FEF200,1,8,1C,00,00,00,00,00,00,FF
1323158,136683,0xCF00400,1,8,FF,FF,FF,10,4D,FF,FF,FF
1323178,136684,0xCF00400,1,8,FF,FF,FF,22,4D,FF,FF,FF
1323179,136685,0xCFF6600,1,8,A2,09,FF,FF,FF,FF,FF,FF
1323198,136686,0xCF00400,1,8,FF,FF,FF,A0,4C,FF,FF,FF
1323199,136687,0xCFF6600,1,8,94,09,FF,FF,FF,FF,FF,FF
1323218,136688,0xCF00400,1,8,FF,FF,FF,38,4C,FF,FF,FF
1323219,136689,0xCFF6600,1,8,87,09,FF,FF,FF,FF,FF,FF
1323238,136690,0xCF00400,1,8,FF,FF,FF,38,4C,FF,FF,FF
1323239,136691,0xCFF6600,1,8,87,09,FF,FF,FF,FF,FF,FF
1323249,136692,0x18F00500,1,8,FF,FF,FF,FF,20,2D,FF,FF
1323249,136693,0x10FF6500,1,8,FC,FF,FF,FF,FF,FF,FF,FF
1323250,136694,0x18F00600,1,8,FF,FF,FF,FF,FF,FF,FF,FF
1323251,136695,0x18FEF100,1,8,3F,00,00,FF,FF,FF,FF,FF
1323252,136696,0x18FEF200,1,8,1C,00,00,00,00,00,00,FF
1323253,136697,0x1CFDDF00,1,8,FE,FF,FF,FF,FF,FF,FF,FF
1323253,136698,0x1CFF6A00,1,8,FC,FF,FF,FF,FF,FF,FF,FF
1323271,136699,0xCF00400,1,8,FF,FF,FF,EC,4B,FF,FF,FF
1323271,136700,0xCFF6600,1,8,7D,09,FF,FF,FF,FF,FF,FF
1323277,136701,0x18EEFF00,1,8,08,CF,60,06,00,00,00,00
1323278,136702,0xCF00400,1,8,FF,FF,FF,CC,4B,FF,FF,FF
1323278,136703,0xCFF6600,1,8,79,09,FF,FF,FF,FF,FF,FF
1323298,136704,0xCF00400,1,8,FF,FF,FF,D2,4B,FF,FF,FF
1323298,136705,0xCFF6600,1,8,7A,09,FF,FF,FF,FF,FF,FF
1323318,136706,0xCF00400,1,8,FF,FF,FF,1A,4C,FF,FF,FF
1323318,136707,0xCFF6600,1,8,83,09,FF,FF,FF,FF,FF,FF
1323338,136708,0xCF00400,1,8,FF,FF,FF,1A,4C,FF,FF,FF
1323338,136709,0xCFF6600,1,8,83,09,FF,FF,FF,FF,FF,FF
1323369,136710,0xCF00400,1,8,FF,FF,FF,98,4C,FF,FF,FF
1323370,136711,0xCFF6600,1,8,93,09,FF,FF,FF,FF,FF,FF
1323371,136712,0x18F00500,1,8,FF,FF,FF,FF,20,2D,FF,FF
1323371,136713,0x18FEF100,1,8,3F,00,00,FF,FF,FF,FF,FF
1323372,136714,0x18FEF200,1,8,1C,00,00,00,00,00,00,FF
1323379,136715,0xCF00400,1,8,FF,FF,FF,C0,4C,FF,FF,FF
1323380,136716,0xCFF6600,1,8,98,09,FF,FF,FF,FF,FF,FF
1323398,136717,0xCF00400,1,8,FF,FF,FF,9E,4C,FF,FF,FF
1323399,136718,0xCFF6600,1,8,93,09,FF,FF,FF,FF,FF,FF
1323418,136719,0xCF00400,1,8,FF,FF,FF,C4,4C,FF,FF,FF
1323419,136720,0xCFF6600,1,8,98,09,FF,FF,FF,FF,FF,FF
1323438,136721,0xCF00400,1,8,FF,FF,FF,C4,4C,FF,FF,FF
1323438,136722,0xCFF6600,1,8,98,09,FF,FF,FF,FF,FF,FF
1323449,136723,0x18FEF100,1,8,3F,00,00,FF,FF,FF,FF,FF
1323449,136724,0x10FF6500,1,8,FC,FF,FF,FF,FF,FF,FF,FF
1323450,136725,0x18F00500,1,8,FF,FF,FF,FF,20,2D,FF,FF
1323450,136726,0x18FEF200,1,8,1C,00,00,00,00,00,00,FF
1323458,136727,0xCF00400,1,8,FF,FF,FF,22,4D,FF,FF,FF
1323459,136728,0xCFF6600,1,8,A4,09,FF,FF,FF,FF,FF,FF
1323478,136729,0xCF00400,1,8,FF,FF,FF,2A,4D,FF,FF,FF
1323478,136730,0xCFF6600,1,8,A5,09,FF,FF,FF,FF,FF,FF
1323498,136731,0xCF00400,1,8,FF,FF,FF,F0,4C,FF,FF,FF
1323499,136732,0xCFF6600,1,8,9E,09,FF,FF,FF,FF,FF,FF
1323519,136733,0xCF00400,1,8,FF,FF,FF,1A,4D,FF,FF,FF
1323519,136734,0xCFF6600,1,8,A3,09,FF,FF,FF,FF,FF,FF
1323538,136735,0xCF00400,1,8,FF,FF,FF,92,4D,FF,FF,FF
1323538,136736,0xCFF6600,1,8,B2,09,FF,FF,FF,FF,FF,FF
1323549,136737,0x18FEF100,1,8,3F,00,00,FF,FF,FF,FF,FF
1323549,136738,0x18F00500,1,8,FF,FF,FF,FF,20,2D,FF,FF
1323550,136739,0x18FEF200,1,8,1C,00,00,00,00,00,00,FF
1323558,136740,0xCF00400,1,8,FF,FF,FF,92,4D,FF,FF,FF
1323558,136741,0xCFF6600,1,8,B2,09,FF,FF,FF,FF,FF,FF
1323579,136742,0xCF00400,1,8,FF,FF,FF,D8,4D,FF,FF,FF
1323579,136743,0xCFF6600,1,8,BB,09,FF,FF,FF,FF,FF,FF
1323598,136744,0xCF00400,1,8,FF,FF,FF,F6,4D,FF,FF,FF
1323599,136745,0xCFF6600,1,8,BE,09,FF,FF,FF,FF,FF,FF
1323608,136746,0x18FDE500,1,8,0A,14,1E,28,32,3C,46,13
1323609,136747,0x18FEEE00,1,8,64,FF,FF,FF,FF,FF,FF,FF
1323618,136748,0xCF00400,1,8,FF,FF,FF,F4,4D,FF,FF,FF
1323619,136749,0xCFF6600,1,8,BE,09,FF,FF,FF,FF,FF,FF
1323629,136750,0x1CECFF00,1,8,20,0A,00,02,FF,CA,FE,00
1323638,136751,0xCF00400,1,8,FF,FF,FF,D0,4D,FF,FF,FF
1323639,136752,0xCFF6600,1,8,BA,09,FF,FF,FF,FF,FF,FF
1323649,136753,0x18FEF100,1,8,3F,00,00,FF,FF,FF,FF,FF
1323649,136754,0x10FF6500,1,8,FC,FF,FF,FF,FF,FF,FF,FF
1323650,136755,0x18F00500,1,8,FF,FF,FF,FF,20,2D,FF,FF
1323650,136756,0x18FEF200,1,8,1B,00,00,00,00,00,00,FF
1323659,136757,0xCF00400,1,8,FF,FF,FF,76,4D,FF,FF,FF
1323679,136758,0xCF00400,1,8,FF,FF,FF,76,4D,FF,FF,FF
1323680,136759,0xCFF6600,1,8,AE,09,FF,FF,FF,FF,FF,FF
1323680,136760,0x1CEBFF00,1,8,01,40,FF,0F,F0,E5,01,02
1323698,136761,0xCF00400,1,8,FF,FF,FF,F2,4C,FF,FF,FF
1323698,136762,0xCFF6600,1,8,9E,09,FF,FF,FF,FF,FF,FF
1323718,136763,0xCF00400,1,8,FF,FF,FF,AE,4C,FF,FF,FF
1323719,136764,0xCFF6600,1,8,95,09,FF,FF,FF,FF,FF,FF
1323727,136765,0x1CEBFF00,1,8,02,F0,E3,01,FF,FF,FF,FF
1323738,136766,0xCF00400,1,8,FF,FF,FF,9E,4C,FF,FF,FF
1323739,136767,0xCFF6600,1,8,93,09,FF,FF,FF,FF,FF,FF
1323750,136768,0x18F00500,1,8,FF,FF,FF,FF,20,2D,FF,FF
1323752,136769,0x18F00600,1,8,FF,FF,FF,FF,FF,FF,FF,FF
1323752,136770,0x18FEF100,1,8,3F,00,00,FF,FF,FF,FF,FF
1323753,136771,0x18FEF200,1,8,1B,00,00,00,00,00,00,FF
1323754,136772,0x1CFDDF00,1,8,FE,FF,FF,FF,FF,FF,FF,FF
1323754,136773,0x1CFF6A00,1,8,FC,FF,FF,FF,FF,FF,FF,FF
1323758,136774,0xCF00400,1,8,FF,FF,FF,84,4C,FF,FF,FF
1323758,136775,0xCFF6600,1,8,90,09,FF,FF,FF,FF,FF,FF
1323778,136776,0xCF00400,1,8,FF,FF,FF,84,4C,FF,FF,FF
1323779,136777,0xCFF6600,1,8,90,09,FF,FF,FF,FF,FF,FF
1323798,136778,0xCF00400,1,8,FF,FF,FF,60,4C,FF,FF,FF
1323799,136779,0xCFF6600,1,8,8C,09,FF,FF,FF,FF,FF,FF
1323818,136780,0xCF00400,1,8,FF,FF,FF,22,4C,FF,FF,FF
1323818,136781,0xCFF6600,1,8,84,09,FF,FF,FF,FF,FF,FF
1323838,136782,0xCF00400,1,8,FF,FF,FF,D2,4B,FF,FF,FF
1323857,136783,0xCFF6600,1,8,7A,09,FF,FF,FF,FF,FF,FF
1323857,136784,0x18EEFF00,1,8,08,CF,60,06,00,00,00,00
1323878,136785,0xCF00400,1,8,FF,FF,FF,52,4C,FF,FF,FF
1323879,136786,0xCFF6600,1,8,8A,09,FF,FF,FF,FF,FF,FF
1323898,136787,0xCF00400,1,8,FF,FF,FF,52,4C,FF,FF,FF
1323899,136788,0xCFF6600,1,8,8A,09,FF,FF,FF,FF,FF,FF
1323919,136789,0xCF00400,1,8,FF,FF,FF,50,4C,FF,FF,FF
1323920,136790,0xCFF6600,1,8,8A,09,FF,FF,FF,FF,FF,FF
1323938,136791,0xCF00400,1,8,FF,FF,FF,E6,4B,FF,FF,FF
1323938,136792,0xCFF6600,1,8,7C,09,FF,FF,FF,FF,FF,FF
1323948,136793,0x18FEF100,1,8,3F,00,00,FF,FF,FF,FF,FF
1323949,136794,0x18F00500,1,8,FF,FF,FF,FF,20,2D,FF,FF
1323950,136795,0x10FF6500,1,8,FC,FF,FF,FF,FF,FF,FF,FF
1323950,136796,0x18FEF200,1,8,1B,00,00,00,00,00,00,FF
1323958,136797,0xCF00400,1,8,FF,FF,FF,B8,4B,FF,FF,FF
1323978,136798,0xCF00400,1,8,FF,FF,FF,C4,4B,FF,FF,FF
1323979,136799,0xCFF6600,1,8,77,09,FF,FF,FF,FF,FF,FF
1323998,136800,0xCF00400,1,8,FF,FF,FF,C4,4B,FF,FF,FF
1323998,136801,0xCFF6600,1,8,78,09,FF,FF,FF,FF,FF,FF
1324018,136802,0xCF00400,1,8,FF,FF,FF,16,4C,FF,FF,FF
1324018,136803,0xCFF6600,1,8,82,09,FF,FF,FF,FF,FF,FF
1324038,136804,0xCF00400,1,8,FF,FF,FF,9C,4C,FF,FF,FF
1324038,136805,0xCFF6600,1,8,93,09,FF,FF,FF,FF,FF,FF
1324048,136806,0x18FEF100,1,8,3F,00,00,FF,FF,FF,FF,FF
1324049,136807,0x18F00500,1,8,FF,FF,FF,FF,20,2D,FF,FF
1324050,136808,0x18FEF200,1,8,1B,00,00,00,00,00,00,FF
1324058,136809,0xCF00400,1,8,FF,FF,FF,E2,4C,FF,FF,FF
1324058,136810,0xCFF6600,1,8,9C,09,FF,FF,FF,FF,FF,FF
1324078,136811,0xCF00400,1,8,FF,FF,FF,F6,4C,FF,FF,FF
1324079,136812,0xCFF6600,1,8,9E,09,FF,FF,FF,FF,FF,FF
1324098,136813,0xCF00400,1,8,FF,FF,FF,F6,4C,FF,FF,FF
1324098,136814,0xCFF6600,1,8,9E,09,FF,FF,FF,FF,FF,FF
1324118,136815,0xCF00400,1,8,FF,FF,FF,BE,4C,FF,FF,FF
1324118,136816,0xCFF6600,1,8,97,09,FF,FF,FF,FF,FF,FF
1324138,136817,0xCF00400,1,8,FF,FF,FF,44,4C,FF,FF,FF
1324139,136818,0xCFF6600,1,8,88,09,FF,FF,FF,FF,FF,FF
1324151,136819,0x10FF6500,1,8,FC,FF,FF,FF,FF,FF,FF,FF
1324152,136820,0x18F00500,1,8,FF,FF,FF,FF,20,2D,FF,FF
1324152,136821,0x18FEF100,1,8,3F,00,00,FF,FF,FF,FF,FF
1324153,136822,0x18FEF200,1,8,1B,00,00,00,00,00,00,FF
1324158,136823,0xCF00400,1,8,FF,FF,FF,C8,4B,FF,FF,FF
1324158,136824,0xCFF6600,1,8,79,09,FF,FF,FF,FF,FF,FF
1324178,136825,0xCF00400,1,8,FF,FF,FF,54,4B,FF,FF,FF
1324179,136826,0xCFF6600,1,8,6A,09,FF,FF,FF,FF,FF,FF
1324198,136827,0xCF00400,1,8,FF,FF,FF,02,4B,FF,FF,FF
1324220,136828,0xCF00400,1,8,FF,FF,FF,02,4B,FF,FF,FF
1324220,136829,0xCFF6600,1,8,60,09,FF,FF,FF,FF,FF,FF
1324238,136830,0xCF00400,1,8,FF,FF,FF,CE,4A,FF,FF,FF
1324239,136831,0xCFF6600,1,8,59,09,FF,FF,FF,FF,FF,FF
1324249,136832,0x18FEF100,1,8,3F,00,00,FF,FF,FF,FF,FF
1324250,136833,0x18F00500,1,8,FF,FF,FF,FF,20,2D,FF,FF
1324250,136834,0x18FEF200,1,8,1B,00,00,00,00,00,00,FF
1324258,136835,0xCF00400,1,8,FF,FF,FF,78,4B,FF,FF,FF
1324258,136836,0xCFF6600,1,8,6F,09,FF,FF,FF,FF,FF,FF
1324278,136837,0xCF00400,1,8,FF,FF,FF,C8,4C,FF,FF,FF
1324278,136838,0xCFF6600,1,8,99,09,FF,FF,FF,FF,FF,FF
1324298,136839,0xCF00400,1,8,FF,FF,FF,80,4D,FF,FF,FF
1324298,136840,0xCFF6600,1,8,B0,09,FF,FF,FF,FF,FF,FF
1324318,136841,0xCF00400,1,8,FF,FF,FF,80,4D,FF,FF,FF
1324318,136842,0xCFF6600,1,8,B0,09,FF,FF,FF,FF,FF,FF
1324338,136843,0xCF00400,1,8,FF,FF,FF,CA,4D,FF,FF,FF
1324338,136844,0xCFF6600,1,8,B9,09,FF,FF,FF,FF,FF,FF
1324348,136845,0x18F00500,1,8,FF,FF,FF,FF,20,2D,FF,FF
1324350,136846,0x10FF6500,1,8,FC,FF,FF,FF,FF,FF,FF,FF
1324350,136847,0x18F00600,1,8,FF,FF,FF,FF,FF,FF,FF,FF
1324351,136848,0x18FEF100,1,8,3F,00,00,FF,FF,FF,FF,FF
1324352,136849,0x18FEF200,1,8,1B,00,00,00,00,00,00,FF
1324352,136850,0x1CFDDF00,1,8,FE,FF,FF,FF,FF,FF,FF,FF
1324373,136851,0xCF00400,1,8,FF,FF,FF,66,4D,FF,FF,FF
1324373,136852,0xCFF6600,1,8,AC,09,FF,FF,FF,FF,FF,FF
1324375,136853,0x1CFF6A00,1,8,FC,FF,FF,FF,FF,FF,FF,FF
1324378,136854,0xCF00400,1,8,FF,FF,FF,64,4C,FF,FF,FF
1324378,136855,0xCFF6600,1,8,8C,09,FF,FF,FF,FF,FF,FF
1324398,136856,0xCF00400,1,8,FF,FF,FF,DC,4B,FF,FF,FF
1324399,136857,0xCFF6600,1,8,7B,09,FF,FF,FF,FF,FF,FF
1324418,136858,0xCF00400,1,8,FF,FF,FF,DC,4B,FF,FF,FF
1324418,136859,0xCFF6600,1,8,7B,09,FF,FF,FF,FF,FF,FF
1324438,136860,0xCF00400,1,8,FF,FF,FF,C0,4B,FF,FF,FF
1324438,136861,0xCFF6600,1,8,78,09,FF,FF,FF,FF,FF,FF
1324449,136862,0x18F00500,1,8,FF,FF,FF,FF,20,2D,FF,FF
1324449,136863,0x18FEF100,1,8,3F,00,00,FF,FF,FF,FF,FF
1324450,136864,0x18FEF200,1,8,1B,00,00,00,00,00,00,FF
1324458,136865,0xCF00400,1,8,FF,FF,FF,50,4C,FF,FF,FF
1324459,136866,0xCFF6600,1,8,8A,09,FF,FF,FF,FF,FF,FF
1324479,136867,0xCF00400,1,8,FF,FF,FF,60,4D,FF,FF,FF
1324480,136868,0xCFF6600,1,8,AC,09,FF,FF,FF,FF,FF,FF
1324498,136869,0xCF00400,1,8,FF,FF,FF,A2,4D,FF,FF,FF
1324498,136870,0xCFF6600,1,8,B4,09,FF,FF,FF,FF,FF,FF
1324518,136871,0xCF00400,1,8,FF,FF,FF,46,4D,FF,FF,FF
1324518,136872,0xCFF6600,1,8,A8,09,FF,FF,FF,FF,FF,FF
1324538,136873,0xCF00400,1,8,FF,FF,FF,46,4D,FF,FF,FF
1324538,136874,0xCFF6600,1,8,A8,09,FF,FF,FF,FF,FF,FF
1324566,136875,0x10FF6500,1,8,FC,FF,FF,FF,FF,FF,FF,FF
1324567,136876,0x18F00500,1,8,FF,FF,FF,FF,20,2D,FF,FF
1324567,136877,0x18EEFF00,1,8,08,CF,60,06,00,00,00,00
1324568,136878,0x18FEF100,1,8,3F,00,00,FF,FF,FF,FF,FF
1324569,136879,0x18FEF200,1,8,1B,00,00,00,00,00,00,FF
1324578,136880,0xCF00400,1,8,FF,FF,FF,72,4D,FF,FF,FF
1324578,136881,0xCFF6600,1,8,AE,09,FF,FF,FF,FF,FF,FF
1324598,136882,0xCF00400,1,8,FF,FF,FF,82,4D,FF,FF,FF
1324598,136883,0xCFF6600,1,8,B0,09,FF,FF,FF,FF,FF,FF
1324607,136884,0x18FEEE00,1,8,64,FF,FF,FF,FF,FF,FF,FF
1324608,136885,0x18FDE500,1,8,0A,14,1E,28,32,3C,46,13
1324618,136886,0xCF00400,1,8,FF,FF,FF,72,4D,FF,FF,FF
1324619,136887,0xCFF6600,1,8,AE,09,FF,FF,FF,FF,FF,FF
1324627,136888,0x1CECFF00,1,8,20,0A,00,02,FF,CA,FE,00
1324640,136889,0xCF00400,1,8,FF,FF,FF,8A,4D,FF,FF,FF
1324641,136890,0xCFF6600,1,8,B1,09,FF,FF,FF,FF,FF,FF
1324649,136891,0x18F00500,1,8,FF,FF,FF,FF,20,2D,FF,FF
1324650,136892,0x18FEF100,1,8,3F,00,00,FF,FF,FF,FF,FF
1324650,136893,0x18FEF200,1,8,1B,00,00,00,00,00,00,FF
1324658,136894,0xCF00400,1,8,FF,FF,FF,8A,4D,FF,FF,FF
1324658,136895,0xCFF6600,1,8,B1,09,FF,FF,FF,FF,FF,FF
1324678,136896,0xCF00400,1,8,FF,FF,FF,BE,4D,FF,FF,FF
1324678,136897,0xCFF6600,1,8,B7,09,FF,FF,FF,FF,FF,FF
1324679,136898,0x1CEBFF00,1,8,01,40,FF,0F,F0,E5,01,02
1324699,136899,0xCF00400,1,8,FF,FF,FF,A2,4D,FF,FF,FF
1324700,136900,0xCFF6600,1,8,B4,09,FF,FF,FF,FF,FF,FF
1324718,136901,0xCF00400,1,8,FF,FF,FF,4C,4D,FF,FF,FF
1324718,136902,0xCFF6600,1,8,A9,09,FF,FF,FF,FF,FF,FF
1324728,136903,0x1CEBFF00,1,8,02,F0,E3,01,FF,FF,FF,FF
1324738,136904,0xCF00400,1,8,FF,FF,FF,E0,4C,FF,FF,FF
1324738,136905,0xCFF6600,1,8,9C,09,FF,FF,FF,FF,FF,FF
1324748,136906,0x18FEF100,1,8,3F,00,00,FF,FF,FF,FF,FF
1324749,136907,0x10FF6500,1,8,FC,FF,FF,FF,FF,FF,FF,FF
1324749,136908,0x18F00500,1,8,FF,FF,FF,FF,20,2D,FF,FF
1324771,136909,0xCF00400,1,8,FF,FF,FF,E0,4C,FF,FF,FF
1324771,136910,0xCFF6600,1,8,9C,09,FF,FF,FF,FF,FF,FF
1324772,136911,0x18FEF200,1,8,1B,00,00,00,00,00,00,FF
1324778,136912,0xCF00400,1,8,FF,FF,FF,66,4C,FF,FF,FF
1324778,136913,0xCFF6600,1,8,8C,09,FF,FF,FF,FF,FF,FF
1324798,136914,0xCF00400,1,8,FF,FF,FF,1E,4C,FF,FF,FF
1324798,136915,0xCFF6600,1,8,83,09,FF,FF,FF,FF,FF,FF
1324818,136916,0xCF00400,1,8,FF,FF,FF,FC,4B,FF,FF,FF
1324818,136917,0xCFF6600,1,8,7F,09,FF,FF,FF,FF,FF,FF
1324839,136918,0xCF00400,1,8,FF,FF,FF,44,4C,FF,FF,FF
1324839,136919,0xCFF6600,1,8,88,09,FF,FF,FF,FF,FF,FF
1324849,136920,0x18FEF100,1,8,3F,00,00,FF,FF,FF,FF,FF
1324851,136921,0x18F00500,1,8,FF,FF,FF,FF,20,2D,FF,FF
1324852,136922,0x18F00600,1,8,FF,FF,FF,FF,FF,FF,FF,FF
1324852,136923,0x18FEF200,1,8,1B,00,00,00,00,00,00,FF
1324853,136924,0x1CFDDF00,1,8,FE,FF,FF,FF,FF,FF,FF,FF
1324854,136925,0x1CFF6A00,1,8,FC,FF,FF,FF,FF,FF,FF,FF
1324858,136926,0xCF00400,1,8,FF,FF,FF,E2,4C,FF,FF,FF
1324858,136927,0xCFF6600,1,8,9C,09,FF,FF,FF,FF,FF,FF
1324878,136928,0xCF00400,1,8,FF,FF,FF,E2,4C,FF,FF,FF
1324899,136929,0xCF00400,1,8,FF,FF,FF,16,4D,FF,FF,FF
1324899,136930,0xCFF6600,1,8,9C,09,FF,FF,FF,FF,FF,FF
1324919,136931,0xCF00400,1,8,FF,FF,FF,F0,4C,FF,FF,FF
1324919,136932,0xCFF6600,1,8,9E,09,FF,FF,FF,FF,FF,FF
1324938,136933,0xCF00400,1,8,FF,FF,FF,B6,4C,FF,FF,FF
1324938,136934,0xCFF6600,1,8,96,09,FF,FF,FF,FF,FF,FF
1324948,136935,0x18FEF100,1,8,3F,00,00,FF,FF,FF,FF,FF
1324949,136936,0x10FF6500,1,8,FC,FF,FF,FF,FF,FF,FF,FF
1324950,136937,0x18F00500,1,8,FF,FF,FF,FF,20,2D,FF,FF
1324950,136938,0x18FEF200,1,8,1B,00,00,00,00,00,00,FF
1324973,136939,0xCF00400,1,8,FF,FF,FF,6E,4C,FF,FF,FF
1324974,136940,0xCFF6600,1,8,8D,09,FF,FF,FF,FF,FF,FF
1324977,136941,0x18EEFF00,1,8,08,CF,60,06,00,00,00,00
1324978,136942,0xCF00400,1,8,FF,FF,FF,6E,4C,FF,FF,FF
1324978,136943,0xCFF6600,1,8,8D,09,FF,FF,FF,FF,FF,FF
1324998,136944,0xCF00400,1,8,FF,FF,FF,BA,4C,FF,FF,FF
1324998,136945,0xCFF6600,1,8,97,09,FF,FF,FF,FF,FF,FF
1325018,136946,0xCF00400,1,8,FF,FF,FF,7C,4D,FF,FF,FF
1325018,136947,0xCFF6600,1,8,AF,09,FF,FF,FF,FF,FF,FF
1325038,136948,0xCF00400,1,8,FF,FF,FF,EC,4D,FF,FF,FF
1325038,136949,0xCFF6600,1,8,BD,09,FF,FF,FF,FF,FF,FF
1325049,136950,0x18FEF100,1,8,3F,00,00,FF,FF,FF,FF,FF
1325049,136951,0x18F00500,1,8,FF,FF,FF,FF,20,2D,FF,FF
1325050,136952,0x18FEF200,1,8,1B,00,00,00,00,00,00,FF
1325058,136953,0xCF00400,1,8,FF,FF,FF,20,4E,FF,FF,FF
1325078,136954,0xCF00400,1,8,FF,FF,FF,30,4E,FF,FF,FF
1325079,136955,0xCFF6600,1,8,C4,09,FF,FF,FF,FF,FF,FF
1325098,136956,0xCF00400,1,8,FF,FF,FF,30,4E,FF,FF,FF
1325098,136957,0xCFF6600,1,8,C6,09,FF,FF,FF,FF,FF,FF
1325118,136958,0xCF00400,1,8,FF,FF,FF,24,4E,FF,FF,FF
1325118,136959,0xCFF6600,1,8,C4,09,FF,FF,FF,FF,FF,FF
1325138,136960,0xCF00400,1,8,FF,FF,FF,0E,4E,FF,FF,FF
1325138,136961,0xCFF6600,1,8,C1,09,FF,FF,FF,FF,FF,FF
1325149,136962,0x18FEF100,1,8,3F,00,00,FF,FF,FF,FF,FF
1325149,136963,0x10FF6500,1,8,FC,FF,FF,FF,FF,FF,FF,FF
1325150,136964,0x18F00500,1,8,FF,FF,FF,FF,20,2D,FF,FF
1325151,136965,0x18FEF200,1,8,1B,00,00,00,00,00,00,FF
1325158,136966,0xCF00400,1,8,FF,FF,FF,EE,4D,FF,FF,FF
1325158,136967,0xCFF6600,1,8,BD,09,FF,FF,FF,FF,FF,FF
1325178,136968,0xCF00400,1,8,FF,FF,FF,60,4D,FF,FF,FF
1325178,136969,0xCFF6600,1,8,AC,09,FF,FF,FF,FF,FF,FF
1325198,136970,0xCF00400,1,8,FF,FF,FF,6E,4C,FF,FF,FF
1325198,136971,0xCFF6600,1,8,8D,09,FF,FF,FF,FF,FF,FF
1325218,136972,0xCF00400,1,8,FF,FF,FF,6E,4C,FF,FF,FF
1325218,136973,0xCFF6600,1,8,8D,09,FF,FF,FF,FF,FF,FF
1325238,136974,0xCF00400,1,8,FF,FF,FF,5E,4C,FF,FF,FF
1325238,136975,0xCFF6600,1,8,8B,09,FF,FF,FF,FF,FF,FF
1325252,136976,0x18F00500,1,8,FF,FF,FF,FF,20,2D,FF,FF
1325252,136977,0x18FEF100,1,8,3F,00,00,FF,FF,FF,FF,FF
1325253,136978,0x18FEF200,1,8,1B,00,00,00,00,00,00,FF
1325258,136979,0xCF00400,1,8,FF,FF,FF,12,4D,FF,FF,FF
1325259,136980,0xCFF6600,1,8,A2,09,FF,FF,FF,FF,FF,FF
1325278,136981,0xCF00400,1,8,FF,FF,FF,FA,4C,FF,FF,FF
1325278,136982,0xCFF6600,1,8,9F,09,FF,FF,FF,FF,FF,FF
1325298,136983,0xCF00400,1,8,FF,FF,FF,34,4C,FF,FF,FF
1325299,136984,0xCFF6600,1,8,86,09,FF,FF,FF,FF,FF,FF
1325318,136985,0xCF00400,1,8,FF,FF,FF,1E,4C,FF,FF,FF
1325319,136986,0xCFF6600,1,8,83,09,FF,FF,FF,FF,FF,FF
1325338,136987,0xCF00400,1,8,FF,FF,FF,1E,4C,FF,FF,FF
1325339,136988,0xCFF6600,1,8,83,09,FF,FF,FF,FF,FF,FF
1325351,136989,0x10FF6500,1,8,FC,FF,FF,FF,FF,FF,FF,FF
1325351,136990,0x18F00500,1,8,FF,FF,FF,FF,20,2D,FF,FF
1325352,136991,0x18F00600,1,8,FF,FF,FF,FF,FF,FF,FF,FF
1325352,136992,0x18FEF100,1,8,3F,00,00,FF,FF,FF,FF,FF
1325353,136993,0x18FEF200,1,8,1B,00,00,00,00,00,00,FF
1325354,136994,0x1CFDDF00,1,8,FE,FF,FF,FF,FF,FF,FF,FF
1325354,136995,0x1CFF6A00,1,8,FC,FF,FF,FF,FF,FF,FF,FF
1325358,136996,0xCF00400,1,8,FF,FF,FF,98,4C,FF,FF,FF
1325358,136997,0xCFF6600,1,8,93,09,FF,FF,FF,FF,FF,FF
1325378,136998,0xCF00400,1,8,FF,FF,FF,50,4C,FF,FF,FF
1325378,136999,0xCFF6600,1,8,8A,09,FF,FF,FF,FF,FF,FF
1325398,137000,0xCF00400,1,8,FF,FF,FF,50,4B,FF,FF,FF
1325398,137001,0xCFF6600,1,8,6A,09,FF,FF,FF,FF,FF,FF
1325418,137002,0xCF00400,1,8,FF,FF,FF,0A,4B,FF,FF,FF
1325419,137003,0xCFF6600,1,8,61,09,FF,FF,FF,FF,FF,FF
1325438,137004,0xCF00400,1,8,FF,FF,FF,0A,4B,FF,FF,FF
1325439,137005,0xCFF6600,1,8,61,09,FF,FF,FF,FF,FF,FF
1325470,137006,0xCF00400,1,8,FF,FF,FF,6C,4B,FF,FF,FF
1325471,137007,0xCFF6600,1,8,6D,09,FF,FF,FF,FF,FF,FF
1325472,137008,0x18F00500,1,8,FF,FF,FF,FF,20,2D,FF,FF
1325472,137009,0x18FEF100,1,8,3F,00,00,FF,FF,FF,FF,FF
1325473,137010,0x18FEF200,1,8,1B,00,00,00,00,00,00,FF
1325478,137011,0xCF00400,1,8,FF,FF,FF,E8,4B,FF,FF,FF
1325479,137012,0xCFF6600,1,8,7D,09,FF,FF,FF,FF,FF,FF
1325517,137013,0xCF00400,1,8,FF,FF,FF,7A,4C,FF,FF,FF
1325518,137014,0xCFF6600,1,8,8F,09,FF,FF,FF,FF,FF,FF
1325518,137015,0x18EEFF00,1,8,08,CF,60,06,00,00,00,00
1325539,137016,0xCF00400,1,8,FF,FF,FF,CA,4C,FF,FF,FF
1325539,137017,0xCFF6600,1,8,99,09,FF,FF,FF,FF,FF,FF
1325549,137018,0x10FF6500,1,8,FC,FF,FF,FF,FF,FF,FF,FF
1325549,137019,0x18F00500,1,8,FF,FF,FF,FF,20,2D,FF,FF
1325550,137020,0x18FEF100,1,8,3F,00,00,FF,FF,FF,FF,FF
1325551,137021,0x18FEF200,1,8,1B,00,00,00,00,00,00,FF
1325558,137022,0xCF00400,1,8,FF,FF,FF,E8,4C,FF,FF,FF
1325559,137023,0xCFF6600,1,8,9D,09,FF,FF,FF,FF,FF,FF
1325578,137024,0xCF00400,1,8,FF,FF,FF,2E,4D,FF,FF,FF
1325578,137025,0xCFF6600,1,8,A5,09,FF,FF,FF,FF,FF,FF
1325598,137026,0xCF00400,1,8,FF,FF,FF,94,4D,FF,FF,FF
1325598,137027,0xCFF6600,1,8,B2,09,FF,FF,FF,FF,FF,FF
1325609,137028,0x18FDE500,1,8,0A,14,1E,28,32,3C,46,13
1325610,137029,0x18FEEE00,1,8,64,FF,FF,FF,FF,FF,FF,FF
1325618,137030,0xCF00400,1,8,FF,FF,FF,AA,4D,FF,FF,FF
1325618,137031,0xCFF6600,1,8,B5,09,FF,FF,FF,FF,FF,FF
1325628,137032,0x1CECFF00,1,8,20,0A,00,02,FF,CA,FE,00
1325638,137033,0xCF00400,1,8,FF,FF,FF,7C,4D,FF,FF,FF
1325639,137034,0xCFF6600,1,8,AF,09,FF,FF,FF,FF,FF,FF
1325649,137035,0x18F00500,1,8,FF,FF,FF,FF,20,2D,FF,FF
1325650,137036,0x18FEF100,1,8,3F,00,00,FF,FF,FF,FF,FF
1325650,137037,0x18FEF200,1,8,1C,00,00,00,00,00,00,FF
1325658,137038,0xCF00400,1,8,FF,FF,FF,7C,4D,FF,FF,FF
1325658,137039,0xCFF6600,1,8,AF,09,FF,FF,FF,FF,FF,FF
1325678,137040,0xCF00400,1,8,FF,FF,FF,86,4D,FF,FF,FF
1325698,137041,0xCF00400,1,8,FF,FF,FF,BC,4D,FF,FF,FF
1325699,137042,0xCFF6600,1,8,B0,09,FF,FF,FF,FF,FF,FF
1325699,137043,0x1CEBFF00,1,8,01,40,FF,0F,F0,E5,01,02
1325718,137044,0xCF00400,1,8,FF,FF,FF,CC,4D,FF,FF,FF
1325719,137045,0xCFF6600,1,8,B9,09,FF,FF,FF,FF,FF,FF
1325728,137046,0x1CEBFF00,1,8,02,F0,E3,01,FF,FF,FF,FF
1325738,137047,0xCF00400,1,8,FF,FF,FF,C2,4D,FF,FF,FF
1325738,137048,0xCFF6600,1,8,B8,09,FF,FF,FF,FF,FF,FF
1325748,137049,0x10FF6500,1,8,FC,FF,FF,FF,FF,FF,FF,FF
1325749,137050,0x18F00500,1,8,FF,FF,FF,FF,20,2D,FF,FF
1325750,137051,0x18FEF100,1,8,3F,00,00,FF,FF,FF,FF,FF
1325750,137052,0x18FEF200,1,8,1C,00,00,00,00,00,00,FF
1325759,137053,0xCF00400,1,8,FF,FF,FF,A6,4D,FF,FF,FF
1325759,137054,0xCFF6600,1,8,B4,09,FF,FF,FF,FF,FF,FF
1325778,137055,0xCF00400,1,8,FF,FF,FF,A6,4D,FF,FF,FF
1325778,137056,0xCFF6600,1,8,B4,09,FF,FF,FF,FF,FF,FF
1325798,137057,0xCF00400,1,8,FF,FF,FF,7A,4D,FF,FF,FF
1325798,137058,0xCFF6600,1,8,AF,09,FF,FF,FF,FF,FF,FF
1325818,137059,0xCF00400,1,8,FF,FF,FF,92,4D,FF,FF,FF
1325819,137060,0xCFF6600,1,8,B2,09,FF,FF,FF,FF,FF,FF
1325838,137061,0xCF00400,1,8,FF,FF,FF,E0,4D,FF,FF,FF
1325839,137062,0xCFF6600,1,8,BC,09,FF,FF,FF,FF,FF,FF
1325849,137063,0x18FEF100,1,8,3F,00,00,FF,FF,FF,FF,FF
1325849,137064,0x18F00500,1,8,FF,FF,FF,FF,20,2D,FF,FF
1325850,137065,0x18F00600,1,8,FF,FF,FF,FF,FF,FF,FF,FF
1325850,137066,0x18FEF200,1,8,1C,00,00,00,00,00,00,FF
1325852,137067,0x1CFDDF00,1,8,FE,FF,FF,FF,FF,FF,FF,FF
1325867,137068,0x18EEFF00,1,8,08,CF,60,06,00,00,00,00
1325868,137069,0x1CFF6A00,1,8,FC,FF,FF,FF,FF,FF,FF,FF
1325880,137070,0xCF00400,1,8,FF,FF,FF,76,4E,FF,FF,FF
1325881,137071,0xCFF6600,1,8,CE,09,FF,FF,FF,FF,FF,FF
1325898,137072,0xCF00400,1,8,FF,FF,FF,76,4E,FF,FF,FF
1325898,137073,0xCFF6600,1,8,CE,09,FF,FF,FF,FF,FF,FF
1325918,137074,0xCF00400,1,8,FF,FF,FF,90,4E,FF,FF,FF
1325919,137075,0xCFF6600,1,8,D2,09,FF,FF,FF,FF,FF,FF
1325938,137076,0xCF00400,1,8,FF,FF,FF,80,4E,FF,FF,FF
1325939,137077,0xCFF6600,1,8,D0,09,FF,FF,FF,FF,FF,FF
1325952,137078,0x10FF6500,1,8,FC,FF,FF,FF,FF,FF,FF,FF
1325953,137079,0x18F00500,1,8,FF,FF,FF,FF,20,2D,FF,FF
1325953,137080,0x18FEF100,1,8,3F,00,00,FF,FF,FF,FF,FF
1325954,137081,0x18FEF200,1,8,1C,00,00,00,00,00,00,FF
1325959,137082,0xCF00400,1,8,FF,FF,FF,44,4E,FF,FF,FF
1325960,137083,0xCFF6600,1,8,C8,09,FF,FF,FF,FF,FF,FF
1325978,137084,0xCF00400,1,8,FF,FF,FF,DA,4D,FF,FF,FF
1325978,137085,0xCFF6600,1,8,BB,09,FF,FF,FF,FF,FF,FF
1325998,137086,0xCF00400,1,8,FF,FF,FF,84,4D,FF,FF,FF
1325999,137087,0xCFF6600,1,8,B0,09,FF,FF,FF,FF,FF,FF
1326018,137088,0xCF00400,1,8,FF,FF,FF,84,4D,FF,FF,FF
1326018,137089,0xCFF6600,1,8,B0,09,FF,FF,FF,FF,FF,FF
1326038,137090,0xCF00400,1,8,FF,FF,FF,42,4D,FF,FF,FF
1326058,137091,0xCF00400,1,8,FF,FF,FF,16,4D,FF,FF,FF
1326059,137092,0xCFF6600,1,8,A8,09,FF,FF,FF,FF,FF,FF
1326059,137093,0x18F00500,1,8,FF,FF,FF,FF,20,2D,FF,FF
1326060,137094,0x18FEF100,1,8,3F,00,00,FF,FF,FF,FF,FF
1326060,137095,0x18FEF200,1,8,1C,00,00,00,00,00,00,FF
1326078,137096,0xCF00400,1,8,FF,FF,FF,02,4D,FF,FF,FF
1326079,137097,0xCFF6600,1,8,A0,09,FF,FF,FF,FF,FF,FF
1326098,137098,0xCF00400,1,8,FF,FF,FF,C8,4C,FF,FF,FF
1326099,137099,0xCFF6600,1,8,99,09,FF,FF,FF,FF,FF,FF
1326118,137100,0xCF00400,1,8,FF,FF,FF,C8,4C,FF,FF,FF
1326118,137101,0xCFF6600,1,8,99,09,FF,FF,FF,FF,FF,FF
1326138,137102,0xCF00400,1,8,FF,FF,FF,76,4C,FF,FF,FF
1326138,137103,0xCFF6600,1,8,8E,09,FF,FF,FF,FF,FF,FF
1326148,137104,0x18FEF100,1,8,3F,00,00,FF,FF,FF,FF,FF
1326149,137105,0x10FF6500,1,8,FC,FF,FF,FF,FF,FF,FF,FF
1326150,137106,0x18F00500,1,8,FF,FF,FF,FF,20,2D,FF,FF
1326150,137107,0x18FEF200,1,8,1C,00,00,00,00,00,00,FF
1326158,137108,0xCF00400,1,8,FF,FF,FF,8A,4C,FF,FF,FF
1326158,137109,0xCFF6600,1,8,91,09,FF,FF,FF,FF,FF,FF
1326178,137110,0xCF00400,1,8,FF,FF,FF,EE,4C,FF,FF,FF
1326178,137111,0xCFF6600,1,8,9D,09,FF,FF,FF,FF,FF,FF
1326198,137112,0xCF00400,1,8,FF,FF,FF,EC,4C,FF,FF,FF
1326199,137113,0xCFF6600,1,8,9D,09,FF,FF,FF,FF,FF,FF
1326219,137114,0xCF00400,1,8,FF,FF,FF,90,4C,FF,FF,FF
1326219,137115,0xCFF6600,1,8,92,09,FF,FF,FF,FF,FF,FF
1326238,137116,0xCF00400,1,8,FF,FF,FF,90,4C,FF,FF,FF
1326259,137117,0xCF00400,1,8,FF,FF,FF,C8,4C,FF,FF,FF
1326260,137118,0xCFF6600,1,8,92,09,FF,FF,FF,FF,FF,FF
1326260,137119,0x18F00500,1,8,FF,FF,FF,FF,20,2D,FF,FF
1326261,137120,0x18FEF100,1,8,3F,00,00,FF,FF,FF,FF,FF
1326261,137121,0x18FEF200,1,8,1C,00,00,00,00,00,00,FF
1326279,137122,0xCF00400,1,8,FF,FF,FF,7A,4D,FF,FF,FF
1326280,137123,0xCFF6600,1,8,AF,09,FF,FF,FF,FF,FF,FF
1326298,137124,0xCF00400,1,8,FF,FF,FF,D4,4D,FF,FF,FF
1326298,137125,0xCFF6600,1,8,BA,09,FF,FF,FF,FF,FF,FF
1326318,137126,0xCF00400,1,8,FF,FF,FF,E6,4D,FF,FF,FF
1326318,137127,0xCFF6600,1,8,BC,09,FF,FF,FF,FF,FF,FF
1326338,137128,0xCF00400,1,8,FF,FF,FF,10,4E,FF,FF,FF
1326357,137129,0xCFF6600,1,8,C2,09,FF,FF,FF,FF,FF,FF
1326358,137130,0x18EEFF00,1,8,08,CF,60,06,00,00,00,00
1326378,137131,0xCF00400,1,8,FF,FF,FF,4C,4E,FF,FF,FF
1326379,137132,0xCFF6600,1,8,C9,09,FF,FF,FF,FF,FF,FF
1326398,137133,0xCF00400,1,8,FF,FF,FF,E4,4D,FF,FF,FF
1326399,137134,0xCFF6600,1,8,BC,09,FF,FF,FF,FF,FF,FF
1326418,137135,0xCF00400,1,8,FF,FF,FF,F0,4C,FF,FF,FF
1326419,137136,0xCFF6600,1,8,9E,09,FF,FF,FF,FF,FF,FF
1326438,137137,0xCF00400,1,8,FF,FF,FF,66,4C,FF,FF,FF
1326438,137138,0xCFF6600,1,8,8C,09,FF,FF,FF,FF,FF,FF
1326449,137139,0x18F00500,1,8,FF,FF,FF,FF,20,2D,FF,FF
1326450,137140,0x10FF6500,1,8,FC,FF,FF,FF,FF,FF,FF,FF
1326451,137141,0x18F00600,1,8,FF,FF,FF,FF,FF,FF,FF,FF
1326452,137142,0x18FEF100,1,8,3F,00,00,FF,FF,FF,FF,FF
1326452,137143,0x18FEF200,1,8,1C,00,00,00,00,00,00,FF
1326453,137144,0x1CFDDF00,1,8,FE,FF,FF,FF,FF,FF,FF,FF
1326454,137145,0x1CFF6A00,1,8,FC,FF,FF,FF,FF,FF,FF,FF
1326458,137146,0xCF00400,1,8,FF,FF,FF,66,4C,FF,FF,FF
1326459,137147,0xCFF6600,1,8,8C,09,FF,FF,FF,FF,FF,FF
1326478,137148,0xCF00400,1,8,FF,FF,FF,38,4C,FF,FF,FF
1326478,137149,0xCFF6600,1,8,87,09,FF,FF,FF,FF,FF,FF
1326498,137150,0xCF00400,1,8,FF,FF,FF,94,4C,FF,FF,FF
1326498,137151,0xCFF6600,1,8,92,09,FF,FF,FF,FF,FF,FF
1326518,137152,0xCF00400,1,8,FF,FF,FF,58,4D,FF,FF,FF
1326519,137153,0xCFF6600,1,8,AB,09,FF,FF,FF,FF,FF,FF
1326539,137154,0xCF00400,1,8,FF,FF,FF,86,4D,FF,FF,FF
1326539,137155,0xCFF6600,1,8,B0,09,FF,FF,FF,FF,FF,FF
1326549,137156,0x18FEF100,1,8,3F,00,00,FF,FF,FF,FF,FF
1326549,137157,0x18F00500,1,8,FF,FF,FF,FF,20,2D,FF,FF
1326550,137158,0x18FEF200,1,8,1C,00,00,00,00,00,00,FF
1326558,137159,0xCF00400,1,8,FF,FF,FF,42,4D,FF,FF,FF
1326560,137160,0xCFF6600,1,8,A8,09,FF,FF,FF,FF,FF,FF
1326578,137161,0xCF00400,1,8,FF,FF,FF,42,4D,FF,FF,FF
1326579,137162,0xCFF6600,1,8,A8,09,FF,FF,FF,FF,FF,FF
1326599,137163,0xCF00400,1,8,FF,FF,FF,38,4D,FF,FF,FF
1326599,137164,0xCFF6600,1,8,A7,09,FF,FF,FF,FF,FF,FF
1326607,137165,0x18FDE500,1,8,0A,14,1E,28,32,3C,46,13
1326621,137166,0x18FEEE00,1,8,64,FF,FF,FF,FF,FF,FF,FF
1326627,137167,0x18EEFF00,1,8,08,CF,60,06,00,00,00,00
1326627,137168,0x1CECFF00,1,8,20,0A,00,02,FF,CA,FE,00
1326638,137169,0xCF00400,1,8,FF,FF,FF,A6,4D,FF,FF,FF
1326638,137170,0xCFF6600,1,8,B4,09,FF,FF,FF,FF,FF,FF
1326649,137171,0x10FF6500,1,8,FC,FF,FF,FF,FF,FF,FF,FF
1326650,137172,0x18F00500,1,8,FF,FF,FF,FF,20,2D,FF,FF
1326650,137173,0x18FEF100,1,8,3F,00,00,FF,FF,FF,FF,FF
1326651,137174,0x18FEF200,1,8,1C,00,00,00,00,00,00,FF
1326658,137175,0xCF00400,1,8,FF,FF,FF,0C,4E,FF,FF,FF
1326658,137176,0xCFF6600,1,8,C1,09,FF,FF,FF,FF,FF,FF
1326678,137177,0xCF00400,1,8,FF,FF,FF,26,4E,FF,FF,FF
1326679,137178,0xCFF6600,1,8,C4,09,FF,FF,FF,FF,FF,FF
1326679,137179,0x1CEBFF00,1,8,01,40,FF,0F,F0,E5,01,02
1326698,137180,0xCF00400,1,8,FF,FF,FF,26,4E,FF,FF,FF
1326698,137181,0xCFF6600,1,8,C4,09,FF,FF,FF,FF,FF,FF
1326719,137182,0xCF00400,1,8,FF,FF,FF,00,4E,FF,FF,FF
1326720,137183,0xCFF6600,1,8,C0,09,FF,FF,FF,FF,FF,FF
1326727,137184,0x1CEBFF00,1,8,02,F0,E3,01,FF,FF,FF,FF
1326738,137185,0xCF00400,1,8,FF,FF,FF,C2,4D,FF,FF,FF
1326739,137186,0xCFF6600,1,8,B8,09,FF,FF,FF,FF,FF,FF
1326749,137187,0x18F00500,1,8,FF,FF,FF,FF,20,2D,FF,FF
1326770,137188,0xCF00400,1,8,FF,FF,FF,70,4D,FF,FF,FF
1326771,137189,0xCFF6600,1,8,AE,09,FF,FF,FF,FF,FF,FF
1326771,137190,0x18FEF100,1,8,3F,00,00,FF,FF,FF,FF,FF
1326772,137191,0x18FEF200,1,8,1C,00,00,00,00,00,00,FF
1326778,137192,0xCF00400,1,8,FF,FF,FF,28,4D,FF,FF,FF
1326778,137193,0xCFF6600,1,8,A5,09,FF,FF,FF,FF,FF,FF
1326798,137194,0xCF00400,1,8,FF,FF,FF,28,4D,FF,FF,FF
1326798,137195,0xCFF6600,1,8,A5,09,FF,FF,FF,FF,FF,FF
1326818,137196,0xCF00400,1,8,FF,FF,FF,EC,4C,FF,FF,FF
1326819,137197,0xCFF6600,1,8,9D,09,FF,FF,FF,FF,FF,FF
1326838,137198,0xCF00400,1,8,FF,FF,FF,72,4C,FF,FF,FF
1326839,137199,0xCFF6600,1,8,8E,09,FF,FF,FF,FF,FF,FF
1326849,137200,0x18FEF100,1,8,3F,00,00,FF,FF,FF,FF,FF
1326850,137201,0x10FF6500,1,8,FC,FF,FF,FF,FF,FF,FF,FF
1326850,137202,0x18F00500,1,8,FF,FF,FF,FF,20,2D,FF,FF
1326851,137203,0x18FEF200,1,8,1C,00,00,00,00,00,00,FF
1326858,137204,0xCF00400,1,8,FF,FF,FF,BA,4B,FF,FF,FF
1326858,137205,0xCFF6600,1,8,77,09,FF,FF,FF,FF,FF,FF
1326878,137206,0xCF00400,1,8,FF,FF,FF,8C,4B,FF,FF,FF
1326878,137207,0xCFF6600,1,8,71,09,FF,FF,FF,FF,FF,FF
1326898,137208,0xCF00400,1,8,FF,FF,FF,E0,4B,FF,FF,FF
1326899,137209,0xCFF6600,1,8,7C,09,FF,FF,FF,FF,FF,FF
1326918,137210,0xCF00400,1,8,FF,FF,FF,E0,4B,FF,FF,FF
1326918,137211,0xCFF6600,1,8,7C,09,FF,FF,FF,FF,FF,FF
1326938,137212,0xCF00400,1,8,FF,FF,FF,F8,4B,FF,FF,FF
1326938,137213,0xCFF6600,1,8,7F,09,FF,FF,FF,FF,FF,FF
1326952,137214,0x18F00500,1,8,FF,FF,FF,FF,20,2D,FF,FF
1326952,137215,0x18F00600,1,8,FF,FF,FF,FF,FF,FF,FF,FF
1326953,137216,0x18FEF100,1,8,3F,00,00,FF,FF,FF,FF,FF
1326954,137217,0x18FEF200,1,8,1C,00,00,00,00,00,00,FF
1326954,137218,0x1CFDDF00,1,8,FE,FF,FF,FF,FF,FF,FF,FF
1326955,137219,0x1CFF6A00,1,8,FC,FF,FF,FF,FF,FF,FF,FF
1326958,137220,0xCF00400,1,8,FF,FF,FF,E0,4B,FF,FF,FF
1326958,137221,0xCFF6600,1,8,7C,09,FF,FF,FF,FF,FF,FF
1326978,137222,0xCF00400,1,8,FF,FF,FF,04,4C,FF,FF,FF
1326978,137223,0xCFF6600,1,8,80,09,FF,FF,FF,FF,FF,FF
1326998,137224,0xCF00400,1,8,FF,FF,FF,54,4C,FF,FF,FF
1327020,137225,0xCF00400,1,8,FF,FF,FF,54,4C,FF,FF,FF
1327021,137226,0xCFF6600,1,8,8A,09,FF,FF,FF,FF,FF,FF
1327038,137227,0xCF00400,1,8,FF,FF,FF,92,4C,FF,FF,FF
1327038,137228,0xCFF6600,1,8,92,09,FF,FF,FF,FF,FF,FF
1327049,137229,0x18FEF100,1,8,3F,00,00,FF,FF,FF,FF,FF
1327049,137230,0x10FF6500,1,8,FC,FF,FF,FF,FF,FF,FF,FF
1327050,137231,0x18F00500,1,8,FF,FF,FF,FF,20,2D,FF,FF
1327050,137232,0x18FEF200,1,8,1C,00,00,00,00,00,00,FF
1327058,137233,0xCF00400,1,8,FF,FF,FF,C0,4C,FF,FF,FF
1327058,137234,0xCFF6600,1,8,98,09,FF,FF,FF,FF,FF,FF
1327078,137235,0xCF00400,1,8,FF,FF,FF,DC,4C,FF,FF,FF
1327078,137236,0xCFF6600,1,8,9B,09,FF,FF,FF,FF,FF,FF
1327098,137237,0xCF00400,1,8,FF,FF,FF,EC,4C,FF,FF,FF
1327098,137238,0xCFF6600,1,8,9D,09,FF,FF,FF,FF,FF,FF
1327118,137239,0xCF00400,1,8,FF,FF,FF,28,4D,FF,FF,FF
1327119,137240,0xCFF6600,1,8,A5,09,FF,FF,FF,FF,FF,FF
1327138,137241,0xCF00400,1,8,FF,FF,FF,28,4D,FF,FF,FF
1327139,137242,0xCFF6600,1,8,A5,09,FF,FF,FF,FF,FF,FF
1327149,137243,0x18FEF100,1,8,3F,00,00,FF,FF,FF,FF,FF
1327149,137244,0x18F00500,1,8,FF,FF,FF,FF,20,2D,FF,FF
1327150,137245,0x18FEF200,1,8,1C,00,00,00,00,00,00,FF
1327158,137246,0xCF00400,1,8,FF,FF,FF,82,4D,FF,FF,FF
1327158,137247,0xCFF6600,1,8,B0,09,FF,FF,FF,FF,FF,FF
1327178,137248,0xCF00400,1,8,FF,FF,FF,50,4D,FF,FF,FF
1327198,137249,0xCF00400,1,8,FF,FF,FF,AC,4C,FF,FF,FF
1327199,137250,0xCFF6600,1,8,AA,09,FF,FF,FF,FF,FF,FF
1327218,137251,0xCF00400,1,8,FF,FF,FF,AC,4C,FF,FF,FF
1327218,137252,0xCFF6600,1,8,95,09,FF,FF,FF,FF,FF,FF
1327238,137253,0xCF00400,1,8,FF,FF,FF,AC,4C,FF,FF,FF
1327238,137254,0xCFF6600,1,8,95,09,FF,FF,FF,FF,FF,FF
1327249,137255,0x18F00500,1,8,FF,FF,FF,FF,20,2D,FF,FF
1327250,137256,0x10FF6500,1,8,FC,FF,FF,FF,FF,FF,FF,FF
1327251,137257,0x18FEF100,1,8,3F,00,00,FF,FF,FF,FF,FF
1327251,137258,0x18FEF200,1,8,1C,00,00,00,00,00,00,FF
1327258,137259,0xCF00400,1,8,FF,FF,FF,38,4D,FF,FF,FF
1327258,137260,0xCFF6600,1,8,A7,09,FF,FF,FF,FF,FF,FF
1327278,137261,0xCF00400,1,8,FF,FF,FF,BE,4D,FF,FF,FF
1327278,137262,0xCFF6600,1,8,B7,09,FF,FF,FF,FF,FF,FF
1327298,137263,0xCF00400,1,8,FF,FF,FF,42,4E,FF,FF,FF
1327298,137264,0xCFF6600,1,8,C8,09,FF,FF,FF,FF,FF,FF
1327318,137265,0xCF00400,1,8,FF,FF,FF,7C,4E,FF,FF,FF
1327352,137266,0xCF00400,1,8,FF,FF,FF,7A,4E,FF,FF,FF
1327352,137267,0xCFF6600,1,8,CF,09,FF,FF,FF,FF,FF,FF
1327357,137268,0x18EEFF00,1,8,08,CF,60,06,00,00,00,00
1327358,137269,0xCF00400,1,8,FF,FF,FF,7A,4E,FF,FF,FF
1327358,137270,0xCFF6600,1,8,CF,09,FF,FF,FF,FF,FF,FF
1327378,137271,0xCF00400,1,8,FF,FF,FF,5A,4E,FF,FF,FF
1327378,137272,0xCFF6600,1,8,CB,09,FF,FF,FF,FF,FF,FF
1327398,137273,0xCF00400,1,8,FF,FF,FF,20,4E,FF,FF,FF
1327398,137274,0xCFF6600,1,8,C4,09,FF,FF,FF,FF,FF,FF
1327418,137275,0xCF00400,1,8,FF,FF,FF,94,4D,FF,FF,FF
1327418,137276,0xCFF6600,1,8,B2,09,FF,FF,FF,FF,FF,FF
1327438,137277,0xCF00400,1,8,FF,FF,FF,BA,4C,FF,FF,FF
1327439,137278,0xCFF6600,1,8,97,09,FF,FF,FF,FF,FF,FF
1327449,137279,0x18F00500,1,8,FF,FF,FF,FF,20,2D,FF,FF
1327449,137280,0x18FEF100,1,8,3F,00,00,FF,FF,FF,FF,FF
1327450,137281,0x18FEF200,1,8,1C,00,00,00,00,00,00,FF
1327458,137282,0xCF00400,1,8,FF,FF,FF,2C,4C,FF,FF,FF
1327462,137283,0xCFF6600,1,8,85,09,FF,FF,FF,FF,FF,FF
1327478,137284,0xCF00400,1,8,FF,FF,FF,2C,4C,FF,FF,FF
1327478,137285,0xCFF6600,1,8,85,09,FF,FF,FF,FF,FF,FF
1327498,137286,0xCF00400,1,8,FF,FF,FF,E4,4B,FF,FF,FF
1327498,137287,0xCFF6600,1,8,7C,09,FF,FF,FF,FF,FF,FF
1327519,137288,0xCF00400,1,8,FF,FF,FF,DC,4B,FF,FF,FF
1327520,137289,0xCFF6600,1,8,7B,09,FF,FF,FF,FF,FF,FF
1327538,137290,0xCF00400,1,8,FF,FF,FF,0E,4C,FF,FF,FF
1327538,137291,0xCFF6600,1,8,81,09,FF,FF,FF,FF,FF,FF
1327548,137292,0x18FEF100,1,8,3F,00,00,FF,FF,FF,FF,FF
1327550,137293,0x10FF6500,1,8,FC,FF,FF,FF,FF,FF,FF,FF
1327550,137294,0x18F00500,1,8,FF,FF,FF,FF,20,2D,FF,FF
1327571,137295,0xCF00400,1,8,FF,FF,FF,AA,4C,FF,FF,FF
1327572,137296,0xCFF6600,1,8,95,09,FF,FF,FF,FF,FF,FF
1327572,137297,0x18F00600,1,8,FF,FF,FF,FF,FF,FF,FF,FF
1327573,137298,0x18FEF200,1,8,1C,00,00,00,00,00,00,FF
1327574,137299,0x1CFDDF00,1,8,FE,FF,FF,FF,FF,FF,FF,FF
1327574,137300,0x1CFF6A00,1,8,FC,FF,FF,FF,FF,FF,FF,FF
1327578,137301,0xCF00400,1,8,FF,FF,FF,AA,4C,FF,FF,FF
1327578,137302,0xCFF6600,1,8,95,09,FF,FF,FF,FF,FF,FF
1327598,137303,0xCF00400,1,8,FF,FF,FF,9E,4D,FF,FF,FF
1327598,137304,0xCFF6600,1,8,B3,09,FF,FF,FF,FF,FF,FF
1327608,137305,0x18FDE500,1,8,0A,14,1E,28,32,3C,46,13
1327609,137306,0x18FEEE00,1,8,64,FF,FF,FF,FF,FF,FF,FF
1327618,137307,0xCF00400,1,8,FF,FF,FF,A2,4D,FF,FF,FF
1327619,137308,0xCFF6600,1,8,B4,09,FF,FF,FF,FF,FF,FF
1327628,137309,0x1CECFF00,1,8,20,0A,00,02,FF,CA,FE,00
1327638,137310,0xCF00400,1,8,FF,FF,FF,E0,4C,FF,FF,FF
1327638,137311,0xCFF6600,1,8,9C,09,FF,FF,FF,FF,FF,FF
1327649,137312,0x18FEF100,1,8,3F,00,00,FF,FF,FF,FF,FF
1327649,137313,0x18F00500,1,8,FF,FF,FF,FF,20,2D,FF,FF
1327650,137314,0x18FEF200,1,8,1A,00,00,00,00,00,00,FF
1327658,137315,0xCF00400,1,8,FF,FF,FF,BA,4C,FF,FF,FF
1327658,137316,0xCFF6600,1,8,97,09,FF,FF,FF,FF,FF,FF
1327678,137317,0xCF00400,1,8,FF,FF,FF,1C,4D,FF,FF,FF
1327682,137318,0xCF00400,1,8,FF,FF,FF,1C,4D,FF,FF,FF
1327682,137319,0xCFF6600,1,8,A3,09,FF,FF,FF,FF,FF,FF
1327683,137320,0x1CEBFF00,1,8,01,40,FF,0F,F0,E5,01,02
1327698,137321,0xCF00400,1,8,FF,FF,FF,1C,4D,FF,FF,FF
1327699,137322,0xCFF6600,1,8,A3,09,FF,FF,FF,FF,FF,FF
1327718,137323,0xCF00400,1,8,FF,FF,FF,4C,4D,FF,FF,FF
1327718,137324,0xCFF6600,1,8,A9,09,FF,FF,FF,FF,FF,FF
1327728,137325,0x1CEBFF00,1,8,02,F0,E3,01,FF,FF,FF,FF
1327738,137326,0xCF00400,1,8,FF,FF,FF,58,4D,FF,FF,FF
1327739,137327,0xCFF6600,1,8,AB,09,FF,FF,FF,FF,FF,FF
1327749,137328,0x18FEF100,1,8,3F,00,00,FF,FF,FF,FF,FF
1327750,137329,0x10FF6500,1,8,FC,FF,FF,FF,FF,FF,FF,FF
1327750,137330,0x18F00500,1,8,FF,FF,FF,FF,20,2D,FF,FF
1327751,137331,0x18FEF200,1,8,1A,00,00,00,00,00,00,FF
1327758,137332,0xCF00400,1,8,FF,FF,FF,B2,4D,FF,FF,FF
1327758,137333,0xCFF6600,1,8,B6,09,FF,FF,FF,FF,FF,FF
1327778,137334,0xCF00400,1,8,FF,FF,FF,48,4E,FF,FF,FF
1327799,137335,0xCF00400,1,8,FF,FF,FF,12,4E,FF,FF,FF
1327799,137336,0xCFF6600,1,8,C9,09,FF,FF,FF,FF,FF,FF
1327818,137337,0xCF00400,1,8,FF,FF,FF,12,4E,FF,FF,FF
1327818,137338,0xCFF6600,1,8,C2,09,FF,FF,FF,FF,FF,FF
1327838,137339,0xCF00400,1,8,FF,FF,FF,2A,4D,FF,FF,FF
1327838,137340,0xCFF6600,1,8,A5,09,FF,FF,FF,FF,FF,FF
1327849,137341,0x18FEF100,1,8,3F,00,00,FF,FF,FF,FF,FF
1327849,137342,0x18F00500,1,8,FF,FF,FF,FF,20,2D,FF,FF
1327850,137343,0x18FEF200,1,8,1A,00,00,00,00,00,00,FF
1327858,137344,0xCF00400,1,8,FF,FF,FF,F2,4C,FF,FF,FF
1327859,137345,0xCFF6600,1,8,9E,09,FF,FF,FF,FF,FF,FF
1327878,137346,0xCF00400,1,8,FF,FF,FF,5A,4D,FF,FF,FF
1327878,137347,0xCFF6600,1,8,AB,09,FF,FF,FF,FF,FF,FF
1327911,137348,0xCF00400,1,8,FF,FF,FF,4A,4D,FF,FF,FF
1327913,137349,0xCFF6600,1,8,A9,09,FF,FF,FF,FF,FF,FF
1327917,137350,0x18EEFF00,1,8,08,CF,60,06,00,00,00,00
1327918,137351,0xCF00400,1,8,FF,FF,FF,4A,4D,FF,FF,FF
1327936,137352,0xCFF6600,1,8,A9,09,FF,FF,FF,FF,FF,FF
1327937,137353,0x18EEFF00,1,8,08,CF,60,06,00,00,00,00
1327957,137354,0xCF00400,1,8,FF,FF,FF,CC,4C,FF,FF,FF
1327957,137355,0xCFF6600,1,8,99,09,FF,FF,FF,FF,FF,FF
1327958,137356,0xCF00400,1,8,FF,FF,FF,AC,4C,FF,FF,FF
1327959,137357,0x10FF6500,1,8,FC,FF,FF,FF,FF,FF,FF,FF
1327959,137358,0x18F00500,1,8,FF,FF,FF,FF,20,2D,FF,FF
1327960,137359,0x18FEF100,1,8,3F,00,00,FF,FF,FF,FF,FF
1327961,137360,0x18FEF200,1,8,1A,00,00,00,00,00,00,FF
1327978,137361,0xCF00400,1,8,FF,FF,FF,DE,4C,FF,FF,FF
1327978,137362,0xCFF6600,1,8,9B,09,FF,FF,FF,FF,FF,FF
1327998,137363,0xCF00400,1,8,FF,FF,FF,BE,4C,FF,FF,FF
1327998,137364,0xCFF6600,1,8,97,09,FF,FF,FF,FF,FF,FF
1328018,137365,0xCF00400,1,8,FF,FF,FF,56,4C,FF,FF,FF
1328018,137366,0xCFF6600,1,8,8A,09,FF,FF,FF,FF,FF,FF
1328038,137367,0xCF00400,1,8,FF,FF,FF,56,4C,FF,FF,FF
1328038,137368,0xCFF6600,1,8,8A,09,FF,FF,FF,FF,FF,FF
1328049,137369,0x18FEF100,1,8,3F,00,00,FF,FF,FF,FF,FF
1328049,137370,0x18F00500,1,8,FF,FF,FF,FF,20,2D,FF,FF
1328050,137371,0x18F00600,1,8,FF,FF,FF,FF,FF,FF,FF,FF
1328050,137372,0x18FEF200,1,8,1A,00,00,00,00,00,00,FF
1328051,137373,0x1CFDDF00,1,8,FE,FF,FF,FF,FF,FF,FF,FF
1328052,137374,0x1CFF6A00,1,8,FC,FF,FF,FF,FF,FF,FF,FF
1328058,137375,0xCF00400,1,8,FF,FF,FF,42,4C,FF,FF,FF
1328058,137376,0xCFF6600,1,8,88,09,FF,FF,FF,FF,FF,FF
1328078,137377,0xCF00400,1,8,FF,FF,FF,70,4C,FF,FF,FF
1328079,137378,0xCFF6600,1,8,8E,09,FF,FF,FF,FF,FF,FF
1328099,137379,0xCF00400,1,8,FF,FF,FF,2A,4C,FF,FF,FF
1328102,137380,0xCFF6600,1,8,85,09,FF,FF,FF,FF,FF,FF
1328118,137381,0xCF00400,1,8,FF,FF,FF,7C,4B,FF,FF,FF
1328119,137382,0xCFF6600,1,8,6F,09,FF,FF,FF,FF,FF,FF
1328138,137383,0xCF00400,1,8,FF,FF,FF,7C,4B,FF,FF,FF
1328139,137384,0xCFF6600,1,8,6F,09,FF,FF,FF,FF,FF,FF
1328169,137385,0xCF00400,1,8,FF,FF,FF,2E,4B,FF,FF,FF
1328170,137386,0xCFF6600,1,8,65,09,FF,FF,FF,FF,FF,FF
1328171,137387,0x10FF6500,1,8,FC,FF,FF,FF,FF,FF,FF,FF
1328172,137388,0x18F00500,1,8,FF,FF,FF,FF,20,2D,FF,FF
1328173,137389,0x18FEF100,1,8,3F,00,00,FF,FF,FF,FF,FF
1328173,137390,0x18FEF200,1,8,1A,00,00,00,00,00,00,FF
1328178,137391,0xCF00400,1,8,FF,FF,FF,30,4B,FF,FF,FF
1328179,137392,0xCFF6600,1,8,66,09,FF,FF,FF,FF,FF,FF
1328198,137393,0xCF00400,1,8,FF,FF,FF,D0,4B,FF,FF,FF
1328198,137394,0xCFF6600,1,8,7A,09,FF,FF,FF,FF,FF,FF
1328218,137395,0xCF00400,1,8,FF,FF,FF,F0,4C,FF,FF,FF
1328219,137396,0xCFF6600,1,8,9E,09,FF,FF,FF,FF,FF,FF
1328238,137397,0xCF00400,1,8,FF,FF,FF,F0,4C,FF,FF,FF
1328238,137398,0xCFF6600,1,8,9E,09,FF,FF,FF,FF,FF,FF
1328249,137399,0x18FEF100,1,8,3F,00,00,FF,FF,FF,FF,FF
1328250,137400,0x18F00500,1,8,FF,FF,FF,FF,20,2D,FF,FF
1328251,137401,0x18FEF200,1,8,1A,00,00,00,00,00,00,FF
1328258,137402,0xCF00400,1,8,FF,FF,FF,FA,4C,FF,FF,FF
1328258,137403,0xCFF6600,1,8,9F,09,FF,FF,FF,FF,FF,FF
1328278,137404,0xCF00400,1,8,FF,FF,FF,1A,4C,FF,FF,FF
1328312,137405,0xCF00400,1,8,FF,FF,FF,82,4B,FF,FF,FF
1328312,137406,0xCFF6600,1,8,83,09,FF,FF,FF,FF,FF,FF
1328317,137407,0x18EEFF00,1,8,08,CF,60,06,00,00,00,00
1328318,137408,0xCF00400,1,8,FF,FF,FF,38,4B,FF,FF,FF
1328319,137409,0xCFF6600,1,8,67,09,FF,FF,FF,FF,FF,FF
1328320,137410,0xCFF6600,1,8,67,09,FF,FF,FF,FF,FF,FF
1328338,137411,0xCF00400,1,8,FF,FF,FF,84,4B,FF,FF,FF
1328339,137412,0xCFF6600,1,8,70,09,FF,FF,FF,FF,FF,FF
1328348,137413,0x18FEF100,1,8,3F,00,00,FF,FF,FF,FF,FF
1328349,137414,0x10FF6500,1,8,FC,FF,FF,FF,FF,FF,FF,FF
1328349,137415,0x18F00500,1,8,FF,FF,FF,FF,20,2D,FF,FF
1328350,137416,0x18FEF200,1,8,1A,00,00,00,00,00,00,FF
1328358,137417,0xCF00400,1,8,FF,FF,FF,84,4B,FF,FF,FF
1328358,137418,0xCFF6600,1,8,70,09,FF,FF,FF,FF,FF,FF
1328378,137419,0xCF00400,1,8,FF,FF,FF,44,4C,FF,FF,FF
1328378,137420,0xCFF6600,1,8,88,09,FF,FF,FF,FF,FF,FF
1328398,137421,0xCF00400,1,8,FF,FF,FF,E2,4C,FF,FF,FF
1328398,137422,0xCFF6600,1,8,9C,09,FF,FF,FF,FF,FF,FF
1328418,137423,0xCF00400,1,8,FF,FF,FF,6C,4D,FF,FF,FF
1328419,137424,0xCFF6600,1,8,AD,09,FF,FF,FF,FF,FF,FF
1328438,137425,0xCF00400,1,8,FF,FF,FF,A0,4D,FF,FF,FF
1328439,137426,0xCFF6600,1,8,B4,09,FF,FF,FF,FF,FF,FF
1328449,137427,0x18FEF100,1,8,3F,00,00,FF,FF,FF,FF,FF
1328450,137428,0x18F00500,1,8,FF,FF,FF,FF,20,2D,FF,FF
1328451,137429,0x18FEF200,1,8,1A,00,00,00,00,00,00,FF
1328458,137430,0xCF00400,1,8,FF,FF,FF,A0,4D,FF,FF,FF
1328458,137431,0xCFF6600,1,8,B4,09,FF,FF,FF,FF,FF,FF
1328478,137432,0xCF00400,1,8,FF,FF,FF,8E,4D,FF,FF,FF
1328478,137433,0xCFF6600,1,8,B1,09,FF,FF,FF,FF,FF,FF
1328498,137434,0xCF00400,1,8,FF,FF,FF,50,4D,FF,FF,FF
1328498,137435,0xCFF6600,1,8,AA,09,FF,FF,FF,FF,FF,FF
1328519,137436,0xCF00400,1,8,FF,FF,FF,E8,4C,FF,FF,FF
1328520,137437,0xCFF6600,1,8,9D,09,FF,FF,FF,FF,FF,FF
1328538,137438,0xCF00400,1,8,FF,FF,FF,DA,4C,FF,FF,FF
1328557,137439,0xCFF6600,1,8,9B,09,FF,FF,FF,FF,FF,FF
1328557,137440,0x18EEFF00,1,8,08,CF,60,06,00,00,00,00
1328580,137441,0xCF00400,1,8,FF,FF,FF,18,4D,FF,FF,FF
1328580,137442,0xCFF6600,1,8,A3,09,FF,FF,FF,FF,FF,FF
1328598,137443,0xCF00400,1,8,FF,FF,FF,6E,4D,FF,FF,FF
1328599,137444,0xCFF6600,1,8,AD,09,FF,FF,FF,FF,FF,FF
1328608,137445,0x18FDE500,1,8,0A,14,1E,28,32,3C,46,13
1328609,137446,0x18FEEE00,1,8,64,FF,FF,FF,FF,FF,FF,FF
1328618,137447,0xCF00400,1,8,FF,FF,FF,DE,4D,FF,FF,FF
1328619,137448,0xCFF6600,1,8,BB,09,FF,FF,FF,FF,FF,FF
1328627,137449,0x1CECFF00,1,8,20,0A,00,02,FF,CA,FE,00
1328638,137450,0xCF00400,1,8,FF,FF,FF,02,4E,FF,FF,FF
1328658,137451,0xCF00400,1,8,FF,FF,FF,E0,4D,FF,FF,FF
1328659,137452,0xCFF6600,1,8,C0,09,FF,FF,FF,FF,FF,FF
1328659,137453,0x10FF6500,1,8,FC,FF,FF,FF,FF,FF,FF,FF
1328660,137454,0x18F00500,1,8,FF,FF,FF,FF,20,2D,FF,FF
1328661,137455,0x18F00600,1,8,FF,FF,FF,FF,FF,FF,FF,FF
1328662,137456,0x18FEF100,1,8,3F,00,00,FF,FF,FF,FF,FF
1328662,137457,0x18FEF200,1,8,1C,00,00,00,00,00,00,FF
1328663,137458,0x1CFDDF00,1,8,FE,FF,FF,FF,FF,FF,FF,FF
1328663,137459,0x1CFF6A00,1,8,FC,FF,FF,FF,FF,FF,FF,FF
1328679,137460,0xCF00400,1,8,FF,FF,FF,6A,4D,FF,FF,FF
1328680,137461,0xCFF6600,1,8,AD,09,FF,FF,FF,FF,FF,FF
1328681,137462,0x1CEBFF00,1,8,01,40,FF,0F,F0,E5,01,02
1328699,137463,0xCF00400,1,8,FF,FF,FF,6A,4D,FF,FF,FF
1328700,137464,0xCFF6600,1,8,AD,09,FF,FF,FF,FF,FF,FF
1328718,137465,0xCF00400,1,8,FF,FF,FF,AA,4C,FF,FF,FF
1328719,137466,0xCFF6600,1,8,95,09,FF,FF,FF,FF,FF,FF
1328728,137467,0x1CEBFF00,1,8,02,F0,E3,01,FF,FF,FF,FF
1328738,137468,0xCF00400,1,8,FF,FF,FF,72,4C,FF,FF,FF
1328738,137469,0xCFF6600,1,8,8E,09,FF,FF,FF,FF,FF,FF
1328748,137470,0x18FEF100,1,8,3F,00,00,FF,FF,FF,FF,FF
1328750,137471,0x18F00500,1,8,FF,FF,FF,FF,20,2D,FF,FF
1328750,137472,0x18FEF200,1,8,1C,00,00,00,00,00,00,FF
1328758,137473,0xCF00400,1,8,FF,FF,FF,B2,4C,FF,FF,FF
1328759,137474,0xCFF6600,1,8,96,09,FF,FF,FF,FF,FF,FF
1328778,137475,0xCF00400,1,8,FF,FF,FF,0C,4D,FF,FF,FF
1328778,137476,0xCFF6600,1,8,A1,09,FF,FF,FF,FF,FF,FF
1328799,137477,0xCF00400,1,8,FF,FF,FF,0C,4D,FF,FF,FF
1328800,137478,0xCFF6600,1,8,A1,09,FF,FF,FF,FF,FF,FF
1328818,137479,0xCF00400,1,8,FF,FF,FF,72,4D,FF,FF,FF
1328818,137480,0xCFF6600,1,8,AE,09,FF,FF,FF,FF,FF,FF
1328838,137481,0xCF00400,1,8,FF,FF,FF,8E,4D,FF,FF,FF
1328838,137482,0xCFF6600,1,8,B1,09,FF,FF,FF,FF,FF,FF
1328868,137483,0x10FF6500,1,8,FC,FF,FF,FF,FF,FF,FF,FF
1328869,137484,0x18EEFF00,1,8,08,CF,60,06,00,00,00,00
1328870,137485,0x18F00500,1,8,FF,FF,FF,FF,20,2D,FF,FF
1328871,137486,0x18FEF100,1,8,3F,00,00,FF,FF,FF,FF,FF
1328871,137487,0x18FEF200,1,8,1C,00,00,00,00,00,00,FF
1328878,137488,0xCF00400,1,8,FF,FF,FF,96,4D,FF,FF,FF
1328878,137489,0xCFF6600,1,8,B2,09,FF,FF,FF,FF,FF,FF
1328898,137490,0xCF00400,1,8,FF,FF,FF,F8,4D,FF,FF,FF
1328898,137491,0xCFF6600,1,8,BF,09,FF,FF,FF,FF,FF,FF
1707381,137492,0x18EEFF00,1,8,08,CF,60,06,00,00,00,00
1707682,137493,0xCF00400,1,8,FF,FF,FF,00,00,FF,FF,FF
1707683,137494,0xCFF6600,1,8,00,00,FF,FF,FF,FF,FF,FF
1707702,137495,0xCF00400,1,8,FF,FF,FF,00,00,FF,FF,FF
1707703,137496,0xCFF6600,1,8,00,00,FF,FF,FF,FF,FF,FF
1707722,137497,0xCF00400,1,8,FF,FF,FF,00,00,FF,FF,FF
1707723,137498,0xCFF6600,1,8,00,00,FF,FF,FF,FF,FF,FF
1707742,137499,0xCF00400,1,8,FF,FF,FF,00,00,FF,FF,FF
1707743,137500,0xCFF6600,1,8,00,00,FF,FF,FF,FF,FF,FF
1707753,137501,0x18FEF100,1,8,3F,00,00,FF,FF,FF,FF,FF
1707753,137502,0x18F00500,1,8,FF,FF,FF,FF,20,2D,FF,FF
1707754,137503,0x18FEF200,1,8,00,00,00,FB,00,00,00,FF
1707762,137504,0xCF00400,1,8,FF,FF,FF,00,00,FF,FF,FF
1707763,137505,0xCFF6600,1,8,00,00,FF,FF,FF,FF,FF,FF
1707782,137506,0xCF00400,1,8,FF,FF,FF,00,00,FF,FF,FF
1707783,137507,0xCFF6600,1,8,00,00,FF,FF,FF,FF,FF,FF
1707802,137508,0xCF00400,1,8,FF,FF,FF,00,00,FF,FF,FF
1707803,137509,0xCFF6600,1,8,00,00,FF,FF,FF,FF,FF,FF
1707822,137510,0xCF00400,1,8,FF,FF,FF,00,00,FF,FF,FF
1707823,137511,0xCFF6600,1,8,00,00,FF,FF,FF,FF,FF,FF
1707842,137512,0xCF00400,1,8,FF,FF,FF,00,00,FF,FF,FF
1707843,137513,0xCFF6600,1,8,00,00,FF,FF,FF,FF,FF,FF
1707853,137514,0x18FEF100,1,8,3F,00,00,FF,FF,FF,FF,FF
1707853,137515,0x10FF6500,1,8,FC,FF,FF,FF,FF,FF,FF,FF
1707854,137516,0x18F00500,1,8,FF,FF,FF,FF,20,2D,FF,FF
1707854,137517,0x18FEF200,1,8,00,00,00,FB,00,00,00,FF
1707862,137518,0xCF00400,1,8,FF,FF,FF,00,00,FF,FF,FF
1707863,137519,0xCFF6600,1,8,00,00,FF,FF,FF,FF,FF,FF
1707882,137520,0xCF00400,1,8,FF,FF,FF,00,00,FF,FF,FF
1707883,137521,0xCFF6600,1,8,00,00,FF,FF,FF,FF,FF,FF
1707902,137522,0xCF00400,1,8,FF,FF,FF,00,00,FF,FF,FF
1707903,137523,0xCFF6600,1,8,00,00,FF,FF,FF,FF,FF,FF
1707922,137524,0xCF00400,1,8,FF,FF,FF,00,00,FF,FF,FF
1707923,137525,0xCFF6600,1,8,00,00,FF,FF,FF,FF,FF,FF
1707942,137526,0xCF00400,1,8,FF,FF,FF,00,00,FF,FF,FF
1707943,137527,0xCFF6600,1,8,00,00,FF,FF,FF,FF,FF,FF
1707953,137528,0x18FEF100,1,8,3F,00,00,FF,FF,FF,FF,FF
1707953,137529,0x18F00500,1,8,FF,FF,FF,FF,20,2D,FF,FF
1707954,137530,0x18FEF200,1,8,00,00,00,FB,00,00,00,FF
1707962,137531,0xCF00400,1,8,FF,FF,FF,00,00,FF,FF,FF
1707963,137532,0xCFF6600,1,8,00,00,FF,FF,FF,FF,FF,FF
1707982,137533,0xCF00400,1,8,FF,FF,FF,00,00,FF,FF,FF
1707983,137534,0xCFF6600,1,8,00,00,FF,FF,FF,FF,FF,FF
1708002,137535,0xCF00400,1,8,FF,FF,FF,00,00,FF,FF,FF
1708003,137536,0xCFF6600,1,8,00,00,FF,FF,FF,FF,FF,FF
1708022,137537,0xCF00400,1,8,FF,FF,FF,00,00,FF,FF,FF
1708023,137538,0xCFF6600,1,8,00,00,FF,FF,FF,FF,FF,FF
1708042,137539,0xCF00400,1,8,FF,FF,FF,00,00,FF,FF,FF
1708043,137540,0xCFF6600,1,8,00,00,FF,FF,FF,FF,FF,FF
1708053,137541,0x18FEF100,1,8,3F,00,00,FF,FF,FF,FF,FF
1708053,137542,0x10FF6500,1,8,FC,FF,FF,FF,FF,FF,FF,FF
1708054,137543,0x18F00500,1,8,FF,FF,FF,FF,20,2D,FF,FF
1708054,137544,0x18FEF200,1,8,00,00,00,FB,00,00,00,FF
1708062,137545,0xCF00400,1,8,FF,FF,FF,00,00,FF,FF,FF
1708063,137546,0xCFF6600,1,8,00,00,FF,FF,FF,FF,FF,FF
1708082,137547,0xCF00400,1,8,FF,FF,FF,00,00,FF,FF,FF
1708083,137548,0xCFF6600,1,8,00,00,FF,FF,FF,FF,FF,FF
1708102,137549,0xCF00400,1,8,FF,FF,FF,00,00,FF,FF,FF
1708103,137550,0xCFF6600,1,8,00,00,FF,FF,FF,FF,FF,FF
1708122,137551,0xCF00400,1,8,FF,FF,FF,00,00,FF,FF,FF
1708123,137552,0xCFF6600,1,8,00,00,FF,FF,FF,FF,FF,FF
1708142,137553,0xCF00400,1,8,FF,FF,FF,00,00,FF,FF,FF
1708143,137554,0xCFF6600,1,8,00,00,FF,FF,FF,FF,FF,FF
1708153,137555,0x18FEF100,1,8,3F,00,00,FF,FF,FF,FF,FF
1708153,137556,0x18F00500,1,8,FF,FF,FF,FF,20,2D,FF,FF
1708154,137557,0x18F00600,1,8,FF,FF,FF,FF,FF,FF,FF,FF
1708154,137558,0x18FEF200,1,8,00,00,00,FB,00,00,00,FF
1708155,137559,0x1CFDDF00,1,8,FE,FF,FF,FF,FF,FF,FF,FF
1708156,137560,0x1CFF6A00,1,8,FC,FF,FF,FF,FF,FF,FF,FF
1708162,137561,0xCF00400,1,8,FF,FF,FF,00,00,FF,FF,FF
1708163,137562,0xCFF6600,1,8,00,00,FF,FF,FF,FF,FF,FF
1708182,137563,0xCF00400,1,8,FF,FF,FF,00,00,FF,FF,FF
1708183,137564,0xCFF6600,1,8,00,00,FF,FF,FF,FF,FF,FF
1708202,137565,0xCF00400,1,8,FF,FF,FF,00,00,FF,FF,FF
1708203,137566,0xCFF6600,1,8,00,00,FF,FF,FF,FF,FF,FF
1708222,137567,0xCF00400,1,8,FF,FF,FF,00,00,FF,FF,FF
1708223,137568,0xCFF6600,1,8,00,00,FF,FF,FF,FF,FF,FF
1708242,137569,0xCF00400,1,8,FF,FF,FF,00,00,FF,FF,FF
1708243,137570,0xCFF6600,1,8,00,00,FF,FF,FF,FF,FF,FF
1708253,137571,0x18FEF100,1,8,3F,00,00,FF,FF,FF,FF,FF
1708253,137572,0x10FF6500,1,8,FC,FF,FF,FF,FF,FF,FF,FF
1708254,137573,0x18F00500,1,8,FF,FF,FF,FF,20,2D,FF,FF
1708254,137574,0x18FEF200,1,8,00,00,00,FB,00,00,00,FF
1708262,137575,0xCF00400,1,8,FF,FF,FF,00,00,FF,FF,FF
1708263,137576,0xCFF6600,1,8,00,00,FF,FF,FF,FF,FF,FF
1708282,137577,0xCF00400,1,8,FF,FF,FF,00,00,FF,FF,FF
1708283,137578,0xCFF6600,1,8,00,00,FF,FF,FF,FF,FF,FF
1708302,137579,0xCF00400,1,8,FF,FF,FF,00,00,FF,FF,FF
1708303,137580,0xCFF6600,1,8,00,00,FF,FF,FF,FF,FF,FF
1708312,137581,0x18FEEE00,1,8,63,FF,FF,FF,FF,FF,FF,FF
1708312,137582,0x18FDE500,1,8,0A,14,1E,28,32,3C,46,13
1708322,137583,0xCF00400,1,8,FF,FF,FF,00,00,FF,FF,FF
1708323,137584,0xCFF6600,1,8,00,00,FF,FF,FF,FF,FF,FF
1708332,137585,0x1CECFF00,1,8,20,0A,00,02,FF,CA,FE,00
1708342,137586,0xCF00400,1,8,FF,FF,FF,00,00,FF,FF,FF
1708343,137587,0xCFF6600,1,8,00,00,FF,FF,FF,FF,FF,FF
1708353,137588,0x18FEF100,1,8,3F,00,00,FF,FF,FF,FF,FF
1708353,137589,0x18F00500,1,8,FF,FF,FF,FF,20,2D,FF,FF
1708354,137590,0x18FEF200,1,8,00,00,00,FB,00,00,00,FF
1708362,137591,0xCF00400,1,8,FF,FF,FF,00,00,FF,FF,FF
1708363,137592,0xCFF6600,1,8,00,00,FF,FF,FF,FF,FF,FF
1708382,137593,0xCF00400,1,8,FF,FF,FF,00,00,FF,FF,FF
1708383,137594,0xCFF6600,1,8,00,00,FF,FF,FF,FF,FF,FF
1708383,137595,0x1CEBFF00,1,8,01,40,FF,0F,F0,E5,01,02
1708402,137596,0xCF00400,1,8,FF,FF,FF,00,00,FF,FF,FF
1708403,137597,0xCFF6600,1,8,00,00,FF,FF,FF,FF,FF,FF
1708422,137598,0xCF00400,1,8,FF,FF,FF,00,00,FF,FF,FF
1708423,137599,0xCFF6600,1,8,00,00,FF,FF,FF,FF,FF,FF
1708432,137600,0x1CEBFF00,1,8,02,F0,E3,01,FF,FF,FF,FF
1708442,137601,0xCF00400,1,8,FF,FF,FF,00,00,FF,FF,FF
1708443,137602,0xCFF6600,1,8,00,00,FF,FF,FF,FF,FF,FF
1708453,137603,0x18FEF100,1,8,3F,00,00,FF,FF,FF,FF,FF
1708453,137604,0x10FF6500,1,8,FC,FF,FF,FF,FF,FF,FF,FF
1708454,137605,0x18F00500,1,8,FF,FF,FF,FF,20,2D,FF,FF
1708454,137606,0x18FEF200,1,8,00,00,00,FB,00,00,00,FF
1708462,137607,0xCF00400,1,8,FF,FF,FF,00,00,FF,FF,FF
1708463,137608,0xCFF6600,1,8,00,00,FF,FF,FF,FF,FF,FF
1708482,137609,0xCF00400,1,8,FF,FF,FF,00,00,FF,FF,FF
1708483,137610,0xCFF6600,1,8,00,00,FF,FF,FF,FF,FF,FF
1708502,137611,0xCF00400,1,8,FF,FF,FF,00,00,FF,FF,FF
1708503,137612,0xCFF6600,1,8,00,00,FF,FF,FF,FF,FF,FF
1708522,137613,0xCF00400,1,8,FF,FF,FF,00,00,FF,FF,FF
1708523,137614,0xCFF6600,1,8,00,00,FF,FF,FF,FF,FF,FF
1708542,137615,0xCF00400,1,8,FF,FF,FF,00,00,FF,FF,FF
1708543,137616,0xCFF6600,1,8,00,00,FF,FF,FF,FF,FF,FF
1708553,137617,0x18FEF100,1,8,3F,00,00,FF,FF,FF,FF,FF
1708553,137618,0x18F00500,1,8,FF,FF,FF,FF,20,2D,FF,FF
1708554,137619,0x18FEF200,1,8,00,00,00,FB,00,00,00,FF
1708562,137620,0xCF00400,1,8,FF,FF,FF,00,00,FF,FF,FF
1708563,137621,0xCFF6600,1,8,00,00,FF,FF,FF,FF,FF,FF
1708582,137622,0xCF00400,1,8,FF,FF,FF,00,00,FF,FF,FF
1708583,137623,0xCFF6600,1,8,00,00,FF,FF,FF,FF,FF,FF
1708602,137624,0xCF00400,1,8,FF,FF,FF,00,00,FF,FF,FF
1708603,137625,0xCFF6600,1,8,00,00,FF,FF,FF,FF,FF,FF
1708622,137626,0xCF00400,1,8,FF,FF,FF,00,00,FF,FF,FF
1708623,137627,0xCFF6600,1,8,00,00,FF,FF,FF,FF,FF,FF
1708642,137628,0xCF00400,1,8,FF,FF,FF,00,00,FF,FF,FF
1708643,137629,0xCFF6600,1,8,00,00,FF,FF,FF,FF,FF,FF
1708653,137630,0x18FEF100,1,8,3F,00,00,FF,FF,FF,FF,FF
1708653,137631,0x10FF6500,1,8,FC,FF,FF,FF,FF,FF,FF,FF
1708654,137632,0x18F00500,1,8,FF,FF,FF,FF,20,2D,FF,FF
1708654,137633,0x18F00600,1,8,FF,FF,FF,FF,FF,FF,FF,FF
1708655,137634,0x18FEF200,1,8,00,00,00,FB,00,00,00,FF
1708656,137635,0x1CFDDF00,1,8,FE,FF,FF,FF,FF,FF,FF,FF
1708656,137636,0x1CFF6A00,1,8,FC,FF,FF,FF,FF,FF,FF,FF
1708662,137637,0xCF00400,1,8,FF,FF,FF,00,00,FF,FF,FF
1708663,137638,0xCFF6600,1,8,00,00,FF,FF,FF,FF,FF,FF
1708682,137639,0xCF00400,1,8,FF,FF,FF,00,00,FF,FF,FF
1708683,137640,0xCFF6600,1,8,00,00,FF,FF,FF,FF,FF,FF
1708702,137641,0xCF00400,1,8,FF,FF,FF,00,00,FF,FF,FF
1708703,137642,0xCFF6600,1,8,00,00,FF,FF,FF,FF,FF,FF
1708722,137643,0xCF00400,1,8,FF,FF,FF,00,00,FF,FF,FF
1708723,137644,0xCFF6600,1,8,00,00,FF,FF,FF,FF,FF,FF
1708742,137645,0xCF00400,1,8,FF,FF,FF,00,00,FF,FF,FF
1708743,137646,0xCFF6600,1,8,00,00,FF,FF,FF,FF,FF,FF
1708753,137647,0x18FEF100,1,8,3F,00,00,FF,FF,FF,FF,FF
1708753,137648,0x18F00500,1,8,FF,FF,FF,FF,20,2D,FF,FF
1708754,137649,0x18FEF200,1,8,00,00,00,FB,00,00,00,FF
1708762,137650,0xCF00400,1,8,FF,FF,FF,00,00,FF,FF,FF
1708763,137651,0xCFF6600,1,8,00,00,FF,FF,FF,FF,FF,FF
1708782,137652,0xCF00400,1,8,FF,FF,FF,00,00,FF,FF,FF
1708783,137653,0xCFF6600,1,8,00,00,FF,FF,FF,FF,FF,FF
1708802,137654,0xCF00400,1,8,FF,FF,FF,00,00,FF,FF,FF
1708803,137655,0xCFF6600,1,8,00,00,FF,FF,FF,FF,FF,FF
1708822,137656,0xCF00400,1,8,FF,FF,FF,00,00,FF,FF,FF
1708823,137657,0xCFF6600,1,8,00,00,FF,FF,FF,FF,FF,FF
1708842,137658,0xCF00400,1,8,FF,FF,FF,00,00,FF,FF,FF
1708843,137659,0xCFF6600,1,8,00,00,FF,FF,FF,FF,FF,FF
1708853,137660,0x18FEF100,1,8,3F,00,00,FF,FF,FF,FF,FF
1708853,137661,0x10FF6500,1,8,FC,FF,FF,FF,FF,FF,FF,FF
1708854,137662,0x18F00500,1,8,FF,FF,FF,FF,20,2D,FF,FF
1708854,137663,0x18FEF200,1,8,00,00,00,FB,00,00,00,FF
1708862,137664,0xCF00400,1,8,FF,FF,FF,00,00,FF,FF,FF
1708863,137665,0xCFF6600,1,8,00,00,FF,FF,FF,FF,FF,FF
1708882,137666,0xCF00400,1,8,FF,FF,FF,00,00,FF,FF,FF
1708883,137667,0xCFF6600,1,8,00,00,FF,FF,FF,FF,FF,FF
1708902,137668,0xCF00400,1,8,FF,FF,FF,00,00,FF,FF,FF
1708903,137669,0xCFF6600,1,8,00,00,FF,FF,FF,FF,FF,FF
1708922,137670,0xCF00400,1,8,FF,FF,FF,00,00,FF,FF,FF
1708923,137671,0xCFF6600,1,8,00,00,FF,FF,FF,FF,FF,FF
1708942,137672,0xCF00400,1,8,FF,FF,FF,00,00,FF,FF,FF
1708943,137673,0xCFF6600,1,8,00,00,FF,FF,FF,FF,FF,FF
1708953,137674,0x18FEF100,1,8,3F,00,00,FF,FF,FF,FF,FF
1708953,137675,0x18F00500,1,8,FF,FF,FF,FF,20,2D,FF,FF
1708954,137676,0x18FEF200,1,8,00,00,00,FB,00,00,00,FF
1708962,137677,0xCF00400,1,8,FF,FF,FF,00,00,FF,FF,FF
1708963,137678,0xCFF6600,1,8,00,00,FF,FF,FF,FF,FF,FF
1708982,137679,0xCF00400,1,8,FF,FF,FF,00,00,FF,FF,FF
1708983,137680,0xCFF6600,1,8,00,00,FF,FF,FF,FF,FF,FF
1709002,137681,0xCF00400,1,8,FF,FF,FF,00,00,FF,FF,FF
1709003,137682,0xCFF6600,1,8,00,00,FF,FF,FF,FF,FF,FF
1709022,137683,0xCF00400,1,8,FF,FF,FF,00,00,FF,FF,FF
1709023,137684,0xCFF6600,1,8,00,00,FF,FF,FF,FF,FF,FF
1709042,137685,0xCF00400,1,8,FF,FF,FF,00,00,FF,FF,FF
1709043,137686,0xCFF6600,1,8,00,00,FF,FF,FF,FF,FF,FF
1709053,137687,0x18FEF100,1,8,3F,00,00,FF,FF,FF,FF,FF
1709053,137688,0x10FF6500,1,8,FC,FF,FF,FF,FF,FF,FF,FF
1709054,137689,0x18F00500,1,8,FF,FF,FF,FF,20,2D,FF,FF
1709054,137690,0x18FEF200,1,8,00,00,00,FB,00,00,00,FF
1709062,137691,0xCF00400,1,8,FF,FF,FF,00,00,FF,FF,FF
1709063,137692,0xCFF6600,1,8,00,00,FF,FF,FF,FF,FF,FF
1709082,137693,0xCF00400,1,8,FF,FF,FF,00,00,FF,FF,FF
1709083,137694,0xCFF6600,1,8,00,00,FF,FF,FF,FF,FF,FF
1709102,137695,0xCF00400,1,8,FF,FF,FF,00,00,FF,FF,FF
1709103,137696,0xCFF6600,1,8,00,00,FF,FF,FF,FF,FF,FF
1709122,137697,0xCF00400,1,8,FF,FF,FF,00,00,FF,FF,FF
1709123,137698,0xCFF6600,1,8,00,00,FF,FF,FF,FF,FF,FF
1709142,137699,0xCF00400,1,8,FF,FF,FF,00,00,FF,FF,FF
1709143,137700,0xCFF6600,1,8,00,00,FF,FF,FF,FF,FF,FF
1709153,137701,0x18FEF100,1,8,3F,00,00,FF,FF,FF,FF,FF
1709153,137702,0x18F00500,1,8,FF,FF,FF,FF,20,2D,FF,FF
1709154,137703,0x18F00600,1,8,FF,FF,FF,FF,FF,FF,FF,FF
1709154,137704,0x18FEF200,1,8,00,00,00,FB,00,00,00,FF
1709155,137705,0x1CFDDF00,1,8,FE,FF,FF,FF,FF,FF,FF,FF
1709156,137706,0x1CFF6A00,1,8,FC,FF,FF,FF,FF,FF,FF,FF
1709162,137707,0xCF00400,1,8,FF,FF,FF,00,00,FF,FF,FF
1709163,137708,0xCFF6600,1,8,00,00,FF,FF,FF,FF,FF,FF
1709182,137709,0xCF00400,1,8,FF,FF,FF,00,00,FF,FF,FF
1709183,137710,0xCFF6600,1,8,00,00,FF,FF,FF,FF,FF,FF
1709202,137711,0xCF00400,1,8,FF,FF,FF,00,00,FF,FF,FF
1709203,137712,0xCFF6600,1,8,00,00,FF,FF,FF,FF,FF,FF
1709222,137713,0xCF00400,1,8,FF,FF,FF,00,00,FF,FF,FF
1709223,137714,0xCFF6600,1,8,00,00,FF,FF,FF,FF,FF,FF
1709242,137715,0xCF00400,1,8,FF,FF,FF,00,00,FF,FF,FF
1709243,137716,0xCFF6600,1,8,00,00,FF,FF,FF,FF,FF,FF
1709253,137717,0x18FEF100,1,8,3F,00,00,FF,FF,FF,FF,FF
1709253,137718,0x10FF6500,1,8,FC,FF,FF,FF,FF,FF,FF,FF
1709254,137719,0x18F00500,1,8,FF,FF,FF,FF,20,2D,FF,FF
1709254,137720,0x18FEF200,1,8,00,00,00,FB,00,00,00,FF
1709262,137721,0xCF00400,1,8,FF,FF,FF,00,00,FF,FF,FF
1709263,137722,0xCFF6600,1,8,00,00,FF,FF,FF,FF,FF,FF
1709282,137723,0xCF00400,1,8,FF,FF,FF,00,00,FF,FF,FF
1709283,137724,0xCFF6600,1,8,00,00,FF,FF,FF,FF,FF,FF
1709302,137725,0xCF00400,1,8,FF,FF,FF,00,00,FF,FF,FF
1709303,137726,0xCFF6600,1,8,00,00,FF,FF,FF,FF,FF,FF
1709312,137727,0x18FEEE00,1,8,63,FF,FF,FF,FF,FF,FF,FF
1709312,137728,0x18FDE500,1,8,0A,14,1E,28,32,3C,46,13
1709322,137729,0xCF00400,1,8,FF,FF,FF,00,00,FF,FF,FF
1709323,137730,0xCFF6600,1,8,00,00,FF,FF,FF,FF,FF,FF
1709332,137731,0x1CECFF00,1,8,20,0A,00,02,FF,CA,FE,00
1709342,137732,0xCF00400,1,8,FF,FF,FF,00,00,FF,FF,FF
1709343,137733,0xCFF6600,1,8,00,00,FF,FF,FF,FF,FF,FF
1709353,137734,0x18FEF100,1,8,3F,00,00,FF,FF,FF,FF,FF
1709353,137735,0x18F00500,1,8,FF,FF,FF,FF,20,2D,FF,FF
1709354,137736,0x18FEF200,1,8,00,00,00,FB,00,00,00,FF
1709362,137737,0xCF00400,1,8,FF,FF,FF,00,00,FF,FF,FF
1709363,137738,0xCFF6600,1,8,00,00,FF,FF,FF,FF,FF,FF
1709382,137739,0xCF00400,1,8,FF,FF,FF,00,00,FF,FF,FF
1709383,137740,0xCFF6600,1,8,00,00,FF,FF,FF,FF,FF,FF
1709383,137741,0x1CEBFF00,1,8,01,40,FF,0F,F0,E5,01,02
1709402,137742,0xCF00400,1,8,FF,FF,FF,00,00,FF,FF,FF
1709403,137743,0xCFF6600,1,8,00,00,FF,FF,FF,FF,FF,FF
1709422,137744,0xCF00400,1,8,FF,FF,FF,00,00,FF,FF,FF
1709423,137745,0xCFF6600,1,8,00,00,FF,FF,FF,FF,FF,FF
1709432,137746,0x1CEBFF00,1,8,02,F0,E3,01,FF,FF,FF,FF
1709442,137747,0xCF00400,1,8,FF,FF,FF,00,00,FF,FF,FF
1709443,137748,0xCFF6600,1,8,00,00,FF,FF,FF,FF,FF,FF
1709453,137749,0x18FEF100,1,8,3F,00,00,FF,FF,FF,FF,FF
1709453,137750,0x10FF6500,1,8,FC,FF,FF,FF,FF,FF,FF,FF
1709454,137751,0x18F00500,1,8,FF,FF,FF,FF,20,2D,FF,FF
1709454,137752,0x18FEF200,1,8,00,00,00,FB,00,00,00,FF
1709462,137753,0xCF00400,1,8,FF,FF,FF,00,00,FF,FF,FF
1709463,137754,0xCFF6600,1,8,00,00,FF,FF,FF,FF,FF,FF
1709482,137755,0xCF00400,1,8,FF,FF,FF,00,00,FF,FF,FF
1709483,137756,0xCFF6600,1,8,00,00,FF,FF,FF,FF,FF,FF
1709502,137757,0xCF00400,1,8,FF,FF,FF,00,00,FF,FF,FF
1709503,137758,0xCFF6600,1,8,00,00,FF,FF,FF,FF,FF,FF
1709522,137759,0xCF00400,1,8,FF,FF,FF,00,00,FF,FF,FF
1709523,137760,0xCFF6600,1,8,00,00,FF,FF,FF,FF,FF,FF
1709542,137761,0xCF00400,1,8,FF,FF,FF,00,00,FF,FF,FF
1709543,137762,0xCFF6600,1,8,00,00,FF,FF,FF,FF,FF,FF
1709553,137763,0x18FEF100,1,8,3F,00,00,FF,FF,FF,FF,FF
1709553,137764,0x18F00500,1,8,FF,FF,FF,FF,20,2D,FF,FF
1709554,137765,0x18FEF200,1,8,00,00,00,FB,00,00,00,FF
1709562,137766,0xCF00400,1,8,FF,FF,FF,00,00,FF,FF,FF
1709563,137767,0xCFF6600,1,8,00,00,FF,FF,FF,FF,FF,FF
1709582,137768,0xCF00400,1,8,FF,FF,FF,00,00,FF,FF,FF
1709583,137769,0xCFF6600,1,8,00,00,FF,FF,FF,FF,FF,FF
1709602,137770,0xCF00400,1,8,FF,FF,FF,00,00,FF,FF,FF
1709603,137771,0xCFF6600,1,8,00,00,FF,FF,FF,FF,FF,FF
1709622,137772,0xCF00400,1,8,FF,FF,FF,00,00,FF,FF,FF
1709623,137773,0xCFF6600,1,8,00,00,FF,FF,FF,FF,FF,FF
1709642,137774,0xCF00400,1,8,FF,FF,FF,00,00,FF,FF,FF
1709643,137775,0xCFF6600,1,8,00,00,FF,FF,FF,FF,FF,FF
1709653,137776,0x18FEF100,1,8,3F,00,00,FF,FF,FF,FF,FF
1709653,137777,0x10FF6500,1,8,FC,FF,FF,FF,FF,FF,FF,FF
1709654,137778,0x18F00500,1,8,FF,FF,FF,FF,20,2D,FF,FF
1709654,137779,0x18F00600,1,8,FF,FF,FF,FF,FF,FF,FF,FF
1709655,137780,0x18FEF200,1,8,00,00,00,FB,00,00,00,FF
1709656,137781,0x1CFDDF00,1,8,FE,FF,FF,FF,FF,FF,FF,FF
1709656,137782,0x1CFF6A00,1,8,FC,FF,FF,FF,FF,FF,FF,FF
1709662,137783,0xCF00400,1,8,FF,FF,FF,00,00,FF,FF,FF
1709663,137784,0xCFF6600,1,8,00,00,FF,FF,FF,FF,FF,FF
1709682,137785,0xCF00400,1,8,FF,FF,FF,00,00,FF,FF,FF
1709683,137786,0xCFF6600,1,8,00,00,FF,FF,FF,FF,FF,FF
1709702,137787,0xCF00400,1,8,FF,FF,FF,00,00,FF,FF,FF
1709703,137788,0xCFF6600,1,8,00,00,FF,FF,FF,FF,FF,FF
1709722,137789,0xCF00400,1,8,FF,FF,FF,00,00,FF,FF,FF
1709723,137790,0xCFF6600,1,8,00,00,FF,FF,FF,FF,FF,FF
1709742,137791,0xCF00400,1,8,FF,FF,FF,00,00,FF,FF,FF
1709743,137792,0xCFF6600,1,8,00,00,FF,FF,FF,FF,FF,FF
1709753,137793,0x18FEF100,1,8,3F,00,00,FF,FF,FF,FF,FF
1709753,137794,0x18F00500,1,8,FF,FF,FF,FF,20,2D,FF,FF
1709754,137795,0x18FEF200,1,8,00,00,00,FB,00,00,00,FF
1709762,137796,0xCF00400,1,8,FF,FF,FF,00,00,FF,FF,FF
1709763,137797,0xCFF6600,1,8,00,00,FF,FF,FF,FF,FF,FF
1709782,137798,0xCF00400,1,8,FF,FF,FF,00,00,FF,FF,FF
1709783,137799,0xCFF6600,1,8,00,00,FF,FF,FF,FF,FF,FF
1709802,137800,0xCF00400,1,8,FF,FF,FF,00,00,FF,FF,FF
1709803,137801,0xCFF6600,1,8,00,00,FF,FF,FF,FF,FF,FF
1709822,137802,0xCF00400,1,8,FF,FF,FF,00,00,FF,FF,FF
1709823,137803,0xCFF6600,1,8,00,00,FF,FF,FF,FF,FF,FF
1709842,137804,0xCF00400,1,8,FF,FF,FF,00,00,FF,FF,FF
1709843,137805,0xCFF6600,1,8,00,00,FF,FF,FF,FF,FF,FF
1709853,137806,0x18FEF100,1,8,3F,00,00,FF,FF,FF,FF,FF
1709853,137807,0x10FF6500,1,8,FC,FF,FF,FF,FF,FF,FF,FF
1709854,137808,0x18F00500,1,8,FF,FF,FF,FF,20,2D,FF,FF
1709854,137809,0x18FEF200,1,8,00,00,00,FB,00,00,00,FF
1709862,137810,0xCF00400,1,8,FF,FF,FF,00,00,FF,FF,FF
1709863,137811,0xCFF6600,1,8,00,00,FF,FF,FF,FF,FF,FF
1709882,137812,0xCF00400,1,8,FF,FF,FF,00,00,FF,FF,FF
1709883,137813,0xCFF6600,1,8,00,00,FF,FF,FF,FF,FF,FF
1709902,137814,0xCF00400,1,8,FF,FF,FF,00,00,FF,FF,FF
1709903,137815,0xCFF6600,1,8,00,00,FF,FF,FF,FF,FF,FF
1709922,137816,0xCF00400,1,8,FF,FF,FF,00,00,FF,FF,FF
1709923,137817,0xCFF6600,1,8,00,00,FF,FF,FF,FF,FF,FF
1709942,137818,0xCF00400,1,8,FF,FF,FF,00,00,FF,FF,FF
1709943,137819,0xCFF6600,1,8,00,00,FF,FF,FF,FF,FF,FF
1709953,137820,0x18FEF100,1,8,3F,00,00,FF,FF,FF,FF,FF
1709953,137821,0x18F00500,1,8,FF,FF,FF,FF,20,2D,FF,FF
1709954,137822,0x18FEF200,1,8,00,00,00,FB,00,00,00,FF
1709962,137823,0xCF00400,1,8,FF,FF,FF,00,00,FF,FF,FF
1709963,137824,0xCFF6600,1,8,00,00,FF,FF,FF,FF,FF,FF
1709982,137825,0xCF00400,1,8,FF,FF,FF,00,00,FF,FF,FF
1709983,137826,0xCFF6600,1,8,00,00,FF,FF,FF,FF,FF,FF
1710002,137827,0xCF00400,1,8,FF,FF,FF,00,00,FF,FF,FF
1710003,137828,0xCFF6600,1,8,00,00,FF,FF,FF,FF,FF,FF
1710022,137829,0xCF00400,1,8,FF,FF,FF,00,00,FF,FF,FF
1710023,137830,0xCFF6600,1,8,00,00,FF,FF,FF,FF,FF,FF
1710042,137831,0xCF00400,1,8,FF,FF,FF,00,00,FF,FF,FF
1710043,137832,0xCFF6600,1,8,00,00,FF,FF,FF,FF,FF,FF
1710053,137833,0x18FEF100,1,8,3F,00,00,FF,FF,FF,FF,FF
1710053,137834,0x10FF6500,1,8,FC,FF,FF,FF,FF,FF,FF,FF
1710054,137835,0x18F00500,1,8,FF,FF,FF,FF,20,2D,FF,FF
1710054,137836,0x18FEF200,1,8,00,00,00,FB,00,00,00,FF
1710062,137837,0xCF00400,1,8,FF,FF,FF,00,00,FF,FF,FF
1710063,137838,0xCFF6600,1,8,00,00,FF,FF,FF,FF,FF,FF
1710082,137839,0xCF00400,1,8,FF,FF,FF,00,00,FF,FF,FF
1710083,137840,0xCFF6600,1,8,00,00,FF,FF,FF,FF,FF,FF
1710102,137841,0xCF00400,1,8,FF,FF,FF,00,00,FF,FF,FF
1710103,137842,0xCFF6600,1,8,00,00,FF,FF,FF,FF,FF,FF
1710122,137843,0xCF00400,1,8,FF,FF,FF,00,00,FF,FF,FF
1710123,137844,0xCFF6600,1,8,00,00,FF,FF,FF,FF,FF,FF
1710142,137845,0xCF00400,1,8,FF,FF,FF,00,00,FF,FF,FF
1710143,137846,0xCFF6600,1,8,00,00,FF,FF,FF,FF,FF,FF
1710153,137847,0x18FEF100,1,8,3F,00,00,FF,FF,FF,FF,FF
1710153,137848,0x18F00500,1,8,FF,FF,FF,FF,20,2D,FF,FF
1710154,137849,0x18F00600,1,8,FF,FF,FF,FF,FF,FF,FF,FF
1710154,137850,0x18FEF200,1,8,00,00,00,FB,00,00,00,FF
1710155,137851,0x1CFDDF00,1,8,FE,FF,FF,FF,FF,FF,FF,FF
1710156,137852,0x1CFF6A00,1,8,FC,FF,FF,FF,FF,FF,FF,FF
1710162,137853,0xCF00400,1,8,FF,FF,FF,00,00,FF,FF,FF
1710163,137854,0xCFF6600,1,8,00,00,FF,FF,FF,FF,FF,FF
1710182,137855,0xCF00400,1,8,FF,FF,FF,00,00,FF,FF,FF
1710183,137856,0xCFF6600,1,8,00,00,FF,FF,FF,FF,FF,FF
1710202,137857,0xCF00400,1,8,FF,FF,FF,00,00,FF,FF,FF
1710203,137858,0xCFF6600,1,8,00,00,FF,FF,FF,FF,FF,FF
1710222,137859,0xCF00400,1,8,FF,FF,FF,00,00,FF,FF,FF
1710223,137860,0xCFF6600,1,8,00,00,FF,FF,FF,FF,FF,FF
1710242,137861,0xCF00400,1,8,FF,FF,FF,00,00,FF,FF,FF
1710243,137862,0xCFF6600,1,8,00,00,FF,FF,FF,FF,FF,FF
1710253,137863,0x18FEF100,1,8,3F,00,00,FF,FF,FF,FF,FF
1710253,137864,0x10FF6500,1,8,FC,FF,FF,FF,FF,FF,FF,FF
1710254,137865,0x18F00500,1,8,FF,FF,FF,FF,20,2D,FF,FF
1710254,137866,0x18FEF200,1,8,00,00,00,FB,00,00,00,FF
1710262,137867,0xCF00400,1,8,FF,FF,FF,00,00,FF,FF,FF
1710263,137868,0xCFF6600,1,8,00,00,FF,FF,FF,FF,FF,FF
1710282,137869,0xCF00400,1,8,FF,FF,FF,00,00,FF,FF,FF
1710283,137870,0xCFF6600,1,8,00,00,FF,FF,FF,FF,FF,FF
1710302,137871,0xCF00400,1,8,FF,FF,FF,00,00,FF,FF,FF
1710303,137872,0xCFF6600,1,8,00,00,FF,FF,FF,FF,FF,FF
1710312,137873,0x18FEEE00,1,8,63,FF,FF,FF,FF,FF,FF,FF
1710312,137874,0x18FDE500,1,8,0A,14,1E,28,32,3C,46,13
1710322,137875,0xCF00400,1,8,FF,FF,FF,00,00,FF,FF,FF
1710323,137876,0xCFF6600,1,8,00,00,FF,FF,FF,FF,FF,FF
1710332,137877,0x1CECFF00,1,8,20,0A,00,02,FF,CA,FE,00
1710342,137878,0xCF00400,1,8,FF,FF,FF,00,00,FF,FF,FF
1710343,137879,0xCFF6600,1,8,00,00,FF,FF,FF,FF,FF,FF
1710353,137880,0x18FEF100,1,8,3F,00,00,FF,FF,FF,FF,FF
1710353,137881,0x18F00500,1,8,FF,FF,FF,FF,20,2D,FF,FF
1710354,137882,0x18FEF200,1,8,00,00,00,FB,00,00,00,FF
1710362,137883,0xCF00400,1,8,FF,FF,FF,00,00,FF,FF,FF
1710363,137884,0xCFF6600,1,8,00,00,FF,FF,FF,FF,FF,FF
1710382,137885,0xCF00400,1,8,FF,FF,FF,00,00,FF,FF,FF
1710383,137886,0xCFF6600,1,8,00,00,FF,FF,FF,FF,FF,FF
1710383,137887,0x1CEBFF00,1,8,01,40,FF,0F,F0,E5,01,02
1710402,137888,0xCF00400,1,8,FF,FF,FF,00,00,FF,FF,FF
1710403,137889,0xCFF6600,1,8,00,00,FF,FF,FF,FF,FF,FF
1710422,137890,0xCF00400,1,8,FF,FF,FF,00,00,FF,FF,FF
1710423,137891,0xCFF6600,1,8,00,00,FF,FF,FF,FF,FF,FF
1710432,137892,0x1CEBFF00,1,8,02,F0,E3,01,FF,FF,FF,FF
1710442,137893,0xCF00400,1,8,FF,FF,FF,00,00,FF,FF,FF
1710443,137894,0xCFF6600,1,8,00,00,FF,FF,FF,FF,FF,FF
1710453,137895,0x18FEF100,1,8,3F,00,00,FF,FF,FF,FF,FF
1710453,137896,0x10FF6500,1,8,FC,FF,FF,FF,FF,FF,FF,FF
1710454,137897,0x18F00500,1,8,FF,FF,FF,FF,20,2D,FF,FF
1710454,137898,0x18FEF200,1,8,00,00,00,FB,00,00,00,FF
1710462,137899,0xCF00400,1,8,FF,FF,FF,00,00,FF,FF,FF
1710463,137900,0xCFF6600,1,8,00,00,FF,FF,FF,FF,FF,FF
1710482,137901,0xCF00400,1,8,FF,FF,FF,00,00,FF,FF,FF
1710483,137902,0xCFF6600,1,8,00,00,FF,FF,FF,FF,FF,FF
1710502,137903,0xCF00400,1,8,FF,FF,FF,00,00,FF,FF,FF
1710503,137904,0xCFF6600,1,8,00,00,FF,FF,FF,FF,FF,FF
1710522,137905,0xCF00400,1,8,FF,FF,FF,00,00,FF,FF,FF
1710523,137906,0xCFF6600,1,8,00,00,FF,FF,FF,FF,FF,FF
1710542,137907,0xCF00400,1,8,FF,FF,FF,00,00,FF,FF,FF
1710543,137908,0xCFF6600,1,8,00,00,FF,FF,FF,FF,FF,FF
1710553,137909,0x18FEF100,1,8,3F,00,00,FF,FF,FF,FF,FF
1710553,137910,0x18F00500,1,8,FF,FF,FF,FF,20,2D,FF,FF
1710554,137911,0x18FEF200,1,8,00,00,00,FB,00,00,00,FF
1710562,137912,0xCF00400,1,8,FF,FF,FF,00,00,FF,FF,FF
1710563,137913,0xCFF6600,1,8,00,00,FF,FF,FF,FF,FF,FF
1710582,137914,0xCF00400,1,8,FF,FF,FF,00,00,FF,FF,FF
1710583,137915,0xCFF6600,1,8,00,00,FF,FF,FF,FF,FF,FF
1710602,137916,0xCF00400,1,8,FF,FF,FF,00,00,FF,FF,FF
1710603,137917,0xCFF6600,1,8,00,00,FF,FF,FF,FF,FF,FF
1710622,137918,0xCF00400,1,8,FF,FF,FF,00,00,FF,FF,FF
1710623,137919,0xCFF6600,1,8,00,00,FF,FF,FF,FF,FF,FF
1710642,137920,0xCF00400,1,8,FF,FF,FF,00,00,FF,FF,FF
1710643,137921,0xCFF6600,1,8,00,00,FF,FF,FF,FF,FF,FF
1710653,137922,0x18FEF100,1,8,3F,00,00,FF,FF,FF,FF,FF
1710653,137923,0x10FF6500,1,8,FC,FF,FF,FF,FF,FF,FF,FF
1710654,137924,0x18F00500,1,8,FF,FF,FF,FF,20,2D,FF,FF
1710654,137925,0x18F00600,1,8,FF,FF,FF,FF,FF,FF,FF,FF
1710655,137926,0x18FEF200,1,8,00,00,00,FB,00,00,00,FF
1710656,137927,0x1CFDDF00,1,8,FE,FF,FF,FF,FF,FF,FF,FF
1710656,137928,0x1CFF6A00,1,8,FC,FF,FF,FF,FF,FF,FF,FF
1710662,137929,0xCF00400,1,8,FF,FF,FF,00,00,FF,FF,FF
1710663,137930,0xCFF6600,1,8,00,00,FF,FF,FF,FF,FF,FF
1710682,137931,0xCF00400,1,8,FF,FF,FF,00,00,FF,FF,FF
1710683,137932,0xCFF6600,1,8,00,00,FF,FF,FF,FF,FF,FF
1710702,137933,0xCF00400,1,8,FF,FF,FF,00,00,FF,FF,FF
1710703,137934,0xCFF6600,1,8,00,00,FF,FF,FF,FF,FF,FF
1710722,137935,0xCF00400,1,8,FF,FF,FF,00,00,FF,FF,FF
1710723,137936,0xCFF6600,1,8,00,00,FF,FF,FF,FF,FF,FF
1710761,137937,0xCF00400,1,8,FF,FF,FF,00,00,FF,FF,FF
1710762,137938,0xCFF6600,1,8,00,00,FF,FF,FF,FF,FF,FF
1710763,137939,0xCF00400,1,8,FF,FF,FF,00,00,FF,FF,FF
1710763,137940,0x18F00500,1,8,FF,FF,FF,FF,20,2D,FF,FF
1710764,137941,0x18FEF100,1,8,3F,00,00,FF,FF,FF,FF,FF
1710765,137942,0x18FEF200,1,8,00,00,00,FB,00,00,00,FF
1710782,137943,0xCF00400,1,8,FF,FF,FF,00,00,FF,FF,FF
1710783,137944,0xCFF6600,1,8,00,00,FF,FF,FF,FF,FF,FF
1710802,137945,0xCF00400,1,8,FF,FF,FF,00,00,FF,FF,FF
1710803,137946,0xCFF6600,1,8,00,00,FF,FF,FF,FF,FF,FF
1710822,137947,0xCF00400,1,8,FF,FF,FF,00,00,FF,FF,FF
1710823,137948,0xCFF6600,1,8,00,00,FF,FF,FF,FF,FF,FF
1710842,137949,0xCF00400,1,8,FF,FF,FF,00,00,FF,FF,FF
1710843,137950,0xCFF6600,1,8,00,00,FF,FF,FF,FF,FF,FF
1710853,137951,0x18FEF100,1,8,3F,00,00,FF,FF,FF,FF,FF
1710853,137952,0x10FF6500,1,8,FC,FF,FF,FF,FF,FF,FF,FF
1710854,137953,0x18F00500,1,8,FF,FF,FF,FF,20,2D,FF,FF
1710854,137954,0x18FEF200,1,8,00,00,00,FB,00,00,00,FF
1710862,137955,0xCF00400,1,8,FF,FF,FF,00,00,FF,FF,FF
1710863,137956,0xCFF6600,1,8,00,00,FF,FF,FF,FF,FF,FF
1710882,137957,0xCF00400,1,8,FF,FF,FF,00,00,FF,FF,FF
1710883,137958,0xCFF6600,1,8,00,00,FF,FF,FF,FF,FF,FF
1710902,137959,0xCF00400,1,8,FF,FF,FF,00,00,FF,FF,FF
1710903,137960,0xCFF6600,1,8,00,00,FF,FF,FF,FF,FF,FF
1710922,137961,0xCF00400,1,8,FF,FF,FF,00,00,FF,FF,FF
1710923,137962,0xCFF6600,1,8,00,00,FF,FF,FF,FF,FF,FF
1710942,137963,0xCF00400,1,8,FF,FF,FF,00,00,FF,FF,FF
1710943,137964,0xCFF6600,1,8,00,00,FF,FF,FF,FF,FF,FF
1710953,137965,0x18FEF100,1,8,3F,00,00,FF,FF,FF,FF,FF
1710953,137966,0x18F00500,1,8,FF,FF,FF,FF,20,2D,FF,FF
1710954,137967,0x18FEF200,1,8,00,00,00,FB,00,00,00,FF
1710962,137968,0xCF00400,1,8,FF,FF,FF,00,00,FF,FF,FF
1710963,137969,0xCFF6600,1,8,00,00,FF,FF,FF,FF,FF,FF
1710982,137970,0xCF00400,1,8,FF,FF,FF,00,00,FF,FF,FF
1710983,137971,0xCFF6600,1,8,00,00,FF,FF,FF,FF,FF,FF
1711002,137972,0xCF00400,1,8,FF,FF,FF,00,00,FF,FF,FF
1711003,137973,0xCFF6600,1,8,00,00,FF,FF,FF,FF,FF,FF
1711022,137974,0xCF00400,1,8,FF,FF,FF,00,00,FF,FF,FF
1711023,137975,0xCFF6600,1,8,00,00,FF,FF,FF,FF,FF,FF
1711042,137976,0xCF00400,1,8,FF,FF,FF,00,00,FF,FF,FF
1711043,137977,0xCFF6600,1,8,00,00,FF,FF,FF,FF,FF,FF
1711053,137978,0x18FEF100,1,8,3F,00,00,FF,FF,FF,FF,FF
1711053,137979,0x10FF6500,1,8,FC,FF,FF,FF,FF,FF,FF,FF
1711054,137980,0x18F00500,1,8,FF,FF,FF,FF,20,2D,FF,FF
1711055,137981,0x18FEF200,1,8,00,00,00,FB,00,00,00,FF
1711062,137982,0xCF00400,1,8,FF,FF,FF,00,00,FF,FF,FF
1711063,137983,0xCFF6600,1,8,00,00,FF,FF,FF,FF,FF,FF
1711082,137984,0xCF00400,1,8,FF,FF,FF,00,00,FF,FF,FF
1711083,137985,0xCFF6600,1,8,00,00,FF,FF,FF,FF,FF,FF
1711102,137986,0xCF00400,1,8,FF,FF,FF,00,00,FF,FF,FF
1711103,137987,0xCFF6600,1,8,00,00,FF,FF,FF,FF,FF,FF
1711122,137988,0xCF00400,1,8,FF,FF,FF,00,00,FF,FF,FF
1711123,137989,0xCFF6600,1,8,00,00,FF,FF,FF,FF,FF,FF
1711142,137990,0xCF00400,1,8,FF,FF,FF,00,00,FF,FF,FF
1711143,137991,0xCFF6600,1,8,00,00,FF,FF,FF,FF,FF,FF
1711153,137992,0x18FEF100,1,8,3F,00,00,FF,FF,FF,FF,FF
1711153,137993,0x18F00500,1,8,FF,FF,FF,FF,20,2D,FF,FF
1711154,137994,0x18F00600,1,8,FF,FF,FF,FF,FF,FF,FF,FF
1711155,137995,0x18FEF200,1,8,00,00,00,FB,00,00,00,FF
1711155,137996,0x1CFDDF00,1,8,FE,FF,FF,FF,FF,FF,FF,FF
1711156,137997,0x1CFF6A00,1,8,FC,FF,FF,FF,FF,FF,FF,FF
1711162,137998,0xCF00400,1,8,FF,FF,FF,00,00,FF,FF,FF
1711163,137999,0xCFF6600,1,8,00,00,FF,FF,FF,FF,FF,FF
1711182,138000,0xCF00400,1,8,FF,FF,FF,00,00,FF,FF,FF
1711183,138001,0xCFF6600,1,8,00,00,FF,FF,FF,FF,FF,FF
1711202,138002,0xCF00400,1,8,FF,FF,FF,00,00,FF,FF,FF
1711203,138003,0xCFF6600,1,8,00,00,FF,FF,FF,FF,FF,FF
1711222,138004,0xCF00400,1,8,FF,FF,FF,00,00,FF,FF,FF
1711223,138005,0xCFF6600,1,8,00,00,FF,FF,FF,FF,FF,FF
1711242,138006,0xCF00400,1,8,FF,FF,FF,00,00,FF,FF,FF
1711243,138007,0xCFF6600,1,8,00,00,FF,FF,FF,FF,FF,FF
1711253,138008,0x18FEF100,1,8,3F,00,00,FF,FF,FF,FF,FF
1711253,138009,0x10FF6500,1,8,FC,FF,FF,FF,FF,FF,FF,FF
1711254,138010,0x18F00500,1,8,FF,FF,FF,FF,20,2D,FF,FF
1711255,138011,0x18FEF200,1,8,00,00,00,FB,00,00,00,FF
1711262,138012,0xCF00400,1,8,FF,FF,FF,00,00,FF,FF,FF
1711263,138013,0xCFF6600,1,8,00,00,FF,FF,FF,FF,FF,FF
1711282,138014,0xCF00400,1,8,FF,FF,FF,00,00,FF,FF,FF
1711283,138015,0xCFF6600,1,8,00,00,FF,FF,FF,FF,FF,FF
1711302,138016,0xCF00400,1,8,FF,FF,FF,00,00,FF,FF,FF
1711303,138017,0xCFF6600,1,8,00,00,FF,FF,FF,FF,FF,FF
1711312,138018,0x18FEEE00,1,8,63,FF,FF,FF,FF,FF,FF,FF
1711312,138019,0x18FDE500,1,8,0A,14,1E,28,32,3C,46,13
1711322,138020,0xCF00400,1,8,FF,FF,FF,00,00,FF,FF,FF
1711323,138021,0xCFF6600,1,8,00,00,FF,FF,FF,FF,FF,FF
1711332,138022,0x1CECFF00,1,8,20,0A,00,02,FF,CA,FE,00
1711342,138023,0xCF00400,1,8,FF,FF,FF,00,00,FF,FF,FF
1711343,138024,0xCFF6600,1,8,00,00,FF,FF,FF,FF,FF,FF
1711353,138025,0x18FEF100,1,8,3F,00,00,FF,FF,FF,FF,FF
1711353,138026,0x18F00500,1,8,FF,FF,FF,FF,20,2D,FF,FF
1711354,138027,0x18FEF200,1,8,00,00,00,FB,00,00,00,FF
1711362,138028,0xCF00400,1,8,FF,FF,FF,00,00,FF,FF,FF
1711363,138029,0xCFF6600,1,8,00,00,FF,FF,FF,FF,FF,FF
1711382,138030,0xCF00400,1,8,FF,FF,FF,00,00,FF,FF,FF
1711383,138031,0xCFF6600,1,8,00,00,FF,FF,FF,FF,FF,FF
1711383,138032,0x1CEBFF00,1,8,01,40,FF,0F,F0,E5,01,02
1711402,138033,0xCF00400,1,8,FF,FF,FF,00,00,FF,FF,FF
1711403,138034,0xCFF6600,1,8,00,00,FF,FF,FF,FF,FF,FF
1711422,138035,0xCF00400,1,8,FF,FF,FF,00,00,FF,FF,FF
1711423,138036,0xCFF6600,1,8,00,00,FF,FF,FF,FF,FF,FF
1711432,138037,0x1CEBFF00,1,8,02,F0,E3,01,FF,FF,FF,FF
1711442,138038,0xCF00400,1,8,FF,FF,FF,00,00,FF,FF,FF
1711443,138039,0xCFF6600,1,8,00,00,FF,FF,FF,FF,FF,FF
1711452,138040,0x18FEF100,1,8,3F,00,00,FF,FF,FF,FF,FF
1711453,138041,0x10FF6500,1,8,FC,FF,FF,FF,FF,FF,FF,FF
1711454,138042,0x18F00500,1,8,FF,FF,FF,FF,20,2D,FF,FF
1711454,138043,0x18FEF200,1,8,00,00,00,FB,00,00,00,FF
1711462,138044,0xCF00400,1,8,FF,FF,FF,00,00,FF,FF,FF
1711463,138045,0xCFF6600,1,8,00,00,FF,FF,FF,FF,FF,FF
1711482,138046,0xCF00400,1,8,FF,FF,FF,00,00,FF,FF,FF
1711483,138047,0xCFF6600,1,8,00,00,FF,FF,FF,FF,FF,FF
1711502,138048,0xCF00400,1,8,FF,FF,FF,00,00,FF,FF,FF
1711503,138049,0xCFF6600,1,8,00,00,FF,FF,FF,FF,FF,FF
1711522,138050,0xCF00400,1,8,FF,FF,FF,00,00,FF,FF,FF
1711523,138051,0xCFF6600,1,8,00,00,FF,FF,FF,FF,FF,FF
1712339,138052,0x18EEFF00,1,8,08,CF,60,06,00,00,00,00
1712640,138053,0xCF00400,1,8,FF,FF,FF,7A,07,FF,FF,FF
1712640,138054,0xCFF6600,1,8,EF,00,FF,FF,FF,FF,FF,FF
1712660,138055,0xCF00400,1,8,FF,FF,FF,7A,07,FF,FF,FF
1712660,138056,0xCFF6600,1,8,EF,00,FF,FF,FF,FF,FF,FF
1712680,138057,0xCF00400,1,8,FF,FF,FF,7A,07,FF,FF,FF
1712680,138058,0xCFF6600,1,8,EF,00,FF,FF,FF,FF,FF,FF
1712700,138059,0xCF00400,1,8,FF,FF,FF,CA,07,FF,FF,FF
1712700,138060,0xCFF6600,1,8,F9,00,FF,FF,FF,FF,FF,FF
1712710,138061,0x18FEF100,1,8,3F,00,00,FF,FF,FF,FF,FF
1712711,138062,0x18F00500,1,8,FF,FF,FF,FF,20,2D,FF,FF
1712712,138063,0x18FEF200,1,8,00,00,00,FB,00,00,00,FF
1712720,138064,0xCF00400,1,8,FF,FF,FF,CA,07,FF,FF,FF
1712720,138065,0xCFF6600,1,8,F9,00,FF,FF,FF,FF,FF,FF
1712740,138066,0xCF00400,1,8,FF,FF,FF,CA,07,FF,FF,FF
1712740,138067,0xCFF6600,1,8,F9,00,FF,FF,FF,FF,FF,FF
1712760,138068,0xCF00400,1,8,FF,FF,FF,CA,07,FF,FF,FF
1712760,138069,0xCFF6600,1,8,F9,00,FF,FF,FF,FF,FF,FF
1712779,138070,0xCF00400,1,8,FF,FF,FF,00,00,FF,FF,FF
1712780,138071,0xCFF6600,1,8,00,00,FF,FF,FF,FF,FF,FF
1712799,138072,0xCF00400,1,8,FF,FF,FF,00,00,FF,FF,FF
1712800,138073,0xCFF6600,1,8,00,00,FF,FF,FF,FF,FF,FF
1712810,138074,0x18FEF100,1,8,3F,00,00,FF,FF,FF,FF,FF
1712811,138075,0x10FF6500,1,8,FC,FF,FF,FF,FF,FF,FF,FF
1712811,138076,0x18F00500,1,8,FF,FF,FF,FF,20,2D,FF,FF
1712812,138077,0x18FEF200,1,8,00,00,00,FB,00,00,00,FF
1712819,138078,0xCF00400,1,8,FF,FF,FF,00,00,FF,FF,FF
1712820,138079,0xCFF6600,1,8,00,00,FF,FF,FF,FF,FF,FF
1712839,138080,0xCF00400,1,8,FF,FF,FF,00,00,FF,FF,FF
1712840,138081,0xCFF6600,1,8,00,00,FF,FF,FF,FF,FF,FF
1712859,138082,0xCF00400,1,8,FF,FF,FF,00,00,FF,FF,FF
1712860,138083,0xCFF6600,1,8,00,00,FF,FF,FF,FF,FF,FF
1712879,138084,0xCF00400,1,8,FF,FF,FF,00,00,FF,FF,FF
1712880,138085,0xCFF6600,1,8,00,00,FF,FF,FF,FF,FF,FF
1712900,138086,0xCF00400,1,8,FF,FF,FF,00,00,FF,FF,FF
1712900,138087,0xCFF6600,1,8,00,00,FF,FF,FF,FF,FF,FF
1712910,138088,0x18FEF100,1,8,3F,00,00,FF,FF,FF,FF,FF
1712911,138089,0x18F00500,1,8,FF,FF,FF,FF,20,2D,FF,FF
1712911,138090,0x18FEF200,1,8,00,00,00,FB,00,00,00,FF
1712919,138091,0xCF00400,1,8,FF,FF,FF,00,00,FF,FF,FF
1712920,138092,0xCFF6600,1,8,00,00,FF,FF,FF,FF,FF,FF
1712939,138093,0xCF00400,1,8,FF,FF,FF,00,00,FF,FF,FF
1712940,138094,0xCFF6600,1,8,00,00,FF,FF,FF,FF,FF,FF
1712959,138095,0xCF00400,1,8,FF,FF,FF,00,00,FF,FF,FF
1712960,138096,0xCFF6600,1,8,00,00,FF,FF,FF,FF,FF,FF
1712980,138097,0xCF00400,1,8,FF,FF,FF,00,00,FF,FF,FF
1712980,138098,0xCFF6600,1,8,00,00,FF,FF,FF,FF,FF,FF
1712999,138099,0xCF00400,1,8,FF,FF,FF,00,00,FF,FF,FF
1713000,138100,0xCFF6600,1,8,00,00,FF,FF,FF,FF,FF,FF
1713010,138101,0x18FEF100,1,8,3F,00,00,FF,FF,FF,FF,FF
1713011,138102,0x10FF6500,1,8,FC,FF,FF,FF,FF,FF,FF,FF
1713011,138103,0x18F00500,1,8,FF,FF,FF,FF,20,2D,FF,FF
1713012,138104,0x18FEF200,1,8,00,00,00,FB,00,00,00,FF
1713019,138105,0xCF00400,1,8,FF,FF,FF,00,00,FF,FF,FF
1713020,138106,0xCFF6600,1,8,00,00,FF,FF,FF,FF,FF,FF
1713039,138107,0xCF00400,1,8,FF,FF,FF,00,00,FF,FF,FF
1713040,138108,0xCFF6600,1,8,00,00,FF,FF,FF,FF,FF,FF
1713060,138109,0xCF00400,1,8,FF,FF,FF,00,00,FF,FF,FF
1713060,138110,0xCFF6600,1,8,00,00,FF,FF,FF,FF,FF,FF
1713079,138111,0xCF00400,1,8,FF,FF,FF,00,00,FF,FF,FF
1713080,138112,0xCFF6600,1,8,00,00,FF,FF,FF,FF,FF,FF
1713099,138113,0xCF00400,1,8,FF,FF,FF,00,00,FF,FF,FF
1713100,138114,0xCFF6600,1,8,00,00,FF,FF,FF,FF,FF,FF
1713110,138115,0x18FEF100,1,8,3F,00,00,FF,FF,FF,FF,FF
1713111,138116,0x18F00500,1,8,FF,FF,FF,FF,20,2D,FF,FF
1713111,138117,0x18F00600,1,8,FF,FF,FF,FF,FF,FF,FF,FF
1713112,138118,0x18FEF200,1,8,00,00,00,FB,00,00,00,FF
1713113,138119,0x1CFDDF00,1,8,FE,FF,FF,FF,FF,FF,FF,FF
1713113,138120,0x1CFF6A00,1,8,FC,FF,FF,FF,FF,FF,FF,FF
1713119,138121,0xCF00400,1,8,FF,FF,FF,00,00,FF,FF,FF
1713120,138122,0xCFF6600,1,8,00,00,FF,FF,FF,FF,FF,FF
1713140,138123,0xCF00400,1,8,FF,FF,FF,00,00,FF,FF,FF
1713140,138124,0xCFF6600,1,8,00,00,FF,FF,FF,FF,FF,FF
1713159,138125,0xCF00400,1,8,FF,FF,FF,00,00,FF,FF,FF
1713160,138126,0xCFF6600,1,8,00,00,FF,FF,FF,FF,FF,FF
1713179,138127,0xCF00400,1,8,FF,FF,FF,00,00,FF,FF,FF
1713180,138128,0xCFF6600,1,8,00,00,FF,FF,FF,FF,FF,FF
1713199,138129,0xCF00400,1,8,FF,FF,FF,00,00,FF,FF,FF
1713200,138130,0xCFF6600,1,8,00,00,FF,FF,FF,FF,FF,FF
1713210,138131,0x18FEF100,1,8,3F,00,00,FF,FF,FF,FF,FF
1713211,138132,0x10FF6500,1,8,FC,FF,FF,FF,FF,FF,FF,FF
1713211,138133,0x18F00500,1,8,FF,FF,FF,FF,20,2D,FF,FF
1713212,138134,0x18FEF200,1,8,00,00,00,FB,00,00,00,FF
1713220,138135,0xCF00400,1,8,FF,FF,FF,00,00,FF,FF,FF
1713220,138136,0xCFF6600,1,8,00,00,FF,FF,FF,FF,FF,FF
1713239,138137,0xCF00400,1,8,FF,FF,FF,00,00,FF,FF,FF
1713240,138138,0xCFF6600,1,8,00,00,FF,FF,FF,FF,FF,FF
1713259,138139,0xCF00400,1,8,FF,FF,FF,00,00,FF,FF,FF
1713260,138140,0xCFF6600,1,8,00,00,FF,FF,FF,FF,FF,FF
1713269,138141,0x18FEEE00,1,8,63,FF,FF,FF,FF,FF,FF,FF
1713270,138142,0x18FDE500,1,8,0A,14,1E,28,32,3C,46,13
1713279,138143,0xCF00400,1,8,FF,FF,FF,00,00,FF,FF,FF
1713280,138144,0xCFF6600,1,8,00,00,FF,FF,FF,FF,FF,FF
1713289,138145,0x1CECFF00,1,8,20,0A,00,02,FF,CA,FE,00
1713300,138146,0xCF00400,1,8,FF,FF,FF,00,00,FF,FF,FF
1713300,138147,0xCFF6600,1,8,00,00,FF,FF,FF,FF,FF,FF
1713310,138148,0x18FEF100,1,8,3F,00,00,FF,FF,FF,FF,FF
1713311,138149,0x18F00500,1,8,FF,FF,FF,FF,20,2D,FF,FF
1713311,138150,0x18FEF200,1,8,05,00,00,FB,00,00,00,FF
1713319,138151,0xCF00400,1,8,FF,FF,FF,00,00,FF,FF,FF
1713320,138152,0xCFF6600,1,8,00,00,FF,FF,FF,FF,FF,FF
1713339,138153,0xCF00400,1,8,FF,FF,FF,00,00,FF,FF,FF
1713340,138154,0xCFF6600,1,8,00,00,FF,FF,FF,FF,FF,FF
1713341,138155,0x1CEBFF00,1,8,01,40,FF,0F,F0,E5,01,02
1713359,138156,0xCF00400,1,8,FF,FF,FF,00,00,FF,FF,FF
1713360,138157,0xCFF6600,1,8,00,00,FF,FF,FF,FF,FF,FF
1713380,138158,0xCF00400,1,8,FF,FF,FF,00,00,FF,FF,FF
1713380,138159,0xCFF6600,1,8,00,00,FF,FF,FF,FF,FF,FF
1713389,138160,0x1CEBFF00,1,8,02,F0,E3,01,FF,FF,FF,FF
1713399,138161,0xCF00400,1,8,FF,FF,FF,00,00,FF,FF,FF
1713400,138162,0xCFF6600,1,8,00,00,FF,FF,FF,FF,FF,FF
1713410,138163,0x18FEF100,1,8,3F,00,00,FF,FF,FF,FF,FF
1713411,138164,0x10FF6500,1,8,FC,FF,FF,FF,FF,FF,FF,FF
1713411,138165,0x18F00500,1,8,FF,FF,FF,FF,20,2D,FF,FF
1713412,138166,0x18FEF200,1,8,05,00,00,FB,00,00,00,FF
1713419,138167,0xCF00400,1,8,FF,FF,FF,00,00,FF,FF,FF
1713420,138168,0xCFF6600,1,8,00,00,FF,FF,FF,FF,FF,FF
1713439,138169,0xCF00400,1,8,FF,FF,FF,00,00,FF,FF,FF
1713440,138170,0xCFF6600,1,8,00,00,FF,FF,FF,FF,FF,FF
1713460,138171,0xCF00400,1,8,FF,FF,FF,00,00,FF,FF,FF
1713460,138172,0xCFF6600,1,8,00,00,FF,FF,FF,FF,FF,FF
1713479,138173,0xCF00400,1,8,FF,FF,FF,00,00,FF,FF,FF
1713480,138174,0xCFF6600,1,8,00,00,FF,FF,FF,FF,FF,FF
1713499,138175,0xCF00400,1,8,FF,FF,FF,00,00,FF,FF,FF
1713500,138176,0xCFF6600,1,8,00,00,FF,FF,FF,FF,FF,FF
1713510,138177,0x18FEF100,1,8,3F,00,00,FF,FF,FF,FF,FF
1713511,138178,0x18F00500,1,8,FF,FF,FF,FF,20,2D,FF,FF
1713511,138179,0x18FEF200,1,8,05,00,00,FB,00,00,00,FF
1713519,138180,0xCF00400,1,8,FF,FF,FF,00,00,FF,FF,FF
1713520,138181,0xCFF6600,1,8,00,00,FF,FF,FF,FF,FF,FF
1713540,138182,0xCF00400,1,8,FF,FF,FF,00,00,FF,FF,FF
1713540,138183,0xCFF6600,1,8,00,00,FF,FF,FF,FF,FF,FF
1713559,138184,0xCF00400,1,8,FF,FF,FF,00,00,FF,FF,FF
1713560,138185,0xCFF6600,1,8,00,00,FF,FF,FF,FF,FF,FF
1713579,138186,0xCF00400,1,8,FF,FF,FF,00,00,FF,FF,FF
1713580,138187,0xCFF6600,1,8,00,00,FF,FF,FF,FF,FF,FF
1713599,138188,0xCF00400,1,8,FF,FF,FF,00,00,FF,FF,FF
1713600,138189,0xCFF6600,1,8,00,00,FF,FF,FF,FF,FF,FF
1713610,138190,0x18FEF100,1,8,3F,00,00,FF,FF,FF,FF,FF
1713611,138191,0x10FF6500,1,8,FC,FF,FF,FF,FF,FF,FF,FF
1713611,138192,0x18F00500,1,8,FF,FF,FF,FF,20,2D,FF,FF
1713612,138193,0x18F00600,1,8,FF,FF,FF,FF,FF,FF,FF,FF
1713612,138194,0x18FEF200,1,8,05,00,00,FB,00,00,00,FF
1713613,138195,0x1CFDDF00,1,8,FE,FF,FF,FF,FF,FF,FF,FF
1713614,138196,0x1CFF6A00,1,8,FC,FF,FF,FF,FF,FF,FF,FF
1713620,138197,0xCF00400,1,8,FF,FF,FF,00,00,FF,FF,FF
1713620,138198,0xCFF6600,1,8,00,00,FF,FF,FF,FF,FF,FF
1713639,138199,0xCF00400,1,8,FF,FF,FF,00,00,FF,FF,FF
1713640,138200,0xCFF6600,1,8,00,00,FF,FF,FF,FF,FF,FF
1713659,138201,0xCF00400,1,8,FF,FF,FF,00,00,FF,FF,FF
1713660,138202,0xCFF6600,1,8,00,00,FF,FF,FF,FF,FF,FF
1713679,138203,0xCF00400,1,8,FF,FF,FF,00,00,FF,FF,FF
1713680,138204,0xCFF6600,1,8,00,00,FF,FF,FF,FF,FF,FF
1713694,138205,0x18EA0017,1,3,DA,FE,00,--,--,--,--,--
1713700,138206,0xCF00400,1,8,FF,FF,FF,00,00,FF,FF,FF
1713700,138207,0xCFF6600,1,8,00,00,FF,FF,FF,FF,FF,FF
1713710,138208,0x18FEF100,1,8,3F,00,00,FF,FF,FF,FF,FF
1713711,138209,0x18F00500,1,8,FF,FF,FF,FF,20,2D,FF,FF
1713712,138210,0x18FEF200,1,8,05,00,00,FB,00,00,00,FF
1713712,138211,0x1CEC1700,1,8,10,73,00,11,11,DA,FE,00
1713714,138212,0x1CEC0017,1,8,11,11,01,FF,FF,DA,FE,00
1713720,138213,0xCF00400,1,8,FF,FF,FF,00,00,FF,FF,FF
1713720,138214,0xCFF6600,1,8,00,00,FF,FF,FF,FF,FF,FF
1713721,138215,0x1CEB1700,1,8,01,0A,2A,41,31,34,4D,48
1713725,138216,0x1CEB1700,1,8,02,35,37,41,20,20,2A,46
1713729,138217,0x1CEB1700,1,8,03,30,30,48,4D,30,30,31
1713733,138218,0x1CEB1700,1,8,04,35,30,2A,30,30,30,33
1713737,138219,0x1CEB1700,1,8,05,35,30,33,35,38,34,32
1713739,138220,0xCF00400,1,8,FF,FF,FF,00,00,FF,FF,FF
1713740,138221,0xCFF6600,1,8,00,00,FF,FF,FF,FF,FF,FF
1713741,138222,0x1CEB1700,1,8,06,33,2A,34,58,41,4D,48
1713745,138223,0x1CEB1700,1,8,07,35,37,41,34,45,41,31
1713749,138224,0x1CEB1700,1,8,08,32,39,35,35,32,2A,20
1713753,138225,0x1CEB1700,1,8,09,20,20,34,30,31,32,38
1713757,138226,0x1CEB1700,1,8,0A,33,38,2A,34,30,31,35
1713760,138227,0xCF00400,1,8,FF,FF,FF,00,00,FF,FF,FF
1713760,138228,0xCFF6600,1,8,00,00,FF,FF,FF,FF,FF,FF
1713761,138229,0x1CEB1700,1,8,0B,31,34,35,00,2A,56,4D
1713765,138230,0x1CEB1700,1,8,0C,41,33,41,30,41,35,47
1713769,138231,0x1CEB1700,1,8,0D,30,2A,31,30,33,37,35
1713773,138232,0x1CEB1700,1,8,0E,34,35,34,39,30,2A,34
1713777,138233,0x1CEB1700,1,8,0F,30,31,35,31,34,36,00
1713780,138234,0xCF00400,1,8,FF,FF,FF,00,00,FF,FF,FF
1713780,138235,0xCFF6600,1,8,00,00,FF,FF,FF,FF,FF,FF
1713781,138236,0x1CEB1700,1,8,10,2A,39,44,46,42,37,31
1713785,138237,0x1CEB1700,1,8,11,44,42,2A,FF,FF,FF,FF
1713794,138238,0x1CEC0017,1,8,13,77,00,11,FF,DA,FE,00
1713800,138239,0xCF00400,1,8,FF,FF,FF,00,00,FF,FF,FF
1713800,138240,0xCFF6600,1,8,00,00,FF,FF,FF,FF,FF,FF
1713801,138241,0x1CEC1700,1,8,FF,FE,FF,FF,FF,DA,FE,00
1713810,138242,0x18FEF100,1,8,3F,00,00,FF,FF,FF,FF,FF
1713811,138243,0x10FF6500,1,8,FC,FF,FF,FF,FF,FF,FF,FF
1713811,138244,0x18F00500,1,8,FF,FF,FF,FF,20,2D,FF,FF
1713812,138245,0x18FEF200,1,8,05,00,00,FB,00,00,00,FF
1713819,138246,0xCF00400,1,8,FF,FF,FF,00,00,FF,FF,FF
1713820,138247,0xCFF6600,1,8,00,00,FF,FF,FF,FF,FF,FF
1713839,138248,0xCF00400,1,8,FF,FF,FF,00,00,FF,FF,FF
1713840,138249,0xCFF6600,1,8,00,00,FF,FF,FF,FF,FF,FF
1713860,138250,0xCF00400,1,8,FF,FF,FF,00,00,FF,FF,FF
1713860,138251,0xCFF6600,1,8,00,00,FF,FF,FF,FF,FF,FF
1713879,138252,0xCF00400,1,8,FF,FF,FF,00,00,FF,FF,FF
1713880,138253,0xCFF6600,1,8,00,00,FF,FF,FF,FF,FF,FF
1713899,138254,0xCF00400,1,8,FF,FF,FF,00,00,FF,FF,FF
1713900,138255,0xCFF6600,1,8,00,00,FF,FF,FF,FF,FF,FF
1713910,138256,0x18FEF100,1,8,3F,00,00,FF,FF,FF,FF,FF
1713911,138257,0x18F00500,1,8,FF,FF,FF,FF,20,2D,FF,FF
1713911,138258,0x18FEF200,1,8,05,00,00,FB,00,00,00,FF
1713919,138259,0xCF00400,1,8,FF,FF,FF,00,00,FF,FF,FF
1713920,138260,0xCFF6600,1,8,00,00,FF,FF,FF,FF,FF,FF
1713940,138261,0xCF00400,1,8,FF,FF,FF,00,00,FF,FF,FF
1713940,138262,0xCFF6600,1,8,00,00,FF,FF,FF,FF,FF,FF
1713959,138263,0xCF00400,1,8,FF,FF,FF,00,00,FF,FF,FF
1713960,138264,0xCFF6600,1,8,00,00,FF,FF,FF,FF,FF,FF
1713979,138265,0xCF00400,1,8,FF,FF,FF,00,00,FF,FF,FF
1713980,138266,0xCFF6600,1,8,00,00,FF,FF,FF,FF,FF,FF
1713999,138267,0xCF00400,1,8,FF,FF,FF,00,00,FF,FF,FF
1714000,138268,0xCFF6600,1,8,00,00,FF,FF,FF,FF,FF,FF
1714010,138269,0x18FEF100,1,8,3F,00,00,FF,FF,FF,FF,FF
1714011,138270,0x10FF6500,1,8,FC,FF,FF,FF,FF,FF,FF,FF
1714011,138271,0x18F00500,1,8,FF,FF,FF,FF,20,2D,FF,FF
1714012,138272,0x18FEF200,1,8,05,00,00,FB,00,00,00,FF
1714019,138273,0xCF00400,1,8,FF,FF,FF,00,00,FF,FF,FF
1714020,138274,0xCFF6600,1,8,00,00,FF,FF,FF,FF,FF,FF
1714039,138275,0xCF00400,1,8,FF,FF,FF,00,00,FF,FF,FF
1714040,138276,0xCFF6600,1,8,00,00,FF,FF,FF,FF,FF,FF
1714059,138277,0xCF00400,1,8,FF,FF,FF,00,00,FF,FF,FF
1714060,138278,0xCFF6600,1,8,00,00,FF,FF,FF,FF,FF,FF
1714079,138279,0xCF00400,1,8,FF,FF,FF,00,00,FF,FF,FF
1714080,138280,0xCFF6600,1,8,00,00,FF,FF,FF,FF,FF,FF
1714099,138281,0xCF00400,1,8,FF,FF,FF,00,00,FF,FF,FF
1714100,138282,0xCFF6600,1,8,00,00,FF,FF,FF,FF,FF,FF
1714110,138283,0x18FEF100,1,8,3F,00,00,FF,FF,FF,FF,FF
1714111,138284,0x18F00500,1,8,FF,FF,FF,FF,20,2D,FF,FF
1714111,138285,0x18F00600,1,8,FF,FF,FF,FF,FF,FF,FF,FF
1714112,138286,0x18FEF200,1,8,05,00,00,FB,00,00,00,FF
1714113,138287,0x1CFDDF00,1,8,FE,FF,FF,FF,FF,FF,FF,FF
1714113,138288,0x1CFF6A00,1,8,FC,FF,FF,FF,FF,FF,FF,FF
1714119,138289,0xCF00400,1,8,FF,FF,FF,00,00,FF,FF,FF
1714120,138290,0xCFF6600,1,8,00,00,FF,FF,FF,FF,FF,FF
1714139,138291,0xCF00400,1,8,FF,FF,FF,00,00,FF,FF,FF
1714140,138292,0xCFF6600,1,8,00,00,FF,FF,FF,FF,FF,FF
1714159,138293,0xCF00400,1,8,FF,FF,FF,00,00,FF,FF,FF
1714160,138294,0xCFF6600,1,8,00,00,FF,FF,FF,FF,FF,FF
1714179,138295,0xCF00400,1,8,FF,FF,FF,00,00,FF,FF,FF
1714180,138296,0xCFF6600,1,8,00,00,FF,FF,FF,FF,FF,FF
1714194,138297,0x18EA0017,1,3,6B,FF,00,--,--,--,--,--
1714199,138298,0xCF00400,1,8,FF,FF,FF,00,00,FF,FF,FF
1714200,138299,0xCFF6600,1,8,00,00,FF,FF,FF,FF,FF,FF
1714210,138300,0x18FEF100,1,8,3F,00,00,FF,FF,FF,FF,FF
1714211,138301,0x10FF6500,1,8,FC,FF,FF,FF,FF,FF,FF,FF
1714211,138302,0x18F00500,1,8,FF,FF,FF,FF,20,2D,FF,FF
1714212,138303,0x18FEF200,1,8,05,00,00,FB,00,00,00,FF
1714219,138304,0x18E81700,1,8,01,FF,FF,FF,FF,6B,FF,00
1714219,138305,0xCF00400,1,8,FF,FF,FF,00,00,FF,FF,FF
1714220,138306,0xCFF6600,1,8,00,00,FF,FF,FF,FF,FF,FF
1714239,138307,0xCF00400,1,8,FF,FF,FF,00,00,FF,FF,FF
1714240,138308,0xCFF6600,1,8,00,00,FF,FF,FF,FF,FF,FF
1714259,138309,0xCF00400,1,8,FF,FF,FF,00,00,FF,FF,FF
1714260,138310,0xCFF6600,1,8,00,00,FF,FF,FF,FF,FF,FF
1714269,138311,0x18FEEE00,1,8,63,FF,FF,FF,FF,FF,FF,FF
1714270,138312,0x18FDE500,1,8,0A,14,1E,28,32,3C,46,13
1714279,138313,0xCF00400,1,8,FF,FF,FF,00,00,FF,FF,FF
1714280,138314,0xCFF6600,1,8,00,00,FF,FF,FF,FF,FF,FF
1714289,138315,0x1CECFF00,1,8,20,0A,00,02,FF,CA,FE,00
1714299,138316,0xCF00400,1,8,FF,FF,FF,00,00,FF,FF,FF
1714300,138317,0xCFF6600,1,8,00,00,FF,FF,FF,FF,FF,FF
1714310,138318,0x18FEF100,1,8,3F,00,00,FF,FF,FF,FF,FF
1714311,138319,0x18F00500,1,8,FF,FF,FF,FF,20,2D,FF,FF
1714311,138320,0x18FEF200,1,8,00,00,00,FB,00,00,00,FF
1714319,138321,0xCF00400,1,8,FF,FF,FF,00,00,FF,FF,FF
1714320,138322,0xCFF6600,1,8,00,00,FF,FF,FF,FF,FF,FF
1714339,138323,0xCF00400,1,8,FF,FF,FF,00,00,FF,FF,FF
1714340,138324,0xCFF6600,1,8,00,00,FF,FF,FF,FF,FF,FF
1714341,138325,0x1CEBFF00,1,8,01,40,FF,0F,F0,E5,01,02
1714359,138326,0xCF00400,1,8,FF,FF,FF,00,00,FF,FF,FF
1714360,138327,0xCFF6600,1,8,00,00,FF,FF,FF,FF,FF,FF
1714379,138328,0xCF00400,1,8,FF,FF,FF,00,00,FF,FF,FF
1714380,138329,0xCFF6600,1,8,00,00,FF,FF,FF,FF,FF,FF
1714389,138330,0x1CEBFF00,1,8,02,F0,E3,01,FF,FF,FF,FF
1714399,138331,0xCF00400,1,8,FF,FF,FF,00,00,FF,FF,FF
1714400,138332,0xCFF6600,1,8,00,00,FF,FF,FF,FF,FF,FF
1714410,138333,0x18FEF100,1,8,3F,00,00,FF,FF,FF,FF,FF
1714411,138334,0x10FF6500,1,8,FC,FF,FF,FF,FF,FF,FF,FF
1714411,138335,0x18F00500,1,8,FF,FF,FF,FF,20,2D,FF,FF
1714412,138336,0x18FEF200,1,8,00,00,00,FB,00,00,00,FF
1714419,138337,0xCF00400,1,8,FF,FF,FF,00,00,FF,FF,FF
1714420,138338,0xCFF6600,1,8,00,00,FF,FF,FF,FF,FF,FF
1714439,138339,0xCF00400,1,8,FF,FF,FF,00,00,FF,FF,FF
1714440,138340,0xCFF6600,1,8,00,00,FF,FF,FF,FF,FF,FF
1714459,138341,0xCF00400,1,8,FF,FF,FF,00,00,FF,FF,FF
1714460,138342,0xCFF6600,1,8,00,00,FF,FF,FF,FF,FF,FF
1714479,138343,0xCF00400,1,8,FF,FF,FF,00,00,FF,FF,FF
1714480,138344,0xCFF6600,1,8,00,00,FF,FF,FF,FF,FF,FF
1714499,138345,0xCF00400,1,8,FF,FF,FF,00,00,FF,FF,FF
1714500,138346,0xCFF6600,1,8,00,00,FF,FF,FF,FF,FF,FF
1714510,138347,0x18FEF100,1,8,3F,00,00,FF,FF,FF,FF,FF
1714511,138348,0x18F00500,1,8,FF,FF,FF,FF,20,2D,FF,FF
1714511,138349,0x18FEF200,1,8,00,00,00,FB,00,00,00,FF
1714519,138350,0xCF00400,1,8,FF,FF,FF,00,00,FF,FF,FF
1714520,138351,0xCFF6600,1,8,00,00,FF,FF,FF,FF,FF,FF
1714539,138352,0xCF00400,1,8,FF,FF,FF,00,00,FF,FF,FF
1714540,138353,0xCFF6600,1,8,00,00,FF,FF,FF,FF,FF,FF
1714559,138354,0xCF00400,1,8,FF,FF,FF,00,00,FF,FF,FF
1714560,138355,0xCFF6600,1,8,00,00,FF,FF,FF,FF,FF,FF
1714579,138356,0xCF00400,1,8,FF,FF,FF,00,00,FF,FF,FF
1714580,138357,0xCFF6600,1,8,00,00,FF,FF,FF,FF,FF,FF
1714599,138358,0xCF00400,1,8,FF,FF,FF,00,00,FF,FF,FF
1714600,138359,0xCFF6600,1,8,00,00,FF,FF,FF,FF,FF,FF
1714610,138360,0x18FEF100,1,8,3F,00,00,FF,FF,FF,FF,FF
1714611,138361,0x10FF6500,1,8,FC,FF,FF,FF,FF,FF,FF,FF
1714611,138362,0x18F00500,1,8,FF,FF,FF,FF,20,2D,FF,FF
1714612,138363,0x18F00600,1,8,FF,FF,FF,FF,FF,FF,FF,FF
1714613,138364,0x18FEF200,1,8,00,00,00,FB,00,00,00,FF
1714613,138365,0x1CFDDF00,1,8,FE,FF,FF,FF,FF,FF,FF,FF
1714614,138366,0x1CFF6A00,1,8,FC,FF,FF,FF,FF,FF,FF,FF
1714619,138367,0xCF00400,1,8,FF,FF,FF,00,00,FF,FF,FF
1714620,138368,0xCFF6600,1,8,00,00,FF,FF,FF,FF,FF,FF
1714639,138369,0xCF00400,1,8,FF,FF,FF,00,00,FF,FF,FF
1714640,138370,0xCFF6600,1,8,00,00,FF,FF,FF,FF,FF,FF
1714659,138371,0xCF00400,1,8,FF,FF,FF,00,00,FF,FF,FF
1714660,138372,0xCFF6600,1,8,00,00,FF,FF,FF,FF,FF,FF
1714679,138373,0xCF00400,1,8,FF,FF,FF,00,00,FF,FF,FF
1714680,138374,0xCFF6600,1,8,00,00,FF,FF,FF,FF,FF,FF
1714694,138375,0x18EA0017,1,3,6B,FF,00,--,--,--,--,--
1714699,138376,0xCF00400,1,8,FF,FF,FF,00,00,FF,FF,FF
1714700,138377,0xCFF6600,1,8,00,00,FF,FF,FF,FF,FF,FF
1714710,138378,0x18FEF100,1,8,3F,00,00,FF,FF,FF,FF,FF
1714711,138379,0x18F00500,1,8,FF,FF,FF,FF,20,2D,FF,FF
1714711,138380,0x18FEF200,1,8,00,00,00,FB,00,00,00,FF
1714719,138381,0x18E81700,1,8,01,FF,FF,FF,FF,6B,FF,00
1714719,138382,0xCF00400,1,8,FF,FF,FF,00,00,FF,FF,FF
1714720,138383,0xCFF6600,1,8,00,00,FF,FF,FF,FF,FF,FF
1714739,138384,0xCF00400,1,8,FF,FF,FF,00,00,FF,FF,FF
1714740,138385,0xCFF6600,1,8,00,00,FF,FF,FF,FF,FF,FF
1714759,138386,0xCF00400,1,8,FF,FF,FF,00,00,FF,FF,FF
1714760,138387,0xCFF6600,1,8,00,00,FF,FF,FF,FF,FF,FF
1714779,138388,0xCF00400,1,8,FF,FF,FF,00,00,FF,FF,FF
1714780,138389,0xCFF6600,1,8,00,00,FF,FF,FF,FF,FF,FF
1714799,138390,0xCF00400,1,8,FF,FF,FF,00,00,FF,FF,FF
1714800,138391,0xCFF6600,1,8,00,00,FF,FF,FF,FF,FF,FF
1714810,138392,0x18FEF100,1,8,3F,00,00,FF,FF,FF,FF,FF
1714811,138393,0x10FF6500,1,8,FC,FF,FF,FF,FF,FF,FF,FF
1714811,138394,0x18F00500,1,8,FF,FF,FF,FF,20,2D,FF,FF
1714812,138395,0x18FEF200,1,8,00,00,00,FB,00,00,00,FF
1714819,138396,0xCF00400,1,8,FF,FF,FF,00,00,FF,FF,FF
1714820,138397,0xCFF6600,1,8,00,00,FF,FF,FF,FF,FF,FF
1714839,138398,0xCF00400,1,8,FF,FF,FF,00,00,FF,FF,FF
1714840,138399,0xCFF6600,1,8,00,00,FF,FF,FF,FF,FF,FF
1714859,138400,0xCF00400,1,8,FF,FF,FF,00,00,FF,FF,FF
1714860,138401,0xCFF6600,1,8,00,00,FF,FF,FF,FF,FF,FF
1714879,138402,0xCF00400,1,8,FF,FF,FF,00,00,FF,FF,FF
1714880,138403,0xCFF6600,1,8,00,00,FF,FF,FF,FF,FF,FF
1714899,138404,0xCF00400,1,8,FF,FF,FF,00,00,FF,FF,FF
1714900,138405,0xCFF6600,1,8,00,00,FF,FF,FF,FF,FF,FF
1714910,138406,0x18FEF100,1,8,3F,00,00,FF,FF,FF,FF,FF
1714911,138407,0x18F00500,1,8,FF,FF,FF,FF,20,2D,FF,FF
1714911,138408,0x18FEF200,1,8,00,00,00,FB,00,00,00,FF
1714919,138409,0xCF00400,1,8,FF,FF,FF,00,00,FF,FF,FF
1714920,138410,0xCFF6600,1,8,00,00,FF,FF,FF,FF,FF,FF
1714939,138411,0xCF00400,1,8,FF,FF,FF,00,00,FF,FF,FF
1714940,138412,0xCFF6600,1,8,00,00,FF,FF,FF,FF,FF,FF
1714959,138413,0xCF00400,1,8,FF,FF,FF,00,00,FF,FF,FF
1714960,138414,0xCFF6600,1,8,00,00,FF,FF,FF,FF,FF,FF
1714979,138415,0xCF00400,1,8,FF,FF,FF,00,00,FF,FF,FF
1714980,138416,0xCFF6600,1,8,00,00,FF,FF,FF,FF,FF,FF
1714999,138417,0xCF00400,1,8,FF,FF,FF,00,00,FF,FF,FF
1715000,138418,0xCFF6600,1,8,00,00,FF,FF,FF,FF,FF,FF
1715010,138419,0x18FEF100,1,8,3F,00,00,FF,FF,FF,FF,FF
1715011,138420,0x10FF6500,1,8,FC,FF,FF,FF,FF,FF,FF,FF
1715011,138421,0x18F00500,1,8,FF,FF,FF,FF,20,2D,FF,FF
1715012,138422,0x18FEF200,1,8,00,00,00,FB,00,00,00,FF
1715019,138423,0xCF00400,1,8,FF,FF,FF,00,00,FF,FF,FF
1715020,138424,0xCFF6600,1,8,00,00,FF,FF,FF,FF,FF,FF
1715039,138425,0xCF00400,1,8,FF,FF,FF,00,00,FF,FF,FF
1715040,138426,0xCFF6600,1,8,00,00,FF,FF,FF,FF,FF,FF
1715059,138427,0xCF00400,1,8,FF,FF,FF,00,00,FF,FF,FF
1715060,138428,0xCFF6600,1,8,00,00,FF,FF,FF,FF,FF,FF
1715079,138429,0xCF00400,1,8,FF,FF,FF,00,00,FF,FF,FF
1715080,138430,0xCFF6600,1,8,00,00,FF,FF,FF,FF,FF,FF
1715099,138431,0xCF00400,1,8,FF,FF,FF,00,00,FF,FF,FF
1715100,138432,0xCFF6600,1,8,00,00,FF,FF,FF,FF,FF,FF
1715110,138433,0x18FEF100,1,8,3F,00,00,FF,FF,FF,FF,FF
1715111,138434,0x18F00500,1,8,FF,FF,FF,FF,20,2D,FF,FF
1715111,138435,0x18F00600,1,8,FF,FF,FF,FF,FF,FF,FF,FF
1715112,138436,0x18FEF200,1,8,00,00,00,FB,00,00,00,FF
1715113,138437,0x1CFDDF00,1,8,FE,FF,FF,FF,FF,FF,FF,FF
1715113,138438,0x1CFF6A00,1,8,FC,FF,FF,FF,FF,FF,FF,FF
1715119,138439,0xCF00400,1,8,FF,FF,FF,00,00,FF,FF,FF
1715120,138440,0xCFF6600,1,8,00,00,FF,FF,FF,FF,FF,FF
1715139,138441,0xCF00400,1,8,FF,FF,FF,00,00,FF,FF,FF
1715140,138442,0xCFF6600,1,8,00,00,FF,FF,FF,FF,FF,FF
1715159,138443,0xCF00400,1,8,FF,FF,FF,00,00,FF,FF,FF
1715160,138444,0xCFF6600,1,8,00,00,FF,FF,FF,FF,FF,FF
1715179,138445,0xCF00400,1,8,FF,FF,FF,00,00,FF,FF,FF
1715180,138446,0xCFF6600,1,8,00,00,FF,FF,FF,FF,FF,FF
1715194,138447,0x18EA0017,1,3,6B,FF,00,--,--,--,--,--
1715199,138448,0xCF00400,1,8,FF,FF,FF,00,00,FF,FF,FF
1715200,138449,0xCFF6600,1,8,00,00,FF,FF,FF,FF,FF,FF
1715210,138450,0x18FEF100,1,8,3F,00,00,FF,FF,FF,FF,FF
1715211,138451,0x10FF6500,1,8,FC,FF,FF,FF,FF,FF,FF,FF
1715211,138452,0x18F00500,1,8,FF,FF,FF,FF,20,2D,FF,FF
1715212,138453,0x18FEF200,1,8,00,00,00,FB,00,00,00,FF
1715219,138454,0x18E81700,1,8,01,FF,FF,FF,FF,6B,FF,00
1715219,138455,0xCF00400,1,8,FF,FF,FF,00,00,FF,FF,FF
1715220,138456,0xCFF6600,1,8,00,00,FF,FF,FF,FF,FF,FF
1715239,138457,0xCF00400,1,8,FF,FF,FF,00,00,FF,FF,FF
1715240,138458,0xCFF6600,1,8,00,00,FF,FF,FF,FF,FF,FF
1715259,138459,0xCF00400,1,8,FF,FF,FF,00,00,FF,FF,FF
1715260,138460,0xCFF6600,1,8,00,00,FF,FF,FF,FF,FF,FF
1715269,138461,0x18FEEE00,1,8,63,FF,FF,FF,FF,FF,FF,FF
1715270,138462,0x18FDE500,1,8,0A,14,1E,28,32,3C,46,13
1715279,138463,0xCF00400,1,8,FF,FF,FF,00,00,FF,FF,FF
1715280,138464,0xCFF6600,1,8,00,00,FF,FF,FF,FF,FF,FF
1715289,138465,0x1CECFF00,1,8,20,0A,00,02,FF,CA,FE,00
1715299,138466,0xCF00400,1,8,FF,FF,FF,00,00,FF,FF,FF
1715300,138467,0xCFF6600,1,8,00,00,FF,FF,FF,FF,FF,FF
1715310,138468,0x18FEF100,1,8,3F,00,00,FF,FF,FF,FF,FF
1715311,138469,0x18F00500,1,8,FF,FF,FF,FF,20,2D,FF,FF
1715312,138470,0x18FEF200,1,8,00,00,00,FB,00,00,00,FF
1715319,138471,0xCF00400,1,8,FF,FF,FF,00,00,FF,FF,FF
1715320,138472,0xCFF6600,1,8,00,00,FF,FF,FF,FF,FF,FF
1715339,138473,0xCF00400,1,8,FF,FF,FF,00,00,FF,FF,FF
1715340,138474,0xCFF6600,1,8,00,00,FF,FF,FF,FF,FF,FF
1715341,138475,0x1CEBFF00,1,8,01,40,FF,0F,F0,E5,01,02
1715359,138476,0xCF00400,1,8,FF,FF,FF,00,00,FF,FF,FF
1715360,138477,0xCFF6600,1,8,00,00,FF,FF,FF,FF,FF,FF
1715379,138478,0xCF00400,1,8,FF,FF,FF,00,00,FF,FF,FF
1715380,138479,0xCFF6600,1,8,00,00,FF,FF,FF,FF,FF,FF
1715389,138480,0x1CEBFF00,1,8,02,F0,E3,01,FF,FF,FF,FF
1715399,138481,0xCF00400,1,8,FF,FF,FF,00,00,FF,FF,FF
1715400,138482,0xCFF6600,1,8,00,00,FF,FF,FF,FF,FF,FF
1715410,138483,0x18FEF100,1,8,3F,00,00,FF,FF,FF,FF,FF
1715411,138484,0x10FF6500,1,8,FC,FF,FF,FF,FF,FF,FF,FF
1715411,138485,0x18F00500,1,8,FF,FF,FF,FF,20,2D,FF,FF
1715412,138486,0x18FEF200,1,8,00,00,00,FB,00,00,00,FF
1715419,138487,0xCF00400,1,8,FF,FF,FF,00,00,FF,FF,FF
1715420,138488,0xCFF6600,1,8,00,00,FF,FF,FF,FF,FF,FF
1715439,138489,0xCF00400,1,8,FF,FF,FF,00,00,FF,FF,FF
1715440,138490,0xCFF6600,1,8,00,00,FF,FF,FF,FF,FF,FF
1715459,138491,0xCF00400,1,8,FF,FF,FF,00,00,FF,FF,FF
1715460,138492,0xCFF6600,1,8,00,00,FF,FF,FF,FF,FF,FF
1715479,138493,0xCF00400,1,8,FF,FF,FF,00,00,FF,FF,FF
1715480,138494,0xCFF6600,1,8,00,00,FF,FF,FF,FF,FF,FF
1715499,138495,0xCF00400,1,8,FF,FF,FF,00,00,FF,FF,FF
1715500,138496,0xCFF6600,1,8,00,00,FF,FF,FF,FF,FF,FF
1715510,138497,0x18FEF100,1,8,3F,00,00,FF,FF,FF,FF,FF
1715511,138498,0x18F00500,1,8,FF,FF,FF,FF,20,2D,FF,FF
1715511,138499,0x18FEF200,1,8,00,00,00,FB,00,00,00,FF
1715519,138500,0xCF00400,1,8,FF,FF,FF,00,00,FF,FF,FF
1715520,138501,0xCFF6600,1,8,00,00,FF,FF,FF,FF,FF,FF
1715539,138502,0xCF00400,1,8,FF,FF,FF,00,00,FF,FF,FF
1715540,138503,0xCFF6600,1,8,00,00,FF,FF,FF,FF,FF,FF
1715559,138504,0xCF00400,1,8,FF,FF,FF,00,00,FF,FF,FF
1715560,138505,0xCFF6600,1,8,00,00,FF,FF,FF,FF,FF,FF
1715579,138506,0xCF00400,1,8,FF,FF,FF,00,00,FF,FF,FF
1715580,138507,0xCFF6600,1,8,00,00,FF,FF,FF,FF,FF,FF
1715599,138508,0xCF00400,1,8,FF,FF,FF,00,00,FF,FF,FF
1715600,138509,0xCFF6600,1,8,00,00,FF,FF,FF,FF,FF,FF
1715610,138510,0x18FEF100,1,8,3F,00,00,FF,FF,FF,FF,FF
1715611,138511,0x10FF6500,1,8,FC,FF,FF,FF,FF,FF,FF,FF
1715611,138512,0x18F00500,1,8,FF,FF,FF,FF,20,2D,FF,FF
1715612,138513,0x18F00600,1,8,FF,FF,FF,FF,FF,FF,FF,FF
1715613,138514,0x18FEF200,1,8,00,00,00,FB,00,00,00,FF
1715613,138515,0x1CFDDF00,1,8,FE,FF,FF,FF,FF,FF,FF,FF
1715614,138516,0x1CFF6A00,1,8,FC,FF,FF,FF,FF,FF,FF,FF
1715619,138517,0xCF00400,1,8,FF,FF,FF,00,00,FF,FF,FF
1715620,138518,0xCFF6600,1,8,00,00,FF,FF,FF,FF,FF,FF
1715639,138519,0xCF00400,1,8,FF,FF,FF,00,00,FF,FF,FF
1715640,138520,0xCFF6600,1,8,00,00,FF,FF,FF,FF,FF,FF
1715659,138521,0xCF00400,1,8,FF,FF,FF,00,00,FF,FF,FF
1715660,138522,0xCFF6600,1,8,00,00,FF,FF,FF,FF,FF,FF
1715679,138523,0xCF00400,1,8,FF,FF,FF,00,00,FF,FF,FF
1715680,138524,0xCFF6600,1,8,00,00,FF,FF,FF,FF,FF,FF
1715694,138525,0x18EA0017,1,3,6B,FF,00,--,--,--,--,--
1715699,138526,0xCF00400,1,8,FF,FF,FF,00,00,FF,FF,FF
1715700,138527,0xCFF6600,1,8,00,00,FF,FF,FF,FF,FF,FF
1715710,138528,0x18FEF100,1,8,3F,00,00,FF,FF,FF,FF,FF
1715711,138529,0x18F00500,1,8,FF,FF,FF,FF,20,2D,FF,FF
1715711,138530,0x18FEF200,1,8,00,00,00,FB,00,00,00,FF
1715719,138531,0x18E81700,1,8,01,FF,FF,FF,FF,6B,FF,00
1715719,138532,0xCF00400,1,8,FF,FF,FF,00,00,FF,FF,FF
1715720,138533,0xCFF6600,1,8,00,00,FF,FF,FF,FF,FF,FF
1715739,138534,0xCF00400,1,8,FF,FF,FF,00,00,FF,FF,FF
1715740,138535,0xCFF6600,1,8,00,00,FF,FF,FF,FF,FF,FF
1715759,138536,0xCF00400,1,8,FF,FF,FF,00,00,FF,FF,FF
1715760,138537,0xCFF6600,1,8,00,00,FF,FF,FF,FF,FF,FF
1715779,138538,0xCF00400,1,8,FF,FF,FF,00,00,FF,FF,FF
1715780,138539,0xCFF6600,1,8,00,00,FF,FF,FF,FF,FF,FF
1715799,138540,0xCF00400,1,8,FF,FF,FF,00,00,FF,FF,FF
1715800,138541,0xCFF6600,1,8,00,00,FF,FF,FF,FF,FF,FF
1715810,138542,0x18FEF100,1,8,3F,00,00,FF,FF,FF,FF,FF
1715811,138543,0x10FF6500,1,8,FC,FF,FF,FF,FF,FF,FF,FF
1715811,138544,0x18F00500,1,8,FF,FF,FF,FF,20,2D,FF,FF
1715812,138545,0x18FEF200,1,8,00,00,00,FB,00,00,00,FF
1715819,138546,0xCF00400,1,8,FF,FF,FF,00,00,FF,FF,FF
1715820,138547,0xCFF6600,1,8,00,00,FF,FF,FF,FF,FF,FF
1715839,138548,0xCF00400,1,8,FF,FF,FF,00,00,FF,FF,FF
1715840,138549,0xCFF6600,1,8,00,00,FF,FF,FF,FF,FF,FF
1715859,138550,0xCF00400,1,8,FF,FF,FF,00,00,FF,FF,FF
1715860,138551,0xCFF6600,1,8,00,00,FF,FF,FF,FF,FF,FF
1715879,138552,0xCF00400,1,8,FF,FF,FF,00,00,FF,FF,FF
1715880,138553,0xCFF6600,1,8,00,00,FF,FF,FF,FF,FF,FF
1715899,138554,0xCF00400,1,8,FF,FF,FF,00,00,FF,FF,FF
1715900,138555,0xCFF6600,1,8,00,00,FF,FF,FF,FF,FF,FF
1715910,138556,0x18FEF100,1,8,3F,00,00,FF,FF,FF,FF,FF
1715911,138557,0x18F00500,1,8,FF,FF,FF,FF,20,2D,FF,FF
1715912,138558,0x18FEF200,1,8,00,00,00,FB,00,00,00,FF
1715919,138559,0xCF00400,1,8,FF,FF,FF,00,00,FF,FF,FF
1715920,138560,0xCFF6600,1,8,00,00,FF,FF,FF,FF,FF,FF
1715939,138561,0xCF00400,1,8,FF,FF,FF,00,00,FF,FF,FF
1715940,138562,0xCFF6600,1,8,00,00,FF,FF,FF,FF,FF,FF
1715959,138563,0xCF00400,1,8,FF,FF,FF,00,00,FF,FF,FF
1715960,138564,0xCFF6600,1,8,00,00,FF,FF,FF,FF,FF,FF
1715979,138565,0xCF00400,1,8,FF,FF,FF,00,00,FF,FF,FF
1715980,138566,0xCFF6600,1,8,00,00,FF,FF,FF,FF,FF,FF
1715999,138567,0xCF00400,1,8,FF,FF,FF,00,00,FF,FF,FF
1716000,138568,0xCFF6600,1,8,00,00,FF,FF,FF,FF,FF,FF
1716010,138569,0x18FEF100,1,8,3F,00,00,FF,FF,FF,FF,FF
1716011,138570,0x10FF6500,1,8,FC,FF,FF,FF,FF,FF,FF,FF
1716011,138571,0x18F00500,1,8,FF,FF,FF,FF,20,2D,FF,FF
1716012,138572,0x18FEF200,1,8,00,00,00,FB,00,00,00,FF
1716019,138573,0xCF00400,1,8,FF,FF,FF,00,00,FF,FF,FF
1716020,138574,0xCFF6600,1,8,00,00,FF,FF,FF,FF,FF,FF
1716039,138575,0xCF00400,1,8,FF,FF,FF,00,00,FF,FF,FF
1716040,138576,0xCFF6600,1,8,00,00,FF,FF,FF,FF,FF,FF
1716059,138577,0xCF00400,1,8,FF,FF,FF,00,00,FF,FF,FF
1716060,138578,0xCFF6600,1,8,00,00,FF,FF,FF,FF,FF,FF
1716079,138579,0xCF00400,1,8,FF,FF,FF,00,00,FF,FF,FF
1716080,138580,0xCFF6600,1,8,00,00,FF,FF,FF,FF,FF,FF
1716099,138581,0xCF00400,1,8,FF,FF,FF,00,00,FF,FF,FF
1716100,138582,0xCFF6600,1,8,00,00,FF,FF,FF,FF,FF,FF
1716110,138583,0x18FEF100,1,8,3F,00,00,FF,FF,FF,FF,FF
1716111,138584,0x18F00500,1,8,FF,FF,FF,FF,20,2D,FF,FF
1716112,138585,0x18F00600,1,8,FF,FF,FF,FF,FF,FF,FF,FF
1716112,138586,0x18FEF200,1,8,00,00,00,FB,00,00,00,FF
1716113,138587,0x1CFDDF00,1,8,FE,FF,FF,FF,FF,FF,FF,FF
1716113,138588,0x1CFF6A00,1,8,FC,FF,FF,FF,FF,FF,FF,FF
1716119,138589,0xCF00400,1,8,FF,FF,FF,00,00,FF,FF,FF
1716120,138590,0xCFF6600,1,8,00,00,FF,FF,FF,FF,FF,FF
1716139,138591,0xCF00400,1,8,FF,FF,FF,00,00,FF,FF,FF
1716140,138592,0xCFF6600,1,8,00,00,FF,FF,FF,FF,FF,FF
1716159,138593,0xCF00400,1,8,FF,FF,FF,00,00,FF,FF,FF
1716160,138594,0xCFF6600,1,8,00,00,FF,FF,FF,FF,FF,FF
1716179,138595,0xCF00400,1,8,FF,FF,FF,00,00,FF,FF,FF
1716180,138596,0xCFF6600,1,8,00,00,FF,FF,FF,FF,FF,FF
1716194,138597,0x18EA0017,1,3,6B,FF,00,--,--,--,--,--
1716199,138598,0xCF00400,1,8,FF,FF,FF,00,00,FF,FF,FF
1716200,138599,0xCFF6600,1,8,00,00,FF,FF,FF,FF,FF,FF
1716210,138600,0x18FEF100,1,8,3F,00,00,FF,FF,FF,FF,FF
1716211,138601,0x10FF6500,1,8,FC,FF,FF,FF,FF,FF,FF,FF
1716211,138602,0x18F00500,1,8,FF,FF,FF,FF,20,2D,FF,FF
1716212,138603,0x18FEF200,1,8,00,00,00,FB,00,00,00,FF
1716219,138604,0x18E81700,1,8,01,FF,FF,FF,FF,6B,FF,00
1716219,138605,0xCF00400,1,8,FF,FF,FF,00,00,FF,FF,FF
1716220,138606,0xCFF6600,1,8,00,00,FF,FF,FF,FF,FF,FF
1716239,138607,0xCF00400,1,8,FF,FF,FF,00,00,FF,FF,FF
1716240,138608,0xCFF6600,1,8,00,00,FF,FF,FF,FF,FF,FF
1716259,138609,0xCF00400,1,8,FF,FF,FF,00,00,FF,FF,FF
1716260,138610,0xCFF6600,1,8,00,00,FF,FF,FF,FF,FF,FF
1716269,138611,0x18FEEE00,1,8,63,FF,FF,FF,FF,FF,FF,FF
1716270,138612,0x18FDE500,1,8,0A,14,1E,28,32,3C,46,13
1716279,138613,0xCF00400,1,8,FF,FF,FF,00,00,FF,FF,FF
1716280,138614,0xCFF6600,1,8,00,00,FF,FF,FF,FF,FF,FF
1716289,138615,0x1CECFF00,1,8,20,0A,00,02,FF,CA,FE,00
1716299,138616,0xCF00400,1,8,FF,FF,FF,00,00,FF,FF,FF
1716300,138617,0xCFF6600,1,8,00,00,FF,FF,FF,FF,FF,FF
1716310,138618,0x18FEF100,1,8,3F,00,00,FF,FF,FF,FF,FF
1716311,138619,0x18F00500,1,8,FF,FF,FF,FF,20,2D,FF,FF
1716311,138620,0x18FEF200,1,8,00,00,00,FB,00,00,00,FF
1716319,138621,0xCF00400,1,8,FF,FF,FF,00,00,FF,FF,FF
1716320,138622,0xCFF6600,1,8,00,00,FF,FF,FF,FF,FF,FF
1716339,138623,0xCF00400,1,8,FF,FF,FF,00,00,FF,FF,FF
1716340,138624,0xCFF6600,1,8,00,00,FF,FF,FF,FF,FF,FF
1716341,138625,0x1CEBFF00,1,8,01,40,FF,0F,F0,E5,01,02
1716359,138626,0xCF00400,1,8,FF,FF,FF,00,00,FF,FF,FF
1716360,138627,0xCFF6600,1,8,00,00,FF,FF,FF,FF,FF,FF
1716379,138628,0xCF00400,1,8,FF,FF,FF,00,00,FF,FF,FF
1716380,138629,0xCFF6600,1,8,00,00,FF,FF,FF,FF,FF,FF
1716389,138630,0x1CEBFF00,1,8,02,F0,E3,01,FF,FF,FF,FF
1716399,138631,0xCF00400,1,8,FF,FF,FF,00,00,FF,FF,FF
1716400,138632,0xCFF6600,1,8,00,00,FF,FF,FF,FF,FF,FF
1716410,138633,0x18FEF100,1,8,3F,00,00,FF,FF,FF,FF,FF
1716411,138634,0x10FF6500,1,8,FC,FF,FF,FF,FF,FF,FF,FF
1716411,138635,0x18F00500,1,8,FF,FF,FF,FF,20,2D,FF,FF
1716412,138636,0x18FEF200,1,8,00,00,00,FB,00,00,00,FF
1716419,138637,0xCF00400,1,8,FF,FF,FF,00,00,FF,FF,FF
1716420,138638,0xCFF6600,1,8,00,00,FF,FF,FF,FF,FF,FF
1716439,138639,0xCF00400,1,8,FF,FF,FF,00,00,FF,FF,FF
1716440,138640,0xCFF6600,1,8,00,00,FF,FF,FF,FF,FF,FF
1716459,138641,0xCF00400,1,8,FF,FF,FF,00,00,FF,FF,FF
1716460,138642,0xCFF6600,1,8,00,00,FF,FF,FF,FF,FF,FF
1716479,138643,0xCF00400,1,8,FF,FF,FF,00,00,FF,FF,FF
1716480,138644,0xCFF6600,1,8,00,00,FF,FF,FF,FF,FF,FF
1716499,138645,0xCF00400,1,8,FF,FF,FF,00,00,FF,FF,FF
1716500,138646,0xCFF6600,1,8,00,00,FF,FF,FF,FF,FF,FF
1716510,138647,0x18FEF100,1,8,3F,00,00,FF,FF,FF,FF,FF
1716511,138648,0x18F00500,1,8,FF,FF,FF,FF,20,2D,FF,FF
1716511,138649,0x18FEF200,1,8,00,00,00,FB,00,00,00,FF
1716519,138650,0xCF00400,1,8,FF,FF,FF,00,00,FF,FF,FF
1716520,138651,0xCFF6600,1,8,00,00,FF,FF,FF,FF,FF,FF
1716539,138652,0xCF00400,1,8,FF,FF,FF,00,00,FF,FF,FF
1716540,138653,0xCFF6600,1,8,00,00,FF,FF,FF,FF,FF,FF
1716559,138654,0xCF00400,1,8,FF,FF,FF,00,00,FF,FF,FF
1716560,138655,0xCFF6600,1,8,00,00,FF,FF,FF,FF,FF,FF
1716579,138656,0xCF00400,1,8,FF,FF,FF,00,00,FF,FF,FF
1716580,138657,0xCFF6600,1,8,00,00,FF,FF,FF,FF,FF,FF
1716599,138658,0xCF00400,1,8,FF,FF,FF,00,00,FF,FF,FF
1716600,138659,0xCFF6600,1,8,00,00,FF,FF,FF,FF,FF,FF
1716610,138660,0x18FEF100,1,8,3F,00,00,FF,FF,FF,FF,FF
1716611,138661,0x10FF6500,1,8,FC,FF,FF,FF,FF,FF,FF,FF
1716611,138662,0x18F00500,1,8,FF,FF,FF,FF,20,2D,FF,FF
1716612,138663,0x18F00600,1,8,FF,FF,FF,FF,FF,FF,FF,FF
1716613,138664,0x18FEF200,1,8,00,00,00,FB,00,00,00,FF
1716613,138665,0x1CFDDF00,1,8,FE,FF,FF,FF,FF,FF,FF,FF
1716614,138666,0x1CFF6A00,1,8,FC,FF,FF,FF,FF,FF,FF,FF
1716619,138667,0xCF00400,1,8,FF,FF,FF,00,00,FF,FF,FF
1716620,138668,0xCFF6600,1,8,00,00,FF,FF,FF,FF,FF,FF
1716639,138669,0xCF00400,1,8,FF,FF,FF,00,00,FF,FF,FF
1716640,138670,0xCFF6600,1,8,00,00,FF,FF,FF,FF,FF,FF
1716659,138671,0xCF00400,1,8,FF,FF,FF,00,00,FF,FF,FF
1716660,138672,0xCFF6600,1,8,00,00,FF,FF,FF,FF,FF,FF
1716679,138673,0xCF00400,1,8,FF,FF,FF,00,00,FF,FF,FF
1716680,138674,0xCFF6600,1,8,00,00,FF,FF,FF,FF,FF,FF
1716694,138675,0x18EA0017,1,3,6B,FF,00,--,--,--,--,--
1716699,138676,0xCF00400,1,8,FF,FF,FF,00,00,FF,FF,FF
1716700,138677,0xCFF6600,1,8,00,00,FF,FF,FF,FF,FF,FF
1716710,138678,0x18FEF100,1,8,3F,00,00,FF,FF,FF,FF,FF
1716711,138679,0x18F00500,1,8,FF,FF,FF,FF,20,2D,FF,FF
1716711,138680,0x18FEF200,1,8,00,00,00,FB,00,00,00,FF
1716719,138681,0x18E81700,1,8,01,FF,FF,FF,FF,6B,FF,00
1716719,138682,0xCF00400,1,8,FF,FF,FF,00,00,FF,FF,FF
1716720,138683,0xCFF6600,1,8,00,00,FF,FF,FF,FF,FF,FF
1716739,138684,0xCF00400,1,8,FF,FF,FF,00,00,FF,FF,FF
1716740,138685,0xCFF6600,1,8,00,00,FF,FF,FF,FF,FF,FF
1716759,138686,0xCF00400,1,8,FF,FF,FF,00,00,FF,FF,FF
1716760,138687,0xCFF6600,1,8,00,00,FF,FF,FF,FF,FF,FF
1716779,138688,0xCF00400,1,8,FF,FF,FF,00,00,FF,FF,FF
1716780,138689,0xCFF6600,1,8,00,00,FF,FF,FF,FF,FF,FF
1716799,138690,0xCF00400,1,8,FF,FF,FF,00,00,FF,FF,FF
1716800,138691,0xCFF6600,1,8,00,00,FF,FF,FF,FF,FF,FF
1716810,138692,0x18FEF100,1,8,3F,00,00,FF,FF,FF,FF,FF
1716811,138693,0x10FF6500,1,8,FC,FF,FF,FF,FF,FF,FF,FF
1716811,138694,0x18F00500,1,8,FF,FF,FF,FF,20,2D,FF,FF
1716812,138695,0x18FEF200,1,8,00,00,00,FB,00,00,00,FF
1716819,138696,0xCF00400,1,8,FF,FF,FF,00,00,FF,FF,FF
1716820,138697,0xCFF6600,1,8,00,00,FF,FF,FF,FF,FF,FF
1716839,138698,0xCF00400,1,8,FF,FF,FF,00,00,FF,FF,FF
1716840,138699,0xCFF6600,1,8,00,00,FF,FF,FF,FF,FF,FF
1716859,138700,0xCF00400,1,8,FF,FF,FF,00,00,FF,FF,FF
1716860,138701,0xCFF6600,1,8,00,00,FF,FF,FF,FF,FF,FF
1716879,138702,0xCF00400,1,8,FF,FF,FF,00,00,FF,FF,FF
1716880,138703,0xCFF6600,1,8,00,00,FF,FF,FF,FF,FF,FF
1716899,138704,0xCF00400,1,8,FF,FF,FF,00,00,FF,FF,FF
1716900,138705,0xCFF6600,1,8,00,00,FF,FF,FF,FF,FF,FF
1716910,138706,0x18FEF100,1,8,3F,00,00,FF,FF,FF,FF,FF
1716911,138707,0x18F00500,1,8,FF,FF,FF,FF,20,2D,FF,FF
1716911,138708,0x18FEF200,1,8,00,00,00,FB,00,00,00,FF
1716919,138709,0xCF00400,1,8,FF,FF,FF,00,00,FF,FF,FF
1716920,138710,0xCFF6600,1,8,00,00,FF,FF,FF,FF,FF,FF
1716939,138711,0xCF00400,1,8,FF,FF,FF,00,00,FF,FF,FF
1716940,138712,0xCFF6600,1,8,00,00,FF,FF,FF,FF,FF,FF
1716959,138713,0xCF00400,1,8,FF,FF,FF,00,00,FF,FF,FF
1716960,138714,0xCFF6600,1,8,00,00,FF,FF,FF,FF,FF,FF
1716979,138715,0xCF00400,1,8,FF,FF,FF,00,00,FF,FF,FF
1716980,138716,0xCFF6600,1,8,00,00,FF,FF,FF,FF,FF,FF
1716999,138717,0xCF00400,1,8,FF,FF,FF,00,00,FF,FF,FF
1717000,138718,0xCFF6600,1,8,00,00,FF,FF,FF,FF,FF,FF
1717010,138719,0x18FEF100,1,8,3F,00,00,FF,FF,FF,FF,FF
1717011,138720,0x10FF6500,1,8,FC,FF,FF,FF,FF,FF,FF,FF
1717011,138721,0x18F00500,1,8,FF,FF,FF,FF,20,2D,FF,FF
1717012,138722,0x18FEF200,1,8,00,00,00,FB,00,00,00,FF
1717019,138723,0xCF00400,1,8,FF,FF,FF,00,00,FF,FF,FF
1717020,138724,0xCFF6600,1,8,00,00,FF,FF,FF,FF,FF,FF
1717039,138725,0xCF00400,1,8,FF,FF,FF,00,00,FF,FF,FF
1717040,138726,0xCFF6600,1,8,00,00,FF,FF,FF,FF,FF,FF
1717059,138727,0xCF00400,1,8,FF,FF,FF,00,00,FF,FF,FF
1717060,138728,0xCFF6600,1,8,00,00,FF,FF,FF,FF,FF,FF
1717079,138729,0xCF00400,1,8,FF,FF,FF,00,00,FF,FF,FF
1717080,138730,0xCFF6600,1,8,00,00,FF,FF,FF,FF,FF,FF
1717099,138731,0xCF00400,1,8,FF,FF,FF,00,00,FF,FF,FF
1717100,138732,0xCFF6600,1,8,00,00,FF,FF,FF,FF,FF,FF
1717110,138733,0x18FEF100,1,8,3F,00,00,FF,FF,FF,FF,FF
1717111,138734,0x18F00500,1,8,FF,FF,FF,FF,20,2D,FF,FF
1717111,138735,0x18F00600,1,8,FF,FF,FF,FF,FF,FF,FF,FF
1717112,138736,0x18FEF200,1,8,00,00,00,FB,00,00,00,FF
1717113,138737,0x1CFDDF00,1,8,FE,FF,FF,FF,FF,FF,FF,FF
1717113,138738,0x1CFF6A00,1,8,FC,FF,FF,FF,FF,FF,FF,FF
1717119,138739,0xCF00400,1,8,FF,FF,FF,00,00,FF,FF,FF
1717120,138740,0xCFF6600,1,8,00,00,FF,FF,FF,FF,FF,FF
1717139,138741,0xCF00400,1,8,FF,FF,FF,00,00,FF,FF,FF
1717140,138742,0xCFF6600,1,8,00,00,FF,FF,FF,FF,FF,FF
1717159,138743,0xCF00400,1,8,FF,FF,FF,00,00,FF,FF,FF
1717160,138744,0xCFF6600,1,8,00,00,FF,FF,FF,FF,FF,FF
1717179,138745,0xCF00400,1,8,FF,FF,FF,00,00,FF,FF,FF
1717180,138746,0xCFF6600,1,8,00,00,FF,FF,FF,FF,FF,FF
1717194,138747,0x18EA0017,1,3,6B,FF,00,--,--,--,--,--
1717199,138748,0xCF00400,1,8,FF,FF,FF,00,00,FF,FF,FF
1717200,138749,0xCFF6600,1,8,00,00,FF,FF,FF,FF,FF,FF
1717210,138750,0x18FEF100,1,8,3F,00,00,FF,FF,FF,FF,FF
1717211,138751,0x10FF6500,1,8,FC,FF,FF,FF,FF,FF,FF,FF
1717211,138752,0x18F00500,1,8,FF,FF,FF,FF,20,2D,FF,FF
1717212,138753,0x18FEF200,1,8,00,00,00,FB,00,00,00,FF
1717219,138754,0x18E81700,1,8,01,FF,FF,FF,FF,6B,FF,00
1717219,138755,0xCF00400,1,8,FF,FF,FF,00,00,FF,FF,FF
1717220,138756,0xCFF6600,1,8,00,00,FF,FF,FF,FF,FF,FF
1717239,138757,0xCF00400,1,8,FF,FF,FF,00,00,FF,FF,FF
1717240,138758,0xCFF6600,1,8,00,00,FF,FF,FF,FF,FF,FF
1717259,138759,0xCF00400,1,8,FF,FF,FF,00,00,FF,FF,FF
1717260,138760,0xCFF6600,1,8,00,00,FF,FF,FF,FF,FF,FF
1717269,138761,0x18FEEE00,1,8,63,FF,FF,FF,FF,FF,FF,FF
1717270,138762,0x18FDE500,1,8,0A,14,1E,28,32,3C,46,13
1717279,138763,0xCF00400,1,8,FF,FF,FF,00,00,FF,FF,FF
1717280,138764,0xCFF6600,1,8,00,00,FF,FF,FF,FF,FF,FF
1717289,138765,0x1CECFF00,1,8,20,0A,00,02,FF,CA,FE,00
1717299,138766,0xCF00400,1,8,FF,FF,FF,00,00,FF,FF,FF
1717300,138767,0xCFF6600,1,8,00,00,FF,FF,FF,FF,FF,FF
1717310,138768,0x18FEF100,1,8,3F,00,00,FF,FF,FF,FF,FF
1717311,138769,0x18F00500,1,8,FF,FF,FF,FF,20,2D,FF,FF
1717311,138770,0x18FEF200,1,8,00,00,00,FB,00,00,00,FF
1717319,138771,0xCF00400,1,8,FF,FF,FF,00,00,FF,FF,FF
1717320,138772,0xCFF6600,1,8,00,00,FF,FF,FF,FF,FF,FF
1717339,138773,0xCF00400,1,8,FF,FF,FF,00,00,FF,FF,FF
1717340,138774,0xCFF6600,1,8,00,00,FF,FF,FF,FF,FF,FF
1717341,138775,0x1CEBFF00,1,8,01,40,FF,0F,F0,E5,01,02
1717359,138776,0xCF00400,1,8,FF,FF,FF,00,00,FF,FF,FF
1717360,138777,0xCFF6600,1,8,00,00,FF,FF,FF,FF,FF,FF
1717379,138778,0xCF00400,1,8,FF,FF,FF,00,00,FF,FF,FF
1717380,138779,0xCFF6600,1,8,00,00,FF,FF,FF,FF,FF,FF
1717389,138780,0x1CEBFF00,1,8,02,F0,E3,01,FF,FF,FF,FF
1717399,138781,0xCF00400,1,8,FF,FF,FF,00,00,FF,FF,FF
1717400,138782,0xCFF6600,1,8,00,00,FF,FF,FF,FF,FF,FF
1717410,138783,0x18FEF100,1,8,3F,00,00,FF,FF,FF,FF,FF
1717411,138784,0x10FF6500,1,8,FC,FF,FF,FF,FF,FF,FF,FF
1717411,138785,0x18F00500,1,8,FF,FF,FF,FF,20,2D,FF,FF
1717412,138786,0x18FEF200,1,8,00,00,00,FB,00,00,00,FF
1717419,138787,0xCF00400,1,8,FF,FF,FF,00,00,FF,FF,FF
1717420,138788,0xCFF6600,1,8,00,00,FF,FF,FF,FF,FF,FF
1717439,138789,0xCF00400,1,8,FF,FF,FF,00,00,FF,FF,FF
1717440,138790,0xCFF6600,1,8,00,00,FF,FF,FF,FF,FF,FF
1717459,138791,0xCF00400,1,8,FF,FF,FF,00,00,FF,FF,FF
1717460,138792,0xCFF6600,1,8,00,00,FF,FF,FF,FF,FF,FF
1717479,138793,0xCF00400,1,8,FF,FF,FF,00,00,FF,FF,FF
1717480,138794,0xCFF6600,1,8,00,00,FF,FF,FF,FF,FF,FF
1717499,138795,0xCF00400,1,8,FF,FF,FF,00,00,FF,FF,FF
1717500,138796,0xCFF6600,1,8,00,00,FF,FF,FF,FF,FF,FF
1717510,138797,0x18FEF100,1,8,3F,00,00,FF,FF,FF,FF,FF
1717511,138798,0x18F00500,1,8,FF,FF,FF,FF,20,2D,FF,FF
1717511,138799,0x18FEF200,1,8,00,00,00,FB,00,00,00,FF
1717519,138800,0xCF00400,1,8,FF,FF,FF,00,00,FF,FF,FF
1717520,138801,0xCFF6600,1,8,00,00,FF,FF,FF,FF,FF,FF
1717539,138802,0xCF00400,1,8,FF,FF,FF,00,00,FF,FF,FF
1717540,138803,0xCFF6600,1,8,00,00,FF,FF,FF,FF,FF,FF
1717559,138804,0xCF00400,1,8,FF,FF,FF,00,00,FF,FF,FF
1717560,138805,0xCFF6600,1,8,00,00,FF,FF,FF,FF,FF,FF
1717579,138806,0xCF00400,1,8,FF,FF,FF,00,00,FF,FF,FF
1717580,138807,0xCFF6600,1,8,00,00,FF,FF,FF,FF,FF,FF
1717599,138808,0xCF00400,1,8,FF,FF,FF,00,00,FF,FF,FF
1717600,138809,0xCFF6600,1,8,00,00,FF,FF,FF,FF,FF,FF
1717610,138810,0x18FEF100,1,8,3F,00,00,FF,FF,FF,FF,FF
1717611,138811,0x10FF6500,1,8,FC,FF,FF,FF,FF,FF,FF,FF
1717611,138812,0x18F00500,1,8,FF,FF,FF,FF,20,2D,FF,FF
1717612,138813,0x18F00600,1,8,FF,FF,FF,FF,FF,FF,FF,FF
1717613,138814,0x18FEF200,1,8,00,00,00,FB,00,00,00,FF
1717613,138815,0x1CFDDF00,1,8,FE,FF,FF,FF,FF,FF,FF,FF
1717614,138816,0x1CFF6A00,1,8,FC,FF,FF,FF,FF,FF,FF,FF
1717619,138817,0xCF00400,1,8,FF,FF,FF,00,00,FF,FF,FF
1717620,138818,0xCFF6600,1,8,00,00,FF,FF,FF,FF,FF,FF
1717639,138819,0xCF00400,1,8,FF,FF,FF,00,00,FF,FF,FF
1717640,138820,0xCFF6600,1,8,00,00,FF,FF,FF,FF,FF,FF
1717659,138821,0xCF00400,1,8,FF,FF,FF,00,00,FF,FF,FF
1717660,138822,0xCFF6600,1,8,00,00,FF,FF,FF,FF,FF,FF
1717679,138823,0xCF00400,1,8,FF,FF,FF,00,00,FF,FF,FF
1717680,138824,0xCFF6600,1,8,00,00,FF,FF,FF,FF,FF,FF
1717693,138825,0x18EA0017,1,3,6B,FF,00,--,--,--,--,--
1717699,138826,0xCF00400,1,8,FF,FF,FF,00,00,FF,FF,FF
1717700,138827,0xCFF6600,1,8,00,00,FF,FF,FF,FF,FF,FF
1717710,138828,0x18FEF100,1,8,3F,00,00,FF,FF,FF,FF,FF
1717711,138829,0x18F00500,1,8,FF,FF,FF,FF,20,2D,FF,FF
1717712,138830,0x18FEF200,1,8,00,00,00,FB,00,00,00,FF
1717719,138831,0x18E81700,1,8,01,FF,FF,FF,FF,6B,FF,00
1717719,138832,0xCF00400,1,8,FF,FF,FF,00,00,FF,FF,FF
1717720,138833,0xCFF6600,1,8,00,00,FF,FF,FF,FF,FF,FF
1717739,138834,0xCF00400,1,8,FF,FF,FF,00,00,FF,FF,FF
1717740,138835,0xCFF6600,1,8,00,00,FF,FF,FF,FF,FF,FF
1717759,138836,0xCF00400,1,8,FF,FF,FF,00,00,FF,FF,FF
1717760,138837,0xCFF6600,1,8,00,00,FF,FF,FF,FF,FF,FF
1717799,138838,0xCF00400,1,8,FF,FF,FF,00,00,FF,FF,FF
1717800,138839,0xCFF6600,1,8,00,00,FF,FF,FF,FF,FF,FF
1717810,138840,0x18FEF100,1,8,3F,00,00,FF,FF,FF,FF,FF
1717811,138841,0x10FF6500,1,8,FC,FF,FF,FF,FF,FF,FF,FF
1717811,138842,0x18F00500,1,8,FF,FF,FF,FF,20,2D,FF,FF
1717812,138843,0x18FEF200,1,8,00,00,00,FB,00,00,00,FF
1717819,138844,0xCF00400,1,8,FF,FF,FF,00,00,FF,FF,FF
1717820,138845,0xCFF6600,1,8,00,00,FF,FF,FF,FF,FF,FF
1717839,138846,0xCF00400,1,8,FF,FF,FF,00,00,FF,FF,FF
1717840,138847,0xCFF6600,1,8,00,00,FF,FF,FF,FF,FF,FF
1717859,138848,0xCF00400,1,8,FF,FF,FF,00,00,FF,FF,FF
1717860,138849,0xCFF6600,1,8,00,00,FF,FF,FF,FF,FF,FF
1717879,138850,0xCF00400,1,8,FF,FF,FF,00,00,FF,FF,FF
1717880,138851,0xCFF6600,1,8,00,00,FF,FF,FF,FF,FF,FF
1717899,138852,0xCF00400,1,8,FF,FF,FF,00,00,FF,FF,FF
1717900,138853,0xCFF6600,1,8,00,00,FF,FF,FF,FF,FF,FF
1717910,138854,0x18FEF100,1,8,3F,00,00,FF,FF,FF,FF,FF
1717911,138855,0x18F00500,1,8,FF,FF,FF,FF,20,2D,FF,FF
1717911,138856,0x18FEF200,1,8,00,00,00,FB,00,00,00,FF
1717919,138857,0xCF00400,1,8,FF,FF,FF,00,00,FF,FF,FF
1717920,138858,0xCFF6600,1,8,00,00,FF,FF,FF,FF,FF,FF
1717939,138859,0xCF00400,1,8,FF,FF,FF,00,00,FF,FF,FF
1717940,138860,0xCFF6600,1,8,00,00,FF,FF,FF,FF,FF,FF
1717959,138861,0xCF00400,1,8,FF,FF,FF,00,00,FF,FF,FF
1717960,138862,0xCFF6600,1,8,00,00,FF,FF,FF,FF,FF,FF
1717979,138863,0xCF00400,1,8,FF,FF,FF,00,00,FF,FF,FF
1717980,138864,0xCFF6600,1,8,00,00,FF,FF,FF,FF,FF,FF
1717999,138865,0xCF00400,1,8,FF,FF,FF,00,00,FF,FF,FF
1718000,138866,0xCFF6600,1,8,00,00,FF,FF,FF,FF,FF,FF
1718010,138867,0x18FEF100,1,8,3F,00,00,FF,FF,FF,FF,FF
1718011,138868,0x10FF6500,1,8,FC,FF,FF,FF,FF,FF,FF,FF
1718011,138869,0x18F00500,1,8,FF,FF,FF,FF,20,2D,FF,FF
1718012,138870,0x18FEF200,1,8,00,00,00,FB,00,00,00,FF
1718019,138871,0xCF00400,1,8,FF,FF,FF,00,00,FF,FF,FF
1718020,138872,0xCFF6600,1,8,00,00,FF,FF,FF,FF,FF,FF
1718039,138873,0xCF00400,1,8,FF,FF,FF,00,00,FF,FF,FF
1718040,138874,0xCFF6600,1,8,00,00,FF,FF,FF,FF,FF,FF
1718059,138875,0xCF00400,1,8,FF,FF,FF,00,00,FF,FF,FF
1718060,138876,0xCFF6600,1,8,00,00,FF,FF,FF,FF,FF,FF
1718079,138877,0xCF00400,1,8,FF,FF,FF,00,00,FF,FF,FF
1718080,138878,0xCFF6600,1,8,00,00,FF,FF,FF,FF,FF,FF
1718099,138879,0xCF00400,1,8,FF,FF,FF,00,00,FF,FF,FF
1718100,138880,0xCFF6600,1,8,00,00,FF,FF,FF,FF,FF,FF
1718110,138881,0x18FEF100,1,8,3F,00,00,FF,FF,FF,FF,FF
1718111,138882,0x18F00500,1,8,FF,FF,FF,FF,20,2D,FF,FF
1718111,138883,0x18F00600,1,8,FF,FF,FF,FF,FF,FF,FF,FF
1718112,138884,0x18FEF200,1,8,00,00,00,FB,00,00,00,FF
1718113,138885,0x1CFDDF00,1,8,FE,FF,FF,FF,FF,FF,FF,FF
1718113,138886,0x1CFF6A00,1,8,FC,FF,FF,FF,FF,FF,FF,FF
1718119,138887,0xCF00400,1,8,FF,FF,FF,00,00,FF,FF,FF
1718120,138888,0xCFF6600,1,8,00,00,FF,FF,FF,FF,FF,FF
1718139,138889,0xCF00400,1,8,FF,FF,FF,00,00,FF,FF,FF
1718140,138890,0xCFF6600,1,8,00,00,FF,FF,FF,FF,FF,FF
1718159,138891,0xCF00400,1,8,FF,FF,FF,00,00,FF,FF,FF
1718160,138892,0xCFF6600,1,8,00,00,FF,FF,FF,FF,FF,FF
1718179,138893,0xCF00400,1,8,FF,FF,FF,00,00,FF,FF,FF
1718180,138894,0xCFF6600,1,8,00,00,FF,FF,FF,FF,FF,FF
1718199,138895,0xCF00400,1,8,FF,FF,FF,00,00,FF,FF,FF
1718200,138896,0xCFF6600,1,8,00,00,FF,FF,FF,FF,FF,FF
1718210,138897,0x18FEF100,1,8,3F,00,00,FF,FF,FF,FF,FF
1718211,138898,0x10FF6500,1,8,FC,FF,FF,FF,FF,FF,FF,FF
1718211,138899,0x18F00500,1,8,FF,FF,FF,FF,20,2D,FF,FF
1718212,138900,0x18FEF200,1,8,00,00,00,FB,00,00,00,FF
1718219,138901,0xCF00400,1,8,FF,FF,FF,00,00,FF,FF,FF
1718220,138902,0xCFF6600,1,8,00,00,FF,FF,FF,FF,FF,FF
1718239,138903,0xCF00400,1,8,FF,FF,FF,00,00,FF,FF,FF
1718240,138904,0xCFF6600,1,8,00,00,FF,FF,FF,FF,FF,FF
1718259,138905,0xCF00400,1,8,FF,FF,FF,00,00,FF,FF,FF
1718260,138906,0xCFF6600,1,8,00,00,FF,FF,FF,FF,FF,FF
1718269,138907,0x18FEEE00,1,8,63,FF,FF,FF,FF,FF,FF,FF
1718270,138908,0x18FDE500,1,8,0A,14,1E,28,32,3C,46,13
1718279,138909,0xCF00400,1,8,FF,FF,FF,00,00,FF,FF,FF
1718280,138910,0xCFF6600,1,8,00,00,FF,FF,FF,FF,FF,FF
1718289,138911,0x1CECFF00,1,8,20,0A,00,02,FF,CA,FE,00
1718299,138912,0xCF00400,1,8,FF,FF,FF,00,00,FF,FF,FF
1718300,138913,0xCFF6600,1,8,00,00,FF,FF,FF,FF,FF,FF
1718310,138914,0x18FEF100,1,8,3F,00,00,FF,FF,FF,FF,FF
1718311,138915,0x18F00500,1,8,FF,FF,FF,FF,20,2D,FF,FF
1718312,138916,0x18FEF200,1,8,00,00,00,FB,00,00,00,FF
1718319,138917,0xCF00400,1,8,FF,FF,FF,00,00,FF,FF,FF
1718320,138918,0xCFF6600,1,8,00,00,FF,FF,FF,FF,FF,FF
1718339,138919,0xCF00400,1,8,FF,FF,FF,00,00,FF,FF,FF
1718340,138920,0xCFF6600,1,8,00,00,FF,FF,FF,FF,FF,FF
1718341,138921,0x1CEBFF00,1,8,01,40,FF,0F,F0,E5,01,02
1718359,138922,0xCF00400,1,8,FF,FF,FF,00,00,FF,FF,FF
1718360,138923,0xCFF6600,1,8,00,00,FF,FF,FF,FF,FF,FF
1718379,138924,0xCF00400,1,8,FF,FF,FF,00,00,FF,FF,FF
1718380,138925,0xCFF6600,1,8,00,00,FF,FF,FF,FF,FF,FF
1718389,138926,0x1CEBFF00,1,8,02,F0,E3,01,FF,FF,FF,FF
1718399,138927,0xCF00400,1,8,FF,FF,FF,00,00,FF,FF,FF
1718400,138928,0xCFF6600,1,8,00,00,FF,FF,FF,FF,FF,FF
1718410,138929,0x18FEF100,1,8,3F,00,00,FF,FF,FF,FF,FF
1718411,138930,0x10FF6500,1,8,FC,FF,FF,FF,FF,FF,FF,FF
1718411,138931,0x18F00500,1,8,FF,FF,FF,FF,20,2D,FF,FF
1718412,138932,0x18FEF200,1,8,00,00,00,FB,00,00,00,FF
1718419,138933,0xCF00400,1,8,FF,FF,FF,00,00,FF,FF,FF
1718420,138934,0xCFF6600,1,8,00,00,FF,FF,FF,FF,FF,FF
1718439,138935,0xCF00400,1,8,FF,FF,FF,00,00,FF,FF,FF
1718440,138936,0xCFF6600,1,8,00,00,FF,FF,FF,FF,FF,FF
1718459,138937,0xCF00400,1,8,FF,FF,FF,00,00,FF,FF,FF
1718460,138938,0xCFF6600,1,8,00,00,FF,FF,FF,FF,FF,FF
1718479,138939,0xCF00400,1,8,FF,FF,FF,00,00,FF,FF,FF
1718480,138940,0xCFF6600,1,8,00,00,FF,FF,FF,FF,FF,FF
1718499,138941,0xCF00400,1,8,FF,FF,FF,00,00,FF,FF,FF
1718500,138942,0xCFF6600,1,8,00,00,FF,FF,FF,FF,FF,FF
1718510,138943,0x18FEF100,1,8,3F,00,00,FF,FF,FF,FF,FF
1718511,138944,0x18F00500,1,8,FF,FF,FF,FF,20,2D,FF,FF
1718512,138945,0x18FEF200,1,8,00,00,00,FB,00,00,00,FF
1718519,138946,0xCF00400,1,8,FF,FF,FF,00,00,FF,FF,FF
1718520,138947,0xCFF6600,1,8,00,00,FF,FF,FF,FF,FF,FF
1718539,138948,0xCF00400,1,8,FF,FF,FF,00,00,FF,FF,FF
1718540,138949,0xCFF6600,1,8,00,00,FF,FF,FF,FF,FF,FF
1718559,138950,0xCF00400,1,8,FF,FF,FF,00,00,FF,FF,FF
1718560,138951,0xCFF6600,1,8,00,00,FF,FF,FF,FF,FF,FF
1718579,138952,0xCF00400,1,8,FF,FF,FF,00,00,FF,FF,FF
1718580,138953,0xCFF6600,1,8,00,00,FF,FF,FF,FF,FF,FF
1718599,138954,0xCF00400,1,8,FF,FF,FF,00,00,FF,FF,FF
1718600,138955,0xCFF6600,1,8,00,00,FF,FF,FF,FF,FF,FF
1718610,138956,0x18FEF100,1,8,3F,00,00,FF,FF,FF,FF,FF
1718611,138957,0x10FF6500,1,8,FC,FF,FF,FF,FF,FF,FF,FF
1718611,138958,0x18F00500,1,8,FF,FF,FF,FF,20,2D,FF,FF
1718612,138959,0x18F00600,1,8,FF,FF,FF,FF,FF,FF,FF,FF
1718613,138960,0x18FEF200,1,8,00,00,00,FB,00,00,00,FF
1718613,138961,0x1CFDDF00,1,8,FE,FF,FF,FF,FF,FF,FF,FF
1718614,138962,0x1CFF6A00,1,8,FC,FF,FF,FF,FF,FF,FF,FF
1718619,138963,0xCF00400,1,8,FF,FF,FF,00,00,FF,FF,FF
1718620,138964,0xCFF6600,1,8,00,00,FF,FF,FF,FF,FF,FF
1718639,138965,0xCF00400,1,8,FF,FF,FF,00,00,FF,FF,FF
1718640,138966,0xCFF6600,1,8,00,00,FF,FF,FF,FF,FF,FF
1718659,138967,0xCF00400,1,8,FF,FF,FF,00,00,FF,FF,FF
1718660,138968,0xCFF6600,1,8,00,00,FF,FF,FF,FF,FF,FF
1718679,138969,0xCF00400,1,8,FF,FF,FF,00,00,FF,FF,FF
1718680,138970,0xCFF6600,1,8,00,00,FF,FF,FF,FF,FF,FF
1718699,138971,0xCF00400,1,8,FF,FF,FF,00,00,FF,FF,FF
1718700,138972,0xCFF6600,1,8,00,00,FF,FF,FF,FF,FF,FF
1718710,138973,0x18FEF100,1,8,3F,00,00,FF,FF,FF,FF,FF
1718711,138974,0x18F00500,1,8,FF,FF,FF,FF,20,2D,FF,FF
1718711,138975,0x18FEF200,1,8,00,00,00,FB,00,00,00,FF
1718719,138976,0xCF00400,1,8,FF,FF,FF,00,00,FF,FF,FF
1718720,138977,0xCFF6600,1,8,00,00,FF,FF,FF,FF,FF,FF
1718739,138978,0xCF00400,1,8,FF,FF,FF,00,00,FF,FF,FF
1718740,138979,0xCFF6600,1,8,00,00,FF,FF,FF,FF,FF,FF
1718759,138980,0xCF00400,1,8,FF,FF,FF,00,00,FF,FF,FF
1718760,138981,0xCFF6600,1,8,00,00,FF,FF,FF,FF,FF,FF
1718779,138982,0xCF00400,1,8,FF,FF,FF,00,00,FF,FF,FF
1718780,138983,0xCFF6600,1,8,00,00,FF,FF,FF,FF,FF,FF
1718799,138984,0xCF00400,1,8,FF,FF,FF,00,00,FF,FF,FF
1718800,138985,0xCFF6600,1,8,00,00,FF,FF,FF,FF,FF,FF
1718810,138986,0x18FEF100,1,8,3F,00,00,FF,FF,FF,FF,FF
1718811,138987,0x10FF6500,1,8,FC,FF,FF,FF,FF,FF,FF,FF
1718811,138988,0x18F00500,1,8,FF,FF,FF,FF,20,2D,FF,FF
1718812,138989,0x18FEF200,1,8,00,00,00,FB,00,00,00,FF
1718819,138990,0xCF00400,1,8,FF,FF,FF,00,00,FF,FF,FF
1718820,138991,0xCFF6600,1,8,00,00,FF,FF,FF,FF,FF,FF
1718839,138992,0xCF00400,1,8,FF,FF,FF,00,00,FF,FF,FF
1718840,138993,0xCFF6600,1,8,00,00,FF,FF,FF,FF,FF,FF
1718859,138994,0xCF00400,1,8,FF,FF,FF,00,00,FF,FF,FF
1718860,138995,0xCFF6600,1,8,00,00,FF,FF,FF,FF,FF,FF
1718879,138996,0xCF00400,1,8,FF,FF,FF,00,00,FF,FF,FF
1718880,138997,0xCFF6600,1,8,00,00,FF,FF,FF,FF,FF,FF
1718899,138998,0xCF00400,1,8,FF,FF,FF,00,00,FF,FF,FF
1718900,138999,0xCFF6600,1,8,00,00,FF,FF,FF,FF,FF,FF
1718910,139000,0x18FEF100,1,8,3F,00,00,FF,FF,FF,FF,FF
1718911,139001,0x18F00500,1,8,FF,FF,FF,FF,20,2D,FF,FF
1718912,139002,0x18FEF200,1,8,00,00,00,FB,00,00,00,FF
1718919,139003,0xCF00400,1,8,FF,FF,FF,00,00,FF,FF,FF
1718920,139004,0xCFF6600,1,8,00,00,FF,FF,FF,FF,FF,FF
1718939,139005,0xCF00400,1,8,FF,FF,FF,00,00,FF,FF,FF
1718940,139006,0xCFF6600,1,8,00,00,FF,FF,FF,FF,FF,FF
1718959,139007,0xCF00400,1,8,FF,FF,FF,00,00,FF,FF,FF
1718960,139008,0xCFF6600,1,8,00,00,FF,FF,FF,FF,FF,FF
1718979,139009,0xCF00400,1,8,FF,FF,FF,00,00,FF,FF,FF
1718980,139010,0xCFF6600,1,8,00,00,FF,FF,FF,FF,FF,FF
1718999,139011,0xCF00400,1,8,FF,FF,FF,00,00,FF,FF,FF
1719000,139012,0xCFF6600,1,8,00,00,FF,FF,FF,FF,FF,FF
1719010,139013,0x18FEF100,1,8,3F,00,00,FF,FF,FF,FF,FF
1719011,139014,0x10FF6500,1,8,FC,FF,FF,FF,FF,FF,FF,FF
1719011,139015,0x18F00500,1,8,FF,FF,FF,FF,20,2D,FF,FF
1719012,139016,0x18FEF200,1,8,00,00,00,FB,00,00,00,FF
1719019,139017,0xCF00400,1,8,FF,FF,FF,00,00,FF,FF,FF
1719020,139018,0xCFF6600,1,8,00,00,FF,FF,FF,FF,FF,FF
1719039,139019,0xCF00400,1,8,FF,FF,FF,00,00,FF,FF,FF
1719040,139020,0xCFF6600,1,8,00,00,FF,FF,FF,FF,FF,FF
1719059,139021,0xCF00400,1,8,FF,FF,FF,00,00,FF,FF,FF
1719060,139022,0xCFF6600,1,8,00,00,FF,FF,FF,FF,FF,FF
1719079,139023,0xCF00400,1,8,FF,FF,FF,00,00,FF,FF,FF
1719080,139024,0xCFF6600,1,8,00,00,FF,FF,FF,FF,FF,FF
1719099,139025,0xCF00400,1,8,FF,FF,FF,00,00,FF,FF,FF
1719100,139026,0xCFF6600,1,8,00,00,FF,FF,FF,FF,FF,FF
1719110,139027,0x18FEF100,1,8,3F,00,00,FF,FF,FF,FF,FF
1719111,139028,0x18F00500,1,8,FF,FF,FF,FF,20,2D,FF,FF
1719112,139029,0x18F00600,1,8,FF,FF,FF,FF,FF,FF,FF,FF
1719112,139030,0x18FEF200,1,8,00,00,00,FB,00,00,00,FF
1719113,139031,0x1CFDDF00,1,8,FE,FF,FF,FF,FF,FF,FF,FF
1719113,139032,0x1CFF6A00,1,8,FC,FF,FF,FF,FF,FF,FF,FF
1719119,139033,0xCF00400,1,8,FF,FF,FF,00,00,FF,FF,FF
1719120,139034,0xCFF6600,1,8,00,00,FF,FF,FF,FF,FF,FF
1719139,139035,0xCF00400,1,8,FF,FF,FF,00,00,FF,FF,FF
1719140,139036,0xCFF6600,1,8,00,00,FF,FF,FF,FF,FF,FF
1719159,139037,0xCF00400,1,8,FF,FF,FF,00,00,FF,FF,FF
1719160,139038,0xCFF6600,1,8,00,00,FF,FF,FF,FF,FF,FF
1719179,139039,0xCF00400,1,8,FF,FF,FF,00,00,FF,FF,FF
1719180,139040,0xCFF6600,1,8,00,00,FF,FF,FF,FF,FF,FF
1719199,139041,0xCF00400,1,8,FF,FF,FF,00,00,FF,FF,FF
1719200,139042,0xCFF6600,1,8,00,00,FF,FF,FF,FF,FF,FF
1719210,139043,0x18FEF100,1,8,3F,00,00,FF,FF,FF,FF,FF
1719211,139044,0x10FF6500,1,8,FC,FF,FF,FF,FF,FF,FF,FF
1719211,139045,0x18F00500,1,8,FF,FF,FF,FF,20,2D,FF,FF
1719212,139046,0x18FEF200,1,8,00,00,00,FB,00,00,00,FF
1719219,139047,0xCF00400,1,8,FF,FF,FF,00,00,FF,FF,FF
1719220,139048,0xCFF6600,1,8,00,00,FF,FF,FF,FF,FF,FF
1719239,139049,0xCF00400,1,8,FF,FF,FF,00,00,FF,FF,FF
1719240,139050,0xCFF6600,1,8,00,00,FF,FF,FF,FF,FF,FF
1719259,139051,0xCF00400,1,8,FF,FF,FF,00,00,FF,FF,FF
1719260,139052,0xCFF6600,1,8,00,00,FF,FF,FF,FF,FF,FF
1719269,139053,0x18FEEE00,1,8,63,FF,FF,FF,FF,FF,FF,FF
1719270,139054,0x18FDE500,1,8,0A,14,1E,28,32,3C,46,13
1719279,139055,0xCF00400,1,8,FF,FF,FF,00,00,FF,FF,FF
1719280,139056,0xCFF6600,1,8,00,00,FF,FF,FF,FF,FF,FF
1719289,139057,0x1CECFF00,1,8,20,0A,00,02,FF,CA,FE,00
1719299,139058,0xCF00400,1,8,FF,FF,FF,00,00,FF,FF,FF
1719300,139059,0xCFF6600,1,8,00,00,FF,FF,FF,FF,FF,FF
1719310,139060,0x18FEF100,1,8,3F,00,00,FF,FF,FF,FF,FF
1719311,139061,0x18F00500,1,8,FF,FF,FF,FF,20,2D,FF,FF
1719312,139062,0x18FEF200,1,8,00,00,00,FB,00,00,00,FF
1719319,139063,0xCF00400,1,8,FF,FF,FF,00,00,FF,FF,FF
1719320,139064,0xCFF6600,1,8,00,00,FF,FF,FF,FF,FF,FF
1719339,139065,0xCF00400,1,8,FF,FF,FF,00,00,FF,FF,FF
1719340,139066,0xCFF6600,1,8,00,00,FF,FF,FF,FF,FF,FF
1719341,139067,0x1CEBFF00,1,8,01,40,FF,0F,F0,E5,01,02
1719359,139068,0xCF00400,1,8,FF,FF,FF,00,00,FF,FF,FF
1719360,139069,0xCFF6600,1,8,00,00,FF,FF,FF,FF,FF,FF
1719379,139070,0xCF00400,1,8,FF,FF,FF,00,00,FF,FF,FF
1719380,139071,0xCFF6600,1,8,00,00,FF,FF,FF,FF,FF,FF
1719389,139072,0x1CEBFF00,1,8,02,F0,E3,01,FF,FF,FF,FF
1719399,139073,0xCF00400,1,8,FF,FF,FF,00,00,FF,FF,FF
1719400,139074,0xCFF6600,1,8,00,00,FF,FF,FF,FF,FF,FF
1719410,139075,0x18FEF100,1,8,3F,00,00,FF,FF,FF,FF,FF
1719411,139076,0x10FF6500,1,8,FC,FF,FF,FF,FF,FF,FF,FF
1719411,139077,0x18F00500,1,8,FF,FF,FF,FF,20,2D,FF,FF
1719412,139078,0x18FEF200,1,8,00,00,00,FB,00,00,00,FF
1719419,139079,0xCF00400,1,8,FF,FF,FF,00,00,FF,FF,FF
1719420,139080,0xCFF6600,1,8,00,00,FF,FF,FF,FF,FF,FF
1719439,139081,0xCF00400,1,8,FF,FF,FF,00,00,FF,FF,FF
1719440,139082,0xCFF6600,1,8,00,00,FF,FF,FF,FF,FF,FF
1719459,139083,0xCF00400,1,8,FF,FF,FF,00,00,FF,FF,FF
1719460,139084,0xCFF6600,1,8,00,00,FF,FF,FF,FF,FF,FF
1719479,139085,0xCF00400,1,8,FF,FF,FF,00,00,FF,FF,FF
1719480,139086,0xCFF6600,1,8,00,00,FF,FF,FF,FF,FF,FF
1719499,139087,0xCF00400,1,8,FF,FF,FF,00,00,FF,FF,FF
1719500,139088,0xCFF6600,1,8,00,00,FF,FF,FF,FF,FF,FF
1719510,139089,0x18FEF100,1,8,3F,00,00,FF,FF,FF,FF,FF
1719511,139090,0x18F00500,1,8,FF,FF,FF,FF,20,2D,FF,FF
1719511,139091,0x18FEF200,1,8,00,00,00,FB,00,00,00,FF
1719519,139092,0xCF00400,1,8,FF,FF,FF,00,00,FF,FF,FF
1719520,139093,0xCFF6600,1,8,00,00,FF,FF,FF,FF,FF,FF
1719539,139094,0xCF00400,1,8,FF,FF,FF,00,00,FF,FF,FF
1719540,139095,0xCFF6600,1,8,00,00,FF,FF,FF,FF,FF,FF
1719559,139096,0xCF00400,1,8,FF,FF,FF,00,00,FF,FF,FF
1719560,139097,0xCFF6600,1,8,00,00,FF,FF,FF,FF,FF,FF
1719579,139098,0xCF00400,1,8,FF,FF,FF,00,00,FF,FF,FF
1719580,139099,0xCFF6600,1,8,00,00,FF,FF,FF,FF,FF,FF
1719599,139100,0xCF00400,1,8,FF,FF,FF,00,00,FF,FF,FF
1719600,139101,0xCFF6600,1,8,00,00,FF,FF,FF,FF,FF,FF
1719610,139102,0x18FEF100,1,8,3F,00,00,FF,FF,FF,FF,FF
1719611,139103,0x10FF6500,1,8,FC,FF,FF,FF,FF,FF,FF,FF
1719611,139104,0x18F00500,1,8,FF,FF,FF,FF,20,2D,FF,FF
1719612,139105,0x18F00600,1,8,FF,FF,FF,FF,FF,FF,FF,FF
1719613,139106,0x18FEF200,1,8,00,00,00,FB,00,00,00,FF
1719613,139107,0x1CFDDF00,1,8,FE,FF,FF,FF,FF,FF,FF,FF
1719614,139108,0x1CFF6A00,1,8,FC,FF,FF,FF,FF,FF,FF,FF
1719619,139109,0xCF00400,1,8,FF,FF,FF,00,00,FF,FF,FF
1719620,139110,0xCFF6600,1,8,00,00,FF,FF,FF,FF,FF,FF
1719639,139111,0xCF00400,1,8,FF,FF,FF,00,00,FF,FF,FF
1719640,139112,0xCFF6600,1,8,00,00,FF,FF,FF,FF,FF,FF
1719659,139113,0xCF00400,1,8,FF,FF,FF,00,00,FF,FF,FF
1719660,139114,0xCFF6600,1,8,00,00,FF,FF,FF,FF,FF,FF
1719679,139115,0xCF00400,1,8,FF,FF,FF,00,00,FF,FF,FF
1719680,139116,0xCFF6600,1,8,00,00,FF,FF,FF,FF,FF,FF
1719699,139117,0xCF00400,1,8,FF,FF,FF,00,00,FF,FF,FF
1719700,139118,0xCFF6600,1,8,00,00,FF,FF,FF,FF,FF,FF
1719710,139119,0x18FEF100,1,8,3F,00,00,FF,FF,FF,FF,FF
1719711,139120,0x18F00500,1,8,FF,FF,FF,FF,20,2D,FF,FF
1719711,139121,0x18FEF200,1,8,00,00,00,FB,00,00,00,FF
1719719,139122,0xCF00400,1,8,FF,FF,FF,00,00,FF,FF,FF
1719720,139123,0xCFF6600,1,8,00,00,FF,FF,FF,FF,FF,FF
1719739,139124,0xCF00400,1,8,FF,FF,FF,00,00,FF,FF,FF
1719740,139125,0xCFF6600,1,8,00,00,FF,FF,FF,FF,FF,FF
1719759,139126,0xCF00400,1,8,FF,FF,FF,00,00,FF,FF,FF
1719760,139127,0xCFF6600,1,8,00,00,FF,FF,FF,FF,FF,FF
1719779,139128,0xCF00400,1,8,FF,FF,FF,00,00,FF,FF,FF
1719780,139129,0xCFF6600,1,8,00,00,FF,FF,FF,FF,FF,FF
1719799,139130,0xCF00400,1,8,FF,FF,FF,00,00,FF,FF,FF
1719800,139131,0xCFF6600,1,8,00,00,FF,FF,FF,FF,FF,FF
1719810,139132,0x18FEF100,1,8,3F,00,00,FF,FF,FF,FF,FF
1719811,139133,0x10FF6500,1,8,FC,FF,FF,FF,FF,FF,FF,FF
1719811,139134,0x18F00500,1,8,FF,FF,FF,FF,20,2D,FF,FF
1719812,139135,0x18FEF200,1,8,00,00,00,FB,00,00,00,FF
1719819,139136,0xCF00400,1,8,FF,FF,FF,00,00,FF,FF,FF
1719820,139137,0xCFF6600,1,8,00,00,FF,FF,FF,FF,FF,FF
1719839,139138,0xCF00400,1,8,FF,FF,FF,00,00,FF,FF,FF
1719840,139139,0xCFF6600,1,8,00,00,FF,FF,FF,FF,FF,FF
1719859,139140,0xCF00400,1,8,FF,FF,FF,00,00,FF,FF,FF
1719860,139141,0xCFF6600,1,8,00,00,FF,FF,FF,FF,FF,FF
1719879,139142,0xCF00400,1,8,FF,FF,FF,00,00,FF,FF,FF
1719880,139143,0xCFF6600,1,8,00,00,FF,FF,FF,FF,FF,FF
1719899,139144,0xCF00400,1,8,FF,FF,FF,00,00,FF,FF,FF
1719900,139145,0xCFF6600,1,8,00,00,FF,FF,FF,FF,FF,FF
1719910,139146,0x18FEF100,1,8,3F,00,00,FF,FF,FF,FF,FF
1719911,139147,0x18F00500,1,8,FF,FF,FF,FF,20,2D,FF,FF
1719912,139148,0x18FEF200,1,8,00,00,00,FB,00,00,00,FF
1719919,139149,0xCF00400,1,8,FF,FF,FF,00,00,FF,FF,FF
1719920,139150,0xCFF6600,1,8,00,00,FF,FF,FF,FF,FF,FF
1719939,139151,0xCF00400,1,8,FF,FF,FF,00,00,FF,FF,FF
1719940,139152,0xCFF6600,1,8,00,00,FF,FF,FF,FF,FF,FF
1719959,139153,0xCF00400,1,8,FF,FF,FF,00,00,FF,FF,FF
1719960,139154,0xCFF6600,1,8,00,00,FF,FF,FF,FF,FF,FF
1719979,139155,0xCF00400,1,8,FF,FF,FF,00,00,FF,FF,FF
1719980,139156,0xCFF6600,1,8,00,00,FF,FF,FF,FF,FF,FF
1719999,139157,0xCF00400,1,8,FF,FF,FF,00,00,FF,FF,FF
1720000,139158,0xCFF6600,1,8,00,00,FF,FF,FF,FF,FF,FF
1720010,139159,0x18FEF100,1,8,3F,00,00,FF,FF,FF,FF,FF
1720011,139160,0x10FF6500,1,8,FC,FF,FF,FF,FF,FF,FF,FF
1720011,139161,0x18F00500,1,8,FF,FF,FF,FF,20,2D,FF,FF
1720012,139162,0x18FEF200,1,8,00,00,00,FB,00,00,00,FF
1720019,139163,0xCF00400,1,8,FF,FF,FF,00,00,FF,FF,FF
1720020,139164,0xCFF6600,1,8,00,00,FF,FF,FF,FF,FF,FF
1720039,139165,0xCF00400,1,8,FF,FF,FF,00,00,FF,FF,FF
1720040,139166,0xCFF6600,1,8,00,00,FF,FF,FF,FF,FF,FF
1720059,139167,0xCF00400,1,8,FF,FF,FF,00,00,FF,FF,FF
1720060,139168,0xCFF6600,1,8,00,00,FF,FF,FF,FF,FF,FF
1720079,139169,0xCF00400,1,8,FF,FF,FF,00,00,FF,FF,FF
1720080,139170,0xCFF6600,1,8,00,00,FF,FF,FF,FF,FF,FF
1720099,139171,0xCF00400,1,8,FF,FF,FF,00,00,FF,FF,FF
1720100,139172,0xCFF6600,1,8,00,00,FF,FF,FF,FF,FF,FF
1720110,139173,0x18FEF100,1,8,3F,00,00,FF,FF,FF,FF,FF
1720111,139174,0x18F00500,1,8,FF,FF,FF,FF,20,2D,FF,FF
1720112,139175,0x18F00600,1,8,FF,FF,FF,FF,FF,FF,FF,FF
1720112,139176,0x18FEF200,1,8,00,00,00,FB,00,00,00,FF
1720113,139177,0x1CFDDF00,1,8,FE,FF,FF,FF,FF,FF,FF,FF
1720113,139178,0x1CFF6A00,1,8,FC,FF,FF,FF,FF,FF,FF,FF
1720119,139179,0xCF00400,1,8,FF,FF,FF,00,00,FF,FF,FF
1720120,139180,0xCFF6600,1,8,00,00,FF,FF,FF,FF,FF,FF
1720139,139181,0xCF00400,1,8,FF,FF,FF,00,00,FF,FF,FF
1720140,139182,0xCFF6600,1,8,00,00,FF,FF,FF,FF,FF,FF
1720159,139183,0xCF00400,1,8,FF,FF,FF,00,00,FF,FF,FF
1720160,139184,0xCFF6600,1,8,00,00,FF,FF,FF,FF,FF,FF
1720179,139185,0xCF00400,1,8,FF,FF,FF,00,00,FF,FF,FF
1720180,139186,0xCFF6600,1,8,00,00,FF,FF,FF,FF,FF,FF
1720199,139187,0xCF00400,1,8,FF,FF,FF,00,00,FF,FF,FF
1720200,139188,0xCFF6600,1,8,00,00,FF,FF,FF,FF,FF,FF
1720210,139189,0x18FEF100,1,8,3F,00,00,FF,FF,FF,FF,FF
1720211,139190,0x10FF6500,1,8,FC,FF,FF,FF,FF,FF,FF,FF
1720211,139191,0x18F00500,1,8,FF,FF,FF,FF,20,2D,FF,FF
1720212,139192,0x18FEF200,1,8,00,00,00,FB,00,00,00,FF
1720219,139193,0xCF00400,1,8,FF,FF,FF,00,00,FF,FF,FF
1720220,139194,0xCFF6600,1,8,00,00,FF,FF,FF,FF,FF,FF
1720239,139195,0xCF00400,1,8,FF,FF,FF,00,00,FF,FF,FF
1720240,139196,0xCFF6600,1,8,00,00,FF,FF,FF,FF,FF,FF
1720259,139197,0xCF00400,1,8,FF,FF,FF,00,00,FF,FF,FF
1720260,139198,0xCFF6600,1,8,00,00,FF,FF,FF,FF,FF,FF
1720269,139199,0x18FEEE00,1,8,63,FF,FF,FF,FF,FF,FF,FF
1720270,139200,0x18FDE500,1,8,0A,14,1E,28,32,3C,46,13
1720279,139201,0xCF00400,1,8,FF,FF,FF,00,00,FF,FF,FF
1720280,139202,0xCFF6600,1,8,00,00,FF,FF,FF,FF,FF,FF
1720289,139203,0x1CECFF00,1,8,20,0A,00,02,FF,CA,FE,00
1720299,139204,0xCF00400,1,8,FF,FF,FF,00,00,FF,FF,FF
1720300,139205,0xCFF6600,1,8,00,00,FF,FF,FF,FF,FF,FF
1720310,139206,0x18FEF100,1,8,3F,00,00,FF,FF,FF,FF,FF
1720311,139207,0x18F00500,1,8,FF,FF,FF,FF,20,2D,FF,FF
1720311,139208,0x18FEF200,1,8,00,00,00,FB,00,00,00,FF
1720319,139209,0xCF00400,1,8,FF,FF,FF,00,00,FF,FF,FF
1720320,139210,0xCFF6600,1,8,00,00,FF,FF,FF,FF,FF,FF
1720339,139211,0xCF00400,1,8,FF,FF,FF,00,00,FF,FF,FF
1720340,139212,0xCFF6600,1,8,00,00,FF,FF,FF,FF,FF,FF
1720341,139213,0x1CEBFF00,1,8,01,40,FF,0F,F0,E5,01,02
1720359,139214,0xCF00400,1,8,FF,FF,FF,00,00,FF,FF,FF
1720360,139215,0xCFF6600,1,8,00,00,FF,FF,FF,FF,FF,FF
1720379,139216,0xCF00400,1,8,FF,FF,FF,00,00,FF,FF,FF
1720380,139217,0xCFF6600,1,8,00,00,FF,FF,FF,FF,FF,FF
1720389,139218,0x1CEBFF00,1,8,02,F0,E3,01,FF,FF,FF,FF
1720399,139219,0xCF00400,1,8,FF,FF,FF,00,00,FF,FF,FF
1720400,139220,0xCFF6600,1,8,00,00,FF,FF,FF,FF,FF,FF
1720410,139221,0x18FEF100,1,8,3F,00,00,FF,FF,FF,FF,FF
1720411,139222,0x10FF6500,1,8,FC,FF,FF,FF,FF,FF,FF,FF
1720411,139223,0x18F00500,1,8,FF,FF,FF,FF,20,2D,FF,FF
1720412,139224,0x18FEF200,1,8,00,00,00,FB,00,00,00,FF
1720419,139225,0xCF00400,1,8,FF,FF,FF,00,00,FF,FF,FF
1720420,139226,0xCFF6600,1,8,00,00,FF,FF,FF,FF,FF,FF
1720439,139227,0xCF00400,1,8,FF,FF,FF,00,00,FF,FF,FF
1720440,139228,0xCFF6600,1,8,00,00,FF,FF,FF,FF,FF,FF
1720459,139229,0xCF00400,1,8,FF,FF,FF,00,00,FF,FF,FF
1720460,139230,0xCFF6600,1,8,00,00,FF,FF,FF,FF,FF,FF
1720479,139231,0xCF00400,1,8,FF,FF,FF,00,00,FF,FF,FF
1720480,139232,0xCFF6600,1,8,00,00,FF,FF,FF,FF,FF,FF
1720499,139233,0xCF00400,1,8,FF,FF,FF,00,00,FF,FF,FF
1720500,139234,0xCFF6600,1,8,00,00,FF,FF,FF,FF,FF,FF
1720510,139235,0x18FEF100,1,8,3F,00,00,FF,FF,FF,FF,FF
1720511,139236,0x18F00500,1,8,FF,FF,FF,FF,20,2D,FF,FF
1720511,139237,0x18FEF200,1,8,00,00,00,FB,00,00,00,FF
1720519,139238,0xCF00400,1,8,FF,FF,FF,00,00,FF,FF,FF
1720520,139239,0xCFF6600,1,8,00,00,FF,FF,FF,FF,FF,FF
1720539,139240,0xCF00400,1,8,FF,FF,FF,00,00,FF,FF,FF
1720540,139241,0xCFF6600,1,8,00,00,FF,FF,FF,FF,FF,FF
1720559,139242,0xCF00400,1,8,FF,FF,FF,00,00,FF,FF,FF
1720560,139243,0xCFF6600,1,8,00,00,FF,FF,FF,FF,FF,FF
1720579,139244,0xCF00400,1,8,FF,FF,FF,00,00,FF,FF,FF
1720580,139245,0xCFF6600,1,8,00,00,FF,FF,FF,FF,FF,FF
1720599,139246,0xCF00400,1,8,FF,FF,FF,00,00,FF,FF,FF
1720600,139247,0xCFF6600,1,8,00,00,FF,FF,FF,FF,FF,FF
1720610,139248,0x18FEF100,1,8,3F,00,00,FF,FF,FF,FF,FF
1720611,139249,0x10FF6500,1,8,FC,FF,FF,FF,FF,FF,FF,FF
1720611,139250,0x18F00500,1,8,FF,FF,FF,FF,20,2D,FF,FF
1720612,139251,0x18F00600,1,8,FF,FF,FF,FF,FF,FF,FF,FF
1720613,139252,0x18FEF200,1,8,00,00,00,FB,00,00,00,FF
1720613,139253,0x1CFDDF00,1,8,FE,FF,FF,FF,FF,FF,FF,FF
1720614,139254,0x1CFF6A00,1,8,FC,FF,FF,FF,FF,FF,FF,FF
1720619,139255,0xCF00400,1,8,FF,FF,FF,00,00,FF,FF,FF
1720620,139256,0xCFF6600,1,8,00,00,FF,FF,FF,FF,FF,FF
1720639,139257,0xCF00400,1,8,FF,FF,FF,00,00,FF,FF,FF
1720640,139258,0xCFF6600,1,8,00,00,FF,FF,FF,FF,FF,FF
1720659,139259,0xCF00400,1,8,FF,FF,FF,00,00,FF,FF,FF
1720660,139260,0xCFF6600,1,8,00,00,FF,FF,FF,FF,FF,FF
1720679,139261,0xCF00400,1,8,FF,FF,FF,00,00,FF,FF,FF
1720680,139262,0xCFF6600,1,8,00,00,FF,FF,FF,FF,FF,FF
1720699,139263,0xCF00400,1,8,FF,FF,FF,00,00,FF,FF,FF
1720700,139264,0xCFF6600,1,8,00,00,FF,FF,FF,FF,FF,FF
1720710,139265,0x18FEF100,1,8,3F,00,00,FF,FF,FF,FF,FF
1720711,139266,0x18F00500,1,8,FF,FF,FF,FF,20,2D,FF,FF
1720712,139267,0x18FEF200,1,8,00,00,00,FB,00,00,00,FF
1720719,139268,0xCF00400,1,8,FF,FF,FF,00,00,FF,FF,FF
1720720,139269,0xCFF6600,1,8,00,00,FF,FF,FF,FF,FF,FF
1720739,139270,0xCF00400,1,8,FF,FF,FF,00,00,FF,FF,FF
1720740,139271,0xCFF6600,1,8,00,00,FF,FF,FF,FF,FF,FF
1720759,139272,0xCF00400,1,8,FF,FF,FF,00,00,FF,FF,FF
1720760,139273,0xCFF6600,1,8,00,00,FF,FF,FF,FF,FF,FF
1720779,139274,0xCF00400,1,8,FF,FF,FF,00,00,FF,FF,FF
1720780,139275,0xCFF6600,1,8,00,00,FF,FF,FF,FF,FF,FF
1720799,139276,0xCF00400,1,8,FF,FF,FF,00,00,FF,FF,FF
1720800,139277,0xCFF6600,1,8,00,00,FF,FF,FF,FF,FF,FF
1720810,139278,0x18FEF100,1,8,3F,00,00,FF,FF,FF,FF,FF
1720811,139279,0x10FF6500,1,8,FC,FF,FF,FF,FF,FF,FF,FF
1720811,139280,0x18F00500,1,8,FF,FF,FF,FF,20,2D,FF,FF
1720812,139281,0x18FEF200,1,8,00,00,00,FB,00,00,00,FF
1720819,139282,0xCF00400,1,8,FF,FF,FF,00,00,FF,FF,FF
1720820,139283,0xCFF6600,1,8,00,00,FF,FF,FF,FF,FF,FF
1720839,139284,0xCF00400,1,8,FF,FF,FF,00,00,FF,FF,FF
1720840,139285,0xCFF6600,1,8,00,00,FF,FF,FF,FF,FF,FF
1720859,139286,0xCF00400,1,8,FF,FF,FF,00,00,FF,FF,FF
1720860,139287,0xCFF6600,1,8,00,00,FF,FF,FF,FF,FF,FF
1720879,139288,0xCF00400,1,8,FF,FF,FF,00,00,FF,FF,FF
1720880,139289,0xCFF6600,1,8,00,00,FF,FF,FF,FF,FF,FF
1720899,139290,0xCF00400,1,8,FF,FF,FF,00,00,FF,FF,FF
1720900,139291,0xCFF6600,1,8,00,00,FF,FF,FF,FF,FF,FF
1720910,139292,0x18FEF100,1,8,3F,00,00,FF,FF,FF,FF,FF
1720911,139293,0x18F00500,1,8,FF,FF,FF,FF,20,2D,FF,FF
1720912,139294,0x18FEF200,1,8,00,00,00,FB,00,00,00,FF
1720919,139295,0xCF00400,1,8,FF,FF,FF,00,00,FF,FF,FF
1720920,139296,0xCFF6600,1,8,00,00,FF,FF,FF,FF,FF,FF
1720939,139297,0xCF00400,1,8,FF,FF,FF,00,00,FF,FF,FF
1720940,139298,0xCFF6600,1,8,00,00,FF,FF,FF,FF,FF,FF
1720959,139299,0xCF00400,1,8,FF,FF,FF,00,00,FF,FF,FF
1720960,139300,0xCFF6600,1,8,00,00,FF,FF,FF,FF,FF,FF
1720979,139301,0xCF00400,1,8,FF,FF,FF,00,00,FF,FF,FF
1720980,139302,0xCFF6600,1,8,00,00,FF,FF,FF,FF,FF,FF
1720999,139303,0xCF00400,1,8,FF,FF,FF,00,00,FF,FF,FF
1721000,139304,0xCFF6600,1,8,00,00,FF,FF,FF,FF,FF,FF
1721010,139305,0x18FEF100,1,8,3F,00,00,FF,FF,FF,FF,FF
1721011,139306,0x10FF6500,1,8,FC,FF,FF,FF,FF,FF,FF,FF
1721011,139307,0x18F00500,1,8,FF,FF,FF,FF,20,2D,FF,FF
1721012,139308,0x18FEF200,1,8,00,00,00,FB,00,00,00,FF
1721019,139309,0xCF00400,1,8,FF,FF,FF,00,00,FF,FF,FF
1721020,139310,0xCFF6600,1,8,00,00,FF,FF,FF,FF,FF,FF
1721039,139311,0xCF00400,1,8,FF,FF,FF,00,00,FF,FF,FF
1721040,139312,0xCFF6600,1,8,00,00,FF,FF,FF,FF,FF,FF
1721059,139313,0xCF00400,1,8,FF,FF,FF,00,00,FF,FF,FF
1721060,139314,0xCFF6600,1,8,00,00,FF,FF,FF,FF,FF,FF
1721079,139315,0xCF00400,1,8,FF,FF,FF,00,00,FF,FF,FF
1721080,139316,0xCFF6600,1,8,00,00,FF,FF,FF,FF,FF,FF
1721099,139317,0xCF00400,1,8,FF,FF,FF,00,00,FF,FF,FF
1721100,139318,0xCFF6600,1,8,00,00,FF,FF,FF,FF,FF,FF
1721110,139319,0x18FEF100,1,8,3F,00,00,FF,FF,FF,FF,FF
1721111,139320,0x18F00500,1,8,FF,FF,FF,FF,20,2D,FF,FF
1721111,139321,0x18F00600,1,8,FF,FF,FF,FF,FF,FF,FF,FF
1721112,139322,0x18FEF200,1,8,00,00,00,FB,00,00,00,FF
1721113,139323,0x1CFDDF00,1,8,FE,FF,FF,FF,FF,FF,FF,FF
1721113,139324,0x1CFF6A00,1,8,FC,FF,FF,FF,FF,FF,FF,FF
1721119,139325,0xCF00400,1,8,FF,FF,FF,00,00,FF,FF,FF
1721120,139326,0xCFF6600,1,8,00,00,FF,FF,FF,FF,FF,FF
1721139,139327,0xCF00400,1,8,FF,FF,FF,00,00,FF,FF,FF
1721140,139328,0xCFF6600,1,8,00,00,FF,FF,FF,FF,FF,FF
1721159,139329,0xCF00400,1,8,FF,FF,FF,00,00,FF,FF,FF
1721160,139330,0xCFF6600,1,8,00,00,FF,FF,FF,FF,FF,FF
1721179,139331,0xCF00400,1,8,FF,FF,FF,00,00,FF,FF,FF
1721180,139332,0xCFF6600,1,8,00,00,FF,FF,FF,FF,FF,FF
1721199,139333,0xCF00400,1,8,FF,FF,FF,00,00,FF,FF,FF
1721200,139334,0xCFF6600,1,8,00,00,FF,FF,FF,FF,FF,FF
1721210,139335,0x18FEF100,1,8,3F,00,00,FF,FF,FF,FF,FF
1721211,139336,0x10FF6500,1,8,FC,FF,FF,FF,FF,FF,FF,FF
1721211,139337,0x18F00500,1,8,FF,FF,FF,FF,20,2D,FF,FF
1721212,139338,0x18FEF200,1,8,00,00,00,FB,00,00,00,FF
1721219,139339,0xCF00400,1,8,FF,FF,FF,00,00,FF,FF,FF
1721220,139340,0xCFF6600,1,8,00,00,FF,FF,FF,FF,FF,FF
1721239,139341,0xCF00400,1,8,FF,FF,FF,00,00,FF,FF,FF
1721240,139342,0xCFF6600,1,8,00,00,FF,FF,FF,FF,FF,FF
1721259,139343,0xCF00400,1,8,FF,FF,FF,00,00,FF,FF,FF
1721260,139344,0xCFF6600,1,8,00,00,FF,FF,FF,FF,FF,FF
1721269,139345,0x18FEEE00,1,8,63,FF,FF,FF,FF,FF,FF,FF
1721270,139346,0x18FDE500,1,8,0A,14,1E,28,32,3C,46,13
1721279,139347,0xCF00400,1,8,FF,FF,FF,00,00,FF,FF,FF
1721280,139348,0xCFF6600,1,8,00,00,FF,FF,FF,FF,FF,FF
1721289,139349,0x1CECFF00,1,8,20,0A,00,02,FF,CA,FE,00
1721299,139350,0xCF00400,1,8,FF,FF,FF,00,00,FF,FF,FF
1721300,139351,0xCFF6600,1,8,00,00,FF,FF,FF,FF,FF,FF
1721310,139352,0x18FEF100,1,8,3F,00,00,FF,FF,FF,FF,FF
1721311,139353,0x18F00500,1,8,FF,FF,FF,FF,20,2D,FF,FF
1721312,139354,0x18FEF200,1,8,00,00,00,FB,00,00,00,FF
1721319,139355,0xCF00400,1,8,FF,FF,FF,00,00,FF,FF,FF
1721320,139356,0xCFF6600,1,8,00,00,FF,FF,FF,FF,FF,FF
1721339,139357,0xCF00400,1,8,FF,FF,FF,00,00,FF,FF,FF
1721340,139358,0xCFF6600,1,8,00,00,FF,FF,FF,FF,FF,FF
1721341,139359,0x1CEBFF00,1,8,01,40,FF,0F,F0,E5,01,02
1721359,139360,0xCF00400,1,8,FF,FF,FF,00,00,FF,FF,FF
1721360,139361,0xCFF6600,1,8,00,00,FF,FF,FF,FF,FF,FF
1721379,139362,0xCF00400,1,8,FF,FF,FF,00,00,FF,FF,FF
1721380,139363,0xCFF6600,1,8,00,00,FF,FF,FF,FF,FF,FF
1721389,139364,0x1CEBFF00,1,8,02,F0,E3,01,FF,FF,FF,FF
1721399,139365,0xCF00400,1,8,FF,FF,FF,00,00,FF,FF,FF
1721400,139366,0xCFF6600,1,8,00,00,FF,FF,FF,FF,FF,FF
1721410,139367,0x18FEF100,1,8,3F,00,00,FF,FF,FF,FF,FF
1721411,139368,0x10FF6500,1,8,FC,FF,FF,FF,FF,FF,FF,FF
1721411,139369,0x18F00500,1,8,FF,FF,FF,FF,20,2D,FF,FF
1721412,139370,0x18FEF200,1,8,00,00,00,FB,00,00,00,FF
1721419,139371,0xCF00400,1,8,FF,FF,FF,00,00,FF,FF,FF
1721420,139372,0xCFF6600,1,8,00,00,FF,FF,FF,FF,FF,FF
1721439,139373,0xCF00400,1,8,FF,FF,FF,00,00,FF,FF,FF
1721440,139374,0xCFF6600,1,8,00,00,FF,FF,FF,FF,FF,FF
1721459,139375,0xCF00400,1,8,FF,FF,FF,00,00,FF,FF,FF
1721460,139376,0xCFF6600,1,8,00,00,FF,FF,FF,FF,FF,FF
1721479,139377,0xCF00400,1,8,FF,FF,FF,00,00,FF,FF,FF
1721480,139378,0xCFF6600,1,8,00,00,FF,FF,FF,FF,FF,FF
1721519,139379,0xCF00400,1,8,FF,FF,FF,00,00,FF,FF,FF
1721520,139380,0xCFF6600,1,8,00,00,FF,FF,FF,FF,FF,FF
1721520,139381,0x18F00500,1,8,FF,FF,FF,FF,20,2D,FF,FF
1721521,139382,0x18FEF100,1,8,3F,00,00,FF,FF,FF,FF,FF
1721521,139383,0x18FEF200,1,8,00,00,00,FB,00,00,00,FF
1721539,139384,0xCF00400,1,8,FF,FF,FF,00,00,FF,FF,FF
1721540,139385,0xCFF6600,1,8,00,00,FF,FF,FF,FF,FF,FF
1721559,139386,0xCF00400,1,8,FF,FF,FF,00,00,FF,FF,FF
1721560,139387,0xCFF6600,1,8,00,00,FF,FF,FF,FF,FF,FF
1721579,139388,0xCF00400,1,8,FF,FF,FF,00,00,FF,FF,FF
1721580,139389,0xCFF6600,1,8,00,00,FF,FF,FF,FF,FF,FF
1721599,139390,0xCF00400,1,8,FF,FF,FF,00,00,FF,FF,FF
1721600,139391,0xCFF6600,1,8,00,00,FF,FF,FF,FF,FF,FF
1721610,139392,0x18FEF100,1,8,3F,00,00,FF,FF,FF,FF,FF
1721611,139393,0x10FF6500,1,8,FC,FF,FF,FF,FF,FF,FF,FF
1721611,139394,0x18F00500,1,8,FF,FF,FF,FF,20,2D,FF,FF
1721612,139395,0x18F00600,1,8,FF,FF,FF,FF,FF,FF,FF,FF
1721613,139396,0x18FEF200,1,8,00,00,00,FB,00,00,00,FF
1721614,139397,0x1CFDDF00,1,8,FE,FF,FF,FF,FF,FF,FF,FF
1721615,139398,0x1CFF6A00,1,8,FC,FF,FF,FF,FF,FF,FF,FF
1721619,139399,0xCF00400,1,8,FF,FF,FF,00,00,FF,FF,FF
1721620,139400,0xCFF6600,1,8,00,00,FF,FF,FF,FF,FF,FF
1721639,139401,0xCF00400,1,8,FF,FF,FF,00,00,FF,FF,FF
1721640,139402,0xCFF6600,1,8,00,00,FF,FF,FF,FF,FF,FF
1721659,139403,0xCF00400,1,8,FF,FF,FF,00,00,FF,FF,FF
1721660,139404,0xCFF6600,1,8,00,00,FF,FF,FF,FF,FF,FF
1721679,139405,0xCF00400,1,8,FF,FF,FF,00,00,FF,FF,FF
1721680,139406,0xCFF6600,1,8,00,00,FF,FF,FF,FF,FF,FF
1721699,139407,0xCF00400,1,8,FF,FF,FF,00,00,FF,FF,FF
1721700,139408,0xCFF6600,1,8,00,00,FF,FF,FF,FF,FF,FF
1721710,139409,0x18FEF100,1,8,3F,00,00,FF,FF,FF,FF,FF
1721711,139410,0x18F00500,1,8,FF,FF,FF,FF,20,2D,FF,FF
1721712,139411,0x18FEF200,1,8,00,00,00,FB,00,00,00,FF
1721719,139412,0xCF00400,1,8,FF,FF,FF,00,00,FF,FF,FF
1721720,139413,0xCFF6600,1,8,00,00,FF,FF,FF,FF,FF,FF
1721739,139414,0xCF00400,1,8,FF,FF,FF,00,00,FF,FF,FF
1721740,139415,0xCFF6600,1,8,00,00,FF,FF,FF,FF,FF,FF
1721759,139416,0xCF00400,1,8,FF,FF,FF,00,00,FF,FF,FF
1721760,139417,0xCFF6600,1,8,00,00,FF,FF,FF,FF,FF,FF
1721779,139418,0xCF00400,1,8,FF,FF,FF,00,00,FF,FF,FF
1721780,139419,0xCFF6600,1,8,00,00,FF,FF,FF,FF,FF,FF
1721799,139420,0xCF00400,1,8,FF,FF,FF,00,00,FF,FF,FF
1721800,139421,0xCFF6600,1,8,00,00,FF,FF,FF,FF,FF,FF
1721810,139422,0x18FEF100,1,8,3F,00,00,FF,FF,FF,FF,FF
1721811,139423,0x10FF6500,1,8,FC,FF,FF,FF,FF,FF,FF,FF
1721812,139424,0x18F00500,1,8,FF,FF,FF,FF,20,2D,FF,FF
1721812,139425,0x18FEF200,1,8,00,00,00,FB,00,00,00,FF
1721819,139426,0xCF00400,1,8,FF,FF,FF,00,00,FF,FF,FF
1721820,139427,0xCFF6600,1,8,00,00,FF,FF,FF,FF,FF,FF
1721839,139428,0xCF00400,1,8,FF,FF,FF,00,00,FF,FF,FF
1721840,139429,0xCFF6600,1,8,00,00,FF,FF,FF,FF,FF,FF
1721859,139430,0xCF00400,1,8,FF,FF,FF,00,00,FF,FF,FF
1721860,139431,0xCFF6600,1,8,00,00,FF,FF,FF,FF,FF,FF
1721879,139432,0xCF00400,1,8,FF,FF,FF,00,00,FF,FF,FF
1721880,139433,0xCFF6600,1,8,00,00,FF,FF,FF,FF,FF,FF
1721899,139434,0xCF00400,1,8,FF,FF,FF,00,00,FF,FF,FF
1721900,139435,0xCFF6600,1,8,00,00,FF,FF,FF,FF,FF,FF
1721910,139436,0x18FEF100,1,8,3F,00,00,FF,FF,FF,FF,FF
1721911,139437,0x18F00500,1,8,FF,FF,FF,FF,20,2D,FF,FF
1721912,139438,0x18FEF200,1,8,00,00,00,FB,00,00,00,FF
1721919,139439,0xCF00400,1,8,FF,FF,FF,00,00,FF,FF,FF
1721920,139440,0xCFF6600,1,8,00,00,FF,FF,FF,FF,FF,FF
1721939,139441,0xCF00400,1,8,FF,FF,FF,00,00,FF,FF,FF
1721940,139442,0xCFF6600,1,8,00,00,FF,FF,FF,FF,FF,FF
1721959,139443,0xCF00400,1,8,FF,FF,FF,00,00,FF,FF,FF
1721960,139444,0xCFF6600,1,8,00,00,FF,FF,FF,FF,FF,FF
1721979,139445,0xCF00400,1,8,FF,FF,FF,00,00,FF,FF,FF
1721980,139446,0xCFF6600,1,8,00,00,FF,FF,FF,FF,FF,FF
1721999,139447,0xCF00400,1,8,FF,FF,FF,00,00,FF,FF,FF
1722000,139448,0xCFF6600,1,8,00,00,FF,FF,FF,FF,FF,FF
1722010,139449,0x18FEF100,1,8,3F,00,00,FF,FF,FF,FF,FF
1722011,139450,0x10FF6500,1,8,FC,FF,FF,FF,FF,FF,FF,FF
1722011,139451,0x18F00500,1,8,FF,FF,FF,FF,20,2D,FF,FF
1722012,139452,0x18FEF200,1,8,00,00,00,FB,00,00,00,FF
1722019,139453,0xCF00400,1,8,FF,FF,FF,00,00,FF,FF,FF
1722020,139454,0xCFF6600,1,8,00,00,FF,FF,FF,FF,FF,FF
1722039,139455,0xCF00400,1,8,FF,FF,FF,00,00,FF,FF,FF
1722040,139456,0xCFF6600,1,8,00,00,FF,FF,FF,FF,FF,FF
1722059,139457,0xCF00400,1,8,FF,FF,FF,00,00,FF,FF,FF
1722060,139458,0xCFF6600,1,8,00,00,FF,FF,FF,FF,FF,FF
1722079,139459,0xCF00400,1,8,FF,FF,FF,00,00,FF,FF,FF
1722080,139460,0xCFF6600,1,8,00,00,FF,FF,FF,FF,FF,FF
1722099,139461,0xCF00400,1,8,FF,FF,FF,00,00,FF,FF,FF
1722100,139462,0xCFF6600,1,8,00,00,FF,FF,FF,FF,FF,FF
1722110,139463,0x18FEF100,1,8,3F,00,00,FF,FF,FF,FF,FF
1722111,139464,0x18F00500,1,8,FF,FF,FF,FF,20,2D,FF,FF
1722111,139465,0x18F00600,1,8,FF,FF,FF,FF,FF,FF,FF,FF
1722112,139466,0x18FEF200,1,8,00,00,00,FB,00,00,00,FF
1722113,139467,0x1CFDDF00,1,8,FE,FF,FF,FF,FF,FF,FF,FF
1722114,139468,0x1CFF6A00,1,8,FC,FF,FF,FF,FF,FF,FF,FF
1722119,139469,0xCF00400,1,8,FF,FF,FF,00,00,FF,FF,FF
1722120,139470,0xCFF6600,1,8,00,00,FF,FF,FF,FF,FF,FF
1722139,139471,0xCF00400,1,8,FF,FF,FF,00,00,FF,FF,FF
1722140,139472,0xCFF6600,1,8,00,00,FF,FF,FF,FF,FF,FF
1722159,139473,0xCF00400,1,8,FF,FF,FF,00,00,FF,FF,FF
1722160,139474,0xCFF6600,1,8,00,00,FF,FF,FF,FF,FF,FF
1722179,139475,0xCF00400,1,8,FF,FF,FF,00,00,FF,FF,FF
1722180,139476,0xCFF6600,1,8,00,00,FF,FF,FF,FF,FF,FF
1722199,139477,0xCF00400,1,8,FF,FF,FF,00,00,FF,FF,FF
1722200,139478,0xCFF6600,1,8,00,00,FF,FF,FF,FF,FF,FF
1722210,139479,0x18FEF100,1,8,3F,00,00,FF,FF,FF,FF,FF
1722211,139480,0x10FF6500,1,8,FC,FF,FF,FF,FF,FF,FF,FF
1722211,139481,0x18F00500,1,8,FF,FF,FF,FF,20,2D,FF,FF
1722212,139482,0x18FEF200,1,8,00,00,00,FB,00,00,00,FF
1722219,139483,0xCF00400,1,8,FF,FF,FF,00,00,FF,FF,FF
1722220,139484,0xCFF6600,1,8,00,00,FF,FF,FF,FF,FF,FF
1722239,139485,0xCF00400,1,8,FF,FF,FF,00,00,FF,FF,FF
1722240,139486,0xCFF6600,1,8,00,00,FF,FF,FF,FF,FF,FF
1722259,139487,0xCF00400,1,8,FF,FF,FF,00,00,FF,FF,FF
1722260,139488,0xCFF6600,1,8,00,00,FF,FF,FF,FF,FF,FF
1722269,139489,0x18FEEE00,1,8,63,FF,FF,FF,FF,FF,FF,FF
1722270,139490,0x18FDE500,1,8,0A,14,1E,28,32,3C,46,13
1722279,139491,0xCF00400,1,8,FF,FF,FF,00,00,FF,FF,FF
1722280,139492,0xCFF6600,1,8,00,00,FF,FF,FF,FF,FF,FF
1722289,139493,0x1CECFF00,1,8,20,0A,00,02,FF,CA,FE,00
1722299,139494,0xCF00400,1,8,FF,FF,FF,00,00,FF,FF,FF
1722300,139495,0xCFF6600,1,8,00,00,FF,FF,FF,FF,FF,FF
1722310,139496,0x18FEF100,1,8,3F,00,00,FF,FF,FF,FF,FF
1722311,139497,0x18F00500,1,8,FF,FF,FF,FF,20,2D,FF,FF
1722312,139498,0x18FEF200,1,8,00,00,00,FB,00,00,00,FF
1722319,139499,0xCF00400,1,8,FF,FF,FF,00,00,FF,FF,FF
1722320,139500,0xCFF6600,1,8,00,00,FF,FF,FF,FF,FF,FF
1722339,139501,0xCF00400,1,8,FF,FF,FF,00,00,FF,FF,FF
1722340,139502,0xCFF6600,1,8,00,00,FF,FF,FF,FF,FF,FF
1722341,139503,0x1CEBFF00,1,8,01,40,FF,0F,F0,E5,01,02
1722359,139504,0xCF00400,1,8,FF,FF,FF,00,00,FF,FF,FF
1722360,139505,0xCFF6600,1,8,00,00,FF,FF,FF,FF,FF,FF
1722379,139506,0xCF00400,1,8,FF,FF,FF,00,00,FF,FF,FF
1722380,139507,0xCFF6600,1,8,00,00,FF,FF,FF,FF,FF,FF
1722389,139508,0x1CEBFF00,1,8,02,F0,E3,01,FF,FF,FF,FF
1722399,139509,0xCF00400,1,8,FF,FF,FF,00,00,FF,FF,FF
1722400,139510,0xCFF6600,1,8,00,00,FF,FF,FF,FF,FF,FF
1722410,139511,0x18FEF100,1,8,3F,00,00,FF,FF,FF,FF,FF
1722411,139512,0x10FF6500,1,8,FC,FF,FF,FF,FF,FF,FF,FF
1722411,139513,0x18F00500,1,8,FF,FF,FF,FF,20,2D,FF,FF
1722412,139514,0x18FEF200,1,8,00,00,00,FB,00,00,00,FF
1722419,139515,0xCF00400,1,8,FF,FF,FF,00,00,FF,FF,FF
1722420,139516,0xCFF6600,1,8,00,00,FF,FF,FF,FF,FF,FF
1722439,139517,0xCF00400,1,8,FF,FF,FF,00,00,FF,FF,FF
1722440,139518,0xCFF6600,1,8,00,00,FF,FF,FF,FF,FF,FF
1722459,139519,0xCF00400,1,8,FF,FF,FF,00,00,FF,FF,FF
1722460,139520,0xCFF6600,1,8,00,00,FF,FF,FF,FF,FF,FF
1722479,139521,0xCF00400,1,8,FF,FF,FF,00,00,FF,FF,FF
1722480,139522,0xCFF6600,1,8,00,00,FF,FF,FF,FF,FF,FF
1722499,139523,0xCF00400,1,8,FF,FF,FF,00,00,FF,FF,FF
1722500,139524,0xCFF6600,1,8,00,00,FF,FF,FF,FF,FF,FF
1722510,139525,0x18FEF100,1,8,3F,00,00,FF,FF,FF,FF,FF
1722511,139526,0x18F00500,1,8,FF,FF,FF,FF,20,2D,FF,FF
1722512,139527,0x18FEF200,1,8,00,00,00,FB,00,00,00,FF
1722519,139528,0xCF00400,1,8,FF,FF,FF,00,00,FF,FF,FF
1722520,139529,0xCFF6600,1,8,00,00,FF,FF,FF,FF,FF,FF
1722539,139530,0xCF00400,1,8,FF,FF,FF,00,00,FF,FF,FF
1722540,139531,0xCFF6600,1,8,00,00,FF,FF,FF,FF,FF,FF
1722559,139532,0xCF00400,1,8,FF,FF,FF,00,00,FF,FF,FF
1722560,139533,0xCFF6600,1,8,00,00,FF,FF,FF,FF,FF,FF
1722579,139534,0xCF00400,1,8,FF,FF,FF,00,00,FF,FF,FF
1722580,139535,0xCFF6600,1,8,00,00,FF,FF,FF,FF,FF,FF
1722599,139536,0xCF00400,1,8,FF,FF,FF,00,00,FF,FF,FF
1722600,139537,0xCFF6600,1,8,00,00,FF,FF,FF,FF,FF,FF
1722610,139538,0x18FEF100,1,8,3F,00,00,FF,FF,FF,FF,FF
1722611,139539,0x10FF6500,1,8,FC,FF,FF,FF,FF,FF,FF,FF
1722611,139540,0x18F00500,1,8,FF,FF,FF,FF,20,2D,FF,FF
1722612,139541,0x18F00600,1,8,FF,FF,FF,FF,FF,FF,FF,FF
1722613,139542,0x18FEF200,1,8,00,00,00,FB,00,00,00,FF
1722613,139543,0x1CFDDF00,1,8,FE,FF,FF,FF,FF,FF,FF,FF
1722614,139544,0x1CFF6A00,1,8,FC,FF,FF,FF,FF,FF,FF,FF
1722619,139545,0xCF00400,1,8,FF,FF,FF,00,00,FF,FF,FF
1722620,139546,0xCFF6600,1,8,00,00,FF,FF,FF,FF,FF,FF
1722639,139547,0xCF00400,1,8,FF,FF,FF,00,00,FF,FF,FF
1722640,139548,0xCFF6600,1,8,00,00,FF,FF,FF,FF,FF,FF
1722659,139549,0xCF00400,1,8,FF,FF,FF,00,00,FF,FF,FF
1722660,139550,0xCFF6600,1,8,00,00,FF,FF,FF,FF,FF,FF
1722679,139551,0xCF00400,1,8,FF,FF,FF,00,00,FF,FF,FF
1722680,139552,0xCFF6600,1,8,00,00,FF,FF,FF,FF,FF,FF
1722699,139553,0xCF00400,1,8,FF,FF,FF,00,00,FF,FF,FF
1722700,139554,0xCFF6600,1,8,00,00,FF,FF,FF,FF,FF,FF
1722710,139555,0x18FEF100,1,8,3F,00,00,FF,FF,FF,FF,FF
1722711,139556,0x18F00500,1,8,FF,FF,FF,FF,20,2D,FF,FF
1722711,139557,0x18FEF200,1,8,00,00,00,FB,00,00,00,FF
1722719,139558,0xCF00400,1,8,FF,FF,FF,00,00,FF,FF,FF
1722720,139559,0xCFF6600,1,8,00,00,FF,FF,FF,FF,FF,FF
1722739,139560,0xCF00400,1,8,FF,FF,FF,00,00,FF,FF,FF
1722740,139561,0xCFF6600,1,8,00,00,FF,FF,FF,FF,FF,FF
1722759,139562,0xCF00400,1,8,FF,FF,FF,00,00,FF,FF,FF
1722760,139563,0xCFF6600,1,8,00,00,FF,FF,FF,FF,FF,FF
1722779,139564,0xCF00400,1,8,FF,FF,FF,00,00,FF,FF,FF
1722780,139565,0xCFF6600,1,8,00,00,FF,FF,FF,FF,FF,FF
1722799,139566,0xCF00400,1,8,FF,FF,FF,00,00,FF,FF,FF
1722800,139567,0xCFF6600,1,8,00,00,FF,FF,FF,FF,FF,FF
1722810,139568,0x18FEF100,1,8,3F,00,00,FF,FF,FF,FF,FF
1722811,139569,0x10FF6500,1,8,FC,FF,FF,FF,FF,FF,FF,FF
1722812,139570,0x18F00500,1,8,FF,FF,FF,FF,20,2D,FF,FF
1722812,139571,0x18FEF200,1,8,00,00,00,FB,00,00,00,FF
1722819,139572,0xCF00400,1,8,FF,FF,FF,00,00,FF,FF,FF
1722820,139573,0xCFF6600,1,8,00,00,FF,FF,FF,FF,FF,FF
1722839,139574,0xCF00400,1,8,FF,FF,FF,00,00,FF,FF,FF
1722840,139575,0xCFF6600,1,8,00,00,FF,FF,FF,FF,FF,FF
1722859,139576,0xCF00400,1,8,FF,FF,FF,00,00,FF,FF,FF
1722860,139577,0xCFF6600,1,8,00,00,FF,FF,FF,FF,FF,FF
1722879,139578,0xCF00400,1,8,FF,FF,FF,00,00,FF,FF,FF
1722880,139579,0xCFF6600,1,8,00,00,FF,FF,FF,FF,FF,FF
1722899,139580,0xCF00400,1,8,FF,FF,FF,00,00,FF,FF,FF
1722900,139581,0xCFF6600,1,8,00,00,FF,FF,FF,FF,FF,FF
1722910,139582,0x18FEF100,1,8,3F,00,00,FF,FF,FF,FF,FF
1722911,139583,0x18F00500,1,8,FF,FF,FF,FF,20,2D,FF,FF
1722911,139584,0x18FEF200,1,8,00,00,00,FB,00,00,00,FF
1722919,139585,0xCF00400,1,8,FF,FF,FF,00,00,FF,FF,FF
1722920,139586,0xCFF6600,1,8,00,00,FF,FF,FF,FF,FF,FF
1722939,139587,0xCF00400,1,8,FF,FF,FF,00,00,FF,FF,FF
1722940,139588,0xCFF6600,1,8,00,00,FF,FF,FF,FF,FF,FF
1722959,139589,0xCF00400,1,8,FF,FF,FF,00,00,FF,FF,FF
1722960,139590,0xCFF6600,1,8,00,00,FF,FF,FF,FF,FF,FF
1722979,139591,0xCF00400,1,8,FF,FF,FF,00,00,FF,FF,FF
1722980,139592,0xCFF6600,1,8,00,00,FF,FF,FF,FF,FF,FF
1722999,139593,0xCF00400,1,8,FF,FF,FF,00,00,FF,FF,FF
1723000,139594,0xCFF6600,1,8,00,00,FF,FF,FF,FF,FF,FF
1723010,139595,0x18FEF100,1,8,3F,00,00,FF,FF,FF,FF,FF
1723011,139596,0x10FF6500,1,8,FC,FF,FF,FF,FF,FF,FF,FF
1723011,139597,0x18F00500,1,8,FF,FF,FF,FF,20,2D,FF,FF
1723012,139598,0x18FEF200,1,8,00,00,00,FB,00,00,00,FF
1723019,139599,0xCF00400,1,8,FF,FF,FF,00,00,FF,FF,FF
1723020,139600,0xCFF6600,1,8,00,00,FF,FF,FF,FF,FF,FF
1723039,139601,0xCF00400,1,8,FF,FF,FF,00,00,FF,FF,FF
1723040,139602,0xCFF6600,1,8,00,00,FF,FF,FF,FF,FF,FF
1723059,139603,0xCF00400,1,8,FF,FF,FF,00,00,FF,FF,FF
1723060,139604,0xCFF6600,1,8,00,00,FF,FF,FF,FF,FF,FF
1723079,139605,0xCF00400,1,8,FF,FF,FF,00,00,FF,FF,FF
1723080,139606,0xCFF6600,1,8,00,00,FF,FF,FF,FF,FF,FF
1723099,139607,0xCF00400,1,8,FF,FF,FF,00,00,FF,FF,FF
1723100,139608,0xCFF6600,1,8,00,00,FF,FF,FF,FF,FF,FF
1723110,139609,0x18FEF100,1,8,3F,00,00,FF,FF,FF,FF,FF
1723111,139610,0x18F00500,1,8,FF,FF,FF,FF,20,2D,FF,FF
1723112,139611,0x18F00600,1,8,FF,FF,FF,FF,FF,FF,FF,FF
1723112,139612,0x18FEF200,1,8,00,00,00,FB,00,00,00,FF
1723113,139613,0x1CFDDF00,1,8,FE,FF,FF,FF,FF,FF,FF,FF
1723113,139614,0x1CFF6A00,1,8,FC,FF,FF,FF,FF,FF,FF,FF
1723119,139615,0xCF00400,1,8,FF,FF,FF,00,00,FF,FF,FF
1723120,139616,0xCFF6600,1,8,00,00,FF,FF,FF,FF,FF,FF
1723139,139617,0xCF00400,1,8,FF,FF,FF,00,00,FF,FF,FF
1723140,139618,0xCFF6600,1,8,00,00,FF,FF,FF,FF,FF,FF
1723159,139619,0xCF00400,1,8,FF,FF,FF,00,00,FF,FF,FF
1723160,139620,0xCFF6600,1,8,00,00,FF,FF,FF,FF,FF,FF
1723179,139621,0xCF00400,1,8,FF,FF,FF,00,00,FF,FF,FF
1723180,139622,0xCFF6600,1,8,00,00,FF,FF,FF,FF,FF,FF
1723199,139623,0xCF00400,1,8,FF,FF,FF,00,00,FF,FF,FF
1723200,139624,0xCFF6600,1,8,00,00,FF,FF,FF,FF,FF,FF
1723210,139625,0x18FEF100,1,8,3F,00,00,FF,FF,FF,FF,FF
1723211,139626,0x10FF6500,1,8,FC,FF,FF,FF,FF,FF,FF,FF
1723211,139627,0x18F00500,1,8,FF,FF,FF,FF,20,2D,FF,FF
1723212,139628,0x18FEF200,1,8,00,00,00,FB,00,00,00,FF
1723219,139629,0xCF00400,1,8,FF,FF,FF,00,00,FF,FF,FF
1723220,139630,0xCFF6600,1,8,00,00,FF,FF,FF,FF,FF,FF
1723239,139631,0xCF00400,1,8,FF,FF,FF,00,00,FF,FF,FF
1723240,139632,0xCFF6600,1,8,00,00,FF,FF,FF,FF,FF,FF
1723259,139633,0xCF00400,1,8,FF,FF,FF,00,00,FF,FF,FF
1723260,139634,0xCFF6600,1,8,00,00,FF,FF,FF,FF,FF,FF
1723269,139635,0x18FEEE00,1,8,63,FF,FF,FF,FF,FF,FF,FF
1723270,139636,0x18FDE500,1,8,0A,14,1E,28,32,3C,46,13
1723279,139637,0xCF00400,1,8,FF,FF,FF,00,00,FF,FF,FF
1723280,139638,0xCFF6600,1,8,00,00,FF,FF,FF,FF,FF,FF
1723289,139639,0x1CECFF00,1,8,20,0A,00,02,FF,CA,FE,00
1723299,139640,0xCF00400,1,8,FF,FF,FF,00,00,FF,FF,FF
1723300,139641,0xCFF6600,1,8,00,00,FF,FF,FF,FF,FF,FF
1723310,139642,0x18FEF100,1,8,3F,00,00,FF,FF,FF,FF,FF
1723311,139643,0x18F00500,1,8,FF,FF,FF,FF,20,2D,FF,FF
1723312,139644,0x18FEF200,1,8,00,00,00,FB,00,00,00,FF
1723319,139645,0xCF00400,1,8,FF,FF,FF,00,00,FF,FF,FF
1723320,139646,0xCFF6600,1,8,00,00,FF,FF,FF,FF,FF,FF
1723339,139647,0xCF00400,1,8,FF,FF,FF,00,00,FF,FF,FF
1723340,139648,0xCFF6600,1,8,00,00,FF,FF,FF,FF,FF,FF
1723341,139649,0x1CEBFF00,1,8,01,40,FF,0F,F0,E5,01,02
1723359,139650,0xCF00400,1,8,FF,FF,FF,00,00,FF,FF,FF
1723360,139651,0xCFF6600,1,8,00,00,FF,FF,FF,FF,FF,FF
1723379,139652,0xCF00400,1,8,FF,FF,FF,00,00,FF,FF,FF
1723380,139653,0xCFF6600,1,8,00,00,FF,FF,FF,FF,FF,FF
1723389,139654,0x1CEBFF00,1,8,02,F0,E3,01,FF,FF,FF,FF
1723399,139655,0xCF00400,1,8,FF,FF,FF,00,00,FF,FF,FF
1723400,139656,0xCFF6600,1,8,00,00,FF,FF,FF,FF,FF,FF
1723410,139657,0x18FEF100,1,8,3F,00,00,FF,FF,FF,FF,FF
1723411,139658,0x10FF6500,1,8,FC,FF,FF,FF,FF,FF,FF,FF
1723411,139659,0x18F00500,1,8,FF,FF,FF,FF,20,2D,FF,FF
1723412,139660,0x18FEF200,1,8,00,00,00,FB,00,00,00,FF
1723419,139661,0xCF00400,1,8,FF,FF,FF,00,00,FF,FF,FF
1723420,139662,0xCFF6600,1,8,00,00,FF,FF,FF,FF,FF,FF
1723439,139663,0xCF00400,1,8,FF,FF,FF,00,00,FF,FF,FF
1723440,139664,0xCFF6600,1,8,00,00,FF,FF,FF,FF,FF,FF
1723459,139665,0xCF00400,1,8,FF,FF,FF,00,00,FF,FF,FF
1723460,139666,0xCFF6600,1,8,00,00,FF,FF,FF,FF,FF,FF
1723479,139667,0xCF00400,1,8,FF,FF,FF,00,00,FF,FF,FF
1723480,139668,0xCFF6600,1,8,00,00,FF,FF,FF,FF,FF,FF
1723499,139669,0xCF00400,1,8,FF,FF,FF,00,00,FF,FF,FF
1723500,139670,0xCFF6600,1,8,00,00,FF,FF,FF,FF,FF,FF
1723510,139671,0x18FEF100,1,8,3F,00,00,FF,FF,FF,FF,FF
1723511,139672,0x18F00500,1,8,FF,FF,FF,FF,20,2D,FF,FF
1723511,139673,0x18FEF200,1,8,00,00,00,FB,00,00,00,FF
1723519,139674,0xCF00400,1,8,FF,FF,FF,00,00,FF,FF,FF
1723520,139675,0xCFF6600,1,8,00,00,FF,FF,FF,FF,FF,FF
1723539,139676,0xCF00400,1,8,FF,FF,FF,00,00,FF,FF,FF
1723540,139677,0xCFF6600,1,8,00,00,FF,FF,FF,FF,FF,FF
1723559,139678,0xCF00400,1,8,FF,FF,FF,00,00,FF,FF,FF
1723560,139679,0xCFF6600,1,8,00,00,FF,FF,FF,FF,FF,FF
1723579,139680,0xCF00400,1,8,FF,FF,FF,00,00,FF,FF,FF
1723580,139681,0xCFF6600,1,8,00,00,FF,FF,FF,FF,FF,FF
1723599,139682,0xCF00400,1,8,FF,FF,FF,00,00,FF,FF,FF
1723600,139683,0xCFF6600,1,8,00,00,FF,FF,FF,FF,FF,FF
1723610,139684,0x18FEF100,1,8,3F,00,00,FF,FF,FF,FF,FF
1723611,139685,0x10FF6500,1,8,FC,FF,FF,FF,FF,FF,FF,FF
1723611,139686,0x18F00500,1,8,FF,FF,FF,FF,20,2D,FF,FF
1723612,139687,0x18F00600,1,8,FF,FF,FF,FF,FF,FF,FF,FF
1723613,139688,0x18FEF200,1,8,00,00,00,FB,00,00,00,FF
1723613,139689,0x1CFDDF00,1,8,FE,FF,FF,FF,FF,FF,FF,FF
1723614,139690,0x1CFF6A00,1,8,FC,FF,FF,FF,FF,FF,FF,FF
1723619,139691,0xCF00400,1,8,FF,FF,FF,00,00,FF,FF,FF
1723620,139692,0xCFF6600,1,8,00,00,FF,FF,FF,FF,FF,FF
1723639,139693,0xCF00400,1,8,FF,FF,FF,00,00,FF,FF,FF
1723640,139694,0xCFF6600,1,8,00,00,FF,FF,FF,FF,FF,FF
1723659,139695,0xCF00400,1,8,FF,FF,FF,00,00,FF,FF,FF
1723660,139696,0xCFF6600,1,8,00,00,FF,FF,FF,FF,FF,FF
1723679,139697,0xCF00400,1,8,FF,FF,FF,00,00,FF,FF,FF
1723680,139698,0xCFF6600,1,8,00,00,FF,FF,FF,FF,FF,FF
1723699,139699,0xCF00400,1,8,FF,FF,FF,00,00,FF,FF,FF
1723700,139700,0xCFF6600,1,8,00,00,FF,FF,FF,FF,FF,FF
1723710,139701,0x18FEF100,1,8,3F,00,00,FF,FF,FF,FF,FF
1723711,139702,0x18F00500,1,8,FF,FF,FF,FF,20,2D,FF,FF
1723711,139703,0x18FEF200,1,8,00,00,00,FB,00,00,00,FF
1723719,139704,0xCF00400,1,8,FF,FF,FF,00,00,FF,FF,FF
1723720,139705,0xCFF6600,1,8,00,00,FF,FF,FF,FF,FF,FF
1723739,139706,0xCF00400,1,8,FF,FF,FF,00,00,FF,FF,FF
1723740,139707,0xCFF6600,1,8,00,00,FF,FF,FF,FF,FF,FF
1723759,139708,0xCF00400,1,8,FF,FF,FF,00,00,FF,FF,FF
1723760,139709,0xCFF6600,1,8,00,00,FF,FF,FF,FF,FF,FF
1723779,139710,0xCF00400,1,8,FF,FF,FF,00,00,FF,FF,FF
1723780,139711,0xCFF6600,1,8,00,00,FF,FF,FF,FF,FF,FF
1723799,139712,0xCF00400,1,8,FF,FF,FF,00,00,FF,FF,FF
1723800,139713,0xCFF6600,1,8,00,00,FF,FF,FF,FF,FF,FF
1723810,139714,0x18FEF100,1,8,3F,00,00,FF,FF,FF,FF,FF
1723811,139715,0x10FF6500,1,8,FC,FF,FF,FF,FF,FF,FF,FF
1723811,139716,0x18F00500,1,8,FF,FF,FF,FF,20,2D,FF,FF
1723812,139717,0x18FEF200,1,8,00,00,00,FB,00,00,00,FF
1723819,139718,0xCF00400,1,8,FF,FF,FF,00,00,FF,FF,FF
1723820,139719,0xCFF6600,1,8,00,00,FF,FF,FF,FF,FF,FF
1723839,139720,0xCF00400,1,8,FF,FF,FF,00,00,FF,FF,FF
1723840,139721,0xCFF6600,1,8,00,00,FF,FF,FF,FF,FF,FF
1723859,139722,0xCF00400,1,8,FF,FF,FF,00,00,FF,FF,FF
1723860,139723,0xCFF6600,1,8,00,00,FF,FF,FF,FF,FF,FF
1723879,139724,0xCF00400,1,8,FF,FF,FF,00,00,FF,FF,FF
1723880,139725,0xCFF6600,1,8,00,00,FF,FF,FF,FF,FF,FF
1723899,139726,0xCF00400,1,8,FF,FF,FF,00,00,FF,FF,FF
1723900,139727,0xCFF6600,1,8,00,00,FF,FF,FF,FF,FF,FF
1723910,139728,0x18FEF100,1,8,3F,00,00,FF,FF,FF,FF,FF
1723911,139729,0x18F00500,1,8,FF,FF,FF,FF,20,2D,FF,FF
1723912,139730,0x18FEF200,1,8,00,00,00,FB,00,00,00,FF
1723919,139731,0xCF00400,1,8,FF,FF,FF,00,00,FF,FF,FF
1723920,139732,0xCFF6600,1,8,00,00,FF,FF,FF,FF,FF,FF
1723939,139733,0xCF00400,1,8,FF,FF,FF,00,00,FF,FF,FF
1723940,139734,0xCFF6600,1,8,00,00,FF,FF,FF,FF,FF,FF
1723959,139735,0xCF00400,1,8,FF,FF,FF,00,00,FF,FF,FF
1723960,139736,0xCFF6600,1,8,00,00,FF,FF,FF,FF,FF,FF
1723979,139737,0xCF00400,1,8,FF,FF,FF,00,00,FF,FF,FF
1723980,139738,0xCFF6600,1,8,00,00,FF,FF,FF,FF,FF,FF
1723999,139739,0xCF00400,1,8,FF,FF,FF,00,00,FF,FF,FF
1724000,139740,0xCFF6600,1,8,00,00,FF,FF,FF,FF,FF,FF
1724010,139741,0x18FEF100,1,8,3F,00,00,FF,FF,FF,FF,FF
1724011,139742,0x10FF6500,1,8,FC,FF,FF,FF,FF,FF,FF,FF
1724012,139743,0x18F00500,1,8,FF,FF,FF,FF,20,2D,FF,FF
1724012,139744,0x18FEF200,1,8,00,00,00,FB,00,00,00,FF
1724019,139745,0xCF00400,1,8,FF,FF,FF,00,00,FF,FF,FF
1724020,139746,0xCFF6600,1,8,00,00,FF,FF,FF,FF,FF,FF
1724039,139747,0xCF00400,1,8,FF,FF,FF,00,00,FF,FF,FF
1724040,139748,0xCFF6600,1,8,00,00,FF,FF,FF,FF,FF,FF
1724059,139749,0xCF00400,1,8,FF,FF,FF,00,00,FF,FF,FF
1724060,139750,0xCFF6600,1,8,00,00,FF,FF,FF,FF,FF,FF
1724079,139751,0xCF00400,1,8,FF,FF,FF,00,00,FF,FF,FF
1724080,139752,0xCFF6600,1,8,00,00,FF,FF,FF,FF,FF,FF
1724099,139753,0xCF00400,1,8,FF,FF,FF,00,00,FF,FF,FF
1724100,139754,0xCFF6600,1,8,00,00,FF,FF,FF,FF,FF,FF
1724110,139755,0x18FEF100,1,8,3F,00,00,FF,FF,FF,FF,FF
1724111,139756,0x18F00500,1,8,FF,FF,FF,FF,20,2D,FF,FF
1724112,139757,0x18F00600,1,8,FF,FF,FF,FF,FF,FF,FF,FF
1724112,139758,0x18FEF200,1,8,00,00,00,FB,00,00,00,FF
1724113,139759,0x1CFDDF00,1,8,FE,FF,FF,FF,FF,FF,FF,FF
1724113,139760,0x1CFF6A00,1,8,FC,FF,FF,FF,FF,FF,FF,FF
1724119,139761,0xCF00400,1,8,FF,FF,FF,00,00,FF,FF,FF
1724120,139762,0xCFF6600,1,8,00,00,FF,FF,FF,FF,FF,FF
1724139,139763,0xCF00400,1,8,FF,FF,FF,00,00,FF,FF,FF
1724140,139764,0xCFF6600,1,8,00,00,FF,FF,FF,FF,FF,FF
1724159,139765,0xCF00400,1,8,FF,FF,FF,00,00,FF,FF,FF
1724160,139766,0xCFF6600,1,8,00,00,FF,FF,FF,FF,FF,FF
1724179,139767,0xCF00400,1,8,FF,FF,FF,00,00,FF,FF,FF
1724180,139768,0xCFF6600,1,8,00,00,FF,FF,FF,FF,FF,FF
1724199,139769,0xCF00400,1,8,FF,FF,FF,00,00,FF,FF,FF
1724200,139770,0xCFF6600,1,8,00,00,FF,FF,FF,FF,FF,FF
1724210,139771,0x18FEF100,1,8,3F,00,00,FF,FF,FF,FF,FF
1724211,139772,0x10FF6500,1,8,FC,FF,FF,FF,FF,FF,FF,FF
1724211,139773,0x18F00500,1,8,FF,FF,FF,FF,20,2D,FF,FF
1724212,139774,0x18FEF200,1,8,00,00,00,FB,00,00,00,FF
1724219,139775,0xCF00400,1,8,FF,FF,FF,00,00,FF,FF,FF
1724220,139776,0xCFF6600,1,8,00,00,FF,FF,FF,FF,FF,FF
1724239,139777,0xCF00400,1,8,FF,FF,FF,00,00,FF,FF,FF
1724240,139778,0xCFF6600,1,8,00,00,FF,FF,FF,FF,FF,FF
1724259,139779,0xCF00400,1,8,FF,FF,FF,00,00,FF,FF,FF
1724260,139780,0xCFF6600,1,8,00,00,FF,FF,FF,FF,FF,FF
1724269,139781,0x18FEEE00,1,8,63,FF,FF,FF,FF,FF,FF,FF
1724270,139782,0x18FDE500,1,8,0A,14,1E,28,32,3C,46,13
1724279,139783,0xCF00400,1,8,FF,FF,FF,00,00,FF,FF,FF
1724280,139784,0xCFF6600,1,8,00,00,FF,FF,FF,FF,FF,FF
1724289,139785,0x1CECFF00,1,8,20,0A,00,02,FF,CA,FE,00
1724299,139786,0xCF00400,1,8,FF,FF,FF,00,00,FF,FF,FF
1724300,139787,0xCFF6600,1,8,00,00,FF,FF,FF,FF,FF,FF
1724310,139788,0x18FEF100,1,8,3F,00,00,FF,FF,FF,FF,FF
1724311,139789,0x18F00500,1,8,FF,FF,FF,FF,20,2D,FF,FF
1724312,139790,0x18FEF200,1,8,00,00,00,FB,00,00,00,FF
1724319,139791,0xCF00400,1,8,FF,FF,FF,00,00,FF,FF,FF
1724320,139792,0xCFF6600,1,8,00,00,FF,FF,FF,FF,FF,FF
1724339,139793,0xCF00400,1,8,FF,FF,FF,00,00,FF,FF,FF
1724340,139794,0xCFF6600,1,8,00,00,FF,FF,FF,FF,FF,FF
1724341,139795,0x1CEBFF00,1,8,01,40,FF,0F,F0,E5,01,02
1724359,139796,0xCF00400,1,8,FF,FF,FF,00,00,FF,FF,FF
1724360,139797,0xCFF6600,1,8,00,00,FF,FF,FF,FF,FF,FF
1724379,139798,0xCF00400,1,8,FF,FF,FF,00,00,FF,FF,FF
1724380,139799,0xCFF6600,1,8,00,00,FF,FF,FF,FF,FF,FF
1724389,139800,0x1CEBFF00,1,8,02,F0,E3,01,FF,FF,FF,FF
1724399,139801,0xCF00400,1,8,FF,FF,FF,00,00,FF,FF,FF
1724400,139802,0xCFF6600,1,8,00,00,FF,FF,FF,FF,FF,FF
1724410,139803,0x18FEF100,1,8,3F,00,00,FF,FF,FF,FF,FF
1724411,139804,0x10FF6500,1,8,FC,FF,FF,FF,FF,FF,FF,FF
1724411,139805,0x18F00500,1,8,FF,FF,FF,FF,20,2D,FF,FF
1724412,139806,0x18FEF200,1,8,00,00,00,FB,00,00,00,FF
1724419,139807,0xCF00400,1,8,FF,FF,FF,00,00,FF,FF,FF
1724420,139808,0xCFF6600,1,8,00,00,FF,FF,FF,FF,FF,FF
1724439,139809,0xCF00400,1,8,FF,FF,FF,00,00,FF,FF,FF
1724440,139810,0xCFF6600,1,8,00,00,FF,FF,FF,FF,FF,FF
1724459,139811,0xCF00400,1,8,FF,FF,FF,00,00,FF,FF,FF
1724460,139812,0xCFF6600,1,8,00,00,FF,FF,FF,FF,FF,FF
1724479,139813,0xCF00400,1,8,FF,FF,FF,00,00,FF,FF,FF
1724480,139814,0xCFF6600,1,8,00,00,FF,FF,FF,FF,FF,FF
1724499,139815,0xCF00400,1,8,FF,FF,FF,00,00,FF,FF,FF
1724500,139816,0xCFF6600,1,8,00,00,FF,FF,FF,FF,FF,FF
1724510,139817,0x18FEF100,1,8,3F,00,00,FF,FF,FF,FF,FF
1724511,139818,0x18F00500,1,8,FF,FF,FF,FF,20,2D,FF,FF
1724512,139819,0x18FEF200,1,8,00,00,00,FB,00,00,00,FF
1724519,139820,0xCF00400,1,8,FF,FF,FF,00,00,FF,FF,FF
1724520,139821,0xCFF6600,1,8,00,00,FF,FF,FF,FF,FF,FF
1724539,139822,0xCF00400,1,8,FF,FF,FF,00,00,FF,FF,FF
1724540,139823,0xCFF6600,1,8,00,00,FF,FF,FF,FF,FF,FF
1724559,139824,0xCF00400,1,8,FF,FF,FF,00,00,FF,FF,FF
1724560,139825,0xCFF6600,1,8,00,00,FF,FF,FF,FF,FF,FF
1724579,139826,0xCF00400,1,8,FF,FF,FF,00,00,FF,FF,FF
1724580,139827,0xCFF6600,1,8,00,00,FF,FF,FF,FF,FF,FF
1724599,139828,0xCF00400,1,8,FF,FF,FF,00,00,FF,FF,FF
1724600,139829,0xCFF6600,1,8,00,00,FF,FF,FF,FF,FF,FF
1724610,139830,0x18FEF100,1,8,3F,00,00,FF,FF,FF,FF,FF
1724611,139831,0x10FF6500,1,8,FC,FF,FF,FF,FF,FF,FF,FF
1724611,139832,0x18F00500,1,8,FF,FF,FF,FF,20,2D,FF,FF
1724612,139833,0x18F00600,1,8,FF,FF,FF,FF,FF,FF,FF,FF
1724613,139834,0x18FEF200,1,8,00,00,00,FB,00,00,00,FF
1724613,139835,0x1CFDDF00,1,8,FE,FF,FF,FF,FF,FF,FF,FF
1724614,139836,0x1CFF6A00,1,8,FC,FF,FF,FF,FF,FF,FF,FF
1724619,139837,0xCF00400,1,8,FF,FF,FF,00,00,FF,FF,FF
1724620,139838,0xCFF6600,1,8,00,00,FF,FF,FF,FF,FF,FF
1724639,139839,0xCF00400,1,8,FF,FF,FF,00,00,FF,FF,FF
1724640,139840,0xCFF6600,1,8,00,00,FF,FF,FF,FF,FF,FF
1724659,139841,0xCF00400,1,8,FF,FF,FF,00,00,FF,FF,FF
1724660,139842,0xCFF6600,1,8,00,00,FF,FF,FF,FF,FF,FF
1724679,139843,0xCF00400,1,8,FF,FF,FF,00,00,FF,FF,FF
1724680,139844,0xCFF6600,1,8,00,00,FF,FF,FF,FF,FF,FF
1724699,139845,0xCF00400,1,8,FF,FF,FF,00,00,FF,FF,FF
1724700,139846,0xCFF6600,1,8,00,00,FF,FF,FF,FF,FF,FF
1724710,139847,0x18FEF100,1,8,3F,00,00,FF,FF,FF,FF,FF
1724711,139848,0x18F00500,1,8,FF,FF,FF,FF,20,2D,FF,FF
1724712,139849,0x18FEF200,1,8,00,00,00,FB,00,00,00,FF
1724719,139850,0xCF00400,1,8,FF,FF,FF,00,00,FF,FF,FF
1724720,139851,0xCFF6600,1,8,00,00,FF,FF,FF,FF,FF,FF
1724739,139852,0xCF00400,1,8,FF,FF,FF,00,00,FF,FF,FF
1724740,139853,0xCFF6600,1,8,00,00,FF,FF,FF,FF,FF,FF
1724759,139854,0xCF00400,1,8,FF,FF,FF,00,00,FF,FF,FF
1724760,139855,0xCFF6600,1,8,00,00,FF,FF,FF,FF,FF,FF
1724779,139856,0xCF00400,1,8,FF,FF,FF,00,00,FF,FF,FF
1724780,139857,0xCFF6600,1,8,00,00,FF,FF,FF,FF,FF,FF
1724799,139858,0xCF00400,1,8,FF,FF,FF,00,00,FF,FF,FF
1724800,139859,0xCFF6600,1,8,00,00,FF,FF,FF,FF,FF,FF
1724810,139860,0x18FEF100,1,8,3F,00,00,FF,FF,FF,FF,FF
1724811,139861,0x10FF6500,1,8,FC,FF,FF,FF,FF,FF,FF,FF
1724812,139862,0x18F00500,1,8,FF,FF,FF,FF,20,2D,FF,FF
1724812,139863,0x18FEF200,1,8,00,00,00,FB,00,00,00,FF
1724819,139864,0xCF00400,1,8,FF,FF,FF,00,00,FF,FF,FF
1724820,139865,0xCFF6600,1,8,00,00,FF,FF,FF,FF,FF,FF
1724839,139866,0xCF00400,1,8,FF,FF,FF,00,00,FF,FF,FF
1724840,139867,0xCFF6600,1,8,00,00,FF,FF,FF,FF,FF,FF
1724859,139868,0xCF00400,1,8,FF,FF,FF,00,00,FF,FF,FF
1724860,139869,0xCFF6600,1,8,00,00,FF,FF,FF,FF,FF,FF
1724879,139870,0xCF00400,1,8,FF,FF,FF,00,00,FF,FF,FF
1724880,139871,0xCFF6600,1,8,00,00,FF,FF,FF,FF,FF,FF
1724899,139872,0xCF00400,1,8,FF,FF,FF,00,00,FF,FF,FF
1724900,139873,0xCFF6600,1,8,00,00,FF,FF,FF,FF,FF,FF
1724910,139874,0x18FEF100,1,8,3F,00,00,FF,FF,FF,FF,FF
1724911,139875,0x18F00500,1,8,FF,FF,FF,FF,20,2D,FF,FF
1724912,139876,0x18FEF200,1,8,00,00,00,FB,00,00,00,FF
1724919,139877,0xCF00400,1,8,FF,FF,FF,00,00,FF,FF,FF
1724920,139878,0xCFF6600,1,8,00,00,FF,FF,FF,FF,FF,FF
1724939,139879,0xCF00400,1,8,FF,FF,FF,00,00,FF,FF,FF
1724940,139880,0xCFF6600,1,8,00,00,FF,FF,FF,FF,FF,FF
1724959,139881,0xCF00400,1,8,FF,FF,FF,00,00,FF,FF,FF
1724960,139882,0xCFF6600,1,8,00,00,FF,FF,FF,FF,FF,FF
1724979,139883,0xCF00400,1,8,FF,FF,FF,00,00,FF,FF,FF
1724980,139884,0xCFF6600,1,8,00,00,FF,FF,FF,FF,FF,FF
1724999,139885,0xCF00400,1,8,FF,FF,FF,00,00,FF,FF,FF
1725000,139886,0xCFF6600,1,8,00,00,FF,FF,FF,FF,FF,FF
1725010,139887,0x18FEF100,1,8,3F,00,00,FF,FF,FF,FF,FF
1725011,139888,0x10FF6500,1,8,FC,FF,FF,FF,FF,FF,FF,FF
1725011,139889,0x18F00500,1,8,FF,FF,FF,FF,20,2D,FF,FF
1725012,139890,0x18FEF200,1,8,00,00,00,FB,00,00,00,FF
1725019,139891,0xCF00400,1,8,FF,FF,FF,00,00,FF,FF,FF
1725020,139892,0xCFF6600,1,8,00,00,FF,FF,FF,FF,FF,FF
1725039,139893,0xCF00400,1,8,FF,FF,FF,00,00,FF,FF,FF
1725040,139894,0xCFF6600,1,8,00,00,FF,FF,FF,FF,FF,FF
1725059,139895,0xCF00400,1,8,FF,FF,FF,00,00,FF,FF,FF
1725060,139896,0xCFF6600,1,8,00,00,FF,FF,FF,FF,FF,FF
1725079,139897,0xCF00400,1,8,FF,FF,FF,00,00,FF,FF,FF
1725080,139898,0xCFF6600,1,8,00,00,FF,FF,FF,FF,FF,FF
1725099,139899,0xCF00400,1,8,FF,FF,FF,00,00,FF,FF,FF
1725100,139900,0xCFF6600,1,8,00,00,FF,FF,FF,FF,FF,FF
1725110,139901,0x18FEF100,1,8,3F,00,00,FF,FF,FF,FF,FF
1725111,139902,0x18F00500,1,8,FF,FF,FF,FF,20,2D,FF,FF
1725111,139903,0x18F00600,1,8,FF,FF,FF,FF,FF,FF,FF,FF
1725112,139904,0x18FEF200,1,8,00,00,00,FB,00,00,00,FF
1725113,139905,0x1CFDDF00,1,8,FE,FF,FF,FF,FF,FF,FF,FF
1725113,139906,0x1CFF6A00,1,8,FC,FF,FF,FF,FF,FF,FF,FF
1725119,139907,0xCF00400,1,8,FF,FF,FF,00,00,FF,FF,FF
1725120,139908,0xCFF6600,1,8,00,00,FF,FF,FF,FF,FF,FF
1725139,139909,0xCF00400,1,8,FF,FF,FF,00,00,FF,FF,FF
1725140,139910,0xCFF6600,1,8,00,00,FF,FF,FF,FF,FF,FF
1725159,139911,0xCF00400,1,8,FF,FF,FF,00,00,FF,FF,FF
1725160,139912,0xCFF6600,1,8,00,00,FF,FF,FF,FF,FF,FF
1725179,139913,0xCF00400,1,8,FF,FF,FF,00,00,FF,FF,FF
1725180,139914,0xCFF6600,1,8,00,00,FF,FF,FF,FF,FF,FF
1725199,139915,0xCF00400,1,8,FF,FF,FF,00,00,FF,FF,FF
1725200,139916,0xCFF6600,1,8,00,00,FF,FF,FF,FF,FF,FF
1725210,139917,0x18FEF100,1,8,3F,00,00,FF,FF,FF,FF,FF
1725211,139918,0x10FF6500,1,8,FC,FF,FF,FF,FF,FF,FF,FF
1725212,139919,0x18F00500,1,8,FF,FF,FF,FF,20,2D,FF,FF
1725212,139920,0x18FEF200,1,8,00,00,00,FB,00,00,00,FF
1725219,139921,0xCF00400,1,8,FF,FF,FF,00,00,FF,FF,FF
1725220,139922,0xCFF6600,1,8,00,00,FF,FF,FF,FF,FF,FF
1725239,139923,0xCF00400,1,8,FF,FF,FF,00,00,FF,FF,FF
1725240,139924,0xCFF6600,1,8,00,00,FF,FF,FF,FF,FF,FF
1725259,139925,0xCF00400,1,8,FF,FF,FF,00,00,FF,FF,FF
1725260,139926,0xCFF6600,1,8,00,00,FF,FF,FF,FF,FF,FF
1725269,139927,0x18FEEE00,1,8,63,FF,FF,FF,FF,FF,FF,FF
1725270,139928,0x18FDE500,1,8,0A,14,1E,28,32,3C,46,13
1725279,139929,0xCF00400,1,8,FF,FF,FF,00,00,FF,FF,FF
1725280,139930,0xCFF6600,1,8,00,00,FF,FF,FF,FF,FF,FF
1725289,139931,0x1CECFF00,1,8,20,0A,00,02,FF,CA,FE,00
1725299,139932,0xCF00400,1,8,FF,FF,FF,00,00,FF,FF,FF
1725300,139933,0xCFF6600,1,8,00,00,FF,FF,FF,FF,FF,FF
1725310,139934,0x18FEF100,1,8,3F,00,00,FF,FF,FF,FF,FF
1725311,139935,0x18F00500,1,8,FF,FF,FF,FF,20,2D,FF,FF
1725312,139936,0x18FEF200,1,8,00,00,00,FB,00,00,00,FF
1725319,139937,0xCF00400,1,8,FF,FF,FF,00,00,FF,FF,FF
1725320,139938,0xCFF6600,1,8,00,00,FF,FF,FF,FF,FF,FF
1725339,139939,0xCF00400,1,8,FF,FF,FF,00,00,FF,FF,FF
1725340,139940,0xCFF6600,1,8,00,00,FF,FF,FF,FF,FF,FF
1725341,139941,0x1CEBFF00,1,8,01,40,FF,0F,F0,E5,01,02
1725359,139942,0xCF00400,1,8,FF,FF,FF,00,00,FF,FF,FF
1725360,139943,0xCFF6600,1,8,00,00,FF,FF,FF,FF,FF,FF
1725379,139944,0xCF00400,1,8,FF,FF,FF,00,00,FF,FF,FF
1725380,139945,0xCFF6600,1,8,00,00,FF,FF,FF,FF,FF,FF
1725389,139946,0x1CEBFF00,1,8,02,F0,E3,01,FF,FF,FF,FF
1725399,139947,0xCF00400,1,8,FF,FF,FF,00,00,FF,FF,FF
1725400,139948,0xCFF6600,1,8,00,00,FF,FF,FF,FF,FF,FF
1725410,139949,0x18FEF100,1,8,3F,00,00,FF,FF,FF,FF,FF
1725411,139950,0x10FF6500,1,8,FC,FF,FF,FF,FF,FF,FF,FF
1725411,139951,0x18F00500,1,8,FF,FF,FF,FF,20,2D,FF,FF
1725412,139952,0x18FEF200,1,8,00,00,00,FB,00,00,00,FF
1725419,139953,0xCF00400,1,8,FF,FF,FF,00,00,FF,FF,FF
1725420,139954,0xCFF6600,1,8,00,00,FF,FF,FF,FF,FF,FF
1725439,139955,0xCF00400,1,8,FF,FF,FF,00,00,FF,FF,FF
1725440,139956,0xCFF6600,1,8,00,00,FF,FF,FF,FF,FF,FF
1725459,139957,0xCF00400,1,8,FF,FF,FF,00,00,FF,FF,FF
1725460,139958,0xCFF6600,1,8,00,00,FF,FF,FF,FF,FF,FF
1725479,139959,0xCF00400,1,8,FF,FF,FF,00,00,FF,FF,FF
1725480,139960,0xCFF6600,1,8,00,00,FF,FF,FF,FF,FF,FF
1725499,139961,0xCF00400,1,8,FF,FF,FF,00,00,FF,FF,FF
1725500,139962,0xCFF6600,1,8,00,00,FF,FF,FF,FF,FF,FF
1725510,139963,0x18FEF100,1,8,3F,00,00,FF,FF,FF,FF,FF
1725511,139964,0x18F00500,1,8,FF,FF,FF,FF,20,2D,FF,FF
1725512,139965,0x18FEF200,1,8,00,00,00,FB,00,00,00,FF
1725519,139966,0xCF00400,1,8,FF,FF,FF,00,00,FF,FF,FF
1725520,139967,0xCFF6600,1,8,00,00,FF,FF,FF,FF,FF,FF
1725539,139968,0xCF00400,1,8,FF,FF,FF,00,00,FF,FF,FF
1725540,139969,0xCFF6600,1,8,00,00,FF,FF,FF,FF,FF,FF
1725559,139970,0xCF00400,1,8,FF,FF,FF,00,00,FF,FF,FF
1725560,139971,0xCFF6600,1,8,00,00,FF,FF,FF,FF,FF,FF
1725579,139972,0xCF00400,1,8,FF,FF,FF,00,00,FF,FF,FF
1725580,139973,0xCFF6600,1,8,00,00,FF,FF,FF,FF,FF,FF
1725599,139974,0xCF00400,1,8,FF,FF,FF,00,00,FF,FF,FF
1725600,139975,0xCFF6600,1,8,00,00,FF,FF,FF,FF,FF,FF
1725610,139976,0x18FEF100,1,8,3F,00,00,FF,FF,FF,FF,FF
1725611,139977,0x10FF6500,1,8,FC,FF,FF,FF,FF,FF,FF,FF
1725612,139978,0x18F00500,1,8,FF,FF,FF,FF,20,2D,FF,FF
1725612,139979,0x18F00600,1,8,FF,FF,FF,FF,FF,FF,FF,FF
1725613,139980,0x18FEF200,1,8,00,00,00,FB,00,00,00,FF
1725613,139981,0x1CFDDF00,1,8,FE,FF,FF,FF,FF,FF,FF,FF
1725615,139982,0x1CFF6A00,1,8,FC,FF,FF,FF,FF,FF,FF,FF
1725619,139983,0xCF00400,1,8,FF,FF,FF,00,00,FF,FF,FF
1725620,139984,0xCFF6600,1,8,00,00,FF,FF,FF,FF,FF,FF
1725639,139985,0xCF00400,1,8,FF,FF,FF,00,00,FF,FF,FF
1725640,139986,0xCFF6600,1,8,00,00,FF,FF,FF,FF,FF,FF
1725659,139987,0xCF00400,1,8,FF,FF,FF,00,00,FF,FF,FF
1725660,139988,0xCFF6600,1,8,00,00,FF,FF,FF,FF,FF,FF
1725679,139989,0xCF00400,1,8,FF,FF,FF,00,00,FF,FF,FF
1725680,139990,0xCFF6600,1,8,00,00,FF,FF,FF,FF,FF,FF
1725699,139991,0xCF00400,1,8,FF,FF,FF,00,00,FF,FF,FF
1725700,139992,0xCFF6600,1,8,00,00,FF,FF,FF,FF,FF,FF
1725710,139993,0x18FEF100,1,8,3F,00,00,FF,FF,FF,FF,FF
1725711,139994,0x18F00500,1,8,FF,FF,FF,FF,20,2D,FF,FF
1725712,139995,0x18FEF200,1,8,00,00,00,FB,00,00,00,FF
1725719,139996,0xCF00400,1,8,FF,FF,FF,00,00,FF,FF,FF
1725720,139997,0xCFF6600,1,8,00,00,FF,FF,FF,FF,FF,FF
1725739,139998,0xCF00400,1,8,FF,FF,FF,00,00,FF,FF,FF
1725740,139999,0xCFF6600,1,8,00,00,FF,FF,FF,FF,FF,FF
1725759,140000,0xCF00400,1,8,FF,FF,FF,00,00,FF,FF,FF
1725760,140001,0xCFF6600,1,8,00,00,FF,FF,FF,FF,FF,FF
1725779,140002,0xCF00400,1,8,FF,FF,FF,00,00,FF,FF,FF
1725780,140003,0xCFF6600,1,8,00,00,FF,FF,FF,FF,FF,FF
1725799,140004,0xCF00400,1,8,FF,FF,FF,00,00,FF,FF,FF
1725800,140005,0xCFF6600,1,8,00,00,FF,FF,FF,FF,FF,FF
1725810,140006,0x18FEF100,1,8,3F,00,00,FF,FF,FF,FF,FF
1725811,140007,0x10FF6500,1,8,FC,FF,FF,FF,FF,FF,FF,FF
1725811,140008,0x18F00500,1,8,FF,FF,FF,FF,20,2D,FF,FF
1725812,140009,0x18FEF200,1,8,00,00,00,FB,00,00,00,FF
1725819,140010,0xCF00400,1,8,FF,FF,FF,00,00,FF,FF,FF
1725820,140011,0xCFF6600,1,8,00,00,FF,FF,FF,FF,FF,FF
1725839,140012,0xCF00400,1,8,FF,FF,FF,00,00,FF,FF,FF
1725840,140013,0xCFF6600,1,8,00,00,FF,FF,FF,FF,FF,FF
1725859,140014,0xCF00400,1,8,FF,FF,FF,00,00,FF,FF,FF
1725860,140015,0xCFF6600,1,8,00,00,FF,FF,FF,FF,FF,FF
1725879,140016,0xCF00400,1,8,FF,FF,FF,00,00,FF,FF,FF
1725880,140017,0xCFF6600,1,8,00,00,FF,FF,FF,FF,FF,FF
1725899,140018,0xCF00400,1,8,FF,FF,FF,00,00,FF,FF,FF
1725900,140019,0xCFF6600,1,8,00,00,FF,FF,FF,FF,FF,FF
1725910,140020,0x18FEF100,1,8,3F,00,00,FF,FF,FF,FF,FF
1725911,140021,0x18F00500,1,8,FF,FF,FF,FF,20,2D,FF,FF
1725912,140022,0x18FEF200,1,8,00,00,00,FB,00,00,00,FF
1725919,140023,0xCF00400,1,8,FF,FF,FF,00,00,FF,FF,FF
1725920,140024,0xCFF6600,1,8,00,00,FF,FF,FF,FF,FF,FF
1725939,140025,0xCF00400,1,8,FF,FF,FF,00,00,FF,FF,FF
1725940,140026,0xCFF6600,1,8,00,00,FF,FF,FF,FF,FF,FF
1725959,140027,0xCF00400,1,8,FF,FF,FF,00,00,FF,FF,FF
1725960,140028,0xCFF6600,1,8,00,00,FF,FF,FF,FF,FF,FF
1725979,140029,0xCF00400,1,8,FF,FF,FF,00,00,FF,FF,FF
1725980,140030,0xCFF6600,1,8,00,00,FF,FF,FF,FF,FF,FF
1725999,140031,0xCF00400,1,8,FF,FF,FF,00,00,FF,FF,FF
1726000,140032,0xCFF6600,1,8,00,00,FF,FF,FF,FF,FF,FF
1726010,140033,0x18FEF100,1,8,3F,00,00,FF,FF,FF,FF,FF
1726011,140034,0x10FF6500,1,8,FC,FF,FF,FF,FF,FF,FF,FF
1726011,140035,0x18F00500,1,8,FF,FF,FF,FF,20,2D,FF,FF
1726012,140036,0x18FEF200,1,8,00,00,00,FB,00,00,00,FF
1726019,140037,0xCF00400,1,8,FF,FF,FF,00,00,FF,FF,FF
1726020,140038,0xCFF6600,1,8,00,00,FF,FF,FF,FF,FF,FF
1726039,140039,0xCF00400,1,8,FF,FF,FF,00,00,FF,FF,FF
1726040,140040,0xCFF6600,1,8,00,00,FF,FF,FF,FF,FF,FF
1726059,140041,0xCF00400,1,8,FF,FF,FF,00,00,FF,FF,FF
1726060,140042,0xCFF6600,1,8,00,00,FF,FF,FF,FF,FF,FF
1726079,140043,0xCF00400,1,8,FF,FF,FF,00,00,FF,FF,FF
1726080,140044,0xCFF6600,1,8,00,00,FF,FF,FF,FF,FF,FF
1726099,140045,0xCF00400,1,8,FF,FF,FF,00,00,FF,FF,FF
1726100,140046,0xCFF6600,1,8,00,00,FF,FF,FF,FF,FF,FF
1726110,140047,0x18FEF100,1,8,3F,00,00,FF,FF,FF,FF,FF
1726111,140048,0x18F00500,1,8,FF,FF,FF,FF,20,2D,FF,FF
1726112,140049,0x18F00600,1,8,FF,FF,FF,FF,FF,FF,FF,FF
1726113,140050,0x18FEF200,1,8,00,00,00,FB,00,00,00,FF
1726113,140051,0x1CFDDF00,1,8,FE,FF,FF,FF,FF,FF,FF,FF
1726114,140052,0x1CFF6A00,1,8,FC,FF,FF,FF,FF,FF,FF,FF
1726119,140053,0xCF00400,1,8,FF,FF,FF,00,00,FF,FF,FF
1726120,140054,0xCFF6600,1,8,00,00,FF,FF,FF,FF,FF,FF
1726139,140055,0xCF00400,1,8,FF,FF,FF,00,00,FF,FF,FF
1726140,140056,0xCFF6600,1,8,00,00,FF,FF,FF,FF,FF,FF
1726159,140057,0xCF00400,1,8,FF,FF,FF,00,00,FF,FF,FF
1726160,140058,0xCFF6600,1,8,00,00,FF,FF,FF,FF,FF,FF
1726179,140059,0xCF00400,1,8,FF,FF,FF,00,00,FF,FF,FF
1726180,140060,0xCFF6600,1,8,00,00,FF,FF,FF,FF,FF,FF
1726199,140061,0xCF00400,1,8,FF,FF,FF,00,00,FF,FF,FF
1726200,140062,0xCFF6600,1,8,00,00,FF,FF,FF,FF,FF,FF
1726210,140063,0x18FEF100,1,8,3F,00,00,FF,FF,FF,FF,FF
1726211,140064,0x10FF6500,1,8,FC,FF,FF,FF,FF,FF,FF,FF
1726211,140065,0x18F00500,1,8,FF,FF,FF,FF,20,2D,FF,FF
1726212,140066,0x18FEF200,1,8,00,00,00,FB,00,00,00,FF
1726219,140067,0xCF00400,1,8,FF,FF,FF,00,00,FF,FF,FF
1726220,140068,0xCFF6600,1,8,00,00,FF,FF,FF,FF,FF,FF
1726239,140069,0xCF00400,1,8,FF,FF,FF,00,00,FF,FF,FF
1726240,140070,0xCFF6600,1,8,00,00,FF,FF,FF,FF,FF,FF
1726259,140071,0xCF00400,1,8,FF,FF,FF,00,00,FF,FF,FF
1726260,140072,0xCFF6600,1,8,00,00,FF,FF,FF,FF,FF,FF
1726269,140073,0x18FEEE00,1,8,63,FF,FF,FF,FF,FF,FF,FF
1726270,140074,0x18FDE500,1,8,0A,14,1E,28,32,3C,46,13
1726279,140075,0xCF00400,1,8,FF,FF,FF,00,00,FF,FF,FF
1726280,140076,0xCFF6600,1,8,00,00,FF,FF,FF,FF,FF,FF
1726289,140077,0x1CECFF00,1,8,20,0A,00,02,FF,CA,FE,00
1726299,140078,0xCF00400,1,8,FF,FF,FF,00,00,FF,FF,FF
1726300,140079,0xCFF6600,1,8,00,00,FF,FF,FF,FF,FF,FF
1726310,140080,0x18FEF100,1,8,3F,00,00,FF,FF,FF,FF,FF
1726311,140081,0x18F00500,1,8,FF,FF,FF,FF,20,2D,FF,FF
1726312,140082,0x18FEF200,1,8,00,00,00,FB,00,00,00,FF
1726319,140083,0xCF00400,1,8,FF,FF,FF,00,00,FF,FF,FF
1726320,140084,0xCFF6600,1,8,00,00,FF,FF,FF,FF,FF,FF
1726339,140085,0xCF00400,1,8,FF,FF,FF,00,00,FF,FF,FF
1726340,140086,0xCFF6600,1,8,00,00,FF,FF,FF,FF,FF,FF
1726341,140087,0x1CEBFF00,1,8,01,40,FF,0F,F0,E5,01,02
1726359,140088,0xCF00400,1,8,FF,FF,FF,00,00,FF,FF,FF
1726360,140089,0xCFF6600,1,8,00,00,FF,FF,FF,FF,FF,FF
1726379,140090,0xCF00400,1,8,FF,FF,FF,00,00,FF,FF,FF
1726380,140091,0xCFF6600,1,8,00,00,FF,FF,FF,FF,FF,FF
1726389,140092,0x1CEBFF00,1,8,02,F0,E3,01,FF,FF,FF,FF
1726399,140093,0xCF00400,1,8,FF,FF,FF,00,00,FF,FF,FF
1726400,140094,0xCFF6600,1,8,00,00,FF,FF,FF,FF,FF,FF
1726410,140095,0x18FEF100,1,8,3F,00,00,FF,FF,FF,FF,FF
1726411,140096,0x10FF6500,1,8,FC,FF,FF,FF,FF,FF,FF,FF
1726411,140097,0x18F00500,1,8,FF,FF,FF,FF,20,2D,FF,FF
1726412,140098,0x18FEF200,1,8,00,00,00,FB,00,00,00,FF
1726419,140099,0xCF00400,1,8,FF,FF,FF,00,00,FF,FF,FF
1726420,140100,0xCFF6600,1,8,00,00,FF,FF,FF,FF,FF,FF
1726440,140101,0xCF00400,1,8,FF,FF,FF,00,00,FF,FF,FF
1726440,140102,0xCFF6600,1,8,00,00,FF,FF,FF,FF,FF,FF
1726459,140103,0xCF00400,1,8,FF,FF,FF,00,00,FF,FF,FF
1726460,140104,0xCFF6600,1,8,00,00,FF,FF,FF,FF,FF,FF
1726479,140105,0xCF00400,1,8,FF,FF,FF,00,00,FF,FF,FF
1726480,140106,0xCFF6600,1,8,00,00,FF,FF,FF,FF,FF,FF
1726499,140107,0xCF00400,1,8,FF,FF,FF,00,00,FF,FF,FF
1726500,140108,0xCFF6600,1,8,00,00,FF,FF,FF,FF,FF,FF
1726510,140109,0x18FEF100,1,8,3F,00,00,FF,FF,FF,FF,FF
1726511,140110,0x18F00500,1,8,FF,FF,FF,FF,20,2D,FF,FF
1726512,140111,0x18FEF200,1,8,00,00,00,FB,00,00,00,FF
1726520,140112,0xCF00400,1,8,FF,FF,FF,00,00,FF,FF,FF
1726520,140113,0xCFF6600,1,8,00,00,FF,FF,FF,FF,FF,FF
1726539,140114,0xCF00400,1,8,FF,FF,FF,00,00,FF,FF,FF
1726540,140115,0xCFF6600,1,8,00,00,FF,FF,FF,FF,FF,FF
1726559,140116,0xCF00400,1,8,FF,FF,FF,00,00,FF,FF,FF
1726560,140117,0xCFF6600,1,8,00,00,FF,FF,FF,FF,FF,FF
1726579,140118,0xCF00400,1,8,FF,FF,FF,00,00,FF,FF,FF
1726580,140119,0xCFF6600,1,8,00,00,FF,FF,FF,FF,FF,FF
1726600,140120,0xCF00400,1,8,FF,FF,FF,00,00,FF,FF,FF
1726600,140121,0xCFF6600,1,8,00,00,FF,FF,FF,FF,FF,FF
1726610,140122,0x18FEF100,1,8,3F,00,00,FF,FF,FF,FF,FF
1726611,140123,0x10FF6500,1,8,FC,FF,FF,FF,FF,FF,FF,FF
1726611,140124,0x18F00500,1,8,FF,FF,FF,FF,20,2D,FF,FF
1726612,140125,0x18F00600,1,8,FF,FF,FF,FF,FF,FF,FF,FF
1726613,140126,0x18FEF200,1,8,00,00,00,FB,00,00,00,FF
1726613,140127,0x1CFDDF00,1,8,FE,FF,FF,FF,FF,FF,FF,FF
1726615,140128,0x1CFF6A00,1,8,FC,FF,FF,FF,FF,FF,FF,FF
1726619,140129,0xCF00400,1,8,FF,FF,FF,00,00,FF,FF,FF
1726620,140130,0xCFF6600,1,8,00,00,FF,FF,FF,FF,FF,FF
1726639,140131,0xCF00400,1,8,FF,FF,FF,00,00,FF,FF,FF
1726640,140132,0xCFF6600,1,8,00,00,FF,FF,FF,FF,FF,FF
1726659,140133,0xCF00400,1,8,FF,FF,FF,00,00,FF,FF,FF
1726660,140134,0xCFF6600,1,8,00,00,FF,FF,FF,FF,FF,FF
1726680,140135,0xCF00400,1,8,FF,FF,FF,00,00,FF,FF,FF
1726680,140136,0xCFF6600,1,8,00,00,FF,FF,FF,FF,FF,FF
1726699,140137,0xCF00400,1,8,FF,FF,FF,00,00,FF,FF,FF
1726700,140138,0xCFF6600,1,8,00,00,FF,FF,FF,FF,FF,FF
1726710,140139,0x18FEF100,1,8,3F,00,00,FF,FF,FF,FF,FF
1726711,140140,0x18F00500,1,8,FF,FF,FF,FF,20,2D,FF,FF
1726712,140141,0x18FEF200,1,8,00,00,00,FB,00,00,00,FF
1726719,140142,0xCF00400,1,8,FF,FF,FF,00,00,FF,FF,FF
1726720,140143,0xCFF6600,1,8,00,00,FF,FF,FF,FF,FF,FF
1726739,140144,0xCF00400,1,8,FF,FF,FF,00,00,FF,FF,FF
1726740,140145,0xCFF6600,1,8,00,00,FF,FF,FF,FF,FF,FF
1726760,140146,0xCF00400,1,8,FF,FF,FF,00,00,FF,FF,FF
1726760,140147,0xCFF6600,1,8,00,00,FF,FF,FF,FF,FF,FF
1726779,140148,0xCF00400,1,8,FF,FF,FF,00,00,FF,FF,FF
1726780,140149,0xCFF6600,1,8,00,00,FF,FF,FF,FF,FF,FF
1726799,140150,0xCF00400,1,8,FF,FF,FF,00,00,FF,FF,FF
1726800,140151,0xCFF6600,1,8,00,00,FF,FF,FF,FF,FF,FF
1726810,140152,0x18FEF100,1,8,3F,00,00,FF,FF,FF,FF,FF
1726811,140153,0x10FF6500,1,8,FC,FF,FF,FF,FF,FF,FF,FF
1726811,140154,0x18F00500,1,8,FF,FF,FF,FF,20,2D,FF,FF
1726812,140155,0x18FEF200,1,8,00,00,00,FB,00,00,00,FF
1726819,140156,0xCF00400,1,8,FF,FF,FF,00,00,FF,FF,FF
1726820,140157,0xCFF6600,1,8,00,00,FF,FF,FF,FF,FF,FF
1726840,140158,0xCF00400,1,8,FF,FF,FF,00,00,FF,FF,FF
1726840,140159,0xCFF6600,1,8,00,00,FF,FF,FF,FF,FF,FF
1726859,140160,0xCF00400,1,8,FF,FF,FF,00,00,FF,FF,FF
1726860,140161,0xCFF6600,1,8,00,00,FF,FF,FF,FF,FF,FF
1726879,140162,0xCF00400,1,8,FF,FF,FF,00,00,FF,FF,FF
1726880,140163,0xCFF6600,1,8,00,00,FF,FF,FF,FF,FF,FF
1726899,140164,0xCF00400,1,8,FF,FF,FF,00,00,FF,FF,FF
1726900,140165,0xCFF6600,1,8,00,00,FF,FF,FF,FF,FF,FF
1726910,140166,0x18FEF100,1,8,3F,00,00,FF,FF,FF,FF,FF
1726911,140167,0x18F00500,1,8,FF,FF,FF,FF,20,2D,FF,FF
1726912,140168,0x18FEF200,1,8,00,00,00,FB,00,00,00,FF
1726920,140169,0xCF00400,1,8,FF,FF,FF,00,00,FF,FF,FF
1726920,140170,0xCFF6600,1,8,00,00,FF,FF,FF,FF,FF,FF
1726939,140171,0xCF00400,1,8,FF,FF,FF,00,00,FF,FF,FF
1726940,140172,0xCFF6600,1,8,00,00,FF,FF,FF,FF,FF,FF
1726959,140173,0xCF00400,1,8,FF,FF,FF,00,00,FF,FF,FF
1726960,140174,0xCFF6600,1,8,00,00,FF,FF,FF,FF,FF,FF
1726979,140175,0xCF00400,1,8,FF,FF,FF,00,00,FF,FF,FF
1726980,140176,0xCFF6600,1,8,00,00,FF,FF,FF,FF,FF,FF
1727000,140177,0xCF00400,1,8,FF,FF,FF,00,00,FF,FF,FF
1727000,140178,0xCFF6600,1,8,00,00,FF,FF,FF,FF,FF,FF
1727010,140179,0x18FEF100,1,8,3F,00,00,FF,FF,FF,FF,FF
1727011,140180,0x10FF6500,1,8,FC,FF,FF,FF,FF,FF,FF,FF
1727011,140181,0x18F00500,1,8,FF,FF,FF,FF,20,2D,FF,FF
1727012,140182,0x18FEF200,1,8,00,00,00,FB,00,00,00,FF
1727019,140183,0xCF00400,1,8,FF,FF,FF,00,00,FF,FF,FF
1727020,140184,0xCFF6600,1,8,00,00,FF,FF,FF,FF,FF,FF
1727039,140185,0xCF00400,1,8,FF,FF,FF,00,00,FF,FF,FF
1727040,140186,0xCFF6600,1,8,00,00,FF,FF,FF,FF,FF,FF
1727059,140187,0xCF00400,1,8,FF,FF,FF,00,00,FF,FF,FF
1727060,140188,0xCFF6600,1,8,00,00,FF,FF,FF,FF,FF,FF
1727080,140189,0xCF00400,1,8,FF,FF,FF,00,00,FF,FF,FF
1727080,140190,0xCFF6600,1,8,00,00,FF,FF,FF,FF,FF,FF
1727099,140191,0xCF00400,1,8,FF,FF,FF,00,00,FF,FF,FF
1727100,140192,0xCFF6600,1,8,00,00,FF,FF,FF,FF,FF,FF
1727110,140193,0x18FEF100,1,8,3F,00,00,FF,FF,FF,FF,FF
1727111,140194,0x18F00500,1,8,FF,FF,FF,FF,20,2D,FF,FF
1727112,140195,0x18F00600,1,8,FF,FF,FF,FF,FF,FF,FF,FF
1727112,140196,0x18FEF200,1,8,00,00,00,FB,00,00,00,FF
1727113,140197,0x1CFDDF00,1,8,FE,FF,FF,FF,FF,FF,FF,FF
1727113,140198,0x1CFF6A00,1,8,FC,FF,FF,FF,FF,FF,FF,FF
1727119,140199,0xCF00400,1,8,FF,FF,FF,00,00,FF,FF,FF
1727120,140200,0xCFF6600,1,8,00,00,FF,FF,FF,FF,FF,FF
1727139,140201,0xCF00400,1,8,FF,FF,FF,00,00,FF,FF,FF
1727140,140202,0xCFF6600,1,8,00,00,FF,FF,FF,FF,FF,FF
1727160,140203,0xCF00400,1,8,FF,FF,FF,00,00,FF,FF,FF
1727160,140204,0xCFF6600,1,8,00,00,FF,FF,FF,FF,FF,FF
1727179,140205,0xCF00400,1,8,FF,FF,FF,00,00,FF,FF,FF
1727180,140206,0xCFF6600,1,8,00,00,FF,FF,FF,FF,FF,FF
1727199,140207,0xCF00400,1,8,FF,FF,FF,00,00,FF,FF,FF
1727200,140208,0xCFF6600,1,8,00,00,FF,FF,FF,FF,FF,FF
1727210,140209,0x18FEF100,1,8,3F,00,00,FF,FF,FF,FF,FF
1727211,140210,0x10FF6500,1,8,FC,FF,FF,FF,FF,FF,FF,FF
1727211,140211,0x18F00500,1,8,FF,FF,FF,FF,20,2D,FF,FF
1727212,140212,0x18FEF200,1,8,00,00,00,FB,00,00,00,FF
1727219,140213,0xCF00400,1,8,FF,FF,FF,00,00,FF,FF,FF
1727220,140214,0xCFF6600,1,8,00,00,FF,FF,FF,FF,FF,FF
1727240,140215,0xCF00400,1,8,FF,FF,FF,00,00,FF,FF,FF
1727240,140216,0xCFF6600,1,8,00,00,FF,FF,FF,FF,FF,FF
1727259,140217,0xCF00400,1,8,FF,FF,FF,00,00,FF,FF,FF
1727260,140218,0xCFF6600,1,8,00,00,FF,FF,FF,FF,FF,FF
1727269,140219,0x18FEEE00,1,8,63,FF,FF,FF,FF,FF,FF,FF
1727270,140220,0x18FDE500,1,8,0A,14,1E,28,32,3C,46,13
1727279,140221,0xCF00400,1,8,FF,FF,FF,00,00,FF,FF,FF
1727280,140222,0xCFF6600,1,8,00,00,FF,FF,FF,FF,FF,FF
1727289,140223,0x1CECFF00,1,8,20,0A,00,02,FF,CA,FE,00
1727299,140224,0xCF00400,1,8,FF,FF,FF,00,00,FF,FF,FF
1727300,140225,0xCFF6600,1,8,00,00,FF,FF,FF,FF,FF,FF
1727310,140226,0x18FEF100,1,8,3F,00,00,FF,FF,FF,FF,FF
1727311,140227,0x18F00500,1,8,FF,FF,FF,FF,20,2D,FF,FF
1727312,140228,0x18FEF200,1,8,00,00,00,FB,00,00,00,FF
1727320,140229,0xCF00400,1,8,FF,FF,FF,00,00,FF,FF,FF
1727320,140230,0xCFF6600,1,8,00,00,FF,FF,FF,FF,FF,FF
1727339,140231,0xCF00400,1,8,FF,FF,FF,00,00,FF,FF,FF
1727340,140232,0xCFF6600,1,8,00,00,FF,FF,FF,FF,FF,FF
1727341,140233,0x1CEBFF00,1,8,01,40,FF,0F,F0,E5,01,02
1727359,140234,0xCF00400,1,8,FF,FF,FF,00,00,FF,FF,FF
1727360,140235,0xCFF6600,1,8,00,00,FF,FF,FF,FF,FF,FF
1727379,140236,0xCF00400,1,8,FF,FF,FF,00,00,FF,FF,FF
1727380,140237,0xCFF6600,1,8,00,00,FF,FF,FF,FF,FF,FF
1727389,140238,0x1CEBFF00,1,8,02,F0,E3,01,FF,FF,FF,FF
1727400,140239,0xCF00400,1,8,FF,FF,FF,00,00,FF,FF,FF
1727400,140240,0xCFF6600,1,8,00,00,FF,FF,FF,FF,FF,FF
1727410,140241,0x18FEF100,1,8,3F,00,00,FF,FF,FF,FF,FF
1727411,140242,0x10FF6500,1,8,FC,FF,FF,FF,FF,FF,FF,FF
1727411,140243,0x18F00500,1,8,FF,FF,FF,FF,20,2D,FF,FF
1727412,140244,0x18FEF200,1,8,00,00,00,FB,00,00,00,FF
1727419,140245,0xCF00400,1,8,FF,FF,FF,00,00,FF,FF,FF
1727420,140246,0xCFF6600,1,8,00,00,FF,FF,FF,FF,FF,FF
1727439,140247,0xCF00400,1,8,FF,FF,FF,00,00,FF,FF,FF
1727440,140248,0xCFF6600,1,8,00,00,FF,FF,FF,FF,FF,FF
1727459,140249,0xCF00400,1,8,FF,FF,FF,00,00,FF,FF,FF
1727460,140250,0xCFF6600,1,8,00,00,FF,FF,FF,FF,FF,FF
1727480,140251,0xCF00400,1,8,FF,FF,FF,00,00,FF,FF,FF
1727480,140252,0xCFF6600,1,8,00,00,FF,FF,FF,FF,FF,FF
1727499,140253,0xCF00400,1,8,FF,FF,FF,00,00,FF,FF,FF
1727500,140254,0xCFF6600,1,8,00,00,FF,FF,FF,FF,FF,FF
1727510,140255,0x18FEF100,1,8,3F,00,00,FF,FF,FF,FF,FF
1727511,140256,0x18F00500,1,8,FF,FF,FF,FF,20,2D,FF,FF
1727511,140257,0x18FEF200,1,8,00,00,00,FB,00,00,00,FF
1727519,140258,0xCF00400,1,8,FF,FF,FF,00,00,FF,FF,FF
1727520,140259,0xCFF6600,1,8,00,00,FF,FF,FF,FF,FF,FF
1727539,140260,0xCF00400,1,8,FF,FF,FF,00,00,FF,FF,FF
1727540,140261,0xCFF6600,1,8,00,00,FF,FF,FF,FF,FF,FF
1727559,140262,0xCF00400,1,8,FF,FF,FF,00,00,FF,FF,FF
1727560,140263,0xCFF6600,1,8,00,00,FF,FF,FF,FF,FF,FF
1727579,140264,0xCF00400,1,8,FF,FF,FF,00,00,FF,FF,FF
1727580,140265,0xCFF6600,1,8,00,00,FF,FF,FF,FF,FF,FF
1727599,140266,0xCF00400,1,8,FF,FF,FF,00,00,FF,FF,FF
1727600,140267,0xCFF6600,1,8,00,00,FF,FF,FF,FF,FF,FF
1727610,140268,0x18FEF100,1,8,3F,00,00,FF,FF,FF,FF,FF
1727611,140269,0x10FF6500,1,8,FC,FF,FF,FF,FF,FF,FF,FF
1727611,140270,0x18F00500,1,8,FF,FF,FF,FF,20,2D,FF,FF
1727612,140271,0x18F00600,1,8,FF,FF,FF,FF,FF,FF,FF,FF
1727613,140272,0x18FEF200,1,8,00,00,00,FB,00,00,00,FF
1727614,140273,0x1CFDDF00,1,8,FE,FF,FF,FF,FF,FF,FF,FF
1727615,140274,0x1CFF6A00,1,8,FC,FF,FF,FF,FF,FF,FF,FF
1727619,140275,0xCF00400,1,8,FF,FF,FF,00,00,FF,FF,FF
1727620,140276,0xCFF6600,1,8,00,00,FF,FF,FF,FF,FF,FF
1727639,140277,0xCF00400,1,8,FF,FF,FF,00,00,FF,FF,FF
1727640,140278,0xCFF6600,1,8,00,00,FF,FF,FF,FF,FF,FF
1727659,140279,0xCF00400,1,8,FF,FF,FF,00,00,FF,FF,FF
1727660,140280,0xCFF6600,1,8,00,00,FF,FF,FF,FF,FF,FF
1727679,140281,0xCF00400,1,8,FF,FF,FF,00,00,FF,FF,FF
1727680,140282,0xCFF6600,1,8,00,00,FF,FF,FF,FF,FF,FF
1727699,140283,0xCF00400,1,8,FF,FF,FF,00,00,FF,FF,FF
1727700,140284,0xCFF6600,1,8,00,00,FF,FF,FF,FF,FF,FF
1727710,140285,0x18FEF100,1,8,3F,00,00,FF,FF,FF,FF,FF
1727711,140286,0x18F00500,1,8,FF,FF,FF,FF,20,2D,FF,FF
1727712,140287,0x18FEF200,1,8,00,00,00,FB,00,00,00,FF
1727719,140288,0xCF00400,1,8,FF,FF,FF,00,00,FF,FF,FF
1727720,140289,0xCFF6600,1,8,00,00,FF,FF,FF,FF,FF,FF
1727739,140290,0xCF00400,1,8,FF,FF,FF,00,00,FF,FF,FF
1727740,140291,0xCFF6600,1,8,00,00,FF,FF,FF,FF,FF,FF
1727759,140292,0xCF00400,1,8,FF,FF,FF,00,00,FF,FF,FF
1727760,140293,0xCFF6600,1,8,00,00,FF,FF,FF,FF,FF,FF
1727779,140294,0xCF00400,1,8,FF,FF,FF,00,00,FF,FF,FF
1727780,140295,0xCFF6600,1,8,00,00,FF,FF,FF,FF,FF,FF
1727799,140296,0xCF00400,1,8,FF,FF,FF,00,00,FF,FF,FF
1727800,140297,0xCFF6600,1,8,00,00,FF,FF,FF,FF,FF,FF
1727810,140298,0x18FEF100,1,8,3F,00,00,FF,FF,FF,FF,FF
1727811,140299,0x10FF6500,1,8,FC,FF,FF,FF,FF,FF,FF,FF
1727811,140300,0x18F00500,1,8,FF,FF,FF,FF,20,2D,FF,FF
1727812,140301,0x18FEF200,1,8,00,00,00,FB,00,00,00,FF
1727819,140302,0xCF00400,1,8,FF,FF,FF,00,00,FF,FF,FF
1727820,140303,0xCFF6600,1,8,00,00,FF,FF,FF,FF,FF,FF
1727839,140304,0xCF00400,1,8,FF,FF,FF,00,00,FF,FF,FF
1727840,140305,0xCFF6600,1,8,00,00,FF,FF,FF,FF,FF,FF
1727859,140306,0xCF00400,1,8,FF,FF,FF,00,00,FF,FF,FF
1727860,140307,0xCFF6600,1,8,00,00,FF,FF,FF,FF,FF,FF
1727879,140308,0xCF00400,1,8,FF,FF,FF,00,00,FF,FF,FF
1727880,140309,0xCFF6600,1,8,00,00,FF,FF,FF,FF,FF,FF
1727899,140310,0xCF00400,1,8,FF,FF,FF,00,00,FF,FF,FF
1727900,140311,0xCFF6600,1,8,00,00,FF,FF,FF,FF,FF,FF
1727910,140312,0x18FEF100,1,8,3F,00,00,FF,FF,FF,FF,FF
1727911,140313,0x18F00500,1,8,FF,FF,FF,FF,20,2D,FF,FF
1727912,140314,0x18FEF200,1,8,00,00,00,FB,00,00,00,FF
1727919,140315,0xCF00400,1,8,FF,FF,FF,00,00,FF,FF,FF
1727920,140316,0xCFF6600,1,8,00,00,FF,FF,FF,FF,FF,FF
1727939,140317,0xCF00400,1,8,FF,FF,FF,00,00,FF,FF,FF
1727940,140318,0xCFF6600,1,8,00,00,FF,FF,FF,FF,FF,FF
1727959,140319,0xCF00400,1,8,FF,FF,FF,00,00,FF,FF,FF
1727960,140320,0xCFF6600,1,8,00,00,FF,FF,FF,FF,FF,FF
1727979,140321,0xCF00400,1,8,FF,FF,FF,00,00,FF,FF,FF
1727980,140322,0xCFF6600,1,8,00,00,FF,FF,FF,FF,FF,FF
1727999,140323,0xCF00400,1,8,FF,FF,FF,00,00,FF,FF,FF
1728000,140324,0xCFF6600,1,8,00,00,FF,FF,FF,FF,FF,FF
1728010,140325,0x18FEF100,1,8,3F,00,00,FF,FF,FF,FF,FF
1728011,140326,0x10FF6500,1,8,FC,FF,FF,FF,FF,FF,FF,FF
1728012,140327,0x18F00500,1,8,FF,FF,FF,FF,20,2D,FF,FF
1728012,140328,0x18FEF200,1,8,00,00,00,FB,00,00,00,FF
1728019,140329,0xCF00400,1,8,FF,FF,FF,00,00,FF,FF,FF
1728020,140330,0xCFF6600,1,8,00,00,FF,FF,FF,FF,FF,FF
1728039,140331,0xCF00400,1,8,FF,FF,FF,00,00,FF,FF,FF
1728040,140332,0xCFF6600,1,8,00,00,FF,FF,FF,FF,FF,FF
1728059,140333,0xCF00400,1,8,FF,FF,FF,00,00,FF,FF,FF
1728060,140334,0xCFF6600,1,8,00,00,FF,FF,FF,FF,FF,FF
1728079,140335,0xCF00400,1,8,FF,FF,FF,00,00,FF,FF,FF
1728080,140336,0xCFF6600,1,8,00,00,FF,FF,FF,FF,FF,FF
1728099,140337,0xCF00400,1,8,FF,FF,FF,00,00,FF,FF,FF
1728100,140338,0xCFF6600,1,8,00,00,FF,FF,FF,FF,FF,FF
1728110,140339,0x18FEF100,1,8,3F,00,00,FF,FF,FF,FF,FF
1728111,140340,0x18F00500,1,8,FF,FF,FF,FF,20,2D,FF,FF
1728112,140341,0x18F00600,1,8,FF,FF,FF,FF,FF,FF,FF,FF
1728112,140342,0x18FEF200,1,8,00,00,00,FB,00,00,00,FF
1728113,140343,0x1CFDDF00,1,8,FE,FF,FF,FF,FF,FF,FF,FF
1728113,140344,0x1CFF6A00,1,8,FC,FF,FF,FF,FF,FF,FF,FF
1728119,140345,0xCF00400,1,8,FF,FF,FF,00,00,FF,FF,FF
1728120,140346,0xCFF6600,1,8,00,00,FF,FF,FF,FF,FF,FF
1728139,140347,0xCF00400,1,8,FF,FF,FF,00,00,FF,FF,FF
1728140,140348,0xCFF6600,1,8,00,00,FF,FF,FF,FF,FF,FF
1728159,140349,0xCF00400,1,8,FF,FF,FF,00,00,FF,FF,FF
1728160,140350,0xCFF6600,1,8,00,00,FF,FF,FF,FF,FF,FF
1728179,140351,0xCF00400,1,8,FF,FF,FF,00,00,FF,FF,FF
1728180,140352,0xCFF6600,1,8,00,00,FF,FF,FF,FF,FF,FF
1728199,140353,0xCF00400,1,8,FF,FF,FF,00,00,FF,FF,FF
1728200,140354,0xCFF6600,1,8,00,00,FF,FF,FF,FF,FF,FF
1728210,140355,0x18FEF100,1,8,3F,00,00,FF,FF,FF,FF,FF
1728211,140356,0x10FF6500,1,8,FC,FF,FF,FF,FF,FF,FF,FF
1728212,140357,0x18F00500,1,8,FF,FF,FF,FF,20,2D,FF,FF
1728212,140358,0x18FEF200,1,8,00,00,00,FB,00,00,00,FF
1728219,140359,0xCF00400,1,8,FF,FF,FF,00,00,FF,FF,FF
1728220,140360,0xCFF6600,1,8,00,00,FF,FF,FF,FF,FF,FF
1728239,140361,0xCF00400,1,8,FF,FF,FF,00,00,FF,FF,FF
1728240,140362,0xCFF6600,1,8,00,00,FF,FF,FF,FF,FF,FF
1728259,140363,0xCF00400,1,8,FF,FF,FF,00,00,FF,FF,FF
1728260,140364,0xCFF6600,1,8,00,00,FF,FF,FF,FF,FF,FF
1728269,140365,0x18FEEE00,1,8,63,FF,FF,FF,FF,FF,FF,FF
1728270,140366,0x18FDE500,1,8,0A,14,1E,28,32,3C,46,13
1728279,140367,0xCF00400,1,8,FF,FF,FF,00,00,FF,FF,FF
1728280,140368,0xCFF6600,1,8,00,00,FF,FF,FF,FF,FF,FF
1728289,140369,0x1CECFF00,1,8,20,0A,00,02,FF,CA,FE,00
1728299,140370,0xCF00400,1,8,FF,FF,FF,00,00,FF,FF,FF
1728300,140371,0xCFF6600,1,8,00,00,FF,FF,FF,FF,FF,FF
1728310,140372,0x18FEF100,1,8,3F,00,00,FF,FF,FF,FF,FF
1728311,140373,0x18F00500,1,8,FF,FF,FF,FF,20,2D,FF,FF
1728312,140374,0x18FEF200,1,8,00,00,00,FB,00,00,00,FF
1728319,140375,0xCF00400,1,8,FF,FF,FF,00,00,FF,FF,FF
1728320,140376,0xCFF6600,1,8,00,00,FF,FF,FF,FF,FF,FF
1728339,140377,0xCF00400,1,8,FF,FF,FF,00,00,FF,FF,FF
1728340,140378,0xCFF6600,1,8,00,00,FF,FF,FF,FF,FF,FF
1728341,140379,0x1CEBFF00,1,8,01,40,FF,0F,F0,E5,01,02
1728359,140380,0xCF00400,1,8,FF,FF,FF,00,00,FF,FF,FF
1728360,140381,0xCFF6600,1,8,00,00,FF,FF,FF,FF,FF,FF
1728379,140382,0xCF00400,1,8,FF,FF,FF,00,00,FF,FF,FF
1728380,140383,0xCFF6600,1,8,00,00,FF,FF,FF,FF,FF,FF
1728389,140384,0x1CEBFF00,1,8,02,F0,E3,01,FF,FF,FF,FF
1728399,140385,0xCF00400,1,8,FF,FF,FF,00,00,FF,FF,FF
1728400,140386,0xCFF6600,1,8,00,00,FF,FF,FF,FF,FF,FF
1728410,140387,0x18FEF100,1,8,3F,00,00,FF,FF,FF,FF,FF
1728411,140388,0x10FF6500,1,8,FC,FF,FF,FF,FF,FF,FF,FF
1728411,140389,0x18F00500,1,8,FF,FF,FF,FF,20,2D,FF,FF
1728412,140390,0x18FEF200,1,8,00,00,00,FB,00,00,00,FF
1728419,140391,0xCF00400,1,8,FF,FF,FF,00,00,FF,FF,FF
1728420,140392,0xCFF6600,1,8,00,00,FF,FF,FF,FF,FF,FF
1728439,140393,0xCF00400,1,8,FF,FF,FF,00,00,FF,FF,FF
1728440,140394,0xCFF6600,1,8,00,00,FF,FF,FF,FF,FF,FF
1728459,140395,0xCF00400,1,8,FF,FF,FF,00,00,FF,FF,FF
1728460,140396,0xCFF6600,1,8,00,00,FF,FF,FF,FF,FF,FF
1728479,140397,0xCF00400,1,8,FF,FF,FF,00,00,FF,FF,FF
1728480,140398,0xCFF6600,1,8,00,00,FF,FF,FF,FF,FF,FF
1728499,140399,0xCF00400,1,8,FF,FF,FF,00,00,FF,FF,FF
1728500,140400,0xCFF6600,1,8,00,00,FF,FF,FF,FF,FF,FF
1728510,140401,0x18FEF100,1,8,3F,00,00,FF,FF,FF,FF,FF
1728511,140402,0x18F00500,1,8,FF,FF,FF,FF,20,2D,FF,FF
1728511,140403,0x18FEF200,1,8,00,00,00,FB,00,00,00,FF
1728519,140404,0xCF00400,1,8,FF,FF,FF,00,00,FF,FF,FF
1728520,140405,0xCFF6600,1,8,00,00,FF,FF,FF,FF,FF,FF
1728539,140406,0xCF00400,1,8,FF,FF,FF,00,00,FF,FF,FF
1728540,140407,0xCFF6600,1,8,00,00,FF,FF,FF,FF,FF,FF
1728559,140408,0xCF00400,1,8,FF,FF,FF,00,00,FF,FF,FF
1728560,140409,0xCFF6600,1,8,00,00,FF,FF,FF,FF,FF,FF
1728579,140410,0xCF00400,1,8,FF,FF,FF,00,00,FF,FF,FF
1728580,140411,0xCFF6600,1,8,00,00,FF,FF,FF,FF,FF,FF
1728599,140412,0xCF00400,1,8,FF,FF,FF,00,00,FF,FF,FF
1728600,140413,0xCFF6600,1,8,00,00,FF,FF,FF,FF,FF,FF
1728610,140414,0x18FEF100,1,8,3F,00,00,FF,FF,FF,FF,FF
1728611,140415,0x10FF6500,1,8,FC,FF,FF,FF,FF,FF,FF,FF
1728611,140416,0x18F00500,1,8,FF,FF,FF,FF,20,2D,FF,FF
1728612,140417,0x18F00600,1,8,FF,FF,FF,FF,FF,FF,FF,FF
1728613,140418,0x18FEF200,1,8,00,00,00,FB,00,00,00,FF
1728613,140419,0x1CFDDF00,1,8,FE,FF,FF,FF,FF,FF,FF,FF
1728614,140420,0x1CFF6A00,1,8,FC,FF,FF,FF,FF,FF,FF,FF
1728619,140421,0xCF00400,1,8,FF,FF,FF,00,00,FF,FF,FF
1728620,140422,0xCFF6600,1,8,00,00,FF,FF,FF,FF,FF,FF
1728639,140423,0xCF00400,1,8,FF,FF,FF,00,00,FF,FF,FF
1728640,140424,0xCFF6600,1,8,00,00,FF,FF,FF,FF,FF,FF
1728659,140425,0xCF00400,1,8,FF,FF,FF,00,00,FF,FF,FF
1728660,140426,0xCFF6600,1,8,00,00,FF,FF,FF,FF,FF,FF
1728679,140427,0xCF00400,1,8,FF,FF,FF,00,00,FF,FF,FF
1728680,140428,0xCFF6600,1,8,00,00,FF,FF,FF,FF,FF,FF
1728699,140429,0xCF00400,1,8,FF,FF,FF,00,00,FF,FF,FF
1728700,140430,0xCFF6600,1,8,00,00,FF,FF,FF,FF,FF,FF
1728710,140431,0x18FEF100,1,8,3F,00,00,FF,FF,FF,FF,FF
1728711,140432,0x18F00500,1,8,FF,FF,FF,FF,20,2D,FF,FF
1728712,140433,0x18FEF200,1,8,00,00,00,FB,00,00,00,FF
1728719,140434,0xCF00400,1,8,FF,FF,FF,00,00,FF,FF,FF
1728720,140435,0xCFF6600,1,8,00,00,FF,FF,FF,FF,FF,FF
1728739,140436,0xCF00400,1,8,FF,FF,FF,00,00,FF,FF,FF
1728740,140437,0xCFF6600,1,8,00,00,FF,FF,FF,FF,FF,FF
1728759,140438,0xCF00400,1,8,FF,FF,FF,00,00,FF,FF,FF
1728760,140439,0xCFF6600,1,8,00,00,FF,FF,FF,FF,FF,FF
1728779,140440,0xCF00400,1,8,FF,FF,FF,00,00,FF,FF,FF
1728780,140441,0xCFF6600,1,8,00,00,FF,FF,FF,FF,FF,FF
1728799,140442,0xCF00400,1,8,FF,FF,FF,00,00,FF,FF,FF
1728800,140443,0xCFF6600,1,8,00,00,FF,FF,FF,FF,FF,FF
1728810,140444,0x18FEF100,1,8,3F,00,00,FF,FF,FF,FF,FF
1728811,140445,0x10FF6500,1,8,FC,FF,FF,FF,FF,FF,FF,FF
1728811,140446,0x18F00500,1,8,FF,FF,FF,FF,20,2D,FF,FF
1728812,140447,0x18FEF200,1,8,00,00,00,FB,00,00,00,FF
1728819,140448,0xCF00400,1,8,FF,FF,FF,00,00,FF,FF,FF
1728820,140449,0xCFF6600,1,8,00,00,FF,FF,FF,FF,FF,FF
1728839,140450,0xCF00400,1,8,FF,FF,FF,00,00,FF,FF,FF
1728840,140451,0xCFF6600,1,8,00,00,FF,FF,FF,FF,FF,FF
1728859,140452,0xCF00400,1,8,FF,FF,FF,00,00,FF,FF,FF
1728860,140453,0xCFF6600,1,8,00,00,FF,FF,FF,FF,FF,FF
1728879,140454,0xCF00400,1,8,FF,FF,FF,00,00,FF,FF,FF
1728880,140455,0xCFF6600,1,8,00,00,FF,FF,FF,FF,FF,FF
1728899,140456,0xCF00400,1,8,FF,FF,FF,00,00,FF,FF,FF
1728900,140457,0xCFF6600,1,8,00,00,FF,FF,FF,FF,FF,FF
1728910,140458,0x18FEF100,1,8,3F,00,00,FF,FF,FF,FF,FF
1728911,140459,0x18F00500,1,8,FF,FF,FF,FF,20,2D,FF,FF
1728912,140460,0x18FEF200,1,8,00,00,00,FB,00,00,00,FF
1728919,140461,0xCF00400,1,8,FF,FF,FF,00,00,FF,FF,FF
1728920,140462,0xCFF6600,1,8,00,00,FF,FF,FF,FF,FF,FF
1728939,140463,0xCF00400,1,8,FF,FF,FF,00,00,FF,FF,FF
1728940,140464,0xCFF6600,1,8,00,00,FF,FF,FF,FF,FF,FF
1728959,140465,0xCF00400,1,8,FF,FF,FF,00,00,FF,FF,FF
1728960,140466,0xCFF6600,1,8,00,00,FF,FF,FF,FF,FF,FF
1728979,140467,0xCF00400,1,8,FF,FF,FF,00,00,FF,FF,FF
1728980,140468,0xCFF6600,1,8,00,00,FF,FF,FF,FF,FF,FF
1728999,140469,0xCF00400,1,8,FF,FF,FF,00,00,FF,FF,FF
1729000,140470,0xCFF6600,1,8,00,00,FF,FF,FF,FF,FF,FF
1729010,140471,0x18FEF100,1,8,3F,00,00,FF,FF,FF,FF,FF
1729011,140472,0x10FF6500,1,8,FC,FF,FF,FF,FF,FF,FF,FF
1729011,140473,0x18F00500,1,8,FF,FF,FF,FF,20,2D,FF,FF
1729012,140474,0x18FEF200,1,8,00,00,00,FB,00,00,00,FF
1729019,140475,0xCF00400,1,8,FF,FF,FF,00,00,FF,FF,FF
1729020,140476,0xCFF6600,1,8,00,00,FF,FF,FF,FF,FF,FF
1729039,140477,0xCF00400,1,8,FF,FF,FF,00,00,FF,FF,FF
1729040,140478,0xCFF6600,1,8,00,00,FF,FF,FF,FF,FF,FF
1729059,140479,0xCF00400,1,8,FF,FF,FF,00,00,FF,FF,FF
1729060,140480,0xCFF6600,1,8,00,00,FF,FF,FF,FF,FF,FF
1729079,140481,0xCF00400,1,8,FF,FF,FF,00,00,FF,FF,FF
1729080,140482,0xCFF6600,1,8,00,00,FF,FF,FF,FF,FF,FF
1729099,140483,0xCF00400,1,8,FF,FF,FF,00,00,FF,FF,FF
1729100,140484,0xCFF6600,1,8,00,00,FF,FF,FF,FF,FF,FF
1729110,140485,0x18FEF100,1,8,3F,00,00,FF,FF,FF,FF,FF
1729111,140486,0x18F00500,1,8,FF,FF,FF,FF,20,2D,FF,FF
1729112,140487,0x18F00600,1,8,FF,FF,FF,FF,FF,FF,FF,FF
1729112,140488,0x18FEF200,1,8,00,00,00,FB,00,00,00,FF
1729113,140489,0x1CFDDF00,1,8,FE,FF,FF,FF,FF,FF,FF,FF
1729114,140490,0x1CFF6A00,1,8,FC,FF,FF,FF,FF,FF,FF,FF
1729119,140491,0xCF00400,1,8,FF,FF,FF,00,00,FF,FF,FF
1729120,140492,0xCFF6600,1,8,00,00,FF,FF,FF,FF,FF,FF
1729139,140493,0xCF00400,1,8,FF,FF,FF,00,00,FF,FF,FF
1729140,140494,0xCFF6600,1,8,00,00,FF,FF,FF,FF,FF,FF
1729159,140495,0xCF00400,1,8,FF,FF,FF,00,00,FF,FF,FF
1729160,140496,0xCFF6600,1,8,00,00,FF,FF,FF,FF,FF,FF
1729179,140497,0xCF00400,1,8,FF,FF,FF,00,00,FF,FF,FF
1729180,140498,0xCFF6600,1,8,00,00,FF,FF,FF,FF,FF,FF
1729199,140499,0xCF00400,1,8,FF,FF,FF,00,00,FF,FF,FF
1729200,140500,0xCFF6600,1,8,00,00,FF,FF,FF,FF,FF,FF
1729210,140501,0x18FEF100,1,8,3F,00,00,FF,FF,FF,FF,FF
1729211,140502,0x10FF6500,1,8,FC,FF,FF,FF,FF,FF,FF,FF
1729211,140503,0x18F00500,1,8,FF,FF,FF,FF,20,2D,FF,FF
1729212,140504,0x18FEF200,1,8,00,00,00,FB,00,00,00,FF
1729219,140505,0xCF00400,1,8,FF,FF,FF,00,00,FF,FF,FF
1729220,140506,0xCFF6600,1,8,00,00,FF,FF,FF,FF,FF,FF
1729239,140507,0xCF00400,1,8,FF,FF,FF,00,00,FF,FF,FF
1729240,140508,0xCFF6600,1,8,00,00,FF,FF,FF,FF,FF,FF
1729259,140509,0xCF00400,1,8,FF,FF,FF,00,00,FF,FF,FF
1729260,140510,0xCFF6600,1,8,00,00,FF,FF,FF,FF,FF,FF
1729269,140511,0x18FEEE00,1,8,63,FF,FF,FF,FF,FF,FF,FF
1729270,140512,0x18FDE500,1,8,0A,14,1E,28,32,3C,46,13
1729279,140513,0xCF00400,1,8,FF,FF,FF,00,00,FF,FF,FF
1729280,140514,0xCFF6600,1,8,00,00,FF,FF,FF,FF,FF,FF
1729289,140515,0x1CECFF00,1,8,20,0A,00,02,FF,CA,FE,00
1729299,140516,0xCF00400,1,8,FF,FF,FF,00,00,FF,FF,FF
1729300,140517,0xCFF6600,1,8,00,00,FF,FF,FF,FF,FF,FF
1729310,140518,0x18FEF100,1,8,3F,00,00,FF,FF,FF,FF,FF
1729311,140519,0x18F00500,1,8,FF,FF,FF,FF,20,2D,FF,FF
1729311,140520,0x18FEF200,1,8,00,00,00,FB,00,00,00,FF
1729319,140521,0xCF00400,1,8,FF,FF,FF,00,00,FF,FF,FF
1729320,140522,0xCFF6600,1,8,00,00,FF,FF,FF,FF,FF,FF
1729339,140523,0xCF00400,1,8,FF,FF,FF,00,00,FF,FF,FF
1729340,140524,0xCFF6600,1,8,00,00,FF,FF,FF,FF,FF,FF
1729341,140525,0x1CEBFF00,1,8,01,40,FF,0F,F0,E5,01,02
1729359,140526,0xCF00400,1,8,FF,FF,FF,00,00,FF,FF,FF
1729360,140527,0xCFF6600,1,8,00,00,FF,FF,FF,FF,FF,FF
1729379,140528,0xCF00400,1,8,FF,FF,FF,00,00,FF,FF,FF
1729380,140529,0xCFF6600,1,8,00,00,FF,FF,FF,FF,FF,FF
1729389,140530,0x1CEBFF00,1,8,02,F0,E3,01,FF,FF,FF,FF
1729399,140531,0xCF00400,1,8,FF,FF,FF,00,00,FF,FF,FF
1729400,140532,0xCFF6600,1,8,00,00,FF,FF,FF,FF,FF,FF
1729410,140533,0x18FEF100,1,8,3F,00,00,FF,FF,FF,FF,FF
1729411,140534,0x10FF6500,1,8,FC,FF,FF,FF,FF,FF,FF,FF
1729411,140535,0x18F00500,1,8,FF,FF,FF,FF,20,2D,FF,FF
1729412,140536,0x18FEF200,1,8,00,00,00,FB,00,00,00,FF
1729419,140537,0xCF00400,1,8,FF,FF,FF,00,00,FF,FF,FF
1729420,140538,0xCFF6600,1,8,00,00,FF,FF,FF,FF,FF,FF
1729439,140539,0xCF00400,1,8,FF,FF,FF,00,00,FF,FF,FF
1729440,140540,0xCFF6600,1,8,00,00,FF,FF,FF,FF,FF,FF
1729459,140541,0xCF00400,1,8,FF,FF,FF,00,00,FF,FF,FF
1729460,140542,0xCFF6600,1,8,00,00,FF,FF,FF,FF,FF,FF
1729479,140543,0xCF00400,1,8,FF,FF,FF,00,00,FF,FF,FF
1729480,140544,0xCFF6600,1,8,00,00,FF,FF,FF,FF,FF,FF
1729499,140545,0xCF00400,1,8,FF,FF,FF,00,00,FF,FF,FF
1729500,140546,0xCFF6600,1,8,00,00,FF,FF,FF,FF,FF,FF
1729510,140547,0x18FEF100,1,8,3F,00,00,FF,FF,FF,FF,FF
1729511,140548,0x18F00500,1,8,FF,FF,FF,FF,20,2D,FF,FF
1729512,140549,0x18FEF200,1,8,00,00,00,FB,00,00,00,FF
1729519,140550,0xCF00400,1,8,FF,FF,FF,00,00,FF,FF,FF
1729520,140551,0xCFF6600,1,8,00,00,FF,FF,FF,FF,FF,FF
1729539,140552,0xCF00400,1,8,FF,FF,FF,00,00,FF,FF,FF
1729540,140553,0xCFF6600,1,8,00,00,FF,FF,FF,FF,FF,FF
1729559,140554,0xCF00400,1,8,FF,FF,FF,00,00,FF,FF,FF
1729560,140555,0xCFF6600,1,8,00,00,FF,FF,FF,FF,FF,FF
1729579,140556,0xCF00400,1,8,FF,FF,FF,00,00,FF,FF,FF
1729580,140557,0xCFF6600,1,8,00,00,FF,FF,FF,FF,FF,FF
1729599,140558,0xCF00400,1,8,FF,FF,FF,00,00,FF,FF,FF
1729600,140559,0xCFF6600,1,8,00,00,FF,FF,FF,FF,FF,FF
1729610,140560,0x18FEF100,1,8,3F,00,00,FF,FF,FF,FF,FF
1729611,140561,0x10FF6500,1,8,FC,FF,FF,FF,FF,FF,FF,FF
1729611,140562,0x18F00500,1,8,FF,FF,FF,FF,20,2D,FF,FF
1729612,140563,0x18F00600,1,8,FF,FF,FF,FF,FF,FF,FF,FF
1729613,140564,0x18FEF200,1,8,00,00,00,FB,00,00,00,FF
1729613,140565,0x1CFDDF00,1,8,FE,FF,FF,FF,FF,FF,FF,FF
1729614,140566,0x1CFF6A00,1,8,FC,FF,FF,FF,FF,FF,FF,FF
1729619,140567,0xCF00400,1,8,FF,FF,FF,00,00,FF,FF,FF
1729620,140568,0xCFF6600,1,8,00,00,FF,FF,FF,FF,FF,FF
1729639,140569,0xCF00400,1,8,FF,FF,FF,00,00,FF,FF,FF
1729640,140570,0xCFF6600,1,8,00,00,FF,FF,FF,FF,FF,FF
1729659,140571,0xCF00400,1,8,FF,FF,FF,00,00,FF,FF,FF
1729660,140572,0xCFF6600,1,8,00,00,FF,FF,FF,FF,FF,FF
1729679,140573,0xCF00400,1,8,FF,FF,FF,00,00,FF,FF,FF
1729680,140574,0xCFF6600,1,8,00,00,FF,FF,FF,FF,FF,FF
1729699,140575,0xCF00400,1,8,FF,FF,FF,00,00,FF,FF,FF
1729700,140576,0xCFF6600,1,8,00,00,FF,FF,FF,FF,FF,FF
1729710,140577,0x18FEF100,1,8,3F,00,00,FF,FF,FF,FF,FF
1729711,140578,0x18F00500,1,8,FF,FF,FF,FF,20,2D,FF,FF
1729712,140579,0x18FEF200,1,8,00,00,00,FB,00,00,00,FF
1729719,140580,0xCF00400,1,8,FF,FF,FF,00,00,FF,FF,FF
1729720,140581,0xCFF6600,1,8,00,00,FF,FF,FF,FF,FF,FF
1729739,140582,0xCF00400,1,8,FF,FF,FF,00,00,FF,FF,FF
1729740,140583,0xCFF6600,1,8,00,00,FF,FF,FF,FF,FF,FF
1729759,140584,0xCF00400,1,8,FF,FF,FF,00,00,FF,FF,FF
1729760,140585,0xCFF6600,1,8,00,00,FF,FF,FF,FF,FF,FF
1729779,140586,0xCF00400,1,8,FF,FF,FF,00,00,FF,FF,FF
1729780,140587,0xCFF6600,1,8,00,00,FF,FF,FF,FF,FF,FF
1729799,140588,0xCF00400,1,8,FF,FF,FF,00,00,FF,FF,FF
1729800,140589,0xCFF6600,1,8,00,00,FF,FF,FF,FF,FF,FF
1729810,140590,0x18FEF100,1,8,3F,00,00,FF,FF,FF,FF,FF
1729811,140591,0x10FF6500,1,8,FC,FF,FF,FF,FF,FF,FF,FF
1729811,140592,0x18F00500,1,8,FF,FF,FF,FF,20,2D,FF,FF
1729812,140593,0x18FEF200,1,8,00,00,00,FB,00,00,00,FF
1729819,140594,0xCF00400,1,8,FF,FF,FF,00,00,FF,FF,FF
1729820,140595,0xCFF6600,1,8,00,00,FF,FF,FF,FF,FF,FF
1729839,140596,0xCF00400,1,8,FF,FF,FF,00,00,FF,FF,FF
1729840,140597,0xCFF6600,1,8,00,00,FF,FF,FF,FF,FF,FF
1729859,140598,0xCF00400,1,8,FF,FF,FF,00,00,FF,FF,FF
1729860,140599,0xCFF6600,1,8,00,00,FF,FF,FF,FF,FF,FF
1729879,140600,0xCF00400,1,8,FF,FF,FF,00,00,FF,FF,FF
1729880,140601,0xCFF6600,1,8,00,00,FF,FF,FF,FF,FF,FF
1729899,140602,0xCF00400,1,8,FF,FF,FF,00,00,FF,FF,FF
1729900,140603,0xCFF6600,1,8,00,00,FF,FF,FF,FF,FF,FF
1729910,140604,0x18FEF100,1,8,3F,00,00,FF,FF,FF,FF,FF
1729911,140605,0x18F00500,1,8,FF,FF,FF,FF,20,2D,FF,FF
1729912,140606,0x18FEF200,1,8,00,00,00,FB,00,00,00,FF
1729919,140607,0xCF00400,1,8,FF,FF,FF,00,00,FF,FF,FF
1729920,140608,0xCFF6600,1,8,00,00,FF,FF,FF,FF,FF,FF
1729939,140609,0xCF00400,1,8,FF,FF,FF,00,00,FF,FF,FF
1729940,140610,0xCFF6600,1,8,00,00,FF,FF,FF,FF,FF,FF
1729959,140611,0xCF00400,1,8,FF,FF,FF,00,00,FF,FF,FF
1729960,140612,0xCFF6600,1,8,00,00,FF,FF,FF,FF,FF,FF
1729979,140613,0xCF00400,1,8,FF,FF,FF,00,00,FF,FF,FF
1729980,140614,0xCFF6600,1,8,00,00,FF,FF,FF,FF,FF,FF
1729999,140615,0xCF00400,1,8,FF,FF,FF,00,00,FF,FF,FF
1730000,140616,0xCFF6600,1,8,00,00,FF,FF,FF,FF,FF,FF
1730010,140617,0x18FEF100,1,8,3F,00,00,FF,FF,FF,FF,FF
1730011,140618,0x10FF6500,1,8,FC,FF,FF,FF,FF,FF,FF,FF
1730012,140619,0x18F00500,1,8,FF,FF,FF,FF,20,2D,FF,FF
1730012,140620,0x18FEF200,1,8,00,00,00,FB,00,00,00,FF
1730019,140621,0xCF00400,1,8,FF,FF,FF,00,00,FF,FF,FF
1730020,140622,0xCFF6600,1,8,00,00,FF,FF,FF,FF,FF,FF
1730039,140623,0xCF00400,1,8,FF,FF,FF,00,00,FF,FF,FF
1730040,140624,0xCFF6600,1,8,00,00,FF,FF,FF,FF,FF,FF
1730059,140625,0xCF00400,1,8,FF,FF,FF,00,00,FF,FF,FF
1730060,140626,0xCFF6600,1,8,00,00,FF,FF,FF,FF,FF,FF
1730079,140627,0xCF00400,1,8,FF,FF,FF,00,00,FF,FF,FF
1730080,140628,0xCFF6600,1,8,00,00,FF,FF,FF,FF,FF,FF
1730099,140629,0xCF00400,1,8,FF,FF,FF,00,00,FF,FF,FF
1730100,140630,0xCFF6600,1,8,00,00,FF,FF,FF,FF,FF,FF
1730110,140631,0x18FEF100,1,8,3F,00,00,FF,FF,FF,FF,FF
1730111,140632,0x18F00500,1,8,FF,FF,FF,FF,20,2D,FF,FF
1730111,140633,0x18F00600,1,8,FF,FF,FF,FF,FF,FF,FF,FF
1730112,140634,0x18FEF200,1,8,00,00,00,FB,00,00,00,FF
1730113,140635,0x1CFDDF00,1,8,FE,FF,FF,FF,FF,FF,FF,FF
1730114,140636,0x1CFF6A00,1,8,FC,FF,FF,FF,FF,FF,FF,FF
1730119,140637,0xCF00400,1,8,FF,FF,FF,00,00,FF,FF,FF
1730120,140638,0xCFF6600,1,8,00,00,FF,FF,FF,FF,FF,FF
1730139,140639,0xCF00400,1,8,FF,FF,FF,00,00,FF,FF,FF
1730140,140640,0xCFF6600,1,8,00,00,FF,FF,FF,FF,FF,FF
1730159,140641,0xCF00400,1,8,FF,FF,FF,00,00,FF,FF,FF
1730160,140642,0xCFF6600,1,8,00,00,FF,FF,FF,FF,FF,FF
1730179,140643,0xCF00400,1,8,FF,FF,FF,00,00,FF,FF,FF
1730180,140644,0xCFF6600,1,8,00,00,FF,FF,FF,FF,FF,FF
1730199,140645,0xCF00400,1,8,FF,FF,FF,00,00,FF,FF,FF
1730200,140646,0xCFF6600,1,8,00,00,FF,FF,FF,FF,FF,FF
1730210,140647,0x18FEF100,1,8,3F,00,00,FF,FF,FF,FF,FF
1730211,140648,0x10FF6500,1,8,FC,FF,FF,FF,FF,FF,FF,FF
1730211,140649,0x18F00500,1,8,FF,FF,FF,FF,20,2D,FF,FF
1730212,140650,0x18FEF200,1,8,00,00,00,FB,00,00,00,FF
1730219,140651,0xCF00400,1,8,FF,FF,FF,00,00,FF,FF,FF
1730220,140652,0xCFF6600,1,8,00,00,FF,FF,FF,FF,FF,FF
1730239,140653,0xCF00400,1,8,FF,FF,FF,00,00,FF,FF,FF
1730240,140654,0xCFF6600,1,8,00,00,FF,FF,FF,FF,FF,FF
1730259,140655,0xCF00400,1,8,FF,FF,FF,00,00,FF,FF,FF
1730260,140656,0xCFF6600,1,8,00,00,FF,FF,FF,FF,FF,FF
1730269,140657,0x18FEEE00,1,8,63,FF,FF,FF,FF,FF,FF,FF
1730270,140658,0x18FDE500,1,8,0A,14,1E,28,32,3C,46,13
1730279,140659,0xCF00400,1,8,FF,FF,FF,00,00,FF,FF,FF
1730280,140660,0xCFF6600,1,8,00,00,FF,FF,FF,FF,FF,FF
1730290,140661,0x1CECFF00,1,8,20,0A,00,02,FF,CA,FE,00
1730299,140662,0xCF00400,1,8,FF,FF,FF,00,00,FF,FF,FF
1730300,140663,0xCFF6600,1,8,00,00,FF,FF,FF,FF,FF,FF
1730310,140664,0x18FEF100,1,8,3F,00,00,FF,FF,FF,FF,FF
1730311,140665,0x18F00500,1,8,FF,FF,FF,FF,20,2D,FF,FF
1730312,140666,0x18FEF200,1,8,00,00,00,FB,00,00,00,FF
1730320,140667,0xCF00400,1,8,FF,FF,FF,00,00,FF,FF,FF
1730320,140668,0xCFF6600,1,8,00,00,FF,FF,FF,FF,FF,FF
1730340,140669,0xCF00400,1,8,FF,FF,FF,00,00,FF,FF,FF
1730340,140670,0xCFF6600,1,8,00,00,FF,FF,FF,FF,FF,FF
1730341,140671,0x1CEBFF00,1,8,01,40,FF,0F,F0,E5,01,02
1730360,140672,0xCF00400,1,8,FF,FF,FF,00,00,FF,FF,FF
1730360,140673,0xCFF6600,1,8,00,00,FF,FF,FF,FF,FF,FF
1730379,140674,0xCF00400,1,8,FF,FF,FF,00,00,FF,FF,FF
1730380,140675,0xCFF6600,1,8,00,00,FF,FF,FF,FF,FF,FF
1730389,140676,0x1CEBFF00,1,8,02,F0,E3,01,FF,FF,FF,FF
1730399,140677,0xCF00400,1,8,FF,FF,FF,00,00,FF,FF,FF
1730400,140678,0xCFF6600,1,8,00,00,FF,FF,FF,FF,FF,FF
1730410,140679,0x18FEF100,1,8,3F,00,00,FF,FF,FF,FF,FF
1730411,140680,0x10FF6500,1,8,FC,FF,FF,FF,FF,FF,FF,FF
1730411,140681,0x18F00500,1,8,FF,FF,FF,FF,20,2D,FF,FF
1730412,140682,0x18FEF200,1,8,00,00,00,FB,00,00,00,FF
1730422,140683,0xCF00400,1,8,FF,FF,FF,00,00,FF,FF,FF
1730422,140684,0xCFF6600,1,8,00,00,FF,FF,FF,FF,FF,FF
1730440,140685,0xCF00400,1,8,FF,FF,FF,00,00,FF,FF,FF
1730440,140686,0xCFF6600,1,8,00,00,FF,FF,FF,FF,FF,FF
1730460,140687,0xCF00400,1,8,FF,FF,FF,00,00,FF,FF,FF
1730460,140688,0xCFF6600,1,8,00,00,FF,FF,FF,FF,FF,FF
1730480,140689,0xCF00400,1,8,FF,FF,FF,00,00,FF,FF,FF
1730481,140690,0xCFF6600,1,8,00,00,FF,FF,FF,FF,FF,FF
1730500,140691,0xCF00400,1,8,FF,FF,FF,00,00,FF,FF,FF
1730521,140692,0xCF00400,1,8,FF,FF,FF,00,00,FF,FF,FF
1730522,140693,0xCFF6600,1,8,00,00,FF,FF,FF,FF,FF,FF
1730522,140694,0x18F00500,1,8,FF,FF,FF,FF,20,2D,FF,FF
1730523,140695,0x18FEF100,1,8,3F,00,00,FF,FF,FF,FF,FF
1730523,140696,0x18FEF200,1,8,00,00,00,FB,00,00,00,FF
1730540,140697,0xCF00400,1,8,FF,FF,FF,00,00,FF,FF,FF
1730540,140698,0xCFF6600,1,8,00,00,FF,FF,FF,FF,FF,FF
1730560,140699,0xCF00400,1,8,FF,FF,FF,00,00,FF,FF,FF
1730560,140700,0xCFF6600,1,8,00,00,FF,FF,FF,FF,FF,FF
1730580,140701,0xCF00400,1,8,FF,FF,FF,00,00,FF,FF,FF
1730580,140702,0xCFF6600,1,8,00,00,FF,FF,FF,FF,FF,FF
1730600,140703,0xCF00400,1,8,FF,FF,FF,00,00,FF,FF,FF
1730600,140704,0xCFF6600,1,8,00,00,FF,FF,FF,FF,FF,FF
1730610,140705,0x10FF6500,1,8,FC,FF,FF,FF,FF,FF,FF,FF
1730611,140706,0x18F00500,1,8,FF,FF,FF,FF,20,2D,FF,FF
1730612,140707,0x18F00600,1,8,FF,FF,FF,FF,FF,FF,FF,FF
1730612,140708,0x18FEF100,1,8,3F,00,00,FF,FF,FF,FF,FF
1730613,140709,0x18FEF200,1,8,00,00,00,FB,00,00,00,FF
1730614,140710,0x1CFDDF00,1,8,FE,FF,FF,FF,FF,FF,FF,FF
1730614,140711,0x1CFF6A00,1,8,FC,FF,FF,FF,FF,FF,FF,FF
1730619,140712,0xCF00400,1,8,FF,FF,FF,00,00,FF,FF,FF
1730620,140713,0xCFF6600,1,8,00,00,FF,FF,FF,FF,FF,FF
1730640,140714,0xCF00400,1,8,FF,FF,FF,00,00,FF,FF,FF
1730641,140715,0xCFF6600,1,8,00,00,FF,FF,FF,FF,FF,FF
1730660,140716,0xCF00400,1,8,FF,FF,FF,00,00,FF,FF,FF
1730660,140717,0xCFF6600,1,8,00,00,FF,FF,FF,FF,FF,FF
1730680,140718,0xCF00400,1,8,FF,FF,FF,00,00,FF,FF,FF
1730701,140719,0xCF00400,1,8,FF,FF,FF,00,00,FF,FF,FF
1730701,140720,0xCFF6600,1,8,00,00,FF,FF,FF,FF,FF,FF
1730711,140721,0x18F00500,1,8,FF,FF,FF,FF,20,2D,FF,FF
1730711,140722,0x18FEF100,1,8,3F,00,00,FF,FF,FF,FF,FF
1730712,140723,0x18FEF200,1,8,00,00,00,FB,00,00,00,FF
1730720,140724,0xCF00400,1,8,FF,FF,FF,00,00,FF,FF,FF
1730720,140725,0xCFF6600,1,8,00,00,FF,FF,FF,FF,FF,FF
1730740,140726,0xCF00400,1,8,FF,FF,FF,00,00,FF,FF,FF
1730740,140727,0xCFF6600,1,8,00,00,FF,FF,FF,FF,FF,FF
1730760,140728,0xCF00400,1,8,FF,FF,FF,00,00,FF,FF,FF
1730761,140729,0xCFF6600,1,8,00,00,FF,FF,FF,FF,FF,FF
1730780,140730,0xCF00400,1,8,FF,FF,FF,00,00,FF,FF,FF
1730781,140731,0xCFF6600,1,8,00,00,FF,FF,FF,FF,FF,FF
1730800,140732,0xCF00400,1,8,FF,FF,FF,00,00,FF,FF,FF
1730801,140733,0xCFF6600,1,8,00,00,FF,FF,FF,FF,FF,FF
1730811,140734,0x10FF6500,1,8,FC,FF,FF,FF,FF,FF,FF,FF
1730812,140735,0x18F00500,1,8,FF,FF,FF,FF,20,2D,FF,FF
1730812,140736,0x18FEF100,1,8,3F,00,00,FF,FF,FF,FF,FF
1730813,140737,0x18FEF200,1,8,00,00,00,FB,00,00,00,FF
1730820,140738,0xCF00400,1,8,FF,FF,FF,00,00,FF,FF,FF
1730820,140739,0xCFF6600,1,8,00,00,FF,FF,FF,FF,FF,FF
1730840,140740,0xCF00400,1,8,FF,FF,FF,00,00,FF,FF,FF
1730861,140741,0xCF00400,1,8,FF,FF,FF,00,00,FF,FF,FF
1730861,140742,0xCFF6600,1,8,00,00,FF,FF,FF,FF,FF,FF
1730880,140743,0xCF00400,1,8,FF,FF,FF,00,00,FF,FF,FF
1730880,140744,0xCFF6600,1,8,00,00,FF,FF,FF,FF,FF,FF
1730900,140745,0xCF00400,1,8,FF,FF,FF,00,00,FF,FF,FF
1730900,140746,0xCFF6600,1,8,00,00,FF,FF,FF,FF,FF,FF
1730911,140747,0x18F00500,1,8,FF,FF,FF,FF,20,2D,FF,FF
1730911,140748,0x18FEF100,1,8,3F,00,00,FF,FF,FF,FF,FF
1730912,140749,0x18FEF200,1,8,00,00,00,FB,00,00,00,FF
1730920,140750,0xCF00400,1,8,FF,FF,FF,00,00,FF,FF,FF
1730920,140751,0xCFF6600,1,8,00,00,FF,FF,FF,FF,FF,FF
1730940,140752,0xCF00400,1,8,FF,FF,FF,00,00,FF,FF,FF
1730941,140753,0xCFF6600,1,8,00,00,FF,FF,FF,FF,FF,FF
1730960,140754,0xCF00400,1,8,FF,FF,FF,00,00,FF,FF,FF
1730961,140755,0xCFF6600,1,8,00,00,FF,FF,FF,FF,FF,FF
1730980,140756,0xCF00400,1,8,FF,FF,FF,00,00,FF,FF,FF
1730981,140757,0xCFF6600,1,8,00,00,FF,FF,FF,FF,FF,FF
1731000,140758,0xCF00400,1,8,FF,FF,FF,00,00,FF,FF,FF
1731001,140759,0xCFF6600,1,8,00,00,FF,FF,FF,FF,FF,FF
1731011,140760,0x10FF6500,1,8,FC,FF,FF,FF,FF,FF,FF,FF
1731011,140761,0x18F00500,1,8,FF,FF,FF,FF,20,2D,FF,FF
1731033,140762,0xCF00400,1,8,FF,FF,FF,00,00,FF,FF,FF
1731034,140763,0xCFF6600,1,8,00,00,FF,FF,FF,FF,FF,FF
1731035,140764,0x18FEF100,1,8,3F,00,00,FF,FF,FF,FF,FF
1731035,140765,0x18FEF200,1,8,00,00,00,FB,00,00,00,FF
1731039,140766,0xCF00400,1,8,FF,FF,FF,00,00,FF,FF,FF
1731040,140767,0xCFF6600,1,8,00,00,FF,FF,FF,FF,FF,FF
1731060,140768,0xCF00400,1,8,FF,FF,FF,00,00,FF,FF,FF
1731060,140769,0xCFF6600,1,8,00,00,FF,FF,FF,FF,FF,FF
1731080,140770,0xCF00400,1,8,FF,FF,FF,00,00,FF,FF,FF
1731080,140771,0xCFF6600,1,8,00,00,FF,FF,FF,FF,FF,FF
1731100,140772,0xCF00400,1,8,FF,FF,FF,00,00,FF,FF,FF
1731100,140773,0xCFF6600,1,8,00,00,FF,FF,FF,FF,FF,FF
1731112,140774,0x18F00500,1,8,FF,FF,FF,FF,20,2D,FF,FF
1731112,140775,0x18F00600,1,8,FF,FF,FF,FF,FF,FF,FF,FF
1731113,140776,0x18FEF100,1,8,3F,00,00,FF,FF,FF,FF,FF
1731114,140777,0x18FEF200,1,8,00,00,00,FB,00,00,00,FF
1731114,140778,0x1CFDDF00,1,8,FE,FF,FF,FF,FF,FF,FF,FF
1731115,140779,0x1CFF6A00,1,8,FC,FF,FF,FF,FF,FF,FF,FF
1731120,140780,0xCF00400,1,8,FF,FF,FF,00,00,FF,FF,FF
1731120,140781,0xCFF6600,1,8,00,00,FF,FF,FF,FF,FF,FF
1731140,140782,0xCF00400,1,8,FF,FF,FF,00,00,FF,FF,FF
1731140,140783,0xCFF6600,1,8,00,00,FF,FF,FF,FF,FF,FF
1731160,140784,0xCF00400,1,8,FF,FF,FF,00,00,FF,FF,FF
1731160,140785,0xCFF6600,1,8,00,00,FF,FF,FF,FF,FF,FF
1731180,140786,0xCF00400,1,8,FF,FF,FF,00,00,FF,FF,FF
1731200,140787,0xCF00400,1,8,FF,FF,FF,00,00,FF,FF,FF
1731201,140788,0xCFF6600,1,8,00,00,FF,FF,FF,FF,FF,FF
1731210,140789,0x18F00500,1,8,FF,FF,FF,FF,20,2D,FF,FF
1731211,140790,0x10FF6500,1,8,FC,FF,FF,FF,FF,FF,FF,FF
1731212,140791,0x18FEF100,1,8,3F,00,00,FF,FF,FF,FF,FF
1731212,140792,0x18FEF200,1,8,00,00,00,FB,00,00,00,FF
1731220,140793,0xCF00400,1,8,FF,FF,FF,00,00,FF,FF,FF
1731220,140794,0xCFF6600,1,8,00,00,FF,FF,FF,FF,FF,FF
1731240,140795,0xCF00400,1,8,FF,FF,FF,00,00,FF,FF,FF
1731240,140796,0xCFF6600,1,8,00,00,FF,FF,FF,FF,FF,FF
1731260,140797,0xCF00400,1,8,FF,FF,FF,00,00,FF,FF,FF
1731260,140798,0xCFF6600,1,8,00,00,FF,FF,FF,FF,FF,FF
1731270,140799,0x18FDE500,1,8,0A,14,1E,28,32,3C,46,13
1731270,140800,0x18FEEE00,1,8,63,FF,FF,FF,FF,FF,FF,FF
1731280,140801,0xCF00400,1,8,FF,FF,FF,00,00,FF,FF,FF
1731280,140802,0xCFF6600,1,8,00,00,FF,FF,FF,FF,FF,FF
1731290,140803,0x1CECFF00,1,8,20,0A,00,02,FF,CA,FE,00
1731299,140804,0xCF00400,1,8,FF,FF,FF,00,00,FF,FF,FF
1731300,140805,0xCFF6600,1,8,00,00,FF,FF,FF,FF,FF,FF
1731312,140806,0x18F00500,1,8,FF,FF,FF,FF,20,2D,FF,FF
1731313,140807,0x18FEF100,1,8,3F,00,00,FF,FF,FF,FF,FF
1731314,140808,0x18FEF200,1,8,00,00,00,FB,00,00,00,FF
1731320,140809,0xCF00400,1,8,FF,FF,FF,00,00,FF,FF,FF
1731321,140810,0xCFF6600,1,8,00,00,FF,FF,FF,FF,FF,FF
1731340,140811,0xCF00400,1,8,FF,FF,FF,00,00,FF,FF,FF
1731341,140812,0xCFF6600,1,8,00,00,FF,FF,FF,FF,FF,FF
1731341,140813,0x1CEBFF00,1,8,01,40,FF,0F,F0,E5,01,02
1731359,140814,0xCF00400,1,8,FF,FF,FF,00,00,FF,FF,FF
1731380,140815,0xCF00400,1,8,FF,FF,FF,00,00,FF,FF,FF
1731380,140816,0xCFF6600,1,8,00,00,FF,FF,FF,FF,FF,FF
1731390,140817,0x1CEBFF00,1,8,02,F0,E3,01,FF,FF,FF,FF
1731399,140818,0xCF00400,1,8,FF,FF,FF,00,00,FF,FF,FF
1731400,140819,0xCFF6600,1,8,00,00,FF,FF,FF,FF,FF,FF
1731410,140820,0x18FEF100,1,8,3F,00,00,FF,FF,FF,FF,FF
1731411,140821,0x10FF6500,1,8,FC,FF,FF,FF,FF,FF,FF,FF
1731411,140822,0x18F00500,1,8,FF,FF,FF,FF,20,2D,FF,FF
1731412,140823,0x18FEF200,1,8,00,00,00,FB,00,00,00,FF
1731420,140824,0xCF00400,1,8,FF,FF,FF,00,00,FF,FF,FF
1731421,140825,0xCFF6600,1,8,00,00,FF,FF,FF,FF,FF,FF
1731440,140826,0xCF00400,1,8,FF,FF,FF,00,00,FF,FF,FF
1731440,140827,0xCFF6600,1,8,00,00,FF,FF,FF,FF,FF,FF
1731460,140828,0xCF00400,1,8,FF,FF,FF,00,00,FF,FF,FF
1731460,140829,0xCFF6600,1,8,00,00,FF,FF,FF,FF,FF,FF
1731480,140830,0xCF00400,1,8,FF,FF,FF,00,00,FF,FF,FF
1731480,140831,0xCFF6600,1,8,00,00,FF,FF,FF,FF,FF,FF
1731500,140832,0xCF00400,1,8,FF,FF,FF,00,00,FF,FF,FF
1731500,140833,0xCFF6600,1,8,00,00,FF,FF,FF,FF,FF,FF
1731511,140834,0x18F00500,1,8,FF,FF,FF,FF,20,2D,FF,FF
1731511,140835,0x18FEF100,1,8,3F,00,00,FF,FF,FF,FF,FF
1731512,140836,0x18FEF200,1,8,00,00,00,FB,00,00,00,FF
1731520,140837,0xCF00400,1,8,FF,FF,FF,00,00,FF,FF,FF
1731541,140838,0xCF00400,1,8,FF,FF,FF,00,00,FF,FF,FF
1731541,140839,0xCFF6600,1,8,00,00,FF,FF,FF,FF,FF,FF
1731560,140840,0xCF00400,1,8,FF,FF,FF,00,00,FF,FF,FF
1731560,140841,0xCFF6600,1,8,00,00,FF,FF,FF,FF,FF,FF
1731580,140842,0xCF00400,1,8,FF,FF,FF,00,00,FF,FF,FF
1731581,140843,0xCFF6600,1,8,00,00,FF,FF,FF,FF,FF,FF
1731600,140844,0xCF00400,1,8,FF,FF,FF,00,00,FF,FF,FF
1731601,140845,0xCFF6600,1,8,00,00,FF,FF,FF,FF,FF,FF
1731611,140846,0x10FF6500,1,8,FC,FF,FF,FF,FF,FF,FF,FF
1731611,140847,0x18F00500,1,8,FF,FF,FF,FF,20,2D,FF,FF
1731612,140848,0x18F00600,1,8,FF,FF,FF,FF,FF,FF,FF,FF
1731613,140849,0x18FEF100,1,8,3F,00,00,FF,FF,FF,FF,FF
1731613,140850,0x18FEF200,1,8,00,00,00,FB,00,00,00,FF
1731614,140851,0x1CFDDF00,1,8,FE,FF,FF,FF,FF,FF,FF,FF
1731614,140852,0x1CFF6A00,1,8,FC,FF,FF,FF,FF,FF,FF,FF
1731619,140853,0xCF00400,1,8,FF,FF,FF,00,00,FF,FF,FF
1731620,140854,0xCFF6600,1,8,00,00,FF,FF,FF,FF,FF,FF
1731640,140855,0xCF00400,1,8,FF,FF,FF,00,00,FF,FF,FF
1731640,140856,0xCFF6600,1,8,00,00,FF,FF,FF,FF,FF,FF
1731660,140857,0xCF00400,1,8,FF,FF,FF,00,00,FF,FF,FF
1731660,140858,0xCFF6600,1,8,00,00,FF,FF,FF,FF,FF,FF
1731680,140859,0xCF00400,1,8,FF,FF,FF,00,00,FF,FF,FF
1731680,140860,0xCFF6600,1,8,00,00,FF,FF,FF,FF,FF,FF
1731700,140861,0xCF00400,1,8,FF,FF,FF,00,00,FF,FF,FF
1731700,140862,0xCFF6600,1,8,00,00,FF,FF,FF,FF,FF,FF
1731711,140863,0x18F00500,1,8,FF,FF,FF,FF,20,2D,FF,FF
1731711,140864,0x18FEF100,1,8,3F,00,00,FF,FF,FF,FF,FF
1731712,140865,0x18FEF200,1,8,00,00,00,FB,00,00,00,FF
1731720,140866,0xCF00400,1,8,FF,FF,FF,00,00,FF,FF,FF
1731740,140867,0xCF00400,1,8,FF,FF,FF,00,00,FF,FF,FF
1731741,140868,0xCFF6600,1,8,00,00,FF,FF,FF,FF,FF,FF
1731760,140869,0xCF00400,1,8,FF,FF,FF,00,00,FF,FF,FF
1731761,140870,0xCFF6600,1,8,00,00,FF,FF,FF,FF,FF,FF
1731780,140871,0xCF00400,1,8,FF,FF,FF,00,00,FF,FF,FF
1731781,140872,0xCFF6600,1,8,00,00,FF,FF,FF,FF,FF,FF
1731800,140873,0xCF00400,1,8,FF,FF,FF,00,00,FF,FF,FF
1731801,140874,0xCFF6600,1,8,00,00,FF,FF,FF,FF,FF,FF
1731810,140875,0x18FEF100,1,8,3F,00,00,FF,FF,FF,FF,FF
1731811,140876,0x10FF6500,1,8,FC,FF,FF,FF,FF,FF,FF,FF
1731811,140877,0x18F00500,1,8,FF,FF,FF,FF,20,2D,FF,FF
1731812,140878,0x18FEF200,1,8,00,00,00,FB,00,00,00,FF
1731820,140879,0xCF00400,1,8,FF,FF,FF,00,00,FF,FF,FF
1731821,140880,0xCFF6600,1,8,00,00,FF,FF,FF,FF,FF,FF
1731840,140881,0xCF00400,1,8,FF,FF,FF,00,00,FF,FF,FF
1731841,140882,0xCFF6600,1,8,00,00,FF,FF,FF,FF,FF,FF
1731860,140883,0xCF00400,1,8,FF,FF,FF,00,00,FF,FF,FF
1731861,140884,0xCFF6600,1,8,00,00,FF,FF,FF,FF,FF,FF
1731880,140885,0xCF00400,1,8,FF,FF,FF,00,00,FF,FF,FF
1731881,140886,0xCFF6600,1,8,00,00,FF,FF,FF,FF,FF,FF
1731901,140887,0xCF00400,1,8,FF,FF,FF,00,00,FF,FF,FF
1731902,140888,0xCFF6600,1,8,00,00,FF,FF,FF,FF,FF,FF
1731911,140889,0x18F00500,1,8,FF,FF,FF,FF,20,2D,FF,FF
1731912,140890,0x18FEF100,1,8,3F,00,00,FF,FF,FF,FF,FF
1731912,140891,0x18FEF200,1,8,00,00,00,FB,00,00,00,FF
1731920,140892,0xCF00400,1,8,FF,FF,FF,00,00,FF,FF,FF
1731920,140893,0xCFF6600,1,8,00,00,FF,FF,FF,FF,FF,FF
1731940,140894,0xCF00400,1,8,FF,FF,FF,00,00,FF,FF,FF
1731940,140895,0xCFF6600,1,8,00,00,FF,FF,FF,FF,FF,FF
1731960,140896,0xCF00400,1,8,FF,FF,FF,00,00,FF,FF,FF
1731981,140897,0xCF00400,1,8,FF,FF,FF,00,00,FF,FF,FF
1731981,140898,0xCFF6600,1,8,00,00,FF,FF,FF,FF,FF,FF
1732000,140899,0xCF00400,1,8,FF,FF,FF,00,00,FF,FF,FF
1732000,140900,0xCFF6600,1,8,00,00,FF,FF,FF,FF,FF,FF
1732011,140901,0x10FF6500,1,8,FC,FF,FF,FF,FF,FF,FF,FF
1732012,140902,0x18F00500,1,8,FF,FF,FF,FF,20,2D,FF,FF
1732012,140903,0x18FEF100,1,8,3F,00,00,FF,FF,FF,FF,FF
1732013,140904,0x18FEF200,1,8,00,00,00,FB,00,00,00,FF
1732020,140905,0xCF00400,1,8,FF,FF,FF,00,00,FF,FF,FF
1732020,140906,0xCFF6600,1,8,00,00,FF,FF,FF,FF,FF,FF
1732040,140907,0xCF00400,1,8,FF,FF,FF,00,00,FF,FF,FF
1732040,140908,0xCFF6600,1,8,00,00,FF,FF,FF,FF,FF,FF
1732060,140909,0xCF00400,1,8,FF,FF,FF,00,00,FF,FF,FF
1732060,140910,0xCFF6600,1,8,00,00,FF,FF,FF,FF,FF,FF
1732080,140911,0xCF00400,1,8,FF,FF,FF,00,00,FF,FF,FF
1732080,140912,0xCFF6600,1,8,00,00,FF,FF,FF,FF,FF,FF
1732100,140913,0xCF00400,1,8,FF,FF,FF,00,00,FF,FF,FF
1732101,140914,0xCFF6600,1,8,00,00,FF,FF,FF,FF,FF,FF
1732111,140915,0x18F00500,1,8,FF,FF,FF,FF,20,2D,FF,FF
1732137,140916,0x18EEFF00,1,8,08,CF,60,06,00,00,00,00
1732137,140917,0x18F00600,1,8,FF,FF,FF,FF,FF,FF,FF,FF
1732138,140918,0x18FEF100,1,8,3F,00,00,FF,FF,FF,FF,FF
1732139,140919,0x18FEF200,1,8,00,00,00,FB,00,00,00,FF
1732140,140920,0xCF00400,1,8,FF,FF,FF,00,00,FF,FF,FF
1732141,140921,0xCFF6600,1,8,00,00,FF,FF,FF,FF,FF,FF
1732141,140922,0x1CFDDF00,1,8,FE,FF,FF,FF,FF,FF,FF,FF
1732142,140923,0x1CFF6A00,1,8,FC,FF,FF,FF,FF,FF,FF,FF
1732159,140924,0xCF00400,1,8,FF,FF,FF,00,00,FF,FF,FF
1732160,140925,0xCFF6600,1,8,00,00,FF,FF,FF,FF,FF,FF
1732179,140926,0xCF00400,1,8,FF,FF,FF,00,00,FF,FF,FF
1732180,140927,0xCFF6600,1,8,00,00,FF,FF,FF,FF,FF,FF
1732200,140928,0xCF00400,1,8,FF,FF,FF,00,00,FF,FF,FF
1732200,140929,0xCFF6600,1,8,00,00,FF,FF,FF,FF,FF,FF
1732211,140930,0x10FF6500,1,8,FC,FF,FF,FF,FF,FF,FF,FF
1732211,140931,0x18F00500,1,8,FF,FF,FF,FF,20,2D,FF,FF
1732212,140932,0x18FEF100,1,8,3F,00,00,FF,FF,FF,FF,FF
1732212,140933,0x18FEF200,1,8,00,00,00,FB,00,00,00,FF
1732220,140934,0xCF00400,1,8,FF,FF,FF,00,00,FF,FF,FF
1732220,140935,0xCFF6600,1,8,00,00,FF,FF,FF,FF,FF,FF
1732240,140936,0xCF00400,1,8,FF,FF,FF,00,00,FF,FF,FF
1732260,140937,0xCF00400,1,8,FF,FF,FF,00,00,FF,FF,FF
1732261,140938,0xCFF6600,1,8,00,00,FF,FF,FF,FF,FF,FF
1732270,140939,0x18FDE500,1,8,0A,14,1E,28,32,3C,46,13
1732271,140940,0x18FEEE00,1,8,63,FF,FF,FF,FF,FF,FF,FF
1732280,140941,0xCF00400,1,8,FF,FF,FF,00,00,FF,FF,FF
1732280,140942,0xCFF6600,1,8,00,00,FF,FF,FF,FF,FF,FF
1732290,140943,0x1CECFF00,1,8,20,0A,00,02,FF,CA,FE,00
1732299,140944,0xCF00400,1,8,FF,FF,FF,00,00,FF,FF,FF
1732300,140945,0xCFF6600,1,8,00,00,FF,FF,FF,FF,FF,FF
1732310,140946,0x18FEF100,1,8,3F,00,00,FF,FF,FF,FF,FF
1732311,140947,0x18F00500,1,8,FF,FF,FF,FF,20,2D,FF,FF
1732311,140948,0x18FEF200,1,8,00,00,00,FB,00,00,00,FF
1732319,140949,0xCF00400,1,8,FF,FF,FF,00,00,FF,FF,FF
1732320,140950,0xCFF6600,1,8,00,00,FF,FF,FF,FF,FF,FF
1732340,140951,0xCF00400,1,8,FF,FF,FF,00,00,FF,FF,FF
1732340,140952,0xCFF6600,1,8,00,00,FF,FF,FF,FF,FF,FF
1732341,140953,0x1CEBFF00,1,8,01,40,FF,0F,F0,E5,01,02
1732360,140954,0xCF00400,1,8,FF,FF,FF,00,00,FF,FF,FF
1732360,140955,0xCFF6600,1,8,00,00,FF,FF,FF,FF,FF,FF
1732380,140956,0xCF00400,1,8,FF,FF,FF,00,00,FF,FF,FF
1732400,140957,0xCF00400,1,8,FF,FF,FF,00,00,FF,FF,FF
1732401,140958,0xCFF6600,1,8,00,00,FF,FF,FF,FF,FF,FF
1732402,140959,0x1CEBFF00,1,8,02,F0,E3,01,FF,FF,FF,FF
1732411,140960,0x10FF6500,1,8,FC,FF,FF,FF,FF,FF,FF,FF
1732411,140961,0x18F00500,1,8,FF,FF,FF,FF,20,2D,FF,FF
1732412,140962,0x18FEF100,1,8,3F,00,00,FF,FF,FF,FF,FF
1732412,140963,0x18FEF200,1,8,00,00,00,FB,00,00,00,FF
1732420,140964,0xCF00400,1,8,FF,FF,FF,00,00,FF,FF,FF
1732420,140965,0xCFF6600,1,8,00,00,FF,FF,FF,FF,FF,FF
1732440,140966,0xCF00400,1,8,FF,FF,FF,00,00,FF,FF,FF
1732440,140967,0xCFF6600,1,8,00,00,FF,FF,FF,FF,FF,FF
1732460,140968,0xCF00400,1,8,FF,FF,FF,00,00,FF,FF,FF
1732461,140969,0xCFF6600,1,8,00,00,FF,FF,FF,FF,FF,FF
1732480,140970,0xCF00400,1,8,FF,FF,FF,00,00,FF,FF,FF
1732481,140971,0xCFF6600,1,8,00,00,FF,FF,FF,FF,FF,FF
1732500,140972,0xCF00400,1,8,FF,FF,FF,00,00,FF,FF,FF
1732501,140973,0xCFF6600,1,8,00,00,FF,FF,FF,FF,FF,FF
1732510,140974,0x18FEF100,1,8,3F,00,00,FF,FF,FF,FF,FF
1732511,140975,0x18F00500,1,8,FF,FF,FF,FF,20,2D,FF,FF
1732511,140976,0x18FEF200,1,8,00,00,00,FB,00,00,00,FF
1732519,140977,0xCF00400,1,8,FF,FF,FF,00,00,FF,FF,FF
1732540,140978,0xCF00400,1,8,FF,FF,FF,00,00,FF,FF,FF
1732541,140979,0xCFF6600,1,8,00,00,FF,FF,FF,FF,FF,FF
1732559,140980,0xCF00400,1,8,FF,FF,FF,00,00,FF,FF,FF
1732560,140981,0xCFF6600,1,8,00,00,FF,FF,FF,FF,FF,FF
1732579,140982,0xCF00400,1,8,FF,FF,FF,00,00,FF,FF,FF
1732580,140983,0xCFF6600,1,8,00,00,FF,FF,FF,FF,FF,FF
1732600,140984,0xCF00400,1,8,FF,FF,FF,00,00,FF,FF,FF
1732600,140985,0xCFF6600,1,8,00,00,FF,FF,FF,FF,FF,FF
1732610,140986,0x18FEF100,1,8,3F,00,00,FF,FF,FF,FF,FF
1732611,140987,0x10FF6500,1,8,FC,FF,FF,FF,FF,FF,FF,FF
1732612,140988,0x18F00500,1,8,FF,FF,FF,FF,20,2D,FF,FF
1732612,140989,0x18F00600,1,8,FF,FF,FF,FF,FF,FF,FF,FF
1732613,140990,0x18FEF200,1,8,00,00,00,FB,00,00,00,FF
1732613,140991,0x1CFDDF00,1,8,FE,FF,FF,FF,FF,FF,FF,FF
1732615,140992,0x1CFF6A00,1,8,FC,FF,FF,FF,FF,FF,FF,FF
1732619,140993,0xCF00400,1,8,FF,FF,FF,00,00,FF,FF,FF
1732620,140994,0xCFF6600,1,8,00,00,FF,FF,FF,FF,FF,FF
1732639,140995,0xCF00400,1,8,FF,FF,FF,00,00,FF,FF,FF
1732640,140996,0xCFF6600,1,8,00,00,FF,FF,FF,FF,FF,FF
1732660,140997,0xCF00400,1,8,FF,FF,FF,00,00,FF,FF,FF
1732660,140998,0xCFF6600,1,8,00,00,FF,FF,FF,FF,FF,FF
1732680,140999,0xCF00400,1,8,FF,FF,FF,00,00,FF,FF,FF
1732680,141000,0xCFF6600,1,8,00,00,FF,FF,FF,FF,FF,FF
1732700,141001,0xCF00400,1,8,FF,FF,FF,00,00,FF,FF,FF
1732700,141002,0xCFF6600,1,8,00,00,FF,FF,FF,FF,FF,FF
1732710,141003,0x18FEF100,1,8,3F,00,00,FF,FF,FF,FF,FF
1732711,141004,0x18F00500,1,8,FF,FF,FF,FF,20,2D,FF,FF
1732712,141005,0x18FEF200,1,8,00,00,00,FB,00,00,00,FF
1732721,141006,0xCF00400,1,8,FF,FF,FF,00,00,FF,FF,FF
1732722,141007,0xCFF6600,1,8,00,00,FF,FF,FF,FF,FF,FF
1732740,141008,0xCF00400,1,8,FF,FF,FF,00,00,FF,FF,FF
1732740,141009,0xCFF6600,1,8,00,00,FF,FF,FF,FF,FF,FF
1732760,141010,0xCF00400,1,8,FF,FF,FF,00,00,FF,FF,FF
1732760,141011,0xCFF6600,1,8,00,00,FF,FF,FF,FF,FF,FF
1732780,141012,0xCF00400,1,8,FF,FF,FF,00,00,FF,FF,FF
1732780,141013,0xCFF6600,1,8,00,00,FF,FF,FF,FF,FF,FF
1732800,141014,0xCF00400,1,8,FF,FF,FF,00,00,FF,FF,FF
1732800,141015,0xCFF6600,1,8,00,00,FF,FF,FF,FF,FF,FF
1732812,141016,0x10FF6500,1,8,FC,FF,FF,FF,FF,FF,FF,FF
1732813,141017,0x18F00500,1,8,FF,FF,FF,FF,20,2D,FF,FF
1732813,141018,0x18FEF100,1,8,3F,00,00,FF,FF,FF,FF,FF
1732814,141019,0x18FEF200,1,8,00,00,00,FB,00,00,00,FF
1732820,141020,0xCF00400,1,8,FF,FF,FF,00,00,FF,FF,FF
1732820,141021,0xCFF6600,1,8,00,00,FF,FF,FF,FF,FF,FF
1732840,141022,0xCF00400,1,8,FF,FF,FF,00,00,FF,FF,FF
1732841,141023,0xCFF6600,1,8,00,00,FF,FF,FF,FF,FF,FF
1732860,141024,0xCF00400,1,8,FF,FF,FF,00,00,FF,FF,FF
1732861,141025,0xCFF6600,1,8,00,00,FF,FF,FF,FF,FF,FF
1732881,141026,0xCF00400,1,8,FF,FF,FF,00,00,FF,FF,FF
1732881,141027,0xCFF6600,1,8,00,00,FF,FF,FF,FF,FF,FF
1732900,141028,0xCF00400,1,8,FF,FF,FF,00,00,FF,FF,FF
1732901,141029,0xCFF6600,1,8,00,00,FF,FF,FF,FF,FF,FF
1732910,141030,0x18FEF100,1,8,3F,00,00,FF,FF,FF,FF,FF
1732911,141031,0x18F00500,1,8,FF,FF,FF,FF,20,2D,FF,FF
1732912,141032,0x18FEF200,1,8,00,00,00,FB,00,00,00,FF
1732919,141033,0xCF00400,1,8,FF,FF,FF,00,00,FF,FF,FF
1732920,141034,0xCFF6600,1,8,00,00,FF,FF,FF,FF,FF,FF
1732941,141035,0xCF00400,1,8,FF,FF,FF,00,00,FF,FF,FF
1732942,141036,0xCFF6600,1,8,00,00,FF,FF,FF,FF,FF,FF
1732960,141037,0xCF00400,1,8,FF,FF,FF,00,00,FF,FF,FF
1732960,141038,0xCFF6600,1,8,00,00,FF,FF,FF,FF,FF,FF
1732980,141039,0xCF00400,1,8,FF,FF,FF,00,00,FF,FF,FF
1732981,141040,0xCFF6600,1,8,00,00,FF,FF,FF,FF,FF,FF
1733000,141041,0xCF00400,1,8,FF,FF,FF,00,00,FF,FF,FF
1733001,141042,0xCFF6600,1,8,00,00,FF,FF,FF,FF,FF,FF
1733011,141043,0x10FF6500,1,8,FC,FF,FF,FF,FF,FF,FF,FF
1733011,141044,0x18F00500,1,8,FF,FF,FF,FF,20,2D,FF,FF
1733033,141045,0xCF00400,1,8,FF,FF,FF,00,00,FF,FF,FF
1733034,141046,0xCFF6600,1,8,00,00,FF,FF,FF,FF,FF,FF
1733034,141047,0x18FEF100,1,8,3F,00,00,FF,FF,FF,FF,FF
1733035,141048,0x18FEF200,1,8,00,00,00,FB,00,00,00,FF
1733039,141049,0xCF00400,1,8,FF,FF,FF,00,00,FF,FF,FF
1733040,141050,0xCFF6600,1,8,00,00,FF,FF,FF,FF,FF,FF
1733059,141051,0xCF00400,1,8,FF,FF,FF,00,00,FF,FF,FF
1733060,141052,0xCFF6600,1,8,00,00,FF,FF,FF,FF,FF,FF
1733080,141053,0xCF00400,1,8,FF,FF,FF,00,00,FF,FF,FF
1733080,141054,0xCFF6600,1,8,00,00,FF,FF,FF,FF,FF,FF
1733100,141055,0xCF00400,1,8,FF,FF,FF,00,00,FF,FF,FF
1733100,141056,0xCFF6600,1,8,00,00,FF,FF,FF,FF,FF,FF
1733110,141057,0x18F00500,1,8,FF,FF,FF,FF,20,2D,FF,FF
1733111,141058,0x18F00600,1,8,FF,FF,FF,FF,FF,FF,FF,FF
1733112,141059,0x18FEF100,1,8,3F,00,00,FF,FF,FF,FF,FF
1733112,141060,0x18FEF200,1,8,00,00,00,FB,00,00,00,FF
1733113,141061,0x1CFDDF00,1,8,FE,FF,FF,FF,FF,FF,FF,FF
1733114,141062,0x1CFF6A00,1,8,FC,FF,FF,FF,FF,FF,FF,FF
1733116,141063,0x1CFF6A00,1,8,FC,FF,FF,FF,FF,FF,FF,FF
1733119,141064,0xCF00400,1,8,FF,FF,FF,00,00,FF,FF,FF
1733121,141065,0xCFF6600,1,8,00,00,FF,FF,FF,FF,FF,FF
1733140,141066,0xCF00400,1,8,FF,FF,FF,00,00,FF,FF,FF
1733140,141067,0xCFF6600,1,8,00,00,FF,FF,FF,FF,FF,FF
1733160,141068,0xCF00400,1,8,FF,FF,FF,00,00,FF,FF,FF
1733160,141069,0xCFF6600,1,8,00,00,FF,FF,FF,FF,FF,FF
1733180,141070,0xCF00400,1,8,FF,FF,FF,00,00,FF,FF,FF
1733180,141071,0xCFF6600,1,8,00,00,FF,FF,FF,FF,FF,FF
1733200,141072,0xCF00400,1,8,FF,FF,FF,00,00,FF,FF,FF
1733200,141073,0xCFF6600,1,8,00,00,FF,FF,FF,FF,FF,FF
1733212,141074,0x10FF6500,1,8,FC,FF,FF,FF,FF,FF,FF,FF
1733213,141075,0x18F00500,1,8,FF,FF,FF,FF,20,2D,FF,FF
1733213,141076,0x18FEF100,1,8,3F,00,00,FF,FF,FF,FF,FF
1733214,141077,0x18FEF200,1,8,00,00,00,FB,00,00,00,FF
1733220,141078,0xCF00400,1,8,FF,FF,FF,00,00,FF,FF,FF
1733220,141079,0xCFF6600,1,8,00,00,FF,FF,FF,FF,FF,FF
1733240,141080,0xCF00400,1,8,FF,FF,FF,00,00,FF,FF,FF
1733241,141081,0xCFF6600,1,8,00,00,FF,FF,FF,FF,FF,FF
1733261,141082,0xCF00400,1,8,FF,FF,FF,00,00,FF,FF,FF
1733261,141083,0xCFF6600,1,8,00,00,FF,FF,FF,FF,FF,FF
1733269,141084,0x18FEEE00,1,8,63,FF,FF,FF,FF,FF,FF,FF
1733270,141085,0x18FDE500,1,8,0A,14,1E,28,32,3C,46,13
1733280,141086,0xCF00400,1,8,FF,FF,FF,00,00,FF,FF,FF
1733281,141087,0xCFF6600,1,8,00,00,FF,FF,FF,FF,FF,FF
1733290,141088,0x1CECFF00,1,8,20,0A,00,02,FF,CA,FE,00
1733300,141089,0xCF00400,1,8,FF,FF,FF,00,00,FF,FF,FF
1733320,141090,0xCF00400,1,8,FF,FF,FF,00,00,FF,FF,FF
1733321,141091,0xCFF6600,1,8,00,00,FF,FF,FF,FF,FF,FF
1733321,141092,0x18F00500,1,8,FF,FF,FF,FF,20,2D,FF,FF
1733322,141093,0x18FEF100,1,8,3F,00,00,FF,FF,FF,FF,FF
1733323,141094,0x18FEF200,1,8,00,00,00,FB,00,00,00,FF
1733340,141095,0xCF00400,1,8,FF,FF,FF,00,00,FF,FF,FF
1733341,141096,0xCFF6600,1,8,00,00,FF,FF,FF,FF,FF,FF
1733341,141097,0x1CEBFF00,1,8,01,40,FF,0F,F0,E5,01,02
1733359,141098,0xCF00400,1,8,FF,FF,FF,00,00,FF,FF,FF
1733360,141099,0xCFF6600,1,8,00,00,FF,FF,FF,FF,FF,FF
1733379,141100,0xCF00400,1,8,FF,FF,FF,00,00,FF,FF,FF
1733380,141101,0xCFF6600,1,8,00,00,FF,FF,FF,FF,FF,FF
1733389,141102,0x1CEBFF00,1,8,02,F0,E3,01,FF,FF,FF,FF
1733399,141103,0xCF00400,1,8,FF,FF,FF,00,00,FF,FF,FF
1733400,141104,0xCFF6600,1,8,00,00,FF,FF,FF,FF,FF,FF
1733410,141105,0x18FEF100,1,8,3F,00,00,FF,FF,FF,FF,FF
1733411,141106,0x10FF6500,1,8,FC,FF,FF,FF,FF,FF,FF,FF
1733411,141107,0x18F00500,1,8,FF,FF,FF,FF,20,2D,FF,FF
1733412,141108,0x18FEF200,1,8,00,00,00,FB,00,00,00,FF
1733420,141109,0xCF00400,1,8,FF,FF,FF,00,00,FF,FF,FF
1733421,141110,0xCFF6600,1,8,00,00,FF,FF,FF,FF,FF,FF
1733440,141111,0xCF00400,1,8,FF,FF,FF,00,00,FF,FF,FF
1733441,141112,0xCFF6600,1,8,00,00,FF,FF,FF,FF,FF,FF
1733460,141113,0xCF00400,1,8,FF,FF,FF,00,00,FF,FF,FF
1733461,141114,0xCFF6600,1,8,00,00,FF,FF,FF,FF,FF,FF
1733479,141115,0xCF00400,1,8,FF,FF,FF,00,00,FF,FF,FF
1733480,141116,0xCFF6600,1,8,00,00,FF,FF,FF,FF,FF,FF
1733501,141117,0xCF00400,1,8,FF,FF,FF,00,00,FF,FF,FF
1733502,141118,0xCFF6600,1,8,00,00,FF,FF,FF,FF,FF,FF
1733510,141119,0x18F00500,1,8,FF,FF,FF,FF,20,2D,FF,FF
1733511,141120,0x18FEF100,1,8,3F,00,00,FF,FF,FF,FF,FF
1733512,141121,0x18FEF200,1,8,00,00,00,FB,00,00,00,FF
1733520,141122,0xCF00400,1,8,FF,FF,FF,00,00,FF,FF,FF
1733520,141123,0xCFF6600,1,8,00,00,FF,FF,FF,FF,FF,FF
1733540,141124,0xCF00400,1,8,FF,FF,FF,00,00,FF,FF,FF
1733540,141125,0xCFF6600,1,8,00,00,FF,FF,FF,FF,FF,FF
1733560,141126,0xCF00400,1,8,FF,FF,FF,00,00,FF,FF,FF
1733561,141127,0xCFF6600,1,8,00,00,FF,FF,FF,FF,FF,FF
1733581,141128,0xCF00400,1,8,FF,FF,FF,00,00,FF,FF,FF
1733582,141129,0xCFF6600,1,8,00,00,FF,FF,FF,FF,FF,FF
1733600,141130,0xCF00400,1,8,FF,FF,FF,00,00,FF,FF,FF
1733601,141131,0xCFF6600,1,8,00,00,FF,FF,FF,FF,FF,FF
1733611,141132,0x10FF6500,1,8,FC,FF,FF,FF,FF,FF,FF,FF
1733611,141133,0x18F00500,1,8,FF,FF,FF,FF,20,2D,FF,FF
1733612,141134,0x18F00600,1,8,FF,FF,FF,FF,FF,FF,FF,FF
1733613,141135,0x18FEF100,1,8,3F,00,00,FF,FF,FF,FF,FF
1733613,141136,0x18FEF200,1,8,00,00,00,FB,00,00,00,FF
1733614,141137,0x1CFDDF00,1,8,FE,FF,FF,FF,FF,FF,FF,FF
1733615,141138,0x1CFF6A00,1,8,FC,FF,FF,FF,FF,FF,FF,FF
1733620,141139,0xCF00400,1,8,FF,FF,FF,00,00,FF,FF,FF
1733620,141140,0xCFF6600,1,8,00,00,FF,FF,FF,FF,FF,FF
1733639,141141,0xCF00400,1,8,FF,FF,FF,00,00,FF,FF,FF
1733640,141142,0xCFF6600,1,8,00,00,FF,FF,FF,FF,FF,FF
1733659,141143,0xCF00400,1,8,FF,FF,FF,00,00,FF,FF,FF
1733660,141144,0xCFF6600,1,8,00,00,FF,FF,FF,FF,FF,FF
1733681,141145,0xCF00400,1,8,FF,FF,FF,00,00,FF,FF,FF
1733682,141146,0xCFF6600,1,8,00,00,FF,FF,FF,FF,FF,FF
1733700,141147,0xCF00400,1,8,FF,FF,FF,00,00,FF,FF,FF
1733700,141148,0xCFF6600,1,8,00,00,FF,FF,FF,FF,FF,FF
1733711,141149,0x18F00500,1,8,FF,FF,FF,FF,20,2D,FF,FF
1733711,141150,0x18FEF100,1,8,3F,00,00,FF,FF,FF,FF,FF
1733712,141151,0x18FEF200,1,8,00,00,00,FB,00,00,00,FF
1733720,141152,0xCF00400,1,8,FF,FF,FF,00,00,FF,FF,FF
1733720,141153,0xCFF6600,1,8,00,00,FF,FF,FF,FF,FF,FF
1733740,141154,0xCF00400,1,8,FF,FF,FF,00,00,FF,FF,FF
1733741,141155,0xCFF6600,1,8,00,00,FF,FF,FF,FF,FF,FF
1733760,141156,0xCF00400,1,8,FF,FF,FF,00,00,FF,FF,FF
1733761,141157,0xCFF6600,1,8,00,00,FF,FF,FF,FF,FF,FF
1733779,141158,0xCF00400,1,8,FF,FF,FF,00,00,FF,FF,FF
1733780,141159,0xCFF6600,1,8,00,00,FF,FF,FF,FF,FF,FF
1733800,141160,0xCF00400,1,8,FF,FF,FF,00,00,FF,FF,FF
1733800,141161,0xCFF6600,1,8,00,00,FF,FF,FF,FF,FF,FF
1733810,141162,0x10FF6500,1,8,FC,FF,FF,FF,FF,FF,FF,FF
1733811,141163,0x18F00500,1,8,FF,FF,FF,FF,20,2D,FF,FF
1733812,141164,0x18FEF100,1,8,3F,00,00,FF,FF,FF,FF,FF
1733812,141165,0x18FEF200,1,8,00,00,00,FB,00,00,00,FF
1733822,141166,0xCF00400,1,8,FF,FF,FF,00,00,FF,FF,FF
1733823,141167,0xCFF6600,1,8,00,00,FF,FF,FF,FF,FF,FF
1733839,141168,0xCF00400,1,8,FF,FF,FF,00,00,FF,FF,FF
1733840,141169,0xCFF6600,1,8,00,00,FF,FF,FF,FF,FF,FF
1733860,141170,0xCF00400,1,8,FF,FF,FF,00,00,FF,FF,FF
1733860,141171,0xCFF6600,1,8,00,00,FF,FF,FF,FF,FF,FF
1733880,141172,0xCF00400,1,8,FF,FF,FF,00,00,FF,FF,FF
1733880,141173,0xCFF6600,1,8,00,00,FF,FF,FF,FF,FF,FF
1733900,141174,0xCF00400,1,8,FF,FF,FF,00,00,FF,FF,FF
1733921,141175,0xCF00400,1,8,FF,FF,FF,00,00,FF,FF,FF
1733921,141176,0xCFF6600,1,8,00,00,FF,FF,FF,FF,FF,FF
1733922,141177,0x18F00500,1,8,FF,FF,FF,FF,20,2D,FF,FF
1733923,141178,0x18FEF100,1,8,3F,00,00,FF,FF,FF,FF,FF
1733923,141179,0x18FEF200,1,8,00,00,00,FB,00,00,00,FF
1733939,141180,0xCF00400,1,8,FF,FF,FF,00,00,FF,FF,FF
1733940,141181,0xCFF6600,1,8,00,00,FF,FF,FF,FF,FF,FF
1733960,141182,0xCF00400,1,8,FF,FF,FF,00,00,FF,FF,FF
1733960,141183,0xCFF6600,1,8,00,00,FF,FF,FF,FF,FF,FF
1733980,141184,0xCF00400,1,8,FF,FF,FF,00,00,FF,FF,FF
1733980,141185,0xCFF6600,1,8,00,00,FF,FF,FF,FF,FF,FF
1734000,141186,0xCF00400,1,8,FF,FF,FF,00,00,FF,FF,FF
1734000,141187,0xCFF6600,1,8,00,00,FF,FF,FF,FF,FF,FF
1734010,141188,0x10FF6500,1,8,FC,FF,FF,FF,FF,FF,FF,FF
1734011,141189,0x18F00500,1,8,FF,FF,FF,FF,20,2D,FF,FF
1734012,141190,0x18FEF100,1,8,3F,00,00,FF,FF,FF,FF,FF
1734012,141191,0x18FEF200,1,8,00,00,00,FB,00,00,00,FF
1734019,141192,0xCF00400,1,8,FF,FF,FF,00,00,FF,FF,FF
1734020,141193,0xCFF6600,1,8,00,00,FF,FF,FF,FF,FF,FF
1734040,141194,0xCF00400,1,8,FF,FF,FF,00,00,FF,FF,FF
1734041,141195,0xCFF6600,1,8,00,00,FF,FF,FF,FF,FF,FF
1734060,141196,0xCF00400,1,8,FF,FF,FF,00,00,FF,FF,FF
1734061,141197,0xCFF6600,1,8,00,00,FF,FF,FF,FF,FF,FF
1734080,141198,0xCF00400,1,8,FF,FF,FF,00,00,FF,FF,FF
1734081,141199,0xCFF6600,1,8,00,00,FF,FF,FF,FF,FF,FF
1734100,141200,0xCF00400,1,8,FF,FF,FF,00,00,FF,FF,FF
1734121,141201,0xCF00400,1,8,FF,FF,FF,00,00,FF,FF,FF
1734121,141202,0xCFF6600,1,8,00,00,FF,FF,FF,FF,FF,FF
1734122,141203,0x18F00500,1,8,FF,FF,FF,FF,20,2D,FF,FF
1734123,141204,0x18F00600,1,8,FF,FF,FF,FF,FF,FF,FF,FF
1734125,141205,0x18F00600,1,8,FF,FF,FF,FF,FF,FF,FF,FF
1734125,141206,0x18FEF100,1,8,3F,00,00,FF,FF,FF,FF,FF
1734126,141207,0x18FEF200,1,8,00,00,00,FB,00,00,00,FF
1734126,141208,0x1CFDDF00,1,8,FE,FF,FF,FF,FF,FF,FF,FF
1734127,141209,0x1CFF6A00,1,8,FC,FF,FF,FF,FF,FF,FF,FF
1734140,141210,0xCF00400,1,8,FF,FF,FF,00,00,FF,FF,FF
1734140,141211,0xCFF6600,1,8,00,00,FF,FF,FF,FF,FF,FF
1734160,141212,0xCF00400,1,8,FF,FF,FF,00,00,FF,FF,FF
1734160,141213,0xCFF6600,1,8,00,00,FF,FF,FF,FF,FF,FF
1734180,141214,0xCF00400,1,8,FF,FF,FF,00,00,FF,FF,FF
1734180,141215,0xCFF6600,1,8,00,00,FF,FF,FF,FF,FF,FF
1734200,141216,0xCF00400,1,8,FF,FF,FF,00,00,FF,FF,FF
1734201,141217,0xCFF6600,1,8,00,00,FF,FF,FF,FF,FF,FF
1734211,141218,0x10FF6500,1,8,FC,FF,FF,FF,FF,FF,FF,FF
1734211,141219,0x18F00500,1,8,FF,FF,FF,FF,20,2D,FF,FF
1734212,141220,0x18FEF100,1,8,3F,00,00,FF,FF,FF,FF,FF
1734213,141221,0x18FEF200,1,8,00,00,00,FB,00,00,00,FF
1734220,141222,0xCF00400,1,8,FF,FF,FF,00,00,FF,FF,FF
1734221,141223,0xCFF6600,1,8,00,00,FF,FF,FF,FF,FF,FF
1734240,141224,0xCF00400,1,8,FF,FF,FF,00,00,FF,FF,FF
1734241,141225,0xCFF6600,1,8,00,00,FF,FF,FF,FF,FF,FF
1734260,141226,0xCF00400,1,8,FF,FF,FF,00,00,FF,FF,FF
1734281,141227,0xCF00400,1,8,FF,FF,FF,00,00,FF,FF,FF
1734281,141228,0xCFF6600,1,8,00,00,FF,FF,FF,FF,FF,FF
1734282,141229,0x18FDE500,1,8,0A,14,1E,28,32,3C,46,13
1734282,141230,0x18FEEE00,1,8,63,FF,FF,FF,FF,FF,FF,FF
1734290,141231,0x1CECFF00,1,8,20,0A,00,02,FF,CA,FE,00
1734299,141232,0xCF00400,1,8,FF,FF,FF,00,00,FF,FF,FF
1734300,141233,0xCFF6600,1,8,00,00,FF,FF,FF,FF,FF,FF
1734310,141234,0x18FEF100,1,8,3F,00,00,FF,FF,FF,FF,FF
1734311,141235,0x18F00500,1,8,FF,FF,FF,FF,20,2D,FF,FF
1734312,141236,0x18FEF200,1,8,00,00,00,FB,00,00,00,FF
1734320,141237,0xCF00400,1,8,FF,FF,FF,00,00,FF,FF,FF
1734320,141238,0xCFF6600,1,8,00,00,FF,FF,FF,FF,FF,FF
1734340,141239,0xCF00400,1,8,FF,FF,FF,00,00,FF,FF,FF
1734340,141240,0xCFF6600,1,8,00,00,FF,FF,FF,FF,FF,FF
1734341,141241,0x1CEBFF00,1,8,01,40,FF,0F,F0,E5,01,02
1734360,141242,0xCF00400,1,8,FF,FF,FF,00,00,FF,FF,FF
1734361,141243,0xCFF6600,1,8,00,00,FF,FF,FF,FF,FF,FF
1734380,141244,0xCF00400,1,8,FF,FF,FF,00,00,FF,FF,FF
1734381,141245,0xCFF6600,1,8,00,00,FF,FF,FF,FF,FF,FF
1734389,141246,0x1CEBFF00,1,8,02,F0,E3,01,FF,FF,FF,FF
1734400,141247,0xCF00400,1,8,FF,FF,FF,00,00,FF,FF,FF
1734401,141248,0xCFF6600,1,8,00,00,FF,FF,FF,FF,FF,FF
1734411,141249,0x10FF6500,1,8,FC,FF,FF,FF,FF,FF,FF,FF
1734411,141250,0x18F00500,1,8,FF,FF,FF,FF,20,2D,FF,FF
1734412,141251,0x18FEF100,1,8,3F,00,00,FF,FF,FF,FF,FF
1734433,141252,0xCF00400,1,8,FF,FF,FF,00,00,FF,FF,FF
1734433,141253,0xCFF6600,1,8,00,00,FF,FF,FF,FF,FF,FF
1734434,141254,0x18FEF200,1,8,00,00,00,FB,00,00,00,FF
1734439,141255,0xCF00400,1,8,FF,FF,FF,00,00,FF,FF,FF
1734440,141256,0xCFF6600,1,8,00,00,FF,FF,FF,FF,FF,FF
1734460,141257,0xCF00400,1,8,FF,FF,FF,00,00,FF,FF,FF
1734461,141258,0xCFF6600,1,8,00,00,FF,FF,FF,FF,FF,FF
1734480,141259,0xCF00400,1,8,FF,FF,FF,00,00,FF,FF,FF
1734481,141260,0xCFF6600,1,8,00,00,FF,FF,FF,FF,FF,FF
1734500,141261,0xCF00400,1,8,FF,FF,FF,00,00,FF,FF,FF
1734501,141262,0xCFF6600,1,8,00,00,FF,FF,FF,FF,FF,FF
1734511,141263,0x18F00500,1,8,FF,FF,FF,FF,20,2D,FF,FF
1734512,141264,0x18FEF100,1,8,3F,00,00,FF,FF,FF,FF,FF
1734512,141265,0x18FEF200,1,8,00,00,00,FB,00,00,00,FF
1734520,141266,0xCF00400,1,8,FF,FF,FF,00,00,FF,FF,FF
1734520,141267,0xCFF6600,1,8,00,00,FF,FF,FF,FF,FF,FF
1734540,141268,0xCF00400,1,8,FF,FF,FF,00,00,FF,FF,FF
1734540,141269,0xCFF6600,1,8,00,00,FF,FF,FF,FF,FF,FF
1734560,141270,0xCF00400,1,8,FF,FF,FF,00,00,FF,FF,FF
1734560,141271,0xCFF6600,1,8,00,00,FF,FF,FF,FF,FF,FF
1734580,141272,0xCF00400,1,8,FF,FF,FF,00,00,FF,FF,FF
1734580,141273,0xCFF6600,1,8,00,00,FF,FF,FF,FF,FF,FF
1734600,141274,0xCF00400,1,8,FF,FF,FF,00,00,FF,FF,FF
1734620,141275,0xCF00400,1,8,FF,FF,FF,00,00,FF,FF,FF
1734621,141276,0xCFF6600,1,8,00,00,FF,FF,FF,FF,FF,FF
1734622,141277,0x10FF6500,1,8,FC,FF,FF,FF,FF,FF,FF,FF
1734622,141278,0x18F00500,1,8,FF,FF,FF,FF,20,2D,FF,FF
1734623,141279,0x18F00600,1,8,FF,FF,FF,FF,FF,FF,FF,FF
1734624,141280,0x18FEF100,1,8,3F,00,00,FF,FF,FF,FF,FF
1734624,141281,0x18FEF200,1,8,00,00,00,FB,00,00,00,FF
1734625,141282,0x1CFDDF00,1,8,FE,FF,FF,FF,FF,FF,FF,FF
1734626,141283,0x1CFF6A00,1,8,FC,FF,FF,FF,FF,FF,FF,FF
1734627,141284,0x1CFF6A00,1,8,FC,FF,FF,FF,FF,FF,FF,FF
1734640,141285,0xCF00400,1,8,FF,FF,FF,00,00,FF,FF,FF
1734640,141286,0xCFF6600,1,8,00,00,FF,FF,FF,FF,FF,FF
1734660,141287,0xCF00400,1,8,FF,FF,FF,00,00,FF,FF,FF
1734661,141288,0xCFF6600,1,8,00,00,FF,FF,FF,FF,FF,FF
1734680,141289,0xCF00400,1,8,FF,FF,FF,00,00,FF,FF,FF
1734681,141290,0xCFF6600,1,8,00,00,FF,FF,FF,FF,FF,FF
1734700,141291,0xCF00400,1,8,FF,FF,FF,00,00,FF,FF,FF
1734701,141292,0xCFF6600,1,8,00,00,FF,FF,FF,FF,FF,FF
1734710,141293,0x18FEF100,1,8,3F,00,00,FF,FF,FF,FF,FF
1734711,141294,0x18F00500,1,8,FF,FF,FF,FF,20,2D,FF,FF
1734712,141295,0x18FEF200,1,8,00,00,00,FB,00,00,00,FF
1734719,141296,0xCF00400,1,8,FF,FF,FF,00,00,FF,FF,FF
1734720,141297,0xCFF6600,1,8,00,00,FF,FF,FF,FF,FF,FF
1734739,141298,0xCF00400,1,8,FF,FF,FF,00,00,FF,FF,FF
1734740,141299,0xCFF6600,1,8,00,00,FF,FF,FF,FF,FF,FF
1734760,141300,0xCF00400,1,8,FF,FF,FF,00,00,FF,FF,FF
1734760,141301,0xCFF6600,1,8,00,00,FF,FF,FF,FF,FF,FF
1734780,141302,0xCF00400,1,8,FF,FF,FF,00,00,FF,FF,FF
1734780,141303,0xCFF6600,1,8,00,00,FF,FF,FF,FF,FF,FF
1734800,141304,0xCF00400,1,8,FF,FF,FF,00,00,FF,FF,FF
1734820,141305,0xCF00400,1,8,FF,FF,FF,00,00,FF,FF,FF
1734821,141306,0xCFF6600,1,8,00,00,FF,FF,FF,FF,FF,FF
1734822,141307,0x10FF6500,1,8,FC,FF,FF,FF,FF,FF,FF,FF
1734822,141308,0x18F00500,1,8,FF,FF,FF,FF,20,2D,FF,FF
1734823,141309,0x18FEF100,1,8,3F,00,00,FF,FF,FF,FF,FF
1734823,141310,0x18FEF200,1,8,00,00,00,FB,00,00,00,FF
1734840,141311,0xCF00400,1,8,FF,FF,FF,00,00,FF,FF,FF
1734841,141312,0xCFF6600,1,8,00,00,FF,FF,FF,FF,FF,FF
1734860,141313,0xCF00400,1,8,FF,FF,FF,00,00,FF,FF,FF
1734861,141314,0xCFF6600,1,8,00,00,FF,FF,FF,FF,FF,FF
1734880,141315,0xCF00400,1,8,FF,FF,FF,00,00,FF,FF,FF
1734881,141316,0xCFF6600,1,8,00,00,FF,FF,FF,FF,FF,FF
1734899,141317,0xCF00400,1,8,FF,FF,FF,00,00,FF,FF,FF
1734900,141318,0xCFF6600,1,8,00,00,FF,FF,FF,FF,FF,FF
1734910,141319,0x18FEF100,1,8,3F,00,00,FF,FF,FF,FF,FF
1734911,141320,0x18F00500,1,8,FF,FF,FF,FF,20,2D,FF,FF
1734911,141321,0x18FEF200,1,8,00,00,00,FB,00,00,00,FF
1734919,141322,0xCF00400,1,8,FF,FF,FF,00,00,FF,FF,FF
1734920,141323,0xCFF6600,1,8,00,00,FF,FF,FF,FF,FF,FF
1734940,141324,0xCF00400,1,8,FF,FF,FF,00,00,FF,FF,FF
1734940,141325,0xCFF6600,1,8,00,00,FF,FF,FF,FF,FF,FF
1734960,141326,0xCF00400,1,8,FF,FF,FF,00,00,FF,FF,FF
1734980,141327,0xCF00400,1,8,FF,FF,FF,00,00,FF,FF,FF
1734981,141328,0xCFF6600,1,8,00,00,FF,FF,FF,FF,FF,FF
1734999,141329,0xCF00400,1,8,FF,FF,FF,00,00,FF,FF,FF
1735000,141330,0xCFF6600,1,8,00,00,FF,FF,FF,FF,FF,FF
1735010,141331,0x18FEF100,1,8,3F,00,00,FF,FF,FF,FF,FF
1735011,141332,0x10FF6500,1,8,FC,FF,FF,FF,FF,FF,FF,FF
1735011,141333,0x18F00500,1,8,FF,FF,FF,FF,20,2D,FF,FF
1735012,141334,0x18FEF200,1,8,00,00,00,FB,00,00,00,FF
1735020,141335,0xCF00400,1,8,FF,FF,FF,00,00,FF,FF,FF
1735020,141336,0xCFF6600,1,8,00,00,FF,FF,FF,FF,FF,FF
1735039,141337,0xCF00400,1,8,FF,FF,FF,00,00,FF,FF,FF
1735040,141338,0xCFF6600,1,8,00,00,FF,FF,FF,FF,FF,FF
1735060,141339,0xCF00400,1,8,FF,FF,FF,00,00,FF,FF,FF
1735060,141340,0xCFF6600,1,8,00,00,FF,FF,FF,FF,FF,FF
1735080,141341,0xCF00400,1,8,FF,FF,FF,00,00,FF,FF,FF
1735080,141342,0xCFF6600,1,8,00,00,FF,FF,FF,FF,FF,FF
1735100,141343,0xCF00400,1,8,FF,FF,FF,00,00,FF,FF,FF
1735100,141344,0xCFF6600,1,8,00,00,FF,FF,FF,FF,FF,FF
1735111,141345,0x18F00500,1,8,FF,FF,FF,FF,20,2D,FF,FF
1735137,141346,0x18EEFF00,1,8,08,CF,60,06,00,00,00,00
1735137,141347,0x18F00600,1,8,FF,FF,FF,FF,FF,FF,FF,FF
1735138,141348,0x18FEF100,1,8,3F,00,00,FF,FF,FF,FF,FF
1735139,141349,0x18FEF200,1,8,00,00,00,FB,00,00,00,FF
1735139,141350,0x1CFDDF00,1,8,FE,FF,FF,FF,FF,FF,FF,FF
1735140,141351,0x1CFF6A00,1,8,FC,FF,FF,FF,FF,FF,FF,FF
1735140,141352,0xCF00400,1,8,FF,FF,FF,00,00,FF,FF,FF
1735141,141353,0xCFF6600,1,8,00,00,FF,FF,FF,FF,FF,FF
1735142,141354,0x1CFF6A00,1,8,FC,FF,FF,FF,FF,FF,FF,FF
1735159,141355,0xCF00400,1,8,FF,FF,FF,00,00,FF,FF,FF
1735160,141356,0xCFF6600,1,8,00,00,FF,FF,FF,FF,FF,FF
1735179,141357,0xCF00400,1,8,FF,FF,FF,00,00,FF,FF,FF
1735180,141358,0xCFF6600,1,8,00,00,FF,FF,FF,FF,FF,FF
1735200,141359,0xCF00400,1,8,FF,FF,FF,00,00,FF,FF,FF
1735200,141360,0xCFF6600,1,8,00,00,FF,FF,FF,FF,FF,FF
1735211,141361,0x10FF6500,1,8,FC,FF,FF,FF,FF,FF,FF,FF
1735211,141362,0x18F00500,1,8,FF,FF,FF,FF,20,2D,FF,FF
1735212,141363,0x18FEF100,1,8,3F,00,00,FF,FF,FF,FF,FF
1735213,141364,0x18FEF200,1,8,00,00,00,FB,00,00,00,FF
1735220,141365,0xCF00400,1,8,FF,FF,FF,00,00,FF,FF,FF
1735220,141366,0xCFF6600,1,8,00,00,FF,FF,FF,FF,FF,FF
1735240,141367,0xCF00400,1,8,FF,FF,FF,00,00,FF,FF,FF
1735260,141368,0xCF00400,1,8,FF,FF,FF,00,00,FF,FF,FF
1735261,141369,0xCFF6600,1,8,00,00,FF,FF,FF,FF,FF,FF
1735270,141370,0x18FDE500,1,8,0A,14,1E,28,32,3C,46,13
1735270,141371,0x18FEEE00,1,8,63,FF,FF,FF,FF,FF,FF,FF
1735280,141372,0xCF00400,1,8,FF,FF,FF,00,00,FF,FF,FF
1735280,141373,0xCFF6600,1,8,00,00,FF,FF,FF,FF,FF,FF
1735289,141374,0x1CECFF00,1,8,20,0A,00,02,FF,CA,FE,00
1735299,141375,0xCF00400,1,8,FF,FF,FF,00,00,FF,FF,FF
1735300,141376,0xCFF6600,1,8,00,00,FF,FF,FF,FF,FF,FF
1735310,141377,0x18FEF100,1,8,3F,00,00,FF,FF,FF,FF,FF
1735311,141378,0x18F00500,1,8,FF,FF,FF,FF,20,2D,FF,FF
1735312,141379,0x18FEF200,1,8,00,00,00,FB,00,00,00,FF
1735320,141380,0xCF00400,1,8,FF,FF,FF,00,00,FF,FF,FF
1735321,141381,0xCFF6600,1,8,00,00,FF,FF,FF,FF,FF,FF
1735340,141382,0xCF00400,1,8,FF,FF,FF,00,00,FF,FF,FF
1735341,141383,0xCFF6600,1,8,00,00,FF,FF,FF,FF,FF,FF
1735341,141384,0x1CEBFF00,1,8,01,40,FF,0F,F0,E5,01,02
1735359,141385,0xCF00400,1,8,FF,FF,FF,00,00,FF,FF,FF
1735360,141386,0xCFF6600,1,8,00,00,FF,FF,FF,FF,FF,FF
1735379,141387,0xCF00400,1,8,FF,FF,FF,00,00,FF,FF,FF
1735380,141388,0xCFF6600,1,8,00,00,FF,FF,FF,FF,FF,FF
1735389,141389,0x1CEBFF00,1,8,02,F0,E3,01,FF,FF,FF,FF
1735399,141390,0xCF00400,1,8,FF,FF,FF,00,00,FF,FF,FF
1735400,141391,0xCFF6600,1,8,00,00,FF,FF,FF,FF,FF,FF
1735410,141392,0x18FEF100,1,8,3F,00,00,FF,FF,FF,FF,FF
1735411,141393,0x10FF6500,1,8,FC,FF,FF,FF,FF,FF,FF,FF
1735411,141394,0x18F00500,1,8,FF,FF,FF,FF,20,2D,FF,FF
1735412,141395,0x18FEF200,1,8,00,00,00,FB,00,00,00,FF
1735420,141396,0xCF00400,1,8,FF,FF,FF,00,00,FF,FF,FF
1735421,141397,0xCFF6600,1,8,00,00,FF,FF,FF,FF,FF,FF
1735440,141398,0xCF00400,1,8,FF,FF,FF,00,00,FF,FF,FF
1735461,141399,0xCF00400,1,8,FF,FF,FF,00,00,FF,FF,FF
1735462,141400,0xCFF6600,1,8,00,00,FF,FF,FF,FF,FF,FF
1735480,141401,0xCF00400,1,8,FF,FF,FF,00,00,FF,FF,FF
1735481,141402,0xCFF6600,1,8,00,00,FF,FF,FF,FF,FF,FF
1735500,141403,0xCF00400,1,8,FF,FF,FF,00,00,FF,FF,FF
1735501,141404,0xCFF6600,1,8,00,00,FF,FF,FF,FF,FF,FF
1735511,141405,0x18F00500,1,8,FF,FF,FF,FF,20,2D,FF,FF
1735511,141406,0x18FEF100,1,8,3F,00,00,FF,FF,FF,FF,FF
1735512,141407,0x18FEF200,1,8,00,00,00,FB,00,00,00,FF
1735520,141408,0xCF00400,1,8,FF,FF,FF,00,00,FF,FF,FF
1735520,141409,0xCFF6600,1,8,00,00,FF,FF,FF,FF,FF,FF
1735540,141410,0xCF00400,1,8,FF,FF,FF,00,00,FF,FF,FF
1735540,141411,0xCFF6600,1,8,00,00,FF,FF,FF,FF,FF,FF
1735560,141412,0xCF00400,1,8,FF,FF,FF,00,00,FF,FF,FF
1735560,141413,0xCFF6600,1,8,00,00,FF,FF,FF,FF,FF,FF
1735580,141414,0xCF00400,1,8,FF,FF,FF,00,00,FF,FF,FF
1735580,141415,0xCFF6600,1,8,00,00,FF,FF,FF,FF,FF,FF
1735600,141416,0xCF00400,1,8,FF,FF,FF,00,00,FF,FF,FF
1735600,141417,0xCFF6600,1,8,00,00,FF,FF,FF,FF,FF,FF
1735611,141418,0x10FF6500,1,8,FC,FF,FF,FF,FF,FF,FF,FF
1735611,141419,0x18F00500,1,8,FF,FF,FF,FF,20,2D,FF,FF
1735633,141420,0xCF00400,1,8,FF,FF,FF,00,00,FF,FF,FF
1735633,141421,0xCFF6600,1,8,00,00,FF,FF,FF,FF,FF,FF
1735634,141422,0x18F00600,1,8,FF,FF,FF,FF,FF,FF,FF,FF
1735635,141423,0x18FEF100,1,8,3F,00,00,FF,FF,FF,FF,FF
1735635,141424,0x18FEF200,1,8,00,00,00,FB,00,00,00,FF
1735636,141425,0x1CFDDF00,1,8,FE,FF,FF,FF,FF,FF,FF,FF
1735636,141426,0x1CFF6A00,1,8,FC,FF,FF,FF,FF,FF,FF,FF
1735640,141427,0xCF00400,1,8,FF,FF,FF,00,00,FF,FF,FF
1735640,141428,0xCFF6600,1,8,00,00,FF,FF,FF,FF,FF,FF
1735659,141429,0xCF00400,1,8,FF,FF,FF,00,00,FF,FF,FF
1735660,141430,0xCFF6600,1,8,00,00,FF,FF,FF,FF,FF,FF
1735679,141431,0xCF00400,1,8,FF,FF,FF,00,00,FF,FF,FF
1735680,141432,0xCFF6600,1,8,00,00,FF,FF,FF,FF,FF,FF
1735699,141433,0xCF00400,1,8,FF,FF,FF,00,00,FF,FF,FF
1735700,141434,0xCFF6600,1,8,00,00,FF,FF,FF,FF,FF,FF
1735710,141435,0x18FEF100,1,8,3F,00,00,FF,FF,FF,FF,FF
1735711,141436,0x18F00500,1,8,FF,FF,FF,FF,20,2D,FF,FF
1735711,141437,0x18FEF200,1,8,00,00,00,FB,00,00,00,FF
1735720,141438,0xCF00400,1,8,FF,FF,FF,00,00,FF,FF,FF
1735721,141439,0xCFF6600,1,8,00,00,FF,FF,FF,FF,FF,FF
1735740,141440,0xCF00400,1,8,FF,FF,FF,00,00,FF,FF,FF
1735741,141441,0xCFF6600,1,8,00,00,FF,FF,FF,FF,FF,FF
1735760,141442,0xCF00400,1,8,FF,FF,FF,00,00,FF,FF,FF
1735761,141443,0xCFF6600,1,8,00,00,FF,FF,FF,FF,FF,FF
1735780,141444,0xCF00400,1,8,FF,FF,FF,00,00,FF,FF,FF
1735781,141445,0xCFF6600,1,8,00,00,FF,FF,FF,FF,FF,FF
1735800,141446,0xCF00400,1,8,FF,FF,FF,00,00,FF,FF,FF
1735801,141447,0xCFF6600,1,8,00,00,FF,FF,FF,FF,FF,FF
1735810,141448,0x18FEF100,1,8,3F,00,00,FF,FF,FF,FF,FF
1735811,141449,0x10FF6500,1,8,FC,FF,FF,FF,FF,FF,FF,FF
1735832,141450,0xCF00400,1,8,FF,FF,FF,00,00,FF,FF,FF
1735833,141451,0xCFF6600,1,8,00,00,FF,FF,FF,FF,FF,FF
1735833,141452,0x18F00500,1,8,FF,FF,FF,FF,20,2D,FF,FF
1735834,141453,0x18FEF200,1,8,00,00,00,FB,00,00,00,FF
1735839,141454,0xCF00400,1,8,FF,FF,FF,00,00,FF,FF,FF
1735840,141455,0xCFF6600,1,8,00,00,FF,FF,FF,FF,FF,FF
1735859,141456,0xCF00400,1,8,FF,FF,FF,00,00,FF,FF,FF
1735860,141457,0xCFF6600,1,8,00,00,FF,FF,FF,FF,FF,FF
1735880,141458,0xCF00400,1,8,FF,FF,FF,00,00,FF,FF,FF
1735880,141459,0xCFF6600,1,8,00,00,FF,FF,FF,FF,FF,FF
1735900,141460,0xCF00400,1,8,FF,FF,FF,00,00,FF,FF,FF
1735900,141461,0xCFF6600,1,8,00,00,FF,FF,FF,FF,FF,FF
1735910,141462,0x18F00500,1,8,FF,FF,FF,FF,20,2D,FF,FF
1735911,141463,0x18FEF100,1,8,3F,00,00,FF,FF,FF,FF,FF
1735912,141464,0x18FEF200,1,8,00,00,00,FB,00,00,00,FF
1735920,141465,0xCF00400,1,8,FF,FF,FF,00,00,FF,FF,FF
1735920,141466,0xCFF6600,1,8,00,00,FF,FF,FF,FF,FF,FF
1735940,141467,0xCF00400,1,8,FF,FF,FF,00,00,FF,FF,FF
1735940,141468,0xCFF6600,1,8,00,00,FF,FF,FF,FF,FF,FF
1735960,141469,0xCF00400,1,8,FF,FF,FF,00,00,FF,FF,FF
1735960,141470,0xCFF6600,1,8,00,00,FF,FF,FF,FF,FF,FF
1735980,141471,0xCF00400,1,8,FF,FF,FF,00,00,FF,FF,FF
1735981,141472,0xCFF6600,1,8,00,00,FF,FF,FF,FF,FF,FF
1736000,141473,0xCF00400,1,8,FF,FF,FF,00,00,FF,FF,FF
1736001,141474,0xCFF6600,1,8,00,00,FF,FF,FF,FF,FF,FF
1736012,141475,0x10FF6500,1,8,FC,FF,FF,FF,FF,FF,FF,FF
1736013,141476,0x18F00500,1,8,FF,FF,FF,FF,20,2D,FF,FF
1736013,141477,0x18FEF100,1,8,3F,00,00,FF,FF,FF,FF,FF
1736014,141478,0x18FEF200,1,8,00,00,00,FB,00,00,00,FF
1736020,141479,0xCF00400,1,8,FF,FF,FF,00,00,FF,FF,FF
1736021,141480,0xCFF6600,1,8,00,00,FF,FF,FF,FF,FF,FF
1736040,141481,0xCF00400,1,8,FF,FF,FF,00,00,FF,FF,FF
1736041,141482,0xCFF6600,1,8,00,00,FF,FF,FF,FF,FF,FF
1736060,141483,0xCF00400,1,8,FF,FF,FF,00,00,FF,FF,FF
1736081,141484,0xCF00400,1,8,FF,FF,FF,00,00,FF,FF,FF
1736081,141485,0xCFF6600,1,8,00,00,FF,FF,FF,FF,FF,FF
1736100,141486,0xCF00400,1,8,FF,FF,FF,00,00,FF,FF,FF
1736100,141487,0xCFF6600,1,8,00,00,FF,FF,FF,FF,FF,FF
1736112,141488,0x18F00500,1,8,FF,FF,FF,FF,20,2D,FF,FF
1736112,141489,0x18F00600,1,8,FF,FF,FF,FF,FF,FF,FF,FF
1736113,141490,0x18FEF100,1,8,3F,00,00,FF,FF,FF,FF,FF
1736113,141491,0x18FEF200,1,8,00,00,00,FB,00,00,00,FF
1736114,141492,0x1CFDDF00,1,8,FE,FF,FF,FF,FF,FF,FF,FF
1736115,141493,0x1CFF6A00,1,8,FC,FF,FF,FF,FF,FF,FF,FF
1736120,141494,0xCF00400,1,8,FF,FF,FF,00,00,FF,FF,FF
1736121,141495,0xCFF6600,1,8,00,00,FF,FF,FF,FF,FF,FF
1736140,141496,0xCF00400,1,8,FF,FF,FF,00,00,FF,FF,FF
1736141,141497,0xCFF6600,1,8,00,00,FF,FF,FF,FF,FF,FF
1736159,141498,0xCF00400,1,8,FF,FF,FF,00,00,FF,FF,FF
1736160,141499,0xCFF6600,1,8,00,00,FF,FF,FF,FF,FF,FF
1736180,141500,0xCF00400,1,8,FF,FF,FF,00,00,FF,FF,FF
1736180,141501,0xCFF6600,1,8,00,00,FF,FF,FF,FF,FF,FF
1736201,141502,0xCF00400,1,8,FF,FF,FF,00,00,FF,FF,FF
1736202,141503,0xCFF6600,1,8,00,00,FF,FF,FF,FF,FF,FF
1736211,141504,0x10FF6500,1,8,FC,FF,FF,FF,FF,FF,FF,FF
1736211,141505,0x18F00500,1,8,FF,FF,FF,FF,20,2D,FF,FF
1736212,141506,0x18FEF100,1,8,3F,00,00,FF,FF,FF,FF,FF
1736212,141507,0x18FEF200,1,8,00,00,00,FB,00,00,00,FF
1736220,141508,0xCF00400,1,8,FF,FF,FF,00,00,FF,FF,FF
1736220,141509,0xCFF6600,1,8,00,00,FF,FF,FF,FF,FF,FF
1736240,141510,0xCF00400,1,8,FF,FF,FF,00,00,FF,FF,FF
1736240,141511,0xCFF6600,1,8,00,00,FF,FF,FF,FF,FF,FF
1736260,141512,0xCF00400,1,8,FF,FF,FF,00,00,FF,FF,FF
1736261,141513,0xCFF6600,1,8,00,00,FF,FF,FF,FF,FF,FF
1736269,141514,0x18FEEE00,1,8,63,FF,FF,FF,FF,FF,FF,FF
1736270,141515,0x18FDE500,1,8,0A,14,1E,28,32,3C,46,13
1736280,141516,0xCF00400,1,8,FF,FF,FF,00,00,FF,FF,FF
1736281,141517,0xCFF6600,1,8,00,00,FF,FF,FF,FF,FF,FF
1736289,141518,0x1CECFF00,1,8,20,0A,00,02,FF,CA,FE,00
1736300,141519,0xCF00400,1,8,FF,FF,FF,00,00,FF,FF,FF
1736300,141520,0xCFF6600,1,8,00,00,FF,FF,FF,FF,FF,FF
1736310,141521,0x18FEF100,1,8,3F,00,00,FF,FF,FF,FF,FF
1736311,141522,0x18F00500,1,8,FF,FF,FF,FF,20,2D,FF,FF
1736312,141523,0x18FEF200,1,8,00,00,00,FB,00,00,00,FF
1736320,141524,0xCF00400,1,8,FF,FF,FF,00,00,FF,FF,FF
1736340,141525,0xCF00400,1,8,FF,FF,FF,00,00,FF,FF,FF
1736341,141526,0xCFF6600,1,8,00,00,FF,FF,FF,FF,FF,FF
1736341,141527,0x1CEBFF00,1,8,01,40,FF,0F,F0,E5,01,02
1736360,141528,0xCF00400,1,8,FF,FF,FF,00,00,FF,FF,FF
1736360,141529,0xCFF6600,1,8,00,00,FF,FF,FF,FF,FF,FF
1736380,141530,0xCF00400,1,8,FF,FF,FF,00,00,FF,FF,FF
1736380,141531,0xCFF6600,1,8,00,00,FF,FF,FF,FF,FF,FF
1736390,141532,0x1CEBFF00,1,8,02,F0,E3,01,FF,FF,FF,FF
1736399,141533,0xCF00400,1,8,FF,FF,FF,00,00,FF,FF,FF
1736400,141534,0xCFF6600,1,8,00,00,FF,FF,FF,FF,FF,FF
1736410,141535,0x18FEF100,1,8,3F,00,00,FF,FF,FF,FF,FF
1736411,141536,0x10FF6500,1,8,FC,FF,FF,FF,FF,FF,FF,FF
1736411,141537,0x18F00500,1,8,FF,FF,FF,FF,20,2D,FF,FF
1736412,141538,0x18FEF200,1,8,00,00,00,FB,00,00,00,FF
1736419,141539,0xCF00400,1,8,FF,FF,FF,00,00,FF,FF,FF
1736420,141540,0xCFF6600,1,8,00,00,FF,FF,FF,FF,FF,FF
1736440,141541,0xCF00400,1,8,FF,FF,FF,00,00,FF,FF,FF
1736440,141542,0xCFF6600,1,8,00,00,FF,FF,FF,FF,FF,FF
1736460,141543,0xCF00400,1,8,FF,FF,FF,00,00,FF,FF,FF
1736460,141544,0xCFF6600,1,8,00,00,FF,FF,FF,FF,FF,FF
1736480,141545,0xCF00400,1,8,FF,FF,FF,00,00,FF,FF,FF
1736480,141546,0xCFF6600,1,8,00,00,FF,FF,FF,FF,FF,FF
1736500,141547,0xCF00400,1,8,FF,FF,FF,00,00,FF,FF,FF
1736520,141548,0xCF00400,1,8,FF,FF,FF,00,00,FF,FF,FF
1736521,141549,0xCFF6600,1,8,00,00,FF,FF,FF,FF,FF,FF
1736522,141550,0x18F00500,1,8,FF,FF,FF,FF,20,2D,FF,FF
1736523,141551,0x18FEF100,1,8,3F,00,00,FF,FF,FF,FF,FF
1736523,141552,0x18FEF200,1,8,00,00,00,FB,00,00,00,FF
1736539,141553,0xCF00400,1,8,FF,FF,FF,00,00,FF,FF,FF
1736540,141554,0xCFF6600,1,8,00,00,FF,FF,FF,FF,FF,FF
1736559,141555,0xCF00400,1,8,FF,FF,FF,00,00,FF,FF,FF
1736560,141556,0xCFF6600,1,8,00,00,FF,FF,FF,FF,FF,FF
1736580,141557,0xCF00400,1,8,FF,FF,FF,00,00,FF,FF,FF
1736580,141558,0xCFF6600,1,8,00,00,FF,FF,FF,FF,FF,FF
1736600,141559,0xCF00400,1,8,FF,FF,FF,00,00,FF,FF,FF
1736600,141560,0xCFF6600,1,8,00,00,FF,FF,FF,FF,FF,FF
1736610,141561,0x10FF6500,1,8,FC,FF,FF,FF,FF,FF,FF,FF
1736611,141562,0x18F00500,1,8,FF,FF,FF,FF,20,2D,FF,FF
1736612,141563,0x18F00600,1,8,FF,FF,FF,FF,FF,FF,FF,FF
1736612,141564,0x18FEF100,1,8,3F,00,00,FF,FF,FF,FF,FF
1736613,141565,0x18FEF200,1,8,00,00,00,FB,00,00,00,FF
1736614,141566,0x1CFDDF00,1,8,FE,FF,FF,FF,FF,FF,FF,FF
1736614,141567,0x1CFF6A00,1,8,FC,FF,FF,FF,FF,FF,FF,FF
1736620,141568,0xCF00400,1,8,FF,FF,FF,00,00,FF,FF,FF
1736620,141569,0xCFF6600,1,8,00,00,FF,FF,FF,FF,FF,FF
1736640,141570,0xCF00400,1,8,FF,FF,FF,00,00,FF,FF,FF
1736640,141571,0xCFF6600,1,8,00,00,FF,FF,FF,FF,FF,FF
1736660,141572,0xCF00400,1,8,FF,FF,FF,00,00,FF,FF,FF
1736660,141573,0xCFF6600,1,8,00,00,FF,FF,FF,FF,FF,FF
1736680,141574,0xCF00400,1,8,FF,FF,FF,00,00,FF,FF,FF
1736680,141575,0xCFF6600,1,8,00,00,FF,FF,FF,FF,FF,FF
1736700,141576,0xCF00400,1,8,FF,FF,FF,00,00,FF,FF,FF
1736720,141577,0xCF00400,1,8,FF,FF,FF,00,00,FF,FF,FF
1736721,141578,0xCFF6600,1,8,00,00,FF,FF,FF,FF,FF,FF
1736722,141579,0x18F00500,1,8,FF,FF,FF,FF,20,2D,FF,FF
1736722,141580,0x18FEF100,1,8,3F,00,00,FF,FF,FF,FF,FF
1736723,141581,0x18FEF200,1,8,00,00,00,FB,00,00,00,FF
1736740,141582,0xCF00400,1,8,FF,FF,FF,00,00,FF,FF,FF
1736741,141583,0xCFF6600,1,8,00,00,FF,FF,FF,FF,FF,FF
1736760,141584,0xCF00400,1,8,FF,FF,FF,00,00,FF,FF,FF
1736760,141585,0xCFF6600,1,8,00,00,FF,FF,FF,FF,FF,FF
1736780,141586,0xCF00400,1,8,FF,FF,FF,00,00,FF,FF,FF
1736780,141587,0xCFF6600,1,8,00,00,FF,FF,FF,FF,FF,FF
1736800,141588,0xCF00400,1,8,FF,FF,FF,00,00,FF,FF,FF
1736800,141589,0xCFF6600,1,8,00,00,FF,FF,FF,FF,FF,FF
1736811,141590,0x10FF6500,1,8,FC,FF,FF,FF,FF,FF,FF,FF
1736811,141591,0x18F00500,1,8,FF,FF,FF,FF,20,2D,FF,FF
1736812,141592,0x18FEF100,1,8,3F,00,00,FF,FF,FF,FF,FF
1736813,141593,0x18FEF200,1,8,00,00,00,FB,00,00,00,FF
1736820,141594,0xCF00400,1,8,FF,FF,FF,00,00,FF,FF,FF
1736820,141595,0xCFF6600,1,8,00,00,FF,FF,FF,FF,FF,FF
1736840,141596,0xCF00400,1,8,FF,FF,FF,00,00,FF,FF,FF
1736841,141597,0xCFF6600,1,8,00,00,FF,FF,FF,FF,FF,FF
1736860,141598,0xCF00400,1,8,FF,FF,FF,00,00,FF,FF,FF
1736881,141599,0xCF00400,1,8,FF,FF,FF,00,00,FF,FF,FF
1736882,141600,0xCFF6600,1,8,00,00,FF,FF,FF,FF,FF,FF
1736900,141601,0xCF00400,1,8,FF,FF,FF,00,00,FF,FF,FF
1736901,141602,0xCFF6600,1,8,00,00,FF,FF,FF,FF,FF,FF
1736911,141603,0x18F00500,1,8,FF,FF,FF,FF,20,2D,FF,FF
1736912,141604,0x18FEF100,1,8,3F,00,00,FF,FF,FF,FF,FF
1736912,141605,0x18FEF200,1,8,00,00,00,FB,00,00,00,FF
1736920,141606,0xCF00400,1,8,FF,FF,FF,00,00,FF,FF,FF
1736920,141607,0xCFF6600,1,8,00,00,FF,FF,FF,FF,FF,FF
1736940,141608,0xCF00400,1,8,FF,FF,FF,00,00,FF,FF,FF
1736940,141609,0xCFF6600,1,8,00,00,FF,FF,FF,FF,FF,FF
1736960,141610,0xCF00400,1,8,FF,FF,FF,00,00,FF,FF,FF
1736960,141611,0xCFF6600,1,8,00,00,FF,FF,FF,FF,FF,FF
1736980,141612,0xCF00400,1,8,FF,FF,FF,00,00,FF,FF,FF
1736980,141613,0xCFF6600,1,8,00,00,FF,FF,FF,FF,FF,FF
1737000,141614,0xCF00400,1,8,FF,FF,FF,00,00,FF,FF,FF
1737000,141615,0xCFF6600,1,8,00,00,FF,FF,FF,FF,FF,FF
1737011,141616,0x10FF6500,1,8,FC,FF,FF,FF,FF,FF,FF,FF
1737011,141617,0x18F00500,1,8,FF,FF,FF,FF,20,2D,FF,FF
1737012,141618,0x18FEF100,1,8,3F,00,00,FF,FF,FF,FF,FF
1737013,141619,0x18FEF200,1,8,00,00,00,FB,00,00,00,FF
1737022,141620,0xCF00400,1,8,FF,FF,FF,00,00,FF,FF,FF
1737023,141621,0xCFF6600,1,8,00,00,FF,FF,FF,FF,FF,FF
1737040,141622,0xCF00400,1,8,FF,FF,FF,00,00,FF,FF,FF
1737040,141623,0xCFF6600,1,8,00,00,FF,FF,FF,FF,FF,FF
1737060,141624,0xCF00400,1,8,FF,FF,FF,00,00,FF,FF,FF
1737061,141625,0xCFF6600,1,8,00,00,FF,FF,FF,FF,FF,FF
1737080,141626,0xCF00400,1,8,FF,FF,FF,00,00,FF,FF,FF
1737081,141627,0xCFF6600,1,8,00,00,FF,FF,FF,FF,FF,FF
1737101,141628,0xCF00400,1,8,FF,FF,FF,00,00,FF,FF,FF
1737101,141629,0xCFF6600,1,8,00,00,FF,FF,FF,FF,FF,FF
1737110,141630,0x18FEF100,1,8,3F,00,00,FF,FF,FF,FF,FF
1737112,141631,0x18F00500,1,8,FF,FF,FF,FF,20,2D,FF,FF
1737112,141632,0x18F00600,1,8,FF,FF,FF,FF,FF,FF,FF,FF
1737113,141633,0x18FEF200,1,8,00,00,00,FB,00,00,00,FF
1737113,141634,0x1CFDDF00,1,8,FE,FF,FF,FF,FF,FF,FF,FF
1737115,141635,0x1CFF6A00,1,8,FC,FF,FF,FF,FF,FF,FF,FF
1737119,141636,0xCF00400,1,8,FF,FF,FF,00,00,FF,FF,FF
1737120,141637,0xCFF6600,1,8,00,00,FF,FF,FF,FF,FF,FF
1737140,141638,0xCF00400,1,8,FF,FF,FF,00,00,FF,FF,FF
1737161,141639,0xCF00400,1,8,FF,FF,FF,00,00,FF,FF,FF
1737161,141640,0xCFF6600,1,8,00,00,FF,FF,FF,FF,FF,FF
1737180,141641,0xCF00400,1,8,FF,FF,FF,00,00,FF,FF,FF
1737180,141642,0xCFF6600,1,8,00,00,FF,FF,FF,FF,FF,FF
1737200,141643,0xCF00400,1,8,FF,FF,FF,00,00,FF,FF,FF
1737200,141644,0xCFF6600,1,8,00,00,FF,FF,FF,FF,FF,FF
1737210,141645,0x10FF6500,1,8,FC,FF,FF,FF,FF,FF,FF,FF
1737211,141646,0x18F00500,1,8,FF,FF,FF,FF,20,2D,FF,FF
1737212,141647,0x18FEF100,1,8,3F,00,00,FF,FF,FF,FF,FF
1737212,141648,0x18FEF200,1,8,00,00,00,FB,00,00,00,FF
1737220,141649,0xCF00400,1,8,FF,FF,FF,00,00,FF,FF,FF
1737220,141650,0xCFF6600,1,8,00,00,FF,FF,FF,FF,FF,FF
1737240,141651,0xCF00400,1,8,FF,FF,FF,00,00,FF,FF,FF
1737240,141652,0xCFF6600,1,8,00,00,FF,FF,FF,FF,FF,FF
1737260,141653,0xCF00400,1,8,FF,FF,FF,00,00,FF,FF,FF
1737260,141654,0xCFF6600,1,8,00,00,FF,FF,FF,FF,FF,FF
1737270,141655,0x18FDE500,1,8,0A,14,1E,28,32,3C,46,13
1737270,141656,0x18FEEE00,1,8,63,FF,FF,FF,FF,FF,FF,FF
1737280,141657,0xCF00400,1,8,FF,FF,FF,00,00,FF,FF,FF
1737280,141658,0xCFF6600,1,8,00,00,FF,FF,FF,FF,FF,FF
1737290,141659,0x1CECFF00,1,8,20,0A,00,02,FF,CA,FE,00
1737301,141660,0xCF00400,1,8,FF,FF,FF,00,00,FF,FF,FF
1737302,141661,0xCFF6600,1,8,00,00,FF,FF,FF,FF,FF,FF
1737310,141662,0x18FEF100,1,8,3F,00,00,FF,FF,FF,FF,FF
1737311,141663,0x18F00500,1,8,FF,FF,FF,FF,20,2D,FF,FF
1737312,141664,0x18FEF200,1,8,00,00,00,FB,00,00,00,FF
1737319,141665,0xCF00400,1,8,FF,FF,FF,00,00,FF,FF,FF
1737320,141666,0xCFF6600,1,8,00,00,FF,FF,FF,FF,FF,FF
1737340,141667,0xCF00400,1,8,FF,FF,FF,00,00,FF,FF,FF
1737340,141668,0xCFF6600,1,8,00,00,FF,FF,FF,FF,FF,FF
1737341,141669,0x1CEBFF00,1,8,01,40,FF,0F,F0,E5,01,02
1737361,141670,0xCF00400,1,8,FF,FF,FF,00,00,FF,FF,FF
1737361,141671,0xCFF6600,1,8,00,00,FF,FF,FF,FF,FF,FF
1737379,141672,0xCF00400,1,8,FF,FF,FF,00,00,FF,FF,FF
1737380,141673,0xCFF6600,1,8,00,00,FF,FF,FF,FF,FF,FF
1737389,141674,0x1CEBFF00,1,8,02,F0,E3,01,FF,FF,FF,FF
1737400,141675,0xCF00400,1,8,FF,FF,FF,00,00,FF,FF,FF
1737400,141676,0xCFF6600,1,8,00,00,FF,FF,FF,FF,FF,FF
1737410,141677,0x18FEF100,1,8,3F,00,00,FF,FF,FF,FF,FF
1737411,141678,0x10FF6500,1,8,FC,FF,FF,FF,FF,FF,FF,FF
1737411,141679,0x18F00500,1,8,FF,FF,FF,FF,20,2D,FF,FF
1737412,141680,0x18FEF200,1,8,00,00,00,FB,00,00,00,FF
1737420,141681,0xCF00400,1,8,FF,FF,FF,00,00,FF,FF,FF
1737420,141682,0xCFF6600,1,8,00,00,FF,FF,FF,FF,FF,FF
1737439,141683,0xCF00400,1,8,FF,FF,FF,00,00,FF,FF,FF
1737461,141684,0xCF00400,1,8,FF,FF,FF,00,00,FF,FF,FF
1737461,141685,0xCFF6600,1,8,00,00,FF,FF,FF,FF,FF,FF
1737480,141686,0xCF00400,1,8,FF,FF,FF,00,00,FF,FF,FF
1737480,141687,0xCFF6600,1,8,00,00,FF,FF,FF,FF,FF,FF
1737500,141688,0xCF00400,1,8,FF,FF,FF,00,00,FF,FF,FF
1737500,141689,0xCFF6600,1,8,00,00,FF,FF,FF,FF,FF,FF
1737510,141690,0x18F00500,1,8,FF,FF,FF,FF,20,2D,FF,FF
1737511,141691,0x18FEF100,1,8,3F,00,00,FF,FF,FF,FF,FF
1737512,141692,0x18FEF200,1,8,00,00,00,FB,00,00,00,FF
1737520,141693,0xCF00400,1,8,FF,FF,FF,00,00,FF,FF,FF
1737520,141694,0xCFF6600,1,8,00,00,FF,FF,FF,FF,FF,FF
1737540,141695,0xCF00400,1,8,FF,FF,FF,00,00,FF,FF,FF
1737540,141696,0xCFF6600,1,8,00,00,FF,FF,FF,FF,FF,FF
1737560,141697,0xCF00400,1,8,FF,FF,FF,00,00,FF,FF,FF
1737560,141698,0xCFF6600,1,8,00,00,FF,FF,FF,FF,FF,FF
1737580,141699,0xCF00400,1,8,FF,FF,FF,00,00,FF,FF,FF
1737581,141700,0xCFF6600,1,8,00,00,FF,FF,FF,FF,FF,FF
1737600,141701,0xCF00400,1,8,FF,FF,FF,00,00,FF,FF,FF
1737621,141702,0xCF00400,1,8,FF,FF,FF,00,00,FF,FF,FF
1737622,141703,0xCFF6600,1,8,00,00,FF,FF,FF,FF,FF,FF
1737622,141704,0x10FF6500,1,8,FC,FF,FF,FF,FF,FF,FF,FF
1737623,141705,0x18F00500,1,8,FF,FF,FF,FF,20,2D,FF,FF
1737624,141706,0x18F00600,1,8,FF,FF,FF,FF,FF,FF,FF,FF
1737641,141707,0x18EEFF00,1,8,08,CF,60,06,00,00,00,00
1737642,141708,0x18F00600,1,8,FF,FF,FF,FF,FF,FF,FF,FF
1737642,141709,0x18FEF100,1,8,3F,00,00,FF,FF,FF,FF,FF
1737643,141710,0x18FEF200,1,8,00,00,00,FB,00,00,00,FF
1737644,141711,0x1CFDDF00,1,8,FE,FF,FF,FF,FF,FF,FF,FF
1737644,141712,0x1CFF6A00,1,8,FC,FF,FF,FF,FF,FF,FF,FF
1737659,141713,0xCF00400,1,8,FF,FF,FF,00,00,FF,FF,FF
1737660,141714,0xCFF6600,1,8,00,00,FF,FF,FF,FF,FF,FF
1737679,141715,0xCF00400,1,8,FF,FF,FF,00,00,FF,FF,FF
1737680,141716,0xCFF6600,1,8,00,00,FF,FF,FF,FF,FF,FF
1737699,141717,0xCF00400,1,8,FF,FF,FF,00,00,FF,FF,FF
1737700,141718,0xCFF6600,1,8,00,00,FF,FF,FF,FF,FF,FF
1737711,141719,0x18F00500,1,8,FF,FF,FF,FF,20,2D,FF,FF
1737711,141720,0x18FEF100,1,8,3F,00,00,FF,FF,FF,FF,FF
1737712,141721,0x18FEF200,1,8,00,00,00,FB,00,00,00,FF
1737720,141722,0xCF00400,1,8,FF,FF,FF,00,00,FF,FF,FF
1737720,141723,0xCFF6600,1,8,00,00,FF,FF,FF,FF,FF,FF
1737740,141724,0xCF00400,1,8,FF,FF,FF,00,00,FF,FF,FF
1737741,141725,0xCFF6600,1,8,00,00,FF,FF,FF,FF,FF,FF
1737760,141726,0xCF00400,1,8,FF,FF,FF,00,00,FF,FF,FF
1737761,141727,0xCFF6600,1,8,00,00,FF,FF,FF,FF,FF,FF
1737780,141728,0xCF00400,1,8,FF,FF,FF,00,00,FF,FF,FF
1737781,141729,0xCFF6600,1,8,00,00,FF,FF,FF,FF,FF,FF
1737800,141730,0xCF00400,1,8,FF,FF,FF,00,00,FF,FF,FF
1737821,141731,0xCF00400,1,8,FF,FF,FF,00,00,FF,FF,FF
1737822,141732,0xCFF6600,1,8,00,00,FF,FF,FF,FF,FF,FF
1737823,141733,0x10FF6500,1,8,FC,FF,FF,FF,FF,FF,FF,FF
1737824,141734,0x18F00500,1,8,FF,FF,FF,FF,20,2D,FF,FF
1737824,141735,0x18FEF100,1,8,3F,00,00,FF,FF,FF,FF,FF
1737825,141736,0x18FEF200,1,8,00,00,00,FB,00,00,00,FF
1737840,141737,0xCF00400,1,8,FF,FF,FF,00,00,FF,FF,FF
1737840,141738,0xCFF6600,1,8,00,00,FF,FF,FF,FF,FF,FF
1737860,141739,0xCF00400,1,8,FF,FF,FF,00,00,FF,FF,FF
1737861,141740,0xCFF6600,1,8,00,00,FF,FF,FF,FF,FF,FF
1737880,141741,0xCF00400,1,8,FF,FF,FF,00,00,FF,FF,FF
1737881,141742,0xCFF6600,1,8,00,00,FF,FF,FF,FF,FF,FF
1737900,141743,0xCF00400,1,8,FF,FF,FF,00,00,FF,FF,FF
1737901,141744,0xCFF6600,1,8,00,00,FF,FF,FF,FF,FF,FF
1737910,141745,0x18F00500,1,8,FF,FF,FF,FF,20,2D,FF,FF
1737911,141746,0x18FEF100,1,8,3F,00,00,FF,FF,FF,FF,FF
1737912,141747,0x18FEF200,1,8,00,00,00,FB,00,00,00,FF
1737920,141748,0xCF00400,1,8,FF,FF,FF,00,00,FF,FF,FF
1737920,141749,0xCFF6600,1,8,00,00,FF,FF,FF,FF,FF,FF
1737940,141750,0xCF00400,1,8,FF,FF,FF,00,00,FF,FF,FF
1737940,141751,0xCFF6600,1,8,00,00,FF,FF,FF,FF,FF,FF
1737960,141752,0xCF00400,1,8,FF,FF,FF,00,00,FF,FF,FF
1737960,141753,0xCFF6600,1,8,00,00,FF,FF,FF,FF,FF,FF
1737980,141754,0xCF00400,1,8,FF,FF,FF,00,00,FF,FF,FF
1738000,141755,0xCF00400,1,8,FF,FF,FF,00,00,FF,FF,FF
1738001,141756,0xCFF6600,1,8,00,00,FF,FF,FF,FF,FF,FF
1738011,141757,0x10FF6500,1,8,FC,FF,FF,FF,FF,FF,FF,FF
1738011,141758,0x18F00500,1,8,FF,FF,FF,FF,20,2D,FF,FF
1738012,141759,0x18FEF100,1,8,3F,00,00,FF,FF,FF,FF,FF
1738013,141760,0x18FEF200,1,8,00,00,00,FB,00,00,00,FF
1738020,141761,0xCF00400,1,8,FF,FF,FF,00,00,FF,FF,FF
1738020,141762,0xCFF6600,1,8,00,00,FF,FF,FF,FF,FF,FF
1738040,141763,0xCF00400,1,8,FF,FF,FF,00,00,FF,FF,FF
1738041,141764,0xCFF6600,1,8,00,00,FF,FF,FF,FF,FF,FF
1738060,141765,0xCF00400,1,8,FF,FF,FF,00,00,FF,FF,FF
1738061,141766,0xCFF6600,1,8,00,00,FF,FF,FF,FF,FF,FF
1738080,141767,0xCF00400,1,8,FF,FF,FF,00,00,FF,FF,FF
1738081,141768,0xCFF6600,1,8,00,00,FF,FF,FF,FF,FF,FF
1738099,141769,0xCF00400,1,8,FF,FF,FF,00,00,FF,FF,FF
1738100,141770,0xCFF6600,1,8,00,00,FF,FF,FF,FF,FF,FF
1738110,141771,0x18FEF100,1,8,3F,00,00,FF,FF,FF,FF,FF
1738111,141772,0x18F00500,1,8,FF,FF,FF,FF,20,2D,FF,FF
1738111,141773,0x18F00600,1,8,FF,FF,FF,FF,FF,FF,FF,FF
1738132,141774,0xCF00400,1,8,FF,FF,FF,00,00,FF,FF,FF
1738133,141775,0xCFF6600,1,8,00,00,FF,FF,FF,FF,FF,FF
1738134,141776,0x18FEF200,1,8,00,00,00,FB,00,00,00,FF
1738134,141777,0x1CFDDF00,1,8,FE,FF,FF,FF,FF,FF,FF,FF
1738135,141778,0x1CFF6A00,1,8,FC,FF,FF,FF,FF,FF,FF,FF
1738139,141779,0xCF00400,1,8,FF,FF,FF,00,00,FF,FF,FF
1738141,141780,0xCFF6600,1,8,00,00,FF,FF,FF,FF,FF,FF
1738160,141781,0xCF00400,1,8,FF,FF,FF,00,00,FF,FF,FF
1738160,141782,0xCFF6600,1,8,00,00,FF,FF,FF,FF,FF,FF
1738180,141783,0xCF00400,1,8,FF,FF,FF,00,00,FF,FF,FF
1738180,141784,0xCFF6600,1,8,00,00,FF,FF,FF,FF,FF,FF
1738200,141785,0xCF00400,1,8,FF,FF,FF,00,00,FF,FF,FF
1738200,141786,0xCFF6600,1,8,00,00,FF,FF,FF,FF,FF,FF
1738210,141787,0x10FF6500,1,8,FC,FF,FF,FF,FF,FF,FF,FF
1738211,141788,0x18F00500,1,8,FF,FF,FF,FF,20,2D,FF,FF
1738212,141789,0x18FEF100,1,8,3F,00,00,FF,FF,FF,FF,FF
1738212,141790,0x18FEF200,1,8,00,00,00,FB,00,00,00,FF
1738220,141791,0xCF00400,1,8,FF,FF,FF,00,00,FF,FF,FF
1738220,141792,0xCFF6600,1,8,00,00,FF,FF,FF,FF,FF,FF
1738239,141793,0xCF00400,1,8,FF,FF,FF,00,00,FF,FF,FF
1738240,141794,0xCFF6600,1,8,00,00,FF,FF,FF,FF,FF,FF
1738260,141795,0xCF00400,1,8,FF,FF,FF,00,00,FF,FF,FF
1738260,141796,0xCFF6600,1,8,00,00,FF,FF,FF,FF,FF,FF
1738270,141797,0x18FDE500,1,8,0A,14,1E,28,32,3C,46,13
1738270,141798,0x18FEEE00,1,8,63,FF,FF,FF,FF,FF,FF,FF
1738280,141799,0xCF00400,1,8,FF,FF,FF,00,00,FF,FF,FF
1738281,141800,0xCFF6600,1,8,00,00,FF,FF,FF,FF,FF,FF
1738291,141801,0x1CECFF00,1,8,20,0A,00,02,FF,CA,FE,00
1738300,141802,0xCF00400,1,8,FF,FF,FF,00,00,FF,FF,FF
1738301,141803,0xCFF6600,1,8,00,00,FF,FF,FF,FF,FF,FF
1738311,141804,0x18F00500,1,8,FF,FF,FF,FF,20,2D,FF,FF
1738311,141805,0x18FEF100,1,8,3F,00,00,FF,FF,FF,FF,FF
1738312,141806,0x18FEF200,1,8,00,00,00,FB,00,00,00,FF
1738320,141807,0xCF00400,1,8,FF,FF,FF,00,00,FF,FF,FF
1738321,141808,0xCFF6600,1,8,00,00,FF,FF,FF,FF,FF,FF
1738341,141809,0xCF00400,1,8,FF,FF,FF,00,00,FF,FF,FF
1738341,141810,0xCFF6600,1,8,00,00,FF,FF,FF,FF,FF,FF
1738342,141811,0x1CEBFF00,1,8,01,40,FF,0F,F0,E5,01,02
1738359,141812,0xCF00400,1,8,FF,FF,FF,00,00,FF,FF,FF
1738360,141813,0xCFF6600,1,8,00,00,FF,FF,FF,FF,FF,FF
1738380,141814,0xCF00400,1,8,FF,FF,FF,00,00,FF,FF,FF
1738380,141815,0xCFF6600,1,8,00,00,FF,FF,FF,FF,FF,FF
1738390,141816,0x1CEBFF00,1,8,02,F0,E3,01,FF,FF,FF,FF
1738400,141817,0xCF00400,1,8,FF,FF,FF,00,00,FF,FF,FF
1738421,141818,0xCF00400,1,8,FF,FF,FF,00,00,FF,FF,FF
1738421,141819,0xCFF6600,1,8,00,00,FF,FF,FF,FF,FF,FF
1738422,141820,0x10FF6500,1,8,FC,FF,FF,FF,FF,FF,FF,FF
1738423,141821,0x18F00500,1,8,FF,FF,FF,FF,20,2D,FF,FF
1738423,141822,0x18FEF100,1,8,3F,00,00,FF,FF,FF,FF,FF
1738424,141823,0x18FEF200,1,8,00,00,00,FB,00,00,00,FF
1738440,141824,0xCF00400,1,8,FF,FF,FF,00,00,FF,FF,FF
1738440,141825,0xCFF6600,1,8,00,00,FF,FF,FF,FF,FF,FF
1738460,141826,0xCF00400,1,8,FF,FF,FF,00,00,FF,FF,FF
1738460,141827,0xCFF6600,1,8,00,00,FF,FF,FF,FF,FF,FF
1738480,141828,0xCF00400,1,8,FF,FF,FF,00,00,FF,FF,FF
1738480,141829,0xCFF6600,1,8,00,00,FF,FF,FF,FF,FF,FF
1738500,141830,0xCF00400,1,8,FF,FF,FF,00,00,FF,FF,FF
1738500,141831,0xCFF6600,1,8,00,00,FF,FF,FF,FF,FF,FF
1738511,141832,0x18F00500,1,8,FF,FF,FF,FF,20,2D,FF,FF
1738511,141833,0x18FEF100,1,8,3F,00,00,FF,FF,FF,FF,FF
1738512,141834,0x18FEF200,1,8,00,00,00,FB,00,00,00,FF
1738520,141835,0xCF00400,1,8,FF,FF,FF,00,00,FF,FF,FF
1738520,141836,0xCFF6600,1,8,00,00,FF,FF,FF,FF,FF,FF
1738540,141837,0xCF00400,1,8,FF,FF,FF,00,00,FF,FF,FF
1738540,141838,0xCFF6600,1,8,00,00,FF,FF,FF,FF,FF,FF
1738560,141839,0xCF00400,1,8,FF,FF,FF,00,00,FF,FF,FF
1738561,141840,0xCFF6600,1,8,00,00,FF,FF,FF,FF,FF,FF
1738580,141841,0xCF00400,1,8,FF,FF,FF,00,00,FF,FF,FF
1738601,141842,0xCF00400,1,8,FF,FF,FF,00,00,FF,FF,FF
1738601,141843,0xCFF6600,1,8,00,00,FF,FF,FF,FF,FF,FF
1738610,141844,0x18F00500,1,8,FF,FF,FF,FF,20,2D,FF,FF
1738612,141845,0x10FF6500,1,8,FC,FF,FF,FF,FF,FF,FF,FF
1738612,141846,0x18F00600,1,8,FF,FF,FF,FF,FF,FF,FF,FF
1738613,141847,0x18FEF100,1,8,3F,00,00,FF,FF,FF,FF,FF
1738614,141848,0x18FEF200,1,8,00,00,00,FB,00,00,00,FF
1738614,141849,0x1CFDDF00,1,8,FE,FF,FF,FF,FF,FF,FF,FF
1738615,141850,0x1CFF6A00,1,8,FC,FF,FF,FF,FF,FF,FF,FF
1738619,141851,0xCF00400,1,8,FF,FF,FF,00,00,FF,FF,FF
1738620,141852,0xCFF6600,1,8,00,00,FF,FF,FF,FF,FF,FF
1738639,141853,0xCF00400,1,8,FF,FF,FF,00,00,FF,FF,FF
1738640,141854,0xCFF6600,1,8,00,00,FF,FF,FF,FF,FF,FF
1738660,141855,0xCF00400,1,8,FF,FF,FF,00,00,FF,FF,FF
1738660,141856,0xCFF6600,1,8,00,00,FF,FF,FF,FF,FF,FF
1738680,141857,0xCF00400,1,8,FF,FF,FF,00,00,FF,FF,FF
1738680,141858,0xCFF6600,1,8,00,00,FF,FF,FF,FF,FF,FF
1738700,141859,0xCF00400,1,8,FF,FF,FF,00,00,FF,FF,FF
1738720,141860,0xCF00400,1,8,FF,FF,FF,00,00,FF,FF,FF
1738721,141861,0xCFF6600,1,8,00,00,FF,FF,FF,FF,FF,FF
1738722,141862,0x18F00500,1,8,FF,FF,FF,FF,20,2D,FF,FF
1738722,141863,0x18FEF100,1,8,3F,00,00,FF,FF,FF,FF,FF
1738723,141864,0x18FEF200,1,8,00,00,00,FB,00,00,00,FF
1738740,141865,0xCF00400,1,8,FF,FF,FF,00,00,FF,FF,FF
1738741,141866,0xCFF6600,1,8,00,00,FF,FF,FF,FF,FF,FF
1738760,141867,0xCF00400,1,8,FF,FF,FF,00,00,FF,FF,FF
1738761,141868,0xCFF6600,1,8,00,00,FF,FF,FF,FF,FF,FF
1738780,141869,0xCF00400,1,8,FF,FF,FF,00,00,FF,FF,FF
1738781,141870,0xCFF6600,1,8,00,00,FF,FF,FF,FF,FF,FF
1738800,141871,0xCF00400,1,8,FF,FF,FF,00,00,FF,FF,FF
1738800,141872,0xCFF6600,1,8,00,00,FF,FF,FF,FF,FF,FF
1738810,141873,0x10FF6500,1,8,FC,FF,FF,FF,FF,FF,FF,FF
1738811,141874,0x18F00500,1,8,FF,FF,FF,FF,20,2D,FF,FF
1738812,141875,0x18FEF100,1,8,3F,00,00,FF,FF,FF,FF,FF
1738812,141876,0x18FEF200,1,8,00,00,00,FB,00,00,00,FF
1738820,141877,0xCF00400,1,8,FF,FF,FF,00,00,FF,FF,FF
1738820,141878,0xCFF6600,1,8,00,00,FF,FF,FF,FF,FF,FF
1738840,141879,0xCF00400,1,8,FF,FF,FF,00,00,FF,FF,FF
1738860,141880,0xCF00400,1,8,FF,FF,FF,00,00,FF,FF,FF
1738861,141881,0xCFF6600,1,8,00,00,FF,FF,FF,FF,FF,FF
1738880,141882,0xCF00400,1,8,FF,FF,FF,00,00,FF,FF,FF
1738881,141883,0xCFF6600,1,8,00,00,FF,FF,FF,FF,FF,FF
1738900,141884,0xCF00400,1,8,FF,FF,FF,00,00,FF,FF,FF
1738901,141885,0xCFF6600,1,8,00,00,FF,FF,FF,FF,FF,FF
1738910,141886,0x18FEF100,1,8,3F,00,00,FF,FF,FF,FF,FF
1738912,141887,0x18F00500,1,8,FF,FF,FF,FF,20,2D,FF,FF
1738913,141888,0x18FEF200,1,8,00,00,00,FB,00,00,00,FF
1738920,141889,0xCF00400,1,8,FF,FF,FF,00,00,FF,FF,FF
1738920,141890,0xCFF6600,1,8,00,00,FF,FF,FF,FF,FF,FF
1738940,141891,0xCF00400,1,8,FF,FF,FF,00,00,FF,FF,FF
1738940,141892,0xCFF6600,1,8,00,00,FF,FF,FF,FF,FF,FF
1738960,141893,0xCF00400,1,8,FF,FF,FF,00,00,FF,FF,FF
1738961,141894,0xCFF6600,1,8,00,00,FF,FF,FF,FF,FF,FF
1738980,141895,0xCF00400,1,8,FF,FF,FF,00,00,FF,FF,FF
1738981,141896,0xCFF6600,1,8,00,00,FF,FF,FF,FF,FF,FF
1739000,141897,0xCF00400,1,8,FF,FF,FF,00,00,FF,FF,FF
1739001,141898,0xCFF6600,1,8,00,00,FF,FF,FF,FF,FF,FF
1739010,141899,0x10FF6500,1,8,FC,FF,FF,FF,FF,FF,FF,FF
1739011,141900,0x18F00500,1,8,FF,FF,FF,FF,20,2D,FF,FF
1739012,141901,0x18FEF100,1,8,3F,00,00,FF,FF,FF,FF,FF
1739012,141902,0x18FEF200,1,8,00,00,00,FB,00,00,00,FF
1739020,141903,0xCF00400,1,8,FF,FF,FF,00,00,FF,FF,FF
1739020,141904,0xCFF6600,1,8,00,00,FF,FF,FF,FF,FF,FF
1739040,141905,0xCF00400,1,8,FF,FF,FF,00,00,FF,FF,FF
1739060,141906,0xCF00400,1,8,FF,FF,FF,00,00,FF,FF,FF
1739061,141907,0xCFF6600,1,8,00,00,FF,FF,FF,FF,FF,FF
1739079,141908,0xCF00400,1,8,FF,FF,FF,00,00,FF,FF,FF
1739080,141909,0xCFF6600,1,8,00,00,FF,FF,FF,FF,FF,FF
1739100,141910,0xCF00400,1,8,FF,FF,FF,00,00,FF,FF,FF
1739100,141911,0xCFF6600,1,8,00,00,FF,FF,FF,FF,FF,FF
1739110,141912,0x18FEF100,1,8,3F,00,00,FF,FF,FF,FF,FF
1739111,141913,0x18F00500,1,8,FF,FF,FF,FF,20,2D,FF,FF
1739112,141914,0x18F00600,1,8,FF,FF,FF,FF,FF,FF,FF,FF
1739112,141915,0x18FEF200,1,8,00,00,00,FB,00,00,00,FF
1739113,141916,0x1CFDDF00,1,8,FE,FF,FF,FF,FF,FF,FF,FF
1739114,141917,0x1CFF6A00,1,8,FC,FF,FF,FF,FF,FF,FF,FF
1739115,141918,0x1CFF6A00,1,8,FC,FF,FF,FF,FF,FF,FF,FF
1739120,141919,0xCF00400,1,8,FF,FF,FF,00,00,FF,FF,FF
1739121,141920,0xCFF6600,1,8,00,00,FF,FF,FF,FF,FF,FF
1739140,141921,0xCF00400,1,8,FF,FF,FF,00,00,FF,FF,FF
1739141,141922,0xCFF6600,1,8,00,00,FF,FF,FF,FF,FF,FF
1739160,141923,0xCF00400,1,8,FF,FF,FF,00,00,FF,FF,FF
1739161,141924,0xCFF6600,1,8,00,00,FF,FF,FF,FF,FF,FF
1739179,141925,0xCF00400,1,8,FF,FF,FF,00,00,FF,FF,FF
1739180,141926,0xCFF6600,1,8,00,00,FF,FF,FF,FF,FF,FF
1739201,141927,0xCF00400,1,8,FF,FF,FF,00,00,FF,FF,FF
1739202,141928,0xCFF6600,1,8,00,00,FF,FF,FF,FF,FF,FF
1739210,141929,0x10FF6500,1,8,FC,FF,FF,FF,FF,FF,FF,FF
1739211,141930,0x18F00500,1,8,FF,FF,FF,FF,20,2D,FF,FF
1739212,141931,0x18FEF100,1,8,3F,00,00,FF,FF,FF,FF,FF
1739212,141932,0x18FEF200,1,8,00,00,00,FB,00,00,00,FF
1739220,141933,0xCF00400,1,8,FF,FF,FF,00,00,FF,FF,FF
1739220,141934,0xCFF6600,1,8,00,00,FF,FF,FF,FF,FF,FF
1739240,141935,0xCF00400,1,8,FF,FF,FF,00,00,FF,FF,FF
1739240,141936,0xCFF6600,1,8,00,00,FF,FF,FF,FF,FF,FF
1739260,141937,0xCF00400,1,8,FF,FF,FF,00,00,FF,FF,FF
1739261,141938,0xCFF6600,1,8,00,00,FF,FF,FF,FF,FF,FF
1739269,141939,0x18FDE500,1,8,0A,14,1E,28,32,3C,46,13
1739271,141940,0x18FEEE00,1,8,63,FF,FF,FF,FF,FF,FF,FF
1739280,141941,0xCF00400,1,8,FF,FF,FF,00,00,FF,FF,FF
1739280,141942,0xCFF6600,1,8,00,00,FF,FF,FF,FF,FF,FF
1739290,141943,0x1CECFF00,1,8,20,0A,00,02,FF,CA,FE,00
1739299,141944,0xCF00400,1,8,FF,FF,FF,00,00,FF,FF,FF
1739300,141945,0xCFF6600,1,8,00,00,FF,FF,FF,FF,FF,FF
1739310,141946,0x18FEF100,1,8,3F,00,00,FF,FF,FF,FF,FF
1739311,141947,0x18F00500,1,8,FF,FF,FF,FF,20,2D,FF,FF
1739312,141948,0x18FEF200,1,8,00,00,00,FB,00,00,00,FF
1739320,141949,0xCF00400,1,8,FF,FF,FF,00,00,FF,FF,FF
1739321,141950,0xCFF6600,1,8,00,00,FF,FF,FF,FF,FF,FF
1739339,141951,0xCF00400,1,8,FF,FF,FF,00,00,FF,FF,FF
1739340,141952,0xCFF6600,1,8,00,00,FF,FF,FF,FF,FF,FF
1739341,141953,0x1CEBFF00,1,8,01,40,FF,0F,F0,E5,01,02
1739361,141954,0xCF00400,1,8,FF,FF,FF,00,00,FF,FF,FF
1739361,141955,0xCFF6600,1,8,00,00,FF,FF,FF,FF,FF,FF
1739380,141956,0xCF00400,1,8,FF,FF,FF,00,00,FF,FF,FF
1739380,141957,0xCFF6600,1,8,00,00,FF,FF,FF,FF,FF,FF
1739389,141958,0x1CEBFF00,1,8,02,F0,E3,01,FF,FF,FF,FF
1739399,141959,0xCF00400,1,8,FF,FF,FF,00,00,FF,FF,FF
1739401,141960,0xCFF6600,1,8,00,00,FF,FF,FF,FF,FF,FF
1739410,141961,0x18FEF100,1,8,3F,00,00,FF,FF,FF,FF,FF
1739411,141962,0x10FF6500,1,8,FC,FF,FF,FF,FF,FF,FF,FF
1739411,141963,0x18F00500,1,8,FF,FF,FF,FF,20,2D,FF,FF
1739412,141964,0x18FEF200,1,8,00,00,00,FB,00,00,00,FF
1739420,141965,0xCF00400,1,8,FF,FF,FF,00,00,FF,FF,FF
1739421,141966,0xCFF6600,1,8,00,00,FF,FF,FF,FF,FF,FF
1739440,141967,0xCF00400,1,8,FF,FF,FF,00,00,FF,FF,FF
1739460,141968,0xCF00400,1,8,FF,FF,FF,00,00,FF,FF,FF
1739461,141969,0xCFF6600,1,8,00,00,FF,FF,FF,FF,FF,FF
1739493,141970,0xCF00400,1,8,FF,FF,FF,00,00,FF,FF,FF
1739493,141971,0xCFF6600,1,8,00,00,FF,FF,FF,FF,FF,FF
1739499,141972,0x18EEFF00,1,8,08,CF,60,06,00,00,00,00
1739499,141973,0xCF00400,1,8,FF,FF,FF,00,00,FF,FF,FF
1739500,141974,0xCFF6600,1,8,00,00,FF,FF,FF,FF,FF,FF
1739510,141975,0x18FEF100,1,8,3F,00,00,FF,FF,FF,FF,FF
1739511,141976,0x18F00500,1,8,FF,FF,FF,FF,20,2D,FF,FF
1739511,141977,0x18FEF200,1,8,00,00,00,FB,00,00,00,FF
1739519,141978,0xCF00400,1,8,FF,FF,FF,00,00,FF,FF,FF
1739520,141979,0xCFF6600,1,8,00,00,FF,FF,FF,FF,FF,FF
1739539,141980,0xCF00400,1,8,FF,FF,FF,00,00,FF,FF,FF
1739540,141981,0xCFF6600,1,8,00,00,FF,FF,FF,FF,FF,FF
1739560,141982,0xCF00400,1,8,FF,FF,FF,00,00,FF,FF,FF
1739560,141983,0xCFF6600,1,8,00,00,FF,FF,FF,FF,FF,FF
1739580,141984,0xCF00400,1,8,FF,FF,FF,00,00,FF,FF,FF
1739580,141985,0xCFF6600,1,8,00,00,FF,FF,FF,FF,FF,FF
1739600,141986,0xCF00400,1,8,FF,FF,FF,00,00,FF,FF,FF
1739601,141987,0xCFF6600,1,8,00,00,FF,FF,FF,FF,FF,FF
1739610,141988,0x18FEF100,1,8,3F,00,00,FF,FF,FF,FF,FF
1739611,141989,0x10FF6500,1,8,FC,FF,FF,FF,FF,FF,FF,FF
1739611,141990,0x18F00500,1,8,FF,FF,FF,FF,20,2D,FF,FF
1739612,141991,0x18F00600,1,8,FF,FF,FF,FF,FF,FF,FF,FF
1739613,141992,0x18FEF200,1,8,00,00,00,FB,00,00,00,FF
1739613,141993,0x1CFDDF00,1,8,FE,FF,FF,FF,FF,FF,FF,FF
1739614,141994,0x1CFF6A00,1,8,FC,FF,FF,FF,FF,FF,FF,FF
1739619,141995,0xCF00400,1,8,FF,FF,FF,00,00,FF,FF,FF
1739620,141996,0xCFF6600,1,8,00,00,FF,FF,FF,FF,FF,FF
1739639,141997,0xCF00400,1,8,FF,FF,FF,00,00,FF,FF,FF
1739640,141998,0xCFF6600,1,8,00,00,FF,FF,FF,FF,FF,FF
1739660,141999,0xCF00400,1,8,FF,FF,FF,00,00,FF,FF,FF
1739681,142000,0xCF00400,1,8,FF,FF,FF,00,00,FF,FF,FF
1739681,142001,0xCFF6600,1,8,00,00,FF,FF,FF,FF,FF,FF
1739700,142002,0xCF00400,1,8,FF,FF,FF,00,00,FF,FF,FF
1739701,142003,0xCFF6600,1,8,00,00,FF,FF,FF,FF,FF,FF
1739711,142004,0x18F00500,1,8,FF,FF,FF,FF,20,2D,FF,FF
1739711,142005,0x18FEF100,1,8,3F,00,00,FF,FF,FF,FF,FF
1739712,142006,0x18FEF200,1,8,00,00,00,FB,00,00,00,FF
1739720,142007,0xCF00400,1,8,FF,FF,FF,00,00,FF,FF,FF
1739720,142008,0xCFF6600,1,8,00,00,FF,FF,FF,FF,FF,FF
1739740,142009,0xCF00400,1,8,FF,FF,FF,00,00,FF,FF,FF
1739740,142010,0xCFF6600,1,8,00,00,FF,FF,FF,FF,FF,FF
1739760,142011,0xCF00400,1,8,FF,FF,FF,00,00,FF,FF,FF
1739761,142012,0xCFF6600,1,8,00,00,FF,FF,FF,FF,FF,FF
1739780,142013,0xCF00400,1,8,FF,FF,FF,00,00,FF,FF,FF
1739780,142014,0xCFF6600,1,8,00,00,FF,FF,FF,FF,FF,FF
1739800,142015,0xCF00400,1,8,FF,FF,FF,00,00,FF,FF,FF
1739800,142016,0xCFF6600,1,8,00,00,FF,FF,FF,FF,FF,FF
1739810,142017,0x18FEF100,1,8,3F,00,00,FF,FF,FF,FF,FF
1739831,142018,0xCF00400,1,8,FF,FF,FF,00,00,FF,FF,FF
1739832,142019,0xCFF6600,1,8,00,00,FF,FF,FF,FF,FF,FF
1739833,142020,0x10FF6500,1,8,FC,FF,FF,FF,FF,FF,FF,FF
1739833,142021,0x18F00500,1,8,FF,FF,FF,FF,20,2D,FF,FF
1739834,142022,0x18FEF200,1,8,00,00,00,FB,00,00,00,FF
1739840,142023,0xCF00400,1,8,FF,FF,FF,00,00,FF,FF,FF
1739840,142024,0xCFF6600,1,8,00,00,FF,FF,FF,FF,FF,FF
1739859,142025,0xCF00400,1,8,FF,FF,FF,00,00,FF,FF,FF
1739860,142026,0xCFF6600,1,8,00,00,FF,FF,FF,FF,FF,FF
1739879,142027,0xCF00400,1,8,FF,FF,FF,00,00,FF,FF,FF
1739880,142028,0xCFF6600,1,8,00,00,FF,FF,FF,FF,FF,FF
1739900,142029,0xCF00400,1,8,FF,FF,FF,00,00,FF,FF,FF
1739900,142030,0xCFF6600,1,8,00,00,FF,FF,FF,FF,FF,FF
1739910,142031,0x18FEF100,1,8,3F,00,00,FF,FF,FF,FF,FF
1739911,142032,0x18F00500,1,8,FF,FF,FF,FF,20,2D,FF,FF
1739912,142033,0x18FEF200,1,8,00,00,00,FB,00,00,00,FF
1739920,142034,0xCF00400,1,8,FF,FF,FF,00,00,FF,FF,FF
1739920,142035,0xCFF6600,1,8,00,00,FF,FF,FF,FF,FF,FF
1739940,142036,0xCF00400,1,8,FF,FF,FF,00,00,FF,FF,FF
1739941,142037,0xCFF6600,1,8,00,00,FF,FF,FF,FF,FF,FF
1739960,142038,0xCF00400,1,8,FF,FF,FF,00,00,FF,FF,FF
1739960,142039,0xCFF6600,1,8,00,00,FF,FF,FF,FF,FF,FF
1739980,142040,0xCF00400,1,8,FF,FF,FF,00,00,FF,FF,FF
1739980,142041,0xCFF6600,1,8,00,00,FF,FF,FF,FF,FF,FF
1740001,142042,0xCF00400,1,8,FF,FF,FF,00,00,FF,FF,FF
1740001,142043,0xCFF6600,1,8,00,00,FF,FF,FF,FF,FF,FF
1740011,142044,0x10FF6500,1,8,FC,FF,FF,FF,FF,FF,FF,FF
1740011,142045,0x18F00500,1,8,FF,FF,FF,FF,20,2D,FF,FF
1740012,142046,0x18FEF100,1,8,3F,00,00,FF,FF,FF,FF,FF
1740012,142047,0x18FEF200,1,8,00,00,00,FB,00,00,00,FF
1740019,142048,0xCF00400,1,8,FF,FF,FF,00,00,FF,FF,FF
1740020,142049,0xCFF6600,1,8,00,00,FF,FF,FF,FF,FF,FF
1740040,142050,0xCF00400,1,8,FF,FF,FF,00,00,FF,FF,FF
1740041,142051,0xCFF6600,1,8,00,00,FF,FF,FF,FF,FF,FF
1740060,142052,0xCF00400,1,8,FF,FF,FF,00,00,FF,FF,FF
1740061,142053,0xCFF6600,1,8,00,00,FF,FF,FF,FF,FF,FF
1740080,142054,0xCF00400,1,8,FF,FF,FF,00,00,FF,FF,FF
1740080,142055,0xCFF6600,1,8,00,00,FF,FF,FF,FF,FF,FF
1740100,142056,0xCF00400,1,8,FF,FF,FF,00,00,FF,FF,FF
1740101,142057,0xCFF6600,1,8,00,00,FF,FF,FF,FF,FF,FF
1740110,142058,0x18F00500,1,8,FF,FF,FF,FF,20,2D,FF,FF
1740132,142059,0xCF00400,1,8,FF,FF,FF,00,00,FF,FF,FF
1740132,142060,0xCFF6600,1,8,00,00,FF,FF,FF,FF,FF,FF
1740133,142061,0x18F00600,1,8,FF,FF,FF,FF,FF,FF,FF,FF
1740134,142062,0x18FEF100,1,8,3F,00,00,FF,FF,FF,FF,FF
1740135,142063,0x18FEF200,1,8,00,00,00,FB,00,00,00,FF
1740135,142064,0x1CFDDF00,1,8,FE,FF,FF,FF,FF,FF,FF,FF
1740136,142065,0x1CFF6A00,1,8,FC,FF,FF,FF,FF,FF,FF,FF
1740137,142066,0x1CFF6A00,1,8,FC,FF,FF,FF,FF,FF,FF,FF
1740140,142067,0xCF00400,1,8,FF,FF,FF,00,00,FF,FF,FF
1740140,142068,0xCFF6600,1,8,00,00,FF,FF,FF,FF,FF,FF
1740160,142069,0xCF00400,1,8,FF,FF,FF,00,00,FF,FF,FF
1740160,142070,0xCFF6600,1,8,00,00,FF,FF,FF,FF,FF,FF
1740180,142071,0xCF00400,1,8,FF,FF,FF,00,00,FF,FF,FF
1740181,142072,0xCFF6600,1,8,00,00,FF,FF,FF,FF,FF,FF
1740200,142073,0xCF00400,1,8,FF,FF,FF,00,00,FF,FF,FF
1740200,142074,0xCFF6600,1,8,00,00,FF,FF,FF,FF,FF,FF
1740210,142075,0x10FF6500,1,8,FC,FF,FF,FF,FF,FF,FF,FF
1740211,142076,0x18F00500,1,8,FF,FF,FF,FF,20,2D,FF,FF
1740212,142077,0x18FEF100,1,8,3F,00,00,FF,FF,FF,FF,FF
1740212,142078,0x18FEF200,1,8,00,00,00,FB,00,00,00,FF
1740219,142079,0xCF00400,1,8,FF,FF,FF,00,00,FF,FF,FF
1740220,142080,0xCFF6600,1,8,00,00,FF,FF,FF,FF,FF,FF
1740240,142081,0xCF00400,1,8,FF,FF,FF,00,00,FF,FF,FF
1740240,142082,0xCFF6600,1,8,00,00,FF,FF,FF,FF,FF,FF
1740260,142083,0xCF00400,1,8,FF,FF,FF,00,00,FF,FF,FF
1740261,142084,0xCFF6600,1,8,00,00,FF,FF,FF,FF,FF,FF
1740271,142085,0x18FDE500,1,8,0A,14,1E,28,32,3C,46,13
1740272,142086,0x18FEEE00,1,8,63,FF,FF,FF,FF,FF,FF,FF
1740280,142087,0xCF00400,1,8,FF,FF,FF,00,00,FF,FF,FF
1740280,142088,0xCFF6600,1,8,00,00,FF,FF,FF,FF,FF,FF
1740290,142089,0x1CECFF00,1,8,20,0A,00,02,FF,CA,FE,00
1740300,142090,0xCF00400,1,8,FF,FF,FF,00,00,FF,FF,FF
1740300,142091,0xCFF6600,1,8,00,00,FF,FF,FF,FF,FF,FF
1740331,142092,0xCF00400,1,8,FF,FF,FF,00,00,FF,FF,FF
1740331,142093,0xCFF6600,1,8,00,00,FF,FF,FF,FF,FF,FF
1740332,142094,0x18F00500,1,8,FF,FF,FF,FF,20,2D,FF,FF
1740332,142095,0x18FEF100,1,8,3F,00,00,FF,FF,FF,FF,FF
1740333,142096,0x18FEF200,1,8,00,00,00,FB,00,00,00,FF
1740340,142097,0xCF00400,1,8,FF,FF,FF,00,00,FF,FF,FF
1740340,142098,0xCFF6600,1,8,00,00,FF,FF,FF,FF,FF,FF
1740341,142099,0x1CEBFF00,1,8,01,40,FF,0F,F0,E5,01,02
1740360,142100,0xCF00400,1,8,FF,FF,FF,00,00,FF,FF,FF
1740361,142101,0xCFF6600,1,8,00,00,FF,FF,FF,FF,FF,FF
1740380,142102,0xCF00400,1,8,FF,FF,FF,00,00,FF,FF,FF
1740380,142103,0xCFF6600,1,8,00,00,FF,FF,FF,FF,FF,FF
1740390,142104,0x1CEBFF00,1,8,02,F0,E3,01,FF,FF,FF,FF
1740400,142105,0xCF00400,1,8,FF,FF,FF,00,00,FF,FF,FF
1740400,142106,0xCFF6600,1,8,00,00,FF,FF,FF,FF,FF,FF
1740410,142107,0x18FEF100,1,8,3F,00,00,FF,FF,FF,FF,FF
1740411,142108,0x10FF6500,1,8,FC,FF,FF,FF,FF,FF,FF,FF
1740411,142109,0x18F00500,1,8,FF,FF,FF,FF,20,2D,FF,FF
1740412,142110,0x18FEF200,1,8,00,00,00,FB,00,00,00,FF
1740419,142111,0xCF00400,1,8,FF,FF,FF,00,00,FF,FF,FF
1740421,142112,0xCFF6600,1,8,00,00,FF,FF,FF,FF,FF,FF
1740439,142113,0xCF00400,1,8,FF,FF,FF,00,00,FF,FF,FF
1740460,142114,0xCF00400,1,8,FF,FF,FF,00,00,FF,FF,FF
1740461,142115,0xCFF6600,1,8,00,00,FF,FF,FF,FF,FF,FF
1740479,142116,0xCF00400,1,8,FF,FF,FF,00,00,FF,FF,FF
1740480,142117,0xCFF6600,1,8,00,00,FF,FF,FF,FF,FF,FF
1740499,142118,0xCF00400,1,8,FF,FF,FF,00,00,FF,FF,FF
1740500,142119,0xCFF6600,1,8,00,00,FF,FF,FF,FF,FF,FF
1740510,142120,0x18FEF100,1,8,3F,00,00,FF,FF,FF,FF,FF
1740511,142121,0x18F00500,1,8,FF,FF,FF,FF,20,2D,FF,FF
1740511,142122,0x18FEF200,1,8,00,00,00,FB,00,00,00,FF
1740520,142123,0xCF00400,1,8,FF,FF,FF,00,00,FF,FF,FF
1740521,142124,0xCFF6600,1,8,00,00,FF,FF,FF,FF,FF,FF
1740540,142125,0xCF00400,1,8,FF,FF,FF,00,00,FF,FF,FF
1740540,142126,0xCFF6600,1,8,00,00,FF,FF,FF,FF,FF,FF
1740560,142127,0xCF00400,1,8,FF,FF,FF,00,00,FF,FF,FF
1740560,142128,0xCFF6600,1,8,00,00,FF,FF,FF,FF,FF,FF
1740580,142129,0xCF00400,1,8,FF,FF,FF,00,00,FF,FF,FF
1740581,142130,0xCFF6600,1,8,00,00,FF,FF,FF,FF,FF,FF
1740600,142131,0xCF00400,1,8,FF,FF,FF,00,00,FF,FF,FF
1740600,142132,0xCFF6600,1,8,00,00,FF,FF,FF,FF,FF,FF
1740612,142133,0x10FF6500,1,8,FC,FF,FF,FF,FF,FF,FF,FF
1740613,142134,0x18F00500,1,8,FF,FF,FF,FF,20,2D,FF,FF
1740614,142135,0x18F00600,1,8,FF,FF,FF,FF,FF,FF,FF,FF
1740615,142136,0x18FEF100,1,8,3F,00,00,FF,FF,FF,FF,FF
1740615,142137,0x18FEF200,1,8,00,00,00,FB,00,00,00,FF
1740616,142138,0x1CFDDF00,1,8,FE,FF,FF,FF,FF,FF,FF,FF
1740616,142139,0x1CFF6A00,1,8,FC,FF,FF,FF,FF,FF,FF,FF
1740622,142140,0xCF00400,1,8,FF,FF,FF,00,00,FF,FF,FF
1740623,142141,0xCFF6600,1,8,00,00,FF,FF,FF,FF,FF,FF
1740640,142142,0xCF00400,1,8,FF,FF,FF,00,00,FF,FF,FF
1740640,142143,0xCFF6600,1,8,00,00,FF,FF,FF,FF,FF,FF
1740659,142144,0xCF00400,1,8,FF,FF,FF,00,00,FF,FF,FF
1740660,142145,0xCFF6600,1,8,00,00,FF,FF,FF,FF,FF,FF
1740680,142146,0xCF00400,1,8,FF,FF,FF,00,00,FF,FF,FF
1740680,142147,0xCFF6600,1,8,00,00,FF,FF,FF,FF,FF,FF
1740700,142148,0xCF00400,1,8,FF,FF,FF,00,00,FF,FF,FF
1740720,142149,0xCF00400,1,8,FF,FF,FF,00,00,FF,FF,FF
1740721,142150,0xCFF6600,1,8,00,00,FF,FF,FF,FF,FF,FF
1740721,142151,0x18F00500,1,8,FF,FF,FF,FF,20,2D,FF,FF
1740722,142152,0x18FEF100,1,8,3F,00,00,FF,FF,FF,FF,FF
1740723,142153,0x18FEF200,1,8,00,00,00,FB,00,00,00,FF
1740739,142154,0xCF00400,1,8,FF,FF,FF,00,00,FF,FF,FF
1740740,142155,0xCFF6600,1,8,00,00,FF,FF,FF,FF,FF,FF
1740759,142156,0xCF00400,1,8,FF,FF,FF,00,00,FF,FF,FF
1740760,142157,0xCFF6600,1,8,00,00,FF,FF,FF,FF,FF,FF
1740779,142158,0xCF00400,1,8,FF,FF,FF,00,00,FF,FF,FF
1740780,142159,0xCFF6600,1,8,00,00,FF,FF,FF,FF,FF,FF
1740800,142160,0xCF00400,1,8,FF,FF,FF,00,00,FF,FF,FF
1740800,142161,0xCFF6600,1,8,00,00,FF,FF,FF,FF,FF,FF
1740810,142162,0x18FEF100,1,8,3F,00,00,FF,FF,FF,FF,FF
1740811,142163,0x10FF6500,1,8,FC,FF,FF,FF,FF,FF,FF,FF
1740811,142164,0x18F00500,1,8,FF,FF,FF,FF,20,2D,FF,FF
1740812,142165,0x18FEF200,1,8,00,00,00,FB,00,00,00,FF
1740820,142166,0xCF00400,1,8,FF,FF,FF,00,00,FF,FF,FF
1740821,142167,0xCFF6600,1,8,00,00,FF,FF,FF,FF,FF,FF
1740840,142168,0xCF00400,1,8,FF,FF,FF,00,00,FF,FF,FF
1740840,142169,0xCFF6600,1,8,00,00,FF,FF,FF,FF,FF,FF
1740860,142170,0xCF00400,1,8,FF,FF,FF,00,00,FF,FF,FF
1740860,142171,0xCFF6600,1,8,00,00,FF,FF,FF,FF,FF,FF
1740893,142172,0xCF00400,1,8,FF,FF,FF,00,00,FF,FF,FF
1740893,142173,0xCFF6600,1,8,00,00,FF,FF,FF,FF,FF,FF
1740899,142174,0x18EEFF00,1,8,08,CF,60,06,00,00,00,00
1740899,142175,0xCF00400,1,8,FF,FF,FF,00,00,FF,FF,FF
1740900,142176,0xCFF6600,1,8,00,00,FF,FF,FF,FF,FF,FF
1740911,142177,0x18F00500,1,8,FF,FF,FF,FF,20,2D,FF,FF
1740911,142178,0x18FEF100,1,8,3F,00,00,FF,FF,FF,FF,FF
1740912,142179,0x18FEF200,1,8,00,00,00,FB,00,00,00,FF
1740919,142180,0xCF00400,1,8,FF,FF,FF,00,00,FF,FF,FF
1740920,142181,0xCFF6600,1,8,00,00,FF,FF,FF,FF,FF,FF
1740939,142182,0xCF00400,1,8,FF,FF,FF,00,00,FF,FF,FF
1740940,142183,0xCFF6600,1,8,00,00,FF,FF,FF,FF,FF,FF
1740959,142184,0xCF00400,1,8,FF,FF,FF,00,00,FF,FF,FF
1740980,142185,0xCF00400,1,8,FF,FF,FF,00,00,FF,FF,FF
1740981,142186,0xCFF6600,1,8,00,00,FF,FF,FF,FF,FF,FF
1740999,142187,0xCF00400,1,8,FF,FF,FF,00,00,FF,FF,FF
1741000,142188,0xCFF6600,1,8,00,00,FF,FF,FF,FF,FF,FF
1741010,142189,0x18FEF100,1,8,3F,00,00,FF,FF,FF,FF,FF
1741011,142190,0x10FF6500,1,8,FC,FF,FF,FF,FF,FF,FF,FF
1741011,142191,0x18F00500,1,8,FF,FF,FF,FF,20,2D,FF,FF
1741012,142192,0x18FEF200,1,8,00,00,00,FB,00,00,00,FF
1741019,142193,0xCF00400,1,8,FF,FF,FF,00,00,FF,FF,FF
1741020,142194,0xCFF6600,1,8,00,00,FF,FF,FF,FF,FF,FF
1741039,142195,0xCF00400,1,8,FF,FF,FF,00,00,FF,FF,FF
1741040,142196,0xCFF6600,1,8,00,00,FF,FF,FF,FF,FF,FF
1741059,142197,0xCF00400,1,8,FF,FF,FF,00,00,FF,FF,FF
1741060,142198,0xCFF6600,1,8,00,00,FF,FF,FF,FF,FF,FF
1741079,142199,0xCF00400,1,8,FF,FF,FF,00,00,FF,FF,FF
1741080,142200,0xCFF6600,1,8,00,00,FF,FF,FF,FF,FF,FF
1741100,142201,0xCF00400,1,8,FF,FF,FF,00,00,FF,FF,FF
1741100,142202,0xCFF6600,1,8,00,00,FF,FF,FF,FF,FF,FF
1741110,142203,0x18FEF100,1,8,3F,00,00,FF,FF,FF,FF,FF
1741111,142204,0x18F00500,1,8,FF,FF,FF,FF,20,2D,FF,FF
1741112,142205,0x18F00600,1,8,FF,FF,FF,FF,FF,FF,FF,FF
1741112,142206,0x18FEF200,1,8,00,00,00,FB,00,00,00,FF
1741113,142207,0x1CFDDF00,1,8,FE,FF,FF,FF,FF,FF,FF,FF
1741114,142208,0x1CFF6A00,1,8,FC,FF,FF,FF,FF,FF,FF,FF
1741119,142209,0xCF00400,1,8,FF,FF,FF,00,00,FF,FF,FF
1741121,142210,0xCFF6600,1,8,00,00,FF,FF,FF,FF,FF,FF
1741140,142211,0xCF00400,1,8,FF,FF,FF,00,00,FF,FF,FF
1741140,142212,0xCFF6600,1,8,00,00,FF,FF,FF,FF,FF,FF
1741160,142213,0xCF00400,1,8,FF,FF,FF,00,00,FF,FF,FF
1741161,142214,0xCFF6600,1,8,00,00,FF,FF,FF,FF,FF,FF
1741180,142215,0xCF00400,1,8,FF,FF,FF,00,00,FF,FF,FF
1741200,142216,0xCF00400,1,8,FF,FF,FF,00,00,FF,FF,FF
1741201,142217,0xCFF6600,1,8,00,00,FF,FF,FF,FF,FF,FF
1741210,142218,0x18FEF100,1,8,3F,00,00,FF,FF,FF,FF,FF
1741211,142219,0x10FF6500,1,8,FC,FF,FF,FF,FF,FF,FF,FF
1741211,142220,0x18F00500,1,8,FF,FF,FF,FF,20,2D,FF,FF
1741212,142221,0x18FEF200,1,8,00,00,00,FB,00,00,00,FF
1741219,142222,0xCF00400,1,8,FF,FF,FF,00,00,FF,FF,FF
1741220,142223,0xCFF6600,1,8,00,00,FF,FF,FF,FF,FF,FF
1741239,142224,0xCF00400,1,8,FF,FF,FF,00,00,FF,FF,FF
1741240,142225,0xCFF6600,1,8,00,00,FF,FF,FF,FF,FF,FF
1741260,142226,0xCF00400,1,8,FF,FF,FF,00,00,FF,FF,FF
1741261,142227,0xCFF6600,1,8,00,00,FF,FF,FF,FF,FF,FF
1741269,142228,0x18FEEE00,1,8,63,FF,FF,FF,FF,FF,FF,FF
1741270,142229,0x18FDE500,1,8,0A,14,1E,28,32,3C,46,13
1741280,142230,0xCF00400,1,8,FF,FF,FF,00,00,FF,FF,FF
1741280,142231,0xCFF6600,1,8,00,00,FF,FF,FF,FF,FF,FF
1741290,142232,0x1CECFF00,1,8,20,0A,00,02,FF,CA,FE,00
1741300,142233,0xCF00400,1,8,FF,FF,FF,00,00,FF,FF,FF
1741300,142234,0xCFF6600,1,8,00,00,FF,FF,FF,FF,FF,FF
1741310,142235,0x18F00500,1,8,FF,FF,FF,FF,20,2D,FF,FF
1741311,142236,0x18FEF100,1,8,3F,00,00,FF,FF,FF,FF,FF
1741312,142237,0x18FEF200,1,8,00,00,00,FB,00,00,00,FF
1741322,142238,0xCF00400,1,8,FF,FF,FF,00,00,FF,FF,FF
1741322,142239,0xCFF6600,1,8,00,00,FF,FF,FF,FF,FF,FF
1741340,142240,0xCF00400,1,8,FF,FF,FF,00,00,FF,FF,FF
1741340,142241,0xCFF6600,1,8,00,00,FF,FF,FF,FF,FF,FF
1741341,142242,0x1CEBFF00,1,8,01,40,FF,0F,F0,E5,01,02
1741360,142243,0xCF00400,1,8,FF,FF,FF,00,00,FF,FF,FF
1741360,142244,0xCFF6600,1,8,00,00,FF,FF,FF,FF,FF,FF
1741379,142245,0xCF00400,1,8,FF,FF,FF,00,00,FF,FF,FF
1741380,142246,0xCFF6600,1,8,00,00,FF,FF,FF,FF,FF,FF
1741390,142247,0x1CEBFF00,1,8,02,F0,E3,01,FF,FF,FF,FF
1741400,142248,0xCF00400,1,8,FF,FF,FF,00,00,FF,FF,FF
1741421,142249,0xCF00400,1,8,FF,FF,FF,00,00,FF,FF,FF
1741421,142250,0xCFF6600,1,8,00,00,FF,FF,FF,FF,FF,FF
1741423,142251,0x10FF6500,1,8,FC,FF,FF,FF,FF,FF,FF,FF
1741423,142252,0x18F00500,1,8,FF,FF,FF,FF,20,2D,FF,FF
1741424,142253,0x18FEF100,1,8,3F,00,00,FF,FF,FF,FF,FF
1741424,142254,0x18FEF200,1,8,00,00,00,FB,00,00,00,FF
1741440,142255,0xCF00400,1,8,FF,FF,FF,00,00,FF,FF,FF
1741440,142256,0xCFF6600,1,8,00,00,FF,FF,FF,FF,FF,FF
1741460,142257,0xCF00400,1,8,FF,FF,FF,00,00,FF,FF,FF
1741460,142258,0xCFF6600,1,8,00,00,FF,FF,FF,FF,FF,FF
1741480,142259,0xCF00400,1,8,FF,FF,FF,00,00,FF,FF,FF
1741481,142260,0xCFF6600,1,8,00,00,FF,FF,FF,FF,FF,FF
1741500,142261,0xCF00400,1,8,FF,FF,FF,00,00,FF,FF,FF
1741500,142262,0xCFF6600,1,8,00,00,FF,FF,FF,FF,FF,FF
1741510,142263,0x18FEF100,1,8,3F,00,00,FF,FF,FF,FF,FF
1741511,142264,0x18F00500,1,8,FF,FF,FF,FF,20,2D,FF,FF
1741512,142265,0x18FEF200,1,8,00,00,00,FB,00,00,00,FF
1741520,142266,0xCF00400,1,8,FF,FF,FF,00,00,FF,FF,FF
1741520,142267,0xCFF6600,1,8,00,00,FF,FF,FF,FF,FF,FF
1741540,142268,0xCF00400,1,8,FF,FF,FF,00,00,FF,FF,FF
1741541,142269,0xCFF6600,1,8,00,00,FF,FF,FF,FF,FF,FF
1741560,142270,0xCF00400,1,8,FF,FF,FF,00,00,FF,FF,FF
1741580,142271,0xCF00400,1,8,FF,FF,FF,00,00,FF,FF,FF
1741581,142272,0xCFF6600,1,8,00,00,FF,FF,FF,FF,FF,FF
1741599,142273,0xCF00400,1,8,FF,FF,FF,00,00,FF,FF,FF
1741600,142274,0xCFF6600,1,8,00,00,FF,FF,FF,FF,FF,FF
1741610,142275,0x18F00500,1,8,FF,FF,FF,FF,20,2D,FF,FF
1741611,142276,0x10FF6500,1,8,FC,FF,FF,FF,FF,FF,FF,FF
1741612,142277,0x18F00600,1,8,FF,FF,FF,FF,FF,FF,FF,FF
1741612,142278,0x18FEF100,1,8,3F,00,00,FF,FF,FF,FF,FF
1741613,142279,0x18FEF200,1,8,00,00,00,FB,00,00,00,FF
1741613,142280,0x1CFDDF00,1,8,FE,FF,FF,FF,FF,FF,FF,FF
1741614,142281,0x1CFF6A00,1,8,FC,FF,FF,FF,FF,FF,FF,FF
1741620,142282,0xCF00400,1,8,FF,FF,FF,00,00,FF,FF,FF
1741620,142283,0xCFF6600,1,8,00,00,FF,FF,FF,FF,FF,FF
1741640,142284,0xCF00400,1,8,FF,FF,FF,00,00,FF,FF,FF
1741640,142285,0xCFF6600,1,8,00,00,FF,FF,FF,FF,FF,FF
1741660,142286,0xCF00400,1,8,FF,FF,FF,00,00,FF,FF,FF
1741661,142287,0xCFF6600,1,8,00,00,FF,FF,FF,FF,FF,FF
1741680,142288,0xCF00400,1,8,FF,FF,FF,00,00,FF,FF,FF
1741680,142289,0xCFF6600,1,8,00,00,FF,FF,FF,FF,FF,FF
1741700,142290,0xCF00400,1,8,FF,FF,FF,00,00,FF,FF,FF
1741720,142291,0xCF00400,1,8,FF,FF,FF,00,00,FF,FF,FF
1741721,142292,0xCFF6600,1,8,00,00,FF,FF,FF,FF,FF,FF
1741722,142293,0x18F00500,1,8,FF,FF,FF,FF,20,2D,FF,FF
1741722,142294,0x18FEF100,1,8,3F,00,00,FF,FF,FF,FF,FF
1741723,142295,0x18FEF200,1,8,00,00,00,FB,00,00,00,FF
1741740,142296,0xCF00400,1,8,FF,FF,FF,00,00,FF,FF,FF
1741741,142297,0xCFF6600,1,8,00,00,FF,FF,FF,FF,FF,FF
1741759,142298,0xCF00400,1,8,FF,FF,FF,00,00,FF,FF,FF
1741760,142299,0xCFF6600,1,8,00,00,FF,FF,FF,FF,FF,FF
1741780,142300,0xCF00400,1,8,FF,FF,FF,00,00,FF,FF,FF
1741780,142301,0xCFF6600,1,8,00,00,FF,FF,FF,FF,FF,FF
1741800,142302,0xCF00400,1,8,FF,FF,FF,00,00,FF,FF,FF
1741801,142303,0xCFF6600,1,8,00,00,FF,FF,FF,FF,FF,FF
1741810,142304,0x18FEF100,1,8,3F,00,00,FF,FF,FF,FF,FF
1741811,142305,0x10FF6500,1,8,FC,FF,FF,FF,FF,FF,FF,FF
1741811,142306,0x18F00500,1,8,FF,FF,FF,FF,20,2D,FF,FF
1741812,142307,0x18FEF200,1,8,00,00,00,FB,00,00,00,FF
1741820,142308,0xCF00400,1,8,FF,FF,FF,00,00,FF,FF,FF
1741821,142309,0xCFF6600,1,8,00,00,FF,FF,FF,FF,FF,FF
1741840,142310,0xCF00400,1,8,FF,FF,FF,00,00,FF,FF,FF
1741840,142311,0xCFF6600,1,8,00,00,FF,FF,FF,FF,FF,FF
1741860,142312,0xCF00400,1,8,FF,FF,FF,00,00,FF,FF,FF
1741860,142313,0xCFF6600,1,8,00,00,FF,FF,FF,FF,FF,FF
1741881,142314,0xCF00400,1,8,FF,FF,FF,00,00,FF,FF,FF
1741881,142315,0xCFF6600,1,8,00,00,FF,FF,FF,FF,FF,FF
1741900,142316,0xCF00400,1,8,FF,FF,FF,00,00,FF,FF,FF
1741900,142317,0xCFF6600,1,8,00,00,FF,FF,FF,FF,FF,FF
1741910,142318,0x18F00500,1,8,FF,FF,FF,FF,20,2D,FF,FF
1741911,142319,0x18FEF100,1,8,3F,00,00,FF,FF,FF,FF,FF
1741911,142320,0x18FEF200,1,8,00,00,00,FB,00,00,00,FF
1741919,142321,0xCF00400,1,8,FF,FF,FF,00,00,FF,FF,FF
1741920,142322,0xCFF6600,1,8,00,00,FF,FF,FF,FF,FF,FF
1741940,142323,0xCF00400,1,8,FF,FF,FF,00,00,FF,FF,FF
1741959,142324,0xCFF6600,1,8,00,00,FF,FF,FF,FF,FF,FF
1741960,142325,0x18EEFF00,1,8,08,CF,60,06,00,00,00,00
1741980,142326,0xCF00400,1,8,FF,FF,FF,00,00,FF,FF,FF
1741980,142327,0xCFF6600,1,8,00,00,FF,FF,FF,FF,FF,FF
1742000,142328,0xCF00400,1,8,FF,FF,FF,00,00,FF,FF,FF
1742000,142329,0xCFF6600,1,8,00,00,FF,FF,FF,FF,FF,FF
1742010,142330,0x18F00500,1,8,FF,FF,FF,FF,20,2D,FF,FF
1742031,142331,0xCF00400,1,8,FF,FF,FF,00,00,FF,FF,FF
1742032,142332,0xCFF6600,1,8,00,00,FF,FF,FF,FF,FF,FF
1742033,142333,0x10FF6500,1,8,FC,FF,FF,FF,FF,FF,FF,FF
1742034,142334,0x18FEF100,1,8,3F,00,00,FF,FF,FF,FF,FF
1742035,142335,0x18FEF200,1,8,00,00,00,FB,00,00,00,FF
1742040,142336,0xCF00400,1,8,FF,FF,FF,00,00,FF,FF,FF
1742040,142337,0xCFF6600,1,8,00,00,FF,FF,FF,FF,FF,FF
1742060,142338,0xCF00400,1,8,FF,FF,FF,00,00,FF,FF,FF
1742061,142339,0xCFF6600,1,8,00,00,FF,FF,FF,FF,FF,FF
1742080,142340,0xCF00400,1,8,FF,FF,FF,00,00,FF,FF,FF
1742080,142341,0xCFF6600,1,8,00,00,FF,FF,FF,FF,FF,FF
1742100,142342,0xCF00400,1,8,FF,FF,FF,00,00,FF,FF,FF
1742100,142343,0xCFF6600,1,8,00,00,FF,FF,FF,FF,FF,FF
1742110,142344,0x18FEF100,1,8,3F,00,00,FF,FF,FF,FF,FF
1742111,142345,0x18F00500,1,8,FF,FF,FF,FF,20,2D,FF,FF
1742113,142346,0x18F00600,1,8,FF,FF,FF,FF,FF,FF,FF,FF
1742113,142347,0x18FEF200,1,8,00,00,00,FB,00,00,00,FF
1742114,142348,0x1CFDDF00,1,8,FE,FF,FF,FF,FF,FF,FF,FF
1742115,142349,0x1CFF6A00,1,8,FC,FF,FF,FF,FF,FF,FF,FF
1742122,142350,0xCF00400,1,8,FF,FF,FF,00,00,FF,FF,FF
1742123,142351,0xCFF6600,1,8,00,00,FF,FF,FF,FF,FF,FF
1742140,142352,0xCF00400,1,8,FF,FF,FF,00,00,FF,FF,FF
1742141,142353,0xCFF6600,1,8,00,00,FF,FF,FF,FF,FF,FF
1742159,142354,0xCF00400,1,8,FF,FF,FF,00,00,FF,FF,FF
1742160,142355,0xCFF6600,1,8,00,00,FF,FF,FF,FF,FF,FF
1742180,142356,0xCF00400,1,8,FF,FF,FF,00,00,FF,FF,FF
1742180,142357,0xCFF6600,1,8,00,00,FF,FF,FF,FF,FF,FF
1742200,142358,0xCF00400,1,8,FF,FF,FF,00,00,FF,FF,FF
1742221,142359,0xCF00400,1,8,FF,FF,FF,00,00,FF,FF,FF
1742221,142360,0xCFF6600,1,8,00,00,FF,FF,FF,FF,FF,FF
1742222,142361,0x10FF6500,1,8,FC,FF,FF,FF,FF,FF,FF,FF
1742222,142362,0x18F00500,1,8,FF,FF,FF,FF,20,2D,FF,FF
1742223,142363,0x18FEF100,1,8,3F,00,00,FF,FF,FF,FF,FF
1742224,142364,0x18FEF200,1,8,00,00,00,FB,00,00,00,FF
1742240,142365,0xCF00400,1,8,FF,FF,FF,00,00,FF,FF,FF
1742240,142366,0xCFF6600,1,8,00,00,FF,FF,FF,FF,FF,FF
1742260,142367,0xCF00400,1,8,FF,FF,FF,00,00,FF,FF,FF
1742260,142368,0xCFF6600,1,8,00,00,FF,FF,FF,FF,FF,FF
1742270,142369,0x18FDE500,1,8,0A,14,1E,28,32,3C,46,13
1742270,142370,0x18FEEE00,1,8,63,FF,FF,FF,FF,FF,FF,FF
1742280,142371,0xCF00400,1,8,FF,FF,FF,00,00,FF,FF,FF
1742280,142372,0xCFF6600,1,8,00,00,FF,FF,FF,FF,FF,FF
1742290,142373,0x1CECFF00,1,8,20,0A,00,02,FF,CA,FE,00
1742300,142374,0xCF00400,1,8,FF,FF,FF,00,00,FF,FF,FF
1742300,142375,0xCFF6600,1,8,00,00,FF,FF,FF,FF,FF,FF
1742310,142376,0x18FEF100,1,8,3F,00,00,FF,FF,FF,FF,FF
1742311,142377,0x18F00500,1,8,FF,FF,FF,FF,20,2D,FF,FF
1742312,142378,0x18FEF200,1,8,00,00,00,FB,00,00,00,FF
1742320,142379,0xCF00400,1,8,FF,FF,FF,00,00,FF,FF,FF
1742320,142380,0xCFF6600,1,8,00,00,FF,FF,FF,FF,FF,FF
1742340,142381,0xCF00400,1,8,FF,FF,FF,00,00,FF,FF,FF
1742341,142382,0xCFF6600,1,8,00,00,FF,FF,FF,FF,FF,FF
1742341,142383,0x1CEBFF00,1,8,01,40,FF,0F,F0,E5,01,02
1742360,142384,0xCF00400,1,8,FF,FF,FF,00,00,FF,FF,FF
1742361,142385,0xCFF6600,1,8,00,00,FF,FF,FF,FF,FF,FF
1742380,142386,0xCF00400,1,8,FF,FF,FF,00,00,FF,FF,FF
1742380,142387,0xCFF6600,1,8,00,00,FF,FF,FF,FF,FF,FF
1742390,142388,0x1CEBFF00,1,8,02,F0,E3,01,FF,FF,FF,FF
1742400,142389,0xCF00400,1,8,FF,FF,FF,00,00,FF,FF,FF
1742400,142390,0xCFF6600,1,8,00,00,FF,FF,FF,FF,FF,FF
1742410,142391,0x18FEF100,1,8,3F,00,00,FF,FF,FF,FF,FF
1742411,142392,0x10FF6500,1,8,FC,FF,FF,FF,FF,FF,FF,FF
1742411,142393,0x18F00500,1,8,FF,FF,FF,FF,20,2D,FF,FF
1742412,142394,0x18FEF200,1,8,00,00,00,FB,00,00,00,FF
1742422,142395,0xCF00400,1,8,FF,FF,FF,00,00,FF,FF,FF
1742422,142396,0xCFF6600,1,8,00,00,FF,FF,FF,FF,FF,FF
1742440,142397,0xCF00400,1,8,FF,FF,FF,00,00,FF,FF,FF
1742440,142398,0xCFF6600,1,8,00,00,FF,FF,FF,FF,FF,FF
1742459,142399,0xCF00400,1,8,FF,FF,FF,00,00,FF,FF,FF
1742460,142400,0xCFF6600,1,8,00,00,FF,FF,FF,FF,FF,FF
1742480,142401,0xCF00400,1,8,FF,FF,FF,00,00,FF,FF,FF
1742480,142402,0xCFF6600,1,8,00,00,FF,FF,FF,FF,FF,FF
1742500,142403,0xCF00400,1,8,FF,FF,FF,00,00,FF,FF,FF
1742520,142404,0xCF00400,1,8,FF,FF,FF,00,00,FF,FF,FF
1742521,142405,0xCFF6600,1,8,00,00,FF,FF,FF,FF,FF,FF
1742521,142406,0x18F00500,1,8,FF,FF,FF,FF,20,2D,FF,FF
1742522,142407,0x18FEF100,1,8,3F,00,00,FF,FF,FF,FF,FF
1742523,142408,0x18FEF200,1,8,00,00,00,FB,00,00,00,FF
1742539,142409,0xCF00400,1,8,FF,FF,FF,00,00,FF,FF,FF
1742540,142410,0xCFF6600,1,8,00,00,FF,FF,FF,FF,FF,FF
1742559,142411,0xCF00400,1,8,FF,FF,FF,00,00,FF,FF,FF
1742560,142412,0xCFF6600,1,8,00,00,FF,FF,FF,FF,FF,FF
1742580,142413,0xCF00400,1,8,FF,FF,FF,00,00,FF,FF,FF
1742580,142414,0xCFF6600,1,8,00,00,FF,FF,FF,FF,FF,FF
1742600,142415,0xCF00400,1,8,FF,FF,FF,00,00,FF,FF,FF
1742601,142416,0xCFF6600,1,8,00,00,FF,FF,FF,FF,FF,FF
1742610,142417,0x18FEF100,1,8,3F,00,00,FF,FF,FF,FF,FF
1742611,142418,0x10FF6500,1,8,FC,FF,FF,FF,FF,FF,FF,FF
1742611,142419,0x18F00500,1,8,FF,FF,FF,FF,20,2D,FF,FF
1742612,142420,0x18F00600,1,8,FF,FF,FF,FF,FF,FF,FF,FF
1742613,142421,0x18FEF200,1,8,00,00,00,FB,00,00,00,FF
1742613,142422,0x1CFDDF00,1,8,FE,FF,FF,FF,FF,FF,FF,FF
1742614,142423,0x1CFF6A00,1,8,FC,FF,FF,FF,FF,FF,FF,FF
1742619,142424,0xCF00400,1,8,FF,FF,FF,00,00,FF,FF,FF
1742620,142425,0xCFF6600,1,8,00,00,FF,FF,FF,FF,FF,FF
1742639,142426,0xCF00400,1,8,FF,FF,FF,00,00,FF,FF,FF
1742640,142427,0xCFF6600,1,8,00,00,FF,FF,FF,FF,FF,FF
1742660,142428,0xCF00400,1,8,FF,FF,FF,00,00,FF,FF,FF
1742660,142429,0xCFF6600,1,8,00,00,FF,FF,FF,FF,FF,FF
1742679,142430,0xCF00400,1,8,FF,FF,FF,00,00,FF,FF,FF
1742681,142431,0xCFF6600,1,8,00,00,FF,FF,FF,FF,FF,FF
1742700,142432,0xCF00400,1,8,FF,FF,FF,00,00,FF,FF,FF
1742701,142433,0xCFF6600,1,8,00,00,FF,FF,FF,FF,FF,FF
1742713,142434,0x18F00500,1,8,FF,FF,FF,FF,20,2D,FF,FF
1742713,142435,0x18FEF100,1,8,3F,00,00,FF,FF,FF,FF,FF
1742714,142436,0x18FEF200,1,8,00,00,00,FB,00,00,00,FF
1742720,142437,0xCF00400,1,8,FF,FF,FF,00,00,FF,FF,FF
1742721,142438,0xCFF6600,1,8,00,00,FF,FF,FF,FF,FF,FF
1742740,142439,0xCF00400,1,8,FF,FF,FF,00,00,FF,FF,FF
1742740,142440,0xCFF6600,1,8,00,00,FF,FF,FF,FF,FF,FF
1742760,142441,0xCF00400,1,8,FF,FF,FF,00,00,FF,FF,FF
1742760,142442,0xCFF6600,1,8,00,00,FF,FF,FF,FF,FF,FF
1742781,142443,0xCF00400,1,8,FF,FF,FF,00,00,FF,FF,FF
1742781,142444,0xCFF6600,1,8,00,00,FF,FF,FF,FF,FF,FF
1742800,142445,0xCF00400,1,8,FF,FF,FF,00,00,FF,FF,FF
1742800,142446,0xCFF6600,1,8,00,00,FF,FF,FF,FF,FF,FF
1742810,142447,0x18FEF100,1,8,3F,00,00,FF,FF,FF,FF,FF
1742811,142448,0x10FF6500,1,8,FC,FF,FF,FF,FF,FF,FF,FF
1742811,142449,0x18F00500,1,8,FF,FF,FF,FF,20,2D,FF,FF
1742812,142450,0x18FEF200,1,8,00,00,00,FB,00,00,00,FF
1742819,142451,0xCF00400,1,8,FF,FF,FF,00,00,FF,FF,FF
1742821,142452,0xCFF6600,1,8,00,00,FF,FF,FF,FF,FF,FF
1742840,142453,0xCF00400,1,8,FF,FF,FF,00,00,FF,FF,FF
1742860,142454,0xCF00400,1,8,FF,FF,FF,00,00,FF,FF,FF
1742860,142455,0xCFF6600,1,8,00,00,FF,FF,FF,FF,FF,FF
1742880,142456,0xCF00400,1,8,FF,FF,FF,00,00,FF,FF,FF
1742880,142457,0xCFF6600,1,8,00,00,FF,FF,FF,FF,FF,FF
1742899,142458,0xCF00400,1,8,FF,FF,FF,00,00,FF,FF,FF
1742900,142459,0xCFF6600,1,8,00,00,FF,FF,FF,FF,FF,FF
1742910,142460,0x18FEF100,1,8,3F,00,00,FF,FF,FF,FF,FF
1742911,142461,0x18F00500,1,8,FF,FF,FF,FF,20,2D,FF,FF
1742911,142462,0x18FEF200,1,8,00,00,00,FB,00,00,00,FF
1742920,142463,0xCF00400,1,8,FF,FF,FF,00,00,FF,FF,FF
1742921,142464,0xCFF6600,1,8,00,00,FF,FF,FF,FF,FF,FF
1742940,142465,0xCF00400,1,8,FF,FF,FF,00,00,FF,FF,FF
1742940,142466,0xCFF6600,1,8,00,00,FF,FF,FF,FF,FF,FF
1742960,142467,0xCF00400,1,8,FF,FF,FF,00,00,FF,FF,FF
1742960,142468,0xCFF6600,1,8,00,00,FF,FF,FF,FF,FF,FF
1742979,142469,0xCF00400,1,8,FF,FF,FF,00,00,FF,FF,FF
1742980,142470,0xCFF6600,1,8,00,00,FF,FF,FF,FF,FF,FF
1743000,142471,0xCF00400,1,8,FF,FF,FF,00,00,FF,FF,FF
1743000,142472,0xCFF6600,1,8,00,00,FF,FF,FF,FF,FF,FF
1743013,142473,0x10FF6500,1,8,FC,FF,FF,FF,FF,FF,FF,FF
1743013,142474,0x18F00500,1,8,FF,FF,FF,FF,20,2D,FF,FF
1743014,142475,0x18FEF100,1,8,3F,00,00,FF,FF,FF,FF,FF
1743015,142476,0x18FEF200,1,8,00,00,00,FB,00,00,00,FF
1743020,142477,0xCF00400,1,8,FF,FF,FF,00,00,FF,FF,FF
1743021,142478,0xCFF6600,1,8,00,00,FF,FF,FF,FF,FF,FF
1743040,142479,0xCF00400,1,8,FF,FF,FF,00,00,FF,FF,FF
1743040,142480,0xCFF6600,1,8,00,00,FF,FF,FF,FF,FF,FF
1743060,142481,0xCF00400,1,8,FF,FF,FF,00,00,FF,FF,FF
1743093,142482,0xCF00400,1,8,FF,FF,FF,00,00,FF,FF,FF
1743094,142483,0xCFF6600,1,8,00,00,FF,FF,FF,FF,FF,FF
1743099,142484,0x18EEFF00,1,8,08,CF,60,06,00,00,00,00
1743100,142485,0xCF00400,1,8,FF,FF,FF,00,00,FF,FF,FF
1743101,142486,0xCFF6600,1,8,00,00,FF,FF,FF,FF,FF,FF
1743110,142487,0x18FEF100,1,8,3F,00,00,FF,FF,FF,FF,FF
1743112,142488,0x18F00500,1,8,FF,FF,FF,FF,20,2D,FF,FF
1743113,142489,0x18F00600,1,8,FF,FF,FF,FF,FF,FF,FF,FF
1743113,142490,0x18F00600,1,8,FF,FF,FF,FF,FF,FF,FF,FF
1743114,142491,0x18FEF200,1,8,00,00,00,FB,00,00,00,FF
1743114,142492,0x1CFDDF00,1,8,FE,FF,FF,FF,FF,FF,FF,FF
1743115,142493,0x1CFF6A00,1,8,FC,FF,FF,FF,FF,FF,FF,FF
1743116,142494,0x1CFF6A00,1,8,FC,FF,FF,FF,FF,FF,FF,FF
1743119,142495,0xCF00400,1,8,FF,FF,FF,00,00,FF,FF,FF
1743120,142496,0xCFF6600,1,8,00,00,FF,FF,FF,FF,FF,FF
1743140,142497,0xCF00400,1,8,FF,FF,FF,00,00,FF,FF,FF
1743140,142498,0xCFF6600,1,8,00,00,FF,FF,FF,FF,FF,FF
1743160,142499,0xCF00400,1,8,FF,FF,FF,00,00,FF,FF,FF
1743160,142500,0xCFF6600,1,8,00,00,FF,FF,FF,FF,FF,FF
1743180,142501,0xCF00400,1,8,FF,FF,FF,00,00,FF,FF,FF
1743181,142502,0xCFF6600,1,8,00,00,FF,FF,FF,FF,FF,FF
1743200,142503,0xCF00400,1,8,FF,FF,FF,00,00,FF,FF,FF
1743200,142504,0xCFF6600,1,8,00,00,FF,FF,FF,FF,FF,FF
1743210,142505,0x10FF6500,1,8,FC,FF,FF,FF,FF,FF,FF,FF
1743211,142506,0x18F00500,1,8,FF,FF,FF,FF,20,2D,FF,FF
1743212,142507,0x18FEF100,1,8,3F,00,00,FF,FF,FF,FF,FF
1743212,142508,0x18FEF200,1,8,00,00,00,FB,00,00,00,FF
1743219,142509,0xCF00400,1,8,FF,FF,FF,00,00,FF,FF,FF
1743220,142510,0xCFF6600,1,8,00,00,FF,FF,FF,FF,FF,FF
1743239,142511,0xCF00400,1,8,FF,FF,FF,00,00,FF,FF,FF
1743260,142512,0xCF00400,1,8,FF,FF,FF,00,00,FF,FF,FF
1743260,142513,0xCFF6600,1,8,00,00,FF,FF,FF,FF,FF,FF
1743270,142514,0x18FDE500,1,8,0A,14,1E,28,32,3C,46,13
1743270,142515,0x18FEEE00,1,8,62,FF,FF,FF,FF,FF,FF,FF
1743280,142516,0xCF00400,1,8,FF,FF,FF,00,00,FF,FF,FF
1743280,142517,0xCFF6600,1,8,00,00,FF,FF,FF,FF,FF,FF
1743290,142518,0x1CECFF00,1,8,20,0A,00,02,FF,CA,FE,00
1743300,142519,0xCF00400,1,8,FF,FF,FF,00,00,FF,FF,FF
1743300,142520,0xCFF6600,1,8,00,00,FF,FF,FF,FF,FF,FF
1743310,142521,0x18FEF100,1,8,3F,00,00,FF,FF,FF,FF,FF
1743311,142522,0x18F00500,1,8,FF,FF,FF,FF,20,2D,FF,FF
1743312,142523,0x18FEF200,1,8,00,00,00,FB,00,00,00,FF
1743319,142524,0xCF00400,1,8,FF,FF,FF,00,00,FF,FF,FF
1743320,142525,0xCFF6600,1,8,00,00,FF,FF,FF,FF,FF,FF
1743340,142526,0xCF00400,1,8,FF,FF,FF,00,00,FF,FF,FF
1743340,142527,0xCFF6600,1,8,00,00,FF,FF,FF,FF,FF,FF
1743341,142528,0x1CEBFF00,1,8,01,40,FF,0F,F0,E5,01,02
1743359,142529,0xCF00400,1,8,FF,FF,FF,00,00,FF,FF,FF
1743361,142530,0xCFF6600,1,8,00,00,FF,FF,FF,FF,FF,FF
1743379,142531,0xCF00400,1,8,FF,FF,FF,00,00,FF,FF,FF
1743380,142532,0xCFF6600,1,8,00,00,FF,FF,FF,FF,FF,FF
1743390,142533,0x1CEBFF00,1,8,02,F0,E3,01,FF,FF,FF,FF
1743401,142534,0xCF00400,1,8,FF,FF,FF,00,00,FF,FF,FF
1743402,142535,0xCFF6600,1,8,00,00,FF,FF,FF,FF,FF,FF
1743411,142536,0x10FF6500,1,8,FC,FF,FF,FF,FF,FF,FF,FF
1743411,142537,0x18F00500,1,8,FF,FF,FF,FF,20,2D,FF,FF
1743412,142538,0x18FEF100,1,8,3F,00,00,FF,FF,FF,FF,FF
1743413,142539,0x18FEF200,1,8,00,00,00,FB,00,00,00,FF
1743420,142540,0xCF00400,1,8,FF,FF,FF,00,00,FF,FF,FF
1743420,142541,0xCFF6600,1,8,00,00,FF,FF,FF,FF,FF,FF
1743439,142542,0xCF00400,1,8,FF,FF,FF,00,00,FF,FF,FF
1743440,142543,0xCFF6600,1,8,00,00,FF,FF,FF,FF,FF,FF
1743461,142544,0xCF00400,1,8,FF,FF,FF,00,00,FF,FF,FF
1743461,142545,0xCFF6600,1,8,00,00,FF,FF,FF,FF,FF,FF
1743479,142546,0xCF00400,1,8,FF,FF,FF,00,00,FF,FF,FF
1743480,142547,0xCFF6600,1,8,00,00,FF,FF,FF,FF,FF,FF
1743500,142548,0xCF00400,1,8,FF,FF,FF,00,00,FF,FF,FF
1743501,142549,0xCFF6600,1,8,00,00,FF,FF,FF,FF,FF,FF
1743510,142550,0x18F00500,1,8,FF,FF,FF,FF,20,2D,FF,FF
1743511,142551,0x18FEF100,1,8,3F,00,00,FF,FF,FF,FF,FF
1743512,142552,0x18FEF200,1,8,00,00,00,FB,00,00,00,FF
1743520,142553,0xCF00400,1,8,FF,FF,FF,00,00,FF,FF,FF
1743540,142554,0xCF00400,1,8,FF,FF,FF,00,00,FF,FF,FF
1743541,142555,0xCFF6600,1,8,00,00,FF,FF,FF,FF,FF,FF
1743559,142556,0xCF00400,1,8,FF,FF,FF,00,00,FF,FF,FF
1743560,142557,0xCFF6600,1,8,00,00,FF,FF,FF,FF,FF,FF
1743579,142558,0xCF00400,1,8,FF,FF,FF,00,00,FF,FF,FF
1743580,142559,0xCFF6600,1,8,00,00,FF,FF,FF,FF,FF,FF
1743599,142560,0xCF00400,1,8,FF,FF,FF,00,00,FF,FF,FF
1743600,142561,0xCFF6600,1,8,00,00,FF,FF,FF,FF,FF,FF
1743610,142562,0x18FEF100,1,8,3F,00,00,FF,FF,FF,FF,FF
1743611,142563,0x10FF6500,1,8,FC,FF,FF,FF,FF,FF,FF,FF
1743612,142564,0x18F00500,1,8,FF,FF,FF,FF,20,2D,FF,FF
1743612,142565,0x18F00600,1,8,FF,FF,FF,FF,FF,FF,FF,FF
1743613,142566,0x18FEF200,1,8,00,00,00,FB,00,00,00,FF
1743613,142567,0x1CFDDF00,1,8,FE,FF,FF,FF,FF,FF,FF,FF
1743614,142568,0x1CFF6A00,1,8,FC,FF,FF,FF,FF,FF,FF,FF
1743620,142569,0xCF00400,1,8,FF,FF,FF,00,00,FF,FF,FF
1743621,142570,0xCFF6600,1,8,00,00,FF,FF,FF,FF,FF,FF
1743640,142571,0xCF00400,1,8,FF,FF,FF,00,00,FF,FF,FF
1743641,142572,0xCFF6600,1,8,00,00,FF,FF,FF,FF,FF,FF
1743660,142573,0xCF00400,1,8,FF,FF,FF,00,00,FF,FF,FF
1743660,142574,0xCFF6600,1,8,00,00,FF,FF,FF,FF,FF,FF
1743680,142575,0xCF00400,1,8,FF,FF,FF,00,00,FF,FF,FF
1743680,142576,0xCFF6600,1,8,00,00,FF,FF,FF,FF,FF,FF
1743700,142577,0xCF00400,1,8,FF,FF,FF,00,00,FF,FF,FF
1743701,142578,0xCFF6600,1,8,00,00,FF,FF,FF,FF,FF,FF
1743710,142579,0x18F00500,1,8,FF,FF,FF,FF,20,2D,FF,FF
1743711,142580,0x18FEF100,1,8,3F,00,00,FF,FF,FF,FF,FF
1743712,142581,0x18FEF200,1,8,00,00,00,FB,00,00,00,FF
1743720,142582,0xCF00400,1,8,FF,FF,FF,00,00,FF,FF,FF
1743737,142583,0xCFF6600,1,8,00,00,FF,FF,FF,FF,FF,FF
1743738,142584,0x18EA0017,1,3,6B,FF,00,--,--,--,--,--
1743739,142585,0xCF00400,1,8,FF,FF,FF,00,00,FF,FF,FF
1743740,142586,0xCFF6600,1,8,00,00,FF,FF,FF,FF,FF,FF
1743759,142587,0x18E81700,1,8,01,FF,FF,FF,FF,6B,FF,00
1743759,142588,0xCF00400,1,8,FF,FF,FF,00,00,FF,FF,FF
1743760,142589,0xCFF6600,1,8,00,00,FF,FF,FF,FF,FF,FF
1743779,142590,0xCF00400,1,8,FF,FF,FF,00,00,FF,FF,FF
1743780,142591,0xCFF6600,1,8,00,00,FF,FF,FF,FF,FF,FF
1743799,142592,0xCF00400,1,8,FF,FF,FF,00,00,FF,FF,FF
1743800,142593,0xCFF6600,1,8,00,00,FF,FF,FF,FF,FF,FF
1743810,142594,0x18FEF100,1,8,3F,00,00,FF,FF,FF,FF,FF
1743811,142595,0x10FF6500,1,8,FC,FF,FF,FF,FF,FF,FF,FF
1743811,142596,0x18F00500,1,8,FF,FF,FF,FF,20,2D,FF,FF
1743812,142597,0x18FEF200,1,8,00,00,00,FB,00,00,00,FF
1743819,142598,0xCF00400,1,8,FF,FF,FF,00,00,FF,FF,FF
1743820,142599,0xCFF6600,1,8,00,00,FF,FF,FF,FF,FF,FF
1743839,142600,0xCF00400,1,8,FF,FF,FF,00,00,FF,FF,FF
1743840,142601,0xCFF6600,1,8,00,00,FF,FF,FF,FF,FF,FF
1743859,142602,0xCF00400,1,8,FF,FF,FF,00,00,FF,FF,FF
1743860,142603,0xCFF6600,1,8,00,00,FF,FF,FF,FF,FF,FF
1743879,142604,0xCF00400,1,8,FF,FF,FF,00,00,FF,FF,FF
1743880,142605,0xCFF6600,1,8,00,00,FF,FF,FF,FF,FF,FF
1743899,142606,0xCF00400,1,8,FF,FF,FF,F8,09,FF,FF,FF
1743900,142607,0xCFF6600,1,8,3F,01,FF,FF,FF,FF,FF,FF
1743910,142608,0x18FEF100,1,8,3F,00,00,FF,FF,FF,FF,FF
1743911,142609,0x18F00500,1,8,FF,FF,FF,FF,20,2D,FF,FF
1743911,142610,0x18FEF200,1,8,00,00,00,FB,00,00,00,FF
1743919,142611,0xCF00400,1,8,FF,FF,FF,10,08,FF,FF,FF
1743920,142612,0xCFF6600,1,8,02,01,FF,FF,FF,FF,FF,FF
1743939,142613,0xCF00400,1,8,FF,FF,FF,FA,06,FF,FF,FF
1743940,142614,0xCFF6600,1,8,DF,00,FF,FF,FF,FF,FF,FF
1743959,142615,0xCF00400,1,8,FF,FF,FF,9C,06,FF,FF,FF
1743960,142616,0xCFF6600,1,8,D3,00,FF,FF,FF,FF,FF,FF
1743979,142617,0xCF00400,1,8,FF,FF,FF,D2,06,FF,FF,FF
1743980,142618,0xCFF6600,1,8,DA,00,FF,FF,FF,FF,FF,FF
1743999,142619,0xCF00400,1,8,FF,FF,FF,CE,06,FF,FF,FF
1744000,142620,0xCFF6600,1,8,D9,00,FF,FF,FF,FF,FF,FF
1744010,142621,0x18FEF100,1,8,3F,00,00,FF,FF,FF,FF,FF
1744011,142622,0x10FF6500,1,8,FC,FF,FF,FF,FF,FF,FF,FF
1744011,142623,0x18F00500,1,8,FF,FF,FF,FF,20,2D,FF,FF
1744012,142624,0x18FEF200,1,8,00,00,00,FB,00,00,00,FF
1744019,142625,0xCF00400,1,8,FF,FF,FF,0A,07,FF,FF,FF
1744020,142626,0xCFF6600,1,8,E1,00,FF,FF,FF,FF,FF,FF
1744039,142627,0xCF00400,1,8,FF,FF,FF,2C,07,FF,FF,FF
1744040,142628,0xCFF6600,1,8,E5,00,FF,FF,FF,FF,FF,FF
1744059,142629,0xCF00400,1,8,FF,FF,FF,78,07,FF,FF,FF
1744060,142630,0xCFF6600,1,8,EF,00,FF,FF,FF,FF,FF,FF
1744079,142631,0xCF00400,1,8,FF,FF,FF,78,07,FF,FF,FF
1744080,142632,0xCFF6600,1,8,EF,00,FF,FF,FF,FF,FF,FF
1744099,142633,0xCF00400,1,8,FF,FF,FF,78,07,FF,FF,FF
1744100,142634,0xCFF6600,1,8,EF,00,FF,FF,FF,FF,FF,FF
1744110,142635,0x18FEF100,1,8,3F,00,00,FF,FF,FF,FF,FF
1744111,142636,0x18F00500,1,8,FF,FF,FF,FF,20,2D,FF,FF
1744112,142637,0x18F00600,1,8,FF,FF,FF,FF,FF,FF,FF,FF
1744112,142638,0x18FEF200,1,8,00,00,00,FB,00,00,00,FF
1744113,142639,0x1CFDDF00,1,8,FE,FF,FF,FF,FF,FF,FF,FF
1744113,142640,0x1CFF6A00,1,8,FC,FF,FF,FF,FF,FF,FF,FF
1744119,142641,0xCF00400,1,8,FF,FF,FF,78,07,FF,FF,FF
1744120,142642,0xCFF6600,1,8,EF,00,FF,FF,FF,FF,FF,FF
1744139,142643,0xCF00400,1,8,FF,FF,FF,78,07,FF,FF,FF
1744140,142644,0xCFF6600,1,8,EF,00,FF,FF,FF,FF,FF,FF
1744159,142645,0xCF00400,1,8,FF,FF,FF,78,07,FF,FF,FF
1744160,142646,0xCFF6600,1,8,EF,00,FF,FF,FF,FF,FF,FF
1744179,142647,0xCF00400,1,8,FF,FF,FF,78,07,FF,FF,FF
1744180,142648,0xCFF6600,1,8,EF,00,FF,FF,FF,FF,FF,FF
1744199,142649,0xCF00400,1,8,FF,FF,FF,78,07,FF,FF,FF
1744200,142650,0xCFF6600,1,8,EF,00,FF,FF,FF,FF,FF,FF
1744210,142651,0x18FEF100,1,8,3F,00,00,FF,FF,FF,FF,FF
1744211,142652,0x10FF6500,1,8,FC,FF,FF,FF,FF,FF,FF,FF
1744211,142653,0x18F00500,1,8,FF,FF,FF,FF,20,2D,FF,FF
1744212,142654,0x18FEF200,1,8,00,00,00,FB,00,00,00,FF
1744219,142655,0xCF00400,1,8,FF,FF,FF,78,07,FF,FF,FF
1744220,142656,0xCFF6600,1,8,EF,00,FF,FF,FF,FF,FF,FF
1744239,142657,0xCF00400,1,8,FF,FF,FF,78,07,FF,FF,FF
1744240,142658,0xCFF6600,1,8,EF,00,FF,FF,FF,FF,FF,FF
1744260,142659,0xCF00400,1,8,FF,FF,FF,78,07,FF,FF,FF
1744260,142660,0xCFF6600,1,8,EF,00,FF,FF,FF,FF,FF,FF
1744269,142661,0x18FEEE00,1,8,62,FF,FF,FF,FF,FF,FF,FF
1744270,142662,0x18FDE500,1,8,0A,14,1E,28,32,3C,46,13
1744280,142663,0xCF00400,1,8,FF,FF,FF,FA,07,FF,FF,FF
1744280,142664,0xCFF6600,1,8,FF,00,FF,FF,FF,FF,FF,FF
1744289,142665,0x1CECFF00,1,8,20,0A,00,02,FF,CA,FE,00
1744299,142666,0xCF00400,1,8,FF,FF,FF,FA,07,FF,FF,FF
1744300,142667,0xCFF6600,1,8,FF,00,FF,FF,FF,FF,FF,FF
1744310,142668,0x18FEF100,1,8,3F,00,00,FF,FF,FF,FF,FF
1744311,142669,0x18F00500,1,8,FF,FF,FF,FF,20,2D,FF,FF
1744311,142670,0x18FEF200,1,8,05,00,00,FB,00,00,00,FF
1744319,142671,0xCF00400,1,8,FF,FF,FF,FA,07,FF,FF,FF
1744320,142672,0xCFF6600,1,8,FF,00,FF,FF,FF,FF,FF,FF
1744339,142673,0xCF00400,1,8,FF,FF,FF,FA,07,FF,FF,FF
1744340,142674,0xCFF6600,1,8,FF,00,FF,FF,FF,FF,FF,FF
1744341,142675,0x1CEBFF00,1,8,01,40,FF,0F,F0,E5,01,02
1744360,142676,0xCF00400,1,8,FF,FF,FF,FA,07,FF,FF,FF
1744360,142677,0xCFF6600,1,8,FF,00,FF,FF,FF,FF,FF,FF
1744379,142678,0xCF00400,1,8,FF,FF,FF,FA,07,FF,FF,FF
1744380,142679,0xCFF6600,1,8,FF,00,FF,FF,FF,FF,FF,FF
1744389,142680,0x1CEBFF00,1,8,02,F0,E3,01,FF,FF,FF,FF
1744400,142681,0xCF00400,1,8,FF,FF,FF,8C,11,FF,FF,FF
1744400,142682,0xCFF6600,1,8,31,02,FF,FF,FF,FF,FF,FF
1744410,142683,0x18FEF100,1,8,3F,00,00,FF,FF,FF,FF,FF
1744411,142684,0x10FF6500,1,8,FC,FF,FF,FF,FF,FF,FF,FF
1744411,142685,0x18F00500,1,8,FF,FF,FF,FF,20,2D,FF,FF
1744412,142686,0x18FEF200,1,8,05,00,00,FB,00,00,00,FF
1744420,142687,0xCF00400,1,8,FF,FF,FF,8C,11,FF,FF,FF
1744420,142688,0xCFF6600,1,8,31,02,FF,FF,FF,FF,FF,FF
1744440,142689,0xCF00400,1,8,FF,FF,FF,68,28,FF,FF,FF
1744440,142690,0xCFF6600,1,8,0D,05,FF,FF,FF,FF,FF,FF
1744460,142691,0xCF00400,1,8,FF,FF,FF,68,28,FF,FF,FF
1744460,142692,0xCFF6600,1,8,0D,05,FF,FF,FF,FF,FF,FF
1744480,142693,0xCF00400,1,8,FF,FF,FF,68,28,FF,FF,FF
1744480,142694,0xCFF6600,1,8,0D,05,FF,FF,FF,FF,FF,FF
1744500,142695,0xCF00400,1,8,FF,FF,FF,9A,25,FF,FF,FF
1744500,142696,0xCFF6600,1,8,B3,04,FF,FF,FF,FF,FF,FF
1744510,142697,0x18FEF100,1,8,3F,00,00,FF,FF,FF,FF,FF
1744511,142698,0x18F00500,1,8,FF,FF,FF,FF,20,2D,FF,FF
1744512,142699,0x18FEF200,1,8,05,00,00,FB,00,00,00,FF
1744520,142700,0xCF00400,1,8,FF,FF,FF,9A,25,FF,FF,FF
1744520,142701,0xCFF6600,1,8,B3,04,FF,FF,FF,FF,FF,FF
1744540,142702,0xCF00400,1,8,FF,FF,FF,A8,23,FF,FF,FF
1744540,142703,0xCFF6600,1,8,75,04,FF,FF,FF,FF,FF,FF
1744560,142704,0xCF00400,1,8,FF,FF,FF,A8,23,FF,FF,FF
1744560,142705,0xCFF6600,1,8,75,04,FF,FF,FF,FF,FF,FF
1744580,142706,0xCF00400,1,8,FF,FF,FF,A8,23,FF,FF,FF
1744580,142707,0xCFF6600,1,8,75,04,FF,FF,FF,FF,FF,FF
1744600,142708,0xCF00400,1,8,FF,FF,FF,F2,21,FF,FF,FF
1744600,142709,0xCFF6600,1,8,3E,04,FF,FF,FF,FF,FF,FF
1744610,142710,0x18FEF100,1,8,3F,00,00,FF,FF,FF,FF,FF
1744611,142711,0x10FF6500,1,8,FC,FF,FF,FF,FF,FF,FF,FF
1744612,142712,0x18F00500,1,8,FF,FF,FF,FF,20,2D,FF,FF
1744612,142713,0x18F00600,1,8,FF,FF,FF,FF,FF,FF,FF,FF
1744613,142714,0x18FEF200,1,8,05,00,00,FB,00,00,00,FF
1744613,142715,0x1CFDDF00,1,8,FE,FF,FF,FF,FF,FF,FF,FF
1744614,142716,0x1CFF6A00,1,8,FC,FF,FF,FF,FF,FF,FF,FF
1744620,142717,0xCF00400,1,8,FF,FF,FF,F2,21,FF,FF,FF
1744620,142718,0xCFF6600,1,8,3E,04,FF,FF,FF,FF,FF,FF
1744640,142719,0xCF00400,1,8,FF,FF,FF,F2,21,FF,FF,FF
1744640,142720,0xCFF6600,1,8,3E,04,FF,FF,FF,FF,FF,FF
1744660,142721,0xCF00400,1,8,FF,FF,FF,08,22,FF,FF,FF
1744660,142722,0xCFF6600,1,8,41,04,FF,FF,FF,FF,FF,FF
1744680,142723,0xCF00400,1,8,FF,FF,FF,08,22,FF,FF,FF
1744680,142724,0xCFF6600,1,8,41,04,FF,FF,FF,FF,FF,FF
1744700,142725,0xCF00400,1,8,FF,FF,FF,60,24,FF,FF,FF
1744700,142726,0xCFF6600,1,8,8C,04,FF,FF,FF,FF,FF,FF
1744710,142727,0x18FEF100,1,8,3F,00,00,FF,FF,FF,FF,FF
1744711,142728,0x18F00500,1,8,FF,FF,FF,FF,20,2D,FF,FF
1744712,142729,0x18FEF200,1,8,05,00,00,FB,00,00,00,FF
1744720,142730,0xCF00400,1,8,FF,FF,FF,60,24,FF,FF,FF
1744720,142731,0xCFF6600,1,8,8C,04,FF,FF,FF,FF,FF,FF
1744740,142732,0xCF00400,1,8,FF,FF,FF,B0,29,FF,FF,FF
1744740,142733,0xCFF6600,1,8,36,05,FF,FF,FF,FF,FF,FF
1744760,142734,0xCF00400,1,8,FF,FF,FF,B0,29,FF,FF,FF
1744760,142735,0xCFF6600,1,8,36,05,FF,FF,FF,FF,FF,FF
1744780,142736,0xCF00400,1,8,FF,FF,FF,60,2D,FF,FF,FF
1744780,142737,0xCFF6600,1,8,AC,05,FF,FF,FF,FF,FF,FF
1744800,142738,0xCF00400,1,8,FF,FF,FF,60,2D,FF,FF,FF
1744800,142739,0xCFF6600,1,8,AC,05,FF,FF,FF,FF,FF,FF
1744811,142740,0x18FEF100,1,8,3F,00,00,FF,FF,FF,FF,FF
1744811,142741,0x10FF6500,1,8,FC,FF,FF,FF,FF,FF,FF,FF
1744812,142742,0x18F00500,1,8,FF,FF,FF,FF,20,2D,FF,FF
1744812,142743,0x18FEF200,1,8,05,00,00,FB,00,00,00,FF
1744820,142744,0xCF00400,1,8,FF,FF,FF,8A,2E,FF,FF,FF
1744820,142745,0xCFF6600,1,8,D1,05,FF,FF,FF,FF,FF,FF
1744840,142746,0xCF00400,1,8,FF,FF,FF,8A,2E,FF,FF,FF
1744840,142747,0xCFF6600,1,8,D1,05,FF,FF,FF,FF,FF,FF
1744860,142748,0xCF00400,1,8,FF,FF,FF,FA,2F,FF,FF,FF
1744860,142749,0xCFF6600,1,8,FF,05,FF,FF,FF,FF,FF,FF
1744880,142750,0xCF00400,1,8,FF,FF,FF,FA,2F,FF,FF,FF
1744880,142751,0xCFF6600,1,8,FF,05,FF,FF,FF,FF,FF,FF
1744900,142752,0xCF00400,1,8,FF,FF,FF,A6,31,FF,FF,FF
1744900,142753,0xCFF6600,1,8,34,06,FF,FF,FF,FF,FF,FF
1744911,142754,0x18FEF100,1,8,3F,00,00,FF,FF,FF,FF,FF
1744911,142755,0x18F00500,1,8,FF,FF,FF,FF,20,2D,FF,FF
1744912,142756,0x18FEF200,1,8,05,00,00,FB,00,00,00,FF
1744920,142757,0xCF00400,1,8,FF,FF,FF,A6,31,FF,FF,FF
1744920,142758,0xCFF6600,1,8,34,06,FF,FF,FF,FF,FF,FF
1744940,142759,0xCF00400,1,8,FF,FF,FF,7C,33,FF,FF,FF
1744940,142760,0xCFF6600,1,8,6F,06,FF,FF,FF,FF,FF,FF
1744960,142761,0xCF00400,1,8,FF,FF,FF,7C,33,FF,FF,FF
1744960,142762,0xCFF6600,1,8,6F,06,FF,FF,FF,FF,FF,FF
1744980,142763,0xCF00400,1,8,FF,FF,FF,74,35,FF,FF,FF
1744980,142764,0xCFF6600,1,8,AE,06,FF,FF,FF,FF,FF,FF
1745019,142765,0xCF00400,1,8,FF,FF,FF,2A,37,FF,FF,FF
1745020,142766,0xCFF6600,1,8,E5,06,FF,FF,FF,FF,FF,FF
1745020,142767,0xCF00400,1,8,FF,FF,FF,2A,37,FF,FF,FF
1745021,142768,0x10FF6500,1,8,FC,FF,FF,FF,FF,FF,FF,FF
1745022,142769,0x18F00500,1,8,FF,FF,FF,FF,20,2D,FF,FF
1745022,142770,0x18FEF100,1,8,3F,00,00,FF,FF,FF,FF,FF
1745023,142771,0x18FEF200,1,8,05,00,00,FB,00,00,00,FF
1745040,142772,0xCF00400,1,8,FF,FF,FF,9A,38,FF,FF,FF
1745040,142773,0xCFF6600,1,8,13,07,FF,FF,FF,FF,FF,FF
1745060,142774,0xCF00400,1,8,FF,FF,FF,9A,38,FF,FF,FF
1745060,142775,0xCFF6600,1,8,13,07,FF,FF,FF,FF,FF,FF
1745080,142776,0xCF00400,1,8,FF,FF,FF,2A,39,FF,FF,FF
1745081,142777,0xCFF6600,1,8,25,07,FF,FF,FF,FF,FF,FF
1745100,142778,0xCF00400,1,8,FF,FF,FF,DC,38,FF,FF,FF
1745100,142779,0xCFF6600,1,8,1B,07,FF,FF,FF,FF,FF,FF
1745110,142780,0x18FEF100,1,8,3F,00,00,FF,FF,FF,FF,FF
1745111,142781,0x18F00500,1,8,FF,FF,FF,FF,20,2D,FF,FF
1745112,142782,0x18F00600,1,8,FF,FF,FF,FF,FF,FF,FF,FF
1745112,142783,0x18FEF200,1,8,05,00,00,FB,00,00,00,FF
1745113,142784,0x1CFDDF00,1,8,FE,FF,FF,FF,FF,FF,FF,FF
1745114,142785,0x1CFF6A00,1,8,FC,FF,FF,FF,FF,FF,FF,FF
1745120,142786,0xCF00400,1,8,FF,FF,FF,DC,38,FF,FF,FF
1745120,142787,0xCFF6600,1,8,1B,07,FF,FF,FF,FF,FF,FF
1745140,142788,0xCF00400,1,8,FF,FF,FF,5E,39,FF,FF,FF
1745140,142789,0xCFF6600,1,8,2B,07,FF,FF,FF,FF,FF,FF
1745160,142790,0xCF00400,1,8,FF,FF,FF,A8,3A,FF,FF,FF
1745161,142791,0xCFF6600,1,8,55,07,FF,FF,FF,FF,FF,FF
1745180,142792,0xCF00400,1,8,FF,FF,FF,A8,3A,FF,FF,FF
1745180,142793,0xCFF6600,1,8,55,07,FF,FF,FF,FF,FF,FF
1745200,142794,0xCF00400,1,8,FF,FF,FF,98,3B,FF,FF,FF
1745201,142795,0xCFF6600,1,8,73,07,FF,FF,FF,FF,FF,FF
1745210,142796,0x18FEF100,1,8,3F,00,00,FF,FF,FF,FF,FF
1745211,142797,0x10FF6500,1,8,FC,FF,FF,FF,FF,FF,FF,FF
1745212,142798,0x18F00500,1,8,FF,FF,FF,FF,20,2D,FF,FF
1745212,142799,0x18FEF200,1,8,05,00,00,FB,00,00,00,FF
1745220,142800,0xCF00400,1,8,FF,FF,FF,98,3B,FF,FF,FF
1745221,142801,0xCFF6600,1,8,73,07,FF,FF,FF,FF,FF,FF
1745250,142802,0xCF00400,1,8,FF,FF,FF,3A,3C,FF,FF,FF
1745251,142803,0xCFF6600,1,8,87,07,FF,FF,FF,FF,FF,FF
1745259,142804,0x18EEFF00,1,8,08,CF,60,06,00,00,00,00
1745260,142805,0xCF00400,1,8,FF,FF,FF,56,3D,FF,FF,FF
1745261,142806,0xCFF6600,1,8,AA,07,FF,FF,FF,FF,FF,FF
1745269,142807,0x18FEEE00,1,8,62,FF,FF,FF,FF,FF,FF,FF
1745270,142808,0x18FDE500,1,8,0A,14,1E,28,32,3C,46,13
1745280,142809,0xCF00400,1,8,FF,FF,FF,56,3D,FF,FF,FF
1745281,142810,0xCFF6600,1,8,AA,07,FF,FF,FF,FF,FF,FF
1745289,142811,0x1CECFF00,1,8,20,0A,00,02,FF,CA,FE,00
1745300,142812,0xCF00400,1,8,FF,FF,FF,DA,3E,FF,FF,FF
1745300,142813,0xCFF6600,1,8,DB,07,FF,FF,FF,FF,FF,FF
1745311,142814,0x18FEF100,1,8,3F,00,00,FF,FF,FF,FF,FF
1745312,142815,0x18F00500,1,8,FF,FF,FF,FF,20,2D,FF,FF
1745312,142816,0x18FEF200,1,8,13,00,00,FB,00,00,00,FF
1745320,142817,0xCF00400,1,8,FF,FF,FF,4C,40,FF,FF,FF
1745320,142818,0xCFF6600,1,8,09,08,FF,FF,FF,FF,FF,FF
1745340,142819,0xCF00400,1,8,FF,FF,FF,BC,41,FF,FF,FF
1745340,142820,0xCFF6600,1,8,37,08,FF,FF,FF,FF,FF,FF
1745341,142821,0x1CEBFF00,1,8,01,40,FF,0F,F0,E5,01,02
1745360,142822,0xCF00400,1,8,FF,FF,FF,BC,41,FF,FF,FF
1745360,142823,0xCFF6600,1,8,37,08,FF,FF,FF,FF,FF,FF
1745380,142824,0xCF00400,1,8,FF,FF,FF,0E,43,FF,FF,FF
1745381,142825,0xCFF6600,1,8,61,08,FF,FF,FF,FF,FF,FF
1745390,142826,0x1CEBFF00,1,8,02,F0,E3,01,FF,FF,FF,FF
1745400,142827,0xCF00400,1,8,FF,FF,FF,4E,44,FF,FF,FF
1745400,142828,0xCFF6600,1,8,89,08,FF,FF,FF,FF,FF,FF
1745410,142829,0x18FEF100,1,8,3F,00,00,FF,FF,FF,FF,FF
1745411,142830,0x10FF6500,1,8,FC,FF,FF,FF,FF,FF,FF,FF
1745412,142831,0x18F00500,1,8,FF,FF,FF,FF,20,2D,FF,FF
1745412,142832,0x18FEF200,1,8,13,00,00,FB,00,00,00,FF
1745420,142833,0xCF00400,1,8,FF,FF,FF,3C,45,FF,FF,FF
1745421,142834,0xCFF6600,1,8,A7,08,FF,FF,FF,FF,FF,FF
1745440,142835,0xCF00400,1,8,FF,FF,FF,3C,45,FF,FF,FF
1745440,142836,0xCFF6600,1,8,A7,08,FF,FF,FF,FF,FF,FF
1745460,142837,0xCF00400,1,8,FF,FF,FF,E6,45,FF,FF,FF
1745461,142838,0xCFF6600,1,8,BC,08,FF,FF,FF,FF,FF,FF
1745480,142839,0xCF00400,1,8,FF,FF,FF,A4,46,FF,FF,FF
1745480,142840,0xCFF6600,1,8,D4,08,FF,FF,FF,FF,FF,FF
1745500,142841,0xCF00400,1,8,FF,FF,FF,7A,47,FF,FF,FF
1745501,142842,0xCFF6600,1,8,EF,08,FF,FF,FF,FF,FF,FF
1745511,142843,0x18FEF100,1,8,3F,00,00,FF,FF,FF,FF,FF
1745511,142844,0x18F00500,1,8,FF,FF,FF,FF,20,2D,FF,FF
1745512,142845,0x18FEF200,1,8,13,00,00,FB,00,00,00,FF
1745520,142846,0xCF00400,1,8,FF,FF,FF,7A,47,FF,FF,FF
1745520,142847,0xCFF6600,1,8,EF,08,FF,FF,FF,FF,FF,FF
1745540,142848,0xCF00400,1,8,FF,FF,FF,FE,47,FF,FF,FF
1745540,142849,0xCFF6600,1,8,FF,08,FF,FF,FF,FF,FF,FF
1745560,142850,0xCF00400,1,8,FF,FF,FF,3A,48,FF,FF,FF
1745560,142851,0xCFF6600,1,8,07,09,FF,FF,FF,FF,FF,FF
1745580,142852,0xCF00400,1,8,FF,FF,FF,64,48,FF,FF,FF
1745580,142853,0xCFF6600,1,8,0C,09,FF,FF,FF,FF,FF,FF
1745600,142854,0xCF00400,1,8,FF,FF,FF,64,48,FF,FF,FF
1745600,142855,0xCFF6600,1,8,0C,09,FF,FF,FF,FF,FF,FF
1745610,142856,0x18FEF100,1,8,3F,00,00,FF,FF,FF,FF,FF
1745611,142857,0x10FF6500,1,8,FC,FF,FF,FF,FF,FF,FF,FF
1745612,142858,0x18F00500,1,8,FF,FF,FF,FF,20,2D,FF,FF
1745612,142859,0x18F00600,1,8,FF,FF,FF,FF,FF,FF,FF,FF
1745613,142860,0x18FEF200,1,8,13,00,00,FB,00,00,00,FF
1745613,142861,0x1CFDDF00,1,8,FE,FF,FF,FF,FF,FF,FF,FF
1745614,142862,0x1CFF6A00,1,8,FC,FF,FF,FF,FF,FF,FF,FF
1745620,142863,0xCF00400,1,8,FF,FF,FF,82,48,FF,FF,FF
1745620,142864,0xCFF6600,1,8,10,09,FF,FF,FF,FF,FF,FF
1745640,142865,0xCF00400,1,8,FF,FF,FF,BC,48,FF,FF,FF
1745640,142866,0xCFF6600,1,8,17,09,FF,FF,FF,FF,FF,FF
1745660,142867,0xCF00400,1,8,FF,FF,FF,18,49,FF,FF,FF
1745660,142868,0xCFF6600,1,8,23,09,FF,FF,FF,FF,FF,FF
1745680,142869,0xCF00400,1,8,FF,FF,FF,5C,49,FF,FF,FF
1745681,142870,0xCFF6600,1,8,2B,09,FF,FF,FF,FF,FF,FF
1745700,142871,0xCF00400,1,8,FF,FF,FF,5C,49,FF,FF,FF
1745700,142872,0xCFF6600,1,8,2B,09,FF,FF,FF,FF,FF,FF
1745711,142873,0x18FEF100,1,8,3F,00,00,FF,FF,FF,FF,FF
1745711,142874,0x18F00500,1,8,FF,FF,FF,FF,20,2D,FF,FF
1745712,142875,0x18FEF200,1,8,13,00,00,FB,00,00,00,FF
1745720,142876,0xCF00400,1,8,FF,FF,FF,8A,49,FF,FF,FF
1745720,142877,0xCFF6600,1,8,31,09,FF,FF,FF,FF,FF,FF
1745740,142878,0xCF00400,1,8,FF,FF,FF,9E,49,FF,FF,FF
1745740,142879,0xCFF6600,1,8,33,09,FF,FF,FF,FF,FF,FF
1745760,142880,0xCF00400,1,8,FF,FF,FF,96,49,FF,FF,FF
1745760,142881,0xCFF6600,1,8,32,09,FF,FF,FF,FF,FF,FF
1745780,142882,0xCF00400,1,8,FF,FF,FF,96,49,FF,FF,FF
1745780,142883,0xCFF6600,1,8,32,09,FF,FF,FF,FF,FF,FF
1745800,142884,0xCF00400,1,8,FF,FF,FF,80,49,FF,FF,FF
1745800,142885,0xCFF6600,1,8,30,09,FF,FF,FF,FF,FF,FF
1745810,142886,0x18FEF100,1,8,3F,00,00,FF,FF,FF,FF,FF
1745811,142887,0x10FF6500,1,8,FC,FF,FF,FF,FF,FF,FF,FF
1745812,142888,0x18F00500,1,8,FF,FF,FF,FF,20,2D,FF,FF
1745812,142889,0x18FEF200,1,8,13,00,00,FB,00,00,00,FF
1745820,142890,0xCF00400,1,8,FF,FF,FF,5C,49,FF,FF,FF
1745821,142891,0xCFF6600,1,8,2B,09,FF,FF,FF,FF,FF,FF
1745840,142892,0xCF00400,1,8,FF,FF,FF,8E,49,FF,FF,FF
1745840,142893,0xCFF6600,1,8,31,09,FF,FF,FF,FF,FF,FF
1745860,142894,0xCF00400,1,8,FF,FF,FF,0C,4A,FF,FF,FF
1745860,142895,0xCFF6600,1,8,41,09,FF,FF,FF,FF,FF,FF
1745880,142896,0xCF00400,1,8,FF,FF,FF,0C,4A,FF,FF,FF
1745880,142897,0xCFF6600,1,8,41,09,FF,FF,FF,FF,FF,FF
1745900,142898,0xCF00400,1,8,FF,FF,FF,6A,4A,FF,FF,FF
1745900,142899,0xCFF6600,1,8,4D,09,FF,FF,FF,FF,FF,FF
1745911,142900,0x18FEF100,1,8,3F,00,00,FF,FF,FF,FF,FF
1745911,142901,0x18F00500,1,8,FF,FF,FF,FF,20,2D,FF,FF
1745912,142902,0x18FEF200,1,8,13,00,00,FB,00,00,00,FF
1745920,142903,0xCF00400,1,8,FF,FF,FF,AC,4A,FF,FF,FF
1745920,142904,0xCFF6600,1,8,55,09,FF,FF,FF,FF,FF,FF
1745940,142905,0xCF00400,1,8,FF,FF,FF,92,4A,FF,FF,FF
1745940,142906,0xCFF6600,1,8,52,09,FF,FF,FF,FF,FF,FF
1745960,142907,0xCF00400,1,8,FF,FF,FF,1E,4A,FF,FF,FF
1745960,142908,0xCFF6600,1,8,43,09,FF,FF,FF,FF,FF,FF
1745980,142909,0xCF00400,1,8,FF,FF,FF,1E,4A,FF,FF,FF
1745980,142910,0xCFF6600,1,8,43,09,FF,FF,FF,FF,FF,FF
1746000,142911,0xCF00400,1,8,FF,FF,FF,16,4A,FF,FF,FF
1746000,142912,0xCFF6600,1,8,42,09,FF,FF,FF,FF,FF,FF
1746011,142913,0x18FEF100,1,8,3F,00,00,FF,FF,FF,FF,FF
1746012,142914,0x10FF6500,1,8,FC,FF,FF,FF,FF,FF,FF,FF
1746012,142915,0x18F00500,1,8,FF,FF,FF,FF,20,2D,FF,FF
1746013,142916,0x18FEF200,1,8,13,00,00,FB,00,00,00,FF
1746020,142917,0xCF00400,1,8,FF,FF,FF,76,4A,FF,FF,FF
1746020,142918,0xCFF6600,1,8,4E,09,FF,FF,FF,FF,FF,FF
1746040,142919,0xCF00400,1,8,FF,FF,FF,98,4A,FF,FF,FF
1746040,142920,0xCFF6600,1,8,53,09,FF,FF,FF,FF,FF,FF
1746060,142921,0xCF00400,1,8,FF,FF,FF,7E,4A,FF,FF,FF
1746061,142922,0xCFF6600,1,8,4F,09,FF,FF,FF,FF,FF,FF
1746080,142923,0xCF00400,1,8,FF,FF,FF,7E,4A,FF,FF,FF
1746080,142924,0xCFF6600,1,8,4F,09,FF,FF,FF,FF,FF,FF
1746100,142925,0xCF00400,1,8,FF,FF,FF,94,4A,FF,FF,FF
1746100,142926,0xCFF6600,1,8,52,09,FF,FF,FF,FF,FF,FF
1746111,142927,0x18FEF100,1,8,3F,00,00,FF,FF,FF,FF,FF
1746112,142928,0x18F00500,1,8,FF,FF,FF,FF,20,2D,FF,FF
1746112,142929,0x18F00600,1,8,FF,FF,FF,FF,FF,FF,FF,FF
1746113,142930,0x18FEF200,1,8,13,00,00,FB,00,00,00,FF
1746114,142931,0x1CFDDF00,1,8,FE,FF,FF,FF,FF,FF,FF,FF
1746114,142932,0x1CFF6A00,1,8,FC,FF,FF,FF,FF,FF,FF,FF
1746120,142933,0xCF00400,1,8,FF,FF,FF,DA,4A,FF,FF,FF
1746120,142934,0xCFF6600,1,8,5B,09,FF,FF,FF,FF,FF,FF
1746140,142935,0xCF00400,1,8,FF,FF,FF,40,4B,FF,FF,FF
1746140,142936,0xCFF6600,1,8,68,09,FF,FF,FF,FF,FF,FF
1746160,142937,0xCF00400,1,8,FF,FF,FF,C6,4B,FF,FF,FF
1746161,142938,0xCFF6600,1,8,78,09,FF,FF,FF,FF,FF,FF
1746180,142939,0xCF00400,1,8,FF,FF,FF,C6,4B,FF,FF,FF
1746180,142940,0xCFF6600,1,8,78,09,FF,FF,FF,FF,FF,FF
1746200,142941,0xCF00400,1,8,FF,FF,FF,F8,4B,FF,FF,FF
1746200,142942,0xCFF6600,1,8,7F,09,FF,FF,FF,FF,FF,FF
1746210,142943,0x18FEF100,1,8,3F,00,00,FF,FF,FF,FF,FF
1746211,142944,0x10FF6500,1,8,FC,FF,FF,FF,FF,FF,FF,FF
1746212,142945,0x18F00500,1,8,FF,FF,FF,FF,20,2D,FF,FF
1746212,142946,0x18FEF200,1,8,13,00,00,FB,00,00,00,FF
1746220,142947,0xCF00400,1,8,FF,FF,FF,DA,4B,FF,FF,FF
1746220,142948,0xCFF6600,1,8,7B,09,FF,FF,FF,FF,FF,FF
1746240,142949,0xCF00400,1,8,FF,FF,FF,26,4C,FF,FF,FF
1746240,142950,0xCFF6600,1,8,84,09,FF,FF,FF,FF,FF,FF
1746260,142951,0xCF00400,1,8,FF,FF,FF,D0,4C,FF,FF,FF
1746260,142952,0xCFF6600,1,8,9A,09,FF,FF,FF,FF,FF,FF
1746270,142953,0x18FEEE00,1,8,62,FF,FF,FF,FF,FF,FF,FF
1746270,142954,0x18FDE500,1,8,0A,14,1E,28,32,3C,46,13
1746280,142955,0xCF00400,1,8,FF,FF,FF,D0,4C,FF,FF,FF
1746280,142956,0xCFF6600,1,8,9A,09,FF,FF,FF,FF,FF,FF
1746289,142957,0x1CECFF00,1,8,20,0A,00,02,FF,CA,FE,00
1746300,142958,0xCF00400,1,8,FF,FF,FF,0A,4D,FF,FF,FF
1746300,142959,0xCFF6600,1,8,A1,09,FF,FF,FF,FF,FF,FF
1746311,142960,0x18FEF100,1,8,3F,00,00,FF,FF,FF,FF,FF
1746311,142961,0x18F00500,1,8,FF,FF,FF,FF,20,2D,FF,FF
1746312,142962,0x18FEF200,1,8,1F,00,00,FB,00,00,00,FF
1746320,142963,0xCF00400,1,8,FF,FF,FF,E0,4C,FF,FF,FF
1746320,142964,0xCFF6600,1,8,9C,09,FF,FF,FF,FF,FF,FF
1746340,142965,0xCF00400,1,8,FF,FF,FF,D8,4C,FF,FF,FF
1746340,142966,0xCFF6600,1,8,9B,09,FF,FF,FF,FF,FF,FF
1746341,142967,0x1CEBFF00,1,8,01,40,FF,0F,F0,E5,01,02
1746360,142968,0xCF00400,1,8,FF,FF,FF,28,4D,FF,FF,FF
1746360,142969,0xCFF6600,1,8,A5,09,FF,FF,FF,FF,FF,FF
1746380,142970,0xCF00400,1,8,FF,FF,FF,6E,4D,FF,FF,FF
1746380,142971,0xCFF6600,1,8,AD,09,FF,FF,FF,FF,FF,FF
1746389,142972,0x1CEBFF00,1,8,02,F0,E3,01,FF,FF,FF,FF
1746400,142973,0xCF00400,1,8,FF,FF,FF,6E,4D,FF,FF,FF
1746400,142974,0xCFF6600,1,8,AD,09,FF,FF,FF,FF,FF,FF
1746410,142975,0x18FEF100,1,8,3F,00,00,FF,FF,FF,FF,FF
1746411,142976,0x10FF6500,1,8,FC,FF,FF,FF,FF,FF,FF,FF
1746412,142977,0x18F00500,1,8,FF,FF,FF,FF,20,2D,FF,FF
1746412,142978,0x18FEF200,1,8,1F,00,00,FB,00,00,00,FF
1746420,142979,0xCF00400,1,8,FF,FF,FF,82,4D,FF,FF,FF
1746420,142980,0xCFF6600,1,8,B0,09,FF,FF,FF,FF,FF,FF
1746440,142981,0xCF00400,1,8,FF,FF,FF,EE,4D,FF,FF,FF
1746440,142982,0xCFF6600,1,8,BD,09,FF,FF,FF,FF,FF,FF
1746460,142983,0xCF00400,1,8,FF,FF,FF,A6,4E,FF,FF,FF
1746460,142984,0xCFF6600,1,8,D4,09,FF,FF,FF,FF,FF,FF
1746480,142985,0xCF00400,1,8,FF,FF,FF,D0,4E,FF,FF,FF
1746480,142986,0xCFF6600,1,8,DA,09,FF,FF,FF,FF,FF,FF
1746500,142987,0xCF00400,1,8,FF,FF,FF,72,4E,FF,FF,FF
1746500,142988,0xCFF6600,1,8,CE,09,FF,FF,FF,FF,FF,FF
1746511,142989,0x18FEF100,1,8,3F,00,00,FF,FF,FF,FF,FF
1746512,142990,0x18F00500,1,8,FF,FF,FF,FF,20,2D,FF,FF
1746512,142991,0x18FEF200,1,8,1F,00,00,FB,00,00,00,FF
1746520,142992,0xCF00400,1,8,FF,FF,FF,72,4E,FF,FF,FF
1746520,142993,0xCFF6600,1,8,CE,09,FF,FF,FF,FF,FF,FF
1746540,142994,0xCF00400,1,8,FF,FF,FF,22,4E,FF,FF,FF
1746540,142995,0xCFF6600,1,8,C4,09,FF,FF,FF,FF,FF,FF
1746560,142996,0xCF00400,1,8,FF,FF,FF,DA,4D,FF,FF,FF
1746560,142997,0xCFF6600,1,8,BB,09,FF,FF,FF,FF,FF,FF
1746580,142998,0xCF00400,1,8,FF,FF,FF,7E,4D,FF,FF,FF
1746580,142999,0xCFF6600,1,8,AF,09,FF,FF,FF,FF,FF,FF
1746600,143000,0xCF00400,1,8,FF,FF,FF,12,4D,FF,FF,FF
1746600,143001,0xCFF6600,1,8,A2,09,FF,FF,FF,FF,FF,FF
1746610,143002,0x18FEF100,1,8,3F,00,00,FF,FF,FF,FF,FF
1746611,143003,0x10FF6500,1,8,FC,FF,FF,FF,FF,FF,FF,FF
1746612,143004,0x18F00500,1,8,FF,FF,FF,FF,20,2D,FF,FF
1746612,143005,0x18F00600,1,8,FF,FF,FF,FF,FF,FF,FF,FF
1746613,143006,0x18FEF200,1,8,1F,00,00,FB,00,00,00,FF
1746613,143007,0x1CFDDF00,1,8,FE,FF,FF,FF,FF,FF,FF,FF
1746614,143008,0x1CFF6A00,1,8,FC,FF,FF,FF,FF,FF,FF,FF
1746620,143009,0xCF00400,1,8,FF,FF,FF,0A,4D,FF,FF,FF
1746621,143010,0xCFF6600,1,8,A1,09,FF,FF,FF,FF,FF,FF
1746640,143011,0xCF00400,1,8,FF,FF,FF,0A,4D,FF,FF,FF
1746640,143012,0xCFF6600,1,8,A1,09,FF,FF,FF,FF,FF,FF
1746660,143013,0xCF00400,1,8,FF,FF,FF,6C,4D,FF,FF,FF
1746660,143014,0xCFF6600,1,8,AD,09,FF,FF,FF,FF,FF,FF
1746680,143015,0xCF00400,1,8,FF,FF,FF,A2,4D,FF,FF,FF
1746681,143016,0xCFF6600,1,8,B4,09,FF,FF,FF,FF,FF,FF
1746700,143017,0xCF00400,1,8,FF,FF,FF,C6,4D,FF,FF,FF
1746700,143018,0xCFF6600,1,8,B8,09,FF,FF,FF,FF,FF,FF
1746710,143019,0x18FEF100,1,8,3F,00,00,FF,FF,FF,FF,FF
1746711,143020,0x18F00500,1,8,FF,FF,FF,FF,20,2D,FF,FF
1746712,143021,0x18FEF200,1,8,1F,00,00,FB,00,00,00,FF
1746720,143022,0xCF00400,1,8,FF,FF,FF,BE,4D,FF,FF,FF
1746720,143023,0xCFF6600,1,8,B7,09,FF,FF,FF,FF,FF,FF
1746740,143024,0xCF00400,1,8,FF,FF,FF,92,4D,FF,FF,FF
1746741,143025,0xCFF6600,1,8,B2,09,FF,FF,FF,FF,FF,FF
1746760,143026,0xCF00400,1,8,FF,FF,FF,92,4D,FF,FF,FF
1746760,143027,0xCFF6600,1,8,B2,09,FF,FF,FF,FF,FF,FF
1746780,143028,0xCF00400,1,8,FF,FF,FF,9E,4D,FF,FF,FF
1746780,143029,0xCFF6600,1,8,B3,09,FF,FF,FF,FF,FF,FF
1746800,143030,0xCF00400,1,8,FF,FF,FF,B0,4D,FF,FF,FF
1746800,143031,0xCFF6600,1,8,B6,09,FF,FF,FF,FF,FF,FF
1746810,143032,0x18FEF100,1,8,3F,00,00,FF,FF,FF,FF,FF
1746811,143033,0x10FF6500,1,8,FC,FF,FF,FF,FF,FF,FF,FF
1746812,143034,0x18F00500,1,8,FF,FF,FF,FF,20,2D,FF,FF
1746812,143035,0x18FEF200,1,8,1F,00,00,FB,00,00,00,FF
1746820,143036,0xCF00400,1,8,FF,FF,FF,BA,4D,FF,FF,FF
1746820,143037,0xCFF6600,1,8,B7,09,FF,FF,FF,FF,FF,FF
1746840,143038,0xCF00400,1,8,FF,FF,FF,D0,4D,FF,FF,FF
1746840,143039,0xCFF6600,1,8,BA,09,FF,FF,FF,FF,FF,FF
1746860,143040,0xCF00400,1,8,FF,FF,FF,D0,4D,FF,FF,FF
1746860,143041,0xCFF6600,1,8,BA,09,FF,FF,FF,FF,FF,FF
1746880,143042,0xCF00400,1,8,FF,FF,FF,EA,4D,FF,FF,FF
1746880,143043,0xCFF6600,1,8,BD,09,FF,FF,FF,FF,FF,FF
1746900,143044,0xCF00400,1,8,FF,FF,FF,02,4E,FF,FF,FF
1746900,143045,0xCFF6600,1,8,C0,09,FF,FF,FF,FF,FF,FF
1746911,143046,0x18FEF100,1,8,3F,00,00,FF,FF,FF,FF,FF
1746912,143047,0x18F00500,1,8,FF,FF,FF,FF,20,2D,FF,FF
1746912,143048,0x18FEF200,1,8,1F,00,00,FB,00,00,00,FF
1746920,143049,0xCF00400,1,8,FF,FF,FF,AC,4D,FF,FF,FF
1746920,143050,0xCFF6600,1,8,B5,09,FF,FF,FF,FF,FF,FF
1746940,143051,0xCF00400,1,8,FF,FF,FF,F6,4C,FF,FF,FF
1746940,143052,0xCFF6600,1,8,9E,09,FF,FF,FF,FF,FF,FF
1746960,143053,0xCF00400,1,8,FF,FF,FF,B4,4C,FF,FF,FF
1746960,143054,0xCFF6600,1,8,96,09,FF,FF,FF,FF,FF,FF
1746980,143055,0xCF00400,1,8,FF,FF,FF,B4,4C,FF,FF,FF
1746980,143056,0xCFF6600,1,8,96,09,FF,FF,FF,FF,FF,FF
1747000,143057,0xCF00400,1,8,FF,FF,FF,D8,4C,FF,FF,FF
1747000,143058,0xCFF6600,1,8,9B,09,FF,FF,FF,FF,FF,FF
1747010,143059,0x18FEF100,1,8,3F,00,00,FF,FF,FF,FF,FF
1747011,143060,0x18F00500,1,8,FF,FF,FF,FF,20,2D,FF,FF
1747012,143061,0x10FF6500,1,8,FC,FF,FF,FF,FF,FF,FF,FF
1747012,143062,0x18FEF200,1,8,1F,00,00,FB,00,00,00,FF
1747020,143063,0xCF00400,1,8,FF,FF,FF,6C,4C,FF,FF,FF
1747021,143064,0xCFF6600,1,8,8D,09,FF,FF,FF,FF,FF,FF
1747040,143065,0xCF00400,1,8,FF,FF,FF,78,4B,FF,FF,FF
1747040,143066,0xCFF6600,1,8,6F,09,FF,FF,FF,FF,FF,FF
1747060,143067,0xCF00400,1,8,FF,FF,FF,A8,4A,FF,FF,FF
1747060,143068,0xCFF6600,1,8,55,09,FF,FF,FF,FF,FF,FF
1747080,143069,0xCF00400,1,8,FF,FF,FF,A8,4A,FF,FF,FF
1747080,143070,0xCFF6600,1,8,55,09,FF,FF,FF,FF,FF,FF
1747100,143071,0xCF00400,1,8,FF,FF,FF,F4,49,FF,FF,FF
1747100,143072,0xCFF6600,1,8,3E,09,FF,FF,FF,FF,FF,FF
1747111,143073,0x18FEF100,1,8,3F,00,00,FF,FF,FF,FF,FF
1747111,143074,0x18F00500,1,8,FF,FF,FF,FF,20,2D,FF,FF
1747112,143075,0x18F00600,1,8,FF,FF,FF,FF,FF,FF,FF,FF
1747112,143076,0x18FEF200,1,8,1F,00,00,FB,00,00,00,FF
1747113,143077,0x1CFDDF00,1,8,FE,FF,FF,FF,FF,FF,FF,FF
1747114,143078,0x1CFF6A00,1,8,FC,FF,FF,FF,FF,FF,FF,FF
1747120,143079,0xCF00400,1,8,FF,FF,FF,B4,49,FF,FF,FF
1747120,143080,0xCFF6600,1,8,36,09,FF,FF,FF,FF,FF,FF
1747140,143081,0xCF00400,1,8,FF,FF,FF,E8,49,FF,FF,FF
1747140,143082,0xCFF6600,1,8,3D,09,FF,FF,FF,FF,FF,FF
1747160,143083,0xCF00400,1,8,FF,FF,FF,10,4A,FF,FF,FF
1747160,143084,0xCFF6600,1,8,42,09,FF,FF,FF,FF,FF,FF
1747180,143085,0xCF00400,1,8,FF,FF,FF,10,4A,FF,FF,FF
1747180,143086,0xCFF6600,1,8,42,09,FF,FF,FF,FF,FF,FF
1747200,143087,0xCF00400,1,8,FF,FF,FF,22,4A,FF,FF,FF
1747200,143088,0xCFF6600,1,8,44,09,FF,FF,FF,FF,FF,FF
1747211,143089,0x18FEF100,1,8,3F,00,00,FF,FF,FF,FF,FF
1747212,143090,0x10FF6500,1,8,FC,FF,FF,FF,FF,FF,FF,FF
1747212,143091,0x18F00500,1,8,FF,FF,FF,FF,20,2D,FF,FF
1747213,143092,0x18FEF200,1,8,1F,00,00,FB,00,00,00,FF
1747220,143093,0xCF00400,1,8,FF,FF,FF,AC,49,FF,FF,FF
1747220,143094,0xCFF6600,1,8,35,09,FF,FF,FF,FF,FF,FF
1747240,143095,0xCF00400,1,8,FF,FF,FF,B6,48,FF,FF,FF
1747240,143096,0xCFF6600,1,8,16,09,FF,FF,FF,FF,FF,FF
1747260,143097,0xCF00400,1,8,FF,FF,FF,B6,48,FF,FF,FF
1747260,143098,0xCFF6600,1,8,16,09,FF,FF,FF,FF,FF,FF
1747269,143099,0x18FEEE00,1,8,62,FF,FF,FF,FF,FF,FF,FF
1747270,143100,0x18FDE500,1,8,0A,14,1E,28,32,3C,46,13
1747280,143101,0xCF00400,1,8,FF,FF,FF,68,48,FF,FF,FF
1747280,143102,0xCFF6600,1,8,0D,09,FF,FF,FF,FF,FF,FF
1747289,143103,0x1CECFF00,1,8,20,0A,00,02,FF,CA,FE,00
1747300,143104,0xCF00400,1,8,FF,FF,FF,AE,48,FF,FF,FF
1747301,143105,0xCFF6600,1,8,15,09,FF,FF,FF,FF,FF,FF
1747311,143106,0x18FEF100,1,8,3F,00,00,FF,FF,FF,FF,FF
1747311,143107,0x18F00500,1,8,FF,FF,FF,FF,20,2D,FF,FF
1747312,143108,0x18FEF200,1,8,1F,00,00,FB,00,00,00,FF
1747320,143109,0xCF00400,1,8,FF,FF,FF,C6,48,FF,FF,FF
1747320,143110,0xCFF6600,1,8,18,09,FF,FF,FF,FF,FF,FF
1747340,143111,0xCF00400,1,8,FF,FF,FF,B4,48,FF,FF,FF
1747340,143112,0xCFF6600,1,8,16,09,FF,FF,FF,FF,FF,FF
1747341,143113,0x1CEBFF00,1,8,01,40,FF,0F,F0,E5,01,02
1747360,143114,0xCF00400,1,8,FF,FF,FF,B4,48,FF,FF,FF
1747360,143115,0xCFF6600,1,8,16,09,FF,FF,FF,FF,FF,FF
1747380,143116,0xCF00400,1,8,FF,FF,FF,7E,48,FF,FF,FF
1747380,143117,0xCFF6600,1,8,0F,09,FF,FF,FF,FF,FF,FF
1747389,143118,0x1CEBFF00,1,8,02,F0,E3,01,FF,FF,FF,FF
1747400,143119,0xCF00400,1,8,FF,FF,FF,2A,48,FF,FF,FF
1747400,143120,0xCFF6600,1,8,05,09,FF,FF,FF,FF,FF,FF
1747410,143121,0x18FEF100,1,8,3F,00,00,FF,FF,FF,FF,FF
1747411,143122,0x10FF6500,1,8,FC,FF,FF,FF,FF,FF,FF,FF
1747412,143123,0x18F00500,1,8,FF,FF,FF,FF,20,2D,FF,FF
1747412,143124,0x18FEF200,1,8,1F,00,00,FB,00,00,00,FF
1747420,143125,0xCF00400,1,8,FF,FF,FF,1A,48,FF,FF,FF
1747420,143126,0xCFF6600,1,8,03,09,FF,FF,FF,FF,FF,FF
1747440,143127,0xCF00400,1,8,FF,FF,FF,1A,48,FF,FF,FF
1747440,143128,0xCFF6600,1,8,03,09,FF,FF,FF,FF,FF,FF
1747460,143129,0xCF00400,1,8,FF,FF,FF,44,48,FF,FF,FF
1747460,143130,0xCFF6600,1,8,08,09,FF,FF,FF,FF,FF,FF
1747480,143131,0xCF00400,1,8,FF,FF,FF,4C,48,FF,FF,FF
1747480,143132,0xCFF6600,1,8,09,09,FF,FF,FF,FF,FF,FF
1747500,143133,0xCF00400,1,8,FF,FF,FF,36,48,FF,FF,FF
1747500,143134,0xCFF6600,1,8,06,09,FF,FF,FF,FF,FF,FF
1747511,143135,0x18FEF100,1,8,3F,00,00,FF,FF,FF,FF,FF
1747511,143136,0x18F00500,1,8,FF,FF,FF,FF,20,2D,FF,FF
1747512,143137,0x18FEF200,1,8,1F,00,00,FB,00,00,00,FF
1747520,143138,0xCF00400,1,8,FF,FF,FF,36,48,FF,FF,FF
1747520,143139,0xCFF6600,1,8,06,09,FF,FF,FF,FF,FF,FF
1747540,143140,0xCF00400,1,8,FF,FF,FF,3E,48,FF,FF,FF
1747540,143141,0xCFF6600,1,8,07,09,FF,FF,FF,FF,FF,FF
1747560,143142,0xCF00400,1,8,FF,FF,FF,5E,48,FF,FF,FF
1747561,143143,0xCFF6600,1,8,0B,09,FF,FF,FF,FF,FF,FF
1747580,143144,0xCF00400,1,8,FF,FF,FF,B2,48,FF,FF,FF
1747580,143145,0xCFF6600,1,8,16,09,FF,FF,FF,FF,FF,FF
1747600,143146,0xCF00400,1,8,FF,FF,FF,30,49,FF,FF,FF
1747600,143147,0xCFF6600,1,8,26,09,FF,FF,FF,FF,FF,FF
1747611,143148,0x18FEF100,1,8,3F,00,00,FF,FF,FF,FF,FF
1747611,143149,0x10FF6500,1,8,FC,FF,FF,FF,FF,FF,FF,FF
1747612,143150,0x18F00500,1,8,FF,FF,FF,FF,20,2D,FF,FF
1747613,143151,0x18F00600,1,8,FF,FF,FF,FF,FF,FF,FF,FF
1747613,143152,0x18FEF200,1,8,1F,00,00,FB,00,00,00,FF
1747614,143153,0x1CFDDF00,1,8,FE,FF,FF,FF,FF,FF,FF,FF
1747614,143154,0x1CFF6A00,1,8,FC,FF,FF,FF,FF,FF,FF,FF
1747620,143155,0xCF00400,1,8,FF,FF,FF,30,49,FF,FF,FF
1747620,143156,0xCFF6600,1,8,26,09,FF,FF,FF,FF,FF,FF
1747640,143157,0xCF00400,1,8,FF,FF,FF,86,49,FF,FF,FF
1747640,143158,0xCFF6600,1,8,30,09,FF,FF,FF,FF,FF,FF
1747660,143159,0xCF00400,1,8,FF,FF,FF,C4,49,FF,FF,FF
1747660,143160,0xCFF6600,1,8,38,09,FF,FF,FF,FF,FF,FF
1747680,143161,0xCF00400,1,8,FF,FF,FF,CA,49,FF,FF,FF
1747680,143162,0xCFF6600,1,8,39,09,FF,FF,FF,FF,FF,FF
1747700,143163,0xCF00400,1,8,FF,FF,FF,A4,49,FF,FF,FF
1747701,143164,0xCFF6600,1,8,34,09,FF,FF,FF,FF,FF,FF
1747710,143165,0x18FEF100,1,8,3F,00,00,FF,FF,FF,FF,FF
1747711,143166,0x18F00500,1,8,FF,FF,FF,FF,20,2D,FF,FF
1747712,143167,0x18FEF200,1,8,1F,00,00,FB,00,00,00,FF
1747720,143168,0xCF00400,1,8,FF,FF,FF,A4,49,FF,FF,FF
1747720,143169,0xCFF6600,1,8,34,09,FF,FF,FF,FF,FF,FF
1747740,143170,0xCF00400,1,8,FF,FF,FF,BC,49,FF,FF,FF
1747740,143171,0xCFF6600,1,8,37,09,FF,FF,FF,FF,FF,FF
1747760,143172,0xCF00400,1,8,FF,FF,FF,0A,4A,FF,FF,FF
1747760,143173,0xCFF6600,1,8,41,09,FF,FF,FF,FF,FF,FF
1747780,143174,0xCF00400,1,8,FF,FF,FF,02,4A,FF,FF,FF
1747780,143175,0xCFF6600,1,8,40,09,FF,FF,FF,FF,FF,FF
1747800,143176,0xCF00400,1,8,FF,FF,FF,02,4A,FF,FF,FF
1747800,143177,0xCFF6600,1,8,40,09,FF,FF,FF,FF,FF,FF
1747810,143178,0x18FEF100,1,8,3F,00,00,FF,FF,FF,FF,FF
1747811,143179,0x10FF6500,1,8,FC,FF,FF,FF,FF,FF,FF,FF
1747812,143180,0x18F00500,1,8,FF,FF,FF,FF,20,2D,FF,FF
1747812,143181,0x18FEF200,1,8,1F,00,00,FB,00,00,00,FF
1747820,143182,0xCF00400,1,8,FF,FF,FF,BA,49,FF,FF,FF
1747820,143183,0xCFF6600,1,8,37,09,FF,FF,FF,FF,FF,FF
1747840,143184,0xCF00400,1,8,FF,FF,FF,8C,49,FF,FF,FF
1747840,143185,0xCFF6600,1,8,31,09,FF,FF,FF,FF,FF,FF
1747860,143186,0xCF00400,1,8,FF,FF,FF,74,49,FF,FF,FF
1747860,143187,0xCFF6600,1,8,2E,09,FF,FF,FF,FF,FF,FF
1747880,143188,0xCF00400,1,8,FF,FF,FF,50,49,FF,FF,FF
1747880,143189,0xCFF6600,1,8,2A,09,FF,FF,FF,FF,FF,FF
1747900,143190,0xCF00400,1,8,FF,FF,FF,50,49,FF,FF,FF
1747900,143191,0xCFF6600,1,8,2A,09,FF,FF,FF,FF,FF,FF
1747910,143192,0x18FEF100,1,8,3F,00,00,FF,FF,FF,FF,FF
1747911,143193,0x18F00500,1,8,FF,FF,FF,FF,20,2D,FF,FF
1747912,143194,0x18FEF200,1,8,1F,00,00,FB,00,00,00,FF
1747920,143195,0xCF00400,1,8,FF,FF,FF,28,49,FF,FF,FF
1747920,143196,0xCFF6600,1,8,25,09,FF,FF,FF,FF,FF,FF
1747940,143197,0xCF00400,1,8,FF,FF,FF,02,49,FF,FF,FF
1747940,143198,0xCFF6600,1,8,20,09,FF,FF,FF,FF,FF,FF
1747960,143199,0xCF00400,1,8,FF,FF,FF,DC,48,FF,FF,FF
1747960,143200,0xCFF6600,1,8,1B,09,FF,FF,FF,FF,FF,FF
1747980,143201,0xCF00400,1,8,FF,FF,FF,DC,48,FF,FF,FF
1747980,143202,0xCFF6600,1,8,1B,09,FF,FF,FF,FF,FF,FF
1748000,143203,0xCF00400,1,8,FF,FF,FF,9E,48,FF,FF,FF
1748000,143204,0xCFF6600,1,8,13,09,FF,FF,FF,FF,FF,FF
1748010,143205,0x18FEF100,1,8,3F,00,00,FF,FF,FF,FF,FF
1748011,143206,0x10FF6500,1,8,FC,FF,FF,FF,FF,FF,FF,FF
1748012,143207,0x18F00500,1,8,FF,FF,FF,FF,20,2D,FF,FF
1748012,143208,0x18FEF200,1,8,1F,00,00,FB,00,00,00,FF
1748020,143209,0xCF00400,1,8,FF,FF,FF,56,48,FF,FF,FF
1748021,143210,0xCFF6600,1,8,0A,09,FF,FF,FF,FF,FF,FF
1748040,143211,0xCF00400,1,8,FF,FF,FF,7A,48,FF,FF,FF
1748040,143212,0xCFF6600,1,8,0F,09,FF,FF,FF,FF,FF,FF
1748060,143213,0xCF00400,1,8,FF,FF,FF,F2,48,FF,FF,FF
1748060,143214,0xCFF6600,1,8,1E,09,FF,FF,FF,FF,FF,FF
1748080,143215,0xCF00400,1,8,FF,FF,FF,F2,48,FF,FF,FF
1748080,143216,0xCFF6600,1,8,1E,09,FF,FF,FF,FF,FF,FF
1748100,143217,0xCF00400,1,8,FF,FF,FF,08,49,FF,FF,FF
1748100,143218,0xCFF6600,1,8,21,09,FF,FF,FF,FF,FF,FF
1748111,143219,0x18FEF100,1,8,3F,00,00,FF,FF,FF,FF,FF
1748112,143220,0x18F00500,1,8,FF,FF,FF,FF,20,2D,FF,FF
1748112,143221,0x18F00600,1,8,FF,FF,FF,FF,FF,FF,FF,FF
1748113,143222,0x18FEF200,1,8,1F,00,00,FB,00,00,00,FF
1748114,143223,0x1CFDDF00,1,8,FE,FF,FF,FF,FF,FF,FF,FF
1748114,143224,0x1CFF6A00,1,8,FC,FF,FF,FF,FF,FF,FF,FF
1748120,143225,0xCF00400,1,8,FF,FF,FF,D2,48,FF,FF,FF
1748120,143226,0xCFF6600,1,8,1A,09,FF,FF,FF,FF,FF,FF
1748140,143227,0xCF00400,1,8,FF,FF,FF,B4,48,FF,FF,FF
1748140,143228,0xCFF6600,1,8,16,09,FF,FF,FF,FF,FF,FF
1748160,143229,0xCF00400,1,8,FF,FF,FF,B4,48,FF,FF,FF
1748160,143230,0xCFF6600,1,8,16,09,FF,FF,FF,FF,FF,FF
1748180,143231,0xCF00400,1,8,FF,FF,FF,9E,48,FF,FF,FF
1748180,143232,0xCFF6600,1,8,13,09,FF,FF,FF,FF,FF,FF
1748200,143233,0xCF00400,1,8,FF,FF,FF,66,48,FF,FF,FF
1748201,143234,0xCFF6600,1,8,0C,09,FF,FF,FF,FF,FF,FF
1748211,143235,0x18FEF100,1,8,3F,00,00,FF,FF,FF,FF,FF
1748211,143236,0x10FF6500,1,8,FC,FF,FF,FF,FF,FF,FF,FF
1748212,143237,0x18F00500,1,8,FF,FF,FF,FF,20,2D,FF,FF
1748212,143238,0x18FEF200,1,8,1F,00,00,FB,00,00,00,FF
1748220,143239,0xCF00400,1,8,FF,FF,FF,14,48,FF,FF,FF
1748220,143240,0xCFF6600,1,8,02,09,FF,FF,FF,FF,FF,FF
1748240,143241,0xCF00400,1,8,FF,FF,FF,14,48,FF,FF,FF
1748241,143242,0xCFF6600,1,8,02,09,FF,FF,FF,FF,FF,FF
1748260,143243,0xCF00400,1,8,FF,FF,FF,14,48,FF,FF,FF
1748260,143244,0xCFF6600,1,8,02,09,FF,FF,FF,FF,FF,FF
1748270,143245,0x18FEEE00,1,8,62,FF,FF,FF,FF,FF,FF,FF
1748270,143246,0x18FDE500,1,8,0A,14,1E,28,32,3C,46,13
1748280,143247,0xCF00400,1,8,FF,FF,FF,60,48,FF,FF,FF
1748280,143248,0xCFF6600,1,8,0C,09,FF,FF,FF,FF,FF,FF
1748289,143249,0x1CECFF00,1,8,20,0A,00,02,FF,CA,FE,00
1748300,143250,0xCF00400,1,8,FF,FF,FF,52,48,FF,FF,FF
1748300,143251,0xCFF6600,1,8,0A,09,FF,FF,FF,FF,FF,FF
1748310,143252,0x18FEF100,1,8,3F,00,00,FF,FF,FF,FF,FF
1748311,143253,0x18F00500,1,8,FF,FF,FF,FF,20,2D,FF,FF
1748312,143254,0x18FEF200,1,8,1F,00,00,FB,00,00,00,FF
1748320,143255,0xCF00400,1,8,FF,FF,FF,EC,47,FF,FF,FF
1748320,143256,0xCFF6600,1,8,FD,08,FF,FF,FF,FF,FF,FF
1748340,143257,0xCF00400,1,8,FF,FF,FF,EC,47,FF,FF,FF
1748340,143258,0xCFF6600,1,8,FD,08,FF,FF,FF,FF,FF,FF
1748341,143259,0x1CEBFF00,1,8,01,40,FF,0F,F0,E5,01,02
1748360,143260,0xCF00400,1,8,FF,FF,FF,7E,47,FF,FF,FF
1748360,143261,0xCFF6600,1,8,EF,08,FF,FF,FF,FF,FF,FF
1748380,143262,0xCF00400,1,8,FF,FF,FF,00,47,FF,FF,FF
1748380,143263,0xCFF6600,1,8,E0,08,FF,FF,FF,FF,FF,FF
1748390,143264,0x1CEBFF00,1,8,02,F0,E3,01,FF,FF,FF,FF
1748400,143265,0xCF00400,1,8,FF,FF,FF,94,46,FF,FF,FF
1748400,143266,0xCFF6600,1,8,D2,08,FF,FF,FF,FF,FF,FF
1748411,143267,0x18FEF100,1,8,3F,00,00,FF,FF,FF,FF,FF
1748411,143268,0x10FF6500,1,8,FC,FF,FF,FF,FF,FF,FF,FF
1748412,143269,0x18F00500,1,8,FF,FF,FF,FF,20,2D,FF,FF
1748413,143270,0x18FEF200,1,8,1F,00,00,FB,00,00,00,FF
1748420,143271,0xCF00400,1,8,FF,FF,FF,94,46,FF,FF,FF
1748420,143272,0xCFF6600,1,8,D2,08,FF,FF,FF,FF,FF,FF
1748440,143273,0xCF00400,1,8,FF,FF,FF,42,46,FF,FF,FF
1748440,143274,0xCFF6600,1,8,C8,08,FF,FF,FF,FF,FF,FF
1748460,143275,0xCF00400,1,8,FF,FF,FF,98,46,FF,FF,FF
1748460,143276,0xCFF6600,1,8,D3,08,FF,FF,FF,FF,FF,FF
1748480,143277,0xCF00400,1,8,FF,FF,FF,74,47,FF,FF,FF
1748480,143278,0xCFF6600,1,8,EE,08,FF,FF,FF,FF,FF,FF
1748500,143279,0xCF00400,1,8,FF,FF,FF,74,47,FF,FF,FF
1748500,143280,0xCFF6600,1,8,EE,08,FF,FF,FF,FF,FF,FF
1748510,143281,0x18FEF100,1,8,3F,00,00,FF,FF,FF,FF,FF
1748511,143282,0x18F00500,1,8,FF,FF,FF,FF,20,2D,FF,FF
1748512,143283,0x18FEF200,1,8,1F,00,00,FB,00,00,00,FF
1748520,143284,0xCF00400,1,8,FF,FF,FF,F8,47,FF,FF,FF
1748520,143285,0xCFF6600,1,8,FF,08,FF,FF,FF,FF,FF,FF
1748540,143286,0xCF00400,1,8,FF,FF,FF,3E,48,FF,FF,FF
1748540,143287,0xCFF6600,1,8,07,09,FF,FF,FF,FF,FF,FF
1748560,143288,0xCF00400,1,8,FF,FF,FF,2E,48,FF,FF,FF
1748560,143289,0xCFF6600,1,8,05,09,FF,FF,FF,FF,FF,FF
1748580,143290,0xCF00400,1,8,FF,FF,FF,D2,47,FF,FF,FF
1748581,143291,0xCFF6600,1,8,FA,08,FF,FF,FF,FF,FF,FF
1748600,143292,0xCF00400,1,8,FF,FF,FF,D2,47,FF,FF,FF
1748600,143293,0xCFF6600,1,8,FA,08,FF,FF,FF,FF,FF,FF
1748610,143294,0x18FEF100,1,8,3F,00,00,FF,FF,FF,FF,FF
1748611,143295,0x10FF6500,1,8,FC,FF,FF,FF,FF,FF,FF,FF
1748612,143296,0x18F00500,1,8,FF,FF,FF,FF,20,2D,FF,FF
1748612,143297,0x18F00600,1,8,FF,FF,FF,FF,FF,FF,FF,FF
1748613,143298,0x18FEF200,1,8,1F,00,00,FB,00,00,00,FF
1748613,143299,0x1CFDDF00,1,8,FE,FF,FF,FF,FF,FF,FF,FF
1748614,143300,0x1CFF6A00,1,8,FC,FF,FF,FF,FF,FF,FF,FF
1748620,143301,0xCF00400,1,8,FF,FF,FF,88,47,FF,FF,FF
1748621,143302,0xCFF6600,1,8,F1,08,FF,FF,FF,FF,FF,FF
1748640,143303,0xCF00400,1,8,FF,FF,FF,54,47,FF,FF,FF
1748640,143304,0xCFF6600,1,8,EA,08,FF,FF,FF,FF,FF,FF
1748660,143305,0xCF00400,1,8,FF,FF,FF,62,47,FF,FF,FF
1748660,143306,0xCFF6600,1,8,EC,08,FF,FF,FF,FF,FF,FF
1748680,143307,0xCF00400,1,8,FF,FF,FF,62,47,FF,FF,FF
1748680,143308,0xCFF6600,1,8,EC,08,FF,FF,FF,FF,FF,FF
1748700,143309,0xCF00400,1,8,FF,FF,FF,AA,47,FF,FF,FF
1748700,143310,0xCFF6600,1,8,F5,08,FF,FF,FF,FF,FF,FF
1748731,143311,0xCF00400,1,8,FF,FF,FF,00,48,FF,FF,FF
1748732,143312,0xCFF6600,1,8,00,09,FF,FF,FF,FF,FF,FF
1748733,143313,0x18F00500,1,8,FF,FF,FF,FF,20,2D,FF,FF
1748734,143314,0x18FEF100,1,8,3F,00,00,FF,FF,FF,FF,FF
1748734,143315,0x18FEF200,1,8,1F,00,00,FB,00,00,00,FF
1748741,143316,0xCF00400,1,8,FF,FF,FF,5C,48,FF,FF,FF
1748741,143317,0xCFF6600,1,8,0B,09,FF,FF,FF,FF,FF,FF
1748760,143318,0xCF00400,1,8,FF,FF,FF,5C,48,FF,FF,FF
1748761,143319,0xCFF6600,1,8,0B,09,FF,FF,FF,FF,FF,FF
1748780,143320,0xCF00400,1,8,FF,FF,FF,5A,48,FF,FF,FF
1748780,143321,0xCFF6600,1,8,0B,09,FF,FF,FF,FF,FF,FF
1748800,143322,0xCF00400,1,8,FF,FF,FF,FE,47,FF,FF,FF
1748800,143323,0xCFF6600,1,8,FF,08,FF,FF,FF,FF,FF,FF
1748810,143324,0x18FEF100,1,8,3F,00,00,FF,FF,FF,FF,FF
1748811,143325,0x10FF6500,1,8,FC,FF,FF,FF,FF,FF,FF,FF
1748812,143326,0x18F00500,1,8,FF,FF,FF,FF,20,2D,FF,FF
1748813,143327,0x18FEF200,1,8,1F,00,00,FB,00,00,00,FF
1748820,143328,0xCF00400,1,8,FF,FF,FF,18,48,FF,FF,FF
1748820,143329,0xCFF6600,1,8,03,09,FF,FF,FF,FF,FF,FF
1748840,143330,0xCF00400,1,8,FF,FF,FF,9A,48,FF,FF,FF
1748841,143331,0xCFF6600,1,8,13,09,FF,FF,FF,FF,FF,FF
1748860,143332,0xCF00400,1,8,FF,FF,FF,9A,48,FF,FF,FF
1748860,143333,0xCFF6600,1,8,13,09,FF,FF,FF,FF,FF,FF
1748880,143334,0xCF00400,1,8,FF,FF,FF,B0,48,FF,FF,FF
1748880,143335,0xCFF6600,1,8,16,09,FF,FF,FF,FF,FF,FF
1748900,143336,0xCF00400,1,8,FF,FF,FF,68,48,FF,FF,FF
1748900,143337,0xCFF6600,1,8,0D,09,FF,FF,FF,FF,FF,FF
1748911,143338,0x18FEF100,1,8,3F,00,00,FF,FF,FF,FF,FF
1748911,143339,0x18F00500,1,8,FF,FF,FF,FF,20,2D,FF,FF
1748912,143340,0x18FEF200,1,8,1F,00,00,FB,00,00,00,FF
1748920,143341,0xCF00400,1,8,FF,FF,FF,14,48,FF,FF,FF
1748920,143342,0xCFF6600,1,8,02,09,FF,FF,FF,FF,FF,FF
1748940,143343,0xCF00400,1,8,FF,FF,FF,14,48,FF,FF,FF
1748940,143344,0xCFF6600,1,8,02,09,FF,FF,FF,FF,FF,FF
1748960,143345,0xCF00400,1,8,FF,FF,FF,AA,47,FF,FF,FF
1748960,143346,0xCFF6600,1,8,F5,08,FF,FF,FF,FF,FF,FF
1748980,143347,0xCF00400,1,8,FF,FF,FF,58,47,FF,FF,FF
1748980,143348,0xCFF6600,1,8,EB,08,FF,FF,FF,FF,FF,FF
1749000,143349,0xCF00400,1,8,FF,FF,FF,10,47,FF,FF,FF
1749000,143350,0xCFF6600,1,8,E2,08,FF,FF,FF,FF,FF,FF
1749011,143351,0x18FEF100,1,8,3F,00,00,FF,FF,FF,FF,FF
1749012,143352,0x10FF6500,1,8,FC,FF,FF,FF,FF,FF,FF,FF
1749012,143353,0x18F00500,1,8,FF,FF,FF,FF,20,2D,FF,FF
1749013,143354,0x18FEF200,1,8,1F,00,00,FB,00,00,00,FF
1749020,143355,0xCF00400,1,8,FF,FF,FF,10,47,FF,FF,FF
1749020,143356,0xCFF6600,1,8,E2,08,FF,FF,FF,FF,FF,FF
1749040,143357,0xCF00400,1,8,FF,FF,FF,2C,47,FF,FF,FF
1749040,143358,0xCFF6600,1,8,E5,08,FF,FF,FF,FF,FF,FF
1749060,143359,0xCF00400,1,8,FF,FF,FF,A2,47,FF,FF,FF
1749060,143360,0xCFF6600,1,8,F4,08,FF,FF,FF,FF,FF,FF
1749080,143361,0xCF00400,1,8,FF,FF,FF,00,48,FF,FF,FF
1749080,143362,0xCFF6600,1,8,00,09,FF,FF,FF,FF,FF,FF
1749100,143363,0xCF00400,1,8,FF,FF,FF,00,48,FF,FF,FF
1749100,143364,0xCFF6600,1,8,00,09,FF,FF,FF,FF,FF,FF
1749111,143365,0x18FEF100,1,8,3F,00,00,FF,FF,FF,FF,FF
1749111,143366,0x18F00500,1,8,FF,FF,FF,FF,20,2D,FF,FF
1749112,143367,0x18F00600,1,8,FF,FF,FF,FF,FF,FF,FF,FF
1749112,143368,0x18FEF200,1,8,1F,00,00,FB,00,00,00,FF
1749113,143369,0x1CFDDF00,1,8,FE,FF,FF,FF,FF,FF,FF,FF
1749114,143370,0x1CFF6A00,1,8,FC,FF,FF,FF,FF,FF,FF,FF
1749120,143371,0xCF00400,1,8,FF,FF,FF,4A,48,FF,FF,FF
1749120,143372,0xCFF6600,1,8,09,09,FF,FF,FF,FF,FF,FF
1749140,143373,0xCF00400,1,8,FF,FF,FF,3C,48,FF,FF,FF
1749141,143374,0xCFF6600,1,8,07,09,FF,FF,FF,FF,FF,FF
1749160,143375,0xCF00400,1,8,FF,FF,FF,DE,47,FF,FF,FF
1749161,143376,0xCFF6600,1,8,FB,08,FF,FF,FF,FF,FF,FF
1749180,143377,0xCF00400,1,8,FF,FF,FF,8E,47,FF,FF,FF
1749181,143378,0xCFF6600,1,8,F1,08,FF,FF,FF,FF,FF,FF
1749200,143379,0xCF00400,1,8,FF,FF,FF,8E,47,FF,FF,FF
1749200,143380,0xCFF6600,1,8,F1,08,FF,FF,FF,FF,FF,FF
1749210,143381,0x18FEF100,1,8,3F,00,00,FF,FF,FF,FF,FF
1749211,143382,0x10FF6500,1,8,FC,FF,FF,FF,FF,FF,FF,FF
1749212,143383,0x18F00500,1,8,FF,FF,FF,FF,20,2D,FF,FF
1749212,143384,0x18FEF200,1,8,1F,00,00,FB,00,00,00,FF
1749220,143385,0xCF00400,1,8,FF,FF,FF,52,47,FF,FF,FF
1749221,143386,0xCFF6600,1,8,EA,08,FF,FF,FF,FF,FF,FF
1749240,143387,0xCF00400,1,8,FF,FF,FF,94,47,FF,FF,FF
1749240,143388,0xCFF6600,1,8,F2,08,FF,FF,FF,FF,FF,FF
1749260,143389,0xCF00400,1,8,FF,FF,FF,42,48,FF,FF,FF
1749260,143390,0xCFF6600,1,8,08,09,FF,FF,FF,FF,FF,FF
1749269,143391,0x18FEEE00,1,8,61,FF,FF,FF,FF,FF,FF,FF
1749270,143392,0x18FDE500,1,8,0A,14,1E,28,32,3C,46,13
1749280,143393,0xCF00400,1,8,FF,FF,FF,42,48,FF,FF,FF
1749280,143394,0xCFF6600,1,8,08,09,FF,FF,FF,FF,FF,FF
1749289,143395,0x1CECFF00,1,8,20,0A,00,02,FF,CA,FE,00
1749300,143396,0xCF00400,1,8,FF,FF,FF,38,48,FF,FF,FF
1749300,143397,0xCFF6600,1,8,07,09,FF,FF,FF,FF,FF,FF
1749311,143398,0x18FEF100,1,8,3F,00,00,FF,FF,FF,FF,FF
1749312,143399,0x18F00500,1,8,FF,FF,FF,FF,20,2D,FF,FF
1749312,143400,0x18FEF200,1,8,1D,00,00,5A,00,00,00,FF
1749320,143401,0xCF00400,1,8,FF,FF,FF,8C,47,FF,FF,FF
1749320,143402,0xCFF6600,1,8,F1,08,FF,FF,FF,FF,FF,FF
1749340,143403,0xCF00400,1,8,FF,FF,FF,68,47,FF,FF,FF
1749340,143404,0xCFF6600,1,8,ED,08,FF,FF,FF,FF,FF,FF
1749341,143405,0x1CEBFF00,1,8,01,40,FF,0F,F0,E5,01,02
1749360,143406,0xCF00400,1,8,FF,FF,FF,68,47,FF,FF,FF
1749360,143407,0xCFF6600,1,8,ED,08,FF,FF,FF,FF,FF,FF
1749380,143408,0xCF00400,1,8,FF,FF,FF,BC,47,FF,FF,FF
1749380,143409,0xCFF6600,1,8,F7,08,FF,FF,FF,FF,FF,FF
1749390,143410,0x1CEBFF00,1,8,02,F0,E3,01,FF,FF,FF,FF
1749400,143411,0xCF00400,1,8,FF,FF,FF,C0,47,FF,FF,FF
1749400,143412,0xCFF6600,1,8,F8,08,FF,FF,FF,FF,FF,FF
1749410,143413,0x18FEF100,1,8,3F,00,00,FF,FF,FF,FF,FF
1749411,143414,0x10FF6500,1,8,FC,FF,FF,FF,FF,FF,FF,FF
1749412,143415,0x18F00500,1,8,FF,FF,FF,FF,20,2D,FF,FF
1749413,143416,0x18FEF200,1,8,1D,00,00,5A,00,00,00,FF
1749420,143417,0xCF00400,1,8,FF,FF,FF,78,47,FF,FF,FF
1749420,143418,0xCFF6600,1,8,EF,08,FF,FF,FF,FF,FF,FF
1749440,143419,0xCF00400,1,8,FF,FF,FF,78,47,FF,FF,FF
1749440,143420,0xCFF6600,1,8,EF,08,FF,FF,FF,FF,FF,FF
1749460,143421,0xCF00400,1,8,FF,FF,FF,9E,47,FF,FF,FF
1749460,143422,0xCFF6600,1,8,F3,08,FF,FF,FF,FF,FF,FF
1749480,143423,0xCF00400,1,8,FF,FF,FF,28,48,FF,FF,FF
1749481,143424,0xCFF6600,1,8,05,09,FF,FF,FF,FF,FF,FF
1749500,143425,0xCF00400,1,8,FF,FF,FF,8A,48,FF,FF,FF
1749500,143426,0xCFF6600,1,8,11,09,FF,FF,FF,FF,FF,FF
1749511,143427,0x18FEF100,1,8,3F,00,00,FF,FF,FF,FF,FF
1749511,143428,0x18F00500,1,8,FF,FF,FF,FF,20,2D,FF,FF
1749512,143429,0x18FEF200,1,8,1D,00,00,5A,00,00,00,FF
1749520,143430,0xCF00400,1,8,FF,FF,FF,D4,48,FF,FF,FF
1749520,143431,0xCFF6600,1,8,1A,09,FF,FF,FF,FF,FF,FF
1749540,143432,0xCF00400,1,8,FF,FF,FF,D4,48,FF,FF,FF
1749540,143433,0xCFF6600,1,8,1A,09,FF,FF,FF,FF,FF,FF
1749560,143434,0xCF00400,1,8,FF,FF,FF,B6,48,FF,FF,FF
1749561,143435,0xCFF6600,1,8,16,09,FF,FF,FF,FF,FF,FF
1749580,143436,0xCF00400,1,8,FF,FF,FF,3E,48,FF,FF,FF
1749580,143437,0xCFF6600,1,8,07,09,FF,FF,FF,FF,FF,FF
1749600,143438,0xCF00400,1,8,FF,FF,FF,3E,48,FF,FF,FF
1749600,143439,0xCFF6600,1,8,07,09,FF,FF,FF,FF,FF,FF
1749611,143440,0x18FEF100,1,8,3F,00,00,FF,FF,FF,FF,FF
1749611,143441,0x10FF6500,1,8,FC,FF,FF,FF,FF,FF,FF,FF
1749612,143442,0x18F00500,1,8,FF,FF,FF,FF,20,2D,FF,FF
1749613,143443,0x18F00600,1,8,FF,FF,FF,FF,FF,FF,FF,FF
1749614,143444,0x18FEF200,1,8,1D,00,00,5A,00,00,00,FF
1749615,143445,0x1CFDDF00,1,8,FE,FF,FF,FF,FF,FF,FF,FF
1749615,143446,0x1CFF6A00,1,8,FC,FF,FF,FF,FF,FF,FF,FF
1749620,143447,0xCF00400,1,8,FF,FF,FF,3E,48,FF,FF,FF
1749620,143448,0xCFF6600,1,8,07,09,FF,FF,FF,FF,FF,FF
1749640,143449,0xCF00400,1,8,FF,FF,FF,A4,48,FF,FF,FF
1749640,143450,0xCFF6600,1,8,14,09,FF,FF,FF,FF,FF,FF
1749660,143451,0xCF00400,1,8,FF,FF,FF,94,48,FF,FF,FF
1749661,143452,0xCFF6600,1,8,12,09,FF,FF,FF,FF,FF,FF
1749680,143453,0xCF00400,1,8,FF,FF,FF,22,48,FF,FF,FF
1749682,143454,0xCFF6600,1,8,04,09,FF,FF,FF,FF,FF,FF
1749700,143455,0xCF00400,1,8,FF,FF,FF,DA,47,FF,FF,FF
1749701,143456,0xCFF6600,1,8,FB,08,FF,FF,FF,FF,FF,FF
1749711,143457,0x18FEF100,1,8,3F,00,00,FF,FF,FF,FF,FF
1749711,143458,0x18F00500,1,8,FF,FF,FF,FF,20,2D,FF,FF
1749712,143459,0x18FEF200,1,8,1D,00,00,5A,00,00,00,FF
1749720,143460,0xCF00400,1,8,FF,FF,FF,DA,47,FF,FF,FF
1749720,143461,0xCFF6600,1,8,FB,08,FF,FF,FF,FF,FF,FF
1749740,143462,0xCF00400,1,8,FF,FF,FF,BC,47,FF,FF,FF
1749741,143463,0xCFF6600,1,8,F7,08,FF,FF,FF,FF,FF,FF
1749760,143464,0xCF00400,1,8,FF,FF,FF,0A,48,FF,FF,FF
1749760,143465,0xCFF6600,1,8,01,09,FF,FF,FF,FF,FF,FF
1749780,143466,0xCF00400,1,8,FF,FF,FF,B0,48,FF,FF,FF
1749780,143467,0xCFF6600,1,8,16,09,FF,FF,FF,FF,FF,FF
1749800,143468,0xCF00400,1,8,FF,FF,FF,B0,48,FF,FF,FF
1749801,143469,0xCFF6600,1,8,16,09,FF,FF,FF,FF,FF,FF
1749810,143470,0x18FEF100,1,8,3F,00,00,FF,FF,FF,FF,FF
1749811,143471,0x18F00500,1,8,FF,FF,FF,FF,20,2D,FF,FF
1749812,143472,0x10FF6500,1,8,FC,FF,FF,FF,FF,FF,FF,FF
1749813,143473,0x18FEF200,1,8,1D,00,00,5A,00,00,00,FF
1749820,143474,0xCF00400,1,8,FF,FF,FF,8E,48,FF,FF,FF
1749820,143475,0xCFF6600,1,8,11,09,FF,FF,FF,FF,FF,FF
1749840,143476,0xCF00400,1,8,FF,FF,FF,BE,47,FF,FF,FF
1749840,143477,0xCFF6600,1,8,F7,08,FF,FF,FF,FF,FF,FF
1749860,143478,0xCF00400,1,8,FF,FF,FF,A0,47,FF,FF,FF
1749860,143479,0xCFF6600,1,8,F4,08,FF,FF,FF,FF,FF,FF
1749880,143480,0xCF00400,1,8,FF,FF,FF,A0,47,FF,FF,FF
1749880,143481,0xCFF6600,1,8,F4,08,FF,FF,FF,FF,FF,FF
1749900,143482,0xCF00400,1,8,FF,FF,FF,18,48,FF,FF,FF
1749900,143483,0xCFF6600,1,8,03,09,FF,FF,FF,FF,FF,FF
1749911,143484,0x18FEF100,1,8,3F,00,00,FF,FF,FF,FF,FF
1749911,143485,0x18F00500,1,8,FF,FF,FF,FF,20,2D,FF,FF
1749912,143486,0x18FEF200,1,8,1D,00,00,5A,00,00,00,FF
1749920,143487,0xCF00400,1,8,FF,FF,FF,8C,48,FF,FF,FF
1749920,143488,0xCFF6600,1,8,11,09,FF,FF,FF,FF,FF,FF
1749940,143489,0xCF00400,1,8,FF,FF,FF,00,49,FF,FF,FF
1749940,143490,0xCFF6600,1,8,20,09,FF,FF,FF,FF,FF,FF
1749960,143491,0xCF00400,1,8,FF,FF,FF,CA,48,FF,FF,FF
1749961,143492,0xCFF6600,1,8,19,09,FF,FF,FF,FF,FF,FF
1749980,143493,0xCF00400,1,8,FF,FF,FF,CA,48,FF,FF,FF
1749980,143494,0xCFF6600,1,8,19,09,FF,FF,FF,FF,FF,FF
1750000,143495,0xCF00400,1,8,FF,FF,FF,00,48,FF,FF,FF
1750001,143496,0xCFF6600,1,8,00,09,FF,FF,FF,FF,FF,FF
1750010,143497,0x18FEF100,1,8,3F,00,00,FF,FF,FF,FF,FF
1750011,143498,0x10FF6500,1,8,FC,FF,FF,FF,FF,FF,FF,FF
1750012,143499,0x18F00500,1,8,FF,FF,FF,FF,20,2D,FF,FF
1750013,143500,0x18FEF200,1,8,1D,00,00,5A,00,00,00,FF
1750020,143501,0xCF00400,1,8,FF,FF,FF,B0,47,FF,FF,FF
1750020,143502,0xCFF6600,1,8,F6,08,FF,FF,FF,FF,FF,FF
1750040,143503,0xCF00400,1,8,FF,FF,FF,C8,47,FF,FF,FF
1750040,143504,0xCFF6600,1,8,F9,08,FF,FF,FF,FF,FF,FF
1750060,143505,0xCF00400,1,8,FF,FF,FF,C8,47,FF,FF,FF
1750060,143506,0xCFF6600,1,8,F9,08,FF,FF,FF,FF,FF,FF
1750080,143507,0xCF00400,1,8,FF,FF,FF,CC,47,FF,FF,FF
1750080,143508,0xCFF6600,1,8,F9,08,FF,FF,FF,FF,FF,FF
1750100,143509,0xCF00400,1,8,FF,FF,FF,C6,47,FF,FF,FF
1750101,143510,0xCFF6600,1,8,F8,08,FF,FF,FF,FF,FF,FF
1750111,143511,0x18FEF100,1,8,3F,00,00,FF,FF,FF,FF,FF
1750112,143512,0x18F00500,1,8,FF,FF,FF,FF,20,2D,FF,FF
1750112,143513,0x18F00600,1,8,FF,FF,FF,FF,FF,FF,FF,FF
1750113,143514,0x18FEF200,1,8,1D,00,00,5A,00,00,00,FF
1750114,143515,0x1CFDDF00,1,8,FE,FF,FF,FF,FF,FF,FF,FF
1750114,143516,0x1CFF6A00,1,8,FC,FF,FF,FF,FF,FF,FF,FF
1750120,143517,0xCF00400,1,8,FF,FF,FF,B8,47,FF,FF,FF
1750120,143518,0xCFF6600,1,8,F7,08,FF,FF,FF,FF,FF,FF
1750140,143519,0xCF00400,1,8,FF,FF,FF,B8,47,FF,FF,FF
1750140,143520,0xCFF6600,1,8,F7,08,FF,FF,FF,FF,FF,FF
1750160,143521,0xCF00400,1,8,FF,FF,FF,9C,47,FF,FF,FF
1750160,143522,0xCFF6600,1,8,F3,08,FF,FF,FF,FF,FF,FF
1750180,143523,0xCF00400,1,8,FF,FF,FF,AE,47,FF,FF,FF
1750180,143524,0xCFF6600,1,8,F5,08,FF,FF,FF,FF,FF,FF
1750200,143525,0xCF00400,1,8,FF,FF,FF,E6,47,FF,FF,FF
1750200,143526,0xCFF6600,1,8,FC,08,FF,FF,FF,FF,FF,FF
1750211,143527,0x18FEF100,1,8,3F,00,00,FF,FF,FF,FF,FF
1750211,143528,0x10FF6500,1,8,FC,FF,FF,FF,FF,FF,FF,FF
1750212,143529,0x18F00500,1,8,FF,FF,FF,FF,20,2D,FF,FF
1750213,143530,0x18FEF200,1,8,1D,00,00,5A,00,00,00,FF
1750220,143531,0xCF00400,1,8,FF,FF,FF,E6,47,FF,FF,FF
1750220,143532,0xCFF6600,1,8,FC,08,FF,FF,FF,FF,FF,FF
1750240,143533,0xCF00400,1,8,FF,FF,FF,CC,47,FF,FF,FF
1750240,143534,0xCFF6600,1,8,F9,08,FF,FF,FF,FF,FF,FF
1750260,143535,0xCF00400,1,8,FF,FF,FF,68,47,FF,FF,FF
1750260,143536,0xCFF6600,1,8,ED,08,FF,FF,FF,FF,FF,FF
1750269,143537,0x18FEEE00,1,8,61,FF,FF,FF,FF,FF,FF,FF
1750270,143538,0x18FDE500,1,8,0A,14,1E,28,32,3C,46,13
1750280,143539,0xCF00400,1,8,FF,FF,FF,92,47,FF,FF,FF
1750280,143540,0xCFF6600,1,8,F2,08,FF,FF,FF,FF,FF,FF
1750289,143541,0x1CECFF00,1,8,20,0A,00,02,FF,CA,FE,00
1750300,143542,0xCF00400,1,8,FF,FF,FF,2C,48,FF,FF,FF
1750302,143543,0xCFF6600,1,8,05,09,FF,FF,FF,FF,FF,FF
1750311,143544,0x18FEF100,1,8,3F,00,00,FF,FF,FF,FF,FF
1750311,143545,0x18F00500,1,8,FF,FF,FF,FF,20,2D,FF,FF
1750312,143546,0x18FEF200,1,8,1C,00,00,1E,00,00,00,FF
1750320,143547,0xCF00400,1,8,FF,FF,FF,2C,48,FF,FF,FF
1750320,143548,0xCFF6600,1,8,05,09,FF,FF,FF,FF,FF,FF
1750340,143549,0xCF00400,1,8,FF,FF,FF,72,48,FF,FF,FF
1750340,143550,0xCFF6600,1,8,0E,09,FF,FF,FF,FF,FF,FF
1750341,143551,0x1CEBFF00,1,8,01,40,FF,0F,F0,E5,01,02
1750360,143552,0xCF00400,1,8,FF,FF,FF,70,48,FF,FF,FF
1750360,143553,0xCFF6600,1,8,0E,09,FF,FF,FF,FF,FF,FF
1750380,143554,0xCF00400,1,8,FF,FF,FF,9E,48,FF,FF,FF
1750380,143555,0xCFF6600,1,8,13,09,FF,FF,FF,FF,FF,FF
1750390,143556,0x1CEBFF00,1,8,02,F0,E3,01,FF,FF,FF,FF
1750400,143557,0xCF00400,1,8,FF,FF,FF,9E,48,FF,FF,FF
1750400,143558,0xCFF6600,1,8,13,09,FF,FF,FF,FF,FF,FF
1750410,143559,0x18FEF100,1,8,3F,00,00,FF,FF,FF,FF,FF
1750411,143560,0x10FF6500,1,8,FC,FF,FF,FF,FF,FF,FF,FF
1750412,143561,0x18F00500,1,8,FF,FF,FF,FF,20,2D,FF,FF
1750413,143562,0x18FEF200,1,8,1C,00,00,1E,00,00,00,FF
1750420,143563,0xCF00400,1,8,FF,FF,FF,F6,48,FF,FF,FF
1750420,143564,0xCFF6600,1,8,1E,09,FF,FF,FF,FF,FF,FF
1750440,143565,0xCF00400,1,8,FF,FF,FF,FE,48,FF,FF,FF
1750440,143566,0xCFF6600,1,8,1F,09,FF,FF,FF,FF,FF,FF
1750460,143567,0xCF00400,1,8,FF,FF,FF,C2,48,FF,FF,FF
1750460,143568,0xCFF6600,1,8,18,09,FF,FF,FF,FF,FF,FF
1750480,143569,0xCF00400,1,8,FF,FF,FF,D8,48,FF,FF,FF
1750481,143570,0xCFF6600,1,8,1B,09,FF,FF,FF,FF,FF,FF
1750500,143571,0xCF00400,1,8,FF,FF,FF,D8,48,FF,FF,FF
1750500,143572,0xCFF6600,1,8,1B,09,FF,FF,FF,FF,FF,FF
1750511,143573,0x18FEF100,1,8,3F,00,00,FF,FF,FF,FF,FF
1750511,143574,0x18F00500,1,8,FF,FF,FF,FF,20,2D,FF,FF
1750512,143575,0x18FEF200,1,8,1C,00,00,1E,00,00,00,FF
1750520,143576,0xCF00400,1,8,FF,FF,FF,36,49,FF,FF,FF
1750520,143577,0xCFF6600,1,8,26,09,FF,FF,FF,FF,FF,FF
1750540,143578,0xCF00400,1,8,FF,FF,FF,48,49,FF,FF,FF
1750540,143579,0xCFF6600,1,8,29,09,FF,FF,FF,FF,FF,FF
1750560,143580,0xCF00400,1,8,FF,FF,FF,18,49,FF,FF,FF
1750560,143581,0xCFF6600,1,8,23,09,FF,FF,FF,FF,FF,FF
1750580,143582,0xCF00400,1,8,FF,FF,FF,18,49,FF,FF,FF
1750580,143583,0xCFF6600,1,8,23,09,FF,FF,FF,FF,FF,FF
1750600,143584,0xCF00400,1,8,FF,FF,FF,DA,48,FF,FF,FF
1750601,143585,0xCFF6600,1,8,1B,09,FF,FF,FF,FF,FF,FF
1750611,143586,0x18FEF100,1,8,3F,00,00,FF,FF,FF,FF,FF
1750611,143587,0x10FF6500,1,8,FC,FF,FF,FF,FF,FF,FF,FF
1750612,143588,0x18F00500,1,8,FF,FF,FF,FF,20,2D,FF,FF
1750613,143589,0x18F00600,1,8,FF,FF,FF,FF,FF,FF,FF,FF
1750613,143590,0x18FEF200,1,8,1C,00,00,1E,00,00,00,FF
1750614,143591,0x1CFDDF00,1,8,FE,FF,FF,FF,FF,FF,FF,FF
1750614,143592,0x1CFF6A00,1,8,FC,FF,FF,FF,FF,FF,FF,FF
1750620,143593,0xCF00400,1,8,FF,FF,FF,8A,48,FF,FF,FF
1750620,143594,0xCFF6600,1,8,11,09,FF,FF,FF,FF,FF,FF
1750640,143595,0xCF00400,1,8,FF,FF,FF,9C,48,FF,FF,FF
1750640,143596,0xCFF6600,1,8,13,09,FF,FF,FF,FF,FF,FF
1750660,143597,0xCF00400,1,8,FF,FF,FF,00,49,FF,FF,FF
1750661,143598,0xCFF6600,1,8,20,09,FF,FF,FF,FF,FF,FF
1750680,143599,0xCF00400,1,8,FF,FF,FF,00,49,FF,FF,FF
1750680,143600,0xCFF6600,1,8,20,09,FF,FF,FF,FF,FF,FF
1750700,143601,0xCF00400,1,8,FF,FF,FF,1A,49,FF,FF,FF
1750701,143602,0xCFF6600,1,8,23,09,FF,FF,FF,FF,FF,FF
1750711,143603,0x18FEF100,1,8,3F,00,00,FF,FF,FF,FF,FF
1750712,143604,0x18F00500,1,8,FF,FF,FF,FF,20,2D,FF,FF
1750712,143605,0x18FEF200,1,8,1C,00,00,1E,00,00,00,FF
1750720,143606,0xCF00400,1,8,FF,FF,FF,FA,48,FF,FF,FF
1750720,143607,0xCFF6600,1,8,1F,09,FF,FF,FF,FF,FF,FF
1750740,143608,0xCF00400,1,8,FF,FF,FF,E0,48,FF,FF,FF
1750741,143609,0xCFF6600,1,8,1C,09,FF,FF,FF,FF,FF,FF
1750760,143610,0xCF00400,1,8,FF,FF,FF,E0,48,FF,FF,FF
1750760,143611,0xCFF6600,1,8,1C,09,FF,FF,FF,FF,FF,FF
1750780,143612,0xCF00400,1,8,FF,FF,FF,CC,48,FF,FF,FF
1750780,143613,0xCFF6600,1,8,19,09,FF,FF,FF,FF,FF,FF
1750800,143614,0xCF00400,1,8,FF,FF,FF,E8,48,FF,FF,FF
1750800,143615,0xCFF6600,1,8,1D,09,FF,FF,FF,FF,FF,FF
1750810,143616,0x18FEF100,1,8,3F,00,00,FF,FF,FF,FF,FF
1750812,143617,0x10FF6500,1,8,FC,FF,FF,FF,FF,FF,FF,FF
1750812,143618,0x18F00500,1,8,FF,FF,FF,FF,20,2D,FF,FF
1750813,143619,0x18FEF200,1,8,1C,00,00,1E,00,00,00,FF
1750820,143620,0xCF00400,1,8,FF,FF,FF,2E,49,FF,FF,FF
1750820,143621,0xCFF6600,1,8,25,09,FF,FF,FF,FF,FF,FF
1750840,143622,0xCF00400,1,8,FF,FF,FF,88,49,FF,FF,FF
1750841,143623,0xCFF6600,1,8,31,09,FF,FF,FF,FF,FF,FF
1750860,143624,0xCF00400,1,8,FF,FF,FF,88,49,FF,FF,FF
1750860,143625,0xCFF6600,1,8,31,09,FF,FF,FF,FF,FF,FF
1750880,143626,0xCF00400,1,8,FF,FF,FF,EC,49,FF,FF,FF
1750880,143627,0xCFF6600,1,8,3D,09,FF,FF,FF,FF,FF,FF
1750900,143628,0xCF00400,1,8,FF,FF,FF,3A,4A,FF,FF,FF
1750900,143629,0xCFF6600,1,8,47,09,FF,FF,FF,FF,FF,FF
1750911,143630,0x18FEF100,1,8,3F,00,00,FF,FF,FF,FF,FF
1750911,143631,0x18F00500,1,8,FF,FF,FF,FF,20,2D,FF,FF
1750912,143632,0x18FEF200,1,8,1C,00,00,1E,00,00,00,FF
1750920,143633,0xCF00400,1,8,FF,FF,FF,74,4A,FF,FF,FF
1750920,143634,0xCFF6600,1,8,4E,09,FF,FF,FF,FF,FF,FF
1750940,143635,0xCF00400,1,8,FF,FF,FF,C6,4A,FF,FF,FF
1750941,143636,0xCFF6600,1,8,58,09,FF,FF,FF,FF,FF,FF
1750960,143637,0xCF00400,1,8,FF,FF,FF,C6,4A,FF,FF,FF
1750960,143638,0xCFF6600,1,8,58,09,FF,FF,FF,FF,FF,FF
1750980,143639,0xCF00400,1,8,FF,FF,FF,2E,4B,FF,FF,FF
1750981,143640,0xCFF6600,1,8,65,09,FF,FF,FF,FF,FF,FF
1751000,143641,0xCF00400,1,8,FF,FF,FF,1C,4B,FF,FF,FF
1751000,143642,0xCFF6600,1,8,63,09,FF,FF,FF,FF,FF,FF
1751010,143643,0x18FEF100,1,8,3F,00,00,FF,FF,FF,FF,FF
1751011,143644,0x10FF6500,1,8,FC,FF,FF,FF,FF,FF,FF,FF
1751012,143645,0x18F00500,1,8,FF,FF,FF,FF,20,2D,FF,FF
1751012,143646,0x18FEF200,1,8,1C,00,00,1E,00,00,00,FF
1751020,143647,0xCF00400,1,8,FF,FF,FF,A4,4A,FF,FF,FF
1751020,143648,0xCFF6600,1,8,54,09,FF,FF,FF,FF,FF,FF
1751040,143649,0xCF00400,1,8,FF,FF,FF,B4,4A,FF,FF,FF
1751041,143650,0xCFF6600,1,8,56,09,FF,FF,FF,FF,FF,FF
1751060,143651,0xCF00400,1,8,FF,FF,FF,B4,4A,FF,FF,FF
1751060,143652,0xCFF6600,1,8,56,09,FF,FF,FF,FF,FF,FF
1751080,143653,0xCF00400,1,8,FF,FF,FF,32,4B,FF,FF,FF
1751080,143654,0xCFF6600,1,8,66,09,FF,FF,FF,FF,FF,FF
1751100,143655,0xCF00400,1,8,FF,FF,FF,72,4B,FF,FF,FF
1751100,143656,0xCFF6600,1,8,6E,09,FF,FF,FF,FF,FF,FF
1751111,143657,0x18FEF100,1,8,3F,00,00,FF,FF,FF,FF,FF
1751111,143658,0x18F00500,1,8,FF,FF,FF,FF,20,2D,FF,FF
1751112,143659,0x18F00600,1,8,FF,FF,FF,FF,FF,FF,FF,FF
1751113,143660,0x18FEF200,1,8,1C,00,00,1E,00,00,00,FF
1751113,143661,0x1CFDDF00,1,8,FE,FF,FF,FF,FF,FF,FF,FF
1751114,143662,0x1CFF6A00,1,8,FC,FF,FF,FF,FF,FF,FF,FF
1751121,143663,0xCF00400,1,8,FF,FF,FF,80,4B,FF,FF,FF
1751122,143664,0xCFF6600,1,8,70,09,FF,FF,FF,FF,FF,FF
1751140,143665,0xCF00400,1,8,FF,FF,FF,B6,4B,FF,FF,FF
1751141,143666,0xCFF6600,1,8,76,09,FF,FF,FF,FF,FF,FF
1751160,143667,0xCF00400,1,8,FF,FF,FF,B6,4B,FF,FF,FF
1751160,143668,0xCFF6600,1,8,76,09,FF,FF,FF,FF,FF,FF
1751180,143669,0xCF00400,1,8,FF,FF,FF,0E,4C,FF,FF,FF
1751180,143670,0xCFF6600,1,8,81,09,FF,FF,FF,FF,FF,FF
1751200,143671,0xCF00400,1,8,FF,FF,FF,4E,4C,FF,FF,FF
1751201,143672,0xCFF6600,1,8,89,09,FF,FF,FF,FF,FF,FF
1751210,143673,0x18FEF100,1,8,3F,00,00,FF,FF,FF,FF,FF
1751211,143674,0x10FF6500,1,8,FC,FF,FF,FF,FF,FF,FF,FF
1751212,143675,0x18F00500,1,8,FF,FF,FF,FF,20,2D,FF,FF
1751213,143676,0x18FEF200,1,8,1C,00,00,1E,00,00,00,FF
1751220,143677,0xCF00400,1,8,FF,FF,FF,7E,4C,FF,FF,FF
1751220,143678,0xCFF6600,1,8,8F,09,FF,FF,FF,FF,FF,FF
1751240,143679,0xCF00400,1,8,FF,FF,FF,46,4C,FF,FF,FF
1751240,143680,0xCFF6600,1,8,88,09,FF,FF,FF,FF,FF,FF
1751260,143681,0xCF00400,1,8,FF,FF,FF,46,4C,FF,FF,FF
1751260,143682,0xCFF6600,1,8,88,09,FF,FF,FF,FF,FF,FF
1751270,143683,0x18FEEE00,1,8,61,FF,FF,FF,FF,FF,FF,FF
1751270,143684,0x18FDE500,1,8,0A,14,1E,28,32,3C,46,13
1751280,143685,0xCF00400,1,8,FF,FF,FF,B8,4B,FF,FF,FF
1751280,143686,0xCFF6600,1,8,77,09,FF,FF,FF,FF,FF,FF
1751289,143687,0x1CECFF00,1,8,20,0A,00,02,FF,CA,FE,00
1751300,143688,0xCF00400,1,8,FF,FF,FF,34,4B,FF,FF,FF
1751301,143689,0xCFF6600,1,8,66,09,FF,FF,FF,FF,FF,FF
1751311,143690,0x18FEF100,1,8,3F,00,00,FF,FF,FF,FF,FF
1751311,143691,0x18F00500,1,8,FF,FF,FF,FF,20,2D,FF,FF
1751312,143692,0x18FEF200,1,8,1E,00,00,0A,00,00,00,FF
1751320,143693,0xCF00400,1,8,FF,FF,FF,B2,4A,FF,FF,FF
1751320,143694,0xCFF6600,1,8,56,09,FF,FF,FF,FF,FF,FF
1751340,143695,0xCF00400,1,8,FF,FF,FF,92,4A,FF,FF,FF
1751340,143696,0xCFF6600,1,8,52,09,FF,FF,FF,FF,FF,FF
1751341,143697,0x1CEBFF00,1,8,01,40,FF,0F,F0,E5,01,02
1751360,143698,0xCF00400,1,8,FF,FF,FF,92,4A,FF,FF,FF
1751360,143699,0xCFF6600,1,8,52,09,FF,FF,FF,FF,FF,FF
1751380,143700,0xCF00400,1,8,FF,FF,FF,C4,4A,FF,FF,FF
1751380,143701,0xCFF6600,1,8,58,09,FF,FF,FF,FF,FF,FF
1751389,143702,0x1CEBFF00,1,8,02,F0,E3,01,FF,FF,FF,FF
1751400,143703,0xCF00400,1,8,FF,FF,FF,28,4B,FF,FF,FF
1751401,143704,0xCFF6600,1,8,65,09,FF,FF,FF,FF,FF,FF
1751410,143705,0x18FEF100,1,8,3F,00,00,FF,FF,FF,FF,FF
1751411,143706,0x10FF6500,1,8,FC,FF,FF,FF,FF,FF,FF,FF
1751412,143707,0x18F00500,1,8,FF,FF,FF,FF,20,2D,FF,FF
1751418,143708,0x18FEF200,1,8,1E,00,00,0A,00,00,00,FF
1751420,143709,0xCF00400,1,8,FF,FF,FF,B4,4B,FF,FF,FF
1751420,143710,0xCFF6600,1,8,76,09,FF,FF,FF,FF,FF,FF
1751440,143711,0xCF00400,1,8,FF,FF,FF,BA,4B,FF,FF,FF
1751440,143712,0xCFF6600,1,8,77,09,FF,FF,FF,FF,FF,FF
1751460,143713,0xCF00400,1,8,FF,FF,FF,BA,4B,FF,FF,FF
1751461,143714,0xCFF6600,1,8,77,09,FF,FF,FF,FF,FF,FF
1751480,143715,0xCF00400,1,8,FF,FF,FF,52,4B,FF,FF,FF
1751480,143716,0xCFF6600,1,8,6A,09,FF,FF,FF,FF,FF,FF
1751500,143717,0xCF00400,1,8,FF,FF,FF,3C,4B,FF,FF,FF
1751501,143718,0xCFF6600,1,8,67,09,FF,FF,FF,FF,FF,FF
1751511,143719,0x18FEF100,1,8,3F,00,00,FF,FF,FF,FF,FF
1751511,143720,0x18F00500,1,8,FF,FF,FF,FF,20,2D,FF,FF
1751512,143721,0x18FEF200,1,8,1E,00,00,0A,00,00,00,FF
1751520,143722,0xCF00400,1,8,FF,FF,FF,6A,4B,FF,FF,FF
1751520,143723,0xCFF6600,1,8,6D,09,FF,FF,FF,FF,FF,FF
1751540,143724,0xCF00400,1,8,FF,FF,FF,46,4B,FF,FF,FF
1751540,143725,0xCFF6600,1,8,68,09,FF,FF,FF,FF,FF,FF
1751560,143726,0xCF00400,1,8,FF,FF,FF,46,4B,FF,FF,FF
1751560,143727,0xCFF6600,1,8,68,09,FF,FF,FF,FF,FF,FF
1751580,143728,0xCF00400,1,8,FF,FF,FF,DC,4A,FF,FF,FF
1751581,143729,0xCFF6600,1,8,5B,09,FF,FF,FF,FF,FF,FF
1751600,143730,0xCF00400,1,8,FF,FF,FF,B0,4A,FF,FF,FF
1751601,143731,0xCFF6600,1,8,56,09,FF,FF,FF,FF,FF,FF
1751610,143732,0x18FEF100,1,8,3F,00,00,FF,FF,FF,FF,FF
1751611,143733,0x10FF6500,1,8,FC,FF,FF,FF,FF,FF,FF,FF
1751612,143734,0x18F00500,1,8,FF,FF,FF,FF,20,2D,FF,FF
1751612,143735,0x18F00600,1,8,FF,FF,FF,FF,FF,FF,FF,FF
1751613,143736,0x18FEF200,1,8,1E,00,00,0A,00,00,00,FF
1751613,143737,0x1CFDDF00,1,8,FE,FF,FF,FF,FF,FF,FF,FF
1751614,143738,0x1CFF6A00,1,8,FC,FF,FF,FF,FF,FF,FF,FF
1751620,143739,0xCF00400,1,8,FF,FF,FF,BE,4A,FF,FF,FF
1751621,143740,0xCFF6600,1,8,57,09,FF,FF,FF,FF,FF,FF
1751640,143741,0xCF00400,1,8,FF,FF,FF,80,4A,FF,FF,FF
1751640,143742,0xCFF6600,1,8,50,09,FF,FF,FF,FF,FF,FF
1751660,143743,0xCF00400,1,8,FF,FF,FF,80,4A,FF,FF,FF
1751660,143744,0xCFF6600,1,8,50,09,FF,FF,FF,FF,FF,FF
1751680,143745,0xCF00400,1,8,FF,FF,FF,02,4A,FF,FF,FF
1751680,143746,0xCFF6600,1,8,40,09,FF,FF,FF,FF,FF,FF
1751700,143747,0xCF00400,1,8,FF,FF,FF,F8,49,FF,FF,FF
1751701,143748,0xCFF6600,1,8,3F,09,FF,FF,FF,FF,FF,FF
1751711,143749,0x18FEF100,1,8,3F,00,00,FF,FF,FF,FF,FF
1751711,143750,0x18F00500,1,8,FF,FF,FF,FF,20,2D,FF,FF
1751712,143751,0x18FEF200,1,8,1E,00,00,0A,00,00,00,FF
1751720,143752,0xCF00400,1,8,FF,FF,FF,4C,4A,FF,FF,FF
1751720,143753,0xCFF6600,1,8,49,09,FF,FF,FF,FF,FF,FF
1751740,143754,0xCF00400,1,8,FF,FF,FF,12,4A,FF,FF,FF
1751740,143755,0xCFF6600,1,8,42,09,FF,FF,FF,FF,FF,FF
1751760,143756,0xCF00400,1,8,FF,FF,FF,12,4A,FF,FF,FF
1751760,143757,0xCFF6600,1,8,42,09,FF,FF,FF,FF,FF,FF
1751780,143758,0xCF00400,1,8,FF,FF,FF,5C,49,FF,FF,FF
1751780,143759,0xCFF6600,1,8,2B,09,FF,FF,FF,FF,FF,FF
1751800,143760,0xCF00400,1,8,FF,FF,FF,DC,48,FF,FF,FF
1751800,143761,0xCFF6600,1,8,1B,09,FF,FF,FF,FF,FF,FF
1751810,143762,0x18FEF100,1,8,3F,00,00,FF,FF,FF,FF,FF
1751811,143763,0x10FF6500,1,8,FC,FF,FF,FF,FF,FF,FF,FF
1751812,143764,0x18F00500,1,8,FF,FF,FF,FF,20,2D,FF,FF
1751812,143765,0x18FEF200,1,8,1E,00,00,0A,00,00,00,FF
1751820,143766,0xCF00400,1,8,FF,FF,FF,8A,48,FF,FF,FF
1751820,143767,0xCFF6600,1,8,11,09,FF,FF,FF,FF,FF,FF
1751840,143768,0xCF00400,1,8,FF,FF,FF,8A,48,FF,FF,FF
1751840,143769,0xCFF6600,1,8,11,09,FF,FF,FF,FF,FF,FF
1751860,143770,0xCF00400,1,8,FF,FF,FF,0A,48,FF,FF,FF
1751860,143771,0xCFF6600,1,8,01,09,FF,FF,FF,FF,FF,FF
1751880,143772,0xCF00400,1,8,FF,FF,FF,5E,47,FF,FF,FF
1751881,143773,0xCFF6600,1,8,EB,08,FF,FF,FF,FF,FF,FF
1751900,143774,0xCF00400,1,8,FF,FF,FF,86,47,FF,FF,FF
1751900,143775,0xCFF6600,1,8,F0,08,FF,FF,FF,FF,FF,FF
1751911,143776,0x18FEF100,1,8,3F,00,00,FF,FF,FF,FF,FF
1751911,143777,0x18F00500,1,8,FF,FF,FF,FF,20,2D,FF,FF
1751912,143778,0x18FEF200,1,8,1E,00,00,0A,00,00,00,FF
1751920,143779,0xCF00400,1,8,FF,FF,FF,5A,48,FF,FF,FF
1751921,143780,0xCFF6600,1,8,0B,09,FF,FF,FF,FF,FF,FF
1751940,143781,0xCF00400,1,8,FF,FF,FF,5A,48,FF,FF,FF
1751940,143782,0xCFF6600,1,8,0B,09,FF,FF,FF,FF,FF,FF
1751960,143783,0xCF00400,1,8,FF,FF,FF,9A,48,FF,FF,FF
1751960,143784,0xCFF6600,1,8,13,09,FF,FF,FF,FF,FF,FF
1751980,143785,0xCF00400,1,8,FF,FF,FF,64,48,FF,FF,FF
1751980,143786,0xCFF6600,1,8,0C,09,FF,FF,FF,FF,FF,FF
1752000,143787,0xCF00400,1,8,FF,FF,FF,4E,48,FF,FF,FF
1752000,143788,0xCFF6600,1,8,09,09,FF,FF,FF,FF,FF,FF
1752011,143789,0x18FEF100,1,8,3F,00,00,FF,FF,FF,FF,FF
1752012,143790,0x10FF6500,1,8,FC,FF,FF,FF,FF,FF,FF,FF
1752012,143791,0x18F00500,1,8,FF,FF,FF,FF,20,2D,FF,FF
1752013,143792,0x18FEF200,1,8,1E,00,00,0A,00,00,00,FF
1752020,143793,0xCF00400,1,8,FF,FF,FF,4E,48,FF,FF,FF
1752020,143794,0xCFF6600,1,8,09,09,FF,FF,FF,FF,FF,FF
1752040,143795,0xCF00400,1,8,FF,FF,FF,4A,48,FF,FF,FF
1752041,143796,0xCFF6600,1,8,09,09,FF,FF,FF,FF,FF,FF
1752060,143797,0xCF00400,1,8,FF,FF,FF,68,48,FF,FF,FF
1752060,143798,0xCFF6600,1,8,0D,09,FF,FF,FF,FF,FF,FF
1752080,143799,0xCF00400,1,8,FF,FF,FF,AC,48,FF,FF,FF
1752080,143800,0xCFF6600,1,8,15,09,FF,FF,FF,FF,FF,FF
1752100,143801,0xCF00400,1,8,FF,FF,FF,AC,48,FF,FF,FF
1752100,143802,0xCFF6600,1,8,15,09,FF,FF,FF,FF,FF,FF
1752111,143803,0x18FEF100,1,8,3F,00,00,FF,FF,FF,FF,FF
1752111,143804,0x18F00500,1,8,FF,FF,FF,FF,20,2D,FF,FF
1752112,143805,0x18F00600,1,8,FF,FF,FF,FF,FF,FF,FF,FF
1752112,143806,0x18FEF200,1,8,1E,00,00,0A,00,00,00,FF
1752114,143807,0x1CFDDF00,1,8,FE,FF,FF,FF,FF,FF,FF,FF
1752114,143808,0x1CFF6A00,1,8,FC,FF,FF,FF,FF,FF,FF,FF
1752120,143809,0xCF00400,1,8,FF,FF,FF,A8,48,FF,FF,FF
1752120,143810,0xCFF6600,1,8,15,09,FF,FF,FF,FF,FF,FF
1752140,143811,0xCF00400,1,8,FF,FF,FF,62,48,FF,FF,FF
1752140,143812,0xCFF6600,1,8,0C,09,FF,FF,FF,FF,FF,FF
1752160,143813,0xCF00400,1,8,FF,FF,FF,1C,48,FF,FF,FF
1752160,143814,0xCFF6600,1,8,03,09,FF,FF,FF,FF,FF,FF
1752182,143815,0xCF00400,1,8,FF,FF,FF,D2,47,FF,FF,FF
1752183,143816,0xCFF6600,1,8,FA,08,FF,FF,FF,FF,FF,FF
1752200,143817,0xCF00400,1,8,FF,FF,FF,D2,47,FF,FF,FF
1752200,143818,0xCFF6600,1,8,FA,08,FF,FF,FF,FF,FF,FF
1752210,143819,0x18FEF100,1,8,3F,00,00,FF,FF,FF,FF,FF
1752211,143820,0x10FF6500,1,8,FC,FF,FF,FF,FF,FF,FF,FF
1752212,143821,0x18F00500,1,8,FF,FF,FF,FF,20,2D,FF,FF
1752212,143822,0x18FEF200,1,8,1E,00,00,0A,00,00,00,FF
1752220,143823,0xCF00400,1,8,FF,FF,FF,D8,47,FF,FF,FF
1752220,143824,0xCFF6600,1,8,FB,08,FF,FF,FF,FF,FF,FF
1752240,143825,0xCF00400,1,8,FF,FF,FF,1C,48,FF,FF,FF
1752240,143826,0xCFF6600,1,8,03,09,FF,FF,FF,FF,FF,FF
1752260,143827,0xCF00400,1,8,FF,FF,FF,DE,47,FF,FF,FF
1752261,143828,0xCFF6600,1,8,FB,08,FF,FF,FF,FF,FF,FF
1752270,143829,0x18FEEE00,1,8,61,FF,FF,FF,FF,FF,FF,FF
1752270,143830,0x18FDE500,1,8,0A,14,1E,28,32,3C,46,13
1752280,143831,0xCF00400,1,8,FF,FF,FF,DE,47,FF,FF,FF
1752280,143832,0xCFF6600,1,8,FB,08,FF,FF,FF,FF,FF,FF
1752289,143833,0x1CECFF00,1,8,20,0A,00,02,FF,CA,FE,00
1752301,143834,0xCF00400,1,8,FF,FF,FF,2C,47,FF,FF,FF
1752301,143835,0xCFF6600,1,8,E5,08,FF,FF,FF,FF,FF,FF
1752311,143836,0x18FEF100,1,8,3F,00,00,FF,FF,FF,FF,FF
1752312,143837,0x18F00500,1,8,FF,FF,FF,FF,20,2D,FF,FF
1752312,143838,0x18FEF200,1,8,1C,00,00,03,00,00,00,FF
1752320,143839,0xCF00400,1,8,FF,FF,FF,D4,46,FF,FF,FF
1752320,143840,0xCFF6600,1,8,DA,08,FF,FF,FF,FF,FF,FF
1752340,143841,0xCF00400,1,8,FF,FF,FF,D0,46,FF,FF,FF
1752341,143842,0xCFF6600,1,8,DA,08,FF,FF,FF,FF,FF,FF
1752342,143843,0x1CEBFF00,1,8,01,40,FF,0F,F0,E5,01,02
1752360,143844,0xCF00400,1,8,FF,FF,FF,D0,46,FF,FF,FF
1752360,143845,0xCFF6600,1,8,DA,08,FF,FF,FF,FF,FF,FF
1752380,143846,0xCF00400,1,8,FF,FF,FF,D0,46,FF,FF,FF
1752380,143847,0xCFF6600,1,8,DA,08,FF,FF,FF,FF,FF,FF
1752390,143848,0x1CEBFF00,1,8,02,F0,E3,01,FF,FF,FF,FF
1752400,143849,0xCF00400,1,8,FF,FF,FF,D2,46,FF,FF,FF
1752400,143850,0xCFF6600,1,8,DA,08,FF,FF,FF,FF,FF,FF
1752410,143851,0x18FEF100,1,8,3F,00,00,FF,FF,FF,FF,FF
1752411,143852,0x10FF6500,1,8,FC,FF,FF,FF,FF,FF,FF,FF
1752412,143853,0x18F00500,1,8,FF,FF,FF,FF,20,2D,FF,FF
1752413,143854,0x18FEF200,1,8,1C,00,00,03,00,00,00,FF
1752422,143855,0xCF00400,1,8,FF,FF,FF,64,47,FF,FF,FF
1752422,143856,0xCFF6600,1,8,EC,08,FF,FF,FF,FF,FF,FF
1752446,143857,0xCF00400,1,8,FF,FF,FF,64,47,FF,FF,FF
1752447,143858,0xCFF6600,1,8,EC,08,FF,FF,FF,FF,FF,FF
1752460,143859,0xCF00400,1,8,FF,FF,FF,6E,48,FF,FF,FF
1752460,143860,0xCFF6600,1,8,0D,09,FF,FF,FF,FF,FF,FF
1752480,143861,0xCF00400,1,8,FF,FF,FF,8E,48,FF,FF,FF
1752480,143862,0xCFF6600,1,8,11,09,FF,FF,FF,FF,FF,FF
1752500,143863,0xCF00400,1,8,FF,FF,FF,EC,47,FF,FF,FF
1752500,143864,0xCFF6600,1,8,FD,08,FF,FF,FF,FF,FF,FF
1752511,143865,0x18FEF100,1,8,3F,00,00,FF,FF,FF,FF,FF
1752511,143866,0x18F00500,1,8,FF,FF,FF,FF,20,2D,FF,FF
1752512,143867,0x18FEF200,1,8,1C,00,00,03,00,00,00,FF
1752520,143868,0xCF00400,1,8,FF,FF,FF,70,47,FF,FF,FF
1752521,143869,0xCFF6600,1,8,EE,08,FF,FF,FF,FF,FF,FF
1752540,143870,0xCF00400,1,8,FF,FF,FF,70,47,FF,FF,FF
1752540,143871,0xCFF6600,1,8,EE,08,FF,FF,FF,FF,FF,FF
1752560,143872,0xCF00400,1,8,FF,FF,FF,1C,47,FF,FF,FF
1752561,143873,0xCFF6600,1,8,E3,08,FF,FF,FF,FF,FF,FF
1752580,143874,0xCF00400,1,8,FF,FF,FF,0E,47,FF,FF,FF
1752580,143875,0xCFF6600,1,8,E1,08,FF,FF,FF,FF,FF,FF
1752600,143876,0xCF00400,1,8,FF,FF,FF,3C,47,FF,FF,FF
1752601,143877,0xCFF6600,1,8,E7,08,FF,FF,FF,FF,FF,FF
1752611,143878,0x18FEF100,1,8,3F,00,00,FF,FF,FF,FF,FF
1752611,143879,0x10FF6500,1,8,FC,FF,FF,FF,FF,FF,FF,FF
1752612,143880,0x18F00500,1,8,FF,FF,FF,FF,20,2D,FF,FF
1752612,143881,0x18F00600,1,8,FF,FF,FF,FF,FF,FF,FF,FF
1752613,143882,0x18FEF200,1,8,1C,00,00,03,00,00,00,FF
1752614,143883,0x1CFDDF00,1,8,FE,FF,FF,FF,FF,FF,FF,FF
1752614,143884,0x1CFF6A00,1,8,FC,FF,FF,FF,FF,FF,FF,FF
1752620,143885,0xCF00400,1,8,FF,FF,FF,3C,47,FF,FF,FF
1752620,143886,0xCFF6600,1,8,E7,08,FF,FF,FF,FF,FF,FF
1752640,143887,0xCF00400,1,8,FF,FF,FF,38,47,FF,FF,FF
1752640,143888,0xCFF6600,1,8,E7,08,FF,FF,FF,FF,FF,FF
1752660,143889,0xCF00400,1,8,FF,FF,FF,08,47,FF,FF,FF
1752660,143890,0xCFF6600,1,8,E1,08,FF,FF,FF,FF,FF,FF
1752680,143891,0xCF00400,1,8,FF,FF,FF,F8,46,FF,FF,FF
1752680,143892,0xCFF6600,1,8,DF,08,FF,FF,FF,FF,FF,FF
1752700,143893,0xCF00400,1,8,FF,FF,FF,F8,46,FF,FF,FF
1752700,143894,0xCFF6600,1,8,DF,08,FF,FF,FF,FF,FF,FF
1752711,143895,0x18FEF100,1,8,3F,00,00,FF,FF,FF,FF,FF
1752711,143896,0x18F00500,1,8,FF,FF,FF,FF,20,2D,FF,FF
1752712,143897,0x18FEF200,1,8,1C,00,00,03,00,00,00,FF
1752720,143898,0xCF00400,1,8,FF,FF,FF,F4,46,FF,FF,FF
1752725,143899,0xCFF6600,1,8,DE,08,FF,FF,FF,FF,FF,FF
1752740,143900,0xCF00400,1,8,FF,FF,FF,10,47,FF,FF,FF
1752740,143901,0xCFF6600,1,8,E2,08,FF,FF,FF,FF,FF,FF
1752760,143902,0xCF00400,1,8,FF,FF,FF,52,47,FF,FF,FF
1752760,143903,0xCFF6600,1,8,EA,08,FF,FF,FF,FF,FF,FF
1752780,143904,0xCF00400,1,8,FF,FF,FF,52,47,FF,FF,FF
1752780,143905,0xCFF6600,1,8,EA,08,FF,FF,FF,FF,FF,FF
1752800,143906,0xCF00400,1,8,FF,FF,FF,B6,47,FF,FF,FF
1752800,143907,0xCFF6600,1,8,F6,08,FF,FF,FF,FF,FF,FF
1752811,143908,0x18FEF100,1,8,3F,00,00,FF,FF,FF,FF,FF
1752812,143909,0x10FF6500,1,8,FC,FF,FF,FF,FF,FF,FF,FF
1752812,143910,0x18F00500,1,8,FF,FF,FF,FF,20,2D,FF,FF
1752813,143911,0x18FEF200,1,8,1C,00,00,03,00,00,00,FF
1752820,143912,0xCF00400,1,8,FF,FF,FF,36,48,FF,FF,FF
1752820,143913,0xCFF6600,1,8,06,09,FF,FF,FF,FF,FF,FF
1752840,143914,0xCF00400,1,8,FF,FF,FF,AC,48,FF,FF,FF
1752841,143915,0xCFF6600,1,8,15,09,FF,FF,FF,FF,FF,FF
1752860,143916,0xCF00400,1,8,FF,FF,FF,AC,48,FF,FF,FF
1752860,143917,0xCFF6600,1,8,15,09,FF,FF,FF,FF,FF,FF
1752880,143918,0xCF00400,1,8,FF,FF,FF,18,49,FF,FF,FF
1752880,143919,0xCFF6600,1,8,23,09,FF,FF,FF,FF,FF,FF
1752900,143920,0xCF00400,1,8,FF,FF,FF,B6,48,FF,FF,FF
1752901,143921,0xCFF6600,1,8,16,09,FF,FF,FF,FF,FF,FF
1752911,143922,0x18FEF100,1,8,3F,00,00,FF,FF,FF,FF,FF
1752912,143923,0x18F00500,1,8,FF,FF,FF,FF,20,2D,FF,FF
1752912,143924,0x18FEF200,1,8,1C,00,00,03,00,00,00,FF
1752920,143925,0xCF00400,1,8,FF,FF,FF,9A,47,FF,FF,FF
1752920,143926,0xCFF6600,1,8,F3,08,FF,FF,FF,FF,FF,FF
1752940,143927,0xCF00400,1,8,FF,FF,FF,22,47,FF,FF,FF
1752941,143928,0xCFF6600,1,8,E4,08,FF,FF,FF,FF,FF,FF
1752960,143929,0xCF00400,1,8,FF,FF,FF,22,47,FF,FF,FF
1752961,143930,0xCFF6600,1,8,E4,08,FF,FF,FF,FF,FF,FF
1752981,143931,0xCF00400,1,8,FF,FF,FF,46,47,FF,FF,FF
1752982,143932,0xCFF6600,1,8,E8,08,FF,FF,FF,FF,FF,FF
1753000,143933,0xCF00400,1,8,FF,FF,FF,B0,47,FF,FF,FF
1753000,143934,0xCFF6600,1,8,F6,08,FF,FF,FF,FF,FF,FF
1753011,143935,0x18FEF100,1,8,3F,00,00,FF,FF,FF,FF,FF
1753011,143936,0x10FF6500,1,8,FC,FF,FF,FF,FF,FF,FF,FF
1753012,143937,0x18F00500,1,8,FF,FF,FF,FF,20,2D,FF,FF
1753013,143938,0x18FEF200,1,8,1C,00,00,03,00,00,00,FF
1753020,143939,0xCF00400,1,8,FF,FF,FF,52,48,FF,FF,FF
1753020,143940,0xCFF6600,1,8,0A,09,FF,FF,FF,FF,FF,FF
1753040,143941,0xCF00400,1,8,FF,FF,FF,52,48,FF,FF,FF
1753040,143942,0xCFF6600,1,8,0A,09,FF,FF,FF,FF,FF,FF
1753060,143943,0xCF00400,1,8,FF,FF,FF,8C,48,FF,FF,FF
1753060,143944,0xCFF6600,1,8,11,09,FF,FF,FF,FF,FF,FF
1753080,143945,0xCF00400,1,8,FF,FF,FF,66,48,FF,FF,FF
1753080,143946,0xCFF6600,1,8,0C,09,FF,FF,FF,FF,FF,FF
1753100,143947,0xCF00400,1,8,FF,FF,FF,6A,48,FF,FF,FF
1753100,143948,0xCFF6600,1,8,0D,09,FF,FF,FF,FF,FF,FF
1753111,143949,0x18FEF100,1,8,3F,00,00,FF,FF,FF,FF,FF
1753111,143950,0x18F00500,1,8,FF,FF,FF,FF,20,2D,FF,FF
1753112,143951,0x18F00600,1,8,FF,FF,FF,FF,FF,FF,FF,FF
1753113,143952,0x18FEF200,1,8,1C,00,00,03,00,00,00,FF
1753113,143953,0x1CFDDF00,1,8,FE,FF,FF,FF,FF,FF,FF,FF
1753114,143954,0x1CFF6A00,1,8,FC,FF,FF,FF,FF,FF,FF,FF
1753120,143955,0xCF00400,1,8,FF,FF,FF,6A,48,FF,FF,FF
1753120,143956,0xCFF6600,1,8,0D,09,FF,FF,FF,FF,FF,FF
1753140,143957,0xCF00400,1,8,FF,FF,FF,98,48,FF,FF,FF
1753140,143958,0xCFF6600,1,8,13,09,FF,FF,FF,FF,FF,FF
1753160,143959,0xCF00400,1,8,FF,FF,FF,7E,48,FF,FF,FF
1753161,143960,0xCFF6600,1,8,0F,09,FF,FF,FF,FF,FF,FF
1753180,143961,0xCF00400,1,8,FF,FF,FF,20,48,FF,FF,FF
1753187,143962,0xCFF6600,1,8,04,09,FF,FF,FF,FF,FF,FF
1753200,143963,0xCF00400,1,8,FF,FF,FF,EA,47,FF,FF,FF
1753201,143964,0xCFF6600,1,8,FD,08,FF,FF,FF,FF,FF,FF
1753210,143965,0x18FEF100,1,8,3F,00,00,FF,FF,FF,FF,FF
1753211,143966,0x10FF6500,1,8,FC,FF,FF,FF,FF,FF,FF,FF
1753212,143967,0x18F00500,1,8,FF,FF,FF,FF,20,2D,FF,FF
1753212,143968,0x18FEF200,1,8,1C,00,00,03,00,00,00,FF
1753220,143969,0xCF00400,1,8,FF,FF,FF,EA,47,FF,FF,FF
1753221,143970,0xCFF6600,1,8,FD,08,FF,FF,FF,FF,FF,FF
1753240,143971,0xCF00400,1,8,FF,FF,FF,D4,47,FF,FF,FF
1753240,143972,0xCFF6600,1,8,FA,08,FF,FF,FF,FF,FF,FF
1753260,143973,0xCF00400,1,8,FF,FF,FF,A8,47,FF,FF,FF
1753261,143974,0xCFF6600,1,8,F5,08,FF,FF,FF,FF,FF,FF
1753269,143975,0x18FEEE00,1,8,61,FF,FF,FF,FF,FF,FF,FF
1753270,143976,0x18FDE500,1,8,0A,14,1E,28,32,3C,46,13
1753280,143977,0xCF00400,1,8,FF,FF,FF,68,47,FF,FF,FF
1753280,143978,0xCFF6600,1,8,ED,08,FF,FF,FF,FF,FF,FF
1753289,143979,0x1CECFF00,1,8,20,0A,00,02,FF,CA,FE,00
1753300,143980,0xCF00400,1,8,FF,FF,FF,68,47,FF,FF,FF
1753300,143981,0xCFF6600,1,8,ED,08,FF,FF,FF,FF,FF,FF
1753311,143982,0x18FEF100,1,8,3F,00,00,FF,FF,FF,FF,FF
1753312,143983,0x18F00500,1,8,FF,FF,FF,FF,20,2D,FF,FF
1753313,143984,0x18FEF200,1,8,1B,00,00,01,00,00,00,FF
1753320,143985,0xCF00400,1,8,FF,FF,FF,56,47,FF,FF,FF
1753320,143986,0xCFF6600,1,8,EA,08,FF,FF,FF,FF,FF,FF
1753340,143987,0xCF00400,1,8,FF,FF,FF,68,47,FF,FF,FF
1753340,143988,0xCFF6600,1,8,ED,08,FF,FF,FF,FF,FF,FF
1753341,143989,0x1CEBFF00,1,8,01,40,FF,0F,F0,E5,01,02
1753360,143990,0xCF00400,1,8,FF,FF,FF,B4,47,FF,FF,FF
1753360,143991,0xCFF6600,1,8,F6,08,FF,FF,FF,FF,FF,FF
1753380,143992,0xCF00400,1,8,FF,FF,FF,B4,47,FF,FF,FF
1753380,143993,0xCFF6600,1,8,F6,08,FF,FF,FF,FF,FF,FF
1753390,143994,0x1CEBFF00,1,8,02,F0,E3,01,FF,FF,FF,FF
1753400,143995,0xCF00400,1,8,FF,FF,FF,2E,48,FF,FF,FF
1753400,143996,0xCFF6600,1,8,05,09,FF,FF,FF,FF,FF,FF
1753410,143997,0x18FEF100,1,8,3F,00,00,FF,FF,FF,FF,FF
1753411,143998,0x10FF6500,1,8,FC,FF,FF,FF,FF,FF,FF,FF
1753412,143999,0x18F00500,1,8,FF,FF,FF,FF,20,2D,FF,FF
1753412,144000,0x18FEF200,1,8,1B,00,00,01,00,00,00,FF
1753420,144001,0xCF00400,1,8,FF,FF,FF,66,48,FF,FF,FF
1753420,144002,0xCFF6600,1,8,0C,09,FF,FF,FF,FF,FF,FF
1753440,144003,0xCF00400,1,8,FF,FF,FF,70,48,FF,FF,FF
1753440,144004,0xCFF6600,1,8,0E,09,FF,FF,FF,FF,FF,FF
1753460,144005,0xCF00400,1,8,FF,FF,FF,5A,48,FF,FF,FF
1753461,144006,0xCFF6600,1,8,0B,09,FF,FF,FF,FF,FF,FF
1753480,144007,0xCF00400,1,8,FF,FF,FF,5A,48,FF,FF,FF
1753480,144008,0xCFF6600,1,8,0B,09,FF,FF,FF,FF,FF,FF
1753500,144009,0xCF00400,1,8,FF,FF,FF,2C,48,FF,FF,FF
1753501,144010,0xCFF6600,1,8,05,09,FF,FF,FF,FF,FF,FF
1753511,144011,0x18FEF100,1,8,3F,00,00,FF,FF,FF,FF,FF
1753511,144012,0x18F00500,1,8,FF,FF,FF,FF,20,2D,FF,FF
1753512,144013,0x18FEF200,1,8,1B,00,00,01,00,00,00,FF
1753520,144014,0xCF00400,1,8,FF,FF,FF,28,48,FF,FF,FF
1753522,144015,0xCFF6600,1,8,05,09,FF,FF,FF,FF,FF,FF
1753540,144016,0xCF00400,1,8,FF,FF,FF,46,48,FF,FF,FF
1753540,144017,0xCFF6600,1,8,08,09,FF,FF,FF,FF,FF,FF
1753560,144018,0xCF00400,1,8,FF,FF,FF,46,48,FF,FF,FF
1753560,144019,0xCFF6600,1,8,08,09,FF,FF,FF,FF,FF,FF
1753580,144020,0xCF00400,1,8,FF,FF,FF,46,48,FF,FF,FF
1753580,144021,0xCFF6600,1,8,08,09,FF,FF,FF,FF,FF,FF
1753600,144022,0xCF00400,1,8,FF,FF,FF,28,48,FF,FF,FF
1753600,144023,0xCFF6600,1,8,05,09,FF,FF,FF,FF,FF,FF
1753610,144024,0x18FEF100,1,8,3F,00,00,FF,FF,FF,FF,FF
1753611,144025,0x18F00500,1,8,FF,FF,FF,FF,20,2D,FF,FF
1753612,144026,0x10FF6500,1,8,FC,FF,FF,FF,FF,FF,FF,FF
1753612,144027,0x18F00600,1,8,FF,FF,FF,FF,FF,FF,FF,FF
1753613,144028,0x18FEF200,1,8,1B,00,00,01,00,00,00,FF
1753613,144029,0x1CFDDF00,1,8,FE,FF,FF,FF,FF,FF,FF,FF
1753614,144030,0x1CFF6A00,1,8,FC,FF,FF,FF,FF,FF,FF,FF
1753620,144031,0xCF00400,1,8,FF,FF,FF,00,48,FF,FF,FF
1753620,144032,0xCFF6600,1,8,00,09,FF,FF,FF,FF,FF,FF
1753640,144033,0xCF00400,1,8,FF,FF,FF,00,48,FF,FF,FF
1753640,144034,0xCFF6600,1,8,00,09,FF,FF,FF,FF,FF,FF
1753660,144035,0xCF00400,1,8,FF,FF,FF,D8,47,FF,FF,FF
1753660,144036,0xCFF6600,1,8,FB,08,FF,FF,FF,FF,FF,FF
1753680,144037,0xCF00400,1,8,FF,FF,FF,EA,47,FF,FF,FF
1753680,144038,0xCFF6600,1,8,FD,08,FF,FF,FF,FF,FF,FF
1753700,144039,0xCF00400,1,8,FF,FF,FF,22,48,FF,FF,FF
1753704,144040,0xCFF6600,1,8,04,09,FF,FF,FF,FF,FF,FF
1753711,144041,0x18FEF100,1,8,3F,00,00,FF,FF,FF,FF,FF
1753711,144042,0x18F00500,1,8,FF,FF,FF,FF,20,2D,FF,FF
1753712,144043,0x18FEF200,1,8,1B,00,00,01,00,00,00,FF
1753720,144044,0xCF00400,1,8,FF,FF,FF,30,48,FF,FF,FF
1753721,144045,0xCFF6600,1,8,06,09,FF,FF,FF,FF,FF,FF
1753740,144046,0xCF00400,1,8,FF,FF,FF,30,48,FF,FF,FF
1753740,144047,0xCFF6600,1,8,06,09,FF,FF,FF,FF,FF,FF
1753760,144048,0xCF00400,1,8,FF,FF,FF,1A,48,FF,FF,FF
1753761,144049,0xCFF6600,1,8,03,09,FF,FF,FF,FF,FF,FF
1753780,144050,0xCF00400,1,8,FF,FF,FF,20,48,FF,FF,FF
1753780,144051,0xCFF6600,1,8,04,09,FF,FF,FF,FF,FF,FF
1753800,144052,0xCF00400,1,8,FF,FF,FF,46,48,FF,FF,FF
1753800,144053,0xCFF6600,1,8,08,09,FF,FF,FF,FF,FF,FF
1753810,144054,0x18FEF100,1,8,3F,00,00,FF,FF,FF,FF,FF
1753811,144055,0x10FF6500,1,8,FC,FF,FF,FF,FF,FF,FF,FF
1753812,144056,0x18F00500,1,8,FF,FF,FF,FF,20,2D,FF,FF
1753812,144057,0x18FEF200,1,8,1B,00,00,01,00,00,00,FF
1753820,144058,0xCF00400,1,8,FF,FF,FF,46,48,FF,FF,FF
1753820,144059,0xCFF6600,1,8,08,09,FF,FF,FF,FF,FF,FF
1753840,144060,0xCF00400,1,8,FF,FF,FF,00,48,FF,FF,FF
1753840,144061,0xCFF6600,1,8,00,09,FF,FF,FF,FF,FF,FF
1753863,144062,0xCF00400,1,8,FF,FF,FF,56,47,FF,FF,FF
1753863,144063,0xCFF6600,1,8,EA,08,FF,FF,FF,FF,FF,FF
1753880,144064,0xCF00400,1,8,FF,FF,FF,D8,46,FF,FF,FF
1753880,144065,0xCFF6600,1,8,DB,08,FF,FF,FF,FF,FF,FF
1753900,144066,0xCF00400,1,8,FF,FF,FF,D8,46,FF,FF,FF
1753900,144067,0xCFF6600,1,8,DB,08,FF,FF,FF,FF,FF,FF
1753911,144068,0x18FEF100,1,8,3F,00,00,FF,FF,FF,FF,FF
1753911,144069,0x18F00500,1,8,FF,FF,FF,FF,20,2D,FF,FF
1753912,144070,0x18FEF200,1,8,1B,00,00,01,00,00,00,FF
1753920,144071,0xCF00400,1,8,FF,FF,FF,82,46,FF,FF,FF
1753920,144072,0xCFF6600,1,8,D0,08,FF,FF,FF,FF,FF,FF
1753940,144073,0xCF00400,1,8,FF,FF,FF,E0,46,FF,FF,FF
1753940,144074,0xCFF6600,1,8,DC,08,FF,FF,FF,FF,FF,FF
1753960,144075,0xCF00400,1,8,FF,FF,FF,D4,47,FF,FF,FF
1753960,144076,0xCFF6600,1,8,FA,08,FF,FF,FF,FF,FF,FF
1753986,144077,0xCF00400,1,8,FF,FF,FF,D4,47,FF,FF,FF
1753987,144078,0xCFF6600,1,8,FA,08,FF,FF,FF,FF,FF,FF
1754000,144079,0xCF00400,1,8,FF,FF,FF,3A,48,FF,FF,FF
1754000,144080,0xCFF6600,1,8,07,09,FF,FF,FF,FF,FF,FF
1754011,144081,0x18FEF100,1,8,3F,00,00,FF,FF,FF,FF,FF
1754011,144082,0x10FF6500,1,8,FC,FF,FF,FF,FF,FF,FF,FF
1754012,144083,0x18F00500,1,8,FF,FF,FF,FF,20,2D,FF,FF
1754012,144084,0x18FEF200,1,8,1B,00,00,01,00,00,00,FF
1754020,144085,0xCF00400,1,8,FF,FF,FF,2C,48,FF,FF,FF
1754020,144086,0xCFF6600,1,8,05,09,FF,FF,FF,FF,FF,FF
1754040,144087,0xCF00400,1,8,FF,FF,FF,D6,47,FF,FF,FF
1754040,144088,0xCFF6600,1,8,FA,08,FF,FF,FF,FF,FF,FF
1754060,144089,0xCF00400,1,8,FF,FF,FF,D6,47,FF,FF,FF
1754060,144090,0xCFF6600,1,8,FA,08,FF,FF,FF,FF,FF,FF
1754080,144091,0xCF00400,1,8,FF,FF,FF,40,47,FF,FF,FF
1754080,144092,0xCFF6600,1,8,E8,08,FF,FF,FF,FF,FF,FF
1754100,144093,0xCF00400,1,8,FF,FF,FF,FA,46,FF,FF,FF
1754101,144094,0xCFF6600,1,8,DF,08,FF,FF,FF,FF,FF,FF
1754111,144095,0x18FEF100,1,8,3F,00,00,FF,FF,FF,FF,FF
1754111,144096,0x18F00500,1,8,FF,FF,FF,FF,20,2D,FF,FF
1754112,144097,0x18F00600,1,8,FF,FF,FF,FF,FF,FF,FF,FF
1754112,144098,0x18FEF200,1,8,1B,00,00,01,00,00,00,FF
1754113,144099,0x1CFDDF00,1,8,FE,FF,FF,FF,FF,FF,FF,FF
1754114,144100,0x1CFF6A00,1,8,FC,FF,FF,FF,FF,FF,FF,FF
1754120,144101,0xCF00400,1,8,FF,FF,FF,00,47,FF,FF,FF
1754121,144102,0xCFF6600,1,8,E0,08,FF,FF,FF,FF,FF,FF
1754140,144103,0xCF00400,1,8,FF,FF,FF,1C,47,FF,FF,FF
1754141,144104,0xCFF6600,1,8,E3,08,FF,FF,FF,FF,FF,FF
1754160,144105,0xCF00400,1,8,FF,FF,FF,1C,47,FF,FF,FF
1754160,144106,0xCFF6600,1,8,E3,08,FF,FF,FF,FF,FF,FF
1754180,144107,0xCF00400,1,8,FF,FF,FF,48,47,FF,FF,FF
1754181,144108,0xCFF6600,1,8,E9,08,FF,FF,FF,FF,FF,FF
1754200,144109,0xCF00400,1,8,FF,FF,FF,3C,47,FF,FF,FF
1754200,144110,0xCFF6600,1,8,E7,08,FF,FF,FF,FF,FF,FF
1754210,144111,0x18FEF100,1,8,3F,00,00,FF,FF,FF,FF,FF
1754211,144112,0x10FF6500,1,8,FC,FF,FF,FF,FF,FF,FF,FF
1754212,144113,0x18F00500,1,8,FF,FF,FF,FF,20,2D,FF,FF
1754212,144114,0x18FEF200,1,8,1B,00,00,01,00,00,00,FF
1754220,144115,0xCF00400,1,8,FF,FF,FF,00,47,FF,FF,FF
1754221,144116,0xCFF6600,1,8,E0,08,FF,FF,FF,FF,FF,FF
1754240,144117,0xCF00400,1,8,FF,FF,FF,00,47,FF,FF,FF
1754240,144118,0xCFF6600,1,8,E0,08,FF,FF,FF,FF,FF,FF
1754260,144119,0xCF00400,1,8,FF,FF,FF,52,47,FF,FF,FF
1754260,144120,0xCFF6600,1,8,EA,08,FF,FF,FF,FF,FF,FF
1754269,144121,0x18FEEE00,1,8,61,FF,FF,FF,FF,FF,FF,FF
1754270,144122,0x18FDE500,1,8,0A,14,1E,28,32,3C,46,13
1754280,144123,0xCF00400,1,8,FF,FF,FF,16,48,FF,FF,FF
1754280,144124,0xCFF6600,1,8,02,09,FF,FF,FF,FF,FF,FF
1754289,144125,0x1CECFF00,1,8,20,0A,00,02,FF,CA,FE,00
1754300,144126,0xCF00400,1,8,FF,FF,FF,5A,48,FF,FF,FF
1754300,144127,0xCFF6600,1,8,0B,09,FF,FF,FF,FF,FF,FF
1754311,144128,0x18FEF100,1,8,3F,00,00,FF,FF,FF,FF,FF
1754312,144129,0x18F00500,1,8,FF,FF,FF,FF,20,2D,FF,FF
1754312,144130,0x18FEF200,1,8,1A,00,00,01,00,00,00,FF
1754320,144131,0xCF00400,1,8,FF,FF,FF,5A,48,FF,FF,FF
1754320,144132,0xCFF6600,1,8,0B,09,FF,FF,FF,FF,FF,FF
1754340,144133,0xCF00400,1,8,FF,FF,FF,3E,48,FF,FF,FF
1754340,144134,0xCFF6600,1,8,07,09,FF,FF,FF,FF,FF,FF
1754341,144135,0x1CEBFF00,1,8,01,40,FF,0F,F0,E5,01,02
1754360,144136,0xCF00400,1,8,FF,FF,FF,74,48,FF,FF,FF
1754360,144137,0xCFF6600,1,8,0E,09,FF,FF,FF,FF,FF,FF
1754380,144138,0xCF00400,1,8,FF,FF,FF,E6,48,FF,FF,FF
1754380,144139,0xCFF6600,1,8,1C,09,FF,FF,FF,FF,FF,FF
1754389,144140,0x1CEBFF00,1,8,02,F0,E3,01,FF,FF,FF,FF
1754400,144141,0xCF00400,1,8,FF,FF,FF,32,49,FF,FF,FF
1754401,144142,0xCFF6600,1,8,26,09,FF,FF,FF,FF,FF,FF
1754410,144143,0x18FEF100,1,8,3F,00,00,FF,FF,FF,FF,FF
1754411,144144,0x10FF6500,1,8,FC,FF,FF,FF,FF,FF,FF,FF
1754412,144145,0x18F00500,1,8,FF,FF,FF,FF,20,2D,FF,FF
1754412,144146,0x18FEF200,1,8,1A,00,00,01,00,00,00,FF
1754420,144147,0xCF00400,1,8,FF,FF,FF,32,49,FF,FF,FF
1754420,144148,0xCFF6600,1,8,26,09,FF,FF,FF,FF,FF,FF
1754440,144149,0xCF00400,1,8,FF,FF,FF,5E,49,FF,FF,FF
1754440,144150,0xCFF6600,1,8,2B,09,FF,FF,FF,FF,FF,FF
1754460,144151,0xCF00400,1,8,FF,FF,FF,DA,49,FF,FF,FF
1754460,144152,0xCFF6600,1,8,3B,09,FF,FF,FF,FF,FF,FF
1754480,144153,0xCF00400,1,8,FF,FF,FF,90,4A,FF,FF,FF
1754480,144154,0xCFF6600,1,8,52,09,FF,FF,FF,FF,FF,FF
1754500,144155,0xCF00400,1,8,FF,FF,FF,08,4B,FF,FF,FF
1754501,144156,0xCFF6600,1,8,61,09,FF,FF,FF,FF,FF,FF
1754511,144157,0x18FEF100,1,8,3F,00,00,FF,FF,FF,FF,FF
1754511,144158,0x18F00500,1,8,FF,FF,FF,FF,20,2D,FF,FF
1754512,144159,0x18FEF200,1,8,1A,00,00,01,00,00,00,FF
1754520,144160,0xCF00400,1,8,FF,FF,FF,08,4B,FF,FF,FF
1754520,144161,0xCFF6600,1,8,61,09,FF,FF,FF,FF,FF,FF
1754540,144162,0xCF00400,1,8,FF,FF,FF,50,4B,FF,FF,FF
1754540,144163,0xCFF6600,1,8,6A,09,FF,FF,FF,FF,FF,FF
1754560,144164,0xCF00400,1,8,FF,FF,FF,24,4B,FF,FF,FF
1754560,144165,0xCFF6600,1,8,64,09,FF,FF,FF,FF,FF,FF
1754580,144166,0xCF00400,1,8,FF,FF,FF,92,4A,FF,FF,FF
1754580,144167,0xCFF6600,1,8,52,09,FF,FF,FF,FF,FF,FF
1754600,144168,0xCF00400,1,8,FF,FF,FF,92,4A,FF,FF,FF
1754600,144169,0xCFF6600,1,8,52,09,FF,FF,FF,FF,FF,FF
1754610,144170,0x18FEF100,1,8,3F,00,00,FF,FF,FF,FF,FF
1754611,144171,0x10FF6500,1,8,FC,FF,FF,FF,FF,FF,FF,FF
1754612,144172,0x18F00500,1,8,FF,FF,FF,FF,20,2D,FF,FF
1754612,144173,0x18F00600,1,8,FF,FF,FF,FF,FF,FF,FF,FF
1754613,144174,0x18FEF200,1,8,1A,00,00,01,00,00,00,FF
1754613,144175,0x1CFDDF00,1,8,FE,FF,FF,FF,FF,FF,FF,FF
1754614,144176,0x1CFF6A00,1,8,FC,FF,FF,FF,FF,FF,FF,FF
1754620,144177,0xCF00400,1,8,FF,FF,FF,9C,4A,FF,FF,FF
1754620,144178,0xCFF6600,1,8,53,09,FF,FF,FF,FF,FF,FF
1754640,144179,0xCF00400,1,8,FF,FF,FF,2E,4B,FF,FF,FF
1754641,144180,0xCFF6600,1,8,65,09,FF,FF,FF,FF,FF,FF
1754660,144181,0xCF00400,1,8,FF,FF,FF,1E,4B,FF,FF,FF
1754660,144182,0xCFF6600,1,8,63,09,FF,FF,FF,FF,FF,FF
1754680,144183,0xCF00400,1,8,FF,FF,FF,82,4A,FF,FF,FF
1754680,144184,0xCFF6600,1,8,50,09,FF,FF,FF,FF,FF,FF
1754700,144185,0xCF00400,1,8,FF,FF,FF,82,4A,FF,FF,FF
1754700,144186,0xCFF6600,1,8,50,09,FF,FF,FF,FF,FF,FF
1754711,144187,0x18FEF100,1,8,3F,00,00,FF,FF,FF,FF,FF
1754711,144188,0x18F00500,1,8,FF,FF,FF,FF,20,2D,FF,FF
1754712,144189,0x18FEF200,1,8,1A,00,00,01,00,00,00,FF
1754720,144190,0xCF00400,1,8,FF,FF,FF,F8,49,FF,FF,FF
1754721,144191,0xCFF6600,1,8,3F,09,FF,FF,FF,FF,FF,FF
1754740,144192,0xCF00400,1,8,FF,FF,FF,7C,49,FF,FF,FF
1754741,144193,0xCFF6600,1,8,2F,09,FF,FF,FF,FF,FF,FF
1754760,144194,0xCF00400,1,8,FF,FF,FF,58,49,FF,FF,FF
1754760,144195,0xCFF6600,1,8,2B,09,FF,FF,FF,FF,FF,FF
1754780,144196,0xCF00400,1,8,FF,FF,FF,84,49,FF,FF,FF
1754783,144197,0xCFF6600,1,8,30,09,FF,FF,FF,FF,FF,FF
1754800,144198,0xCF00400,1,8,FF,FF,FF,84,49,FF,FF,FF
1754800,144199,0xCFF6600,1,8,30,09,FF,FF,FF,FF,FF,FF
1754810,144200,0x18FEF100,1,8,3F,00,00,FF,FF,FF,FF,FF
1754811,144201,0x10FF6500,1,8,FC,FF,FF,FF,FF,FF,FF,FF
1754812,144202,0x18F00500,1,8,FF,FF,FF,FF,20,2D,FF,FF
1754812,144203,0x18FEF200,1,8,1A,00,00,01,00,00,00,FF
1754820,144204,0xCF00400,1,8,FF,FF,FF,8E,49,FF,FF,FF
1754820,144205,0xCFF6600,1,8,31,09,FF,FF,FF,FF,FF,FF
1754840,144206,0xCF00400,1,8,FF,FF,FF,7A,49,FF,FF,FF
1754840,144207,0xCFF6600,1,8,2F,09,FF,FF,FF,FF,FF,FF
1754860,144208,0xCF00400,1,8,FF,FF,FF,9A,49,FF,FF,FF
1754860,144209,0xCFF6600,1,8,33,09,FF,FF,FF,FF,FF,FF
1754880,144210,0xCF00400,1,8,FF,FF,FF,E2,49,FF,FF,FF
1754881,144211,0xCFF6600,1,8,3C,09,FF,FF,FF,FF,FF,FF
1754901,144212,0xCF00400,1,8,FF,FF,FF,E2,49,FF,FF,FF
1754902,144213,0xCFF6600,1,8,3C,09,FF,FF,FF,FF,FF,FF
1754911,144214,0x18FEF100,1,8,3F,00,00,FF,FF,FF,FF,FF
1754912,144215,0x18F00500,1,8,FF,FF,FF,FF,20,2D,FF,FF
1754912,144216,0x18FEF200,1,8,1A,00,00,01,00,00,00,FF
1754920,144217,0xCF00400,1,8,FF,FF,FF,16,4A,FF,FF,FF
1754921,144218,0xCFF6600,1,8,42,09,FF,FF,FF,FF,FF,FF
1754940,144219,0xCF00400,1,8,FF,FF,FF,42,4A,FF,FF,FF
1754941,144220,0xCFF6600,1,8,48,09,FF,FF,FF,FF,FF,FF
1754960,144221,0xCF00400,1,8,FF,FF,FF,22,4A,FF,FF,FF
1754960,144222,0xCFF6600,1,8,44,09,FF,FF,FF,FF,FF,FF
1754980,144223,0xCF00400,1,8,FF,FF,FF,22,4A,FF,FF,FF
1754981,144224,0xCFF6600,1,8,44,09,FF,FF,FF,FF,FF,FF
1755000,144225,0xCF00400,1,8,FF,FF,FF,C6,49,FF,FF,FF
1755000,144226,0xCFF6600,1,8,38,09,FF,FF,FF,FF,FF,FF
1755010,144227,0x18FEF100,1,8,3F,00,00,FF,FF,FF,FF,FF
1755011,144228,0x18F00500,1,8,FF,FF,FF,FF,20,2D,FF,FF
1755012,144229,0x10FF6500,1,8,FC,FF,FF,FF,FF,FF,FF,FF
1755013,144230,0x18FEF200,1,8,1A,00,00,01,00,00,00,FF
1755020,144231,0xCF00400,1,8,FF,FF,FF,6C,49,FF,FF,FF
1755021,144232,0xCFF6600,1,8,2D,09,FF,FF,FF,FF,FF,FF
1755040,144233,0xCF00400,1,8,FF,FF,FF,0C,49,FF,FF,FF
1755040,144234,0xCFF6600,1,8,21,09,FF,FF,FF,FF,FF,FF
1755060,144235,0xCF00400,1,8,FF,FF,FF,E2,48,FF,FF,FF
1755060,144236,0xCFF6600,1,8,1C,09,FF,FF,FF,FF,FF,FF
1755080,144237,0xCF00400,1,8,FF,FF,FF,E2,48,FF,FF,FF
1755080,144238,0xCFF6600,1,8,1C,09,FF,FF,FF,FF,FF,FF
1755100,144239,0xCF00400,1,8,FF,FF,FF,E2,48,FF,FF,FF
1755100,144240,0xCFF6600,1,8,1C,09,FF,FF,FF,FF,FF,FF
1755111,144241,0x18FEF100,1,8,3F,00,00,FF,FF,FF,FF,FF
1755112,144242,0x18F00500,1,8,FF,FF,FF,FF,20,2D,FF,FF
1755112,144243,0x18F00600,1,8,FF,FF,FF,FF,FF,FF,FF,FF
1755113,144244,0x18FEF200,1,8,1A,00,00,01,00,00,00,FF
1755114,144245,0x1CFDDF00,1,8,FE,FF,FF,FF,FF,FF,FF,FF
1755114,144246,0x1CFF6A00,1,8,FC,FF,FF,FF,FF,FF,FF,FF
1755120,144247,0xCF00400,1,8,FF,FF,FF,38,49,FF,FF,FF
1755121,144248,0xCFF6600,1,8,27,09,FF,FF,FF,FF,FF,FF
1755140,144249,0xCF00400,1,8,FF,FF,FF,D8,49,FF,FF,FF
1755140,144250,0xCFF6600,1,8,3B,09,FF,FF,FF,FF,FF,FF
1755160,144251,0xCF00400,1,8,FF,FF,FF,F0,49,FF,FF,FF
1755161,144252,0xCFF6600,1,8,3E,09,FF,FF,FF,FF,FF,FF
1755180,144253,0xCF00400,1,8,FF,FF,FF,F0,49,FF,FF,FF
1755180,144254,0xCFF6600,1,8,3E,09,FF,FF,FF,FF,FF,FF
1755200,144255,0xCF00400,1,8,FF,FF,FF,9C,49,FF,FF,FF
1755201,144256,0xCFF6600,1,8,33,09,FF,FF,FF,FF,FF,FF
1755211,144257,0x18FEF100,1,8,3F,00,00,FF,FF,FF,FF,FF
1755212,144258,0x10FF6500,1,8,FC,FF,FF,FF,FF,FF,FF,FF
1755212,144259,0x18F00500,1,8,FF,FF,FF,FF,20,2D,FF,FF
1755213,144260,0x18FEF200,1,8,1A,00,00,01,00,00,00,FF
1755220,144261,0xCF00400,1,8,FF,FF,FF,88,49,FF,FF,FF
1755220,144262,0xCFF6600,1,8,31,09,FF,FF,FF,FF,FF,FF
1755240,144263,0xCF00400,1,8,FF,FF,FF,AA,49,FF,FF,FF
1755240,144264,0xCFF6600,1,8,35,09,FF,FF,FF,FF,FF,FF
1755260,144265,0xCF00400,1,8,FF,FF,FF,AA,49,FF,FF,FF
1755260,144266,0xCFF6600,1,8,35,09,FF,FF,FF,FF,FF,FF
1755270,144267,0x18FEEE00,1,8,60,FF,FF,FF,FF,FF,FF,FF
1755270,144268,0x18FDE500,1,8,0A,14,1E,28,32,3C,46,13
1755280,144269,0xCF00400,1,8,FF,FF,FF,F8,49,FF,FF,FF
1755281,144270,0xCFF6600,1,8,3F,09,FF,FF,FF,FF,FF,FF
1755289,144271,0x1CECFF00,1,8,20,0A,00,02,FF,CA,FE,00
1755300,144272,0xCF00400,1,8,FF,FF,FF,6E,4A,FF,FF,FF
1755301,144273,0xCFF6600,1,8,4D,09,FF,FF,FF,FF,FF,FF
1755311,144274,0x18FEF100,1,8,3F,00,00,FF,FF,FF,FF,FF
1755311,144275,0x18F00500,1,8,FF,FF,FF,FF,20,2D,FF,FF
1755312,144276,0x18FEF200,1,8,1C,00,00,00,00,00,00,FF
1755320,144277,0xCF00400,1,8,FF,FF,FF,5C,4A,FF,FF,FF
1755320,144278,0xCFF6600,1,8,4B,09,FF,FF,FF,FF,FF,FF
1755340,144279,0xCF00400,1,8,FF,FF,FF,D6,49,FF,FF,FF
1755340,144280,0xCFF6600,1,8,3A,09,FF,FF,FF,FF,FF,FF
1755341,144281,0x1CEBFF00,1,8,01,40,FF,0F,F0,E5,01,02
1755360,144282,0xCF00400,1,8,FF,FF,FF,D6,49,FF,FF,FF
1755361,144283,0xCFF6600,1,8,3A,09,FF,FF,FF,FF,FF,FF
1755380,144284,0xCF00400,1,8,FF,FF,FF,6E,49,FF,FF,FF
1755381,144285,0xCFF6600,1,8,2D,09,FF,FF,FF,FF,FF,FF
1755390,144286,0x1CEBFF00,1,8,02,F0,E3,01,FF,FF,FF,FF
1755400,144287,0xCF00400,1,8,FF,FF,FF,28,49,FF,FF,FF
1755400,144288,0xCFF6600,1,8,25,09,FF,FF,FF,FF,FF,FF
1755410,144289,0x18FEF100,1,8,3F,00,00,FF,FF,FF,FF,FF
1755411,144290,0x10FF6500,1,8,FC,FF,FF,FF,FF,FF,FF,FF
1755412,144291,0x18F00500,1,8,FF,FF,FF,FF,20,2D,FF,FF
1755413,144292,0x18FEF200,1,8,1C,00,00,00,00,00,00,FF
1755420,144293,0xCF00400,1,8,FF,FF,FF,F4,48,FF,FF,FF
1755421,144294,0xCFF6600,1,8,1E,09,FF,FF,FF,FF,FF,FF
1755440,144295,0xCF00400,1,8,FF,FF,FF,D4,48,FF,FF,FF
1755441,144296,0xCFF6600,1,8,1A,09,FF,FF,FF,FF,FF,FF
