# timestamp_ms,seq,id,ext,len,d0,d1,d2,d3,d4,d5,d6,d7
25266,639,0x18EEFF00,1,8,08,CF,60,06,00,00,00,00
25566,640,0xCF00400,1,8,FF,FF,FF,00,00,FF,FF,FF
25567,641,0xCFF6600,1,8,00,00,FF,FF,FF,FF,FF,FF
25586,642,0xCF00400,1,8,FF,FF,FF,00,00,FF,FF,FF
25587,643,0xCFF6600,1,8,00,00,FF,FF,FF,FF,FF,FF
25606,644,0xCF00400,1,8,FF,FF,FF,00,00,FF,FF,FF
25607,645,0xCFF6600,1,8,00,00,FF,FF,FF,FF,FF,FF
25626,646,0xCF00400,1,8,FF,FF,FF,00,00,FF,FF,FF
25627,647,0xCFF6600,1,8,00,00,FF,FF,FF,FF,FF,FF
25637,648,0x18FEF100,1,8,3F,00,00,FF,FF,FF,FF,FF
25638,649,0x18F00500,1,8,FF,FF,FF,FF,20,2D,FF,FF
25638,650,0x18FEF200,1,8,00,00,00,FB,00,00,00,FF
25646,651,0xCF00400,1,8,FF,FF,FF,00,00,FF,FF,FF
25647,652,0xCFF6600,1,8,00,00,FF,FF,FF,FF,FF,FF
25666,653,0xCF00400,1,8,FF,FF,FF,00,00,FF,FF,FF
25667,654,0xCFF6600,1,8,00,00,FF,FF,FF,FF,FF,FF
25686,655,0xCF00400,1,8,FF,FF,FF,00,00,FF,FF,FF
25687,656,0xCFF6600,1,8,00,00,FF,FF,FF,FF,FF,FF
25706,657,0xCF00400,1,8,FF,FF,FF,00,00,FF,FF,FF
25707,658,0xCFF6600,1,8,00,00,FF,FF,FF,FF,FF,FF
25726,659,0xCF00400,1,8,FF,FF,FF,00,00,FF,FF,FF
25727,660,0xCFF6600,1,8,00,00,FF,FF,FF,FF,FF,FF
25737,661,0x18FEF100,1,8,3F,00,00,FF,FF,FF,FF,FF
25738,662,0x10FF6500,1,8,FC,FF,FF,FF,FF,FF,FF,FF
25738,663,0x18F00500,1,8,FF,FF,FF,FF,20,2D,FF,FF
25739,664,0x18FEF200,1,8,00,00,00,FB,00,00,00,FF
25746,665,0xCF00400,1,8,FF,FF,FF,00,00,FF,FF,FF
25747,666,0xCFF6600,1,8,00,00,FF,FF,FF,FF,FF,FF
25766,667,0xCF00400,1,8,FF,FF,FF,00,00,FF,FF,FF
25767,668,0xCFF6600,1,8,00,00,FF,FF,FF,FF,FF,FF
25786,669,0xCF00400,1,8,FF,FF,FF,00,00,FF,FF,FF
25787,670,0xCFF6600,1,8,00,00,FF,FF,FF,FF,FF,FF
25806,671,0xCF00400,1,8,FF,FF,FF,00,00,FF,FF,FF
25807,672,0xCFF6600,1,8,00,00,FF,FF,FF,FF,FF,FF
25826,673,0xCF00400,1,8,FF,FF,FF,00,00,FF,FF,FF
25827,674,0xCFF6600,1,8,00,00,FF,FF,FF,FF,FF,FF
25837,675,0x18FEF100,1,8,3F,00,00,FF,FF,FF,FF,FF
25838,676,0x18F00500,1,8,FF,FF,FF,FF,20,2D,FF,FF
25838,677,0x18FEF200,1,8,00,00,00,FB,00,00,00,FF
25846,678,0xCF00400,1,8,FF,FF,FF,00,00,FF,FF,FF
25847,679,0xCFF6600,1,8,00,00,FF,FF,FF,FF,FF,FF
25866,680,0xCF00400,1,8,FF,FF,FF,00,00,FF,FF,FF
25867,681,0xCFF6600,1,8,00,00,FF,FF,FF,FF,FF,FF
25886,682,0xCF00400,1,8,FF,FF,FF,00,00,FF,FF,FF
25887,683,0xCFF6600,1,8,00,00,FF,FF,FF,FF,FF,FF
25906,684,0xCF00400,1,8,FF,FF,FF,00,00,FF,FF,FF
25907,685,0xCFF6600,1,8,00,00,FF,FF,FF,FF,FF,FF
25926,686,0xCF00400,1,8,FF,FF,FF,00,00,FF,FF,FF
25927,687,0xCFF6600,1,8,00,00,FF,FF,FF,FF,FF,FF
25937,688,0x18FEF100,1,8,3F,00,00,FF,FF,FF,FF,FF
25938,689,0x10FF6500,1,8,FC,FF,FF,FF,FF,FF,FF,FF
25938,690,0x18F00500,1,8,FF,FF,FF,FF,20,2D,FF,FF
25939,691,0x18FEF200,1,8,00,00,00,FB,00,00,00,FF
25946,692,0xCF00400,1,8,FF,FF,FF,00,00,FF,FF,FF
25947,693,0xCFF6600,1,8,00,00,FF,FF,FF,FF,FF,FF
25966,694,0xCF00400,1,8,FF,FF,FF,00,00,FF,FF,FF
25967,695,0xCFF6600,1,8,00,00,FF,FF,FF,FF,FF,FF
25986,696,0xCF00400,1,8,FF,FF,FF,00,00,FF,FF,FF
25987,697,0xCFF6600,1,8,00,00,FF,FF,FF,FF,FF,FF
26006,698,0xCF00400,1,8,FF,FF,FF,00,00,FF,FF,FF
26007,699,0xCFF6600,1,8,00,00,FF,FF,FF,FF,FF,FF
26026,700,0xCF00400,1,8,FF,FF,FF,00,00,FF,FF,FF
26027,701,0xCFF6600,1,8,00,00,FF,FF,FF,FF,FF,FF
26037,702,0x18FEF100,1,8,3F,00,00,FF,FF,FF,FF,FF
26038,703,0x18F00500,1,8,FF,FF,FF,FF,20,2D,FF,FF
26038,704,0x18F00600,1,8,FF,FF,FF,FF,FF,FF,FF,FF
26039,705,0x18FEF200,1,8,00,00,00,FB,00,00,00,FF
26039,706,0x1CFDDF00,1,8,FE,FF,FF,FF,FF,FF,FF,FF
26040,707,0x1CFF6A00,1,8,FC,FF,FF,FF,FF,FF,FF,FF
26046,708,0xCF00400,1,8,FF,FF,FF,00,00,FF,FF,FF
26047,709,0xCFF6600,1,8,00,00,FF,FF,FF,FF,FF,FF
26066,710,0xCF00400,1,8,FF,FF,FF,00,00,FF,FF,FF
26067,711,0xCFF6600,1,8,00,00,FF,FF,FF,FF,FF,FF
26086,712,0xCF00400,1,8,FF,FF,FF,00,00,FF,FF,FF
26087,713,0xCFF6600,1,8,00,00,FF,FF,FF,FF,FF,FF
26106,714,0xCF00400,1,8,FF,FF,FF,00,00,FF,FF,FF
26107,715,0xCFF6600,1,8,00,00,FF,FF,FF,FF,FF,FF
26126,716,0xCF00400,1,8,FF,FF,FF,00,00,FF,FF,FF
26127,717,0xCFF6600,1,8,00,00,FF,FF,FF,FF,FF,FF
26137,718,0x18FEF100,1,8,3F,00,00,FF,FF,FF,FF,FF
26138,719,0x10FF6500,1,8,FC,FF,FF,FF,FF,FF,FF,FF
26138,720,0x18F00500,1,8,FF,FF,FF,FF,20,2D,FF,FF
26139,721,0x18FEF200,1,8,00,00,00,FB,00,00,00,FF
26146,722,0xCF00400,1,8,FF,FF,FF,00,00,FF,FF,FF
26147,723,0xCFF6600,1,8,00,00,FF,FF,FF,FF,FF,FF
26166,724,0xCF00400,1,8,FF,FF,FF,00,00,FF,FF,FF
26167,725,0xCFF6600,1,8,00,00,FF,FF,FF,FF,FF,FF
26186,726,0xCF00400,1,8,FF,FF,FF,00,00,FF,FF,FF
26187,727,0xCFF6600,1,8,00,00,FF,FF,FF,FF,FF,FF
26196,728,0x18FEEE00,1,8,37,FF,FF,FF,FF,FF,FF,FF
26197,729,0x18FDE500,1,8,0A,14,1E,28,32,3C,46,13
26206,730,0xCF00400,1,8,FF,FF,FF,00,00,FF,FF,FF
26207,731,0xCFF6600,1,8,00,00,FF,FF,FF,FF,FF,FF
26216,732,0x1CECFF00,1,8,20,0E,00,02,FF,CA,FE,00
26226,733,0xCF00400,1,8,FF,FF,FF,00,00,FF,FF,FF
26227,734,0xCFF6600,1,8,00,00,FF,FF,FF,FF,FF,FF
26237,735,0x18FEF100,1,8,3F,00,00,FF,FF,FF,FF,FF
26238,736,0x18F00500,1,8,FF,FF,FF,FF,20,2D,FF,FF
26238,737,0x18FEF200,1,8,00,00,00,FB,00,00,00,FF
26246,738,0xCF00400,1,8,FF,FF,FF,00,00,FF,FF,FF
26247,739,0xCFF6600,1,8,00,00,FF,FF,FF,FF,FF,FF
26266,740,0xCF00400,1,8,FF,FF,FF,00,00,FF,FF,FF
26267,741,0xCFF6600,1,8,00,00,FF,FF,FF,FF,FF,FF
26267,742,0x1CEBFF00,1,8,01,40,FF,0F,F0,E5,01,02
26286,743,0xCF00400,1,8,FF,FF,FF,00,00,FF,FF,FF
26287,744,0xCFF6600,1,8,00,00,FF,FF,FF,FF,FF,FF
26306,745,0xCF00400,1,8,FF,FF,FF,00,00,FF,FF,FF
26307,746,0xCFF6600,1,8,00,00,FF,FF,FF,FF,FF,FF
26316,747,0x1CEBFF00,1,8,02,F0,E3,02,6E,00,03,01
26326,748,0xCF00400,1,8,FF,FF,FF,00,00,FF,FF,FF
26327,749,0xCFF6600,1,8,00,00,FF,FF,FF,FF,FF,FF
26337,750,0x18FEF100,1,8,3F,00,00,FF,FF,FF,FF,FF
26338,751,0x10FF6500,1,8,FC,FF,FF,FF,FF,FF,FF,FF
26338,752,0x18F00500,1,8,FF,FF,FF,FF,20,2D,FF,FF
26339,753,0x18FEF200,1,8,00,00,00,FB,00,00,00,FF
26346,754,0xCF00400,1,8,FF,FF,FF,00,00,FF,FF,FF
26347,755,0xCFF6600,1,8,00,00,FF,FF,FF,FF,FF,FF
26366,756,0xCF00400,1,8,FF,FF,FF,00,00,FF,FF,FF
26367,757,0xCFF6600,1,8,00,00,FF,FF,FF,FF,FF,FF
26386,758,0xCF00400,1,8,FF,FF,FF,00,00,FF,FF,FF
26387,759,0xCFF6600,1,8,00,00,FF,FF,FF,FF,FF,FF
26406,760,0xCF00400,1,8,FF,FF,FF,00,00,FF,FF,FF
26407,761,0xCFF6600,1,8,00,00,FF,FF,FF,FF,FF,FF
26426,762,0xCF00400,1,8,FF,FF,FF,00,00,FF,FF,FF
26427,763,0xCFF6600,1,8,00,00,FF,FF,FF,FF,FF,FF
26437,764,0x18FEF100,1,8,3F,00,00,FF,FF,FF,FF,FF
26438,765,0x18F00500,1,8,FF,FF,FF,FF,20,2D,FF,FF
26438,766,0x18FEF200,1,8,00,00,00,FB,00,00,00,FF
26446,767,0xCF00400,1,8,FF,FF,FF,00,00,FF,FF,FF
26447,768,0xCFF6600,1,8,00,00,FF,FF,FF,FF,FF,FF
26466,769,0xCF00400,1,8,FF,FF,FF,00,00,FF,FF,FF
26467,770,0xCFF6600,1,8,00,00,FF,FF,FF,FF,FF,FF
26486,771,0xCF00400,1,8,FF,FF,FF,00,00,FF,FF,FF
26487,772,0xCFF6600,1,8,00,00,FF,FF,FF,FF,FF,FF
26506,773,0xCF00400,1,8,FF,FF,FF,00,00,FF,FF,FF
26507,774,0xCFF6600,1,8,00,00,FF,FF,FF,FF,FF,FF
26526,775,0xCF00400,1,8,FF,FF,FF,00,00,FF,FF,FF
26527,776,0xCFF6600,1,8,00,00,FF,FF,FF,FF,FF,FF
26537,777,0x18FEF100,1,8,3F,00,00,FF,FF,FF,FF,FF
26538,778,0x10FF6500,1,8,FC,FF,FF,FF,FF,FF,FF,FF
26538,779,0x18F00500,1,8,FF,FF,FF,FF,20,2D,FF,FF
26539,780,0x18F00600,1,8,FF,FF,FF,FF,FF,FF,FF,FF
26539,781,0x18FEF200,1,8,00,00,00,FB,00,00,00,FF
26540,782,0x1CFDDF00,1,8,FE,FF,FF,FF,FF,FF,FF,FF
26540,783,0x1CFF6A00,1,8,FC,FF,FF,FF,FF,FF,FF,FF
26546,784,0xCF00400,1,8,FF,FF,FF,00,00,FF,FF,FF
26547,785,0xCFF6600,1,8,00,00,FF,FF,FF,FF,FF,FF
26566,786,0xCF00400,1,8,FF,FF,FF,00,00,FF,FF,FF
26567,787,0xCFF6600,1,8,00,00,FF,FF,FF,FF,FF,FF
26586,788,0xCF00400,1,8,FF,FF,FF,00,00,FF,FF,FF
26587,789,0xCFF6600,1,8,00,00,FF,FF,FF,FF,FF,FF
26606,790,0xCF00400,1,8,FF,FF,FF,00,00,FF,FF,FF
26607,791,0xCFF6600,1,8,00,00,FF,FF,FF,FF,FF,FF
26618,792,0x18EA0017,1,3,DA,FE,00,--,--,--,--,--
26626,793,0xCF00400,1,8,FF,FF,FF,00,00,FF,FF,FF
26627,794,0xCFF6600,1,8,00,00,FF,FF,FF,FF,FF,FF
26637,795,0x18FEF100,1,8,3F,00,00,FF,FF,FF,FF,FF
26638,796,0x18F00500,1,8,FF,FF,FF,FF,20,2D,FF,FF
26638,797,0x18FEF200,1,8,00,00,00,FB,00,00,00,FF
26639,798,0x1CEC1700,1,8,10,73,00,11,11,DA,FE,00
26646,799,0xCF00400,1,8,FF,FF,FF,00,00,FF,FF,FF
26647,800,0xCFF6600,1,8,00,00,FF,FF,FF,FF,FF,FF
26660,801,0x1CEC0017,1,8,11,11,01,FF,FF,DA,FE,00
26666,802,0xCF00400,1,8,FF,FF,FF,00,00,FF,FF,FF
26667,803,0xCFF6600,1,8,00,00,FF,FF,FF,FF,FF,FF
26667,804,0x1CEB1700,1,8,01,0A,2A,41,31,34,4D,48
26671,805,0x1CEB1700,1,8,02,35,37,41,20,20,2A,46
26675,806,0x1CEB1700,1,8,03,30,30,48,4D,30,30,31
26679,807,0x1CEB1700,1,8,04,35,30,2A,30,30,30,33
26683,808,0x1CEB1700,1,8,05,35,30,33,35,38,34,32
26686,809,0xCF00400,1,8,FF,FF,FF,00,00,FF,FF,FF
26687,810,0xCFF6600,1,8,00,00,FF,FF,FF,FF,FF,FF
26687,811,0x1CEB1700,1,8,06,33,2A,34,58,41,4D,48
26691,812,0x1CEB1700,1,8,07,35,37,41,34,45,41,31
26695,813,0x1CEB1700,1,8,08,32,39,35,35,32,2A,20
26699,814,0x1CEB1700,1,8,09,20,20,34,30,31,32,38
26703,815,0x1CEB1700,1,8,0A,33,38,2A,34,30,31,35
26706,816,0xCF00400,1,8,FF,FF,FF,00,00,FF,FF,FF
26707,817,0xCFF6600,1,8,00,00,FF,FF,FF,FF,FF,FF
26707,818,0x1CEB1700,1,8,0B,31,34,35,00,2A,56,4D
26711,819,0x1CEB1700,1,8,0C,41,33,41,30,41,35,47
26715,820,0x1CEB1700,1,8,0D,30,2A,31,30,33,37,35
26719,821,0x1CEB1700,1,8,0E,34,35,34,39,30,2A,34
26723,822,0x1CEB1700,1,8,0F,30,31,35,31,34,36,00
26726,823,0xCF00400,1,8,FF,FF,FF,00,00,FF,FF,FF
26727,824,0xCFF6600,1,8,00,00,FF,FF,FF,FF,FF,FF
26727,825,0x1CEB1700,1,8,10,2A,39,44,46,42,37,31
26731,826,0x1CEB1700,1,8,11,44,42,2A,FF,FF,FF,FF
26737,827,0x18FEF100,1,8,3F,00,00,FF,FF,FF,FF,FF
26738,828,0x10FF6500,1,8,FC,FF,FF,FF,FF,FF,FF,FF
26738,829,0x18F00500,1,8,FF,FF,FF,FF,20,2D,FF,FF
26739,830,0x18FEF200,1,8,00,00,00,FB,00,00,00,FF
26739,831,0x1CEC0017,1,8,13,77,00,11,FF,DA,FE,00
26746,832,0xCF00400,1,8,FF,FF,FF,00,00,FF,FF,FF
26747,833,0xCFF6600,1,8,00,00,FF,FF,FF,FF,FF,FF
26747,834,0x1CEC1700,1,8,FF,FE,FF,FF,FF,DA,FE,00
26766,835,0xCF00400,1,8,FF,FF,FF,00,00,FF,FF,FF
26767,836,0xCFF6600,1,8,00,00,FF,FF,FF,FF,FF,FF
26786,837,0xCF00400,1,8,FF,FF,FF,00,00,FF,FF,FF
26787,838,0xCFF6600,1,8,00,00,FF,FF,FF,FF,FF,FF
26806,839,0xCF00400,1,8,FF,FF,FF,00,00,FF,FF,FF
26807,840,0xCFF6600,1,8,00,00,FF,FF,FF,FF,FF,FF
26826,841,0xCF00400,1,8,FF,FF,FF,00,00,FF,FF,FF
26827,842,0xCFF6600,1,8,00,00,FF,FF,FF,FF,FF,FF
26837,843,0x18FEF100,1,8,3F,00,00,FF,FF,FF,FF,FF
26838,844,0x18F00500,1,8,FF,FF,FF,FF,20,2D,FF,FF
26838,845,0x18FEF200,1,8,00,00,00,FB,00,00,00,FF
26846,846,0xCF00400,1,8,FF,FF,FF,00,00,FF,FF,FF
26847,847,0xCFF6600,1,8,00,00,FF,FF,FF,FF,FF,FF
26866,848,0xCF00400,1,8,FF,FF,FF,00,00,FF,FF,FF
26867,849,0xCFF6600,1,8,00,00,FF,FF,FF,FF,FF,FF
26886,850,0xCF00400,1,8,FF,FF,FF,00,00,FF,FF,FF
26887,851,0xCFF6600,1,8,00,00,FF,FF,FF,FF,FF,FF
26906,852,0xCF00400,1,8,FF,FF,FF,00,00,FF,FF,FF
26907,853,0xCFF6600,1,8,00,00,FF,FF,FF,FF,FF,FF
26926,854,0xCF00400,1,8,FF,FF,FF,00,00,FF,FF,FF
26927,855,0xCFF6600,1,8,00,00,FF,FF,FF,FF,FF,FF
26937,856,0x18FEF100,1,8,3F,00,00,FF,FF,FF,FF,FF
26938,857,0x10FF6500,1,8,FC,FF,FF,FF,FF,FF,FF,FF
26938,858,0x18F00500,1,8,FF,FF,FF,FF,20,2D,FF,FF
26939,859,0x18FEF200,1,8,00,00,00,FB,00,00,00,FF
26946,860,0xCF00400,1,8,FF,FF,FF,00,00,FF,FF,FF
26947,861,0xCFF6600,1,8,00,00,FF,FF,FF,FF,FF,FF
26966,862,0xCF00400,1,8,FF,FF,FF,00,00,FF,FF,FF
26967,863,0xCFF6600,1,8,00,00,FF,FF,FF,FF,FF,FF
26986,864,0xCF00400,1,8,FF,FF,FF,00,00,FF,FF,FF
26987,865,0xCFF6600,1,8,00,00,FF,FF,FF,FF,FF,FF
27006,866,0xCF00400,1,8,FF,FF,FF,00,00,FF,FF,FF
27007,867,0xCFF6600,1,8,00,00,FF,FF,FF,FF,FF,FF
27026,868,0xCF00400,1,8,FF,FF,FF,00,00,FF,FF,FF
27027,869,0xCFF6600,1,8,00,00,FF,FF,FF,FF,FF,FF
27037,870,0x18FEF100,1,8,3F,00,00,FF,FF,FF,FF,FF
27038,871,0x18F00500,1,8,FF,FF,FF,FF,20,2D,FF,FF
27038,872,0x18F00600,1,8,FF,FF,FF,FF,FF,FF,FF,FF
27039,873,0x18FEF200,1,8,00,00,00,FB,00,00,00,FF
27039,874,0x1CFDDF00,1,8,FE,FF,FF,FF,FF,FF,FF,FF
27040,875,0x1CFF6A00,1,8,FC,FF,FF,FF,FF,FF,FF,FF
27046,876,0xCF00400,1,8,FF,FF,FF,00,00,FF,FF,FF
27047,877,0xCFF6600,1,8,00,00,FF,FF,FF,FF,FF,FF
27066,878,0xCF00400,1,8,FF,FF,FF,00,00,FF,FF,FF
27067,879,0xCFF6600,1,8,00,00,FF,FF,FF,FF,FF,FF
27086,880,0xCF00400,1,8,FF,FF,FF,00,00,FF,FF,FF
27087,881,0xCFF6600,1,8,00,00,FF,FF,FF,FF,FF,FF
27106,882,0xCF00400,1,8,FF,FF,FF,00,00,FF,FF,FF
27107,883,0xCFF6600,1,8,00,00,FF,FF,FF,FF,FF,FF
27118,884,0x18EA0017,1,3,6B,FF,00,--,--,--,--,--
27126,885,0xCF00400,1,8,FF,FF,FF,00,00,FF,FF,FF
27127,886,0xCFF6600,1,8,00,00,FF,FF,FF,FF,FF,FF
27137,887,0x18FEF100,1,8,3F,00,00,FF,FF,FF,FF,FF
27138,888,0x10FF6500,1,8,FC,FF,FF,FF,FF,FF,FF,FF
27138,889,0x18F00500,1,8,FF,FF,FF,FF,20,2D,FF,FF
27139,890,0x18FEF200,1,8,00,00,00,FB,00,00,00,FF
27146,891,0x18E81700,1,8,01,FF,FF,FF,FF,6B,FF,00
27146,892,0xCF00400,1,8,FF,FF,FF,00,00,FF,FF,FF
27147,893,0xCFF6600,1,8,00,00,FF,FF,FF,FF,FF,FF
27166,894,0xCF00400,1,8,FF,FF,FF,00,00,FF,FF,FF
27167,895,0xCFF6600,1,8,00,00,FF,FF,FF,FF,FF,FF
27186,896,0xCF00400,1,8,FF,FF,FF,00,00,FF,FF,FF
27187,897,0xCFF6600,1,8,00,00,FF,FF,FF,FF,FF,FF
27196,898,0x18FEEE00,1,8,37,FF,FF,FF,FF,FF,FF,FF
27197,899,0x18FDE500,1,8,0A,14,1E,28,32,3C,46,13
27206,900,0xCF00400,1,8,FF,FF,FF,00,00,FF,FF,FF
27207,901,0xCFF6600,1,8,00,00,FF,FF,FF,FF,FF,FF
27216,902,0x1CECFF00,1,8,20,0E,00,02,FF,CA,FE,00
27226,903,0xCF00400,1,8,FF,FF,FF,00,00,FF,FF,FF
27227,904,0xCFF6600,1,8,00,00,FF,FF,FF,FF,FF,FF
27237,905,0x18FEF100,1,8,3F,00,00,FF,FF,FF,FF,FF
27238,906,0x18F00500,1,8,FF,FF,FF,FF,20,2D,FF,FF
27238,907,0x18FEF200,1,8,00,00,00,FB,00,00,00,FF
27246,908,0xCF00400,1,8,FF,FF,FF,00,00,FF,FF,FF
27247,909,0xCFF6600,1,8,00,00,FF,FF,FF,FF,FF,FF
27266,910,0xCF00400,1,8,FF,FF,FF,00,00,FF,FF,FF
27267,911,0xCFF6600,1,8,00,00,FF,FF,FF,FF,FF,FF
27267,912,0x1CEBFF00,1,8,01,40,FF,0F,F0,E5,01,02
27286,913,0xCF00400,1,8,FF,FF,FF,00,00,FF,FF,FF
27287,914,0xCFF6600,1,8,00,00,FF,FF,FF,FF,FF,FF
27306,915,0xCF00400,1,8,FF,FF,FF,00,00,FF,FF,FF
27307,916,0xCFF6600,1,8,00,00,FF,FF,FF,FF,FF,FF
27316,917,0x1CEBFF00,1,8,02,F0,E3,02,6E,00,03,01
27326,918,0xCF00400,1,8,FF,FF,FF,00,00,FF,FF,FF
27327,919,0xCFF6600,1,8,00,00,FF,FF,FF,FF,FF,FF
27337,920,0x18FEF100,1,8,3F,00,00,FF,FF,FF,FF,FF
27338,921,0x10FF6500,1,8,FC,FF,FF,FF,FF,FF,FF,FF
27338,922,0x18F00500,1,8,FF,FF,FF,FF,20,2D,FF,FF
27339,923,0x18FEF200,1,8,00,00,00,FB,00,00,00,FF
27346,924,0xCF00400,1,8,FF,FF,FF,00,00,FF,FF,FF
27347,925,0xCFF6600,1,8,00,00,FF,FF,FF,FF,FF,FF
27366,926,0xCF00400,1,8,FF,FF,FF,00,00,FF,FF,FF
27367,927,0xCFF6600,1,8,00,00,FF,FF,FF,FF,FF,FF
27386,928,0xCF00400,1,8,FF,FF,FF,00,00,FF,FF,FF
27387,929,0xCFF6600,1,8,00,00,FF,FF,FF,FF,FF,FF
27406,930,0xCF00400,1,8,FF,FF,FF,00,00,FF,FF,FF
27407,931,0xCFF6600,1,8,00,00,FF,FF,FF,FF,FF,FF
27426,932,0xCF00400,1,8,FF,FF,FF,00,00,FF,FF,FF
27427,933,0xCFF6600,1,8,00,00,FF,FF,FF,FF,FF,FF
27437,934,0x18FEF100,1,8,3F,00,00,FF,FF,FF,FF,FF
27438,935,0x18F00500,1,8,FF,FF,FF,FF,20,2D,FF,FF
27438,936,0x18FEF200,1,8,00,00,00,FB,00,00,00,FF
27446,937,0xCF00400,1,8,FF,FF,FF,00,00,FF,FF,FF
27447,938,0xCFF6600,1,8,00,00,FF,FF,FF,FF,FF,FF
27466,939,0xCF00400,1,8,FF,FF,FF,00,00,FF,FF,FF
27467,940,0xCFF6600,1,8,00,00,FF,FF,FF,FF,FF,FF
27486,941,0xCF00400,1,8,FF,FF,FF,00,00,FF,FF,FF
27487,942,0xCFF6600,1,8,00,00,FF,FF,FF,FF,FF,FF
27506,943,0xCF00400,1,8,FF,FF,FF,00,00,FF,FF,FF
27507,944,0xCFF6600,1,8,00,00,FF,FF,FF,FF,FF,FF
27526,945,0xCF00400,1,8,FF,FF,FF,00,00,FF,FF,FF
27527,946,0xCFF6600,1,8,00,00,FF,FF,FF,FF,FF,FF
27537,947,0x18FEF100,1,8,3F,00,00,FF,FF,FF,FF,FF
27538,948,0x10FF6500,1,8,FC,FF,FF,FF,FF,FF,FF,FF
27538,949,0x18F00500,1,8,FF,FF,FF,FF,20,2D,FF,FF
27539,950,0x18F00600,1,8,FF,FF,FF,FF,FF,FF,FF,FF
27539,951,0x18FEF200,1,8,00,00,00,FB,00,00,00,FF
27540,952,0x1CFDDF00,1,8,FE,FF,FF,FF,FF,FF,FF,FF
27540,953,0x1CFF6A00,1,8,FC,FF,FF,FF,FF,FF,FF,FF
27546,954,0xCF00400,1,8,FF,FF,FF,00,00,FF,FF,FF
27547,955,0xCFF6600,1,8,00,00,FF,FF,FF,FF,FF,FF
27566,956,0xCF00400,1,8,FF,FF,FF,00,00,FF,FF,FF
27567,957,0xCFF6600,1,8,00,00,FF,FF,FF,FF,FF,FF
27586,958,0xCF00400,1,8,FF,FF,FF,00,00,FF,FF,FF
27587,959,0xCFF6600,1,8,00,00,FF,FF,FF,FF,FF,FF
27606,960,0xCF00400,1,8,FF,FF,FF,00,00,FF,FF,FF
27607,961,0xCFF6600,1,8,00,00,FF,FF,FF,FF,FF,FF
27618,962,0x18EA0017,1,3,6B,FF,00,--,--,--,--,--
27626,963,0xCF00400,1,8,FF,FF,FF,00,00,FF,FF,FF
27627,964,0xCFF6600,1,8,00,00,FF,FF,FF,FF,FF,FF
27637,965,0x18FEF100,1,8,3F,00,00,FF,FF,FF,FF,FF
27638,966,0x18F00500,1,8,FF,FF,FF,FF,20,2D,FF,FF
27638,967,0x18FEF200,1,8,00,00,00,FB,00,00,00,FF
27645,968,0x18E81700,1,8,01,FF,FF,FF,FF,6B,FF,00
27646,969,0xCF00400,1,8,FF,FF,FF,00,00,FF,FF,FF
27647,970,0xCFF6600,1,8,00,00,FF,FF,FF,FF,FF,FF
27666,971,0xCF00400,1,8,FF,FF,FF,00,00,FF,FF,FF
27667,972,0xCFF6600,1,8,00,00,FF,FF,FF,FF,FF,FF
27686,973,0xCF00400,1,8,FF,FF,FF,00,00,FF,FF,FF
27687,974,0xCFF6600,1,8,00,00,FF,FF,FF,FF,FF,FF
27706,975,0xCF00400,1,8,FF,FF,FF,00,00,FF,FF,FF
27707,976,0xCFF6600,1,8,00,00,FF,FF,FF,FF,FF,FF
27726,977,0xCF00400,1,8,FF,FF,FF,00,00,FF,FF,FF
27727,978,0xCFF6600,1,8,00,00,FF,FF,FF,FF,FF,FF
27737,979,0x18FEF100,1,8,3F,00,00,FF,FF,FF,FF,FF
27738,980,0x10FF6500,1,8,FC,FF,FF,FF,FF,FF,FF,FF
27738,981,0x18F00500,1,8,FF,FF,FF,FF,20,2D,FF,FF
27739,982,0x18FEF200,1,8,00,00,00,FB,00,00,00,FF
27746,983,0xCF00400,1,8,FF,FF,FF,00,00,FF,FF,FF
27747,984,0xCFF6600,1,8,00,00,FF,FF,FF,FF,FF,FF
27766,985,0xCF00400,1,8,FF,FF,FF,00,00,FF,FF,FF
27767,986,0xCFF6600,1,8,00,00,FF,FF,FF,FF,FF,FF
27786,987,0xCF00400,1,8,FF,FF,FF,00,00,FF,FF,FF
27787,988,0xCFF6600,1,8,00,00,FF,FF,FF,FF,FF,FF
27806,989,0xCF00400,1,8,FF,FF,FF,00,00,FF,FF,FF
27807,990,0xCFF6600,1,8,00,00,FF,FF,FF,FF,FF,FF
27826,991,0xCF00400,1,8,FF,FF,FF,00,00,FF,FF,FF
27827,992,0xCFF6600,1,8,00,00,FF,FF,FF,FF,FF,FF
27837,993,0x18FEF100,1,8,3F,00,00,FF,FF,FF,FF,FF
27838,994,0x18F00500,1,8,FF,FF,FF,FF,20,2D,FF,FF
27838,995,0x18FEF200,1,8,00,00,00,FB,00,00,00,FF
27846,996,0xCF00400,1,8,FF,FF,FF,00,00,FF,FF,FF
27847,997,0xCFF6600,1,8,00,00,FF,FF,FF,FF,FF,FF
27866,998,0xCF00400,1,8,FF,FF,FF,00,00,FF,FF,FF
27867,999,0xCFF6600,1,8,00,00,FF,FF,FF,FF,FF,FF
27886,1000,0xCF00400,1,8,FF,FF,FF,00,00,FF,FF,FF
27887,1001,0xCFF6600,1,8,00,00,FF,FF,FF,FF,FF,FF
27906,1002,0xCF00400,1,8,FF,FF,FF,00,00,FF,FF,FF
27907,1003,0xCFF6600,1,8,00,00,FF,FF,FF,FF,FF,FF
27926,1004,0xCF00400,1,8,FF,FF,FF,00,00,FF,FF,FF
27927,1005,0xCFF6600,1,8,00,00,FF,FF,FF,FF,FF,FF
27937,1006,0x18FEF100,1,8,3F,00,00,FF,FF,FF,FF,FF
27937,1007,0x10FF6500,1,8,FC,FF,FF,FF,FF,FF,FF,FF
27938,1008,0x18F00500,1,8,FF,FF,FF,FF,20,2D,FF,FF
27939,1009,0x18FEF200,1,8,00,00,00,FB,00,00,00,FF
27946,1010,0xCF00400,1,8,FF,FF,FF,00,00,FF,FF,FF
27947,1011,0xCFF6600,1,8,00,00,FF,FF,FF,FF,FF,FF
27966,1012,0xCF00400,1,8,FF,FF,FF,00,00,FF,FF,FF
27967,1013,0xCFF6600,1,8,00,00,FF,FF,FF,FF,FF,FF
27986,1014,0xCF00400,1,8,FF,FF,FF,00,00,FF,FF,FF
27987,1015,0xCFF6600,1,8,00,00,FF,FF,FF,FF,FF,FF
28006,1016,0xCF00400,1,8,FF,FF,FF,00,00,FF,FF,FF
28007,1017,0xCFF6600,1,8,00,00,FF,FF,FF,FF,FF,FF
28026,1018,0xCF00400,1,8,FF,FF,FF,00,00,FF,FF,FF
28027,1019,0xCFF6600,1,8,00,00,FF,FF,FF,FF,FF,FF
28037,1020,0x18FEF100,1,8,3F,00,00,FF,FF,FF,FF,FF
28038,1021,0x18F00500,1,8,FF,FF,FF,FF,20,2D,FF,FF
28038,1022,0x18F00600,1,8,FF,FF,FF,FF,FF,FF,FF,FF
28039,1023,0x18FEF200,1,8,00,00,00,FB,00,00,00,FF
28039,1024,0x1CFDDF00,1,8,FE,FF,FF,FF,FF,FF,FF,FF
28040,1025,0x1CFF6A00,1,8,FC,FF,FF,FF,FF,FF,FF,FF
28046,1026,0xCF00400,1,8,FF,FF,FF,00,00,FF,FF,FF
28047,1027,0xCFF6600,1,8,00,00,FF,FF,FF,FF,FF,FF
28066,1028,0xCF00400,1,8,FF,FF,FF,00,00,FF,FF,FF
28067,1029,0xCFF6600,1,8,00,00,FF,FF,FF,FF,FF,FF
28086,1030,0xCF00400,1,8,FF,FF,FF,00,00,FF,FF,FF
28087,1031,0xCFF6600,1,8,00,00,FF,FF,FF,FF,FF,FF
28106,1032,0xCF00400,1,8,FF,FF,FF,00,00,FF,FF,FF
28107,1033,0xCFF6600,1,8,00,00,FF,FF,FF,FF,FF,FF
28118,1034,0x18EA0017,1,3,6B,FF,00,--,--,--,--,--
28126,1035,0xCF00400,1,8,FF,FF,FF,00,00,FF,FF,FF
28127,1036,0xCFF6600,1,8,00,00,FF,FF,FF,FF,FF,FF
28137,1037,0x18FEF100,1,8,3F,00,00,FF,FF,FF,FF,FF
28138,1038,0x10FF6500,1,8,FC,FF,FF,FF,FF,FF,FF,FF
28138,1039,0x18F00500,1,8,FF,FF,FF,FF,20,2D,FF,FF
28139,1040,0x18FEF200,1,8,00,00,00,FB,00,00,00,FF
28145,1041,0x18E81700,1,8,01,FF,FF,FF,FF,6B,FF,00
28146,1042,0xCF00400,1,8,FF,FF,FF,00,00,FF,FF,FF
28147,1043,0xCFF6600,1,8,00,00,FF,FF,FF,FF,FF,FF
28166,1044,0xCF00400,1,8,FF,FF,FF,00,00,FF,FF,FF
28167,1045,0xCFF6600,1,8,00,00,FF,FF,FF,FF,FF,FF
28186,1046,0xCF00400,1,8,FF,FF,FF,00,00,FF,FF,FF
28187,1047,0xCFF6600,1,8,00,00,FF,FF,FF,FF,FF,FF
28196,1048,0x18FEEE00,1,8,37,FF,FF,FF,FF,FF,FF,FF
28197,1049,0x18FDE500,1,8,0A,14,1E,28,32,3C,46,13
28206,1050,0xCF00400,1,8,FF,FF,FF,00,00,FF,FF,FF
28207,1051,0xCFF6600,1,8,00,00,FF,FF,FF,FF,FF,FF
28216,1052,0x1CECFF00,1,8,20,0E,00,02,FF,CA,FE,00
28226,1053,0xCF00400,1,8,FF,FF,FF,00,00,FF,FF,FF
28227,1054,0xCFF6600,1,8,00,00,FF,FF,FF,FF,FF,FF
28237,1055,0x18FEF100,1,8,3F,00,00,FF,FF,FF,FF,FF
28238,1056,0x18F00500,1,8,FF,FF,FF,FF,20,2D,FF,FF
28238,1057,0x18FEF200,1,8,00,00,00,FB,00,00,00,FF
28246,1058,0xCF00400,1,8,FF,FF,FF,00,00,FF,FF,FF
28247,1059,0xCFF6600,1,8,00,00,FF,FF,FF,FF,FF,FF
28266,1060,0xCF00400,1,8,FF,FF,FF,00,00,FF,FF,FF
28267,1061,0xCFF6600,1,8,00,00,FF,FF,FF,FF,FF,FF
28267,1062,0x1CEBFF00,1,8,01,40,FF,0F,F0,E5,01,02
28286,1063,0xCF00400,1,8,FF,FF,FF,00,00,FF,FF,FF
28287,1064,0xCFF6600,1,8,00,00,FF,FF,FF,FF,FF,FF
28306,1065,0xCF00400,1,8,FF,FF,FF,00,00,FF,FF,FF
28307,1066,0xCFF6600,1,8,00,00,FF,FF,FF,FF,FF,FF
28316,1067,0x1CEBFF00,1,8,02,F0,E3,02,6E,00,03,01
28326,1068,0xCF00400,1,8,FF,FF,FF,00,00,FF,FF,FF
28327,1069,0xCFF6600,1,8,00,00,FF,FF,FF,FF,FF,FF
28337,1070,0x18FEF100,1,8,3F,00,00,FF,FF,FF,FF,FF
28338,1071,0x10FF6500,1,8,FC,FF,FF,FF,FF,FF,FF,FF
28338,1072,0x18F00500,1,8,FF,FF,FF,FF,20,2D,FF,FF
28339,1073,0x18FEF200,1,8,00,00,00,FB,00,00,00,FF
28346,1074,0xCF00400,1,8,FF,FF,FF,00,00,FF,FF,FF
28347,1075,0xCFF6600,1,8,00,00,FF,FF,FF,FF,FF,FF
28366,1076,0xCF00400,1,8,FF,FF,FF,00,00,FF,FF,FF
28367,1077,0xCFF6600,1,8,00,00,FF,FF,FF,FF,FF,FF
28386,1078,0xCF00400,1,8,FF,FF,FF,00,00,FF,FF,FF
28387,1079,0xCFF6600,1,8,00,00,FF,FF,FF,FF,FF,FF
28406,1080,0xCF00400,1,8,FF,FF,FF,00,00,FF,FF,FF
28407,1081,0xCFF6600,1,8,00,00,FF,FF,FF,FF,FF,FF
28426,1082,0xCF00400,1,8,FF,FF,FF,00,00,FF,FF,FF
28427,1083,0xCFF6600,1,8,00,00,FF,FF,FF,FF,FF,FF
28437,1084,0x18FEF100,1,8,3F,00,00,FF,FF,FF,FF,FF
28438,1085,0x18F00500,1,8,FF,FF,FF,FF,20,2D,FF,FF
28438,1086,0x18FEF200,1,8,00,00,00,FB,00,00,00,FF
28446,1087,0xCF00400,1,8,FF,FF,FF,00,00,FF,FF,FF
28447,1088,0xCFF6600,1,8,00,00,FF,FF,FF,FF,FF,FF
28466,1089,0xCF00400,1,8,FF,FF,FF,00,00,FF,FF,FF
28467,1090,0xCFF6600,1,8,00,00,FF,FF,FF,FF,FF,FF
28486,1091,0xCF00400,1,8,FF,FF,FF,00,00,FF,FF,FF
28487,1092,0xCFF6600,1,8,00,00,FF,FF,FF,FF,FF,FF
28506,1093,0xCF00400,1,8,FF,FF,FF,00,00,FF,FF,FF
28507,1094,0xCFF6600,1,8,00,00,FF,FF,FF,FF,FF,FF
28526,1095,0xCF00400,1,8,FF,FF,FF,00,00,FF,FF,FF
28527,1096,0xCFF6600,1,8,00,00,FF,FF,FF,FF,FF,FF
28537,1097,0x18FEF100,1,8,3F,00,00,FF,FF,FF,FF,FF
28538,1098,0x10FF6500,1,8,FC,FF,FF,FF,FF,FF,FF,FF
28538,1099,0x18F00500,1,8,FF,FF,FF,FF,20,2D,FF,FF
28539,1100,0x18F00600,1,8,FF,FF,FF,FF,FF,FF,FF,FF
28539,1101,0x18FEF200,1,8,00,00,00,FB,00,00,00,FF
28540,1102,0x1CFDDF00,1,8,FE,FF,FF,FF,FF,FF,FF,FF
28540,1103,0x1CFF6A00,1,8,FC,FF,FF,FF,FF,FF,FF,FF
28546,1104,0xCF00400,1,8,FF,FF,FF,00,00,FF,FF,FF
28547,1105,0xCFF6600,1,8,00,00,FF,FF,FF,FF,FF,FF
28566,1106,0xCF00400,1,8,FF,FF,FF,00,00,FF,FF,FF
28567,1107,0xCFF6600,1,8,00,00,FF,FF,FF,FF,FF,FF
28586,1108,0xCF00400,1,8,FF,FF,FF,00,00,FF,FF,FF
28587,1109,0xCFF6600,1,8,00,00,FF,FF,FF,FF,FF,FF
28606,1110,0xCF00400,1,8,FF,FF,FF,00,00,FF,FF,FF
28607,1111,0xCFF6600,1,8,00,00,FF,FF,FF,FF,FF,FF
28618,1112,0x18EA0017,1,3,6B,FF,00,--,--,--,--,--
28626,1113,0xCF00400,1,8,FF,FF,FF,00,00,FF,FF,FF
28627,1114,0xCFF6600,1,8,00,00,FF,FF,FF,FF,FF,FF
28637,1115,0x18FEF100,1,8,3F,00,00,FF,FF,FF,FF,FF
28638,1116,0x18F00500,1,8,FF,FF,FF,FF,20,2D,FF,FF
28638,1117,0x18FEF200,1,8,00,00,00,FB,00,00,00,FF
28645,1118,0x18E81700,1,8,01,FF,FF,FF,FF,6B,FF,00
28646,1119,0xCF00400,1,8,FF,FF,FF,00,00,FF,FF,FF
28647,1120,0xCFF6600,1,8,00,00,FF,FF,FF,FF,FF,FF
28666,1121,0xCF00400,1,8,FF,FF,FF,00,00,FF,FF,FF
28667,1122,0xCFF6600,1,8,00,00,FF,FF,FF,FF,FF,FF
28686,1123,0xCF00400,1,8,FF,FF,FF,00,00,FF,FF,FF
28687,1124,0xCFF6600,1,8,00,00,FF,FF,FF,FF,FF,FF
28706,1125,0xCF00400,1,8,FF,FF,FF,00,00,FF,FF,FF
28707,1126,0xCFF6600,1,8,00,00,FF,FF,FF,FF,FF,FF
28726,1127,0xCF00400,1,8,FF,FF,FF,00,00,FF,FF,FF
28727,1128,0xCFF6600,1,8,00,00,FF,FF,FF,FF,FF,FF
28737,1129,0x18FEF100,1,8,3F,00,00,FF,FF,FF,FF,FF
28738,1130,0x10FF6500,1,8,FC,FF,FF,FF,FF,FF,FF,FF
28738,1131,0x18F00500,1,8,FF,FF,FF,FF,20,2D,FF,FF
28739,1132,0x18FEF200,1,8,00,00,00,FB,00,00,00,FF
28746,1133,0xCF00400,1,8,FF,FF,FF,00,00,FF,FF,FF
28747,1134,0xCFF6600,1,8,00,00,FF,FF,FF,FF,FF,FF
28766,1135,0xCF00400,1,8,FF,FF,FF,00,00,FF,FF,FF
28767,1136,0xCFF6600,1,8,00,00,FF,FF,FF,FF,FF,FF
28786,1137,0xCF00400,1,8,FF,FF,FF,00,00,FF,FF,FF
28787,1138,0xCFF6600,1,8,00,00,FF,FF,FF,FF,FF,FF
28806,1139,0xCF00400,1,8,FF,FF,FF,00,00,FF,FF,FF
28807,1140,0xCFF6600,1,8,00,00,FF,FF,FF,FF,FF,FF
28826,1141,0xCF00400,1,8,FF,FF,FF,00,00,FF,FF,FF
28827,1142,0xCFF6600,1,8,00,00,FF,FF,FF,FF,FF,FF
28837,1143,0x18FEF100,1,8,3F,00,00,FF,FF,FF,FF,FF
28838,1144,0x18F00500,1,8,FF,FF,FF,FF,20,2D,FF,FF
28838,1145,0x18FEF200,1,8,00,00,00,FB,00,00,00,FF
28846,1146,0xCF00400,1,8,FF,FF,FF,00,00,FF,FF,FF
28847,1147,0xCFF6600,1,8,00,00,FF,FF,FF,FF,FF,FF
28866,1148,0xCF00400,1,8,FF,FF,FF,00,00,FF,FF,FF
28867,1149,0xCFF6600,1,8,00,00,FF,FF,FF,FF,FF,FF
28886,1150,0xCF00400,1,8,FF,FF,FF,00,00,FF,FF,FF
28887,1151,0xCFF6600,1,8,00,00,FF,FF,FF,FF,FF,FF
28906,1152,0xCF00400,1,8,FF,FF,FF,00,00,FF,FF,FF
28907,1153,0xCFF6600,1,8,00,00,FF,FF,FF,FF,FF,FF
28926,1154,0xCF00400,1,8,FF,FF,FF,00,00,FF,FF,FF
28927,1155,0xCFF6600,1,8,00,00,FF,FF,FF,FF,FF,FF
28937,1156,0x18FEF100,1,8,3F,00,00,FF,FF,FF,FF,FF
28938,1157,0x10FF6500,1,8,FC,FF,FF,FF,FF,FF,FF,FF
28938,1158,0x18F00500,1,8,FF,FF,FF,FF,20,2D,FF,FF
28939,1159,0x18FEF200,1,8,00,00,00,FB,00,00,00,FF
28946,1160,0xCF00400,1,8,FF,FF,FF,00,00,FF,FF,FF
28947,1161,0xCFF6600,1,8,00,00,FF,FF,FF,FF,FF,FF
28966,1162,0xCF00400,1,8,FF,FF,FF,00,00,FF,FF,FF
28967,1163,0xCFF6600,1,8,00,00,FF,FF,FF,FF,FF,FF
28986,1164,0xCF00400,1,8,FF,FF,FF,00,00,FF,FF,FF
28987,1165,0xCFF6600,1,8,00,00,FF,FF,FF,FF,FF,FF
29006,1166,0xCF00400,1,8,FF,FF,FF,00,00,FF,FF,FF
29007,1167,0xCFF6600,1,8,00,00,FF,FF,FF,FF,FF,FF
29026,1168,0xCF00400,1,8,FF,FF,FF,00,00,FF,FF,FF
29027,1169,0xCFF6600,1,8,00,00,FF,FF,FF,FF,FF,FF
29037,1170,0x18FEF100,1,8,3F,00,00,FF,FF,FF,FF,FF
29038,1171,0x18F00500,1,8,FF,FF,FF,FF,20,2D,FF,FF
29038,1172,0x18F00600,1,8,FF,FF,FF,FF,FF,FF,FF,FF
29039,1173,0x18FEF200,1,8,00,00,00,FB,00,00,00,FF
29039,1174,0x1CFDDF00,1,8,FE,FF,FF,FF,FF,FF,FF,FF
29040,1175,0x1CFF6A00,1,8,FC,FF,FF,FF,FF,FF,FF,FF
29046,1176,0xCF00400,1,8,FF,FF,FF,00,00,FF,FF,FF
29047,1177,0xCFF6600,1,8,00,00,FF,FF,FF,FF,FF,FF
29066,1178,0xCF00400,1,8,FF,FF,FF,00,00,FF,FF,FF
29067,1179,0xCFF6600,1,8,00,00,FF,FF,FF,FF,FF,FF
29086,1180,0xCF00400,1,8,FF,FF,FF,00,00,FF,FF,FF
29087,1181,0xCFF6600,1,8,00,00,FF,FF,FF,FF,FF,FF
29106,1182,0xCF00400,1,8,FF,FF,FF,00,00,FF,FF,FF
29107,1183,0xCFF6600,1,8,00,00,FF,FF,FF,FF,FF,FF
29118,1184,0x18EA0017,1,3,6B,FF,00,--,--,--,--,--
29126,1185,0xCF00400,1,8,FF,FF,FF,00,00,FF,FF,FF
29127,1186,0xCFF6600,1,8,00,00,FF,FF,FF,FF,FF,FF
29137,1187,0x18FEF100,1,8,3F,00,00,FF,FF,FF,FF,FF
29138,1188,0x10FF6500,1,8,FC,FF,FF,FF,FF,FF,FF,FF
29138,1189,0x18F00500,1,8,FF,FF,FF,FF,20,2D,FF,FF
29139,1190,0x18FEF200,1,8,00,00,00,FB,00,00,00,FF
29145,1191,0x18E81700,1,8,01,FF,FF,FF,FF,6B,FF,00
29146,1192,0xCF00400,1,8,FF,FF,FF,00,00,FF,FF,FF
29147,1193,0xCFF6600,1,8,00,00,FF,FF,FF,FF,FF,FF
29166,1194,0xCF00400,1,8,FF,FF,FF,00,00,FF,FF,FF
29167,1195,0xCFF6600,1,8,00,00,FF,FF,FF,FF,FF,FF
29186,1196,0xCF00400,1,8,FF,FF,FF,00,00,FF,FF,FF
29187,1197,0xCFF6600,1,8,00,00,FF,FF,FF,FF,FF,FF
29196,1198,0x18FEEE00,1,8,37,FF,FF,FF,FF,FF,FF,FF
29197,1199,0x18FDE500,1,8,0A,14,1E,28,32,3C,46,13
29206,1200,0xCF00400,1,8,FF,FF,FF,00,00,FF,FF,FF
29207,1201,0xCFF6600,1,8,00,00,FF,FF,FF,FF,FF,FF
29216,1202,0x1CECFF00,1,8,20,0E,00,02,FF,CA,FE,00
29226,1203,0xCF00400,1,8,FF,FF,FF,00,00,FF,FF,FF
29227,1204,0xCFF6600,1,8,00,00,FF,FF,FF,FF,FF,FF
29237,1205,0x18FEF100,1,8,3F,00,00,FF,FF,FF,FF,FF
29238,1206,0x18F00500,1,8,FF,FF,FF,FF,20,2D,FF,FF
29238,1207,0x18FEF200,1,8,00,00,00,FB,00,00,00,FF
29246,1208,0xCF00400,1,8,FF,FF,FF,00,00,FF,FF,FF
29247,1209,0xCFF6600,1,8,00,00,FF,FF,FF,FF,FF,FF
29266,1210,0xCF00400,1,8,FF,FF,FF,00,00,FF,FF,FF
29267,1211,0xCFF6600,1,8,00,00,FF,FF,FF,FF,FF,FF
29267,1212,0x1CEBFF00,1,8,01,40,FF,0F,F0,E5,01,02
29286,1213,0xCF00400,1,8,FF,FF,FF,00,00,FF,FF,FF
29287,1214,0xCFF6600,1,8,00,00,FF,FF,FF,FF,FF,FF
29306,1215,0xCF00400,1,8,FF,FF,FF,00,00,FF,FF,FF
29307,1216,0xCFF6600,1,8,00,00,FF,FF,FF,FF,FF,FF
29316,1217,0x1CEBFF00,1,8,02,F0,E3,02,6E,00,03,01
29326,1218,0xCF00400,1,8,FF,FF,FF,00,00,FF,FF,FF
29327,1219,0xCFF6600,1,8,00,00,FF,FF,FF,FF,FF,FF
29337,1220,0x18FEF100,1,8,3F,00,00,FF,FF,FF,FF,FF
29338,1221,0x10FF6500,1,8,FC,FF,FF,FF,FF,FF,FF,FF
29338,1222,0x18F00500,1,8,FF,FF,FF,FF,20,2D,FF,FF
29339,1223,0x18FEF200,1,8,00,00,00,FB,00,00,00,FF
29346,1224,0xCF00400,1,8,FF,FF,FF,00,00,FF,FF,FF
29347,1225,0xCFF6600,1,8,00,00,FF,FF,FF,FF,FF,FF
29366,1226,0xCF00400,1,8,FF,FF,FF,00,00,FF,FF,FF
29367,1227,0xCFF6600,1,8,00,00,FF,FF,FF,FF,FF,FF
29386,1228,0xCF00400,1,8,FF,FF,FF,00,00,FF,FF,FF
29387,1229,0xCFF6600,1,8,00,00,FF,FF,FF,FF,FF,FF
29406,1230,0xCF00400,1,8,FF,FF,FF,00,00,FF,FF,FF
29407,1231,0xCFF6600,1,8,00,00,FF,FF,FF,FF,FF,FF
29426,1232,0xCF00400,1,8,FF,FF,FF,00,00,FF,FF,FF
29427,1233,0xCFF6600,1,8,00,00,FF,FF,FF,FF,FF,FF
29437,1234,0x18FEF100,1,8,3F,00,00,FF,FF,FF,FF,FF
29438,1235,0x18F00500,1,8,FF,FF,FF,FF,20,2D,FF,FF
29438,1236,0x18FEF200,1,8,00,00,00,FB,00,00,00,FF
29446,1237,0xCF00400,1,8,FF,FF,FF,00,00,FF,FF,FF
29447,1238,0xCFF6600,1,8,00,00,FF,FF,FF,FF,FF,FF
29466,1239,0xCF00400,1,8,FF,FF,FF,00,00,FF,FF,FF
29467,1240,0xCFF6600,1,8,00,00,FF,FF,FF,FF,FF,FF
29486,1241,0xCF00400,1,8,FF,FF,FF,00,00,FF,FF,FF
29487,1242,0xCFF6600,1,8,00,00,FF,FF,FF,FF,FF,FF
29506,1243,0xCF00400,1,8,FF,FF,FF,00,00,FF,FF,FF
29507,1244,0xCFF6600,1,8,00,00,FF,FF,FF,FF,FF,FF
29526,1245,0xCF00400,1,8,FF,FF,FF,00,00,FF,FF,FF
29527,1246,0xCFF6600,1,8,00,00,FF,FF,FF,FF,FF,FF
29537,1247,0x18FEF100,1,8,3F,00,00,FF,FF,FF,FF,FF
29538,1248,0x10FF6500,1,8,FC,FF,FF,FF,FF,FF,FF,FF
29538,1249,0x18F00500,1,8,FF,FF,FF,FF,20,2D,FF,FF
29539,1250,0x18F00600,1,8,FF,FF,FF,FF,FF,FF,FF,FF
29539,1251,0x18FEF200,1,8,00,00,00,FB,00,00,00,FF
29540,1252,0x1CFDDF00,1,8,FE,FF,FF,FF,FF,FF,FF,FF
29540,1253,0x1CFF6A00,1,8,FC,FF,FF,FF,FF,FF,FF,FF
29546,1254,0xCF00400,1,8,FF,FF,FF,00,00,FF,FF,FF
29547,1255,0xCFF6600,1,8,00,00,FF,FF,FF,FF,FF,FF
29566,1256,0xCF00400,1,8,FF,FF,FF,00,00,FF,FF,FF
29567,1257,0xCFF6600,1,8,00,00,FF,FF,FF,FF,FF,FF
29586,1258,0xCF00400,1,8,FF,FF,FF,00,00,FF,FF,FF
29587,1259,0xCFF6600,1,8,00,00,FF,FF,FF,FF,FF,FF
29606,1260,0xCF00400,1,8,FF,FF,FF,00,00,FF,FF,FF
29607,1261,0xCFF6600,1,8,00,00,FF,FF,FF,FF,FF,FF
29618,1262,0x18EA0017,1,3,6B,FF,00,--,--,--,--,--
29626,1263,0xCF00400,1,8,FF,FF,FF,00,00,FF,FF,FF
29627,1264,0xCFF6600,1,8,00,00,FF,FF,FF,FF,FF,FF
29637,1265,0x18FEF100,1,8,3F,00,00,FF,FF,FF,FF,FF
29638,1266,0x18F00500,1,8,FF,FF,FF,FF,20,2D,FF,FF
29638,1267,0x18FEF200,1,8,00,00,00,FB,00,00,00,FF
29645,1268,0x18E81700,1,8,01,FF,FF,FF,FF,6B,FF,00
29646,1269,0xCF00400,1,8,FF,FF,FF,00,00,FF,FF,FF
29647,1270,0xCFF6600,1,8,00,00,FF,FF,FF,FF,FF,FF
29666,1271,0xCF00400,1,8,FF,FF,FF,00,00,FF,FF,FF
29667,1272,0xCFF6600,1,8,00,00,FF,FF,FF,FF,FF,FF
29686,1273,0xCF00400,1,8,FF,FF,FF,00,00,FF,FF,FF
29687,1274,0xCFF6600,1,8,00,00,FF,FF,FF,FF,FF,FF
29706,1275,0xCF00400,1,8,FF,FF,FF,00,00,FF,FF,FF
29707,1276,0xCFF6600,1,8,00,00,FF,FF,FF,FF,FF,FF
29726,1277,0xCF00400,1,8,FF,FF,FF,00,00,FF,FF,FF
29727,1278,0xCFF6600,1,8,00,00,FF,FF,FF,FF,FF,FF
29737,1279,0x18FEF100,1,8,3F,00,00,FF,FF,FF,FF,FF
29738,1280,0x10FF6500,1,8,FC,FF,FF,FF,FF,FF,FF,FF
29738,1281,0x18F00500,1,8,FF,FF,FF,FF,20,2D,FF,FF
29739,1282,0x18FEF200,1,8,00,00,00,FB,00,00,00,FF
29746,1283,0xCF00400,1,8,FF,FF,FF,00,00,FF,FF,FF
29747,1284,0xCFF6600,1,8,00,00,FF,FF,FF,FF,FF,FF
29766,1285,0xCF00400,1,8,FF,FF,FF,00,00,FF,FF,FF
29767,1286,0xCFF6600,1,8,00,00,FF,FF,FF,FF,FF,FF
29786,1287,0xCF00400,1,8,FF,FF,FF,00,00,FF,FF,FF
29787,1288,0xCFF6600,1,8,00,00,FF,FF,FF,FF,FF,FF
29806,1289,0xCF00400,1,8,FF,FF,FF,00,00,FF,FF,FF
29807,1290,0xCFF6600,1,8,00,00,FF,FF,FF,FF,FF,FF
29826,1291,0xCF00400,1,8,FF,FF,FF,00,00,FF,FF,FF
29827,1292,0xCFF6600,1,8,00,00,FF,FF,FF,FF,FF,FF
29837,1293,0x18FEF100,1,8,3F,00,00,FF,FF,FF,FF,FF
29838,1294,0x18F00500,1,8,FF,FF,FF,FF,20,2D,FF,FF
29838,1295,0x18FEF200,1,8,00,00,00,FB,00,00,00,FF
29846,1296,0xCF00400,1,8,FF,FF,FF,00,00,FF,FF,FF
29847,1297,0xCFF6600,1,8,00,00,FF,FF,FF,FF,FF,FF
29866,1298,0xCF00400,1,8,FF,FF,FF,00,00,FF,FF,FF
29867,1299,0xCFF6600,1,8,00,00,FF,FF,FF,FF,FF,FF
29886,1300,0xCF00400,1,8,FF,FF,FF,00,00,FF,FF,FF
29887,1301,0xCFF6600,1,8,00,00,FF,FF,FF,FF,FF,FF
29906,1302,0xCF00400,1,8,FF,FF,FF,00,00,FF,FF,FF
29907,1303,0xCFF6600,1,8,00,00,FF,FF,FF,FF,FF,FF
29926,1304,0xCF00400,1,8,FF,FF,FF,00,00,FF,FF,FF
29927,1305,0xCFF6600,1,8,00,00,FF,FF,FF,FF,FF,FF
29937,1306,0x18FEF100,1,8,3F,00,00,FF,FF,FF,FF,FF
29938,1307,0x10FF6500,1,8,FC,FF,FF,FF,FF,FF,FF,FF
29938,1308,0x18F00500,1,8,FF,FF,FF,FF,20,2D,FF,FF
29939,1309,0x18FEF200,1,8,00,00,00,FB,00,00,00,FF
29946,1310,0xCF00400,1,8,FF,FF,FF,00,00,FF,FF,FF
29947,1311,0xCFF6600,1,8,00,00,FF,FF,FF,FF,FF,FF
29966,1312,0xCF00400,1,8,FF,FF,FF,00,00,FF,FF,FF
29967,1313,0xCFF6600,1,8,00,00,FF,FF,FF,FF,FF,FF
29986,1314,0xCF00400,1,8,FF,FF,FF,00,00,FF,FF,FF
29987,1315,0xCFF6600,1,8,00,00,FF,FF,FF,FF,FF,FF
30006,1316,0xCF00400,1,8,FF,FF,FF,00,00,FF,FF,FF
30007,1317,0xCFF6600,1,8,00,00,FF,FF,FF,FF,FF,FF
30026,1318,0xCF00400,1,8,FF,FF,FF,00,00,FF,FF,FF
30027,1319,0xCFF6600,1,8,00,00,FF,FF,FF,FF,FF,FF
30037,1320,0x18FEF100,1,8,3F,00,00,FF,FF,FF,FF,FF
30038,1321,0x18F00500,1,8,FF,FF,FF,FF,20,2D,FF,FF
30038,1322,0x18F00600,1,8,FF,FF,FF,FF,FF,FF,FF,FF
30039,1323,0x18FEF200,1,8,00,00,00,FB,00,00,00,FF
30039,1324,0x1CFDDF00,1,8,FE,FF,FF,FF,FF,FF,FF,FF
30040,1325,0x1CFF6A00,1,8,FC,FF,FF,FF,FF,FF,FF,FF
30046,1326,0xCF00400,1,8,FF,FF,FF,00,00,FF,FF,FF
30047,1327,0xCFF6600,1,8,00,00,FF,FF,FF,FF,FF,FF
30066,1328,0xCF00400,1,8,FF,FF,FF,00,00,FF,FF,FF
30067,1329,0xCFF6600,1,8,00,00,FF,FF,FF,FF,FF,FF
30086,1330,0xCF00400,1,8,FF,FF,FF,00,00,FF,FF,FF
30087,1331,0xCFF6600,1,8,00,00,FF,FF,FF,FF,FF,FF
30106,1332,0xCF00400,1,8,FF,FF,FF,00,00,FF,FF,FF
30107,1333,0xCFF6600,1,8,00,00,FF,FF,FF,FF,FF,FF
30118,1334,0x18EA0017,1,3,6B,FF,00,--,--,--,--,--
30126,1335,0xCF00400,1,8,FF,FF,FF,00,00,FF,FF,FF
30127,1336,0xCFF6600,1,8,00,00,FF,FF,FF,FF,FF,FF
30137,1337,0x18FEF100,1,8,3F,00,00,FF,FF,FF,FF,FF
30138,1338,0x10FF6500,1,8,FC,FF,FF,FF,FF,FF,FF,FF
30138,1339,0x18F00500,1,8,FF,FF,FF,FF,20,2D,FF,FF
30139,1340,0x18FEF200,1,8,00,00,00,FB,00,00,00,FF
30145,1341,0x18E81700,1,8,01,FF,FF,FF,FF,6B,FF,00
30146,1342,0xCF00400,1,8,FF,FF,FF,00,00,FF,FF,FF
30147,1343,0xCFF6600,1,8,00,00,FF,FF,FF,FF,FF,FF
30166,1344,0xCF00400,1,8,FF,FF,FF,00,00,FF,FF,FF
30167,1345,0xCFF6600,1,8,00,00,FF,FF,FF,FF,FF,FF
30186,1346,0xCF00400,1,8,FF,FF,FF,00,00,FF,FF,FF
30187,1347,0xCFF6600,1,8,00,00,FF,FF,FF,FF,FF,FF
30196,1348,0x18FEEE00,1,8,37,FF,FF,FF,FF,FF,FF,FF
30197,1349,0x18FDE500,1,8,0A,14,1E,28,32,3C,46,13
30206,1350,0xCF00400,1,8,FF,FF,FF,00,00,FF,FF,FF
30207,1351,0xCFF6600,1,8,00,00,FF,FF,FF,FF,FF,FF
30216,1352,0x1CECFF00,1,8,20,0E,00,02,FF,CA,FE,00
30226,1353,0xCF00400,1,8,FF,FF,FF,00,00,FF,FF,FF
30227,1354,0xCFF6600,1,8,00,00,FF,FF,FF,FF,FF,FF
30237,1355,0x18FEF100,1,8,3F,00,00,FF,FF,FF,FF,FF
30238,1356,0x18F00500,1,8,FF,FF,FF,FF,20,2D,FF,FF
30238,1357,0x18FEF200,1,8,00,00,00,FB,00,00,00,FF
30246,1358,0xCF00400,1,8,FF,FF,FF,00,00,FF,FF,FF
30247,1359,0xCFF6600,1,8,00,00,FF,FF,FF,FF,FF,FF
30266,1360,0xCF00400,1,8,FF,FF,FF,00,00,FF,FF,FF
30267,1361,0xCFF6600,1,8,00,00,FF,FF,FF,FF,FF,FF
30267,1362,0x1CEBFF00,1,8,01,40,FF,0F,F0,E5,01,02
30286,1363,0xCF00400,1,8,FF,FF,FF,00,00,FF,FF,FF
30287,1364,0xCFF6600,1,8,00,00,FF,FF,FF,FF,FF,FF
30306,1365,0xCF00400,1,8,FF,FF,FF,00,00,FF,FF,FF
30307,1366,0xCFF6600,1,8,00,00,FF,FF,FF,FF,FF,FF
30316,1367,0x1CEBFF00,1,8,02,F0,E3,02,6E,00,03,01
30326,1368,0xCF00400,1,8,FF,FF,FF,00,00,FF,FF,FF
30327,1369,0xCFF6600,1,8,00,00,FF,FF,FF,FF,FF,FF
30337,1370,0x18FEF100,1,8,3F,00,00,FF,FF,FF,FF,FF
30338,1371,0x10FF6500,1,8,FC,FF,FF,FF,FF,FF,FF,FF
30338,1372,0x18F00500,1,8,FF,FF,FF,FF,20,2D,FF,FF
30339,1373,0x18FEF200,1,8,00,00,00,FB,00,00,00,FF
30346,1374,0xCF00400,1,8,FF,FF,FF,00,00,FF,FF,FF
30347,1375,0xCFF6600,1,8,00,00,FF,FF,FF,FF,FF,FF
30366,1376,0xCF00400,1,8,FF,FF,FF,00,00,FF,FF,FF
30367,1377,0xCFF6600,1,8,00,00,FF,FF,FF,FF,FF,FF
30386,1378,0xCF00400,1,8,FF,FF,FF,00,00,FF,FF,FF
30387,1379,0xCFF6600,1,8,00,00,FF,FF,FF,FF,FF,FF
30406,1380,0xCF00400,1,8,FF,FF,FF,00,00,FF,FF,FF
30407,1381,0xCFF6600,1,8,00,00,FF,FF,FF,FF,FF,FF
30426,1382,0xCF00400,1,8,FF,FF,FF,00,00,FF,FF,FF
30427,1383,0xCFF6600,1,8,00,00,FF,FF,FF,FF,FF,FF
30437,1384,0x18FEF100,1,8,3F,00,00,FF,FF,FF,FF,FF
30438,1385,0x18F00500,1,8,FF,FF,FF,FF,20,2D,FF,FF
30438,1386,0x18FEF200,1,8,00,00,00,FB,00,00,00,FF
30446,1387,0xCF00400,1,8,FF,FF,FF,00,00,FF,FF,FF
30447,1388,0xCFF6600,1,8,00,00,FF,FF,FF,FF,FF,FF
30466,1389,0xCF00400,1,8,FF,FF,FF,00,00,FF,FF,FF
30467,1390,0xCFF6600,1,8,00,00,FF,FF,FF,FF,FF,FF
30486,1391,0xCF00400,1,8,FF,FF,FF,00,00,FF,FF,FF
30487,1392,0xCFF6600,1,8,00,00,FF,FF,FF,FF,FF,FF
30506,1393,0xCF00400,1,8,FF,FF,FF,00,00,FF,FF,FF
30507,1394,0xCFF6600,1,8,00,00,FF,FF,FF,FF,FF,FF
30526,1395,0xCF00400,1,8,FF,FF,FF,00,00,FF,FF,FF
30527,1396,0xCFF6600,1,8,00,00,FF,FF,FF,FF,FF,FF
30537,1397,0x18FEF100,1,8,3F,00,00,FF,FF,FF,FF,FF
30538,1398,0x10FF6500,1,8,FC,FF,FF,FF,FF,FF,FF,FF
30538,1399,0x18F00500,1,8,FF,FF,FF,FF,20,2D,FF,FF
30539,1400,0x18F00600,1,8,FF,FF,FF,FF,FF,FF,FF,FF
30539,1401,0x18FEF200,1,8,00,00,00,FB,00,00,00,FF
30540,1402,0x1CFDDF00,1,8,FE,FF,FF,FF,FF,FF,FF,FF
30540,1403,0x1CFF6A00,1,8,FC,FF,FF,FF,FF,FF,FF,FF
30546,1404,0xCF00400,1,8,FF,FF,FF,00,00,FF,FF,FF
30547,1405,0xCFF6600,1,8,00,00,FF,FF,FF,FF,FF,FF
30566,1406,0xCF00400,1,8,FF,FF,FF,00,00,FF,FF,FF
30567,1407,0xCFF6600,1,8,00,00,FF,FF,FF,FF,FF,FF
30586,1408,0xCF00400,1,8,FF,FF,FF,00,00,FF,FF,FF
30587,1409,0xCFF6600,1,8,00,00,FF,FF,FF,FF,FF,FF
30606,1410,0xCF00400,1,8,FF,FF,FF,00,00,FF,FF,FF
30607,1411,0xCFF6600,1,8,00,00,FF,FF,FF,FF,FF,FF
30618,1412,0x18EA0017,1,3,6B,FF,00,--,--,--,--,--
30626,1413,0xCF00400,1,8,FF,FF,FF,00,00,FF,FF,FF
30627,1414,0xCFF6600,1,8,00,00,FF,FF,FF,FF,FF,FF
30637,1415,0x18FEF100,1,8,3F,00,00,FF,FF,FF,FF,FF
30638,1416,0x18F00500,1,8,FF,FF,FF,FF,20,2D,FF,FF
30638,1417,0x18FEF200,1,8,00,00,00,FB,00,00,00,FF
30645,1418,0x18E81700,1,8,01,FF,FF,FF,FF,6B,FF,00
30646,1419,0xCF00400,1,8,FF,FF,FF,00,00,FF,FF,FF
30647,1420,0xCFF6600,1,8,00,00,FF,FF,FF,FF,FF,FF
30666,1421,0xCF00400,1,8,FF,FF,FF,00,00,FF,FF,FF
30667,1422,0xCFF6600,1,8,00,00,FF,FF,FF,FF,FF,FF
30686,1423,0xCF00400,1,8,FF,FF,FF,00,00,FF,FF,FF
30687,1424,0xCFF6600,1,8,00,00,FF,FF,FF,FF,FF,FF
30706,1425,0xCF00400,1,8,FF,FF,FF,00,00,FF,FF,FF
30707,1426,0xCFF6600,1,8,00,00,FF,FF,FF,FF,FF,FF
30726,1427,0xCF00400,1,8,FF,FF,FF,00,00,FF,FF,FF
30727,1428,0xCFF6600,1,8,00,00,FF,FF,FF,FF,FF,FF
30737,1429,0x18FEF100,1,8,3F,00,00,FF,FF,FF,FF,FF
30738,1430,0x10FF6500,1,8,FC,FF,FF,FF,FF,FF,FF,FF
30738,1431,0x18F00500,1,8,FF,FF,FF,FF,20,2D,FF,FF
30739,1432,0x18FEF200,1,8,00,00,00,FB,00,00,00,FF
30746,1433,0xCF00400,1,8,FF,FF,FF,00,00,FF,FF,FF
30747,1434,0xCFF6600,1,8,00,00,FF,FF,FF,FF,FF,FF
30766,1435,0xCF00400,1,8,FF,FF,FF,00,00,FF,FF,FF
30767,1436,0xCFF6600,1,8,00,00,FF,FF,FF,FF,FF,FF
30786,1437,0xCF00400,1,8,FF,FF,FF,00,00,FF,FF,FF
30787,1438,0xCFF6600,1,8,00,00,FF,FF,FF,FF,FF,FF
30806,1439,0xCF00400,1,8,FF,FF,FF,00,00,FF,FF,FF
30807,1440,0xCFF6600,1,8,00,00,FF,FF,FF,FF,FF,FF
30826,1441,0xCF00400,1,8,FF,FF,FF,00,00,FF,FF,FF
30827,1442,0xCFF6600,1,8,00,00,FF,FF,FF,FF,FF,FF
30837,1443,0x18FEF100,1,8,3F,00,00,FF,FF,FF,FF,FF
30838,1444,0x18F00500,1,8,FF,FF,FF,FF,20,2D,FF,FF
30838,1445,0x18FEF200,1,8,00,00,00,FB,00,00,00,FF
30846,1446,0xCF00400,1,8,FF,FF,FF,00,00,FF,FF,FF
30847,1447,0xCFF6600,1,8,00,00,FF,FF,FF,FF,FF,FF
30866,1448,0xCF00400,1,8,FF,FF,FF,00,00,FF,FF,FF
30867,1449,0xCFF6600,1,8,00,00,FF,FF,FF,FF,FF,FF
30886,1450,0xCF00400,1,8,FF,FF,FF,00,00,FF,FF,FF
30887,1451,0xCFF6600,1,8,00,00,FF,FF,FF,FF,FF,FF
30906,1452,0xCF00400,1,8,FF,FF,FF,00,00,FF,FF,FF
30907,1453,0xCFF6600,1,8,00,00,FF,FF,FF,FF,FF,FF
30926,1454,0xCF00400,1,8,FF,FF,FF,00,00,FF,FF,FF
30927,1455,0xCFF6600,1,8,00,00,FF,FF,FF,FF,FF,FF
30937,1456,0x18FEF100,1,8,3F,00,00,FF,FF,FF,FF,FF
30937,1457,0x10FF6500,1,8,FC,FF,FF,FF,FF,FF,FF,FF
30938,1458,0x18F00500,1,8,FF,FF,FF,FF,20,2D,FF,FF
30939,1459,0x18FEF200,1,8,00,00,00,FB,00,00,00,FF
30946,1460,0xCF00400,1,8,FF,FF,FF,00,00,FF,FF,FF
30947,1461,0xCFF6600,1,8,00,00,FF,FF,FF,FF,FF,FF
30966,1462,0xCF00400,1,8,FF,FF,FF,00,00,FF,FF,FF
30967,1463,0xCFF6600,1,8,00,00,FF,FF,FF,FF,FF,FF
30986,1464,0xCF00400,1,8,FF,FF,FF,00,00,FF,FF,FF
30987,1465,0xCFF6600,1,8,00,00,FF,FF,FF,FF,FF,FF
31006,1466,0xCF00400,1,8,FF,FF,FF,00,00,FF,FF,FF
31007,1467,0xCFF6600,1,8,00,00,FF,FF,FF,FF,FF,FF
31026,1468,0xCF00400,1,8,FF,FF,FF,00,00,FF,FF,FF
31027,1469,0xCFF6600,1,8,00,00,FF,FF,FF,FF,FF,FF
31037,1470,0x18FEF100,1,8,3F,00,00,FF,FF,FF,FF,FF
31038,1471,0x18F00500,1,8,FF,FF,FF,FF,20,2D,FF,FF
31038,1472,0x18F00600,1,8,FF,FF,FF,FF,FF,FF,FF,FF
31039,1473,0x18FEF200,1,8,00,00,00,FB,00,00,00,FF
31039,1474,0x1CFDDF00,1,8,FE,FF,FF,FF,FF,FF,FF,FF
31040,1475,0x1CFF6A00,1,8,FC,FF,FF,FF,FF,FF,FF,FF
31046,1476,0xCF00400,1,8,FF,FF,FF,00,00,FF,FF,FF
31047,1477,0xCFF6600,1,8,00,00,FF,FF,FF,FF,FF,FF
31066,1478,0xCF00400,1,8,FF,FF,FF,00,00,FF,FF,FF
31067,1479,0xCFF6600,1,8,00,00,FF,FF,FF,FF,FF,FF
31086,1480,0xCF00400,1,8,FF,FF,FF,00,00,FF,FF,FF
31087,1481,0xCFF6600,1,8,00,00,FF,FF,FF,FF,FF,FF
31106,1482,0xCF00400,1,8,FF,FF,FF,00,00,FF,FF,FF
31107,1483,0xCFF6600,1,8,00,00,FF,FF,FF,FF,FF,FF
31118,1484,0x18FEFC17,1,8,FF,1F,FF,FF,FF,FF,FF,FF
31126,1485,0xCF00400,1,8,FF,FF,FF,00,00,FF,FF,FF
31127,1486,0xCFF6600,1,8,00,00,FF,FF,FF,FF,FF,FF
31137,1487,0x18FEF100,1,8,3F,00,00,FF,FF,FF,FF,FF
31138,1488,0x10FF6500,1,8,FC,FF,FF,FF,FF,FF,FF,FF
31138,1489,0x18F00500,1,8,FF,FF,FF,FF,20,2D,FF,FF
31139,1490,0x18FEF200,1,8,00,00,00,FB,00,00,00,FF
31139,1491,0x18FEF517,1,8,FF,FF,FF,20,1D,FF,FF,FF
31146,1492,0xCF00400,1,8,FF,FF,FF,00,00,FF,FF,FF
31147,1493,0xCFF6600,1,8,00,00,FF,FF,FF,FF,FF,FF
31159,1494,0x18FEC117,1,8,F0,1D,00,00,03,1E,00,00
31166,1495,0xCF00400,1,8,FF,FF,FF,00,00,FF,FF,FF
31167,1496,0xCFF6600,1,8,00,00,FF,FF,FF,FF,FF,FF
31178,1497,0x18EA0017,1,3,6B,FF,00,--,--,--,--,--
31186,1498,0xCF00400,1,8,FF,FF,FF,00,00,FF,FF,FF
31187,1499,0xCFF6600,1,8,00,00,FF,FF,FF,FF,FF,FF
31196,1500,0x18FEEE00,1,8,37,FF,FF,FF,FF,FF,FF,FF
31197,1501,0x18FDE500,1,8,0A,14,1E,28,32,3C,46,13
31205,1502,0x18E81700,1,8,01,FF,FF,FF,FF,6B,FF,00
31206,1503,0xCF00400,1,8,FF,FF,FF,00,00,FF,FF,FF
31207,1504,0xCFF6600,1,8,00,00,FF,FF,FF,FF,FF,FF
31216,1505,0x1CECFF00,1,8,20,0E,00,02,FF,CA,FE,00
31226,1506,0xCF00400,1,8,FF,FF,FF,00,00,FF,FF,FF
31227,1507,0xCFF6600,1,8,00,00,FF,FF,FF,FF,FF,FF
31237,1508,0x18FEF100,1,8,3F,00,00,FF,FF,FF,FF,FF
31238,1509,0x18F00500,1,8,FF,FF,FF,FF,20,2D,FF,FF
31238,1510,0x18FEF200,1,8,00,00,00,FB,00,00,00,FF
31246,1511,0xCF00400,1,8,FF,FF,FF,00,00,FF,FF,FF
31247,1512,0xCFF6600,1,8,00,00,FF,FF,FF,FF,FF,FF
31266,1513,0xCF00400,1,8,FF,FF,FF,00,00,FF,FF,FF
31267,1514,0xCFF6600,1,8,00,00,FF,FF,FF,FF,FF,FF
31267,1515,0x1CEBFF00,1,8,01,40,FF,0F,F0,E5,01,02
31286,1516,0xCF00400,1,8,FF,FF,FF,00,00,FF,FF,FF
31287,1517,0xCFF6600,1,8,00,00,FF,FF,FF,FF,FF,FF
31306,1518,0xCF00400,1,8,FF,FF,FF,00,00,FF,FF,FF
31307,1519,0xCFF6600,1,8,00,00,FF,FF,FF,FF,FF,FF
31316,1520,0x1CEBFF00,1,8,02,F0,E3,02,6E,00,03,01
31326,1521,0xCF00400,1,8,FF,FF,FF,00,00,FF,FF,FF
31327,1522,0xCFF6600,1,8,00,00,FF,FF,FF,FF,FF,FF
31337,1523,0x18FEF100,1,8,3F,00,00,FF,FF,FF,FF,FF
31338,1524,0x10FF6500,1,8,FC,FF,FF,FF,FF,FF,FF,FF
31338,1525,0x18F00500,1,8,FF,FF,FF,FF,20,2D,FF,FF
31339,1526,0x18FEF200,1,8,00,00,00,FB,00,00,00,FF
31346,1527,0xCF00400,1,8,FF,FF,FF,00,00,FF,FF,FF
31347,1528,0xCFF6600,1,8,00,00,FF,FF,FF,FF,FF,FF
31366,1529,0xCF00400,1,8,FF,FF,FF,00,00,FF,FF,FF
31367,1530,0xCFF6600,1,8,00,00,FF,FF,FF,FF,FF,FF
31386,1531,0xCF00400,1,8,FF,FF,FF,00,00,FF,FF,FF
31387,1532,0xCFF6600,1,8,00,00,FF,FF,FF,FF,FF,FF
31406,1533,0xCF00400,1,8,FF,FF,FF,00,00,FF,FF,FF
31407,1534,0xCFF6600,1,8,00,00,FF,FF,FF,FF,FF,FF
31426,1535,0xCF00400,1,8,FF,FF,FF,00,00,FF,FF,FF
31427,1536,0xCFF6600,1,8,00,00,FF,FF,FF,FF,FF,FF
31437,1537,0x18FEF100,1,8,3F,00,00,FF,FF,FF,FF,FF
31438,1538,0x18F00500,1,8,FF,FF,FF,FF,20,2D,FF,FF
31438,1539,0x18FEF200,1,8,00,00,00,FB,00,00,00,FF
31446,1540,0xCF00400,1,8,FF,FF,FF,00,00,FF,FF,FF
31447,1541,0xCFF6600,1,8,00,00,FF,FF,FF,FF,FF,FF
31466,1542,0xCF00400,1,8,FF,FF,FF,00,00,FF,FF,FF
31467,1543,0xCFF6600,1,8,00,00,FF,FF,FF,FF,FF,FF
31486,1544,0xCF00400,1,8,FF,FF,FF,00,00,FF,FF,FF
31487,1545,0xCFF6600,1,8,00,00,FF,FF,FF,FF,FF,FF
31506,1546,0xCF00400,1,8,FF,FF,FF,00,00,FF,FF,FF
31507,1547,0xCFF6600,1,8,00,00,FF,FF,FF,FF,FF,FF
31526,1548,0xCF00400,1,8,FF,FF,FF,00,00,FF,FF,FF
31527,1549,0xCFF6600,1,8,00,00,FF,FF,FF,FF,FF,FF
31537,1550,0x18FEF100,1,8,3F,00,00,FF,FF,FF,FF,FF
31538,1551,0x10FF6500,1,8,FC,FF,FF,FF,FF,FF,FF,FF
31538,1552,0x18F00500,1,8,FF,FF,FF,FF,20,2D,FF,FF
31539,1553,0x18F00600,1,8,FF,FF,FF,FF,FF,FF,FF,FF
31539,1554,0x18FEF200,1,8,00,00,00,FB,00,00,00,FF
31540,1555,0x1CFDDF00,1,8,FE,FF,FF,FF,FF,FF,FF,FF
31540,1556,0x1CFF6A00,1,8,FC,FF,FF,FF,FF,FF,FF,FF
31546,1557,0xCF00400,1,8,FF,FF,FF,00,00,FF,FF,FF
31547,1558,0xCFF6600,1,8,00,00,FF,FF,FF,FF,FF,FF
31566,1559,0xCF00400,1,8,FF,FF,FF,00,00,FF,FF,FF
31567,1560,0xCFF6600,1,8,00,00,FF,FF,FF,FF,FF,FF
31586,1561,0xCF00400,1,8,FF,FF,FF,00,00,FF,FF,FF
31587,1562,0xCFF6600,1,8,00,00,FF,FF,FF,FF,FF,FF
31606,1563,0xCF00400,1,8,FF,FF,FF,00,00,FF,FF,FF
31607,1564,0xCFF6600,1,8,00,00,FF,FF,FF,FF,FF,FF
31626,1565,0xCF00400,1,8,FF,FF,FF,00,00,FF,FF,FF
31627,1566,0xCFF6600,1,8,00,00,FF,FF,FF,FF,FF,FF
31637,1567,0x18FEF100,1,8,3F,00,00,FF,FF,FF,FF,FF
31638,1568,0x18F00500,1,8,FF,FF,FF,FF,20,2D,FF,FF
31638,1569,0x18FEF200,1,8,00,00,00,FB,00,00,00,FF
31646,1570,0xCF00400,1,8,FF,FF,FF,00,00,FF,FF,FF
31647,1571,0xCFF6600,1,8,00,00,FF,FF,FF,FF,FF,FF
31666,1572,0xCF00400,1,8,FF,FF,FF,00,00,FF,FF,FF
31667,1573,0xCFF6600,1,8,00,00,FF,FF,FF,FF,FF,FF
31678,1574,0x18EA0017,1,3,6B,FF,00,--,--,--,--,--
31686,1575,0xCF00400,1,8,FF,FF,FF,00,00,FF,FF,FF
31687,1576,0xCFF6600,1,8,00,00,FF,FF,FF,FF,FF,FF
31705,1577,0x18E81700,1,8,01,FF,FF,FF,FF,6B,FF,00
31706,1578,0xCF00400,1,8,FF,FF,FF,00,00,FF,FF,FF
31707,1579,0xCFF6600,1,8,00,00,FF,FF,FF,FF,FF,FF
31726,1580,0xCF00400,1,8,FF,FF,FF,00,00,FF,FF,FF
31727,1581,0xCFF6600,1,8,00,00,FF,FF,FF,FF,FF,FF
31737,1582,0x18FEF100,1,8,3F,00,00,FF,FF,FF,FF,FF
31738,1583,0x10FF6500,1,8,FC,FF,FF,FF,FF,FF,FF,FF
31738,1584,0x18F00500,1,8,FF,FF,FF,FF,20,2D,FF,FF
31739,1585,0x18FEF200,1,8,00,00,00,FB,00,00,00,FF
31746,1586,0xCF00400,1,8,FF,FF,FF,00,00,FF,FF,FF
31747,1587,0xCFF6600,1,8,00,00,FF,FF,FF,FF,FF,FF
31766,1588,0xCF00400,1,8,FF,FF,FF,00,00,FF,FF,FF
31767,1589,0xCFF6600,1,8,00,00,FF,FF,FF,FF,FF,FF
31786,1590,0xCF00400,1,8,FF,FF,FF,00,00,FF,FF,FF
31787,1591,0xCFF6600,1,8,00,00,FF,FF,FF,FF,FF,FF
31806,1592,0xCF00400,1,8,FF,FF,FF,00,00,FF,FF,FF
31807,1593,0xCFF6600,1,8,00,00,FF,FF,FF,FF,FF,FF
31826,1594,0xCF00400,1,8,FF,FF,FF,00,00,FF,FF,FF
31827,1595,0xCFF6600,1,8,00,00,FF,FF,FF,FF,FF,FF
31837,1596,0x18FEF100,1,8,3F,00,00,FF,FF,FF,FF,FF
31838,1597,0x18F00500,1,8,FF,FF,FF,FF,20,2D,FF,FF
31838,1598,0x18FEF200,1,8,00,00,00,FB,00,00,00,FF
31846,1599,0xCF00400,1,8,FF,FF,FF,00,00,FF,FF,FF
31847,1600,0xCFF6600,1,8,00,00,FF,FF,FF,FF,FF,FF
31866,1601,0xCF00400,1,8,FF,FF,FF,00,00,FF,FF,FF
31867,1602,0xCFF6600,1,8,00,00,FF,FF,FF,FF,FF,FF
31886,1603,0xCF00400,1,8,FF,FF,FF,00,00,FF,FF,FF
31887,1604,0xCFF6600,1,8,00,00,FF,FF,FF,FF,FF,FF
31906,1605,0xCF00400,1,8,FF,FF,FF,00,00,FF,FF,FF
31907,1606,0xCFF6600,1,8,00,00,FF,FF,FF,FF,FF,FF
31926,1607,0xCF00400,1,8,FF,FF,FF,00,00,FF,FF,FF
31927,1608,0xCFF6600,1,8,00,00,FF,FF,FF,FF,FF,FF
31937,1609,0x18FEF100,1,8,3F,00,00,FF,FF,FF,FF,FF
31938,1610,0x10FF6500,1,8,FC,FF,FF,FF,FF,FF,FF,FF
31938,1611,0x18F00500,1,8,FF,FF,FF,FF,20,2D,FF,FF
31939,1612,0x18FEF200,1,8,00,00,00,FB,00,00,00,FF
31946,1613,0xCF00400,1,8,FF,FF,FF,00,00,FF,FF,FF
31947,1614,0xCFF6600,1,8,00,00,FF,FF,FF,FF,FF,FF
31966,1615,0xCF00400,1,8,FF,FF,FF,00,00,FF,FF,FF
31967,1616,0xCFF6600,1,8,00,00,FF,FF,FF,FF,FF,FF
31986,1617,0xCF00400,1,8,FF,FF,FF,00,00,FF,FF,FF
31987,1618,0xCFF6600,1,8,00,00,FF,FF,FF,FF,FF,FF
32006,1619,0xCF00400,1,8,FF,FF,FF,00,00,FF,FF,FF
32007,1620,0xCFF6600,1,8,00,00,FF,FF,FF,FF,FF,FF
32026,1621,0xCF00400,1,8,FF,FF,FF,00,00,FF,FF,FF
32027,1622,0xCFF6600,1,8,00,00,FF,FF,FF,FF,FF,FF
32037,1623,0x18FEF100,1,8,3F,00,00,FF,FF,FF,FF,FF
32038,1624,0x18F00500,1,8,FF,FF,FF,FF,20,2D,FF,FF
32038,1625,0x18F00600,1,8,FF,FF,FF,FF,FF,FF,FF,FF
32039,1626,0x18FEF200,1,8,00,00,00,FB,00,00,00,FF
32039,1627,0x1CFDDF00,1,8,FE,FF,FF,FF,FF,FF,FF,FF
32040,1628,0x1CFF6A00,1,8,FC,FF,FF,FF,FF,FF,FF,FF
32046,1629,0xCF00400,1,8,FF,FF,FF,00,00,FF,FF,FF
32047,1630,0xCFF6600,1,8,00,00,FF,FF,FF,FF,FF,FF
32066,1631,0xCF00400,1,8,FF,FF,FF,00,00,FF,FF,FF
32067,1632,0xCFF6600,1,8,00,00,FF,FF,FF,FF,FF,FF
32086,1633,0xCF00400,1,8,FF,FF,FF,00,00,FF,FF,FF
32087,1634,0xCFF6600,1,8,00,00,FF,FF,FF,FF,FF,FF
32106,1635,0xCF00400,1,8,FF,FF,FF,00,00,FF,FF,FF
32107,1636,0xCFF6600,1,8,00,00,FF,FF,FF,FF,FF,FF
32126,1637,0xCF00400,1,8,FF,FF,FF,00,00,FF,FF,FF
32127,1638,0xCFF6600,1,8,00,00,FF,FF,FF,FF,FF,FF
32137,1639,0x18FEF100,1,8,3F,00,00,FF,FF,FF,FF,FF
32138,1640,0x10FF6500,1,8,FC,FF,FF,FF,FF,FF,FF,FF
32138,1641,0x18F00500,1,8,FF,FF,FF,FF,20,2D,FF,FF
32139,1642,0x18FEF200,1,8,00,00,00,FB,00,00,00,FF
32146,1643,0xCF00400,1,8,FF,FF,FF,00,00,FF,FF,FF
32147,1644,0xCFF6600,1,8,00,00,FF,FF,FF,FF,FF,FF
32166,1645,0xCF00400,1,8,FF,FF,FF,00,00,FF,FF,FF
32167,1646,0xCFF6600,1,8,00,00,FF,FF,FF,FF,FF,FF
32186,1647,0xCF00400,1,8,FF,FF,FF,00,00,FF,FF,FF
32187,1648,0xCFF6600,1,8,00,00,FF,FF,FF,FF,FF,FF
32196,1649,0x18FEEE00,1,8,37,FF,FF,FF,FF,FF,FF,FF
32197,1650,0x18FDE500,1,8,0A,14,1E,28,32,3C,46,13
32206,1651,0xCF00400,1,8,FF,FF,FF,00,00,FF,FF,FF
32207,1652,0xCFF6600,1,8,00,00,FF,FF,FF,FF,FF,FF
32216,1653,0x1CECFF00,1,8,20,0E,00,02,FF,CA,FE,00
32226,1654,0xCF00400,1,8,FF,FF,FF,00,00,FF,FF,FF
32227,1655,0xCFF6600,1,8,00,00,FF,FF,FF,FF,FF,FF
32237,1656,0x18FEF100,1,8,3F,00,00,FF,FF,FF,FF,FF
32238,1657,0x18F00500,1,8,FF,FF,FF,FF,20,2D,FF,FF
32238,1658,0x18FEF200,1,8,00,00,00,FB,00,00,00,FF
32246,1659,0xCF00400,1,8,FF,FF,FF,00,00,FF,FF,FF
32247,1660,0xCFF6600,1,8,00,00,FF,FF,FF,FF,FF,FF
32266,1661,0xCF00400,1,8,FF,FF,FF,00,00,FF,FF,FF
32267,1662,0xCFF6600,1,8,00,00,FF,FF,FF,FF,FF,FF
32267,1663,0x1CEBFF00,1,8,01,40,FF,0F,F0,E5,01,02
32286,1664,0xCF00400,1,8,FF,FF,FF,00,00,FF,FF,FF
32287,1665,0xCFF6600,1,8,00,00,FF,FF,FF,FF,FF,FF
32306,1666,0xCF00400,1,8,FF,FF,FF,00,00,FF,FF,FF
32307,1667,0xCFF6600,1,8,00,00,FF,FF,FF,FF,FF,FF
32316,1668,0x1CEBFF00,1,8,02,F0,E3,02,6E,00,03,01
32326,1669,0xCF00400,1,8,FF,FF,FF,00,00,FF,FF,FF
32327,1670,0xCFF6600,1,8,00,00,FF,FF,FF,FF,FF,FF
32337,1671,0x18FEF100,1,8,3F,00,00,FF,FF,FF,FF,FF
32337,1672,0x10FF6500,1,8,FC,FF,FF,FF,FF,FF,FF,FF
32338,1673,0x18F00500,1,8,FF,FF,FF,FF,20,2D,FF,FF
32339,1674,0x18FEF200,1,8,00,00,00,FB,00,00,00,FF
32346,1675,0xCF00400,1,8,FF,FF,FF,00,00,FF,FF,FF
32347,1676,0xCFF6600,1,8,00,00,FF,FF,FF,FF,FF,FF
32366,1677,0xCF00400,1,8,FF,FF,FF,00,00,FF,FF,FF
32367,1678,0xCFF6600,1,8,00,00,FF,FF,FF,FF,FF,FF
32386,1679,0xCF00400,1,8,FF,FF,FF,00,00,FF,FF,FF
32387,1680,0xCFF6600,1,8,00,00,FF,FF,FF,FF,FF,FF
32406,1681,0xCF00400,1,8,FF,FF,FF,00,00,FF,FF,FF
32407,1682,0xCFF6600,1,8,00,00,FF,FF,FF,FF,FF,FF
32426,1683,0xCF00400,1,8,FF,FF,FF,00,00,FF,FF,FF
32427,1684,0xCFF6600,1,8,00,00,FF,FF,FF,FF,FF,FF
32437,1685,0x18FEF100,1,8,3F,00,00,FF,FF,FF,FF,FF
32438,1686,0x18F00500,1,8,FF,FF,FF,FF,20,2D,FF,FF
32438,1687,0x18FEF200,1,8,00,00,00,FB,00,00,00,FF
32446,1688,0xCF00400,1,8,FF,FF,FF,00,00,FF,FF,FF
32447,1689,0xCFF6600,1,8,00,00,FF,FF,FF,FF,FF,FF
32466,1690,0xCF00400,1,8,FF,FF,FF,00,00,FF,FF,FF
32467,1691,0xCFF6600,1,8,00,00,FF,FF,FF,FF,FF,FF
32486,1692,0xCF00400,1,8,FF,FF,FF,00,00,FF,FF,FF
32487,1693,0xCFF6600,1,8,00,00,FF,FF,FF,FF,FF,FF
32506,1694,0xCF00400,1,8,FF,FF,FF,00,00,FF,FF,FF
32507,1695,0xCFF6600,1,8,00,00,FF,FF,FF,FF,FF,FF
32526,1696,0xCF00400,1,8,FF,FF,FF,00,00,FF,FF,FF
32527,1697,0xCFF6600,1,8,00,00,FF,FF,FF,FF,FF,FF
32537,1698,0x18FEF100,1,8,3F,00,00,FF,FF,FF,FF,FF
32537,1699,0x10FF6500,1,8,FC,FF,FF,FF,FF,FF,FF,FF
32538,1700,0x18F00500,1,8,FF,FF,FF,FF,20,2D,FF,FF
32539,1701,0x18F00600,1,8,FF,FF,FF,FF,FF,FF,FF,FF
32539,1702,0x18FEF200,1,8,00,00,00,FB,00,00,00,FF
32540,1703,0x1CFDDF00,1,8,FE,FF,FF,FF,FF,FF,FF,FF
32540,1704,0x1CFF6A00,1,8,FC,FF,FF,FF,FF,FF,FF,FF
32546,1705,0xCF00400,1,8,FF,FF,FF,00,00,FF,FF,FF
32547,1706,0xCFF6600,1,8,00,00,FF,FF,FF,FF,FF,FF
32566,1707,0xCF00400,1,8,FF,FF,FF,00,00,FF,FF,FF
32567,1708,0xCFF6600,1,8,00,00,FF,FF,FF,FF,FF,FF
32586,1709,0xCF00400,1,8,FF,FF,FF,00,00,FF,FF,FF
32587,1710,0xCFF6600,1,8,00,00,FF,FF,FF,FF,FF,FF
32606,1711,0xCF00400,1,8,FF,FF,FF,00,00,FF,FF,FF
32607,1712,0xCFF6600,1,8,00,00,FF,FF,FF,FF,FF,FF
32626,1713,0xCF00400,1,8,FF,FF,FF,00,00,FF,FF,FF
32627,1714,0xCFF6600,1,8,00,00,FF,FF,FF,FF,FF,FF
32637,1715,0x18FEF100,1,8,3F,00,00,FF,FF,FF,FF,FF
32638,1716,0x18F00500,1,8,FF,FF,FF,FF,20,2D,FF,FF
32638,1717,0x18FEF200,1,8,00,00,00,FB,00,00,00,FF
32646,1718,0xCF00400,1,8,FF,FF,FF,00,00,FF,FF,FF
32647,1719,0xCFF6600,1,8,00,00,FF,FF,FF,FF,FF,FF
32666,1720,0xCF00400,1,8,FF,FF,FF,00,00,FF,FF,FF
32667,1721,0xCFF6600,1,8,00,00,FF,FF,FF,FF,FF,FF
32686,1722,0xCF00400,1,8,FF,FF,FF,00,00,FF,FF,FF
32687,1723,0xCFF6600,1,8,00,00,FF,FF,FF,FF,FF,FF
32706,1724,0xCF00400,1,8,FF,FF,FF,00,00,FF,FF,FF
32707,1725,0xCFF6600,1,8,00,00,FF,FF,FF,FF,FF,FF
32726,1726,0xCF00400,1,8,FF,FF,FF,00,00,FF,FF,FF
32727,1727,0xCFF6600,1,8,00,00,FF,FF,FF,FF,FF,FF
32737,1728,0x18FEF100,1,8,3F,00,00,FF,FF,FF,FF,FF
32737,1729,0x10FF6500,1,8,FC,FF,FF,FF,FF,FF,FF,FF
32738,1730,0x18F00500,1,8,FF,FF,FF,FF,20,2D,FF,FF
32739,1731,0x18FEF200,1,8,00,00,00,FB,00,00,00,FF
32746,1732,0xCF00400,1,8,FF,FF,FF,00,00,FF,FF,FF
32747,1733,0xCFF6600,1,8,00,00,FF,FF,FF,FF,FF,FF
32766,1734,0xCF00400,1,8,FF,FF,FF,00,00,FF,FF,FF
32767,1735,0xCFF6600,1,8,00,00,FF,FF,FF,FF,FF,FF
32786,1736,0xCF00400,1,8,FF,FF,FF,00,00,FF,FF,FF
32787,1737,0xCFF6600,1,8,00,00,FF,FF,FF,FF,FF,FF
32806,1738,0xCF00400,1,8,FF,FF,FF,00,00,FF,FF,FF
32807,1739,0xCFF6600,1,8,00,00,FF,FF,FF,FF,FF,FF
32826,1740,0xCF00400,1,8,FF,FF,FF,00,00,FF,FF,FF
32827,1741,0xCFF6600,1,8,00,00,FF,FF,FF,FF,FF,FF
32837,1742,0x18FEF100,1,8,3F,00,00,FF,FF,FF,FF,FF
32838,1743,0x18F00500,1,8,FF,FF,FF,FF,20,2D,FF,FF
32838,1744,0x18FEF200,1,8,00,00,00,FB,00,00,00,FF
32846,1745,0xCF00400,1,8,FF,FF,FF,00,00,FF,FF,FF
32847,1746,0xCFF6600,1,8,00,00,FF,FF,FF,FF,FF,FF
32866,1747,0xCF00400,1,8,FF,FF,FF,00,00,FF,FF,FF
32867,1748,0xCFF6600,1,8,00,00,FF,FF,FF,FF,FF,FF
32886,1749,0xCF00400,1,8,FF,FF,FF,00,00,FF,FF,FF
32887,1750,0xCFF6600,1,8,00,00,FF,FF,FF,FF,FF,FF
32906,1751,0xCF00400,1,8,FF,FF,FF,00,00,FF,FF,FF
32907,1752,0xCFF6600,1,8,00,00,FF,FF,FF,FF,FF,FF
32926,1753,0xCF00400,1,8,FF,FF,FF,00,00,FF,FF,FF
32927,1754,0xCFF6600,1,8,00,00,FF,FF,FF,FF,FF,FF
32937,1755,0x18FEF100,1,8,3F,00,00,FF,FF,FF,FF,FF
32937,1756,0x10FF6500,1,8,FC,FF,FF,FF,FF,FF,FF,FF
32938,1757,0x18F00500,1,8,FF,FF,FF,FF,20,2D,FF,FF
32939,1758,0x18FEF200,1,8,00,00,00,FB,00,00,00,FF
32946,1759,0xCF00400,1,8,FF,FF,FF,00,00,FF,FF,FF
32947,1760,0xCFF6600,1,8,00,00,FF,FF,FF,FF,FF,FF
32966,1761,0xCF00400,1,8,FF,FF,FF,00,00,FF,FF,FF
32967,1762,0xCFF6600,1,8,00,00,FF,FF,FF,FF,FF,FF
32986,1763,0xCF00400,1,8,FF,FF,FF,00,00,FF,FF,FF
32987,1764,0xCFF6600,1,8,00,00,FF,FF,FF,FF,FF,FF
33006,1765,0xCF00400,1,8,FF,FF,FF,00,00,FF,FF,FF
33007,1766,0xCFF6600,1,8,00,00,FF,FF,FF,FF,FF,FF
33026,1767,0xCF00400,1,8,FF,FF,FF,00,00,FF,FF,FF
33027,1768,0xCFF6600,1,8,00,00,FF,FF,FF,FF,FF,FF
33037,1769,0x18FEF100,1,8,3F,00,00,FF,FF,FF,FF,FF
33038,1770,0x18F00500,1,8,FF,FF,FF,FF,20,2D,FF,FF
33038,1771,0x18F00600,1,8,FF,FF,FF,FF,FF,FF,FF,FF
33039,1772,0x18FEF200,1,8,00,00,00,FB,00,00,00,FF
33039,1773,0x1CFDDF00,1,8,FE,FF,FF,FF,FF,FF,FF,FF
33040,1774,0x1CFF6A00,1,8,FC,FF,FF,FF,FF,FF,FF,FF
33046,1775,0xCF00400,1,8,FF,FF,FF,00,00,FF,FF,FF
33047,1776,0xCFF6600,1,8,00,00,FF,FF,FF,FF,FF,FF
33066,1777,0xCF00400,1,8,FF,FF,FF,00,00,FF,FF,FF
33067,1778,0xCFF6600,1,8,00,00,FF,FF,FF,FF,FF,FF
33086,1779,0xCF00400,1,8,FF,FF,FF,00,00,FF,FF,FF
33087,1780,0xCFF6600,1,8,00,00,FF,FF,FF,FF,FF,FF
33106,1781,0xCF00400,1,8,FF,FF,FF,00,00,FF,FF,FF
33107,1782,0xCFF6600,1,8,00,00,FF,FF,FF,FF,FF,FF
33126,1783,0xCF00400,1,8,FF,FF,FF,00,00,FF,FF,FF
33127,1784,0xCFF6600,1,8,00,00,FF,FF,FF,FF,FF,FF
33137,1785,0x18FEF100,1,8,3F,00,00,FF,FF,FF,FF,FF
33137,1786,0x10FF6500,1,8,FC,FF,FF,FF,FF,FF,FF,FF
33138,1787,0x18F00500,1,8,FF,FF,FF,FF,20,2D,FF,FF
33139,1788,0x18FEF200,1,8,00,00,00,FB,00,00,00,FF
33146,1789,0xCF00400,1,8,FF,FF,FF,00,00,FF,FF,FF
33147,1790,0xCFF6600,1,8,00,00,FF,FF,FF,FF,FF,FF
33166,1791,0xCF00400,1,8,FF,FF,FF,00,00,FF,FF,FF
33167,1792,0xCFF6600,1,8,00,00,FF,FF,FF,FF,FF,FF
33186,1793,0xCF00400,1,8,FF,FF,FF,00,00,FF,FF,FF
33187,1794,0xCFF6600,1,8,00,00,FF,FF,FF,FF,FF,FF
33196,1795,0x18FEEE00,1,8,37,FF,FF,FF,FF,FF,FF,FF
33197,1796,0x18FDE500,1,8,0A,14,1E,28,32,3C,46,13
33206,1797,0xCF00400,1,8,FF,FF,FF,00,00,FF,FF,FF
33207,1798,0xCFF6600,1,8,00,00,FF,FF,FF,FF,FF,FF
33216,1799,0x1CECFF00,1,8,20,0E,00,02,FF,CA,FE,00
33226,1800,0xCF00400,1,8,FF,FF,FF,00,00,FF,FF,FF
33227,1801,0xCFF6600,1,8,00,00,FF,FF,FF,FF,FF,FF
33237,1802,0x18FEF100,1,8,3F,00,00,FF,FF,FF,FF,FF
33238,1803,0x18F00500,1,8,FF,FF,FF,FF,20,2D,FF,FF
33238,1804,0x18FEF200,1,8,00,00,00,FB,00,00,00,FF
33246,1805,0xCF00400,1,8,FF,FF,FF,00,00,FF,FF,FF
33247,1806,0xCFF6600,1,8,00,00,FF,FF,FF,FF,FF,FF
33266,1807,0xCF00400,1,8,FF,FF,FF,00,00,FF,FF,FF
33267,1808,0xCFF6600,1,8,00,00,FF,FF,FF,FF,FF,FF
33267,1809,0x1CEBFF00,1,8,01,40,FF,0F,F0,E5,01,02
33286,1810,0xCF00400,1,8,FF,FF,FF,00,00,FF,FF,FF
33287,1811,0xCFF6600,1,8,00,00,FF,FF,FF,FF,FF,FF
33306,1812,0xCF00400,1,8,FF,FF,FF,00,00,FF,FF,FF
33307,1813,0xCFF6600,1,8,00,00,FF,FF,FF,FF,FF,FF
33316,1814,0x1CEBFF00,1,8,02,F0,E3,02,6E,00,03,01
33326,1815,0xCF00400,1,8,FF,FF,FF,00,00,FF,FF,FF
33327,1816,0xCFF6600,1,8,00,00,FF,FF,FF,FF,FF,FF
33337,1817,0x18FEF100,1,8,3F,00,00,FF,FF,FF,FF,FF
33337,1818,0x10FF6500,1,8,FC,FF,FF,FF,FF,FF,FF,FF
33338,1819,0x18F00500,1,8,FF,FF,FF,FF,20,2D,FF,FF
33339,1820,0x18FEF200,1,8,00,00,00,FB,00,00,00,FF
33346,1821,0xCF00400,1,8,FF,FF,FF,00,00,FF,FF,FF
33347,1822,0xCFF6600,1,8,00,00,FF,FF,FF,FF,FF,FF
33366,1823,0xCF00400,1,8,FF,FF,FF,00,00,FF,FF,FF
33367,1824,0xCFF6600,1,8,00,00,FF,FF,FF,FF,FF,FF
33386,1825,0xCF00400,1,8,FF,FF,FF,00,00,FF,FF,FF
33387,1826,0xCFF6600,1,8,00,00,FF,FF,FF,FF,FF,FF
33406,1827,0xCF00400,1,8,FF,FF,FF,00,00,FF,FF,FF
33407,1828,0xCFF6600,1,8,00,00,FF,FF,FF,FF,FF,FF
33426,1829,0xCF00400,1,8,FF,FF,FF,00,00,FF,FF,FF
33427,1830,0xCFF6600,1,8,00,00,FF,FF,FF,FF,FF,FF
33437,1831,0x18FEF100,1,8,3F,00,00,FF,FF,FF,FF,FF
33438,1832,0x18F00500,1,8,FF,FF,FF,FF,20,2D,FF,FF
33438,1833,0x18FEF200,1,8,00,00,00,FB,00,00,00,FF
33446,1834,0xCF00400,1,8,FF,FF,FF,00,00,FF,FF,FF
33447,1835,0xCFF6600,1,8,00,00,FF,FF,FF,FF,FF,FF
33466,1836,0xCF00400,1,8,FF,FF,FF,00,00,FF,FF,FF
33467,1837,0xCFF6600,1,8,00,00,FF,FF,FF,FF,FF,FF
33486,1838,0xCF00400,1,8,FF,FF,FF,00,00,FF,FF,FF
33487,1839,0xCFF6600,1,8,00,00,FF,FF,FF,FF,FF,FF
33506,1840,0xCF00400,1,8,FF,FF,FF,00,00,FF,FF,FF
33507,1841,0xCFF6600,1,8,00,00,FF,FF,FF,FF,FF,FF
33526,1842,0xCF00400,1,8,FF,FF,FF,00,00,FF,FF,FF
33527,1843,0xCFF6600,1,8,00,00,FF,FF,FF,FF,FF,FF
33537,1844,0x18FEF100,1,8,3F,00,00,FF,FF,FF,FF,FF
33538,1845,0x10FF6500,1,8,FC,FF,FF,FF,FF,FF,FF,FF
33538,1846,0x18F00500,1,8,FF,FF,FF,FF,20,2D,FF,FF
33539,1847,0x18F00600,1,8,FF,FF,FF,FF,FF,FF,FF,FF
33539,1848,0x18FEF200,1,8,00,00,00,FB,00,00,00,FF
33540,1849,0x1CFDDF00,1,8,FE,FF,FF,FF,FF,FF,FF,FF
33540,1850,0x1CFF6A00,1,8,FC,FF,FF,FF,FF,FF,FF,FF
33546,1851,0xCF00400,1,8,FF,FF,FF,00,00,FF,FF,FF
33547,1852,0xCFF6600,1,8,00,00,FF,FF,FF,FF,FF,FF
33566,1853,0xCF00400,1,8,FF,FF,FF,00,00,FF,FF,FF
33567,1854,0xCFF6600,1,8,00,00,FF,FF,FF,FF,FF,FF
33586,1855,0xCF00400,1,8,FF,FF,FF,00,00,FF,FF,FF
33587,1856,0xCFF6600,1,8,00,00,FF,FF,FF,FF,FF,FF
33606,1857,0xCF00400,1,8,FF,FF,FF,00,00,FF,FF,FF
33607,1858,0xCFF6600,1,8,00,00,FF,FF,FF,FF,FF,FF
33626,1859,0xCF00400,1,8,FF,FF,FF,00,00,FF,FF,FF
33627,1860,0xCFF6600,1,8,00,00,FF,FF,FF,FF,FF,FF
33637,1861,0x18FEF100,1,8,3F,00,00,FF,FF,FF,FF,FF
33638,1862,0x18F00500,1,8,FF,FF,FF,FF,20,2D,FF,FF
33638,1863,0x18FEF200,1,8,00,00,00,FB,00,00,00,FF
33646,1864,0xCF00400,1,8,FF,FF,FF,00,00,FF,FF,FF
33647,1865,0xCFF6600,1,8,00,00,FF,FF,FF,FF,FF,FF
33666,1866,0xCF00400,1,8,FF,FF,FF,00,00,FF,FF,FF
33667,1867,0xCFF6600,1,8,00,00,FF,FF,FF,FF,FF,FF
33686,1868,0xCF00400,1,8,FF,FF,FF,00,00,FF,FF,FF
33687,1869,0xCFF6600,1,8,00,00,FF,FF,FF,FF,FF,FF
33706,1870,0xCF00400,1,8,FF,FF,FF,00,00,FF,FF,FF
33707,1871,0xCFF6600,1,8,00,00,FF,FF,FF,FF,FF,FF
33726,1872,0xCF00400,1,8,FF,FF,FF,00,00,FF,FF,FF
33727,1873,0xCFF6600,1,8,00,00,FF,FF,FF,FF,FF,FF
33737,1874,0x18FEF100,1,8,3F,00,00,FF,FF,FF,FF,FF
33738,1875,0x10FF6500,1,8,FC,FF,FF,FF,FF,FF,FF,FF
33738,1876,0x18F00500,1,8,FF,FF,FF,FF,20,2D,FF,FF
33739,1877,0x18FEF200,1,8,00,00,00,FB,00,00,00,FF
33746,1878,0xCF00400,1,8,FF,FF,FF,00,00,FF,FF,FF
33747,1879,0xCFF6600,1,8,00,00,FF,FF,FF,FF,FF,FF
33766,1880,0xCF00400,1,8,FF,FF,FF,00,00,FF,FF,FF
33767,1881,0xCFF6600,1,8,00,00,FF,FF,FF,FF,FF,FF
33786,1882,0xCF00400,1,8,FF,FF,FF,00,00,FF,FF,FF
33787,1883,0xCFF6600,1,8,00,00,FF,FF,FF,FF,FF,FF
33806,1884,0xCF00400,1,8,FF,FF,FF,00,00,FF,FF,FF
33807,1885,0xCFF6600,1,8,00,00,FF,FF,FF,FF,FF,FF
33826,1886,0xCF00400,1,8,FF,FF,FF,00,00,FF,FF,FF
33827,1887,0xCFF6600,1,8,00,00,FF,FF,FF,FF,FF,FF
33837,1888,0x18FEF100,1,8,3F,00,00,FF,FF,FF,FF,FF
33838,1889,0x18F00500,1,8,FF,FF,FF,FF,20,2D,FF,FF
33838,1890,0x18FEF200,1,8,00,00,00,FB,00,00,00,FF
33846,1891,0xCF00400,1,8,FF,FF,FF,00,00,FF,FF,FF
33847,1892,0xCFF6600,1,8,00,00,FF,FF,FF,FF,FF,FF
33866,1893,0xCF00400,1,8,FF,FF,FF,00,00,FF,FF,FF
33867,1894,0xCFF6600,1,8,00,00,FF,FF,FF,FF,FF,FF
33886,1895,0xCF00400,1,8,FF,FF,FF,00,00,FF,FF,FF
33887,1896,0xCFF6600,1,8,00,00,FF,FF,FF,FF,FF,FF
33906,1897,0xCF00400,1,8,FF,FF,FF,00,00,FF,FF,FF
33907,1898,0xCFF6600,1,8,00,00,FF,FF,FF,FF,FF,FF
33926,1899,0xCF00400,1,8,FF,FF,FF,00,00,FF,FF,FF
33927,1900,0xCFF6600,1,8,00,00,FF,FF,FF,FF,FF,FF
33937,1901,0x18FEF100,1,8,3F,00,00,FF,FF,FF,FF,FF
33937,1902,0x10FF6500,1,8,FC,FF,FF,FF,FF,FF,FF,FF
33938,1903,0x18F00500,1,8,FF,FF,FF,FF,20,2D,FF,FF
33939,1904,0x18FEF200,1,8,00,00,00,FB,00,00,00,FF
33946,1905,0xCF00400,1,8,FF,FF,FF,00,00,FF,FF,FF
33947,1906,0xCFF6600,1,8,00,00,FF,FF,FF,FF,FF,FF
33966,1907,0xCF00400,1,8,FF,FF,FF,00,00,FF,FF,FF
33967,1908,0xCFF6600,1,8,00,00,FF,FF,FF,FF,FF,FF
33986,1909,0xCF00400,1,8,FF,FF,FF,00,00,FF,FF,FF
33987,1910,0xCFF6600,1,8,00,00,FF,FF,FF,FF,FF,FF
34006,1911,0xCF00400,1,8,FF,FF,FF,00,00,FF,FF,FF
34007,1912,0xCFF6600,1,8,00,00,FF,FF,FF,FF,FF,FF
34026,1913,0xCF00400,1,8,FF,FF,FF,00,00,FF,FF,FF
34027,1914,0xCFF6600,1,8,00,00,FF,FF,FF,FF,FF,FF
34037,1915,0x18FEF100,1,8,3F,00,00,FF,FF,FF,FF,FF
34038,1916,0x18F00500,1,8,FF,FF,FF,FF,20,2D,FF,FF
34038,1917,0x18F00600,1,8,FF,FF,FF,FF,FF,FF,FF,FF
34039,1918,0x18FEF200,1,8,00,00,00,FB,00,00,00,FF
34039,1919,0x1CFDDF00,1,8,FE,FF,FF,FF,FF,FF,FF,FF
34040,1920,0x1CFF6A00,1,8,FC,FF,FF,FF,FF,FF,FF,FF
34046,1921,0xCF00400,1,8,FF,FF,FF,00,00,FF,FF,FF
34047,1922,0xCFF6600,1,8,00,00,FF,FF,FF,FF,FF,FF
34066,1923,0xCF00400,1,8,FF,FF,FF,00,00,FF,FF,FF
34067,1924,0xCFF6600,1,8,00,00,FF,FF,FF,FF,FF,FF
34086,1925,0xCF00400,1,8,FF,FF,FF,00,00,FF,FF,FF
34087,1926,0xCFF6600,1,8,00,00,FF,FF,FF,FF,FF,FF
34106,1927,0xCF00400,1,8,FF,FF,FF,00,00,FF,FF,FF
34107,1928,0xCFF6600,1,8,00,00,FF,FF,FF,FF,FF,FF
34126,1929,0xCF00400,1,8,FF,FF,FF,00,00,FF,FF,FF
34127,1930,0xCFF6600,1,8,00,00,FF,FF,FF,FF,FF,FF
34137,1931,0x18FEF100,1,8,3F,00,00,FF,FF,FF,FF,FF
34137,1932,0x10FF6500,1,8,FC,FF,FF,FF,FF,FF,FF,FF
34138,1933,0x18F00500,1,8,FF,FF,FF,FF,20,2D,FF,FF
34139,1934,0x18FEF200,1,8,00,00,00,FB,00,00,00,FF
34146,1935,0xCF00400,1,8,FF,FF,FF,00,00,FF,FF,FF
34147,1936,0xCFF6600,1,8,00,00,FF,FF,FF,FF,FF,FF
34166,1937,0xCF00400,1,8,FF,FF,FF,00,00,FF,FF,FF
34167,1938,0xCFF6600,1,8,00,00,FF,FF,FF,FF,FF,FF
34186,1939,0xCF00400,1,8,FF,FF,FF,00,00,FF,FF,FF
34187,1940,0xCFF6600,1,8,00,00,FF,FF,FF,FF,FF,FF
34196,1941,0x18FEEE00,1,8,37,FF,FF,FF,FF,FF,FF,FF
34197,1942,0x18FDE500,1,8,0A,14,1E,28,32,3C,46,13
34206,1943,0xCF00400,1,8,FF,FF,FF,00,00,FF,FF,FF
34207,1944,0xCFF6600,1,8,00,00,FF,FF,FF,FF,FF,FF
34216,1945,0x1CECFF00,1,8,20,0E,00,02,FF,CA,FE,00
34226,1946,0xCF00400,1,8,FF,FF,FF,00,00,FF,FF,FF
34227,1947,0xCFF6600,1,8,00,00,FF,FF,FF,FF,FF,FF
34237,1948,0x18FEF100,1,8,3F,00,00,FF,FF,FF,FF,FF
34238,1949,0x18F00500,1,8,FF,FF,FF,FF,20,2D,FF,FF
34238,1950,0x18FEF200,1,8,00,00,00,FB,00,00,00,FF
34246,1951,0xCF00400,1,8,FF,FF,FF,00,00,FF,FF,FF
34247,1952,0xCFF6600,1,8,00,00,FF,FF,FF,FF,FF,FF
34266,1953,0xCF00400,1,8,FF,FF,FF,00,00,FF,FF,FF
34267,1954,0xCFF6600,1,8,00,00,FF,FF,FF,FF,FF,FF
34267,1955,0x1CEBFF00,1,8,01,40,FF,0F,F0,E5,01,02
34286,1956,0xCF00400,1,8,FF,FF,FF,00,00,FF,FF,FF
34287,1957,0xCFF6600,1,8,00,00,FF,FF,FF,FF,FF,FF
34306,1958,0xCF00400,1,8,FF,FF,FF,00,00,FF,FF,FF
34307,1959,0xCFF6600,1,8,00,00,FF,FF,FF,FF,FF,FF
34316,1960,0x1CEBFF00,1,8,02,F0,E3,02,6E,00,03,01
34326,1961,0xCF00400,1,8,FF,FF,FF,00,00,FF,FF,FF
34327,1962,0xCFF6600,1,8,00,00,FF,FF,FF,FF,FF,FF
34337,1963,0x18FEF100,1,8,3F,00,00,FF,FF,FF,FF,FF
34337,1964,0x10FF6500,1,8,FC,FF,FF,FF,FF,FF,FF,FF
34338,1965,0x18F00500,1,8,FF,FF,FF,FF,20,2D,FF,FF
34339,1966,0x18FEF200,1,8,00,00,00,FB,00,00,00,FF
34346,1967,0xCF00400,1,8,FF,FF,FF,00,00,FF,FF,FF
34347,1968,0xCFF6600,1,8,00,00,FF,FF,FF,FF,FF,FF
34366,1969,0xCF00400,1,8,FF,FF,FF,00,00,FF,FF,FF
34367,1970,0xCFF6600,1,8,00,00,FF,FF,FF,FF,FF,FF
34386,1971,0xCF00400,1,8,FF,FF,FF,00,00,FF,FF,FF
34387,1972,0xCFF6600,1,8,00,00,FF,FF,FF,FF,FF,FF
34406,1973,0xCF00400,1,8,FF,FF,FF,00,00,FF,FF,FF
34407,1974,0xCFF6600,1,8,00,00,FF,FF,FF,FF,FF,FF
34426,1975,0xCF00400,1,8,FF,FF,FF,00,00,FF,FF,FF
34427,1976,0xCFF6600,1,8,00,00,FF,FF,FF,FF,FF,FF
34437,1977,0x18FEF100,1,8,3F,00,00,FF,FF,FF,FF,FF
34438,1978,0x18F00500,1,8,FF,FF,FF,FF,20,2D,FF,FF
34438,1979,0x18FEF200,1,8,00,00,00,FB,00,00,00,FF
34446,1980,0xCF00400,1,8,FF,FF,FF,00,00,FF,FF,FF
34447,1981,0xCFF6600,1,8,00,00,FF,FF,FF,FF,FF,FF
34466,1982,0xCF00400,1,8,FF,FF,FF,00,00,FF,FF,FF
34467,1983,0xCFF6600,1,8,00,00,FF,FF,FF,FF,FF,FF
34486,1984,0xCF00400,1,8,FF,FF,FF,00,00,FF,FF,FF
34487,1985,0xCFF6600,1,8,00,00,FF,FF,FF,FF,FF,FF
34506,1986,0xCF00400,1,8,FF,FF,FF,00,00,FF,FF,FF
34507,1987,0xCFF6600,1,8,00,00,FF,FF,FF,FF,FF,FF
34526,1988,0xCF00400,1,8,FF,FF,FF,00,00,FF,FF,FF
34527,1989,0xCFF6600,1,8,00,00,FF,FF,FF,FF,FF,FF
34537,1990,0x18FEF100,1,8,3F,00,00,FF,FF,FF,FF,FF
34537,1991,0x10FF6500,1,8,FC,FF,FF,FF,FF,FF,FF,FF
34538,1992,0x18F00500,1,8,FF,FF,FF,FF,20,2D,FF,FF
34539,1993,0x18F00600,1,8,FF,FF,FF,FF,FF,FF,FF,FF
34539,1994,0x18FEF200,1,8,00,00,00,FB,00,00,00,FF
34540,1995,0x1CFDDF00,1,8,FE,FF,FF,FF,FF,FF,FF,FF
34540,1996,0x1CFF6A00,1,8,FC,FF,FF,FF,FF,FF,FF,FF
34546,1997,0xCF00400,1,8,FF,FF,FF,00,00,FF,FF,FF
34547,1998,0xCFF6600,1,8,00,00,FF,FF,FF,FF,FF,FF
34566,1999,0xCF00400,1,8,FF,FF,FF,00,00,FF,FF,FF
34567,2000,0xCFF6600,1,8,00,00,FF,FF,FF,FF,FF,FF
34586,2001,0xCF00400,1,8,FF,FF,FF,00,00,FF,FF,FF
34587,2002,0xCFF6600,1,8,00,00,FF,FF,FF,FF,FF,FF
34606,2003,0xCF00400,1,8,FF,FF,FF,00,00,FF,FF,FF
34607,2004,0xCFF6600,1,8,00,00,FF,FF,FF,FF,FF,FF
34626,2005,0xCF00400,1,8,FF,FF,FF,00,00,FF,FF,FF
34627,2006,0xCFF6600,1,8,00,00,FF,FF,FF,FF,FF,FF
34637,2007,0x18FEF100,1,8,3F,00,00,FF,FF,FF,FF,FF
34638,2008,0x18F00500,1,8,FF,FF,FF,FF,20,2D,FF,FF
34638,2009,0x18FEF200,1,8,00,00,00,FB,00,00,00,FF
34646,2010,0xCF00400,1,8,FF,FF,FF,00,00,FF,FF,FF
34647,2011,0xCFF6600,1,8,00,00,FF,FF,FF,FF,FF,FF
34666,2012,0xCF00400,1,8,FF,FF,FF,00,00,FF,FF,FF
34667,2013,0xCFF6600,1,8,00,00,FF,FF,FF,FF,FF,FF
34686,2014,0xCF00400,1,8,FF,FF,FF,00,00,FF,FF,FF
34687,2015,0xCFF6600,1,8,00,00,FF,FF,FF,FF,FF,FF
34706,2016,0xCF00400,1,8,FF,FF,FF,00,00,FF,FF,FF
34707,2017,0xCFF6600,1,8,00,00,FF,FF,FF,FF,FF,FF
34726,2018,0xCF00400,1,8,FF,FF,FF,00,00,FF,FF,FF
34727,2019,0xCFF6600,1,8,00,00,FF,FF,FF,FF,FF,FF
34737,2020,0x18FEF100,1,8,3F,00,00,FF,FF,FF,FF,FF
34737,2021,0x10FF6500,1,8,FC,FF,FF,FF,FF,FF,FF,FF
34738,2022,0x18F00500,1,8,FF,FF,FF,FF,20,2D,FF,FF
34739,2023,0x18FEF200,1,8,00,00,00,FB,00,00,00,FF
34746,2024,0xCF00400,1,8,FF,FF,FF,00,00,FF,FF,FF
34747,2025,0xCFF6600,1,8,00,00,FF,FF,FF,FF,FF,FF
34766,2026,0xCF00400,1,8,FF,FF,FF,00,00,FF,FF,FF
34767,2027,0xCFF6600,1,8,00,00,FF,FF,FF,FF,FF,FF
34786,2028,0xCF00400,1,8,FF,FF,FF,00,00,FF,FF,FF
34787,2029,0xCFF6600,1,8,00,00,FF,FF,FF,FF,FF,FF
34806,2030,0xCF00400,1,8,FF,FF,FF,00,00,FF,FF,FF
34807,2031,0xCFF6600,1,8,00,00,FF,FF,FF,FF,FF,FF
34826,2032,0xCF00400,1,8,FF,FF,FF,00,00,FF,FF,FF
34827,2033,0xCFF6600,1,8,00,00,FF,FF,FF,FF,FF,FF
34837,2034,0x18FEF100,1,8,3F,00,00,FF,FF,FF,FF,FF
34838,2035,0x18F00500,1,8,FF,FF,FF,FF,20,2D,FF,FF
34838,2036,0x18FEF200,1,8,00,00,00,FB,00,00,00,FF
34846,2037,0xCF00400,1,8,FF,FF,FF,00,00,FF,FF,FF
34847,2038,0xCFF6600,1,8,00,00,FF,FF,FF,FF,FF,FF
34866,2039,0xCF00400,1,8,FF,FF,FF,00,00,FF,FF,FF
34867,2040,0xCFF6600,1,8,00,00,FF,FF,FF,FF,FF,FF
34886,2041,0xCF00400,1,8,FF,FF,FF,00,00,FF,FF,FF
34887,2042,0xCFF6600,1,8,00,00,FF,FF,FF,FF,FF,FF
34906,2043,0xCF00400,1,8,FF,FF,FF,00,00,FF,FF,FF
34907,2044,0xCFF6600,1,8,00,00,FF,FF,FF,FF,FF,FF
34926,2045,0xCF00400,1,8,FF,FF,FF,00,00,FF,FF,FF
34927,2046,0xCFF6600,1,8,00,00,FF,FF,FF,FF,FF,FF
34937,2047,0x18FEF100,1,8,3F,00,00,FF,FF,FF,FF,FF
34937,2048,0x10FF6500,1,8,FC,FF,FF,FF,FF,FF,FF,FF
34938,2049,0x18F00500,1,8,FF,FF,FF,FF,20,2D,FF,FF
34939,2050,0x18FEF200,1,8,00,00,00,FB,00,00,00,FF
34946,2051,0xCF00400,1,8,FF,FF,FF,00,00,FF,FF,FF
34947,2052,0xCFF6600,1,8,00,00,FF,FF,FF,FF,FF,FF
34966,2053,0xCF00400,1,8,FF,FF,FF,00,00,FF,FF,FF
34967,2054,0xCFF6600,1,8,00,00,FF,FF,FF,FF,FF,FF
34986,2055,0xCF00400,1,8,FF,FF,FF,00,00,FF,FF,FF
34987,2056,0xCFF6600,1,8,00,00,FF,FF,FF,FF,FF,FF
35006,2057,0xCF00400,1,8,FF,FF,FF,00,00,FF,FF,FF
35007,2058,0xCFF6600,1,8,00,00,FF,FF,FF,FF,FF,FF
35026,2059,0xCF00400,1,8,FF,FF,FF,00,00,FF,FF,FF
35027,2060,0xCFF6600,1,8,00,00,FF,FF,FF,FF,FF,FF
35037,2061,0x18FEF100,1,8,3F,00,00,FF,FF,FF,FF,FF
35038,2062,0x18F00500,1,8,FF,FF,FF,FF,20,2D,FF,FF
35038,2063,0x18F00600,1,8,FF,FF,FF,FF,FF,FF,FF,FF
35039,2064,0x18FEF200,1,8,00,00,00,FB,00,00,00,FF
35039,2065,0x1CFDDF00,1,8,FE,FF,FF,FF,FF,FF,FF,FF
35040,2066,0x1CFF6A00,1,8,FC,FF,FF,FF,FF,FF,FF,FF
35046,2067,0xCF00400,1,8,FF,FF,FF,00,00,FF,FF,FF
35047,2068,0xCFF6600,1,8,00,00,FF,FF,FF,FF,FF,FF
35066,2069,0xCF00400,1,8,FF,FF,FF,00,00,FF,FF,FF
35067,2070,0xCFF6600,1,8,00,00,FF,FF,FF,FF,FF,FF
35086,2071,0xCF00400,1,8,FF,FF,FF,00,00,FF,FF,FF
35087,2072,0xCFF6600,1,8,00,00,FF,FF,FF,FF,FF,FF
35106,2073,0xCF00400,1,8,FF,FF,FF,00,00,FF,FF,FF
35107,2074,0xCFF6600,1,8,00,00,FF,FF,FF,FF,FF,FF
35126,2075,0xCF00400,1,8,FF,FF,FF,00,00,FF,FF,FF
35127,2076,0xCFF6600,1,8,00,00,FF,FF,FF,FF,FF,FF
35137,2077,0x18FEF100,1,8,3F,00,00,FF,FF,FF,FF,FF
35137,2078,0x10FF6500,1,8,FC,FF,FF,FF,FF,FF,FF,FF
35138,2079,0x18F00500,1,8,FF,FF,FF,FF,20,2D,FF,FF
35139,2080,0x18FEF200,1,8,00,00,00,FB,00,00,00,FF
35146,2081,0xCF00400,1,8,FF,FF,FF,00,00,FF,FF,FF
35147,2082,0xCFF6600,1,8,00,00,FF,FF,FF,FF,FF,FF
35166,2083,0xCF00400,1,8,FF,FF,FF,00,00,FF,FF,FF
35167,2084,0xCFF6600,1,8,00,00,FF,FF,FF,FF,FF,FF
35186,2085,0xCF00400,1,8,FF,FF,FF,00,00,FF,FF,FF
35187,2086,0xCFF6600,1,8,00,00,FF,FF,FF,FF,FF,FF
35196,2087,0x18FEEE00,1,8,38,FF,FF,FF,FF,FF,FF,FF
35197,2088,0x18FDE500,1,8,0A,14,1E,28,32,3C,46,13
35206,2089,0xCF00400,1,8,FF,FF,FF,00,00,FF,FF,FF
35207,2090,0xCFF6600,1,8,00,00,FF,FF,FF,FF,FF,FF
35216,2091,0x1CECFF00,1,8,20,0E,00,02,FF,CA,FE,00
35226,2092,0xCF00400,1,8,FF,FF,FF,00,00,FF,FF,FF
35227,2093,0xCFF6600,1,8,00,00,FF,FF,FF,FF,FF,FF
35237,2094,0x18FEF100,1,8,3F,00,00,FF,FF,FF,FF,FF
35238,2095,0x18F00500,1,8,FF,FF,FF,FF,20,2D,FF,FF
35238,2096,0x18FEF200,1,8,00,00,00,FB,00,00,00,FF
35246,2097,0xCF00400,1,8,FF,FF,FF,00,00,FF,FF,FF
35247,2098,0xCFF6600,1,8,00,00,FF,FF,FF,FF,FF,FF
35266,2099,0xCF00400,1,8,FF,FF,FF,00,00,FF,FF,FF
35267,2100,0xCFF6600,1,8,00,00,FF,FF,FF,FF,FF,FF
35267,2101,0x1CEBFF00,1,8,01,40,FF,0F,F0,E5,01,02
35286,2102,0xCF00400,1,8,FF,FF,FF,00,00,FF,FF,FF
35287,2103,0xCFF6600,1,8,00,00,FF,FF,FF,FF,FF,FF
35306,2104,0xCF00400,1,8,FF,FF,FF,00,00,FF,FF,FF
35307,2105,0xCFF6600,1,8,00,00,FF,FF,FF,FF,FF,FF
35316,2106,0x1CEBFF00,1,8,02,F0,E3,02,6E,00,03,01
35326,2107,0xCF00400,1,8,FF,FF,FF,00,00,FF,FF,FF
35327,2108,0xCFF6600,1,8,00,00,FF,FF,FF,FF,FF,FF
35337,2109,0x18FEF100,1,8,3F,00,00,FF,FF,FF,FF,FF
35337,2110,0x10FF6500,1,8,FC,FF,FF,FF,FF,FF,FF,FF
35338,2111,0x18F00500,1,8,FF,FF,FF,FF,20,2D,FF,FF
35339,2112,0x18FEF200,1,8,00,00,00,FB,00,00,00,FF
35346,2113,0xCF00400,1,8,FF,FF,FF,00,00,FF,FF,FF
35347,2114,0xCFF6600,1,8,00,00,FF,FF,FF,FF,FF,FF
35366,2115,0xCF00400,1,8,FF,FF,FF,00,00,FF,FF,FF
35367,2116,0xCFF6600,1,8,00,00,FF,FF,FF,FF,FF,FF
35386,2117,0xCF00400,1,8,FF,FF,FF,00,00,FF,FF,FF
35387,2118,0xCFF6600,1,8,00,00,FF,FF,FF,FF,FF,FF
35406,2119,0xCF00400,1,8,FF,FF,FF,00,00,FF,FF,FF
35407,2120,0xCFF6600,1,8,00,00,FF,FF,FF,FF,FF,FF
35426,2121,0xCF00400,1,8,FF,FF,FF,00,00,FF,FF,FF
35427,2122,0xCFF6600,1,8,00,00,FF,FF,FF,FF,FF,FF
35437,2123,0x18FEF100,1,8,3F,00,00,FF,FF,FF,FF,FF
35438,2124,0x18F00500,1,8,FF,FF,FF,FF,20,2D,FF,FF
35438,2125,0x18FEF200,1,8,00,00,00,FB,00,00,00,FF
35446,2126,0xCF00400,1,8,FF,FF,FF,00,00,FF,FF,FF
35447,2127,0xCFF6600,1,8,00,00,FF,FF,FF,FF,FF,FF
35466,2128,0xCF00400,1,8,FF,FF,FF,00,00,FF,FF,FF
35467,2129,0xCFF6600,1,8,00,00,FF,FF,FF,FF,FF,FF
35486,2130,0xCF00400,1,8,FF,FF,FF,00,00,FF,FF,FF
35487,2131,0xCFF6600,1,8,00,00,FF,FF,FF,FF,FF,FF
35506,2132,0xCF00400,1,8,FF,FF,FF,00,00,FF,FF,FF
35507,2133,0xCFF6600,1,8,00,00,FF,FF,FF,FF,FF,FF
35526,2134,0xCF00400,1,8,FF,FF,FF,00,00,FF,FF,FF
35527,2135,0xCFF6600,1,8,00,00,FF,FF,FF,FF,FF,FF
35537,2136,0x18FEF100,1,8,3F,00,00,FF,FF,FF,FF,FF
35537,2137,0x10FF6500,1,8,FC,FF,FF,FF,FF,FF,FF,FF
35538,2138,0x18F00500,1,8,FF,FF,FF,FF,20,2D,FF,FF
35539,2139,0x18F00600,1,8,FF,FF,FF,FF,FF,FF,FF,FF
35539,2140,0x18FEF200,1,8,00,00,00,FB,00,00,00,FF
35540,2141,0x1CFDDF00,1,8,FE,FF,FF,FF,FF,FF,FF,FF
35540,2142,0x1CFF6A00,1,8,FC,FF,FF,FF,FF,FF,FF,FF
35546,2143,0xCF00400,1,8,FF,FF,FF,00,00,FF,FF,FF
35547,2144,0xCFF6600,1,8,00,00,FF,FF,FF,FF,FF,FF
35566,2145,0xCF00400,1,8,FF,FF,FF,00,00,FF,FF,FF
35567,2146,0xCFF6600,1,8,00,00,FF,FF,FF,FF,FF,FF
35586,2147,0xCF00400,1,8,FF,FF,FF,00,00,FF,FF,FF
35587,2148,0xCFF6600,1,8,00,00,FF,FF,FF,FF,FF,FF
35606,2149,0xCF00400,1,8,FF,FF,FF,00,00,FF,FF,FF
35607,2150,0xCFF6600,1,8,00,00,FF,FF,FF,FF,FF,FF
35626,2151,0xCF00400,1,8,FF,FF,FF,00,00,FF,FF,FF
35627,2152,0xCFF6600,1,8,00,00,FF,FF,FF,FF,FF,FF
35637,2153,0x18FEF100,1,8,3F,00,00,FF,FF,FF,FF,FF
35638,2154,0x18F00500,1,8,FF,FF,FF,FF,20,2D,FF,FF
35638,2155,0x18FEF200,1,8,00,00,00,FB,00,00,00,FF
35646,2156,0xCF00400,1,8,FF,FF,FF,00,00,FF,FF,FF
35647,2157,0xCFF6600,1,8,00,00,FF,FF,FF,FF,FF,FF
35666,2158,0xCF00400,1,8,FF,FF,FF,00,00,FF,FF,FF
35667,2159,0xCFF6600,1,8,00,00,FF,FF,FF,FF,FF,FF
35686,2160,0xCF00400,1,8,FF,FF,FF,00,00,FF,FF,FF
35687,2161,0xCFF6600,1,8,00,00,FF,FF,FF,FF,FF,FF
35706,2162,0xCF00400,1,8,FF,FF,FF,00,00,FF,FF,FF
35707,2163,0xCFF6600,1,8,00,00,FF,FF,FF,FF,FF,FF
35726,2164,0xCF00400,1,8,FF,FF,FF,00,00,FF,FF,FF
35727,2165,0xCFF6600,1,8,00,00,FF,FF,FF,FF,FF,FF
35737,2166,0x18FEF100,1,8,3F,00,00,FF,FF,FF,FF,FF
35737,2167,0x10FF6500,1,8,FC,FF,FF,FF,FF,FF,FF,FF
35738,2168,0x18F00500,1,8,FF,FF,FF,FF,20,2D,FF,FF
35739,2169,0x18FEF200,1,8,00,00,00,FB,00,00,00,FF
35746,2170,0xCF00400,1,8,FF,FF,FF,00,00,FF,FF,FF
35747,2171,0xCFF6600,1,8,00,00,FF,FF,FF,FF,FF,FF
35766,2172,0xCF00400,1,8,FF,FF,FF,00,00,FF,FF,FF
35767,2173,0xCFF6600,1,8,00,00,FF,FF,FF,FF,FF,FF
35786,2174,0xCF00400,1,8,FF,FF,FF,00,00,FF,FF,FF
35787,2175,0xCFF6600,1,8,00,00,FF,FF,FF,FF,FF,FF
35806,2176,0xCF00400,1,8,FF,FF,FF,00,00,FF,FF,FF
35807,2177,0xCFF6600,1,8,00,00,FF,FF,FF,FF,FF,FF
35826,2178,0xCF00400,1,8,FF,FF,FF,00,00,FF,FF,FF
35827,2179,0xCFF6600,1,8,00,00,FF,FF,FF,FF,FF,FF
35837,2180,0x18FEF100,1,8,3F,00,00,FF,FF,FF,FF,FF
35838,2181,0x18F00500,1,8,FF,FF,FF,FF,20,2D,FF,FF
35838,2182,0x18FEF200,1,8,00,00,00,FB,00,00,00,FF
35846,2183,0xCF00400,1,8,FF,FF,FF,00,00,FF,FF,FF
35847,2184,0xCFF6600,1,8,00,00,FF,FF,FF,FF,FF,FF
35866,2185,0xCF00400,1,8,FF,FF,FF,00,00,FF,FF,FF
35867,2186,0xCFF6600,1,8,00,00,FF,FF,FF,FF,FF,FF
35886,2187,0xCF00400,1,8,FF,FF,FF,00,00,FF,FF,FF
35887,2188,0xCFF6600,1,8,00,00,FF,FF,FF,FF,FF,FF
35906,2189,0xCF00400,1,8,FF,FF,FF,00,00,FF,FF,FF
35907,2190,0xCFF6600,1,8,00,00,FF,FF,FF,FF,FF,FF
35926,2191,0xCF00400,1,8,FF,FF,FF,00,00,FF,FF,FF
35927,2192,0xCFF6600,1,8,00,00,FF,FF,FF,FF,FF,FF
35937,2193,0x18FEF100,1,8,3F,00,00,FF,FF,FF,FF,FF
35937,2194,0x10FF6500,1,8,FC,FF,FF,FF,FF,FF,FF,FF
35938,2195,0x18F00500,1,8,FF,FF,FF,FF,20,2D,FF,FF
35939,2196,0x18FEF200,1,8,00,00,00,FB,00,00,00,FF
35946,2197,0xCF00400,1,8,FF,FF,FF,00,00,FF,FF,FF
35947,2198,0xCFF6600,1,8,00,00,FF,FF,FF,FF,FF,FF
35966,2199,0xCF00400,1,8,FF,FF,FF,00,00,FF,FF,FF
35967,2200,0xCFF6600,1,8,00,00,FF,FF,FF,FF,FF,FF
35986,2201,0xCF00400,1,8,FF,FF,FF,00,00,FF,FF,FF
35987,2202,0xCFF6600,1,8,00,00,FF,FF,FF,FF,FF,FF
36006,2203,0xCF00400,1,8,FF,FF,FF,00,00,FF,FF,FF
36007,2204,0xCFF6600,1,8,00,00,FF,FF,FF,FF,FF,FF
36026,2205,0xCF00400,1,8,FF,FF,FF,00,00,FF,FF,FF
36027,2206,0xCFF6600,1,8,00,00,FF,FF,FF,FF,FF,FF
36037,2207,0x18FEF100,1,8,3F,00,00,FF,FF,FF,FF,FF
36038,2208,0x18F00500,1,8,FF,FF,FF,FF,20,2D,FF,FF
36038,2209,0x18F00600,1,8,FF,FF,FF,FF,FF,FF,FF,FF
36039,2210,0x18FEF200,1,8,00,00,00,FB,00,00,00,FF
36039,2211,0x1CFDDF00,1,8,FE,FF,FF,FF,FF,FF,FF,FF
36040,2212,0x1CFF6A00,1,8,FC,FF,FF,FF,FF,FF,FF,FF
36046,2213,0xCF00400,1,8,FF,FF,FF,00,00,FF,FF,FF
36047,2214,0xCFF6600,1,8,00,00,FF,FF,FF,FF,FF,FF
36066,2215,0xCF00400,1,8,FF,FF,FF,00,00,FF,FF,FF
36067,2216,0xCFF6600,1,8,00,00,FF,FF,FF,FF,FF,FF
36086,2217,0xCF00400,1,8,FF,FF,FF,00,00,FF,FF,FF
36087,2218,0xCFF6600,1,8,00,00,FF,FF,FF,FF,FF,FF
36106,2219,0xCF00400,1,8,FF,FF,FF,00,00,FF,FF,FF
36107,2220,0xCFF6600,1,8,00,00,FF,FF,FF,FF,FF,FF
36117,2221,0x18FEFC17,1,8,FF,1F,FF,FF,FF,FF,FF,FF
36126,2222,0xCF00400,1,8,FF,FF,FF,00,00,FF,FF,FF
36127,2223,0xCFF6600,1,8,00,00,FF,FF,FF,FF,FF,FF
36137,2224,0x18FEF100,1,8,3F,00,00,FF,FF,FF,FF,FF
36137,2225,0x10FF6500,1,8,FC,FF,FF,FF,FF,FF,FF,FF
36138,2226,0x18F00500,1,8,FF,FF,FF,FF,20,2D,FF,FF
36139,2227,0x18FEF200,1,8,00,00,00,FB,00,00,00,FF
36139,2228,0x18FEF517,1,8,FF,FF,FF,20,1D,FF,FF,FF
36146,2229,0xCF00400,1,8,FF,FF,FF,00,00,FF,FF,FF
36147,2230,0xCFF6600,1,8,00,00,FF,FF,FF,FF,FF,FF
36159,2231,0x18FEC117,1,8,F0,1D,00,00,03,1E,00,00
36166,2232,0xCF00400,1,8,FF,FF,FF,00,00,FF,FF,FF
36167,2233,0xCFF6600,1,8,00,00,FF,FF,FF,FF,FF,FF
36186,2234,0xCF00400,1,8,FF,FF,FF,00,00,FF,FF,FF
36187,2235,0xCFF6600,1,8,00,00,FF,FF,FF,FF,FF,FF
36196,2236,0x18FEEE00,1,8,38,FF,FF,FF,FF,FF,FF,FF
36197,2237,0x18FDE500,1,8,0A,14,1E,28,32,3C,46,13
36206,2238,0xCF00400,1,8,FF,FF,FF,00,00,FF,FF,FF
36207,2239,0xCFF6600,1,8,00,00,FF,FF,FF,FF,FF,FF
36216,2240,0x1CECFF00,1,8,20,0E,00,02,FF,CA,FE,00
36226,2241,0xCF00400,1,8,FF,FF,FF,00,00,FF,FF,FF
36227,2242,0xCFF6600,1,8,00,00,FF,FF,FF,FF,FF,FF
36237,2243,0x18FEF100,1,8,3F,00,00,FF,FF,FF,FF,FF
36238,2244,0x18F00500,1,8,FF,FF,FF,FF,20,2D,FF,FF
36238,2245,0x18FEF200,1,8,00,00,00,FB,00,00,00,FF
36246,2246,0xCF00400,1,8,FF,FF,FF,00,00,FF,FF,FF
36247,2247,0xCFF6600,1,8,00,00,FF,FF,FF,FF,FF,FF
36266,2248,0xCF00400,1,8,FF,FF,FF,00,00,FF,FF,FF
36267,2249,0xCFF6600,1,8,00,00,FF,FF,FF,FF,FF,FF
36267,2250,0x1CEBFF00,1,8,01,40,FF,0F,F0,E5,01,02
36286,2251,0xCF00400,1,8,FF,FF,FF,00,00,FF,FF,FF
36287,2252,0xCFF6600,1,8,00,00,FF,FF,FF,FF,FF,FF
36306,2253,0xCF00400,1,8,FF,FF,FF,00,00,FF,FF,FF
36307,2254,0xCFF6600,1,8,00,00,FF,FF,FF,FF,FF,FF
36316,2255,0x1CEBFF00,1,8,02,F0,E3,02,6E,00,03,01
36326,2256,0xCF00400,1,8,FF,FF,FF,00,00,FF,FF,FF
36327,2257,0xCFF6600,1,8,00,00,FF,FF,FF,FF,FF,FF
36337,2258,0x18FEF100,1,8,3F,00,00,FF,FF,FF,FF,FF
36337,2259,0x10FF6500,1,8,FC,FF,FF,FF,FF,FF,FF,FF
36338,2260,0x18F00500,1,8,FF,FF,FF,FF,20,2D,FF,FF
36339,2261,0x18FEF200,1,8,00,00,00,FB,00,00,00,FF
36346,2262,0xCF00400,1,8,FF,FF,FF,00,00,FF,FF,FF
36347,2263,0xCFF6600,1,8,00,00,FF,FF,FF,FF,FF,FF
36366,2264,0xCF00400,1,8,FF,FF,FF,00,00,FF,FF,FF
36367,2265,0xCFF6600,1,8,00,00,FF,FF,FF,FF,FF,FF
36386,2266,0xCF00400,1,8,FF,FF,FF,00,00,FF,FF,FF
36387,2267,0xCFF6600,1,8,00,00,FF,FF,FF,FF,FF,FF
36406,2268,0xCF00400,1,8,FF,FF,FF,00,00,FF,FF,FF
36407,2269,0xCFF6600,1,8,00,00,FF,FF,FF,FF,FF,FF
36426,2270,0xCF00400,1,8,FF,FF,FF,00,00,FF,FF,FF
36427,2271,0xCFF6600,1,8,00,00,FF,FF,FF,FF,FF,FF
36437,2272,0x18FEF100,1,8,3F,00,00,FF,FF,FF,FF,FF
36438,2273,0x18F00500,1,8,FF,FF,FF,FF,20,2D,FF,FF
36438,2274,0x18FEF200,1,8,00,00,00,FB,00,00,00,FF
36446,2275,0xCF00400,1,8,FF,FF,FF,00,00,FF,FF,FF
36447,2276,0xCFF6600,1,8,00,00,FF,FF,FF,FF,FF,FF
36466,2277,0xCF00400,1,8,FF,FF,FF,00,00,FF,FF,FF
36467,2278,0xCFF6600,1,8,00,00,FF,FF,FF,FF,FF,FF
36486,2279,0xCF00400,1,8,FF,FF,FF,00,00,FF,FF,FF
36487,2280,0xCFF6600,1,8,00,00,FF,FF,FF,FF,FF,FF
36506,2281,0xCF00400,1,8,FF,FF,FF,00,00,FF,FF,FF
36507,2282,0xCFF6600,1,8,00,00,FF,FF,FF,FF,FF,FF
36526,2283,0xCF00400,1,8,FF,FF,FF,00,00,FF,FF,FF
36527,2284,0xCFF6600,1,8,00,00,FF,FF,FF,FF,FF,FF
36537,2285,0x18FEF100,1,8,3F,00,00,FF,FF,FF,FF,FF
36537,2286,0x10FF6500,1,8,FC,FF,FF,FF,FF,FF,FF,FF
36538,2287,0x18F00500,1,8,FF,FF,FF,FF,20,2D,FF,FF
36539,2288,0x18F00600,1,8,FF,FF,FF,FF,FF,FF,FF,FF
36539,2289,0x18FEF200,1,8,00,00,00,FB,00,00,00,FF
36540,2290,0x1CFDDF00,1,8,FE,FF,FF,FF,FF,FF,FF,FF
36540,2291,0x1CFF6A00,1,8,FC,FF,FF,FF,FF,FF,FF,FF
36546,2292,0xCF00400,1,8,FF,FF,FF,00,00,FF,FF,FF
36547,2293,0xCFF6600,1,8,00,00,FF,FF,FF,FF,FF,FF
36566,2294,0xCF00400,1,8,FF,FF,FF,00,00,FF,FF,FF
36567,2295,0xCFF6600,1,8,00,00,FF,FF,FF,FF,FF,FF
36586,2296,0xCF00400,1,8,FF,FF,FF,00,00,FF,FF,FF
36587,2297,0xCFF6600,1,8,00,00,FF,FF,FF,FF,FF,FF
36606,2298,0xCF00400,1,8,FF,FF,FF,00,00,FF,FF,FF
36607,2299,0xCFF6600,1,8,00,00,FF,FF,FF,FF,FF,FF
36626,2300,0xCF00400,1,8,FF,FF,FF,00,00,FF,FF,FF
36627,2301,0xCFF6600,1,8,00,00,FF,FF,FF,FF,FF,FF
36637,2302,0x18FEF100,1,8,3F,00,00,FF,FF,FF,FF,FF
36638,2303,0x18F00500,1,8,FF,FF,FF,FF,20,2D,FF,FF
36638,2304,0x18FEF200,1,8,00,00,00,FB,00,00,00,FF
36646,2305,0xCF00400,1,8,FF,FF,FF,00,00,FF,FF,FF
36647,2306,0xCFF6600,1,8,00,00,FF,FF,FF,FF,FF,FF
36666,2307,0xCF00400,1,8,FF,FF,FF,00,00,FF,FF,FF
36667,2308,0xCFF6600,1,8,00,00,FF,FF,FF,FF,FF,FF
36686,2309,0xCF00400,1,8,FF,FF,FF,00,00,FF,FF,FF
36687,2310,0xCFF6600,1,8,00,00,FF,FF,FF,FF,FF,FF
36706,2311,0xCF00400,1,8,FF,FF,FF,00,00,FF,FF,FF
36707,2312,0xCFF6600,1,8,00,00,FF,FF,FF,FF,FF,FF
36726,2313,0xCF00400,1,8,FF,FF,FF,00,00,FF,FF,FF
36727,2314,0xCFF6600,1,8,00,00,FF,FF,FF,FF,FF,FF
36737,2315,0x18FEF100,1,8,3F,00,00,FF,FF,FF,FF,FF
36737,2316,0x10FF6500,1,8,FC,FF,FF,FF,FF,FF,FF,FF
36738,2317,0x18F00500,1,8,FF,FF,FF,FF,20,2D,FF,FF
36739,2318,0x18FEF200,1,8,00,00,00,FB,00,00,00,FF
36746,2319,0xCF00400,1,8,FF,FF,FF,00,00,FF,FF,FF
36747,2320,0xCFF6600,1,8,00,00,FF,FF,FF,FF,FF,FF
36766,2321,0xCF00400,1,8,FF,FF,FF,00,00,FF,FF,FF
36767,2322,0xCFF6600,1,8,00,00,FF,FF,FF,FF,FF,FF
36786,2323,0xCF00400,1,8,FF,FF,FF,00,00,FF,FF,FF
36787,2324,0xCFF6600,1,8,00,00,FF,FF,FF,FF,FF,FF
36806,2325,0xCF00400,1,8,FF,FF,FF,00,00,FF,FF,FF
36807,2326,0xCFF6600,1,8,00,00,FF,FF,FF,FF,FF,FF
36826,2327,0xCF00400,1,8,FF,FF,FF,00,00,FF,FF,FF
36827,2328,0xCFF6600,1,8,00,00,FF,FF,FF,FF,FF,FF
36837,2329,0x18FEF100,1,8,3F,00,00,FF,FF,FF,FF,FF
36838,2330,0x18F00500,1,8,FF,FF,FF,FF,20,2D,FF,FF
36838,2331,0x18FEF200,1,8,00,00,00,FB,00,00,00,FF
36846,2332,0xCF00400,1,8,FF,FF,FF,00,00,FF,FF,FF
36847,2333,0xCFF6600,1,8,00,00,FF,FF,FF,FF,FF,FF
36866,2334,0xCF00400,1,8,FF,FF,FF,00,00,FF,FF,FF
36867,2335,0xCFF6600,1,8,00,00,FF,FF,FF,FF,FF,FF
36886,2336,0xCF00400,1,8,FF,FF,FF,00,00,FF,FF,FF
36887,2337,0xCFF6600,1,8,00,00,FF,FF,FF,FF,FF,FF
36906,2338,0xCF00400,1,8,FF,FF,FF,00,00,FF,FF,FF
36907,2339,0xCFF6600,1,8,00,00,FF,FF,FF,FF,FF,FF
36926,2340,0xCF00400,1,8,FF,FF,FF,00,00,FF,FF,FF
36927,2341,0xCFF6600,1,8,00,00,FF,FF,FF,FF,FF,FF
36937,2342,0x18FEF100,1,8,3F,00,00,FF,FF,FF,FF,FF
36937,2343,0x10FF6500,1,8,FC,FF,FF,FF,FF,FF,FF,FF
36938,2344,0x18F00500,1,8,FF,FF,FF,FF,20,2D,FF,FF
36939,2345,0x18FEF200,1,8,00,00,00,FB,00,00,00,FF
36946,2346,0xCF00400,1,8,FF,FF,FF,00,00,FF,FF,FF
36947,2347,0xCFF6600,1,8,00,00,FF,FF,FF,FF,FF,FF
36966,2348,0xCF00400,1,8,FF,FF,FF,00,00,FF,FF,FF
36967,2349,0xCFF6600,1,8,00,00,FF,FF,FF,FF,FF,FF
36986,2350,0xCF00400,1,8,FF,FF,FF,00,00,FF,FF,FF
36987,2351,0xCFF6600,1,8,00,00,FF,FF,FF,FF,FF,FF
37006,2352,0xCF00400,1,8,FF,FF,FF,00,00,FF,FF,FF
37007,2353,0xCFF6600,1,8,00,00,FF,FF,FF,FF,FF,FF
37026,2354,0xCF00400,1,8,FF,FF,FF,00,00,FF,FF,FF
37027,2355,0xCFF6600,1,8,00,00,FF,FF,FF,FF,FF,FF
37037,2356,0x18FEF100,1,8,3F,00,00,FF,FF,FF,FF,FF
37038,2357,0x18F00500,1,8,FF,FF,FF,FF,20,2D,FF,FF
37038,2358,0x18F00600,1,8,FF,FF,FF,FF,FF,FF,FF,FF
37039,2359,0x18FEF200,1,8,00,00,00,FB,00,00,00,FF
37039,2360,0x1CFDDF00,1,8,FE,FF,FF,FF,FF,FF,FF,FF
37040,2361,0x1CFF6A00,1,8,FC,FF,FF,FF,FF,FF,FF,FF
37046,2362,0xCF00400,1,8,FF,FF,FF,00,00,FF,FF,FF
37047,2363,0xCFF6600,1,8,00,00,FF,FF,FF,FF,FF,FF
37066,2364,0xCF00400,1,8,FF,FF,FF,00,00,FF,FF,FF
37067,2365,0xCFF6600,1,8,00,00,FF,FF,FF,FF,FF,FF
37086,2366,0xCF00400,1,8,FF,FF,FF,00,00,FF,FF,FF
37087,2367,0xCFF6600,1,8,00,00,FF,FF,FF,FF,FF,FF
37106,2368,0xCF00400,1,8,FF,FF,FF,00,00,FF,FF,FF
37107,2369,0xCFF6600,1,8,00,00,FF,FF,FF,FF,FF,FF
37126,2370,0xCF00400,1,8,FF,FF,FF,00,00,FF,FF,FF
37127,2371,0xCFF6600,1,8,00,00,FF,FF,FF,FF,FF,FF
37137,2372,0x18FEF100,1,8,3F,00,00,FF,FF,FF,FF,FF
37137,2373,0x10FF6500,1,8,FC,FF,FF,FF,FF,FF,FF,FF
37138,2374,0x18F00500,1,8,FF,FF,FF,FF,20,2D,FF,FF
37139,2375,0x18FEF200,1,8,00,00,00,FB,00,00,00,FF
37146,2376,0xCF00400,1,8,FF,FF,FF,00,00,FF,FF,FF
37147,2377,0xCFF6600,1,8,00,00,FF,FF,FF,FF,FF,FF
37166,2378,0xCF00400,1,8,FF,FF,FF,00,00,FF,FF,FF
37167,2379,0xCFF6600,1,8,00,00,FF,FF,FF,FF,FF,FF
37186,2380,0xCF00400,1,8,FF,FF,FF,00,00,FF,FF,FF
37187,2381,0xCFF6600,1,8,00,00,FF,FF,FF,FF,FF,FF
37196,2382,0x18FEEE00,1,8,38,FF,FF,FF,FF,FF,FF,FF
37197,2383,0x18FDE500,1,8,0A,14,1E,28,32,3C,46,13
37206,2384,0xCF00400,1,8,FF,FF,FF,00,00,FF,FF,FF
37207,2385,0xCFF6600,1,8,00,00,FF,FF,FF,FF,FF,FF
37216,2386,0x1CECFF00,1,8,20,0E,00,02,FF,CA,FE,00
37226,2387,0xCF00400,1,8,FF,FF,FF,00,00,FF,FF,FF
37227,2388,0xCFF6600,1,8,00,00,FF,FF,FF,FF,FF,FF
37237,2389,0x18FEF100,1,8,3F,00,00,FF,FF,FF,FF,FF
37238,2390,0x18F00500,1,8,FF,FF,FF,FF,20,2D,FF,FF
37238,2391,0x18FEF200,1,8,00,00,00,FB,00,00,00,FF
37246,2392,0xCF00400,1,8,FF,FF,FF,00,00,FF,FF,FF
37247,2393,0xCFF6600,1,8,00,00,FF,FF,FF,FF,FF,FF
37266,2394,0xCF00400,1,8,FF,FF,FF,00,00,FF,FF,FF
37267,2395,0xCFF6600,1,8,00,00,FF,FF,FF,FF,FF,FF
37267,2396,0x1CEBFF00,1,8,01,40,FF,0F,F0,E5,01,02
37286,2397,0xCF00400,1,8,FF,FF,FF,00,00,FF,FF,FF
37287,2398,0xCFF6600,1,8,00,00,FF,FF,FF,FF,FF,FF
37306,2399,0xCF00400,1,8,FF,FF,FF,00,00,FF,FF,FF
37307,2400,0xCFF6600,1,8,00,00,FF,FF,FF,FF,FF,FF
37316,2401,0x1CEBFF00,1,8,02,F0,E3,02,6E,00,03,01
37326,2402,0xCF00400,1,8,FF,FF,FF,00,00,FF,FF,FF
37327,2403,0xCFF6600,1,8,00,00,FF,FF,FF,FF,FF,FF
37337,2404,0x18FEF100,1,8,3F,00,00,FF,FF,FF,FF,FF
37337,2405,0x10FF6500,1,8,FC,FF,FF,FF,FF,FF,FF,FF
37338,2406,0x18F00500,1,8,FF,FF,FF,FF,20,2D,FF,FF
37339,2407,0x18FEF200,1,8,00,00,00,FB,00,00,00,FF
37346,2408,0xCF00400,1,8,FF,FF,FF,00,00,FF,FF,FF
37347,2409,0xCFF6600,1,8,00,00,FF,FF,FF,FF,FF,FF
37366,2410,0xCF00400,1,8,FF,FF,FF,00,00,FF,FF,FF
37367,2411,0xCFF6600,1,8,00,00,FF,FF,FF,FF,FF,FF
37386,2412,0xCF00400,1,8,FF,FF,FF,00,00,FF,FF,FF
37387,2413,0xCFF6600,1,8,00,00,FF,FF,FF,FF,FF,FF
37406,2414,0xCF00400,1,8,FF,FF,FF,00,00,FF,FF,FF
37407,2415,0xCFF6600,1,8,00,00,FF,FF,FF,FF,FF,FF
37426,2416,0xCF00400,1,8,FF,FF,FF,00,00,FF,FF,FF
37427,2417,0xCFF6600,1,8,00,00,FF,FF,FF,FF,FF,FF
37437,2418,0x18FEF100,1,8,3F,00,00,FF,FF,FF,FF,FF
37438,2419,0x18F00500,1,8,FF,FF,FF,FF,20,2D,FF,FF
37438,2420,0x18FEF200,1,8,00,00,00,FB,00,00,00,FF
37446,2421,0xCF00400,1,8,FF,FF,FF,00,00,FF,FF,FF
37447,2422,0xCFF6600,1,8,00,00,FF,FF,FF,FF,FF,FF
37466,2423,0xCF00400,1,8,FF,FF,FF,00,00,FF,FF,FF
37467,2424,0xCFF6600,1,8,00,00,FF,FF,FF,FF,FF,FF
37486,2425,0xCF00400,1,8,FF,FF,FF,00,00,FF,FF,FF
37487,2426,0xCFF6600,1,8,00,00,FF,FF,FF,FF,FF,FF
37506,2427,0xCF00400,1,8,FF,FF,FF,00,00,FF,FF,FF
37507,2428,0xCFF6600,1,8,00,00,FF,FF,FF,FF,FF,FF
37526,2429,0xCF00400,1,8,FF,FF,FF,00,00,FF,FF,FF
37527,2430,0xCFF6600,1,8,00,00,FF,FF,FF,FF,FF,FF
37537,2431,0x18FEF100,1,8,3F,00,00,FF,FF,FF,FF,FF
37537,2432,0x10FF6500,1,8,FC,FF,FF,FF,FF,FF,FF,FF
37538,2433,0x18F00500,1,8,FF,FF,FF,FF,20,2D,FF,FF
37539,2434,0x18F00600,1,8,FF,FF,FF,FF,FF,FF,FF,FF
37539,2435,0x18FEF200,1,8,00,00,00,FB,00,00,00,FF
37540,2436,0x1CFDDF00,1,8,FE,FF,FF,FF,FF,FF,FF,FF
37540,2437,0x1CFF6A00,1,8,FC,FF,FF,FF,FF,FF,FF,FF
37546,2438,0xCF00400,1,8,FF,FF,FF,00,00,FF,FF,FF
37547,2439,0xCFF6600,1,8,00,00,FF,FF,FF,FF,FF,FF
37566,2440,0xCF00400,1,8,FF,FF,FF,00,00,FF,FF,FF
37567,2441,0xCFF6600,1,8,00,00,FF,FF,FF,FF,FF,FF
37586,2442,0xCF00400,1,8,FF,FF,FF,00,00,FF,FF,FF
37587,2443,0xCFF6600,1,8,00,00,FF,FF,FF,FF,FF,FF
37672,2444,0x18EEFF00,1,8,08,CF,60,06,00,00,00,00
38881,2445,0x18EEFF00,1,8,08,CF,60,06,00,00,00,00
39182,2446,0xCF00400,1,8,FF,FF,FF,B2,06,FF,FF,FF
39183,2447,0xCFF6600,1,8,D6,00,FF,FF,FF,FF,FF,FF
39202,2448,0xCF00400,1,8,FF,FF,FF,B2,06,FF,FF,FF
39203,2449,0xCFF6600,1,8,D6,00,FF,FF,FF,FF,FF,FF
39222,2450,0xCF00400,1,8,FF,FF,FF,B2,06,FF,FF,FF
39223,2451,0xCFF6600,1,8,D6,00,FF,FF,FF,FF,FF,FF
39242,2452,0xCF00400,1,8,FF,FF,FF,B2,06,FF,FF,FF
39243,2453,0xCFF6600,1,8,D6,00,FF,FF,FF,FF,FF,FF
39253,2454,0x18FEF100,1,8,3F,00,00,FF,FF,FF,FF,FF
39253,2455,0x18F00500,1,8,FF,FF,FF,FF,20,2D,FF,FF
39254,2456,0x18FEF200,1,8,00,00,00,FB,00,00,00,FF
39262,2457,0xCF00400,1,8,FF,FF,FF,B2,06,FF,FF,FF
39263,2458,0xCFF6600,1,8,D6,00,FF,FF,FF,FF,FF,FF
39282,2459,0xCF00400,1,8,FF,FF,FF,1C,07,FF,FF,FF
39283,2460,0xCFF6600,1,8,E3,00,FF,FF,FF,FF,FF,FF
39302,2461,0xCF00400,1,8,FF,FF,FF,1C,07,FF,FF,FF
39303,2462,0xCFF6600,1,8,E3,00,FF,FF,FF,FF,FF,FF
39322,2463,0xCF00400,1,8,FF,FF,FF,1C,07,FF,FF,FF
39323,2464,0xCFF6600,1,8,E3,00,FF,FF,FF,FF,FF,FF
39342,2465,0xCF00400,1,8,FF,FF,FF,1C,07,FF,FF,FF
39343,2466,0xCFF6600,1,8,E3,00,FF,FF,FF,FF,FF,FF
39353,2467,0x18FEF100,1,8,3F,00,00,FF,FF,FF,FF,FF
39353,2468,0x10FF6500,1,8,FC,FF,FF,FF,FF,FF,FF,FF
39354,2469,0x18F00500,1,8,FF,FF,FF,FF,20,2D,FF,FF
39354,2470,0x18FEF200,1,8,00,00,00,FB,00,00,00,FF
39362,2471,0xCF00400,1,8,FF,FF,FF,1C,07,FF,FF,FF
39363,2472,0xCFF6600,1,8,E3,00,FF,FF,FF,FF,FF,FF
39382,2473,0xCF00400,1,8,FF,FF,FF,1C,07,FF,FF,FF
39383,2474,0xCFF6600,1,8,E3,00,FF,FF,FF,FF,FF,FF
39402,2475,0xCF00400,1,8,FF,FF,FF,1C,07,FF,FF,FF
39403,2476,0xCFF6600,1,8,E3,00,FF,FF,FF,FF,FF,FF
39422,2477,0xCF00400,1,8,FF,FF,FF,1C,07,FF,FF,FF
39423,2478,0xCFF6600,1,8,E3,00,FF,FF,FF,FF,FF,FF
39442,2479,0xCF00400,1,8,FF,FF,FF,1C,07,FF,FF,FF
39443,2480,0xCFF6600,1,8,E3,00,FF,FF,FF,FF,FF,FF
39453,2481,0x18FEF100,1,8,3F,00,00,FF,FF,FF,FF,FF
39454,2482,0x18F00500,1,8,FF,FF,FF,FF,20,2D,FF,FF
39454,2483,0x18FEF200,1,8,00,00,00,FB,00,00,00,FF
39462,2484,0xCF00400,1,8,FF,FF,FF,1C,07,FF,FF,FF
39463,2485,0xCFF6600,1,8,E3,00,FF,FF,FF,FF,FF,FF
39482,2486,0xCF00400,1,8,FF,FF,FF,1C,07,FF,FF,FF
39483,2487,0xCFF6600,1,8,E3,00,FF,FF,FF,FF,FF,FF
39502,2488,0xCF00400,1,8,FF,FF,FF,1C,07,FF,FF,FF
39503,2489,0xCFF6600,1,8,E3,00,FF,FF,FF,FF,FF,FF
39522,2490,0xCF00400,1,8,FF,FF,FF,EC,07,FF,FF,FF
39523,2491,0xCFF6600,1,8,FD,00,FF,FF,FF,FF,FF,FF
39542,2492,0xCF00400,1,8,FF,FF,FF,EC,07,FF,FF,FF
39543,2493,0xCFF6600,1,8,FD,00,FF,FF,FF,FF,FF,FF
39553,2494,0x18FEF100,1,8,3F,00,00,FF,FF,FF,FF,FF
39553,2495,0x10FF6500,1,8,FC,FF,FF,FF,FF,FF,FF,FF
39554,2496,0x18F00500,1,8,FF,FF,FF,FF,20,2D,FF,FF
39555,2497,0x18FEF200,1,8,00,00,00,FB,00,00,00,FF
39562,2498,0xCF00400,1,8,FF,FF,FF,EC,07,FF,FF,FF
39563,2499,0xCFF6600,1,8,FD,00,FF,FF,FF,FF,FF,FF
39582,2500,0xCF00400,1,8,FF,FF,FF,EC,07,FF,FF,FF
39583,2501,0xCFF6600,1,8,FD,00,FF,FF,FF,FF,FF,FF
39602,2502,0xCF00400,1,8,FF,FF,FF,EC,07,FF,FF,FF
39603,2503,0xCFF6600,1,8,FD,00,FF,FF,FF,FF,FF,FF
39622,2504,0xCF00400,1,8,FF,FF,FF,EC,07,FF,FF,FF
39623,2505,0xCFF6600,1,8,FD,00,FF,FF,FF,FF,FF,FF
39642,2506,0xCF00400,1,8,FF,FF,FF,EC,07,FF,FF,FF
39643,2507,0xCFF6600,1,8,FD,00,FF,FF,FF,FF,FF,FF
39653,2508,0x18FEF100,1,8,3F,00,00,FF,FF,FF,FF,FF
39653,2509,0x18F00500,1,8,FF,FF,FF,FF,20,2D,FF,FF
39654,2510,0x18F00600,1,8,FF,FF,FF,FF,FF,FF,FF,FF
39655,2511,0x18FEF200,1,8,00,00,00,FB,00,00,00,FF
39655,2512,0x1CFDDF00,1,8,FE,FF,FF,FF,FF,FF,FF,FF
39656,2513,0x1CFF6A00,1,8,FC,FF,FF,FF,FF,FF,FF,FF
39662,2514,0xCF00400,1,8,FF,FF,FF,EC,07,FF,FF,FF
39663,2515,0xCFF6600,1,8,FD,00,FF,FF,FF,FF,FF,FF
39682,2516,0xCF00400,1,8,FF,FF,FF,EC,07,FF,FF,FF
39683,2517,0xCFF6600,1,8,FD,00,FF,FF,FF,FF,FF,FF
39702,2518,0xCF00400,1,8,FF,FF,FF,EC,07,FF,FF,FF
39703,2519,0xCFF6600,1,8,FD,00,FF,FF,FF,FF,FF,FF
39722,2520,0xCF00400,1,8,FF,FF,FF,EC,07,FF,FF,FF
39723,2521,0xCFF6600,1,8,FD,00,FF,FF,FF,FF,FF,FF
39742,2522,0xCF00400,1,8,FF,FF,FF,EC,07,FF,FF,FF
39743,2523,0xCFF6600,1,8,FD,00,FF,FF,FF,FF,FF,FF
39753,2524,0x18FEF100,1,8,3F,00,00,FF,FF,FF,FF,FF
39753,2525,0x10FF6500,1,8,FC,FF,FF,FF,FF,FF,FF,FF
39754,2526,0x18F00500,1,8,FF,FF,FF,FF,20,2D,FF,FF
39755,2527,0x18FEF200,1,8,00,00,00,FB,00,00,00,FF
39762,2528,0xCF00400,1,8,FF,FF,FF,EC,07,FF,FF,FF
39763,2529,0xCFF6600,1,8,FD,00,FF,FF,FF,FF,FF,FF
39782,2530,0xCF00400,1,8,FF,FF,FF,9E,07,FF,FF,FF
39783,2531,0xCFF6600,1,8,F3,00,FF,FF,FF,FF,FF,FF
39802,2532,0xCF00400,1,8,FF,FF,FF,9E,07,FF,FF,FF
39803,2533,0xCFF6600,1,8,F3,00,FF,FF,FF,FF,FF,FF
39812,2534,0x18FEEE00,1,8,37,FF,FF,FF,FF,FF,FF,FF
39812,2535,0x18FDE500,1,8,0A,14,1E,28,32,3C,46,13
39822,2536,0xCF00400,1,8,FF,FF,FF,9E,07,FF,FF,FF
39823,2537,0xCFF6600,1,8,F3,00,FF,FF,FF,FF,FF,FF
39832,2538,0x1CECFF00,1,8,20,0E,00,02,FF,CA,FE,00
39842,2539,0xCF00400,1,8,FF,FF,FF,9E,07,FF,FF,FF
39843,2540,0xCFF6600,1,8,F3,00,FF,FF,FF,FF,FF,FF
39853,2541,0x18FEF100,1,8,3F,00,00,FF,FF,FF,FF,FF
39853,2542,0x18F00500,1,8,FF,FF,FF,FF,20,2D,FF,FF
39854,2543,0x18FEF200,1,8,18,00,00,FB,00,00,00,FF
39862,2544,0xCF00400,1,8,FF,FF,FF,9E,07,FF,FF,FF
39863,2545,0xCFF6600,1,8,F3,00,FF,FF,FF,FF,FF,FF
39882,2546,0xCF00400,1,8,FF,FF,FF,9E,07,FF,FF,FF
39883,2547,0xCFF6600,1,8,F3,00,FF,FF,FF,FF,FF,FF
39883,2548,0x1CEBFF00,1,8,01,40,FF,0F,F0,E5,01,02
39902,2549,0xCF00400,1,8,FF,FF,FF,48,10,FF,FF,FF
39903,2550,0xCFF6600,1,8,09,02,FF,FF,FF,FF,FF,FF
39922,2551,0xCF00400,1,8,FF,FF,FF,48,10,FF,FF,FF
39923,2552,0xCFF6600,1,8,09,02,FF,FF,FF,FF,FF,FF
39932,2553,0x1CEBFF00,1,8,02,F0,E3,02,6E,00,03,01
39942,2554,0xCF00400,1,8,FF,FF,FF,12,2A,FF,FF,FF
39943,2555,0xCFF6600,1,8,42,05,FF,FF,FF,FF,FF,FF
39953,2556,0x18FEF100,1,8,3F,00,00,FF,FF,FF,FF,FF
39953,2557,0x10FF6500,1,8,FC,FF,FF,FF,FF,FF,FF,FF
39954,2558,0x18F00500,1,8,FF,FF,FF,FF,20,2D,FF,FF
39955,2559,0x18FEF200,1,8,18,00,00,FB,00,00,00,FF
39962,2560,0xCF00400,1,8,FF,FF,FF,12,2A,FF,FF,FF
39963,2561,0xCFF6600,1,8,42,05,FF,FF,FF,FF,FF,FF
39982,2562,0xCF00400,1,8,FF,FF,FF,94,26,FF,FF,FF
39983,2563,0xCFF6600,1,8,D2,04,FF,FF,FF,FF,FF,FF
40002,2564,0xCF00400,1,8,FF,FF,FF,94,26,FF,FF,FF
40003,2565,0xCFF6600,1,8,D2,04,FF,FF,FF,FF,FF,FF
40022,2566,0xCF00400,1,8,FF,FF,FF,94,26,FF,FF,FF
40023,2567,0xCFF6600,1,8,D2,04,FF,FF,FF,FF,FF,FF
40042,2568,0xCF00400,1,8,FF,FF,FF,5C,24,FF,FF,FF
40043,2569,0xCFF6600,1,8,8B,04,FF,FF,FF,FF,FF,FF
40053,2570,0x18FEF100,1,8,3F,00,00,FF,FF,FF,FF,FF
40054,2571,0x18F00500,1,8,FF,FF,FF,FF,20,2D,FF,FF
40054,2572,0x18FEF200,1,8,18,00,00,FB,00,00,00,FF
40062,2573,0xCF00400,1,8,FF,FF,FF,5C,24,FF,FF,FF
40063,2574,0xCFF6600,1,8,8B,04,FF,FF,FF,FF,FF,FF
40082,2575,0xCF00400,1,8,FF,FF,FF,78,25,FF,FF,FF
40083,2576,0xCFF6600,1,8,AF,04,FF,FF,FF,FF,FF,FF
40102,2577,0xCF00400,1,8,FF,FF,FF,78,25,FF,FF,FF
40103,2578,0xCFF6600,1,8,AF,04,FF,FF,FF,FF,FF,FF
40122,2579,0xCF00400,1,8,FF,FF,FF,34,2D,FF,FF,FF
40123,2580,0xCFF6600,1,8,A6,05,FF,FF,FF,FF,FF,FF
40142,2581,0xCF00400,1,8,FF,FF,FF,34,2D,FF,FF,FF
40143,2582,0xCFF6600,1,8,A6,05,FF,FF,FF,FF,FF,FF
40153,2583,0x18FEF100,1,8,3F,00,00,FF,FF,FF,FF,FF
40153,2584,0x10FF6500,1,8,FC,FF,FF,FF,FF,FF,FF,FF
40154,2585,0x18F00500,1,8,FF,FF,FF,FF,20,2D,FF,FF
40155,2586,0x18F00600,1,8,FF,FF,FF,FF,FF,FF,FF,FF
40155,2587,0x18FEF200,1,8,18,00,00,FB,00,00,00,FF
40156,2588,0x1CFDDF00,1,8,FE,FF,FF,FF,FF,FF,FF,FF
40156,2589,0x1CFF6A00,1,8,FC,FF,FF,FF,FF,FF,FF,FF
40162,2590,0xCF00400,1,8,FF,FF,FF,12,32,FF,FF,FF
40163,2591,0xCFF6600,1,8,42,06,FF,FF,FF,FF,FF,FF
40182,2592,0xCF00400,1,8,FF,FF,FF,12,32,FF,FF,FF
40183,2593,0xCFF6600,1,8,42,06,FF,FF,FF,FF,FF,FF
40202,2594,0xCF00400,1,8,FF,FF,FF,E0,31,FF,FF,FF
40203,2595,0xCFF6600,1,8,3C,06,FF,FF,FF,FF,FF,FF
40222,2596,0xCF00400,1,8,FF,FF,FF,E0,31,FF,FF,FF
40223,2597,0xCFF6600,1,8,3C,06,FF,FF,FF,FF,FF,FF
40242,2598,0xCF00400,1,8,FF,FF,FF,A0,32,FF,FF,FF
40243,2599,0xCFF6600,1,8,54,06,FF,FF,FF,FF,FF,FF
40247,2600,0x18EA0017,1,3,DA,FE,00,--,--,--,--,--
40253,2601,0x18FEF100,1,8,3F,00,00,FF,FF,FF,FF,FF
40254,2602,0x18F00500,1,8,FF,FF,FF,FF,20,2D,FF,FF
40254,2603,0x18FEF200,1,8,18,00,00,FB,00,00,00,FF
40262,2604,0xCF00400,1,8,FF,FF,FF,A0,32,FF,FF,FF
40263,2605,0xCFF6600,1,8,54,06,FF,FF,FF,FF,FF,FF
40264,2606,0x1CEC1700,1,8,10,73,00,11,11,DA,FE,00
40267,2607,0x1CEC0017,1,8,11,11,01,FF,FF,DA,FE,00
40273,2608,0x1CEB1700,1,8,01,0A,2A,41,31,34,4D,48
40277,2609,0x1CEB1700,1,8,02,35,37,41,20,20,2A,46
40281,2610,0x1CEB1700,1,8,03,30,30,48,4D,30,30,31
40282,2611,0xCF00400,1,8,FF,FF,FF,5E,34,FF,FF,FF
40283,2612,0xCFF6600,1,8,8B,06,FF,FF,FF,FF,FF,FF
40285,2613,0x1CEB1700,1,8,04,35,30,2A,30,30,30,33
40289,2614,0x1CEB1700,1,8,05,35,30,33,35,38,34,32
40293,2615,0x1CEB1700,1,8,06,33,2A,34,58,41,4D,48
40297,2616,0x1CEB1700,1,8,07,35,37,41,34,45,41,31
40302,2617,0x1CEB1700,1,8,08,32,39,35,35,32,2A,20
40303,2618,0xCF00400,1,8,FF,FF,FF,8C,34,FF,FF,FF
40303,2619,0xCFF6600,1,8,91,06,FF,FF,FF,FF,FF,FF
40305,2620,0x1CEB1700,1,8,09,20,20,34,30,31,32,38
40309,2621,0x1CEB1700,1,8,0A,33,38,2A,34,30,31,35
40313,2622,0x1CEB1700,1,8,0B,31,34,35,00,2A,56,4D
40317,2623,0x1CEB1700,1,8,0C,41,33,41,30,41,35,47
40321,2624,0x1CEB1700,1,8,0D,30,2A,31,30,33,37,35
40322,2625,0xCF00400,1,8,FF,FF,FF,8C,34,FF,FF,FF
40323,2626,0xCFF6600,1,8,91,06,FF,FF,FF,FF,FF,FF
40325,2627,0x1CEB1700,1,8,0E,34,35,34,39,30,2A,34
40329,2628,0x1CEB1700,1,8,0F,30,31,35,31,34,36,00
40333,2629,0x1CEB1700,1,8,10,2A,39,44,46,42,37,31
40337,2630,0x1CEB1700,1,8,11,44,42,2A,FF,FF,FF,FF
40342,2631,0xCF00400,1,8,FF,FF,FF,0A,33,FF,FF,FF
40343,2632,0xCFF6600,1,8,61,06,FF,FF,FF,FF,FF,FF
40347,2633,0x1CEC0017,1,8,13,77,00,11,FF,DA,FE,00
40353,2634,0x18FEF100,1,8,3F,00,00,FF,FF,FF,FF,FF
40353,2635,0x10FF6500,1,8,FC,FF,FF,FF,FF,FF,FF,FF
40354,2636,0x18F00500,1,8,FF,FF,FF,FF,20,2D,FF,FF
40355,2637,0x18FEF200,1,8,18,00,00,FB,00,00,00,FF
40355,2638,0x1CEC1700,1,8,FF,FE,FF,FF,FF,DA,FE,00
40362,2639,0xCF00400,1,8,FF,FF,FF,0A,33,FF,FF,FF
40363,2640,0xCFF6600,1,8,61,06,FF,FF,FF,FF,FF,FF
40382,2641,0xCF00400,1,8,FF,FF,FF,46,33,FF,FF,FF
40383,2642,0xCFF6600,1,8,68,06,FF,FF,FF,FF,FF,FF
40402,2643,0xCF00400,1,8,FF,FF,FF,46,33,FF,FF,FF
40403,2644,0xCFF6600,1,8,68,06,FF,FF,FF,FF,FF,FF
40422,2645,0xCF00400,1,8,FF,FF,FF,56,35,FF,FF,FF
40423,2646,0xCFF6600,1,8,AA,06,FF,FF,FF,FF,FF,FF
40442,2647,0xCF00400,1,8,FF,FF,FF,56,35,FF,FF,FF
40443,2648,0xCFF6600,1,8,AA,06,FF,FF,FF,FF,FF,FF
40453,2649,0x18FEF100,1,8,3F,00,00,FF,FF,FF,FF,FF
40454,2650,0x18F00500,1,8,FF,FF,FF,FF,20,2D,FF,FF
40454,2651,0x18FEF200,1,8,18,00,00,FB,00,00,00,FF
40462,2652,0xCF00400,1,8,FF,FF,FF,70,36,FF,FF,FF
40463,2653,0xCFF6600,1,8,CE,06,FF,FF,FF,FF,FF,FF
40482,2654,0xCF00400,1,8,FF,FF,FF,90,36,FF,FF,FF
40483,2655,0xCFF6600,1,8,D2,06,FF,FF,FF,FF,FF,FF
40502,2656,0xCF00400,1,8,FF,FF,FF,90,36,FF,FF,FF
40503,2657,0xCFF6600,1,8,D2,06,FF,FF,FF,FF,FF,FF
40522,2658,0xCF00400,1,8,FF,FF,FF,CE,36,FF,FF,FF
40523,2659,0xCFF6600,1,8,D9,06,FF,FF,FF,FF,FF,FF
40542,2660,0xCF00400,1,8,FF,FF,FF,CE,36,FF,FF,FF
40543,2661,0xCFF6600,1,8,D9,06,FF,FF,FF,FF,FF,FF
40553,2662,0x18FEF100,1,8,3F,00,00,FF,FF,FF,FF,FF
40554,2663,0x10FF6500,1,8,FC,FF,FF,FF,FF,FF,FF,FF
40554,2664,0x18F00500,1,8,FF,FF,FF,FF,20,2D,FF,FF
40555,2665,0x18FEF200,1,8,18,00,00,FB,00,00,00,FF
40562,2666,0xCF00400,1,8,FF,FF,FF,28,37,FF,FF,FF
40563,2667,0xCFF6600,1,8,E5,06,FF,FF,FF,FF,FF,FF
40582,2668,0xCF00400,1,8,FF,FF,FF,5E,38,FF,FF,FF
40583,2669,0xCFF6600,1,8,0B,07,FF,FF,FF,FF,FF,FF
40602,2670,0xCF00400,1,8,FF,FF,FF,5E,38,FF,FF,FF
40603,2671,0xCFF6600,1,8,0B,07,FF,FF,FF,FF,FF,FF
40622,2672,0xCF00400,1,8,FF,FF,FF,50,3A,FF,FF,FF
40623,2673,0xCFF6600,1,8,4A,07,FF,FF,FF,FF,FF,FF
40642,2674,0xCF00400,1,8,FF,FF,FF,00,3C,FF,FF,FF
40643,2675,0xCFF6600,1,8,80,07,FF,FF,FF,FF,FF,FF
40653,2676,0x18FEF100,1,8,3F,00,00,FF,FF,FF,FF,FF
40654,2677,0x18F00500,1,8,FF,FF,FF,FF,20,2D,FF,FF
40654,2678,0x18F00600,1,8,FF,FF,FF,FF,FF,FF,FF,FF
40655,2679,0x18FEF200,1,8,18,00,00,FB,00,00,00,FF
40656,2680,0x1CFDDF00,1,8,FE,FF,FF,FF,FF,FF,FF,FF
40656,2681,0x1CFF6A00,1,8,FC,FF,FF,FF,FF,FF,FF,FF
40662,2682,0xCF00400,1,8,FF,FF,FF,00,3C,FF,FF,FF
40663,2683,0xCFF6600,1,8,80,07,FF,FF,FF,FF,FF,FF
40682,2684,0xCF00400,1,8,FF,FF,FF,6A,3D,FF,FF,FF
40683,2685,0xCFF6600,1,8,AD,07,FF,FF,FF,FF,FF,FF
40702,2686,0xCF00400,1,8,FF,FF,FF,94,3F,FF,FF,FF
40703,2687,0xCFF6600,1,8,F2,07,FF,FF,FF,FF,FF,FF
40722,2688,0xCF00400,1,8,FF,FF,FF,94,3F,FF,FF,FF
40723,2689,0xCFF6600,1,8,F2,07,FF,FF,FF,FF,FF,FF
40743,2690,0xCF00400,1,8,FF,FF,FF,4E,42,FF,FF,FF
40743,2691,0xCFF6600,1,8,49,08,FF,FF,FF,FF,FF,FF
40747,2692,0x18EA0017,1,3,6B,FF,00,--,--,--,--,--
40753,2693,0x18FEF100,1,8,3F,00,00,FF,FF,FF,FF,FF
40754,2694,0x10FF6500,1,8,FC,FF,FF,FF,FF,FF,FF,FF
40754,2695,0x18F00500,1,8,FF,FF,FF,FF,20,2D,FF,FF
40755,2696,0x18FEF200,1,8,18,00,00,FB,00,00,00,FF
40762,2697,0xCF00400,1,8,FF,FF,FF,54,43,FF,FF,FF
40763,2698,0xCFF6600,1,8,6A,08,FF,FF,FF,FF,FF,FF
40771,2699,0x18E81700,1,8,01,FF,FF,FF,FF,6B,FF,00
40782,2700,0xCF00400,1,8,FF,FF,FF,54,43,FF,FF,FF
40783,2701,0xCFF6600,1,8,6A,08,FF,FF,FF,FF,FF,FF
40802,2702,0xCF00400,1,8,FF,FF,FF,14,43,FF,FF,FF
40803,2703,0xCFF6600,1,8,62,08,FF,FF,FF,FF,FF,FF
40812,2704,0x18FEEE00,1,8,37,FF,FF,FF,FF,FF,FF,FF
40813,2705,0x18FDE500,1,8,0A,14,1E,28,32,3C,46,13
40822,2706,0xCF00400,1,8,FF,FF,FF,02,44,FF,FF,FF
40823,2707,0xCFF6600,1,8,80,08,FF,FF,FF,FF,FF,FF
40832,2708,0x1CECFF00,1,8,20,0E,00,02,FF,CA,FE,00
40842,2709,0xCF00400,1,8,FF,FF,FF,DE,45,FF,FF,FF
40843,2710,0xCFF6600,1,8,BB,08,FF,FF,FF,FF,FF,FF
40853,2711,0x18FEF100,1,8,3F,00,00,FF,FF,FF,FF,FF
40854,2712,0x18F00500,1,8,FF,FF,FF,FF,20,2D,FF,FF
40854,2713,0x18FEF200,1,8,28,00,00,FB,00,00,00,FF
40862,2714,0xCF00400,1,8,FF,FF,FF,DE,45,FF,FF,FF
40863,2715,0xCFF6600,1,8,BB,08,FF,FF,FF,FF,FF,FF
40882,2716,0xCF00400,1,8,FF,FF,FF,86,47,FF,FF,FF
40883,2717,0xCFF6600,1,8,F0,08,FF,FF,FF,FF,FF,FF
40883,2718,0x1CEBFF00,1,8,01,40,FF,0F,F0,E5,01,02
40903,2719,0xCF00400,1,8,FF,FF,FF,00,49,FF,FF,FF
40903,2720,0xCFF6600,1,8,20,09,FF,FF,FF,FF,FF,FF
40922,2721,0xCF00400,1,8,FF,FF,FF,8A,49,FF,FF,FF
40923,2722,0xCFF6600,1,8,31,09,FF,FF,FF,FF,FF,FF
40932,2723,0x1CEBFF00,1,8,02,F0,E3,02,6E,00,03,01
40942,2724,0xCF00400,1,8,FF,FF,FF,60,49,FF,FF,FF
40943,2725,0xCFF6600,1,8,2C,09,FF,FF,FF,FF,FF,FF
40953,2726,0x18FEF100,1,8,3F,00,00,FF,FF,FF,FF,FF
40954,2727,0x10FF6500,1,8,FC,FF,FF,FF,FF,FF,FF,FF
40955,2728,0x18F00500,1,8,FF,FF,FF,FF,20,2D,FF,FF
40955,2729,0x18FEF200,1,8,28,00,00,FB,00,00,00,FF
40962,2730,0xCF00400,1,8,FF,FF,FF,60,49,FF,FF,FF
40963,2731,0xCFF6600,1,8,2C,09,FF,FF,FF,FF,FF,FF
40982,2732,0xCF00400,1,8,FF,FF,FF,7C,49,FF,FF,FF
40983,2733,0xCFF6600,1,8,2F,09,FF,FF,FF,FF,FF,FF
41002,2734,0xCF00400,1,8,FF,FF,FF,D0,49,FF,FF,FF
41003,2735,0xCFF6600,1,8,3A,09,FF,FF,FF,FF,FF,FF
41022,2736,0xCF00400,1,8,FF,FF,FF,44,4A,FF,FF,FF
41023,2737,0xCFF6600,1,8,48,09,FF,FF,FF,FF,FF,FF
41042,2738,0xCF00400,1,8,FF,FF,FF,D0,4A,FF,FF,FF
41043,2739,0xCFF6600,1,8,5A,09,FF,FF,FF,FF,FF,FF
41054,2740,0x18FEF100,1,8,3F,00,00,FF,FF,FF,FF,FF
41054,2741,0x18F00500,1,8,FF,FF,FF,FF,20,2D,FF,FF
41055,2742,0x18FEF200,1,8,28,00,00,FB,00,00,00,FF
41062,2743,0xCF00400,1,8,FF,FF,FF,D0,4A,FF,FF,FF
41063,2744,0xCFF6600,1,8,5A,09,FF,FF,FF,FF,FF,FF
41082,2745,0xCF00400,1,8,FF,FF,FF,48,4A,FF,FF,FF
41083,2746,0xCFF6600,1,8,49,09,FF,FF,FF,FF,FF,FF
41102,2747,0xCF00400,1,8,FF,FF,FF,CE,48,FF,FF,FF
41103,2748,0xCFF6600,1,8,19,09,FF,FF,FF,FF,FF,FF
41122,2749,0xCF00400,1,8,FF,FF,FF,C0,48,FF,FF,FF
41123,2750,0xCFF6600,1,8,18,09,FF,FF,FF,FF,FF,FF
41142,2751,0xCF00400,1,8,FF,FF,FF,C0,48,FF,FF,FF
41143,2752,0xCFF6600,1,8,18,09,FF,FF,FF,FF,FF,FF
41153,2753,0x18FEF100,1,8,3F,00,00,FF,FF,FF,FF,FF
41154,2754,0x10FF6500,1,8,FC,FF,FF,FF,FF,FF,FF,FF
41154,2755,0x18F00500,1,8,FF,FF,FF,FF,20,2D,FF,FF
41155,2756,0x18F00600,1,8,FF,FF,FF,FF,FF,FF,FF,FF
41155,2757,0x18FEF200,1,8,28,00,00,FB,00,00,00,FF
41156,2758,0x1CFDDF00,1,8,FE,FF,FF,FF,FF,FF,FF,FF
41156,2759,0x1CFF6A00,1,8,FC,FF,FF,FF,FF,FF,FF,FF
41162,2760,0xCF00400,1,8,FF,FF,FF,E6,49,FF,FF,FF
41163,2761,0xCFF6600,1,8,3C,09,FF,FF,FF,FF,FF,FF
41182,2762,0xCF00400,1,8,FF,FF,FF,D0,49,FF,FF,FF
41183,2763,0xCFF6600,1,8,3A,09,FF,FF,FF,FF,FF,FF
41202,2764,0xCF00400,1,8,FF,FF,FF,B4,48,FF,FF,FF
41203,2765,0xCFF6600,1,8,16,09,FF,FF,FF,FF,FF,FF
41222,2766,0xCF00400,1,8,FF,FF,FF,42,48,FF,FF,FF
41223,2767,0xCFF6600,1,8,08,09,FF,FF,FF,FF,FF,FF
41242,2768,0xCF00400,1,8,FF,FF,FF,42,48,FF,FF,FF
41243,2769,0xCFF6600,1,8,08,09,FF,FF,FF,FF,FF,FF
41247,2770,0x18EA0017,1,3,6B,FF,00,--,--,--,--,--
41253,2771,0x18FEF100,1,8,3F,00,00,FF,FF,FF,FF,FF
41254,2772,0x18F00500,1,8,FF,FF,FF,FF,20,2D,FF,FF
41254,2773,0x18FEF200,1,8,28,00,00,FB,00,00,00,FF
41262,2774,0xCF00400,1,8,FF,FF,FF,6E,48,FF,FF,FF
41263,2775,0xCFF6600,1,8,0D,09,FF,FF,FF,FF,FF,FF
41272,2776,0x18E81700,1,8,01,FF,FF,FF,FF,6B,FF,00
41282,2777,0xCF00400,1,8,FF,FF,FF,12,49,FF,FF,FF
41283,2778,0xCFF6600,1,8,22,09,FF,FF,FF,FF,FF,FF
41302,2779,0xCF00400,1,8,FF,FF,FF,16,4A,FF,FF,FF
41303,2780,0xCFF6600,1,8,42,09,FF,FF,FF,FF,FF,FF
41323,2781,0xCF00400,1,8,FF,FF,FF,66,4A,FF,FF,FF
41323,2782,0xCFF6600,1,8,4C,09,FF,FF,FF,FF,FF,FF
41342,2783,0xCF00400,1,8,FF,FF,FF,66,4A,FF,FF,FF
41343,2784,0xCFF6600,1,8,4C,09,FF,FF,FF,FF,FF,FF
41353,2785,0x18FEF100,1,8,3F,00,00,FF,FF,FF,FF,FF
41354,2786,0x10FF6500,1,8,FC,FF,FF,FF,FF,FF,FF,FF
41354,2787,0x18F00500,1,8,FF,FF,FF,FF,20,2D,FF,FF
41355,2788,0x18FEF200,1,8,28,00,00,FB,00,00,00,FF
41362,2789,0xCF00400,1,8,FF,FF,FF,2C,4A,FF,FF,FF
41363,2790,0xCFF6600,1,8,45,09,FF,FF,FF,FF,FF,FF
41382,2791,0xCF00400,1,8,FF,FF,FF,56,4A,FF,FF,FF
41383,2792,0xCFF6600,1,8,4A,09,FF,FF,FF,FF,FF,FF
41402,2793,0xCF00400,1,8,FF,FF,FF,D2,4A,FF,FF,FF
41403,2794,0xCFF6600,1,8,5A,09,FF,FF,FF,FF,FF,FF
41423,2795,0xCF00400,1,8,FF,FF,FF,2A,4B,FF,FF,FF
41423,2796,0xCFF6600,1,8,65,09,FF,FF,FF,FF,FF,FF
41442,2797,0xCF00400,1,8,FF,FF,FF,2A,4B,FF,FF,FF
41443,2798,0xCFF6600,1,8,65,09,FF,FF,FF,FF,FF,FF
41453,2799,0x18FEF100,1,8,3F,00,00,FF,FF,FF,FF,FF
41454,2800,0x18F00500,1,8,FF,FF,FF,FF,20,2D,FF,FF
41454,2801,0x18FEF200,1,8,28,00,00,FB,00,00,00,FF
41462,2802,0xCF00400,1,8,FF,FF,FF,64,4B,FF,FF,FF
41463,2803,0xCFF6600,1,8,6C,09,FF,FF,FF,FF,FF,FF
41482,2804,0xCF00400,1,8,FF,FF,FF,EE,4B,FF,FF,FF
41483,2805,0xCFF6600,1,8,7D,09,FF,FF,FF,FF,FF,FF
41502,2806,0xCF00400,1,8,FF,FF,FF,BC,4C,FF,FF,FF
41503,2807,0xCFF6600,1,8,97,09,FF,FF,FF,FF,FF,FF
41522,2808,0xCF00400,1,8,FF,FF,FF,92,4C,FF,FF,FF
41523,2809,0xCFF6600,1,8,92,09,FF,FF,FF,FF,FF,FF
41542,2810,0xCF00400,1,8,FF,FF,FF,92,4C,FF,FF,FF
41543,2811,0xCFF6600,1,8,92,09,FF,FF,FF,FF,FF,FF
41553,2812,0x18FEF100,1,8,3F,00,00,FF,FF,FF,FF,FF
41554,2813,0x10FF6500,1,8,FC,FF,FF,FF,FF,FF,FF,FF
41554,2814,0x18F00500,1,8,FF,FF,FF,FF,20,2D,FF,FF
41555,2815,0x18FEF200,1,8,28,00,00,FB,00,00,00,FF
41562,2816,0xCF00400,1,8,FF,FF,FF,9C,4B,FF,FF,FF
41563,2817,0xCFF6600,1,8,73,09,FF,FF,FF,FF,FF,FF
41582,2818,0xCF00400,1,8,FF,FF,FF,4E,4B,FF,FF,FF
41583,2819,0xCFF6600,1,8,69,09,FF,FF,FF,FF,FF,FF
41602,2820,0xCF00400,1,8,FF,FF,FF,9A,4B,FF,FF,FF
41603,2821,0xCFF6600,1,8,73,09,FF,FF,FF,FF,FF,FF
41622,2822,0xCF00400,1,8,FF,FF,FF,E8,4B,FF,FF,FF
41623,2823,0xCFF6600,1,8,7D,09,FF,FF,FF,FF,FF,FF
41642,2824,0xCF00400,1,8,FF,FF,FF,E8,4B,FF,FF,FF
41643,2825,0xCFF6600,1,8,7D,09,FF,FF,FF,FF,FF,FF
41653,2826,0x18FEF100,1,8,3F,00,00,FF,FF,FF,FF,FF
41654,2827,0x18F00500,1,8,FF,FF,FF,FF,20,2D,FF,FF
41654,2828,0x18F00600,1,8,FF,FF,FF,FF,FF,FF,FF,FF
41655,2829,0x18FEF200,1,8,28,00,00,FB,00,00,00,FF
41655,2830,0x1CFDDF00,1,8,FE,FF,FF,FF,FF,FF,FF,FF
41656,2831,0x1CFF6A00,1,8,FC,FF,FF,FF,FF,FF,FF,FF
41662,2832,0xCF00400,1,8,FF,FF,FF,3C,4C,FF,FF,FF
41663,2833,0xCFF6600,1,8,87,09,FF,FF,FF,FF,FF,FF
41682,2834,0xCF00400,1,8,FF,FF,FF,60,4C,FF,FF,FF
41683,2835,0xCFF6600,1,8,8C,09,FF,FF,FF,FF,FF,FF
41702,2836,0xCF00400,1,8,FF,FF,FF,60,4C,FF,FF,FF
41703,2837,0xCFF6600,1,8,8C,09,FF,FF,FF,FF,FF,FF
41722,2838,0xCF00400,1,8,FF,FF,FF,DC,4B,FF,FF,FF
41723,2839,0xCFF6600,1,8,7B,09,FF,FF,FF,FF,FF,FF
41742,2840,0xCF00400,1,8,FF,FF,FF,DC,4B,FF,FF,FF
41743,2841,0xCFF6600,1,8,7B,09,FF,FF,FF,FF,FF,FF
41747,2842,0x18EA0017,1,3,6B,FF,00,--,--,--,--,--
41753,2843,0x18FEF100,1,8,3F,00,00,FF,FF,FF,FF,FF
41754,2844,0x10FF6500,1,8,FC,FF,FF,FF,FF,FF,FF,FF
41754,2845,0x18F00500,1,8,FF,FF,FF,FF,20,2D,FF,FF
41755,2846,0x18FEF200,1,8,28,00,00,FB,00,00,00,FF
41762,2847,0xCF00400,1,8,FF,FF,FF,E2,4A,FF,FF,FF
41763,2848,0xCFF6600,1,8,5C,09,FF,FF,FF,FF,FF,FF
41771,2849,0x18E81700,1,8,01,FF,FF,FF,FF,6B,FF,00
41782,2850,0xCF00400,1,8,FF,FF,FF,12,4B,FF,FF,FF
41783,2851,0xCFF6600,1,8,62,09,FF,FF,FF,FF,FF,FF
41802,2852,0xCF00400,1,8,FF,FF,FF,FA,4B,FF,FF,FF
41803,2853,0xCFF6600,1,8,7F,09,FF,FF,FF,FF,FF,FF
41812,2854,0x18FEEE00,1,8,37,FF,FF,FF,FF,FF,FF,FF
41813,2855,0x18FDE500,1,8,0A,14,1E,28,32,3C,46,13
41822,2856,0xCF00400,1,8,FF,FF,FF,FA,4B,FF,FF,FF
41823,2857,0xCFF6600,1,8,7F,09,FF,FF,FF,FF,FF,FF
41832,2858,0x1CECFF00,1,8,20,0E,00,02,FF,CA,FE,00
41842,2859,0xCF00400,1,8,FF,FF,FF,FA,4B,FF,FF,FF
41843,2860,0xCFF6600,1,8,7F,09,FF,FF,FF,FF,FF,FF
41853,2861,0x18FEF100,1,8,3F,00,00,FF,FF,FF,FF,FF
41854,2862,0x18F00500,1,8,FF,FF,FF,FF,20,2D,FF,FF
41855,2863,0x18FEF200,1,8,2F,00,00,FB,00,00,00,FF
41862,2864,0xCF00400,1,8,FF,FF,FF,8C,4B,FF,FF,FF
41863,2865,0xCFF6600,1,8,71,09,FF,FF,FF,FF,FF,FF
41882,2866,0xCF00400,1,8,FF,FF,FF,26,4C,FF,FF,FF
41883,2867,0xCFF6600,1,8,84,09,FF,FF,FF,FF,FF,FF
41883,2868,0x1CEBFF00,1,8,01,40,FF,0F,F0,E5,01,02
41902,2869,0xCF00400,1,8,FF,FF,FF,64,4D,FF,FF,FF
41903,2870,0xCFF6600,1,8,AC,09,FF,FF,FF,FF,FF,FF
41922,2871,0xCF00400,1,8,FF,FF,FF,B4,4D,FF,FF,FF
41923,2872,0xCFF6600,1,8,B6,09,FF,FF,FF,FF,FF,FF
41932,2873,0x1CEBFF00,1,8,02,F0,E3,02,6E,00,03,01
41942,2874,0xCF00400,1,8,FF,FF,FF,80,4D,FF,FF,FF
41943,2875,0xCFF6600,1,8,B0,09,FF,FF,FF,FF,FF,FF
41953,2876,0x18FEF100,1,8,3F,00,00,FF,FF,FF,FF,FF
41954,2877,0x10FF6500,1,8,FC,FF,FF,FF,FF,FF,FF,FF
41955,2878,0x18F00500,1,8,FF,FF,FF,FF,20,2D,FF,FF
41955,2879,0x18FEF200,1,8,2F,00,00,FB,00,00,00,FF
41962,2880,0xCF00400,1,8,FF,FF,FF,80,4D,FF,FF,FF
41963,2881,0xCFF6600,1,8,B0,09,FF,FF,FF,FF,FF,FF
41982,2882,0xCF00400,1,8,FF,FF,FF,12,4D,FF,FF,FF
41983,2883,0xCFF6600,1,8,A2,09,FF,FF,FF,FF,FF,FF
42002,2884,0xCF00400,1,8,FF,FF,FF,86,4C,FF,FF,FF
42003,2885,0xCFF6600,1,8,90,09,FF,FF,FF,FF,FF,FF
42022,2886,0xCF00400,1,8,FF,FF,FF,7A,4C,FF,FF,FF
42023,2887,0xCFF6600,1,8,8F,09,FF,FF,FF,FF,FF,FF
42042,2888,0xCF00400,1,8,FF,FF,FF,D0,4C,FF,FF,FF
42043,2889,0xCFF6600,1,8,9A,09,FF,FF,FF,FF,FF,FF
42053,2890,0x18FEF100,1,8,3F,00,00,FF,FF,FF,FF,FF
42054,2891,0x18F00500,1,8,FF,FF,FF,FF,20,2D,FF,FF
42054,2892,0x18FEF200,1,8,2F,00,00,FB,00,00,00,FF
42063,2893,0xCF00400,1,8,FF,FF,FF,A6,4C,FF,FF,FF
42063,2894,0xCFF6600,1,8,94,09,FF,FF,FF,FF,FF,FF
42082,2895,0xCF00400,1,8,FF,FF,FF,A6,4C,FF,FF,FF
42083,2896,0xCFF6600,1,8,94,09,FF,FF,FF,FF,FF,FF
42102,2897,0xCF00400,1,8,FF,FF,FF,08,4C,FF,FF,FF
42103,2898,0xCFF6600,1,8,81,09,FF,FF,FF,FF,FF,FF
42122,2899,0xCF00400,1,8,FF,FF,FF,EA,4B,FF,FF,FF
42123,2900,0xCFF6600,1,8,7D,09,FF,FF,FF,FF,FF,FF
42142,2901,0xCF00400,1,8,FF,FF,FF,1A,4C,FF,FF,FF
42143,2902,0xCFF6600,1,8,83,09,FF,FF,FF,FF,FF,FF
42153,2903,0x18FEF100,1,8,3F,00,00,FF,FF,FF,FF,FF
42154,2904,0x10FF6500,1,8,FC,FF,FF,FF,FF,FF,FF,FF
42154,2905,0x18F00500,1,8,FF,FF,FF,FF,20,2D,FF,FF
42155,2906,0x18F00600,1,8,FF,FF,FF,FF,FF,FF,FF,FF
42155,2907,0x18FEF200,1,8,2F,00,00,FB,00,00,00,FF
42156,2908,0x1CFDDF00,1,8,FE,FF,FF,FF,FF,FF,FF,FF
42157,2909,0x1CFF6A00,1,8,FC,FF,FF,FF,FF,FF,FF,FF
42162,2910,0xCF00400,1,8,FF,FF,FF,52,4C,FF,FF,FF
42163,2911,0xCFF6600,1,8,8A,09,FF,FF,FF,FF,FF,FF
42182,2912,0xCF00400,1,8,FF,FF,FF,52,4C,FF,FF,FF
42183,2913,0xCFF6600,1,8,8A,09,FF,FF,FF,FF,FF,FF
42202,2914,0xCF00400,1,8,FF,FF,FF,78,4C,FF,FF,FF
42203,2915,0xCFF6600,1,8,8F,09,FF,FF,FF,FF,FF,FF
42223,2916,0xCF00400,1,8,FF,FF,FF,0E,4C,FF,FF,FF
42223,2917,0xCFF6600,1,8,81,09,FF,FF,FF,FF,FF,FF
42242,2918,0xCF00400,1,8,FF,FF,FF,3E,4B,FF,FF,FF
42243,2919,0xCFF6600,1,8,67,09,FF,FF,FF,FF,FF,FF
42247,2920,0x18EA0017,1,3,6B,FF,00,--,--,--,--,--
42253,2921,0x18FEF100,1,8,3F,00,00,FF,FF,FF,FF,FF
42254,2922,0x18F00500,1,8,FF,FF,FF,FF,20,2D,FF,FF
42254,2923,0x18FEF200,1,8,2F,00,00,FB,00,00,00,FF
42262,2924,0xCF00400,1,8,FF,FF,FF,16,4B,FF,FF,FF
42263,2925,0xCFF6600,1,8,62,09,FF,FF,FF,FF,FF,FF
42271,2926,0x18E81700,1,8,01,FF,FF,FF,FF,6B,FF,00
42282,2927,0xCF00400,1,8,FF,FF,FF,16,4B,FF,FF,FF
42283,2928,0xCFF6600,1,8,62,09,FF,FF,FF,FF,FF,FF
42302,2929,0xCF00400,1,8,FF,FF,FF,86,4B,FF,FF,FF
42303,2930,0xCFF6600,1,8,70,09,FF,FF,FF,FF,FF,FF
42322,2931,0xCF00400,1,8,FF,FF,FF,DE,4B,FF,FF,FF
42323,2932,0xCFF6600,1,8,7B,09,FF,FF,FF,FF,FF,FF
42342,2933,0xCF00400,1,8,FF,FF,FF,12,4C,FF,FF,FF
42343,2934,0xCFF6600,1,8,82,09,FF,FF,FF,FF,FF,FF
42353,2935,0x18FEF100,1,8,3F,00,00,FF,FF,FF,FF,FF
42354,2936,0x10FF6500,1,8,FC,FF,FF,FF,FF,FF,FF,FF
42354,2937,0x18F00500,1,8,FF,FF,FF,FF,20,2D,FF,FF
42355,2938,0x18FEF200,1,8,2F,00,00,FB,00,00,00,FF
42362,2939,0xCF00400,1,8,FF,FF,FF,94,4B,FF,FF,FF
42363,2940,0xCFF6600,1,8,72,09,FF,FF,FF,FF,FF,FF
42382,2941,0xCF00400,1,8,FF,FF,FF,94,4B,FF,FF,FF
42383,2942,0xCFF6600,1,8,72,09,FF,FF,FF,FF,FF,FF
42402,2943,0xCF00400,1,8,FF,FF,FF,88,4A,FF,FF,FF
42403,2944,0xCFF6600,1,8,51,09,FF,FF,FF,FF,FF,FF
42423,2945,0xCF00400,1,8,FF,FF,FF,58,4A,FF,FF,FF
42423,2946,0xCFF6600,1,8,4B,09,FF,FF,FF,FF,FF,FF
42442,2947,0xCF00400,1,8,FF,FF,FF,D6,4A,FF,FF,FF
42443,2948,0xCFF6600,1,8,5A,09,FF,FF,FF,FF,FF,FF
42453,2949,0x18FEF100,1,8,3F,00,00,FF,FF,FF,FF,FF
42454,2950,0x18F00500,1,8,FF,FF,FF,FF,20,2D,FF,FF
42454,2951,0x18FEF200,1,8,2F,00,00,FB,00,00,00,FF
42462,2952,0xCF00400,1,8,FF,FF,FF,FC,4A,FF,FF,FF
42463,2953,0xCFF6600,1,8,5F,09,FF,FF,FF,FF,FF,FF
42482,2954,0xCF00400,1,8,FF,FF,FF,FC,4A,FF,FF,FF
42483,2955,0xCFF6600,1,8,5F,09,FF,FF,FF,FF,FF,FF
42502,2956,0xCF00400,1,8,FF,FF,FF,DC,4A,FF,FF,FF
42503,2957,0xCFF6600,1,8,5B,09,FF,FF,FF,FF,FF,FF
42523,2958,0xCF00400,1,8,FF,FF,FF,00,4B,FF,FF,FF
42523,2959,0xCFF6600,1,8,60,09,FF,FF,FF,FF,FF,FF
42542,2960,0xCF00400,1,8,FF,FF,FF,4A,4B,FF,FF,FF
42543,2961,0xCFF6600,1,8,69,09,FF,FF,FF,FF,FF,FF
42553,2962,0x18FEF100,1,8,3F,00,00,FF,FF,FF,FF,FF
42554,2963,0x10FF6500,1,8,FC,FF,FF,FF,FF,FF,FF,FF
42554,2964,0x18F00500,1,8,FF,FF,FF,FF,20,2D,FF,FF
42555,2965,0x18FEF200,1,8,2F,00,00,FB,00,00,00,FF
42562,2966,0xCF00400,1,8,FF,FF,FF,66,4A,FF,FF,FF
42563,2967,0xCFF6600,1,8,4C,09,FF,FF,FF,FF,FF,FF
42582,2968,0xCF00400,1,8,FF,FF,FF,66,4A,FF,FF,FF
42583,2969,0xCFF6600,1,8,4C,09,FF,FF,FF,FF,FF,FF
42602,2970,0xCF00400,1,8,FF,FF,FF,84,48,FF,FF,FF
42603,2971,0xCFF6600,1,8,10,09,FF,FF,FF,FF,FF,FF
42622,2972,0xCF00400,1,8,FF,FF,FF,D4,47,FF,FF,FF
42623,2973,0xCFF6600,1,8,FA,08,FF,FF,FF,FF,FF,FF
42642,2974,0xCF00400,1,8,FF,FF,FF,1C,48,FF,FF,FF
42643,2975,0xCFF6600,1,8,03,09,FF,FF,FF,FF,FF,FF
42653,2976,0x18FEF100,1,8,3F,00,00,FF,FF,FF,FF,FF
42654,2977,0x18F00500,1,8,FF,FF,FF,FF,20,2D,FF,FF
42654,2978,0x18F00600,1,8,FF,FF,FF,FF,FF,FF,FF,FF
42655,2979,0x18FEF200,1,8,2F,00,00,FB,00,00,00,FF
42656,2980,0x1CFDDF00,1,8,FE,FF,FF,FF,FF,FF,FF,FF
42656,2981,0x1CFF6A00,1,8,FC,FF,FF,FF,FF,FF,FF,FF
42662,2982,0xCF00400,1,8,FF,FF,FF,1C,48,FF,FF,FF
42663,2983,0xCFF6600,1,8,03,09,FF,FF,FF,FF,FF,FF
42682,2984,0xCF00400,1,8,FF,FF,FF,56,48,FF,FF,FF
42683,2985,0xCFF6600,1,8,0A,09,FF,FF,FF,FF,FF,FF
42702,2986,0xCF00400,1,8,FF,FF,FF,92,48,FF,FF,FF
42703,2987,0xCFF6600,1,8,12,09,FF,FF,FF,FF,FF,FF
42722,2988,0xCF00400,1,8,FF,FF,FF,BC,47,FF,FF,FF
42723,2989,0xCFF6600,1,8,F7,08,FF,FF,FF,FF,FF,FF
42742,2990,0xCF00400,1,8,FF,FF,FF,BC,47,FF,FF,FF
42743,2991,0xCFF6600,1,8,F7,08,FF,FF,FF,FF,FF,FF
42747,2992,0x18EA0017,1,3,6B,FF,00,--,--,--,--,--
42753,2993,0x18FEF100,1,8,3F,00,00,FF,FF,FF,FF,FF
42754,2994,0x10FF6500,1,8,FC,FF,FF,FF,FF,FF,FF,FF
42754,2995,0x18F00500,1,8,FF,FF,FF,FF,20,2D,FF,FF
42755,2996,0x18FEF200,1,8,2F,00,00,FB,00,00,00,FF
42762,2997,0xCF00400,1,8,FF,FF,FF,02,46,FF,FF,FF
42763,2998,0xCFF6600,1,8,C0,08,FF,FF,FF,FF,FF,FF
42771,2999,0x18E81700,1,8,01,FF,FF,FF,FF,6B,FF,00
42782,3000,0xCF00400,1,8,FF,FF,FF,38,45,FF,FF,FF
42783,3001,0xCFF6600,1,8,A7,08,FF,FF,FF,FF,FF,FF
42802,3002,0xCF00400,1,8,FF,FF,FF,36,45,FF,FF,FF
42803,3003,0xCFF6600,1,8,A6,08,FF,FF,FF,FF,FF,FF
42812,3004,0x18FEEE00,1,8,38,FF,FF,FF,FF,FF,FF,FF
42813,3005,0x18FDE500,1,8,0A,14,1E,28,32,3C,46,13
42822,3006,0xCF00400,1,8,FF,FF,FF,36,45,FF,FF,FF
42823,3007,0xCFF6600,1,8,A6,08,FF,FF,FF,FF,FF,FF
42832,3008,0x1CECFF00,1,8,20,0E,00,02,FF,CA,FE,00
42842,3009,0xCF00400,1,8,FF,FF,FF,86,45,FF,FF,FF
42843,3010,0xCFF6600,1,8,B0,08,FF,FF,FF,FF,FF,FF
42853,3011,0x18FEF100,1,8,3F,00,00,FF,FF,FF,FF,FF
42854,3012,0x18F00500,1,8,FF,FF,FF,FF,20,2D,FF,FF
42855,3013,0x18FEF200,1,8,2A,00,00,FB,00,00,00,FF
42862,3014,0xCF00400,1,8,FF,FF,FF,10,46,FF,FF,FF
42863,3015,0xCFF6600,1,8,C2,08,FF,FF,FF,FF,FF,FF
42882,3016,0xCF00400,1,8,FF,FF,FF,F6,45,FF,FF,FF
42883,3017,0xCFF6600,1,8,BE,08,FF,FF,FF,FF,FF,FF
42883,3018,0x1CEBFF00,1,8,01,40,FF,0F,F0,E5,01,02
42902,3019,0xCF00400,1,8,FF,FF,FF,F6,45,FF,FF,FF
42903,3020,0xCFF6600,1,8,BE,08,FF,FF,FF,FF,FF,FF
42922,3021,0xCF00400,1,8,FF,FF,FF,66,45,FF,FF,FF
42923,3022,0xCFF6600,1,8,AC,08,FF,FF,FF,FF,FF,FF
42933,3023,0x1CEBFF00,1,8,02,F0,E3,02,6E,00,03,01
42942,3024,0xCF00400,1,8,FF,FF,FF,5A,45,FF,FF,FF
42943,3025,0xCFF6600,1,8,AB,08,FF,FF,FF,FF,FF,FF
42953,3026,0x18FEF100,1,8,3F,00,00,FF,FF,FF,FF,FF
42954,3027,0x10FF6500,1,8,FC,FF,FF,FF,FF,FF,FF,FF
42954,3028,0x18F00500,1,8,FF,FF,FF,FF,20,2D,FF,FF
42955,3029,0x18FEF200,1,8,2A,00,00,FB,00,00,00,FF
42962,3030,0xCF00400,1,8,FF,FF,FF,AE,45,FF,FF,FF
42963,3031,0xCFF6600,1,8,B5,08,FF,FF,FF,FF,FF,FF
42982,3032,0xCF00400,1,8,FF,FF,FF,AE,45,FF,FF,FF
42983,3033,0xCFF6600,1,8,B5,08,FF,FF,FF,FF,FF,FF
43002,3034,0xCF00400,1,8,FF,FF,FF,16,46,FF,FF,FF
43003,3035,0xCFF6600,1,8,C2,08,FF,FF,FF,FF,FF,FF
43022,3036,0xCF00400,1,8,FF,FF,FF,94,46,FF,FF,FF
43023,3037,0xCFF6600,1,8,D2,08,FF,FF,FF,FF,FF,FF
43042,3038,0xCF00400,1,8,FF,FF,FF,CC,46,FF,FF,FF
43043,3039,0xCFF6600,1,8,D9,08,FF,FF,FF,FF,FF,FF
43053,3040,0x18FEF100,1,8,3F,00,00,FF,FF,FF,FF,FF
43054,3041,0x18F00500,1,8,FF,FF,FF,FF,20,2D,FF,FF
43054,3042,0x18FEF200,1,8,2A,00,00,FB,00,00,00,FF
43062,3043,0xCF00400,1,8,FF,FF,FF,CC,46,FF,FF,FF
43063,3044,0xCFF6600,1,8,D9,08,FF,FF,FF,FF,FF,FF
43082,3045,0xCF00400,1,8,FF,FF,FF,CE,46,FF,FF,FF
43083,3046,0xCFF6600,1,8,D9,08,FF,FF,FF,FF,FF,FF
43102,3047,0xCF00400,1,8,FF,FF,FF,B2,46,FF,FF,FF
43103,3048,0xCFF6600,1,8,D6,08,FF,FF,FF,FF,FF,FF
43122,3049,0xCF00400,1,8,FF,FF,FF,80,46,FF,FF,FF
43123,3050,0xCFF6600,1,8,D0,08,FF,FF,FF,FF,FF,FF
43142,3051,0xCF00400,1,8,FF,FF,FF,80,46,FF,FF,FF
43143,3052,0xCFF6600,1,8,D0,08,FF,FF,FF,FF,FF,FF
43153,3053,0x18FEF100,1,8,3F,00,00,FF,FF,FF,FF,FF
43154,3054,0x10FF6500,1,8,FC,FF,FF,FF,FF,FF,FF,FF
43154,3055,0x18F00500,1,8,FF,FF,FF,FF,20,2D,FF,FF
43155,3056,0x18F00600,1,8,FF,FF,FF,FF,FF,FF,FF,FF
43155,3057,0x18FEF200,1,8,2A,00,00,FB,00,00,00,FF
43156,3058,0x1CFDDF00,1,8,FE,FF,FF,FF,FF,FF,FF,FF
43157,3059,0x1CFF6A00,1,8,FC,FF,FF,FF,FF,FF,FF,FF
43162,3060,0xCF00400,1,8,FF,FF,FF,5A,46,FF,FF,FF
43163,3061,0xCFF6600,1,8,CB,08,FF,FF,FF,FF,FF,FF
43182,3062,0xCF00400,1,8,FF,FF,FF,3E,46,FF,FF,FF
43183,3063,0xCFF6600,1,8,C7,08,FF,FF,FF,FF,FF,FF
43202,3064,0xCF00400,1,8,FF,FF,FF,D6,45,FF,FF,FF
43203,3065,0xCFF6600,1,8,BA,08,FF,FF,FF,FF,FF,FF
43222,3066,0xCF00400,1,8,FF,FF,FF,D6,45,FF,FF,FF
43223,3067,0xCFF6600,1,8,BA,08,FF,FF,FF,FF,FF,FF
43242,3068,0xCF00400,1,8,FF,FF,FF,34,45,FF,FF,FF
43243,3069,0xCFF6600,1,8,A6,08,FF,FF,FF,FF,FF,FF
43247,3070,0x18EA0017,1,3,6B,FF,00,--,--,--,--,--
43254,3071,0x18FEF100,1,8,3F,00,00,FF,FF,FF,FF,FF
43254,3072,0x18F00500,1,8,FF,FF,FF,FF,20,2D,FF,FF
43255,3073,0x18FEF200,1,8,2A,00,00,FB,00,00,00,FF
43262,3074,0xCF00400,1,8,FF,FF,FF,42,45,FF,FF,FF
43263,3075,0xCFF6600,1,8,A8,08,FF,FF,FF,FF,FF,FF
43271,3076,0x18E81700,1,8,01,FF,FF,FF,FF,6B,FF,00
43282,3077,0xCF00400,1,8,FF,FF,FF,DC,45,FF,FF,FF
43283,3078,0xCFF6600,1,8,BB,08,FF,FF,FF,FF,FF,FF
43302,3079,0xCF00400,1,8,FF,FF,FF,DC,45,FF,FF,FF
43303,3080,0xCFF6600,1,8,BB,08,FF,FF,FF,FF,FF,FF
43322,3081,0xCF00400,1,8,FF,FF,FF,56,46,FF,FF,FF
43323,3082,0xCFF6600,1,8,CA,08,FF,FF,FF,FF,FF,FF
43342,3083,0xCF00400,1,8,FF,FF,FF,A0,46,FF,FF,FF
43343,3084,0xCFF6600,1,8,D4,08,FF,FF,FF,FF,FF,FF
43353,3085,0x18FEF100,1,8,3F,00,00,FF,FF,FF,FF,FF
43354,3086,0x10FF6500,1,8,FC,FF,FF,FF,FF,FF,FF,FF
43354,3087,0x18F00500,1,8,FF,FF,FF,FF,20,2D,FF,FF
43355,3088,0x18FEF200,1,8,2A,00,00,FB,00,00,00,FF
43362,3089,0xCF00400,1,8,FF,FF,FF,1E,47,FF,FF,FF
43363,3090,0xCFF6600,1,8,E3,08,FF,FF,FF,FF,FF,FF
43382,3091,0xCF00400,1,8,FF,FF,FF,1E,47,FF,FF,FF
43383,3092,0xCFF6600,1,8,E3,08,FF,FF,FF,FF,FF,FF
43402,3093,0xCF00400,1,8,FF,FF,FF,DE,47,FF,FF,FF
43403,3094,0xCFF6600,1,8,FB,08,FF,FF,FF,FF,FF,FF
43422,3095,0xCF00400,1,8,FF,FF,FF,60,48,FF,FF,FF
43423,3096,0xCFF6600,1,8,0C,09,FF,FF,FF,FF,FF,FF
43442,3097,0xCF00400,1,8,FF,FF,FF,BA,48,FF,FF,FF
43443,3098,0xCFF6600,1,8,17,09,FF,FF,FF,FF,FF,FF
43453,3099,0x18FEF100,1,8,3F,00,00,FF,FF,FF,FF,FF
43454,3100,0x18F00500,1,8,FF,FF,FF,FF,20,2D,FF,FF
43454,3101,0x18FEF200,1,8,2A,00,00,FB,00,00,00,FF
43463,3102,0xCF00400,1,8,FF,FF,FF,A4,48,FF,FF,FF
43463,3103,0xCFF6600,1,8,14,09,FF,FF,FF,FF,FF,FF
43482,3104,0xCF00400,1,8,FF,FF,FF,A4,48,FF,FF,FF
43483,3105,0xCFF6600,1,8,14,09,FF,FF,FF,FF,FF,FF
43502,3106,0xCF00400,1,8,FF,FF,FF,3A,48,FF,FF,FF
43503,3107,0xCFF6600,1,8,07,09,FF,FF,FF,FF,FF,FF
43522,3108,0xCF00400,1,8,FF,FF,FF,FC,47,FF,FF,FF
43523,3109,0xCFF6600,1,8,FF,08,FF,FF,FF,FF,FF,FF
43542,3110,0xCF00400,1,8,FF,FF,FF,DE,47,FF,FF,FF
43543,3111,0xCFF6600,1,8,FB,08,FF,FF,FF,FF,FF,FF
43553,3112,0x18FEF100,1,8,3F,00,00,FF,FF,FF,FF,FF
43554,3113,0x10FF6500,1,8,FC,FF,FF,FF,FF,FF,FF,FF
43554,3114,0x18F00500,1,8,FF,FF,FF,FF,20,2D,FF,FF
43555,3115,0x18FEF200,1,8,2A,00,00,FB,00,00,00,FF
43562,3116,0xCF00400,1,8,FF,FF,FF,DE,47,FF,FF,FF
43563,3117,0xCFF6600,1,8,FB,08,FF,FF,FF,FF,FF,FF
43582,3118,0xCF00400,1,8,FF,FF,FF,26,48,FF,FF,FF
43583,3119,0xCFF6600,1,8,04,09,FF,FF,FF,FF,FF,FF
43602,3120,0xCF00400,1,8,FF,FF,FF,B0,48,FF,FF,FF
43603,3121,0xCFF6600,1,8,16,09,FF,FF,FF,FF,FF,FF
43622,3122,0xCF00400,1,8,FF,FF,FF,84,48,FF,FF,FF
43623,3123,0xCFF6600,1,8,10,09,FF,FF,FF,FF,FF,FF
43642,3124,0xCF00400,1,8,FF,FF,FF,84,48,FF,FF,FF
43643,3125,0xCFF6600,1,8,10,09,FF,FF,FF,FF,FF,FF
43653,3126,0x18FEF100,1,8,3F,00,00,FF,FF,FF,FF,FF
43654,3127,0x18F00500,1,8,FF,FF,FF,FF,20,2D,FF,FF
43654,3128,0x18F00600,1,8,FF,FF,FF,FF,FF,FF,FF,FF
43655,3129,0x18FEF200,1,8,2A,00,00,FB,00,00,00,FF
43656,3130,0x1CFDDF00,1,8,FE,FF,FF,FF,FF,FF,FF,FF
43656,3131,0x1CFF6A00,1,8,FC,FF,FF,FF,FF,FF,FF,FF
43662,3132,0xCF00400,1,8,FF,FF,FF,D0,47,FF,FF,FF
43663,3133,0xCFF6600,1,8,FA,08,FF,FF,FF,FF,FF,FF
43683,3134,0xCF00400,1,8,FF,FF,FF,E0,47,FF,FF,FF
43683,3135,0xCFF6600,1,8,FC,08,FF,FF,FF,FF,FF,FF
43702,3136,0xCF00400,1,8,FF,FF,FF,66,48,FF,FF,FF
43703,3137,0xCFF6600,1,8,0C,09,FF,FF,FF,FF,FF,FF
43723,3138,0xCF00400,1,8,FF,FF,FF,4A,48,FF,FF,FF
43723,3139,0xCFF6600,1,8,09,09,FF,FF,FF,FF,FF,FF
43742,3140,0xCF00400,1,8,FF,FF,FF,4A,48,FF,FF,FF
43743,3141,0xCFF6600,1,8,09,09,FF,FF,FF,FF,FF,FF
43747,3142,0x18EA0017,1,3,6B,FF,00,--,--,--,--,--
43753,3143,0x18FEF100,1,8,3F,00,00,FF,FF,FF,FF,FF
43754,3144,0x10FF6500,1,8,FC,FF,FF,FF,FF,FF,FF,FF
43754,3145,0x18F00500,1,8,FF,FF,FF,FF,20,2D,FF,FF
43755,3146,0x18FEF200,1,8,2A,00,00,FB,00,00,00,FF
43762,3147,0xCF00400,1,8,FF,FF,FF,E2,47,FF,FF,FF
43763,3148,0xCFF6600,1,8,FC,08,FF,FF,FF,FF,FF,FF
43771,3149,0x18E81700,1,8,01,FF,FF,FF,FF,6B,FF,00
43782,3150,0xCF00400,1,8,FF,FF,FF,D0,47,FF,FF,FF
43783,3151,0xCFF6600,1,8,FA,08,FF,FF,FF,FF,FF,FF
43802,3152,0xCF00400,1,8,FF,FF,FF,FC,47,FF,FF,FF
43803,3153,0xCFF6600,1,8,FF,08,FF,FF,FF,FF,FF,FF
43812,3154,0x18FEEE00,1,8,39,FF,FF,FF,FF,FF,FF,FF
43813,3155,0x18FDE500,1,8,0A,14,1E,28,32,3C,46,13
43822,3156,0xCF00400,1,8,FF,FF,FF,FC,47,FF,FF,FF
43823,3157,0xCFF6600,1,8,FF,08,FF,FF,FF,FF,FF,FF
43832,3158,0x1CECFF00,1,8,20,0E,00,02,FF,CA,FE,00
43842,3159,0xCF00400,1,8,FF,FF,FF,4A,48,FF,FF,FF
43843,3160,0xCFF6600,1,8,09,09,FF,FF,FF,FF,FF,FF
43854,3161,0x18FEF100,1,8,3F,00,00,FF,FF,FF,FF,FF
43854,3162,0x18F00500,1,8,FF,FF,FF,FF,20,2D,FF,FF
43855,3163,0x18FEF200,1,8,26,00,00,B4,00,00,00,FF
43862,3164,0xCF00400,1,8,FF,FF,FF,AC,48,FF,FF,FF
43863,3165,0xCFF6600,1,8,15,09,FF,FF,FF,FF,FF,FF
43882,3166,0xCF00400,1,8,FF,FF,FF,0C,49,FF,FF,FF
43883,3167,0xCFF6600,1,8,21,09,FF,FF,FF,FF,FF,FF
43883,3168,0x1CEBFF00,1,8,01,40,FF,0F,F0,E5,01,02
43903,3169,0xCF00400,1,8,FF,FF,FF,66,49,FF,FF,FF
43903,3170,0xCFF6600,1,8,2C,09,FF,FF,FF,FF,FF,FF
43922,3171,0xCF00400,1,8,FF,FF,FF,66,49,FF,FF,FF
43923,3172,0xCFF6600,1,8,2C,09,FF,FF,FF,FF,FF,FF
43932,3173,0x1CEBFF00,1,8,02,F0,E3,02,6E,00,03,01
43942,3174,0xCF00400,1,8,FF,FF,FF,9A,49,FF,FF,FF
43943,3175,0xCFF6600,1,8,33,09,FF,FF,FF,FF,FF,FF
43953,3176,0x18FEF100,1,8,3F,00,00,FF,FF,FF,FF,FF
43954,3177,0x10FF6500,1,8,FC,FF,FF,FF,FF,FF,FF,FF
43954,3178,0x18F00500,1,8,FF,FF,FF,FF,20,2D,FF,FF
43955,3179,0x18FEF200,1,8,26,00,00,B4,00,00,00,FF
43962,3180,0xCF00400,1,8,FF,FF,FF,B4,49,FF,FF,FF
43963,3181,0xCFF6600,1,8,36,09,FF,FF,FF,FF,FF,FF
43982,3182,0xCF00400,1,8,FF,FF,FF,BC,49,FF,FF,FF
43983,3183,0xCFF6600,1,8,37,09,FF,FF,FF,FF,FF,FF
44002,3184,0xCF00400,1,8,FF,FF,FF,BC,49,FF,FF,FF
44003,3185,0xCFF6600,1,8,37,09,FF,FF,FF,FF,FF,FF
44022,3186,0xCF00400,1,8,FF,FF,FF,B2,49,FF,FF,FF
44023,3187,0xCFF6600,1,8,36,09,FF,FF,FF,FF,FF,FF
44043,3188,0xCF00400,1,8,FF,FF,FF,BE,49,FF,FF,FF
44043,3189,0xCFF6600,1,8,37,09,FF,FF,FF,FF,FF,FF
44053,3190,0x18FEF100,1,8,3F,00,00,FF,FF,FF,FF,FF
44054,3191,0x18F00500,1,8,FF,FF,FF,FF,20,2D,FF,FF
44054,3192,0x18FEF200,1,8,26,00,00,B4,00,00,00,FF
44062,3193,0xCF00400,1,8,FF,FF,FF,E8,49,FF,FF,FF
44063,3194,0xCFF6600,1,8,3D,09,FF,FF,FF,FF,FF,FF
44082,3195,0xCF00400,1,8,FF,FF,FF,84,49,FF,FF,FF
44083,3196,0xCFF6600,1,8,30,09,FF,FF,FF,FF,FF,FF
44102,3197,0xCF00400,1,8,FF,FF,FF,84,49,FF,FF,FF
44103,3198,0xCFF6600,1,8,30,09,FF,FF,FF,FF,FF,FF
44122,3199,0xCF00400,1,8,FF,FF,FF,AE,48,FF,FF,FF
44123,3200,0xCFF6600,1,8,15,09,FF,FF,FF,FF,FF,FF
44142,3201,0xCF00400,1,8,FF,FF,FF,AC,48,FF,FF,FF
44143,3202,0xCFF6600,1,8,15,09,FF,FF,FF,FF,FF,FF
44153,3203,0x18FEF100,1,8,3F,00,00,FF,FF,FF,FF,FF
44154,3204,0x10FF6500,1,8,FC,FF,FF,FF,FF,FF,FF,FF
44154,3205,0x18F00500,1,8,FF,FF,FF,FF,20,2D,FF,FF
44155,3206,0x18F00600,1,8,FF,FF,FF,FF,FF,FF,FF,FF
44155,3207,0x18FEF200,1,8,26,00,00,B4,00,00,00,FF
44156,3208,0x1CFDDF00,1,8,FE,FF,FF,FF,FF,FF,FF,FF
44157,3209,0x1CFF6A00,1,8,FC,FF,FF,FF,FF,FF,FF,FF
44162,3210,0xCF00400,1,8,FF,FF,FF,38,49,FF,FF,FF
44163,3211,0xCFF6600,1,8,27,09,FF,FF,FF,FF,FF,FF
44182,3212,0xCF00400,1,8,FF,FF,FF,38,49,FF,FF,FF
44183,3213,0xCFF6600,1,8,27,09,FF,FF,FF,FF,FF,FF
44202,3214,0xCF00400,1,8,FF,FF,FF,1A,49,FF,FF,FF
44203,3215,0xCFF6600,1,8,23,09,FF,FF,FF,FF,FF,FF
44222,3216,0xCF00400,1,8,FF,FF,FF,82,48,FF,FF,FF
44223,3217,0xCFF6600,1,8,10,09,FF,FF,FF,FF,FF,FF
44242,3218,0xCF00400,1,8,FF,FF,FF,16,48,FF,FF,FF
44243,3219,0xCFF6600,1,8,02,09,FF,FF,FF,FF,FF,FF
44247,3220,0x18EA0017,1,3,6B,FF,00,--,--,--,--,--
44253,3221,0x18FEF100,1,8,3F,00,00,FF,FF,FF,FF,FF
44254,3222,0x18F00500,1,8,FF,FF,FF,FF,20,2D,FF,FF
44254,3223,0x18FEF200,1,8,26,00,00,B4,00,00,00,FF
44263,3224,0xCF00400,1,8,FF,FF,FF,C4,47,FF,FF,FF
44263,3225,0xCFF6600,1,8,F8,08,FF,FF,FF,FF,FF,FF
44271,3226,0x18E81700,1,8,01,FF,FF,FF,FF,6B,FF,00
44282,3227,0xCF00400,1,8,FF,FF,FF,C4,47,FF,FF,FF
44283,3228,0xCFF6600,1,8,F8,08,FF,FF,FF,FF,FF,FF
44302,3229,0xCF00400,1,8,FF,FF,FF,B4,47,FF,FF,FF
44303,3230,0xCFF6600,1,8,F6,08,FF,FF,FF,FF,FF,FF
44322,3231,0xCF00400,1,8,FF,FF,FF,D2,47,FF,FF,FF
44323,3232,0xCFF6600,1,8,FA,08,FF,FF,FF,FF,FF,FF
44342,3233,0xCF00400,1,8,FF,FF,FF,E8,47,FF,FF,FF
44343,3234,0xCFF6600,1,8,FD,08,FF,FF,FF,FF,FF,FF
44353,3235,0x18FEF100,1,8,3F,00,00,FF,FF,FF,FF,FF
44354,3236,0x10FF6500,1,8,FC,FF,FF,FF,FF,FF,FF,FF
44355,3237,0x18F00500,1,8,FF,FF,FF,FF,20,2D,FF,FF
44355,3238,0x18FEF200,1,8,26,00,00,B4,00,00,00,FF
44362,3239,0xCF00400,1,8,FF,FF,FF,E8,47,FF,FF,FF
44363,3240,0xCFF6600,1,8,FD,08,FF,FF,FF,FF,FF,FF
44382,3241,0xCF00400,1,8,FF,FF,FF,FE,47,FF,FF,FF
44383,3242,0xCFF6600,1,8,FF,08,FF,FF,FF,FF,FF,FF
44402,3243,0xCF00400,1,8,FF,FF,FF,BC,47,FF,FF,FF
44403,3244,0xCFF6600,1,8,F7,08,FF,FF,FF,FF,FF,FF
44422,3245,0xCF00400,1,8,FF,FF,FF,2E,47,FF,FF,FF
44423,3246,0xCFF6600,1,8,E5,08,FF,FF,FF,FF,FF,FF
44442,3247,0xCF00400,1,8,FF,FF,FF,2E,47,FF,FF,FF
44443,3248,0xCFF6600,1,8,E5,08,FF,FF,FF,FF,FF,FF
44453,3249,0x18FEF100,1,8,3F,00,00,FF,FF,FF,FF,FF
44454,3250,0x18F00500,1,8,FF,FF,FF,FF,20,2D,FF,FF
44454,3251,0x18FEF200,1,8,26,00,00,B4,00,00,00,FF
44462,3252,0xCF00400,1,8,FF,FF,FF,96,46,FF,FF,FF
44463,3253,0xCFF6600,1,8,D2,08,FF,FF,FF,FF,FF,FF
44482,3254,0xCF00400,1,8,FF,FF,FF,E6,45,FF,FF,FF
44483,3255,0xCFF6600,1,8,BC,08,FF,FF,FF,FF,FF,FF
44502,3256,0xCF00400,1,8,FF,FF,FF,76,45,FF,FF,FF
44503,3257,0xCFF6600,1,8,AE,08,FF,FF,FF,FF,FF,FF
44522,3258,0xCF00400,1,8,FF,FF,FF,76,45,FF,FF,FF
44523,3259,0xCFF6600,1,8,AE,08,FF,FF,FF,FF,FF,FF
44542,3260,0xCF00400,1,8,FF,FF,FF,4C,45,FF,FF,FF
44543,3261,0xCFF6600,1,8,A9,08,FF,FF,FF,FF,FF,FF
44554,3262,0x18FEF100,1,8,3F,00,00,FF,FF,FF,FF,FF
44554,3263,0x10FF6500,1,8,FC,FF,FF,FF,FF,FF,FF,FF
44555,3264,0x18F00500,1,8,FF,FF,FF,FF,20,2D,FF,FF
44555,3265,0x18FEF200,1,8,26,00,00,B4,00,00,00,FF
44562,3266,0xCF00400,1,8,FF,FF,FF,B6,45,FF,FF,FF
44563,3267,0xCFF6600,1,8,B6,08,FF,FF,FF,FF,FF,FF
44582,3268,0xCF00400,1,8,FF,FF,FF,8C,46,FF,FF,FF
44583,3269,0xCFF6600,1,8,D1,08,FF,FF,FF,FF,FF,FF
44602,3270,0xCF00400,1,8,FF,FF,FF,8C,46,FF,FF,FF
44603,3271,0xCFF6600,1,8,D1,08,FF,FF,FF,FF,FF,FF
44622,3272,0xCF00400,1,8,FF,FF,FF,2C,47,FF,FF,FF
44623,3273,0xCFF6600,1,8,E5,08,FF,FF,FF,FF,FF,FF
44642,3274,0xCF00400,1,8,FF,FF,FF,A6,47,FF,FF,FF
44643,3275,0xCFF6600,1,8,F4,08,FF,FF,FF,FF,FF,FF
44653,3276,0x18FEF100,1,8,3F,00,00,FF,FF,FF,FF,FF
44654,3277,0x18F00500,1,8,FF,FF,FF,FF,20,2D,FF,FF
44654,3278,0x18F00600,1,8,FF,FF,FF,FF,FF,FF,FF,FF
44655,3279,0x18FEF200,1,8,26,00,00,B4,00,00,00,FF
44655,3280,0x1CFDDF00,1,8,FE,FF,FF,FF,FF,FF,FF,FF
44656,3281,0x1CFF6A00,1,8,FC,FF,FF,FF,FF,FF,FF,FF
44662,3282,0xCF00400,1,8,FF,FF,FF,E0,47,FF,FF,FF
44663,3283,0xCFF6600,1,8,FC,08,FF,FF,FF,FF,FF,FF
44682,3284,0xCF00400,1,8,FF,FF,FF,E0,47,FF,FF,FF
44683,3285,0xCFF6600,1,8,FC,08,FF,FF,FF,FF,FF,FF
44702,3286,0xCF00400,1,8,FF,FF,FF,E0,47,FF,FF,FF
44703,3287,0xCFF6600,1,8,FC,08,FF,FF,FF,FF,FF,FF
44722,3288,0xCF00400,1,8,FF,FF,FF,A8,47,FF,FF,FF
44723,3289,0xCFF6600,1,8,F5,08,FF,FF,FF,FF,FF,FF
44742,3290,0xCF00400,1,8,FF,FF,FF,4A,47,FF,FF,FF
44743,3291,0xCFF6600,1,8,E9,08,FF,FF,FF,FF,FF,FF
44747,3292,0x18FEFC17,1,8,FF,1F,FF,FF,FF,FF,FF,FF
44753,3293,0x18FEF100,1,8,3F,00,00,FF,FF,FF,FF,FF
44754,3294,0x10FF6500,1,8,FC,FF,FF,FF,FF,FF,FF,FF
44754,3295,0x18F00500,1,8,FF,FF,FF,FF,20,2D,FF,FF
44755,3296,0x18FEF200,1,8,26,00,00,B4,00,00,00,FF
44762,3297,0xCF00400,1,8,FF,FF,FF,4A,47,FF,FF,FF
44763,3298,0xCFF6600,1,8,E9,08,FF,FF,FF,FF,FF,FF
44767,3299,0x18FEF517,1,8,FF,FF,FF,20,1D,FF,FF,FF
44782,3300,0xCF00400,1,8,FF,FF,FF,52,47,FF,FF,FF
44783,3301,0xCFF6600,1,8,EA,08,FF,FF,FF,FF,FF,FF
44790,3302,0x18FEC117,1,8,F0,1D,00,00,03,1E,00,00
44803,3303,0xCF00400,1,8,FF,FF,FF,A8,47,FF,FF,FF
44803,3304,0xCFF6600,1,8,F5,08,FF,FF,FF,FF,FF,FF
44807,3305,0x18EA0017,1,3,6B,FF,00,--,--,--,--,--
44812,3306,0x18FEEE00,1,8,3A,FF,FF,FF,FF,FF,FF,FF
44813,3307,0x18FDE500,1,8,0A,14,1E,28,32,3C,46,13
44822,3308,0xCF00400,1,8,FF,FF,FF,10,48,FF,FF,FF
44823,3309,0xCFF6600,1,8,02,09,FF,FF,FF,FF,FF,FF
44831,3310,0x18E81700,1,8,01,FF,FF,FF,FF,6B,FF,00
44832,3311,0x1CECFF00,1,8,20,0E,00,02,FF,CA,FE,00
44842,3312,0xCF00400,1,8,FF,FF,FF,7A,48,FF,FF,FF
44843,3313,0xCFF6600,1,8,0F,09,FF,FF,FF,FF,FF,FF
44853,3314,0x18FEF100,1,8,3F,00,00,FF,FF,FF,FF,FF
44854,3315,0x18F00500,1,8,FF,FF,FF,FF,20,2D,FF,FF
44854,3316,0x18FEF200,1,8,25,00,00,3C,00,00,00,FF
44862,3317,0xCF00400,1,8,FF,FF,FF,7A,48,FF,FF,FF
44863,3318,0xCFF6600,1,8,0F,09,FF,FF,FF,FF,FF,FF
44882,3319,0xCF00400,1,8,FF,FF,FF,1A,48,FF,FF,FF
44883,3320,0xCFF6600,1,8,03,09,FF,FF,FF,FF,FF,FF
44883,3321,0x1CEBFF00,1,8,01,40,FF,0F,F0,E5,01,02
44902,3322,0xCF00400,1,8,FF,FF,FF,0E,47,FF,FF,FF
44903,3323,0xCFF6600,1,8,E1,08,FF,FF,FF,FF,FF,FF
44922,3324,0xCF00400,1,8,FF,FF,FF,A2,46,FF,FF,FF
44923,3325,0xCFF6600,1,8,D4,08,FF,FF,FF,FF,FF,FF
44932,3326,0x1CEBFF00,1,8,02,F0,E3,02,6E,00,03,01
44942,3327,0xCF00400,1,8,FF,FF,FF,A2,46,FF,FF,FF
44943,3328,0xCFF6600,1,8,D4,08,FF,FF,FF,FF,FF,FF
44953,3329,0x18FEF100,1,8,3F,00,00,FF,FF,FF,FF,FF
44954,3330,0x18F00500,1,8,FF,FF,FF,FF,20,2D,FF,FF
44954,3331,0x10FF6500,1,8,FC,FF,FF,FF,FF,FF,FF,FF
44955,3332,0x18FEF200,1,8,25,00,00,3C,00,00,00,FF
44962,3333,0xCF00400,1,8,FF,FF,FF,D6,46,FF,FF,FF
44963,3334,0xCFF6600,1,8,DA,08,FF,FF,FF,FF,FF,FF
44982,3335,0xCF00400,1,8,FF,FF,FF,32,47,FF,FF,FF
44983,3336,0xCFF6600,1,8,E6,08,FF,FF,FF,FF,FF,FF
45002,3337,0xCF00400,1,8,FF,FF,FF,9C,47,FF,FF,FF
45003,3338,0xCFF6600,1,8,F3,08,FF,FF,FF,FF,FF,FF
45022,3339,0xCF00400,1,8,FF,FF,FF,9C,47,FF,FF,FF
45023,3340,0xCFF6600,1,8,F3,08,FF,FF,FF,FF,FF,FF
45042,3341,0xCF00400,1,8,FF,FF,FF,B8,47,FF,FF,FF
45043,3342,0xCFF6600,1,8,F7,08,FF,FF,FF,FF,FF,FF
45054,3343,0x18FEF100,1,8,3F,00,00,FF,FF,FF,FF,FF
45054,3344,0x18F00500,1,8,FF,FF,FF,FF,20,2D,FF,FF
45055,3345,0x18FEF200,1,8,25,00,00,3C,00,00,00,FF
45062,3346,0xCF00400,1,8,FF,FF,FF,96,47,FF,FF,FF
45063,3347,0xCFF6600,1,8,F2,08,FF,FF,FF,FF,FF,FF
45082,3348,0xCF00400,1,8,FF,FF,FF,7A,47,FF,FF,FF
45083,3349,0xCFF6600,1,8,EF,08,FF,FF,FF,FF,FF,FF
45102,3350,0xCF00400,1,8,FF,FF,FF,7A,47,FF,FF,FF
45103,3351,0xCFF6600,1,8,EF,08,FF,FF,FF,FF,FF,FF
45122,3352,0xCF00400,1,8,FF,FF,FF,6A,47,FF,FF,FF
45123,3353,0xCFF6600,1,8,ED,08,FF,FF,FF,FF,FF,FF
45143,3354,0xCF00400,1,8,FF,FF,FF,CC,47,FF,FF,FF
45143,3355,0xCFF6600,1,8,F9,08,FF,FF,FF,FF,FF,FF
45153,3356,0x18FEF100,1,8,3F,00,00,FF,FF,FF,FF,FF
45154,3357,0x10FF6500,1,8,FC,FF,FF,FF,FF,FF,FF,FF
45154,3358,0x18F00500,1,8,FF,FF,FF,FF,20,2D,FF,FF
45155,3359,0x18F00600,1,8,FF,FF,FF,FF,FF,FF,FF,FF
45156,3360,0x18FEF200,1,8,25,00,00,3C,00,00,00,FF
45156,3361,0x1CFDDF00,1,8,FE,FF,FF,FF,FF,FF,FF,FF
45157,3362,0x1CFF6A00,1,8,FC,FF,FF,FF,FF,FF,FF,FF
45162,3363,0xCF00400,1,8,FF,FF,FF,7A,48,FF,FF,FF
45163,3364,0xCFF6600,1,8,0F,09,FF,FF,FF,FF,FF,FF
45183,3365,0xCF00400,1,8,FF,FF,FF,52,48,FF,FF,FF
45183,3366,0xCFF6600,1,8,0A,09,FF,FF,FF,FF,FF,FF
45202,3367,0xCF00400,1,8,FF,FF,FF,52,48,FF,FF,FF
45203,3368,0xCFF6600,1,8,0A,09,FF,FF,FF,FF,FF,FF
45223,3369,0xCF00400,1,8,FF,FF,FF,88,47,FF,FF,FF
45223,3370,0xCFF6600,1,8,F1,08,FF,FF,FF,FF,FF,FF
45242,3371,0xCF00400,1,8,FF,FF,FF,FE,46,FF,FF,FF
45243,3372,0xCFF6600,1,8,DF,08,FF,FF,FF,FF,FF,FF
45253,3373,0x18FEF100,1,8,3F,00,00,FF,FF,FF,FF,FF
45254,3374,0x18F00500,1,8,FF,FF,FF,FF,20,2D,FF,FF
45254,3375,0x18FEF200,1,8,25,00,00,3C,00,00,00,FF
45263,3376,0xCF00400,1,8,FF,FF,FF,B8,46,FF,FF,FF
45263,3377,0xCFF6600,1,8,D7,08,FF,FF,FF,FF,FF,FF
45282,3378,0xCF00400,1,8,FF,FF,FF,B8,46,FF,FF,FF
45283,3379,0xCFF6600,1,8,D7,08,FF,FF,FF,FF,FF,FF
45302,3380,0xCF00400,1,8,FF,FF,FF,CE,46,FF,FF,FF
45303,3381,0xCFF6600,1,8,D9,08,FF,FF,FF,FF,FF,FF
45307,3382,0x18EA0017,1,3,6B,FF,00,--,--,--,--,--
45322,3383,0xCF00400,1,8,FF,FF,FF,20,47,FF,FF,FF
45323,3384,0xCFF6600,1,8,E4,08,FF,FF,FF,FF,FF,FF
45331,3385,0x18E81700,1,8,01,FF,FF,FF,FF,6B,FF,00
45342,3386,0xCF00400,1,8,FF,FF,FF,3C,47,FF,FF,FF
45343,3387,0xCFF6600,1,8,E7,08,FF,FF,FF,FF,FF,FF
45353,3388,0x18FEF100,1,8,3F,00,00,FF,FF,FF,FF,FF
45354,3389,0x10FF6500,1,8,FC,FF,FF,FF,FF,FF,FF,FF
45355,3390,0x18F00500,1,8,FF,FF,FF,FF,20,2D,FF,FF
45355,3391,0x18FEF200,1,8,25,00,00,3C,00,00,00,FF
45362,3392,0xCF00400,1,8,FF,FF,FF,3C,47,FF,FF,FF
45363,3393,0xCFF6600,1,8,E7,08,FF,FF,FF,FF,FF,FF
45382,3394,0xCF00400,1,8,FF,FF,FF,44,47,FF,FF,FF
45383,3395,0xCFF6600,1,8,E8,08,FF,FF,FF,FF,FF,FF
45402,3396,0xCF00400,1,8,FF,FF,FF,8E,47,FF,FF,FF
45403,3397,0xCFF6600,1,8,F1,08,FF,FF,FF,FF,FF,FF
45422,3398,0xCF00400,1,8,FF,FF,FF,FA,47,FF,FF,FF
45423,3399,0xCFF6600,1,8,FF,08,FF,FF,FF,FF,FF,FF
45442,3400,0xCF00400,1,8,FF,FF,FF,FA,47,FF,FF,FF
45443,3401,0xCFF6600,1,8,FF,08,FF,FF,FF,FF,FF,FF
45453,3402,0x18FEF100,1,8,3F,00,00,FF,FF,FF,FF,FF
45454,3403,0x18F00500,1,8,FF,FF,FF,FF,20,2D,FF,FF
45454,3404,0x18FEF200,1,8,25,00,00,3C,00,00,00,FF
45462,3405,0xCF00400,1,8,FF,FF,FF,94,48,FF,FF,FF
45463,3406,0xCFF6600,1,8,12,09,FF,FF,FF,FF,FF,FF
45482,3407,0xCF00400,1,8,FF,FF,FF,4A,49,FF,FF,FF
45483,3408,0xCFF6600,1,8,29,09,FF,FF,FF,FF,FF,FF
45502,3409,0xCF00400,1,8,FF,FF,FF,90,49,FF,FF,FF
45503,3410,0xCFF6600,1,8,32,09,FF,FF,FF,FF,FF,FF
45522,3411,0xCF00400,1,8,FF,FF,FF,8C,49,FF,FF,FF
45523,3412,0xCFF6600,1,8,31,09,FF,FF,FF,FF,FF,FF
45542,3413,0xCF00400,1,8,FF,FF,FF,8C,49,FF,FF,FF
45543,3414,0xCFF6600,1,8,31,09,FF,FF,FF,FF,FF,FF
45553,3415,0x18FEF100,1,8,3F,00,00,FF,FF,FF,FF,FF
45554,3416,0x10FF6500,1,8,FC,FF,FF,FF,FF,FF,FF,FF
45554,3417,0x18F00500,1,8,FF,FF,FF,FF,20,2D,FF,FF
45555,3418,0x18FEF200,1,8,25,00,00,3C,00,00,00,FF
45562,3419,0xCF00400,1,8,FF,FF,FF,66,49,FF,FF,FF
45563,3420,0xCFF6600,1,8,2C,09,FF,FF,FF,FF,FF,FF
45582,3421,0xCF00400,1,8,FF,FF,FF,2E,49,FF,FF,FF
45583,3422,0xCFF6600,1,8,25,09,FF,FF,FF,FF,FF,FF
45602,3423,0xCF00400,1,8,FF,FF,FF,06,49,FF,FF,FF
45603,3424,0xCFF6600,1,8,20,09,FF,FF,FF,FF,FF,FF
45622,3425,0xCF00400,1,8,FF,FF,FF,06,49,FF,FF,FF
45623,3426,0xCFF6600,1,8,20,09,FF,FF,FF,FF,FF,FF
45642,3427,0xCF00400,1,8,FF,FF,FF,E2,48,FF,FF,FF
45643,3428,0xCFF6600,1,8,1C,09,FF,FF,FF,FF,FF,FF
45653,3429,0x18FEF100,1,8,3F,00,00,FF,FF,FF,FF,FF
45654,3430,0x18F00500,1,8,FF,FF,FF,FF,20,2D,FF,FF
45654,3431,0x18F00600,1,8,FF,FF,FF,FF,FF,FF,FF,FF
45655,3432,0x18FEF200,1,8,25,00,00,3C,00,00,00,FF
45656,3433,0x1CFDDF00,1,8,FE,FF,FF,FF,FF,FF,FF,FF
45656,3434,0x1CFF6A00,1,8,FC,FF,FF,FF,FF,FF,FF,FF
45663,3435,0xCF00400,1,8,FF,FF,FF,FC,48,FF,FF,FF
45663,3436,0xCFF6600,1,8,1F,09,FF,FF,FF,FF,FF,FF
45682,3437,0xCF00400,1,8,FF,FF,FF,46,49,FF,FF,FF
45683,3438,0xCFF6600,1,8,28,09,FF,FF,FF,FF,FF,FF
45702,3439,0xCF00400,1,8,FF,FF,FF,90,49,FF,FF,FF
45703,3440,0xCFF6600,1,8,32,09,FF,FF,FF,FF,FF,FF
45722,3441,0xCF00400,1,8,FF,FF,FF,90,49,FF,FF,FF
45723,3442,0xCFF6600,1,8,32,09,FF,FF,FF,FF,FF,FF
45742,3443,0xCF00400,1,8,FF,FF,FF,E2,49,FF,FF,FF
45743,3444,0xCFF6600,1,8,3C,09,FF,FF,FF,FF,FF,FF
45753,3445,0x18FEF100,1,8,3F,00,00,FF,FF,FF,FF,FF
45754,3446,0x10FF6500,1,8,FC,FF,FF,FF,FF,FF,FF,FF
45754,3447,0x18F00500,1,8,FF,FF,FF,FF,20,2D,FF,FF
45755,3448,0x18FEF200,1,8,25,00,00,3C,00,00,00,FF
45762,3449,0xCF00400,1,8,FF,FF,FF,22,4A,FF,FF,FF
45763,3450,0xCFF6600,1,8,44,09,FF,FF,FF,FF,FF,FF
45782,3451,0xCF00400,1,8,FF,FF,FF,42,4A,FF,FF,FF
45783,3452,0xCFF6600,1,8,48,09,FF,FF,FF,FF,FF,FF
45803,3453,0xCF00400,1,8,FF,FF,FF,BA,49,FF,FF,FF
45803,3454,0xCFF6600,1,8,37,09,FF,FF,FF,FF,FF,FF
45812,3455,0x18FEEE00,1,8,3B,FF,FF,FF,FF,FF,FF,FF
45813,3456,0x18FDE500,1,8,0A,14,1E,28,32,3C,46,13
45822,3457,0xCF00400,1,8,FF,FF,FF,BA,49,FF,FF,FF
45823,3458,0xCFF6600,1,8,37,09,FF,FF,FF,FF,FF,FF
45832,3459,0x1CECFF00,1,8,20,0E,00,02,FF,CA,FE,00
45842,3460,0xCF00400,1,8,FF,FF,FF,BC,48,FF,FF,FF
45843,3461,0xCFF6600,1,8,17,09,FF,FF,FF,FF,FF,FF
45854,3462,0x18FEF100,1,8,3F,00,00,FF,FF,FF,FF,FF
45854,3463,0x18F00500,1,8,FF,FF,FF,FF,20,2D,FF,FF
45855,3464,0x18FEF200,1,8,24,00,00,14,00,00,00,FF
45862,3465,0xCF00400,1,8,FF,FF,FF,50,48,FF,FF,FF
45863,3466,0xCFF6600,1,8,0A,09,FF,FF,FF,FF,FF,FF
45882,3467,0xCF00400,1,8,FF,FF,FF,4E,48,FF,FF,FF
45883,3468,0xCFF6600,1,8,09,09,FF,FF,FF,FF,FF,FF
45883,3469,0x1CEBFF00,1,8,01,40,FF,0F,F0,E5,01,02
45902,3470,0xCF00400,1,8,FF,FF,FF,4E,48,FF,FF,FF
45903,3471,0xCFF6600,1,8,09,09,FF,FF,FF,FF,FF,FF
45922,3472,0xCF00400,1,8,FF,FF,FF,18,48,FF,FF,FF
45923,3473,0xCFF6600,1,8,03,09,FF,FF,FF,FF,FF,FF
45933,3474,0x1CEBFF00,1,8,02,F0,E3,02,6E,00,03,01
45942,3475,0xCF00400,1,8,FF,FF,FF,C2,47,FF,FF,FF
45943,3476,0xCFF6600,1,8,F8,08,FF,FF,FF,FF,FF,FF
45953,3477,0x18FEF100,1,8,3F,00,00,FF,FF,FF,FF,FF
45954,3478,0x10FF6500,1,8,FC,FF,FF,FF,FF,FF,FF,FF
45954,3479,0x18F00500,1,8,FF,FF,FF,FF,20,2D,FF,FF
45955,3480,0x18FEF200,1,8,24,00,00,14,00,00,00,FF
45962,3481,0xCF00400,1,8,FF,FF,FF,38,47,FF,FF,FF
45963,3482,0xCFF6600,1,8,E7,08,FF,FF,FF,FF,FF,FF
45982,3483,0xCF00400,1,8,FF,FF,FF,38,47,FF,FF,FF
45983,3484,0xCFF6600,1,8,E7,08,FF,FF,FF,FF,FF,FF
46002,3485,0xCF00400,1,8,FF,FF,FF,86,46,FF,FF,FF
46003,3486,0xCFF6600,1,8,D0,08,FF,FF,FF,FF,FF,FF
46022,3487,0xCF00400,1,8,FF,FF,FF,50,46,FF,FF,FF
46023,3488,0xCFF6600,1,8,CA,08,FF,FF,FF,FF,FF,FF
46042,3489,0xCF00400,1,8,FF,FF,FF,7C,46,FF,FF,FF
46043,3490,0xCFF6600,1,8,CF,08,FF,FF,FF,FF,FF,FF
46054,3491,0x18FEF100,1,8,3F,00,00,FF,FF,FF,FF,FF
46054,3492,0x18F00500,1,8,FF,FF,FF,FF,20,2D,FF,FF
46055,3493,0x18FEF200,1,8,24,00,00,14,00,00,00,FF
46062,3494,0xCF00400,1,8,FF,FF,FF,7C,46,FF,FF,FF
46063,3495,0xCFF6600,1,8,CF,08,FF,FF,FF,FF,FF,FF
46082,3496,0xCF00400,1,8,FF,FF,FF,86,46,FF,FF,FF
46083,3497,0xCFF6600,1,8,D0,08,FF,FF,FF,FF,FF,FF
46102,3498,0xCF00400,1,8,FF,FF,FF,7A,46,FF,FF,FF
46103,3499,0xCFF6600,1,8,CF,08,FF,FF,FF,FF,FF,FF
46122,3500,0xCF00400,1,8,FF,FF,FF,40,46,FF,FF,FF
46123,3501,0xCFF6600,1,8,C8,08,FF,FF,FF,FF,FF,FF
46142,3502,0xCF00400,1,8,FF,FF,FF,40,46,FF,FF,FF
46143,3503,0xCFF6600,1,8,C8,08,FF,FF,FF,FF,FF,FF
46153,3504,0x18FEF100,1,8,3F,00,00,FF,FF,FF,FF,FF
46154,3505,0x10FF6500,1,8,FC,FF,FF,FF,FF,FF,FF,FF
46154,3506,0x18F00500,1,8,FF,FF,FF,FF,20,2D,FF,FF
46155,3507,0x18F00600,1,8,FF,FF,FF,FF,FF,FF,FF,FF
46155,3508,0x18FEF200,1,8,24,00,00,14,00,00,00,FF
46156,3509,0x1CFDDF00,1,8,FE,FF,FF,FF,FF,FF,FF,FF
46157,3510,0x1CFF6A00,1,8,FC,FF,FF,FF,FF,FF,FF,FF
46162,3511,0xCF00400,1,8,FF,FF,FF,DA,45,FF,FF,FF
46163,3512,0xCFF6600,1,8,BB,08,FF,FF,FF,FF,FF,FF
46182,3513,0xCF00400,1,8,FF,FF,FF,D2,45,FF,FF,FF
46183,3514,0xCFF6600,1,8,BA,08,FF,FF,FF,FF,FF,FF
46202,3515,0xCF00400,1,8,FF,FF,FF,28,46,FF,FF,FF
46203,3516,0xCFF6600,1,8,C5,08,FF,FF,FF,FF,FF,FF
46222,3517,0xCF00400,1,8,FF,FF,FF,28,46,FF,FF,FF
46223,3518,0xCFF6600,1,8,C5,08,FF,FF,FF,FF,FF,FF
46242,3519,0xCF00400,1,8,FF,FF,FF,64,46,FF,FF,FF
46243,3520,0xCFF6600,1,8,CC,08,FF,FF,FF,FF,FF,FF
46254,3521,0x18FEF100,1,8,3F,00,00,FF,FF,FF,FF,FF
46254,3522,0x18F00500,1,8,FF,FF,FF,FF,20,2D,FF,FF
46255,3523,0x18FEF200,1,8,24,00,00,14,00,00,00,FF
46262,3524,0xCF00400,1,8,FF,FF,FF,88,46,FF,FF,FF
46263,3525,0xCFF6600,1,8,D1,08,FF,FF,FF,FF,FF,FF
46282,3526,0xCF00400,1,8,FF,FF,FF,9E,46,FF,FF,FF
46283,3527,0xCFF6600,1,8,D3,08,FF,FF,FF,FF,FF,FF
46302,3528,0xCF00400,1,8,FF,FF,FF,9E,46,FF,FF,FF
46303,3529,0xCFF6600,1,8,D3,08,FF,FF,FF,FF,FF,FF
46322,3530,0xCF00400,1,8,FF,FF,FF,9E,46,FF,FF,FF
46323,3531,0xCFF6600,1,8,D3,08,FF,FF,FF,FF,FF,FF
46342,3532,0xCF00400,1,8,FF,FF,FF,A4,46,FF,FF,FF
46343,3533,0xCFF6600,1,8,D4,08,FF,FF,FF,FF,FF,FF
46353,3534,0x18FEF100,1,8,3F,00,00,FF,FF,FF,FF,FF
46354,3535,0x10FF6500,1,8,FC,FF,FF,FF,FF,FF,FF,FF
46354,3536,0x18F00500,1,8,FF,FF,FF,FF,20,2D,FF,FF
46355,3537,0x18FEF200,1,8,24,00,00,14,00,00,00,FF
46362,3538,0xCF00400,1,8,FF,FF,FF,AE,46,FF,FF,FF
46363,3539,0xCFF6600,1,8,D5,08,FF,FF,FF,FF,FF,FF
46382,3540,0xCF00400,1,8,FF,FF,FF,AE,46,FF,FF,FF
46383,3541,0xCFF6600,1,8,D5,08,FF,FF,FF,FF,FF,FF
46402,3542,0xCF00400,1,8,FF,FF,FF,4E,46,FF,FF,FF
46403,3543,0xCFF6600,1,8,C9,08,FF,FF,FF,FF,FF,FF
46422,3544,0xCF00400,1,8,FF,FF,FF,96,45,FF,FF,FF
46423,3545,0xCFF6600,1,8,B2,08,FF,FF,FF,FF,FF,FF
46442,3546,0xCF00400,1,8,FF,FF,FF,4C,45,FF,FF,FF
46443,3547,0xCFF6600,1,8,A9,08,FF,FF,FF,FF,FF,FF
46454,3548,0x18FEF100,1,8,3F,00,00,FF,FF,FF,FF,FF
46454,3549,0x18F00500,1,8,FF,FF,FF,FF,20,2D,FF,FF
46455,3550,0x18FEF200,1,8,24,00,00,14,00,00,00,FF
46462,3551,0xCF00400,1,8,FF,FF,FF,4C,45,FF,FF,FF
46463,3552,0xCFF6600,1,8,A9,08,FF,FF,FF,FF,FF,FF
46482,3553,0xCF00400,1,8,FF,FF,FF,60,45,FF,FF,FF
46483,3554,0xCFF6600,1,8,AC,08,FF,FF,FF,FF,FF,FF
46502,3555,0xCF00400,1,8,FF,FF,FF,C4,45,FF,FF,FF
46503,3556,0xCFF6600,1,8,B8,08,FF,FF,FF,FF,FF,FF
46522,3557,0xCF00400,1,8,FF,FF,FF,66,46,FF,FF,FF
46523,3558,0xCFF6600,1,8,CC,08,FF,FF,FF,FF,FF,FF
46542,3559,0xCF00400,1,8,FF,FF,FF,66,46,FF,FF,FF
46543,3560,0xCFF6600,1,8,CC,08,FF,FF,FF,FF,FF,FF
46553,3561,0x18FEF100,1,8,3F,00,00,FF,FF,FF,FF,FF
46554,3562,0x18F00500,1,8,FF,FF,FF,FF,20,2D,FF,FF
46554,3563,0x10FF6500,1,8,FC,FF,FF,FF,FF,FF,FF,FF
46555,3564,0x18FEF200,1,8,24,00,00,14,00,00,00,FF
46562,3565,0xCF00400,1,8,FF,FF,FF,82,46,FF,FF,FF
46563,3566,0xCFF6600,1,8,D0,08,FF,FF,FF,FF,FF,FF
46582,3567,0xCF00400,1,8,FF,FF,FF,40,46,FF,FF,FF
46583,3568,0xCFF6600,1,8,C8,08,FF,FF,FF,FF,FF,FF
46602,3569,0xCF00400,1,8,FF,FF,FF,FC,45,FF,FF,FF
46603,3570,0xCFF6600,1,8,BF,08,FF,FF,FF,FF,FF,FF
46622,3571,0xCF00400,1,8,FF,FF,FF,FC,45,FF,FF,FF
46623,3572,0xCFF6600,1,8,BF,08,FF,FF,FF,FF,FF,FF
46642,3573,0xCF00400,1,8,FF,FF,FF,BE,45,FF,FF,FF
46643,3574,0xCFF6600,1,8,B7,08,FF,FF,FF,FF,FF,FF
46654,3575,0x18FEF100,1,8,3F,00,00,FF,FF,FF,FF,FF
46654,3576,0x18F00500,1,8,FF,FF,FF,FF,20,2D,FF,FF
46655,3577,0x18F00600,1,8,FF,FF,FF,FF,FF,FF,FF,FF
46656,3578,0x18FEF200,1,8,24,00,00,14,00,00,00,FF
46656,3579,0x1CFDDF00,1,8,FE,FF,FF,FF,FF,FF,FF,FF
46657,3580,0x1CFF6A00,1,8,FC,FF,FF,FF,FF,FF,FF,FF
46662,3581,0xCF00400,1,8,FF,FF,FF,8C,45,FF,FF,FF
46663,3582,0xCFF6600,1,8,B1,08,FF,FF,FF,FF,FF,FF
46682,3583,0xCF00400,1,8,FF,FF,FF,6A,45,FF,FF,FF
46683,3584,0xCFF6600,1,8,AD,08,FF,FF,FF,FF,FF,FF
46702,3585,0xCF00400,1,8,FF,FF,FF,6A,45,FF,FF,FF
46703,3586,0xCFF6600,1,8,AD,08,FF,FF,FF,FF,FF,FF
46722,3587,0xCF00400,1,8,FF,FF,FF,1A,45,FF,FF,FF
46723,3588,0xCFF6600,1,8,A3,08,FF,FF,FF,FF,FF,FF
46742,3589,0xCF00400,1,8,FF,FF,FF,96,44,FF,FF,FF
46743,3590,0xCFF6600,1,8,92,08,FF,FF,FF,FF,FF,FF
46753,3591,0x18FEF100,1,8,3F,00,00,FF,FF,FF,FF,FF
46754,3592,0x10FF6500,1,8,FC,FF,FF,FF,FF,FF,FF,FF
46754,3593,0x18F00500,1,8,FF,FF,FF,FF,20,2D,FF,FF
46755,3594,0x18FEF200,1,8,24,00,00,14,00,00,00,FF
46763,3595,0xCF00400,1,8,FF,FF,FF,98,44,FF,FF,FF
46763,3596,0xCFF6600,1,8,93,08,FF,FF,FF,FF,FF,FF
46782,3597,0xCF00400,1,8,FF,FF,FF,98,44,FF,FF,FF
46783,3598,0xCFF6600,1,8,93,08,FF,FF,FF,FF,FF,FF
46802,3599,0xCF00400,1,8,FF,FF,FF,06,45,FF,FF,FF
46803,3600,0xCFF6600,1,8,A0,08,FF,FF,FF,FF,FF,FF
46812,3601,0x18FEEE00,1,8,3C,FF,FF,FF,FF,FF,FF,FF
46813,3602,0x18FDE500,1,8,0A,14,1E,28,32,3C,46,13
46822,3603,0xCF00400,1,8,FF,FF,FF,9A,45,FF,FF,FF
46823,3604,0xCFF6600,1,8,B3,08,FF,FF,FF,FF,FF,FF
46832,3605,0x1CECFF00,1,8,20,0E,00,02,FF,CA,FE,00
46843,3606,0xCF00400,1,8,FF,FF,FF,52,46,FF,FF,FF
46843,3607,0xCFF6600,1,8,CA,08,FF,FF,FF,FF,FF,FF
46853,3608,0x18FEF100,1,8,3F,00,00,FF,FF,FF,FF,FF
46854,3609,0x18F00500,1,8,FF,FF,FF,FF,20,2D,FF,FF
46854,3610,0x18FEF200,1,8,23,00,00,07,00,00,00,FF
46862,3611,0xCF00400,1,8,FF,FF,FF,52,46,FF,FF,FF
46863,3612,0xCFF6600,1,8,CA,08,FF,FF,FF,FF,FF,FF
46883,3613,0xCF00400,1,8,FF,FF,FF,8C,46,FF,FF,FF
46883,3614,0xCFF6600,1,8,D1,08,FF,FF,FF,FF,FF,FF
46884,3615,0x1CEBFF00,1,8,01,40,FF,0F,F0,E5,01,02
46902,3616,0xCF00400,1,8,FF,FF,FF,62,46,FF,FF,FF
46903,3617,0xCFF6600,1,8,CC,08,FF,FF,FF,FF,FF,FF
46923,3618,0xCF00400,1,8,FF,FF,FF,8C,46,FF,FF,FF
46923,3619,0xCFF6600,1,8,D1,08,FF,FF,FF,FF,FF,FF
46932,3620,0x1CEBFF00,1,8,02,F0,E3,02,6E,00,03,01
46942,3621,0xCF00400,1,8,FF,FF,FF,8C,46,FF,FF,FF
46943,3622,0xCFF6600,1,8,D1,08,FF,FF,FF,FF,FF,FF
46953,3623,0x18FEF100,1,8,3F,00,00,FF,FF,FF,FF,FF
46954,3624,0x10FF6500,1,8,FC,FF,FF,FF,FF,FF,FF,FF
46954,3625,0x18F00500,1,8,FF,FF,FF,FF,20,2D,FF,FF
46955,3626,0x18FEF200,1,8,23,00,00,07,00,00,00,FF
46963,3627,0xCF00400,1,8,FF,FF,FF,FA,46,FF,FF,FF
46963,3628,0xCFF6600,1,8,DF,08,FF,FF,FF,FF,FF,FF
46982,3629,0xCF00400,1,8,FF,FF,FF,BA,46,FF,FF,FF
46983,3630,0xCFF6600,1,8,D7,08,FF,FF,FF,FF,FF,FF
47003,3631,0xCF00400,1,8,FF,FF,FF,F2,45,FF,FF,FF
47003,3632,0xCFF6600,1,8,BE,08,FF,FF,FF,FF,FF,FF
47022,3633,0xCF00400,1,8,FF,FF,FF,F2,45,FF,FF,FF
47023,3634,0xCFF6600,1,8,BE,08,FF,FF,FF,FF,FF,FF
47043,3635,0xCF00400,1,8,FF,FF,FF,A0,45,FF,FF,FF
47043,3636,0xCFF6600,1,8,B4,08,FF,FF,FF,FF,FF,FF
47053,3637,0x18FEF100,1,8,3F,00,00,FF,FF,FF,FF,FF
47054,3638,0x18F00500,1,8,FF,FF,FF,FF,20,2D,FF,FF
47054,3639,0x18FEF200,1,8,23,00,00,07,00,00,00,FF
47062,3640,0xCF00400,1,8,FF,FF,FF,AE,45,FF,FF,FF
47063,3641,0xCFF6600,1,8,B5,08,FF,FF,FF,FF,FF,FF
47083,3642,0xCF00400,1,8,FF,FF,FF,AE,45,FF,FF,FF
47083,3643,0xCFF6600,1,8,B5,08,FF,FF,FF,FF,FF,FF
47102,3644,0xCF00400,1,8,FF,FF,FF,AE,45,FF,FF,FF
47103,3645,0xCFF6600,1,8,B5,08,FF,FF,FF,FF,FF,FF
47122,3646,0xCF00400,1,8,FF,FF,FF,AA,45,FF,FF,FF
47123,3647,0xCFF6600,1,8,B5,08,FF,FF,FF,FF,FF,FF
47142,3648,0xCF00400,1,8,FF,FF,FF,9A,45,FF,FF,FF
47143,3649,0xCFF6600,1,8,B3,08,FF,FF,FF,FF,FF,FF
47153,3650,0x18FEF100,1,8,3F,00,00,FF,FF,FF,FF,FF
47154,3651,0x10FF6500,1,8,FC,FF,FF,FF,FF,FF,FF,FF
47154,3652,0x18F00500,1,8,FF,FF,FF,FF,20,2D,FF,FF
47155,3653,0x18F00600,1,8,FF,FF,FF,FF,FF,FF,FF,FF
47155,3654,0x18FEF200,1,8,23,00,00,07,00,00,00,FF
47156,3655,0x1CFDDF00,1,8,FE,FF,FF,FF,FF,FF,FF,FF
47157,3656,0x1CFF6A00,1,8,FC,FF,FF,FF,FF,FF,FF,FF
47162,3657,0xCF00400,1,8,FF,FF,FF,9A,45,FF,FF,FF
47163,3658,0xCFF6600,1,8,B3,08,FF,FF,FF,FF,FF,FF
47182,3659,0xCF00400,1,8,FF,FF,FF,76,45,FF,FF,FF
47183,3660,0xCFF6600,1,8,AE,08,FF,FF,FF,FF,FF,FF
47202,3661,0xCF00400,1,8,FF,FF,FF,50,45,FF,FF,FF
47203,3662,0xCFF6600,1,8,AA,08,FF,FF,FF,FF,FF,FF
47222,3663,0xCF00400,1,8,FF,FF,FF,20,45,FF,FF,FF
47223,3664,0xCFF6600,1,8,A4,08,FF,FF,FF,FF,FF,FF
47242,3665,0xCF00400,1,8,FF,FF,FF,20,45,FF,FF,FF
47243,3666,0xCFF6600,1,8,A4,08,FF,FF,FF,FF,FF,FF
47253,3667,0x18FEF100,1,8,3F,00,00,FF,FF,FF,FF,FF
47254,3668,0x18F00500,1,8,FF,FF,FF,FF,20,2D,FF,FF
47254,3669,0x18FEF200,1,8,23,00,00,07,00,00,00,FF
47262,3670,0xCF00400,1,8,FF,FF,FF,3C,45,FF,FF,FF
47263,3671,0xCFF6600,1,8,A7,08,FF,FF,FF,FF,FF,FF
47282,3672,0xCF00400,1,8,FF,FF,FF,98,45,FF,FF,FF
47283,3673,0xCFF6600,1,8,B3,08,FF,FF,FF,FF,FF,FF
47302,3674,0xCF00400,1,8,FF,FF,FF,B6,45,FF,FF,FF
47303,3675,0xCFF6600,1,8,B6,08,FF,FF,FF,FF,FF,FF
47322,3676,0xCF00400,1,8,FF,FF,FF,B6,45,FF,FF,FF
47323,3677,0xCFF6600,1,8,B6,08,FF,FF,FF,FF,FF,FF
47342,3678,0xCF00400,1,8,FF,FF,FF,AA,45,FF,FF,FF
47343,3679,0xCFF6600,1,8,B5,08,FF,FF,FF,FF,FF,FF
47354,3680,0x18FEF100,1,8,3F,00,00,FF,FF,FF,FF,FF
47354,3681,0x10FF6500,1,8,FC,FF,FF,FF,FF,FF,FF,FF
47355,3682,0x18F00500,1,8,FF,FF,FF,FF,20,2D,FF,FF
47355,3683,0x18FEF200,1,8,23,00,00,07,00,00,00,FF
47362,3684,0xCF00400,1,8,FF,FF,FF,88,45,FF,FF,FF
47363,3685,0xCFF6600,1,8,B1,08,FF,FF,FF,FF,FF,FF
47382,3686,0xCF00400,1,8,FF,FF,FF,4A,45,FF,FF,FF
47383,3687,0xCFF6600,1,8,A9,08,FF,FF,FF,FF,FF,FF
47402,3688,0xCF00400,1,8,FF,FF,FF,4A,45,FF,FF,FF
47403,3689,0xCFF6600,1,8,A9,08,FF,FF,FF,FF,FF,FF
47422,3690,0xCF00400,1,8,FF,FF,FF,3E,45,FF,FF,FF
47423,3691,0xCFF6600,1,8,A7,08,FF,FF,FF,FF,FF,FF
47442,3692,0xCF00400,1,8,FF,FF,FF,5E,45,FF,FF,FF
47443,3693,0xCFF6600,1,8,AB,08,FF,FF,FF,FF,FF,FF
47453,3694,0x18FEF100,1,8,3F,00,00,FF,FF,FF,FF,FF
47454,3695,0x18F00500,1,8,FF,FF,FF,FF,20,2D,FF,FF
47454,3696,0x18FEF200,1,8,23,00,00,07,00,00,00,FF
47462,3697,0xCF00400,1,8,FF,FF,FF,98,45,FF,FF,FF
47463,3698,0xCFF6600,1,8,B3,08,FF,FF,FF,FF,FF,FF
47482,3699,0xCF00400,1,8,FF,FF,FF,98,45,FF,FF,FF
47483,3700,0xCFF6600,1,8,B3,08,FF,FF,FF,FF,FF,FF
47502,3701,0xCF00400,1,8,FF,FF,FF,E4,45,FF,FF,FF
47503,3702,0xCFF6600,1,8,BC,08,FF,FF,FF,FF,FF,FF
47522,3703,0xCF00400,1,8,FF,FF,FF,1C,46,FF,FF,FF
47523,3704,0xCFF6600,1,8,C3,08,FF,FF,FF,FF,FF,FF
47542,3705,0xCF00400,1,8,FF,FF,FF,42,46,FF,FF,FF
47543,3706,0xCFF6600,1,8,C8,08,FF,FF,FF,FF,FF,FF
47553,3707,0x18FEF100,1,8,3F,00,00,FF,FF,FF,FF,FF
47554,3708,0x10FF6500,1,8,FC,FF,FF,FF,FF,FF,FF,FF
47554,3709,0x18F00500,1,8,FF,FF,FF,FF,20,2D,FF,FF
47555,3710,0x18FEF200,1,8,23,00,00,07,00,00,00,FF
47562,3711,0xCF00400,1,8,FF,FF,FF,42,46,FF,FF,FF
47563,3712,0xCFF6600,1,8,C8,08,FF,FF,FF,FF,FF,FF
47582,3713,0xCF00400,1,8,FF,FF,FF,4E,46,FF,FF,FF
47583,3714,0xCFF6600,1,8,C9,08,FF,FF,FF,FF,FF,FF
47602,3715,0xCF00400,1,8,FF,FF,FF,46,46,FF,FF,FF
47603,3716,0xCFF6600,1,8,C8,08,FF,FF,FF,FF,FF,FF
47622,3717,0xCF00400,1,8,FF,FF,FF,18,46,FF,FF,FF
47623,3718,0xCFF6600,1,8,C3,08,FF,FF,FF,FF,FF,FF
47642,3719,0xCF00400,1,8,FF,FF,FF,18,46,FF,FF,FF
47643,3720,0xCFF6600,1,8,C3,08,FF,FF,FF,FF,FF,FF
47653,3721,0x18FEF100,1,8,3F,00,00,FF,FF,FF,FF,FF
47654,3722,0x18F00500,1,8,FF,FF,FF,FF,20,2D,FF,FF
47654,3723,0x18F00600,1,8,FF,FF,FF,FF,FF,FF,FF,FF
47655,3724,0x18FEF200,1,8,23,00,00,07,00,00,00,FF
47656,3725,0x1CFDDF00,1,8,FE,FF,FF,FF,FF,FF,FF,FF
47656,3726,0x1CFF6A00,1,8,FC,FF,FF,FF,FF,FF,FF,FF
47663,3727,0xCF00400,1,8,FF,FF,FF,C6,45,FF,FF,FF
47663,3728,0xCFF6600,1,8,B8,08,FF,FF,FF,FF,FF,FF
47682,3729,0xCF00400,1,8,FF,FF,FF,C6,45,FF,FF,FF
47683,3730,0xCFF6600,1,8,B8,08,FF,FF,FF,FF,FF,FF
47703,3731,0xCF00400,1,8,FF,FF,FF,08,46,FF,FF,FF
47703,3732,0xCFF6600,1,8,C1,08,FF,FF,FF,FF,FF,FF
47722,3733,0xCF00400,1,8,FF,FF,FF,08,46,FF,FF,FF
47723,3734,0xCFF6600,1,8,C1,08,FF,FF,FF,FF,FF,FF
47743,3735,0xCF00400,1,8,FF,FF,FF,F4,45,FF,FF,FF
47743,3736,0xCFF6600,1,8,BE,08,FF,FF,FF,FF,FF,FF
47753,3737,0x18FEF100,1,8,3F,00,00,FF,FF,FF,FF,FF
47754,3738,0x18F00500,1,8,FF,FF,FF,FF,20,2D,FF,FF
47754,3739,0x10FF6500,1,8,FC,FF,FF,FF,FF,FF,FF,FF
47755,3740,0x18FEF200,1,8,23,00,00,07,00,00,00,FF
47762,3741,0xCF00400,1,8,FF,FF,FF,A0,45,FF,FF,FF
47763,3742,0xCFF6600,1,8,B4,08,FF,FF,FF,FF,FF,FF
47783,3743,0xCF00400,1,8,FF,FF,FF,20,45,FF,FF,FF
47783,3744,0xCFF6600,1,8,A4,08,FF,FF,FF,FF,FF,FF
47802,3745,0xCF00400,1,8,FF,FF,FF,20,45,FF,FF,FF
47803,3746,0xCFF6600,1,8,A4,08,FF,FF,FF,FF,FF,FF
47812,3747,0x18FEEE00,1,8,3D,FF,FF,FF,FF,FF,FF,FF
47813,3748,0x18FDE500,1,8,0A,14,1E,28,32,3C,46,13
47822,3749,0xCF00400,1,8,FF,FF,FF,84,44,FF,FF,FF
47823,3750,0xCFF6600,1,8,90,08,FF,FF,FF,FF,FF,FF
47832,3751,0x1CECFF00,1,8,20,0E,00,02,FF,CA,FE,00
47842,3752,0xCF00400,1,8,FF,FF,FF,70,44,FF,FF,FF
47843,3753,0xCFF6600,1,8,8E,08,FF,FF,FF,FF,FF,FF
47853,3754,0x18FEF100,1,8,3F,00,00,FF,FF,FF,FF,FF
47854,3755,0x18F00500,1,8,FF,FF,FF,FF,20,2D,FF,FF
47854,3756,0x18FEF200,1,8,21,00,00,02,00,00,00,FF
47862,3757,0xCF00400,1,8,FF,FF,FF,70,44,FF,FF,FF
47863,3758,0xCFF6600,1,8,8E,08,FF,FF,FF,FF,FF,FF
47882,3759,0xCF00400,1,8,FF,FF,FF,BC,44,FF,FF,FF
47883,3760,0xCFF6600,1,8,97,08,FF,FF,FF,FF,FF,FF
47883,3761,0x1CEBFF00,1,8,01,40,FF,0F,F0,E5,01,02
47902,3762,0xCF00400,1,8,FF,FF,FF,16,45,FF,FF,FF
47903,3763,0xCFF6600,1,8,A2,08,FF,FF,FF,FF,FF,FF
47922,3764,0xCF00400,1,8,FF,FF,FF,7C,45,FF,FF,FF
47923,3765,0xCFF6600,1,8,AF,08,FF,FF,FF,FF,FF,FF
47932,3766,0x1CEBFF00,1,8,02,F0,E3,02,6E,00,03,01
47942,3767,0xCF00400,1,8,FF,FF,FF,7C,45,FF,FF,FF
47943,3768,0xCFF6600,1,8,AF,08,FF,FF,FF,FF,FF,FF
47953,3769,0x18FEF100,1,8,3F,00,00,FF,FF,FF,FF,FF
47954,3770,0x10FF6500,1,8,FC,FF,FF,FF,FF,FF,FF,FF
47954,3771,0x18F00500,1,8,FF,FF,FF,FF,20,2D,FF,FF
47955,3772,0x18FEF200,1,8,21,00,00,02,00,00,00,FF
47962,3773,0xCF00400,1,8,FF,FF,FF,92,45,FF,FF,FF
47963,3774,0xCFF6600,1,8,B2,08,FF,FF,FF,FF,FF,FF
47982,3775,0xCF00400,1,8,FF,FF,FF,6A,45,FF,FF,FF
47983,3776,0xCFF6600,1,8,AD,08,FF,FF,FF,FF,FF,FF
48002,3777,0xCF00400,1,8,FF,FF,FF,50,45,FF,FF,FF
48003,3778,0xCFF6600,1,8,AA,08,FF,FF,FF,FF,FF,FF
48022,3779,0xCF00400,1,8,FF,FF,FF,50,45,FF,FF,FF
48023,3780,0xCFF6600,1,8,AA,08,FF,FF,FF,FF,FF,FF
48042,3781,0xCF00400,1,8,FF,FF,FF,3A,45,FF,FF,FF
48043,3782,0xCFF6600,1,8,A7,08,FF,FF,FF,FF,FF,FF
48053,3783,0x18FEF100,1,8,3F,00,00,FF,FF,FF,FF,FF
48054,3784,0x18F00500,1,8,FF,FF,FF,FF,20,2D,FF,FF
48054,3785,0x18FEF200,1,8,21,00,00,02,00,00,00,FF
48062,3786,0xCF00400,1,8,FF,FF,FF,20,45,FF,FF,FF
48063,3787,0xCFF6600,1,8,A4,08,FF,FF,FF,FF,FF,FF
48082,3788,0xCF00400,1,8,FF,FF,FF,0A,45,FF,FF,FF
48083,3789,0xCFF6600,1,8,A1,08,FF,FF,FF,FF,FF,FF
48102,3790,0xCF00400,1,8,FF,FF,FF,0A,45,FF,FF,FF
48103,3791,0xCFF6600,1,8,A1,08,FF,FF,FF,FF,FF,FF
48122,3792,0xCF00400,1,8,FF,FF,FF,28,45,FF,FF,FF
48123,3793,0xCFF6600,1,8,A5,08,FF,FF,FF,FF,FF,FF
48142,3794,0xCF00400,1,8,FF,FF,FF,6A,45,FF,FF,FF
48143,3795,0xCFF6600,1,8,AD,08,FF,FF,FF,FF,FF,FF
48153,3796,0x18FEF100,1,8,3F,00,00,FF,FF,FF,FF,FF
48154,3797,0x18F00500,1,8,FF,FF,FF,FF,20,2D,FF,FF
48154,3798,0x10FF6500,1,8,FC,FF,FF,FF,FF,FF,FF,FF
48155,3799,0x18F00600,1,8,FF,FF,FF,FF,FF,FF,FF,FF
48155,3800,0x18FEF200,1,8,21,00,00,02,00,00,00,FF
48156,3801,0x1CFDDF00,1,8,FE,FF,FF,FF,FF,FF,FF,FF
48157,3802,0x1CFF6A00,1,8,FC,FF,FF,FF,FF,FF,FF,FF
48163,3803,0xCF00400,1,8,FF,FF,FF,5C,45,FF,FF,FF
48163,3804,0xCFF6600,1,8,AB,08,FF,FF,FF,FF,FF,FF
48182,3805,0xCF00400,1,8,FF,FF,FF,5C,45,FF,FF,FF
48183,3806,0xCFF6600,1,8,AB,08,FF,FF,FF,FF,FF,FF
48202,3807,0xCF00400,1,8,FF,FF,FF,12,45,FF,FF,FF
48203,3808,0xCFF6600,1,8,A2,08,FF,FF,FF,FF,FF,FF
48222,3809,0xCF00400,1,8,FF,FF,FF,3E,45,FF,FF,FF
48223,3810,0xCFF6600,1,8,A7,08,FF,FF,FF,FF,FF,FF
48242,3811,0xCF00400,1,8,FF,FF,FF,3E,45,FF,FF,FF
48243,3812,0xCFF6600,1,8,A7,08,FF,FF,FF,FF,FF,FF
48253,3813,0x18FEF100,1,8,3F,00,00,FF,FF,FF,FF,FF
48254,3814,0x18F00500,1,8,FF,FF,FF,FF,20,2D,FF,FF
48254,3815,0x18FEF200,1,8,21,00,00,02,00,00,00,FF
48262,3816,0xCF00400,1,8,FF,FF,FF,C6,45,FF,FF,FF
48263,3817,0xCFF6600,1,8,B8,08,FF,FF,FF,FF,FF,FF
48282,3818,0xCF00400,1,8,FF,FF,FF,F2,45,FF,FF,FF
48283,3819,0xCFF6600,1,8,BE,08,FF,FF,FF,FF,FF,FF
48302,3820,0xCF00400,1,8,FF,FF,FF,D4,45,FF,FF,FF
48303,3821,0xCFF6600,1,8,BA,08,FF,FF,FF,FF,FF,FF
48322,3822,0xCF00400,1,8,FF,FF,FF,D4,45,FF,FF,FF
48323,3823,0xCFF6600,1,8,BA,08,FF,FF,FF,FF,FF,FF
48342,3824,0xCF00400,1,8,FF,FF,FF,5A,45,FF,FF,FF
48343,3825,0xCFF6600,1,8,AB,08,FF,FF,FF,FF,FF,FF
48354,3826,0x18FEF100,1,8,3F,00,00,FF,FF,FF,FF,FF
48354,3827,0x10FF6500,1,8,FC,FF,FF,FF,FF,FF,FF,FF
48355,3828,0x18F00500,1,8,FF,FF,FF,FF,20,2D,FF,FF
48355,3829,0x18FEF200,1,8,21,00,00,02,00,00,00,FF
48362,3830,0xCF00400,1,8,FF,FF,FF,86,44,FF,FF,FF
48363,3831,0xCFF6600,1,8,90,08,FF,FF,FF,FF,FF,FF
48382,3832,0xCF00400,1,8,FF,FF,FF,54,44,FF,FF,FF
48383,3833,0xCFF6600,1,8,8A,08,FF,FF,FF,FF,FF,FF
48402,3834,0xCF00400,1,8,FF,FF,FF,54,44,FF,FF,FF
48403,3835,0xCFF6600,1,8,8A,08,FF,FF,FF,FF,FF,FF
48422,3836,0xCF00400,1,8,FF,FF,FF,B6,44,FF,FF,FF
48423,3837,0xCFF6600,1,8,96,08,FF,FF,FF,FF,FF,FF
48442,3838,0xCF00400,1,8,FF,FF,FF,EE,44,FF,FF,FF
48443,3839,0xCFF6600,1,8,9D,08,FF,FF,FF,FF,FF,FF
48453,3840,0x18FEF100,1,8,3F,00,00,FF,FF,FF,FF,FF
48454,3841,0x18F00500,1,8,FF,FF,FF,FF,20,2D,FF,FF
48454,3842,0x18FEF200,1,8,21,00,00,02,00,00,00,FF
48462,3843,0xCF00400,1,8,FF,FF,FF,04,45,FF,FF,FF
48463,3844,0xCFF6600,1,8,A0,08,FF,FF,FF,FF,FF,FF
48482,3845,0xCF00400,1,8,FF,FF,FF,04,45,FF,FF,FF
48483,3846,0xCFF6600,1,8,A0,08,FF,FF,FF,FF,FF,FF
48502,3847,0xCF00400,1,8,FF,FF,FF,3E,45,FF,FF,FF
48503,3848,0xCFF6600,1,8,A7,08,FF,FF,FF,FF,FF,FF
48522,3849,0xCF00400,1,8,FF,FF,FF,96,45,FF,FF,FF
48523,3850,0xCFF6600,1,8,B2,08,FF,FF,FF,FF,FF,FF
48543,3851,0xCF00400,1,8,FF,FF,FF,5A,45,FF,FF,FF
48543,3852,0xCFF6600,1,8,AB,08,FF,FF,FF,FF,FF,FF
48553,3853,0x18FEF100,1,8,3F,00,00,FF,FF,FF,FF,FF
48554,3854,0x10FF6500,1,8,FC,FF,FF,FF,FF,FF,FF,FF
48554,3855,0x18F00500,1,8,FF,FF,FF,FF,20,2D,FF,FF
48555,3856,0x18FEF200,1,8,21,00,00,02,00,00,00,FF
48562,3857,0xCF00400,1,8,FF,FF,FF,5A,45,FF,FF,FF
48563,3858,0xCFF6600,1,8,AB,08,FF,FF,FF,FF,FF,FF
48582,3859,0xCF00400,1,8,FF,FF,FF,AA,44,FF,FF,FF
48583,3860,0xCFF6600,1,8,95,08,FF,FF,FF,FF,FF,FF
48602,3861,0xCF00400,1,8,FF,FF,FF,62,44,FF,FF,FF
48603,3862,0xCFF6600,1,8,8C,08,FF,FF,FF,FF,FF,FF
48622,3863,0xCF00400,1,8,FF,FF,FF,62,44,FF,FF,FF
48623,3864,0xCFF6600,1,8,8C,08,FF,FF,FF,FF,FF,FF
48642,3865,0xCF00400,1,8,FF,FF,FF,6E,44,FF,FF,FF
48643,3866,0xCFF6600,1,8,8D,08,FF,FF,FF,FF,FF,FF
48653,3867,0x18FEF100,1,8,3F,00,00,FF,FF,FF,FF,FF
48654,3868,0x18F00500,1,8,FF,FF,FF,FF,20,2D,FF,FF
48655,3869,0x18F00600,1,8,FF,FF,FF,FF,FF,FF,FF,FF
48655,3870,0x18FEF200,1,8,21,00,00,02,00,00,00,FF
48656,3871,0x1CFDDF00,1,8,FE,FF,FF,FF,FF,FF,FF,FF
48656,3872,0x1CFF6A00,1,8,FC,FF,FF,FF,FF,FF,FF,FF
48662,3873,0xCF00400,1,8,FF,FF,FF,54,44,FF,FF,FF
48663,3874,0xCFF6600,1,8,8A,08,FF,FF,FF,FF,FF,FF
48682,3875,0xCF00400,1,8,FF,FF,FF,20,44,FF,FF,FF
48683,3876,0xCFF6600,1,8,84,08,FF,FF,FF,FF,FF,FF
48702,3877,0xCF00400,1,8,FF,FF,FF,20,44,FF,FF,FF
48703,3878,0xCFF6600,1,8,84,08,FF,FF,FF,FF,FF,FF
48722,3879,0xCF00400,1,8,FF,FF,FF,34,44,FF,FF,FF
48723,3880,0xCFF6600,1,8,86,08,FF,FF,FF,FF,FF,FF
48742,3881,0xCF00400,1,8,FF,FF,FF,70,44,FF,FF,FF
48743,3882,0xCFF6600,1,8,8E,08,FF,FF,FF,FF,FF,FF
48753,3883,0x18FEF100,1,8,3F,00,00,FF,FF,FF,FF,FF
48754,3884,0x10FF6500,1,8,FC,FF,FF,FF,FF,FF,FF,FF
48754,3885,0x18F00500,1,8,FF,FF,FF,FF,20,2D,FF,FF
48755,3886,0x18FEF200,1,8,21,00,00,02,00,00,00,FF
48762,3887,0xCF00400,1,8,FF,FF,FF,8A,44,FF,FF,FF
48763,3888,0xCFF6600,1,8,91,08,FF,FF,FF,FF,FF,FF
48782,3889,0xCF00400,1,8,FF,FF,FF,8A,44,FF,FF,FF
48783,3890,0xCFF6600,1,8,91,08,FF,FF,FF,FF,FF,FF
48803,3891,0xCF00400,1,8,FF,FF,FF,96,44,FF,FF,FF
48803,3892,0xCFF6600,1,8,92,08,FF,FF,FF,FF,FF,FF
48812,3893,0x18FEEE00,1,8,3E,FF,FF,FF,FF,FF,FF,FF
48813,3894,0x18FDE500,1,8,0A,14,1E,28,32,3C,46,13
48822,3895,0xCF00400,1,8,FF,FF,FF,98,44,FF,FF,FF
48823,3896,0xCFF6600,1,8,93,08,FF,FF,FF,FF,FF,FF
48832,3897,0x1CECFF00,1,8,20,0E,00,02,FF,CA,FE,00
48842,3898,0xCF00400,1,8,FF,FF,FF,98,44,FF,FF,FF
48843,3899,0xCFF6600,1,8,93,08,FF,FF,FF,FF,FF,FF
48853,3900,0x18FEF100,1,8,3F,00,00,FF,FF,FF,FF,FF
48854,3901,0x18F00500,1,8,FF,FF,FF,FF,20,2D,FF,FF
48854,3902,0x18FEF200,1,8,1F,00,00,01,00,00,00,FF
48862,3903,0xCF00400,1,8,FF,FF,FF,94,44,FF,FF,FF
48863,3904,0xCFF6600,1,8,92,08,FF,FF,FF,FF,FF,FF
48882,3905,0xCF00400,1,8,FF,FF,FF,76,44,FF,FF,FF
48883,3906,0xCFF6600,1,8,8E,08,FF,FF,FF,FF,FF,FF
48883,3907,0x1CEBFF00,1,8,01,40,FF,0F,F0,E5,01,02
48902,3908,0xCF00400,1,8,FF,FF,FF,42,44,FF,FF,FF
48903,3909,0xCFF6600,1,8,88,08,FF,FF,FF,FF,FF,FF
48922,3910,0xCF00400,1,8,FF,FF,FF,42,44,FF,FF,FF
48923,3911,0xCFF6600,1,8,88,08,FF,FF,FF,FF,FF,FF
48932,3912,0x1CEBFF00,1,8,02,F0,E3,02,6E,00,03,01
48942,3913,0xCF00400,1,8,FF,FF,FF,8E,44,FF,FF,FF
48943,3914,0xCFF6600,1,8,91,08,FF,FF,FF,FF,FF,FF
48954,3915,0x18FEF100,1,8,3F,00,00,FF,FF,FF,FF,FF
48954,3916,0x10FF6500,1,8,FC,FF,FF,FF,FF,FF,FF,FF
48955,3917,0x18F00500,1,8,FF,FF,FF,FF,20,2D,FF,FF
48955,3918,0x18FEF200,1,8,1F,00,00,01,00,00,00,FF
48962,3919,0xCF00400,1,8,FF,FF,FF,30,45,FF,FF,FF
48963,3920,0xCFF6600,1,8,A6,08,FF,FF,FF,FF,FF,FF
48982,3921,0xCF00400,1,8,FF,FF,FF,5A,45,FF,FF,FF
48983,3922,0xCFF6600,1,8,AB,08,FF,FF,FF,FF,FF,FF
49002,3923,0xCF00400,1,8,FF,FF,FF,5A,45,FF,FF,FF
49003,3924,0xCFF6600,1,8,AB,08,FF,FF,FF,FF,FF,FF
49022,3925,0xCF00400,1,8,FF,FF,FF,34,45,FF,FF,FF
49023,3926,0xCFF6600,1,8,A6,08,FF,FF,FF,FF,FF,FF
49042,3927,0xCF00400,1,8,FF,FF,FF,3E,45,FF,FF,FF
49043,3928,0xCFF6600,1,8,A7,08,FF,FF,FF,FF,FF,FF
49053,3929,0x18FEF100,1,8,3F,00,00,FF,FF,FF,FF,FF
49054,3930,0x18F00500,1,8,FF,FF,FF,FF,20,2D,FF,FF
49054,3931,0x18FEF200,1,8,1F,00,00,01,00,00,00,FF
49062,3932,0xCF00400,1,8,FF,FF,FF,6C,45,FF,FF,FF
49063,3933,0xCFF6600,1,8,AD,08,FF,FF,FF,FF,FF,FF
49082,3934,0xCF00400,1,8,FF,FF,FF,6C,45,FF,FF,FF
49083,3935,0xCFF6600,1,8,AD,08,FF,FF,FF,FF,FF,FF
49102,3936,0xCF00400,1,8,FF,FF,FF,3A,45,FF,FF,FF
49103,3937,0xCFF6600,1,8,A7,08,FF,FF,FF,FF,FF,FF
49122,3938,0xCF00400,1,8,FF,FF,FF,BC,44,FF,FF,FF
49123,3939,0xCFF6600,1,8,97,08,FF,FF,FF,FF,FF,FF
49143,3940,0xCF00400,1,8,FF,FF,FF,38,44,FF,FF,FF
49143,3941,0xCFF6600,1,8,87,08,FF,FF,FF,FF,FF,FF
49153,3942,0x18FEF100,1,8,3F,00,00,FF,FF,FF,FF,FF
49154,3943,0x10FF6500,1,8,FC,FF,FF,FF,FF,FF,FF,FF
49154,3944,0x18F00500,1,8,FF,FF,FF,FF,20,2D,FF,FF
49155,3945,0x18F00600,1,8,FF,FF,FF,FF,FF,FF,FF,FF
49155,3946,0x18FEF200,1,8,1F,00,00,01,00,00,00,FF
49156,3947,0x1CFDDF00,1,8,FE,FF,FF,FF,FF,FF,FF,FF
49156,3948,0x1CFF6A00,1,8,FC,FF,FF,FF,FF,FF,FF,FF
49162,3949,0xCF00400,1,8,FF,FF,FF,38,44,FF,FF,FF
49163,3950,0xCFF6600,1,8,87,08,FF,FF,FF,FF,FF,FF
49182,3951,0xCF00400,1,8,FF,FF,FF,B8,43,FF,FF,FF
49183,3952,0xCFF6600,1,8,77,08,FF,FF,FF,FF,FF,FF
49202,3953,0xCF00400,1,8,FF,FF,FF,7C,43,FF,FF,FF
49203,3954,0xCFF6600,1,8,6F,08,FF,FF,FF,FF,FF,FF
49222,3955,0xCF00400,1,8,FF,FF,FF,7C,43,FF,FF,FF
49223,3956,0xCFF6600,1,8,6F,08,FF,FF,FF,FF,FF,FF
49242,3957,0xCF00400,1,8,FF,FF,FF,7A,43,FF,FF,FF
49243,3958,0xCFF6600,1,8,6F,08,FF,FF,FF,FF,FF,FF
49254,3959,0x18FEF100,1,8,3F,00,00,FF,FF,FF,FF,FF
49254,3960,0x18F00500,1,8,FF,FF,FF,FF,20,2D,FF,FF
49255,3961,0x18FEF200,1,8,1F,00,00,01,00,00,00,FF
49262,3962,0xCF00400,1,8,FF,FF,FF,AE,43,FF,FF,FF
49263,3963,0xCFF6600,1,8,75,08,FF,FF,FF,FF,FF,FF
49282,3964,0xCF00400,1,8,FF,FF,FF,10,44,FF,FF,FF
49283,3965,0xCFF6600,1,8,82,08,FF,FF,FF,FF,FF,FF
49302,3966,0xCF00400,1,8,FF,FF,FF,10,44,FF,FF,FF
49303,3967,0xCFF6600,1,8,82,08,FF,FF,FF,FF,FF,FF
49323,3968,0xCF00400,1,8,FF,FF,FF,10,44,FF,FF,FF
49323,3969,0xCFF6600,1,8,82,08,FF,FF,FF,FF,FF,FF
49342,3970,0xCF00400,1,8,FF,FF,FF,C2,43,FF,FF,FF
49343,3971,0xCFF6600,1,8,78,08,FF,FF,FF,FF,FF,FF
49353,3972,0x18FEF100,1,8,3F,00,00,FF,FF,FF,FF,FF
49354,3973,0x18F00500,1,8,FF,FF,FF,FF,20,2D,FF,FF
49354,3974,0x10FF6500,1,8,FC,FF,FF,FF,FF,FF,FF,FF
49355,3975,0x18FEF200,1,8,1F,00,00,01,00,00,00,FF
49362,3976,0xCF00400,1,8,FF,FF,FF,C2,43,FF,FF,FF
49363,3977,0xCFF6600,1,8,78,08,FF,FF,FF,FF,FF,FF
49382,3978,0xCF00400,1,8,FF,FF,FF,E6,43,FF,FF,FF
49383,3979,0xCFF6600,1,8,7C,08,FF,FF,FF,FF,FF,FF
49402,3980,0xCF00400,1,8,FF,FF,FF,62,44,FF,FF,FF
49403,3981,0xCFF6600,1,8,8C,08,FF,FF,FF,FF,FF,FF
49422,3982,0xCF00400,1,8,FF,FF,FF,EE,44,FF,FF,FF
49423,3983,0xCFF6600,1,8,9D,08,FF,FF,FF,FF,FF,FF
49442,3984,0xCF00400,1,8,FF,FF,FF,EE,44,FF,FF,FF
49443,3985,0xCFF6600,1,8,9D,08,FF,FF,FF,FF,FF,FF
49453,3986,0x18FEF100,1,8,3F,00,00,FF,FF,FF,FF,FF
49454,3987,0x18F00500,1,8,FF,FF,FF,FF,20,2D,FF,FF
49454,3988,0x18FEF200,1,8,1F,00,00,01,00,00,00,FF
49462,3989,0xCF00400,1,8,FF,FF,FF,84,45,FF,FF,FF
49463,3990,0xCFF6600,1,8,B0,08,FF,FF,FF,FF,FF,FF
49482,3991,0xCF00400,1,8,FF,FF,FF,A8,45,FF,FF,FF
49483,3992,0xCFF6600,1,8,B5,08,FF,FF,FF,FF,FF,FF
49502,3993,0xCF00400,1,8,FF,FF,FF,76,45,FF,FF,FF
49503,3994,0xCFF6600,1,8,AE,08,FF,FF,FF,FF,FF,FF
49522,3995,0xCF00400,1,8,FF,FF,FF,76,45,FF,FF,FF
49523,3996,0xCFF6600,1,8,AE,08,FF,FF,FF,FF,FF,FF
49542,3997,0xCF00400,1,8,FF,FF,FF,12,45,FF,FF,FF
49543,3998,0xCFF6600,1,8,A2,08,FF,FF,FF,FF,FF,FF
49553,3999,0x18FEF100,1,8,3F,00,00,FF,FF,FF,FF,FF
49554,4000,0x10FF6500,1,8,FC,FF,FF,FF,FF,FF,FF,FF
49554,4001,0x18F00500,1,8,FF,FF,FF,FF,20,2D,FF,FF
49555,4002,0x18FEF200,1,8,1F,00,00,01,00,00,00,FF
49562,4003,0xCF00400,1,8,FF,FF,FF,88,44,FF,FF,FF
49563,4004,0xCFF6600,1,8,91,08,FF,FF,FF,FF,FF,FF
49582,4005,0xCF00400,1,8,FF,FF,FF,46,44,FF,FF,FF
49583,4006,0xCFF6600,1,8,88,08,FF,FF,FF,FF,FF,FF
49602,4007,0xCF00400,1,8,FF,FF,FF,46,44,FF,FF,FF
49603,4008,0xCFF6600,1,8,88,08,FF,FF,FF,FF,FF,FF
49622,4009,0xCF00400,1,8,FF,FF,FF,30,44,FF,FF,FF
49623,4010,0xCFF6600,1,8,86,08,FF,FF,FF,FF,FF,FF
49642,4011,0xCF00400,1,8,FF,FF,FF,0E,44,FF,FF,FF
49643,4012,0xCFF6600,1,8,81,08,FF,FF,FF,FF,FF,FF
49653,4013,0x18FEF100,1,8,3F,00,00,FF,FF,FF,FF,FF
49654,4014,0x18F00500,1,8,FF,FF,FF,FF,20,2D,FF,FF
49654,4015,0x18F00600,1,8,FF,FF,FF,FF,FF,FF,FF,FF
49655,4016,0x18FEF200,1,8,1F,00,00,01,00,00,00,FF
49656,4017,0x1CFDDF00,1,8,FE,FF,FF,FF,FF,FF,FF,FF
49656,4018,0x1CFF6A00,1,8,FC,FF,FF,FF,FF,FF,FF,FF
49662,4019,0xCF00400,1,8,FF,FF,FF,0E,44,FF,FF,FF
49663,4020,0xCFF6600,1,8,81,08,FF,FF,FF,FF,FF,FF
49682,4021,0xCF00400,1,8,FF,FF,FF,DE,43,FF,FF,FF
49683,4022,0xCFF6600,1,8,7B,08,FF,FF,FF,FF,FF,FF
49702,4023,0xCF00400,1,8,FF,FF,FF,16,44,FF,FF,FF
49703,4024,0xCFF6600,1,8,82,08,FF,FF,FF,FF,FF,FF
49722,4025,0xCF00400,1,8,FF,FF,FF,A4,44,FF,FF,FF
49723,4026,0xCFF6600,1,8,94,08,FF,FF,FF,FF,FF,FF
49742,4027,0xCF00400,1,8,FF,FF,FF,A4,44,FF,FF,FF
49743,4028,0xCFF6600,1,8,94,08,FF,FF,FF,FF,FF,FF
49746,4029,0x18FEFC17,1,8,FF,1F,FF,FF,FF,FF,FF,FF
49753,4030,0x18FEF100,1,8,3F,00,00,FF,FF,FF,FF,FF
49754,4031,0x10FF6500,1,8,FC,FF,FF,FF,FF,FF,FF,FF
49754,4032,0x18F00500,1,8,FF,FF,FF,FF,20,2D,FF,FF
49755,4033,0x18FEF200,1,8,1F,00,00,01,00,00,00,FF
49762,4034,0xCF00400,1,8,FF,FF,FF,A4,44,FF,FF,FF
49763,4035,0xCFF6600,1,8,94,08,FF,FF,FF,FF,FF,FF
49766,4036,0x18FEF517,1,8,FF,FF,FF,20,1D,FF,FF,FF
49782,4037,0xCF00400,1,8,FF,FF,FF,32,44,FF,FF,FF
49783,4038,0xCFF6600,1,8,86,08,FF,FF,FF,FF,FF,FF
49793,4039,0x18FEC117,1,8,F0,1D,00,00,03,1E,00,00
49802,4040,0xCF00400,1,8,FF,FF,FF,16,44,FF,FF,FF
49803,4041,0xCFF6600,1,8,82,08,FF,FF,FF,FF,FF,FF
49812,4042,0x18FEEE00,1,8,3F,FF,FF,FF,FF,FF,FF,FF
49813,4043,0x18FDE500,1,8,0A,14,1E,28,32,3C,46,13
49822,4044,0xCF00400,1,8,FF,FF,FF,16,44,FF,FF,FF
49823,4045,0xCFF6600,1,8,82,08,FF,FF,FF,FF,FF,FF
49832,4046,0x1CECFF00,1,8,20,0E,00,02,FF,CA,FE,00
49843,4047,0xCF00400,1,8,FF,FF,FF,44,44,FF,FF,FF
49843,4048,0xCFF6600,1,8,88,08,FF,FF,FF,FF,FF,FF
49853,4049,0x18FEF100,1,8,3F,00,00,FF,FF,FF,FF,FF
49854,4050,0x18F00500,1,8,FF,FF,FF,FF,20,2D,FF,FF
49855,4051,0x18FEF200,1,8,1E,00,00,00,00,00,00,FF
49862,4052,0xCF00400,1,8,FF,FF,FF,44,44,FF,FF,FF
49863,4053,0xCFF6600,1,8,88,08,FF,FF,FF,FF,FF,FF
49882,4054,0xCF00400,1,8,FF,FF,FF,44,44,FF,FF,FF
49883,4055,0xCFF6600,1,8,88,08,FF,FF,FF,FF,FF,FF
49883,4056,0x1CEBFF00,1,8,01,40,FF,0F,F0,E5,01,02
49902,4057,0xCF00400,1,8,FF,FF,FF,1E,44,FF,FF,FF
49903,4058,0xCFF6600,1,8,83,08,FF,FF,FF,FF,FF,FF
49922,4059,0xCF00400,1,8,FF,FF,FF,26,44,FF,FF,FF
49923,4060,0xCFF6600,1,8,84,08,FF,FF,FF,FF,FF,FF
49932,4061,0x1CEBFF00,1,8,02,F0,E3,02,6E,00,03,01
49942,4062,0xCF00400,1,8,FF,FF,FF,52,44,FF,FF,FF
49943,4063,0xCFF6600,1,8,8A,08,FF,FF,FF,FF,FF,FF
49953,4064,0x18FEF100,1,8,3F,00,00,FF,FF,FF,FF,FF
49954,4065,0x10FF6500,1,8,FC,FF,FF,FF,FF,FF,FF,FF
49955,4066,0x18F00500,1,8,FF,FF,FF,FF,20,2D,FF,FF
49955,4067,0x18FEF200,1,8,1E,00,00,00,00,00,00,FF
49962,4068,0xCF00400,1,8,FF,FF,FF,52,44,FF,FF,FF
49963,4069,0xCFF6600,1,8,8A,08,FF,FF,FF,FF,FF,FF
49982,4070,0xCF00400,1,8,FF,FF,FF,2E,44,FF,FF,FF
49983,4071,0xCFF6600,1,8,85,08,FF,FF,FF,FF,FF,FF
50002,4072,0xCF00400,1,8,FF,FF,FF,D2,43,FF,FF,FF
50003,4073,0xCFF6600,1,8,7A,08,FF,FF,FF,FF,FF,FF
50023,4074,0xCF00400,1,8,FF,FF,FF,9A,43,FF,FF,FF
50023,4075,0xCFF6600,1,8,73,08,FF,FF,FF,FF,FF,FF
50042,4076,0xCF00400,1,8,FF,FF,FF,9A,43,FF,FF,FF
50043,4077,0xCFF6600,1,8,73,08,FF,FF,FF,FF,FF,FF
50053,4078,0x18FEF100,1,8,3F,00,00,FF,FF,FF,FF,FF
50054,4079,0x18F00500,1,8,FF,FF,FF,FF,20,2D,FF,FF
50054,4080,0x18FEF200,1,8,1E,00,00,00,00,00,00,FF
50062,4081,0xCF00400,1,8,FF,FF,FF,7A,43,FF,FF,FF
50063,4082,0xCFF6600,1,8,6F,08,FF,FF,FF,FF,FF,FF
50082,4083,0xCF00400,1,8,FF,FF,FF,C8,43,FF,FF,FF
50083,4084,0xCFF6600,1,8,79,08,FF,FF,FF,FF,FF,FF
50102,4085,0xCF00400,1,8,FF,FF,FF,C8,43,FF,FF,FF
50103,4086,0xCFF6600,1,8,79,08,FF,FF,FF,FF,FF,FF
50122,4087,0xCF00400,1,8,FF,FF,FF,72,44,FF,FF,FF
50123,4088,0xCFF6600,1,8,8E,08,FF,FF,FF,FF,FF,FF
50142,4089,0xCF00400,1,8,FF,FF,FF,74,44,FF,FF,FF
50143,4090,0xCFF6600,1,8,8E,08,FF,FF,FF,FF,FF,FF
50153,4091,0x18FEF100,1,8,3F,00,00,FF,FF,FF,FF,FF
50154,4092,0x10FF6500,1,8,FC,FF,FF,FF,FF,FF,FF,FF
50154,4093,0x18F00500,1,8,FF,FF,FF,FF,20,2D,FF,FF
50155,4094,0x18F00600,1,8,FF,FF,FF,FF,FF,FF,FF,FF
50155,4095,0x18FEF200,1,8,1E,00,00,00,00,00,00,FF
50156,4096,0x1CFDDF00,1,8,FE,FF,FF,FF,FF,FF,FF,FF
50156,4097,0x1CFF6A00,1,8,FC,FF,FF,FF,FF,FF,FF,FF
50162,4098,0xCF00400,1,8,FF,FF,FF,F0,43,FF,FF,FF
50163,4099,0xCFF6600,1,8,7E,08,FF,FF,FF,FF,FF,FF
50182,4100,0xCF00400,1,8,FF,FF,FF,F0,43,FF,FF,FF
50183,4101,0xCFF6600,1,8,7E,08,FF,FF,FF,FF,FF,FF
50202,4102,0xCF00400,1,8,FF,FF,FF,B6,43,FF,FF,FF
50203,4103,0xCFF6600,1,8,76,08,FF,FF,FF,FF,FF,FF
50222,4104,0xCF00400,1,8,FF,FF,FF,B4,43,FF,FF,FF
50223,4105,0xCFF6600,1,8,76,08,FF,FF,FF,FF,FF,FF
50243,4106,0xCF00400,1,8,FF,FF,FF,62,43,FF,FF,FF
50243,4107,0xCFF6600,1,8,6C,08,FF,FF,FF,FF,FF,FF
50253,4108,0x18FEF100,1,8,3F,00,00,FF,FF,FF,FF,FF
50254,4109,0x18F00500,1,8,FF,FF,FF,FF,20,2D,FF,FF
50254,4110,0x18FEF200,1,8,1E,00,00,00,00,00,00,FF
50262,4111,0xCF00400,1,8,FF,FF,FF,62,43,FF,FF,FF
50263,4112,0xCFF6600,1,8,6C,08,FF,FF,FF,FF,FF,FF
50282,4113,0xCF00400,1,8,FF,FF,FF,DA,42,FF,FF,FF
50283,4114,0xCFF6600,1,8,5B,08,FF,FF,FF,FF,FF,FF
50302,4115,0xCF00400,1,8,FF,FF,FF,E4,42,FF,FF,FF
50303,4116,0xCFF6600,1,8,5C,08,FF,FF,FF,FF,FF,FF
50322,4117,0xCF00400,1,8,FF,FF,FF,E4,42,FF,FF,FF
50323,4118,0xCFF6600,1,8,5C,08,FF,FF,FF,FF,FF,FF
50342,4119,0xCF00400,1,8,FF,FF,FF,64,43,FF,FF,FF
50343,4120,0xCFF6600,1,8,6C,08,FF,FF,FF,FF,FF,FF
50353,4121,0x18FEF100,1,8,3F,00,00,FF,FF,FF,FF,FF
50354,4122,0x10FF6500,1,8,FC,FF,FF,FF,FF,FF,FF,FF
50354,4123,0x18F00500,1,8,FF,FF,FF,FF,20,2D,FF,FF
50355,4124,0x18FEF200,1,8,1E,00,00,00,00,00,00,FF
50362,4125,0xCF00400,1,8,FF,FF,FF,9E,43,FF,FF,FF
50363,4126,0xCFF6600,1,8,73,08,FF,FF,FF,FF,FF,FF
50383,4127,0xCF00400,1,8,FF,FF,FF,A4,43,FF,FF,FF
50383,4128,0xCFF6600,1,8,74,08,FF,FF,FF,FF,FF,FF
50402,4129,0xCF00400,1,8,FF,FF,FF,A4,43,FF,FF,FF
50403,4130,0xCFF6600,1,8,74,08,FF,FF,FF,FF,FF,FF
50422,4131,0xCF00400,1,8,FF,FF,FF,D6,43,FF,FF,FF
50423,4132,0xCFF6600,1,8,7A,08,FF,FF,FF,FF,FF,FF
50442,4133,0xCF00400,1,8,FF,FF,FF,2A,44,FF,FF,FF
50443,4134,0xCFF6600,1,8,85,08,FF,FF,FF,FF,FF,FF
50453,4135,0x18FEF100,1,8,3F,00,00,FF,FF,FF,FF,FF
50454,4136,0x18F00500,1,8,FF,FF,FF,FF,20,2D,FF,FF
50454,4137,0x18FEF200,1,8,1E,00,00,00,00,00,00,FF
50462,4138,0xCF00400,1,8,FF,FF,FF,2A,44,FF,FF,FF
50463,4139,0xCFF6600,1,8,85,08,FF,FF,FF,FF,FF,FF
50482,4140,0xCF00400,1,8,FF,FF,FF,0A,44,FF,FF,FF
50483,4141,0xCFF6600,1,8,81,08,FF,FF,FF,FF,FF,FF
50502,4142,0xCF00400,1,8,FF,FF,FF,84,43,FF,FF,FF
50503,4143,0xCFF6600,1,8,70,08,FF,FF,FF,FF,FF,FF
50522,4144,0xCF00400,1,8,FF,FF,FF,2C,44,FF,FF,FF
50523,4145,0xCFF6600,1,8,85,08,FF,FF,FF,FF,FF,FF
50542,4146,0xCF00400,1,8,FF,FF,FF,2C,44,FF,FF,FF
50543,4147,0xCFF6600,1,8,85,08,FF,FF,FF,FF,FF,FF
50553,4148,0x18FEF100,1,8,3F,00,00,FF,FF,FF,FF,FF
50554,4149,0x10FF6500,1,8,FC,FF,FF,FF,FF,FF,FF,FF
50554,4150,0x18F00500,1,8,FF,FF,FF,FF,20,2D,FF,FF
50555,4151,0x18FEF200,1,8,1E,00,00,00,00,00,00,FF
50562,4152,0xCF00400,1,8,FF,FF,FF,B4,45,FF,FF,FF
50563,4153,0xCFF6600,1,8,B6,08,FF,FF,FF,FF,FF,FF
50582,4154,0xCF00400,1,8,FF,FF,FF,E0,45,FF,FF,FF
50583,4155,0xCFF6600,1,8,BC,08,FF,FF,FF,FF,FF,FF
50602,4156,0xCF00400,1,8,FF,FF,FF,08,45,FF,FF,FF
50603,4157,0xCFF6600,1,8,A1,08,FF,FF,FF,FF,FF,FF
50622,4158,0xCF00400,1,8,FF,FF,FF,08,45,FF,FF,FF
50623,4159,0xCFF6600,1,8,A1,08,FF,FF,FF,FF,FF,FF
50642,4160,0xCF00400,1,8,FF,FF,FF,7A,44,FF,FF,FF
50643,4161,0xCFF6600,1,8,8F,08,FF,FF,FF,FF,FF,FF
50653,4162,0x18FEF100,1,8,3F,00,00,FF,FF,FF,FF,FF
50654,4163,0x18F00500,1,8,FF,FF,FF,FF,20,2D,FF,FF
50655,4164,0x18F00600,1,8,FF,FF,FF,FF,FF,FF,FF,FF
50655,4165,0x18FEF200,1,8,1E,00,00,00,00,00,00,FF
50656,4166,0x1CFDDF00,1,8,FE,FF,FF,FF,FF,FF,FF,FF
50656,4167,0x1CFF6A00,1,8,FC,FF,FF,FF,FF,FF,FF,FF
50662,4168,0xCF00400,1,8,FF,FF,FF,2E,44,FF,FF,FF
50663,4169,0xCFF6600,1,8,85,08,FF,FF,FF,FF,FF,FF
50683,4170,0xCF00400,1,8,FF,FF,FF,2E,44,FF,FF,FF
50684,4171,0xCFF6600,1,8,85,08,FF,FF,FF,FF,FF,FF
50702,4172,0xCF00400,1,8,FF,FF,FF,08,44,FF,FF,FF
50703,4173,0xCFF6600,1,8,81,08,FF,FF,FF,FF,FF,FF
50722,4174,0xCF00400,1,8,FF,FF,FF,02,44,FF,FF,FF
50723,4175,0xCFF6600,1,8,80,08,FF,FF,FF,FF,FF,FF
50742,4176,0xCF00400,1,8,FF,FF,FF,F2,43,FF,FF,FF
50743,4177,0xCFF6600,1,8,7E,08,FF,FF,FF,FF,FF,FF
50753,4178,0x18FEF100,1,8,3F,00,00,FF,FF,FF,FF,FF
50754,4179,0x10FF6500,1,8,FC,FF,FF,FF,FF,FF,FF,FF
50755,4180,0x18F00500,1,8,FF,FF,FF,FF,20,2D,FF,FF
50755,4181,0x18FEF200,1,8,1E,00,00,00,00,00,00,FF
50762,4182,0xCF00400,1,8,FF,FF,FF,F2,43,FF,FF,FF
50763,4183,0xCFF6600,1,8,7E,08,FF,FF,FF,FF,FF,FF
50782,4184,0xCF00400,1,8,FF,FF,FF,DA,43,FF,FF,FF
50783,4185,0xCFF6600,1,8,7B,08,FF,FF,FF,FF,FF,FF
50802,4186,0xCF00400,1,8,FF,FF,FF,CA,43,FF,FF,FF
50803,4187,0xCFF6600,1,8,79,08,FF,FF,FF,FF,FF,FF
50812,4188,0x18FEEE00,1,8,40,FF,FF,FF,FF,FF,FF,FF
50813,4189,0x18FDE500,1,8,0A,14,1E,28,32,3C,46,13
50823,4190,0xCF00400,1,8,FF,FF,FF,C0,43,FF,FF,FF
50823,4191,0xCFF6600,1,8,78,08,FF,FF,FF,FF,FF,FF
50832,4192,0x1CECFF00,1,8,20,0E,00,02,FF,CA,FE,00
50842,4193,0xCF00400,1,8,FF,FF,FF,C0,43,FF,FF,FF
50843,4194,0xCFF6600,1,8,78,08,FF,FF,FF,FF,FF,FF
50853,4195,0x18FEF100,1,8,3F,00,00,FF,FF,FF,FF,FF
50854,4196,0x18F00500,1,8,FF,FF,FF,FF,20,2D,FF,FF
50854,4197,0x18FEF200,1,8,1D,00,00,00,00,00,00,FF
50863,4198,0xCF00400,1,8,FF,FF,FF,FA,43,FF,FF,FF
50863,4199,0xCFF6600,1,8,7F,08,FF,FF,FF,FF,FF,FF
50882,4200,0xCF00400,1,8,FF,FF,FF,66,44,FF,FF,FF
50883,4201,0xCFF6600,1,8,8C,08,FF,FF,FF,FF,FF,FF
50883,4202,0x1CEBFF00,1,8,01,40,FF,0F,F0,E5,01,02
50902,4203,0xCF00400,1,8,FF,FF,FF,66,44,FF,FF,FF
50903,4204,0xCFF6600,1,8,8C,08,FF,FF,FF,FF,FF,FF
50922,4205,0xCF00400,1,8,FF,FF,FF,BE,44,FF,FF,FF
50923,4206,0xCFF6600,1,8,97,08,FF,FF,FF,FF,FF,FF
50932,4207,0x1CEBFF00,1,8,02,F0,E3,02,6E,00,03,01
50942,4208,0xCF00400,1,8,FF,FF,FF,0E,45,FF,FF,FF
50943,4209,0xCFF6600,1,8,A1,08,FF,FF,FF,FF,FF,FF
50953,4210,0x18FEF100,1,8,3F,00,00,FF,FF,FF,FF,FF
50954,4211,0x10FF6500,1,8,FC,FF,FF,FF,FF,FF,FF,FF
50954,4212,0x18F00500,1,8,FF,FF,FF,FF,20,2D,FF,FF
50955,4213,0x18FEF200,1,8,1D,00,00,00,00,00,00,FF
50962,4214,0xCF00400,1,8,FF,FF,FF,54,45,FF,FF,FF
50963,4215,0xCFF6600,1,8,AA,08,FF,FF,FF,FF,FF,FF
50982,4216,0xCF00400,1,8,FF,FF,FF,54,45,FF,FF,FF
50983,4217,0xCFF6600,1,8,AA,08,FF,FF,FF,FF,FF,FF
51002,4218,0xCF00400,1,8,FF,FF,FF,92,45,FF,FF,FF
51003,4219,0xCFF6600,1,8,B2,08,FF,FF,FF,FF,FF,FF
51022,4220,0xCF00400,1,8,FF,FF,FF,62,45,FF,FF,FF
51023,4221,0xCFF6600,1,8,AC,08,FF,FF,FF,FF,FF,FF
51042,4222,0xCF00400,1,8,FF,FF,FF,E4,44,FF,FF,FF
51043,4223,0xCFF6600,1,8,9C,08,FF,FF,FF,FF,FF,FF
51054,4224,0x18FEF100,1,8,3F,00,00,FF,FF,FF,FF,FF
51054,4225,0x18F00500,1,8,FF,FF,FF,FF,20,2D,FF,FF
51055,4226,0x18FEF200,1,8,1D,00,00,00,00,00,00,FF
51062,4227,0xCF00400,1,8,FF,FF,FF,E4,44,FF,FF,FF
51063,4228,0xCFF6600,1,8,9C,08,FF,FF,FF,FF,FF,FF
51082,4229,0xCF00400,1,8,FF,FF,FF,9A,44,FF,FF,FF
51083,4230,0xCFF6600,1,8,93,08,FF,FF,FF,FF,FF,FF
51102,4231,0xCF00400,1,8,FF,FF,FF,76,44,FF,FF,FF
51103,4232,0xCFF6600,1,8,8E,08,FF,FF,FF,FF,FF,FF
51122,4233,0xCF00400,1,8,FF,FF,FF,A8,44,FF,FF,FF
51123,4234,0xCFF6600,1,8,95,08,FF,FF,FF,FF,FF,FF
51142,4235,0xCF00400,1,8,FF,FF,FF,A8,44,FF,FF,FF
51143,4236,0xCFF6600,1,8,95,08,FF,FF,FF,FF,FF,FF
51153,4237,0x18FEF100,1,8,3F,00,00,FF,FF,FF,FF,FF
51154,4238,0x10FF6500,1,8,FC,FF,FF,FF,FF,FF,FF,FF
51154,4239,0x18F00500,1,8,FF,FF,FF,FF,20,2D,FF,FF
51155,4240,0x18F00600,1,8,FF,FF,FF,FF,FF,FF,FF,FF
51156,4241,0x18FEF200,1,8,1D,00,00,00,00,00,00,FF
51156,4242,0x1CFDDF00,1,8,FE,FF,FF,FF,FF,FF,FF,FF
51157,4243,0x1CFF6A00,1,8,FC,FF,FF,FF,FF,FF,FF,FF
51163,4244,0xCF00400,1,8,FF,FF,FF,1A,45,FF,FF,FF
51163,4245,0xCFF6600,1,8,A3,08,FF,FF,FF,FF,FF,FF
51182,4246,0xCF00400,1,8,FF,FF,FF,3E,45,FF,FF,FF
51183,4247,0xCFF6600,1,8,A7,08,FF,FF,FF,FF,FF,FF
51203,4248,0xCF00400,1,8,FF,FF,FF,26,45,FF,FF,FF
51203,4249,0xCFF6600,1,8,A4,08,FF,FF,FF,FF,FF,FF
51222,4250,0xCF00400,1,8,FF,FF,FF,26,45,FF,FF,FF
51223,4251,0xCFF6600,1,8,A4,08,FF,FF,FF,FF,FF,FF
51243,4252,0xCF00400,1,8,FF,FF,FF,EC,44,FF,FF,FF
51243,4253,0xCFF6600,1,8,9D,08,FF,FF,FF,FF,FF,FF
51253,4254,0x18FEF100,1,8,3F,00,00,FF,FF,FF,FF,FF
51254,4255,0x18F00500,1,8,FF,FF,FF,FF,20,2D,FF,FF
51254,4256,0x18FEF200,1,8,1D,00,00,00,00,00,00,FF
51262,4257,0xCF00400,1,8,FF,FF,FF,9A,44,FF,FF,FF
51263,4258,0xCFF6600,1,8,93,08,FF,FF,FF,FF,FF,FF
51282,4259,0xCF00400,1,8,FF,FF,FF,9A,44,FF,FF,FF
51283,4260,0xCFF6600,1,8,93,08,FF,FF,FF,FF,FF,FF
51302,4261,0xCF00400,1,8,FF,FF,FF,DA,44,FF,FF,FF
51303,4262,0xCFF6600,1,8,9B,08,FF,FF,FF,FF,FF,FF
51322,4263,0xCF00400,1,8,FF,FF,FF,8A,45,FF,FF,FF
51323,4264,0xCFF6600,1,8,B1,08,FF,FF,FF,FF,FF,FF
51342,4265,0xCF00400,1,8,FF,FF,FF,A6,45,FF,FF,FF
51343,4266,0xCFF6600,1,8,B4,08,FF,FF,FF,FF,FF,FF
51353,4267,0x18FEF100,1,8,3F,00,00,FF,FF,FF,FF,FF
51354,4268,0x10FF6500,1,8,FC,FF,FF,FF,FF,FF,FF,FF
51354,4269,0x18F00500,1,8,FF,FF,FF,FF,20,2D,FF,FF
51355,4270,0x18FEF200,1,8,1D,00,00,00,00,00,00,FF
51362,4271,0xCF00400,1,8,FF,FF,FF,A6,45,FF,FF,FF
51363,4272,0xCFF6600,1,8,B4,08,FF,FF,FF,FF,FF,FF
51382,4273,0xCF00400,1,8,FF,FF,FF,52,45,FF,FF,FF
51383,4274,0xCFF6600,1,8,AA,08,FF,FF,FF,FF,FF,FF
51402,4275,0xCF00400,1,8,FF,FF,FF,24,45,FF,FF,FF
51403,4276,0xCFF6600,1,8,A4,08,FF,FF,FF,FF,FF,FF
51422,4277,0xCF00400,1,8,FF,FF,FF,1E,45,FF,FF,FF
51423,4278,0xCFF6600,1,8,A3,08,FF,FF,FF,FF,FF,FF
51442,4279,0xCF00400,1,8,FF,FF,FF,1E,45,FF,FF,FF
51443,4280,0xCFF6600,1,8,A3,08,FF,FF,FF,FF,FF,FF
51453,4281,0x18FEF100,1,8,3F,00,00,FF,FF,FF,FF,FF
51454,4282,0x18F00500,1,8,FF,FF,FF,FF,20,2D,FF,FF
51454,4283,0x18FEF200,1,8,1D,00,00,00,00,00,00,FF
51462,4284,0xCF00400,1,8,FF,FF,FF,3A,45,FF,FF,FF
51463,4285,0xCFF6600,1,8,A7,08,FF,FF,FF,FF,FF,FF
51482,4286,0xCF00400,1,8,FF,FF,FF,6E,45,FF,FF,FF
51483,4287,0xCFF6600,1,8,AD,08,FF,FF,FF,FF,FF,FF
51502,4288,0xCF00400,1,8,FF,FF,FF,8A,45,FF,FF,FF
51503,4289,0xCFF6600,1,8,B1,08,FF,FF,FF,FF,FF,FF
51522,4290,0xCF00400,1,8,FF,FF,FF,8A,45,FF,FF,FF
51523,4291,0xCFF6600,1,8,B1,08,FF,FF,FF,FF,FF,FF
51542,4292,0xCF00400,1,8,FF,FF,FF,96,45,FF,FF,FF
51543,4293,0xCFF6600,1,8,B2,08,FF,FF,FF,FF,FF,FF
51553,4294,0x18FEF100,1,8,3F,00,00,FF,FF,FF,FF,FF
51554,4295,0x10FF6500,1,8,FC,FF,FF,FF,FF,FF,FF,FF
51554,4296,0x18F00500,1,8,FF,FF,FF,FF,20,2D,FF,FF
51555,4297,0x18FEF200,1,8,1D,00,00,00,00,00,00,FF
51562,4298,0xCF00400,1,8,FF,FF,FF,C8,45,FF,FF,FF
51563,4299,0xCFF6600,1,8,B9,08,FF,FF,FF,FF,FF,FF
51582,4300,0xCF00400,1,8,FF,FF,FF,04,46,FF,FF,FF
51583,4301,0xCFF6600,1,8,C0,08,FF,FF,FF,FF,FF,FF
51602,4302,0xCF00400,1,8,FF,FF,FF,04,46,FF,FF,FF
51603,4303,0xCFF6600,1,8,C0,08,FF,FF,FF,FF,FF,FF
51622,4304,0xCF00400,1,8,FF,FF,FF,42,46,FF,FF,FF
51623,4305,0xCFF6600,1,8,C8,08,FF,FF,FF,FF,FF,FF
51642,4306,0xCF00400,1,8,FF,FF,FF,8A,46,FF,FF,FF
51643,4307,0xCFF6600,1,8,D1,08,FF,FF,FF,FF,FF,FF
51653,4308,0x18FEF100,1,8,3F,00,00,FF,FF,FF,FF,FF
51654,4309,0x18F00500,1,8,FF,FF,FF,FF,20,2D,FF,FF
51654,4310,0x18F00600,1,8,FF,FF,FF,FF,FF,FF,FF,FF
51655,4311,0x18FEF200,1,8,1D,00,00,00,00,00,00,FF
51656,4312,0x1CFDDF00,1,8,FE,FF,FF,FF,FF,FF,FF,FF
51656,4313,0x1CFF6A00,1,8,FC,FF,FF,FF,FF,FF,FF,FF
51662,4314,0xCF00400,1,8,FF,FF,FF,7C,46,FF,FF,FF
51663,4315,0xCFF6600,1,8,CF,08,FF,FF,FF,FF,FF,FF
51682,4316,0xCF00400,1,8,FF,FF,FF,7C,46,FF,FF,FF
51683,4317,0xCFF6600,1,8,CF,08,FF,FF,FF,FF,FF,FF
51702,4318,0xCF00400,1,8,FF,FF,FF,32,46,FF,FF,FF
51703,4319,0xCFF6600,1,8,C6,08,FF,FF,FF,FF,FF,FF
51722,4320,0xCF00400,1,8,FF,FF,FF,66,46,FF,FF,FF
51723,4321,0xCFF6600,1,8,CC,08,FF,FF,FF,FF,FF,FF
51742,4322,0xCF00400,1,8,FF,FF,FF,FA,46,FF,FF,FF
51743,4323,0xCFF6600,1,8,DF,08,FF,FF,FF,FF,FF,FF
51753,4324,0x18FEF100,1,8,3F,00,00,FF,FF,FF,FF,FF
51754,4325,0x10FF6500,1,8,FC,FF,FF,FF,FF,FF,FF,FF
51755,4326,0x18F00500,1,8,FF,FF,FF,FF,20,2D,FF,FF
51755,4327,0x18FEF200,1,8,1D,00,00,00,00,00,00,FF
51762,4328,0xCF00400,1,8,FF,FF,FF,FA,46,FF,FF,FF
51763,4329,0xCFF6600,1,8,DF,08,FF,FF,FF,FF,FF,FF
51782,4330,0xCF00400,1,8,FF,FF,FF,F0,46,FF,FF,FF
51783,4331,0xCFF6600,1,8,DE,08,FF,FF,FF,FF,FF,FF
51802,4332,0xCF00400,1,8,FF,FF,FF,66,46,FF,FF,FF
51803,4333,0xCFF6600,1,8,CC,08,FF,FF,FF,FF,FF,FF
51812,4334,0x18FEEE00,1,8,40,FF,FF,FF,FF,FF,FF,FF
51812,4335,0x18FDE500,1,8,0A,14,1E,28,32,3C,46,13
51822,4336,0xCF00400,1,8,FF,FF,FF,D6,45,FF,FF,FF
51823,4337,0xCFF6600,1,8,BA,08,FF,FF,FF,FF,FF,FF
51832,4338,0x1CECFF00,1,8,20,0E,00,02,FF,CA,FE,00
51842,4339,0xCF00400,1,8,FF,FF,FF,D6,45,FF,FF,FF
51843,4340,0xCFF6600,1,8,BA,08,FF,FF,FF,FF,FF,FF
51853,4341,0x18FEF100,1,8,3F,00,00,FF,FF,FF,FF,FF
51854,4342,0x18F00500,1,8,FF,FF,FF,FF,20,2D,FF,FF
51854,4343,0x18FEF200,1,8,1E,00,00,00,00,00,00,FF
51862,4344,0xCF00400,1,8,FF,FF,FF,4C,45,FF,FF,FF
51863,4345,0xCFF6600,1,8,A9,08,FF,FF,FF,FF,FF,FF
51882,4346,0xCF00400,1,8,FF,FF,FF,4A,45,FF,FF,FF
51883,4347,0xCFF6600,1,8,A9,08,FF,FF,FF,FF,FF,FF
51883,4348,0x1CEBFF00,1,8,01,40,FF,0F,F0,E5,01,02
51902,4349,0xCF00400,1,8,FF,FF,FF,AE,45,FF,FF,FF
51903,4350,0xCFF6600,1,8,B5,08,FF,FF,FF,FF,FF,FF
51922,4351,0xCF00400,1,8,FF,FF,FF,AE,45,FF,FF,FF
51923,4352,0xCFF6600,1,8,B5,08,FF,FF,FF,FF,FF,FF
51932,4353,0x1CEBFF00,1,8,02,F0,E3,02,6E,00,03,01
51942,4354,0xCF00400,1,8,FF,FF,FF,D8,45,FF,FF,FF
51943,4355,0xCFF6600,1,8,BB,08,FF,FF,FF,FF,FF,FF
51953,4356,0x18FEF100,1,8,3F,00,00,FF,FF,FF,FF,FF
51954,4357,0x10FF6500,1,8,FC,FF,FF,FF,FF,FF,FF,FF
51954,4358,0x18F00500,1,8,FF,FF,FF,FF,20,2D,FF,FF
51955,4359,0x18FEF200,1,8,1E,00,00,00,00,00,00,FF
51962,4360,0xCF00400,1,8,FF,FF,FF,DA,45,FF,FF,FF
51963,4361,0xCFF6600,1,8,BB,08,FF,FF,FF,FF,FF,FF
51983,4362,0xCF00400,1,8,FF,FF,FF,0A,46,FF,FF,FF
51983,4363,0xCFF6600,1,8,C1,08,FF,FF,FF,FF,FF,FF
52002,4364,0xCF00400,1,8,FF,FF,FF,0A,46,FF,FF,FF
52003,4365,0xCFF6600,1,8,C1,08,FF,FF,FF,FF,FF,FF
52023,4366,0xCF00400,1,8,FF,FF,FF,54,46,FF,FF,FF
52023,4367,0xCFF6600,1,8,CA,08,FF,FF,FF,FF,FF,FF
52042,4368,0xCF00400,1,8,FF,FF,FF,FC,45,FF,FF,FF
52043,4369,0xCFF6600,1,8,BF,08,FF,FF,FF,FF,FF,FF
52053,4370,0x18FEF100,1,8,3F,00,00,FF,FF,FF,FF,FF
52054,4371,0x18F00500,1,8,FF,FF,FF,FF,20,2D,FF,FF
52054,4372,0x18FEF200,1,8,1E,00,00,00,00,00,00,FF
52063,4373,0xCF00400,1,8,FF,FF,FF,24,45,FF,FF,FF
52063,4374,0xCFF6600,1,8,A4,08,FF,FF,FF,FF,FF,FF
52082,4375,0xCF00400,1,8,FF,FF,FF,24,45,FF,FF,FF
52083,4376,0xCFF6600,1,8,A4,08,FF,FF,FF,FF,FF,FF
52103,4377,0xCF00400,1,8,FF,FF,FF,4E,45,FF,FF,FF
52103,4378,0xCFF6600,1,8,A9,08,FF,FF,FF,FF,FF,FF
52122,4379,0xCF00400,1,8,FF,FF,FF,42,46,FF,FF,FF
52123,4380,0xCFF6600,1,8,C8,08,FF,FF,FF,FF,FF,FF
52143,4381,0xCF00400,1,8,FF,FF,FF,4A,46,FF,FF,FF
52143,4382,0xCFF6600,1,8,C9,08,FF,FF,FF,FF,FF,FF
52153,4383,0x18FEF100,1,8,3F,00,00,FF,FF,FF,FF,FF
52154,4384,0x10FF6500,1,8,FC,FF,FF,FF,FF,FF,FF,FF
52154,4385,0x18F00500,1,8,FF,FF,FF,FF,20,2D,FF,FF
52155,4386,0x18F00600,1,8,FF,FF,FF,FF,FF,FF,FF,FF
52155,4387,0x18FEF200,1,8,1E,00,00,00,00,00,00,FF
52156,4388,0x1CFDDF00,1,8,FE,FF,FF,FF,FF,FF,FF,FF
52156,4389,0x1CFF6A00,1,8,FC,FF,FF,FF,FF,FF,FF,FF
52162,4390,0xCF00400,1,8,FF,FF,FF,4A,46,FF,FF,FF
52163,4391,0xCFF6600,1,8,C9,08,FF,FF,FF,FF,FF,FF
52182,4392,0xCF00400,1,8,FF,FF,FF,9C,45,FF,FF,FF
52183,4393,0xCFF6600,1,8,B3,08,FF,FF,FF,FF,FF,FF
52202,4394,0xCF00400,1,8,FF,FF,FF,02,45,FF,FF,FF
52203,4395,0xCFF6600,1,8,A0,08,FF,FF,FF,FF,FF,FF
52222,4396,0xCF00400,1,8,FF,FF,FF,02,45,FF,FF,FF
52223,4397,0xCFF6600,1,8,A0,08,FF,FF,FF,FF,FF,FF
52242,4398,0xCF00400,1,8,FF,FF,FF,78,44,FF,FF,FF
52243,4399,0xCFF6600,1,8,8F,08,FF,FF,FF,FF,FF,FF
52254,4400,0x18FEF100,1,8,3F,00,00,FF,FF,FF,FF,FF
52254,4401,0x18F00500,1,8,FF,FF,FF,FF,20,2D,FF,FF
52255,4402,0x18FEF200,1,8,1E,00,00,00,00,00,00,FF
52262,4403,0xCF00400,1,8,FF,FF,FF,AE,44,FF,FF,FF
52263,4404,0xCFF6600,1,8,95,08,FF,FF,FF,FF,FF,FF
52282,4405,0xCF00400,1,8,FF,FF,FF,74,45,FF,FF,FF
52283,4406,0xCFF6600,1,8,AE,08,FF,FF,FF,FF,FF,FF
52302,4407,0xCF00400,1,8,FF,FF,FF,74,45,FF,FF,FF
52303,4408,0xCFF6600,1,8,AE,08,FF,FF,FF,FF,FF,FF
52322,4409,0xCF00400,1,8,FF,FF,FF,D2,45,FF,FF,FF
52323,4410,0xCFF6600,1,8,BA,08,FF,FF,FF,FF,FF,FF
52342,4411,0xCF00400,1,8,FF,FF,FF,EA,45,FF,FF,FF
52343,4412,0xCFF6600,1,8,BD,08,FF,FF,FF,FF,FF,FF
52353,4413,0x18FEF100,1,8,3F,00,00,FF,FF,FF,FF,FF
52354,4414,0x10FF6500,1,8,FC,FF,FF,FF,FF,FF,FF,FF
52354,4415,0x18F00500,1,8,FF,FF,FF,FF,20,2D,FF,FF
52355,4416,0x18FEF200,1,8,1E,00,00,00,00,00,00,FF
52362,4417,0xCF00400,1,8,FF,FF,FF,A8,45,FF,FF,FF
52363,4418,0xCFF6600,1,8,B5,08,FF,FF,FF,FF,FF,FF
52382,4419,0xCF00400,1,8,FF,FF,FF,A8,45,FF,FF,FF
52383,4420,0xCFF6600,1,8,B5,08,FF,FF,FF,FF,FF,FF
52402,4421,0xCF00400,1,8,FF,FF,FF,14,45,FF,FF,FF
52403,4422,0xCFF6600,1,8,A2,08,FF,FF,FF,FF,FF,FF
52422,4423,0xCF00400,1,8,FF,FF,FF,12,45,FF,FF,FF
52423,4424,0xCFF6600,1,8,A2,08,FF,FF,FF,FF,FF,FF
52442,4425,0xCF00400,1,8,FF,FF,FF,8A,45,FF,FF,FF
52443,4426,0xCFF6600,1,8,B1,08,FF,FF,FF,FF,FF,FF
52453,4427,0x18FEF100,1,8,3F,00,00,FF,FF,FF,FF,FF
52454,4428,0x18F00500,1,8,FF,FF,FF,FF,20,2D,FF,FF
52454,4429,0x18FEF200,1,8,1E,00,00,00,00,00,00,FF
52462,4430,0xCF00400,1,8,FF,FF,FF,8A,45,FF,FF,FF
52463,4431,0xCFF6600,1,8,B1,08,FF,FF,FF,FF,FF,FF
52482,4432,0xCF00400,1,8,FF,FF,FF,C2,45,FF,FF,FF
52483,4433,0xCFF6600,1,8,B8,08,FF,FF,FF,FF,FF,FF
52502,4434,0xCF00400,1,8,FF,FF,FF,D0,45,FF,FF,FF
52503,4435,0xCFF6600,1,8,BA,08,FF,FF,FF,FF,FF,FF
52522,4436,0xCF00400,1,8,FF,FF,FF,98,45,FF,FF,FF
52523,4437,0xCFF6600,1,8,B3,08,FF,FF,FF,FF,FF,FF
52542,4438,0xCF00400,1,8,FF,FF,FF,98,45,FF,FF,FF
52543,4439,0xCFF6600,1,8,B3,08,FF,FF,FF,FF,FF,FF
52553,4440,0x18FEF100,1,8,3F,00,00,FF,FF,FF,FF,FF
52554,4441,0x10FF6500,1,8,FC,FF,FF,FF,FF,FF,FF,FF
52554,4442,0x18F00500,1,8,FF,FF,FF,FF,20,2D,FF,FF
52555,4443,0x18FEF200,1,8,1E,00,00,00,00,00,00,FF
52563,4444,0xCF00400,1,8,FF,FF,FF,30,45,FF,FF,FF
52563,4445,0xCFF6600,1,8,A6,08,FF,FF,FF,FF,FF,FF
52582,4446,0xCF00400,1,8,FF,FF,FF,0A,45,FF,FF,FF
52583,4447,0xCFF6600,1,8,A1,08,FF,FF,FF,FF,FF,FF
52603,4448,0xCF00400,1,8,FF,FF,FF,0E,45,FF,FF,FF
52603,4449,0xCFF6600,1,8,A1,08,FF,FF,FF,FF,FF,FF
52622,4450,0xCF00400,1,8,FF,FF,FF,0E,45,FF,FF,FF
52623,4451,0xCFF6600,1,8,A1,08,FF,FF,FF,FF,FF,FF
52643,4452,0xCF00400,1,8,FF,FF,FF,20,45,FF,FF,FF
52643,4453,0xCFF6600,1,8,A4,08,FF,FF,FF,FF,FF,FF
52653,4454,0x18FEF100,1,8,3F,00,00,FF,FF,FF,FF,FF
52654,4455,0x18F00500,1,8,FF,FF,FF,FF,20,2D,FF,FF
52654,4456,0x18F00600,1,8,FF,FF,FF,FF,FF,FF,FF,FF
52655,4457,0x18FEF200,1,8,1E,00,00,00,00,00,00,FF
52656,4458,0x1CFDDF00,1,8,FE,FF,FF,FF,FF,FF,FF,FF
52656,4459,0x1CFF6A00,1,8,FC,FF,FF,FF,FF,FF,FF,FF
52662,4460,0xCF00400,1,8,FF,FF,FF,3E,45,FF,FF,FF
52663,4461,0xCFF6600,1,8,A7,08,FF,FF,FF,FF,FF,FF
52682,4462,0xCF00400,1,8,FF,FF,FF,3E,45,FF,FF,FF
52683,4463,0xCFF6600,1,8,A7,08,FF,FF,FF,FF,FF,FF
52702,4464,0xCF00400,1,8,FF,FF,FF,B4,45,FF,FF,FF
52703,4465,0xCFF6600,1,8,B6,08,FF,FF,FF,FF,FF,FF
52722,4466,0xCF00400,1,8,FF,FF,FF,6A,46,FF,FF,FF
52723,4467,0xCFF6600,1,8,CD,08,FF,FF,FF,FF,FF,FF
52742,4468,0xCF00400,1,8,FF,FF,FF,82,46,FF,FF,FF
52743,4469,0xCFF6600,1,8,D0,08,FF,FF,FF,FF,FF,FF
52753,4470,0x18FEF100,1,8,3F,00,00,FF,FF,FF,FF,FF
52754,4471,0x10FF6500,1,8,FC,FF,FF,FF,FF,FF,FF,FF
52754,4472,0x18F00500,1,8,FF,FF,FF,FF,20,2D,FF,FF
52755,4473,0x18FEF200,1,8,1E,00,00,00,00,00,00,FF
52762,4474,0xCF00400,1,8,FF,FF,FF,82,46,FF,FF,FF
52763,4475,0xCFF6600,1,8,D0,08,FF,FF,FF,FF,FF,FF
52782,4476,0xCF00400,1,8,FF,FF,FF,24,46,FF,FF,FF
52783,4477,0xCFF6600,1,8,C4,08,FF,FF,FF,FF,FF,FF
52802,4478,0xCF00400,1,8,FF,FF,FF,D0,45,FF,FF,FF
52803,4479,0xCFF6600,1,8,BA,08,FF,FF,FF,FF,FF,FF
52812,4480,0x18FEEE00,1,8,40,FF,FF,FF,FF,FF,FF,FF
52812,4481,0x18FDE500,1,8,0A,14,1E,28,32,3C,46,13
52822,4482,0xCF00400,1,8,FF,FF,FF,6C,45,FF,FF,FF
52823,4483,0xCFF6600,1,8,AD,08,FF,FF,FF,FF,FF,FF
52832,4484,0x1CECFF00,1,8,20,0E,00,02,FF,CA,FE,00
52842,4485,0xCF00400,1,8,FF,FF,FF,6C,45,FF,FF,FF
52843,4486,0xCFF6600,1,8,AD,08,FF,FF,FF,FF,FF,FF
52853,4487,0x18FEF100,1,8,3F,00,00,FF,FF,FF,FF,FF
52854,4488,0x18F00500,1,8,FF,FF,FF,FF,20,2D,FF,FF
52854,4489,0x18FEF200,1,8,1C,00,00,00,00,00,00,FF
52862,4490,0xCF00400,1,8,FF,FF,FF,40,45,FF,FF,FF
52863,4491,0xCFF6600,1,8,A8,08,FF,FF,FF,FF,FF,FF
52882,4492,0xCF00400,1,8,FF,FF,FF,5A,45,FF,FF,FF
52883,4493,0xCFF6600,1,8,AB,08,FF,FF,FF,FF,FF,FF
52883,4494,0x1CEBFF00,1,8,01,40,FF,0F,F0,E5,01,02
52902,4495,0xCF00400,1,8,FF,FF,FF,00,45,FF,FF,FF
52903,4496,0xCFF6600,1,8,A0,08,FF,FF,FF,FF,FF,FF
52922,4497,0xCF00400,1,8,FF,FF,FF,00,45,FF,FF,FF
52923,4498,0xCFF6600,1,8,A0,08,FF,FF,FF,FF,FF,FF
52932,4499,0x1CEBFF00,1,8,02,F0,E3,02,6E,00,03,01
52942,4500,0xCF00400,1,8,FF,FF,FF,3C,44,FF,FF,FF
52943,4501,0xCFF6600,1,8,87,08,FF,FF,FF,FF,FF,FF
52953,4502,0x18FEF100,1,8,3F,00,00,FF,FF,FF,FF,FF
52954,4503,0x10FF6500,1,8,FC,FF,FF,FF,FF,FF,FF,FF
52954,4504,0x18F00500,1,8,FF,FF,FF,FF,20,2D,FF,FF
52955,4505,0x18FEF200,1,8,1C,00,00,00,00,00,00,FF
52962,4506,0xCF00400,1,8,FF,FF,FF,90,43,FF,FF,FF
52963,4507,0xCFF6600,1,8,72,08,FF,FF,FF,FF,FF,FF
52983,4508,0xCF00400,1,8,FF,FF,FF,F8,42,FF,FF,FF
52983,4509,0xCFF6600,1,8,5F,08,FF,FF,FF,FF,FF,FF
53002,4510,0xCF00400,1,8,FF,FF,FF,F8,42,FF,FF,FF
53003,4511,0xCFF6600,1,8,5F,08,FF,FF,FF,FF,FF,FF
53022,4512,0xCF00400,1,8,FF,FF,FF,D6,42,FF,FF,FF
53023,4513,0xCFF6600,1,8,5A,08,FF,FF,FF,FF,FF,FF
53042,4514,0xCF00400,1,8,FF,FF,FF,0E,43,FF,FF,FF
53043,4515,0xCFF6600,1,8,61,08,FF,FF,FF,FF,FF,FF
53054,4516,0x18FEF100,1,8,3F,00,00,FF,FF,FF,FF,FF
53054,4517,0x18F00500,1,8,FF,FF,FF,FF,20,2D,FF,FF
53055,4518,0x18FEF200,1,8,1C,00,00,00,00,00,00,FF
53062,4519,0xCF00400,1,8,FF,FF,FF,0E,43,FF,FF,FF
53063,4520,0xCFF6600,1,8,61,08,FF,FF,FF,FF,FF,FF
53082,4521,0xCF00400,1,8,FF,FF,FF,52,43,FF,FF,FF
53083,4522,0xCFF6600,1,8,6A,08,FF,FF,FF,FF,FF,FF
53102,4523,0xCF00400,1,8,FF,FF,FF,A4,43,FF,FF,FF
53103,4524,0xCFF6600,1,8,74,08,FF,FF,FF,FF,FF,FF
53122,4525,0xCF00400,1,8,FF,FF,FF,0A,44,FF,FF,FF
53123,4526,0xCFF6600,1,8,81,08,FF,FF,FF,FF,FF,FF
53142,4527,0xCF00400,1,8,FF,FF,FF,0A,44,FF,FF,FF
53143,4528,0xCFF6600,1,8,81,08,FF,FF,FF,FF,FF,FF
53153,4529,0x18FEF100,1,8,3F,00,00,FF,FF,FF,FF,FF
53154,4530,0x10FF6500,1,8,FC,FF,FF,FF,FF,FF,FF,FF
53154,4531,0x18F00500,1,8,FF,FF,FF,FF,20,2D,FF,FF
53155,4532,0x18F00600,1,8,FF,FF,FF,FF,FF,FF,FF,FF
53156,4533,0x18FEF200,1,8,1C,00,00,00,00,00,00,FF
53156,4534,0x1CFDDF00,1,8,FE,FF,FF,FF,FF,FF,FF,FF
53157,4535,0x1CFF6A00,1,8,FC,FF,FF,FF,FF,FF,FF,FF
53163,4536,0xCF00400,1,8,FF,FF,FF,84,44,FF,FF,FF
53163,4537,0xCFF6600,1,8,90,08,FF,FF,FF,FF,FF,FF
53182,4538,0xCF00400,1,8,FF,FF,FF,BE,44,FF,FF,FF
53183,4539,0xCFF6600,1,8,97,08,FF,FF,FF,FF,FF,FF
53202,4540,0xCF00400,1,8,FF,FF,FF,BE,44,FF,FF,FF
53203,4541,0xCFF6600,1,8,97,08,FF,FF,FF,FF,FF,FF
53222,4542,0xCF00400,1,8,FF,FF,FF,BC,44,FF,FF,FF
53223,4543,0xCFF6600,1,8,97,08,FF,FF,FF,FF,FF,FF
53242,4544,0xCF00400,1,8,FF,FF,FF,2C,45,FF,FF,FF
53243,4545,0xCFF6600,1,8,A5,08,FF,FF,FF,FF,FF,FF
53253,4546,0x18FEF100,1,8,3F,00,00,FF,FF,FF,FF,FF
53254,4547,0x18F00500,1,8,FF,FF,FF,FF,20,2D,FF,FF
53254,4548,0x18FEF200,1,8,1C,00,00,00,00,00,00,FF
53262,4549,0xCF00400,1,8,FF,FF,FF,F0,45,FF,FF,FF
53263,4550,0xCFF6600,1,8,BE,08,FF,FF,FF,FF,FF,FF
53282,4551,0xCF00400,1,8,FF,FF,FF,F0,45,FF,FF,FF
53283,4552,0xCFF6600,1,8,BE,08,FF,FF,FF,FF,FF,FF
53302,4553,0xCF00400,1,8,FF,FF,FF,FA,45,FF,FF,FF
53303,4554,0xCFF6600,1,8,BF,08,FF,FF,FF,FF,FF,FF
53322,4555,0xCF00400,1,8,FF,FF,FF,78,45,FF,FF,FF
53323,4556,0xCFF6600,1,8,AF,08,FF,FF,FF,FF,FF,FF
53342,4557,0xCF00400,1,8,FF,FF,FF,34,45,FF,FF,FF
53343,4558,0xCFF6600,1,8,A6,08,FF,FF,FF,FF,FF,FF
53353,4559,0x18FEF100,1,8,3F,00,00,FF,FF,FF,FF,FF
53354,4560,0x10FF6500,1,8,FC,FF,FF,FF,FF,FF,FF,FF
53354,4561,0x18F00500,1,8,FF,FF,FF,FF,20,2D,FF,FF
53355,4562,0x18FEF200,1,8,1C,00,00,00,00,00,00,FF
53362,4563,0xCF00400,1,8,FF,FF,FF,34,45,FF,FF,FF
53363,4564,0xCFF6600,1,8,A6,08,FF,FF,FF,FF,FF,FF
53382,4565,0xCF00400,1,8,FF,FF,FF,22,45,FF,FF,FF
53383,4566,0xCFF6600,1,8,A4,08,FF,FF,FF,FF,FF,FF
53402,4567,0xCF00400,1,8,FF,FF,FF,E6,44,FF,FF,FF
53403,4568,0xCFF6600,1,8,9C,08,FF,FF,FF,FF,FF,FF
53422,4569,0xCF00400,1,8,FF,FF,FF,86,44,FF,FF,FF
53423,4570,0xCFF6600,1,8,90,08,FF,FF,FF,FF,FF,FF
53442,4571,0xCF00400,1,8,FF,FF,FF,86,44,FF,FF,FF
53443,4572,0xCFF6600,1,8,90,08,FF,FF,FF,FF,FF,FF
53453,4573,0x18FEF100,1,8,3F,00,00,FF,FF,FF,FF,FF
53454,4574,0x18F00500,1,8,FF,FF,FF,FF,20,2D,FF,FF
53454,4575,0x18FEF200,1,8,1C,00,00,00,00,00,00,FF
53462,4576,0xCF00400,1,8,FF,FF,FF,84,44,FF,FF,FF
53463,4577,0xCFF6600,1,8,90,08,FF,FF,FF,FF,FF,FF
53482,4578,0xCF00400,1,8,FF,FF,FF,CE,44,FF,FF,FF
53483,4579,0xCFF6600,1,8,99,08,FF,FF,FF,FF,FF,FF
53503,4580,0xCF00400,1,8,FF,FF,FF,94,44,FF,FF,FF
53503,4581,0xCFF6600,1,8,92,08,FF,FF,FF,FF,FF,FF
53522,4582,0xCF00400,1,8,FF,FF,FF,94,44,FF,FF,FF
53523,4583,0xCFF6600,1,8,92,08,FF,FF,FF,FF,FF,FF
53542,4584,0xCF00400,1,8,FF,FF,FF,F2,43,FF,FF,FF
53543,4585,0xCFF6600,1,8,7E,08,FF,FF,FF,FF,FF,FF
53553,4586,0x18FEF100,1,8,3F,00,00,FF,FF,FF,FF,FF
53554,4587,0x10FF6500,1,8,FC,FF,FF,FF,FF,FF,FF,FF
53554,4588,0x18F00500,1,8,FF,FF,FF,FF,20,2D,FF,FF
53555,4589,0x18FEF200,1,8,1C,00,00,00,00,00,00,FF
53562,4590,0xCF00400,1,8,FF,FF,FF,B4,43,FF,FF,FF
53563,4591,0xCFF6600,1,8,76,08,FF,FF,FF,FF,FF,FF
53582,4592,0xCF00400,1,8,FF,FF,FF,B4,43,FF,FF,FF
53583,4593,0xCFF6600,1,8,76,08,FF,FF,FF,FF,FF,FF
53602,4594,0xCF00400,1,8,FF,FF,FF,C8,43,FF,FF,FF
53603,4595,0xCFF6600,1,8,79,08,FF,FF,FF,FF,FF,FF
53622,4596,0xCF00400,1,8,FF,FF,FF,DC,43,FF,FF,FF
53623,4597,0xCFF6600,1,8,7B,08,FF,FF,FF,FF,FF,FF
53642,4598,0xCF00400,1,8,FF,FF,FF,F8,43,FF,FF,FF
53643,4599,0xCFF6600,1,8,7F,08,FF,FF,FF,FF,FF,FF
53653,4600,0x18FEF100,1,8,3F,00,00,FF,FF,FF,FF,FF
53654,4601,0x18F00500,1,8,FF,FF,FF,FF,20,2D,FF,FF
53654,4602,0x18F00600,1,8,FF,FF,FF,FF,FF,FF,FF,FF
53655,4603,0x18FEF200,1,8,1C,00,00,00,00,00,00,FF
53656,4604,0x1CFDDF00,1,8,FE,FF,FF,FF,FF,FF,FF,FF
53656,4605,0x1CFF6A00,1,8,FC,FF,FF,FF,FF,FF,FF,FF
53662,4606,0xCF00400,1,8,FF,FF,FF,F8,43,FF,FF,FF
53663,4607,0xCFF6600,1,8,7F,08,FF,FF,FF,FF,FF,FF
53682,4608,0xCF00400,1,8,FF,FF,FF,EA,43,FF,FF,FF
53683,4609,0xCFF6600,1,8,7D,08,FF,FF,FF,FF,FF,FF
53702,4610,0xCF00400,1,8,FF,FF,FF,B8,43,FF,FF,FF
53703,4611,0xCFF6600,1,8,77,08,FF,FF,FF,FF,FF,FF
53723,4612,0xCF00400,1,8,FF,FF,FF,B4,43,FF,FF,FF
53723,4613,0xCFF6600,1,8,76,08,FF,FF,FF,FF,FF,FF
53742,4614,0xCF00400,1,8,FF,FF,FF,B4,43,FF,FF,FF
53743,4615,0xCFF6600,1,8,76,08,FF,FF,FF,FF,FF,FF
53753,4616,0x18FEF100,1,8,3F,00,00,FF,FF,FF,FF,FF
53754,4617,0x10FF6500,1,8,FC,FF,FF,FF,FF,FF,FF,FF
53754,4618,0x18F00500,1,8,FF,FF,FF,FF,20,2D,FF,FF
53755,4619,0x18FEF200,1,8,1C,00,00,00,00,00,00,FF
53762,4620,0xCF00400,1,8,FF,FF,FF,D6,43,FF,FF,FF
53763,4621,0xCFF6600,1,8,7A,08,FF,FF,FF,FF,FF,FF
53782,4622,0xCF00400,1,8,FF,FF,FF,A4,43,FF,FF,FF
53783,4623,0xCFF6600,1,8,74,08,FF,FF,FF,FF,FF,FF
53802,4624,0xCF00400,1,8,FF,FF,FF,A4,43,FF,FF,FF
53803,4625,0xCFF6600,1,8,74,08,FF,FF,FF,FF,FF,FF
53812,4626,0x18FEEE00,1,8,41,FF,FF,FF,FF,FF,FF,FF
53813,4627,0x18FDE500,1,8,0A,14,1E,28,32,3C,46,13
53822,4628,0xCF00400,1,8,FF,FF,FF,26,43,FF,FF,FF
53823,4629,0xCFF6600,1,8,64,08,FF,FF,FF,FF,FF,FF
53832,4630,0x1CECFF00,1,8,20,0E,00,02,FF,CA,FE,00
53842,4631,0xCF00400,1,8,FF,FF,FF,B4,43,FF,FF,FF
53843,4632,0xCFF6600,1,8,76,08,FF,FF,FF,FF,FF,FF
53853,4633,0x18FEF100,1,8,3F,00,00,FF,FF,FF,FF,FF
53854,4634,0x18F00500,1,8,FF,FF,FF,FF,20,2D,FF,FF
53854,4635,0x18FEF200,1,8,1D,00,00,00,00,00,00,FF
53862,4636,0xCF00400,1,8,FF,FF,FF,0C,45,FF,FF,FF
53863,4637,0xCFF6600,1,8,A1,08,FF,FF,FF,FF,FF,FF
53882,4638,0xCF00400,1,8,FF,FF,FF,0C,45,FF,FF,FF
53883,4639,0xCFF6600,1,8,A1,08,FF,FF,FF,FF,FF,FF
53883,4640,0x1CEBFF00,1,8,01,40,FF,0F,F0,E5,01,02
53902,4641,0xCF00400,1,8,FF,FF,FF,8A,45,FF,FF,FF
53903,4642,0xCFF6600,1,8,B1,08,FF,FF,FF,FF,FF,FF
53922,4643,0xCF00400,1,8,FF,FF,FF,6A,45,FF,FF,FF
53923,4644,0xCFF6600,1,8,AD,08,FF,FF,FF,FF,FF,FF
53932,4645,0x1CEBFF00,1,8,02,F0,E3,02,6E,00,03,01
53943,4646,0xCF00400,1,8,FF,FF,FF,58,45,FF,FF,FF
53943,4647,0xCFF6600,1,8,AB,08,FF,FF,FF,FF,FF,FF
53953,4648,0x18FEF100,1,8,3F,00,00,FF,FF,FF,FF,FF
53954,4649,0x10FF6500,1,8,FC,FF,FF,FF,FF,FF,FF,FF
53954,4650,0x18F00500,1,8,FF,FF,FF,FF,20,2D,FF,FF
53955,4651,0x18FEF200,1,8,1D,00,00,00,00,00,00,FF
53962,4652,0xCF00400,1,8,FF,FF,FF,58,45,FF,FF,FF
53963,4653,0xCFF6600,1,8,AB,08,FF,FF,FF,FF,FF,FF
53983,4654,0xCF00400,1,8,FF,FF,FF,50,45,FF,FF,FF
53983,4655,0xCFF6600,1,8,AA,08,FF,FF,FF,FF,FF,FF
54002,4656,0xCF00400,1,8,FF,FF,FF,8C,45,FF,FF,FF
54003,4657,0xCFF6600,1,8,B1,08,FF,FF,FF,FF,FF,FF
54023,4658,0xCF00400,1,8,FF,FF,FF,14,46,FF,FF,FF
54023,4659,0xCFF6600,1,8,C2,08,FF,FF,FF,FF,FF,FF
54042,4660,0xCF00400,1,8,FF,FF,FF,14,46,FF,FF,FF
54043,4661,0xCFF6600,1,8,C2,08,FF,FF,FF,FF,FF,FF
54053,4662,0x18FEF100,1,8,3F,00,00,FF,FF,FF,FF,FF
54054,4663,0x18F00500,1,8,FF,FF,FF,FF,20,2D,FF,FF
54054,4664,0x18FEF200,1,8,1D,00,00,00,00,00,00,FF
54063,4665,0xCF00400,1,8,FF,FF,FF,18,46,FF,FF,FF
54063,4666,0xCFF6600,1,8,C3,08,FF,FF,FF,FF,FF,FF
54082,4667,0xCF00400,1,8,FF,FF,FF,A8,45,FF,FF,FF
54083,4668,0xCFF6600,1,8,B5,08,FF,FF,FF,FF,FF,FF
54102,4669,0xCF00400,1,8,FF,FF,FF,A8,45,FF,FF,FF
54103,4670,0xCFF6600,1,8,B5,08,FF,FF,FF,FF,FF,FF
54122,4671,0xCF00400,1,8,FF,FF,FF,32,45,FF,FF,FF
54123,4672,0xCFF6600,1,8,A6,08,FF,FF,FF,FF,FF,FF
54142,4673,0xCF00400,1,8,FF,FF,FF,BC,44,FF,FF,FF
54143,4674,0xCFF6600,1,8,97,08,FF,FF,FF,FF,FF,FF
54153,4675,0x18FEF100,1,8,3F,00,00,FF,FF,FF,FF,FF
54154,4676,0x10FF6500,1,8,FC,FF,FF,FF,FF,FF,FF,FF
54154,4677,0x18F00500,1,8,FF,FF,FF,FF,20,2D,FF,FF
54155,4678,0x18F00600,1,8,FF,FF,FF,FF,FF,FF,FF,FF
54155,4679,0x18FEF200,1,8,1D,00,00,00,00,00,00,FF
54156,4680,0x1CFDDF00,1,8,FE,FF,FF,FF,FF,FF,FF,FF
54156,4681,0x1CFF6A00,1,8,FC,FF,FF,FF,FF,FF,FF,FF
54162,4682,0xCF00400,1,8,FF,FF,FF,B0,44,FF,FF,FF
54163,4683,0xCFF6600,1,8,96,08,FF,FF,FF,FF,FF,FF
54182,4684,0xCF00400,1,8,FF,FF,FF,B0,44,FF,FF,FF
54183,4685,0xCFF6600,1,8,96,08,FF,FF,FF,FF,FF,FF
54202,4686,0xCF00400,1,8,FF,FF,FF,F6,44,FF,FF,FF
54203,4687,0xCFF6600,1,8,9E,08,FF,FF,FF,FF,FF,FF
54222,4688,0xCF00400,1,8,FF,FF,FF,D6,44,FF,FF,FF
54223,4689,0xCFF6600,1,8,9A,08,FF,FF,FF,FF,FF,FF
54242,4690,0xCF00400,1,8,FF,FF,FF,58,44,FF,FF,FF
54243,4691,0xCFF6600,1,8,8B,08,FF,FF,FF,FF,FF,FF
54253,4692,0x18FEF100,1,8,3F,00,00,FF,FF,FF,FF,FF
54254,4693,0x18F00500,1,8,FF,FF,FF,FF,20,2D,FF,FF
54254,4694,0x18FEF200,1,8,1D,00,00,00,00,00,00,FF
54262,4695,0xCF00400,1,8,FF,FF,FF,58,44,FF,FF,FF
54263,4696,0xCFF6600,1,8,8B,08,FF,FF,FF,FF,FF,FF
54282,4697,0xCF00400,1,8,FF,FF,FF,E8,43,FF,FF,FF
54283,4698,0xCFF6600,1,8,7D,08,FF,FF,FF,FF,FF,FF
54302,4699,0xCF00400,1,8,FF,FF,FF,8C,43,FF,FF,FF
54303,4700,0xCFF6600,1,8,71,08,FF,FF,FF,FF,FF,FF
54323,4701,0xCF00400,1,8,FF,FF,FF,C2,43,FF,FF,FF
54323,4702,0xCFF6600,1,8,78,08,FF,FF,FF,FF,FF,FF
54342,4703,0xCF00400,1,8,FF,FF,FF,C2,43,FF,FF,FF
54343,4704,0xCFF6600,1,8,78,08,FF,FF,FF,FF,FF,FF
54353,4705,0x18FEF100,1,8,3F,00,00,FF,FF,FF,FF,FF
54354,4706,0x10FF6500,1,8,FC,FF,FF,FF,FF,FF,FF,FF
54354,4707,0x18F00500,1,8,FF,FF,FF,FF,20,2D,FF,FF
54355,4708,0x18FEF200,1,8,1D,00,00,00,00,00,00,FF
54362,4709,0xCF00400,1,8,FF,FF,FF,62,44,FF,FF,FF
54363,4710,0xCFF6600,1,8,8C,08,FF,FF,FF,FF,FF,FF
54382,4711,0xCF00400,1,8,FF,FF,FF,AA,44,FF,FF,FF
54383,4712,0xCFF6600,1,8,95,08,FF,FF,FF,FF,FF,FF
54402,4713,0xCF00400,1,8,FF,FF,FF,AA,44,FF,FF,FF
54403,4714,0xCFF6600,1,8,95,08,FF,FF,FF,FF,FF,FF
54422,4715,0xCF00400,1,8,FF,FF,FF,B6,44,FF,FF,FF
54423,4716,0xCFF6600,1,8,96,08,FF,FF,FF,FF,FF,FF
54442,4717,0xCF00400,1,8,FF,FF,FF,FE,44,FF,FF,FF
54443,4718,0xCFF6600,1,8,9F,08,FF,FF,FF,FF,FF,FF
54453,4719,0x18FEF100,1,8,3F,00,00,FF,FF,FF,FF,FF
54454,4720,0x18F00500,1,8,FF,FF,FF,FF,20,2D,FF,FF
54454,4721,0x18FEF200,1,8,1D,00,00,00,00,00,00,FF
54462,4722,0xCF00400,1,8,FF,FF,FF,7C,45,FF,FF,FF
54463,4723,0xCFF6600,1,8,AF,08,FF,FF,FF,FF,FF,FF
54482,4724,0xCF00400,1,8,FF,FF,FF,7C,45,FF,FF,FF
54483,4725,0xCFF6600,1,8,AF,08,FF,FF,FF,FF,FF,FF
54502,4726,0xCF00400,1,8,FF,FF,FF,9A,45,FF,FF,FF
54503,4727,0xCFF6600,1,8,B3,08,FF,FF,FF,FF,FF,FF
54522,4728,0xCF00400,1,8,FF,FF,FF,6A,45,FF,FF,FF
54523,4729,0xCFF6600,1,8,AD,08,FF,FF,FF,FF,FF,FF
54542,4730,0xCF00400,1,8,FF,FF,FF,B6,44,FF,FF,FF
54543,4731,0xCFF6600,1,8,96,08,FF,FF,FF,FF,FF,FF
54553,4732,0x18FEF100,1,8,3F,00,00,FF,FF,FF,FF,FF
54554,4733,0x18F00500,1,8,FF,FF,FF,FF,20,2D,FF,FF
54554,4734,0x10FF6500,1,8,FC,FF,FF,FF,FF,FF,FF,FF
54555,4735,0x18FEF200,1,8,1D,00,00,00,00,00,00,FF
54562,4736,0xCF00400,1,8,FF,FF,FF,B6,44,FF,FF,FF
54563,4737,0xCFF6600,1,8,96,08,FF,FF,FF,FF,FF,FF
54583,4738,0xCF00400,1,8,FF,FF,FF,82,43,FF,FF,FF
54583,4739,0xCFF6600,1,8,70,08,FF,FF,FF,FF,FF,FF
54602,4740,0xCF00400,1,8,FF,FF,FF,22,43,FF,FF,FF
54603,4741,0xCFF6600,1,8,64,08,FF,FF,FF,FF,FF,FF
54622,4742,0xCF00400,1,8,FF,FF,FF,22,43,FF,FF,FF
54623,4743,0xCFF6600,1,8,64,08,FF,FF,FF,FF,FF,FF
54642,4744,0xCF00400,1,8,FF,FF,FF,74,43,FF,FF,FF
54643,4745,0xCFF6600,1,8,6E,08,FF,FF,FF,FF,FF,FF
54654,4746,0x18FEF100,1,8,3F,00,00,FF,FF,FF,FF,FF
54654,4747,0x18F00500,1,8,FF,FF,FF,FF,20,2D,FF,FF
54655,4748,0x18F00600,1,8,FF,FF,FF,FF,FF,FF,FF,FF
54655,4749,0x18FEF200,1,8,1D,00,00,00,00,00,00,FF
54656,4750,0x1CFDDF00,1,8,FE,FF,FF,FF,FF,FF,FF,FF
54656,4751,0x1CFF6A00,1,8,FC,FF,FF,FF,FF,FF,FF,FF
54662,4752,0xCF00400,1,8,FF,FF,FF,A8,43,FF,FF,FF
54663,4753,0xCFF6600,1,8,75,08,FF,FF,FF,FF,FF,FF
54682,4754,0xCF00400,1,8,FF,FF,FF,D6,43,FF,FF,FF
54683,4755,0xCFF6600,1,8,7A,08,FF,FF,FF,FF,FF,FF
54702,4756,0xCF00400,1,8,FF,FF,FF,D6,43,FF,FF,FF
54703,4757,0xCFF6600,1,8,7A,08,FF,FF,FF,FF,FF,FF
54722,4758,0xCF00400,1,8,FF,FF,FF,D4,43,FF,FF,FF
54723,4759,0xCFF6600,1,8,7A,08,FF,FF,FF,FF,FF,FF
54742,4760,0xCF00400,1,8,FF,FF,FF,A6,43,FF,FF,FF
54743,4761,0xCFF6600,1,8,74,08,FF,FF,FF,FF,FF,FF
54746,4762,0x18FEFC17,1,8,FF,1F,FF,FF,FF,FF,FF,FF
54753,4763,0x18FEF100,1,8,3F,00,00,FF,FF,FF,FF,FF
54754,4764,0x10FF6500,1,8,FC,FF,FF,FF,FF,FF,FF,FF
54754,4765,0x18F00500,1,8,FF,FF,FF,FF,20,2D,FF,FF
54755,4766,0x18FEF200,1,8,1D,00,00,00,00,00,00,FF
54763,4767,0xCF00400,1,8,FF,FF,FF,9C,43,FF,FF,FF
54763,4768,0xCFF6600,1,8,73,08,FF,FF,FF,FF,FF,FF
54766,4769,0x18FEF517,1,8,FF,FF,FF,20,1D,FF,FF,FF
54782,4770,0xCF00400,1,8,FF,FF,FF,9C,43,FF,FF,FF
54783,4771,0xCFF6600,1,8,73,08,FF,FF,FF,FF,FF,FF
54790,4772,0x18FEC117,1,8,F0,1D,00,00,03,1E,00,00
54802,4773,0xCF00400,1,8,FF,FF,FF,B0,43,FF,FF,FF
54803,4774,0xCFF6600,1,8,76,08,FF,FF,FF,FF,FF,FF
54812,4775,0x18FEEE00,1,8,41,FF,FF,FF,FF,FF,FF,FF
54813,4776,0x18FDE500,1,8,0A,14,1E,28,32,3C,46,13
54822,4777,0xCF00400,1,8,FF,FF,FF,94,43,FF,FF,FF
54823,4778,0xCFF6600,1,8,72,08,FF,FF,FF,FF,FF,FF
54832,4779,0x1CECFF00,1,8,20,0E,00,02,FF,CA,FE,00
54842,4780,0xCF00400,1,8,FF,FF,FF,94,43,FF,FF,FF
54843,4781,0xCFF6600,1,8,72,08,FF,FF,FF,FF,FF,FF
54853,4782,0x18FEF100,1,8,3F,00,00,FF,FF,FF,FF,FF
54854,4783,0x18F00500,1,8,FF,FF,FF,FF,20,2D,FF,FF
54854,4784,0x18FEF200,1,8,1C,00,00,00,00,00,00,FF
54862,4785,0xCF00400,1,8,FF,FF,FF,4C,43,FF,FF,FF
54863,4786,0xCFF6600,1,8,69,08,FF,FF,FF,FF,FF,FF
54882,4787,0xCF00400,1,8,FF,FF,FF,38,43,FF,FF,FF
54883,4788,0xCFF6600,1,8,67,08,FF,FF,FF,FF,FF,FF
54883,4789,0x1CEBFF00,1,8,01,40,FF,0F,F0,E5,01,02
54902,4790,0xCF00400,1,8,FF,FF,FF,5E,43,FF,FF,FF
54903,4791,0xCFF6600,1,8,6B,08,FF,FF,FF,FF,FF,FF
54922,4792,0xCF00400,1,8,FF,FF,FF,5E,43,FF,FF,FF
54923,4793,0xCFF6600,1,8,6B,08,FF,FF,FF,FF,FF,FF
54932,4794,0x1CEBFF00,1,8,02,F0,E3,02,6E,00,03,01
54943,4795,0xCF00400,1,8,FF,FF,FF,6A,43,FF,FF,FF
54943,4796,0xCFF6600,1,8,6D,08,FF,FF,FF,FF,FF,FF
54953,4797,0x18FEF100,1,8,3F,00,00,FF,FF,FF,FF,FF
54954,4798,0x10FF6500,1,8,FC,FF,FF,FF,FF,FF,FF,FF
54954,4799,0x18F00500,1,8,FF,FF,FF,FF,20,2D,FF,FF
54955,4800,0x18FEF200,1,8,1C,00,00,00,00,00,00,FF
54962,4801,0xCF00400,1,8,FF,FF,FF,60,43,FF,FF,FF
54963,4802,0xCFF6600,1,8,6C,08,FF,FF,FF,FF,FF,FF
54982,4803,0xCF00400,1,8,FF,FF,FF,60,43,FF,FF,FF
54983,4804,0xCFF6600,1,8,6C,08,FF,FF,FF,FF,FF,FF
55002,4805,0xCF00400,1,8,FF,FF,FF,08,43,FF,FF,FF
55003,4806,0xCFF6600,1,8,61,08,FF,FF,FF,FF,FF,FF
55022,4807,0xCF00400,1,8,FF,FF,FF,64,42,FF,FF,FF
55023,4808,0xCFF6600,1,8,4C,08,FF,FF,FF,FF,FF,FF
55043,4809,0xCF00400,1,8,FF,FF,FF,72,42,FF,FF,FF
55043,4810,0xCFF6600,1,8,4E,08,FF,FF,FF,FF,FF,FF
55053,4811,0x18FEF100,1,8,3F,00,00,FF,FF,FF,FF,FF
55054,4812,0x18F00500,1,8,FF,FF,FF,FF,20,2D,FF,FF
55054,4813,0x18FEF200,1,8,1C,00,00,00,00,00,00,FF
55062,4814,0xCF00400,1,8,FF,FF,FF,72,42,FF,FF,FF
55063,4815,0xCFF6600,1,8,4E,08,FF,FF,FF,FF,FF,FF
55082,4816,0xCF00400,1,8,FF,FF,FF,14,43,FF,FF,FF
55083,4817,0xCFF6600,1,8,62,08,FF,FF,FF,FF,FF,FF
55102,4818,0xCF00400,1,8,FF,FF,FF,78,43,FF,FF,FF
55103,4819,0xCFF6600,1,8,6F,08,FF,FF,FF,FF,FF,FF
55122,4820,0xCF00400,1,8,FF,FF,FF,78,43,FF,FF,FF
55123,4821,0xCFF6600,1,8,6F,08,FF,FF,FF,FF,FF,FF
55142,4822,0xCF00400,1,8,FF,FF,FF,AA,43,FF,FF,FF
55143,4823,0xCFF6600,1,8,75,08,FF,FF,FF,FF,FF,FF
55154,4824,0x18FEF100,1,8,3F,00,00,FF,FF,FF,FF,FF
55154,4825,0x10FF6500,1,8,FC,FF,FF,FF,FF,FF,FF,FF
55155,4826,0x18F00500,1,8,FF,FF,FF,FF,20,2D,FF,FF
55155,4827,0x18F00600,1,8,FF,FF,FF,FF,FF,FF,FF,FF
55156,4828,0x18FEF200,1,8,1C,00,00,00,00,00,00,FF
55156,4829,0x1CFDDF00,1,8,FE,FF,FF,FF,FF,FF,FF,FF
55157,4830,0x1CFF6A00,1,8,FC,FF,FF,FF,FF,FF,FF,FF
55162,4831,0xCF00400,1,8,FF,FF,FF,E6,43,FF,FF,FF
55163,4832,0xCFF6600,1,8,7C,08,FF,FF,FF,FF,FF,FF
55182,4833,0xCF00400,1,8,FF,FF,FF,18,44,FF,FF,FF
55183,4834,0xCFF6600,1,8,83,08,FF,FF,FF,FF,FF,FF
55202,4835,0xCF00400,1,8,FF,FF,FF,18,44,FF,FF,FF
55203,4836,0xCFF6600,1,8,83,08,FF,FF,FF,FF,FF,FF
55222,4837,0xCF00400,1,8,FF,FF,FF,18,44,FF,FF,FF
55223,4838,0xCFF6600,1,8,83,08,FF,FF,FF,FF,FF,FF
55242,4839,0xCF00400,1,8,FF,FF,FF,FA,43,FF,FF,FF
55243,4840,0xCFF6600,1,8,7F,08,FF,FF,FF,FF,FF,FF
55253,4841,0x18FEF100,1,8,3F,00,00,FF,FF,FF,FF,FF
55254,4842,0x18F00500,1,8,FF,FF,FF,FF,20,2D,FF,FF
55254,4843,0x18FEF200,1,8,1C,00,00,00,00,00,00,FF
55263,4844,0xCF00400,1,8,FF,FF,FF,2E,44,FF,FF,FF
55263,4845,0xCFF6600,1,8,85,08,FF,FF,FF,FF,FF,FF
55282,4846,0xCF00400,1,8,FF,FF,FF,2E,44,FF,FF,FF
55283,4847,0xCFF6600,1,8,85,08,FF,FF,FF,FF,FF,FF
55302,4848,0xCF00400,1,8,FF,FF,FF,A4,44,FF,FF,FF
55303,4849,0xCFF6600,1,8,94,08,FF,FF,FF,FF,FF,FF
55322,4850,0xCF00400,1,8,FF,FF,FF,AA,44,FF,FF,FF
55323,4851,0xCFF6600,1,8,95,08,FF,FF,FF,FF,FF,FF
55342,4852,0xCF00400,1,8,FF,FF,FF,AA,44,FF,FF,FF
55343,4853,0xCFF6600,1,8,95,08,FF,FF,FF,FF,FF,FF
55353,4854,0x18FEF100,1,8,3F,00,00,FF,FF,FF,FF,FF
55354,4855,0x18F00500,1,8,FF,FF,FF,FF,20,2D,FF,FF
55354,4856,0x10FF6500,1,8,FC,FF,FF,FF,FF,FF,FF,FF
55355,4857,0x18FEF200,1,8,1C,00,00,00,00,00,00,FF
55362,4858,0xCF00400,1,8,FF,FF,FF,58,44,FF,FF,FF
55363,4859,0xCFF6600,1,8,8B,08,FF,FF,FF,FF,FF,FF
55382,4860,0xCF00400,1,8,FF,FF,FF,AA,44,FF,FF,FF
55383,4861,0xCFF6600,1,8,95,08,FF,FF,FF,FF,FF,FF
55402,4862,0xCF00400,1,8,FF,FF,FF,7C,45,FF,FF,FF
55403,4863,0xCFF6600,1,8,AF,08,FF,FF,FF,FF,FF,FF
55422,4864,0xCF00400,1,8,FF,FF,FF,7C,45,FF,FF,FF
55423,4865,0xCFF6600,1,8,AF,08,FF,FF,FF,FF,FF,FF
55442,4866,0xCF00400,1,8,FF,FF,FF,CA,45,FF,FF,FF
55443,4867,0xCFF6600,1,8,B9,08,FF,FF,FF,FF,FF,FF
55454,4868,0x18FEF100,1,8,3F,00,00,FF,FF,FF,FF,FF
55454,4869,0x18F00500,1,8,FF,FF,FF,FF,20,2D,FF,FF
55455,4870,0x18FEF200,1,8,1C,00,00,00,00,00,00,FF
55462,4871,0xCF00400,1,8,FF,FF,FF,BE,45,FF,FF,FF
55463,4872,0xCFF6600,1,8,B7,08,FF,FF,FF,FF,FF,FF
55482,4873,0xCF00400,1,8,FF,FF,FF,BA,45,FF,FF,FF
55483,4874,0xCFF6600,1,8,B7,08,FF,FF,FF,FF,FF,FF
55502,4875,0xCF00400,1,8,FF,FF,FF,BA,45,FF,FF,FF
55503,4876,0xCFF6600,1,8,B7,08,FF,FF,FF,FF,FF,FF
55522,4877,0xCF00400,1,8,FF,FF,FF,AE,45,FF,FF,FF
55523,4878,0xCFF6600,1,8,B5,08,FF,FF,FF,FF,FF,FF
55542,4879,0xCF00400,1,8,FF,FF,FF,1C,45,FF,FF,FF
55543,4880,0xCFF6600,1,8,A3,08,FF,FF,FF,FF,FF,FF
55553,4881,0x18FEF100,1,8,3F,00,00,FF,FF,FF,FF,FF
55554,4882,0x10FF6500,1,8,FC,FF,FF,FF,FF,FF,FF,FF
55554,4883,0x18F00500,1,8,FF,FF,FF,FF,20,2D,FF,FF
55555,4884,0x18FEF200,1,8,1C,00,00,00,00,00,00,FF
55562,4885,0xCF00400,1,8,FF,FF,FF,22,44,FF,FF,FF
55563,4886,0xCFF6600,1,8,84,08,FF,FF,FF,FF,FF,FF
55582,4887,0xCF00400,1,8,FF,FF,FF,22,44,FF,FF,FF
55583,4888,0xCFF6600,1,8,84,08,FF,FF,FF,FF,FF,FF
55603,4889,0xCF00400,1,8,FF,FF,FF,C6,43,FF,FF,FF
55603,4890,0xCFF6600,1,8,78,08,FF,FF,FF,FF,FF,FF
55622,4891,0xCF00400,1,8,FF,FF,FF,F4,43,FF,FF,FF
55623,4892,0xCFF6600,1,8,7E,08,FF,FF,FF,FF,FF,FF
55642,4893,0xCF00400,1,8,FF,FF,FF,F4,43,FF,FF,FF
55643,4894,0xCFF6600,1,8,7E,08,FF,FF,FF,FF,FF,FF
55653,4895,0x18FEF100,1,8,3F,00,00,FF,FF,FF,FF,FF
55654,4896,0x18F00500,1,8,FF,FF,FF,FF,20,2D,FF,FF
55654,4897,0x18F00600,1,8,FF,FF,FF,FF,FF,FF,FF,FF
55655,4898,0x18FEF200,1,8,1C,00,00,00,00,00,00,FF
55656,4899,0x1CFDDF00,1,8,FE,FF,FF,FF,FF,FF,FF,FF
55656,4900,0x1CFF6A00,1,8,FC,FF,FF,FF,FF,FF,FF,FF
55662,4901,0xCF00400,1,8,FF,FF,FF,EE,43,FF,FF,FF
55663,4902,0xCFF6600,1,8,7D,08,FF,FF,FF,FF,FF,FF
55682,4903,0xCF00400,1,8,FF,FF,FF,B6,43,FF,FF,FF
55683,4904,0xCFF6600,1,8,76,08,FF,FF,FF,FF,FF,FF
55702,4905,0xCF00400,1,8,FF,FF,FF,EA,43,FF,FF,FF
55703,4906,0xCFF6600,1,8,7D,08,FF,FF,FF,FF,FF,FF
55722,4907,0xCF00400,1,8,FF,FF,FF,EA,43,FF,FF,FF
55723,4908,0xCFF6600,1,8,7D,08,FF,FF,FF,FF,FF,FF
55742,4909,0xCF00400,1,8,FF,FF,FF,6C,44,FF,FF,FF
55743,4910,0xCFF6600,1,8,8D,08,FF,FF,FF,FF,FF,FF
55754,4911,0x18FEF100,1,8,3F,00,00,FF,FF,FF,FF,FF
55754,4912,0x10FF6500,1,8,FC,FF,FF,FF,FF,FF,FF,FF
55755,4913,0x18F00500,1,8,FF,FF,FF,FF,20,2D,FF,FF
55755,4914,0x18FEF200,1,8,1C,00,00,00,00,00,00,FF
55762,4915,0xCF00400,1,8,FF,FF,FF,D8,44,FF,FF,FF
55763,4916,0xCFF6600,1,8,9B,08,FF,FF,FF,FF,FF,FF
55782,4917,0xCF00400,1,8,FF,FF,FF,40,45,FF,FF,FF
55783,4918,0xCFF6600,1,8,A8,08,FF,FF,FF,FF,FF,FF
55802,4919,0xCF00400,1,8,FF,FF,FF,40,45,FF,FF,FF
55803,4920,0xCFF6600,1,8,A8,08,FF,FF,FF,FF,FF,FF
55812,4921,0x18FEEE00,1,8,41,FF,FF,FF,FF,FF,FF,FF
55812,4922,0x18FDE500,1,8,0A,14,1E,28,32,3C,46,13
55822,4923,0xCF00400,1,8,FF,FF,FF,4E,45,FF,FF,FF
55823,4924,0xCFF6600,1,8,A9,08,FF,FF,FF,FF,FF,FF
55832,4925,0x1CECFF00,1,8,20,0E,00,02,FF,CA,FE,00
55842,4926,0xCF00400,1,8,FF,FF,FF,12,45,FF,FF,FF
55843,4927,0xCFF6600,1,8,A2,08,FF,FF,FF,FF,FF,FF
55853,4928,0x18FEF100,1,8,3F,00,00,FF,FF,FF,FF,FF
55854,4929,0x18F00500,1,8,FF,FF,FF,FF,20,2D,FF,FF
55854,4930,0x18FEF200,1,8,1B,00,00,00,00,00,00,FF
55863,4931,0xCF00400,1,8,FF,FF,FF,60,44,FF,FF,FF
55863,4932,0xCFF6600,1,8,8C,08,FF,FF,FF,FF,FF,FF
55882,4933,0xCF00400,1,8,FF,FF,FF,60,44,FF,FF,FF
55883,4934,0xCFF6600,1,8,8C,08,FF,FF,FF,FF,FF,FF
55883,4935,0x1CEBFF00,1,8,01,40,FF,0F,F0,E5,01,02
55902,4936,0xCF00400,1,8,FF,FF,FF,42,43,FF,FF,FF
55903,4937,0xCFF6600,1,8,68,08,FF,FF,FF,FF,FF,FF
55922,4938,0xCF00400,1,8,FF,FF,FF,00,43,FF,FF,FF
55923,4939,0xCFF6600,1,8,60,08,FF,FF,FF,FF,FF,FF
55932,4940,0x1CEBFF00,1,8,02,F0,E3,02,6E,00,03,01
55942,4941,0xCF00400,1,8,FF,FF,FF,00,43,FF,FF,FF
55943,4942,0xCFF6600,1,8,60,08,FF,FF,FF,FF,FF,FF
55953,4943,0x18FEF100,1,8,3F,00,00,FF,FF,FF,FF,FF
55954,4944,0x10FF6500,1,8,FC,FF,FF,FF,FF,FF,FF,FF
55954,4945,0x18F00500,1,8,FF,FF,FF,FF,20,2D,FF,FF
55955,4946,0x18FEF200,1,8,1B,00,00,00,00,00,00,FF
55962,4947,0xCF00400,1,8,FF,FF,FF,74,43,FF,FF,FF
55963,4948,0xCFF6600,1,8,6E,08,FF,FF,FF,FF,FF,FF
55982,4949,0xCF00400,1,8,FF,FF,FF,78,43,FF,FF,FF
55983,4950,0xCFF6600,1,8,6F,08,FF,FF,FF,FF,FF,FF
56003,4951,0xCF00400,1,8,FF,FF,FF,1E,43,FF,FF,FF
56003,4952,0xCFF6600,1,8,63,08,FF,FF,FF,FF,FF,FF
56022,4953,0xCF00400,1,8,FF,FF,FF,1E,43,FF,FF,FF
56023,4954,0xCFF6600,1,8,63,08,FF,FF,FF,FF,FF,FF
56042,4955,0xCF00400,1,8,FF,FF,FF,DA,42,FF,FF,FF
56043,4956,0xCFF6600,1,8,5B,08,FF,FF,FF,FF,FF,FF
56053,4957,0x18FEF100,1,8,3F,00,00,FF,FF,FF,FF,FF
56054,4958,0x18F00500,1,8,FF,FF,FF,FF,20,2D,FF,FF
56054,4959,0x18FEF200,1,8,1B,00,00,00,00,00,00,FF
56062,4960,0xCF00400,1,8,FF,FF,FF,B2,42,FF,FF,FF
56063,4961,0xCFF6600,1,8,56,08,FF,FF,FF,FF,FF,FF
56082,4962,0xCF00400,1,8,FF,FF,FF,B2,42,FF,FF,FF
56083,4963,0xCFF6600,1,8,56,08,FF,FF,FF,FF,FF,FF
56102,4964,0xCF00400,1,8,FF,FF,FF,B6,42,FF,FF,FF
56103,4965,0xCFF6600,1,8,56,08,FF,FF,FF,FF,FF,FF
56122,4966,0xCF00400,1,8,FF,FF,FF,D6,42,FF,FF,FF
56123,4967,0xCFF6600,1,8,5A,08,FF,FF,FF,FF,FF,FF
56143,4968,0xCF00400,1,8,FF,FF,FF,C4,42,FF,FF,FF
56143,4969,0xCFF6600,1,8,58,08,FF,FF,FF,FF,FF,FF
56153,4970,0x18FEF100,1,8,3F,00,00,FF,FF,FF,FF,FF
56154,4971,0x10FF6500,1,8,FC,FF,FF,FF,FF,FF,FF,FF
56154,4972,0x18F00500,1,8,FF,FF,FF,FF,20,2D,FF,FF
56155,4973,0x18F00600,1,8,FF,FF,FF,FF,FF,FF,FF,FF
56155,4974,0x18FEF200,1,8,1B,00,00,00,00,00,00,FF
56156,4975,0x1CFDDF00,1,8,FE,FF,FF,FF,FF,FF,FF,FF
56157,4976,0x1CFF6A00,1,8,FC,FF,FF,FF,FF,FF,FF,FF
56162,4977,0xCF00400,1,8,FF,FF,FF,C4,42,FF,FF,FF
56163,4978,0xCFF6600,1,8,58,08,FF,FF,FF,FF,FF,FF
56182,4979,0xCF00400,1,8,FF,FF,FF,92,42,FF,FF,FF
56183,4980,0xCFF6600,1,8,52,08,FF,FF,FF,FF,FF,FF
56202,4981,0xCF00400,1,8,FF,FF,FF,AE,42,FF,FF,FF
56203,4982,0xCFF6600,1,8,55,08,FF,FF,FF,FF,FF,FF
56222,4983,0xCF00400,1,8,FF,FF,FF,AE,42,FF,FF,FF
56223,4984,0xCFF6600,1,8,55,08,FF,FF,FF,FF,FF,FF
56242,4985,0xCF00400,1,8,FF,FF,FF,00,43,FF,FF,FF
56243,4986,0xCFF6600,1,8,60,08,FF,FF,FF,FF,FF,FF
56253,4987,0x18FEF100,1,8,3F,00,00,FF,FF,FF,FF,FF
56254,4988,0x18F00500,1,8,FF,FF,FF,FF,20,2D,FF,FF
56254,4989,0x18FEF200,1,8,1B,00,00,00,00,00,00,FF
56262,4990,0xCF00400,1,8,FF,FF,FF,F0,42,FF,FF,FF
56263,4991,0xCFF6600,1,8,5E,08,FF,FF,FF,FF,FF,FF
56282,4992,0xCF00400,1,8,FF,FF,FF,F0,42,FF,FF,FF
56283,4993,0xCFF6600,1,8,5E,08,FF,FF,FF,FF,FF,FF
56302,4994,0xCF00400,1,8,FF,FF,FF,82,42,FF,FF,FF
56303,4995,0xCFF6600,1,8,50,08,FF,FF,FF,FF,FF,FF
56322,4996,0xCF00400,1,8,FF,FF,FF,4A,42,FF,FF,FF
56323,4997,0xCFF6600,1,8,49,08,FF,FF,FF,FF,FF,FF
56342,4998,0xCF00400,1,8,FF,FF,FF,5A,42,FF,FF,FF
56343,4999,0xCFF6600,1,8,4B,08,FF,FF,FF,FF,FF,FF
56353,5000,0x18FEF100,1,8,3F,00,00,FF,FF,FF,FF,FF
56354,5001,0x10FF6500,1,8,FC,FF,FF,FF,FF,FF,FF,FF
56354,5002,0x18F00500,1,8,FF,FF,FF,FF,20,2D,FF,FF
56355,5003,0x18FEF200,1,8,1B,00,00,00,00,00,00,FF
56362,5004,0xCF00400,1,8,FF,FF,FF,5A,42,FF,FF,FF
56363,5005,0xCFF6600,1,8,4B,08,FF,FF,FF,FF,FF,FF
56383,5006,0xCF00400,1,8,FF,FF,FF,5C,42,FF,FF,FF
56383,5007,0xCFF6600,1,8,4B,08,FF,FF,FF,FF,FF,FF
56402,5008,0xCF00400,1,8,FF,FF,FF,4C,42,FF,FF,FF
56403,5009,0xCFF6600,1,8,49,08,FF,FF,FF,FF,FF,FF
56422,5010,0xCF00400,1,8,FF,FF,FF,4C,42,FF,FF,FF
56423,5011,0xCFF6600,1,8,49,08,FF,FF,FF,FF,FF,FF
56442,5012,0xCF00400,1,8,FF,FF,FF,2C,42,FF,FF,FF
56443,5013,0xCFF6600,1,8,45,08,FF,FF,FF,FF,FF,FF
56454,5014,0x18FEF100,1,8,3F,00,00,FF,FF,FF,FF,FF
56454,5015,0x18F00500,1,8,FF,FF,FF,FF,20,2D,FF,FF
56455,5016,0x18FEF200,1,8,1B,00,00,00,00,00,00,FF
56462,5017,0xCF00400,1,8,FF,FF,FF,04,42,FF,FF,FF
56463,5018,0xCFF6600,1,8,40,08,FF,FF,FF,FF,FF,FF
56482,5019,0xCF00400,1,8,FF,FF,FF,42,42,FF,FF,FF
56483,5020,0xCFF6600,1,8,48,08,FF,FF,FF,FF,FF,FF
56502,5021,0xCF00400,1,8,FF,FF,FF,42,42,FF,FF,FF
56503,5022,0xCFF6600,1,8,48,08,FF,FF,FF,FF,FF,FF
56522,5023,0xCF00400,1,8,FF,FF,FF,DA,42,FF,FF,FF
56523,5024,0xCFF6600,1,8,5B,08,FF,FF,FF,FF,FF,FF
56542,5025,0xCF00400,1,8,FF,FF,FF,C6,42,FF,FF,FF
56543,5026,0xCFF6600,1,8,58,08,FF,FF,FF,FF,FF,FF
56553,5027,0x18FEF100,1,8,3F,00,00,FF,FF,FF,FF,FF
56553,5028,0x18F00500,1,8,FF,FF,FF,FF,20,2D,FF,FF
56554,5029,0x10FF6500,1,8,FC,FF,FF,FF,FF,FF,FF,FF
56555,5030,0x18FEF200,1,8,1B,00,00,00,00,00,00,FF
56562,5031,0xCF00400,1,8,FF,FF,FF,C6,42,FF,FF,FF
56563,5032,0xCFF6600,1,8,58,08,FF,FF,FF,FF,FF,FF
56582,5033,0xCF00400,1,8,FF,FF,FF,1E,42,FF,FF,FF
56583,5034,0xCFF6600,1,8,43,08,FF,FF,FF,FF,FF,FF
56602,5035,0xCF00400,1,8,FF,FF,FF,D2,41,FF,FF,FF
56603,5036,0xCFF6600,1,8,3A,08,FF,FF,FF,FF,FF,FF
56623,5037,0xCF00400,1,8,FF,FF,FF,D6,41,FF,FF,FF
56623,5038,0xCFF6600,1,8,3A,08,FF,FF,FF,FF,FF,FF
56642,5039,0xCF00400,1,8,FF,FF,FF,D6,41,FF,FF,FF
56643,5040,0xCFF6600,1,8,3A,08,FF,FF,FF,FF,FF,FF
56653,5041,0x18FEF100,1,8,3F,00,00,FF,FF,FF,FF,FF
56654,5042,0x18F00500,1,8,FF,FF,FF,FF,20,2D,FF,FF
56654,5043,0x18F00600,1,8,FF,FF,FF,FF,FF,FF,FF,FF
56655,5044,0x18FEF200,1,8,1B,00,00,00,00,00,00,FF
56656,5045,0x1CFDDF00,1,8,FE,FF,FF,FF,FF,FF,FF,FF
56656,5046,0x1CFF6A00,1,8,FC,FF,FF,FF,FF,FF,FF,FF
56662,5047,0xCF00400,1,8,FF,FF,FF,24,42,FF,FF,FF
56663,5048,0xCFF6600,1,8,44,08,FF,FF,FF,FF,FF,FF
56682,5049,0xCF00400,1,8,FF,FF,FF,A4,42,FF,FF,FF
56683,5050,0xCFF6600,1,8,54,08,FF,FF,FF,FF,FF,FF
56702,5051,0xCF00400,1,8,FF,FF,FF,A4,42,FF,FF,FF
56703,5052,0xCFF6600,1,8,54,08,FF,FF,FF,FF,FF,FF
56722,5053,0xCF00400,1,8,FF,FF,FF,FE,42,FF,FF,FF
56723,5054,0xCFF6600,1,8,5F,08,FF,FF,FF,FF,FF,FF
56742,5055,0xCF00400,1,8,FF,FF,FF,44,43,FF,FF,FF
56743,5056,0xCFF6600,1,8,68,08,FF,FF,FF,FF,FF,FF
56753,5057,0x18FEF100,1,8,3F,00,00,FF,FF,FF,FF,FF
56754,5058,0x10FF6500,1,8,FC,FF,FF,FF,FF,FF,FF,FF
56754,5059,0x18F00500,1,8,FF,FF,FF,FF,20,2D,FF,FF
56755,5060,0x18FEF200,1,8,1B,00,00,00,00,00,00,FF
56763,5061,0xCF00400,1,8,FF,FF,FF,30,43,FF,FF,FF
56763,5062,0xCFF6600,1,8,66,08,FF,FF,FF,FF,FF,FF
56782,5063,0xCF00400,1,8,FF,FF,FF,30,43,FF,FF,FF
56783,5064,0xCFF6600,1,8,66,08,FF,FF,FF,FF,FF,FF
56802,5065,0xCF00400,1,8,FF,FF,FF,C6,42,FF,FF,FF
56803,5066,0xCFF6600,1,8,58,08,FF,FF,FF,FF,FF,FF
56812,5067,0x18FEEE00,1,8,42,FF,FF,FF,FF,FF,FF,FF
56812,5068,0x18FDE500,1,8,0A,14,1E,28,32,3C,46,13
56822,5069,0xCF00400,1,8,FF,FF,FF,00,43,FF,FF,FF
56823,5070,0xCFF6600,1,8,60,08,FF,FF,FF,FF,FF,FF
56832,5071,0x1CECFF00,1,8,20,0E,00,02,FF,CA,FE,00
56842,5072,0xCF00400,1,8,FF,FF,FF,00,43,FF,FF,FF
56843,5073,0xCFF6600,1,8,60,08,FF,FF,FF,FF,FF,FF
56853,5074,0x18FEF100,1,8,3F,00,00,FF,FF,FF,FF,FF
56854,5075,0x18F00500,1,8,FF,FF,FF,FF,20,2D,FF,FF
56854,5076,0x18FEF200,1,8,1B,00,00,00,00,00,00,FF
56862,5077,0xCF00400,1,8,FF,FF,FF,C0,43,FF,FF,FF
56863,5078,0xCFF6600,1,8,78,08,FF,FF,FF,FF,FF,FF
56882,5079,0xCF00400,1,8,FF,FF,FF,16,44,FF,FF,FF
56883,5080,0xCFF6600,1,8,82,08,FF,FF,FF,FF,FF,FF
56883,5081,0x1CEBFF00,1,8,01,40,FF,0F,F0,E5,01,02
56902,5082,0xCF00400,1,8,FF,FF,FF,24,44,FF,FF,FF
56903,5083,0xCFF6600,1,8,84,08,FF,FF,FF,FF,FF,FF
56922,5084,0xCF00400,1,8,FF,FF,FF,24,44,FF,FF,FF
56923,5085,0xCFF6600,1,8,84,08,FF,FF,FF,FF,FF,FF
56932,5086,0x1CEBFF00,1,8,02,F0,E3,02,6E,00,03,01
56942,5087,0xCF00400,1,8,FF,FF,FF,36,44,FF,FF,FF
56943,5088,0xCFF6600,1,8,86,08,FF,FF,FF,FF,FF,FF
56953,5089,0x18FEF100,1,8,3F,00,00,FF,FF,FF,FF,FF
56954,5090,0x10FF6500,1,8,FC,FF,FF,FF,FF,FF,FF,FF
56954,5091,0x18F00500,1,8,FF,FF,FF,FF,20,2D,FF,FF
56955,5092,0x18FEF200,1,8,1B,00,00,00,00,00,00,FF
56962,5093,0xCF00400,1,8,FF,FF,FF,54,44,FF,FF,FF
56963,5094,0xCFF6600,1,8,8A,08,FF,FF,FF,FF,FF,FF
56982,5095,0xCF00400,1,8,FF,FF,FF,54,44,FF,FF,FF
56983,5096,0xCFF6600,1,8,8A,08,FF,FF,FF,FF,FF,FF
57002,5097,0xCF00400,1,8,FF,FF,FF,84,44,FF,FF,FF
57003,5098,0xCFF6600,1,8,90,08,FF,FF,FF,FF,FF,FF
57022,5099,0xCF00400,1,8,FF,FF,FF,BC,44,FF,FF,FF
57023,5100,0xCFF6600,1,8,97,08,FF,FF,FF,FF,FF,FF
57042,5101,0xCF00400,1,8,FF,FF,FF,BC,44,FF,FF,FF
57043,5102,0xCFF6600,1,8,97,08,FF,FF,FF,FF,FF,FF
57053,5103,0x18FEF100,1,8,3F,00,00,FF,FF,FF,FF,FF
57054,5104,0x18F00500,1,8,FF,FF,FF,FF,20,2D,FF,FF
57055,5105,0x18FEF200,1,8,1B,00,00,00,00,00,00,FF
57062,5106,0xCF00400,1,8,FF,FF,FF,BC,44,FF,FF,FF
57063,5107,0xCFF6600,1,8,97,08,FF,FF,FF,FF,FF,FF
57082,5108,0xCF00400,1,8,FF,FF,FF,94,44,FF,FF,FF
57083,5109,0xCFF6600,1,8,92,08,FF,FF,FF,FF,FF,FF
57102,5110,0xCF00400,1,8,FF,FF,FF,76,44,FF,FF,FF
57103,5111,0xCFF6600,1,8,8E,08,FF,FF,FF,FF,FF,FF
57122,5112,0xCF00400,1,8,FF,FF,FF,62,44,FF,FF,FF
57123,5113,0xCFF6600,1,8,8C,08,FF,FF,FF,FF,FF,FF
57142,5114,0xCF00400,1,8,FF,FF,FF,62,44,FF,FF,FF
57143,5115,0xCFF6600,1,8,8C,08,FF,FF,FF,FF,FF,FF
57153,5116,0x18FEF100,1,8,3F,00,00,FF,FF,FF,FF,FF
57154,5117,0x10FF6500,1,8,FC,FF,FF,FF,FF,FF,FF,FF
57154,5118,0x18F00500,1,8,FF,FF,FF,FF,20,2D,FF,FF
57155,5119,0x18F00600,1,8,FF,FF,FF,FF,FF,FF,FF,FF
57155,5120,0x18FEF200,1,8,1B,00,00,00,00,00,00,FF
57156,5121,0x1CFDDF00,1,8,FE,FF,FF,FF,FF,FF,FF,FF
57157,5122,0x1CFF6A00,1,8,FC,FF,FF,FF,FF,FF,FF,FF
57162,5123,0xCF00400,1,8,FF,FF,FF,F4,43,FF,FF,FF
57163,5124,0xCFF6600,1,8,7E,08,FF,FF,FF,FF,FF,FF
57182,5125,0xCF00400,1,8,FF,FF,FF,34,43,FF,FF,FF
57183,5126,0xCFF6600,1,8,66,08,FF,FF,FF,FF,FF,FF
57202,5127,0xCF00400,1,8,FF,FF,FF,34,43,FF,FF,FF
57203,5128,0xCFF6600,1,8,66,08,FF,FF,FF,FF,FF,FF
57222,5129,0xCF00400,1,8,FF,FF,FF,3A,43,FF,FF,FF
57223,5130,0xCFF6600,1,8,67,08,FF,FF,FF,FF,FF,FF
57242,5131,0xCF00400,1,8,FF,FF,FF,E8,43,FF,FF,FF
57243,5132,0xCFF6600,1,8,7D,08,FF,FF,FF,FF,FF,FF
57253,5133,0x18FEF100,1,8,3F,00,00,FF,FF,FF,FF,FF
57254,5134,0x18F00500,1,8,FF,FF,FF,FF,20,2D,FF,FF
57254,5135,0x18FEF200,1,8,1B,00,00,00,00,00,00,FF
57262,5136,0xCF00400,1,8,FF,FF,FF,7E,44,FF,FF,FF
57263,5137,0xCFF6600,1,8,8F,08,FF,FF,FF,FF,FF,FF
57282,5138,0xCF00400,1,8,FF,FF,FF,7E,44,FF,FF,FF
57283,5139,0xCFF6600,1,8,8F,08,FF,FF,FF,FF,FF,FF
57302,5140,0xCF00400,1,8,FF,FF,FF,0C,45,FF,FF,FF
57303,5141,0xCFF6600,1,8,A1,08,FF,FF,FF,FF,FF,FF
57322,5142,0xCF00400,1,8,FF,FF,FF,3A,45,FF,FF,FF
57323,5143,0xCFF6600,1,8,A7,08,FF,FF,FF,FF,FF,FF
57342,5144,0xCF00400,1,8,FF,FF,FF,1E,45,FF,FF,FF
57343,5145,0xCFF6600,1,8,A3,08,FF,FF,FF,FF,FF,FF
57353,5146,0x18FEF100,1,8,3F,00,00,FF,FF,FF,FF,FF
57353,5147,0x10FF6500,1,8,FC,FF,FF,FF,FF,FF,FF,FF
57354,5148,0x18F00500,1,8,FF,FF,FF,FF,20,2D,FF,FF
57355,5149,0x18FEF200,1,8,1B,00,00,00,00,00,00,FF
57362,5150,0xCF00400,1,8,FF,FF,FF,1E,45,FF,FF,FF
57363,5151,0xCFF6600,1,8,A3,08,FF,FF,FF,FF,FF,FF
57382,5152,0xCF00400,1,8,FF,FF,FF,FA,44,FF,FF,FF
57383,5153,0xCFF6600,1,8,9F,08,FF,FF,FF,FF,FF,FF
57402,5154,0xCF00400,1,8,FF,FF,FF,D0,44,FF,FF,FF
57403,5155,0xCFF6600,1,8,9A,08,FF,FF,FF,FF,FF,FF
57422,5156,0xCF00400,1,8,FF,FF,FF,E8,44,FF,FF,FF
57423,5157,0xCFF6600,1,8,9D,08,FF,FF,FF,FF,FF,FF
57442,5158,0xCF00400,1,8,FF,FF,FF,E8,44,FF,FF,FF
57443,5159,0xCFF6600,1,8,9D,08,FF,FF,FF,FF,FF,FF
57453,5160,0x18FEF100,1,8,3F,00,00,FF,FF,FF,FF,FF
57454,5161,0x18F00500,1,8,FF,FF,FF,FF,20,2D,FF,FF
57454,5162,0x18FEF200,1,8,1B,00,00,00,00,00,00,FF
57463,5163,0xCF00400,1,8,FF,FF,FF,30,45,FF,FF,FF
57463,5164,0xCFF6600,1,8,A6,08,FF,FF,FF,FF,FF,FF
57482,5165,0xCF00400,1,8,FF,FF,FF,52,45,FF,FF,FF
57483,5166,0xCFF6600,1,8,AA,08,FF,FF,FF,FF,FF,FF
57503,5167,0xCF00400,1,8,FF,FF,FF,56,45,FF,FF,FF
57503,5168,0xCFF6600,1,8,AA,08,FF,FF,FF,FF,FF,FF
57522,5169,0xCF00400,1,8,FF,FF,FF,56,45,FF,FF,FF
57523,5170,0xCFF6600,1,8,AA,08,FF,FF,FF,FF,FF,FF
57542,5171,0xCF00400,1,8,FF,FF,FF,1E,45,FF,FF,FF
57543,5172,0xCFF6600,1,8,A3,08,FF,FF,FF,FF,FF,FF
57553,5173,0x18FEF100,1,8,3F,00,00,FF,FF,FF,FF,FF
57554,5174,0x10FF6500,1,8,FC,FF,FF,FF,FF,FF,FF,FF
57554,5175,0x18F00500,1,8,FF,FF,FF,FF,20,2D,FF,FF
57555,5176,0x18FEF200,1,8,1B,00,00,00,00,00,00,FF
57562,5177,0xCF00400,1,8,FF,FF,FF,B0,44,FF,FF,FF
57563,5178,0xCFF6600,1,8,96,08,FF,FF,FF,FF,FF,FF
57582,5179,0xCF00400,1,8,FF,FF,FF,B0,44,FF,FF,FF
57583,5180,0xCFF6600,1,8,96,08,FF,FF,FF,FF,FF,FF
57602,5181,0xCF00400,1,8,FF,FF,FF,52,44,FF,FF,FF
57603,5182,0xCFF6600,1,8,8A,08,FF,FF,FF,FF,FF,FF
57622,5183,0xCF00400,1,8,FF,FF,FF,00,44,FF,FF,FF
57623,5184,0xCFF6600,1,8,80,08,FF,FF,FF,FF,FF,FF
57642,5185,0xCF00400,1,8,FF,FF,FF,C4,43,FF,FF,FF
57643,5186,0xCFF6600,1,8,78,08,FF,FF,FF,FF,FF,FF
57654,5187,0x18FEF100,1,8,3F,00,00,FF,FF,FF,FF,FF
57654,5188,0x18F00500,1,8,FF,FF,FF,FF,20,2D,FF,FF
57655,5189,0x18F00600,1,8,FF,FF,FF,FF,FF,FF,FF,FF
57655,5190,0x18FEF200,1,8,1B,00,00,00,00,00,00,FF
57656,5191,0x1CFDDF00,1,8,FE,FF,FF,FF,FF,FF,FF,FF
57656,5192,0x1CFF6A00,1,8,FC,FF,FF,FF,FF,FF,FF,FF
57662,5193,0xCF00400,1,8,FF,FF,FF,C4,43,FF,FF,FF
57663,5194,0xCFF6600,1,8,78,08,FF,FF,FF,FF,FF,FF
57682,5195,0xCF00400,1,8,FF,FF,FF,9A,43,FF,FF,FF
57683,5196,0xCFF6600,1,8,73,08,FF,FF,FF,FF,FF,FF
57702,5197,0xCF00400,1,8,FF,FF,FF,B4,43,FF,FF,FF
57703,5198,0xCFF6600,1,8,76,08,FF,FF,FF,FF,FF,FF
57722,5199,0xCF00400,1,8,FF,FF,FF,B4,43,FF,FF,FF
57723,5200,0xCFF6600,1,8,76,08,FF,FF,FF,FF,FF,FF
57742,5201,0xCF00400,1,8,FF,FF,FF,08,44,FF,FF,FF
57743,5202,0xCFF6600,1,8,81,08,FF,FF,FF,FF,FF,FF
57753,5203,0x18FEF100,1,8,3F,00,00,FF,FF,FF,FF,FF
57754,5204,0x10FF6500,1,8,FC,FF,FF,FF,FF,FF,FF,FF
57754,5205,0x18F00500,1,8,FF,FF,FF,FF,20,2D,FF,FF
57755,5206,0x18FEF200,1,8,1B,00,00,00,00,00,00,FF
57762,5207,0xCF00400,1,8,FF,FF,FF,3E,44,FF,FF,FF
57763,5208,0xCFF6600,1,8,87,08,FF,FF,FF,FF,FF,FF
57782,5209,0xCF00400,1,8,FF,FF,FF,5C,44,FF,FF,FF
57783,5210,0xCFF6600,1,8,8B,08,FF,FF,FF,FF,FF,FF
57802,5211,0xCF00400,1,8,FF,FF,FF,5C,44,FF,FF,FF
57803,5212,0xCFF6600,1,8,8B,08,FF,FF,FF,FF,FF,FF
57812,5213,0x18FEEE00,1,8,42,FF,FF,FF,FF,FF,FF,FF
57813,5214,0x18FDE500,1,8,0A,14,1E,28,32,3C,46,13
57822,5215,0xCF00400,1,8,FF,FF,FF,3C,44,FF,FF,FF
57823,5216,0xCFF6600,1,8,87,08,FF,FF,FF,FF,FF,FF
57832,5217,0x1CECFF00,1,8,20,0E,00,02,FF,CA,FE,00
57842,5218,0xCF00400,1,8,FF,FF,FF,E6,43,FF,FF,FF
57843,5219,0xCFF6600,1,8,7C,08,FF,FF,FF,FF,FF,FF
57853,5220,0x18FEF100,1,8,3F,00,00,FF,FF,FF,FF,FF
57854,5221,0x18F00500,1,8,FF,FF,FF,FF,20,2D,FF,FF
57854,5222,0x18FEF200,1,8,1B,00,00,00,00,00,00,FF
57862,5223,0xCF00400,1,8,FF,FF,FF,2C,44,FF,FF,FF
57863,5224,0xCFF6600,1,8,85,08,FF,FF,FF,FF,FF,FF
57882,5225,0xCF00400,1,8,FF,FF,FF,2C,44,FF,FF,FF
57883,5226,0xCFF6600,1,8,85,08,FF,FF,FF,FF,FF,FF
57883,5227,0x1CEBFF00,1,8,01,40,FF,0F,F0,E5,01,02
57902,5228,0xCF00400,1,8,FF,FF,FF,E8,44,FF,FF,FF
57903,5229,0xCFF6600,1,8,9D,08,FF,FF,FF,FF,FF,FF
57922,5230,0xCF00400,1,8,FF,FF,FF,2A,45,FF,FF,FF
57923,5231,0xCFF6600,1,8,A5,08,FF,FF,FF,FF,FF,FF
57932,5232,0x1CEBFF00,1,8,02,F0,E3,02,6E,00,03,01
57943,5233,0xCF00400,1,8,FF,FF,FF,14,45,FF,FF,FF
57943,5234,0xCFF6600,1,8,A2,08,FF,FF,FF,FF,FF,FF
57953,5235,0x18FEF100,1,8,3F,00,00,FF,FF,FF,FF,FF
57954,5236,0x10FF6500,1,8,FC,FF,FF,FF,FF,FF,FF,FF
57954,5237,0x18F00500,1,8,FF,FF,FF,FF,20,2D,FF,FF
57955,5238,0x18FEF200,1,8,1B,00,00,00,00,00,00,FF
57962,5239,0xCF00400,1,8,FF,FF,FF,14,45,FF,FF,FF
57963,5240,0xCFF6600,1,8,A2,08,FF,FF,FF,FF,FF,FF
57982,5241,0xCF00400,1,8,FF,FF,FF,A2,44,FF,FF,FF
57983,5242,0xCFF6600,1,8,94,08,FF,FF,FF,FF,FF,FF
58002,5243,0xCF00400,1,8,FF,FF,FF,E6,43,FF,FF,FF
58003,5244,0xCFF6600,1,8,7C,08,FF,FF,FF,FF,FF,FF
58022,5245,0xCF00400,1,8,FF,FF,FF,E6,43,FF,FF,FF
58023,5246,0xCFF6600,1,8,7C,08,FF,FF,FF,FF,FF,FF
58042,5247,0xCF00400,1,8,FF,FF,FF,B4,43,FF,FF,FF
58043,5248,0xCFF6600,1,8,76,08,FF,FF,FF,FF,FF,FF
58054,5249,0x18FEF100,1,8,3F,00,00,FF,FF,FF,FF,FF
58054,5250,0x18F00500,1,8,FF,FF,FF,FF,20,2D,FF,FF
58055,5251,0x18FEF200,1,8,1B,00,00,00,00,00,00,FF
58062,5252,0xCF00400,1,8,FF,FF,FF,EE,43,FF,FF,FF
58063,5253,0xCFF6600,1,8,7D,08,FF,FF,FF,FF,FF,FF
58082,5254,0xCF00400,1,8,FF,FF,FF,E8,43,FF,FF,FF
58083,5255,0xCFF6600,1,8,7D,08,FF,FF,FF,FF,FF,FF
58102,5256,0xCF00400,1,8,FF,FF,FF,E8,43,FF,FF,FF
58103,5257,0xCFF6600,1,8,7D,08,FF,FF,FF,FF,FF,FF
58122,5258,0xCF00400,1,8,FF,FF,FF,BC,43,FF,FF,FF
58123,5259,0xCFF6600,1,8,77,08,FF,FF,FF,FF,FF,FF
58142,5260,0xCF00400,1,8,FF,FF,FF,9C,43,FF,FF,FF
58143,5261,0xCFF6600,1,8,73,08,FF,FF,FF,FF,FF,FF
58153,5262,0x18FEF100,1,8,3F,00,00,FF,FF,FF,FF,FF
58153,5263,0x18F00500,1,8,FF,FF,FF,FF,20,2D,FF,FF
58154,5264,0x10FF6500,1,8,FC,FF,FF,FF,FF,FF,FF,FF
58155,5265,0x18F00600,1,8,FF,FF,FF,FF,FF,FF,FF,FF
58155,5266,0x18FEF200,1,8,1B,00,00,00,00,00,00,FF
58156,5267,0x1CFDDF00,1,8,FE,FF,FF,FF,FF,FF,FF,FF
58156,5268,0x1CFF6A00,1,8,FC,FF,FF,FF,FF,FF,FF,FF
58162,5269,0xCF00400,1,8,FF,FF,FF,9C,43,FF,FF,FF
58163,5270,0xCFF6600,1,8,73,08,FF,FF,FF,FF,FF,FF
58182,5271,0xCF00400,1,8,FF,FF,FF,80,43,FF,FF,FF
58183,5272,0xCFF6600,1,8,70,08,FF,FF,FF,FF,FF,FF
58202,5273,0xCF00400,1,8,FF,FF,FF,AE,43,FF,FF,FF
58203,5274,0xCFF6600,1,8,75,08,FF,FF,FF,FF,FF,FF
58222,5275,0xCF00400,1,8,FF,FF,FF,16,44,FF,FF,FF
58223,5276,0xCFF6600,1,8,82,08,FF,FF,FF,FF,FF,FF
58242,5277,0xCF00400,1,8,FF,FF,FF,16,44,FF,FF,FF
58243,5278,0xCFF6600,1,8,82,08,FF,FF,FF,FF,FF,FF
58253,5279,0x18FEF100,1,8,3F,00,00,FF,FF,FF,FF,FF
58254,5280,0x18F00500,1,8,FF,FF,FF,FF,20,2D,FF,FF
58254,5281,0x18FEF200,1,8,1B,00,00,00,00,00,00,FF
58262,5282,0xCF00400,1,8,FF,FF,FF,5A,44,FF,FF,FF
58263,5283,0xCFF6600,1,8,8B,08,FF,FF,FF,FF,FF,FF
58282,5284,0xCF00400,1,8,FF,FF,FF,7C,44,FF,FF,FF
58283,5285,0xCFF6600,1,8,8F,08,FF,FF,FF,FF,FF,FF
58302,5286,0xCF00400,1,8,FF,FF,FF,58,44,FF,FF,FF
58303,5287,0xCFF6600,1,8,8B,08,FF,FF,FF,FF,FF,FF
58322,5288,0xCF00400,1,8,FF,FF,FF,58,44,FF,FF,FF
58323,5289,0xCFF6600,1,8,8B,08,FF,FF,FF,FF,FF,FF
58342,5290,0xCF00400,1,8,FF,FF,FF,FA,43,FF,FF,FF
58343,5291,0xCFF6600,1,8,7F,08,FF,FF,FF,FF,FF,FF
58353,5292,0x18FEF100,1,8,3F,00,00,FF,FF,FF,FF,FF
58353,5293,0x18F00500,1,8,FF,FF,FF,FF,20,2D,FF,FF
58354,5294,0x10FF6500,1,8,FC,FF,FF,FF,FF,FF,FF,FF
58355,5295,0x18FEF200,1,8,1B,00,00,00,00,00,00,FF
58362,5296,0xCF00400,1,8,FF,FF,FF,E0,43,FF,FF,FF
58363,5297,0xCFF6600,1,8,7C,08,FF,FF,FF,FF,FF,FF
58382,5298,0xCF00400,1,8,FF,FF,FF,E0,43,FF,FF,FF
58383,5299,0xCFF6600,1,8,7C,08,FF,FF,FF,FF,FF,FF
58402,5300,0xCF00400,1,8,FF,FF,FF,FA,43,FF,FF,FF
58403,5301,0xCFF6600,1,8,7F,08,FF,FF,FF,FF,FF,FF
58422,5302,0xCF00400,1,8,FF,FF,FF,AC,43,FF,FF,FF
58423,5303,0xCFF6600,1,8,75,08,FF,FF,FF,FF,FF,FF
58442,5304,0xCF00400,1,8,FF,FF,FF,F6,42,FF,FF,FF
58443,5305,0xCFF6600,1,8,5E,08,FF,FF,FF,FF,FF,FF
58453,5306,0x18FEF100,1,8,3F,00,00,FF,FF,FF,FF,FF
58454,5307,0x18F00500,1,8,FF,FF,FF,FF,20,2D,FF,FF
58455,5308,0x18FEF200,1,8,1B,00,00,00,00,00,00,FF
58462,5309,0xCF00400,1,8,FF,FF,FF,F6,42,FF,FF,FF
58463,5310,0xCFF6600,1,8,5E,08,FF,FF,FF,FF,FF,FF
58482,5311,0xCF00400,1,8,FF,FF,FF,14,43,FF,FF,FF
58483,5312,0xCFF6600,1,8,62,08,FF,FF,FF,FF,FF,FF
58502,5313,0xCF00400,1,8,FF,FF,FF,EC,43,FF,FF,FF
58503,5314,0xCFF6600,1,8,7D,08,FF,FF,FF,FF,FF,FF
58523,5315,0xCF00400,1,8,FF,FF,FF,22,44,FF,FF,FF
58523,5316,0xCFF6600,1,8,84,08,FF,FF,FF,FF,FF,FF
58542,5317,0xCF00400,1,8,FF,FF,FF,22,44,FF,FF,FF
58543,5318,0xCFF6600,1,8,84,08,FF,FF,FF,FF,FF,FF
58553,5319,0x18FEF100,1,8,3F,00,00,FF,FF,FF,FF,FF
58554,5320,0x10FF6500,1,8,FC,FF,FF,FF,FF,FF,FF,FF
58554,5321,0x18F00500,1,8,FF,FF,FF,FF,20,2D,FF,FF
58555,5322,0x18FEF200,1,8,1B,00,00,00,00,00,00,FF
58562,5323,0xCF00400,1,8,FF,FF,FF,E8,43,FF,FF,FF
58563,5324,0xCFF6600,1,8,7D,08,FF,FF,FF,FF,FF,FF
58582,5325,0xCF00400,1,8,FF,FF,FF,1A,44,FF,FF,FF
58583,5326,0xCFF6600,1,8,83,08,FF,FF,FF,FF,FF,FF
58602,5327,0xCF00400,1,8,FF,FF,FF,1A,44,FF,FF,FF
58603,5328,0xCFF6600,1,8,83,08,FF,FF,FF,FF,FF,FF
58622,5329,0xCF00400,1,8,FF,FF,FF,9C,44,FF,FF,FF
58623,5330,0xCFF6600,1,8,93,08,FF,FF,FF,FF,FF,FF
58642,5331,0xCF00400,1,8,FF,FF,FF,26,45,FF,FF,FF
58643,5332,0xCFF6600,1,8,A4,08,FF,FF,FF,FF,FF,FF
58653,5333,0x18FEF100,1,8,3F,00,00,FF,FF,FF,FF,FF
58654,5334,0x18F00500,1,8,FF,FF,FF,FF,20,2D,FF,FF
58654,5335,0x18F00600,1,8,FF,FF,FF,FF,FF,FF,FF,FF
58655,5336,0x18FEF200,1,8,1B,00,00,00,00,00,00,FF
58656,5337,0x1CFDDF00,1,8,FE,FF,FF,FF,FF,FF,FF,FF
58656,5338,0x1CFF6A00,1,8,FC,FF,FF,FF,FF,FF,FF,FF
58662,5339,0xCF00400,1,8,FF,FF,FF,B6,45,FF,FF,FF
58663,5340,0xCFF6600,1,8,B6,08,FF,FF,FF,FF,FF,FF
58682,5341,0xCF00400,1,8,FF,FF,FF,B6,45,FF,FF,FF
58683,5342,0xCFF6600,1,8,B6,08,FF,FF,FF,FF,FF,FF
58702,5343,0xCF00400,1,8,FF,FF,FF,C2,45,FF,FF,FF
58703,5344,0xCFF6600,1,8,B8,08,FF,FF,FF,FF,FF,FF
58722,5345,0xCF00400,1,8,FF,FF,FF,62,45,FF,FF,FF
58723,5346,0xCFF6600,1,8,AC,08,FF,FF,FF,FF,FF,FF
58742,5347,0xCF00400,1,8,FF,FF,FF,3E,45,FF,FF,FF
58743,5348,0xCFF6600,1,8,A7,08,FF,FF,FF,FF,FF,FF
58753,5349,0x18FEF100,1,8,3F,00,00,FF,FF,FF,FF,FF
58754,5350,0x10FF6500,1,8,FC,FF,FF,FF,FF,FF,FF,FF
58755,5351,0x18F00500,1,8,FF,FF,FF,FF,20,2D,FF,FF
58755,5352,0x18FEF200,1,8,1B,00,00,00,00,00,00,FF
58762,5353,0xCF00400,1,8,FF,FF,FF,3E,45,FF,FF,FF
58763,5354,0xCFF6600,1,8,A7,08,FF,FF,FF,FF,FF,FF
58782,5355,0xCF00400,1,8,FF,FF,FF,4E,45,FF,FF,FF
58783,5356,0xCFF6600,1,8,A9,08,FF,FF,FF,FF,FF,FF
58802,5357,0xCF00400,1,8,FF,FF,FF,BA,45,FF,FF,FF
58803,5358,0xCFF6600,1,8,B7,08,FF,FF,FF,FF,FF,FF
58812,5359,0x18FEEE00,1,8,42,FF,FF,FF,FF,FF,FF,FF
58813,5360,0x18FDE500,1,8,0A,14,1E,28,32,3C,46,13
58822,5361,0xCF00400,1,8,FF,FF,FF,6A,46,FF,FF,FF
58823,5362,0xCFF6600,1,8,CD,08,FF,FF,FF,FF,FF,FF
58832,5363,0x1CECFF00,1,8,20,0E,00,02,FF,CA,FE,00
58842,5364,0xCF00400,1,8,FF,FF,FF,6A,46,FF,FF,FF
58843,5365,0xCFF6600,1,8,CD,08,FF,FF,FF,FF,FF,FF
58853,5366,0x18FEF100,1,8,3F,00,00,FF,FF,FF,FF,FF
58854,5367,0x18F00500,1,8,FF,FF,FF,FF,20,2D,FF,FF
58854,5368,0x18FEF200,1,8,1B,00,00,00,00,00,00,FF
58862,5369,0xCF00400,1,8,FF,FF,FF,88,46,FF,FF,FF
58863,5370,0xCFF6600,1,8,D1,08,FF,FF,FF,FF,FF,FF
58882,5371,0xCF00400,1,8,FF,FF,FF,32,46,FF,FF,FF
58883,5372,0xCFF6600,1,8,C6,08,FF,FF,FF,FF,FF,FF
58883,5373,0x1CEBFF00,1,8,01,40,FF,0F,F0,E5,01,02
58902,5374,0xCF00400,1,8,FF,FF,FF,DC,45,FF,FF,FF
58903,5375,0xCFF6600,1,8,BB,08,FF,FF,FF,FF,FF,FF
58922,5376,0xCF00400,1,8,FF,FF,FF,DC,45,FF,FF,FF
58923,5377,0xCFF6600,1,8,BB,08,FF,FF,FF,FF,FF,FF
58932,5378,0x1CEBFF00,1,8,02,F0,E3,02,6E,00,03,01
58942,5379,0xCF00400,1,8,FF,FF,FF,9A,45,FF,FF,FF
58943,5380,0xCFF6600,1,8,B3,08,FF,FF,FF,FF,FF,FF
58953,5381,0x18FEF100,1,8,3F,00,00,FF,FF,FF,FF,FF
58953,5382,0x10FF6500,1,8,FC,FF,FF,FF,FF,FF,FF,FF
58954,5383,0x18F00500,1,8,FF,FF,FF,FF,20,2D,FF,FF
58955,5384,0x18FEF200,1,8,1B,00,00,00,00,00,00,FF
58962,5385,0xCF00400,1,8,FF,FF,FF,58,45,FF,FF,FF
58963,5386,0xCFF6600,1,8,AB,08,FF,FF,FF,FF,FF,FF
58982,5387,0xCF00400,1,8,FF,FF,FF,0C,45,FF,FF,FF
58983,5388,0xCFF6600,1,8,A1,08,FF,FF,FF,FF,FF,FF
59002,5389,0xCF00400,1,8,FF,FF,FF,0C,45,FF,FF,FF
59003,5390,0xCFF6600,1,8,A1,08,FF,FF,FF,FF,FF,FF
59022,5391,0xCF00400,1,8,FF,FF,FF,B8,44,FF,FF,FF
59023,5392,0xCFF6600,1,8,97,08,FF,FF,FF,FF,FF,FF
59042,5393,0xCF00400,1,8,FF,FF,FF,58,44,FF,FF,FF
59043,5394,0xCFF6600,1,8,8B,08,FF,FF,FF,FF,FF,FF
59053,5395,0x18FEF100,1,8,3F,00,00,FF,FF,FF,FF,FF
59054,5396,0x18F00500,1,8,FF,FF,FF,FF,20,2D,FF,FF
59054,5397,0x18FEF200,1,8,1B,00,00,00,00,00,00,FF
59062,5398,0xCF00400,1,8,FF,FF,FF,58,44,FF,FF,FF
59063,5399,0xCFF6600,1,8,8B,08,FF,FF,FF,FF,FF,FF
59082,5400,0xCF00400,1,8,FF,FF,FF,28,44,FF,FF,FF
59083,5401,0xCFF6600,1,8,85,08,FF,FF,FF,FF,FF,FF
59102,5402,0xCF00400,1,8,FF,FF,FF,12,44,FF,FF,FF
59103,5403,0xCFF6600,1,8,82,08,FF,FF,FF,FF,FF,FF
59122,5404,0xCF00400,1,8,FF,FF,FF,0E,44,FF,FF,FF
59123,5405,0xCFF6600,1,8,81,08,FF,FF,FF,FF,FF,FF
59142,5406,0xCF00400,1,8,FF,FF,FF,0E,44,FF,FF,FF
59143,5407,0xCFF6600,1,8,81,08,FF,FF,FF,FF,FF,FF
59153,5408,0x18FEF100,1,8,3F,00,00,FF,FF,FF,FF,FF
59154,5409,0x10FF6500,1,8,FC,FF,FF,FF,FF,FF,FF,FF
59154,5410,0x18F00500,1,8,FF,FF,FF,FF,20,2D,FF,FF
59155,5411,0x18F00600,1,8,FF,FF,FF,FF,FF,FF,FF,FF
59155,5412,0x18FEF200,1,8,1B,00,00,00,00,00,00,FF
59156,5413,0x1CFDDF00,1,8,FE,FF,FF,FF,FF,FF,FF,FF
59157,5414,0x1CFF6A00,1,8,FC,FF,FF,FF,FF,FF,FF,FF
59162,5415,0xCF00400,1,8,FF,FF,FF,1A,44,FF,FF,FF
59163,5416,0xCFF6600,1,8,83,08,FF,FF,FF,FF,FF,FF
59182,5417,0xCF00400,1,8,FF,FF,FF,EC,43,FF,FF,FF
59183,5418,0xCFF6600,1,8,7D,08,FF,FF,FF,FF,FF,FF
59203,5419,0xCF00400,1,8,FF,FF,FF,8E,43,FF,FF,FF
59203,5420,0xCFF6600,1,8,71,08,FF,FF,FF,FF,FF,FF
59222,5421,0xCF00400,1,8,FF,FF,FF,8E,43,FF,FF,FF
59223,5422,0xCFF6600,1,8,71,08,FF,FF,FF,FF,FF,FF
59242,5423,0xCF00400,1,8,FF,FF,FF,42,43,FF,FF,FF
59243,5424,0xCFF6600,1,8,68,08,FF,FF,FF,FF,FF,FF
59253,5425,0x18FEF100,1,8,3F,00,00,FF,FF,FF,FF,FF
59254,5426,0x18F00500,1,8,FF,FF,FF,FF,20,2D,FF,FF
59254,5427,0x18FEF200,1,8,1B,00,00,00,00,00,00,FF
59262,5428,0xCF00400,1,8,FF,FF,FF,0A,43,FF,FF,FF
59263,5429,0xCFF6600,1,8,61,08,FF,FF,FF,FF,FF,FF
59282,5430,0xCF00400,1,8,FF,FF,FF,0A,43,FF,FF,FF
59283,5431,0xCFF6600,1,8,61,08,FF,FF,FF,FF,FF,FF
59302,5432,0xCF00400,1,8,FF,FF,FF,1C,43,FF,FF,FF
59303,5433,0xCFF6600,1,8,63,08,FF,FF,FF,FF,FF,FF
59322,5434,0xCF00400,1,8,FF,FF,FF,6E,43,FF,FF,FF
59323,5435,0xCFF6600,1,8,6D,08,FF,FF,FF,FF,FF,FF
59342,5436,0xCF00400,1,8,FF,FF,FF,96,43,FF,FF,FF
59343,5437,0xCFF6600,1,8,72,08,FF,FF,FF,FF,FF,FF
59353,5438,0x18FEF100,1,8,3F,00,00,FF,FF,FF,FF,FF
59354,5439,0x10FF6500,1,8,FC,FF,FF,FF,FF,FF,FF,FF
59354,5440,0x18F00500,1,8,FF,FF,FF,FF,20,2D,FF,FF
59355,5441,0x18FEF200,1,8,1B,00,00,00,00,00,00,FF
59362,5442,0xCF00400,1,8,FF,FF,FF,96,43,FF,FF,FF
59363,5443,0xCFF6600,1,8,72,08,FF,FF,FF,FF,FF,FF
59383,5444,0xCF00400,1,8,FF,FF,FF,9A,43,FF,FF,FF
59383,5445,0xCFF6600,1,8,73,08,FF,FF,FF,FF,FF,FF
59402,5446,0xCF00400,1,8,FF,FF,FF,9C,43,FF,FF,FF
59403,5447,0xCFF6600,1,8,73,08,FF,FF,FF,FF,FF,FF
59422,5448,0xCF00400,1,8,FF,FF,FF,9C,43,FF,FF,FF
59423,5449,0xCFF6600,1,8,73,08,FF,FF,FF,FF,FF,FF
59442,5450,0xCF00400,1,8,FF,FF,FF,98,43,FF,FF,FF
59443,5451,0xCFF6600,1,8,73,08,FF,FF,FF,FF,FF,FF
59454,5452,0x18FEF100,1,8,3F,00,00,FF,FF,FF,FF,FF
59454,5453,0x18F00500,1,8,FF,FF,FF,FF,20,2D,FF,FF
59455,5454,0x18FEF200,1,8,1B,00,00,00,00,00,00,FF
59462,5455,0xCF00400,1,8,FF,FF,FF,CC,43,FF,FF,FF
59463,5456,0xCFF6600,1,8,79,08,FF,FF,FF,FF,FF,FF
59482,5457,0xCF00400,1,8,FF,FF,FF,1A,44,FF,FF,FF
59483,5458,0xCFF6600,1,8,83,08,FF,FF,FF,FF,FF,FF
59502,5459,0xCF00400,1,8,FF,FF,FF,1A,44,FF,FF,FF
59503,5460,0xCFF6600,1,8,83,08,FF,FF,FF,FF,FF,FF
59522,5461,0xCF00400,1,8,FF,FF,FF,7E,44,FF,FF,FF
59523,5462,0xCFF6600,1,8,8F,08,FF,FF,FF,FF,FF,FF
59542,5463,0xCF00400,1,8,FF,FF,FF,08,45,FF,FF,FF
59543,5464,0xCFF6600,1,8,A1,08,FF,FF,FF,FF,FF,FF
59553,5465,0x18FEF100,1,8,3F,00,00,FF,FF,FF,FF,FF
59553,5466,0x18F00500,1,8,FF,FF,FF,FF,20,2D,FF,FF
59554,5467,0x10FF6500,1,8,FC,FF,FF,FF,FF,FF,FF,FF
59555,5468,0x18FEF200,1,8,1B,00,00,00,00,00,00,FF
59562,5469,0xCF00400,1,8,FF,FF,FF,2E,45,FF,FF,FF
59563,5470,0xCFF6600,1,8,A5,08,FF,FF,FF,FF,FF,FF
59582,5471,0xCF00400,1,8,FF,FF,FF,2E,45,FF,FF,FF
59583,5472,0xCFF6600,1,8,A5,08,FF,FF,FF,FF,FF,FF
59602,5473,0xCF00400,1,8,FF,FF,FF,0A,45,FF,FF,FF
59603,5474,0xCFF6600,1,8,A1,08,FF,FF,FF,FF,FF,FF
59622,5475,0xCF00400,1,8,FF,FF,FF,70,45,FF,FF,FF
59623,5476,0xCFF6600,1,8,AE,08,FF,FF,FF,FF,FF,FF
59642,5477,0xCF00400,1,8,FF,FF,FF,46,46,FF,FF,FF
59643,5478,0xCFF6600,1,8,C8,08,FF,FF,FF,FF,FF,FF
59653,5479,0x18FEF100,1,8,3F,00,00,FF,FF,FF,FF,FF
59654,5480,0x18F00500,1,8,FF,FF,FF,FF,20,2D,FF,FF
59654,5481,0x18F00600,1,8,FF,FF,FF,FF,FF,FF,FF,FF
59655,5482,0x18FEF200,1,8,1B,00,00,00,00,00,00,FF
59655,5483,0x1CFDDF00,1,8,FE,FF,FF,FF,FF,FF,FF,FF
59656,5484,0x1CFF6A00,1,8,FC,FF,FF,FF,FF,FF,FF,FF
59662,5485,0xCF00400,1,8,FF,FF,FF,46,46,FF,FF,FF
59663,5486,0xCFF6600,1,8,C8,08,FF,FF,FF,FF,FF,FF
59682,5487,0xCF00400,1,8,FF,FF,FF,94,46,FF,FF,FF
59683,5488,0xCFF6600,1,8,D2,08,FF,FF,FF,FF,FF,FF
59702,5489,0xCF00400,1,8,FF,FF,FF,7A,46,FF,FF,FF
59703,5490,0xCFF6600,1,8,CF,08,FF,FF,FF,FF,FF,FF
59722,5491,0xCF00400,1,8,FF,FF,FF,C0,46,FF,FF,FF
59723,5492,0xCFF6600,1,8,D8,08,FF,FF,FF,FF,FF,FF
59742,5493,0xCF00400,1,8,FF,FF,FF,C0,46,FF,FF,FF
59743,5494,0xCFF6600,1,8,D8,08,FF,FF,FF,FF,FF,FF
59746,5495,0x18FEFC17,1,8,FF,1F,FF,FF,FF,FF,FF,FF
59753,5496,0x18FEF100,1,8,3F,00,00,FF,FF,FF,FF,FF
59754,5497,0x10FF6500,1,8,FC,FF,FF,FF,FF,FF,FF,FF
59754,5498,0x18F00500,1,8,FF,FF,FF,FF,20,2D,FF,FF
59755,5499,0x18FEF200,1,8,1B,00,00,00,00,00,00,FF
59762,5500,0xCF00400,1,8,FF,FF,FF,4E,47,FF,FF,FF
59763,5501,0xCFF6600,1,8,E9,08,FF,FF,FF,FF,FF,FF
59766,5502,0x18FEF517,1,8,FF,FF,FF,20,1D,FF,FF,FF
59782,5503,0xCF00400,1,8,FF,FF,FF,3E,47,FF,FF,FF
59783,5504,0xCFF6600,1,8,E7,08,FF,FF,FF,FF,FF,FF
59789,5505,0x18FEC117,1,8,F0,1D,00,00,03,1E,00,00
59802,5506,0xCF00400,1,8,FF,FF,FF,B6,46,FF,FF,FF
59803,5507,0xCFF6600,1,8,D6,08,FF,FF,FF,FF,FF,FF
59812,5508,0x18FEEE00,1,8,42,FF,FF,FF,FF,FF,FF,FF
59812,5509,0x18FDE500,1,8,0A,14,1E,28,32,3C,46,13
59822,5510,0xCF00400,1,8,FF,FF,FF,B6,46,FF,FF,FF
59823,5511,0xCFF6600,1,8,D6,08,FF,FF,FF,FF,FF,FF
59832,5512,0x1CECFF00,1,8,20,0E,00,02,FF,CA,FE,00
59842,5513,0xCF00400,1,8,FF,FF,FF,46,46,FF,FF,FF
59843,5514,0xCFF6600,1,8,C8,08,FF,FF,FF,FF,FF,FF
59854,5515,0x18FEF100,1,8,3F,00,00,FF,FF,FF,FF,FF
59854,5516,0x18F00500,1,8,FF,FF,FF,FF,20,2D,FF,FF
59855,5517,0x18FEF200,1,8,1D,00,00,00,00,00,00,FF
59862,5518,0xCF00400,1,8,FF,FF,FF,E2,45,FF,FF,FF
59863,5519,0xCFF6600,1,8,BC,08,FF,FF,FF,FF,FF,FF
59882,5520,0xCF00400,1,8,FF,FF,FF,86,45,FF,FF,FF
59883,5521,0xCFF6600,1,8,B0,08,FF,FF,FF,FF,FF,FF
59883,5522,0x1CEBFF00,1,8,01,40,FF,0F,F0,E5,01,02
59902,5523,0xCF00400,1,8,FF,FF,FF,86,45,FF,FF,FF
59903,5524,0xCFF6600,1,8,B0,08,FF,FF,FF,FF,FF,FF
59922,5525,0xCF00400,1,8,FF,FF,FF,30,45,FF,FF,FF
59923,5526,0xCFF6600,1,8,A6,08,FF,FF,FF,FF,FF,FF
59932,5527,0x1CEBFF00,1,8,02,F0,E3,02,6E,00,03,01
59942,5528,0xCF00400,1,8,FF,FF,FF,B4,44,FF,FF,FF
59943,5529,0xCFF6600,1,8,96,08,FF,FF,FF,FF,FF,FF
59953,5530,0x18FEF100,1,8,3F,00,00,FF,FF,FF,FF,FF
59954,5531,0x10FF6500,1,8,FC,FF,FF,FF,FF,FF,FF,FF
59954,5532,0x18F00500,1,8,FF,FF,FF,FF,20,2D,FF,FF
59955,5533,0x18FEF200,1,8,1D,00,00,00,00,00,00,FF
59962,5534,0xCF00400,1,8,FF,FF,FF,B4,44,FF,FF,FF
59963,5535,0xCFF6600,1,8,96,08,FF,FF,FF,FF,FF,FF
59982,5536,0xCF00400,1,8,FF,FF,FF,1A,44,FF,FF,FF
59983,5537,0xCFF6600,1,8,83,08,FF,FF,FF,FF,FF,FF
60002,5538,0xCF00400,1,8,FF,FF,FF,EA,43,FF,FF,FF
60003,5539,0xCFF6600,1,8,7D,08,FF,FF,FF,FF,FF,FF
60022,5540,0xCF00400,1,8,FF,FF,FF,18,44,FF,FF,FF
60023,5541,0xCFF6600,1,8,83,08,FF,FF,FF,FF,FF,FF
60042,5542,0xCF00400,1,8,FF,FF,FF,18,44,FF,FF,FF
60043,5543,0xCFF6600,1,8,83,08,FF,FF,FF,FF,FF,FF
60053,5544,0x18FEF100,1,8,3F,00,00,FF,FF,FF,FF,FF
60054,5545,0x18F00500,1,8,FF,FF,FF,FF,20,2D,FF,FF
60054,5546,0x18FEF200,1,8,1D,00,00,00,00,00,00,FF
60062,5547,0xCF00400,1,8,FF,FF,FF,E2,43,FF,FF,FF
60063,5548,0xCFF6600,1,8,7C,08,FF,FF,FF,FF,FF,FF
60082,5549,0xCF00400,1,8,FF,FF,FF,54,43,FF,FF,FF
60083,5550,0xCFF6600,1,8,6A,08,FF,FF,FF,FF,FF,FF
60103,5551,0xCF00400,1,8,FF,FF,FF,D4,42,FF,FF,FF
60103,5552,0xCFF6600,1,8,5A,08,FF,FF,FF,FF,FF,FF
60122,5553,0xCF00400,1,8,FF,FF,FF,D4,42,FF,FF,FF
60123,5554,0xCFF6600,1,8,5A,08,FF,FF,FF,FF,FF,FF
60142,5555,0xCF00400,1,8,FF,FF,FF,60,42,FF,FF,FF
60143,5556,0xCFF6600,1,8,4C,08,FF,FF,FF,FF,FF,FF
60153,5557,0x18FEF100,1,8,3F,00,00,FF,FF,FF,FF,FF
60153,5558,0x18F00500,1,8,FF,FF,FF,FF,20,2D,FF,FF
60154,5559,0x10FF6500,1,8,FC,FF,FF,FF,FF,FF,FF,FF
60155,5560,0x18F00600,1,8,FF,FF,FF,FF,FF,FF,FF,FF
60155,5561,0x18FEF200,1,8,1D,00,00,00,00,00,00,FF
60156,5562,0x1CFDDF00,1,8,FE,FF,FF,FF,FF,FF,FF,FF
60156,5563,0x1CFF6A00,1,8,FC,FF,FF,FF,FF,FF,FF,FF
60162,5564,0xCF00400,1,8,FF,FF,FF,8A,42,FF,FF,FF
60163,5565,0xCFF6600,1,8,51,08,FF,FF,FF,FF,FF,FF
60182,5566,0xCF00400,1,8,FF,FF,FF,8A,42,FF,FF,FF
60183,5567,0xCFF6600,1,8,51,08,FF,FF,FF,FF,FF,FF
60202,5568,0xCF00400,1,8,FF,FF,FF,32,43,FF,FF,FF
60203,5569,0xCFF6600,1,8,66,08,FF,FF,FF,FF,FF,FF
60222,5570,0xCF00400,1,8,FF,FF,FF,CC,43,FF,FF,FF
60223,5571,0xCFF6600,1,8,79,08,FF,FF,FF,FF,FF,FF
60242,5572,0xCF00400,1,8,FF,FF,FF,5E,44,FF,FF,FF
60243,5573,0xCFF6600,1,8,8B,08,FF,FF,FF,FF,FF,FF
60253,5574,0x18FEF100,1,8,3F,00,00,FF,FF,FF,FF,FF
60254,5575,0x18F00500,1,8,FF,FF,FF,FF,20,2D,FF,FF
60254,5576,0x18FEF200,1,8,1D,00,00,00,00,00,00,FF
60262,5577,0xCF00400,1,8,FF,FF,FF,5E,44,FF,FF,FF
60263,5578,0xCFF6600,1,8,8B,08,FF,FF,FF,FF,FF,FF
60282,5579,0xCF00400,1,8,FF,FF,FF,04,45,FF,FF,FF
60283,5580,0xCFF6600,1,8,A0,08,FF,FF,FF,FF,FF,FF
60302,5581,0xCF00400,1,8,FF,FF,FF,B0,45,FF,FF,FF
60303,5582,0xCFF6600,1,8,B6,08,FF,FF,FF,FF,FF,FF
60322,5583,0xCF00400,1,8,FF,FF,FF,32,46,FF,FF,FF
60323,5584,0xCFF6600,1,8,C6,08,FF,FF,FF,FF,FF,FF
60342,5585,0xCF00400,1,8,FF,FF,FF,32,46,FF,FF,FF
60343,5586,0xCFF6600,1,8,C6,08,FF,FF,FF,FF,FF,FF
60353,5587,0x18FEF100,1,8,3F,00,00,FF,FF,FF,FF,FF
60354,5588,0x10FF6500,1,8,FC,FF,FF,FF,FF,FF,FF,FF
60354,5589,0x18F00500,1,8,FF,FF,FF,FF,20,2D,FF,FF
60355,5590,0x18FEF200,1,8,1D,00,00,00,00,00,00,FF
60362,5591,0xCF00400,1,8,FF,FF,FF,96,46,FF,FF,FF
60363,5592,0xCFF6600,1,8,D2,08,FF,FF,FF,FF,FF,FF
60382,5593,0xCF00400,1,8,FF,FF,FF,80,46,FF,FF,FF
60383,5594,0xCFF6600,1,8,D0,08,FF,FF,FF,FF,FF,FF
60402,5595,0xCF00400,1,8,FF,FF,FF,0A,46,FF,FF,FF
60403,5596,0xCFF6600,1,8,C1,08,FF,FF,FF,FF,FF,FF
60422,5597,0xCF00400,1,8,FF,FF,FF,0A,46,FF,FF,FF
60423,5598,0xCFF6600,1,8,C1,08,FF,FF,FF,FF,FF,FF
60442,5599,0xCF00400,1,8,FF,FF,FF,E4,45,FF,FF,FF
60443,5600,0xCFF6600,1,8,BC,08,FF,FF,FF,FF,FF,FF
60453,5601,0x18FEF100,1,8,3F,00,00,FF,FF,FF,FF,FF
60454,5602,0x18F00500,1,8,FF,FF,FF,FF,20,2D,FF,FF
60454,5603,0x18FEF200,1,8,1D,00,00,00,00,00,00,FF
60462,5604,0xCF00400,1,8,FF,FF,FF,06,46,FF,FF,FF
60463,5605,0xCFF6600,1,8,C0,08,FF,FF,FF,FF,FF,FF
60483,5606,0xCF00400,1,8,FF,FF,FF,36,46,FF,FF,FF
60483,5607,0xCFF6600,1,8,C6,08,FF,FF,FF,FF,FF,FF
60502,5608,0xCF00400,1,8,FF,FF,FF,36,46,FF,FF,FF
60503,5609,0xCFF6600,1,8,C6,08,FF,FF,FF,FF,FF,FF
60522,5610,0xCF00400,1,8,FF,FF,FF,5A,46,FF,FF,FF
60523,5611,0xCFF6600,1,8,CB,08,FF,FF,FF,FF,FF,FF
60542,5612,0xCF00400,1,8,FF,FF,FF,48,46,FF,FF,FF
60543,5613,0xCFF6600,1,8,C9,08,FF,FF,FF,FF,FF,FF
60553,5614,0x18FEF100,1,8,3F,00,00,FF,FF,FF,FF,FF
60554,5615,0x10FF6500,1,8,FC,FF,FF,FF,FF,FF,FF,FF
60554,5616,0x18F00500,1,8,FF,FF,FF,FF,20,2D,FF,FF
60555,5617,0x18FEF200,1,8,1D,00,00,00,00,00,00,FF
60563,5618,0xCF00400,1,8,FF,FF,FF,16,46,FF,FF,FF
60563,5619,0xCFF6600,1,8,C2,08,FF,FF,FF,FF,FF,FF
60582,5620,0xCF00400,1,8,FF,FF,FF,16,46,FF,FF,FF
60583,5621,0xCFF6600,1,8,C2,08,FF,FF,FF,FF,FF,FF
60602,5622,0xCF00400,1,8,FF,FF,FF,1E,46,FF,FF,FF
60603,5623,0xCFF6600,1,8,C3,08,FF,FF,FF,FF,FF,FF
60622,5624,0xCF00400,1,8,FF,FF,FF,5C,46,FF,FF,FF
60623,5625,0xCFF6600,1,8,CB,08,FF,FF,FF,FF,FF,FF
60642,5626,0xCF00400,1,8,FF,FF,FF,FE,46,FF,FF,FF
60643,5627,0xCFF6600,1,8,DF,08,FF,FF,FF,FF,FF,FF
60653,5628,0x18FEF100,1,8,3F,00,00,FF,FF,FF,FF,FF
60654,5629,0x18F00500,1,8,FF,FF,FF,FF,20,2D,FF,FF
60654,5630,0x18F00600,1,8,FF,FF,FF,FF,FF,FF,FF,FF
60655,5631,0x18FEF200,1,8,1D,00,00,00,00,00,00,FF
60655,5632,0x1CFDDF00,1,8,FE,FF,FF,FF,FF,FF,FF,FF
60656,5633,0x1CFF6A00,1,8,FC,FF,FF,FF,FF,FF,FF,FF
60662,5634,0xCF00400,1,8,FF,FF,FF,FE,46,FF,FF,FF
60663,5635,0xCFF6600,1,8,DF,08,FF,FF,FF,FF,FF,FF
60682,5636,0xCF00400,1,8,FF,FF,FF,EC,47,FF,FF,FF
60683,5637,0xCFF6600,1,8,FD,08,FF,FF,FF,FF,FF,FF
60702,5638,0xCF00400,1,8,FF,FF,FF,42,48,FF,FF,FF
60703,5639,0xCFF6600,1,8,08,09,FF,FF,FF,FF,FF,FF
60722,5640,0xCF00400,1,8,FF,FF,FF,20,48,FF,FF,FF
60723,5641,0xCFF6600,1,8,04,09,FF,FF,FF,FF,FF,FF
60742,5642,0xCF00400,1,8,FF,FF,FF,20,48,FF,FF,FF
60743,5643,0xCFF6600,1,8,04,09,FF,FF,FF,FF,FF,FF
60753,5644,0x18FEF100,1,8,3F,00,00,FF,FF,FF,FF,FF
60754,5645,0x10FF6500,1,8,FC,FF,FF,FF,FF,FF,FF,FF
60754,5646,0x18F00500,1,8,FF,FF,FF,FF,20,2D,FF,FF
60755,5647,0x18FEF200,1,8,1D,00,00,00,00,00,00,FF
60762,5648,0xCF00400,1,8,FF,FF,FF,74,47,FF,FF,FF
60763,5649,0xCFF6600,1,8,EE,08,FF,FF,FF,FF,FF,FF
60782,5650,0xCF00400,1,8,FF,FF,FF,4E,46,FF,FF,FF
60783,5651,0xCFF6600,1,8,C9,08,FF,FF,FF,FF,FF,FF
60802,5652,0xCF00400,1,8,FF,FF,FF,EC,45,FF,FF,FF
60803,5653,0xCFF6600,1,8,BD,08,FF,FF,FF,FF,FF,FF
60812,5654,0x18FEEE00,1,8,42,FF,FF,FF,FF,FF,FF,FF
60813,5655,0x18FDE500,1,8,0A,14,1E,28,32,3C,46,13
60822,5656,0xCF00400,1,8,FF,FF,FF,EC,45,FF,FF,FF
60823,5657,0xCFF6600,1,8,BD,08,FF,FF,FF,FF,FF,FF
60832,5658,0x1CECFF00,1,8,20,0E,00,02,FF,CA,FE,00
60842,5659,0xCF00400,1,8,FF,FF,FF,30,46,FF,FF,FF
60843,5660,0xCFF6600,1,8,C6,08,FF,FF,FF,FF,FF,FF
60854,5661,0x18FEF100,1,8,3F,00,00,FF,FF,FF,FF,FF
60854,5662,0x18F00500,1,8,FF,FF,FF,FF,20,2D,FF,FF
60855,5663,0x18FEF200,1,8,1B,00,00,00,00,00,00,FF
60862,5664,0xCF00400,1,8,FF,FF,FF,3A,46,FF,FF,FF
60863,5665,0xCFF6600,1,8,C7,08,FF,FF,FF,FF,FF,FF
60882,5666,0xCF00400,1,8,FF,FF,FF,1A,46,FF,FF,FF
60883,5667,0xCFF6600,1,8,C3,08,FF,FF,FF,FF,FF,FF
60883,5668,0x1CEBFF00,1,8,01,40,FF,0F,F0,E5,01,02
60902,5669,0xCF00400,1,8,FF,FF,FF,1A,46,FF,FF,FF
60903,5670,0xCFF6600,1,8,C3,08,FF,FF,FF,FF,FF,FF
60922,5671,0xCF00400,1,8,FF,FF,FF,06,46,FF,FF,FF
60923,5672,0xCFF6600,1,8,C0,08,FF,FF,FF,FF,FF,FF
60932,5673,0x1CEBFF00,1,8,02,F0,E3,02,6E,00,03,01
60942,5674,0xCF00400,1,8,FF,FF,FF,FE,45,FF,FF,FF
60943,5675,0xCFF6600,1,8,BF,08,FF,FF,FF,FF,FF,FF
60953,5676,0x18FEF100,1,8,3F,00,00,FF,FF,FF,FF,FF
60954,5677,0x10FF6500,1,8,FC,FF,FF,FF,FF,FF,FF,FF
60954,5678,0x18F00500,1,8,FF,FF,FF,FF,20,2D,FF,FF
60955,5679,0x18FEF200,1,8,1B,00,00,00,00,00,00,FF
60962,5680,0xCF00400,1,8,FF,FF,FF,E2,45,FF,FF,FF
60963,5681,0xCFF6600,1,8,BC,08,FF,FF,FF,FF,FF,FF
60982,5682,0xCF00400,1,8,FF,FF,FF,E2,45,FF,FF,FF
60983,5683,0xCFF6600,1,8,BC,08,FF,FF,FF,FF,FF,FF
61002,5684,0xCF00400,1,8,FF,FF,FF,B8,45,FF,FF,FF
61003,5685,0xCFF6600,1,8,B7,08,FF,FF,FF,FF,FF,FF
61022,5686,0xCF00400,1,8,FF,FF,FF,7C,45,FF,FF,FF
61023,5687,0xCFF6600,1,8,AF,08,FF,FF,FF,FF,FF,FF
61042,5688,0xCF00400,1,8,FF,FF,FF,20,45,FF,FF,FF
61043,5689,0xCFF6600,1,8,A4,08,FF,FF,FF,FF,FF,FF
61053,5690,0x18FEF100,1,8,3F,00,00,FF,FF,FF,FF,FF
61054,5691,0x18F00500,1,8,FF,FF,FF,FF,20,2D,FF,FF
61054,5692,0x18FEF200,1,8,1B,00,00,00,00,00,00,FF
61062,5693,0xCF00400,1,8,FF,FF,FF,20,45,FF,FF,FF
61063,5694,0xCFF6600,1,8,A4,08,FF,FF,FF,FF,FF,FF
61082,5695,0xCF00400,1,8,FF,FF,FF,96,44,FF,FF,FF
61083,5696,0xCFF6600,1,8,92,08,FF,FF,FF,FF,FF,FF
61102,5697,0xCF00400,1,8,FF,FF,FF,00,44,FF,FF,FF
61103,5698,0xCFF6600,1,8,80,08,FF,FF,FF,FF,FF,FF
61122,5699,0xCF00400,1,8,FF,FF,FF,00,44,FF,FF,FF
61123,5700,0xCFF6600,1,8,80,08,FF,FF,FF,FF,FF,FF
61142,5701,0xCF00400,1,8,FF,FF,FF,D8,43,FF,FF,FF
61143,5702,0xCFF6600,1,8,7B,08,FF,FF,FF,FF,FF,FF
61153,5703,0x18FEF100,1,8,3F,00,00,FF,FF,FF,FF,FF
61154,5704,0x10FF6500,1,8,FC,FF,FF,FF,FF,FF,FF,FF
61154,5705,0x18F00500,1,8,FF,FF,FF,FF,20,2D,FF,FF
61155,5706,0x18F00600,1,8,FF,FF,FF,FF,FF,FF,FF,FF
61156,5707,0x18FEF200,1,8,1B,00,00,00,00,00,00,FF
61156,5708,0x1CFDDF00,1,8,FE,FF,FF,FF,FF,FF,FF,FF
61157,5709,0x1CFF6A00,1,8,FC,FF,FF,FF,FF,FF,FF,FF
61162,5710,0xCF00400,1,8,FF,FF,FF,0E,44,FF,FF,FF
61163,5711,0xCFF6600,1,8,81,08,FF,FF,FF,FF,FF,FF
61182,5712,0xCF00400,1,8,FF,FF,FF,98,44,FF,FF,FF
61183,5713,0xCFF6600,1,8,93,08,FF,FF,FF,FF,FF,FF
61202,5714,0xCF00400,1,8,FF,FF,FF,98,44,FF,FF,FF
61203,5715,0xCFF6600,1,8,93,08,FF,FF,FF,FF,FF,FF
61222,5716,0xCF00400,1,8,FF,FF,FF,60,45,FF,FF,FF
61223,5717,0xCFF6600,1,8,AC,08,FF,FF,FF,FF,FF,FF
61242,5718,0xCF00400,1,8,FF,FF,FF,22,46,FF,FF,FF
61243,5719,0xCFF6600,1,8,C4,08,FF,FF,FF,FF,FF,FF
61253,5720,0x18FEF100,1,8,3F,00,00,FF,FF,FF,FF,FF
61254,5721,0x18F00500,1,8,FF,FF,FF,FF,20,2D,FF,FF
61254,5722,0x18FEF200,1,8,1B,00,00,00,00,00,00,FF
61262,5723,0xCF00400,1,8,FF,FF,FF,DC,46,FF,FF,FF
61263,5724,0xCFF6600,1,8,DB,08,FF,FF,FF,FF,FF,FF
61282,5725,0xCF00400,1,8,FF,FF,FF,DC,46,FF,FF,FF
61283,5726,0xCFF6600,1,8,DB,08,FF,FF,FF,FF,FF,FF
61302,5727,0xCF00400,1,8,FF,FF,FF,98,47,FF,FF,FF
61303,5728,0xCFF6600,1,8,F3,08,FF,FF,FF,FF,FF,FF
61322,5729,0xCF00400,1,8,FF,FF,FF,4A,48,FF,FF,FF
61323,5730,0xCFF6600,1,8,09,09,FF,FF,FF,FF,FF,FF
61342,5731,0xCF00400,1,8,FF,FF,FF,36,48,FF,FF,FF
61343,5732,0xCFF6600,1,8,06,09,FF,FF,FF,FF,FF,FF
61353,5733,0x18FEF100,1,8,3F,00,00,FF,FF,FF,FF,FF
61353,5734,0x18F00500,1,8,FF,FF,FF,FF,20,2D,FF,FF
61354,5735,0x10FF6500,1,8,FC,FF,FF,FF,FF,FF,FF,FF
61355,5736,0x18FEF200,1,8,1B,00,00,00,00,00,00,FF
61363,5737,0xCF00400,1,8,FF,FF,FF,8A,47,FF,FF,FF
61363,5738,0xCFF6600,1,8,F1,08,FF,FF,FF,FF,FF,FF
61382,5739,0xCF00400,1,8,FF,FF,FF,8A,47,FF,FF,FF
61383,5740,0xCFF6600,1,8,F1,08,FF,FF,FF,FF,FF,FF
61402,5741,0xCF00400,1,8,FF,FF,FF,34,47,FF,FF,FF
61403,5742,0xCFF6600,1,8,E6,08,FF,FF,FF,FF,FF,FF
61422,5743,0xCF00400,1,8,FF,FF,FF,28,47,FF,FF,FF
61423,5744,0xCFF6600,1,8,E5,08,FF,FF,FF,FF,FF,FF
61442,5745,0xCF00400,1,8,FF,FF,FF,7A,47,FF,FF,FF
61443,5746,0xCFF6600,1,8,EF,08,FF,FF,FF,FF,FF,FF
61453,5747,0x18FEF100,1,8,3F,00,00,FF,FF,FF,FF,FF
61454,5748,0x18F00500,1,8,FF,FF,FF,FF,20,2D,FF,FF
61454,5749,0x18FEF200,1,8,1B,00,00,00,00,00,00,FF
61462,5750,0xCF00400,1,8,FF,FF,FF,7A,47,FF,FF,FF
61463,5751,0xCFF6600,1,8,EF,08,FF,FF,FF,FF,FF,FF
61482,5752,0xCF00400,1,8,FF,FF,FF,16,48,FF,FF,FF
61483,5753,0xCFF6600,1,8,02,09,FF,FF,FF,FF,FF,FF
61502,5754,0xCF00400,1,8,FF,FF,FF,26,48,FF,FF,FF
61503,5755,0xCFF6600,1,8,04,09,FF,FF,FF,FF,FF,FF
61522,5756,0xCF00400,1,8,FF,FF,FF,CA,47,FF,FF,FF
61523,5757,0xCFF6600,1,8,F9,08,FF,FF,FF,FF,FF,FF
61542,5758,0xCF00400,1,8,FF,FF,FF,CA,47,FF,FF,FF
61543,5759,0xCFF6600,1,8,F9,08,FF,FF,FF,FF,FF,FF
61553,5760,0x18FEF100,1,8,3F,00,00,FF,FF,FF,FF,FF
61554,5761,0x10FF6500,1,8,FC,FF,FF,FF,FF,FF,FF,FF
61554,5762,0x18F00500,1,8,FF,FF,FF,FF,20,2D,FF,FF
61555,5763,0x18FEF200,1,8,1B,00,00,00,00,00,00,FF
61562,5764,0xCF00400,1,8,FF,FF,FF,CA,47,FF,FF,FF
61563,5765,0xCFF6600,1,8,F9,08,FF,FF,FF,FF,FF,FF
61582,5766,0xCF00400,1,8,FF,FF,FF,18,48,FF,FF,FF
61583,5767,0xCFF6600,1,8,03,09,FF,FF,FF,FF,FF,FF
61602,5768,0xCF00400,1,8,FF,FF,FF,22,48,FF,FF,FF
61603,5769,0xCFF6600,1,8,04,09,FF,FF,FF,FF,FF,FF
61622,5770,0xCF00400,1,8,FF,FF,FF,22,48,FF,FF,FF
61623,5771,0xCFF6600,1,8,04,09,FF,FF,FF,FF,FF,FF
61642,5772,0xCF00400,1,8,FF,FF,FF,F4,47,FF,FF,FF
61643,5773,0xCFF6600,1,8,FE,08,FF,FF,FF,FF,FF,FF
61653,5774,0x18FEF100,1,8,3F,00,00,FF,FF,FF,FF,FF
61654,5775,0x18F00500,1,8,FF,FF,FF,FF,20,2D,FF,FF
61654,5776,0x18F00600,1,8,FF,FF,FF,FF,FF,FF,FF,FF
61655,5777,0x18FEF200,1,8,1B,00,00,00,00,00,00,FF
61656,5778,0x1CFDDF00,1,8,FE,FF,FF,FF,FF,FF,FF,FF
61656,5779,0x1CFF6A00,1,8,FC,FF,FF,FF,FF,FF,FF,FF
61662,5780,0xCF00400,1,8,FF,FF,FF,DE,47,FF,FF,FF
61663,5781,0xCFF6600,1,8,FB,08,FF,FF,FF,FF,FF,FF
61682,5782,0xCF00400,1,8,FF,FF,FF,D2,47,FF,FF,FF
61683,5783,0xCFF6600,1,8,FA,08,FF,FF,FF,FF,FF,FF
61703,5784,0xCF00400,1,8,FF,FF,FF,F4,47,FF,FF,FF
61703,5785,0xCFF6600,1,8,FE,08,FF,FF,FF,FF,FF,FF
61722,5786,0xCF00400,1,8,FF,FF,FF,F4,47,FF,FF,FF
61723,5787,0xCFF6600,1,8,FE,08,FF,FF,FF,FF,FF,FF
61742,5788,0xCF00400,1,8,FF,FF,FF,3E,48,FF,FF,FF
61743,5789,0xCFF6600,1,8,07,09,FF,FF,FF,FF,FF,FF
61754,5790,0x18FEF100,1,8,3F,00,00,FF,FF,FF,FF,FF
61754,5791,0x10FF6500,1,8,FC,FF,FF,FF,FF,FF,FF,FF
61755,5792,0x18F00500,1,8,FF,FF,FF,FF,20,2D,FF,FF
61755,5793,0x18FEF200,1,8,1B,00,00,00,00,00,00,FF
61762,5794,0xCF00400,1,8,FF,FF,FF,62,48,FF,FF,FF
61763,5795,0xCFF6600,1,8,0C,09,FF,FF,FF,FF,FF,FF
61782,5796,0xCF00400,1,8,FF,FF,FF,72,48,FF,FF,FF
61783,5797,0xCFF6600,1,8,0E,09,FF,FF,FF,FF,FF,FF
61802,5798,0xCF00400,1,8,FF,FF,FF,72,48,FF,FF,FF
61803,5799,0xCFF6600,1,8,0E,09,FF,FF,FF,FF,FF,FF
61812,5800,0x18FEEE00,1,8,42,FF,FF,FF,FF,FF,FF,FF
61813,5801,0x18FDE500,1,8,0A,14,1E,28,32,3C,46,13
61822,5802,0xCF00400,1,8,FF,FF,FF,40,48,FF,FF,FF
61823,5803,0xCFF6600,1,8,08,09,FF,FF,FF,FF,FF,FF
61832,5804,0x1CECFF00,1,8,20,0E,00,02,FF,CA,FE,00
61842,5805,0xCF00400,1,8,FF,FF,FF,D0,47,FF,FF,FF
61843,5806,0xCFF6600,1,8,FA,08,FF,FF,FF,FF,FF,FF
61853,5807,0x18FEF100,1,8,3F,00,00,FF,FF,FF,FF,FF
61854,5808,0x18F00500,1,8,FF,FF,FF,FF,20,2D,FF,FF
61854,5809,0x18FEF200,1,8,1D,00,00,00,00,00,00,FF
61862,5810,0xCF00400,1,8,FF,FF,FF,A8,47,FF,FF,FF
61863,5811,0xCFF6600,1,8,F5,08,FF,FF,FF,FF,FF,FF
61882,5812,0xCF00400,1,8,FF,FF,FF,A8,47,FF,FF,FF
61883,5813,0xCFF6600,1,8,F5,08,FF,FF,FF,FF,FF,FF
61883,5814,0x1CEBFF00,1,8,01,40,FF,0F,F0,E5,01,02
61902,5815,0xCF00400,1,8,FF,FF,FF,AE,47,FF,FF,FF
61903,5816,0xCFF6600,1,8,F5,08,FF,FF,FF,FF,FF,FF
61922,5817,0xCF00400,1,8,FF,FF,FF,7A,47,FF,FF,FF
61923,5818,0xCFF6600,1,8,EF,08,FF,FF,FF,FF,FF,FF
61932,5819,0x1CEBFF00,1,8,02,F0,E3,02,6E,00,03,01
61942,5820,0xCF00400,1,8,FF,FF,FF,20,47,FF,FF,FF
61943,5821,0xCFF6600,1,8,E4,08,FF,FF,FF,FF,FF,FF
61953,5822,0x18FEF100,1,8,3F,00,00,FF,FF,FF,FF,FF
61954,5823,0x10FF6500,1,8,FC,FF,FF,FF,FF,FF,FF,FF
61954,5824,0x18F00500,1,8,FF,FF,FF,FF,20,2D,FF,FF
61955,5825,0x18FEF200,1,8,1D,00,00,00,00,00,00,FF
61962,5826,0xCF00400,1,8,FF,FF,FF,20,47,FF,FF,FF
61963,5827,0xCFF6600,1,8,E4,08,FF,FF,FF,FF,FF,FF
61982,5828,0xCF00400,1,8,FF,FF,FF,04,47,FF,FF,FF
61983,5829,0xCFF6600,1,8,E0,08,FF,FF,FF,FF,FF,FF
62002,5830,0xCF00400,1,8,FF,FF,FF,24,47,FF,FF,FF
62003,5831,0xCFF6600,1,8,E4,08,FF,FF,FF,FF,FF,FF
62022,5832,0xCF00400,1,8,FF,FF,FF,58,47,FF,FF,FF
62023,5833,0xCFF6600,1,8,EB,08,FF,FF,FF,FF,FF,FF
62043,5834,0xCF00400,1,8,FF,FF,FF,94,47,FF,FF,FF
62043,5835,0xCFF6600,1,8,F2,08,FF,FF,FF,FF,FF,FF
62053,5836,0x18FEF100,1,8,3F,00,00,FF,FF,FF,FF,FF
62054,5837,0x18F00500,1,8,FF,FF,FF,FF,20,2D,FF,FF
62054,5838,0x18FEF200,1,8,1D,00,00,00,00,00,00,FF
62062,5839,0xCF00400,1,8,FF,FF,FF,94,47,FF,FF,FF
62063,5840,0xCFF6600,1,8,F2,08,FF,FF,FF,FF,FF,FF
62082,5841,0xCF00400,1,8,FF,FF,FF,AC,47,FF,FF,FF
62083,5842,0xCFF6600,1,8,F5,08,FF,FF,FF,FF,FF,FF
62102,5843,0xCF00400,1,8,FF,FF,FF,A8,47,FF,FF,FF
62103,5844,0xCFF6600,1,8,F5,08,FF,FF,FF,FF,FF,FF
62122,5845,0xCF00400,1,8,FF,FF,FF,CC,47,FF,FF,FF
62123,5846,0xCFF6600,1,8,F9,08,FF,FF,FF,FF,FF,FF
62142,5847,0xCF00400,1,8,FF,FF,FF,CC,47,FF,FF,FF
62143,5848,0xCFF6600,1,8,F9,08,FF,FF,FF,FF,FF,FF
62153,5849,0x18FEF100,1,8,3F,00,00,FF,FF,FF,FF,FF
62154,5850,0x10FF6500,1,8,FC,FF,FF,FF,FF,FF,FF,FF
62154,5851,0x18F00500,1,8,FF,FF,FF,FF,20,2D,FF,FF
62155,5852,0x18F00600,1,8,FF,FF,FF,FF,FF,FF,FF,FF
62155,5853,0x18FEF200,1,8,1D,00,00,00,00,00,00,FF
62156,5854,0x1CFDDF00,1,8,FE,FF,FF,FF,FF,FF,FF,FF
62157,5855,0x1CFF6A00,1,8,FC,FF,FF,FF,FF,FF,FF,FF
62162,5856,0xCF00400,1,8,FF,FF,FF,12,48,FF,FF,FF
62163,5857,0xCFF6600,1,8,02,09,FF,FF,FF,FF,FF,FF
62182,5858,0xCF00400,1,8,FF,FF,FF,46,48,FF,FF,FF
62183,5859,0xCFF6600,1,8,08,09,FF,FF,FF,FF,FF,FF
62202,5860,0xCF00400,1,8,FF,FF,FF,72,48,FF,FF,FF
62203,5861,0xCFF6600,1,8,0E,09,FF,FF,FF,FF,FF,FF
62222,5862,0xCF00400,1,8,FF,FF,FF,72,48,FF,FF,FF
62223,5863,0xCFF6600,1,8,0E,09,FF,FF,FF,FF,FF,FF
62242,5864,0xCF00400,1,8,FF,FF,FF,90,48,FF,FF,FF
62243,5865,0xCFF6600,1,8,12,09,FF,FF,FF,FF,FF,FF
62253,5866,0x18FEF100,1,8,3F,00,00,FF,FF,FF,FF,FF
62254,5867,0x18F00500,1,8,FF,FF,FF,FF,20,2D,FF,FF
62254,5868,0x18FEF200,1,8,1D,00,00,00,00,00,00,FF
62262,5869,0xCF00400,1,8,FF,FF,FF,A6,48,FF,FF,FF
62263,5870,0xCFF6600,1,8,14,09,FF,FF,FF,FF,FF,FF
62282,5871,0xCF00400,1,8,FF,FF,FF,68,48,FF,FF,FF
62283,5872,0xCFF6600,1,8,0D,09,FF,FF,FF,FF,FF,FF
62303,5873,0xCF00400,1,8,FF,FF,FF,EC,47,FF,FF,FF
62303,5874,0xCFF6600,1,8,FD,08,FF,FF,FF,FF,FF,FF
62322,5875,0xCF00400,1,8,FF,FF,FF,EC,47,FF,FF,FF
62323,5876,0xCFF6600,1,8,FD,08,FF,FF,FF,FF,FF,FF
62342,5877,0xCF00400,1,8,FF,FF,FF,98,47,FF,FF,FF
62343,5878,0xCFF6600,1,8,F3,08,FF,FF,FF,FF,FF,FF
62353,5879,0x18FEF100,1,8,3F,00,00,FF,FF,FF,FF,FF
62354,5880,0x10FF6500,1,8,FC,FF,FF,FF,FF,FF,FF,FF
62354,5881,0x18F00500,1,8,FF,FF,FF,FF,20,2D,FF,FF
62355,5882,0x18FEF200,1,8,1D,00,00,00,00,00,00,FF
62362,5883,0xCF00400,1,8,FF,FF,FF,66,47,FF,FF,FF
62363,5884,0xCFF6600,1,8,EC,08,FF,FF,FF,FF,FF,FF
62382,5885,0xCF00400,1,8,FF,FF,FF,08,47,FF,FF,FF
62383,5886,0xCFF6600,1,8,E1,08,FF,FF,FF,FF,FF,FF
62402,5887,0xCF00400,1,8,FF,FF,FF,08,47,FF,FF,FF
62403,5888,0xCFF6600,1,8,E1,08,FF,FF,FF,FF,FF,FF
62422,5889,0xCF00400,1,8,FF,FF,FF,84,46,FF,FF,FF
62423,5890,0xCFF6600,1,8,D0,08,FF,FF,FF,FF,FF,FF
62442,5891,0xCF00400,1,8,FF,FF,FF,52,46,FF,FF,FF
62443,5892,0xCFF6600,1,8,CA,08,FF,FF,FF,FF,FF,FF
62453,5893,0x18FEF100,1,8,3F,00,00,FF,FF,FF,FF,FF
62454,5894,0x18F00500,1,8,FF,FF,FF,FF,20,2D,FF,FF
62454,5895,0x18FEF200,1,8,1D,00,00,00,00,00,00,FF
62462,5896,0xCF00400,1,8,FF,FF,FF,6E,46,FF,FF,FF
62463,5897,0xCFF6600,1,8,CD,08,FF,FF,FF,FF,FF,FF
62482,5898,0xCF00400,1,8,FF,FF,FF,6E,46,FF,FF,FF
62483,5899,0xCFF6600,1,8,CD,08,FF,FF,FF,FF,FF,FF
62502,5900,0xCF00400,1,8,FF,FF,FF,40,46,FF,FF,FF
62503,5901,0xCFF6600,1,8,C8,08,FF,FF,FF,FF,FF,FF
62522,5902,0xCF00400,1,8,FF,FF,FF,D8,45,FF,FF,FF
62523,5903,0xCFF6600,1,8,BB,08,FF,FF,FF,FF,FF,FF
62542,5904,0xCF00400,1,8,FF,FF,FF,84,45,FF,FF,FF
62543,5905,0xCFF6600,1,8,B0,08,FF,FF,FF,FF,FF,FF
62553,5906,0x18FEF100,1,8,3F,00,00,FF,FF,FF,FF,FF
62553,5907,0x10FF6500,1,8,FC,FF,FF,FF,FF,FF,FF,FF
62554,5908,0x18F00500,1,8,FF,FF,FF,FF,20,2D,FF,FF
62555,5909,0x18FEF200,1,8,1D,00,00,00,00,00,00,FF
62562,5910,0xCF00400,1,8,FF,FF,FF,84,45,FF,FF,FF
62563,5911,0xCFF6600,1,8,B0,08,FF,FF,FF,FF,FF,FF
62582,5912,0xCF00400,1,8,FF,FF,FF,3E,45,FF,FF,FF
62583,5913,0xCFF6600,1,8,A7,08,FF,FF,FF,FF,FF,FF
62602,5914,0xCF00400,1,8,FF,FF,FF,28,45,FF,FF,FF
62603,5915,0xCFF6600,1,8,A5,08,FF,FF,FF,FF,FF,FF
62623,5916,0xCF00400,1,8,FF,FF,FF,32,45,FF,FF,FF
62623,5917,0xCFF6600,1,8,A6,08,FF,FF,FF,FF,FF,FF
62642,5918,0xCF00400,1,8,FF,FF,FF,32,45,FF,FF,FF
62643,5919,0xCFF6600,1,8,A6,08,FF,FF,FF,FF,FF,FF
62653,5920,0x18FEF100,1,8,3F,00,00,FF,FF,FF,FF,FF
62654,5921,0x18F00500,1,8,FF,FF,FF,FF,20,2D,FF,FF
62654,5922,0x18F00600,1,8,FF,FF,FF,FF,FF,FF,FF,FF
62655,5923,0x18FEF200,1,8,1D,00,00,00,00,00,00,FF
62655,5924,0x1CFDDF00,1,8,FE,FF,FF,FF,FF,FF,FF,FF
62656,5925,0x1CFF6A00,1,8,FC,FF,FF,FF,FF,FF,FF,FF
62662,5926,0xCF00400,1,8,FF,FF,FF,3E,45,FF,FF,FF
62663,5927,0xCFF6600,1,8,A7,08,FF,FF,FF,FF,FF,FF
62682,5928,0xCF00400,1,8,FF,FF,FF,48,45,FF,FF,FF
62683,5929,0xCFF6600,1,8,A9,08,FF,FF,FF,FF,FF,FF
62702,5930,0xCF00400,1,8,FF,FF,FF,48,45,FF,FF,FF
62703,5931,0xCFF6600,1,8,A9,08,FF,FF,FF,FF,FF,FF
62722,5932,0xCF00400,1,8,FF,FF,FF,2C,45,FF,FF,FF
62723,5933,0xCFF6600,1,8,A5,08,FF,FF,FF,FF,FF,FF
62742,5934,0xCF00400,1,8,FF,FF,FF,F2,44,FF,FF,FF
62743,5935,0xCFF6600,1,8,9E,08,FF,FF,FF,FF,FF,FF
62753,5936,0x18FEF100,1,8,3F,00,00,FF,FF,FF,FF,FF
62754,5937,0x10FF6500,1,8,FC,FF,FF,FF,FF,FF,FF,FF
62754,5938,0x18F00500,1,8,FF,FF,FF,FF,20,2D,FF,FF
62755,5939,0x18FEF200,1,8,1D,00,00,00,00,00,00,FF
62762,5940,0xCF00400,1,8,FF,FF,FF,9E,44,FF,FF,FF
62763,5941,0xCFF6600,1,8,93,08,FF,FF,FF,FF,FF,FF
62782,5942,0xCF00400,1,8,FF,FF,FF,9E,44,FF,FF,FF
62783,5943,0xCFF6600,1,8,93,08,FF,FF,FF,FF,FF,FF
62802,5944,0xCF00400,1,8,FF,FF,FF,3E,44,FF,FF,FF
62803,5945,0xCFF6600,1,8,87,08,FF,FF,FF,FF,FF,FF
62812,5946,0x18FEEE00,1,8,42,FF,FF,FF,FF,FF,FF,FF
62813,5947,0x18FDE500,1,8,0A,14,1E,28,32,3C,46,13
62822,5948,0xCF00400,1,8,FF,FF,FF,0E,44,FF,FF,FF
62823,5949,0xCFF6600,1,8,81,08,FF,FF,FF,FF,FF,FF
62832,5950,0x1CECFF00,1,8,20,0E,00,02,FF,CA,FE,00
62842,5951,0xCF00400,1,8,FF,FF,FF,08,44,FF,FF,FF
62843,5952,0xCFF6600,1,8,81,08,FF,FF,FF,FF,FF,FF
62853,5953,0x18FEF100,1,8,3F,00,00,FF,FF,FF,FF,FF
62854,5954,0x18F00500,1,8,FF,FF,FF,FF,20,2D,FF,FF
62854,5955,0x18FEF200,1,8,1D,00,00,00,00,00,00,FF
62862,5956,0xCF00400,1,8,FF,FF,FF,08,44,FF,FF,FF
62863,5957,0xCFF6600,1,8,81,08,FF,FF,FF,FF,FF,FF
62882,5958,0xCF00400,1,8,FF,FF,FF,F8,43,FF,FF,FF
62883,5959,0xCFF6600,1,8,7F,08,FF,FF,FF,FF,FF,FF
62884,5960,0x1CEBFF00,1,8,01,40,FF,0F,F0,E5,01,02
62902,5961,0xCF00400,1,8,FF,FF,FF,E2,43,FF,FF,FF
62903,5962,0xCFF6600,1,8,7C,08,FF,FF,FF,FF,FF,FF
62922,5963,0xCF00400,1,8,FF,FF,FF,E2,43,FF,FF,FF
62923,5964,0xCFF6600,1,8,7C,08,FF,FF,FF,FF,FF,FF
62932,5965,0x1CEBFF00,1,8,02,F0,E3,02,6E,00,03,01
62942,5966,0xCF00400,1,8,FF,FF,FF,B8,43,FF,FF,FF
62943,5967,0xCFF6600,1,8,77,08,FF,FF,FF,FF,FF,FF
62954,5968,0x18FEF100,1,8,3F,00,00,FF,FF,FF,FF,FF
62954,5969,0x10FF6500,1,8,FC,FF,FF,FF,FF,FF,FF,FF
62955,5970,0x18F00500,1,8,FF,FF,FF,FF,20,2D,FF,FF
62955,5971,0x18FEF200,1,8,1D,00,00,00,00,00,00,FF
62962,5972,0xCF00400,1,8,FF,FF,FF,7C,43,FF,FF,FF
62963,5973,0xCFF6600,1,8,6F,08,FF,FF,FF,FF,FF,FF
62982,5974,0xCF00400,1,8,FF,FF,FF,8C,43,FF,FF,FF
62983,5975,0xCFF6600,1,8,71,08,FF,FF,FF,FF,FF,FF
63002,5976,0xCF00400,1,8,FF,FF,FF,8C,43,FF,FF,FF
63003,5977,0xCFF6600,1,8,71,08,FF,FF,FF,FF,FF,FF
63022,5978,0xCF00400,1,8,FF,FF,FF,D0,43,FF,FF,FF
63023,5979,0xCFF6600,1,8,7A,08,FF,FF,FF,FF,FF,FF
63042,5980,0xCF00400,1,8,FF,FF,FF,8A,43,FF,FF,FF
63043,5981,0xCFF6600,1,8,71,08,FF,FF,FF,FF,FF,FF
63053,5982,0x18FEF100,1,8,3F,00,00,FF,FF,FF,FF,FF
63054,5983,0x18F00500,1,8,FF,FF,FF,FF,20,2D,FF,FF
63054,5984,0x18FEF200,1,8,1D,00,00,00,00,00,00,FF
63062,5985,0xCF00400,1,8,FF,FF,FF,8A,43,FF,FF,FF
63063,5986,0xCFF6600,1,8,71,08,FF,FF,FF,FF,FF,FF
63082,5987,0xCF00400,1,8,FF,FF,FF,C8,42,FF,FF,FF
63083,5988,0xCFF6600,1,8,59,08,FF,FF,FF,FF,FF,FF
63102,5989,0xCF00400,1,8,FF,FF,FF,86,42,FF,FF,FF
63103,5990,0xCFF6600,1,8,50,08,FF,FF,FF,FF,FF,FF
63122,5991,0xCF00400,1,8,FF,FF,FF,B4,42,FF,FF,FF
63123,5992,0xCFF6600,1,8,56,08,FF,FF,FF,FF,FF,FF
63142,5993,0xCF00400,1,8,FF,FF,FF,B4,42,FF,FF,FF
63143,5994,0xCFF6600,1,8,56,08,FF,FF,FF,FF,FF,FF
63153,5995,0x18FEF100,1,8,3F,00,00,FF,FF,FF,FF,FF
63154,5996,0x10FF6500,1,8,FC,FF,FF,FF,FF,FF,FF,FF
63154,5997,0x18F00500,1,8,FF,FF,FF,FF,20,2D,FF,FF
63155,5998,0x18F00600,1,8,FF,FF,FF,FF,FF,FF,FF,FF
63155,5999,0x18FEF200,1,8,1D,00,00,00,00,00,00,FF
63156,6000,0x1CFDDF00,1,8,FE,FF,FF,FF,FF,FF,FF,FF
63157,6001,0x1CFF6A00,1,8,FC,FF,FF,FF,FF,FF,FF,FF
63162,6002,0xCF00400,1,8,FF,FF,FF,DC,42,FF,FF,FF
63163,6003,0xCFF6600,1,8,5B,08,FF,FF,FF,FF,FF,FF
63182,6004,0xCF00400,1,8,FF,FF,FF,08,43,FF,FF,FF
63183,6005,0xCFF6600,1,8,61,08,FF,FF,FF,FF,FF,FF
63202,6006,0xCF00400,1,8,FF,FF,FF,08,43,FF,FF,FF
63203,6007,0xCFF6600,1,8,61,08,FF,FF,FF,FF,FF,FF
63222,6008,0xCF00400,1,8,FF,FF,FF,64,43,FF,FF,FF
63223,6009,0xCFF6600,1,8,6C,08,FF,FF,FF,FF,FF,FF
63242,6010,0xCF00400,1,8,FF,FF,FF,EA,43,FF,FF,FF
63243,6011,0xCFF6600,1,8,7D,08,FF,FF,FF,FF,FF,FF
63253,6012,0x18FEF100,1,8,3F,00,00,FF,FF,FF,FF,FF
63254,6013,0x18F00500,1,8,FF,FF,FF,FF,20,2D,FF,FF
63254,6014,0x18FEF200,1,8,1D,00,00,00,00,00,00,FF
63262,6015,0xCF00400,1,8,FF,FF,FF,DE,43,FF,FF,FF
63263,6016,0xCFF6600,1,8,7B,08,FF,FF,FF,FF,FF,FF
63282,6017,0xCF00400,1,8,FF,FF,FF,DE,43,FF,FF,FF
63283,6018,0xCFF6600,1,8,7B,08,FF,FF,FF,FF,FF,FF
63302,6019,0xCF00400,1,8,FF,FF,FF,56,43,FF,FF,FF
63303,6020,0xCFF6600,1,8,6A,08,FF,FF,FF,FF,FF,FF
63322,6021,0xCF00400,1,8,FF,FF,FF,2C,43,FF,FF,FF
63323,6022,0xCFF6600,1,8,65,08,FF,FF,FF,FF,FF,FF
63343,6023,0xCF00400,1,8,FF,FF,FF,50,43,FF,FF,FF
63343,6024,0xCFF6600,1,8,6A,08,FF,FF,FF,FF,FF,FF
63353,6025,0x18FEF100,1,8,3F,00,00,FF,FF,FF,FF,FF
63354,6026,0x10FF6500,1,8,FC,FF,FF,FF,FF,FF,FF,FF
63354,6027,0x18F00500,1,8,FF,FF,FF,FF,20,2D,FF,FF
63355,6028,0x18FEF200,1,8,1D,00,00,00,00,00,00,FF
63362,6029,0xCF00400,1,8,FF,FF,FF,50,43,FF,FF,FF
63363,6030,0xCFF6600,1,8,6A,08,FF,FF,FF,FF,FF,FF
63382,6031,0xCF00400,1,8,FF,FF,FF,76,43,FF,FF,FF
63383,6032,0xCFF6600,1,8,6E,08,FF,FF,FF,FF,FF,FF
63402,6033,0xCF00400,1,8,FF,FF,FF,98,43,FF,FF,FF
63403,6034,0xCFF6600,1,8,73,08,FF,FF,FF,FF,FF,FF
63422,6035,0xCF00400,1,8,FF,FF,FF,98,43,FF,FF,FF
63423,6036,0xCFF6600,1,8,73,08,FF,FF,FF,FF,FF,FF
63442,6037,0xCF00400,1,8,FF,FF,FF,9C,43,FF,FF,FF
63443,6038,0xCFF6600,1,8,73,08,FF,FF,FF,FF,FF,FF
63454,6039,0x18FEF100,1,8,3F,00,00,FF,FF,FF,FF,FF
63454,6040,0x18F00500,1,8,FF,FF,FF,FF,20,2D,FF,FF
63455,6041,0x18FEF200,1,8,1D,00,00,00,00,00,00,FF
63462,6042,0xCF00400,1,8,FF,FF,FF,84,43,FF,FF,FF
63463,6043,0xCFF6600,1,8,70,08,FF,FF,FF,FF,FF,FF
63482,6044,0xCF00400,1,8,FF,FF,FF,76,43,FF,FF,FF
63483,6045,0xCFF6600,1,8,6E,08,FF,FF,FF,FF,FF,FF
63502,6046,0xCF00400,1,8,FF,FF,FF,76,43,FF,FF,FF
63503,6047,0xCFF6600,1,8,6E,08,FF,FF,FF,FF,FF,FF
63522,6048,0xCF00400,1,8,FF,FF,FF,6E,43,FF,FF,FF
63523,6049,0xCFF6600,1,8,6D,08,FF,FF,FF,FF,FF,FF
63542,6050,0xCF00400,1,8,FF,FF,FF,56,43,FF,FF,FF
63543,6051,0xCFF6600,1,8,6A,08,FF,FF,FF,FF,FF,FF
63553,6052,0x18FEF100,1,8,3F,00,00,FF,FF,FF,FF,FF
63554,6053,0x10FF6500,1,8,FC,FF,FF,FF,FF,FF,FF,FF
63554,6054,0x18F00500,1,8,FF,FF,FF,FF,20,2D,FF,FF
63555,6055,0x18FEF200,1,8,1D,00,00,00,00,00,00,FF
63562,6056,0xCF00400,1,8,FF,FF,FF,56,43,FF,FF,FF
63563,6057,0xCFF6600,1,8,6A,08,FF,FF,FF,FF,FF,FF
63582,6058,0xCF00400,1,8,FF,FF,FF,2C,43,FF,FF,FF
63583,6059,0xCFF6600,1,8,65,08,FF,FF,FF,FF,FF,FF
63602,6060,0xCF00400,1,8,FF,FF,FF,46,43,FF,FF,FF
63603,6061,0xCFF6600,1,8,68,08,FF,FF,FF,FF,FF,FF
63622,6062,0xCF00400,1,8,FF,FF,FF,9A,43,FF,FF,FF
63623,6063,0xCFF6600,1,8,73,08,FF,FF,FF,FF,FF,FF
63642,6064,0xCF00400,1,8,FF,FF,FF,9A,43,FF,FF,FF
63643,6065,0xCFF6600,1,8,73,08,FF,FF,FF,FF,FF,FF
63653,6066,0x18FEF100,1,8,3F,00,00,FF,FF,FF,FF,FF
63654,6067,0x18F00500,1,8,FF,FF,FF,FF,20,2D,FF,FF
63654,6068,0x18F00600,1,8,FF,FF,FF,FF,FF,FF,FF,FF
63655,6069,0x18FEF200,1,8,1D,00,00,00,00,00,00,FF
63655,6070,0x1CFDDF00,1,8,FE,FF,FF,FF,FF,FF,FF,FF
63656,6071,0x1CFF6A00,1,8,FC,FF,FF,FF,FF,FF,FF,FF
63662,6072,0xCF00400,1,8,FF,FF,FF,CA,43,FF,FF,FF
63663,6073,0xCFF6600,1,8,79,08,FF,FF,FF,FF,FF,FF
63682,6074,0xCF00400,1,8,FF,FF,FF,DA,43,FF,FF,FF
63683,6075,0xCFF6600,1,8,7B,08,FF,FF,FF,FF,FF,FF
63702,6076,0xCF00400,1,8,FF,FF,FF,DA,43,FF,FF,FF
63703,6077,0xCFF6600,1,8,7B,08,FF,FF,FF,FF,FF,FF
63722,6078,0xCF00400,1,8,FF,FF,FF,CA,43,FF,FF,FF
63723,6079,0xCFF6600,1,8,79,08,FF,FF,FF,FF,FF,FF
63742,6080,0xCF00400,1,8,FF,FF,FF,AA,43,FF,FF,FF
63743,6081,0xCFF6600,1,8,75,08,FF,FF,FF,FF,FF,FF
63753,6082,0x18FEF100,1,8,3F,00,00,FF,FF,FF,FF,FF
63754,6083,0x10FF6500,1,8,FC,FF,FF,FF,FF,FF,FF,FF
63754,6084,0x18F00500,1,8,FF,FF,FF,FF,20,2D,FF,FF
63755,6085,0x18FEF200,1,8,1D,00,00,00,00,00,00,FF
63762,6086,0xCF00400,1,8,FF,FF,FF,36,43,FF,FF,FF
63763,6087,0xCFF6600,1,8,66,08,FF,FF,FF,FF,FF,FF
63782,6088,0xCF00400,1,8,FF,FF,FF,36,43,FF,FF,FF
63783,6089,0xCFF6600,1,8,66,08,FF,FF,FF,FF,FF,FF
63802,6090,0xCF00400,1,8,FF,FF,FF,6E,42,FF,FF,FF
63803,6091,0xCFF6600,1,8,4D,08,FF,FF,FF,FF,FF,FF
63812,6092,0x18FEEE00,1,8,43,FF,FF,FF,FF,FF,FF,FF
63812,6093,0x18FDE500,1,8,0A,14,1E,28,32,3C,46,13
63822,6094,0xCF00400,1,8,FF,FF,FF,36,42,FF,FF,FF
63823,6095,0xCFF6600,1,8,46,08,FF,FF,FF,FF,FF,FF
63832,6096,0x1CECFF00,1,8,20,0E,00,02,FF,CA,FE,00
63842,6097,0xCF00400,1,8,FF,FF,FF,36,42,FF,FF,FF
63843,6098,0xCFF6600,1,8,46,08,FF,FF,FF,FF,FF,FF
63853,6099,0x18FEF100,1,8,3F,00,00,FF,FF,FF,FF,FF
63854,6100,0x18F00500,1,8,FF,FF,FF,FF,20,2D,FF,FF
63854,6101,0x18FEF200,1,8,1B,00,00,00,00,00,00,FF
63862,6102,0xCF00400,1,8,FF,FF,FF,7A,42,FF,FF,FF
63863,6103,0xCFF6600,1,8,4F,08,FF,FF,FF,FF,FF,FF
63882,6104,0xCF00400,1,8,FF,FF,FF,3C,42,FF,FF,FF
63883,6105,0xCFF6600,1,8,47,08,FF,FF,FF,FF,FF,FF
63883,6106,0x1CEBFF00,1,8,01,40,FF,0F,F0,E5,01,02
63902,6107,0xCF00400,1,8,FF,FF,FF,98,41,FF,FF,FF
63903,6108,0xCFF6600,1,8,33,08,FF,FF,FF,FF,FF,FF
63922,6109,0xCF00400,1,8,FF,FF,FF,98,41,FF,FF,FF
63923,6110,0xCFF6600,1,8,33,08,FF,FF,FF,FF,FF,FF
63932,6111,0x1CEBFF00,1,8,02,F0,E3,02,6E,00,03,01
63942,6112,0xCF00400,1,8,FF,FF,FF,76,41,FF,FF,FF
63943,6113,0xCFF6600,1,8,2E,08,FF,FF,FF,FF,FF,FF
63953,6114,0x18FEF100,1,8,3F,00,00,FF,FF,FF,FF,FF
63954,6115,0x10FF6500,1,8,FC,FF,FF,FF,FF,FF,FF,FF
63954,6116,0x18F00500,1,8,FF,FF,FF,FF,20,2D,FF,FF
63955,6117,0x18FEF200,1,8,1B,00,00,00,00,00,00,FF
63962,6118,0xCF00400,1,8,FF,FF,FF,BA,41,FF,FF,FF
63963,6119,0xCFF6600,1,8,37,08,FF,FF,FF,FF,FF,FF
63982,6120,0xCF00400,1,8,FF,FF,FF,BA,41,FF,FF,FF
63983,6121,0xCFF6600,1,8,37,08,FF,FF,FF,FF,FF,FF
64002,6122,0xCF00400,1,8,FF,FF,FF,FC,41,FF,FF,FF
64003,6123,0xCFF6600,1,8,3F,08,FF,FF,FF,FF,FF,FF
64022,6124,0xCF00400,1,8,FF,FF,FF,46,42,FF,FF,FF
64023,6125,0xCFF6600,1,8,48,08,FF,FF,FF,FF,FF,FF
64043,6126,0xCF00400,1,8,FF,FF,FF,70,42,FF,FF,FF
64043,6127,0xCFF6600,1,8,4E,08,FF,FF,FF,FF,FF,FF
64053,6128,0x18FEF100,1,8,3F,00,00,FF,FF,FF,FF,FF
64054,6129,0x18F00500,1,8,FF,FF,FF,FF,20,2D,FF,FF
64054,6130,0x18FEF200,1,8,1B,00,00,00,00,00,00,FF
64062,6131,0xCF00400,1,8,FF,FF,FF,70,42,FF,FF,FF
64063,6132,0xCFF6600,1,8,4E,08,FF,FF,FF,FF,FF,FF
64082,6133,0xCF00400,1,8,FF,FF,FF,7C,42,FF,FF,FF
64083,6134,0xCFF6600,1,8,4F,08,FF,FF,FF,FF,FF,FF
64102,6135,0xCF00400,1,8,FF,FF,FF,D0,42,FF,FF,FF
64103,6136,0xCFF6600,1,8,5A,08,FF,FF,FF,FF,FF,FF
64122,6137,0xCF00400,1,8,FF,FF,FF,D0,42,FF,FF,FF
64123,6138,0xCFF6600,1,8,5A,08,FF,FF,FF,FF,FF,FF
64142,6139,0xCF00400,1,8,FF,FF,FF,50,43,FF,FF,FF
64143,6140,0xCFF6600,1,8,6A,08,FF,FF,FF,FF,FF,FF
64153,6141,0x18FEF100,1,8,3F,00,00,FF,FF,FF,FF,FF
64153,6142,0x10FF6500,1,8,FC,FF,FF,FF,FF,FF,FF,FF
64154,6143,0x18F00500,1,8,FF,FF,FF,FF,20,2D,FF,FF
64155,6144,0x18F00600,1,8,FF,FF,FF,FF,FF,FF,FF,FF
64155,6145,0x18FEF200,1,8,1B,00,00,00,00,00,00,FF
64156,6146,0x1CFDDF00,1,8,FE,FF,FF,FF,FF,FF,FF,FF
64156,6147,0x1CFF6A00,1,8,FC,FF,FF,FF,FF,FF,FF,FF
64162,6148,0xCF00400,1,8,FF,FF,FF,68,43,FF,FF,FF
64163,6149,0xCFF6600,1,8,6D,08,FF,FF,FF,FF,FF,FF
64183,6150,0xCF00400,1,8,FF,FF,FF,3C,43,FF,FF,FF
64183,6151,0xCFF6600,1,8,67,08,FF,FF,FF,FF,FF,FF
64202,6152,0xCF00400,1,8,FF,FF,FF,3C,43,FF,FF,FF
64203,6153,0xCFF6600,1,8,67,08,FF,FF,FF,FF,FF,FF
64222,6154,0xCF00400,1,8,FF,FF,FF,1E,43,FF,FF,FF
64223,6155,0xCFF6600,1,8,63,08,FF,FF,FF,FF,FF,FF
64242,6156,0xCF00400,1,8,FF,FF,FF,16,43,FF,FF,FF
64243,6157,0xCFF6600,1,8,62,08,FF,FF,FF,FF,FF,FF
64253,6158,0x18FEF100,1,8,3F,00,00,FF,FF,FF,FF,FF
64254,6159,0x18F00500,1,8,FF,FF,FF,FF,20,2D,FF,FF
64255,6160,0x18FEF200,1,8,1B,00,00,00,00,00,00,FF
64262,6161,0xCF00400,1,8,FF,FF,FF,16,43,FF,FF,FF
64263,6162,0xCFF6600,1,8,62,08,FF,FF,FF,FF,FF,FF
64282,6163,0xCF00400,1,8,FF,FF,FF,FC,42,FF,FF,FF
64283,6164,0xCFF6600,1,8,5F,08,FF,FF,FF,FF,FF,FF
64302,6165,0xCF00400,1,8,FF,FF,FF,CE,42,FF,FF,FF
64303,6166,0xCFF6600,1,8,59,08,FF,FF,FF,FF,FF,FF
64323,6167,0xCF00400,1,8,FF,FF,FF,DC,42,FF,FF,FF
64323,6168,0xCFF6600,1,8,5B,08,FF,FF,FF,FF,FF,FF
64342,6169,0xCF00400,1,8,FF,FF,FF,DC,42,FF,FF,FF
64343,6170,0xCFF6600,1,8,5B,08,FF,FF,FF,FF,FF,FF
64353,6171,0x18FEF100,1,8,3F,00,00,FF,FF,FF,FF,FF
64354,6172,0x10FF6500,1,8,FC,FF,FF,FF,FF,FF,FF,FF
64354,6173,0x18F00500,1,8,FF,FF,FF,FF,20,2D,FF,FF
64355,6174,0x18FEF200,1,8,1B,00,00,00,00,00,00,FF
64362,6175,0xCF00400,1,8,FF,FF,FF,16,43,FF,FF,FF
64363,6176,0xCFF6600,1,8,62,08,FF,FF,FF,FF,FF,FF
64382,6177,0xCF00400,1,8,FF,FF,FF,74,43,FF,FF,FF
64383,6178,0xCFF6600,1,8,6E,08,FF,FF,FF,FF,FF,FF
64402,6179,0xCF00400,1,8,FF,FF,FF,74,43,FF,FF,FF
64403,6180,0xCFF6600,1,8,6E,08,FF,FF,FF,FF,FF,FF
64422,6181,0xCF00400,1,8,FF,FF,FF,FA,43,FF,FF,FF
64423,6182,0xCFF6600,1,8,7F,08,FF,FF,FF,FF,FF,FF
64442,6183,0xCF00400,1,8,FF,FF,FF,3C,44,FF,FF,FF
64443,6184,0xCFF6600,1,8,87,08,FF,FF,FF,FF,FF,FF
64453,6185,0x18FEF100,1,8,3F,00,00,FF,FF,FF,FF,FF
64454,6186,0x18F00500,1,8,FF,FF,FF,FF,20,2D,FF,FF
64454,6187,0x18FEF200,1,8,1B,00,00,00,00,00,00,FF
64462,6188,0xCF00400,1,8,FF,FF,FF,38,44,FF,FF,FF
64463,6189,0xCFF6600,1,8,87,08,FF,FF,FF,FF,FF,FF
64482,6190,0xCF00400,1,8,FF,FF,FF,38,44,FF,FF,FF
64483,6191,0xCFF6600,1,8,87,08,FF,FF,FF,FF,FF,FF
64502,6192,0xCF00400,1,8,FF,FF,FF,F6,43,FF,FF,FF
64503,6193,0xCFF6600,1,8,7E,08,FF,FF,FF,FF,FF,FF
64522,6194,0xCF00400,1,8,FF,FF,FF,82,43,FF,FF,FF
64523,6195,0xCFF6600,1,8,70,08,FF,FF,FF,FF,FF,FF
64542,6196,0xCF00400,1,8,FF,FF,FF,82,43,FF,FF,FF
64543,6197,0xCFF6600,1,8,70,08,FF,FF,FF,FF,FF,FF
64553,6198,0x18FEF100,1,8,3F,00,00,FF,FF,FF,FF,FF
64553,6199,0x10FF6500,1,8,FC,FF,FF,FF,FF,FF,FF,FF
64554,6200,0x18F00500,1,8,FF,FF,FF,FF,20,2D,FF,FF
64555,6201,0x18FEF200,1,8,1B,00,00,00,00,00,00,FF
64562,6202,0xCF00400,1,8,FF,FF,FF,1A,43,FF,FF,FF
64563,6203,0xCFF6600,1,8,63,08,FF,FF,FF,FF,FF,FF
64582,6204,0xCF00400,1,8,FF,FF,FF,B8,42,FF,FF,FF
64583,6205,0xCFF6600,1,8,57,08,FF,FF,FF,FF,FF,FF
64602,6206,0xCF00400,1,8,FF,FF,FF,AA,42,FF,FF,FF
64603,6207,0xCFF6600,1,8,55,08,FF,FF,FF,FF,FF,FF
64622,6208,0xCF00400,1,8,FF,FF,FF,AA,42,FF,FF,FF
64623,6209,0xCFF6600,1,8,55,08,FF,FF,FF,FF,FF,FF
64642,6210,0xCF00400,1,8,FF,FF,FF,E6,42,FF,FF,FF
64643,6211,0xCFF6600,1,8,5C,08,FF,FF,FF,FF,FF,FF
64653,6212,0x18FEF100,1,8,3F,00,00,FF,FF,FF,FF,FF
64654,6213,0x18F00500,1,8,FF,FF,FF,FF,20,2D,FF,FF
64654,6214,0x18F00600,1,8,FF,FF,FF,FF,FF,FF,FF,FF
64655,6215,0x18FEF200,1,8,1B,00,00,00,00,00,00,FF
64655,6216,0x1CFDDF00,1,8,FE,FF,FF,FF,FF,FF,FF,FF
64656,6217,0x1CFF6A00,1,8,FC,FF,FF,FF,FF,FF,FF,FF
64662,6218,0xCF00400,1,8,FF,FF,FF,34,43,FF,FF,FF
64663,6219,0xCFF6600,1,8,66,08,FF,FF,FF,FF,FF,FF
64682,6220,0xCF00400,1,8,FF,FF,FF,34,43,FF,FF,FF
64683,6221,0xCFF6600,1,8,66,08,FF,FF,FF,FF,FF,FF
64702,6222,0xCF00400,1,8,FF,FF,FF,90,43,FF,FF,FF
64703,6223,0xCFF6600,1,8,72,08,FF,FF,FF,FF,FF,FF
64722,6224,0xCF00400,1,8,FF,FF,FF,96,43,FF,FF,FF
64723,6225,0xCFF6600,1,8,72,08,FF,FF,FF,FF,FF,FF
64742,6226,0xCF00400,1,8,FF,FF,FF,5A,43,FF,FF,FF
64743,6227,0xCFF6600,1,8,6B,08,FF,FF,FF,FF,FF,FF
64745,6228,0x18FEFC17,1,8,FF,1E,FF,FF,FF,FF,FF,FF
64753,6229,0x18FEF100,1,8,3F,00,00,FF,FF,FF,FF,FF
64753,6230,0x10FF6500,1,8,FC,FF,FF,FF,FF,FF,FF,FF
64754,6231,0x18F00500,1,8,FF,FF,FF,FF,20,2D,FF,FF
64755,6232,0x18FEF200,1,8,1B,00,00,00,00,00,00,FF
64762,6233,0xCF00400,1,8,FF,FF,FF,5A,43,FF,FF,FF
64763,6234,0xCFF6600,1,8,6B,08,FF,FF,FF,FF,FF,FF
64765,6235,0x18FEF517,1,8,FF,FF,FF,20,1D,FF,FF,FF
64782,6236,0xCF00400,1,8,FF,FF,FF,A8,43,FF,FF,FF
64783,6237,0xCFF6600,1,8,75,08,FF,FF,FF,FF,FF,FF
64788,6238,0x18FEC117,1,8,F0,1D,00,00,03,1E,00,00
64802,6239,0xCF00400,1,8,FF,FF,FF,64,44,FF,FF,FF
64803,6240,0xCFF6600,1,8,8C,08,FF,FF,FF,FF,FF,FF
64812,6241,0x18FEEE00,1,8,43,FF,FF,FF,FF,FF,FF,FF
64812,6242,0x18FDE500,1,8,0A,14,1E,28,32,3C,46,13
64822,6243,0xCF00400,1,8,FF,FF,FF,D6,44,FF,FF,FF
64823,6244,0xCFF6600,1,8,9A,08,FF,FF,FF,FF,FF,FF
64832,6245,0x1CECFF00,1,8,20,0E,00,02,FF,CA,FE,00
64842,6246,0xCF00400,1,8,FF,FF,FF,D6,44,FF,FF,FF
64843,6247,0xCFF6600,1,8,9A,08,FF,FF,FF,FF,FF,FF
64853,6248,0x18FEF100,1,8,3F,00,00,FF,FF,FF,FF,FF
64854,6249,0x18F00500,1,8,FF,FF,FF,FF,20,2D,FF,FF
64854,6250,0x18FEF200,1,8,1B,00,00,00,00,00,00,FF
64862,6251,0xCF00400,1,8,FF,FF,FF,18,45,FF,FF,FF
64863,6252,0xCFF6600,1,8,A3,08,FF,FF,FF,FF,FF,FF
64882,6253,0xCF00400,1,8,FF,FF,FF,08,45,FF,FF,FF
64883,6254,0xCFF6600,1,8,A1,08,FF,FF,FF,FF,FF,FF
64883,6255,0x1CEBFF00,1,8,01,40,FF,0F,F0,E5,01,02
64902,6256,0xCF00400,1,8,FF,FF,FF,08,45,FF,FF,FF
64903,6257,0xCFF6600,1,8,A1,08,FF,FF,FF,FF,FF,FF
64922,6258,0xCF00400,1,8,FF,FF,FF,B4,44,FF,FF,FF
64923,6259,0xCFF6600,1,8,96,08,FF,FF,FF,FF,FF,FF
64932,6260,0x1CEBFF00,1,8,02,F0,E3,02,6E,00,03,01
64942,6261,0xCF00400,1,8,FF,FF,FF,64,44,FF,FF,FF
64943,6262,0xCFF6600,1,8,8C,08,FF,FF,FF,FF,FF,FF
64953,6263,0x18FEF100,1,8,3F,00,00,FF,FF,FF,FF,FF
64954,6264,0x10FF6500,1,8,FC,FF,FF,FF,FF,FF,FF,FF
64954,6265,0x18F00500,1,8,FF,FF,FF,FF,20,2D,FF,FF
64955,6266,0x18FEF200,1,8,1B,00,00,00,00,00,00,FF
64962,6267,0xCF00400,1,8,FF,FF,FF,1E,44,FF,FF,FF
64963,6268,0xCFF6600,1,8,83,08,FF,FF,FF,FF,FF,FF
64982,6269,0xCF00400,1,8,FF,FF,FF,1E,44,FF,FF,FF
64983,6270,0xCFF6600,1,8,83,08,FF,FF,FF,FF,FF,FF
65002,6271,0xCF00400,1,8,FF,FF,FF,EA,43,FF,FF,FF
65003,6272,0xCFF6600,1,8,7D,08,FF,FF,FF,FF,FF,FF
65022,6273,0xCF00400,1,8,FF,FF,FF,C6,43,FF,FF,FF
65023,6274,0xCFF6600,1,8,78,08,FF,FF,FF,FF,FF,FF
65042,6275,0xCF00400,1,8,FF,FF,FF,0A,44,FF,FF,FF
65043,6276,0xCFF6600,1,8,81,08,FF,FF,FF,FF,FF,FF
65053,6277,0x18FEF100,1,8,3F,00,00,FF,FF,FF,FF,FF
65054,6278,0x18F00500,1,8,FF,FF,FF,FF,20,2D,FF,FF
65054,6279,0x18FEF200,1,8,1B,00,00,00,00,00,00,FF
65062,6280,0xCF00400,1,8,FF,FF,FF,0A,44,FF,FF,FF
65063,6281,0xCFF6600,1,8,81,08,FF,FF,FF,FF,FF,FF
65082,6282,0xCF00400,1,8,FF,FF,FF,A0,44,FF,FF,FF
65083,6283,0xCFF6600,1,8,94,08,FF,FF,FF,FF,FF,FF
65102,6284,0xCF00400,1,8,FF,FF,FF,B8,44,FF,FF,FF
65103,6285,0xCFF6600,1,8,97,08,FF,FF,FF,FF,FF,FF
65122,6286,0xCF00400,1,8,FF,FF,FF,B8,44,FF,FF,FF
65123,6287,0xCFF6600,1,8,97,08,FF,FF,FF,FF,FF,FF
65142,6288,0xCF00400,1,8,FF,FF,FF,76,44,FF,FF,FF
65143,6289,0xCFF6600,1,8,8E,08,FF,FF,FF,FF,FF,FF
65153,6290,0x18FEF100,1,8,3F,00,00,FF,FF,FF,FF,FF
65154,6291,0x10FF6500,1,8,FC,FF,FF,FF,FF,FF,FF,FF
65154,6292,0x18F00500,1,8,FF,FF,FF,FF,20,2D,FF,FF
65155,6293,0x18F00600,1,8,FF,FF,FF,FF,FF,FF,FF,FF
65155,6294,0x18FEF200,1,8,1B,00,00,00,00,00,00,FF
65156,6295,0x1CFDDF00,1,8,FE,FF,FF,FF,FF,FF,FF,FF
65157,6296,0x1CFF6A00,1,8,FC,FF,FF,FF,FF,FF,FF,FF
65162,6297,0xCF00400,1,8,FF,FF,FF,82,44,FF,FF,FF
65163,6298,0xCFF6600,1,8,90,08,FF,FF,FF,FF,FF,FF
65182,6299,0xCF00400,1,8,FF,FF,FF,BC,44,FF,FF,FF
65183,6300,0xCFF6600,1,8,97,08,FF,FF,FF,FF,FF,FF
65202,6301,0xCF00400,1,8,FF,FF,FF,BC,44,FF,FF,FF
65203,6302,0xCFF6600,1,8,97,08,FF,FF,FF,FF,FF,FF
65222,6303,0xCF00400,1,8,FF,FF,FF,A2,44,FF,FF,FF
65223,6304,0xCFF6600,1,8,94,08,FF,FF,FF,FF,FF,FF
65242,6305,0xCF00400,1,8,FF,FF,FF,44,44,FF,FF,FF
65243,6306,0xCFF6600,1,8,88,08,FF,FF,FF,FF,FF,FF
65253,6307,0x18FEF100,1,8,3F,00,00,FF,FF,FF,FF,FF
65254,6308,0x18F00500,1,8,FF,FF,FF,FF,20,2D,FF,FF
65254,6309,0x18FEF200,1,8,1B,00,00,00,00,00,00,FF
65262,6310,0xCF00400,1,8,FF,FF,FF,12,44,FF,FF,FF
65263,6311,0xCFF6600,1,8,82,08,FF,FF,FF,FF,FF,FF
65282,6312,0xCF00400,1,8,FF,FF,FF,12,44,FF,FF,FF
65283,6313,0xCFF6600,1,8,82,08,FF,FF,FF,FF,FF,FF
65302,6314,0xCF00400,1,8,FF,FF,FF,06,44,FF,FF,FF
65303,6315,0xCFF6600,1,8,80,08,FF,FF,FF,FF,FF,FF
65322,6316,0xCF00400,1,8,FF,FF,FF,40,44,FF,FF,FF
65323,6317,0xCFF6600,1,8,88,08,FF,FF,FF,FF,FF,FF
65343,6318,0xCF00400,1,8,FF,FF,FF,B2,44,FF,FF,FF
65343,6319,0xCFF6600,1,8,96,08,FF,FF,FF,FF,FF,FF
65353,6320,0x18FEF100,1,8,3F,00,00,FF,FF,FF,FF,FF
65354,6321,0x10FF6500,1,8,FC,FF,FF,FF,FF,FF,FF,FF
65354,6322,0x18F00500,1,8,FF,FF,FF,FF,20,2D,FF,FF
65355,6323,0x18FEF200,1,8,1B,00,00,00,00,00,00,FF
65362,6324,0xCF00400,1,8,FF,FF,FF,B2,44,FF,FF,FF
65363,6325,0xCFF6600,1,8,96,08,FF,FF,FF,FF,FF,FF
65382,6326,0xCF00400,1,8,FF,FF,FF,B8,44,FF,FF,FF
65383,6327,0xCFF6600,1,8,97,08,FF,FF,FF,FF,FF,FF
65402,6328,0xCF00400,1,8,FF,FF,FF,70,44,FF,FF,FF
65403,6329,0xCFF6600,1,8,8E,08,FF,FF,FF,FF,FF,FF
65422,6330,0xCF00400,1,8,FF,FF,FF,70,44,FF,FF,FF
65423,6331,0xCFF6600,1,8,8E,08,FF,FF,FF,FF,FF,FF
65442,6332,0xCF00400,1,8,FF,FF,FF,26,44,FF,FF,FF
65443,6333,0xCFF6600,1,8,84,08,FF,FF,FF,FF,FF,FF
65454,6334,0x18FEF100,1,8,3F,00,00,FF,FF,FF,FF,FF
65454,6335,0x18F00500,1,8,FF,FF,FF,FF,20,2D,FF,FF
65455,6336,0x18FEF200,1,8,1B,00,00,00,00,00,00,FF
65462,6337,0xCF00400,1,8,FF,FF,FF,DA,43,FF,FF,FF
65463,6338,0xCFF6600,1,8,7B,08,FF,FF,FF,FF,FF,FF
65482,6339,0xCF00400,1,8,FF,FF,FF,B8,43,FF,FF,FF
65483,6340,0xCFF6600,1,8,77,08,FF,FF,FF,FF,FF,FF
65502,6341,0xCF00400,1,8,FF,FF,FF,B8,43,FF,FF,FF
65503,6342,0xCFF6600,1,8,77,08,FF,FF,FF,FF,FF,FF
65522,6343,0xCF00400,1,8,FF,FF,FF,B6,43,FF,FF,FF
65523,6344,0xCFF6600,1,8,76,08,FF,FF,FF,FF,FF,FF
65542,6345,0xCF00400,1,8,FF,FF,FF,D0,43,FF,FF,FF
65543,6346,0xCFF6600,1,8,7A,08,FF,FF,FF,FF,FF,FF
65553,6347,0x18FEF100,1,8,3F,00,00,FF,FF,FF,FF,FF
65553,6348,0x18F00500,1,8,FF,FF,FF,FF,20,2D,FF,FF
65554,6349,0x10FF6500,1,8,FC,FF,FF,FF,FF,FF,FF,FF
65555,6350,0x18FEF200,1,8,1B,00,00,00,00,00,00,FF
65563,6351,0xCF00400,1,8,FF,FF,FF,02,44,FF,FF,FF
65563,6352,0xCFF6600,1,8,80,08,FF,FF,FF,FF,FF,FF
65582,6353,0xCF00400,1,8,FF,FF,FF,02,44,FF,FF,FF
65583,6354,0xCFF6600,1,8,80,08,FF,FF,FF,FF,FF,FF
65602,6355,0xCF00400,1,8,FF,FF,FF,0C,44,FF,FF,FF
65603,6356,0xCFF6600,1,8,81,08,FF,FF,FF,FF,FF,FF
65622,6357,0xCF00400,1,8,FF,FF,FF,F0,43,FF,FF,FF
65623,6358,0xCFF6600,1,8,7E,08,FF,FF,FF,FF,FF,FF
65642,6359,0xCF00400,1,8,FF,FF,FF,F0,43,FF,FF,FF
65643,6360,0xCFF6600,1,8,7E,08,FF,FF,FF,FF,FF,FF
65653,6361,0x18FEF100,1,8,3F,00,00,FF,FF,FF,FF,FF
65654,6362,0x18F00500,1,8,FF,FF,FF,FF,20,2D,FF,FF
65654,6363,0x18F00600,1,8,FF,FF,FF,FF,FF,FF,FF,FF
65655,6364,0x18FEF200,1,8,1B,00,00,00,00,00,00,FF
65655,6365,0x1CFDDF00,1,8,FE,FF,FF,FF,FF,FF,FF,FF
65656,6366,0x1CFF6A00,1,8,FC,FF,FF,FF,FF,FF,FF,FF
65662,6367,0xCF00400,1,8,FF,FF,FF,BE,43,FF,FF,FF
65663,6368,0xCFF6600,1,8,77,08,FF,FF,FF,FF,FF,FF
65682,6369,0xCF00400,1,8,FF,FF,FF,86,43,FF,FF,FF
65683,6370,0xCFF6600,1,8,70,08,FF,FF,FF,FF,FF,FF
65702,6371,0xCF00400,1,8,FF,FF,FF,D0,43,FF,FF,FF
65703,6372,0xCFF6600,1,8,7A,08,FF,FF,FF,FF,FF,FF
65722,6373,0xCF00400,1,8,FF,FF,FF,D0,43,FF,FF,FF
65723,6374,0xCFF6600,1,8,7A,08,FF,FF,FF,FF,FF,FF
65742,6375,0xCF00400,1,8,FF,FF,FF,86,44,FF,FF,FF
65743,6376,0xCFF6600,1,8,90,08,FF,FF,FF,FF,FF,FF
65753,6377,0x18FEF100,1,8,3F,00,00,FF,FF,FF,FF,FF
65753,6378,0x18F00500,1,8,FF,FF,FF,FF,20,2D,FF,FF
65754,6379,0x10FF6500,1,8,FC,FF,FF,FF,FF,FF,FF,FF
65755,6380,0x18FEF200,1,8,1B,00,00,00,00,00,00,FF
65762,6381,0xCF00400,1,8,FF,FF,FF,18,45,FF,FF,FF
65763,6382,0xCFF6600,1,8,A3,08,FF,FF,FF,FF,FF,FF
65783,6383,0xCF00400,1,8,FF,FF,FF,86,45,FF,FF,FF
65783,6384,0xCFF6600,1,8,B0,08,FF,FF,FF,FF,FF,FF
65802,6385,0xCF00400,1,8,FF,FF,FF,86,45,FF,FF,FF
65803,6386,0xCFF6600,1,8,B0,08,FF,FF,FF,FF,FF,FF
65812,6387,0x18FEEE00,1,8,43,FF,FF,FF,FF,FF,FF,FF
65813,6388,0x18FDE500,1,8,0A,14,1E,28,32,3C,46,13
65822,6389,0xCF00400,1,8,FF,FF,FF,80,45,FF,FF,FF
65823,6390,0xCFF6600,1,8,B0,08,FF,FF,FF,FF,FF,FF
65832,6391,0x1CECFF00,1,8,20,0E,00,02,FF,CA,FE,00
65842,6392,0xCF00400,1,8,FF,FF,FF,24,45,FF,FF,FF
65843,6393,0xCFF6600,1,8,A4,08,FF,FF,FF,FF,FF,FF
65853,6394,0x18FEF100,1,8,3F,00,00,FF,FF,FF,FF,FF
65854,6395,0x18F00500,1,8,FF,FF,FF,FF,20,2D,FF,FF
65854,6396,0x18FEF200,1,8,1B,00,00,00,00,00,00,FF
65862,6397,0xCF00400,1,8,FF,FF,FF,24,45,FF,FF,FF
65863,6398,0xCFF6600,1,8,A4,08,FF,FF,FF,FF,FF,FF
65882,6399,0xCF00400,1,8,FF,FF,FF,5E,45,FF,FF,FF
65883,6400,0xCFF6600,1,8,AB,08,FF,FF,FF,FF,FF,FF
65883,6401,0x1CEBFF00,1,8,01,40,FF,0F,F0,E5,01,02
65902,6402,0xCF00400,1,8,FF,FF,FF,0A,46,FF,FF,FF
65903,6403,0xCFF6600,1,8,C1,08,FF,FF,FF,FF,FF,FF
65922,6404,0xCF00400,1,8,FF,FF,FF,86,46,FF,FF,FF
65923,6405,0xCFF6600,1,8,D0,08,FF,FF,FF,FF,FF,FF
65932,6406,0x1CEBFF00,1,8,02,F0,E3,02,6E,00,03,01
65943,6407,0xCF00400,1,8,FF,FF,FF,D8,46,FF,FF,FF
65943,6408,0xCFF6600,1,8,DB,08,FF,FF,FF,FF,FF,FF
65953,6409,0x18FEF100,1,8,3F,00,00,FF,FF,FF,FF,FF
65953,6410,0x10FF6500,1,8,FC,FF,FF,FF,FF,FF,FF,FF
65954,6411,0x18F00500,1,8,FF,FF,FF,FF,20,2D,FF,FF
65955,6412,0x18FEF200,1,8,1B,00,00,00,00,00,00,FF
65962,6413,0xCF00400,1,8,FF,FF,FF,D8,46,FF,FF,FF
65963,6414,0xCFF6600,1,8,DB,08,FF,FF,FF,FF,FF,FF
65982,6415,0xCF00400,1,8,FF,FF,FF,E2,46,FF,FF,FF
65983,6416,0xCFF6600,1,8,DC,08,FF,FF,FF,FF,FF,FF
66002,6417,0xCF00400,1,8,FF,FF,FF,BA,46,FF,FF,FF
66003,6418,0xCFF6600,1,8,D7,08,FF,FF,FF,FF,FF,FF
66023,6419,0xCF00400,1,8,FF,FF,FF,96,46,FF,FF,FF
66023,6420,0xCFF6600,1,8,D2,08,FF,FF,FF,FF,FF,FF
66042,6421,0xCF00400,1,8,FF,FF,FF,96,46,FF,FF,FF
66043,6422,0xCFF6600,1,8,D2,08,FF,FF,FF,FF,FF,FF
66053,6423,0x18FEF100,1,8,3F,00,00,FF,FF,FF,FF,FF
66054,6424,0x18F00500,1,8,FF,FF,FF,FF,20,2D,FF,FF
66054,6425,0x18FEF200,1,8,1B,00,00,00,00,00,00,FF
66062,6426,0xCF00400,1,8,FF,FF,FF,74,46,FF,FF,FF
66063,6427,0xCFF6600,1,8,CE,08,FF,FF,FF,FF,FF,FF
66082,6428,0xCF00400,1,8,FF,FF,FF,70,46,FF,FF,FF
66083,6429,0xCFF6600,1,8,CE,08,FF,FF,FF,FF,FF,FF
66103,6430,0xCF00400,1,8,FF,FF,FF,8C,46,FF,FF,FF
66103,6431,0xCFF6600,1,8,D1,08,FF,FF,FF,FF,FF,FF
66122,6432,0xCF00400,1,8,FF,FF,FF,8C,46,FF,FF,FF
66123,6433,0xCFF6600,1,8,D1,08,FF,FF,FF,FF,FF,FF
66142,6434,0xCF00400,1,8,FF,FF,FF,C6,46,FF,FF,FF
66143,6435,0xCFF6600,1,8,D8,08,FF,FF,FF,FF,FF,FF
66153,6436,0x18FEF100,1,8,3F,00,00,FF,FF,FF,FF,FF
66154,6437,0x10FF6500,1,8,FC,FF,FF,FF,FF,FF,FF,FF
66154,6438,0x18F00500,1,8,FF,FF,FF,FF,20,2D,FF,FF
66155,6439,0x18F00600,1,8,FF,FF,FF,FF,FF,FF,FF,FF
66155,6440,0x18FEF200,1,8,1B,00,00,00,00,00,00,FF
66156,6441,0x1CFDDF00,1,8,FE,FF,FF,FF,FF,FF,FF,FF
66157,6442,0x1CFF6A00,1,8,FC,FF,FF,FF,FF,FF,FF,FF
66162,6443,0xCF00400,1,8,FF,FF,FF,16,47,FF,FF,FF
66163,6444,0xCFF6600,1,8,E2,08,FF,FF,FF,FF,FF,FF
66182,6445,0xCF00400,1,8,FF,FF,FF,92,47,FF,FF,FF
66183,6446,0xCFF6600,1,8,F2,08,FF,FF,FF,FF,FF,FF
66202,6447,0xCF00400,1,8,FF,FF,FF,92,47,FF,FF,FF
66203,6448,0xCFF6600,1,8,F2,08,FF,FF,FF,FF,FF,FF
66222,6449,0xCF00400,1,8,FF,FF,FF,28,48,FF,FF,FF
66223,6450,0xCFF6600,1,8,05,09,FF,FF,FF,FF,FF,FF
66242,6451,0xCF00400,1,8,FF,FF,FF,5E,48,FF,FF,FF
66243,6452,0xCFF6600,1,8,0B,09,FF,FF,FF,FF,FF,FF
66253,6453,0x18FEF100,1,8,3F,00,00,FF,FF,FF,FF,FF
66254,6454,0x18F00500,1,8,FF,FF,FF,FF,20,2D,FF,FF
66254,6455,0x18FEF200,1,8,1B,00,00,00,00,00,00,FF
66262,6456,0xCF00400,1,8,FF,FF,FF,5C,48,FF,FF,FF
66263,6457,0xCFF6600,1,8,0B,09,FF,FF,FF,FF,FF,FF
66282,6458,0xCF00400,1,8,FF,FF,FF,5C,48,FF,FF,FF
66283,6459,0xCFF6600,1,8,0B,09,FF,FF,FF,FF,FF,FF
66302,6460,0xCF00400,1,8,FF,FF,FF,12,48,FF,FF,FF
66303,6461,0xCFF6600,1,8,02,09,FF,FF,FF,FF,FF,FF
66322,6462,0xCF00400,1,8,FF,FF,FF,8C,47,FF,FF,FF
66323,6463,0xCFF6600,1,8,F1,08,FF,FF,FF,FF,FF,FF
66342,6464,0xCF00400,1,8,FF,FF,FF,60,47,FF,FF,FF
66343,6465,0xCFF6600,1,8,EC,08,FF,FF,FF,FF,FF,FF
66353,6466,0x18FEF100,1,8,3F,00,00,FF,FF,FF,FF,FF
66354,6467,0x10FF6500,1,8,FC,FF,FF,FF,FF,FF,FF,FF
66354,6468,0x18F00500,1,8,FF,FF,FF,FF,20,2D,FF,FF
66355,6469,0x18FEF200,1,8,1B,00,00,00,00,00,00,FF
66362,6470,0xCF00400,1,8,FF,FF,FF,60,47,FF,FF,FF
66363,6471,0xCFF6600,1,8,EC,08,FF,FF,FF,FF,FF,FF
66382,6472,0xCF00400,1,8,FF,FF,FF,7C,47,FF,FF,FF
66383,6473,0xCFF6600,1,8,EF,08,FF,FF,FF,FF,FF,FF
66402,6474,0xCF00400,1,8,FF,FF,FF,8A,47,FF,FF,FF
66403,6475,0xCFF6600,1,8,F1,08,FF,FF,FF,FF,FF,FF
66422,6476,0xCF00400,1,8,FF,FF,FF,92,47,FF,FF,FF
66423,6477,0xCFF6600,1,8,F2,08,FF,FF,FF,FF,FF,FF
66443,6478,0xCF00400,1,8,FF,FF,FF,86,47,FF,FF,FF
66443,6479,0xCFF6600,1,8,F0,08,FF,FF,FF,FF,FF,FF
66453,6480,0x18FEF100,1,8,3F,00,00,FF,FF,FF,FF,FF
66454,6481,0x18F00500,1,8,FF,FF,FF,FF,20,2D,FF,FF
66454,6482,0x18FEF200,1,8,1B,00,00,00,00,00,00,FF
66462,6483,0xCF00400,1,8,FF,FF,FF,86,47,FF,FF,FF
66463,6484,0xCFF6600,1,8,F0,08,FF,FF,FF,FF,FF,FF
66482,6485,0xCF00400,1,8,FF,FF,FF,6A,47,FF,FF,FF
66483,6486,0xCFF6600,1,8,ED,08,FF,FF,FF,FF,FF,FF
66502,6487,0xCF00400,1,8,FF,FF,FF,7E,47,FF,FF,FF
66503,6488,0xCFF6600,1,8,EF,08,FF,FF,FF,FF,FF,FF
66522,6489,0xCF00400,1,8,FF,FF,FF,B8,47,FF,FF,FF
66523,6490,0xCFF6600,1,8,F7,08,FF,FF,FF,FF,FF,FF
66542,6491,0xCF00400,1,8,FF,FF,FF,B8,47,FF,FF,FF
66543,6492,0xCFF6600,1,8,F7,08,FF,FF,FF,FF,FF,FF
66553,6493,0x18FEF100,1,8,3F,00,00,FF,FF,FF,FF,FF
66553,6494,0x18F00500,1,8,FF,FF,FF,FF,20,2D,FF,FF
66554,6495,0x10FF6500,1,8,FC,FF,FF,FF,FF,FF,FF,FF
66555,6496,0x18FEF200,1,8,1B,00,00,00,00,00,00,FF
66562,6497,0xCF00400,1,8,FF,FF,FF,5C,47,FF,FF,FF
66563,6498,0xCFF6600,1,8,EB,08,FF,FF,FF,FF,FF,FF
66582,6499,0xCF00400,1,8,FF,FF,FF,7E,46,FF,FF,FF
66583,6500,0xCFF6600,1,8,CF,08,FF,FF,FF,FF,FF,FF
66602,6501,0xCF00400,1,8,FF,FF,FF,86,45,FF,FF,FF
66603,6502,0xCFF6600,1,8,B0,08,FF,FF,FF,FF,FF,FF
66622,6503,0xCF00400,1,8,FF,FF,FF,86,45,FF,FF,FF
66623,6504,0xCFF6600,1,8,B0,08,FF,FF,FF,FF,FF,FF
66642,6505,0xCF00400,1,8,FF,FF,FF,74,44,FF,FF,FF
66643,6506,0xCFF6600,1,8,8E,08,FF,FF,FF,FF,FF,FF
66653,6507,0x18FEF100,1,8,3F,00,00,FF,FF,FF,FF,FF
66654,6508,0x18F00500,1,8,FF,FF,FF,FF,20,2D,FF,FF
66654,6509,0x18F00600,1,8,FF,FF,FF,FF,FF,FF,FF,FF
66655,6510,0x18FEF200,1,8,1B,00,00,00,00,00,00,FF
66655,6511,0x1CFDDF00,1,8,FE,FF,FF,FF,FF,FF,FF,FF
66656,6512,0x1CFF6A00,1,8,FC,FF,FF,FF,FF,FF,FF,FF
66662,6513,0xCF00400,1,8,FF,FF,FF,F2,43,FF,FF,FF
66663,6514,0xCFF6600,1,8,7E,08,FF,FF,FF,FF,FF,FF
66682,6515,0xCF00400,1,8,FF,FF,FF,F2,43,FF,FF,FF
66683,6516,0xCFF6600,1,8,7E,08,FF,FF,FF,FF,FF,FF
66702,6517,0xCF00400,1,8,FF,FF,FF,FA,43,FF,FF,FF
66703,6518,0xCFF6600,1,8,7F,08,FF,FF,FF,FF,FF,FF
66722,6519,0xCF00400,1,8,FF,FF,FF,54,44,FF,FF,FF
66723,6520,0xCFF6600,1,8,8A,08,FF,FF,FF,FF,FF,FF
66742,6521,0xCF00400,1,8,FF,FF,FF,EE,44,FF,FF,FF
66743,6522,0xCFF6600,1,8,9D,08,FF,FF,FF,FF,FF,FF
66753,6523,0x18FEF100,1,8,3F,00,00,FF,FF,FF,FF,FF
66754,6524,0x10FF6500,1,8,FC,FF,FF,FF,FF,FF,FF,FF
66754,6525,0x18F00500,1,8,FF,FF,FF,FF,20,2D,FF,FF
66755,6526,0x18FEF200,1,8,1B,00,00,00,00,00,00,FF
66762,6527,0xCF00400,1,8,FF,FF,FF,EE,44,FF,FF,FF
66763,6528,0xCFF6600,1,8,9D,08,FF,FF,FF,FF,FF,FF
66782,6529,0xCF00400,1,8,FF,FF,FF,76,45,FF,FF,FF
66783,6530,0xCFF6600,1,8,AE,08,FF,FF,FF,FF,FF,FF
66802,6531,0xCF00400,1,8,FF,FF,FF,E6,45,FF,FF,FF
66803,6532,0xCFF6600,1,8,BC,08,FF,FF,FF,FF,FF,FF
66812,6533,0x18FEEE00,1,8,43,FF,FF,FF,FF,FF,FF,FF
66813,6534,0x18FDE500,1,8,0A,14,1E,28,32,3C,46,13
66822,6535,0xCF00400,1,8,FF,FF,FF,D2,45,FF,FF,FF
66823,6536,0xCFF6600,1,8,BA,08,FF,FF,FF,FF,FF,FF
66832,6537,0x1CECFF00,1,8,20,0E,00,02,FF,CA,FE,00
66842,6538,0xCF00400,1,8,FF,FF,FF,D2,45,FF,FF,FF
66843,6539,0xCFF6600,1,8,BA,08,FF,FF,FF,FF,FF,FF
66853,6540,0x18FEF100,1,8,3F,00,00,FF,FF,FF,FF,FF
66854,6541,0x18F00500,1,8,FF,FF,FF,FF,20,2D,FF,FF
66854,6542,0x18FEF200,1,8,1C,00,00,00,00,00,00,FF
66862,6543,0xCF00400,1,8,FF,FF,FF,4A,45,FF,FF,FF
66863,6544,0xCFF6600,1,8,A9,08,FF,FF,FF,FF,FF,FF
66882,6545,0xCF00400,1,8,FF,FF,FF,D2,44,FF,FF,FF
66883,6546,0xCFF6600,1,8,9A,08,FF,FF,FF,FF,FF,FF
66883,6547,0x1CEBFF00,1,8,01,40,FF,0F,F0,E5,01,02
66902,6548,0xCF00400,1,8,FF,FF,FF,6C,44,FF,FF,FF
66903,6549,0xCFF6600,1,8,8D,08,FF,FF,FF,FF,FF,FF
66922,6550,0xCF00400,1,8,FF,FF,FF,6C,44,FF,FF,FF
66923,6551,0xCFF6600,1,8,8D,08,FF,FF,FF,FF,FF,FF
66932,6552,0x1CEBFF00,1,8,02,F0,E3,02,6E,00,03,01
66942,6553,0xCF00400,1,8,FF,FF,FF,76,44,FF,FF,FF
66943,6554,0xCFF6600,1,8,8E,08,FF,FF,FF,FF,FF,FF
66953,6555,0x18FEF100,1,8,3F,00,00,FF,FF,FF,FF,FF
66954,6556,0x10FF6500,1,8,FC,FF,FF,FF,FF,FF,FF,FF
66954,6557,0x18F00500,1,8,FF,FF,FF,FF,20,2D,FF,FF
66955,6558,0x18FEF200,1,8,1C,00,00,00,00,00,00,FF
66962,6559,0xCF00400,1,8,FF,FF,FF,E6,44,FF,FF,FF
66963,6560,0xCFF6600,1,8,9C,08,FF,FF,FF,FF,FF,FF
66983,6561,0xCF00400,1,8,FF,FF,FF,5A,45,FF,FF,FF
66983,6562,0xCFF6600,1,8,AB,08,FF,FF,FF,FF,FF,FF
67002,6563,0xCF00400,1,8,FF,FF,FF,5A,45,FF,FF,FF
67003,6564,0xCFF6600,1,8,AB,08,FF,FF,FF,FF,FF,FF
67022,6565,0xCF00400,1,8,FF,FF,FF,CE,45,FF,FF,FF
67023,6566,0xCFF6600,1,8,B9,08,FF,FF,FF,FF,FF,FF
67042,6567,0xCF00400,1,8,FF,FF,FF,7E,46,FF,FF,FF
67043,6568,0xCFF6600,1,8,CF,08,FF,FF,FF,FF,FF,FF
67053,6569,0x18FEF100,1,8,3F,00,00,FF,FF,FF,FF,FF
67054,6570,0x18F00500,1,8,FF,FF,FF,FF,20,2D,FF,FF
67054,6571,0x18FEF200,1,8,1C,00,00,00,00,00,00,FF
67063,6572,0xCF00400,1,8,FF,FF,FF,5C,47,FF,FF,FF
67063,6573,0xCFF6600,1,8,EB,08,FF,FF,FF,FF,FF,FF
67082,6574,0xCF00400,1,8,FF,FF,FF,5C,47,FF,FF,FF
67083,6575,0xCFF6600,1,8,EB,08,FF,FF,FF,FF,FF,FF
67102,6576,0xCF00400,1,8,FF,FF,FF,E8,47,FF,FF,FF
67103,6577,0xCFF6600,1,8,FD,08,FF,FF,FF,FF,FF,FF
67122,6578,0xCF00400,1,8,FF,FF,FF,3A,48,FF,FF,FF
67123,6579,0xCFF6600,1,8,07,09,FF,FF,FF,FF,FF,FF
67142,6580,0xCF00400,1,8,FF,FF,FF,24,48,FF,FF,FF
67143,6581,0xCFF6600,1,8,04,09,FF,FF,FF,FF,FF,FF
67153,6582,0x18FEF100,1,8,3F,00,00,FF,FF,FF,FF,FF
67154,6583,0x10FF6500,1,8,FC,FF,FF,FF,FF,FF,FF,FF
67154,6584,0x18F00500,1,8,FF,FF,FF,FF,20,2D,FF,FF
67155,6585,0x18F00600,1,8,FF,FF,FF,FF,FF,FF,FF,FF
67156,6586,0x18FEF200,1,8,1C,00,00,00,00,00,00,FF
67156,6587,0x1CFDDF00,1,8,FE,FF,FF,FF,FF,FF,FF,FF
67157,6588,0x1CFF6A00,1,8,FC,FF,FF,FF,FF,FF,FF,FF
67162,6589,0xCF00400,1,8,FF,FF,FF,24,48,FF,FF,FF
67163,6590,0xCFF6600,1,8,04,09,FF,FF,FF,FF,FF,FF
67182,6591,0xCF00400,1,8,FF,FF,FF,BE,47,FF,FF,FF
67183,6592,0xCFF6600,1,8,F7,08,FF,FF,FF,FF,FF,FF
67202,6593,0xCF00400,1,8,FF,FF,FF,92,47,FF,FF,FF
67203,6594,0xCFF6600,1,8,F2,08,FF,FF,FF,FF,FF,FF
67222,6595,0xCF00400,1,8,FF,FF,FF,8C,47,FF,FF,FF
67223,6596,0xCFF6600,1,8,F1,08,FF,FF,FF,FF,FF,FF
67242,6597,0xCF00400,1,8,FF,FF,FF,8C,47,FF,FF,FF
67243,6598,0xCFF6600,1,8,F1,08,FF,FF,FF,FF,FF,FF
67253,6599,0x18FEF100,1,8,3F,00,00,FF,FF,FF,FF,FF
67254,6600,0x18F00500,1,8,FF,FF,FF,FF,20,2D,FF,FF
67254,6601,0x18FEF200,1,8,1C,00,00,00,00,00,00,FF
67262,6602,0xCF00400,1,8,FF,FF,FF,7C,47,FF,FF,FF
67263,6603,0xCFF6600,1,8,EF,08,FF,FF,FF,FF,FF,FF
67282,6604,0xCF00400,1,8,FF,FF,FF,58,47,FF,FF,FF
67283,6605,0xCFF6600,1,8,EB,08,FF,FF,FF,FF,FF,FF
67302,6606,0xCF00400,1,8,FF,FF,FF,00,47,FF,FF,FF
67303,6607,0xCFF6600,1,8,E0,08,FF,FF,FF,FF,FF,FF
67322,6608,0xCF00400,1,8,FF,FF,FF,00,47,FF,FF,FF
67323,6609,0xCFF6600,1,8,E0,08,FF,FF,FF,FF,FF,FF
67342,6610,0xCF00400,1,8,FF,FF,FF,82,46,FF,FF,FF
67343,6611,0xCFF6600,1,8,D0,08,FF,FF,FF,FF,FF,FF
67353,6612,0x18FEF100,1,8,3F,00,00,FF,FF,FF,FF,FF
67354,6613,0x10FF6500,1,8,FC,FF,FF,FF,FF,FF,FF,FF
67354,6614,0x18F00500,1,8,FF,FF,FF,FF,20,2D,FF,FF
67355,6615,0x18FEF200,1,8,1C,00,00,00,00,00,00,FF
67362,6616,0xCF00400,1,8,FF,FF,FF,8C,46,FF,FF,FF
67363,6617,0xCFF6600,1,8,D1,08,FF,FF,FF,FF,FF,FF
67382,6618,0xCF00400,1,8,FF,FF,FF,00,47,FF,FF,FF
67383,6619,0xCFF6600,1,8,E0,08,FF,FF,FF,FF,FF,FF
67402,6620,0xCF00400,1,8,FF,FF,FF,00,47,FF,FF,FF
67403,6621,0xCFF6600,1,8,E0,08,FF,FF,FF,FF,FF,FF
67422,6622,0xCF00400,1,8,FF,FF,FF,54,47,FF,FF,FF
67423,6623,0xCFF6600,1,8,EA,08,FF,FF,FF,FF,FF,FF
67442,6624,0xCF00400,1,8,FF,FF,FF,94,47,FF,FF,FF
67443,6625,0xCFF6600,1,8,F2,08,FF,FF,FF,FF,FF,FF
67453,6626,0x18FEF100,1,8,3F,00,00,FF,FF,FF,FF,FF
67454,6627,0x18F00500,1,8,FF,FF,FF,FF,20,2D,FF,FF
67454,6628,0x18FEF200,1,8,1C,00,00,00,00,00,00,FF
67462,6629,0xCF00400,1,8,FF,FF,FF,B2,47,FF,FF,FF
67463,6630,0xCFF6600,1,8,F6,08,FF,FF,FF,FF,FF,FF
67483,6631,0xCF00400,1,8,FF,FF,FF,B2,47,FF,FF,FF
67483,6632,0xCFF6600,1,8,F6,08,FF,FF,FF,FF,FF,FF
67502,6633,0xCF00400,1,8,FF,FF,FF,B2,47,FF,FF,FF
67503,6634,0xCFF6600,1,8,F6,08,FF,FF,FF,FF,FF,FF
67522,6635,0xCF00400,1,8,FF,FF,FF,90,47,FF,FF,FF
67523,6636,0xCFF6600,1,8,F2,08,FF,FF,FF,FF,FF,FF
67542,6637,0xCF00400,1,8,FF,FF,FF,56,47,FF,FF,FF
67543,6638,0xCFF6600,1,8,EA,08,FF,FF,FF,FF,FF,FF
67553,6639,0x18FEF100,1,8,3F,00,00,FF,FF,FF,FF,FF
67553,6640,0x10FF6500,1,8,FC,FF,FF,FF,FF,FF,FF,FF
67554,6641,0x18F00500,1,8,FF,FF,FF,FF,20,2D,FF,FF
67555,6642,0x18FEF200,1,8,1C,00,00,00,00,00,00,FF
67562,6643,0xCF00400,1,8,FF,FF,FF,1C,47,FF,FF,FF
67563,6644,0xCFF6600,1,8,E3,08,FF,FF,FF,FF,FF,FF
67582,6645,0xCF00400,1,8,FF,FF,FF,1C,47,FF,FF,FF
67583,6646,0xCFF6600,1,8,E3,08,FF,FF,FF,FF,FF,FF
67602,6647,0xCF00400,1,8,FF,FF,FF,E2,46,FF,FF,FF
67603,6648,0xCFF6600,1,8,DC,08,FF,FF,FF,FF,FF,FF
67622,6649,0xCF00400,1,8,FF,FF,FF,00,47,FF,FF,FF
67623,6650,0xCFF6600,1,8,E0,08,FF,FF,FF,FF,FF,FF
67642,6651,0xCF00400,1,8,FF,FF,FF,60,47,FF,FF,FF
67643,6652,0xCFF6600,1,8,EC,08,FF,FF,FF,FF,FF,FF
67653,6653,0x18FEF100,1,8,3F,00,00,FF,FF,FF,FF,FF
67654,6654,0x18F00500,1,8,FF,FF,FF,FF,20,2D,FF,FF
67655,6655,0x18F00600,1,8,FF,FF,FF,FF,FF,FF,FF,FF
67655,6656,0x18FEF200,1,8,1C,00,00,00,00,00,00,FF
67656,6657,0x1CFDDF00,1,8,FE,FF,FF,FF,FF,FF,FF,FF
67656,6658,0x1CFF6A00,1,8,FC,FF,FF,FF,FF,FF,FF,FF
67662,6659,0xCF00400,1,8,FF,FF,FF,60,47,FF,FF,FF
67663,6660,0xCFF6600,1,8,EC,08,FF,FF,FF,FF,FF,FF
67682,6661,0xCF00400,1,8,FF,FF,FF,9C,47,FF,FF,FF
67683,6662,0xCFF6600,1,8,F3,08,FF,FF,FF,FF,FF,FF
67702,6663,0xCF00400,1,8,FF,FF,FF,C4,47,FF,FF,FF
67703,6664,0xCFF6600,1,8,F8,08,FF,FF,FF,FF,FF,FF
67722,6665,0xCF00400,1,8,FF,FF,FF,D6,47,FF,FF,FF
67723,6666,0xCFF6600,1,8,FA,08,FF,FF,FF,FF,FF,FF
67742,6667,0xCF00400,1,8,FF,FF,FF,D6,47,FF,FF,FF
67743,6668,0xCFF6600,1,8,FA,08,FF,FF,FF,FF,FF,FF
67753,6669,0x18FEF100,1,8,3F,00,00,FF,FF,FF,FF,FF
67753,6670,0x18F00500,1,8,FF,FF,FF,FF,20,2D,FF,FF
67754,6671,0x10FF6500,1,8,FC,FF,FF,FF,FF,FF,FF,FF
67755,6672,0x18FEF200,1,8,1C,00,00,00,00,00,00,FF
67762,6673,0xCF00400,1,8,FF,FF,FF,D4,47,FF,FF,FF
67763,6674,0xCFF6600,1,8,FA,08,FF,FF,FF,FF,FF,FF
67782,6675,0xCF00400,1,8,FF,FF,FF,B4,47,FF,FF,FF
67783,6676,0xCFF6600,1,8,F6,08,FF,FF,FF,FF,FF,FF
67802,6677,0xCF00400,1,8,FF,FF,FF,7E,47,FF,FF,FF
67803,6678,0xCFF6600,1,8,EF,08,FF,FF,FF,FF,FF,FF
67812,6679,0x18FEEE00,1,8,43,FF,FF,FF,FF,FF,FF,FF
67812,6680,0x18FDE500,1,8,0A,14,1E,28,32,3C,46,13
67823,6681,0xCF00400,1,8,FF,FF,FF,98,47,FF,FF,FF
67823,6682,0xCFF6600,1,8,F3,08,FF,FF,FF,FF,FF,FF
67832,6683,0x1CECFF00,1,8,20,0E,00,02,FF,CA,FE,00
67842,6684,0xCF00400,1,8,FF,FF,FF,98,47,FF,FF,FF
67843,6685,0xCFF6600,1,8,F3,08,FF,FF,FF,FF,FF,FF
67853,6686,0x18FEF100,1,8,3F,00,00,FF,FF,FF,FF,FF
67854,6687,0x18F00500,1,8,FF,FF,FF,FF,20,2D,FF,FF
67854,6688,0x18FEF200,1,8,1C,00,00,00,00,00,00,FF
67862,6689,0xCF00400,1,8,FF,FF,FF,F4,47,FF,FF,FF
67863,6690,0xCFF6600,1,8,FE,08,FF,FF,FF,FF,FF,FF
67882,6691,0xCF00400,1,8,FF,FF,FF,0C,48,FF,FF,FF
67883,6692,0xCFF6600,1,8,01,09,FF,FF,FF,FF,FF,FF
67883,6693,0x1CEBFF00,1,8,01,40,FF,0F,F0,E5,01,02
67902,6694,0xCF00400,1,8,FF,FF,FF,E6,47,FF,FF,FF
67903,6695,0xCFF6600,1,8,FC,08,FF,FF,FF,FF,FF,FF
67922,6696,0xCF00400,1,8,FF,FF,FF,E6,47,FF,FF,FF
67923,6697,0xCFF6600,1,8,FC,08,FF,FF,FF,FF,FF,FF
67932,6698,0x1CEBFF00,1,8,02,F0,E3,02,6E,00,03,01
67942,6699,0xCF00400,1,8,FF,FF,FF,C4,47,FF,FF,FF
67943,6700,0xCFF6600,1,8,F8,08,FF,FF,FF,FF,FF,FF
67954,6701,0x18FEF100,1,8,3F,00,00,FF,FF,FF,FF,FF
67954,6702,0x10FF6500,1,8,FC,FF,FF,FF,FF,FF,FF,FF
67955,6703,0x18F00500,1,8,FF,FF,FF,FF,20,2D,FF,FF
67955,6704,0x18FEF200,1,8,1C,00,00,00,00,00,00,FF
67962,6705,0xCF00400,1,8,FF,FF,FF,A8,47,FF,FF,FF
67963,6706,0xCFF6600,1,8,F5,08,FF,FF,FF,FF,FF,FF
67982,6707,0xCF00400,1,8,FF,FF,FF,D8,47,FF,FF,FF
67983,6708,0xCFF6600,1,8,FB,08,FF,FF,FF,FF,FF,FF
68002,6709,0xCF00400,1,8,FF,FF,FF,D8,47,FF,FF,FF
68003,6710,0xCFF6600,1,8,FB,08,FF,FF,FF,FF,FF,FF
68022,6711,0xCF00400,1,8,FF,FF,FF,3E,48,FF,FF,FF
68023,6712,0xCFF6600,1,8,07,09,FF,FF,FF,FF,FF,FF
68042,6713,0xCF00400,1,8,FF,FF,FF,BA,48,FF,FF,FF
68043,6714,0xCFF6600,1,8,17,09,FF,FF,FF,FF,FF,FF
68053,6715,0x18FEF100,1,8,3F,00,00,FF,FF,FF,FF,FF
68054,6716,0x18F00500,1,8,FF,FF,FF,FF,20,2D,FF,FF
68054,6717,0x18FEF200,1,8,1C,00,00,00,00,00,00,FF
68062,6718,0xCF00400,1,8,FF,FF,FF,4A,49,FF,FF,FF
68063,6719,0xCFF6600,1,8,29,09,FF,FF,FF,FF,FF,FF
68082,6720,0xCF00400,1,8,FF,FF,FF,8C,49,FF,FF,FF
68083,6721,0xCFF6600,1,8,31,09,FF,FF,FF,FF,FF,FF
68102,6722,0xCF00400,1,8,FF,FF,FF,8C,49,FF,FF,FF
68103,6723,0xCFF6600,1,8,31,09,FF,FF,FF,FF,FF,FF
68122,6724,0xCF00400,1,8,FF,FF,FF,8E,49,FF,FF,FF
68123,6725,0xCFF6600,1,8,31,09,FF,FF,FF,FF,FF,FF
68142,6726,0xCF00400,1,8,FF,FF,FF,80,49,FF,FF,FF
68143,6727,0xCFF6600,1,8,30,09,FF,FF,FF,FF,FF,FF
68153,6728,0x18FEF100,1,8,3F,00,00,FF,FF,FF,FF,FF
68154,6729,0x10FF6500,1,8,FC,FF,FF,FF,FF,FF,FF,FF
68154,6730,0x18F00500,1,8,FF,FF,FF,FF,20,2D,FF,FF
68155,6731,0x18F00600,1,8,FF,FF,FF,FF,FF,FF,FF,FF
68155,6732,0x18FEF200,1,8,1C,00,00,00,00,00,00,FF
68156,6733,0x1CFDDF00,1,8,FE,FF,FF,FF,FF,FF,FF,FF
68157,6734,0x1CFF6A00,1,8,FC,FF,FF,FF,FF,FF,FF,FF
68162,6735,0xCF00400,1,8,FF,FF,FF,62,49,FF,FF,FF
68163,6736,0xCFF6600,1,8,2C,09,FF,FF,FF,FF,FF,FF
68182,6737,0xCF00400,1,8,FF,FF,FF,62,49,FF,FF,FF
68183,6738,0xCFF6600,1,8,2C,09,FF,FF,FF,FF,FF,FF
68202,6739,0xCF00400,1,8,FF,FF,FF,D4,48,FF,FF,FF
68203,6740,0xCFF6600,1,8,1A,09,FF,FF,FF,FF,FF,FF
68222,6741,0xCF00400,1,8,FF,FF,FF,DC,47,FF,FF,FF
68223,6742,0xCFF6600,1,8,FB,08,FF,FF,FF,FF,FF,FF
68242,6743,0xCF00400,1,8,FF,FF,FF,9A,47,FF,FF,FF
68243,6744,0xCFF6600,1,8,F3,08,FF,FF,FF,FF,FF,FF
68253,6745,0x18FEF100,1,8,3F,00,00,FF,FF,FF,FF,FF
68254,6746,0x18F00500,1,8,FF,FF,FF,FF,20,2D,FF,FF
68254,6747,0x18FEF200,1,8,1C,00,00,00,00,00,00,FF
68263,6748,0xCF00400,1,8,FF,FF,FF,F4,47,FF,FF,FF
68263,6749,0xCFF6600,1,8,FE,08,FF,FF,FF,FF,FF,FF
68282,6750,0xCF00400,1,8,FF,FF,FF,F4,47,FF,FF,FF
68283,6751,0xCFF6600,1,8,FE,08,FF,FF,FF,FF,FF,FF
68302,6752,0xCF00400,1,8,FF,FF,FF,38,48,FF,FF,FF
68303,6753,0xCFF6600,1,8,07,09,FF,FF,FF,FF,FF,FF
68322,6754,0xCF00400,1,8,FF,FF,FF,64,48,FF,FF,FF
68323,6755,0xCFF6600,1,8,0C,09,FF,FF,FF,FF,FF,FF
68342,6756,0xCF00400,1,8,FF,FF,FF,3C,48,FF,FF,FF
68343,6757,0xCFF6600,1,8,07,09,FF,FF,FF,FF,FF,FF
68353,6758,0x18FEF100,1,8,3F,00,00,FF,FF,FF,FF,FF
68354,6759,0x10FF6500,1,8,FC,FF,FF,FF,FF,FF,FF,FF
68354,6760,0x18F00500,1,8,FF,FF,FF,FF,20,2D,FF,FF
68355,6761,0x18FEF200,1,8,1C,00,00,00,00,00,00,FF
68362,6762,0xCF00400,1,8,FF,FF,FF,3C,48,FF,FF,FF
68363,6763,0xCFF6600,1,8,07,09,FF,FF,FF,FF,FF,FF
68382,6764,0xCF00400,1,8,FF,FF,FF,C4,47,FF,FF,FF
68383,6765,0xCFF6600,1,8,F8,08,FF,FF,FF,FF,FF,FF
68402,6766,0xCF00400,1,8,FF,FF,FF,48,47,FF,FF,FF
68403,6767,0xCFF6600,1,8,E9,08,FF,FF,FF,FF,FF,FF
68422,6768,0xCF00400,1,8,FF,FF,FF,CE,46,FF,FF,FF
68423,6769,0xCFF6600,1,8,D9,08,FF,FF,FF,FF,FF,FF
68442,6770,0xCF00400,1,8,FF,FF,FF,CE,46,FF,FF,FF
68443,6771,0xCFF6600,1,8,D9,08,FF,FF,FF,FF,FF,FF
68453,6772,0x18FEF100,1,8,3F,00,00,FF,FF,FF,FF,FF
68454,6773,0x18F00500,1,8,FF,FF,FF,FF,20,2D,FF,FF
68454,6774,0x18FEF200,1,8,1C,00,00,00,00,00,00,FF
68462,6775,0xCF00400,1,8,FF,FF,FF,E4,46,FF,FF,FF
68463,6776,0xCFF6600,1,8,DC,08,FF,FF,FF,FF,FF,FF
68482,6777,0xCF00400,1,8,FF,FF,FF,62,47,FF,FF,FF
68483,6778,0xCFF6600,1,8,EC,08,FF,FF,FF,FF,FF,FF
68502,6779,0xCF00400,1,8,FF,FF,FF,86,47,FF,FF,FF
68503,6780,0xCFF6600,1,8,F0,08,FF,FF,FF,FF,FF,FF
68522,6781,0xCF00400,1,8,FF,FF,FF,86,47,FF,FF,FF
68523,6782,0xCFF6600,1,8,F0,08,FF,FF,FF,FF,FF,FF
68542,6783,0xCF00400,1,8,FF,FF,FF,66,47,FF,FF,FF
68543,6784,0xCFF6600,1,8,EC,08,FF,FF,FF,FF,FF,FF
68553,6785,0x18FEF100,1,8,3F,00,00,FF,FF,FF,FF,FF
68554,6786,0x10FF6500,1,8,FC,FF,FF,FF,FF,FF,FF,FF
68554,6787,0x18F00500,1,8,FF,FF,FF,FF,20,2D,FF,FF
68555,6788,0x18FEF200,1,8,1C,00,00,00,00,00,00,FF
68562,6789,0xCF00400,1,8,FF,FF,FF,7C,47,FF,FF,FF
68563,6790,0xCFF6600,1,8,EF,08,FF,FF,FF,FF,FF,FF
68582,6791,0xCF00400,1,8,FF,FF,FF,C0,47,FF,FF,FF
68583,6792,0xCFF6600,1,8,F8,08,FF,FF,FF,FF,FF,FF
68603,6793,0xCF00400,1,8,FF,FF,FF,E8,47,FF,FF,FF
68603,6794,0xCFF6600,1,8,FD,08,FF,FF,FF,FF,FF,FF
68622,6795,0xCF00400,1,8,FF,FF,FF,E8,47,FF,FF,FF
68623,6796,0xCFF6600,1,8,FD,08,FF,FF,FF,FF,FF,FF
68642,6797,0xCF00400,1,8,FF,FF,FF,F8,47,FF,FF,FF
68643,6798,0xCFF6600,1,8,FF,08,FF,FF,FF,FF,FF,FF
68653,6799,0x18FEF100,1,8,3F,00,00,FF,FF,FF,FF,FF
68654,6800,0x18F00500,1,8,FF,FF,FF,FF,20,2D,FF,FF
68654,6801,0x18F00600,1,8,FF,FF,FF,FF,FF,FF,FF,FF
68655,6802,0x18FEF200,1,8,1C,00,00,00,00,00,00,FF
68655,6803,0x1CFDDF00,1,8,FE,FF,FF,FF,FF,FF,FF,FF
68656,6804,0x1CFF6A00,1,8,FC,FF,FF,FF,FF,FF,FF,FF
68662,6805,0xCF00400,1,8,FF,FF,FF,A4,47,FF,FF,FF
68663,6806,0xCFF6600,1,8,F4,08,FF,FF,FF,FF,FF,FF
68683,6807,0xCF00400,1,8,FF,FF,FF,FC,46,FF,FF,FF
68683,6808,0xCFF6600,1,8,DF,08,FF,FF,FF,FF,FF,FF
68702,6809,0xCF00400,1,8,FF,FF,FF,FC,46,FF,FF,FF
68703,6810,0xCFF6600,1,8,DF,08,FF,FF,FF,FF,FF,FF
68722,6811,0xCF00400,1,8,FF,FF,FF,96,46,FF,FF,FF
68723,6812,0xCFF6600,1,8,D2,08,FF,FF,FF,FF,FF,FF
68742,6813,0xCF00400,1,8,FF,FF,FF,6A,46,FF,FF,FF
68743,6814,0xCFF6600,1,8,CD,08,FF,FF,FF,FF,FF,FF
68753,6815,0x18FEF100,1,8,3F,00,00,FF,FF,FF,FF,FF
68753,6816,0x10FF6500,1,8,FC,FF,FF,FF,FF,FF,FF,FF
68754,6817,0x18F00500,1,8,FF,FF,FF,FF,20,2D,FF,FF
68755,6818,0x18FEF200,1,8,1C,00,00,00,00,00,00,FF
68762,6819,0xCF00400,1,8,FF,FF,FF,80,46,FF,FF,FF
68763,6820,0xCFF6600,1,8,D0,08,FF,FF,FF,FF,FF,FF
68782,6821,0xCF00400,1,8,FF,FF,FF,80,46,FF,FF,FF
68783,6822,0xCFF6600,1,8,D0,08,FF,FF,FF,FF,FF,FF
68802,6823,0xCF00400,1,8,FF,FF,FF,CC,46,FF,FF,FF
68803,6824,0xCFF6600,1,8,D9,08,FF,FF,FF,FF,FF,FF
68812,6825,0x18FEEE00,1,8,43,FF,FF,FF,FF,FF,FF,FF
68812,6826,0x18FDE500,1,8,0A,14,1E,28,32,3C,46,13
68822,6827,0xCF00400,1,8,FF,FF,FF,1E,47,FF,FF,FF
68823,6828,0xCFF6600,1,8,E3,08,FF,FF,FF,FF,FF,FF
68832,6829,0x1CECFF00,1,8,20,0E,00,02,FF,CA,FE,00
68842,6830,0xCF00400,1,8,FF,FF,FF,74,47,FF,FF,FF
68843,6831,0xCFF6600,1,8,EE,08,FF,FF,FF,FF,FF,FF
68853,6832,0x18FEF100,1,8,3F,00,00,FF,FF,FF,FF,FF
68854,6833,0x18F00500,1,8,FF,FF,FF,FF,20,2D,FF,FF
68855,6834,0x18FEF200,1,8,1C,00,00,00,00,00,00,FF
68862,6835,0xCF00400,1,8,FF,FF,FF,74,47,FF,FF,FF
68863,6836,0xCFF6600,1,8,EE,08,FF,FF,FF,FF,FF,FF
68882,6837,0xCF00400,1,8,FF,FF,FF,4A,47,FF,FF,FF
68883,6838,0xCFF6600,1,8,E9,08,FF,FF,FF,FF,FF,FF
68883,6839,0x1CEBFF00,1,8,01,40,FF,0F,F0,E5,01,02
68902,6840,0xCF00400,1,8,FF,FF,FF,C0,46,FF,FF,FF
68903,6841,0xCFF6600,1,8,D8,08,FF,FF,FF,FF,FF,FF
68922,6842,0xCF00400,1,8,FF,FF,FF,84,46,FF,FF,FF
68923,6843,0xCFF6600,1,8,D0,08,FF,FF,FF,FF,FF,FF
68932,6844,0x1CEBFF00,1,8,02,F0,E3,02,6E,00,03,01
68942,6845,0xCF00400,1,8,FF,FF,FF,84,46,FF,FF,FF
68943,6846,0xCFF6600,1,8,D0,08,FF,FF,FF,FF,FF,FF
68953,6847,0x18FEF100,1,8,3F,00,00,FF,FF,FF,FF,FF
68954,6848,0x10FF6500,1,8,FC,FF,FF,FF,FF,FF,FF,FF
68954,6849,0x18F00500,1,8,FF,FF,FF,FF,20,2D,FF,FF
68955,6850,0x18FEF200,1,8,1C,00,00,00,00,00,00,FF
68962,6851,0xCF00400,1,8,FF,FF,FF,82,46,FF,FF,FF
68963,6852,0xCFF6600,1,8,D0,08,FF,FF,FF,FF,FF,FF
68982,6853,0xCF00400,1,8,FF,FF,FF,8A,46,FF,FF,FF
68983,6854,0xCFF6600,1,8,D1,08,FF,FF,FF,FF,FF,FF
69002,6855,0xCF00400,1,8,FF,FF,FF,90,46,FF,FF,FF
69003,6856,0xCFF6600,1,8,D2,08,FF,FF,FF,FF,FF,FF
69022,6857,0xCF00400,1,8,FF,FF,FF,90,46,FF,FF,FF
69023,6858,0xCFF6600,1,8,D2,08,FF,FF,FF,FF,FF,FF
69042,6859,0xCF00400,1,8,FF,FF,FF,C0,46,FF,FF,FF
69043,6860,0xCFF6600,1,8,D8,08,FF,FF,FF,FF,FF,FF
69054,6861,0x18FEF100,1,8,3F,00,00,FF,FF,FF,FF,FF
69054,6862,0x18F00500,1,8,FF,FF,FF,FF,20,2D,FF,FF
69055,6863,0x18FEF200,1,8,1C,00,00,00,00,00,00,FF
69062,6864,0xCF00400,1,8,FF,FF,FF,0E,47,FF,FF,FF
69063,6865,0xCFF6600,1,8,E1,08,FF,FF,FF,FF,FF,FF
69082,6866,0xCF00400,1,8,FF,FF,FF,6E,47,FF,FF,FF
69083,6867,0xCFF6600,1,8,ED,08,FF,FF,FF,FF,FF,FF
69102,6868,0xCF00400,1,8,FF,FF,FF,6E,47,FF,FF,FF
69103,6869,0xCFF6600,1,8,ED,08,FF,FF,FF,FF,FF,FF
69122,6870,0xCF00400,1,8,FF,FF,FF,DE,47,FF,FF,FF
69123,6871,0xCFF6600,1,8,FB,08,FF,FF,FF,FF,FF,FF
69142,6872,0xCF00400,1,8,FF,FF,FF,8A,47,FF,FF,FF
69143,6873,0xCFF6600,1,8,F1,08,FF,FF,FF,FF,FF,FF
69153,6874,0x18FEF100,1,8,3F,00,00,FF,FF,FF,FF,FF
69154,6875,0x10FF6500,1,8,FC,FF,FF,FF,FF,FF,FF,FF
69154,6876,0x18F00500,1,8,FF,FF,FF,FF,20,2D,FF,FF
69155,6877,0x18F00600,1,8,FF,FF,FF,FF,FF,FF,FF,FF
69155,6878,0x18FEF200,1,8,1C,00,00,00,00,00,00,FF
69156,6879,0x1CFDDF00,1,8,FE,FF,FF,FF,FF,FF,FF,FF
69157,6880,0x1CFF6A00,1,8,FC,FF,FF,FF,FF,FF,FF,FF
69162,6881,0xCF00400,1,8,FF,FF,FF,9E,46,FF,FF,FF
69163,6882,0xCFF6600,1,8,D3,08,FF,FF,FF,FF,FF,FF
69182,6883,0xCF00400,1,8,FF,FF,FF,9E,46,FF,FF,FF
69183,6884,0xCFF6600,1,8,D3,08,FF,FF,FF,FF,FF,FF
69202,6885,0xCF00400,1,8,FF,FF,FF,56,46,FF,FF,FF
69203,6886,0xCFF6600,1,8,CA,08,FF,FF,FF,FF,FF,FF
69222,6887,0xCF00400,1,8,FF,FF,FF,96,46,FF,FF,FF
69223,6888,0xCFF6600,1,8,D2,08,FF,FF,FF,FF,FF,FF
69242,6889,0xCF00400,1,8,FF,FF,FF,4E,46,FF,FF,FF
69243,6890,0xCFF6600,1,8,C9,08,FF,FF,FF,FF,FF,FF
69253,6891,0x18FEF100,1,8,3F,00,00,FF,FF,FF,FF,FF
69254,6892,0x18F00500,1,8,FF,FF,FF,FF,20,2D,FF,FF
69254,6893,0x18FEF200,1,8,1C,00,00,00,00,00,00,FF
69262,6894,0xCF00400,1,8,FF,FF,FF,4E,46,FF,FF,FF
69263,6895,0xCFF6600,1,8,C9,08,FF,FF,FF,FF,FF,FF
69282,6896,0xCF00400,1,8,FF,FF,FF,94,45,FF,FF,FF
69283,6897,0xCFF6600,1,8,B2,08,FF,FF,FF,FF,FF,FF
69302,6898,0xCF00400,1,8,FF,FF,FF,4E,45,FF,FF,FF
69303,6899,0xCFF6600,1,8,A9,08,FF,FF,FF,FF,FF,FF
69322,6900,0xCF00400,1,8,FF,FF,FF,70,45,FF,FF,FF
69323,6901,0xCFF6600,1,8,AE,08,FF,FF,FF,FF,FF,FF
69342,6902,0xCF00400,1,8,FF,FF,FF,70,45,FF,FF,FF
69343,6903,0xCFF6600,1,8,AE,08,FF,FF,FF,FF,FF,FF
69353,6904,0x18FEF100,1,8,3F,00,00,FF,FF,FF,FF,FF
69353,6905,0x18F00500,1,8,FF,FF,FF,FF,20,2D,FF,FF
69354,6906,0x10FF6500,1,8,FC,FF,FF,FF,FF,FF,FF,FF
69355,6907,0x18FEF200,1,8,1C,00,00,00,00,00,00,FF
69362,6908,0xCF00400,1,8,FF,FF,FF,8A,45,FF,FF,FF
69363,6909,0xCFF6600,1,8,B1,08,FF,FF,FF,FF,FF,FF
69382,6910,0xCF00400,1,8,FF,FF,FF,9E,45,FF,FF,FF
69383,6911,0xCFF6600,1,8,B3,08,FF,FF,FF,FF,FF,FF
69402,6912,0xCF00400,1,8,FF,FF,FF,7E,45,FF,FF,FF
69403,6913,0xCFF6600,1,8,AF,08,FF,FF,FF,FF,FF,FF
69422,6914,0xCF00400,1,8,FF,FF,FF,7E,45,FF,FF,FF
69423,6915,0xCFF6600,1,8,AF,08,FF,FF,FF,FF,FF,FF
69442,6916,0xCF00400,1,8,FF,FF,FF,36,45,FF,FF,FF
69443,6917,0xCFF6600,1,8,A6,08,FF,FF,FF,FF,FF,FF
69454,6918,0x18FEF100,1,8,3F,00,00,FF,FF,FF,FF,FF
69454,6919,0x18F00500,1,8,FF,FF,FF,FF,20,2D,FF,FF
69455,6920,0x18FEF200,1,8,1C,00,00,00,00,00,00,FF
69462,6921,0xCF00400,1,8,FF,FF,FF,42,45,FF,FF,FF
69463,6922,0xCFF6600,1,8,A8,08,FF,FF,FF,FF,FF,FF
69482,6923,0xCF00400,1,8,FF,FF,FF,90,45,FF,FF,FF
69483,6924,0xCFF6600,1,8,B2,08,FF,FF,FF,FF,FF,FF
69502,6925,0xCF00400,1,8,FF,FF,FF,90,45,FF,FF,FF
69503,6926,0xCFF6600,1,8,B2,08,FF,FF,FF,FF,FF,FF
69522,6927,0xCF00400,1,8,FF,FF,FF,D6,45,FF,FF,FF
69523,6928,0xCFF6600,1,8,BA,08,FF,FF,FF,FF,FF,FF
69542,6929,0xCF00400,1,8,FF,FF,FF,16,46,FF,FF,FF
69543,6930,0xCFF6600,1,8,C2,08,FF,FF,FF,FF,FF,FF
69553,6931,0x18FEF100,1,8,3F,00,00,FF,FF,FF,FF,FF
69554,6932,0x10FF6500,1,8,FC,FF,FF,FF,FF,FF,FF,FF
69554,6933,0x18F00500,1,8,FF,FF,FF,FF,20,2D,FF,FF
69555,6934,0x18FEF200,1,8,1C,00,00,00,00,00,00,FF
69562,6935,0xCF00400,1,8,FF,FF,FF,30,46,FF,FF,FF
69563,6936,0xCFF6600,1,8,C6,08,FF,FF,FF,FF,FF,FF
69582,6937,0xCF00400,1,8,FF,FF,FF,30,46,FF,FF,FF
69583,6938,0xCFF6600,1,8,C6,08,FF,FF,FF,FF,FF,FF
69602,6939,0xCF00400,1,8,FF,FF,FF,2C,46,FF,FF,FF
69603,6940,0xCFF6600,1,8,C5,08,FF,FF,FF,FF,FF,FF
69622,6941,0xCF00400,1,8,FF,FF,FF,58,46,FF,FF,FF
69623,6942,0xCFF6600,1,8,CB,08,FF,FF,FF,FF,FF,FF
69642,6943,0xCF00400,1,8,FF,FF,FF,AC,46,FF,FF,FF
69643,6944,0xCFF6600,1,8,D5,08,FF,FF,FF,FF,FF,FF
69653,6945,0x18FEF100,1,8,3F,00,00,FF,FF,FF,FF,FF
69654,6946,0x18F00500,1,8,FF,FF,FF,FF,20,2D,FF,FF
69654,6947,0x18F00600,1,8,FF,FF,FF,FF,FF,FF,FF,FF
69655,6948,0x18FEF200,1,8,1C,00,00,00,00,00,00,FF
69655,6949,0x1CFDDF00,1,8,FE,FF,FF,FF,FF,FF,FF,FF
69656,6950,0x1CFF6A00,1,8,FC,FF,FF,FF,FF,FF,FF,FF
69662,6951,0xCF00400,1,8,FF,FF,FF,AC,46,FF,FF,FF
69663,6952,0xCFF6600,1,8,D5,08,FF,FF,FF,FF,FF,FF
69682,6953,0xCF00400,1,8,FF,FF,FF,F6,46,FF,FF,FF
69683,6954,0xCFF6600,1,8,DE,08,FF,FF,FF,FF,FF,FF
69702,6955,0xCF00400,1,8,FF,FF,FF,2E,47,FF,FF,FF
69703,6956,0xCFF6600,1,8,E5,08,FF,FF,FF,FF,FF,FF
69722,6957,0xCF00400,1,8,FF,FF,FF,7E,47,FF,FF,FF
69723,6958,0xCFF6600,1,8,EF,08,FF,FF,FF,FF,FF,FF
69742,6959,0xCF00400,1,8,FF,FF,FF,7E,47,FF,FF,FF
69743,6960,0xCFF6600,1,8,EF,08,FF,FF,FF,FF,FF,FF
69745,6961,0x18FEFC17,1,8,FF,1F,FF,FF,FF,FF,FF,FF
69753,6962,0x18FEF100,1,8,3F,00,00,FF,FF,FF,FF,FF
69753,6963,0x10FF6500,1,8,FC,FF,FF,FF,FF,FF,FF,FF
69754,6964,0x18F00500,1,8,FF,FF,FF,FF,20,2D,FF,FF
69755,6965,0x18FEF200,1,8,1C,00,00,00,00,00,00,FF
69762,6966,0xCF00400,1,8,FF,FF,FF,F0,47,FF,FF,FF
69763,6967,0xCFF6600,1,8,FE,08,FF,FF,FF,FF,FF,FF
69765,6968,0x18FEF517,1,8,FF,FF,FF,20,1D,FF,FF,FF
69782,6969,0xCF00400,1,8,FF,FF,FF,38,48,FF,FF,FF
69783,6970,0xCFF6600,1,8,07,09,FF,FF,FF,FF,FF,FF
69789,6971,0x18FEC117,1,8,F0,1D,00,00,03,1E,00,00
69802,6972,0xCF00400,1,8,FF,FF,FF,5C,48,FF,FF,FF
69803,6973,0xCFF6600,1,8,0B,09,FF,FF,FF,FF,FF,FF
69812,6974,0x18FEEE00,1,8,43,FF,FF,FF,FF,FF,FF,FF
69812,6975,0x18FDE500,1,8,0A,14,1E,28,32,3C,46,13
69822,6976,0xCF00400,1,8,FF,FF,FF,5C,48,FF,FF,FF
69823,6977,0xCFF6600,1,8,0B,09,FF,FF,FF,FF,FF,FF
69832,6978,0x1CECFF00,1,8,20,0E,00,02,FF,CA,FE,00
69842,6979,0xCF00400,1,8,FF,FF,FF,F4,47,FF,FF,FF
69843,6980,0xCFF6600,1,8,FE,08,FF,FF,FF,FF,FF,FF
69853,6981,0x18FEF100,1,8,3F,00,00,FF,FF,FF,FF,FF
69854,6982,0x18F00500,1,8,FF,FF,FF,FF,20,2D,FF,FF
69854,6983,0x18FEF200,1,8,1C,00,00,00,00,00,00,FF
69862,6984,0xCF00400,1,8,FF,FF,FF,08,47,FF,FF,FF
69863,6985,0xCFF6600,1,8,E1,08,FF,FF,FF,FF,FF,FF
69882,6986,0xCF00400,1,8,FF,FF,FF,72,46,FF,FF,FF
69883,6987,0xCFF6600,1,8,CE,08,FF,FF,FF,FF,FF,FF
69883,6988,0x1CEBFF00,1,8,01,40,FF,0F,F0,E5,01,02
69902,6989,0xCF00400,1,8,FF,FF,FF,72,46,FF,FF,FF
69903,6990,0xCFF6600,1,8,CE,08,FF,FF,FF,FF,FF,FF
69922,6991,0xCF00400,1,8,FF,FF,FF,30,46,FF,FF,FF
69923,6992,0xCFF6600,1,8,C6,08,FF,FF,FF,FF,FF,FF
69932,6993,0x1CEBFF00,1,8,02,F0,E3,02,6E,00,03,01
69942,6994,0xCF00400,1,8,FF,FF,FF,E0,45,FF,FF,FF
69943,6995,0xCFF6600,1,8,BC,08,FF,FF,FF,FF,FF,FF
69953,6996,0x18FEF100,1,8,3F,00,00,FF,FF,FF,FF,FF
69954,6997,0x10FF6500,1,8,FC,FF,FF,FF,FF,FF,FF,FF
69954,6998,0x18F00500,1,8,FF,FF,FF,FF,20,2D,FF,FF
69955,6999,0x18FEF200,1,8,1C,00,00,00,00,00,00,FF
69962,7000,0xCF00400,1,8,FF,FF,FF,82,45,FF,FF,FF
69963,7001,0xCFF6600,1,8,B0,08,FF,FF,FF,FF,FF,FF
69982,7002,0xCF00400,1,8,FF,FF,FF,82,45,FF,FF,FF
69983,7003,0xCFF6600,1,8,B0,08,FF,FF,FF,FF,FF,FF
70002,7004,0xCF00400,1,8,FF,FF,FF,50,45,FF,FF,FF
70003,7005,0xCFF6600,1,8,AA,08,FF,FF,FF,FF,FF,FF
70022,7006,0xCF00400,1,8,FF,FF,FF,48,45,FF,FF,FF
70023,7007,0xCFF6600,1,8,A9,08,FF,FF,FF,FF,FF,FF
70042,7008,0xCF00400,1,8,FF,FF,FF,8A,45,FF,FF,FF
70043,7009,0xCFF6600,1,8,B1,08,FF,FF,FF,FF,FF,FF
70053,7010,0x18FEF100,1,8,3F,00,00,FF,FF,FF,FF,FF
70054,7011,0x18F00500,1,8,FF,FF,FF,FF,20,2D,FF,FF
70055,7012,0x18FEF200,1,8,1C,00,00,00,00,00,00,FF
70062,7013,0xCF00400,1,8,FF,FF,FF,8A,45,FF,FF,FF
70063,7014,0xCFF6600,1,8,B1,08,FF,FF,FF,FF,FF,FF
70082,7015,0xCF00400,1,8,FF,FF,FF,0A,46,FF,FF,FF
70083,7016,0xCFF6600,1,8,C1,08,FF,FF,FF,FF,FF,FF
70102,7017,0xCF00400,1,8,FF,FF,FF,F6,45,FF,FF,FF
70103,7018,0xCFF6600,1,8,BE,08,FF,FF,FF,FF,FF,FF
70122,7019,0xCF00400,1,8,FF,FF,FF,6C,45,FF,FF,FF
70123,7020,0xCFF6600,1,8,AD,08,FF,FF,FF,FF,FF,FF
70142,7021,0xCF00400,1,8,FF,FF,FF,6C,45,FF,FF,FF
70143,7022,0xCFF6600,1,8,AD,08,FF,FF,FF,FF,FF,FF
70153,7023,0x18FEF100,1,8,3F,00,00,FF,FF,FF,FF,FF
70153,7024,0x10FF6500,1,8,FC,FF,FF,FF,FF,FF,FF,FF
70154,7025,0x18F00500,1,8,FF,FF,FF,FF,20,2D,FF,FF
70155,7026,0x18F00600,1,8,FF,FF,FF,FF,FF,FF,FF,FF
70155,7027,0x18FEF200,1,8,1C,00,00,00,00,00,00,FF
70156,7028,0x1CFDDF00,1,8,FE,FF,FF,FF,FF,FF,FF,FF
70156,7029,0x1CFF6A00,1,8,FC,FF,FF,FF,FF,FF,FF,FF
70162,7030,0xCF00400,1,8,FF,FF,FF,88,45,FF,FF,FF
70163,7031,0xCFF6600,1,8,B1,08,FF,FF,FF,FF,FF,FF
70182,7032,0xCF00400,1,8,FF,FF,FF,36,46,FF,FF,FF
70183,7033,0xCFF6600,1,8,C6,08,FF,FF,FF,FF,FF,FF
70202,7034,0xCF00400,1,8,FF,FF,FF,AC,46,FF,FF,FF
70203,7035,0xCFF6600,1,8,D5,08,FF,FF,FF,FF,FF,FF
70222,7036,0xCF00400,1,8,FF,FF,FF,AC,46,FF,FF,FF
70223,7037,0xCFF6600,1,8,D5,08,FF,FF,FF,FF,FF,FF
70242,7038,0xCF00400,1,8,FF,FF,FF,F2,46,FF,FF,FF
70243,7039,0xCFF6600,1,8,DE,08,FF,FF,FF,FF,FF,FF
70254,7040,0x18FEF100,1,8,3F,00,00,FF,FF,FF,FF,FF
70254,7041,0x18F00500,1,8,FF,FF,FF,FF,20,2D,FF,FF
70255,7042,0x18FEF200,1,8,1C,00,00,00,00,00,00,FF
70262,7043,0xCF00400,1,8,FF,FF,FF,C4,46,FF,FF,FF
70263,7044,0xCFF6600,1,8,D8,08,FF,FF,FF,FF,FF,FF
70282,7045,0xCF00400,1,8,FF,FF,FF,34,46,FF,FF,FF
70283,7046,0xCFF6600,1,8,C6,08,FF,FF,FF,FF,FF,FF
70302,7047,0xCF00400,1,8,FF,FF,FF,34,46,FF,FF,FF
70303,7048,0xCFF6600,1,8,C6,08,FF,FF,FF,FF,FF,FF
70322,7049,0xCF00400,1,8,FF,FF,FF,F6,45,FF,FF,FF
70323,7050,0xCFF6600,1,8,BE,08,FF,FF,FF,FF,FF,FF
70342,7051,0xCF00400,1,8,FF,FF,FF,FE,45,FF,FF,FF
70343,7052,0xCFF6600,1,8,BF,08,FF,FF,FF,FF,FF,FF
70353,7053,0x18FEF100,1,8,3F,00,00,FF,FF,FF,FF,FF
70354,7054,0x10FF6500,1,8,FC,FF,FF,FF,FF,FF,FF,FF
70354,7055,0x18F00500,1,8,FF,FF,FF,FF,20,2D,FF,FF
70355,7056,0x18FEF200,1,8,1C,00,00,00,00,00,00,FF
70362,7057,0xCF00400,1,8,FF,FF,FF,F2,45,FF,FF,FF
70363,7058,0xCFF6600,1,8,BE,08,FF,FF,FF,FF,FF,FF
70382,7059,0xCF00400,1,8,FF,FF,FF,F2,45,FF,FF,FF
70383,7060,0xCFF6600,1,8,BE,08,FF,FF,FF,FF,FF,FF
70402,7061,0xCF00400,1,8,FF,FF,FF,D6,45,FF,FF,FF
70403,7062,0xCFF6600,1,8,BA,08,FF,FF,FF,FF,FF,FF
70422,7063,0xCF00400,1,8,FF,FF,FF,B2,45,FF,FF,FF
70423,7064,0xCFF6600,1,8,B6,08,FF,FF,FF,FF,FF,FF
70442,7065,0xCF00400,1,8,FF,FF,FF,82,45,FF,FF,FF
70443,7066,0xCFF6600,1,8,B0,08,FF,FF,FF,FF,FF,FF
70453,7067,0x18FEF100,1,8,3F,00,00,FF,FF,FF,FF,FF
70454,7068,0x18F00500,1,8,FF,FF,FF,FF,20,2D,FF,FF
70454,7069,0x18FEF200,1,8,1C,00,00,00,00,00,00,FF
70462,7070,0xCF00400,1,8,FF,FF,FF,82,45,FF,FF,FF
70463,7071,0xCFF6600,1,8,B0,08,FF,FF,FF,FF,FF,FF
70482,7072,0xCF00400,1,8,FF,FF,FF,82,45,FF,FF,FF
70483,7073,0xCFF6600,1,8,B0,08,FF,FF,FF,FF,FF,FF
70502,7074,0xCF00400,1,8,FF,FF,FF,B0,45,FF,FF,FF
70503,7075,0xCFF6600,1,8,B6,08,FF,FF,FF,FF,FF,FF
70522,7076,0xCF00400,1,8,FF,FF,FF,EA,45,FF,FF,FF
70523,7077,0xCFF6600,1,8,BD,08,FF,FF,FF,FF,FF,FF
70542,7078,0xCF00400,1,8,FF,FF,FF,EA,45,FF,FF,FF
70543,7079,0xCFF6600,1,8,BD,08,FF,FF,FF,FF,FF,FF
70553,7080,0x18FEF100,1,8,3F,00,00,FF,FF,FF,FF,FF
70554,7081,0x10FF6500,1,8,FC,FF,FF,FF,FF,FF,FF,FF
70554,7082,0x18F00500,1,8,FF,FF,FF,FF,20,2D,FF,FF
70555,7083,0x18FEF200,1,8,1C,00,00,00,00,00,00,FF
70562,7084,0xCF00400,1,8,FF,FF,FF,28,46,FF,FF,FF
70563,7085,0xCFF6600,1,8,C5,08,FF,FF,FF,FF,FF,FF
70582,7086,0xCF00400,1,8,FF,FF,FF,36,46,FF,FF,FF
70583,7087,0xCFF6600,1,8,C6,08,FF,FF,FF,FF,FF,FF
70602,7088,0xCF00400,1,8,FF,FF,FF,26,46,FF,FF,FF
70603,7089,0xCFF6600,1,8,C4,08,FF,FF,FF,FF,FF,FF
70622,7090,0xCF00400,1,8,FF,FF,FF,26,46,FF,FF,FF
70623,7091,0xCFF6600,1,8,C4,08,FF,FF,FF,FF,FF,FF
70642,7092,0xCF00400,1,8,FF,FF,FF,5A,46,FF,FF,FF
70643,7093,0xCFF6600,1,8,CB,08,FF,FF,FF,FF,FF,FF
70654,7094,0x18FEF100,1,8,3F,00,00,FF,FF,FF,FF,FF
70654,7095,0x18F00500,1,8,FF,FF,FF,FF,20,2D,FF,FF
70655,7096,0x18F00600,1,8,FF,FF,FF,FF,FF,FF,FF,FF
70655,7097,0x18FEF200,1,8,1C,00,00,00,00,00,00,FF
70656,7098,0x1CFDDF00,1,8,FE,FF,FF,FF,FF,FF,FF,FF
70657,7099,0x1CFF6A00,1,8,FC,FF,FF,FF,FF,FF,FF,FF
70662,7100,0xCF00400,1,8,FF,FF,FF,BE,46,FF,FF,FF
70663,7101,0xCFF6600,1,8,D7,08,FF,FF,FF,FF,FF,FF
70682,7102,0xCF00400,1,8,FF,FF,FF,D6,46,FF,FF,FF
70683,7103,0xCFF6600,1,8,DA,08,FF,FF,FF,FF,FF,FF
70702,7104,0xCF00400,1,8,FF,FF,FF,D6,46,FF,FF,FF
70703,7105,0xCFF6600,1,8,DA,08,FF,FF,FF,FF,FF,FF
70722,7106,0xCF00400,1,8,FF,FF,FF,AE,46,FF,FF,FF
70723,7107,0xCFF6600,1,8,D5,08,FF,FF,FF,FF,FF,FF
70742,7108,0xCF00400,1,8,FF,FF,FF,B8,46,FF,FF,FF
70743,7109,0xCFF6600,1,8,D7,08,FF,FF,FF,FF,FF,FF
70753,7110,0x18FEF100,1,8,3F,00,00,FF,FF,FF,FF,FF
70754,7111,0x10FF6500,1,8,FC,FF,FF,FF,FF,FF,FF,FF
70754,7112,0x18F00500,1,8,FF,FF,FF,FF,20,2D,FF,FF
70755,7113,0x18FEF200,1,8,1C,00,00,00,00,00,00,FF
70762,7114,0xCF00400,1,8,FF,FF,FF,F0,46,FF,FF,FF
70763,7115,0xCFF6600,1,8,DE,08,FF,FF,FF,FF,FF,FF
70782,7116,0xCF00400,1,8,FF,FF,FF,F0,46,FF,FF,FF
70783,7117,0xCFF6600,1,8,DE,08,FF,FF,FF,FF,FF,FF
70802,7118,0xCF00400,1,8,FF,FF,FF,26,47,FF,FF,FF
70803,7119,0xCFF6600,1,8,E4,08,FF,FF,FF,FF,FF,FF
70812,7120,0x18FEEE00,1,8,44,FF,FF,FF,FF,FF,FF,FF
70813,7121,0x18FDE500,1,8,0A,14,1E,28,32,3C,46,13
70822,7122,0xCF00400,1,8,FF,FF,FF,58,47,FF,FF,FF
70823,7123,0xCFF6600,1,8,EB,08,FF,FF,FF,FF,FF,FF
70832,7124,0x1CECFF00,1,8,20,0E,00,02,FF,CA,FE,00
70842,7125,0xCF00400,1,8,FF,FF,FF,3E,47,FF,FF,FF
70843,7126,0xCFF6600,1,8,E7,08,FF,FF,FF,FF,FF,FF
70853,7127,0x18FEF100,1,8,3F,00,00,FF,FF,FF,FF,FF
70854,7128,0x18F00500,1,8,FF,FF,FF,FF,20,2D,FF,FF
70855,7129,0x18FEF200,1,8,1C,00,00,00,00,00,00,FF
70862,7130,0xCF00400,1,8,FF,FF,FF,3E,47,FF,FF,FF
70863,7131,0xCFF6600,1,8,E7,08,FF,FF,FF,FF,FF,FF
70882,7132,0xCF00400,1,8,FF,FF,FF,EE,46,FF,FF,FF
70883,7133,0xCFF6600,1,8,DD,08,FF,FF,FF,FF,FF,FF
70883,7134,0x1CEBFF00,1,8,01,40,FF,0F,F0,E5,01,02
70902,7135,0xCF00400,1,8,FF,FF,FF,5E,47,FF,FF,FF
70903,7136,0xCFF6600,1,8,EB,08,FF,FF,FF,FF,FF,FF
70922,7137,0xCF00400,1,8,FF,FF,FF,5C,48,FF,FF,FF
70923,7138,0xCFF6600,1,8,0B,09,FF,FF,FF,FF,FF,FF
70932,7139,0x1CEBFF00,1,8,02,F0,E3,02,6E,00,03,01
70943,7140,0xCF00400,1,8,FF,FF,FF,E6,48,FF,FF,FF
70943,7141,0xCFF6600,1,8,1C,09,FF,FF,FF,FF,FF,FF
70953,7142,0x18FEF100,1,8,3F,00,00,FF,FF,FF,FF,FF
70953,7143,0x10FF6500,1,8,FC,FF,FF,FF,FF,FF,FF,FF
70954,7144,0x18F00500,1,8,FF,FF,FF,FF,20,2D,FF,FF
70955,7145,0x18FEF200,1,8,1C,00,00,00,00,00,00,FF
70962,7146,0xCF00400,1,8,FF,FF,FF,E6,48,FF,FF,FF
70963,7147,0xCFF6600,1,8,1C,09,FF,FF,FF,FF,FF,FF
70982,7148,0xCF00400,1,8,FF,FF,FF,26,49,FF,FF,FF
70983,7149,0xCFF6600,1,8,24,09,FF,FF,FF,FF,FF,FF
71002,7150,0xCF00400,1,8,FF,FF,FF,46,49,FF,FF,FF
71003,7151,0xCFF6600,1,8,28,09,FF,FF,FF,FF,FF,FF
71022,7152,0xCF00400,1,8,FF,FF,FF,4E,49,FF,FF,FF
71023,7153,0xCFF6600,1,8,29,09,FF,FF,FF,FF,FF,FF
71042,7154,0xCF00400,1,8,FF,FF,FF,4E,49,FF,FF,FF
71043,7155,0xCFF6600,1,8,29,09,FF,FF,FF,FF,FF,FF
71053,7156,0x18FEF100,1,8,3F,00,00,FF,FF,FF,FF,FF
71054,7157,0x18F00500,1,8,FF,FF,FF,FF,20,2D,FF,FF
71054,7158,0x18FEF200,1,8,1C,00,00,00,00,00,00,FF
71062,7159,0xCF00400,1,8,FF,FF,FF,38,49,FF,FF,FF
71063,7160,0xCFF6600,1,8,27,09,FF,FF,FF,FF,FF,FF
71082,7161,0xCF00400,1,8,FF,FF,FF,0A,49,FF,FF,FF
71083,7162,0xCFF6600,1,8,21,09,FF,FF,FF,FF,FF,FF
71102,7163,0xCF00400,1,8,FF,FF,FF,44,49,FF,FF,FF
71103,7164,0xCFF6600,1,8,28,09,FF,FF,FF,FF,FF,FF
71123,7165,0xCF00400,1,8,FF,FF,FF,D0,49,FF,FF,FF
71123,7166,0xCFF6600,1,8,3A,09,FF,FF,FF,FF,FF,FF
71142,7167,0xCF00400,1,8,FF,FF,FF,D0,49,FF,FF,FF
71143,7168,0xCFF6600,1,8,3A,09,FF,FF,FF,FF,FF,FF
71153,7169,0x18FEF100,1,8,3F,00,00,FF,FF,FF,FF,FF
71154,7170,0x10FF6500,1,8,FC,FF,FF,FF,FF,FF,FF,FF
71154,7171,0x18F00500,1,8,FF,FF,FF,FF,20,2D,FF,FF
71155,7172,0x18F00600,1,8,FF,FF,FF,FF,FF,FF,FF,FF
71155,7173,0x18FEF200,1,8,1C,00,00,00,00,00,00,FF
71156,7174,0x1CFDDF00,1,8,FE,FF,FF,FF,FF,FF,FF,FF
71157,7175,0x1CFF6A00,1,8,FC,FF,FF,FF,FF,FF,FF,FF
71162,7176,0xCF00400,1,8,FF,FF,FF,26,4A,FF,FF,FF
71163,7177,0xCFF6600,1,8,44,09,FF,FF,FF,FF,FF,FF
71182,7178,0xCF00400,1,8,FF,FF,FF,58,4A,FF,FF,FF
71183,7179,0xCFF6600,1,8,4B,09,FF,FF,FF,FF,FF,FF
71202,7180,0xCF00400,1,8,FF,FF,FF,5A,4A,FF,FF,FF
71203,7181,0xCFF6600,1,8,4B,09,FF,FF,FF,FF,FF,FF
71223,7182,0xCF00400,1,8,FF,FF,FF,2E,4A,FF,FF,FF
71223,7183,0xCFF6600,1,8,45,09,FF,FF,FF,FF,FF,FF
71242,7184,0xCF00400,1,8,FF,FF,FF,2E,4A,FF,FF,FF
71243,7185,0xCFF6600,1,8,45,09,FF,FF,FF,FF,FF,FF
71253,7186,0x18FEF100,1,8,3F,00,00,FF,FF,FF,FF,FF
71254,7187,0x18F00500,1,8,FF,FF,FF,FF,20,2D,FF,FF
71254,7188,0x18FEF200,1,8,1C,00,00,00,00,00,00,FF
71262,7189,0xCF00400,1,8,FF,FF,FF,B0,49,FF,FF,FF
71263,7190,0xCFF6600,1,8,36,09,FF,FF,FF,FF,FF,FF
71282,7191,0xCF00400,1,8,FF,FF,FF,FC,48,FF,FF,FF
71283,7192,0xCFF6600,1,8,1F,09,FF,FF,FF,FF,FF,FF
71302,7193,0xCF00400,1,8,FF,FF,FF,D0,48,FF,FF,FF
71303,7194,0xCFF6600,1,8,1A,09,FF,FF,FF,FF,FF,FF
71322,7195,0xCF00400,1,8,FF,FF,FF,D0,48,FF,FF,FF
71323,7196,0xCFF6600,1,8,1A,09,FF,FF,FF,FF,FF,FF
71342,7197,0xCF00400,1,8,FF,FF,FF,0A,49,FF,FF,FF
71343,7198,0xCFF6600,1,8,21,09,FF,FF,FF,FF,FF,FF
71353,7199,0x18FEF100,1,8,3F,00,00,FF,FF,FF,FF,FF
71354,7200,0x10FF6500,1,8,FC,FF,FF,FF,FF,FF,FF,FF
71354,7201,0x18F00500,1,8,FF,FF,FF,FF,20,2D,FF,FF
71355,7202,0x18FEF200,1,8,1C,00,00,00,00,00,00,FF
71362,7203,0xCF00400,1,8,FF,FF,FF,2C,49,FF,FF,FF
71363,7204,0xCFF6600,1,8,25,09,FF,FF,FF,FF,FF,FF
71382,7205,0xCF00400,1,8,FF,FF,FF,3E,49,FF,FF,FF
71383,7206,0xCFF6600,1,8,27,09,FF,FF,FF,FF,FF,FF
71403,7207,0xCF00400,1,8,FF,FF,FF,EA,48,FF,FF,FF
71403,7208,0xCFF6600,1,8,1D,09,FF,FF,FF,FF,FF,FF
71422,7209,0xCF00400,1,8,FF,FF,FF,EA,48,FF,FF,FF
71423,7210,0xCFF6600,1,8,1D,09,FF,FF,FF,FF,FF,FF
71442,7211,0xCF00400,1,8,FF,FF,FF,44,48,FF,FF,FF
71443,7212,0xCFF6600,1,8,08,09,FF,FF,FF,FF,FF,FF
71453,7213,0x18FEF100,1,8,3F,00,00,FF,FF,FF,FF,FF
71454,7214,0x18F00500,1,8,FF,FF,FF,FF,20,2D,FF,FF
71454,7215,0x18FEF200,1,8,1C,00,00,00,00,00,00,FF
71462,7216,0xCF00400,1,8,FF,FF,FF,6A,47,FF,FF,FF
71463,7217,0xCFF6600,1,8,ED,08,FF,FF,FF,FF,FF,FF
71483,7218,0xCF00400,1,8,FF,FF,FF,6E,46,FF,FF,FF
71483,7219,0xCFF6600,1,8,CD,08,FF,FF,FF,FF,FF,FF
71502,7220,0xCF00400,1,8,FF,FF,FF,6E,46,FF,FF,FF
71503,7221,0xCFF6600,1,8,CD,08,FF,FF,FF,FF,FF,FF
71522,7222,0xCF00400,1,8,FF,FF,FF,18,46,FF,FF,FF
71523,7223,0xCFF6600,1,8,C3,08,FF,FF,FF,FF,FF,FF
71542,7224,0xCF00400,1,8,FF,FF,FF,4A,46,FF,FF,FF
71543,7225,0xCFF6600,1,8,C9,08,FF,FF,FF,FF,FF,FF
71553,7226,0x18FEF100,1,8,3F,00,00,FF,FF,FF,FF,FF
71553,7227,0x10FF6500,1,8,FC,FF,FF,FF,FF,FF,FF,FF
71554,7228,0x18F00500,1,8,FF,FF,FF,FF,20,2D,FF,FF
71555,7229,0x18FEF200,1,8,1C,00,00,00,00,00,00,FF
71562,7230,0xCF00400,1,8,FF,FF,FF,80,46,FF,FF,FF
71563,7231,0xCFF6600,1,8,D0,08,FF,FF,FF,FF,FF,FF
71582,7232,0xCF00400,1,8,FF,FF,FF,80,46,FF,FF,FF
71583,7233,0xCFF6600,1,8,D0,08,FF,FF,FF,FF,FF,FF
71602,7234,0xCF00400,1,8,FF,FF,FF,C4,46,FF,FF,FF
71603,7235,0xCFF6600,1,8,D8,08,FF,FF,FF,FF,FF,FF
71622,7236,0xCF00400,1,8,FF,FF,FF,F0,46,FF,FF,FF
71623,7237,0xCFF6600,1,8,DE,08,FF,FF,FF,FF,FF,FF
71642,7238,0xCF00400,1,8,FF,FF,FF,04,47,FF,FF,FF
71643,7239,0xCFF6600,1,8,E0,08,FF,FF,FF,FF,FF,FF
71653,7240,0x18FEF100,1,8,3F,00,00,FF,FF,FF,FF,FF
71654,7241,0x18F00500,1,8,FF,FF,FF,FF,20,2D,FF,FF
71654,7242,0x18F00600,1,8,FF,FF,FF,FF,FF,FF,FF,FF
71655,7243,0x18FEF200,1,8,1C,00,00,00,00,00,00,FF
71655,7244,0x1CFDDF00,1,8,FE,FF,FF,FF,FF,FF,FF,FF
71656,7245,0x1CFF6A00,1,8,FC,FF,FF,FF,FF,FF,FF,FF
71662,7246,0xCF00400,1,8,FF,FF,FF,04,47,FF,FF,FF
71663,7247,0xCFF6600,1,8,E0,08,FF,FF,FF,FF,FF,FF
71682,7248,0xCF00400,1,8,FF,FF,FF,00,47,FF,FF,FF
71683,7249,0xCFF6600,1,8,E0,08,FF,FF,FF,FF,FF,FF
71702,7250,0xCF00400,1,8,FF,FF,FF,E4,46,FF,FF,FF
71703,7251,0xCFF6600,1,8,DC,08,FF,FF,FF,FF,FF,FF
71722,7252,0xCF00400,1,8,FF,FF,FF,1C,47,FF,FF,FF
71723,7253,0xCFF6600,1,8,E3,08,FF,FF,FF,FF,FF,FF
71742,7254,0xCF00400,1,8,FF,FF,FF,1C,47,FF,FF,FF
71743,7255,0xCFF6600,1,8,E3,08,FF,FF,FF,FF,FF,FF
71753,7256,0x18FEF100,1,8,3F,00,00,FF,FF,FF,FF,FF
71754,7257,0x10FF6500,1,8,FC,FF,FF,FF,FF,FF,FF,FF
71754,7258,0x18F00500,1,8,FF,FF,FF,FF,20,2D,FF,FF
71755,7259,0x18FEF200,1,8,1C,00,00,00,00,00,00,FF
71762,7260,0xCF00400,1,8,FF,FF,FF,9C,47,FF,FF,FF
71763,7261,0xCFF6600,1,8,F3,08,FF,FF,FF,FF,FF,FF
71782,7262,0xCF00400,1,8,FF,FF,FF,0C,48,FF,FF,FF
71783,7263,0xCFF6600,1,8,01,09,FF,FF,FF,FF,FF,FF
71802,7264,0xCF00400,1,8,FF,FF,FF,70,48,FF,FF,FF
71803,7265,0xCFF6600,1,8,0E,09,FF,FF,FF,FF,FF,FF
71812,7266,0x18FEEE00,1,8,44,FF,FF,FF,FF,FF,FF,FF
71812,7267,0x18FDE500,1,8,0A,14,1E,28,32,3C,46,13
71822,7268,0xCF00400,1,8,FF,FF,FF,70,48,FF,FF,FF
71823,7269,0xCFF6600,1,8,0E,09,FF,FF,FF,FF,FF,FF
71832,7270,0x1CECFF00,1,8,20,0E,00,02,FF,CA,FE,00
71842,7271,0xCF00400,1,8,FF,FF,FF,70,48,FF,FF,FF
71843,7272,0xCFF6600,1,8,0E,09,FF,FF,FF,FF,FF,FF
71853,7273,0x18FEF100,1,8,3F,00,00,FF,FF,FF,FF,FF
71854,7274,0x18F00500,1,8,FF,FF,FF,FF,20,2D,FF,FF
71854,7275,0x18FEF200,1,8,1C,00,00,00,00,00,00,FF
71862,7276,0xCF00400,1,8,FF,FF,FF,26,48,FF,FF,FF
71863,7277,0xCFF6600,1,8,04,09,FF,FF,FF,FF,FF,FF
71882,7278,0xCF00400,1,8,FF,FF,FF,56,48,FF,FF,FF
71883,7279,0xCFF6600,1,8,0A,09,FF,FF,FF,FF,FF,FF
71883,7280,0x1CEBFF00,1,8,01,40,FF,0F,F0,E5,01,02
71902,7281,0xCF00400,1,8,FF,FF,FF,E6,48,FF,FF,FF
71903,7282,0xCFF6600,1,8,1C,09,FF,FF,FF,FF,FF,FF
71922,7283,0xCF00400,1,8,FF,FF,FF,E6,48,FF,FF,FF
71923,7284,0xCFF6600,1,8,1C,09,FF,FF,FF,FF,FF,FF
71932,7285,0x1CEBFF00,1,8,02,F0,E3,02,6E,00,03,01
71942,7286,0xCF00400,1,8,FF,FF,FF,DA,48,FF,FF,FF
71943,7287,0xCFF6600,1,8,1B,09,FF,FF,FF,FF,FF,FF
71954,7288,0x18FEF100,1,8,3F,00,00,FF,FF,FF,FF,FF
71954,7289,0x10FF6500,1,8,FC,FF,FF,FF,FF,FF,FF,FF
71955,7290,0x18F00500,1,8,FF,FF,FF,FF,20,2D,FF,FF
71955,7291,0x18FEF200,1,8,1C,00,00,00,00,00,00,FF
71962,7292,0xCF00400,1,8,FF,FF,FF,48,48,FF,FF,FF
71963,7293,0xCFF6600,1,8,09,09,FF,FF,FF,FF,FF,FF
71982,7294,0xCF00400,1,8,FF,FF,FF,E0,47,FF,FF,FF
71983,7295,0xCFF6600,1,8,FC,08,FF,FF,FF,FF,FF,FF
72002,7296,0xCF00400,1,8,FF,FF,FF,E0,47,FF,FF,FF
72003,7297,0xCFF6600,1,8,FC,08,FF,FF,FF,FF,FF,FF
72022,7298,0xCF00400,1,8,FF,FF,FF,A0,47,FF,FF,FF
72023,7299,0xCFF6600,1,8,F4,08,FF,FF,FF,FF,FF,FF
72042,7300,0xCF00400,1,8,FF,FF,FF,48,47,FF,FF,FF
72043,7301,0xCFF6600,1,8,E9,08,FF,FF,FF,FF,FF,FF
72053,7302,0x18FEF100,1,8,3F,00,00,FF,FF,FF,FF,FF
72054,7303,0x18F00500,1,8,FF,FF,FF,FF,20,2D,FF,FF
72054,7304,0x18FEF200,1,8,1C,00,00,00,00,00,00,FF
72062,7305,0xCF00400,1,8,FF,FF,FF,DE,46,FF,FF,FF
72063,7306,0xCFF6600,1,8,DB,08,FF,FF,FF,FF,FF,FF
72082,7307,0xCF00400,1,8,FF,FF,FF,DE,46,FF,FF,FF
72083,7308,0xCFF6600,1,8,DB,08,FF,FF,FF,FF,FF,FF
72102,7309,0xCF00400,1,8,FF,FF,FF,B4,46,FF,FF,FF
72103,7310,0xCFF6600,1,8,D6,08,FF,FF,FF,FF,FF,FF
72122,7311,0xCF00400,1,8,FF,FF,FF,C0,46,FF,FF,FF
72123,7312,0xCFF6600,1,8,D8,08,FF,FF,FF,FF,FF,FF
72142,7313,0xCF00400,1,8,FF,FF,FF,DE,46,FF,FF,FF
72143,7314,0xCFF6600,1,8,DB,08,FF,FF,FF,FF,FF,FF
72153,7315,0x18FEF100,1,8,3F,00,00,FF,FF,FF,FF,FF
72153,7316,0x18F00500,1,8,FF,FF,FF,FF,20,2D,FF,FF
72154,7317,0x10FF6500,1,8,FC,FF,FF,FF,FF,FF,FF,FF
72155,7318,0x18F00600,1,8,FF,FF,FF,FF,FF,FF,FF,FF
72155,7319,0x18FEF200,1,8,1C,00,00,00,00,00,00,FF
72156,7320,0x1CFDDF00,1,8,FE,FF,FF,FF,FF,FF,FF,FF
72156,7321,0x1CFF6A00,1,8,FC,FF,FF,FF,FF,FF,FF,FF
72162,7322,0xCF00400,1,8,FF,FF,FF,DE,46,FF,FF,FF
72163,7323,0xCFF6600,1,8,DB,08,FF,FF,FF,FF,FF,FF
72182,7324,0xCF00400,1,8,FF,FF,FF,08,47,FF,FF,FF
72183,7325,0xCFF6600,1,8,E1,08,FF,FF,FF,FF,FF,FF
72202,7326,0xCF00400,1,8,FF,FF,FF,3C,47,FF,FF,FF
72203,7327,0xCFF6600,1,8,E7,08,FF,FF,FF,FF,FF,FF
72222,7328,0xCF00400,1,8,FF,FF,FF,76,47,FF,FF,FF
72223,7329,0xCFF6600,1,8,EE,08,FF,FF,FF,FF,FF,FF
72243,7330,0xCF00400,1,8,FF,FF,FF,CA,47,FF,FF,FF
72243,7331,0xCFF6600,1,8,F9,08,FF,FF,FF,FF,FF,FF
72253,7332,0x18FEF100,1,8,3F,00,00,FF,FF,FF,FF,FF
72254,7333,0x18F00500,1,8,FF,FF,FF,FF,20,2D,FF,FF
72254,7334,0x18FEF200,1,8,1C,00,00,00,00,00,00,FF
72262,7335,0xCF00400,1,8,FF,FF,FF,CA,47,FF,FF,FF
72263,7336,0xCFF6600,1,8,F9,08,FF,FF,FF,FF,FF,FF
72282,7337,0xCF00400,1,8,FF,FF,FF,3A,48,FF,FF,FF
72283,7338,0xCFF6600,1,8,07,09,FF,FF,FF,FF,FF,FF
72302,7339,0xCF00400,1,8,FF,FF,FF,64,48,FF,FF,FF
72303,7340,0xCFF6600,1,8,0C,09,FF,FF,FF,FF,FF,FF
72322,7341,0xCF00400,1,8,FF,FF,FF,58,48,FF,FF,FF
72323,7342,0xCFF6600,1,8,0B,09,FF,FF,FF,FF,FF,FF
72342,7343,0xCF00400,1,8,FF,FF,FF,58,48,FF,FF,FF
72343,7344,0xCFF6600,1,8,0B,09,FF,FF,FF,FF,FF,FF
72353,7345,0x18FEF100,1,8,3F,00,00,FF,FF,FF,FF,FF
72353,7346,0x18F00500,1,8,FF,FF,FF,FF,20,2D,FF,FF
72354,7347,0x10FF6500,1,8,FC,FF,FF,FF,FF,FF,FF,FF
72355,7348,0x18FEF200,1,8,1C,00,00,00,00,00,00,FF
72362,7349,0xCF00400,1,8,FF,FF,FF,84,48,FF,FF,FF
72363,7350,0xCFF6600,1,8,10,09,FF,FF,FF,FF,FF,FF
72382,7351,0xCF00400,1,8,FF,FF,FF,D8,48,FF,FF,FF
72383,7352,0xCFF6600,1,8,1B,09,FF,FF,FF,FF,FF,FF
72402,7353,0xCF00400,1,8,FF,FF,FF,2A,49,FF,FF,FF
72403,7354,0xCFF6600,1,8,25,09,FF,FF,FF,FF,FF,FF
72422,7355,0xCF00400,1,8,FF,FF,FF,2A,49,FF,FF,FF
72423,7356,0xCFF6600,1,8,25,09,FF,FF,FF,FF,FF,FF
72442,7357,0xCF00400,1,8,FF,FF,FF,7A,49,FF,FF,FF
72443,7358,0xCFF6600,1,8,2F,09,FF,FF,FF,FF,FF,FF
72453,7359,0x18FEF100,1,8,3F,00,00,FF,FF,FF,FF,FF
72454,7360,0x18F00500,1,8,FF,FF,FF,FF,20,2D,FF,FF
72454,7361,0x18FEF200,1,8,1C,00,00,00,00,00,00,FF
72462,7362,0xCF00400,1,8,FF,FF,FF,E4,49,FF,FF,FF
72463,7363,0xCFF6600,1,8,3C,09,FF,FF,FF,FF,FF,FF
72482,7364,0xCF00400,1,8,FF,FF,FF,66,4A,FF,FF,FF
72483,7365,0xCFF6600,1,8,4C,09,FF,FF,FF,FF,FF,FF
72502,7366,0xCF00400,1,8,FF,FF,FF,AA,4A,FF,FF,FF
72503,7367,0xCFF6600,1,8,55,09,FF,FF,FF,FF,FF,FF
72522,7368,0xCF00400,1,8,FF,FF,FF,AA,4A,FF,FF,FF
72523,7369,0xCFF6600,1,8,55,09,FF,FF,FF,FF,FF,FF
72542,7370,0xCF00400,1,8,FF,FF,FF,B8,4A,FF,FF,FF
72543,7371,0xCFF6600,1,8,57,09,FF,FF,FF,FF,FF,FF
72553,7372,0x18FEF100,1,8,3F,00,00,FF,FF,FF,FF,FF
72553,7373,0x18F00500,1,8,FF,FF,FF,FF,20,2D,FF,FF
72554,7374,0x10FF6500,1,8,FC,FF,FF,FF,FF,FF,FF,FF
72555,7375,0x18FEF200,1,8,1C,00,00,00,00,00,00,FF
72562,7376,0xCF00400,1,8,FF,FF,FF,58,4A,FF,FF,FF
72563,7377,0xCFF6600,1,8,4B,09,FF,FF,FF,FF,FF,FF
72582,7378,0xCF00400,1,8,FF,FF,FF,9C,49,FF,FF,FF
72583,7379,0xCFF6600,1,8,33,09,FF,FF,FF,FF,FF,FF
72602,7380,0xCF00400,1,8,FF,FF,FF,6A,49,FF,FF,FF
72603,7381,0xCFF6600,1,8,2D,09,FF,FF,FF,FF,FF,FF
72622,7382,0xCF00400,1,8,FF,FF,FF,6A,49,FF,FF,FF
72623,7383,0xCFF6600,1,8,2D,09,FF,FF,FF,FF,FF,FF
72642,7384,0xCF00400,1,8,FF,FF,FF,A6,49,FF,FF,FF
72643,7385,0xCFF6600,1,8,34,09,FF,FF,FF,FF,FF,FF
72653,7386,0x18FEF100,1,8,3F,00,00,FF,FF,FF,FF,FF
72654,7387,0x18F00500,1,8,FF,FF,FF,FF,20,2D,FF,FF
72654,7388,0x18F00600,1,8,FF,FF,FF,FF,FF,FF,FF,FF
72655,7389,0x18FEF200,1,8,1C,00,00,00,00,00,00,FF
72655,7390,0x1CFDDF00,1,8,FE,FF,FF,FF,FF,FF,FF,FF
72656,7391,0x1CFF6A00,1,8,FC,FF,FF,FF,FF,FF,FF,FF
72662,7392,0xCF00400,1,8,FF,FF,FF,A8,49,FF,FF,FF
72663,7393,0xCFF6600,1,8,35,09,FF,FF,FF,FF,FF,FF
72682,7394,0xCF00400,1,8,FF,FF,FF,86,49,FF,FF,FF
72683,7395,0xCFF6600,1,8,30,09,FF,FF,FF,FF,FF,FF
72703,7396,0xCF00400,1,8,FF,FF,FF,6C,49,FF,FF,FF
72703,7397,0xCFF6600,1,8,2D,09,FF,FF,FF,FF,FF,FF
72722,7398,0xCF00400,1,8,FF,FF,FF,6C,49,FF,FF,FF
72723,7399,0xCFF6600,1,8,2D,09,FF,FF,FF,FF,FF,FF
72742,7400,0xCF00400,1,8,FF,FF,FF,52,49,FF,FF,FF
72743,7401,0xCFF6600,1,8,2A,09,FF,FF,FF,FF,FF,FF
72753,7402,0x18FEF100,1,8,3F,00,00,FF,FF,FF,FF,FF
72754,7403,0x10FF6500,1,8,FC,FF,FF,FF,FF,FF,FF,FF
72755,7404,0x18F00500,1,8,FF,FF,FF,FF,20,2D,FF,FF
72755,7405,0x18FEF200,1,8,1C,00,00,00,00,00,00,FF
72762,7406,0xCF00400,1,8,FF,FF,FF,FE,48,FF,FF,FF
72763,7407,0xCFF6600,1,8,1F,09,FF,FF,FF,FF,FF,FF
72782,7408,0xCF00400,1,8,FF,FF,FF,7C,48,FF,FF,FF
72783,7409,0xCFF6600,1,8,0F,09,FF,FF,FF,FF,FF,FF
72802,7410,0xCF00400,1,8,FF,FF,FF,7C,48,FF,FF,FF
72803,7411,0xCFF6600,1,8,0F,09,FF,FF,FF,FF,FF,FF
72812,7412,0x18FEEE00,1,8,44,FF,FF,FF,FF,FF,FF,FF
72812,7413,0x18FDE500,1,8,0A,14,1E,28,32,3C,46,13
72822,7414,0xCF00400,1,8,FF,FF,FF,48,48,FF,FF,FF
72823,7415,0xCFF6600,1,8,09,09,FF,FF,FF,FF,FF,FF
72832,7416,0x1CECFF00,1,8,20,0E,00,02,FF,CA,FE,00
72842,7417,0xCF00400,1,8,FF,FF,FF,56,48,FF,FF,FF
72843,7418,0xCFF6600,1,8,0A,09,FF,FF,FF,FF,FF,FF
72853,7419,0x18FEF100,1,8,3F,00,00,FF,FF,FF,FF,FF
72854,7420,0x18F00500,1,8,FF,FF,FF,FF,20,2D,FF,FF
72854,7421,0x18FEF200,1,8,1C,00,00,00,00,00,00,FF
72862,7422,0xCF00400,1,8,FF,FF,FF,3C,48,FF,FF,FF
72863,7423,0xCFF6600,1,8,07,09,FF,FF,FF,FF,FF,FF
72882,7424,0xCF00400,1,8,FF,FF,FF,3C,48,FF,FF,FF
72883,7425,0xCFF6600,1,8,07,09,FF,FF,FF,FF,FF,FF
72883,7426,0x1CEBFF00,1,8,01,40,FF,0F,F0,E5,01,02
72902,7427,0xCF00400,1,8,FF,FF,FF,04,48,FF,FF,FF
72903,7428,0xCFF6600,1,8,00,09,FF,FF,FF,FF,FF,FF
72922,7429,0xCF00400,1,8,FF,FF,FF,EC,47,FF,FF,FF
72923,7430,0xCFF6600,1,8,FD,08,FF,FF,FF,FF,FF,FF
72932,7431,0x1CEBFF00,1,8,02,F0,E3,02,6E,00,03,01
72942,7432,0xCF00400,1,8,FF,FF,FF,F4,47,FF,FF,FF
72943,7433,0xCFF6600,1,8,FE,08,FF,FF,FF,FF,FF,FF
72953,7434,0x18FEF100,1,8,3F,00,00,FF,FF,FF,FF,FF
72954,7435,0x10FF6500,1,8,FC,FF,FF,FF,FF,FF,FF,FF
72954,7436,0x18F00500,1,8,FF,FF,FF,FF,20,2D,FF,FF
72955,7437,0x18FEF200,1,8,1C,00,00,00,00,00,00,FF
72962,7438,0xCF00400,1,8,FF,FF,FF,E4,47,FF,FF,FF
72963,7439,0xCFF6600,1,8,FC,08,FF,FF,FF,FF,FF,FF
72982,7440,0xCF00400,1,8,FF,FF,FF,E4,47,FF,FF,FF
72983,7441,0xCFF6600,1,8,FC,08,FF,FF,FF,FF,FF,FF
73002,7442,0xCF00400,1,8,FF,FF,FF,B4,47,FF,FF,FF
73003,7443,0xCFF6600,1,8,F6,08,FF,FF,FF,FF,FF,FF
73022,7444,0xCF00400,1,8,FF,FF,FF,C2,47,FF,FF,FF
73023,7445,0xCFF6600,1,8,F8,08,FF,FF,FF,FF,FF,FF
73042,7446,0xCF00400,1,8,FF,FF,FF,FC,47,FF,FF,FF
73043,7447,0xCFF6600,1,8,FF,08,FF,FF,FF,FF,FF,FF
73053,7448,0x18FEF100,1,8,3F,00,00,FF,FF,FF,FF,FF
73054,7449,0x18F00500,1,8,FF,FF,FF,FF,20,2D,FF,FF
73055,7450,0x18FEF200,1,8,1C,00,00,00,00,00,00,FF
73062,7451,0xCF00400,1,8,FF,FF,FF,FC,47,FF,FF,FF
73063,7452,0xCFF6600,1,8,FF,08,FF,FF,FF,FF,FF,FF
73082,7453,0xCF00400,1,8,FF,FF,FF,18,48,FF,FF,FF
73083,7454,0xCFF6600,1,8,03,09,FF,FF,FF,FF,FF,FF
73102,7455,0xCF00400,1,8,FF,FF,FF,1A,48,FF,FF,FF
73103,7456,0xCFF6600,1,8,03,09,FF,FF,FF,FF,FF,FF
73122,7457,0xCF00400,1,8,FF,FF,FF,44,48,FF,FF,FF
73123,7458,0xCFF6600,1,8,08,09,FF,FF,FF,FF,FF,FF
73142,7459,0xCF00400,1,8,FF,FF,FF,44,48,FF,FF,FF
73143,7460,0xCFF6600,1,8,08,09,FF,FF,FF,FF,FF,FF
73153,7461,0x18FEF100,1,8,3F,00,00,FF,FF,FF,FF,FF
73153,7462,0x10FF6500,1,8,FC,FF,FF,FF,FF,FF,FF,FF
73154,7463,0x18F00500,1,8,FF,FF,FF,FF,20,2D,FF,FF
73155,7464,0x18F00600,1,8,FF,FF,FF,FF,FF,FF,FF,FF
73155,7465,0x18FEF200,1,8,1C,00,00,00,00,00,00,FF
73156,7466,0x1CFDDF00,1,8,FE,FF,FF,FF,FF,FF,FF,FF
73156,7467,0x1CFF6A00,1,8,FC,FF,FF,FF,FF,FF,FF,FF
73162,7468,0xCF00400,1,8,FF,FF,FF,8E,48,FF,FF,FF
73163,7469,0xCFF6600,1,8,11,09,FF,FF,FF,FF,FF,FF
73182,7470,0xCF00400,1,8,FF,FF,FF,E0,48,FF,FF,FF
73183,7471,0xCFF6600,1,8,1C,09,FF,FF,FF,FF,FF,FF
73202,7472,0xCF00400,1,8,FF,FF,FF,32,49,FF,FF,FF
73203,7473,0xCFF6600,1,8,26,09,FF,FF,FF,FF,FF,FF
73222,7474,0xCF00400,1,8,FF,FF,FF,46,49,FF,FF,FF
73223,7475,0xCFF6600,1,8,28,09,FF,FF,FF,FF,FF,FF
73242,7476,0xCF00400,1,8,FF,FF,FF,46,49,FF,FF,FF
73243,7477,0xCFF6600,1,8,28,09,FF,FF,FF,FF,FF,FF
73253,7478,0x18FEF100,1,8,3F,00,00,FF,FF,FF,FF,FF
73254,7479,0x18F00500,1,8,FF,FF,FF,FF,20,2D,FF,FF
73254,7480,0x18FEF200,1,8,1C,00,00,00,00,00,00,FF
73262,7481,0xCF00400,1,8,FF,FF,FF,34,49,FF,FF,FF
73263,7482,0xCFF6600,1,8,26,09,FF,FF,FF,FF,FF,FF
73282,7483,0xCF00400,1,8,FF,FF,FF,80,49,FF,FF,FF
73283,7484,0xCFF6600,1,8,30,09,FF,FF,FF,FF,FF,FF
73302,7485,0xCF00400,1,8,FF,FF,FF,0A,4A,FF,FF,FF
73303,7486,0xCFF6600,1,8,41,09,FF,FF,FF,FF,FF,FF
73322,7487,0xCF00400,1,8,FF,FF,FF,8C,4A,FF,FF,FF
73323,7488,0xCFF6600,1,8,51,09,FF,FF,FF,FF,FF,FF
73342,7489,0xCF00400,1,8,FF,FF,FF,8C,4A,FF,FF,FF
73343,7490,0xCFF6600,1,8,51,09,FF,FF,FF,FF,FF,FF
73353,7491,0x18FEF100,1,8,3F,00,00,FF,FF,FF,FF,FF
73354,7492,0x10FF6500,1,8,FC,FF,FF,FF,FF,FF,FF,FF
73354,7493,0x18F00500,1,8,FF,FF,FF,FF,20,2D,FF,FF
73355,7494,0x18FEF200,1,8,1C,00,00,00,00,00,00,FF
73362,7495,0xCF00400,1,8,FF,FF,FF,0E,4B,FF,FF,FF
73363,7496,0xCFF6600,1,8,61,09,FF,FF,FF,FF,FF,FF
73382,7497,0xCF00400,1,8,FF,FF,FF,6C,4A,FF,FF,FF
73383,7498,0xCFF6600,1,8,4D,09,FF,FF,FF,FF,FF,FF
73402,7499,0xCF00400,1,8,FF,FF,FF,D6,48,FF,FF,FF
73403,7500,0xCFF6600,1,8,1A,09,FF,FF,FF,FF,FF,FF
73422,7501,0xCF00400,1,8,FF,FF,FF,D6,48,FF,FF,FF
73423,7502,0xCFF6600,1,8,1A,09,FF,FF,FF,FF,FF,FF
73442,7503,0xCF00400,1,8,FF,FF,FF,92,47,FF,FF,FF
73443,7504,0xCFF6600,1,8,F2,08,FF,FF,FF,FF,FF,FF
73453,7505,0x18FEF100,1,8,3F,00,00,FF,FF,FF,FF,FF
73454,7506,0x18F00500,1,8,FF,FF,FF,FF,20,2D,FF,FF
73454,7507,0x18FEF200,1,8,1C,00,00,00,00,00,00,FF
73462,7508,0xCF00400,1,8,FF,FF,FF,9E,46,FF,FF,FF
73463,7509,0xCFF6600,1,8,D3,08,FF,FF,FF,FF,FF,FF
73482,7510,0xCF00400,1,8,FF,FF,FF,7A,46,FF,FF,FF
73483,7511,0xCFF6600,1,8,CF,08,FF,FF,FF,FF,FF,FF
73502,7512,0xCF00400,1,8,FF,FF,FF,7A,46,FF,FF,FF
73503,7513,0xCFF6600,1,8,CF,08,FF,FF,FF,FF,FF,FF
73522,7514,0xCF00400,1,8,FF,FF,FF,00,47,FF,FF,FF
73523,7515,0xCFF6600,1,8,E0,08,FF,FF,FF,FF,FF,FF
73542,7516,0xCF00400,1,8,FF,FF,FF,72,47,FF,FF,FF
73543,7517,0xCFF6600,1,8,EE,08,FF,FF,FF,FF,FF,FF
73553,7518,0x18FEF100,1,8,3F,00,00,FF,FF,FF,FF,FF
73553,7519,0x18F00500,1,8,FF,FF,FF,FF,20,2D,FF,FF
73554,7520,0x10FF6500,1,8,FC,FF,FF,FF,FF,FF,FF,FF
73555,7521,0x18FEF200,1,8,1C,00,00,00,00,00,00,FF
73562,7522,0xCF00400,1,8,FF,FF,FF,D6,47,FF,FF,FF
73563,7523,0xCFF6600,1,8,FA,08,FF,FF,FF,FF,FF,FF
73583,7524,0xCF00400,1,8,FF,FF,FF,6C,48,FF,FF,FF
73583,7525,0xCFF6600,1,8,0D,09,FF,FF,FF,FF,FF,FF
73602,7526,0xCF00400,1,8,FF,FF,FF,6C,48,FF,FF,FF
73603,7527,0xCFF6600,1,8,0D,09,FF,FF,FF,FF,FF,FF
73622,7528,0xCF00400,1,8,FF,FF,FF,26,49,FF,FF,FF
73623,7529,0xCFF6600,1,8,24,09,FF,FF,FF,FF,FF,FF
73642,7530,0xCF00400,1,8,FF,FF,FF,7A,49,FF,FF,FF
73643,7531,0xCFF6600,1,8,2F,09,FF,FF,FF,FF,FF,FF
73653,7532,0x18FEF100,1,8,3F,00,00,FF,FF,FF,FF,FF
73654,7533,0x18F00500,1,8,FF,FF,FF,FF,20,2D,FF,FF
73654,7534,0x18F00600,1,8,FF,FF,FF,FF,FF,FF,FF,FF
73655,7535,0x18FEF200,1,8,1C,00,00,00,00,00,00,FF
73656,7536,0x1CFDDF00,1,8,FE,FF,FF,FF,FF,FF,FF,FF
73656,7537,0x1CFF6A00,1,8,FC,FF,FF,FF,FF,FF,FF,FF
73662,7538,0xCF00400,1,8,FF,FF,FF,84,49,FF,FF,FF
73663,7539,0xCFF6600,1,8,30,09,FF,FF,FF,FF,FF,FF
73682,7540,0xCF00400,1,8,FF,FF,FF,84,49,FF,FF,FF
73683,7541,0xCFF6600,1,8,30,09,FF,FF,FF,FF,FF,FF
73702,7542,0xCF00400,1,8,FF,FF,FF,52,49,FF,FF,FF
73703,7543,0xCFF6600,1,8,2A,09,FF,FF,FF,FF,FF,FF
73722,7544,0xCF00400,1,8,FF,FF,FF,F2,48,FF,FF,FF
73723,7545,0xCFF6600,1,8,1E,09,FF,FF,FF,FF,FF,FF
73742,7546,0xCF00400,1,8,FF,FF,FF,72,48,FF,FF,FF
73743,7547,0xCFF6600,1,8,0E,09,FF,FF,FF,FF,FF,FF
73753,7548,0x18FEF100,1,8,3F,00,00,FF,FF,FF,FF,FF
73753,7549,0x10FF6500,1,8,FC,FF,FF,FF,FF,FF,FF,FF
73754,7550,0x18F00500,1,8,FF,FF,FF,FF,20,2D,FF,FF
73755,7551,0x18FEF200,1,8,1C,00,00,00,00,00,00,FF
73763,7552,0xCF00400,1,8,FF,FF,FF,CC,47,FF,FF,FF
73763,7553,0xCFF6600,1,8,F9,08,FF,FF,FF,FF,FF,FF
73782,7554,0xCF00400,1,8,FF,FF,FF,CC,47,FF,FF,FF
73783,7555,0xCFF6600,1,8,F9,08,FF,FF,FF,FF,FF,FF
73802,7556,0xCF00400,1,8,FF,FF,FF,6A,47,FF,FF,FF
73803,7557,0xCFF6600,1,8,ED,08,FF,FF,FF,FF,FF,FF
73812,7558,0x18FEEE00,1,8,45,FF,FF,FF,FF,FF,FF,FF
73812,7559,0x18FDE500,1,8,0A,14,1E,28,32,3C,46,13
73822,7560,0xCF00400,1,8,FF,FF,FF,46,47,FF,FF,FF
73823,7561,0xCFF6600,1,8,E8,08,FF,FF,FF,FF,FF,FF
73832,7562,0x1CECFF00,1,8,20,0E,00,02,FF,CA,FE,00
73842,7563,0xCF00400,1,8,FF,FF,FF,52,47,FF,FF,FF
73843,7564,0xCFF6600,1,8,EA,08,FF,FF,FF,FF,FF,FF
73853,7565,0x18FEF100,1,8,3F,00,00,FF,FF,FF,FF,FF
73854,7566,0x18F00500,1,8,FF,FF,FF,FF,20,2D,FF,FF
73855,7567,0x18FEF200,1,8,1C,00,00,00,00,00,00,FF
73862,7568,0xCF00400,1,8,FF,FF,FF,52,47,FF,FF,FF
73863,7569,0xCFF6600,1,8,EA,08,FF,FF,FF,FF,FF,FF
73882,7570,0xCF00400,1,8,FF,FF,FF,80,47,FF,FF,FF
73883,7571,0xCFF6600,1,8,F0,08,FF,FF,FF,FF,FF,FF
73883,7572,0x1CEBFF00,1,8,01,40,FF,0F,F0,E5,01,02
73902,7573,0xCF00400,1,8,FF,FF,FF,90,47,FF,FF,FF
73903,7574,0xCFF6600,1,8,F2,08,FF,FF,FF,FF,FF,FF
73922,7575,0xCF00400,1,8,FF,FF,FF,86,47,FF,FF,FF
73923,7576,0xCFF6600,1,8,F0,08,FF,FF,FF,FF,FF,FF
73932,7577,0x1CEBFF00,1,8,02,F0,E3,02,6E,00,03,01
73942,7578,0xCF00400,1,8,FF,FF,FF,86,47,FF,FF,FF
73943,7579,0xCFF6600,1,8,F0,08,FF,FF,FF,FF,FF,FF
73953,7580,0x18FEF100,1,8,3F,00,00,FF,FF,FF,FF,FF
73954,7581,0x10FF6500,1,8,FC,FF,FF,FF,FF,FF,FF,FF
73954,7582,0x18F00500,1,8,FF,FF,FF,FF,20,2D,FF,FF
73955,7583,0x18FEF200,1,8,1C,00,00,00,00,00,00,FF
73962,7584,0xCF00400,1,8,FF,FF,FF,C8,47,FF,FF,FF
73963,7585,0xCFF6600,1,8,F9,08,FF,FF,FF,FF,FF,FF
73982,7586,0xCF00400,1,8,FF,FF,FF,48,48,FF,FF,FF
73983,7587,0xCFF6600,1,8,09,09,FF,FF,FF,FF,FF,FF
74002,7588,0xCF00400,1,8,FF,FF,FF,70,48,FF,FF,FF
74003,7589,0xCFF6600,1,8,0E,09,FF,FF,FF,FF,FF,FF
74022,7590,0xCF00400,1,8,FF,FF,FF,70,48,FF,FF,FF
74023,7591,0xCFF6600,1,8,0E,09,FF,FF,FF,FF,FF,FF
74042,7592,0xCF00400,1,8,FF,FF,FF,54,48,FF,FF,FF
74043,7593,0xCFF6600,1,8,0A,09,FF,FF,FF,FF,FF,FF
74053,7594,0x18FEF100,1,8,3F,00,00,FF,FF,FF,FF,FF
74054,7595,0x18F00500,1,8,FF,FF,FF,FF,20,2D,FF,FF
74054,7596,0x18FEF200,1,8,1C,00,00,00,00,00,00,FF
74062,7597,0xCF00400,1,8,FF,FF,FF,2A,48,FF,FF,FF
74063,7598,0xCFF6600,1,8,05,09,FF,FF,FF,FF,FF,FF
74082,7599,0xCF00400,1,8,FF,FF,FF,F8,47,FF,FF,FF
74083,7600,0xCFF6600,1,8,FF,08,FF,FF,FF,FF,FF,FF
74102,7601,0xCF00400,1,8,FF,FF,FF,08,48,FF,FF,FF
74103,7602,0xCFF6600,1,8,01,09,FF,FF,FF,FF,FF,FF
74122,7603,0xCF00400,1,8,FF,FF,FF,08,48,FF,FF,FF
74123,7604,0xCFF6600,1,8,01,09,FF,FF,FF,FF,FF,FF
74142,7605,0xCF00400,1,8,FF,FF,FF,4C,48,FF,FF,FF
74143,7606,0xCFF6600,1,8,09,09,FF,FF,FF,FF,FF,FF
74153,7607,0x18FEF100,1,8,3F,00,00,FF,FF,FF,FF,FF
74154,7608,0x10FF6500,1,8,FC,FF,FF,FF,FF,FF,FF,FF
74155,7609,0x18F00500,1,8,FF,FF,FF,FF,20,2D,FF,FF
74155,7610,0x18F00600,1,8,FF,FF,FF,FF,FF,FF,FF,FF
74156,7611,0x18FEF200,1,8,1C,00,00,00,00,00,00,FF
74156,7612,0x1CFDDF00,1,8,FE,FF,FF,FF,FF,FF,FF,FF
74157,7613,0x1CFF6A00,1,8,FC,FF,FF,FF,FF,FF,FF,FF
74162,7614,0xCF00400,1,8,FF,FF,FF,46,48,FF,FF,FF
74163,7615,0xCFF6600,1,8,08,09,FF,FF,FF,FF,FF,FF
74182,7616,0xCF00400,1,8,FF,FF,FF,00,48,FF,FF,FF
74183,7617,0xCFF6600,1,8,00,09,FF,FF,FF,FF,FF,FF
74202,7618,0xCF00400,1,8,FF,FF,FF,00,48,FF,FF,FF
74203,7619,0xCFF6600,1,8,00,09,FF,FF,FF,FF,FF,FF
74222,7620,0xCF00400,1,8,FF,FF,FF,DA,47,FF,FF,FF
74223,7621,0xCFF6600,1,8,FB,08,FF,FF,FF,FF,FF,FF
74242,7622,0xCF00400,1,8,FF,FF,FF,D0,47,FF,FF,FF
74243,7623,0xCFF6600,1,8,FA,08,FF,FF,FF,FF,FF,FF
74253,7624,0x18FEF100,1,8,3F,00,00,FF,FF,FF,FF,FF
74254,7625,0x18F00500,1,8,FF,FF,FF,FF,20,2D,FF,FF
74254,7626,0x18FEF200,1,8,1C,00,00,00,00,00,00,FF
74262,7627,0xCF00400,1,8,FF,FF,FF,7A,47,FF,FF,FF
74263,7628,0xCFF6600,1,8,EF,08,FF,FF,FF,FF,FF,FF
74282,7629,0xCF00400,1,8,FF,FF,FF,7A,47,FF,FF,FF
74283,7630,0xCFF6600,1,8,EF,08,FF,FF,FF,FF,FF,FF
74302,7631,0xCF00400,1,8,FF,FF,FF,E2,46,FF,FF,FF
74303,7632,0xCFF6600,1,8,DC,08,FF,FF,FF,FF,FF,FF
74322,7633,0xCF00400,1,8,FF,FF,FF,CA,46,FF,FF,FF
74323,7634,0xCFF6600,1,8,D9,08,FF,FF,FF,FF,FF,FF
74342,7635,0xCF00400,1,8,FF,FF,FF,20,47,FF,FF,FF
74343,7636,0xCFF6600,1,8,E4,08,FF,FF,FF,FF,FF,FF
74353,7637,0x18FEF100,1,8,3F,00,00,FF,FF,FF,FF,FF
74354,7638,0x10FF6500,1,8,FC,FF,FF,FF,FF,FF,FF,FF
74354,7639,0x18F00500,1,8,FF,FF,FF,FF,20,2D,FF,FF
74355,7640,0x18FEF200,1,8,1C,00,00,00,00,00,00,FF
74362,7641,0xCF00400,1,8,FF,FF,FF,20,47,FF,FF,FF
74363,7642,0xCFF6600,1,8,E4,08,FF,FF,FF,FF,FF,FF
74382,7643,0xCF00400,1,8,FF,FF,FF,4E,47,FF,FF,FF
74383,7644,0xCFF6600,1,8,E9,08,FF,FF,FF,FF,FF,FF
74402,7645,0xCF00400,1,8,FF,FF,FF,60,47,FF,FF,FF
74403,7646,0xCFF6600,1,8,EC,08,FF,FF,FF,FF,FF,FF
74422,7647,0xCF00400,1,8,FF,FF,FF,B8,47,FF,FF,FF
74423,7648,0xCFF6600,1,8,F7,08,FF,FF,FF,FF,FF,FF
74442,7649,0xCF00400,1,8,FF,FF,FF,42,48,FF,FF,FF
74443,7650,0xCFF6600,1,8,08,09,FF,FF,FF,FF,FF,FF
74453,7651,0x18FEF100,1,8,3F,00,00,FF,FF,FF,FF,FF
74454,7652,0x18F00500,1,8,FF,FF,FF,FF,20,2D,FF,FF
74454,7653,0x18FEF200,1,8,1C,00,00,00,00,00,00,FF
74462,7654,0xCF00400,1,8,FF,FF,FF,42,48,FF,FF,FF
74463,7655,0xCFF6600,1,8,08,09,FF,FF,FF,FF,FF,FF
74482,7656,0xCF00400,1,8,FF,FF,FF,54,48,FF,FF,FF
74483,7657,0xCFF6600,1,8,0A,09,FF,FF,FF,FF,FF,FF
74502,7658,0xCF00400,1,8,FF,FF,FF,08,48,FF,FF,FF
74503,7659,0xCFF6600,1,8,01,09,FF,FF,FF,FF,FF,FF
74522,7660,0xCF00400,1,8,FF,FF,FF,38,48,FF,FF,FF
74523,7661,0xCFF6600,1,8,07,09,FF,FF,FF,FF,FF,FF
74542,7662,0xCF00400,1,8,FF,FF,FF,38,48,FF,FF,FF
74543,7663,0xCFF6600,1,8,07,09,FF,FF,FF,FF,FF,FF
74553,7664,0x18FEF100,1,8,3F,00,00,FF,FF,FF,FF,FF
74553,7665,0x10FF6500,1,8,FC,FF,FF,FF,FF,FF,FF,FF
74554,7666,0x18F00500,1,8,FF,FF,FF,FF,20,2D,FF,FF
74555,7667,0x18FEF200,1,8,1C,00,00,00,00,00,00,FF
74562,7668,0xCF00400,1,8,FF,FF,FF,D4,48,FF,FF,FF
74563,7669,0xCFF6600,1,8,1A,09,FF,FF,FF,FF,FF,FF
74582,7670,0xCF00400,1,8,FF,FF,FF,10,49,FF,FF,FF
74583,7671,0xCFF6600,1,8,22,09,FF,FF,FF,FF,FF,FF
74602,7672,0xCF00400,1,8,FF,FF,FF,FE,48,FF,FF,FF
74603,7673,0xCFF6600,1,8,1F,09,FF,FF,FF,FF,FF,FF
74623,7674,0xCF00400,1,8,FF,FF,FF,C6,48,FF,FF,FF
74623,7675,0xCFF6600,1,8,18,09,FF,FF,FF,FF,FF,FF
74642,7676,0xCF00400,1,8,FF,FF,FF,C6,48,FF,FF,FF
74643,7677,0xCFF6600,1,8,18,09,FF,FF,FF,FF,FF,FF
74653,7678,0x18FEF100,1,8,3F,00,00,FF,FF,FF,FF,FF
74654,7679,0x18F00500,1,8,FF,FF,FF,FF,20,2D,FF,FF
74654,7680,0x18F00600,1,8,FF,FF,FF,FF,FF,FF,FF,FF
74655,7681,0x18FEF200,1,8,1C,00,00,00,00,00,00,FF
74655,7682,0x1CFDDF00,1,8,FE,FF,FF,FF,FF,FF,FF,FF
74656,7683,0x1CFF6A00,1,8,FC,FF,FF,FF,FF,FF,FF,FF
74662,7684,0xCF00400,1,8,FF,FF,FF,76,48,FF,FF,FF
74663,7685,0xCFF6600,1,8,0E,09,FF,FF,FF,FF,FF,FF
74682,7686,0xCF00400,1,8,FF,FF,FF,80,48,FF,FF,FF
74683,7687,0xCFF6600,1,8,10,09,FF,FF,FF,FF,FF,FF
74702,7688,0xCF00400,1,8,FF,FF,FF,D4,48,FF,FF,FF
74703,7689,0xCFF6600,1,8,1A,09,FF,FF,FF,FF,FF,FF
74722,7690,0xCF00400,1,8,FF,FF,FF,D4,48,FF,FF,FF
74723,7691,0xCFF6600,1,8,1A,09,FF,FF,FF,FF,FF,FF
74742,7692,0xCF00400,1,8,FF,FF,FF,9C,48,FF,FF,FF
74743,7693,0xCFF6600,1,8,13,09,FF,FF,FF,FF,FF,FF
74744,7694,0x18FEFC17,1,8,FF,1E,FF,FF,FF,FF,FF,FF
74754,7695,0x18FEF100,1,8,3F,00,00,FF,FF,FF,FF,FF
74754,7696,0x10FF6500,1,8,FC,FF,FF,FF,FF,FF,FF,FF
74755,7697,0x18F00500,1,8,FF,FF,FF,FF,20,2D,FF,FF
74755,7698,0x18FEF200,1,8,1C,00,00,00,00,00,00,FF
74762,7699,0xCF00400,1,8,FF,FF,FF,E2,47,FF,FF,FF
74763,7700,0xCFF6600,1,8,FC,08,FF,FF,FF,FF,FF,FF
74764,7701,0x18FEF517,1,8,FF,FF,FF,20,1D,FF,FF,FF
74782,7702,0xCF00400,1,8,FF,FF,FF,86,47,FF,FF,FF
74783,7703,0xCFF6600,1,8,F0,08,FF,FF,FF,FF,FF,FF
74790,7704,0x18FEC117,1,8,F0,1D,00,00,03,1E,00,00
74802,7705,0xCF00400,1,8,FF,FF,FF,86,47,FF,FF,FF
74803,7706,0xCFF6600,1,8,F0,08,FF,FF,FF,FF,FF,FF
74812,7707,0x18FEEE00,1,8,45,FF,FF,FF,FF,FF,FF,FF
74812,7708,0x18FDE500,1,8,0A,14,1E,28,32,3C,46,13
74822,7709,0xCF00400,1,8,FF,FF,FF,72,47,FF,FF,FF
74823,7710,0xCFF6600,1,8,EE,08,FF,FF,FF,FF,FF,FF
74832,7711,0x1CECFF00,1,8,20,0E,00,02,FF,CA,FE,00
74842,7712,0xCF00400,1,8,FF,FF,FF,2C,47,FF,FF,FF
74843,7713,0xCFF6600,1,8,E5,08,FF,FF,FF,FF,FF,FF
74853,7714,0x18FEF100,1,8,3F,00,00,FF,FF,FF,FF,FF
74854,7715,0x18F00500,1,8,FF,FF,FF,FF,20,2D,FF,FF
74854,7716,0x18FEF200,1,8,1D,00,00,00,00,00,00,FF
74862,7717,0xCF00400,1,8,FF,FF,FF,BA,46,FF,FF,FF
74863,7718,0xCFF6600,1,8,D7,08,FF,FF,FF,FF,FF,FF
74882,7719,0xCF00400,1,8,FF,FF,FF,BA,46,FF,FF,FF
74883,7720,0xCFF6600,1,8,D7,08,FF,FF,FF,FF,FF,FF
74883,7721,0x1CEBFF00,1,8,01,40,FF,0F,F0,E5,01,02
74902,7722,0xCF00400,1,8,FF,FF,FF,B8,46,FF,FF,FF
74903,7723,0xCFF6600,1,8,D7,08,FF,FF,FF,FF,FF,FF
74922,7724,0xCF00400,1,8,FF,FF,FF,10,47,FF,FF,FF
74923,7725,0xCFF6600,1,8,E2,08,FF,FF,FF,FF,FF,FF
74932,7726,0x1CEBFF00,1,8,02,F0,E3,02,6E,00,03,01
74942,7727,0xCF00400,1,8,FF,FF,FF,3C,47,FF,FF,FF
74943,7728,0xCFF6600,1,8,E7,08,FF,FF,FF,FF,FF,FF
74953,7729,0x18FEF100,1,8,3F,00,00,FF,FF,FF,FF,FF
74953,7730,0x10FF6500,1,8,FC,FF,FF,FF,FF,FF,FF,FF
74954,7731,0x18F00500,1,8,FF,FF,FF,FF,20,2D,FF,FF
74954,7732,0x18FEF200,1,8,1D,00,00,00,00,00,00,FF
74963,7733,0xCF00400,1,8,FF,FF,FF,4A,47,FF,FF,FF
74963,7734,0xCFF6600,1,8,E9,08,FF,FF,FF,FF,FF,FF
74982,7735,0xCF00400,1,8,FF,FF,FF,4A,47,FF,FF,FF
74983,7736,0xCFF6600,1,8,E9,08,FF,FF,FF,FF,FF,FF
75002,7737,0xCF00400,1,8,FF,FF,FF,8E,47,FF,FF,FF
75003,7738,0xCFF6600,1,8,F1,08,FF,FF,FF,FF,FF,FF
75022,7739,0xCF00400,1,8,FF,FF,FF,FA,47,FF,FF,FF
75023,7740,0xCFF6600,1,8,FF,08,FF,FF,FF,FF,FF,FF
75042,7741,0xCF00400,1,8,FF,FF,FF,FE,47,FF,FF,FF
75043,7742,0xCFF6600,1,8,FF,08,FF,FF,FF,FF,FF,FF
75053,7743,0x18FEF100,1,8,3F,00,00,FF,FF,FF,FF,FF
75054,7744,0x18F00500,1,8,FF,FF,FF,FF,20,2D,FF,FF
75054,7745,0x18FEF200,1,8,1D,00,00,00,00,00,00,FF
75062,7746,0xCF00400,1,8,FF,FF,FF,FE,47,FF,FF,FF
75063,7747,0xCFF6600,1,8,FF,08,FF,FF,FF,FF,FF,FF
75082,7748,0xCF00400,1,8,FF,FF,FF,B0,47,FF,FF,FF
75083,7749,0xCFF6600,1,8,F6,08,FF,FF,FF,FF,FF,FF
75102,7750,0xCF00400,1,8,FF,FF,FF,00,48,FF,FF,FF
75103,7751,0xCFF6600,1,8,00,09,FF,FF,FF,FF,FF,FF
75122,7752,0xCF00400,1,8,FF,FF,FF,CC,48,FF,FF,FF
75123,7753,0xCFF6600,1,8,19,09,FF,FF,FF,FF,FF,FF
75142,7754,0xCF00400,1,8,FF,FF,FF,CC,48,FF,FF,FF
75143,7755,0xCFF6600,1,8,19,09,FF,FF,FF,FF,FF,FF
75153,7756,0x18FEF100,1,8,3F,00,00,FF,FF,FF,FF,FF
75153,7757,0x10FF6500,1,8,FC,FF,FF,FF,FF,FF,FF,FF
75154,7758,0x18F00500,1,8,FF,FF,FF,FF,20,2D,FF,FF
75155,7759,0x18F00600,1,8,FF,FF,FF,FF,FF,FF,FF,FF
75155,7760,0x18FEF200,1,8,1D,00,00,00,00,00,00,FF
75156,7761,0x1CFDDF00,1,8,FE,FF,FF,FF,FF,FF,FF,FF
75156,7762,0x1CFF6A00,1,8,FC,FF,FF,FF,FF,FF,FF,FF
75162,7763,0xCF00400,1,8,FF,FF,FF,10,49,FF,FF,FF
75163,7764,0xCFF6600,1,8,22,09,FF,FF,FF,FF,FF,FF
75182,7765,0xCF00400,1,8,FF,FF,FF,F2,48,FF,FF,FF
75183,7766,0xCFF6600,1,8,1E,09,FF,FF,FF,FF,FF,FF
75202,7767,0xCF00400,1,8,FF,FF,FF,1A,49,FF,FF,FF
75203,7768,0xCFF6600,1,8,23,09,FF,FF,FF,FF,FF,FF
75222,7769,0xCF00400,1,8,FF,FF,FF,78,49,FF,FF,FF
75223,7770,0xCFF6600,1,8,2F,09,FF,FF,FF,FF,FF,FF
75242,7771,0xCF00400,1,8,FF,FF,FF,78,49,FF,FF,FF
75243,7772,0xCFF6600,1,8,2F,09,FF,FF,FF,FF,FF,FF
75253,7773,0x18FEF100,1,8,3F,00,00,FF,FF,FF,FF,FF
75254,7774,0x18F00500,1,8,FF,FF,FF,FF,20,2D,FF,FF
75254,7775,0x18FEF200,1,8,1D,00,00,00,00,00,00,FF
75262,7776,0xCF00400,1,8,FF,FF,FF,66,49,FF,FF,FF
75263,7777,0xCFF6600,1,8,2C,09,FF,FF,FF,FF,FF,FF
75282,7778,0xCF00400,1,8,FF,FF,FF,F6,48,FF,FF,FF
75283,7779,0xCFF6600,1,8,1E,09,FF,FF,FF,FF,FF,FF
75302,7780,0xCF00400,1,8,FF,FF,FF,66,48,FF,FF,FF
75303,7781,0xCFF6600,1,8,0C,09,FF,FF,FF,FF,FF,FF
75322,7782,0xCF00400,1,8,FF,FF,FF,66,48,FF,FF,FF
75323,7783,0xCFF6600,1,8,0C,09,FF,FF,FF,FF,FF,FF
75342,7784,0xCF00400,1,8,FF,FF,FF,C0,47,FF,FF,FF
75343,7785,0xCFF6600,1,8,F8,08,FF,FF,FF,FF,FF,FF
75353,7786,0x18FEF100,1,8,3F,00,00,FF,FF,FF,FF,FF
75354,7787,0x10FF6500,1,8,FC,FF,FF,FF,FF,FF,FF,FF
75354,7788,0x18F00500,1,8,FF,FF,FF,FF,20,2D,FF,FF
75355,7789,0x18FEF200,1,8,1D,00,00,00,00,00,00,FF
75362,7790,0xCF00400,1,8,FF,FF,FF,84,47,FF,FF,FF
75363,7791,0xCFF6600,1,8,F0,08,FF,FF,FF,FF,FF,FF
75382,7792,0xCF00400,1,8,FF,FF,FF,92,47,FF,FF,FF
75383,7793,0xCFF6600,1,8,F2,08,FF,FF,FF,FF,FF,FF
75402,7794,0xCF00400,1,8,FF,FF,FF,92,47,FF,FF,FF
75403,7795,0xCFF6600,1,8,F2,08,FF,FF,FF,FF,FF,FF
75422,7796,0xCF00400,1,8,FF,FF,FF,DA,47,FF,FF,FF
75423,7797,0xCFF6600,1,8,FB,08,FF,FF,FF,FF,FF,FF
75442,7798,0xCF00400,1,8,FF,FF,FF,58,48,FF,FF,FF
75443,7799,0xCFF6600,1,8,0B,09,FF,FF,FF,FF,FF,FF
75453,7800,0x18FEF100,1,8,3F,00,00,FF,FF,FF,FF,FF
75454,7801,0x18F00500,1,8,FF,FF,FF,FF,20,2D,FF,FF
75454,7802,0x18FEF200,1,8,1D,00,00,00,00,00,00,FF
75462,7803,0xCF00400,1,8,FF,FF,FF,D8,47,FF,FF,FF
75463,7804,0xCFF6600,1,8,FB,08,FF,FF,FF,FF,FF,FF
75483,7805,0xCF00400,1,8,FF,FF,FF,76,46,FF,FF,FF
75483,7806,0xCFF6600,1,8,CE,08,FF,FF,FF,FF,FF,FF
75502,7807,0xCF00400,1,8,FF,FF,FF,76,46,FF,FF,FF
75503,7808,0xCFF6600,1,8,CE,08,FF,FF,FF,FF,FF,FF
75522,7809,0xCF00400,1,8,FF,FF,FF,E4,45,FF,FF,FF
75523,7810,0xCFF6600,1,8,BC,08,FF,FF,FF,FF,FF,FF
75542,7811,0xCF00400,1,8,FF,FF,FF,0A,46,FF,FF,FF
75543,7812,0xCFF6600,1,8,C1,08,FF,FF,FF,FF,FF,FF
75553,7813,0x18FEF100,1,8,3F,00,00,FF,FF,FF,FF,FF
75554,7814,0x10FF6500,1,8,FC,FF,FF,FF,FF,FF,FF,FF
75554,7815,0x18F00500,1,8,FF,FF,FF,FF,20,2D,FF,FF
75555,7816,0x18FEF200,1,8,1D,00,00,00,00,00,00,FF
75563,7817,0xCF00400,1,8,FF,FF,FF,E6,45,FF,FF,FF
75563,7818,0xCFF6600,1,8,BC,08,FF,FF,FF,FF,FF,FF
75582,7819,0xCF00400,1,8,FF,FF,FF,E6,45,FF,FF,FF
75583,7820,0xCFF6600,1,8,BC,08,FF,FF,FF,FF,FF,FF
75602,7821,0xCF00400,1,8,FF,FF,FF,82,45,FF,FF,FF
75603,7822,0xCFF6600,1,8,B0,08,FF,FF,FF,FF,FF,FF
75622,7823,0xCF00400,1,8,FF,FF,FF,6E,45,FF,FF,FF
75623,7824,0xCFF6600,1,8,AD,08,FF,FF,FF,FF,FF,FF
75642,7825,0xCF00400,1,8,FF,FF,FF,6E,45,FF,FF,FF
75643,7826,0xCFF6600,1,8,AD,08,FF,FF,FF,FF,FF,FF
75653,7827,0x18FEF100,1,8,3F,00,00,FF,FF,FF,FF,FF
75654,7828,0x18F00500,1,8,FF,FF,FF,FF,20,2D,FF,FF
75654,7829,0x18F00600,1,8,FF,FF,FF,FF,FF,FF,FF,FF
75655,7830,0x18FEF200,1,8,1D,00,00,00,00,00,00,FF
75655,7831,0x1CFDDF00,1,8,FE,FF,FF,FF,FF,FF,FF,FF
75656,7832,0x1CFF6A00,1,8,FC,FF,FF,FF,FF,FF,FF,FF
75662,7833,0xCF00400,1,8,FF,FF,FF,A0,45,FF,FF,FF
75663,7834,0xCFF6600,1,8,B4,08,FF,FF,FF,FF,FF,FF
75682,7835,0xCF00400,1,8,FF,FF,FF,88,45,FF,FF,FF
75683,7836,0xCFF6600,1,8,B1,08,FF,FF,FF,FF,FF,FF
75702,7837,0xCF00400,1,8,FF,FF,FF,2E,45,FF,FF,FF
75703,7838,0xCFF6600,1,8,A5,08,FF,FF,FF,FF,FF,FF
75722,7839,0xCF00400,1,8,FF,FF,FF,2E,45,FF,FF,FF
75723,7840,0xCFF6600,1,8,A5,08,FF,FF,FF,FF,FF,FF
75742,7841,0xCF00400,1,8,FF,FF,FF,F0,44,FF,FF,FF
75743,7842,0xCFF6600,1,8,9E,08,FF,FF,FF,FF,FF,FF
75753,7843,0x18FEF100,1,8,3F,00,00,FF,FF,FF,FF,FF
75754,7844,0x10FF6500,1,8,FC,FF,FF,FF,FF,FF,FF,FF
75755,7845,0x18F00500,1,8,FF,FF,FF,FF,20,2D,FF,FF
75755,7846,0x18FEF200,1,8,1D,00,00,00,00,00,00,FF
75762,7847,0xCF00400,1,8,FF,FF,FF,D4,44,FF,FF,FF
75763,7848,0xCFF6600,1,8,9A,08,FF,FF,FF,FF,FF,FF
75782,7849,0xCF00400,1,8,FF,FF,FF,B6,44,FF,FF,FF
75783,7850,0xCFF6600,1,8,96,08,FF,FF,FF,FF,FF,FF
75802,7851,0xCF00400,1,8,FF,FF,FF,B6,44,FF,FF,FF
75803,7852,0xCFF6600,1,8,96,08,FF,FF,FF,FF,FF,FF
75812,7853,0x18FEEE00,1,8,45,FF,FF,FF,FF,FF,FF,FF
75812,7854,0x18FDE500,1,8,0A,14,1E,28,32,3C,46,13
75822,7855,0xCF00400,1,8,FF,FF,FF,90,44,FF,FF,FF
75823,7856,0xCFF6600,1,8,92,08,FF,FF,FF,FF,FF,FF
75832,7857,0x1CECFF00,1,8,20,0E,00,02,FF,CA,FE,00
75842,7858,0xCF00400,1,8,FF,FF,FF,CC,44,FF,FF,FF
75843,7859,0xCFF6600,1,8,99,08,FF,FF,FF,FF,FF,FF
75853,7860,0x18FEF100,1,8,3F,00,00,FF,FF,FF,FF,FF
75854,7861,0x18F00500,1,8,FF,FF,FF,FF,20,2D,FF,FF
75854,7862,0x18FEF200,1,8,1C,00,00,00,00,00,00,FF
75862,7863,0xCF00400,1,8,FF,FF,FF,54,45,FF,FF,FF
75863,7864,0xCFF6600,1,8,AA,08,FF,FF,FF,FF,FF,FF
75882,7865,0xCF00400,1,8,FF,FF,FF,54,45,FF,FF,FF
75883,7866,0xCFF6600,1,8,AA,08,FF,FF,FF,FF,FF,FF
75883,7867,0x1CEBFF00,1,8,01,40,FF,0F,F0,E5,01,02
75902,7868,0xCF00400,1,8,FF,FF,FF,CA,45,FF,FF,FF
75903,7869,0xCFF6600,1,8,B9,08,FF,FF,FF,FF,FF,FF
75922,7870,0xCF00400,1,8,FF,FF,FF,3C,46,FF,FF,FF
75923,7871,0xCFF6600,1,8,C7,08,FF,FF,FF,FF,FF,FF
75932,7872,0x1CEBFF00,1,8,02,F0,E3,02,6E,00,03,01
75942,7873,0xCF00400,1,8,FF,FF,FF,78,46,FF,FF,FF
75943,7874,0xCFF6600,1,8,CF,08,FF,FF,FF,FF,FF,FF
75953,7875,0x18FEF100,1,8,3F,00,00,FF,FF,FF,FF,FF
75954,7876,0x10FF6500,1,8,FC,FF,FF,FF,FF,FF,FF,FF
75954,7877,0x18F00500,1,8,FF,FF,FF,FF,20,2D,FF,FF
75955,7878,0x18FEF200,1,8,1C,00,00,00,00,00,00,FF
75962,7879,0xCF00400,1,8,FF,FF,FF,78,46,FF,FF,FF
75963,7880,0xCFF6600,1,8,CF,08,FF,FF,FF,FF,FF,FF
75982,7881,0xCF00400,1,8,FF,FF,FF,84,46,FF,FF,FF
75983,7882,0xCFF6600,1,8,D0,08,FF,FF,FF,FF,FF,FF
76002,7883,0xCF00400,1,8,FF,FF,FF,54,46,FF,FF,FF
76003,7884,0xCFF6600,1,8,CA,08,FF,FF,FF,FF,FF,FF
76022,7885,0xCF00400,1,8,FF,FF,FF,F4,45,FF,FF,FF
76023,7886,0xCFF6600,1,8,BE,08,FF,FF,FF,FF,FF,FF
76042,7887,0xCF00400,1,8,FF,FF,FF,F4,45,FF,FF,FF
76043,7888,0xCFF6600,1,8,BE,08,FF,FF,FF,FF,FF,FF
76053,7889,0x18FEF100,1,8,3F,00,00,FF,FF,FF,FF,FF
76054,7890,0x18F00500,1,8,FF,FF,FF,FF,20,2D,FF,FF
76054,7891,0x18FEF200,1,8,1C,00,00,00,00,00,00,FF
76062,7892,0xCF00400,1,8,FF,FF,FF,AE,45,FF,FF,FF
76063,7893,0xCFF6600,1,8,B5,08,FF,FF,FF,FF,FF,FF
76082,7894,0xCF00400,1,8,FF,FF,FF,82,45,FF,FF,FF
76083,7895,0xCFF6600,1,8,B0,08,FF,FF,FF,FF,FF,FF
76103,7896,0xCF00400,1,8,FF,FF,FF,24,45,FF,FF,FF
76103,7897,0xCFF6600,1,8,A4,08,FF,FF,FF,FF,FF,FF
76122,7898,0xCF00400,1,8,FF,FF,FF,24,45,FF,FF,FF
76123,7899,0xCFF6600,1,8,A4,08,FF,FF,FF,FF,FF,FF
76142,7900,0xCF00400,1,8,FF,FF,FF,98,44,FF,FF,FF
76143,7901,0xCFF6600,1,8,93,08,FF,FF,FF,FF,FF,FF
76153,7902,0x18FEF100,1,8,3F,00,00,FF,FF,FF,FF,FF
76153,7903,0x18F00500,1,8,FF,FF,FF,FF,20,2D,FF,FF
76154,7904,0x10FF6500,1,8,FC,FF,FF,FF,FF,FF,FF,FF
76155,7905,0x18F00600,1,8,FF,FF,FF,FF,FF,FF,FF,FF
76155,7906,0x18FEF200,1,8,1C,00,00,00,00,00,00,FF
76156,7907,0x1CFDDF00,1,8,FE,FF,FF,FF,FF,FF,FF,FF
76156,7908,0x1CFF6A00,1,8,FC,FF,FF,FF,FF,FF,FF,FF
76162,7909,0xCF00400,1,8,FF,FF,FF,A8,44,FF,FF,FF
76163,7910,0xCFF6600,1,8,95,08,FF,FF,FF,FF,FF,FF
76182,7911,0xCF00400,1,8,FF,FF,FF,A8,44,FF,FF,FF
76183,7912,0xCFF6600,1,8,95,08,FF,FF,FF,FF,FF,FF
76202,7913,0xCF00400,1,8,FF,FF,FF,38,45,FF,FF,FF
76203,7914,0xCFF6600,1,8,A7,08,FF,FF,FF,FF,FF,FF
76222,7915,0xCF00400,1,8,FF,FF,FF,74,45,FF,FF,FF
76223,7916,0xCFF6600,1,8,AE,08,FF,FF,FF,FF,FF,FF
76242,7917,0xCF00400,1,8,FF,FF,FF,72,45,FF,FF,FF
76243,7918,0xCFF6600,1,8,AE,08,FF,FF,FF,FF,FF,FF
76253,7919,0x18FEF100,1,8,3F,00,00,FF,FF,FF,FF,FF
76254,7920,0x18F00500,1,8,FF,FF,FF,FF,20,2D,FF,FF
76255,7921,0x18FEF200,1,8,1C,00,00,00,00,00,00,FF
76262,7922,0xCF00400,1,8,FF,FF,FF,72,45,FF,FF,FF
76263,7923,0xCFF6600,1,8,AE,08,FF,FF,FF,FF,FF,FF
76282,7924,0xCF00400,1,8,FF,FF,FF,34,45,FF,FF,FF
76283,7925,0xCFF6600,1,8,A6,08,FF,FF,FF,FF,FF,FF
76302,7926,0xCF00400,1,8,FF,FF,FF,B8,44,FF,FF,FF
76303,7927,0xCFF6600,1,8,97,08,FF,FF,FF,FF,FF,FF
76322,7928,0xCF00400,1,8,FF,FF,FF,6C,44,FF,FF,FF
76323,7929,0xCFF6600,1,8,8D,08,FF,FF,FF,FF,FF,FF
76342,7930,0xCF00400,1,8,FF,FF,FF,6C,44,FF,FF,FF
76343,7931,0xCFF6600,1,8,8D,08,FF,FF,FF,FF,FF,FF
76353,7932,0x18FEF100,1,8,3F,00,00,FF,FF,FF,FF,FF
76354,7933,0x10FF6500,1,8,FC,FF,FF,FF,FF,FF,FF,FF
76354,7934,0x18F00500,1,8,FF,FF,FF,FF,20,2D,FF,FF
76355,7935,0x18FEF200,1,8,1C,00,00,00,00,00,00,FF
76362,7936,0xCF00400,1,8,FF,FF,FF,4E,44,FF,FF,FF
76363,7937,0xCFF6600,1,8,89,08,FF,FF,FF,FF,FF,FF
76382,7938,0xCF00400,1,8,FF,FF,FF,DA,43,FF,FF,FF
76383,7939,0xCFF6600,1,8,7B,08,FF,FF,FF,FF,FF,FF
76402,7940,0xCF00400,1,8,FF,FF,FF,DA,43,FF,FF,FF
76403,7941,0xCFF6600,1,8,7B,08,FF,FF,FF,FF,FF,FF
76422,7942,0xCF00400,1,8,FF,FF,FF,1A,43,FF,FF,FF
76423,7943,0xCFF6600,1,8,63,08,FF,FF,FF,FF,FF,FF
76442,7944,0xCF00400,1,8,FF,FF,FF,CC,42,FF,FF,FF
76443,7945,0xCFF6600,1,8,59,08,FF,FF,FF,FF,FF,FF
76453,7946,0x18FEF100,1,8,3F,00,00,FF,FF,FF,FF,FF
76454,7947,0x18F00500,1,8,FF,FF,FF,FF,20,2D,FF,FF
76454,7948,0x18FEF200,1,8,1C,00,00,00,00,00,00,FF
76462,7949,0xCF00400,1,8,FF,FF,FF,E2,42,FF,FF,FF
76463,7950,0xCFF6600,1,8,5C,08,FF,FF,FF,FF,FF,FF
76482,7951,0xCF00400,1,8,FF,FF,FF,E2,42,FF,FF,FF
76483,7952,0xCFF6600,1,8,5C,08,FF,FF,FF,FF,FF,FF
76502,7953,0xCF00400,1,8,FF,FF,FF,0E,43,FF,FF,FF
76503,7954,0xCFF6600,1,8,61,08,FF,FF,FF,FF,FF,FF
76522,7955,0xCF00400,1,8,FF,FF,FF,4E,43,FF,FF,FF
76523,7956,0xCFF6600,1,8,69,08,FF,FF,FF,FF,FF,FF
76543,7957,0xCF00400,1,8,FF,FF,FF,4E,43,FF,FF,FF
76543,7958,0xCFF6600,1,8,69,08,FF,FF,FF,FF,FF,FF
76553,7959,0x18FEF100,1,8,3F,00,00,FF,FF,FF,FF,FF
76553,7960,0x10FF6500,1,8,FC,FF,FF,FF,FF,FF,FF,FF
76554,7961,0x18F00500,1,8,FF,FF,FF,FF,20,2D,FF,FF
76555,7962,0x18FEF200,1,8,1C,00,00,00,00,00,00,FF
76562,7963,0xCF00400,1,8,FF,FF,FF,4E,43,FF,FF,FF
76563,7964,0xCFF6600,1,8,69,08,FF,FF,FF,FF,FF,FF
76582,7965,0xCF00400,1,8,FF,FF,FF,20,43,FF,FF,FF
76583,7966,0xCFF6600,1,8,64,08,FF,FF,FF,FF,FF,FF
76602,7967,0xCF00400,1,8,FF,FF,FF,AE,42,FF,FF,FF
76603,7968,0xCFF6600,1,8,55,08,FF,FF,FF,FF,FF,FF
76622,7969,0xCF00400,1,8,FF,FF,FF,AE,42,FF,FF,FF
76623,7970,0xCFF6600,1,8,55,08,FF,FF,FF,FF,FF,FF
76642,7971,0xCF00400,1,8,FF,FF,FF,FA,41,FF,FF,FF
76643,7972,0xCFF6600,1,8,3F,08,FF,FF,FF,FF,FF,FF
76653,7973,0x18FEF100,1,8,3F,00,00,FF,FF,FF,FF,FF
76654,7974,0x18F00500,1,8,FF,FF,FF,FF,20,2D,FF,FF
76654,7975,0x18F00600,1,8,FF,FF,FF,FF,FF,FF,FF,FF
76655,7976,0x18FEF200,1,8,1C,00,00,00,00,00,00,FF
76655,7977,0x1CFDDF00,1,8,FE,FF,FF,FF,FF,FF,FF,FF
76656,7978,0x1CFF6A00,1,8,FC,FF,FF,FF,FF,FF,FF,FF
76662,7979,0xCF00400,1,8,FF,FF,FF,02,42,FF,FF,FF
76663,7980,0xCFF6600,1,8,40,08,FF,FF,FF,FF,FF,FF
76682,7981,0xCF00400,1,8,FF,FF,FF,02,42,FF,FF,FF
76683,7982,0xCFF6600,1,8,40,08,FF,FF,FF,FF,FF,FF
76702,7983,0xCF00400,1,8,FF,FF,FF,B4,42,FF,FF,FF
76703,7984,0xCFF6600,1,8,56,08,FF,FF,FF,FF,FF,FF
76722,7985,0xCF00400,1,8,FF,FF,FF,D2,42,FF,FF,FF
76723,7986,0xCFF6600,1,8,5A,08,FF,FF,FF,FF,FF,FF
76742,7987,0xCF00400,1,8,FF,FF,FF,70,42,FF,FF,FF
76743,7988,0xCFF6600,1,8,4E,08,FF,FF,FF,FF,FF,FF
76753,7989,0x18FEF100,1,8,3F,00,00,FF,FF,FF,FF,FF
76754,7990,0x10FF6500,1,8,FC,FF,FF,FF,FF,FF,FF,FF
76754,7991,0x18F00500,1,8,FF,FF,FF,FF,20,2D,FF,FF
76755,7992,0x18FEF200,1,8,1C,00,00,00,00,00,00,FF
76762,7993,0xCF00400,1,8,FF,FF,FF,70,42,FF,FF,FF
76763,7994,0xCFF6600,1,8,4E,08,FF,FF,FF,FF,FF,FF
76782,7995,0xCF00400,1,8,FF,FF,FF,06,42,FF,FF,FF
76783,7996,0xCFF6600,1,8,40,08,FF,FF,FF,FF,FF,FF
76802,7997,0xCF00400,1,8,FF,FF,FF,98,41,FF,FF,FF
76803,7998,0xCFF6600,1,8,33,08,FF,FF,FF,FF,FF,FF
76812,7999,0x18FEEE00,1,8,46,FF,FF,FF,FF,FF,FF,FF
76813,8000,0x18FDE500,1,8,0A,14,1E,28,32,3C,46,13
76822,8001,0xCF00400,1,8,FF,FF,FF,98,41,FF,FF,FF
76823,8002,0xCFF6600,1,8,33,08,FF,FF,FF,FF,FF,FF
76832,8003,0x1CECFF00,1,8,20,0E,00,02,FF,CA,FE,00
76842,8004,0xCF00400,1,8,FF,FF,FF,28,41,FF,FF,FF
76843,8005,0xCFF6600,1,8,25,08,FF,FF,FF,FF,FF,FF
76853,8006,0x18FEF100,1,8,3F,00,00,FF,FF,FF,FF,FF
76854,8007,0x18F00500,1,8,FF,FF,FF,FF,20,2D,FF,FF
76854,8008,0x18FEF200,1,8,1A,00,00,00,00,00,00,FF
76862,8009,0xCF00400,1,8,FF,FF,FF,B8,40,FF,FF,FF
76863,8010,0xCFF6600,1,8,17,08,FF,FF,FF,FF,FF,FF
76882,8011,0xCF00400,1,8,FF,FF,FF,B8,40,FF,FF,FF
76883,8012,0xCFF6600,1,8,17,08,FF,FF,FF,FF,FF,FF
76883,8013,0x1CEBFF00,1,8,01,40,FF,0F,F0,E5,01,02
76902,8014,0xCF00400,1,8,FF,FF,FF,68,40,FF,FF,FF
76903,8015,0xCFF6600,1,8,0D,08,FF,FF,FF,FF,FF,FF
76922,8016,0xCF00400,1,8,FF,FF,FF,3A,40,FF,FF,FF
76923,8017,0xCFF6600,1,8,07,08,FF,FF,FF,FF,FF,FF
76932,8018,0x1CEBFF00,1,8,02,F0,E3,02,6E,00,03,01
76942,8019,0xCF00400,1,8,FF,FF,FF,3A,40,FF,FF,FF
76943,8020,0xCFF6600,1,8,07,08,FF,FF,FF,FF,FF,FF
76953,8021,0x18FEF100,1,8,3F,00,00,FF,FF,FF,FF,FF
76954,8022,0x10FF6500,1,8,FC,FF,FF,FF,FF,FF,FF,FF
76954,8023,0x18F00500,1,8,FF,FF,FF,FF,20,2D,FF,FF
76955,8024,0x18FEF200,1,8,1A,00,00,00,00,00,00,FF
76962,8025,0xCF00400,1,8,FF,FF,FF,40,40,FF,FF,FF
76963,8026,0xCFF6600,1,8,08,08,FF,FF,FF,FF,FF,FF
76982,8027,0xCF00400,1,8,FF,FF,FF,6E,40,FF,FF,FF
76983,8028,0xCFF6600,1,8,0D,08,FF,FF,FF,FF,FF,FF
77002,8029,0xCF00400,1,8,FF,FF,FF,92,40,FF,FF,FF
77003,8030,0xCFF6600,1,8,12,08,FF,FF,FF,FF,FF,FF
77022,8031,0xCF00400,1,8,FF,FF,FF,92,40,FF,FF,FF
77023,8032,0xCFF6600,1,8,12,08,FF,FF,FF,FF,FF,FF
77042,8033,0xCF00400,1,8,FF,FF,FF,AC,40,FF,FF,FF
77043,8034,0xCFF6600,1,8,15,08,FF,FF,FF,FF,FF,FF
77053,8035,0x18FEF100,1,8,3F,00,00,FF,FF,FF,FF,FF
77054,8036,0x18F00500,1,8,FF,FF,FF,FF,20,2D,FF,FF
77054,8037,0x18FEF200,1,8,1A,00,00,00,00,00,00,FF
77062,8038,0xCF00400,1,8,FF,FF,FF,AC,40,FF,FF,FF
77063,8039,0xCFF6600,1,8,15,08,FF,FF,FF,FF,FF,FF
77082,8040,0xCF00400,1,8,FF,FF,FF,AC,40,FF,FF,FF
77083,8041,0xCFF6600,1,8,15,08,FF,FF,FF,FF,FF,FF
77102,8042,0xCF00400,1,8,FF,FF,FF,98,40,FF,FF,FF
77103,8043,0xCFF6600,1,8,13,08,FF,FF,FF,FF,FF,FF
77122,8044,0xCF00400,1,8,FF,FF,FF,04,40,FF,FF,FF
77123,8045,0xCFF6600,1,8,00,08,FF,FF,FF,FF,FF,FF
77142,8046,0xCF00400,1,8,FF,FF,FF,04,40,FF,FF,FF
77143,8047,0xCFF6600,1,8,00,08,FF,FF,FF,FF,FF,FF
77153,8048,0x18FEF100,1,8,3F,00,00,FF,FF,FF,FF,FF
77154,8049,0x10FF6500,1,8,FC,FF,FF,FF,FF,FF,FF,FF
77154,8050,0x18F00500,1,8,FF,FF,FF,FF,20,2D,FF,FF
77155,8051,0x18F00600,1,8,FF,FF,FF,FF,FF,FF,FF,FF
77155,8052,0x18FEF200,1,8,1A,00,00,00,00,00,00,FF
77156,8053,0x1CFDDF00,1,8,FE,FF,FF,FF,FF,FF,FF,FF
77156,8054,0x1CFF6A00,1,8,FC,FF,FF,FF,FF,FF,FF,FF
77162,8055,0xCF00400,1,8,FF,FF,FF,F4,3E,FF,FF,FF
77163,8056,0xCFF6600,1,8,DE,07,FF,FF,FF,FF,FF,FF
77182,8057,0xCF00400,1,8,FF,FF,FF,16,3E,FF,FF,FF
77183,8058,0xCFF6600,1,8,C2,07,FF,FF,FF,FF,FF,FF
77202,8059,0xCF00400,1,8,FF,FF,FF,16,3E,FF,FF,FF
77203,8060,0xCFF6600,1,8,C2,07,FF,FF,FF,FF,FF,FF
77222,8061,0xCF00400,1,8,FF,FF,FF,76,3D,FF,FF,FF
77223,8062,0xCFF6600,1,8,AE,07,FF,FF,FF,FF,FF,FF
77242,8063,0xCF00400,1,8,FF,FF,FF,50,3D,FF,FF,FF
77243,8064,0xCFF6600,1,8,AA,07,FF,FF,FF,FF,FF,FF
77253,8065,0x18FEF100,1,8,3F,00,00,FF,FF,FF,FF,FF
77254,8066,0x18F00500,1,8,FF,FF,FF,FF,20,2D,FF,FF
77254,8067,0x18FEF200,1,8,1A,00,00,00,00,00,00,FF
77262,8068,0xCF00400,1,8,FF,FF,FF,50,3D,FF,FF,FF
77263,8069,0xCFF6600,1,8,AA,07,FF,FF,FF,FF,FF,FF
77282,8070,0xCF00400,1,8,FF,FF,FF,9A,3D,FF,FF,FF
77283,8071,0xCFF6600,1,8,B3,07,FF,FF,FF,FF,FF,FF
77302,8072,0xCF00400,1,8,FF,FF,FF,66,3D,FF,FF,FF
77303,8073,0xCFF6600,1,8,AC,07,FF,FF,FF,FF,FF,FF
77322,8074,0xCF00400,1,8,FF,FF,FF,66,3D,FF,FF,FF
77323,8075,0xCFF6600,1,8,AC,07,FF,FF,FF,FF,FF,FF
77342,8076,0xCF00400,1,8,FF,FF,FF,BE,3C,FF,FF,FF
77343,8077,0xCFF6600,1,8,97,07,FF,FF,FF,FF,FF,FF
77353,8078,0x18FEF100,1,8,3F,00,00,FF,FF,FF,FF,FF
77354,8079,0x10FF6500,1,8,FC,FF,FF,FF,FF,FF,FF,FF
77354,8080,0x18F00500,1,8,FF,FF,FF,FF,20,2D,FF,FF
77355,8081,0x18FEF200,1,8,1A,00,00,00,00,00,00,FF
77363,8082,0xCF00400,1,8,FF,FF,FF,78,3C,FF,FF,FF
77363,8083,0xCFF6600,1,8,8F,07,FF,FF,FF,FF,FF,FF
77382,8084,0xCF00400,1,8,FF,FF,FF,78,3C,FF,FF,FF
77383,8085,0xCFF6600,1,8,8F,07,FF,FF,FF,FF,FF,FF
77402,8086,0xCF00400,1,8,FF,FF,FF,88,3C,FF,FF,FF
77403,8087,0xCFF6600,1,8,91,07,FF,FF,FF,FF,FF,FF
77422,8088,0xCF00400,1,8,FF,FF,FF,88,3C,FF,FF,FF
77423,8089,0xCFF6600,1,8,91,07,FF,FF,FF,FF,FF,FF
77442,8090,0xCF00400,1,8,FF,FF,FF,76,3C,FF,FF,FF
77443,8091,0xCFF6600,1,8,8E,07,FF,FF,FF,FF,FF,FF
77453,8092,0x18FEF100,1,8,3F,00,00,FF,FF,FF,FF,FF
77454,8093,0x18F00500,1,8,FF,FF,FF,FF,20,2D,FF,FF
77454,8094,0x18FEF200,1,8,1A,00,00,00,00,00,00,FF
77462,8095,0xCF00400,1,8,FF,FF,FF,46,3C,FF,FF,FF
77463,8096,0xCFF6600,1,8,88,07,FF,FF,FF,FF,FF,FF
77482,8097,0xCF00400,1,8,FF,FF,FF,46,3C,FF,FF,FF
77483,8098,0xCFF6600,1,8,88,07,FF,FF,FF,FF,FF,FF
77502,8099,0xCF00400,1,8,FF,FF,FF,52,3C,FF,FF,FF
77503,8100,0xCFF6600,1,8,8A,07,FF,FF,FF,FF,FF,FF
77522,8101,0xCF00400,1,8,FF,FF,FF,92,3C,FF,FF,FF
77523,8102,0xCFF6600,1,8,92,07,FF,FF,FF,FF,FF,FF
77542,8103,0xCF00400,1,8,FF,FF,FF,92,3C,FF,FF,FF
77543,8104,0xCFF6600,1,8,92,07,FF,FF,FF,FF,FF,FF
77553,8105,0x18FEF100,1,8,3F,00,00,FF,FF,FF,FF,FF
77553,8106,0x10FF6500,1,8,FC,FF,FF,FF,FF,FF,FF,FF
77554,8107,0x18F00500,1,8,FF,FF,FF,FF,20,2D,FF,FF
77554,8108,0x18FEF200,1,8,1A,00,00,00,00,00,00,FF
77562,8109,0xCF00400,1,8,FF,FF,FF,E4,3C,FF,FF,FF
77563,8110,0xCFF6600,1,8,9C,07,FF,FF,FF,FF,FF,FF
77582,8111,0xCF00400,1,8,FF,FF,FF,4C,3D,FF,FF,FF
77583,8112,0xCFF6600,1,8,A9,07,FF,FF,FF,FF,FF,FF
77602,8113,0xCF00400,1,8,FF,FF,FF,4C,3D,FF,FF,FF
77603,8114,0xCFF6600,1,8,A9,07,FF,FF,FF,FF,FF,FF
77622,8115,0xCF00400,1,8,FF,FF,FF,3C,3D,FF,FF,FF
77623,8116,0xCFF6600,1,8,A7,07,FF,FF,FF,FF,FF,FF
77642,8117,0xCF00400,1,8,FF,FF,FF,C8,3C,FF,FF,FF
77643,8118,0xCFF6600,1,8,99,07,FF,FF,FF,FF,FF,FF
77653,8119,0x18FEF100,1,8,3F,00,00,FF,FF,FF,FF,FF
77654,8120,0x18F00500,1,8,FF,FF,FF,FF,20,2D,FF,FF
77654,8121,0x18F00600,1,8,FF,FF,FF,FF,FF,FF,FF,FF
77655,8122,0x18FEF200,1,8,1A,00,00,00,00,00,00,FF
77655,8123,0x1CFDDF00,1,8,FE,FF,FF,FF,FF,FF,FF,FF
77656,8124,0x1CFF6A00,1,8,FC,FF,FF,FF,FF,FF,FF,FF
77662,8125,0xCF00400,1,8,FF,FF,FF,C8,3C,FF,FF,FF
77663,8126,0xCFF6600,1,8,99,07,FF,FF,FF,FF,FF,FF
77682,8127,0xCF00400,1,8,FF,FF,FF,E4,3C,FF,FF,FF
77683,8128,0xCFF6600,1,8,9C,07,FF,FF,FF,FF,FF,FF
77702,8129,0xCF00400,1,8,FF,FF,FF,74,3D,FF,FF,FF
77703,8130,0xCFF6600,1,8,AE,07,FF,FF,FF,FF,FF,FF
77722,8131,0xCF00400,1,8,FF,FF,FF,74,3D,FF,FF,FF
77723,8132,0xCFF6600,1,8,AE,07,FF,FF,FF,FF,FF,FF
77742,8133,0xCF00400,1,8,FF,FF,FF,04,3E,FF,FF,FF
77743,8134,0xCFF6600,1,8,C0,07,FF,FF,FF,FF,FF,FF
77753,8135,0x18FEF100,1,8,3F,00,00,FF,FF,FF,FF,FF
77754,8136,0x10FF6500,1,8,FC,FF,FF,FF,FF,FF,FF,FF
77754,8137,0x18F00500,1,8,FF,FF,FF,FF,20,2D,FF,FF
77755,8138,0x18FEF200,1,8,1A,00,00,00,00,00,00,FF
77762,8139,0xCF00400,1,8,FF,FF,FF,98,3E,FF,FF,FF
77763,8140,0xCFF6600,1,8,D3,07,FF,FF,FF,FF,FF,FF
77782,8141,0xCF00400,1,8,FF,FF,FF,98,3E,FF,FF,FF
77783,8142,0xCFF6600,1,8,D3,07,FF,FF,FF,FF,FF,FF
77802,8143,0xCF00400,1,8,FF,FF,FF,F2,3E,FF,FF,FF
77803,8144,0xCFF6600,1,8,DE,07,FF,FF,FF,FF,FF,FF
77812,8145,0x18FEEE00,1,8,46,FF,FF,FF,FF,FF,FF,FF
77812,8146,0x18FDE500,1,8,0A,14,1E,28,32,3C,46,13
77822,8147,0xCF00400,1,8,FF,FF,FF,1E,3F,FF,FF,FF
77823,8148,0xCFF6600,1,8,E3,07,FF,FF,FF,FF,FF,FF
77832,8149,0x1CECFF00,1,8,20,0E,00,02,FF,CA,FE,00
77842,8150,0xCF00400,1,8,FF,FF,FF,1E,3F,FF,FF,FF
77843,8151,0xCFF6600,1,8,E3,07,FF,FF,FF,FF,FF,FF
77853,8152,0x18FEF100,1,8,3F,00,00,FF,FF,FF,FF,FF
77854,8153,0x18F00500,1,8,FF,FF,FF,FF,20,2D,FF,FF
77854,8154,0x18FEF200,1,8,18,00,00,00,00,00,00,FF
77862,8155,0xCF00400,1,8,FF,FF,FF,26,3F,FF,FF,FF
77863,8156,0xCFF6600,1,8,E4,07,FF,FF,FF,FF,FF,FF
77882,8157,0xCF00400,1,8,FF,FF,FF,16,3F,FF,FF,FF
77883,8158,0xCFF6600,1,8,E2,07,FF,FF,FF,FF,FF,FF
77883,8159,0x1CEBFF00,1,8,01,40,FF,0F,F0,E5,01,02
77902,8160,0xCF00400,1,8,FF,FF,FF,16,3F,FF,FF,FF
77903,8161,0xCFF6600,1,8,E2,07,FF,FF,FF,FF,FF,FF
77922,8162,0xCF00400,1,8,FF,FF,FF,C8,3E,FF,FF,FF
77923,8163,0xCFF6600,1,8,D9,07,FF,FF,FF,FF,FF,FF
77932,8164,0x1CEBFF00,1,8,02,F0,E3,02,6E,00,03,01
77942,8165,0xCF00400,1,8,FF,FF,FF,40,3E,FF,FF,FF
77943,8166,0xCFF6600,1,8,C8,07,FF,FF,FF,FF,FF,FF
77953,8167,0x18FEF100,1,8,3F,00,00,FF,FF,FF,FF,FF
77954,8168,0x10FF6500,1,8,FC,FF,FF,FF,FF,FF,FF,FF
77954,8169,0x18F00500,1,8,FF,FF,FF,FF,20,2D,FF,FF
77955,8170,0x18FEF200,1,8,18,00,00,00,00,00,00,FF
77962,8171,0xCF00400,1,8,FF,FF,FF,40,3E,FF,FF,FF
77963,8172,0xCFF6600,1,8,C8,07,FF,FF,FF,FF,FF,FF
77982,8173,0xCF00400,1,8,FF,FF,FF,F4,3D,FF,FF,FF
77983,8174,0xCFF6600,1,8,BE,07,FF,FF,FF,FF,FF,FF
78002,8175,0xCF00400,1,8,FF,FF,FF,D8,3D,FF,FF,FF
78003,8176,0xCFF6600,1,8,BB,07,FF,FF,FF,FF,FF,FF
78022,8177,0xCF00400,1,8,FF,FF,FF,D8,3D,FF,FF,FF
78023,8178,0xCFF6600,1,8,BB,07,FF,FF,FF,FF,FF,FF
78042,8179,0xCF00400,1,8,FF,FF,FF,C4,3D,FF,FF,FF
78043,8180,0xCFF6600,1,8,B8,07,FF,FF,FF,FF,FF,FF
78053,8181,0x18FEF100,1,8,3F,00,00,FF,FF,FF,FF,FF
78054,8182,0x18F00500,1,8,FF,FF,FF,FF,20,2D,FF,FF
78054,8183,0x18FEF200,1,8,18,00,00,00,00,00,00,FF
78063,8184,0xCF00400,1,8,FF,FF,FF,B6,3D,FF,FF,FF
78063,8185,0xCFF6600,1,8,B6,07,FF,FF,FF,FF,FF,FF
78082,8186,0xCF00400,1,8,FF,FF,FF,B6,3D,FF,FF,FF
78083,8187,0xCFF6600,1,8,B6,07,FF,FF,FF,FF,FF,FF
78102,8188,0xCF00400,1,8,FF,FF,FF,98,3D,FF,FF,FF
78103,8189,0xCFF6600,1,8,B3,07,FF,FF,FF,FF,FF,FF
78123,8190,0xCF00400,1,8,FF,FF,FF,6C,3D,FF,FF,FF
78123,8191,0xCFF6600,1,8,AD,07,FF,FF,FF,FF,FF,FF
78142,8192,0xCF00400,1,8,FF,FF,FF,6C,3D,FF,FF,FF
78143,8193,0xCFF6600,1,8,AD,07,FF,FF,FF,FF,FF,FF
78153,8194,0x18FEF100,1,8,3F,00,00,FF,FF,FF,FF,FF
78154,8195,0x10FF6500,1,8,FC,FF,FF,FF,FF,FF,FF,FF
78155,8196,0x18F00500,1,8,FF,FF,FF,FF,20,2D,FF,FF
78155,8197,0x18F00600,1,8,FF,FF,FF,FF,FF,FF,FF,FF
78156,8198,0x18FEF200,1,8,18,00,00,00,00,00,00,FF
78156,8199,0x1CFDDF00,1,8,FE,FF,FF,FF,FF,FF,FF,FF
78157,8200,0x1CFF6A00,1,8,FC,FF,FF,FF,FF,FF,FF,FF
78162,8201,0xCF00400,1,8,FF,FF,FF,40,3D,FF,FF,FF
78163,8202,0xCFF6600,1,8,A8,07,FF,FF,FF,FF,FF,FF
78182,8203,0xCF00400,1,8,FF,FF,FF,40,3D,FF,FF,FF
78183,8204,0xCFF6600,1,8,A8,07,FF,FF,FF,FF,FF,FF
78202,8205,0xCF00400,1,8,FF,FF,FF,18,3D,FF,FF,FF
78203,8206,0xCFF6600,1,8,A3,07,FF,FF,FF,FF,FF,FF
78222,8207,0xCF00400,1,8,FF,FF,FF,0A,3D,FF,FF,FF
78223,8208,0xCFF6600,1,8,A1,07,FF,FF,FF,FF,FF,FF
78242,8209,0xCF00400,1,8,FF,FF,FF,0A,3D,FF,FF,FF
78243,8210,0xCFF6600,1,8,A1,07,FF,FF,FF,FF,FF,FF
78253,8211,0x18FEF100,1,8,3F,00,00,FF,FF,FF,FF,FF
78254,8212,0x18F00500,1,8,FF,FF,FF,FF,20,2D,FF,FF
78254,8213,0x18FEF200,1,8,18,00,00,00,00,00,00,FF
78262,8214,0xCF00400,1,8,FF,FF,FF,12,3D,FF,FF,FF
78263,8215,0xCFF6600,1,8,A2,07,FF,FF,FF,FF,FF,FF
78282,8216,0xCF00400,1,8,FF,FF,FF,DE,3C,FF,FF,FF
78283,8217,0xCFF6600,1,8,9B,07,FF,FF,FF,FF,FF,FF
78302,8218,0xCF00400,1,8,FF,FF,FF,DE,3C,FF,FF,FF
78303,8219,0xCFF6600,1,8,9B,07,FF,FF,FF,FF,FF,FF
78322,8220,0xCF00400,1,8,FF,FF,FF,70,3C,FF,FF,FF
78323,8221,0xCFF6600,1,8,8E,07,FF,FF,FF,FF,FF,FF
78342,8222,0xCF00400,1,8,FF,FF,FF,1C,3C,FF,FF,FF
78343,8223,0xCFF6600,1,8,83,07,FF,FF,FF,FF,FF,FF
78353,8224,0x18FEF100,1,8,3F,00,00,FF,FF,FF,FF,FF
78353,8225,0x10FF6500,1,8,FC,FF,FF,FF,FF,FF,FF,FF
78354,8226,0x18F00500,1,8,FF,FF,FF,FF,20,2D,FF,FF
78355,8227,0x18FEF200,1,8,18,00,00,00,00,00,00,FF
78362,8228,0xCF00400,1,8,FF,FF,FF,1C,3C,FF,FF,FF
78363,8229,0xCFF6600,1,8,83,07,FF,FF,FF,FF,FF,FF
78382,8230,0xCF00400,1,8,FF,FF,FF,DE,3B,FF,FF,FF
78383,8231,0xCFF6600,1,8,7B,07,FF,FF,FF,FF,FF,FF
78402,8232,0xCF00400,1,8,FF,FF,FF,14,3C,FF,FF,FF
78403,8233,0xCFF6600,1,8,82,07,FF,FF,FF,FF,FF,FF
78422,8234,0xCF00400,1,8,FF,FF,FF,14,3C,FF,FF,FF
78423,8235,0xCFF6600,1,8,82,07,FF,FF,FF,FF,FF,FF
78442,8236,0xCF00400,1,8,FF,FF,FF,A8,3C,FF,FF,FF
78443,8237,0xCFF6600,1,8,95,07,FF,FF,FF,FF,FF,FF
78453,8238,0x18FEF100,1,8,3F,00,00,FF,FF,FF,FF,FF
78454,8239,0x18F00500,1,8,FF,FF,FF,FF,20,2D,FF,FF
78454,8240,0x18FEF200,1,8,18,00,00,00,00,00,00,FF
78463,8241,0xCF00400,1,8,FF,FF,FF,72,3D,FF,FF,FF
78463,8242,0xCFF6600,1,8,AE,07,FF,FF,FF,FF,FF,FF
78482,8243,0xCF00400,1,8,FF,FF,FF,72,3D,FF,FF,FF
78483,8244,0xCFF6600,1,8,AE,07,FF,FF,FF,FF,FF,FF
78502,8245,0xCF00400,1,8,FF,FF,FF,52,3E,FF,FF,FF
78503,8246,0xCFF6600,1,8,CA,07,FF,FF,FF,FF,FF,FF
78522,8247,0xCF00400,1,8,FF,FF,FF,DA,3E,FF,FF,FF
78523,8248,0xCFF6600,1,8,DB,07,FF,FF,FF,FF,FF,FF
78542,8249,0xCF00400,1,8,FF,FF,FF,DA,3E,FF,FF,FF
78543,8250,0xCFF6600,1,8,DB,07,FF,FF,FF,FF,FF,FF
78553,8251,0x18FEF100,1,8,3F,00,00,FF,FF,FF,FF,FF
78554,8252,0x10FF6500,1,8,FC,FF,FF,FF,FF,FF,FF,FF
78555,8253,0x18F00500,1,8,FF,FF,FF,FF,20,2D,FF,FF
78555,8254,0x18FEF200,1,8,18,00,00,00,00,00,00,FF
78562,8255,0xCF00400,1,8,FF,FF,FF,2E,3F,FF,FF,FF
78563,8256,0xCFF6600,1,8,E5,07,FF,FF,FF,FF,FF,FF
78582,8257,0xCF00400,1,8,FF,FF,FF,AA,3F,FF,FF,FF
78583,8258,0xCFF6600,1,8,F5,07,FF,FF,FF,FF,FF,FF
78602,8259,0xCF00400,1,8,FF,FF,FF,AA,3F,FF,FF,FF
78603,8260,0xCFF6600,1,8,F5,07,FF,FF,FF,FF,FF,FF
78622,8261,0xCF00400,1,8,FF,FF,FF,40,40,FF,FF,FF
78623,8262,0xCFF6600,1,8,08,08,FF,FF,FF,FF,FF,FF
78642,8263,0xCF00400,1,8,FF,FF,FF,46,40,FF,FF,FF
78643,8264,0xCFF6600,1,8,08,08,FF,FF,FF,FF,FF,FF
78653,8265,0x18FEF100,1,8,3F,00,00,FF,FF,FF,FF,FF
78654,8266,0x18F00500,1,8,FF,FF,FF,FF,20,2D,FF,FF
78655,8267,0x18F00600,1,8,FF,FF,FF,FF,FF,FF,FF,FF
78655,8268,0x18FEF200,1,8,18,00,00,00,00,00,00,FF
78656,8269,0x1CFDDF00,1,8,FE,FF,FF,FF,FF,FF,FF,FF
78656,8270,0x1CFF6A00,1,8,FC,FF,FF,FF,FF,FF,FF,FF
78662,8271,0xCF00400,1,8,FF,FF,FF,46,40,FF,FF,FF
78663,8272,0xCFF6600,1,8,08,08,FF,FF,FF,FF,FF,FF
78682,8273,0xCF00400,1,8,FF,FF,FF,CE,3F,FF,FF,FF
78683,8274,0xCFF6600,1,8,F9,07,FF,FF,FF,FF,FF,FF
78702,8275,0xCF00400,1,8,FF,FF,FF,42,3F,FF,FF,FF
78703,8276,0xCFF6600,1,8,E8,07,FF,FF,FF,FF,FF,FF
78722,8277,0xCF00400,1,8,FF,FF,FF,42,3F,FF,FF,FF
78723,8278,0xCFF6600,1,8,E8,07,FF,FF,FF,FF,FF,FF
78742,8279,0xCF00400,1,8,FF,FF,FF,9E,3E,FF,FF,FF
78743,8280,0xCFF6600,1,8,D3,07,FF,FF,FF,FF,FF,FF
78753,8281,0x18FEF100,1,8,3F,00,00,FF,FF,FF,FF,FF
78753,8282,0x10FF6500,1,8,FC,FF,FF,FF,FF,FF,FF,FF
78754,8283,0x18F00500,1,8,FF,FF,FF,FF,20,2D,FF,FF
78754,8284,0x18FEF200,1,8,18,00,00,00,00,00,00,FF
78762,8285,0xCF00400,1,8,FF,FF,FF,6C,3E,FF,FF,FF
78763,8286,0xCFF6600,1,8,CD,07,FF,FF,FF,FF,FF,FF
78782,8287,0xCF00400,1,8,FF,FF,FF,6C,3E,FF,FF,FF
78783,8288,0xCFF6600,1,8,CD,07,FF,FF,FF,FF,FF,FF
78802,8289,0xCF00400,1,8,FF,FF,FF,A2,3E,FF,FF,FF
78803,8290,0xCFF6600,1,8,D4,07,FF,FF,FF,FF,FF,FF
78812,8291,0x18FEEE00,1,8,46,FF,FF,FF,FF,FF,FF,FF
78812,8292,0x18FDE500,1,8,0A,14,1E,28,32,3C,46,13
78822,8293,0xCF00400,1,8,FF,FF,FF,90,3E,FF,FF,FF
78823,8294,0xCFF6600,1,8,D2,07,FF,FF,FF,FF,FF,FF
78832,8295,0x1CECFF00,1,8,20,0E,00,02,FF,CA,FE,00
78842,8296,0xCF00400,1,8,FF,FF,FF,90,3E,FF,FF,FF
78843,8297,0xCFF6600,1,8,D2,07,FF,FF,FF,FF,FF,FF
78853,8298,0x18FEF100,1,8,3F,00,00,FF,FF,FF,FF,FF
78854,8299,0x18F00500,1,8,FF,FF,FF,FF,20,2D,FF,FF
78854,8300,0x18FEF200,1,8,19,00,00,00,00,00,00,FF
78862,8301,0xCF00400,1,8,FF,FF,FF,40,3E,FF,FF,FF
78863,8302,0xCFF6600,1,8,C8,07,FF,FF,FF,FF,FF,FF
78882,8303,0xCF00400,1,8,FF,FF,FF,58,3E,FF,FF,FF
78883,8304,0xCFF6600,1,8,CB,07,FF,FF,FF,FF,FF,FF
78883,8305,0x1CEBFF00,1,8,01,40,FF,0F,F0,E5,01,02
78902,8306,0xCF00400,1,8,FF,FF,FF,58,3E,FF,FF,FF
78903,8307,0xCFF6600,1,8,CB,07,FF,FF,FF,FF,FF,FF
78922,8308,0xCF00400,1,8,FF,FF,FF,BC,3E,FF,FF,FF
78923,8309,0xCFF6600,1,8,D7,07,FF,FF,FF,FF,FF,FF
78932,8310,0x1CEBFF00,1,8,02,F0,E3,02,6E,00,03,01
78942,8311,0xCF00400,1,8,FF,FF,FF,6E,3E,FF,FF,FF
78943,8312,0xCFF6600,1,8,CD,07,FF,FF,FF,FF,FF,FF
78953,8313,0x18FEF100,1,8,3F,00,00,FF,FF,FF,FF,FF
78954,8314,0x10FF6500,1,8,FC,FF,FF,FF,FF,FF,FF,FF
78954,8315,0x18F00500,1,8,FF,FF,FF,FF,20,2D,FF,FF
78955,8316,0x18FEF200,1,8,19,00,00,00,00,00,00,FF
78962,8317,0xCF00400,1,8,FF,FF,FF,6E,3E,FF,FF,FF
78963,8318,0xCFF6600,1,8,CD,07,FF,FF,FF,FF,FF,FF
78982,8319,0xCF00400,1,8,FF,FF,FF,8A,3D,FF,FF,FF
78983,8320,0xCFF6600,1,8,B1,07,FF,FF,FF,FF,FF,FF
79002,8321,0xCF00400,1,8,FF,FF,FF,F2,3C,FF,FF,FF
79003,8322,0xCFF6600,1,8,9E,07,FF,FF,FF,FF,FF,FF
79022,8323,0xCF00400,1,8,FF,FF,FF,F2,3C,FF,FF,FF
79023,8324,0xCFF6600,1,8,9E,07,FF,FF,FF,FF,FF,FF
79042,8325,0xCF00400,1,8,FF,FF,FF,9E,3C,FF,FF,FF
79043,8326,0xCFF6600,1,8,93,07,FF,FF,FF,FF,FF,FF
79053,8327,0x18FEF100,1,8,3F,00,00,FF,FF,FF,FF,FF
79054,8328,0x18F00500,1,8,FF,FF,FF,FF,20,2D,FF,FF
79054,8329,0x18FEF200,1,8,19,00,00,00,00,00,00,FF
79063,8330,0xCF00400,1,8,FF,FF,FF,72,3C,FF,FF,FF
79063,8331,0xCFF6600,1,8,8E,07,FF,FF,FF,FF,FF,FF
79082,8332,0xCF00400,1,8,FF,FF,FF,72,3C,FF,FF,FF
79083,8333,0xCFF6600,1,8,8E,07,FF,FF,FF,FF,FF,FF
79102,8334,0xCF00400,1,8,FF,FF,FF,6E,3C,FF,FF,FF
79103,8335,0xCFF6600,1,8,8D,07,FF,FF,FF,FF,FF,FF
79122,8336,0xCF00400,1,8,FF,FF,FF,6E,3C,FF,FF,FF
79123,8337,0xCFF6600,1,8,8D,07,FF,FF,FF,FF,FF,FF
79142,8338,0xCF00400,1,8,FF,FF,FF,96,3C,FF,FF,FF
79143,8339,0xCFF6600,1,8,92,07,FF,FF,FF,FF,FF,FF
79153,8340,0x18FEF100,1,8,3F,00,00,FF,FF,FF,FF,FF
79153,8341,0x10FF6500,1,8,FC,FF,FF,FF,FF,FF,FF,FF
79154,8342,0x18F00500,1,8,FF,FF,FF,FF,20,2D,FF,FF
79154,8343,0x18F00600,1,8,FF,FF,FF,FF,FF,FF,FF,FF
79155,8344,0x18FEF200,1,8,19,00,00,00,00,00,00,FF
79156,8345,0x1CFDDF00,1,8,FE,FF,FF,FF,FF,FF,FF,FF
79156,8346,0x1CFF6A00,1,8,FC,FF,FF,FF,FF,FF,FF,FF
79162,8347,0xCF00400,1,8,FF,FF,FF,EA,3C,FF,FF,FF
79163,8348,0xCFF6600,1,8,9D,07,FF,FF,FF,FF,FF,FF
79182,8349,0xCF00400,1,8,FF,FF,FF,EA,3C,FF,FF,FF
79183,8350,0xCFF6600,1,8,9D,07,FF,FF,FF,FF,FF,FF
79202,8351,0xCF00400,1,8,FF,FF,FF,42,3D,FF,FF,FF
79203,8352,0xCFF6600,1,8,A8,07,FF,FF,FF,FF,FF,FF
79222,8353,0xCF00400,1,8,FF,FF,FF,92,3D,FF,FF,FF
79223,8354,0xCFF6600,1,8,B2,07,FF,FF,FF,FF,FF,FF
79242,8355,0xCF00400,1,8,FF,FF,FF,92,3D,FF,FF,FF
79243,8356,0xCFF6600,1,8,B2,07,FF,FF,FF,FF,FF,FF
79253,8357,0x18FEF100,1,8,3F,00,00,FF,FF,FF,FF,FF
79254,8358,0x18F00500,1,8,FF,FF,FF,FF,20,2D,FF,FF
79254,8359,0x18FEF200,1,8,19,00,00,00,00,00,00,FF
79262,8360,0xCF00400,1,8,FF,FF,FF,CA,3D,FF,FF,FF
79263,8361,0xCFF6600,1,8,B9,07,FF,FF,FF,FF,FF,FF
79282,8362,0xCF00400,1,8,FF,FF,FF,E0,3D,FF,FF,FF
79283,8363,0xCFF6600,1,8,BC,07,FF,FF,FF,FF,FF,FF
79302,8364,0xCF00400,1,8,FF,FF,FF,E0,3D,FF,FF,FF
79303,8365,0xCFF6600,1,8,BC,07,FF,FF,FF,FF,FF,FF
79322,8366,0xCF00400,1,8,FF,FF,FF,A2,3D,FF,FF,FF
79323,8367,0xCFF6600,1,8,B4,07,FF,FF,FF,FF,FF,FF
79342,8368,0xCF00400,1,8,FF,FF,FF,1A,3D,FF,FF,FF
79343,8369,0xCFF6600,1,8,A3,07,FF,FF,FF,FF,FF,FF
79353,8370,0x18FEF100,1,8,3F,00,00,FF,FF,FF,FF,FF
79353,8371,0x18F00500,1,8,FF,FF,FF,FF,20,2D,FF,FF
79354,8372,0x10FF6500,1,8,FC,FF,FF,FF,FF,FF,FF,FF
79354,8373,0x18FEF200,1,8,19,00,00,00,00,00,00,FF
79362,8374,0xCF00400,1,8,FF,FF,FF,1A,3D,FF,FF,FF
79363,8375,0xCFF6600,1,8,A3,07,FF,FF,FF,FF,FF,FF
79382,8376,0xCF00400,1,8,FF,FF,FF,98,3C,FF,FF,FF
79383,8377,0xCFF6600,1,8,93,07,FF,FF,FF,FF,FF,FF
79402,8378,0xCF00400,1,8,FF,FF,FF,1C,3C,FF,FF,FF
79403,8379,0xCFF6600,1,8,83,07,FF,FF,FF,FF,FF,FF
79422,8380,0xCF00400,1,8,FF,FF,FF,1C,3C,FF,FF,FF
79423,8381,0xCFF6600,1,8,83,07,FF,FF,FF,FF,FF,FF
79442,8382,0xCF00400,1,8,FF,FF,FF,FC,3B,FF,FF,FF
79443,8383,0xCFF6600,1,8,7F,07,FF,FF,FF,FF,FF,FF
79453,8384,0x18FEF100,1,8,3F,00,00,FF,FF,FF,FF,FF
79454,8385,0x18F00500,1,8,FF,FF,FF,FF,20,2D,FF,FF
79454,8386,0x18FEF200,1,8,19,00,00,00,00,00,00,FF
79463,8387,0xCF00400,1,8,FF,FF,FF,30,3C,FF,FF,FF
79463,8388,0xCFF6600,1,8,86,07,FF,FF,FF,FF,FF,FF
79482,8389,0xCF00400,1,8,FF,FF,FF,30,3C,FF,FF,FF
79483,8390,0xCFF6600,1,8,86,07,FF,FF,FF,FF,FF,FF
79502,8391,0xCF00400,1,8,FF,FF,FF,BA,3B,FF,FF,FF
79503,8392,0xCFF6600,1,8,77,07,FF,FF,FF,FF,FF,FF
79522,8393,0xCF00400,1,8,FF,FF,FF,BA,3B,FF,FF,FF
79523,8394,0xCFF6600,1,8,77,07,FF,FF,FF,FF,FF,FF
79542,8395,0xCF00400,1,8,FF,FF,FF,A4,3A,FF,FF,FF
79543,8396,0xCFF6600,1,8,54,07,FF,FF,FF,FF,FF,FF
79553,8397,0x18FEF100,1,8,3F,00,00,FF,FF,FF,FF,FF
79554,8398,0x10FF6500,1,8,FC,FF,FF,FF,FF,FF,FF,FF
79554,8399,0x18F00500,1,8,FF,FF,FF,FF,20,2D,FF,FF
79555,8400,0x18FEF200,1,8,19,00,00,00,00,00,00,FF
79562,8401,0xCF00400,1,8,FF,FF,FF,C4,3A,FF,FF,FF
79563,8402,0xCFF6600,1,8,58,07,FF,FF,FF,FF,FF,FF
79582,8403,0xCF00400,1,8,FF,FF,FF,C4,3A,FF,FF,FF
79583,8404,0xCFF6600,1,8,58,07,FF,FF,FF,FF,FF,FF
79602,8405,0xCF00400,1,8,FF,FF,FF,F8,3B,FF,FF,FF
79603,8406,0xCFF6600,1,8,7F,07,FF,FF,FF,FF,FF,FF
79622,8407,0xCF00400,1,8,FF,FF,FF,7A,3C,FF,FF,FF
79623,8408,0xCFF6600,1,8,8F,07,FF,FF,FF,FF,FF,FF
79642,8409,0xCF00400,1,8,FF,FF,FF,7A,3C,FF,FF,FF
79643,8410,0xCFF6600,1,8,8F,07,FF,FF,FF,FF,FF,FF
79653,8411,0x18FEF100,1,8,3F,00,00,FF,FF,FF,FF,FF
79654,8412,0x18F00500,1,8,FF,FF,FF,FF,20,2D,FF,FF
79654,8413,0x18F00600,1,8,FF,FF,FF,FF,FF,FF,FF,FF
79655,8414,0x18FEF200,1,8,19,00,00,00,00,00,00,FF
79655,8415,0x1CFDDF00,1,8,FE,FF,FF,FF,FF,FF,FF,FF
79656,8416,0x1CFF6A00,1,8,FC,FF,FF,FF,FF,FF,FF,FF
79662,8417,0xCF00400,1,8,FF,FF,FF,50,3C,FF,FF,FF
79663,8418,0xCFF6600,1,8,8A,07,FF,FF,FF,FF,FF,FF
79683,8419,0xCF00400,1,8,FF,FF,FF,AA,3B,FF,FF,FF
79683,8420,0xCFF6600,1,8,75,07,FF,FF,FF,FF,FF,FF
79702,8421,0xCF00400,1,8,FF,FF,FF,AA,3B,FF,FF,FF
79703,8422,0xCFF6600,1,8,75,07,FF,FF,FF,FF,FF,FF
79722,8423,0xCF00400,1,8,FF,FF,FF,A6,3A,FF,FF,FF
79723,8424,0xCFF6600,1,8,54,07,FF,FF,FF,FF,FF,FF
79742,8425,0xCF00400,1,8,FF,FF,FF,A6,3A,FF,FF,FF
79743,8426,0xCFF6600,1,8,54,07,FF,FF,FF,FF,FF,FF
79744,8427,0x18FEFC17,1,8,FF,1E,FF,FF,FF,FF,FF,FF
79753,8428,0x18FEF100,1,8,3F,00,00,FF,FF,FF,FF,FF
79754,8429,0x10FF6500,1,8,FC,FF,FF,FF,FF,FF,FF,FF
79754,8430,0x18F00500,1,8,FF,FF,FF,FF,20,2D,FF,FF
79755,8431,0x18FEF200,1,8,19,00,00,00,00,00,00,FF
79762,8432,0xCF00400,1,8,FF,FF,FF,A6,3A,FF,FF,FF
79763,8433,0xCFF6600,1,8,54,07,FF,FF,FF,FF,FF,FF
79764,8434,0x18FEF517,1,8,FF,FF,FF,20,1D,FF,FF,FF
79782,8435,0xCF00400,1,8,FF,FF,FF,9C,3B,FF,FF,FF
79783,8436,0xCFF6600,1,8,73,07,FF,FF,FF,FF,FF,FF
79787,8437,0x18FEC117,1,8,F0,1D,00,00,03,1E,00,00
79802,8438,0xCF00400,1,8,FF,FF,FF,9C,3B,FF,FF,FF
79803,8439,0xCFF6600,1,8,73,07,FF,FF,FF,FF,FF,FF
79812,8440,0x18FEEE00,1,8,46,FF,FF,FF,FF,FF,FF,FF
79812,8441,0x18FDE500,1,8,0A,14,1E,28,32,3C,46,13
79822,8442,0xCF00400,1,8,FF,FF,FF,92,3B,FF,FF,FF
79823,8443,0xCFF6600,1,8,72,07,FF,FF,FF,FF,FF,FF
79832,8444,0x1CECFF00,1,8,20,0E,00,02,FF,CA,FE,00
79843,8445,0xCF00400,1,8,FF,FF,FF,9C,3A,FF,FF,FF
79843,8446,0xCFF6600,1,8,53,07,FF,FF,FF,FF,FF,FF
79853,8447,0x18FEF100,1,8,3F,00,00,FF,FF,FF,FF,FF
79854,8448,0x18F00500,1,8,FF,FF,FF,FF,20,2D,FF,FF
79854,8449,0x18FEF200,1,8,18,00,00,00,00,00,00,FF
79862,8450,0xCF00400,1,8,FF,FF,FF,9C,3A,FF,FF,FF
79863,8451,0xCFF6600,1,8,53,07,FF,FF,FF,FF,FF,FF
79882,8452,0xCF00400,1,8,FF,FF,FF,74,3A,FF,FF,FF
79883,8453,0xCFF6600,1,8,4E,07,FF,FF,FF,FF,FF,FF
79883,8454,0x1CEBFF00,1,8,01,40,FF,0F,F0,E5,01,02
79902,8455,0xCF00400,1,8,FF,FF,FF,74,3A,FF,FF,FF
79903,8456,0xCFF6600,1,8,4E,07,FF,FF,FF,FF,FF,FF
79922,8457,0xCF00400,1,8,FF,FF,FF,08,3B,FF,FF,FF
79923,8458,0xCFF6600,1,8,61,07,FF,FF,FF,FF,FF,FF
79932,8459,0x1CEBFF00,1,8,02,F0,E3,02,6E,00,03,01
79942,8460,0xCF00400,1,8,FF,FF,FF,5C,3B,FF,FF,FF
79943,8461,0xCFF6600,1,8,6B,07,FF,FF,FF,FF,FF,FF
79953,8462,0x18FEF100,1,8,3F,00,00,FF,FF,FF,FF,FF
79954,8463,0x10FF6500,1,8,FC,FF,FF,FF,FF,FF,FF,FF
79954,8464,0x18F00500,1,8,FF,FF,FF,FF,20,2D,FF,FF
79955,8465,0x18FEF200,1,8,18,00,00,00,00,00,00,FF
79962,8466,0xCF00400,1,8,FF,FF,FF,5C,3B,FF,FF,FF
79963,8467,0xCFF6600,1,8,6B,07,FF,FF,FF,FF,FF,FF
79982,8468,0xCF00400,1,8,FF,FF,FF,82,3B,FF,FF,FF
79983,8469,0xCFF6600,1,8,70,07,FF,FF,FF,FF,FF,FF
80002,8470,0xCF00400,1,8,FF,FF,FF,7A,3B,FF,FF,FF
80003,8471,0xCFF6600,1,8,6F,07,FF,FF,FF,FF,FF,FF
80022,8472,0xCF00400,1,8,FF,FF,FF,7A,3B,FF,FF,FF
80023,8473,0xCFF6600,1,8,6F,07,FF,FF,FF,FF,FF,FF
80042,8474,0xCF00400,1,8,FF,FF,FF,4E,3B,FF,FF,FF
80043,8475,0xCFF6600,1,8,69,07,FF,FF,FF,FF,FF,FF
80053,8476,0x18FEF100,1,8,3F,00,00,FF,FF,FF,FF,FF
80054,8477,0x18F00500,1,8,FF,FF,FF,FF,20,2D,FF,FF
80054,8478,0x18FEF200,1,8,18,00,00,00,00,00,00,FF
80062,8479,0xCF00400,1,8,FF,FF,FF,4E,3B,FF,FF,FF
80063,8480,0xCFF6600,1,8,69,07,FF,FF,FF,FF,FF,FF
80082,8481,0xCF00400,1,8,FF,FF,FF,5A,3B,FF,FF,FF
80083,8482,0xCFF6600,1,8,6B,07,FF,FF,FF,FF,FF,FF
80102,8483,0xCF00400,1,8,FF,FF,FF,92,3B,FF,FF,FF
80103,8484,0xCFF6600,1,8,72,07,FF,FF,FF,FF,FF,FF
80122,8485,0xCF00400,1,8,FF,FF,FF,92,3B,FF,FF,FF
80123,8486,0xCFF6600,1,8,72,07,FF,FF,FF,FF,FF,FF
80142,8487,0xCF00400,1,8,FF,FF,FF,82,3B,FF,FF,FF
80143,8488,0xCFF6600,1,8,70,07,FF,FF,FF,FF,FF,FF
80153,8489,0x18FEF100,1,8,3F,00,00,FF,FF,FF,FF,FF
80154,8490,0x10FF6500,1,8,FC,FF,FF,FF,FF,FF,FF,FF
80154,8491,0x18F00500,1,8,FF,FF,FF,FF,20,2D,FF,FF
80155,8492,0x18F00600,1,8,FF,FF,FF,FF,FF,FF,FF,FF
80155,8493,0x18FEF200,1,8,18,00,00,00,00,00,00,FF
80156,8494,0x1CFDDF00,1,8,FE,FF,FF,FF,FF,FF,FF,FF
80156,8495,0x1CFF6A00,1,8,FC,FF,FF,FF,FF,FF,FF,FF
80162,8496,0xCF00400,1,8,FF,FF,FF,3A,3B,FF,FF,FF
80163,8497,0xCFF6600,1,8,67,07,FF,FF,FF,FF,FF,FF
80182,8498,0xCF00400,1,8,FF,FF,FF,3A,3B,FF,FF,FF
80183,8499,0xCFF6600,1,8,67,07,FF,FF,FF,FF,FF,FF
80202,8500,0xCF00400,1,8,FF,FF,FF,3A,3B,FF,FF,FF
80203,8501,0xCFF6600,1,8,67,07,FF,FF,FF,FF,FF,FF
80222,8502,0xCF00400,1,8,FF,FF,FF,7E,3B,FF,FF,FF
80223,8503,0xCFF6600,1,8,6F,07,FF,FF,FF,FF,FF,FF
80242,8504,0xCF00400,1,8,FF,FF,FF,7E,3B,FF,FF,FF
80243,8505,0xCFF6600,1,8,6F,07,FF,FF,FF,FF,FF,FF
80254,8506,0x18FEF100,1,8,3F,00,00,FF,FF,FF,FF,FF
80254,8507,0x18F00500,1,8,FF,FF,FF,FF,20,2D,FF,FF
80255,8508,0x18FEF200,1,8,18,00,00,00,00,00,00,FF
80262,8509,0xCF00400,1,8,FF,FF,FF,EC,3A,FF,FF,FF
80263,8510,0xCFF6600,1,8,5D,07,FF,FF,FF,FF,FF,FF
80282,8511,0xCF00400,1,8,FF,FF,FF,EC,3A,FF,FF,FF
80283,8512,0xCFF6600,1,8,5D,07,FF,FF,FF,FF,FF,FF
80302,8513,0xCF00400,1,8,FF,FF,FF,92,39,FF,FF,FF
80303,8514,0xCFF6600,1,8,32,07,FF,FF,FF,FF,FF,FF
80322,8515,0xCF00400,1,8,FF,FF,FF,86,39,FF,FF,FF
80323,8516,0xCFF6600,1,8,30,07,FF,FF,FF,FF,FF,FF
80342,8517,0xCF00400,1,8,FF,FF,FF,86,39,FF,FF,FF
80343,8518,0xCFF6600,1,8,30,07,FF,FF,FF,FF,FF,FF
80353,8519,0x18FEF100,1,8,3F,00,00,FF,FF,FF,FF,FF
80354,8520,0x10FF6500,1,8,FC,FF,FF,FF,FF,FF,FF,FF
80354,8521,0x18F00500,1,8,FF,FF,FF,FF,20,2D,FF,FF
80355,8522,0x18FEF200,1,8,18,00,00,00,00,00,00,FF
80362,8523,0xCF00400,1,8,FF,FF,FF,98,3A,FF,FF,FF
80363,8524,0xCFF6600,1,8,53,07,FF,FF,FF,FF,FF,FF
80383,8525,0xCF00400,1,8,FF,FF,FF,14,3B,FF,FF,FF
80383,8526,0xCFF6600,1,8,62,07,FF,FF,FF,FF,FF,FF
80402,8527,0xCF00400,1,8,FF,FF,FF,14,3B,FF,FF,FF
80403,8528,0xCFF6600,1,8,62,07,FF,FF,FF,FF,FF,FF
80422,8529,0xCF00400,1,8,FF,FF,FF,18,3B,FF,FF,FF
80423,8530,0xCFF6600,1,8,63,07,FF,FF,FF,FF,FF,FF
80442,8531,0xCF00400,1,8,FF,FF,FF,18,3B,FF,FF,FF
80443,8532,0xCFF6600,1,8,63,07,FF,FF,FF,FF,FF,FF
80453,8533,0x18FEF100,1,8,3F,00,00,FF,FF,FF,FF,FF
80454,8534,0x18F00500,1,8,FF,FF,FF,FF,20,2D,FF,FF
80454,8535,0x18FEF200,1,8,18,00,00,00,00,00,00,FF
80462,8536,0xCF00400,1,8,FF,FF,FF,34,3B,FF,FF,FF
80463,8537,0xCFF6600,1,8,66,07,FF,FF,FF,FF,FF,FF
80482,8538,0xCF00400,1,8,FF,FF,FF,6C,3B,FF,FF,FF
80483,8539,0xCFF6600,1,8,6D,07,FF,FF,FF,FF,FF,FF
80502,8540,0xCF00400,1,8,FF,FF,FF,6C,3B,FF,FF,FF
80503,8541,0xCFF6600,1,8,6D,07,FF,FF,FF,FF,FF,FF
80522,8542,0xCF00400,1,8,FF,FF,FF,C4,3B,FF,FF,FF
80523,8543,0xCFF6600,1,8,78,07,FF,FF,FF,FF,FF,FF
80542,8544,0xCF00400,1,8,FF,FF,FF,3A,3C,FF,FF,FF
80543,8545,0xCFF6600,1,8,87,07,FF,FF,FF,FF,FF,FF
80553,8546,0x18FEF100,1,8,3F,00,00,FF,FF,FF,FF,FF
80553,8547,0x10FF6500,1,8,FC,FF,FF,FF,FF,FF,FF,FF
80554,8548,0x18F00500,1,8,FF,FF,FF,FF,20,2D,FF,FF
80554,8549,0x18FEF200,1,8,18,00,00,00,00,00,00,FF
80562,8550,0xCF00400,1,8,FF,FF,FF,3A,3C,FF,FF,FF
80563,8551,0xCFF6600,1,8,87,07,FF,FF,FF,FF,FF,FF
80582,8552,0xCF00400,1,8,FF,FF,FF,C6,3C,FF,FF,FF
80583,8553,0xCFF6600,1,8,98,07,FF,FF,FF,FF,FF,FF
80602,8554,0xCF00400,1,8,FF,FF,FF,62,3D,FF,FF,FF
80603,8555,0xCFF6600,1,8,AC,07,FF,FF,FF,FF,FF,FF
80622,8556,0xCF00400,1,8,FF,FF,FF,62,3D,FF,FF,FF
80623,8557,0xCFF6600,1,8,AC,07,FF,FF,FF,FF,FF,FF
80642,8558,0xCF00400,1,8,FF,FF,FF,2C,3D,FF,FF,FF
80643,8559,0xCFF6600,1,8,A5,07,FF,FF,FF,FF,FF,FF
80653,8560,0x18FEF100,1,8,3F,00,00,FF,FF,FF,FF,FF
80654,8561,0x18F00500,1,8,FF,FF,FF,FF,20,2D,FF,FF
80654,8562,0x18F00600,1,8,FF,FF,FF,FF,FF,FF,FF,FF
80655,8563,0x18FEF200,1,8,18,00,00,00,00,00,00,FF
80655,8564,0x1CFDDF00,1,8,FE,FF,FF,FF,FF,FF,FF,FF
80656,8565,0x1CFF6A00,1,8,FC,FF,FF,FF,FF,FF,FF,FF
80663,8566,0xCF00400,1,8,FF,FF,FF,3A,3C,FF,FF,FF
80663,8567,0xCFF6600,1,8,87,07,FF,FF,FF,FF,FF,FF
80682,8568,0xCF00400,1,8,FF,FF,FF,3A,3C,FF,FF,FF
80683,8569,0xCFF6600,1,8,87,07,FF,FF,FF,FF,FF,FF
80702,8570,0xCF00400,1,8,FF,FF,FF,2A,3C,FF,FF,FF
80703,8571,0xCFF6600,1,8,85,07,FF,FF,FF,FF,FF,FF
80722,8572,0xCF00400,1,8,FF,FF,FF,2A,3C,FF,FF,FF
80723,8573,0xCFF6600,1,8,85,07,FF,FF,FF,FF,FF,FF
80742,8574,0xCF00400,1,8,FF,FF,FF,E4,3C,FF,FF,FF
80743,8575,0xCFF6600,1,8,9C,07,FF,FF,FF,FF,FF,FF
80753,8576,0x18FEF100,1,8,3F,00,00,FF,FF,FF,FF,FF
80754,8577,0x10FF6500,1,8,FC,FF,FF,FF,FF,FF,FF,FF
80754,8578,0x18F00500,1,8,FF,FF,FF,FF,20,2D,FF,FF
80755,8579,0x18FEF200,1,8,18,00,00,00,00,00,00,FF
80762,8580,0xCF00400,1,8,FF,FF,FF,26,3D,FF,FF,FF
80763,8581,0xCFF6600,1,8,A4,07,FF,FF,FF,FF,FF,FF
80782,8582,0xCF00400,1,8,FF,FF,FF,26,3D,FF,FF,FF
80783,8583,0xCFF6600,1,8,A4,07,FF,FF,FF,FF,FF,FF
80802,8584,0xCF00400,1,8,FF,FF,FF,0A,3D,FF,FF,FF
80803,8585,0xCFF6600,1,8,A1,07,FF,FF,FF,FF,FF,FF
80812,8586,0x18FEEE00,1,8,46,FF,FF,FF,FF,FF,FF,FF
80812,8587,0x18FDE500,1,8,0A,14,1E,28,32,3C,46,13
80822,8588,0xCF00400,1,8,FF,FF,FF,AA,3C,FF,FF,FF
80823,8589,0xCFF6600,1,8,95,07,FF,FF,FF,FF,FF,FF
80832,8590,0x1CECFF00,1,8,20,0E,00,02,FF,CA,FE,00
80842,8591,0xCF00400,1,8,FF,FF,FF,AA,3C,FF,FF,FF
80843,8592,0xCFF6600,1,8,95,07,FF,FF,FF,FF,FF,FF
80853,8593,0x18FEF100,1,8,3F,00,00,FF,FF,FF,FF,FF
80854,8594,0x18F00500,1,8,FF,FF,FF,FF,20,2D,FF,FF
80854,8595,0x18FEF200,1,8,18,00,00,00,00,00,00,FF
80862,8596,0xCF00400,1,8,FF,FF,FF,04,3C,FF,FF,FF
80863,8597,0xCFF6600,1,8,80,07,FF,FF,FF,FF,FF,FF
80882,8598,0xCF00400,1,8,FF,FF,FF,C6,3B,FF,FF,FF
80883,8599,0xCFF6600,1,8,78,07,FF,FF,FF,FF,FF,FF
80883,8600,0x1CEBFF00,1,8,01,40,FF,0F,F0,E5,01,02
80902,8601,0xCF00400,1,8,FF,FF,FF,C6,3B,FF,FF,FF
80903,8602,0xCFF6600,1,8,78,07,FF,FF,FF,FF,FF,FF
80922,8603,0xCF00400,1,8,FF,FF,FF,F0,3B,FF,FF,FF
80923,8604,0xCFF6600,1,8,7E,07,FF,FF,FF,FF,FF,FF
80932,8605,0x1CEBFF00,1,8,02,F0,E3,02,6E,00,03,01
80942,8606,0xCF00400,1,8,FF,FF,FF,22,3C,FF,FF,FF
80943,8607,0xCFF6600,1,8,84,07,FF,FF,FF,FF,FF,FF
80953,8608,0x18FEF100,1,8,3F,00,00,FF,FF,FF,FF,FF
80954,8609,0x10FF6500,1,8,FC,FF,FF,FF,FF,FF,FF,FF
80954,8610,0x18F00500,1,8,FF,FF,FF,FF,20,2D,FF,FF
80955,8611,0x18FEF200,1,8,18,00,00,00,00,00,00,FF
80962,8612,0xCF00400,1,8,FF,FF,FF,22,3C,FF,FF,FF
80963,8613,0xCFF6600,1,8,84,07,FF,FF,FF,FF,FF,FF
80982,8614,0xCF00400,1,8,FF,FF,FF,60,3C,FF,FF,FF
80983,8615,0xCFF6600,1,8,8C,07,FF,FF,FF,FF,FF,FF
81002,8616,0xCF00400,1,8,FF,FF,FF,60,3C,FF,FF,FF
81003,8617,0xCFF6600,1,8,8C,07,FF,FF,FF,FF,FF,FF
81022,8618,0xCF00400,1,8,FF,FF,FF,5E,3C,FF,FF,FF
81023,8619,0xCFF6600,1,8,8B,07,FF,FF,FF,FF,FF,FF
81042,8620,0xCF00400,1,8,FF,FF,FF,1E,3C,FF,FF,FF
81043,8621,0xCFF6600,1,8,83,07,FF,FF,FF,FF,FF,FF
81053,8622,0x18FEF100,1,8,3F,00,00,FF,FF,FF,FF,FF
81054,8623,0x18F00500,1,8,FF,FF,FF,FF,20,2D,FF,FF
81054,8624,0x18FEF200,1,8,18,00,00,00,00,00,00,FF
81062,8625,0xCF00400,1,8,FF,FF,FF,1E,3C,FF,FF,FF
81063,8626,0xCFF6600,1,8,83,07,FF,FF,FF,FF,FF,FF
81082,8627,0xCF00400,1,8,FF,FF,FF,EC,3B,FF,FF,FF
81083,8628,0xCFF6600,1,8,7D,07,FF,FF,FF,FF,FF,FF
81102,8629,0xCF00400,1,8,FF,FF,FF,C0,3B,FF,FF,FF
81103,8630,0xCFF6600,1,8,78,07,FF,FF,FF,FF,FF,FF
81122,8631,0xCF00400,1,8,FF,FF,FF,C0,3B,FF,FF,FF
81123,8632,0xCFF6600,1,8,78,07,FF,FF,FF,FF,FF,FF
81142,8633,0xCF00400,1,8,FF,FF,FF,88,3B,FF,FF,FF
81143,8634,0xCFF6600,1,8,71,07,FF,FF,FF,FF,FF,FF
81153,8635,0x18FEF100,1,8,3F,00,00,FF,FF,FF,FF,FF
81154,8636,0x10FF6500,1,8,FC,FF,FF,FF,FF,FF,FF,FF
81154,8637,0x18F00500,1,8,FF,FF,FF,FF,20,2D,FF,FF
81155,8638,0x18F00600,1,8,FF,FF,FF,FF,FF,FF,FF,FF
81155,8639,0x18FEF200,1,8,18,00,00,00,00,00,00,FF
81156,8640,0x1CFDDF00,1,8,FE,FF,FF,FF,FF,FF,FF,FF
81156,8641,0x1CFF6A00,1,8,FC,FF,FF,FF,FF,FF,FF,FF
81162,8642,0xCF00400,1,8,FF,FF,FF,56,3B,FF,FF,FF
81163,8643,0xCFF6600,1,8,6A,07,FF,FF,FF,FF,FF,FF
81182,8644,0xCF00400,1,8,FF,FF,FF,56,3B,FF,FF,FF
81183,8645,0xCFF6600,1,8,6A,07,FF,FF,FF,FF,FF,FF
81202,8646,0xCF00400,1,8,FF,FF,FF,96,3B,FF,FF,FF
81203,8647,0xCFF6600,1,8,72,07,FF,FF,FF,FF,FF,FF
81222,8648,0xCF00400,1,8,FF,FF,FF,96,3B,FF,FF,FF
81223,8649,0xCFF6600,1,8,72,07,FF,FF,FF,FF,FF,FF
81242,8650,0xCF00400,1,8,FF,FF,FF,36,3C,FF,FF,FF
81243,8651,0xCFF6600,1,8,86,07,FF,FF,FF,FF,FF,FF
81253,8652,0x18FEF100,1,8,3F,00,00,FF,FF,FF,FF,FF
81254,8653,0x18F00500,1,8,FF,FF,FF,FF,20,2D,FF,FF
81254,8654,0x18FEF200,1,8,18,00,00,00,00,00,00,FF
81262,8655,0xCF00400,1,8,FF,FF,FF,E8,3B,FF,FF,FF
81263,8656,0xCFF6600,1,8,7D,07,FF,FF,FF,FF,FF,FF
81282,8657,0xCF00400,1,8,FF,FF,FF,E8,3B,FF,FF,FF
81283,8658,0xCFF6600,1,8,7D,07,FF,FF,FF,FF,FF,FF
81302,8659,0xCF00400,1,8,FF,FF,FF,BC,3A,FF,FF,FF
81303,8660,0xCFF6600,1,8,57,07,FF,FF,FF,FF,FF,FF
81322,8661,0xCF00400,1,8,FF,FF,FF,7A,3A,FF,FF,FF
81323,8662,0xCFF6600,1,8,4F,07,FF,FF,FF,FF,FF,FF
81342,8663,0xCF00400,1,8,FF,FF,FF,7A,3A,FF,FF,FF
81343,8664,0xCFF6600,1,8,4F,07,FF,FF,FF,FF,FF,FF
81353,8665,0x18FEF100,1,8,3F,00,00,FF,FF,FF,FF,FF
81354,8666,0x10FF6500,1,8,FC,FF,FF,FF,FF,FF,FF,FF
81354,8667,0x18F00500,1,8,FF,FF,FF,FF,20,2D,FF,FF
81355,8668,0x18FEF200,1,8,18,00,00,00,00,00,00,FF
81362,8669,0xCF00400,1,8,FF,FF,FF,14,3B,FF,FF,FF
81363,8670,0xCFF6600,1,8,62,07,FF,FF,FF,FF,FF,FF
81383,8671,0xCF00400,1,8,FF,FF,FF,02,3B,FF,FF,FF
81383,8672,0xCFF6600,1,8,60,07,FF,FF,FF,FF,FF,FF
81402,8673,0xCF00400,1,8,FF,FF,FF,02,3B,FF,FF,FF
81403,8674,0xCFF6600,1,8,60,07,FF,FF,FF,FF,FF,FF
81422,8675,0xCF00400,1,8,FF,FF,FF,4C,3A,FF,FF,FF
81423,8676,0xCFF6600,1,8,49,07,FF,FF,FF,FF,FF,FF
81442,8677,0xCF00400,1,8,FF,FF,FF,4C,3A,FF,FF,FF
81443,8678,0xCFF6600,1,8,49,07,FF,FF,FF,FF,FF,FF
81453,8679,0x18FEF100,1,8,3F,00,00,FF,FF,FF,FF,FF
81454,8680,0x18F00500,1,8,FF,FF,FF,FF,20,2D,FF,FF
81454,8681,0x18FEF200,1,8,18,00,00,00,00,00,00,FF
81462,8682,0xCF00400,1,8,FF,FF,FF,14,3A,FF,FF,FF
81463,8683,0xCFF6600,1,8,42,07,FF,FF,FF,FF,FF,FF
81482,8684,0xCF00400,1,8,FF,FF,FF,5A,3A,FF,FF,FF
81483,8685,0xCFF6600,1,8,4B,07,FF,FF,FF,FF,FF,FF
81502,8686,0xCF00400,1,8,FF,FF,FF,5A,3A,FF,FF,FF
81503,8687,0xCFF6600,1,8,4B,07,FF,FF,FF,FF,FF,FF
81522,8688,0xCF00400,1,8,FF,FF,FF,E4,3A,FF,FF,FF
81523,8689,0xCFF6600,1,8,5C,07,FF,FF,FF,FF,FF,FF
81543,8690,0xCF00400,1,8,FF,FF,FF,AE,3B,FF,FF,FF
81543,8691,0xCFF6600,1,8,75,07,FF,FF,FF,FF,FF,FF
81553,8692,0x18FEF100,1,8,3F,00,00,FF,FF,FF,FF,FF
81554,8693,0x10FF6500,1,8,FC,FF,FF,FF,FF,FF,FF,FF
81554,8694,0x18F00500,1,8,FF,FF,FF,FF,20,2D,FF,FF
81555,8695,0x18FEF200,1,8,18,00,00,00,00,00,00,FF
81562,8696,0xCF00400,1,8,FF,FF,FF,AE,3B,FF,FF,FF
81563,8697,0xCFF6600,1,8,75,07,FF,FF,FF,FF,FF,FF
81582,8698,0xCF00400,1,8,FF,FF,FF,38,3C,FF,FF,FF
81583,8699,0xCFF6600,1,8,87,07,FF,FF,FF,FF,FF,FF
81602,8700,0xCF00400,1,8,FF,FF,FF,38,3C,FF,FF,FF
81603,8701,0xCFF6600,1,8,87,07,FF,FF,FF,FF,FF,FF
81622,8702,0xCF00400,1,8,FF,FF,FF,7A,3C,FF,FF,FF
81623,8703,0xCFF6600,1,8,8F,07,FF,FF,FF,FF,FF,FF
81642,8704,0xCF00400,1,8,FF,FF,FF,42,3C,FF,FF,FF
81643,8705,0xCFF6600,1,8,88,07,FF,FF,FF,FF,FF,FF
81653,8706,0x18FEF100,1,8,3F,00,00,FF,FF,FF,FF,FF
81654,8707,0x18F00500,1,8,FF,FF,FF,FF,20,2D,FF,FF
81654,8708,0x18F00600,1,8,FF,FF,FF,FF,FF,FF,FF,FF
81655,8709,0x18FEF200,1,8,18,00,00,00,00,00,00,FF
81655,8710,0x1CFDDF00,1,8,FE,FF,FF,FF,FF,FF,FF,FF
81656,8711,0x1CFF6A00,1,8,FC,FF,FF,FF,FF,FF,FF,FF
81662,8712,0xCF00400,1,8,FF,FF,FF,42,3C,FF,FF,FF
81663,8713,0xCFF6600,1,8,88,07,FF,FF,FF,FF,FF,FF
81682,8714,0xCF00400,1,8,FF,FF,FF,A0,3B,FF,FF,FF
81683,8715,0xCFF6600,1,8,74,07,FF,FF,FF,FF,FF,FF
81702,8716,0xCF00400,1,8,FF,FF,FF,7E,3B,FF,FF,FF
81703,8717,0xCFF6600,1,8,6F,07,FF,FF,FF,FF,FF,FF
81722,8718,0xCF00400,1,8,FF,FF,FF,7E,3B,FF,FF,FF
81723,8719,0xCFF6600,1,8,6F,07,FF,FF,FF,FF,FF,FF
81742,8720,0xCF00400,1,8,FF,FF,FF,D4,3B,FF,FF,FF
81743,8721,0xCFF6600,1,8,7A,07,FF,FF,FF,FF,FF,FF
81753,8722,0x18FEF100,1,8,3F,00,00,FF,FF,FF,FF,FF
81754,8723,0x10FF6500,1,8,FC,FF,FF,FF,FF,FF,FF,FF
81754,8724,0x18F00500,1,8,FF,FF,FF,FF,20,2D,FF,FF
81755,8725,0x18FEF200,1,8,18,00,00,00,00,00,00,FF
81762,8726,0xCF00400,1,8,FF,FF,FF,BC,3B,FF,FF,FF
81763,8727,0xCFF6600,1,8,77,07,FF,FF,FF,FF,FF,FF
81782,8728,0xCF00400,1,8,FF,FF,FF,BC,3B,FF,FF,FF
81783,8729,0xCFF6600,1,8,77,07,FF,FF,FF,FF,FF,FF
81802,8730,0xCF00400,1,8,FF,FF,FF,3A,3B,FF,FF,FF
81803,8731,0xCFF6600,1,8,67,07,FF,FF,FF,FF,FF,FF
81812,8732,0x18FEEE00,1,8,47,FF,FF,FF,FF,FF,FF,FF
81812,8733,0x18FDE500,1,8,0A,14,1E,28,32,3C,46,13
81822,8734,0xCF00400,1,8,FF,FF,FF,3A,3B,FF,FF,FF
81823,8735,0xCFF6600,1,8,67,07,FF,FF,FF,FF,FF,FF
81832,8736,0x1CECFF00,1,8,20,0E,00,02,FF,CA,FE,00
81842,8737,0xCF00400,1,8,FF,FF,FF,96,3B,FF,FF,FF
81843,8738,0xCFF6600,1,8,72,07,FF,FF,FF,FF,FF,FF
81853,8739,0x18FEF100,1,8,3F,00,00,FF,FF,FF,FF,FF
81854,8740,0x18F00500,1,8,FF,FF,FF,FF,20,2D,FF,FF
81854,8741,0x18FEF200,1,8,18,00,00,00,00,00,00,FF
81862,8742,0xCF00400,1,8,FF,FF,FF,B2,3C,FF,FF,FF
81863,8743,0xCFF6600,1,8,96,07,FF,FF,FF,FF,FF,FF
81882,8744,0xCF00400,1,8,FF,FF,FF,B2,3C,FF,FF,FF
81883,8745,0xCFF6600,1,8,96,07,FF,FF,FF,FF,FF,FF
81883,8746,0x1CEBFF00,1,8,01,40,FF,0F,F0,E5,01,02
81902,8747,0xCF00400,1,8,FF,FF,FF,7C,3D,FF,FF,FF
81903,8748,0xCFF6600,1,8,AF,07,FF,FF,FF,FF,FF,FF
81922,8749,0xCF00400,1,8,FF,FF,FF,04,3E,FF,FF,FF
81923,8750,0xCFF6600,1,8,C0,07,FF,FF,FF,FF,FF,FF
81932,8751,0x1CEBFF00,1,8,02,F0,E3,02,6E,00,03,01
81942,8752,0xCF00400,1,8,FF,FF,FF,04,3E,FF,FF,FF
81943,8753,0xCFF6600,1,8,C0,07,FF,FF,FF,FF,FF,FF
81953,8754,0x18FEF100,1,8,3F,00,00,FF,FF,FF,FF,FF
81954,8755,0x10FF6500,1,8,FC,FF,FF,FF,FF,FF,FF,FF
81954,8756,0x18F00500,1,8,FF,FF,FF,FF,20,2D,FF,FF
81955,8757,0x18FEF200,1,8,18,00,00,00,00,00,00,FF
81962,8758,0xCF00400,1,8,FF,FF,FF,0E,3E,FF,FF,FF
81963,8759,0xCFF6600,1,8,C1,07,FF,FF,FF,FF,FF,FF
81982,8760,0xCF00400,1,8,FF,FF,FF,A6,3D,FF,FF,FF
81983,8761,0xCFF6600,1,8,B4,07,FF,FF,FF,FF,FF,FF
82002,8762,0xCF00400,1,8,FF,FF,FF,A6,3D,FF,FF,FF
82003,8763,0xCFF6600,1,8,B4,07,FF,FF,FF,FF,FF,FF
82022,8764,0xCF00400,1,8,FF,FF,FF,8E,3D,FF,FF,FF
82023,8765,0xCFF6600,1,8,B1,07,FF,FF,FF,FF,FF,FF
82042,8766,0xCF00400,1,8,FF,FF,FF,B4,3D,FF,FF,FF
82043,8767,0xCFF6600,1,8,B6,07,FF,FF,FF,FF,FF,FF
82053,8768,0x18FEF100,1,8,3F,00,00,FF,FF,FF,FF,FF
82054,8769,0x18F00500,1,8,FF,FF,FF,FF,20,2D,FF,FF
82054,8770,0x18FEF200,1,8,18,00,00,00,00,00,00,FF
82062,8771,0xCF00400,1,8,FF,FF,FF,B4,3D,FF,FF,FF
82063,8772,0xCFF6600,1,8,B6,07,FF,FF,FF,FF,FF,FF
82082,8773,0xCF00400,1,8,FF,FF,FF,AE,3D,FF,FF,FF
82083,8774,0xCFF6600,1,8,B5,07,FF,FF,FF,FF,FF,FF
82102,8775,0xCF00400,1,8,FF,FF,FF,8A,3D,FF,FF,FF
82103,8776,0xCFF6600,1,8,B1,07,FF,FF,FF,FF,FF,FF
82122,8777,0xCF00400,1,8,FF,FF,FF,8A,3D,FF,FF,FF
82123,8778,0xCFF6600,1,8,B1,07,FF,FF,FF,FF,FF,FF
82142,8779,0xCF00400,1,8,FF,FF,FF,78,3D,FF,FF,FF
82143,8780,0xCFF6600,1,8,AF,07,FF,FF,FF,FF,FF,FF
82153,8781,0x18FEF100,1,8,3F,00,00,FF,FF,FF,FF,FF
82154,8782,0x10FF6500,1,8,FC,FF,FF,FF,FF,FF,FF,FF
82154,8783,0x18F00500,1,8,FF,FF,FF,FF,20,2D,FF,FF
82155,8784,0x18F00600,1,8,FF,FF,FF,FF,FF,FF,FF,FF
82155,8785,0x18FEF200,1,8,18,00,00,00,00,00,00,FF
82156,8786,0x1CFDDF00,1,8,FE,FF,FF,FF,FF,FF,FF,FF
82156,8787,0x1CFF6A00,1,8,FC,FF,FF,FF,FF,FF,FF,FF
82162,8788,0xCF00400,1,8,FF,FF,FF,70,3D,FF,FF,FF
82163,8789,0xCFF6600,1,8,AE,07,FF,FF,FF,FF,FF,FF
82182,8790,0xCF00400,1,8,FF,FF,FF,70,3D,FF,FF,FF
82183,8791,0xCFF6600,1,8,AE,07,FF,FF,FF,FF,FF,FF
82202,8792,0xCF00400,1,8,FF,FF,FF,02,3D,FF,FF,FF
82203,8793,0xCFF6600,1,8,A0,07,FF,FF,FF,FF,FF,FF
82222,8794,0xCF00400,1,8,FF,FF,FF,34,3C,FF,FF,FF
82223,8795,0xCFF6600,1,8,86,07,FF,FF,FF,FF,FF,FF
82242,8796,0xCF00400,1,8,FF,FF,FF,34,3C,FF,FF,FF
82243,8797,0xCFF6600,1,8,86,07,FF,FF,FF,FF,FF,FF
82253,8798,0x18FEF100,1,8,3F,00,00,FF,FF,FF,FF,FF
82254,8799,0x18F00500,1,8,FF,FF,FF,FF,20,2D,FF,FF
82255,8800,0x18FEF200,1,8,18,00,00,00,00,00,00,FF
82262,8801,0xCF00400,1,8,FF,FF,FF,30,3B,FF,FF,FF
82263,8802,0xCFF6600,1,8,66,07,FF,FF,FF,FF,FF,FF
82282,8803,0xCF00400,1,8,FF,FF,FF,30,3B,FF,FF,FF
82283,8804,0xCFF6600,1,8,66,07,FF,FF,FF,FF,FF,FF
82302,8805,0xCF00400,1,8,FF,FF,FF,FA,39,FF,FF,FF
82303,8806,0xCFF6600,1,8,3F,07,FF,FF,FF,FF,FF,FF
82322,8807,0xCF00400,1,8,FF,FF,FF,90,39,FF,FF,FF
82323,8808,0xCFF6600,1,8,32,07,FF,FF,FF,FF,FF,FF
82342,8809,0xCF00400,1,8,FF,FF,FF,90,39,FF,FF,FF
82343,8810,0xCFF6600,1,8,32,07,FF,FF,FF,FF,FF,FF
82353,8811,0x18FEF100,1,8,3F,00,00,FF,FF,FF,FF,FF
82354,8812,0x10FF6500,1,8,FC,FF,FF,FF,FF,FF,FF,FF
82354,8813,0x18F00500,1,8,FF,FF,FF,FF,20,2D,FF,FF
82355,8814,0x18FEF200,1,8,18,00,00,00,00,00,00,FF
82362,8815,0xCF00400,1,8,FF,FF,FF,E8,39,FF,FF,FF
82363,8816,0xCFF6600,1,8,3D,07,FF,FF,FF,FF,FF,FF
82383,8817,0xCF00400,1,8,FF,FF,FF,7C,3A,FF,FF,FF
82383,8818,0xCFF6600,1,8,4F,07,FF,FF,FF,FF,FF,FF
82402,8819,0xCF00400,1,8,FF,FF,FF,7C,3A,FF,FF,FF
82403,8820,0xCFF6600,1,8,4F,07,FF,FF,FF,FF,FF,FF
82422,8821,0xCF00400,1,8,FF,FF,FF,46,3B,FF,FF,FF
82423,8822,0xCFF6600,1,8,68,07,FF,FF,FF,FF,FF,FF
82442,8823,0xCF00400,1,8,FF,FF,FF,46,3B,FF,FF,FF
82443,8824,0xCFF6600,1,8,68,07,FF,FF,FF,FF,FF,FF
82453,8825,0x18FEF100,1,8,3F,00,00,FF,FF,FF,FF,FF
82454,8826,0x18F00500,1,8,FF,FF,FF,FF,20,2D,FF,FF
82454,8827,0x18FEF200,1,8,18,00,00,00,00,00,00,FF
82462,8828,0xCF00400,1,8,FF,FF,FF,B2,3B,FF,FF,FF
82463,8829,0xCFF6600,1,8,76,07,FF,FF,FF,FF,FF,FF
82482,8830,0xCF00400,1,8,FF,FF,FF,D0,3B,FF,FF,FF
82483,8831,0xCFF6600,1,8,7A,07,FF,FF,FF,FF,FF,FF
82502,8832,0xCF00400,1,8,FF,FF,FF,D0,3B,FF,FF,FF
82503,8833,0xCFF6600,1,8,7A,07,FF,FF,FF,FF,FF,FF
82522,8834,0xCF00400,1,8,FF,FF,FF,EE,3B,FF,FF,FF
82523,8835,0xCFF6600,1,8,7D,07,FF,FF,FF,FF,FF,FF
82542,8836,0xCF00400,1,8,FF,FF,FF,06,3C,FF,FF,FF
82543,8837,0xCFF6600,1,8,80,07,FF,FF,FF,FF,FF,FF
82553,8838,0x18FEF100,1,8,3F,00,00,FF,FF,FF,FF,FF
82553,8839,0x10FF6500,1,8,FC,FF,FF,FF,FF,FF,FF,FF
82554,8840,0x18F00500,1,8,FF,FF,FF,FF,20,2D,FF,FF
82554,8841,0x18FEF200,1,8,18,00,00,00,00,00,00,FF
82562,8842,0xCF00400,1,8,FF,FF,FF,06,3C,FF,FF,FF
82563,8843,0xCFF6600,1,8,80,07,FF,FF,FF,FF,FF,FF
82582,8844,0xCF00400,1,8,FF,FF,FF,E2,3B,FF,FF,FF
82583,8845,0xCFF6600,1,8,7C,07,FF,FF,FF,FF,FF,FF
82602,8846,0xCF00400,1,8,FF,FF,FF,9A,3B,FF,FF,FF
82603,8847,0xCFF6600,1,8,73,07,FF,FF,FF,FF,FF,FF
82622,8848,0xCF00400,1,8,FF,FF,FF,9A,3B,FF,FF,FF
82623,8849,0xCFF6600,1,8,73,07,FF,FF,FF,FF,FF,FF
82642,8850,0xCF00400,1,8,FF,FF,FF,A8,3B,FF,FF,FF
82643,8851,0xCFF6600,1,8,75,07,FF,FF,FF,FF,FF,FF
82653,8852,0x18FEF100,1,8,3F,00,00,FF,FF,FF,FF,FF
82654,8853,0x18F00500,1,8,FF,FF,FF,FF,20,2D,FF,FF
82654,8854,0x18F00600,1,8,FF,FF,FF,FF,FF,FF,FF,FF
82655,8855,0x18FEF200,1,8,18,00,00,00,00,00,00,FF
82655,8856,0x1CFDDF00,1,8,FE,FF,FF,FF,FF,FF,FF,FF
82656,8857,0x1CFF6A00,1,8,FC,FF,FF,FF,FF,FF,FF,FF
82662,8858,0xCF00400,1,8,FF,FF,FF,A8,3B,FF,FF,FF
82663,8859,0xCFF6600,1,8,75,07,FF,FF,FF,FF,FF,FF
82682,8860,0xCF00400,1,8,FF,FF,FF,00,3C,FF,FF,FF
82683,8861,0xCFF6600,1,8,80,07,FF,FF,FF,FF,FF,FF
82702,8862,0xCF00400,1,8,FF,FF,FF,F2,3B,FF,FF,FF
82703,8863,0xCFF6600,1,8,7E,07,FF,FF,FF,FF,FF,FF
82722,8864,0xCF00400,1,8,FF,FF,FF,F2,3B,FF,FF,FF
82723,8865,0xCFF6600,1,8,7E,07,FF,FF,FF,FF,FF,FF
82742,8866,0xCF00400,1,8,FF,FF,FF,8A,3B,FF,FF,FF
82743,8867,0xCFF6600,1,8,71,07,FF,FF,FF,FF,FF,FF
82753,8868,0x18FEF100,1,8,3F,00,00,FF,FF,FF,FF,FF
82753,8869,0x10FF6500,1,8,FC,FF,FF,FF,FF,FF,FF,FF
82754,8870,0x18F00500,1,8,FF,FF,FF,FF,20,2D,FF,FF
82754,8871,0x18FEF200,1,8,18,00,00,00,00,00,00,FF
82762,8872,0xCF00400,1,8,FF,FF,FF,AA,3B,FF,FF,FF
82763,8873,0xCFF6600,1,8,75,07,FF,FF,FF,FF,FF,FF
82782,8874,0xCF00400,1,8,FF,FF,FF,AA,3B,FF,FF,FF
82783,8875,0xCFF6600,1,8,75,07,FF,FF,FF,FF,FF,FF
82802,8876,0xCF00400,1,8,FF,FF,FF,3A,3C,FF,FF,FF
82803,8877,0xCFF6600,1,8,87,07,FF,FF,FF,FF,FF,FF
82812,8878,0x18FEEE00,1,8,47,FF,FF,FF,FF,FF,FF,FF
82812,8879,0x18FDE500,1,8,0A,14,1E,28,32,3C,46,13
82822,8880,0xCF00400,1,8,FF,FF,FF,80,3C,FF,FF,FF
82823,8881,0xCFF6600,1,8,90,07,FF,FF,FF,FF,FF,FF
82832,8882,0x1CECFF00,1,8,20,0E,00,02,FF,CA,FE,00
82842,8883,0xCF00400,1,8,FF,FF,FF,80,3C,FF,FF,FF
82843,8884,0xCFF6600,1,8,90,07,FF,FF,FF,FF,FF,FF
82853,8885,0x18FEF100,1,8,3F,00,00,FF,FF,FF,FF,FF
82854,8886,0x18F00500,1,8,FF,FF,FF,FF,20,2D,FF,FF
82854,8887,0x18FEF200,1,8,18,00,00,00,00,00,00,FF
82862,8888,0xCF00400,1,8,FF,FF,FF,7C,3C,FF,FF,FF
82863,8889,0xCFF6600,1,8,8F,07,FF,FF,FF,FF,FF,FF
82882,8890,0xCF00400,1,8,FF,FF,FF,52,3C,FF,FF,FF
82883,8891,0xCFF6600,1,8,8A,07,FF,FF,FF,FF,FF,FF
82884,8892,0x1CEBFF00,1,8,01,40,FF,0F,F0,E5,01,02
82902,8893,0xCF00400,1,8,FF,FF,FF,52,3C,FF,FF,FF
82903,8894,0xCFF6600,1,8,8A,07,FF,FF,FF,FF,FF,FF
82922,8895,0xCF00400,1,8,FF,FF,FF,06,3C,FF,FF,FF
82923,8896,0xCFF6600,1,8,80,07,FF,FF,FF,FF,FF,FF
82932,8897,0x1CEBFF00,1,8,02,F0,E3,02,6E,00,03,01
82942,8898,0xCF00400,1,8,FF,FF,FF,06,3C,FF,FF,FF
82943,8899,0xCFF6600,1,8,80,07,FF,FF,FF,FF,FF,FF
82953,8900,0x18FEF100,1,8,3F,00,00,FF,FF,FF,FF,FF
82954,8901,0x10FF6500,1,8,FC,FF,FF,FF,FF,FF,FF,FF
82954,8902,0x18F00500,1,8,FF,FF,FF,FF,20,2D,FF,FF
82955,8903,0x18FEF200,1,8,18,00,00,00,00,00,00,FF
82962,8904,0xCF00400,1,8,FF,FF,FF,B0,3B,FF,FF,FF
82963,8905,0xCFF6600,1,8,76,07,FF,FF,FF,FF,FF,FF
82982,8906,0xCF00400,1,8,FF,FF,FF,56,3B,FF,FF,FF
82983,8907,0xCFF6600,1,8,6A,07,FF,FF,FF,FF,FF,FF
83002,8908,0xCF00400,1,8,FF,FF,FF,56,3B,FF,FF,FF
83003,8909,0xCFF6600,1,8,6A,07,FF,FF,FF,FF,FF,FF
83022,8910,0xCF00400,1,8,FF,FF,FF,8E,3B,FF,FF,FF
83023,8911,0xCFF6600,1,8,71,07,FF,FF,FF,FF,FF,FF
83042,8912,0xCF00400,1,8,FF,FF,FF,4E,3C,FF,FF,FF
83043,8913,0xCFF6600,1,8,89,07,FF,FF,FF,FF,FF,FF
83053,8914,0x18FEF100,1,8,3F,00,00,FF,FF,FF,FF,FF
83054,8915,0x18F00500,1,8,FF,FF,FF,FF,20,2D,FF,FF
83054,8916,0x18FEF200,1,8,18,00,00,00,00,00,00,FF
83062,8917,0xCF00400,1,8,FF,FF,FF,4E,3C,FF,FF,FF
83063,8918,0xCFF6600,1,8,89,07,FF,FF,FF,FF,FF,FF
83082,8919,0xCF00400,1,8,FF,FF,FF,24,3C,FF,FF,FF
83083,8920,0xCFF6600,1,8,84,07,FF,FF,FF,FF,FF,FF
83103,8921,0xCF00400,1,8,FF,FF,FF,24,3B,FF,FF,FF
83103,8922,0xCFF6600,1,8,64,07,FF,FF,FF,FF,FF,FF
83122,8923,0xCF00400,1,8,FF,FF,FF,24,3B,FF,FF,FF
83123,8924,0xCFF6600,1,8,64,07,FF,FF,FF,FF,FF,FF
83142,8925,0xCF00400,1,8,FF,FF,FF,E2,3A,FF,FF,FF
83143,8926,0xCFF6600,1,8,5C,07,FF,FF,FF,FF,FF,FF
83153,8927,0x18FEF100,1,8,3F,00,00,FF,FF,FF,FF,FF
83153,8928,0x10FF6500,1,8,FC,FF,FF,FF,FF,FF,FF,FF
83154,8929,0x18F00500,1,8,FF,FF,FF,FF,20,2D,FF,FF
83155,8930,0x18F00600,1,8,FF,FF,FF,FF,FF,FF,FF,FF
83155,8931,0x18FEF200,1,8,18,00,00,00,00,00,00,FF
83156,8932,0x1CFDDF00,1,8,FE,FF,FF,FF,FF,FF,FF,FF
83156,8933,0x1CFF6A00,1,8,FC,FF,FF,FF,FF,FF,FF,FF
83162,8934,0xCF00400,1,8,FF,FF,FF,E2,3A,FF,FF,FF
83163,8935,0xCFF6600,1,8,5C,07,FF,FF,FF,FF,FF,FF
83182,8936,0xCF00400,1,8,FF,FF,FF,52,3B,FF,FF,FF
83183,8937,0xCFF6600,1,8,6A,07,FF,FF,FF,FF,FF,FF
83202,8938,0xCF00400,1,8,FF,FF,FF,9E,3B,FF,FF,FF
83203,8939,0xCFF6600,1,8,73,07,FF,FF,FF,FF,FF,FF
83222,8940,0xCF00400,1,8,FF,FF,FF,9E,3B,FF,FF,FF
83223,8941,0xCFF6600,1,8,73,07,FF,FF,FF,FF,FF,FF
83242,8942,0xCF00400,1,8,FF,FF,FF,B6,3B,FF,FF,FF
83243,8943,0xCFF6600,1,8,76,07,FF,FF,FF,FF,FF,FF
83253,8944,0x18FEF100,1,8,3F,00,00,FF,FF,FF,FF,FF
83254,8945,0x18F00500,1,8,FF,FF,FF,FF,20,2D,FF,FF
83254,8946,0x18FEF200,1,8,18,00,00,00,00,00,00,FF
83262,8947,0xCF00400,1,8,FF,FF,FF,A0,3B,FF,FF,FF
83263,8948,0xCFF6600,1,8,74,07,FF,FF,FF,FF,FF,FF
83282,8949,0xCF00400,1,8,FF,FF,FF,A0,3B,FF,FF,FF
83283,8950,0xCFF6600,1,8,74,07,FF,FF,FF,FF,FF,FF
83302,8951,0xCF00400,1,8,FF,FF,FF,6A,3B,FF,FF,FF
83303,8952,0xCFF6600,1,8,6D,07,FF,FF,FF,FF,FF,FF
83322,8953,0xCF00400,1,8,FF,FF,FF,A0,3B,FF,FF,FF
83323,8954,0xCFF6600,1,8,74,07,FF,FF,FF,FF,FF,FF
83342,8955,0xCF00400,1,8,FF,FF,FF,A0,3B,FF,FF,FF
83343,8956,0xCFF6600,1,8,74,07,FF,FF,FF,FF,FF,FF
83353,8957,0x18FEF100,1,8,3F,00,00,FF,FF,FF,FF,FF
83353,8958,0x10FF6500,1,8,FC,FF,FF,FF,FF,FF,FF,FF
83354,8959,0x18F00500,1,8,FF,FF,FF,FF,20,2D,FF,FF
83355,8960,0x18FEF200,1,8,18,00,00,00,00,00,00,FF
83362,8961,0xCF00400,1,8,FF,FF,FF,36,3C,FF,FF,FF
83363,8962,0xCFF6600,1,8,86,07,FF,FF,FF,FF,FF,FF
83382,8963,0xCF00400,1,8,FF,FF,FF,36,3C,FF,FF,FF
83383,8964,0xCFF6600,1,8,86,07,FF,FF,FF,FF,FF,FF
83402,8965,0xCF00400,1,8,FF,FF,FF,AE,3C,FF,FF,FF
83403,8966,0xCFF6600,1,8,95,07,FF,FF,FF,FF,FF,FF
83422,8967,0xCF00400,1,8,FF,FF,FF,04,3D,FF,FF,FF
83423,8968,0xCFF6600,1,8,A0,07,FF,FF,FF,FF,FF,FF
83442,8969,0xCF00400,1,8,FF,FF,FF,04,3D,FF,FF,FF
83443,8970,0xCFF6600,1,8,A0,07,FF,FF,FF,FF,FF,FF
83453,8971,0x18FEF100,1,8,3F,00,00,FF,FF,FF,FF,FF
83454,8972,0x18F00500,1,8,FF,FF,FF,FF,20,2D,FF,FF
83454,8973,0x18FEF200,1,8,18,00,00,00,00,00,00,FF
83462,8974,0xCF00400,1,8,FF,FF,FF,44,3D,FF,FF,FF
83463,8975,0xCFF6600,1,8,A8,07,FF,FF,FF,FF,FF,FF
83482,8976,0xCF00400,1,8,FF,FF,FF,82,3D,FF,FF,FF
83483,8977,0xCFF6600,1,8,B0,07,FF,FF,FF,FF,FF,FF
83502,8978,0xCF00400,1,8,FF,FF,FF,82,3D,FF,FF,FF
83503,8979,0xCFF6600,1,8,B0,07,FF,FF,FF,FF,FF,FF
83522,8980,0xCF00400,1,8,FF,FF,FF,28,3D,FF,FF,FF
83523,8981,0xCFF6600,1,8,A5,07,FF,FF,FF,FF,FF,FF
83542,8982,0xCF00400,1,8,FF,FF,FF,52,3C,FF,FF,FF
83543,8983,0xCFF6600,1,8,8A,07,FF,FF,FF,FF,FF,FF
83553,8984,0x18FEF100,1,8,3F,00,00,FF,FF,FF,FF,FF
83553,8985,0x18F00500,1,8,FF,FF,FF,FF,20,2D,FF,FF
83554,8986,0x10FF6500,1,8,FC,FF,FF,FF,FF,FF,FF,FF
83554,8987,0x18FEF200,1,8,18,00,00,00,00,00,00,FF
83562,8988,0xCF00400,1,8,FF,FF,FF,52,3C,FF,FF,FF
83563,8989,0xCFF6600,1,8,8A,07,FF,FF,FF,FF,FF,FF
83582,8990,0xCF00400,1,8,FF,FF,FF,96,3B,FF,FF,FF
83583,8991,0xCFF6600,1,8,72,07,FF,FF,FF,FF,FF,FF
83603,8992,0xCF00400,1,8,FF,FF,FF,F0,3A,FF,FF,FF
83603,8993,0xCFF6600,1,8,5E,07,FF,FF,FF,FF,FF,FF
83622,8994,0xCF00400,1,8,FF,FF,FF,F0,3A,FF,FF,FF
83623,8995,0xCFF6600,1,8,5E,07,FF,FF,FF,FF,FF,FF
83642,8996,0xCF00400,1,8,FF,FF,FF,DC,3A,FF,FF,FF
83643,8997,0xCFF6600,1,8,5B,07,FF,FF,FF,FF,FF,FF
83653,8998,0x18FEF100,1,8,3F,00,00,FF,FF,FF,FF,FF
83654,8999,0x18F00500,1,8,FF,FF,FF,FF,20,2D,FF,FF
83654,9000,0x18F00600,1,8,FF,FF,FF,FF,FF,FF,FF,FF
83655,9001,0x18FEF200,1,8,18,00,00,00,00,00,00,FF
83655,9002,0x1CFDDF00,1,8,FE,FF,FF,FF,FF,FF,FF,FF
83656,9003,0x1CFF6A00,1,8,FC,FF,FF,FF,FF,FF,FF,FF
83662,9004,0xCF00400,1,8,FF,FF,FF,DC,3A,FF,FF,FF
83663,9005,0xCFF6600,1,8,5B,07,FF,FF,FF,FF,FF,FF
83682,9006,0xCF00400,1,8,FF,FF,FF,52,3B,FF,FF,FF
83683,9007,0xCFF6600,1,8,6A,07,FF,FF,FF,FF,FF,FF
83702,9008,0xCF00400,1,8,FF,FF,FF,44,3B,FF,FF,FF
83703,9009,0xCFF6600,1,8,68,07,FF,FF,FF,FF,FF,FF
83722,9010,0xCF00400,1,8,FF,FF,FF,44,3B,FF,FF,FF
83723,9011,0xCFF6600,1,8,68,07,FF,FF,FF,FF,FF,FF
83742,9012,0xCF00400,1,8,FF,FF,FF,BE,3A,FF,FF,FF
83743,9013,0xCFF6600,1,8,57,07,FF,FF,FF,FF,FF,FF
83753,9014,0x18FEF100,1,8,3F,00,00,FF,FF,FF,FF,FF
83753,9015,0x10FF6500,1,8,FC,FF,FF,FF,FF,FF,FF,FF
83754,9016,0x18F00500,1,8,FF,FF,FF,FF,20,2D,FF,FF
83755,9017,0x18FEF200,1,8,18,00,00,00,00,00,00,FF
83762,9018,0xCF00400,1,8,FF,FF,FF,72,3A,FF,FF,FF
83763,9019,0xCFF6600,1,8,4E,07,FF,FF,FF,FF,FF,FF
83782,9020,0xCF00400,1,8,FF,FF,FF,72,3A,FF,FF,FF
83783,9021,0xCFF6600,1,8,4E,07,FF,FF,FF,FF,FF,FF
83802,9022,0xCF00400,1,8,FF,FF,FF,58,3A,FF,FF,FF
83803,9023,0xCFF6600,1,8,4B,07,FF,FF,FF,FF,FF,FF
83812,9024,0x18FEEE00,1,8,47,FF,FF,FF,FF,FF,FF,FF
83812,9025,0x18FDE500,1,8,0A,14,1E,28,32,3C,46,13
83822,9026,0xCF00400,1,8,FF,FF,FF,58,3A,FF,FF,FF
83823,9027,0xCFF6600,1,8,4B,07,FF,FF,FF,FF,FF,FF
83832,9028,0x1CECFF00,1,8,20,0E,00,02,FF,CA,FE,00
83842,9029,0xCF00400,1,8,FF,FF,FF,C6,3A,FF,FF,FF
83843,9030,0xCFF6600,1,8,58,07,FF,FF,FF,FF,FF,FF
83853,9031,0x18FEF100,1,8,3F,00,00,FF,FF,FF,FF,FF
83854,9032,0x18F00500,1,8,FF,FF,FF,FF,20,2D,FF,FF
83854,9033,0x18FEF200,1,8,18,00,00,00,00,00,00,FF
83862,9034,0xCF00400,1,8,FF,FF,FF,AC,3B,FF,FF,FF
83863,9035,0xCFF6600,1,8,75,07,FF,FF,FF,FF,FF,FF
83882,9036,0xCF00400,1,8,FF,FF,FF,AC,3B,FF,FF,FF
83883,9037,0xCFF6600,1,8,75,07,FF,FF,FF,FF,FF,FF
83883,9038,0x1CEBFF00,1,8,01,40,FF,0F,F0,E5,01,02
83902,9039,0xCF00400,1,8,FF,FF,FF,FA,3B,FF,FF,FF
83903,9040,0xCFF6600,1,8,7F,07,FF,FF,FF,FF,FF,FF
83922,9041,0xCF00400,1,8,FF,FF,FF,BC,3B,FF,FF,FF
83923,9042,0xCFF6600,1,8,77,07,FF,FF,FF,FF,FF,FF
83932,9043,0x1CEBFF00,1,8,02,F0,E3,02,6E,00,03,01
83942,9044,0xCF00400,1,8,FF,FF,FF,BC,3B,FF,FF,FF
83943,9045,0xCFF6600,1,8,77,07,FF,FF,FF,FF,FF,FF
83953,9046,0x18FEF100,1,8,3F,00,00,FF,FF,FF,FF,FF
83953,9047,0x10FF6500,1,8,FC,FF,FF,FF,FF,FF,FF,FF
83954,9048,0x18F00500,1,8,FF,FF,FF,FF,20,2D,FF,FF
83955,9049,0x18FEF200,1,8,18,00,00,00,00,00,00,FF
83962,9050,0xCF00400,1,8,FF,FF,FF,42,3B,FF,FF,FF
83963,9051,0xCFF6600,1,8,68,07,FF,FF,FF,FF,FF,FF
83982,9052,0xCF00400,1,8,FF,FF,FF,42,3B,FF,FF,FF
83983,9053,0xCFF6600,1,8,68,07,FF,FF,FF,FF,FF,FF
84002,9054,0xCF00400,1,8,FF,FF,FF,9A,3A,FF,FF,FF
84003,9055,0xCFF6600,1,8,53,07,FF,FF,FF,FF,FF,FF
84022,9056,0xCF00400,1,8,FF,FF,FF,82,3A,FF,FF,FF
84023,9057,0xCFF6600,1,8,50,07,FF,FF,FF,FF,FF,FF
84042,9058,0xCF00400,1,8,FF,FF,FF,82,3A,FF,FF,FF
84043,9059,0xCFF6600,1,8,50,07,FF,FF,FF,FF,FF,FF
84053,9060,0x18FEF100,1,8,3F,00,00,FF,FF,FF,FF,FF
84054,9061,0x18F00500,1,8,FF,FF,FF,FF,20,2D,FF,FF
84054,9062,0x18FEF200,1,8,18,00,00,00,00,00,00,FF
84062,9063,0xCF00400,1,8,FF,FF,FF,EC,3A,FF,FF,FF
84063,9064,0xCFF6600,1,8,5D,07,FF,FF,FF,FF,FF,FF
84082,9065,0xCF00400,1,8,FF,FF,FF,2C,3B,FF,FF,FF
84083,9066,0xCFF6600,1,8,65,07,FF,FF,FF,FF,FF,FF
84102,9067,0xCF00400,1,8,FF,FF,FF,2C,3B,FF,FF,FF
84103,9068,0xCFF6600,1,8,65,07,FF,FF,FF,FF,FF,FF
84122,9069,0xCF00400,1,8,FF,FF,FF,40,3B,FF,FF,FF
84123,9070,0xCFF6600,1,8,68,07,FF,FF,FF,FF,FF,FF
84142,9071,0xCF00400,1,8,FF,FF,FF,1C,3B,FF,FF,FF
84143,9072,0xCFF6600,1,8,63,07,FF,FF,FF,FF,FF,FF
84153,9073,0x18FEF100,1,8,3F,00,00,FF,FF,FF,FF,FF
84153,9074,0x10FF6500,1,8,FC,FF,FF,FF,FF,FF,FF,FF
84154,9075,0x18F00500,1,8,FF,FF,FF,FF,20,2D,FF,FF
84154,9076,0x18F00600,1,8,FF,FF,FF,FF,FF,FF,FF,FF
84155,9077,0x18FEF200,1,8,18,00,00,00,00,00,00,FF
84156,9078,0x1CFDDF00,1,8,FE,FF,FF,FF,FF,FF,FF,FF
84156,9079,0x1CFF6A00,1,8,FC,FF,FF,FF,FF,FF,FF,FF
84162,9080,0xCF00400,1,8,FF,FF,FF,1C,3B,FF,FF,FF
84163,9081,0xCFF6600,1,8,63,07,FF,FF,FF,FF,FF,FF
84182,9082,0xCF00400,1,8,FF,FF,FF,C6,3A,FF,FF,FF
84183,9083,0xCFF6600,1,8,58,07,FF,FF,FF,FF,FF,FF
84202,9084,0xCF00400,1,8,FF,FF,FF,C6,3A,FF,FF,FF
84203,9085,0xCFF6600,1,8,58,07,FF,FF,FF,FF,FF,FF
84222,9086,0xCF00400,1,8,FF,FF,FF,EC,3A,FF,FF,FF
84223,9087,0xCFF6600,1,8,5D,07,FF,FF,FF,FF,FF,FF
84242,9088,0xCF00400,1,8,FF,FF,FF,80,3B,FF,FF,FF
84243,9089,0xCFF6600,1,8,70,07,FF,FF,FF,FF,FF,FF
84253,9090,0x18FEF100,1,8,3F,00,00,FF,FF,FF,FF,FF
84254,9091,0x18F00500,1,8,FF,FF,FF,FF,20,2D,FF,FF
84254,9092,0x18FEF200,1,8,18,00,00,00,00,00,00,FF
84262,9093,0xCF00400,1,8,FF,FF,FF,80,3B,FF,FF,FF
84263,9094,0xCFF6600,1,8,70,07,FF,FF,FF,FF,FF,FF
84282,9095,0xCF00400,1,8,FF,FF,FF,6C,3B,FF,FF,FF
84283,9096,0xCFF6600,1,8,6D,07,FF,FF,FF,FF,FF,FF
84302,9097,0xCF00400,1,8,FF,FF,FF,BC,3A,FF,FF,FF
84303,9098,0xCFF6600,1,8,57,07,FF,FF,FF,FF,FF,FF
84322,9099,0xCF00400,1,8,FF,FF,FF,BC,3A,FF,FF,FF
84323,9100,0xCFF6600,1,8,57,07,FF,FF,FF,FF,FF,FF
84342,9101,0xCF00400,1,8,FF,FF,FF,48,3A,FF,FF,FF
84343,9102,0xCFF6600,1,8,49,07,FF,FF,FF,FF,FF,FF
84353,9103,0x18FEF100,1,8,3F,00,00,FF,FF,FF,FF,FF
84353,9104,0x10FF6500,1,8,FC,FF,FF,FF,FF,FF,FF,FF
84354,9105,0x18F00500,1,8,FF,FF,FF,FF,20,2D,FF,FF
84355,9106,0x18FEF200,1,8,18,00,00,00,00,00,00,FF
84362,9107,0xCF00400,1,8,FF,FF,FF,48,3A,FF,FF,FF
84363,9108,0xCFF6600,1,8,49,07,FF,FF,FF,FF,FF,FF
84382,9109,0xCF00400,1,8,FF,FF,FF,0A,3A,FF,FF,FF
84383,9110,0xCFF6600,1,8,41,07,FF,FF,FF,FF,FF,FF
84402,9111,0xCF00400,1,8,FF,FF,FF,F8,39,FF,FF,FF
84403,9112,0xCFF6600,1,8,3F,07,FF,FF,FF,FF,FF,FF
84422,9113,0xCF00400,1,8,FF,FF,FF,F8,39,FF,FF,FF
84423,9114,0xCFF6600,1,8,3F,07,FF,FF,FF,FF,FF,FF
84442,9115,0xCF00400,1,8,FF,FF,FF,02,3A,FF,FF,FF
84443,9116,0xCFF6600,1,8,40,07,FF,FF,FF,FF,FF,FF
84453,9117,0x18FEF100,1,8,3F,00,00,FF,FF,FF,FF,FF
84454,9118,0x18F00500,1,8,FF,FF,FF,FF,20,2D,FF,FF
84454,9119,0x18FEF200,1,8,18,00,00,00,00,00,00,FF
84462,9120,0xCF00400,1,8,FF,FF,FF,20,3A,FF,FF,FF
84463,9121,0xCFF6600,1,8,44,07,FF,FF,FF,FF,FF,FF
84482,9122,0xCF00400,1,8,FF,FF,FF,20,3A,FF,FF,FF
84483,9123,0xCFF6600,1,8,44,07,FF,FF,FF,FF,FF,FF
84502,9124,0xCF00400,1,8,FF,FF,FF,58,3A,FF,FF,FF
84503,9125,0xCFF6600,1,8,4B,07,FF,FF,FF,FF,FF,FF
84522,9126,0xCF00400,1,8,FF,FF,FF,58,3A,FF,FF,FF
84523,9127,0xCFF6600,1,8,4B,07,FF,FF,FF,FF,FF,FF
84542,9128,0xCF00400,1,8,FF,FF,FF,70,3A,FF,FF,FF
84543,9129,0xCFF6600,1,8,4E,07,FF,FF,FF,FF,FF,FF
84553,9130,0x18FEF100,1,8,3F,00,00,FF,FF,FF,FF,FF
84554,9131,0x10FF6500,1,8,FC,FF,FF,FF,FF,FF,FF,FF
84554,9132,0x18F00500,1,8,FF,FF,FF,FF,20,2D,FF,FF
84555,9133,0x18FEF200,1,8,18,00,00,00,00,00,00,FF
84562,9134,0xCF00400,1,8,FF,FF,FF,72,3A,FF,FF,FF
84563,9135,0xCFF6600,1,8,4E,07,FF,FF,FF,FF,FF,FF
84582,9136,0xCF00400,1,8,FF,FF,FF,72,3A,FF,FF,FF
84583,9137,0xCFF6600,1,8,4E,07,FF,FF,FF,FF,FF,FF
84602,9138,0xCF00400,1,8,FF,FF,FF,90,3A,FF,FF,FF
84603,9139,0xCFF6600,1,8,52,07,FF,FF,FF,FF,FF,FF
84623,9140,0xCF00400,1,8,FF,FF,FF,C4,3A,FF,FF,FF
84623,9141,0xCFF6600,1,8,58,07,FF,FF,FF,FF,FF,FF
84642,9142,0xCF00400,1,8,FF,FF,FF,C4,3A,FF,FF,FF
84643,9143,0xCFF6600,1,8,58,07,FF,FF,FF,FF,FF,FF
84653,9144,0x18FEF100,1,8,3F,00,00,FF,FF,FF,FF,FF
84654,9145,0x18F00500,1,8,FF,FF,FF,FF,20,2D,FF,FF
84654,9146,0x18F00600,1,8,FF,FF,FF,FF,FF,FF,FF,FF
84655,9147,0x18FEF200,1,8,18,00,00,00,00,00,00,FF
84655,9148,0x1CFDDF00,1,8,FE,FF,FF,FF,FF,FF,FF,FF
84656,9149,0x1CFF6A00,1,8,FC,FF,FF,FF,FF,FF,FF,FF
84662,9150,0xCF00400,1,8,FF,FF,FF,C6,3A,FF,FF,FF
84663,9151,0xCFF6600,1,8,58,07,FF,FF,FF,FF,FF,FF
84682,9152,0xCF00400,1,8,FF,FF,FF,C6,3A,FF,FF,FF
84683,9153,0xCFF6600,1,8,58,07,FF,FF,FF,FF,FF,FF
84702,9154,0xCF00400,1,8,FF,FF,FF,9A,3A,FF,FF,FF
84703,9155,0xCFF6600,1,8,53,07,FF,FF,FF,FF,FF,FF
84722,9156,0xCF00400,1,8,FF,FF,FF,68,3A,FF,FF,FF
84723,9157,0xCFF6600,1,8,4D,07,FF,FF,FF,FF,FF,FF
84742,9158,0xCF00400,1,8,FF,FF,FF,68,3A,FF,FF,FF
84743,9159,0xCFF6600,1,8,4D,07,FF,FF,FF,FF,FF,FF
84744,9160,0x18FEFC17,1,8,FF,1E,FF,FF,FF,FF,FF,FF
84753,9161,0x18FEF100,1,8,3F,00,00,FF,FF,FF,FF,FF
84754,9162,0x10FF6500,1,8,FC,FF,FF,FF,FF,FF,FF,FF
84754,9163,0x18F00500,1,8,FF,FF,FF,FF,20,2D,FF,FF
84755,9164,0x18FEF200,1,8,18,00,00,00,00,00,00,FF
84762,9165,0xCF00400,1,8,FF,FF,FF,38,3A,FF,FF,FF
84763,9166,0xCFF6600,1,8,47,07,FF,FF,FF,FF,FF,FF
84764,9167,0x18FEF517,1,8,FF,FF,FF,20,1D,FF,FF,FF
84783,9168,0xCF00400,1,8,FF,FF,FF,4C,3A,FF,FF,FF
84783,9169,0xCFF6600,1,8,49,07,FF,FF,FF,FF,FF,FF
84788,9170,0x18FEC117,1,8,F0,1D,00,00,03,1E,00,00
84802,9171,0xCF00400,1,8,FF,FF,FF,4C,3A,FF,FF,FF
84803,9172,0xCFF6600,1,8,49,07,FF,FF,FF,FF,FF,FF
84812,9173,0x18FEEE00,1,8,48,FF,FF,FF,FF,FF,FF,FF
84812,9174,0x18FDE500,1,8,0A,14,1E,28,32,3C,46,13
84822,9175,0xCF00400,1,8,FF,FF,FF,9A,3A,FF,FF,FF
84823,9176,0xCFF6600,1,8,53,07,FF,FF,FF,FF,FF,FF
84832,9177,0x1CECFF00,1,8,20,0E,00,02,FF,CA,FE,00
84842,9178,0xCF00400,1,8,FF,FF,FF,9A,3A,FF,FF,FF
84843,9179,0xCFF6600,1,8,53,07,FF,FF,FF,FF,FF,FF
84853,9180,0x18FEF100,1,8,3F,00,00,FF,FF,FF,FF,FF
84854,9181,0x18F00500,1,8,FF,FF,FF,FF,20,2D,FF,FF
84854,9182,0x18FEF200,1,8,17,00,00,00,00,00,00,FF
84862,9183,0xCF00400,1,8,FF,FF,FF,18,3B,FF,FF,FF
84863,9184,0xCFF6600,1,8,63,07,FF,FF,FF,FF,FF,FF
84882,9185,0xCF00400,1,8,FF,FF,FF,BA,3B,FF,FF,FF
84883,9186,0xCFF6600,1,8,77,07,FF,FF,FF,FF,FF,FF
84883,9187,0x1CEBFF00,1,8,01,40,FF,0F,F0,E5,01,02
84902,9188,0xCF00400,1,8,FF,FF,FF,BA,3B,FF,FF,FF
84903,9189,0xCFF6600,1,8,77,07,FF,FF,FF,FF,FF,FF
84922,9190,0xCF00400,1,8,FF,FF,FF,14,3C,FF,FF,FF
84923,9191,0xCFF6600,1,8,82,07,FF,FF,FF,FF,FF,FF
84932,9192,0x1CEBFF00,1,8,02,F0,E3,02,6E,00,03,01
84942,9193,0xCF00400,1,8,FF,FF,FF,34,3C,FF,FF,FF
84943,9194,0xCFF6600,1,8,86,07,FF,FF,FF,FF,FF,FF
84953,9195,0x18FEF100,1,8,3F,00,00,FF,FF,FF,FF,FF
84953,9196,0x10FF6500,1,8,FC,FF,FF,FF,FF,FF,FF,FF
84954,9197,0x18F00500,1,8,FF,FF,FF,FF,20,2D,FF,FF
84954,9198,0x18FEF200,1,8,17,00,00,00,00,00,00,FF
84962,9199,0xCF00400,1,8,FF,FF,FF,34,3C,FF,FF,FF
84963,9200,0xCFF6600,1,8,86,07,FF,FF,FF,FF,FF,FF
84982,9201,0xCF00400,1,8,FF,FF,FF,B8,3C,FF,FF,FF
84983,9202,0xCFF6600,1,8,97,07,FF,FF,FF,FF,FF,FF
85002,9203,0xCF00400,1,8,FF,FF,FF,86,3D,FF,FF,FF
85003,9204,0xCFF6600,1,8,B0,07,FF,FF,FF,FF,FF,FF
85022,9205,0xCF00400,1,8,FF,FF,FF,86,3D,FF,FF,FF
85023,9206,0xCFF6600,1,8,B0,07,FF,FF,FF,FF,FF,FF
85042,9207,0xCF00400,1,8,FF,FF,FF,14,3E,FF,FF,FF
85043,9208,0xCFF6600,1,8,C2,07,FF,FF,FF,FF,FF,FF
85053,9209,0x18FEF100,1,8,3F,00,00,FF,FF,FF,FF,FF
85054,9210,0x18F00500,1,8,FF,FF,FF,FF,20,2D,FF,FF
85054,9211,0x18FEF200,1,8,17,00,00,00,00,00,00,FF
85062,9212,0xCF00400,1,8,FF,FF,FF,5A,3E,FF,FF,FF
85063,9213,0xCFF6600,1,8,CB,07,FF,FF,FF,FF,FF,FF
85082,9214,0xCF00400,1,8,FF,FF,FF,5A,3E,FF,FF,FF
85083,9215,0xCFF6600,1,8,CB,07,FF,FF,FF,FF,FF,FF
85102,9216,0xCF00400,1,8,FF,FF,FF,30,3E,FF,FF,FF
85103,9217,0xCFF6600,1,8,C6,07,FF,FF,FF,FF,FF,FF
85122,9218,0xCF00400,1,8,FF,FF,FF,B6,3D,FF,FF,FF
85123,9219,0xCFF6600,1,8,B6,07,FF,FF,FF,FF,FF,FF
85142,9220,0xCF00400,1,8,FF,FF,FF,B6,3D,FF,FF,FF
85143,9221,0xCFF6600,1,8,B6,07,FF,FF,FF,FF,FF,FF
85153,9222,0x18FEF100,1,8,3F,00,00,FF,FF,FF,FF,FF
85154,9223,0x10FF6500,1,8,FC,FF,FF,FF,FF,FF,FF,FF
85155,9224,0x18F00500,1,8,FF,FF,FF,FF,20,2D,FF,FF
85155,9225,0x18F00600,1,8,FF,FF,FF,FF,FF,FF,FF,FF
85156,9226,0x18FEF200,1,8,17,00,00,00,00,00,00,FF
85156,9227,0x1CFDDF00,1,8,FE,FF,FF,FF,FF,FF,FF,FF
85157,9228,0x1CFF6A00,1,8,FC,FF,FF,FF,FF,FF,FF,FF
85162,9229,0xCF00400,1,8,FF,FF,FF,82,3D,FF,FF,FF
85163,9230,0xCFF6600,1,8,B0,07,FF,FF,FF,FF,FF,FF
85183,9231,0xCF00400,1,8,FF,FF,FF,86,3D,FF,FF,FF
85183,9232,0xCFF6600,1,8,B0,07,FF,FF,FF,FF,FF,FF
85202,9233,0xCF00400,1,8,FF,FF,FF,86,3D,FF,FF,FF
85203,9234,0xCFF6600,1,8,B0,07,FF,FF,FF,FF,FF,FF
85222,9235,0xCF00400,1,8,FF,FF,FF,56,3D,FF,FF,FF
85223,9236,0xCFF6600,1,8,AA,07,FF,FF,FF,FF,FF,FF
85242,9237,0xCF00400,1,8,FF,FF,FF,56,3D,FF,FF,FF
85243,9238,0xCFF6600,1,8,AA,07,FF,FF,FF,FF,FF,FF
85253,9239,0x18FEF100,1,8,3F,00,00,FF,FF,FF,FF,FF
85254,9240,0x18F00500,1,8,FF,FF,FF,FF,20,2D,FF,FF
85254,9241,0x18FEF200,1,8,17,00,00,00,00,00,00,FF
85262,9242,0xCF00400,1,8,FF,FF,FF,F2,3C,FF,FF,FF
85263,9243,0xCFF6600,1,8,9E,07,FF,FF,FF,FF,FF,FF
85282,9244,0xCF00400,1,8,FF,FF,FF,56,3C,FF,FF,FF
85283,9245,0xCFF6600,1,8,8A,07,FF,FF,FF,FF,FF,FF
85302,9246,0xCF00400,1,8,FF,FF,FF,56,3C,FF,FF,FF
85303,9247,0xCFF6600,1,8,8A,07,FF,FF,FF,FF,FF,FF
85322,9248,0xCF00400,1,8,FF,FF,FF,96,3B,FF,FF,FF
85323,9249,0xCFF6600,1,8,72,07,FF,FF,FF,FF,FF,FF
85342,9250,0xCF00400,1,8,FF,FF,FF,2A,3B,FF,FF,FF
85343,9251,0xCFF6600,1,8,65,07,FF,FF,FF,FF,FF,FF
85353,9252,0x18FEF100,1,8,3F,00,00,FF,FF,FF,FF,FF
85353,9253,0x18F00500,1,8,FF,FF,FF,FF,20,2D,FF,FF
85354,9254,0x10FF6500,1,8,FC,FF,FF,FF,FF,FF,FF,FF
85354,9255,0x18FEF200,1,8,17,00,00,00,00,00,00,FF
85362,9256,0xCF00400,1,8,FF,FF,FF,2A,3B,FF,FF,FF
85363,9257,0xCFF6600,1,8,65,07,FF,FF,FF,FF,FF,FF
85382,9258,0xCF00400,1,8,FF,FF,FF,0E,3B,FF,FF,FF
85383,9259,0xCFF6600,1,8,61,07,FF,FF,FF,FF,FF,FF
85402,9260,0xCF00400,1,8,FF,FF,FF,C2,3A,FF,FF,FF
85403,9261,0xCFF6600,1,8,58,07,FF,FF,FF,FF,FF,FF
85422,9262,0xCF00400,1,8,FF,FF,FF,C2,3A,FF,FF,FF
85423,9263,0xCFF6600,1,8,58,07,FF,FF,FF,FF,FF,FF
85442,9264,0xCF00400,1,8,FF,FF,FF,52,3A,FF,FF,FF
85443,9265,0xCFF6600,1,8,4A,07,FF,FF,FF,FF,FF,FF
85453,9266,0x18FEF100,1,8,3F,00,00,FF,FF,FF,FF,FF
85454,9267,0x18F00500,1,8,FF,FF,FF,FF,20,2D,FF,FF
85454,9268,0x18FEF200,1,8,17,00,00,00,00,00,00,FF
85462,9269,0xCF00400,1,8,FF,FF,FF,52,3A,FF,FF,FF
85463,9270,0xCFF6600,1,8,4A,07,FF,FF,FF,FF,FF,FF
85482,9271,0xCF00400,1,8,FF,FF,FF,50,3A,FF,FF,FF
85483,9272,0xCFF6600,1,8,4A,07,FF,FF,FF,FF,FF,FF
85502,9273,0xCF00400,1,8,FF,FF,FF,AE,3A,FF,FF,FF
85503,9274,0xCFF6600,1,8,55,07,FF,FF,FF,FF,FF,FF
85522,9275,0xCF00400,1,8,FF,FF,FF,AE,3A,FF,FF,FF
85523,9276,0xCFF6600,1,8,55,07,FF,FF,FF,FF,FF,FF
85542,9277,0xCF00400,1,8,FF,FF,FF,20,3B,FF,FF,FF
85543,9278,0xCFF6600,1,8,64,07,FF,FF,FF,FF,FF,FF
85553,9279,0x18FEF100,1,8,3F,00,00,FF,FF,FF,FF,FF
85553,9280,0x10FF6500,1,8,FC,FF,FF,FF,FF,FF,FF,FF
85554,9281,0x18F00500,1,8,FF,FF,FF,FF,20,2D,FF,FF
85555,9282,0x18FEF200,1,8,17,00,00,00,00,00,00,FF
85562,9283,0xCF00400,1,8,FF,FF,FF,A8,3B,FF,FF,FF
85563,9284,0xCFF6600,1,8,75,07,FF,FF,FF,FF,FF,FF
85582,9285,0xCF00400,1,8,FF,FF,FF,A8,3B,FF,FF,FF
85583,9286,0xCFF6600,1,8,75,07,FF,FF,FF,FF,FF,FF
85602,9287,0xCF00400,1,8,FF,FF,FF,98,3B,FF,FF,FF
85603,9288,0xCFF6600,1,8,73,07,FF,FF,FF,FF,FF,FF
85622,9289,0xCF00400,1,8,FF,FF,FF,98,3B,FF,FF,FF
85623,9290,0xCFF6600,1,8,73,07,FF,FF,FF,FF,FF,FF
85642,9291,0xCF00400,1,8,FF,FF,FF,EA,3A,FF,FF,FF
85643,9292,0xCFF6600,1,8,5D,07,FF,FF,FF,FF,FF,FF
85653,9293,0x18FEF100,1,8,3F,00,00,FF,FF,FF,FF,FF
85654,9294,0x18F00500,1,8,FF,FF,FF,FF,20,2D,FF,FF
85654,9295,0x18F00600,1,8,FF,FF,FF,FF,FF,FF,FF,FF
85655,9296,0x18FEF200,1,8,17,00,00,00,00,00,00,FF
85655,9297,0x1CFDDF00,1,8,FE,FF,FF,FF,FF,FF,FF,FF
85656,9298,0x1CFF6A00,1,8,FC,FF,FF,FF,FF,FF,FF,FF
85662,9299,0xCF00400,1,8,FF,FF,FF,E4,3A,FF,FF,FF
85663,9300,0xCFF6600,1,8,5C,07,FF,FF,FF,FF,FF,FF
85682,9301,0xCF00400,1,8,FF,FF,FF,E4,3A,FF,FF,FF
85683,9302,0xCFF6600,1,8,5C,07,FF,FF,FF,FF,FF,FF
85702,9303,0xCF00400,1,8,FF,FF,FF,90,3B,FF,FF,FF
85703,9304,0xCFF6600,1,8,72,07,FF,FF,FF,FF,FF,FF
85722,9305,0xCF00400,1,8,FF,FF,FF,0A,3C,FF,FF,FF
85723,9306,0xCFF6600,1,8,81,07,FF,FF,FF,FF,FF,FF
85742,9307,0xCF00400,1,8,FF,FF,FF,0A,3C,FF,FF,FF
85743,9308,0xCFF6600,1,8,81,07,FF,FF,FF,FF,FF,FF
85753,9309,0x18FEF100,1,8,3F,00,00,FF,FF,FF,FF,FF
85754,9310,0x10FF6500,1,8,FC,FF,FF,FF,FF,FF,FF,FF
85754,9311,0x18F00500,1,8,FF,FF,FF,FF,20,2D,FF,FF
85755,9312,0x18FEF200,1,8,17,00,00,00,00,00,00,FF
85762,9313,0xCF00400,1,8,FF,FF,FF,4A,3C,FF,FF,FF
85763,9314,0xCFF6600,1,8,89,07,FF,FF,FF,FF,FF,FF
85783,9315,0xCF00400,1,8,FF,FF,FF,EE,3B,FF,FF,FF
85783,9316,0xCFF6600,1,8,7D,07,FF,FF,FF,FF,FF,FF
85802,9317,0xCF00400,1,8,FF,FF,FF,EE,3B,FF,FF,FF
85803,9318,0xCFF6600,1,8,7D,07,FF,FF,FF,FF,FF,FF
85812,9319,0x18FEEE00,1,8,48,FF,FF,FF,FF,FF,FF,FF
85812,9320,0x18FDE500,1,8,0A,14,1E,28,32,3C,46,13
85822,9321,0xCF00400,1,8,FF,FF,FF,0C,3B,FF,FF,FF
85823,9322,0xCFF6600,1,8,61,07,FF,FF,FF,FF,FF,FF
85832,9323,0x1CECFF00,1,8,20,0E,00,02,FF,CA,FE,00
85842,9324,0xCF00400,1,8,FF,FF,FF,0C,3B,FF,FF,FF
85843,9325,0xCFF6600,1,8,61,07,FF,FF,FF,FF,FF,FF
85853,9326,0x18FEF100,1,8,3F,00,00,FF,FF,FF,FF,FF
85854,9327,0x18F00500,1,8,FF,FF,FF,FF,20,2D,FF,FF
85854,9328,0x18FEF200,1,8,18,00,00,00,00,00,00,FF
85862,9329,0xCF00400,1,8,FF,FF,FF,24,3A,FF,FF,FF
85863,9330,0xCFF6600,1,8,44,07,FF,FF,FF,FF,FF,FF
85882,9331,0xCF00400,1,8,FF,FF,FF,36,39,FF,FF,FF
85883,9332,0xCFF6600,1,8,26,07,FF,FF,FF,FF,FF,FF
85883,9333,0x1CEBFF00,1,8,01,40,FF,0F,F0,E5,01,02
85902,9334,0xCF00400,1,8,FF,FF,FF,36,39,FF,FF,FF
85903,9335,0xCFF6600,1,8,26,07,FF,FF,FF,FF,FF,FF
85922,9336,0xCF00400,1,8,FF,FF,FF,FC,38,FF,FF,FF
85923,9337,0xCFF6600,1,8,1F,07,FF,FF,FF,FF,FF,FF
85932,9338,0x1CEBFF00,1,8,02,F0,E3,02,6E,00,03,01
85942,9339,0xCF00400,1,8,FF,FF,FF,FC,38,FF,FF,FF
85943,9340,0xCFF6600,1,8,1F,07,FF,FF,FF,FF,FF,FF
85953,9341,0x18FEF100,1,8,3F,00,00,FF,FF,FF,FF,FF
85954,9342,0x10FF6500,1,8,FC,FF,FF,FF,FF,FF,FF,FF
85954,9343,0x18F00500,1,8,FF,FF,FF,FF,20,2D,FF,FF
85955,9344,0x18FEF200,1,8,18,00,00,00,00,00,00,FF
85962,9345,0xCF00400,1,8,FF,FF,FF,6C,39,FF,FF,FF
85963,9346,0xCFF6600,1,8,2D,07,FF,FF,FF,FF,FF,FF
85982,9347,0xCF00400,1,8,FF,FF,FF,AA,39,FF,FF,FF
85983,9348,0xCFF6600,1,8,35,07,FF,FF,FF,FF,FF,FF
86002,9349,0xCF00400,1,8,FF,FF,FF,AA,39,FF,FF,FF
86003,9350,0xCFF6600,1,8,35,07,FF,FF,FF,FF,FF,FF
86022,9351,0xCF00400,1,8,FF,FF,FF,B4,39,FF,FF,FF
86023,9352,0xCFF6600,1,8,36,07,FF,FF,FF,FF,FF,FF
86042,9353,0xCF00400,1,8,FF,FF,FF,3E,3A,FF,FF,FF
86043,9354,0xCFF6600,1,8,47,07,FF,FF,FF,FF,FF,FF
86053,9355,0x18FEF100,1,8,3F,00,00,FF,FF,FF,FF,FF
86054,9356,0x18F00500,1,8,FF,FF,FF,FF,20,2D,FF,FF
86054,9357,0x18FEF200,1,8,18,00,00,00,00,00,00,FF
86062,9358,0xCF00400,1,8,FF,FF,FF,3E,3A,FF,FF,FF
86063,9359,0xCFF6600,1,8,47,07,FF,FF,FF,FF,FF,FF
86082,9360,0xCF00400,1,8,FF,FF,FF,3C,3B,FF,FF,FF
86083,9361,0xCFF6600,1,8,67,07,FF,FF,FF,FF,FF,FF
86102,9362,0xCF00400,1,8,FF,FF,FF,3C,3B,FF,FF,FF
86103,9363,0xCFF6600,1,8,67,07,FF,FF,FF,FF,FF,FF
86122,9364,0xCF00400,1,8,FF,FF,FF,10,3B,FF,FF,FF
86123,9365,0xCFF6600,1,8,62,07,FF,FF,FF,FF,FF,FF
86142,9366,0xCF00400,1,8,FF,FF,FF,D6,39,FF,FF,FF
86143,9367,0xCFF6600,1,8,3A,07,FF,FF,FF,FF,FF,FF
86153,9368,0x18FEF100,1,8,3F,00,00,FF,FF,FF,FF,FF
86154,9369,0x10FF6500,1,8,FC,FF,FF,FF,FF,FF,FF,FF
86154,9370,0x18F00500,1,8,FF,FF,FF,FF,20,2D,FF,FF
86155,9371,0x18F00600,1,8,FF,FF,FF,FF,FF,FF,FF,FF
86155,9372,0x18FEF200,1,8,18,00,00,00,00,00,00,FF
86156,9373,0x1CFDDF00,1,8,FE,FF,FF,FF,FF,FF,FF,FF
86156,9374,0x1CFF6A00,1,8,FC,FF,FF,FF,FF,FF,FF,FF
86162,9375,0xCF00400,1,8,FF,FF,FF,D6,39,FF,FF,FF
86163,9376,0xCFF6600,1,8,3A,07,FF,FF,FF,FF,FF,FF
86182,9377,0xCF00400,1,8,FF,FF,FF,4A,39,FF,FF,FF
86183,9378,0xCFF6600,1,8,29,07,FF,FF,FF,FF,FF,FF
86202,9379,0xCF00400,1,8,FF,FF,FF,4A,39,FF,FF,FF
86203,9380,0xCFF6600,1,8,29,07,FF,FF,FF,FF,FF,FF
86222,9381,0xCF00400,1,8,FF,FF,FF,68,39,FF,FF,FF
86223,9382,0xCFF6600,1,8,2D,07,FF,FF,FF,FF,FF,FF
86242,9383,0xCF00400,1,8,FF,FF,FF,9A,39,FF,FF,FF
86243,9384,0xCFF6600,1,8,33,07,FF,FF,FF,FF,FF,FF
86253,9385,0x18FEF100,1,8,3F,00,00,FF,FF,FF,FF,FF
86254,9386,0x18F00500,1,8,FF,FF,FF,FF,20,2D,FF,FF
86254,9387,0x18FEF200,1,8,18,00,00,00,00,00,00,FF
86262,9388,0xCF00400,1,8,FF,FF,FF,9A,39,FF,FF,FF
86263,9389,0xCFF6600,1,8,33,07,FF,FF,FF,FF,FF,FF
86282,9390,0xCF00400,1,8,FF,FF,FF,D4,39,FF,FF,FF
86283,9391,0xCFF6600,1,8,3A,07,FF,FF,FF,FF,FF,FF
86302,9392,0xCF00400,1,8,FF,FF,FF,18,3A,FF,FF,FF
86303,9393,0xCFF6600,1,8,43,07,FF,FF,FF,FF,FF,FF
86322,9394,0xCF00400,1,8,FF,FF,FF,18,3A,FF,FF,FF
86323,9395,0xCFF6600,1,8,43,07,FF,FF,FF,FF,FF,FF
86342,9396,0xCF00400,1,8,FF,FF,FF,5E,3A,FF,FF,FF
86343,9397,0xCFF6600,1,8,4B,07,FF,FF,FF,FF,FF,FF
86353,9398,0x18FEF100,1,8,3F,00,00,FF,FF,FF,FF,FF
86354,9399,0x10FF6500,1,8,FC,FF,FF,FF,FF,FF,FF,FF
86354,9400,0x18F00500,1,8,FF,FF,FF,FF,20,2D,FF,FF
86355,9401,0x18FEF200,1,8,18,00,00,00,00,00,00,FF
86362,9402,0xCF00400,1,8,FF,FF,FF,5E,3A,FF,FF,FF
86363,9403,0xCFF6600,1,8,4B,07,FF,FF,FF,FF,FF,FF
86382,9404,0xCF00400,1,8,FF,FF,FF,A8,3A,FF,FF,FF
86383,9405,0xCFF6600,1,8,55,07,FF,FF,FF,FF,FF,FF
86402,9406,0xCF00400,1,8,FF,FF,FF,F0,3A,FF,FF,FF
86403,9407,0xCFF6600,1,8,5E,07,FF,FF,FF,FF,FF,FF
86422,9408,0xCF00400,1,8,FF,FF,FF,F0,3A,FF,FF,FF
86423,9409,0xCFF6600,1,8,5E,07,FF,FF,FF,FF,FF,FF
86442,9410,0xCF00400,1,8,FF,FF,FF,42,3B,FF,FF,FF
86443,9411,0xCFF6600,1,8,68,07,FF,FF,FF,FF,FF,FF
86453,9412,0x18FEF100,1,8,3F,00,00,FF,FF,FF,FF,FF
86454,9413,0x18F00500,1,8,FF,FF,FF,FF,20,2D,FF,FF
86454,9414,0x18FEF200,1,8,18,00,00,00,00,00,00,FF
86462,9415,0xCF00400,1,8,FF,FF,FF,A4,3B,FF,FF,FF
86463,9416,0xCFF6600,1,8,74,07,FF,FF,FF,FF,FF,FF
86482,9417,0xCF00400,1,8,FF,FF,FF,A4,3B,FF,FF,FF
86483,9418,0xCFF6600,1,8,74,07,FF,FF,FF,FF,FF,FF
86502,9419,0xCF00400,1,8,FF,FF,FF,BE,3B,FF,FF,FF
86503,9420,0xCFF6600,1,8,77,07,FF,FF,FF,FF,FF,FF
86522,9421,0xCF00400,1,8,FF,FF,FF,8E,3B,FF,FF,FF
86523,9422,0xCFF6600,1,8,71,07,FF,FF,FF,FF,FF,FF
86542,9423,0xCF00400,1,8,FF,FF,FF,8E,3B,FF,FF,FF
86543,9424,0xCFF6600,1,8,71,07,FF,FF,FF,FF,FF,FF
86553,9425,0x18FEF100,1,8,3F,00,00,FF,FF,FF,FF,FF
86554,9426,0x10FF6500,1,8,FC,FF,FF,FF,FF,FF,FF,FF
86554,9427,0x18F00500,1,8,FF,FF,FF,FF,20,2D,FF,FF
86555,9428,0x18FEF200,1,8,18,00,00,00,00,00,00,FF
86562,9429,0xCF00400,1,8,FF,FF,FF,10,3B,FF,FF,FF
86563,9430,0xCFF6600,1,8,62,07,FF,FF,FF,FF,FF,FF
86582,9431,0xCF00400,1,8,FF,FF,FF,10,3B,FF,FF,FF
86583,9432,0xCFF6600,1,8,62,07,FF,FF,FF,FF,FF,FF
86602,9433,0xCF00400,1,8,FF,FF,FF,48,3A,FF,FF,FF
86603,9434,0xCFF6600,1,8,49,07,FF,FF,FF,FF,FF,FF
86622,9435,0xCF00400,1,8,FF,FF,FF,5C,3A,FF,FF,FF
86623,9436,0xCFF6600,1,8,4B,07,FF,FF,FF,FF,FF,FF
86642,9437,0xCF00400,1,8,FF,FF,FF,5C,3A,FF,FF,FF
86643,9438,0xCFF6600,1,8,4B,07,FF,FF,FF,FF,FF,FF
86653,9439,0x18FEF100,1,8,3F,00,00,FF,FF,FF,FF,FF
86654,9440,0x18F00500,1,8,FF,FF,FF,FF,20,2D,FF,FF
86654,9441,0x18F00600,1,8,FF,FF,FF,FF,FF,FF,FF,FF
86655,9442,0x18FEF200,1,8,18,00,00,00,00,00,00,FF
86655,9443,0x1CFDDF00,1,8,FE,FF,FF,FF,FF,FF,FF,FF
86656,9444,0x1CFF6A00,1,8,FC,FF,FF,FF,FF,FF,FF,FF
86662,9445,0xCF00400,1,8,FF,FF,FF,36,3B,FF,FF,FF
86663,9446,0xCFF6600,1,8,66,07,FF,FF,FF,FF,FF,FF
86682,9447,0xCF00400,1,8,FF,FF,FF,68,3B,FF,FF,FF
86683,9448,0xCFF6600,1,8,6D,07,FF,FF,FF,FF,FF,FF
86702,9449,0xCF00400,1,8,FF,FF,FF,68,3B,FF,FF,FF
86703,9450,0xCFF6600,1,8,6D,07,FF,FF,FF,FF,FF,FF
86722,9451,0xCF00400,1,8,FF,FF,FF,06,3B,FF,FF,FF
86723,9452,0xCFF6600,1,8,60,07,FF,FF,FF,FF,FF,FF
86742,9453,0xCF00400,1,8,FF,FF,FF,06,3B,FF,FF,FF
86743,9454,0xCFF6600,1,8,60,07,FF,FF,FF,FF,FF,FF
86753,9455,0x18FEF100,1,8,3F,00,00,FF,FF,FF,FF,FF
86753,9456,0x18F00500,1,8,FF,FF,FF,FF,20,2D,FF,FF
86754,9457,0x10FF6500,1,8,FC,FF,FF,FF,FF,FF,FF,FF
86754,9458,0x18FEF200,1,8,18,00,00,00,00,00,00,FF
86762,9459,0xCF00400,1,8,FF,FF,FF,CC,3A,FF,FF,FF
86763,9460,0xCFF6600,1,8,59,07,FF,FF,FF,FF,FF,FF
86782,9461,0xCF00400,1,8,FF,FF,FF,B2,3A,FF,FF,FF
86783,9462,0xCFF6600,1,8,56,07,FF,FF,FF,FF,FF,FF
86802,9463,0xCF00400,1,8,FF,FF,FF,B2,3A,FF,FF,FF
86803,9464,0xCFF6600,1,8,56,07,FF,FF,FF,FF,FF,FF
86812,9465,0x18FEEE00,1,8,48,FF,FF,FF,FF,FF,FF,FF
86812,9466,0x18FDE500,1,8,0A,14,1E,28,32,3C,46,13
86822,9467,0xCF00400,1,8,FF,FF,FF,BA,3A,FF,FF,FF
86823,9468,0xCFF6600,1,8,57,07,FF,FF,FF,FF,FF,FF
86832,9469,0x1CECFF00,1,8,20,0E,00,02,FF,CA,FE,00
86842,9470,0xCF00400,1,8,FF,FF,FF,E4,3A,FF,FF,FF
86843,9471,0xCFF6600,1,8,5C,07,FF,FF,FF,FF,FF,FF
86853,9472,0x18FEF100,1,8,3F,00,00,FF,FF,FF,FF,FF
86854,9473,0x18F00500,1,8,FF,FF,FF,FF,20,2D,FF,FF
86854,9474,0x18FEF200,1,8,18,00,00,00,00,00,00,FF
86862,9475,0xCF00400,1,8,FF,FF,FF,E4,3A,FF,FF,FF
86863,9476,0xCFF6600,1,8,5C,07,FF,FF,FF,FF,FF,FF
86882,9477,0xCF00400,1,8,FF,FF,FF,DE,3A,FF,FF,FF
86883,9478,0xCFF6600,1,8,5B,07,FF,FF,FF,FF,FF,FF
86883,9479,0x1CEBFF00,1,8,01,40,FF,0F,F0,E5,01,02
86902,9480,0xCF00400,1,8,FF,FF,FF,DE,3A,FF,FF,FF
86903,9481,0xCFF6600,1,8,5B,07,FF,FF,FF,FF,FF,FF
86922,9482,0xCF00400,1,8,FF,FF,FF,B8,3A,FF,FF,FF
86923,9483,0xCFF6600,1,8,57,07,FF,FF,FF,FF,FF,FF
86932,9484,0x1CEBFF00,1,8,02,F0,E3,02,6E,00,03,01
86942,9485,0xCF00400,1,8,FF,FF,FF,B2,3A,FF,FF,FF
86943,9486,0xCFF6600,1,8,56,07,FF,FF,FF,FF,FF,FF
86953,9487,0x18FEF100,1,8,3F,00,00,FF,FF,FF,FF,FF
86954,9488,0x10FF6500,1,8,FC,FF,FF,FF,FF,FF,FF,FF
86954,9489,0x18F00500,1,8,FF,FF,FF,FF,20,2D,FF,FF
86955,9490,0x18FEF200,1,8,18,00,00,00,00,00,00,FF
86962,9491,0xCF00400,1,8,FF,FF,FF,B2,3A,FF,FF,FF
86963,9492,0xCFF6600,1,8,56,07,FF,FF,FF,FF,FF,FF
86982,9493,0xCF00400,1,8,FF,FF,FF,CC,3A,FF,FF,FF
86983,9494,0xCFF6600,1,8,59,07,FF,FF,FF,FF,FF,FF
87002,9495,0xCF00400,1,8,FF,FF,FF,A8,3A,FF,FF,FF
87003,9496,0xCFF6600,1,8,55,07,FF,FF,FF,FF,FF,FF
87022,9497,0xCF00400,1,8,FF,FF,FF,A8,3A,FF,FF,FF
87023,9498,0xCFF6600,1,8,55,07,FF,FF,FF,FF,FF,FF
87042,9499,0xCF00400,1,8,FF,FF,FF,52,3A,FF,FF,FF
87043,9500,0xCFF6600,1,8,4A,07,FF,FF,FF,FF,FF,FF
87053,9501,0x18FEF100,1,8,3F,00,00,FF,FF,FF,FF,FF
87054,9502,0x18F00500,1,8,FF,FF,FF,FF,20,2D,FF,FF
87054,9503,0x18FEF200,1,8,18,00,00,00,00,00,00,FF
87062,9504,0xCF00400,1,8,FF,FF,FF,52,3A,FF,FF,FF
87063,9505,0xCFF6600,1,8,4A,07,FF,FF,FF,FF,FF,FF
87082,9506,0xCF00400,1,8,FF,FF,FF,28,3A,FF,FF,FF
87083,9507,0xCFF6600,1,8,45,07,FF,FF,FF,FF,FF,FF
87102,9508,0xCF00400,1,8,FF,FF,FF,2C,3A,FF,FF,FF
87103,9509,0xCFF6600,1,8,45,07,FF,FF,FF,FF,FF,FF
87122,9510,0xCF00400,1,8,FF,FF,FF,2C,3A,FF,FF,FF
87123,9511,0xCFF6600,1,8,45,07,FF,FF,FF,FF,FF,FF
87142,9512,0xCF00400,1,8,FF,FF,FF,30,3A,FF,FF,FF
87143,9513,0xCFF6600,1,8,46,07,FF,FF,FF,FF,FF,FF
87153,9514,0x18FEF100,1,8,3F,00,00,FF,FF,FF,FF,FF
87153,9515,0x10FF6500,1,8,FC,FF,FF,FF,FF,FF,FF,FF
87154,9516,0x18F00500,1,8,FF,FF,FF,FF,20,2D,FF,FF
87155,9517,0x18F00600,1,8,FF,FF,FF,FF,FF,FF,FF,FF
87155,9518,0x18FEF200,1,8,18,00,00,00,00,00,00,FF
87156,9519,0x1CFDDF00,1,8,FE,FF,FF,FF,FF,FF,FF,FF
87156,9520,0x1CFF6A00,1,8,FC,FF,FF,FF,FF,FF,FF,FF
87162,9521,0xCF00400,1,8,FF,FF,FF,2E,3A,FF,FF,FF
87163,9522,0xCFF6600,1,8,45,07,FF,FF,FF,FF,FF,FF
87182,9523,0xCF00400,1,8,FF,FF,FF,2E,3A,FF,FF,FF
87183,9524,0xCFF6600,1,8,45,07,FF,FF,FF,FF,FF,FF
87202,9525,0xCF00400,1,8,FF,FF,FF,2E,3A,FF,FF,FF
87203,9526,0xCFF6600,1,8,45,07,FF,FF,FF,FF,FF,FF
87222,9527,0xCF00400,1,8,FF,FF,FF,2E,3A,FF,FF,FF
87223,9528,0xCFF6600,1,8,45,07,FF,FF,FF,FF,FF,FF
87242,9529,0xCF00400,1,8,FF,FF,FF,3A,3A,FF,FF,FF
87243,9530,0xCFF6600,1,8,47,07,FF,FF,FF,FF,FF,FF
87253,9531,0x18FEF100,1,8,3F,00,00,FF,FF,FF,FF,FF
87254,9532,0x18F00500,1,8,FF,FF,FF,FF,20,2D,FF,FF
87254,9533,0x18FEF200,1,8,18,00,00,00,00,00,00,FF
87262,9534,0xCF00400,1,8,FF,FF,FF,66,3A,FF,FF,FF
87263,9535,0xCFF6600,1,8,4C,07,FF,FF,FF,FF,FF,FF
87282,9536,0xCF00400,1,8,FF,FF,FF,66,3A,FF,FF,FF
87283,9537,0xCFF6600,1,8,4C,07,FF,FF,FF,FF,FF,FF
87302,9538,0xCF00400,1,8,FF,FF,FF,AC,3A,FF,FF,FF
87303,9539,0xCFF6600,1,8,55,07,FF,FF,FF,FF,FF,FF
87322,9540,0xCF00400,1,8,FF,FF,FF,E6,3A,FF,FF,FF
87323,9541,0xCFF6600,1,8,5C,07,FF,FF,FF,FF,FF,FF
87342,9542,0xCF00400,1,8,FF,FF,FF,E6,3A,FF,FF,FF
87343,9543,0xCFF6600,1,8,5C,07,FF,FF,FF,FF,FF,FF
87353,9544,0x18FEF100,1,8,3F,00,00,FF,FF,FF,FF,FF
87354,9545,0x10FF6500,1,8,FC,FF,FF,FF,FF,FF,FF,FF
87355,9546,0x18F00500,1,8,FF,FF,FF,FF,20,2D,FF,FF
87355,9547,0x18FEF200,1,8,18,00,00,00,00,00,00,FF
87362,9548,0xCF00400,1,8,FF,FF,FF,0A,3B,FF,FF,FF
87363,9549,0xCFF6600,1,8,61,07,FF,FF,FF,FF,FF,FF
87382,9550,0xCF00400,1,8,FF,FF,FF,0A,3B,FF,FF,FF
87383,9551,0xCFF6600,1,8,61,07,FF,FF,FF,FF,FF,FF
87402,9552,0xCF00400,1,8,FF,FF,FF,2A,3B,FF,FF,FF
87403,9553,0xCFF6600,1,8,65,07,FF,FF,FF,FF,FF,FF
87422,9554,0xCF00400,1,8,FF,FF,FF,52,3B,FF,FF,FF
87423,9555,0xCFF6600,1,8,6A,07,FF,FF,FF,FF,FF,FF
87442,9556,0xCF00400,1,8,FF,FF,FF,52,3B,FF,FF,FF
87443,9557,0xCFF6600,1,8,6A,07,FF,FF,FF,FF,FF,FF
87453,9558,0x18FEF100,1,8,3F,00,00,FF,FF,FF,FF,FF
87454,9559,0x18F00500,1,8,FF,FF,FF,FF,20,2D,FF,FF
87454,9560,0x18FEF200,1,8,18,00,00,00,00,00,00,FF
87462,9561,0xCF00400,1,8,FF,FF,FF,64,3B,FF,FF,FF
87463,9562,0xCFF6600,1,8,6C,07,FF,FF,FF,FF,FF,FF
87482,9563,0xCF00400,1,8,FF,FF,FF,48,3B,FF,FF,FF
87483,9564,0xCFF6600,1,8,69,07,FF,FF,FF,FF,FF,FF
87502,9565,0xCF00400,1,8,FF,FF,FF,48,3B,FF,FF,FF
87503,9566,0xCFF6600,1,8,69,07,FF,FF,FF,FF,FF,FF
87522,9567,0xCF00400,1,8,FF,FF,FF,08,3B,FF,FF,FF
87523,9568,0xCFF6600,1,8,61,07,FF,FF,FF,FF,FF,FF
87542,9569,0xCF00400,1,8,FF,FF,FF,08,3B,FF,FF,FF
87543,9570,0xCFF6600,1,8,61,07,FF,FF,FF,FF,FF,FF
87553,9571,0x18FEF100,1,8,3F,00,00,FF,FF,FF,FF,FF
87554,9572,0x10FF6500,1,8,FC,FF,FF,FF,FF,FF,FF,FF
87554,9573,0x18F00500,1,8,FF,FF,FF,FF,20,2D,FF,FF
87555,9574,0x18FEF200,1,8,18,00,00,00,00,00,00,FF
87562,9575,0xCF00400,1,8,FF,FF,FF,B4,3A,FF,FF,FF
87563,9576,0xCFF6600,1,8,56,07,FF,FF,FF,FF,FF,FF
87582,9577,0xCF00400,1,8,FF,FF,FF,BA,3A,FF,FF,FF
87583,9578,0xCFF6600,1,8,57,07,FF,FF,FF,FF,FF,FF
87602,9579,0xCF00400,1,8,FF,FF,FF,BA,3A,FF,FF,FF
87603,9580,0xCFF6600,1,8,57,07,FF,FF,FF,FF,FF,FF
87622,9581,0xCF00400,1,8,FF,FF,FF,14,3B,FF,FF,FF
87623,9582,0xCFF6600,1,8,62,07,FF,FF,FF,FF,FF,FF
87642,9583,0xCF00400,1,8,FF,FF,FF,F0,3A,FF,FF,FF
87643,9584,0xCFF6600,1,8,5E,07,FF,FF,FF,FF,FF,FF
87653,9585,0x18FEF100,1,8,3F,00,00,FF,FF,FF,FF,FF
87654,9586,0x18F00500,1,8,FF,FF,FF,FF,20,2D,FF,FF
87654,9587,0x18F00600,1,8,FF,FF,FF,FF,FF,FF,FF,FF
87655,9588,0x18FEF200,1,8,18,00,00,00,00,00,00,FF
87655,9589,0x1CFDDF00,1,8,FE,FF,FF,FF,FF,FF,FF,FF
87656,9590,0x1CFF6A00,1,8,FC,FF,FF,FF,FF,FF,FF,FF
87662,9591,0xCF00400,1,8,FF,FF,FF,F0,3A,FF,FF,FF
87663,9592,0xCFF6600,1,8,5E,07,FF,FF,FF,FF,FF,FF
87682,9593,0xCF00400,1,8,FF,FF,FF,48,3A,FF,FF,FF
87683,9594,0xCFF6600,1,8,49,07,FF,FF,FF,FF,FF,FF
87702,9595,0xCF00400,1,8,FF,FF,FF,48,3A,FF,FF,FF
87703,9596,0xCFF6600,1,8,49,07,FF,FF,FF,FF,FF,FF
87722,9597,0xCF00400,1,8,FF,FF,FF,18,3A,FF,FF,FF
87723,9598,0xCFF6600,1,8,43,07,FF,FF,FF,FF,FF,FF
87742,9599,0xCF00400,1,8,FF,FF,FF,62,3A,FF,FF,FF
87743,9600,0xCFF6600,1,8,4C,07,FF,FF,FF,FF,FF,FF
87753,9601,0x18FEF100,1,8,3F,00,00,FF,FF,FF,FF,FF
87754,9602,0x10FF6500,1,8,FC,FF,FF,FF,FF,FF,FF,FF
87754,9603,0x18F00500,1,8,FF,FF,FF,FF,20,2D,FF,FF
87755,9604,0x18FEF200,1,8,18,00,00,00,00,00,00,FF
87762,9605,0xCF00400,1,8,FF,FF,FF,62,3A,FF,FF,FF
87763,9606,0xCFF6600,1,8,4C,07,FF,FF,FF,FF,FF,FF
87782,9607,0xCF00400,1,8,FF,FF,FF,7C,3A,FF,FF,FF
87783,9608,0xCFF6600,1,8,4F,07,FF,FF,FF,FF,FF,FF
87802,9609,0xCF00400,1,8,FF,FF,FF,6C,3A,FF,FF,FF
87803,9610,0xCFF6600,1,8,4D,07,FF,FF,FF,FF,FF,FF
87812,9611,0x18FEEE00,1,8,49,FF,FF,FF,FF,FF,FF,FF
87812,9612,0x18FDE500,1,8,0A,14,1E,28,32,3C,46,13
87822,9613,0xCF00400,1,8,FF,FF,FF,6C,3A,FF,FF,FF
87823,9614,0xCFF6600,1,8,4D,07,FF,FF,FF,FF,FF,FF
87832,9615,0x1CECFF00,1,8,20,0E,00,02,FF,CA,FE,00
87842,9616,0xCF00400,1,8,FF,FF,FF,98,3A,FF,FF,FF
87843,9617,0xCFF6600,1,8,53,07,FF,FF,FF,FF,FF,FF
87853,9618,0x18FEF100,1,8,3F,00,00,FF,FF,FF,FF,FF
87854,9619,0x18F00500,1,8,FF,FF,FF,FF,20,2D,FF,FF
87854,9620,0x18FEF200,1,8,18,00,00,00,00,00,00,FF
87862,9621,0xCF00400,1,8,FF,FF,FF,98,3A,FF,FF,FF
87863,9622,0xCFF6600,1,8,53,07,FF,FF,FF,FF,FF,FF
87882,9623,0xCF00400,1,8,FF,FF,FF,00,3B,FF,FF,FF
87883,9624,0xCFF6600,1,8,60,07,FF,FF,FF,FF,FF,FF
87883,9625,0x1CEBFF00,1,8,01,40,FF,0F,F0,E5,01,02
87902,9626,0xCF00400,1,8,FF,FF,FF,44,3B,FF,FF,FF
87903,9627,0xCFF6600,1,8,68,07,FF,FF,FF,FF,FF,FF
87922,9628,0xCF00400,1,8,FF,FF,FF,44,3B,FF,FF,FF
87923,9629,0xCFF6600,1,8,68,07,FF,FF,FF,FF,FF,FF
87932,9630,0x1CEBFF00,1,8,02,F0,E3,02,6E,00,03,01
87942,9631,0xCF00400,1,8,FF,FF,FF,5E,3B,FF,FF,FF
87943,9632,0xCFF6600,1,8,6B,07,FF,FF,FF,FF,FF,FF
87953,9633,0x18FEF100,1,8,3F,00,00,FF,FF,FF,FF,FF
87953,9634,0x10FF6500,1,8,FC,FF,FF,FF,FF,FF,FF,FF
87954,9635,0x18F00500,1,8,FF,FF,FF,FF,20,2D,FF,FF
87955,9636,0x18FEF200,1,8,18,00,00,00,00,00,01,FF
87962,9637,0xCF00400,1,8,FF,FF,FF,B4,3B,FF,FF,FF
87963,9638,0xCFF6600,1,8,76,07,FF,FF,FF,FF,FF,FF
87982,9639,0xCF00400,1,8,FF,FF,FF,B4,3B,FF,FF,FF
87983,9640,0xCFF6600,1,8,76,07,FF,FF,FF,FF,FF,FF
88002,9641,0xCF00400,1,8,FF,FF,FF,46,3C,FF,FF,FF
88003,9642,0xCFF6600,1,8,88,07,FF,FF,FF,FF,FF,FF
88022,9643,0xCF00400,1,8,FF,FF,FF,04,3D,FF,FF,FF
88023,9644,0xCFF6600,1,8,A0,07,FF,FF,FF,FF,FF,FF
88042,9645,0xCF00400,1,8,FF,FF,FF,04,3D,FF,FF,FF
88043,9646,0xCFF6600,1,8,A0,07,FF,FF,FF,FF,FF,FF
88053,9647,0x18FEF100,1,8,3F,00,00,FF,FF,FF,FF,FF
88054,9648,0x18F00500,1,8,FF,FF,FF,FF,20,2D,FF,FF
88054,9649,0x18FEF200,1,8,18,00,00,00,00,00,03,FF
88062,9650,0xCF00400,1,8,FF,FF,FF,E4,3D,FF,FF,FF
88063,9651,0xCFF6600,1,8,BC,07,FF,FF,FF,FF,FF,FF
88082,9652,0xCF00400,1,8,FF,FF,FF,F8,3E,FF,FF,FF
88083,9653,0xCFF6600,1,8,DF,07,FF,FF,FF,FF,FF,FF
88102,9654,0xCF00400,1,8,FF,FF,FF,F8,3E,FF,FF,FF
88103,9655,0xCFF6600,1,8,DF,07,FF,FF,FF,FF,FF,FF
88122,9656,0xCF00400,1,8,FF,FF,FF,36,40,FF,FF,FF
88123,9657,0xCFF6600,1,8,06,08,FF,FF,FF,FF,FF,FF
88142,9658,0xCF00400,1,8,FF,FF,FF,CC,41,FF,FF,FF
88143,9659,0xCFF6600,1,8,39,08,FF,FF,FF,FF,FF,FF
88153,9660,0x18FEF100,1,8,3F,00,00,FF,FF,FF,FF,FF
88153,9661,0x10FF6500,1,8,FC,FF,FF,FF,FF,FF,FF,FF
88154,9662,0x18F00500,1,8,FF,FF,FF,FF,20,2D,FF,FF
88155,9663,0x18F00600,1,8,FF,FF,FF,FF,FF,FF,FF,FF
88155,9664,0x18FEF200,1,8,18,00,00,00,00,00,0E,FF
88156,9665,0x1CFDDF00,1,8,FE,FF,FF,FF,FF,FF,FF,FF
88156,9666,0x1CFF6A00,1,8,FC,FF,FF,FF,FF,FF,FF,FF
88162,9667,0xCF00400,1,8,FF,FF,FF,C4,43,FF,FF,FF
88163,9668,0xCFF6600,1,8,78,08,FF,FF,FF,FF,FF,FF
88182,9669,0xCF00400,1,8,FF,FF,FF,C4,43,FF,FF,FF
88183,9670,0xCFF6600,1,8,78,08,FF,FF,FF,FF,FF,FF
88202,9671,0xCF00400,1,8,FF,FF,FF,0C,46,FF,FF,FF
88203,9672,0xCFF6600,1,8,C1,08,FF,FF,FF,FF,FF,FF
88222,9673,0xCF00400,1,8,FF,FF,FF,AC,48,FF,FF,FF
88223,9674,0xCFF6600,1,8,15,09,FF,FF,FF,FF,FF,FF
88242,9675,0xCF00400,1,8,FF,FF,FF,EA,4A,FF,FF,FF
88243,9676,0xCFF6600,1,8,5D,09,FF,FF,FF,FF,FF,FF
88253,9677,0x18FEF100,1,8,3F,00,00,FF,FF,FF,FF,FF
88254,9678,0x18F00500,1,8,FF,FF,FF,FF,20,2D,FF,FF
88254,9679,0x18FEF200,1,8,18,00,00,00,00,00,11,FF
88262,9680,0xCF00400,1,8,FF,FF,FF,EA,4A,FF,FF,FF
88263,9681,0xCFF6600,1,8,5D,09,FF,FF,FF,FF,FF,FF
88282,9682,0xCF00400,1,8,FF,FF,FF,E6,4C,FF,FF,FF
88283,9683,0xCFF6600,1,8,9C,09,FF,FF,FF,FF,FF,FF
88302,9684,0xCF00400,1,8,FF,FF,FF,3C,4F,FF,FF,FF
88303,9685,0xCFF6600,1,8,E7,09,FF,FF,FF,FF,FF,FF
88322,9686,0xCF00400,1,8,FF,FF,FF,C6,51,FF,FF,FF
88323,9687,0xCFF6600,1,8,38,0A,FF,FF,FF,FF,FF,FF
88342,9688,0xCF00400,1,8,FF,FF,FF,FA,53,FF,FF,FF
88343,9689,0xCFF6600,1,8,7F,0A,FF,FF,FF,FF,FF,FF
88353,9690,0x18FEF100,1,8,3F,00,00,FF,FF,FF,FF,FF
88354,9691,0x10FF6500,1,8,FC,FF,FF,FF,FF,FF,FF,FF
88354,9692,0x18F00500,1,8,FF,FF,FF,FF,20,2D,FF,FF
88355,9693,0x18FEF200,1,8,18,00,00,00,00,00,09,FF
88362,9694,0xCF00400,1,8,FF,FF,FF,E6,55,FF,FF,FF
88363,9695,0xCFF6600,1,8,BC,0A,FF,FF,FF,FF,FF,FF
88382,9696,0xCF00400,1,8,FF,FF,FF,74,57,FF,FF,FF
88383,9697,0xCFF6600,1,8,EE,0A,FF,FF,FF,FF,FF,FF
88402,9698,0xCF00400,1,8,FF,FF,FF,A0,58,FF,FF,FF
88403,9699,0xCFF6600,1,8,14,0B,FF,FF,FF,FF,FF,FF
88422,9700,0xCF00400,1,8,FF,FF,FF,7A,59,FF,FF,FF
88423,9701,0xCFF6600,1,8,2F,0B,FF,FF,FF,FF,FF,FF
88442,9702,0xCF00400,1,8,FF,FF,FF,02,5A,FF,FF,FF
88443,9703,0xCFF6600,1,8,40,0B,FF,FF,FF,FF,FF,FF
88453,9704,0x18FEF100,1,8,3F,00,00,FF,FF,FF,FF,FF
88453,9705,0x18F00500,1,8,FF,FF,FF,FF,20,2D,FF,FF
88454,9706,0x18FEF200,1,8,18,00,00,00,00,00,00,FF
88462,9707,0xCF00400,1,8,FF,FF,FF,5E,5A,FF,FF,FF
88463,9708,0xCFF6600,1,8,4B,0B,FF,FF,FF,FF,FF,FF
88482,9709,0xCF00400,1,8,FF,FF,FF,92,5A,FF,FF,FF
88483,9710,0xCFF6600,1,8,52,0B,FF,FF,FF,FF,FF,FF
88502,9711,0xCF00400,1,8,FF,FF,FF,A6,5A,FF,FF,FF
88503,9712,0xCFF6600,1,8,54,0B,FF,FF,FF,FF,FF,FF
88522,9713,0xCF00400,1,8,FF,FF,FF,A8,5A,FF,FF,FF
88523,9714,0xCFF6600,1,8,55,0B,FF,FF,FF,FF,FF,FF
88542,9715,0xCF00400,1,8,FF,FF,FF,DC,5A,FF,FF,FF
88543,9716,0xCFF6600,1,8,5B,0B,FF,FF,FF,FF,FF,FF
88553,9717,0x18FEF100,1,8,3F,00,00,FF,FF,FF,FF,FF
88553,9718,0x18F00500,1,8,FF,FF,FF,FF,20,2D,FF,FF
88554,9719,0x10FF6500,1,8,FC,FF,FF,FF,FF,FF,FF,FF
88554,9720,0x18FEF200,1,8,18,00,00,00,00,00,00,FF
88562,9721,0xCF00400,1,8,FF,FF,FF,28,5B,FF,FF,FF
88563,9722,0xCFF6600,1,8,65,0B,FF,FF,FF,FF,FF,FF
88582,9723,0xCF00400,1,8,FF,FF,FF,3C,5B,FF,FF,FF
88583,9724,0xCFF6600,1,8,67,0B,FF,FF,FF,FF,FF,FF
88602,9725,0xCF00400,1,8,FF,FF,FF,34,5B,FF,FF,FF
88603,9726,0xCFF6600,1,8,66,0B,FF,FF,FF,FF,FF,FF
88622,9727,0xCF00400,1,8,FF,FF,FF,76,5B,FF,FF,FF
88623,9728,0xCFF6600,1,8,6E,0B,FF,FF,FF,FF,FF,FF
88642,9729,0xCF00400,1,8,FF,FF,FF,E4,5B,FF,FF,FF
88643,9730,0xCFF6600,1,8,7C,0B,FF,FF,FF,FF,FF,FF
88653,9731,0x18FEF100,1,8,3F,00,00,FF,FF,FF,FF,FF
88654,9732,0x18F00500,1,8,FF,FF,FF,FF,20,2D,FF,FF
88654,9733,0x18F00600,1,8,FF,FF,FF,FF,FF,FF,FF,FF
88655,9734,0x18FEF200,1,8,18,00,00,00,00,00,00,FF
88656,9735,0x1CFDDF00,1,8,FE,FF,FF,FF,FF,FF,FF,FF
88656,9736,0x1CFF6A00,1,8,FC,FF,FF,FF,FF,FF,FF,FF
88662,9737,0xCF00400,1,8,FF,FF,FF,6C,5C,FF,FF,FF
88663,9738,0xCFF6600,1,8,8D,0B,FF,FF,FF,FF,FF,FF
88682,9739,0xCF00400,1,8,FF,FF,FF,FA,5C,FF,FF,FF
88683,9740,0xCFF6600,1,8,9F,0B,FF,FF,FF,FF,FF,FF
88702,9741,0xCF00400,1,8,FF,FF,FF,22,5D,FF,FF,FF
88703,9742,0xCFF6600,1,8,A4,0B,FF,FF,FF,FF,FF,FF
88722,9743,0xCF00400,1,8,FF,FF,FF,22,5D,FF,FF,FF
88722,9744,0xCFF6600,1,8,A4,0B,FF,FF,FF,FF,FF,FF
88742,9745,0xCF00400,1,8,FF,FF,FF,0E,5D,FF,FF,FF
88742,9746,0xCFF6600,1,8,A1,0B,FF,FF,FF,FF,FF,FF
88753,9747,0x18FEF100,1,8,3F,00,00,FF,FF,FF,FF,FF
88754,9748,0x10FF6500,1,8,FC,FF,FF,FF,FF,FF,FF,FF
88754,9749,0x18F00500,1,8,FF,FF,FF,FF,20,2D,FF,FF
88755,9750,0x18FEF200,1,8,18,00,00,00,00,00,00,FF
88762,9751,0xCF00400,1,8,FF,FF,FF,3C,5D,FF,FF,FF
88762,9752,0xCFF6600,1,8,A7,0B,FF,FF,FF,FF,FF,FF
88782,9753,0xCF00400,1,8,FF,FF,FF,96,5D,FF,FF,FF
88783,9754,0xCFF6600,1,8,B2,0B,FF,FF,FF,FF,FF,FF
88802,9755,0xCF00400,1,8,FF,FF,FF,B6,5D,FF,FF,FF
88803,9756,0xCFF6600,1,8,B6,0B,FF,FF,FF,FF,FF,FF
88812,9757,0x18FEEE00,1,8,49,FF,FF,FF,FF,FF,FF,FF
88812,9758,0x18FDE500,1,8,0A,14,1E,28,32,3C,46,13
88822,9759,0xCF00400,1,8,FF,FF,FF,B0,5D,FF,FF,FF
88823,9760,0xCFF6600,1,8,B6,0B,FF,FF,FF,FF,FF,FF
88832,9761,0x1CECFF00,1,8,20,0E,00,02,FF,CA,FE,00
88842,9762,0xCF00400,1,8,FF,FF,FF,9E,5D,FF,FF,FF
88842,9763,0xCFF6600,1,8,B3,0B,FF,FF,FF,FF,FF,FF
88853,9764,0x18FEF100,1,8,3F,00,00,FF,FF,FF,FF,FF
88854,9765,0x18F00500,1,8,FF,FF,FF,FF,20,2D,FF,FF
88854,9766,0x18FEF200,1,8,20,00,00,00,00,00,00,FF
88862,9767,0xCF00400,1,8,FF,FF,FF,80,5D,FF,FF,FF
88863,9768,0xCFF6600,1,8,B0,0B,FF,FF,FF,FF,FF,FF
88882,9769,0xCF00400,1,8,FF,FF,FF,6E,5D,FF,FF,FF
88883,9770,0xCFF6600,1,8,AD,0B,FF,FF,FF,FF,FF,FF
88883,9771,0x1CEBFF00,1,8,01,40,FF,0F,F0,E5,01,02
88902,9772,0xCF00400,1,8,FF,FF,FF,66,5D,FF,FF,FF
88903,9773,0xCFF6600,1,8,AC,0B,FF,FF,FF,FF,FF,FF
88922,9774,0xCF00400,1,8,FF,FF,FF,7E,5D,FF,FF,FF
88923,9775,0xCFF6600,1,8,AF,0B,FF,FF,FF,FF,FF,FF
88932,9776,0x1CEBFF00,1,8,02,F0,E3,02,6E,00,03,01
88942,9777,0xCF00400,1,8,FF,FF,FF,AC,5D,FF,FF,FF
88943,9778,0xCFF6600,1,8,B5,0B,FF,FF,FF,FF,FF,FF
88953,9779,0x18FEF100,1,8,3F,00,00,FF,FF,FF,FF,FF
88954,9780,0x10FF6500,1,8,FC,FF,FF,FF,FF,FF,FF,FF
88954,9781,0x18F00500,1,8,FF,FF,FF,FF,20,2D,FF,FF
88955,9782,0x18FEF200,1,8,20,00,00,00,00,00,00,FF
88962,9783,0xCF00400,1,8,FF,FF,FF,D4,5D,FF,FF,FF
88963,9784,0xCFF6600,1,8,BA,0B,FF,FF,FF,FF,FF,FF
88982,9785,0xCF00400,1,8,FF,FF,FF,F6,5D,FF,FF,FF
88982,9786,0xCFF6600,1,8,BE,0B,FF,FF,FF,FF,FF,FF
89002,9787,0xCF00400,1,8,FF,FF,FF,D4,5D,FF,FF,FF
89002,9788,0xCFF6600,1,8,BA,0B,FF,FF,FF,FF,FF,FF
89022,9789,0xCF00400,1,8,FF,FF,FF,84,5D,FF,FF,FF
89023,9790,0xCFF6600,1,8,B0,0B,FF,FF,FF,FF,FF,FF
89042,9791,0xCF00400,1,8,FF,FF,FF,56,5D,FF,FF,FF
89043,9792,0xCFF6600,1,8,AA,0B,FF,FF,FF,FF,FF,FF
89053,9793,0x18FEF100,1,8,3F,00,00,FF,FF,FF,FF,FF
89054,9794,0x18F00500,1,8,FF,FF,FF,FF,20,2D,FF,FF
89054,9795,0x18FEF200,1,8,20,00,00,00,00,00,00,FF
89062,9796,0xCF00400,1,8,FF,FF,FF,4C,5D,FF,FF,FF
89063,9797,0xCFF6600,1,8,A9,0B,FF,FF,FF,FF,FF,FF
89082,9798,0xCF00400,1,8,FF,FF,FF,7E,5D,FF,FF,FF
89083,9799,0xCFF6600,1,8,AF,0B,FF,FF,FF,FF,FF,FF
89102,9800,0xCF00400,1,8,FF,FF,FF,DA,5D,FF,FF,FF
89102,9801,0xCFF6600,1,8,BB,0B,FF,FF,FF,FF,FF,FF
89122,9802,0xCF00400,1,8,FF,FF,FF,D2,5D,FF,FF,FF
89122,9803,0xCFF6600,1,8,BA,0B,FF,FF,FF,FF,FF,FF
89142,9804,0xCF00400,1,8,FF,FF,FF,8A,5D,FF,FF,FF
89143,9805,0xCFF6600,1,8,B1,0B,FF,FF,FF,FF,FF,FF
89153,9806,0x18FEF100,1,8,3F,00,00,FF,FF,FF,FF,FF
89153,9807,0x18F00500,1,8,FF,FF,FF,FF,20,2D,FF,FF
89154,9808,0x10FF6500,1,8,FC,FF,FF,FF,FF,FF,FF,FF
89154,9809,0x18F00600,1,8,FF,FF,FF,FF,FF,FF,FF,FF
89155,9810,0x18FEF200,1,8,20,00,00,00,00,00,00,FF
89156,9811,0x1CFDDF00,1,8,FE,FF,FF,FF,FF,FF,FF,FF
89156,9812,0x1CFF6A00,1,8,FC,FF,FF,FF,FF,FF,FF,FF
89162,9813,0xCF00400,1,8,FF,FF,FF,88,5D,FF,FF,FF
89163,9814,0xCFF6600,1,8,B1,0B,FF,FF,FF,FF,FF,FF
89182,9815,0xCF00400,1,8,FF,FF,FF,A8,5D,FF,FF,FF
89183,9816,0xCFF6600,1,8,B5,0B,FF,FF,FF,FF,FF,FF
89202,9817,0xCF00400,1,8,FF,FF,FF,5E,5D,FF,FF,FF
89203,9818,0xCFF6600,1,8,AB,0B,FF,FF,FF,FF,FF,FF
89222,9819,0xCF00400,1,8,FF,FF,FF,CE,5C,FF,FF,FF
89223,9820,0xCFF6600,1,8,99,0B,FF,FF,FF,FF,FF,FF
89242,9821,0xCF00400,1,8,FF,FF,FF,A2,5C,FF,FF,FF
89243,9822,0xCFF6600,1,8,94,0B,FF,FF,FF,FF,FF,FF
89253,9823,0x18FEF100,1,8,3F,00,00,FF,FF,FF,FF,FF
89254,9824,0x18F00500,1,8,FF,FF,FF,FF,20,2D,FF,FF
89254,9825,0x18FEF200,1,8,20,00,00,00,00,00,00,FF
89262,9826,0xCF00400,1,8,FF,FF,FF,C2,5C,FF,FF,FF
89263,9827,0xCFF6600,1,8,98,0B,FF,FF,FF,FF,FF,FF
89282,9828,0xCF00400,1,8,FF,FF,FF,E4,5C,FF,FF,FF
89283,9829,0xCFF6600,1,8,9C,0B,FF,FF,FF,FF,FF,FF
89302,9830,0xCF00400,1,8,FF,FF,FF,0C,5D,FF,FF,FF
89303,9831,0xCFF6600,1,8,A1,0B,FF,FF,FF,FF,FF,FF
89322,9832,0xCF00400,1,8,FF,FF,FF,32,5D,FF,FF,FF
89323,9833,0xCFF6600,1,8,A6,0B,FF,FF,FF,FF,FF,FF
89342,9834,0xCF00400,1,8,FF,FF,FF,54,5D,FF,FF,FF
89343,9835,0xCFF6600,1,8,AA,0B,FF,FF,FF,FF,FF,FF
89353,9836,0x18FEF100,1,8,3F,00,00,FF,FF,FF,FF,FF
89353,9837,0x10FF6500,1,8,FC,FF,FF,FF,FF,FF,FF,FF
89354,9838,0x18F00500,1,8,FF,FF,FF,FF,20,2D,FF,FF
89355,9839,0x18FEF200,1,8,20,00,00,00,00,00,00,FF
89362,9840,0xCF00400,1,8,FF,FF,FF,3C,5D,FF,FF,FF
89363,9841,0xCFF6600,1,8,A7,0B,FF,FF,FF,FF,FF,FF
89382,9842,0xCF00400,1,8,FF,FF,FF,FC,5C,FF,FF,FF
89383,9843,0xCFF6600,1,8,9F,0B,FF,FF,FF,FF,FF,FF
89402,9844,0xCF00400,1,8,FF,FF,FF,C0,5C,FF,FF,FF
89403,9845,0xCFF6600,1,8,98,0B,FF,FF,FF,FF,FF,FF
89422,9846,0xCF00400,1,8,FF,FF,FF,86,5C,FF,FF,FF
89423,9847,0xCFF6600,1,8,90,0B,FF,FF,FF,FF,FF,FF
89442,9848,0xCF00400,1,8,FF,FF,FF,62,5C,FF,FF,FF
89443,9849,0xCFF6600,1,8,8C,0B,FF,FF,FF,FF,FF,FF
89453,9850,0x18FEF100,1,8,3F,00,00,FF,FF,FF,FF,FF
89453,9851,0x18F00500,1,8,FF,FF,FF,FF,20,2D,FF,FF
89454,9852,0x18FEF200,1,8,20,00,00,00,00,00,00,FF
89462,9853,0xCF00400,1,8,FF,FF,FF,4A,5C,FF,FF,FF
89463,9854,0xCFF6600,1,8,89,0B,FF,FF,FF,FF,FF,FF
89482,9855,0xCF00400,1,8,FF,FF,FF,6E,5C,FF,FF,FF
89483,9856,0xCFF6600,1,8,8D,0B,FF,FF,FF,FF,FF,FF
89502,9857,0xCF00400,1,8,FF,FF,FF,B6,5C,FF,FF,FF
89503,9858,0xCFF6600,1,8,96,0B,FF,FF,FF,FF,FF,FF
89522,9859,0xCF00400,1,8,FF,FF,FF,C4,5C,FF,FF,FF
89523,9860,0xCFF6600,1,8,98,0B,FF,FF,FF,FF,FF,FF
89542,9861,0xCF00400,1,8,FF,FF,FF,AE,5C,FF,FF,FF
89543,9862,0xCFF6600,1,8,95,0B,FF,FF,FF,FF,FF,FF
89553,9863,0x18FEF100,1,8,3F,00,00,FF,FF,FF,FF,FF
89553,9864,0x10FF6500,1,8,FC,FF,FF,FF,FF,FF,FF,FF
89554,9865,0x18F00500,1,8,FF,FF,FF,FF,20,2D,FF,FF
89554,9866,0x18FEF200,1,8,20,00,00,00,00,00,00,FF
89562,9867,0xCF00400,1,8,FF,FF,FF,CA,5C,FF,FF,FF
89563,9868,0xCFF6600,1,8,99,0B,FF,FF,FF,FF,FF,FF
89582,9869,0xCF00400,1,8,FF,FF,FF,FE,5C,FF,FF,FF
89583,9870,0xCFF6600,1,8,9F,0B,FF,FF,FF,FF,FF,FF
89602,9871,0xCF00400,1,8,FF,FF,FF,50,5D,FF,FF,FF
89603,9872,0xCFF6600,1,8,AA,0B,FF,FF,FF,FF,FF,FF
89622,9873,0xCF00400,1,8,FF,FF,FF,B6,5D,FF,FF,FF
89623,9874,0xCFF6600,1,8,B6,0B,FF,FF,FF,FF,FF,FF
89642,9875,0xCF00400,1,8,FF,FF,FF,BE,5D,FF,FF,FF
89643,9876,0xCFF6600,1,8,B7,0B,FF,FF,FF,FF,FF,FF
89653,9877,0x18FEF100,1,8,3F,00,00,FF,FF,FF,FF,FF
89654,9878,0x18F00500,1,8,FF,FF,FF,FF,20,2D,FF,FF
89654,9879,0x18F00600,1,8,FF,FF,FF,FF,FF,FF,FF,FF
89655,9880,0x18FEF200,1,8,20,00,00,00,00,00,00,FF
89655,9881,0x1CFDDF00,1,8,FE,FF,FF,FF,FF,FF,FF,FF
89656,9882,0x1CFF6A00,1,8,FC,FF,FF,FF,FF,FF,FF,FF
89662,9883,0xCF00400,1,8,FF,FF,FF,90,5D,FF,FF,FF
89663,9884,0xCFF6600,1,8,B2,0B,FF,FF,FF,FF,FF,FF
89682,9885,0xCF00400,1,8,FF,FF,FF,BE,5D,FF,FF,FF
89683,9886,0xCFF6600,1,8,B7,0B,FF,FF,FF,FF,FF,FF
89702,9887,0xCF00400,1,8,FF,FF,FF,28,5E,FF,FF,FF
89702,9888,0xCFF6600,1,8,C5,0B,FF,FF,FF,FF,FF,FF
89722,9889,0xCF00400,1,8,FF,FF,FF,FC,5D,FF,FF,FF
89722,9890,0xCFF6600,1,8,BF,0B,FF,FF,FF,FF,FF,FF
89742,9891,0xCF00400,1,8,FF,FF,FF,66,5D,FF,FF,FF
89742,9892,0xCFF6600,1,8,AC,0B,FF,FF,FF,FF,FF,FF
89743,9893,0x18FEFC17,1,8,FF,1F,FF,FF,FF,FF,FF,FF
89753,9894,0x18FEF100,1,8,3F,00,00,FF,FF,FF,FF,FF
89753,9895,0x10FF6500,1,8,FC,FF,FF,FF,FF,FF,FF,FF
89754,9896,0x18F00500,1,8,FF,FF,FF,FF,20,2D,FF,FF
89755,9897,0x18FEF200,1,8,20,00,00,00,00,00,00,FF
89762,9898,0xCF00400,1,8,FF,FF,FF,5E,5D,FF,FF,FF
89763,9899,0xCFF6600,1,8,AB,0B,FF,FF,FF,FF,FF,FF
89763,9900,0x18FEF517,1,8,FF,FF,FF,20,1D,FF,FF,FF
89782,9901,0xCF00400,1,8,FF,FF,FF,B4,5D,FF,FF,FF
89783,9902,0xCFF6600,1,8,B6,0B,FF,FF,FF,FF,FF,FF
89788,9903,0x18FEC117,1,8,F0,1D,00,00,03,1E,00,00
89802,9904,0xCF00400,1,8,FF,FF,FF,C6,5D,FF,FF,FF
89803,9905,0xCFF6600,1,8,B8,0B,FF,FF,FF,FF,FF,FF
89812,9906,0x18FEEE00,1,8,49,FF,FF,FF,FF,FF,FF,FF
89812,9907,0x18FDE500,1,8,0A,14,1E,28,32,3C,46,13
89822,9908,0xCF00400,1,8,FF,FF,FF,B0,5D,FF,FF,FF
89822,9909,0xCFF6600,1,8,B6,0B,FF,FF,FF,FF,FF,FF
89832,9910,0x1CECFF00,1,8,20,0E,00,02,FF,CA,FE,00
89842,9911,0xCF00400,1,8,FF,FF,FF,48,5D,FF,FF,FF
89843,9912,0xCFF6600,1,8,A9,0B,FF,FF,FF,FF,FF,FF
89853,9913,0x18FEF100,1,8,3F,00,00,FF,FF,FF,FF,FF
89854,9914,0x18F00500,1,8,FF,FF,FF,FF,20,2D,FF,FF
89854,9915,0x18FEF200,1,8,21,00,00,00,00,00,00,FF
89862,9916,0xCF00400,1,8,FF,FF,FF,A4,5C,FF,FF,FF
89863,9917,0xCFF6600,1,8,94,0B,FF,FF,FF,FF,FF,FF
89882,9918,0xCF00400,1,8,FF,FF,FF,28,5C,FF,FF,FF
89883,9919,0xCFF6600,1,8,85,0B,FF,FF,FF,FF,FF,FF
89883,9920,0x1CEBFF00,1,8,01,40,FF,0F,F0,E5,01,02
89902,9921,0xCF00400,1,8,FF,FF,FF,C8,5B,FF,FF,FF
89903,9922,0xCFF6600,1,8,79,0B,FF,FF,FF,FF,FF,FF
89922,9923,0xCF00400,1,8,FF,FF,FF,4A,5B,FF,FF,FF
89922,9924,0xCFF6600,1,8,69,0B,FF,FF,FF,FF,FF,FF
89932,9925,0x1CEBFF00,1,8,02,F0,E3,02,6E,00,03,01
89942,9926,0xCF00400,1,8,FF,FF,FF,B8,5A,FF,FF,FF
89943,9927,0xCFF6600,1,8,57,0B,FF,FF,FF,FF,FF,FF
89953,9928,0x18FEF100,1,8,3F,00,00,FF,FF,FF,FF,FF
89954,9929,0x10FF6500,1,8,FC,FF,FF,FF,FF,FF,FF,FF
89954,9930,0x18F00500,1,8,FF,FF,FF,FF,20,2D,FF,FF
89955,9931,0x18FEF200,1,8,21,00,00,00,00,00,00,FF
89962,9932,0xCF00400,1,8,FF,FF,FF,5A,5A,FF,FF,FF
89963,9933,0xCFF6600,1,8,4B,0B,FF,FF,FF,FF,FF,FF
89982,9934,0xCF00400,1,8,FF,FF,FF,24,5A,FF,FF,FF
89983,9935,0xCFF6600,1,8,44,0B,FF,FF,FF,FF,FF,FF
90002,9936,0xCF00400,1,8,FF,FF,FF,F4,59,FF,FF,FF
90003,9937,0xCFF6600,1,8,3E,0B,FF,FF,FF,FF,FF,FF
90022,9938,0xCF00400,1,8,FF,FF,FF,C8,59,FF,FF,FF
90023,9939,0xCFF6600,1,8,39,0B,FF,FF,FF,FF,FF,FF
90042,9940,0xCF00400,1,8,FF,FF,FF,94,59,FF,FF,FF
90043,9941,0xCFF6600,1,8,32,0B,FF,FF,FF,FF,FF,FF
90053,9942,0x18FEF100,1,8,3F,00,00,FF,FF,FF,FF,FF
90054,9943,0x18F00500,1,8,FF,FF,FF,FF,20,2D,FF,FF
90054,9944,0x18FEF200,1,8,21,00,00,00,00,00,00,FF
90062,9945,0xCF00400,1,8,FF,FF,FF,64,59,FF,FF,FF
90063,9946,0xCFF6600,1,8,2C,0B,FF,FF,FF,FF,FF,FF
90082,9947,0xCF00400,1,8,FF,FF,FF,38,59,FF,FF,FF
90083,9948,0xCFF6600,1,8,27,0B,FF,FF,FF,FF,FF,FF
90102,9949,0xCF00400,1,8,FF,FF,FF,0A,59,FF,FF,FF
90103,9950,0xCFF6600,1,8,21,0B,FF,FF,FF,FF,FF,FF
90122,9951,0xCF00400,1,8,FF,FF,FF,CA,58,FF,FF,FF
90123,9952,0xCFF6600,1,8,19,0B,FF,FF,FF,FF,FF,FF
90142,9953,0xCF00400,1,8,FF,FF,FF,7E,58,FF,FF,FF
90143,9954,0xCFF6600,1,8,0F,0B,FF,FF,FF,FF,FF,FF
90153,9955,0x18FEF100,1,8,3F,00,00,FF,FF,FF,FF,FF
90153,9956,0x10FF6500,1,8,FC,FF,FF,FF,FF,FF,FF,FF
90154,9957,0x18F00500,1,8,FF,FF,FF,FF,20,2D,FF,FF
90155,9958,0x18F00600,1,8,FF,FF,FF,FF,FF,FF,FF,FF
90155,9959,0x18FEF200,1,8,21,00,00,00,00,00,00,FF
90156,9960,0x1CFDDF00,1,8,FE,FF,FF,FF,FF,FF,FF,FF
90156,9961,0x1CFF6A00,1,8,FC,FF,FF,FF,FF,FF,FF,FF
90162,9962,0xCF00400,1,8,FF,FF,FF,2A,58,FF,FF,FF
90163,9963,0xCFF6600,1,8,05,0B,FF,FF,FF,FF,FF,FF
90182,9964,0xCF00400,1,8,FF,FF,FF,2A,58,FF,FF,FF
90182,9965,0xCFF6600,1,8,05,0B,FF,FF,FF,FF,FF,FF
90202,9966,0xCF00400,1,8,FF,FF,FF,C4,57,FF,FF,FF
90203,9967,0xCFF6600,1,8,F8,0A,FF,FF,FF,FF,FF,FF
90222,9968,0xCF00400,1,8,FF,FF,FF,46,57,FF,FF,FF
90223,9969,0xCFF6600,1,8,E8,0A,FF,FF,FF,FF,FF,FF
90242,9970,0xCF00400,1,8,FF,FF,FF,BE,56,FF,FF,FF
90243,9971,0xCFF6600,1,8,D7,0A,FF,FF,FF,FF,FF,FF
90253,9972,0x18FEF100,1,8,3F,00,00,FF,FF,FF,FF,FF
90253,9973,0x18F00500,1,8,FF,FF,FF,FF,20,2D,FF,FF
90254,9974,0x18FEF200,1,8,21,00,00,00,00,00,00,FF
90262,9975,0xCF00400,1,8,FF,FF,FF,96,56,FF,FF,FF
90263,9976,0xCFF6600,1,8,D2,0A,FF,FF,FF,FF,FF,FF
90282,9977,0xCF00400,1,8,FF,FF,FF,A8,56,FF,FF,FF
90283,9978,0xCFF6600,1,8,D5,0A,FF,FF,FF,FF,FF,FF
90302,9979,0xCF00400,1,8,FF,FF,FF,8E,56,FF,FF,FF
90303,9980,0xCFF6600,1,8,D1,0A,FF,FF,FF,FF,FF,FF
90322,9981,0xCF00400,1,8,FF,FF,FF,54,56,FF,FF,FF
90322,9982,0xCFF6600,1,8,CA,0A,FF,FF,FF,FF,FF,FF
90342,9983,0xCF00400,1,8,FF,FF,FF,24,56,FF,FF,FF
90343,9984,0xCFF6600,1,8,C4,0A,FF,FF,FF,FF,FF,FF
90353,9985,0x18FEF100,1,8,3F,00,00,FF,FF,FF,FF,FF
90353,9986,0x10FF6500,1,8,FC,FF,FF,FF,FF,FF,FF,FF
90354,9987,0x18F00500,1,8,FF,FF,FF,FF,20,2D,FF,FF
90355,9988,0x18FEF200,1,8,21,00,00,00,00,00,00,FF
90362,9989,0xCF00400,1,8,FF,FF,FF,02,56,FF,FF,FF
90363,9990,0xCFF6600,1,8,C0,0A,FF,FF,FF,FF,FF,FF
90382,9991,0xCF00400,1,8,FF,FF,FF,EC,55,FF,FF,FF
90383,9992,0xCFF6600,1,8,BD,0A,FF,FF,FF,FF,FF,FF
90402,9993,0xCF00400,1,8,FF,FF,FF,E0,55,FF,FF,FF
90403,9994,0xCFF6600,1,8,BC,0A,FF,FF,FF,FF,FF,FF
90422,9995,0xCF00400,1,8,FF,FF,FF,FA,55,FF,FF,FF
90423,9996,0xCFF6600,1,8,BF,0A,FF,FF,FF,FF,FF,FF
90442,9997,0xCF00400,1,8,FF,FF,FF,FA,55,FF,FF,FF
90442,9998,0xCFF6600,1,8,BF,0A,FF,FF,FF,FF,FF,FF
90453,9999,0x18FEF100,1,8,3F,00,00,FF,FF,FF,FF,FF
90454,10000,0x18F00500,1,8,FF,FF,FF,FF,20,2D,FF,FF
90454,10001,0x18FEF200,1,8,21,00,00,00,00,00,00,FF
90462,10002,0xCF00400,1,8,FF,FF,FF,30,56,FF,FF,FF
90463,10003,0xCFF6600,1,8,C6,0A,FF,FF,FF,FF,FF,FF
90482,10004,0xCF00400,1,8,FF,FF,FF,3A,56,FF,FF,FF
90482,10005,0xCFF6600,1,8,C7,0A,FF,FF,FF,FF,FF,FF
90502,10006,0xCF00400,1,8,FF,FF,FF,28,56,FF,FF,FF
90503,10007,0xCFF6600,1,8,C5,0A,FF,FF,FF,FF,FF,FF
90522,10008,0xCF00400,1,8,FF,FF,FF,FA,55,FF,FF,FF
90523,10009,0xCFF6600,1,8,BF,0A,FF,FF,FF,FF,FF,FF
90542,10010,0xCF00400,1,8,FF,FF,FF,B2,55,FF,FF,FF
90543,10011,0xCFF6600,1,8,B6,0A,FF,FF,FF,FF,FF,FF
90553,10012,0x18FEF100,1,8,3F,00,00,FF,FF,FF,FF,FF
90554,10013,0x10FF6500,1,8,FC,FF,FF,FF,FF,FF,FF,FF
90554,10014,0x18F00500,1,8,FF,FF,FF,FF,20,2D,FF,FF
90555,10015,0x18FEF200,1,8,21,00,00,00,00,00,00,FF
90562,10016,0xCF00400,1,8,FF,FF,FF,68,55,FF,FF,FF
90562,10017,0xCFF6600,1,8,AD,0A,FF,FF,FF,FF,FF,FF
90582,10018,0xCF00400,1,8,FF,FF,FF,24,55,FF,FF,FF
90583,10019,0xCFF6600,1,8,A4,0A,FF,FF,FF,FF,FF,FF
90602,10020,0xCF00400,1,8,FF,FF,FF,48,55,FF,FF,FF
90603,10021,0xCFF6600,1,8,A9,0A,FF,FF,FF,FF,FF,FF
90622,10022,0xCF00400,1,8,FF,FF,FF,AE,55,FF,FF,FF
90623,10023,0xCFF6600,1,8,B5,0A,FF,FF,FF,FF,FF,FF
90642,10024,0xCF00400,1,8,FF,FF,FF,B0,55,FF,FF,FF
90643,10025,0xCFF6600,1,8,B6,0A,FF,FF,FF,FF,FF,FF
90653,10026,0x18FEF100,1,8,3F,00,00,FF,FF,FF,FF,FF
90654,10027,0x18F00500,1,8,FF,FF,FF,FF,20,2D,FF,FF
90654,10028,0x18F00600,1,8,FF,FF,FF,FF,FF,FF,FF,FF
90655,10029,0x18FEF200,1,8,21,00,00,00,00,00,00,FF
90656,10030,0x1CFDDF00,1,8,FE,FF,FF,FF,FF,FF,FF,FF
90656,10031,0x1CFF6A00,1,8,FC,FF,FF,FF,FF,FF,FF,FF
90662,10032,0xCF00400,1,8,FF,FF,FF,70,55,FF,FF,FF
90663,10033,0xCFF6600,1,8,AE,0A,FF,FF,FF,FF,FF,FF
90682,10034,0xCF00400,1,8,FF,FF,FF,70,55,FF,FF,FF
90683,10035,0xCFF6600,1,8,AE,0A,FF,FF,FF,FF,FF,FF
90702,10036,0xCF00400,1,8,FF,FF,FF,44,55,FF,FF,FF
90703,10037,0xCFF6600,1,8,A8,0A,FF,FF,FF,FF,FF,FF
90722,10038,0xCF00400,1,8,FF,FF,FF,22,55,FF,FF,FF
90723,10039,0xCFF6600,1,8,A4,0A,FF,FF,FF,FF,FF,FF
90742,10040,0xCF00400,1,8,FF,FF,FF,E6,54,FF,FF,FF
90743,10041,0xCFF6600,1,8,9C,0A,FF,FF,FF,FF,FF,FF
90753,10042,0x18FEF100,1,8,3F,00,00,FF,FF,FF,FF,FF
90753,10043,0x10FF6500,1,8,FC,FF,FF,FF,FF,FF,FF,FF
90754,10044,0x18F00500,1,8,FF,FF,FF,FF,20,2D,FF,FF
90755,10045,0x18FEF200,1,8,21,00,00,00,00,00,00,FF
90762,10046,0xCF00400,1,8,FF,FF,FF,98,54,FF,FF,FF
90763,10047,0xCFF6600,1,8,93,0A,FF,FF,FF,FF,FF,FF
90782,10048,0xCF00400,1,8,FF,FF,FF,E0,54,FF,FF,FF
90783,10049,0xCFF6600,1,8,9C,0A,FF,FF,FF,FF,FF,FF
90802,10050,0xCF00400,1,8,FF,FF,FF,8E,55,FF,FF,FF
90803,10051,0xCFF6600,1,8,B1,0A,FF,FF,FF,FF,FF,FF
90812,10052,0x18FEEE00,1,8,49,FF,FF,FF,FF,FF,FF,FF
90812,10053,0x18FDE500,1,8,0A,14,1E,28,32,3C,46,13
90822,10054,0xCF00400,1,8,FF,FF,FF,A4,55,FF,FF,FF
90823,10055,0xCFF6600,1,8,B4,0A,FF,FF,FF,FF,FF,FF
90832,10056,0x1CECFF00,1,8,20,0E,00,02,FF,CA,FE,00
90842,10057,0xCF00400,1,8,FF,FF,FF,56,55,FF,FF,FF
90843,10058,0xCFF6600,1,8,AA,0A,FF,FF,FF,FF,FF,FF
90853,10059,0x18FEF100,1,8,3F,00,00,FF,FF,FF,FF,FF
90854,10060,0x18F00500,1,8,FF,FF,FF,FF,20,2D,FF,FF
90854,10061,0x18FEF200,1,8,20,00,00,00,00,00,00,FF
90862,10062,0xCF00400,1,8,FF,FF,FF,7A,55,FF,FF,FF
90863,10063,0xCFF6600,1,8,AF,0A,FF,FF,FF,FF,FF,FF
90882,10064,0xCF00400,1,8,FF,FF,FF,F2,55,FF,FF,FF
90883,10065,0xCFF6600,1,8,BE,0A,FF,FF,FF,FF,FF,FF
90884,10066,0x1CEBFF00,1,8,01,40,FF,0F,F0,E5,01,02
90902,10067,0xCF00400,1,8,FF,FF,FF,F2,55,FF,FF,FF
90903,10068,0xCFF6600,1,8,BE,0A,FF,FF,FF,FF,FF,FF
90922,10069,0xCF00400,1,8,FF,FF,FF,0E,56,FF,FF,FF
90922,10070,0xCFF6600,1,8,C1,0A,FF,FF,FF,FF,FF,FF
90932,10071,0x1CEBFF00,1,8,02,F0,E3,02,6E,00,03,01
90942,10072,0xCF00400,1,8,FF,FF,FF,F8,55,FF,FF,FF
90943,10073,0xCFF6600,1,8,BF,0A,FF,FF,FF,FF,FF,FF
90953,10074,0x18FEF100,1,8,3F,00,00,FF,FF,FF,FF,FF
90953,10075,0x18F00500,1,8,FF,FF,FF,FF,20,2D,FF,FF
90954,10076,0x10FF6500,1,8,FC,FF,FF,FF,FF,FF,FF,FF
90954,10077,0x18FEF200,1,8,20,00,00,00,00,00,00,FF
90962,10078,0xCF00400,1,8,FF,FF,FF,1E,56,FF,FF,FF
90962,10079,0xCFF6600,1,8,C3,0A,FF,FF,FF,FF,FF,FF
90982,10080,0xCF00400,1,8,FF,FF,FF,6C,56,FF,FF,FF
90983,10081,0xCFF6600,1,8,CD,0A,FF,FF,FF,FF,FF,FF
91002,10082,0xCF00400,1,8,FF,FF,FF,98,56,FF,FF,FF
91003,10083,0xCFF6600,1,8,D3,0A,FF,FF,FF,FF,FF,FF
91022,10084,0xCF00400,1,8,FF,FF,FF,AC,56,FF,FF,FF
91023,10085,0xCFF6600,1,8,D5,0A,FF,FF,FF,FF,FF,FF
91042,10086,0xCF00400,1,8,FF,FF,FF,D4,56,FF,FF,FF
91043,10087,0xCFF6600,1,8,DA,0A,FF,FF,FF,FF,FF,FF
91053,10088,0x18FEF100,1,8,3F,00,00,FF,FF,FF,FF,FF
91054,10089,0x18F00500,1,8,FF,FF,FF,FF,20,2D,FF,FF
91054,10090,0x18FEF200,1,8,20,00,00,00,00,00,00,FF
91062,10091,0xCF00400,1,8,FF,FF,FF,00,57,FF,FF,FF
91063,10092,0xCFF6600,1,8,E0,0A,FF,FF,FF,FF,FF,FF
91082,10093,0xCF00400,1,8,FF,FF,FF,06,57,FF,FF,FF
91083,10094,0xCFF6600,1,8,E0,0A,FF,FF,FF,FF,FF,FF
91102,10095,0xCF00400,1,8,FF,FF,FF,F2,56,FF,FF,FF
91103,10096,0xCFF6600,1,8,DE,0A,FF,FF,FF,FF,FF,FF
91122,10097,0xCF00400,1,8,FF,FF,FF,F8,56,FF,FF,FF
91123,10098,0xCFF6600,1,8,DF,0A,FF,FF,FF,FF,FF,FF
91142,10099,0xCF00400,1,8,FF,FF,FF,14,57,FF,FF,FF
91143,10100,0xCFF6600,1,8,E2,0A,FF,FF,FF,FF,FF,FF
91153,10101,0x18FEF100,1,8,3F,00,00,FF,FF,FF,FF,FF
91154,10102,0x10FF6500,1,8,FC,FF,FF,FF,FF,FF,FF,FF
91154,10103,0x18F00500,1,8,FF,FF,FF,FF,20,2D,FF,FF
91155,10104,0x18F00600,1,8,FF,FF,FF,FF,FF,FF,FF,FF
91155,10105,0x18FEF200,1,8,20,00,00,00,00,00,00,FF
91156,10106,0x1CFDDF00,1,8,FE,FF,FF,FF,FF,FF,FF,FF
91157,10107,0x1CFF6A00,1,8,FC,FF,FF,FF,FF,FF,FF,FF
91162,10108,0xCF00400,1,8,FF,FF,FF,14,57,FF,FF,FF
91162,10109,0xCFF6600,1,8,E2,0A,FF,FF,FF,FF,FF,FF
91182,10110,0xCF00400,1,8,FF,FF,FF,0C,57,FF,FF,FF
91183,10111,0xCFF6600,1,8,E1,0A,FF,FF,FF,FF,FF,FF
91202,10112,0xCF00400,1,8,FF,FF,FF,EC,56,FF,FF,FF
91203,10113,0xCFF6600,1,8,DD,0A,FF,FF,FF,FF,FF,FF
91222,10114,0xCF00400,1,8,FF,FF,FF,9A,56,FF,FF,FF
91223,10115,0xCFF6600,1,8,D3,0A,FF,FF,FF,FF,FF,FF
91242,10116,0xCF00400,1,8,FF,FF,FF,22,56,FF,FF,FF
91243,10117,0xCFF6600,1,8,C4,0A,FF,FF,FF,FF,FF,FF
91253,10118,0x18FEF100,1,8,3F,00,00,FF,FF,FF,FF,FF
91254,10119,0x18F00500,1,8,FF,FF,FF,FF,20,2D,FF,FF
91254,10120,0x18FEF200,1,8,20,00,00,00,00,00,00,FF
91262,10121,0xCF00400,1,8,FF,FF,FF,1C,56,FF,FF,FF
91263,10122,0xCFF6600,1,8,C3,0A,FF,FF,FF,FF,FF,FF
91282,10123,0xCF00400,1,8,FF,FF,FF,66,56,FF,FF,FF
91282,10124,0xCFF6600,1,8,CC,0A,FF,FF,FF,FF,FF,FF
91302,10125,0xCF00400,1,8,FF,FF,FF,1C,56,FF,FF,FF
91303,10126,0xCFF6600,1,8,C3,0A,FF,FF,FF,FF,FF,FF
91322,10127,0xCF00400,1,8,FF,FF,FF,5E,55,FF,FF,FF
91323,10128,0xCFF6600,1,8,AB,0A,FF,FF,FF,FF,FF,FF
91342,10129,0xCF00400,1,8,FF,FF,FF,DC,54,FF,FF,FF
91343,10130,0xCFF6600,1,8,9B,0A,FF,FF,FF,FF,FF,FF
91353,10131,0x18FEF100,1,8,3F,00,00,FF,FF,FF,FF,FF
91353,10132,0x18F00500,1,8,FF,FF,FF,FF,20,2D,FF,FF
91354,10133,0x10FF6500,1,8,FC,FF,FF,FF,FF,FF,FF,FF
91354,10134,0x18FEF200,1,8,20,00,00,00,00,00,00,FF
91362,10135,0xCF00400,1,8,FF,FF,FF,94,54,FF,FF,FF
91363,10136,0xCFF6600,1,8,92,0A,FF,FF,FF,FF,FF,FF
91382,10137,0xCF00400,1,8,FF,FF,FF,C0,54,FF,FF,FF
91383,10138,0xCFF6600,1,8,98,0A,FF,FF,FF,FF,FF,FF
91402,10139,0xCF00400,1,8,FF,FF,FF,C0,54,FF,FF,FF
91403,10140,0xCFF6600,1,8,98,0A,FF,FF,FF,FF,FF,FF
91422,10141,0xCF00400,1,8,FF,FF,FF,34,55,FF,FF,FF
91423,10142,0xCFF6600,1,8,A6,0A,FF,FF,FF,FF,FF,FF
91442,10143,0xCF00400,1,8,FF,FF,FF,50,55,FF,FF,FF
91443,10144,0xCFF6600,1,8,AA,0A,FF,FF,FF,FF,FF,FF
91453,10145,0x18FEF100,1,8,3F,00,00,FF,FF,FF,FF,FF
91454,10146,0x18F00500,1,8,FF,FF,FF,FF,20,2D,FF,FF
91454,10147,0x18FEF200,1,8,20,00,00,00,00,00,00,FF
91462,10148,0xCF00400,1,8,FF,FF,FF,32,55,FF,FF,FF
91463,10149,0xCFF6600,1,8,A6,0A,FF,FF,FF,FF,FF,FF
91482,10150,0xCF00400,1,8,FF,FF,FF,26,55,FF,FF,FF
91483,10151,0xCFF6600,1,8,A4,0A,FF,FF,FF,FF,FF,FF
91502,10152,0xCF00400,1,8,FF,FF,FF,2A,55,FF,FF,FF
91503,10153,0xCFF6600,1,8,A5,0A,FF,FF,FF,FF,FF,FF
91522,10154,0xCF00400,1,8,FF,FF,FF,2E,55,FF,FF,FF
91523,10155,0xCFF6600,1,8,A5,0A,FF,FF,FF,FF,FF,FF
91542,10156,0xCF00400,1,8,FF,FF,FF,30,55,FF,FF,FF
91543,10157,0xCFF6600,1,8,A6,0A,FF,FF,FF,FF,FF,FF
91553,10158,0x18FEF100,1,8,3F,00,00,FF,FF,FF,FF,FF
91553,10159,0x18F00500,1,8,FF,FF,FF,FF,20,2D,FF,FF
91554,10160,0x10FF6500,1,8,FC,FF,FF,FF,FF,FF,FF,FF
91554,10161,0x18FEF200,1,8,20,00,00,00,00,00,00,FF
91562,10162,0xCF00400,1,8,FF,FF,FF,4A,55,FF,FF,FF
91562,10163,0xCFF6600,1,8,A9,0A,FF,FF,FF,FF,FF,FF
91582,10164,0xCF00400,1,8,FF,FF,FF,78,55,FF,FF,FF
91583,10165,0xCFF6600,1,8,AF,0A,FF,FF,FF,FF,FF,FF
91602,10166,0xCF00400,1,8,FF,FF,FF,76,55,FF,FF,FF
91603,10167,0xCFF6600,1,8,AE,0A,FF,FF,FF,FF,FF,FF
91622,10168,0xCF00400,1,8,FF,FF,FF,76,55,FF,FF,FF
91623,10169,0xCFF6600,1,8,AE,0A,FF,FF,FF,FF,FF,FF
91642,10170,0xCF00400,1,8,FF,FF,FF,52,55,FF,FF,FF
91643,10171,0xCFF6600,1,8,AA,0A,FF,FF,FF,FF,FF,FF
91653,10172,0x18FEF100,1,8,3F,00,00,FF,FF,FF,FF,FF
91654,10173,0x18F00500,1,8,FF,FF,FF,FF,20,2D,FF,FF
91654,10174,0x18F00600,1,8,FF,FF,FF,FF,FF,FF,FF,FF
91655,10175,0x18FEF200,1,8,20,00,00,00,00,00,00,FF
91655,10176,0x1CFDDF00,1,8,FE,FF,FF,FF,FF,FF,FF,FF
91656,10177,0x1CFF6A00,1,8,FC,FF,FF,FF,FF,FF,FF,FF
91662,10178,0xCF00400,1,8,FF,FF,FF,2E,55,FF,FF,FF
91663,10179,0xCFF6600,1,8,A5,0A,FF,FF,FF,FF,FF,FF
91682,10180,0xCF00400,1,8,FF,FF,FF,08,55,FF,FF,FF
91683,10181,0xCFF6600,1,8,A1,0A,FF,FF,FF,FF,FF,FF
91702,10182,0xCF00400,1,8,FF,FF,FF,06,55,FF,FF,FF
91703,10183,0xCFF6600,1,8,A0,0A,FF,FF,FF,FF,FF,FF
91722,10184,0xCF00400,1,8,FF,FF,FF,1C,55,FF,FF,FF
91722,10185,0xCFF6600,1,8,A3,0A,FF,FF,FF,FF,FF,FF
91742,10186,0xCF00400,1,8,FF,FF,FF,34,55,FF,FF,FF
91743,10187,0xCFF6600,1,8,A6,0A,FF,FF,FF,FF,FF,FF
91753,10188,0x18FEF100,1,8,3F,00,00,FF,FF,FF,FF,FF
91753,10189,0x10FF6500,1,8,FC,FF,FF,FF,FF,FF,FF,FF
91754,10190,0x18F00500,1,8,FF,FF,FF,FF,20,2D,FF,FF
91755,10191,0x18FEF200,1,8,20,00,00,00,00,00,00,FF
91762,10192,0xCF00400,1,8,FF,FF,FF,50,55,FF,FF,FF
91763,10193,0xCFF6600,1,8,AA,0A,FF,FF,FF,FF,FF,FF
91782,10194,0xCF00400,1,8,FF,FF,FF,80,55,FF,FF,FF
91783,10195,0xCFF6600,1,8,B0,0A,FF,FF,FF,FF,FF,FF
91802,10196,0xCF00400,1,8,FF,FF,FF,BC,55,FF,FF,FF
91803,10197,0xCFF6600,1,8,B7,0A,FF,FF,FF,FF,FF,FF
91812,10198,0x18FEEE00,1,8,49,FF,FF,FF,FF,FF,FF,FF
91812,10199,0x18FDE500,1,8,0A,14,1E,28,32,3C,46,13
91822,10200,0xCF00400,1,8,FF,FF,FF,F2,55,FF,FF,FF
91823,10201,0xCFF6600,1,8,BE,0A,FF,FF,FF,FF,FF,FF
91832,10202,0x1CECFF00,1,8,20,0E,00,02,FF,CA,FE,00
91842,10203,0xCF00400,1,8,FF,FF,FF,F2,55,FF,FF,FF
91842,10204,0xCFF6600,1,8,BE,0A,FF,FF,FF,FF,FF,FF
91853,10205,0x18FEF100,1,8,3F,00,00,FF,FF,FF,FF,FF
91853,10206,0x18F00500,1,8,FF,FF,FF,FF,20,2D,FF,FF
91854,10207,0x18FEF200,1,8,20,00,00,00,00,00,00,FF
91862,10208,0xCF00400,1,8,FF,FF,FF,1E,56,FF,FF,FF
91862,10209,0xCFF6600,1,8,C3,0A,FF,FF,FF,FF,FF,FF
91882,10210,0xCF00400,1,8,FF,FF,FF,00,56,FF,FF,FF
91882,10211,0xCFF6600,1,8,C0,0A,FF,FF,FF,FF,FF,FF
91883,10212,0x1CEBFF00,1,8,01,40,FF,0F,F0,E5,01,02
91902,10213,0xCF00400,1,8,FF,FF,FF,AC,55,FF,FF,FF
91903,10214,0xCFF6600,1,8,B5,0A,FF,FF,FF,FF,FF,FF
91922,10215,0xCF00400,1,8,FF,FF,FF,74,55,FF,FF,FF
91923,10216,0xCFF6600,1,8,AE,0A,FF,FF,FF,FF,FF,FF
91932,10217,0x1CEBFF00,1,8,02,F0,E3,02,6E,00,03,01
91942,10218,0xCF00400,1,8,FF,FF,FF,50,55,FF,FF,FF
91943,10219,0xCFF6600,1,8,AA,0A,FF,FF,FF,FF,FF,FF
91953,10220,0x18FEF100,1,8,3F,00,00,FF,FF,FF,FF,FF
91954,10221,0x10FF6500,1,8,FC,FF,FF,FF,FF,FF,FF,FF
91954,10222,0x18F00500,1,8,FF,FF,FF,FF,20,2D,FF,FF
91955,10223,0x18FEF200,1,8,20,00,00,00,00,00,00,FF
91962,10224,0xCF00400,1,8,FF,FF,FF,0A,55,FF,FF,FF
91962,10225,0xCFF6600,1,8,A1,0A,FF,FF,FF,FF,FF,FF
91982,10226,0xCF00400,1,8,FF,FF,FF,AA,54,FF,FF,FF
91983,10227,0xCFF6600,1,8,95,0A,FF,FF,FF,FF,FF,FF
92002,10228,0xCF00400,1,8,FF,FF,FF,CC,54,FF,FF,FF
92002,10229,0xCFF6600,1,8,99,0A,FF,FF,FF,FF,FF,FF
92022,10230,0xCF00400,1,8,FF,FF,FF,44,55,FF,FF,FF
92023,10231,0xCFF6600,1,8,A8,0A,FF,FF,FF,FF,FF,FF
92042,10232,0xCF00400,1,8,FF,FF,FF,54,55,FF,FF,FF
92043,10233,0xCFF6600,1,8,AA,0A,FF,FF,FF,FF,FF,FF
92053,10234,0x18FEF100,1,8,3F,00,00,FF,FF,FF,FF,FF
92054,10235,0x18F00500,1,8,FF,FF,FF,FF,20,2D,FF,FF
92054,10236,0x18FEF200,1,8,20,00,00,00,00,00,00,FF
92062,10237,0xCF00400,1,8,FF,FF,FF,54,55,FF,FF,FF
92063,10238,0xCFF6600,1,8,AA,0A,FF,FF,FF,FF,FF,FF
92082,10239,0xCF00400,1,8,FF,FF,FF,24,55,FF,FF,FF
92083,10240,0xCFF6600,1,8,A4,0A,FF,FF,FF,FF,FF,FF
92102,10241,0xCF00400,1,8,FF,FF,FF,1A,55,FF,FF,FF
92103,10242,0xCFF6600,1,8,A3,0A,FF,FF,FF,FF,FF,FF
92122,10243,0xCF00400,1,8,FF,FF,FF,2C,55,FF,FF,FF
92122,10244,0xCFF6600,1,8,A5,0A,FF,FF,FF,FF,FF,FF
92142,10245,0xCF00400,1,8,FF,FF,FF,74,55,FF,FF,FF
92143,10246,0xCFF6600,1,8,AE,0A,FF,FF,FF,FF,FF,FF
92153,10247,0x18FEF100,1,8,3F,00,00,FF,FF,FF,FF,FF
92154,10248,0x10FF6500,1,8,FC,FF,FF,FF,FF,FF,FF,FF
92154,10249,0x18F00500,1,8,FF,FF,FF,FF,20,2D,FF,FF
92155,10250,0x18F00600,1,8,FF,FF,FF,FF,FF,FF,FF,FF
92156,10251,0x18FEF200,1,8,20,00,00,00,00,00,00,FF
92156,10252,0x1CFDDF00,1,8,FE,FF,FF,FF,FF,FF,FF,FF
92157,10253,0x1CFF6A00,1,8,FC,FF,FF,FF,FF,FF,FF,FF
92162,10254,0xCF00400,1,8,FF,FF,FF,E8,55,FF,FF,FF
92163,10255,0xCFF6600,1,8,BD,0A,FF,FF,FF,FF,FF,FF
92182,10256,0xCF00400,1,8,FF,FF,FF,44,56,FF,FF,FF
92182,10257,0xCFF6600,1,8,C8,0A,FF,FF,FF,FF,FF,FF
92202,10258,0xCF00400,1,8,FF,FF,FF,94,56,FF,FF,FF
92202,10259,0xCFF6600,1,8,D2,0A,FF,FF,FF,FF,FF,FF
92222,10260,0xCF00400,1,8,FF,FF,FF,A4,56,FF,FF,FF
92223,10261,0xCFF6600,1,8,D4,0A,FF,FF,FF,FF,FF,FF
92242,10262,0xCF00400,1,8,FF,FF,FF,88,56,FF,FF,FF
92243,10263,0xCFF6600,1,8,D1,0A,FF,FF,FF,FF,FF,FF
92253,10264,0x18FEF100,1,8,3F,00,00,FF,FF,FF,FF,FF
92254,10265,0x18F00500,1,8,FF,FF,FF,FF,20,2D,FF,FF
92254,10266,0x18FEF200,1,8,20,00,00,00,00,00,00,FF
92262,10267,0xCF00400,1,8,FF,FF,FF,9C,56,FF,FF,FF
92263,10268,0xCFF6600,1,8,D3,0A,FF,FF,FF,FF,FF,FF
92282,10269,0xCF00400,1,8,FF,FF,FF,D4,56,FF,FF,FF
92283,10270,0xCFF6600,1,8,DA,0A,FF,FF,FF,FF,FF,FF
92302,10271,0xCF00400,1,8,FF,FF,FF,44,57,FF,FF,FF
92303,10272,0xCFF6600,1,8,E8,0A,FF,FF,FF,FF,FF,FF
92322,10273,0xCF00400,1,8,FF,FF,FF,44,57,FF,FF,FF
92323,10274,0xCFF6600,1,8,E8,0A,FF,FF,FF,FF,FF,FF
92342,10275,0xCF00400,1,8,FF,FF,FF,D8,57,FF,FF,FF
92343,10276,0xCFF6600,1,8,FB,0A,FF,FF,FF,FF,FF,FF
92353,10277,0x18FEF100,1,8,3F,00,00,FF,FF,FF,FF,FF
92353,10278,0x10FF6500,1,8,FC,FF,FF,FF,FF,FF,FF,FF
92354,10279,0x18F00500,1,8,FF,FF,FF,FF,20,2D,FF,FF
92355,10280,0x18FEF200,1,8,20,00,00,00,00,00,02,FF
92362,10281,0xCF00400,1,8,FF,FF,FF,1E,58,FF,FF,FF
92362,10282,0xCFF6600,1,8,03,0B,FF,FF,FF,FF,FF,FF
92382,10283,0xCF00400,1,8,FF,FF,FF,38,58,FF,FF,FF
92383,10284,0xCFF6600,1,8,07,0B,FF,FF,FF,FF,FF,FF
92402,10285,0xCF00400,1,8,FF,FF,FF,36,58,FF,FF,FF
92402,10286,0xCFF6600,1,8,06,0B,FF,FF,FF,FF,FF,FF
92422,10287,0xCF00400,1,8,FF,FF,FF,2C,58,FF,FF,FF
92423,10288,0xCFF6600,1,8,05,0B,FF,FF,FF,FF,FF,FF
92442,10289,0xCF00400,1,8,FF,FF,FF,8A,58,FF,FF,FF
92443,10290,0xCFF6600,1,8,11,0B,FF,FF,FF,FF,FF,FF
92453,10291,0x18FEF100,1,8,3F,00,00,FF,FF,FF,FF,FF
92453,10292,0x18F00500,1,8,FF,FF,FF,FF,20,2D,FF,FF
92454,10293,0x18FEF200,1,8,20,00,00,00,00,00,19,FF
92462,10294,0xCF00400,1,8,FF,FF,FF,44,59,FF,FF,FF
92463,10295,0xCFF6600,1,8,28,0B,FF,FF,FF,FF,FF,FF
92482,10296,0xCF00400,1,8,FF,FF,FF,64,5A,FF,FF,FF
92483,10297,0xCFF6600,1,8,4C,0B,FF,FF,FF,FF,FF,FF
92502,10298,0xCF00400,1,8,FF,FF,FF,0E,5C,FF,FF,FF
92503,10299,0xCFF6600,1,8,81,0B,FF,FF,FF,FF,FF,FF
92522,10300,0xCF00400,1,8,FF,FF,FF,38,5E,FF,FF,FF
92522,10301,0xCFF6600,1,8,C7,0B,FF,FF,FF,FF,FF,FF
92542,10302,0xCF00400,1,8,FF,FF,FF,14,61,FF,FF,FF
92542,10303,0xCFF6600,1,8,22,0C,FF,FF,FF,FF,FF,FF
92553,10304,0x18FEF100,1,8,3F,00,00,FF,FF,FF,FF,FF
92553,10305,0x10FF6500,1,8,FC,FF,FF,FF,FF,FF,FF,FF
92554,10306,0x18F00500,1,8,FF,FF,FF,FF,20,2D,FF,FF
92554,10307,0x18FEF200,1,8,20,00,00,00,00,00,2A,FF
92562,10308,0xCF00400,1,8,FF,FF,FF,42,64,FF,FF,FF
92562,10309,0xCFF6600,1,8,88,0C,FF,FF,FF,FF,FF,FF
92582,10310,0xCF00400,1,8,FF,FF,FF,8C,67,FF,FF,FF
92582,10311,0xCFF6600,1,8,F1,0C,FF,FF,FF,FF,FF,FF
92602,10312,0xCF00400,1,8,FF,FF,FF,16,6D,FF,FF,FF
92602,10313,0xCFF6600,1,8,A2,0D,FF,FF,FF,FF,FF,FF
92622,10314,0xCF00400,1,8,FF,FF,FF,EE,6E,FF,FF,FF
92622,10315,0xCFF6600,1,8,DD,0D,FF,FF,FF,FF,FF,FF
92642,10316,0xCF00400,1,8,FF,FF,FF,1A,70,FF,FF,FF
92642,10317,0xCFF6600,1,8,03,0E,FF,FF,FF,FF,FF,FF
92653,10318,0x18FEF100,1,8,3F,00,00,FF,FF,FF,FF,FF
92653,10319,0x18F00500,1,8,FF,FF,FF,FF,20,2D,FF,FF
92654,10320,0x18F00600,1,8,FF,FF,FF,FF,FF,FF,FF,FF
92654,10321,0x18FEF200,1,8,20,00,00,00,00,00,00,FF
92655,10322,0x1CFDDF00,1,8,FE,FF,FF,FF,FF,FF,FF,FF
92656,10323,0x1CFF6A00,1,8,FC,FF,FF,FF,FF,FF,FF,FF
92662,10324,0xCF00400,1,8,FF,FF,FF,94,70,FF,FF,FF
92662,10325,0xCFF6600,1,8,12,0E,FF,FF,FF,FF,FF,FF
92682,10326,0xCF00400,1,8,FF,FF,FF,74,70,FF,FF,FF
92682,10327,0xCFF6600,1,8,0E,0E,FF,FF,FF,FF,FF,FF
92702,10328,0xCF00400,1,8,FF,FF,FF,C8,6E,FF,FF,FF
92703,10329,0xCFF6600,1,8,D9,0D,FF,FF,FF,FF,FF,FF
92722,10330,0xCF00400,1,8,FF,FF,FF,2E,6E,FF,FF,FF
92722,10331,0xCFF6600,1,8,C5,0D,FF,FF,FF,FF,FF,FF
92742,10332,0xCF00400,1,8,FF,FF,FF,08,6E,FF,FF,FF
92742,10333,0xCFF6600,1,8,C1,0D,FF,FF,FF,FF,FF,FF
92753,10334,0x18FEF100,1,8,3F,00,00,FF,FF,FF,FF,FF
92754,10335,0x10FF6500,1,8,FC,FF,FF,FF,FF,FF,FF,FF
92754,10336,0x18F00500,1,8,FF,FF,FF,FF,20,2D,FF,FF
92755,10337,0x18FEF200,1,8,20,00,00,00,00,00,00,FF
92762,10338,0xCF00400,1,8,FF,FF,FF,B2,6D,FF,FF,FF
92763,10339,0xCFF6600,1,8,B6,0D,FF,FF,FF,FF,FF,FF
92782,10340,0xCF00400,1,8,FF,FF,FF,3A,6D,FF,FF,FF
92782,10341,0xCFF6600,1,8,A7,0D,FF,FF,FF,FF,FF,FF
92802,10342,0xCF00400,1,8,FF,FF,FF,7C,6C,FF,FF,FF
92802,10343,0xCFF6600,1,8,8F,0D,FF,FF,FF,FF,FF,FF
92812,10344,0x18FEEE00,1,8,4A,FF,FF,FF,FF,FF,FF,FF
92812,10345,0x18FDE500,1,8,0A,14,1E,28,32,3C,46,13
92822,10346,0xCF00400,1,8,FF,FF,FF,CC,6A,FF,FF,FF
92823,10347,0xCFF6600,1,8,59,0D,FF,FF,FF,FF,FF,FF
92832,10348,0x1CECFF00,1,8,20,0E,00,02,FF,CA,FE,00
92842,10349,0xCF00400,1,8,FF,FF,FF,12,6A,FF,FF,FF
92842,10350,0xCFF6600,1,8,42,0D,FF,FF,FF,FF,FF,FF
92853,10351,0x18FEF100,1,8,3F,00,00,FF,FF,FF,FF,FF
92853,10352,0x18F00500,1,8,FF,FF,FF,FF,20,2D,FF,FF
92854,10353,0x18FEF200,1,8,26,00,00,00,00,00,00,FF
92862,10354,0xCF00400,1,8,FF,FF,FF,86,69,FF,FF,FF
92862,10355,0xCFF6600,1,8,30,0D,FF,FF,FF,FF,FF,FF
92882,10356,0xCF00400,1,8,FF,FF,FF,22,69,FF,FF,FF
92882,10357,0xCFF6600,1,8,24,0D,FF,FF,FF,FF,FF,FF
92883,10358,0x1CEBFF00,1,8,01,40,FF,0F,F0,E5,01,02
92902,10359,0xCF00400,1,8,FF,FF,FF,E0,68,FF,FF,FF
92903,10360,0xCFF6600,1,8,1C,0D,FF,FF,FF,FF,FF,FF
92922,10361,0xCF00400,1,8,FF,FF,FF,B2,68,FF,FF,FF
92922,10362,0xCFF6600,1,8,16,0D,FF,FF,FF,FF,FF,FF
92932,10363,0x1CEBFF00,1,8,02,F0,E3,02,6E,00,03,01
92942,10364,0xCF00400,1,8,FF,FF,FF,B8,68,FF,FF,FF
92942,10365,0xCFF6600,1,8,17,0D,FF,FF,FF,FF,FF,FF
92953,10366,0x18FEF100,1,8,3F,00,00,FF,FF,FF,FF,FF
92953,10367,0x10FF6500,1,8,FC,FF,FF,FF,FF,FF,FF,FF
92954,10368,0x18F00500,1,8,FF,FF,FF,FF,20,2D,FF,FF
92954,10369,0x18FEF200,1,8,26,00,00,00,00,00,00,FF
92962,10370,0xCF00400,1,8,FF,FF,FF,D6,68,FF,FF,FF
92962,10371,0xCFF6600,1,8,1A,0D,FF,FF,FF,FF,FF,FF
92982,10372,0xCF00400,1,8,FF,FF,FF,C2,68,FF,FF,FF
92982,10373,0xCFF6600,1,8,18,0D,FF,FF,FF,FF,FF,FF
93002,10374,0xCF00400,1,8,FF,FF,FF,32,68,FF,FF,FF
93003,10375,0xCFF6600,1,8,06,0D,FF,FF,FF,FF,FF,FF
93022,10376,0xCF00400,1,8,FF,FF,FF,B0,67,FF,FF,FF
93022,10377,0xCFF6600,1,8,F6,0C,FF,FF,FF,FF,FF,FF
93042,10378,0xCF00400,1,8,FF,FF,FF,20,67,FF,FF,FF
93042,10379,0xCFF6600,1,8,E4,0C,FF,FF,FF,FF,FF,FF
93053,10380,0x18FEF100,1,8,3F,00,00,FF,FF,FF,FF,FF
93053,10381,0x18F00500,1,8,FF,FF,FF,FF,20,2D,FF,FF
93054,10382,0x18FEF200,1,8,26,00,00,00,00,00,00,FF
93062,10383,0xCF00400,1,8,FF,FF,FF,88,66,FF,FF,FF
93062,10384,0xCFF6600,1,8,D1,0C,FF,FF,FF,FF,FF,FF
93082,10385,0xCF00400,1,8,FF,FF,FF,02,66,FF,FF,FF
93082,10386,0xCFF6600,1,8,C0,0C,FF,FF,FF,FF,FF,FF
93102,10387,0xCF00400,1,8,FF,FF,FF,8E,65,FF,FF,FF
93103,10388,0xCFF6600,1,8,B1,0C,FF,FF,FF,FF,FF,FF
93122,10389,0xCF00400,1,8,FF,FF,FF,5C,65,FF,FF,FF
93122,10390,0xCFF6600,1,8,AB,0C,FF,FF,FF,FF,FF,FF
93142,10391,0xCF00400,1,8,FF,FF,FF,48,65,FF,FF,FF
93142,10392,0xCFF6600,1,8,A9,0C,FF,FF,FF,FF,FF,FF
93153,10393,0x18FEF100,1,8,3F,00,00,FF,FF,FF,FF,FF
93153,10394,0x10FF6500,1,8,FC,FF,FF,FF,FF,FF,FF,FF
93154,10395,0x18F00500,1,8,FF,FF,FF,FF,20,2D,FF,FF
93154,10396,0x18F00600,1,8,FF,FF,FF,FF,FF,FF,FF,FF
93155,10397,0x18FEF200,1,8,26,00,00,00,00,00,00,FF
93155,10398,0x1CFDDF00,1,8,FE,FF,FF,FF,FF,FF,FF,FF
93156,10399,0x1CFF6A00,1,8,FC,FF,FF,FF,FF,FF,FF,FF
93162,10400,0xCF00400,1,8,FF,FF,FF,14,65,FF,FF,FF
93162,10401,0xCFF6600,1,8,A2,0C,FF,FF,FF,FF,FF,FF
93182,10402,0xCF00400,1,8,FF,FF,FF,CE,64,FF,FF,FF
93182,10403,0xCFF6600,1,8,99,0C,FF,FF,FF,FF,FF,FF
93202,10404,0xCF00400,1,8,FF,FF,FF,9C,64,FF,FF,FF
93202,10405,0xCFF6600,1,8,93,0C,FF,FF,FF,FF,FF,FF
93222,10406,0xCF00400,1,8,FF,FF,FF,70,64,FF,FF,FF
93222,10407,0xCFF6600,1,8,8E,0C,FF,FF,FF,FF,FF,FF
93242,10408,0xCF00400,1,8,FF,FF,FF,F4,63,FF,FF,FF
93243,10409,0xCFF6600,1,8,7E,0C,FF,FF,FF,FF,FF,FF
93253,10410,0x18FEF100,1,8,3F,00,00,FF,FF,FF,FF,FF
93254,10411,0x18F00500,1,8,FF,FF,FF,FF,20,2D,FF,FF
93254,10412,0x18FEF200,1,8,26,00,00,00,00,00,00,FF
93262,10413,0xCF00400,1,8,FF,FF,FF,DC,63,FF,FF,FF
93262,10414,0xCFF6600,1,8,7B,0C,FF,FF,FF,FF,FF,FF
93282,10415,0xCF00400,1,8,FF,FF,FF,CE,63,FF,FF,FF
93282,10416,0xCFF6600,1,8,79,0C,FF,FF,FF,FF,FF,FF
93302,10417,0xCF00400,1,8,FF,FF,FF,BE,63,FF,FF,FF
93302,10418,0xCFF6600,1,8,77,0C,FF,FF,FF,FF,FF,FF
93322,10419,0xCF00400,1,8,FF,FF,FF,AE,63,FF,FF,FF
93322,10420,0xCFF6600,1,8,75,0C,FF,FF,FF,FF,FF,FF
93342,10421,0xCF00400,1,8,FF,FF,FF,4C,63,FF,FF,FF
93342,10422,0xCFF6600,1,8,69,0C,FF,FF,FF,FF,FF,FF
93353,10423,0x18FEF100,1,8,3F,00,00,FF,FF,FF,FF,FF
93353,10424,0x10FF6500,1,8,FC,FF,FF,FF,FF,FF,FF,FF
93354,10425,0x18F00500,1,8,FF,FF,FF,FF,20,2D,FF,FF
93354,10426,0x18FEF200,1,8,26,00,00,00,00,00,00,FF
93362,10427,0xCF00400,1,8,FF,FF,FF,B0,62,FF,FF,FF
93362,10428,0xCFF6600,1,8,56,0C,FF,FF,FF,FF,FF,FF
93382,10429,0xCF00400,1,8,FF,FF,FF,72,62,FF,FF,FF
93382,10430,0xCFF6600,1,8,4E,0C,FF,FF,FF,FF,FF,FF
93402,10431,0xCF00400,1,8,FF,FF,FF,6A,62,FF,FF,FF
93402,10432,0xCFF6600,1,8,4D,0C,FF,FF,FF,FF,FF,FF
93422,10433,0xCF00400,1,8,FF,FF,FF,CE,61,FF,FF,FF
93423,10434,0xCFF6600,1,8,39,0C,FF,FF,FF,FF,FF,FF
93442,10435,0xCF00400,1,8,FF,FF,FF,C2,60,FF,FF,FF
93443,10436,0xCFF6600,1,8,18,0C,FF,FF,FF,FF,FF,FF
93453,10437,0x18FEF100,1,8,3F,00,00,FF,FF,FF,FF,FF
93454,10438,0x18F00500,1,8,FF,FF,FF,FF,20,2D,FF,FF
93454,10439,0x18FEF200,1,8,26,00,00,00,00,00,00,FF
93462,10440,0xCF00400,1,8,FF,FF,FF,0E,60,FF,FF,FF
93463,10441,0xCFF6600,1,8,01,0C,FF,FF,FF,FF,FF,FF
93482,10442,0xCF00400,1,8,FF,FF,FF,9C,5F,FF,FF,FF
93483,10443,0xCFF6600,1,8,F3,0B,FF,FF,FF,FF,FF,FF
93502,10444,0xCF00400,1,8,FF,FF,FF,3E,5F,FF,FF,FF
93502,10445,0xCFF6600,1,8,E7,0B,FF,FF,FF,FF,FF,FF
93522,10446,0xCF00400,1,8,FF,FF,FF,E8,5E,FF,FF,FF
93522,10447,0xCFF6600,1,8,DD,0B,FF,FF,FF,FF,FF,FF
93542,10448,0xCF00400,1,8,FF,FF,FF,B2,5E,FF,FF,FF
93542,10449,0xCFF6600,1,8,D6,0B,FF,FF,FF,FF,FF,FF
93553,10450,0x18FEF100,1,8,3F,00,00,FF,FF,FF,FF,FF
93553,10451,0x10FF6500,1,8,FC,FF,FF,FF,FF,FF,FF,FF
93554,10452,0x18F00500,1,8,FF,FF,FF,FF,20,2D,FF,FF
93554,10453,0x18FEF200,1,8,26,00,00,00,00,00,00,FF
93562,10454,0xCF00400,1,8,FF,FF,FF,98,5E,FF,FF,FF
93562,10455,0xCFF6600,1,8,D3,0B,FF,FF,FF,FF,FF,FF
93582,10456,0xCF00400,1,8,FF,FF,FF,2C,5E,FF,FF,FF
93582,10457,0xCFF6600,1,8,C5,0B,FF,FF,FF,FF,FF,FF
93602,10458,0xCF00400,1,8,FF,FF,FF,8A,5D,FF,FF,FF
93602,10459,0xCFF6600,1,8,B1,0B,FF,FF,FF,FF,FF,FF
93622,10460,0xCF00400,1,8,FF,FF,FF,52,5D,FF,FF,FF
93623,10461,0xCFF6600,1,8,AA,0B,FF,FF,FF,FF,FF,FF
93642,10462,0xCF00400,1,8,FF,FF,FF,66,5D,FF,FF,FF
93643,10463,0xCFF6600,1,8,AC,0B,FF,FF,FF,FF,FF,FF
93653,10464,0x18FEF100,1,8,3F,00,00,FF,FF,FF,FF,FF
93654,10465,0x18F00500,1,8,FF,FF,FF,FF,20,2D,FF,FF
93654,10466,0x18F00600,1,8,FF,FF,FF,FF,FF,FF,FF,FF
93655,10467,0x18FEF200,1,8,26,00,00,00,00,00,00,FF
93655,10468,0x1CFDDF00,1,8,FE,FF,FF,FF,FF,FF,FF,FF
93656,10469,0x1CFF6A00,1,8,FC,FF,FF,FF,FF,FF,FF,FF
93662,10470,0xCF00400,1,8,FF,FF,FF,36,5D,FF,FF,FF
93663,10471,0xCFF6600,1,8,A6,0B,FF,FF,FF,FF,FF,FF
93682,10472,0xCF00400,1,8,FF,FF,FF,D6,5C,FF,FF,FF
93683,10473,0xCFF6600,1,8,9A,0B,FF,FF,FF,FF,FF,FF
93702,10474,0xCF00400,1,8,FF,FF,FF,8C,5C,FF,FF,FF
93703,10475,0xCFF6600,1,8,91,0B,FF,FF,FF,FF,FF,FF
93722,10476,0xCF00400,1,8,FF,FF,FF,4C,5C,FF,FF,FF
93723,10477,0xCFF6600,1,8,89,0B,FF,FF,FF,FF,FF,FF
93742,10478,0xCF00400,1,8,FF,FF,FF,C8,5B,FF,FF,FF
93743,10479,0xCFF6600,1,8,79,0B,FF,FF,FF,FF,FF,FF
93753,10480,0x18FEF100,1,8,3F,00,00,FF,FF,FF,FF,FF
93754,10481,0x10FF6500,1,8,FC,FF,FF,FF,FF,FF,FF,FF
93754,10482,0x18F00500,1,8,FF,FF,FF,FF,20,2D,FF,FF
93755,10483,0x18FEF200,1,8,26,00,00,00,00,00,00,FF
93762,10484,0xCF00400,1,8,FF,FF,FF,12,5B,FF,FF,FF
93762,10485,0xCFF6600,1,8,62,0B,FF,FF,FF,FF,FF,FF
93782,10486,0xCF00400,1,8,FF,FF,FF,9C,5A,FF,FF,FF
93782,10487,0xCFF6600,1,8,53,0B,FF,FF,FF,FF,FF,FF
93802,10488,0xCF00400,1,8,FF,FF,FF,52,5A,FF,FF,FF
93802,10489,0xCFF6600,1,8,4A,0B,FF,FF,FF,FF,FF,FF
93812,10490,0x18FEEE00,1,8,4A,FF,FF,FF,FF,FF,FF,FF
93812,10491,0x18FDE500,1,8,0A,14,1E,28,32,3C,46,13
93822,10492,0xCF00400,1,8,FF,FF,FF,32,5A,FF,FF,FF
93822,10493,0xCFF6600,1,8,46,0B,FF,FF,FF,FF,FF,FF
93832,10494,0x1CECFF00,1,8,20,0E,00,02,FF,CA,FE,00
93842,10495,0xCF00400,1,8,FF,FF,FF,32,5A,FF,FF,FF
93842,10496,0xCFF6600,1,8,46,0B,FF,FF,FF,FF,FF,FF
93853,10497,0x18FEF100,1,8,3F,00,00,FF,FF,FF,FF,FF
93854,10498,0x18F00500,1,8,FF,FF,FF,FF,20,2D,FF,FF
93854,10499,0x18FEF200,1,8,21,00,00,00,00,00,00,FF
93862,10500,0xCF00400,1,8,FF,FF,FF,BE,59,FF,FF,FF
93862,10501,0xCFF6600,1,8,37,0B,FF,FF,FF,FF,FF,FF
93882,10502,0xCF00400,1,8,FF,FF,FF,F4,58,FF,FF,FF
93883,10503,0xCFF6600,1,8,1E,0B,FF,FF,FF,FF,FF,FF
93883,10504,0x1CEBFF00,1,8,01,40,FF,0F,F0,E5,01,02
93902,10505,0xCF00400,1,8,FF,FF,FF,AA,58,FF,FF,FF
93903,10506,0xCFF6600,1,8,15,0B,FF,FF,FF,FF,FF,FF
93922,10507,0xCF00400,1,8,FF,FF,FF,C6,58,FF,FF,FF
93922,10508,0xCFF6600,1,8,18,0B,FF,FF,FF,FF,FF,FF
93932,10509,0x1CEBFF00,1,8,02,F0,E3,02,6E,00,03,01
93942,10510,0xCF00400,1,8,FF,FF,FF,84,58,FF,FF,FF
93943,10511,0xCFF6600,1,8,10,0B,FF,FF,FF,FF,FF,FF
93953,10512,0x18FEF100,1,8,3F,00,00,FF,FF,FF,FF,FF
93954,10513,0x10FF6500,1,8,FC,FF,FF,FF,FF,FF,FF,FF
93954,10514,0x18F00500,1,8,FF,FF,FF,FF,20,2D,FF,FF
93955,10515,0x18FEF200,1,8,21,00,00,00,00,00,00,FF
93962,10516,0xCF00400,1,8,FF,FF,FF,84,58,FF,FF,FF
93962,10517,0xCFF6600,1,8,10,0B,FF,FF,FF,FF,FF,FF
93982,10518,0xCF00400,1,8,FF,FF,FF,FA,57,FF,FF,FF
93983,10519,0xCFF6600,1,8,FF,0A,FF,FF,FF,FF,FF,FF
94002,10520,0xCF00400,1,8,FF,FF,FF,EE,57,FF,FF,FF
94003,10521,0xCFF6600,1,8,FD,0A,FF,FF,FF,FF,FF,FF
94022,10522,0xCF00400,1,8,FF,FF,FF,42,58,FF,FF,FF
94022,10523,0xCFF6600,1,8,08,0B,FF,FF,FF,FF,FF,FF
94042,10524,0xCF00400,1,8,FF,FF,FF,7A,58,FF,FF,FF
94042,10525,0xCFF6600,1,8,0F,0B,FF,FF,FF,FF,FF,FF
94053,10526,0x18FEF100,1,8,3F,00,00,FF,FF,FF,FF,FF
94053,10527,0x18F00500,1,8,FF,FF,FF,FF,20,2D,FF,FF
94054,10528,0x18FEF200,1,8,21,00,00,00,00,00,00,FF
94062,10529,0xCF00400,1,8,FF,FF,FF,96,58,FF,FF,FF
94062,10530,0xCFF6600,1,8,12,0B,FF,FF,FF,FF,FF,FF
94082,10531,0xCF00400,1,8,FF,FF,FF,0A,58,FF,FF,FF
94083,10532,0xCFF6600,1,8,01,0B,FF,FF,FF,FF,FF,FF
94102,10533,0xCF00400,1,8,FF,FF,FF,00,57,FF,FF,FF
94103,10534,0xCFF6600,1,8,E0,0A,FF,FF,FF,FF,FF,FF
94122,10535,0xCF00400,1,8,FF,FF,FF,C8,56,FF,FF,FF
94122,10536,0xCFF6600,1,8,D9,0A,FF,FF,FF,FF,FF,FF
94142,10537,0xCF00400,1,8,FF,FF,FF,2E,57,FF,FF,FF
94142,10538,0xCFF6600,1,8,E5,0A,FF,FF,FF,FF,FF,FF
94153,10539,0x18FEF100,1,8,3F,00,00,FF,FF,FF,FF,FF
94153,10540,0x18F00500,1,8,FF,FF,FF,FF,20,2D,FF,FF
94154,10541,0x10FF6500,1,8,FC,FF,FF,FF,FF,FF,FF,FF
94154,10542,0x18F00600,1,8,FF,FF,FF,FF,FF,FF,FF,FF
94155,10543,0x18FEF200,1,8,21,00,00,00,00,00,00,FF
94156,10544,0x1CFDDF00,1,8,FE,FF,FF,FF,FF,FF,FF,FF
94156,10545,0x1CFF6A00,1,8,FC,FF,FF,FF,FF,FF,FF,FF
94162,10546,0xCF00400,1,8,FF,FF,FF,66,57,FF,FF,FF
94162,10547,0xCFF6600,1,8,EC,0A,FF,FF,FF,FF,FF,FF
94182,10548,0xCF00400,1,8,FF,FF,FF,8A,57,FF,FF,FF
94182,10549,0xCFF6600,1,8,F1,0A,FF,FF,FF,FF,FF,FF
94202,10550,0xCF00400,1,8,FF,FF,FF,74,57,FF,FF,FF
94202,10551,0xCFF6600,1,8,EE,0A,FF,FF,FF,FF,FF,FF
94222,10552,0xCF00400,1,8,FF,FF,FF,32,57,FF,FF,FF
94222,10553,0xCFF6600,1,8,E6,0A,FF,FF,FF,FF,FF,FF
94242,10554,0xCF00400,1,8,FF,FF,FF,42,57,FF,FF,FF
94243,10555,0xCFF6600,1,8,E8,0A,FF,FF,FF,FF,FF,FF
94253,10556,0x18FEF100,1,8,3F,00,00,FF,FF,FF,FF,FF
94254,10557,0x18F00500,1,8,FF,FF,FF,FF,20,2D,FF,FF
94254,10558,0x18FEF200,1,8,21,00,00,00,00,00,00,FF
94262,10559,0xCF00400,1,8,FF,FF,FF,8C,57,FF,FF,FF
94263,10560,0xCFF6600,1,8,F1,0A,FF,FF,FF,FF,FF,FF
94282,10561,0xCF00400,1,8,FF,FF,FF,8C,57,FF,FF,FF
94282,10562,0xCFF6600,1,8,F1,0A,FF,FF,FF,FF,FF,FF
94302,10563,0xCF00400,1,8,FF,FF,FF,8A,57,FF,FF,FF
94303,10564,0xCFF6600,1,8,F1,0A,FF,FF,FF,FF,FF,FF
94322,10565,0xCF00400,1,8,FF,FF,FF,50,57,FF,FF,FF
94322,10566,0xCFF6600,1,8,EA,0A,FF,FF,FF,FF,FF,FF
94342,10567,0xCF00400,1,8,FF,FF,FF,54,57,FF,FF,FF
94342,10568,0xCFF6600,1,8,EA,0A,FF,FF,FF,FF,FF,FF
94353,10569,0x18FEF100,1,8,3F,00,00,FF,FF,FF,FF,FF
94353,10570,0x10FF6500,1,8,FC,FF,FF,FF,FF,FF,FF,FF
94354,10571,0x18F00500,1,8,FF,FF,FF,FF,20,2D,FF,FF
94355,10572,0x18FEF200,1,8,21,00,00,00,00,00,00,FF
94362,10573,0xCF00400,1,8,FF,FF,FF,82,57,FF,FF,FF
94362,10574,0xCFF6600,1,8,F0,0A,FF,FF,FF,FF,FF,FF
94382,10575,0xCF00400,1,8,FF,FF,FF,D6,57,FF,FF,FF
94383,10576,0xCFF6600,1,8,FA,0A,FF,FF,FF,FF,FF,FF
94402,10577,0xCF00400,1,8,FF,FF,FF,42,58,FF,FF,FF
94403,10578,0xCFF6600,1,8,08,0B,FF,FF,FF,FF,FF,FF
94422,10579,0xCF00400,1,8,FF,FF,FF,90,58,FF,FF,FF
94423,10580,0xCFF6600,1,8,12,0B,FF,FF,FF,FF,FF,FF
94442,10581,0xCF00400,1,8,FF,FF,FF,D2,58,FF,FF,FF
94442,10582,0xCFF6600,1,8,1A,0B,FF,FF,FF,FF,FF,FF
94453,10583,0x18FEF100,1,8,3F,00,00,FF,FF,FF,FF,FF
94453,10584,0x18F00500,1,8,FF,FF,FF,FF,20,2D,FF,FF
94454,10585,0x18FEF200,1,8,21,00,00,00,00,00,00,FF
94462,10586,0xCF00400,1,8,FF,FF,FF,2E,59,FF,FF,FF
94462,10587,0xCFF6600,1,8,25,0B,FF,FF,FF,FF,FF,FF
94482,10588,0xCF00400,1,8,FF,FF,FF,9C,59,FF,FF,FF
94483,10589,0xCFF6600,1,8,33,0B,FF,FF,FF,FF,FF,FF
94502,10590,0xCF00400,1,8,FF,FF,FF,04,5A,FF,FF,FF
94502,10591,0xCFF6600,1,8,40,0B,FF,FF,FF,FF,FF,FF
94522,10592,0xCF00400,1,8,FF,FF,FF,66,5A,FF,FF,FF
94522,10593,0xCFF6600,1,8,4C,0B,FF,FF,FF,FF,FF,FF
94542,10594,0xCF00400,1,8,FF,FF,FF,A4,5A,FF,FF,FF
94542,10595,0xCFF6600,1,8,54,0B,FF,FF,FF,FF,FF,FF
94553,10596,0x18FEF100,1,8,3F,00,00,FF,FF,FF,FF,FF
94553,10597,0x10FF6500,1,8,FC,FF,FF,FF,FF,FF,FF,FF
94554,10598,0x18F00500,1,8,FF,FF,FF,FF,20,2D,FF,FF
94554,10599,0x18FEF200,1,8,21,00,00,00,00,00,00,FF
94562,10600,0xCF00400,1,8,FF,FF,FF,D0,5A,FF,FF,FF
94562,10601,0xCFF6600,1,8,5A,0B,FF,FF,FF,FF,FF,FF
94582,10602,0xCF00400,1,8,FF,FF,FF,E4,5A,FF,FF,FF
94582,10603,0xCFF6600,1,8,5C,0B,FF,FF,FF,FF,FF,FF
94602,10604,0xCF00400,1,8,FF,FF,FF,E0,5A,FF,FF,FF
94602,10605,0xCFF6600,1,8,5C,0B,FF,FF,FF,FF,FF,FF
94622,10606,0xCF00400,1,8,FF,FF,FF,B2,5A,FF,FF,FF
94622,10607,0xCFF6600,1,8,56,0B,FF,FF,FF,FF,FF,FF
94642,10608,0xCF00400,1,8,FF,FF,FF,6C,5A,FF,FF,FF
94642,10609,0xCFF6600,1,8,4D,0B,FF,FF,FF,FF,FF,FF
94653,10610,0x18FEF100,1,8,3F,00,00,FF,FF,FF,FF,FF
94654,10611,0x18F00500,1,8,FF,FF,FF,FF,20,2D,FF,FF
94654,10612,0x18F00600,1,8,FF,FF,FF,FF,FF,FF,FF,FF
94655,10613,0x18FEF200,1,8,21,00,00,00,00,00,00,FF
94655,10614,0x1CFDDF00,1,8,FE,FF,FF,FF,FF,FF,FF,FF
94656,10615,0x1CFF6A00,1,8,FC,FF,FF,FF,FF,FF,FF,FF
94662,10616,0xCF00400,1,8,FF,FF,FF,40,5A,FF,FF,FF
94663,10617,0xCFF6600,1,8,48,0B,FF,FF,FF,FF,FF,FF
94682,10618,0xCF00400,1,8,FF,FF,FF,2C,5A,FF,FF,FF
94683,10619,0xCFF6600,1,8,45,0B,FF,FF,FF,FF,FF,FF
94702,10620,0xCF00400,1,8,FF,FF,FF,2C,5A,FF,FF,FF
94702,10621,0xCFF6600,1,8,45,0B,FF,FF,FF,FF,FF,FF
94722,10622,0xCF00400,1,8,FF,FF,FF,D4,59,FF,FF,FF
94722,10623,0xCFF6600,1,8,3A,0B,FF,FF,FF,FF,FF,FF
94742,10624,0xCF00400,1,8,FF,FF,FF,48,59,FF,FF,FF
94742,10625,0xCFF6600,1,8,29,0B,FF,FF,FF,FF,FF,FF
94743,10626,0x18FEFC17,1,8,FF,1F,FF,FF,FF,FF,FF,FF
94753,10627,0x18FEF100,1,8,3F,00,00,FF,FF,FF,FF,FF
94753,10628,0x10FF6500,1,8,FC,FF,FF,FF,FF,FF,FF,FF
94754,10629,0x18F00500,1,8,FF,FF,FF,FF,20,2D,FF,FF
94755,10630,0x18FEF200,1,8,21,00,00,00,00,00,00,FF
94762,10631,0xCF00400,1,8,FF,FF,FF,02,59,FF,FF,FF
94763,10632,0xCFF6600,1,8,20,0B,FF,FF,FF,FF,FF,FF
94763,10633,0x18FEF517,1,8,FF,FF,FF,20,1D,FF,FF,FF
94782,10634,0xCF00400,1,8,FF,FF,FF,F0,58,FF,FF,FF
94782,10635,0xCFF6600,1,8,1E,0B,FF,FF,FF,FF,FF,FF
94786,10636,0x18FEC117,1,8,F0,1D,00,00,03,1E,00,00
94802,10637,0xCF00400,1,8,FF,FF,FF,90,58,FF,FF,FF
94802,10638,0xCFF6600,1,8,12,0B,FF,FF,FF,FF,FF,FF
94812,10639,0x18FEEE00,1,8,4A,FF,FF,FF,FF,FF,FF,FF
94812,10640,0x18FDE500,1,8,0A,14,1E,28,32,3C,46,13
94822,10641,0xCF00400,1,8,FF,FF,FF,FE,57,FF,FF,FF
94823,10642,0xCFF6600,1,8,FF,0A,FF,FF,FF,FF,FF,FF
94832,10643,0x1CECFF00,1,8,20,0E,00,02,FF,CA,FE,00
94842,10644,0xCF00400,1,8,FF,FF,FF,D6,57,FF,FF,FF
94842,10645,0xCFF6600,1,8,FA,0A,FF,FF,FF,FF,FF,FF
94853,10646,0x18FEF100,1,8,3F,00,00,FF,FF,FF,FF,FF
94854,10647,0x18F00500,1,8,FF,FF,FF,FF,20,2D,FF,FF
94855,10648,0x18FEF200,1,8,20,00,00,00,00,00,00,FF
94862,10649,0xCF00400,1,8,FF,FF,FF,FA,57,FF,FF,FF
94863,10650,0xCFF6600,1,8,FF,0A,FF,FF,FF,FF,FF,FF
94882,10651,0xCF00400,1,8,FF,FF,FF,EC,57,FF,FF,FF
94882,10652,0xCFF6600,1,8,FD,0A,FF,FF,FF,FF,FF,FF
94883,10653,0x1CEBFF00,1,8,01,40,FF,0F,F0,E5,01,02
94902,10654,0xCF00400,1,8,FF,FF,FF,C4,57,FF,FF,FF
94903,10655,0xCFF6600,1,8,F8,0A,FF,FF,FF,FF,FF,FF
94922,10656,0xCF00400,1,8,FF,FF,FF,D4,57,FF,FF,FF
94922,10657,0xCFF6600,1,8,FA,0A,FF,FF,FF,FF,FF,FF
94932,10658,0x1CEBFF00,1,8,02,F0,E3,02,6E,00,03,01
94942,10659,0xCF00400,1,8,FF,FF,FF,0C,58,FF,FF,FF
94942,10660,0xCFF6600,1,8,01,0B,FF,FF,FF,FF,FF,FF
94953,10661,0x18FEF100,1,8,3F,00,00,FF,FF,FF,FF,FF
94953,10662,0x18F00500,1,8,FF,FF,FF,FF,20,2D,FF,FF
94954,10663,0x10FF6500,1,8,FC,FF,FF,FF,FF,FF,FF,FF
94954,10664,0x18FEF200,1,8,20,00,00,00,00,00,00,FF
94962,10665,0xCF00400,1,8,FF,FF,FF,D8,57,FF,FF,FF
94962,10666,0xCFF6600,1,8,FB,0A,FF,FF,FF,FF,FF,FF
94982,10667,0xCF00400,1,8,FF,FF,FF,58,57,FF,FF,FF
94982,10668,0xCFF6600,1,8,EB,0A,FF,FF,FF,FF,FF,FF
95002,10669,0xCF00400,1,8,FF,FF,FF,2E,57,FF,FF,FF
95003,10670,0xCFF6600,1,8,E5,0A,FF,FF,FF,FF,FF,FF
95022,10671,0xCF00400,1,8,FF,FF,FF,2E,57,FF,FF,FF
95022,10672,0xCFF6600,1,8,E5,0A,FF,FF,FF,FF,FF,FF
95042,10673,0xCF00400,1,8,FF,FF,FF,40,57,FF,FF,FF
95042,10674,0xCFF6600,1,8,E8,0A,FF,FF,FF,FF,FF,FF
95053,10675,0x18FEF100,1,8,3F,00,00,FF,FF,FF,FF,FF
95053,10676,0x18F00500,1,8,FF,FF,FF,FF,20,2D,FF,FF
95054,10677,0x18FEF200,1,8,20,00,00,00,00,00,00,FF
95062,10678,0xCF00400,1,8,FF,FF,FF,32,57,FF,FF,FF
95062,10679,0xCFF6600,1,8,E6,0A,FF,FF,FF,FF,FF,FF
95082,10680,0xCF00400,1,8,FF,FF,FF,14,57,FF,FF,FF
95082,10681,0xCFF6600,1,8,E2,0A,FF,FF,FF,FF,FF,FF
95102,10682,0xCF00400,1,8,FF,FF,FF,0A,57,FF,FF,FF
95102,10683,0xCFF6600,1,8,E1,0A,FF,FF,FF,FF,FF,FF
95122,10684,0xCF00400,1,8,FF,FF,FF,10,57,FF,FF,FF
95122,10685,0xCFF6600,1,8,E2,0A,FF,FF,FF,FF,FF,FF
95142,10686,0xCF00400,1,8,FF,FF,FF,2C,57,FF,FF,FF
95142,10687,0xCFF6600,1,8,E5,0A,FF,FF,FF,FF,FF,FF
95153,10688,0x18FEF100,1,8,3F,00,00,FF,FF,FF,FF,FF
95154,10689,0x10FF6500,1,8,FC,FF,FF,FF,FF,FF,FF,FF
95154,10690,0x18F00500,1,8,FF,FF,FF,FF,20,2D,FF,FF
95155,10691,0x18F00600,1,8,FF,FF,FF,FF,FF,FF,FF,FF
95156,10692,0x18FEF200,1,8,20,00,00,00,00,00,00,FF
95156,10693,0x1CFDDF00,1,8,FE,FF,FF,FF,FF,FF,FF,FF
95157,10694,0x1CFF6A00,1,8,FC,FF,FF,FF,FF,FF,FF,FF
95162,10695,0xCF00400,1,8,FF,FF,FF,58,57,FF,FF,FF
95163,10696,0xCFF6600,1,8,EB,0A,FF,FF,FF,FF,FF,FF
95182,10697,0xCF00400,1,8,FF,FF,FF,88,57,FF,FF,FF
95182,10698,0xCFF6600,1,8,F1,0A,FF,FF,FF,FF,FF,FF
95202,10699,0xCF00400,1,8,FF,FF,FF,BC,57,FF,FF,FF
95202,10700,0xCFF6600,1,8,F7,0A,FF,FF,FF,FF,FF,FF
95222,10701,0xCF00400,1,8,FF,FF,FF,C2,57,FF,FF,FF
95222,10702,0xCFF6600,1,8,F8,0A,FF,FF,FF,FF,FF,FF
95242,10703,0xCF00400,1,8,FF,FF,FF,A4,57,FF,FF,FF
95242,10704,0xCFF6600,1,8,F4,0A,FF,FF,FF,FF,FF,FF
95253,10705,0x18FEF100,1,8,3F,00,00,FF,FF,FF,FF,FF
95254,10706,0x18F00500,1,8,FF,FF,FF,FF,20,2D,FF,FF
95254,10707,0x18FEF200,1,8,20,00,00,00,00,00,00,FF
95262,10708,0xCF00400,1,8,FF,FF,FF,B2,57,FF,FF,FF
95263,10709,0xCFF6600,1,8,F6,0A,FF,FF,FF,FF,FF,FF
95282,10710,0xCF00400,1,8,FF,FF,FF,E2,57,FF,FF,FF
95282,10711,0xCFF6600,1,8,FC,0A,FF,FF,FF,FF,FF,FF
95302,10712,0xCF00400,1,8,FF,FF,FF,E6,57,FF,FF,FF
95303,10713,0xCFF6600,1,8,FC,0A,FF,FF,FF,FF,FF,FF
95322,10714,0xCF00400,1,8,FF,FF,FF,E6,57,FF,FF,FF
95323,10715,0xCFF6600,1,8,FC,0A,FF,FF,FF,FF,FF,FF
95342,10716,0xCF00400,1,8,FF,FF,FF,CC,57,FF,FF,FF
95342,10717,0xCFF6600,1,8,F9,0A,FF,FF,FF,FF,FF,FF
95353,10718,0x18FEF100,1,8,3F,00,00,FF,FF,FF,FF,FF
95353,10719,0x10FF6500,1,8,FC,FF,FF,FF,FF,FF,FF,FF
95354,10720,0x18F00500,1,8,FF,FF,FF,FF,20,2D,FF,FF
95354,10721,0x18FEF200,1,8,20,00,00,00,00,00,00,FF
95362,10722,0xCF00400,1,8,FF,FF,FF,AC,57,FF,FF,FF
95363,10723,0xCFF6600,1,8,F5,0A,FF,FF,FF,FF,FF,FF
95382,10724,0xCF00400,1,8,FF,FF,FF,8C,57,FF,FF,FF
95382,10725,0xCFF6600,1,8,F1,0A,FF,FF,FF,FF,FF,FF
95402,10726,0xCF00400,1,8,FF,FF,FF,9E,57,FF,FF,FF
95402,10727,0xCFF6600,1,8,F3,0A,FF,FF,FF,FF,FF,FF
95422,10728,0xCF00400,1,8,FF,FF,FF,D6,57,FF,FF,FF
95422,10729,0xCFF6600,1,8,FA,0A,FF,FF,FF,FF,FF,FF
95442,10730,0xCF00400,1,8,FF,FF,FF,D4,57,FF,FF,FF
95442,10731,0xCFF6600,1,8,FA,0A,FF,FF,FF,FF,FF,FF
95453,10732,0x18FEF100,1,8,3F,00,00,FF,FF,FF,FF,FF
95454,10733,0x18F00500,1,8,FF,FF,FF,FF,20,2D,FF,FF
95454,10734,0x18FEF200,1,8,20,00,00,00,00,00,00,FF
95462,10735,0xCF00400,1,8,FF,FF,FF,A4,57,FF,FF,FF
95463,10736,0xCFF6600,1,8,F4,0A,FF,FF,FF,FF,FF,FF
95482,10737,0xCF00400,1,8,FF,FF,FF,C4,57,FF,FF,FF
95482,10738,0xCFF6600,1,8,F8,0A,FF,FF,FF,FF,FF,FF
95502,10739,0xCF00400,1,8,FF,FF,FF,28,58,FF,FF,FF
95502,10740,0xCFF6600,1,8,05,0B,FF,FF,FF,FF,FF,FF
95522,10741,0xCF00400,1,8,FF,FF,FF,28,58,FF,FF,FF
95522,10742,0xCFF6600,1,8,05,0B,FF,FF,FF,FF,FF,FF
95542,10743,0xCF00400,1,8,FF,FF,FF,DE,57,FF,FF,FF
95542,10744,0xCFF6600,1,8,FB,0A,FF,FF,FF,FF,FF,FF
95553,10745,0x18FEF100,1,8,3F,00,00,FF,FF,FF,FF,FF
95553,10746,0x18F00500,1,8,FF,FF,FF,FF,20,2D,FF,FF
95554,10747,0x10FF6500,1,8,FC,FF,FF,FF,FF,FF,FF,FF
95554,10748,0x18FEF200,1,8,20,00,00,00,00,00,00,FF
95562,10749,0xCF00400,1,8,FF,FF,FF,F0,57,FF,FF,FF
95562,10750,0xCFF6600,1,8,FE,0A,FF,FF,FF,FF,FF,FF
95582,10751,0xCF00400,1,8,FF,FF,FF,40,58,FF,FF,FF
95583,10752,0xCFF6600,1,8,08,0B,FF,FF,FF,FF,FF,FF
95602,10753,0xCF00400,1,8,FF,FF,FF,6A,58,FF,FF,FF
95602,10754,0xCFF6600,1,8,0D,0B,FF,FF,FF,FF,FF,FF
95622,10755,0xCF00400,1,8,FF,FF,FF,7E,58,FF,FF,FF
95623,10756,0xCFF6600,1,8,0F,0B,FF,FF,FF,FF,FF,FF
95642,10757,0xCF00400,1,8,FF,FF,FF,86,58,FF,FF,FF
95643,10758,0xCFF6600,1,8,10,0B,FF,FF,FF,FF,FF,FF
95653,10759,0x18FEF100,1,8,3F,00,00,FF,FF,FF,FF,FF
95654,10760,0x18F00500,1,8,FF,FF,FF,FF,20,2D,FF,FF
95654,10761,0x18F00600,1,8,FF,FF,FF,FF,FF,FF,FF,FF
95655,10762,0x18FEF200,1,8,20,00,00,00,00,00,00,FF
95655,10763,0x1CFDDF00,1,8,FE,FF,FF,FF,FF,FF,FF,FF
95656,10764,0x1CFF6A00,1,8,FC,FF,FF,FF,FF,FF,FF,FF
95662,10765,0xCF00400,1,8,FF,FF,FF,86,58,FF,FF,FF
95662,10766,0xCFF6600,1,8,10,0B,FF,FF,FF,FF,FF,FF
95682,10767,0xCF00400,1,8,FF,FF,FF,82,58,FF,FF,FF
95682,10768,0xCFF6600,1,8,10,0B,FF,FF,FF,FF,FF,FF
95702,10769,0xCF00400,1,8,FF,FF,FF,60,58,FF,FF,FF
95702,10770,0xCFF6600,1,8,0C,0B,FF,FF,FF,FF,FF,FF
95722,10771,0xCF00400,1,8,FF,FF,FF,2C,58,FF,FF,FF
95722,10772,0xCFF6600,1,8,05,0B,FF,FF,FF,FF,FF,FF
95742,10773,0xCF00400,1,8,FF,FF,FF,EA,57,FF,FF,FF
95742,10774,0xCFF6600,1,8,FD,0A,FF,FF,FF,FF,FF,FF
95753,10775,0x18FEF100,1,8,3F,00,00,FF,FF,FF,FF,FF
95753,10776,0x10FF6500,1,8,FC,FF,FF,FF,FF,FF,FF,FF
95754,10777,0x18F00500,1,8,FF,FF,FF,FF,20,2D,FF,FF
95755,10778,0x18FEF200,1,8,20,00,00,00,00,00,00,FF
95762,10779,0xCF00400,1,8,FF,FF,FF,AA,57,FF,FF,FF
95762,10780,0xCFF6600,1,8,F5,0A,FF,FF,FF,FF,FF,FF
95782,10781,0xCF00400,1,8,FF,FF,FF,BE,57,FF,FF,FF
95783,10782,0xCFF6600,1,8,F7,0A,FF,FF,FF,FF,FF,FF
95802,10783,0xCF00400,1,8,FF,FF,FF,06,58,FF,FF,FF
95803,10784,0xCFF6600,1,8,00,0B,FF,FF,FF,FF,FF,FF
95812,10785,0x18FEEE00,1,8,4B,FF,FF,FF,FF,FF,FF,FF
95812,10786,0x18FDE500,1,8,0A,14,1E,28,32,3C,46,13
95822,10787,0xCF00400,1,8,FF,FF,FF,42,58,FF,FF,FF
95822,10788,0xCFF6600,1,8,08,0B,FF,FF,FF,FF,FF,FF
95832,10789,0x1CECFF00,1,8,20,0E,00,02,FF,CA,FE,00
95842,10790,0xCF00400,1,8,FF,FF,FF,76,58,FF,FF,FF
95842,10791,0xCFF6600,1,8,0E,0B,FF,FF,FF,FF,FF,FF
95853,10792,0x18FEF100,1,8,3F,00,00,FF,FF,FF,FF,FF
95853,10793,0x18F00500,1,8,FF,FF,FF,FF,20,2D,FF,FF
95854,10794,0x18FEF200,1,8,1F,00,00,00,00,00,00,FF
95862,10795,0xCF00400,1,8,FF,FF,FF,D6,58,FF,FF,FF
95862,10796,0xCFF6600,1,8,1A,0B,FF,FF,FF,FF,FF,FF
95882,10797,0xCF00400,1,8,FF,FF,FF,58,59,FF,FF,FF
95882,10798,0xCFF6600,1,8,2B,0B,FF,FF,FF,FF,FF,FF
95883,10799,0x1CEBFF00,1,8,01,40,FF,0F,F0,E5,01,02
95902,10800,0xCF00400,1,8,FF,FF,FF,4C,59,FF,FF,FF
95902,10801,0xCFF6600,1,8,29,0B,FF,FF,FF,FF,FF,FF
95922,10802,0xCF00400,1,8,FF,FF,FF,DC,58,FF,FF,FF
95923,10803,0xCFF6600,1,8,1B,0B,FF,FF,FF,FF,FF,FF
95932,10804,0x1CEBFF00,1,8,02,F0,E3,02,6E,00,03,01
95942,10805,0xCF00400,1,8,FF,FF,FF,CC,58,FF,FF,FF
95942,10806,0xCFF6600,1,8,19,0B,FF,FF,FF,FF,FF,FF
95953,10807,0x18FEF100,1,8,3F,00,00,FF,FF,FF,FF,FF
95953,10808,0x10FF6500,1,8,FC,FF,FF,FF,FF,FF,FF,FF
95954,10809,0x18F00500,1,8,FF,FF,FF,FF,20,2D,FF,FF
95954,10810,0x18FEF200,1,8,1F,00,00,00,00,00,00,FF
95962,10811,0xCF00400,1,8,FF,FF,FF,FE,58,FF,FF,FF
95962,10812,0xCFF6600,1,8,1F,0B,FF,FF,FF,FF,FF,FF
95982,10813,0xCF00400,1,8,FF,FF,FF,E4,58,FF,FF,FF
95983,10814,0xCFF6600,1,8,1C,0B,FF,FF,FF,FF,FF,FF
96002,10815,0xCF00400,1,8,FF,FF,FF,94,58,FF,FF,FF
96003,10816,0xCFF6600,1,8,12,0B,FF,FF,FF,FF,FF,FF
96022,10817,0xCF00400,1,8,FF,FF,FF,94,58,FF,FF,FF
96022,10818,0xCFF6600,1,8,12,0B,FF,FF,FF,FF,FF,FF
96042,10819,0xCF00400,1,8,FF,FF,FF,72,58,FF,FF,FF
96043,10820,0xCFF6600,1,8,0E,0B,FF,FF,FF,FF,FF,FF
96053,10821,0x18FEF100,1,8,3F,00,00,FF,FF,FF,FF,FF
96053,10822,0x18F00500,1,8,FF,FF,FF,FF,20,2D,FF,FF
96054,10823,0x18FEF200,1,8,1F,00,00,00,00,00,00,FF
96062,10824,0xCF00400,1,8,FF,FF,FF,7A,58,FF,FF,FF
96062,10825,0xCFF6600,1,8,0F,0B,FF,FF,FF,FF,FF,FF
96082,10826,0xCF00400,1,8,FF,FF,FF,66,58,FF,FF,FF
96082,10827,0xCFF6600,1,8,0C,0B,FF,FF,FF,FF,FF,FF
96102,10828,0xCF00400,1,8,FF,FF,FF,36,58,FF,FF,FF
96102,10829,0xCFF6600,1,8,06,0B,FF,FF,FF,FF,FF,FF
96122,10830,0xCF00400,1,8,FF,FF,FF,5C,58,FF,FF,FF
96122,10831,0xCFF6600,1,8,0B,0B,FF,FF,FF,FF,FF,FF
96142,10832,0xCF00400,1,8,FF,FF,FF,BC,58,FF,FF,FF
96142,10833,0xCFF6600,1,8,17,0B,FF,FF,FF,FF,FF,FF
96153,10834,0x18FEF100,1,8,3F,00,00,FF,FF,FF,FF,FF
96153,10835,0x10FF6500,1,8,FC,FF,FF,FF,FF,FF,FF,FF
96154,10836,0x18F00500,1,8,FF,FF,FF,FF,20,2D,FF,FF
96155,10837,0x18F00600,1,8,FF,FF,FF,FF,FF,FF,FF,FF
96155,10838,0x18FEF200,1,8,1F,00,00,00,00,00,00,FF
96156,10839,0x1CFDDF00,1,8,FE,FF,FF,FF,FF,FF,FF,FF
96156,10840,0x1CFF6A00,1,8,FC,FF,FF,FF,FF,FF,FF,FF
96162,10841,0xCF00400,1,8,FF,FF,FF,32,59,FF,FF,FF
96162,10842,0xCFF6600,1,8,26,0B,FF,FF,FF,FF,FF,FF
96182,10843,0xCF00400,1,8,FF,FF,FF,BA,59,FF,FF,FF
96183,10844,0xCFF6600,1,8,37,0B,FF,FF,FF,FF,FF,FF
96202,10845,0xCF00400,1,8,FF,FF,FF,CA,59,FF,FF,FF
96203,10846,0xCFF6600,1,8,39,0B,FF,FF,FF,FF,FF,FF
96222,10847,0xCF00400,1,8,FF,FF,FF,88,59,FF,FF,FF
96222,10848,0xCFF6600,1,8,31,0B,FF,FF,FF,FF,FF,FF
96242,10849,0xCF00400,1,8,FF,FF,FF,34,59,FF,FF,FF
96242,10850,0xCFF6600,1,8,26,0B,FF,FF,FF,FF,FF,FF
96253,10851,0x18FEF100,1,8,3F,00,00,FF,FF,FF,FF,FF
96254,10852,0x18F00500,1,8,FF,FF,FF,FF,20,2D,FF,FF
96254,10853,0x18FEF200,1,8,1F,00,00,00,00,00,00,FF
96262,10854,0xCF00400,1,8,FF,FF,FF,DA,58,FF,FF,FF
96262,10855,0xCFF6600,1,8,1B,0B,FF,FF,FF,FF,FF,FF
96282,10856,0xCF00400,1,8,FF,FF,FF,FC,58,FF,FF,FF
96283,10857,0xCFF6600,1,8,1F,0B,FF,FF,FF,FF,FF,FF
96302,10858,0xCF00400,1,8,FF,FF,FF,76,59,FF,FF,FF
96303,10859,0xCFF6600,1,8,2E,0B,FF,FF,FF,FF,FF,FF
96322,10860,0xCF00400,1,8,FF,FF,FF,96,59,FF,FF,FF
96322,10861,0xCFF6600,1,8,32,0B,FF,FF,FF,FF,FF,FF
96342,10862,0xCF00400,1,8,FF,FF,FF,78,59,FF,FF,FF
96342,10863,0xCFF6600,1,8,2F,0B,FF,FF,FF,FF,FF,FF
96353,10864,0x18FEF100,1,8,3F,00,00,FF,FF,FF,FF,FF
96353,10865,0x10FF6500,1,8,FC,FF,FF,FF,FF,FF,FF,FF
96354,10866,0x18F00500,1,8,FF,FF,FF,FF,20,2D,FF,FF
96355,10867,0x18FEF200,1,8,1F,00,00,00,00,00,00,FF
96362,10868,0xCF00400,1,8,FF,FF,FF,5C,59,FF,FF,FF
96362,10869,0xCFF6600,1,8,2B,0B,FF,FF,FF,FF,FF,FF
96382,10870,0xCF00400,1,8,FF,FF,FF,44,59,FF,FF,FF
96383,10871,0xCFF6600,1,8,28,0B,FF,FF,FF,FF,FF,FF
96402,10872,0xCF00400,1,8,FF,FF,FF,5A,59,FF,FF,FF
96403,10873,0xCFF6600,1,8,2B,0B,FF,FF,FF,FF,FF,FF
96422,10874,0xCF00400,1,8,FF,FF,FF,5A,59,FF,FF,FF
96422,10875,0xCFF6600,1,8,2B,0B,FF,FF,FF,FF,FF,FF
96442,10876,0xCF00400,1,8,FF,FF,FF,8E,59,FF,FF,FF
96442,10877,0xCFF6600,1,8,31,0B,FF,FF,FF,FF,FF,FF
96453,10878,0x18FEF100,1,8,3F,00,00,FF,FF,FF,FF,FF
96453,10879,0x18F00500,1,8,FF,FF,FF,FF,20,2D,FF,FF
96454,10880,0x18FEF200,1,8,1F,00,00,00,00,00,00,FF
96462,10881,0xCF00400,1,8,FF,FF,FF,A4,59,FF,FF,FF
96463,10882,0xCFF6600,1,8,34,0B,FF,FF,FF,FF,FF,FF
96482,10883,0xCF00400,1,8,FF,FF,FF,A8,59,FF,FF,FF
96482,10884,0xCFF6600,1,8,35,0B,FF,FF,FF,FF,FF,FF
96502,10885,0xCF00400,1,8,FF,FF,FF,BE,59,FF,FF,FF
96502,10886,0xCFF6600,1,8,37,0B,FF,FF,FF,FF,FF,FF
96522,10887,0xCF00400,1,8,FF,FF,FF,E2,59,FF,FF,FF
96522,10888,0xCFF6600,1,8,3C,0B,FF,FF,FF,FF,FF,FF
96542,10889,0xCF00400,1,8,FF,FF,FF,8A,59,FF,FF,FF
96542,10890,0xCFF6600,1,8,31,0B,FF,FF,FF,FF,FF,FF
96553,10891,0x18FEF100,1,8,3F,00,00,FF,FF,FF,FF,FF
96553,10892,0x10FF6500,1,8,FC,FF,FF,FF,FF,FF,FF,FF
96554,10893,0x18F00500,1,8,FF,FF,FF,FF,20,2D,FF,FF
96555,10894,0x18FEF200,1,8,1F,00,00,00,00,00,00,FF
96562,10895,0xCF00400,1,8,FF,FF,FF,D6,58,FF,FF,FF
96562,10896,0xCFF6600,1,8,1A,0B,FF,FF,FF,FF,FF,FF
96582,10897,0xCF00400,1,8,FF,FF,FF,86,58,FF,FF,FF
96582,10898,0xCFF6600,1,8,10,0B,FF,FF,FF,FF,FF,FF
96602,10899,0xCF00400,1,8,FF,FF,FF,82,58,FF,FF,FF
96603,10900,0xCFF6600,1,8,10,0B,FF,FF,FF,FF,FF,FF
96622,10901,0xCF00400,1,8,FF,FF,FF,00,58,FF,FF,FF
96622,10902,0xCFF6600,1,8,00,0B,FF,FF,FF,FF,FF,FF
96642,10903,0xCF00400,1,8,FF,FF,FF,22,57,FF,FF,FF
96642,10904,0xCFF6600,1,8,E4,0A,FF,FF,FF,FF,FF,FF
96653,10905,0x18FEF100,1,8,3F,00,00,FF,FF,FF,FF,FF
96653,10906,0x18F00500,1,8,FF,FF,FF,FF,20,2D,FF,FF
96654,10907,0x18F00600,1,8,FF,FF,FF,FF,FF,FF,FF,FF
96655,10908,0x18FEF200,1,8,1F,00,00,00,00,00,00,FF
96655,10909,0x1CFDDF00,1,8,FE,FF,FF,FF,FF,FF,FF,FF
96656,10910,0x1CFF6A00,1,8,FC,FF,FF,FF,FF,FF,FF,FF
96662,10911,0xCF00400,1,8,FF,FF,FF,0C,57,FF,FF,FF
96662,10912,0xCFF6600,1,8,E1,0A,FF,FF,FF,FF,FF,FF
96682,10913,0xCF00400,1,8,FF,FF,FF,7A,57,FF,FF,FF
96682,10914,0xCFF6600,1,8,EF,0A,FF,FF,FF,FF,FF,FF
96702,10915,0xCF00400,1,8,FF,FF,FF,70,57,FF,FF,FF
96702,10916,0xCFF6600,1,8,EE,0A,FF,FF,FF,FF,FF,FF
96722,10917,0xCF00400,1,8,FF,FF,FF,1E,57,FF,FF,FF
96722,10918,0xCFF6600,1,8,E3,0A,FF,FF,FF,FF,FF,FF
96742,10919,0xCF00400,1,8,FF,FF,FF,04,57,FF,FF,FF
96743,10920,0xCFF6600,1,8,E0,0A,FF,FF,FF,FF,FF,FF
96753,10921,0x18FEF100,1,8,3F,00,00,FF,FF,FF,FF,FF
96754,10922,0x10FF6500,1,8,FC,FF,FF,FF,FF,FF,FF,FF
96754,10923,0x18F00500,1,8,FF,FF,FF,FF,20,2D,FF,FF
96755,10924,0x18FEF200,1,8,1F,00,00,00,00,00,00,FF
96762,10925,0xCF00400,1,8,FF,FF,FF,04,57,FF,FF,FF
96762,10926,0xCFF6600,1,8,E0,0A,FF,FF,FF,FF,FF,FF
96782,10927,0xCF00400,1,8,FF,FF,FF,12,57,FF,FF,FF
96782,10928,0xCFF6600,1,8,E2,0A,FF,FF,FF,FF,FF,FF
96802,10929,0xCF00400,1,8,FF,FF,FF,3E,57,FF,FF,FF
96802,10930,0xCFF6600,1,8,E7,0A,FF,FF,FF,FF,FF,FF
96812,10931,0x18FEEE00,1,8,4B,FF,FF,FF,FF,FF,FF,FF
96812,10932,0x18FDE500,1,8,0A,14,1E,28,32,3C,46,13
96822,10933,0xCF00400,1,8,FF,FF,FF,86,57,FF,FF,FF
96822,10934,0xCFF6600,1,8,F0,0A,FF,FF,FF,FF,FF,FF
96832,10935,0x1CECFF00,1,8,20,0E,00,02,FF,CA,FE,00
96842,10936,0xCF00400,1,8,FF,FF,FF,9A,57,FF,FF,FF
96842,10937,0xCFF6600,1,8,F3,0A,FF,FF,FF,FF,FF,FF
96853,10938,0x18FEF100,1,8,3F,00,00,FF,FF,FF,FF,FF
96854,10939,0x18F00500,1,8,FF,FF,FF,FF,20,2D,FF,FF
96854,10940,0x18FEF200,1,8,20,00,00,00,00,00,00,FF
96862,10941,0xCF00400,1,8,FF,FF,FF,8C,57,FF,FF,FF
96862,10942,0xCFF6600,1,8,F1,0A,FF,FF,FF,FF,FF,FF
96882,10943,0xCF00400,1,8,FF,FF,FF,8E,57,FF,FF,FF
96882,10944,0xCFF6600,1,8,F1,0A,FF,FF,FF,FF,FF,FF
96883,10945,0x1CEBFF00,1,8,01,40,FF,0F,F0,E5,01,02
96902,10946,0xCF00400,1,8,FF,FF,FF,94,57,FF,FF,FF
96903,10947,0xCFF6600,1,8,F2,0A,FF,FF,FF,FF,FF,FF
96922,10948,0xCF00400,1,8,FF,FF,FF,66,57,FF,FF,FF
96922,10949,0xCFF6600,1,8,EC,0A,FF,FF,FF,FF,FF,FF
96932,10950,0x1CEBFF00,1,8,02,F0,E3,02,6E,00,03,01
96942,10951,0xCF00400,1,8,FF,FF,FF,0A,57,FF,FF,FF
96942,10952,0xCFF6600,1,8,E1,0A,FF,FF,FF,FF,FF,FF
96953,10953,0x18FEF100,1,8,3F,00,00,FF,FF,FF,FF,FF
96953,10954,0x10FF6500,1,8,FC,FF,FF,FF,FF,FF,FF,FF
96954,10955,0x18F00500,1,8,FF,FF,FF,FF,20,2D,FF,FF
96954,10956,0x18FEF200,1,8,20,00,00,00,00,00,00,FF
96962,10957,0xCF00400,1,8,FF,FF,FF,C8,56,FF,FF,FF
96962,10958,0xCFF6600,1,8,D9,0A,FF,FF,FF,FF,FF,FF
96982,10959,0xCF00400,1,8,FF,FF,FF,A2,56,FF,FF,FF
96983,10960,0xCFF6600,1,8,D4,0A,FF,FF,FF,FF,FF,FF
97002,10961,0xCF00400,1,8,FF,FF,FF,AC,56,FF,FF,FF
97002,10962,0xCFF6600,1,8,D5,0A,FF,FF,FF,FF,FF,FF
97022,10963,0xCF00400,1,8,FF,FF,FF,D6,56,FF,FF,FF
97023,10964,0xCFF6600,1,8,DA,0A,FF,FF,FF,FF,FF,FF
97042,10965,0xCF00400,1,8,FF,FF,FF,D6,56,FF,FF,FF
97042,10966,0xCFF6600,1,8,DA,0A,FF,FF,FF,FF,FF,FF
97053,10967,0x18FEF100,1,8,3F,00,00,FF,FF,FF,FF,FF
97054,10968,0x18F00500,1,8,FF,FF,FF,FF,20,2D,FF,FF
97054,10969,0x18FEF200,1,8,20,00,00,00,00,00,00,FF
97062,10970,0xCF00400,1,8,FF,FF,FF,16,57,FF,FF,FF
97062,10971,0xCFF6600,1,8,E2,0A,FF,FF,FF,FF,FF,FF
97082,10972,0xCF00400,1,8,FF,FF,FF,66,57,FF,FF,FF
97082,10973,0xCFF6600,1,8,EC,0A,FF,FF,FF,FF,FF,FF
97102,10974,0xCF00400,1,8,FF,FF,FF,98,57,FF,FF,FF
97102,10975,0xCFF6600,1,8,F3,0A,FF,FF,FF,FF,FF,FF
97122,10976,0xCF00400,1,8,FF,FF,FF,BC,57,FF,FF,FF
97122,10977,0xCFF6600,1,8,F7,0A,FF,FF,FF,FF,FF,FF
97142,10978,0xCF00400,1,8,FF,FF,FF,DC,57,FF,FF,FF
97142,10979,0xCFF6600,1,8,FB,0A,FF,FF,FF,FF,FF,FF
97153,10980,0x18FEF100,1,8,3F,00,00,FF,FF,FF,FF,FF
97153,10981,0x10FF6500,1,8,FC,FF,FF,FF,FF,FF,FF,FF
97154,10982,0x18F00500,1,8,FF,FF,FF,FF,20,2D,FF,FF
97155,10983,0x18F00600,1,8,FF,FF,FF,FF,FF,FF,FF,FF
97155,10984,0x18FEF200,1,8,20,00,00,00,00,00,00,FF
97156,10985,0x1CFDDF00,1,8,FE,FF,FF,FF,FF,FF,FF,FF
97156,10986,0x1CFF6A00,1,8,FC,FF,FF,FF,FF,FF,FF,FF
97162,10987,0xCF00400,1,8,FF,FF,FF,F8,57,FF,FF,FF
97162,10988,0xCFF6600,1,8,FF,0A,FF,FF,FF,FF,FF,FF
97182,10989,0xCF00400,1,8,FF,FF,FF,50,58,FF,FF,FF
97183,10990,0xCFF6600,1,8,0A,0B,FF,FF,FF,FF,FF,FF
97202,10991,0xCF00400,1,8,FF,FF,FF,D4,58,FF,FF,FF
97203,10992,0xCFF6600,1,8,1A,0B,FF,FF,FF,FF,FF,FF
97222,10993,0xCF00400,1,8,FF,FF,FF,EE,58,FF,FF,FF
97222,10994,0xCFF6600,1,8,1D,0B,FF,FF,FF,FF,FF,FF
97242,10995,0xCF00400,1,8,FF,FF,FF,C6,58,FF,FF,FF
97242,10996,0xCFF6600,1,8,18,0B,FF,FF,FF,FF,FF,FF
97253,10997,0x18FEF100,1,8,3F,00,00,FF,FF,FF,FF,FF
97253,10998,0x18F00500,1,8,FF,FF,FF,FF,20,2D,FF,FF
97254,10999,0x18FEF200,1,8,20,00,00,00,00,00,00,FF
97262,11000,0xCF00400,1,8,FF,FF,FF,BE,58,FF,FF,FF
97262,11001,0xCFF6600,1,8,17,0B,FF,FF,FF,FF,FF,FF
97282,11002,0xCF00400,1,8,FF,FF,FF,CE,58,FF,FF,FF
97282,11003,0xCFF6600,1,8,19,0B,FF,FF,FF,FF,FF,FF
97302,11004,0xCF00400,1,8,FF,FF,FF,CA,58,FF,FF,FF
97302,11005,0xCFF6600,1,8,19,0B,FF,FF,FF,FF,FF,FF
97322,11006,0xCF00400,1,8,FF,FF,FF,BC,58,FF,FF,FF
97322,11007,0xCFF6600,1,8,17,0B,FF,FF,FF,FF,FF,FF
97342,11008,0xCF00400,1,8,FF,FF,FF,9C,58,FF,FF,FF
97342,11009,0xCFF6600,1,8,13,0B,FF,FF,FF,FF,FF,FF
97353,11010,0x18FEF100,1,8,3F,00,00,FF,FF,FF,FF,FF
97353,11011,0x18F00500,1,8,FF,FF,FF,FF,20,2D,FF,FF
97354,11012,0x10FF6500,1,8,FC,FF,FF,FF,FF,FF,FF,FF
97354,11013,0x18FEF200,1,8,20,00,00,00,00,00,00,FF
97362,11014,0xCF00400,1,8,FF,FF,FF,70,58,FF,FF,FF
97363,11015,0xCFF6600,1,8,0E,0B,FF,FF,FF,FF,FF,FF
97382,11016,0xCF00400,1,8,FF,FF,FF,6C,58,FF,FF,FF
97383,11017,0xCFF6600,1,8,0D,0B,FF,FF,FF,FF,FF,FF
97402,11018,0xCF00400,1,8,FF,FF,FF,6C,58,FF,FF,FF
97402,11019,0xCFF6600,1,8,0D,0B,FF,FF,FF,FF,FF,FF
97422,11020,0xCF00400,1,8,FF,FF,FF,80,58,FF,FF,FF
97423,11021,0xCFF6600,1,8,10,0B,FF,FF,FF,FF,FF,FF
97442,11022,0xCF00400,1,8,FF,FF,FF,B8,58,FF,FF,FF
97443,11023,0xCFF6600,1,8,17,0B,FF,FF,FF,FF,FF,FF
97453,11024,0x18FEF100,1,8,3F,00,00,FF,FF,FF,FF,FF
97453,11025,0x18F00500,1,8,FF,FF,FF,FF,20,2D,FF,FF
97454,11026,0x18FEF200,1,8,20,00,00,00,00,00,00,FF
97462,11027,0xCF00400,1,8,FF,FF,FF,08,59,FF,FF,FF
97462,11028,0xCFF6600,1,8,21,0B,FF,FF,FF,FF,FF,FF
97482,11029,0xCF00400,1,8,FF,FF,FF,72,59,FF,FF,FF
97482,11030,0xCFF6600,1,8,2E,0B,FF,FF,FF,FF,FF,FF
97502,11031,0xCF00400,1,8,FF,FF,FF,EA,59,FF,FF,FF
97502,11032,0xCFF6600,1,8,3D,0B,FF,FF,FF,FF,FF,FF
97522,11033,0xCF00400,1,8,FF,FF,FF,D6,59,FF,FF,FF
97522,11034,0xCFF6600,1,8,3A,0B,FF,FF,FF,FF,FF,FF
97542,11035,0xCF00400,1,8,FF,FF,FF,64,59,FF,FF,FF
97542,11036,0xCFF6600,1,8,2C,0B,FF,FF,FF,FF,FF,FF
97553,11037,0x18FEF100,1,8,3F,00,00,FF,FF,FF,FF,FF
97553,11038,0x18F00500,1,8,FF,FF,FF,FF,20,2D,FF,FF
97554,11039,0x10FF6500,1,8,FC,FF,FF,FF,FF,FF,FF,FF
97554,11040,0x18FEF200,1,8,20,00,00,00,00,00,00,FF
97562,11041,0xCF00400,1,8,FF,FF,FF,52,59,FF,FF,FF
97562,11042,0xCFF6600,1,8,2A,0B,FF,FF,FF,FF,FF,FF
97582,11043,0xCF00400,1,8,FF,FF,FF,86,59,FF,FF,FF
97583,11044,0xCFF6600,1,8,30,0B,FF,FF,FF,FF,FF,FF
97602,11045,0xCF00400,1,8,FF,FF,FF,68,59,FF,FF,FF
97603,11046,0xCFF6600,1,8,2D,0B,FF,FF,FF,FF,FF,FF
97622,11047,0xCF00400,1,8,FF,FF,FF,10,59,FF,FF,FF
97622,11048,0xCFF6600,1,8,22,0B,FF,FF,FF,FF,FF,FF
97642,11049,0xCF00400,1,8,FF,FF,FF,E2,58,FF,FF,FF
97642,11050,0xCFF6600,1,8,1C,0B,FF,FF,FF,FF,FF,FF
97653,11051,0x18FEF100,1,8,3F,00,00,FF,FF,FF,FF,FF
97654,11052,0x18F00500,1,8,FF,FF,FF,FF,20,2D,FF,FF
97654,11053,0x18F00600,1,8,FF,FF,FF,FF,FF,FF,FF,FF
97655,11054,0x18FEF200,1,8,20,00,00,00,00,00,00,FF
97655,11055,0x1CFDDF00,1,8,FE,FF,FF,FF,FF,FF,FF,FF
97656,11056,0x1CFF6A00,1,8,FC,FF,FF,FF,FF,FF,FF,FF
97662,11057,0xCF00400,1,8,FF,FF,FF,D4,58,FF,FF,FF
97662,11058,0xCFF6600,1,8,1A,0B,FF,FF,FF,FF,FF,FF
97682,11059,0xCF00400,1,8,FF,FF,FF,56,58,FF,FF,FF
97682,11060,0xCFF6600,1,8,0A,0B,FF,FF,FF,FF,FF,FF
97702,11061,0xCF00400,1,8,FF,FF,FF,80,57,FF,FF,FF
97703,11062,0xCFF6600,1,8,F0,0A,FF,FF,FF,FF,FF,FF
97722,11063,0xCF00400,1,8,FF,FF,FF,FE,56,FF,FF,FF
97722,11064,0xCFF6600,1,8,DF,0A,FF,FF,FF,FF,FF,FF
97742,11065,0xCF00400,1,8,FF,FF,FF,C2,56,FF,FF,FF
97743,11066,0xCFF6600,1,8,D8,0A,FF,FF,FF,FF,FF,FF
97753,11067,0x18FEF100,1,8,3F,00,00,FF,FF,FF,FF,FF
97754,11068,0x10FF6500,1,8,FC,FF,FF,FF,FF,FF,FF,FF
97754,11069,0x18F00500,1,8,FF,FF,FF,FF,20,2D,FF,FF
97755,11070,0x18FEF200,1,8,20,00,00,00,00,00,00,FF
97762,11071,0xCF00400,1,8,FF,FF,FF,C2,56,FF,FF,FF
97762,11072,0xCFF6600,1,8,D8,0A,FF,FF,FF,FF,FF,FF
97782,11073,0xCF00400,1,8,FF,FF,FF,7A,56,FF,FF,FF
97783,11074,0xCFF6600,1,8,CF,0A,FF,FF,FF,FF,FF,FF
97802,11075,0xCF00400,1,8,FF,FF,FF,26,56,FF,FF,FF
97802,11076,0xCFF6600,1,8,C4,0A,FF,FF,FF,FF,FF,FF
97812,11077,0x18FEEE00,1,8,4B,FF,FF,FF,FF,FF,FF,FF
97812,11078,0x18FDE500,1,8,0A,14,1E,28,32,3C,46,13
97822,11079,0xCF00400,1,8,FF,FF,FF,26,56,FF,FF,FF
97822,11080,0xCFF6600,1,8,C4,0A,FF,FF,FF,FF,FF,FF
97832,11081,0x1CECFF00,1,8,20,0E,00,02,FF,CA,FE,00
97842,11082,0xCF00400,1,8,FF,FF,FF,60,56,FF,FF,FF
97842,11083,0xCFF6600,1,8,CC,0A,FF,FF,FF,FF,FF,FF
97853,11084,0x18FEF100,1,8,3F,00,00,FF,FF,FF,FF,FF
97853,11085,0x18F00500,1,8,FF,FF,FF,FF,20,2D,FF,FF
97854,11086,0x18FEF200,1,8,1F,00,00,00,00,00,00,FF
97862,11087,0xCF00400,1,8,FF,FF,FF,6E,56,FF,FF,FF
97862,11088,0xCFF6600,1,8,CD,0A,FF,FF,FF,FF,FF,FF
97882,11089,0xCF00400,1,8,FF,FF,FF,5E,56,FF,FF,FF
97882,11090,0xCFF6600,1,8,CB,0A,FF,FF,FF,FF,FF,FF
97883,11091,0x1CEBFF00,1,8,01,40,FF,0F,F0,E5,01,02
97902,11092,0xCF00400,1,8,FF,FF,FF,68,56,FF,FF,FF
97902,11093,0xCFF6600,1,8,CD,0A,FF,FF,FF,FF,FF,FF
97922,11094,0xCF00400,1,8,FF,FF,FF,84,56,FF,FF,FF
97922,11095,0xCFF6600,1,8,D0,0A,FF,FF,FF,FF,FF,FF
97932,11096,0x1CEBFF00,1,8,02,F0,E3,02,6E,00,03,01
97942,11097,0xCF00400,1,8,FF,FF,FF,F0,56,FF,FF,FF
97942,11098,0xCFF6600,1,8,DE,0A,FF,FF,FF,FF,FF,FF
97953,11099,0x18FEF100,1,8,3F,00,00,FF,FF,FF,FF,FF
97953,11100,0x18F00500,1,8,FF,FF,FF,FF,20,2D,FF,FF
97954,11101,0x10FF6500,1,8,FC,FF,FF,FF,FF,FF,FF,FF
97954,11102,0x18FEF200,1,8,1F,00,00,00,00,00,00,FF
97962,11103,0xCF00400,1,8,FF,FF,FF,8E,57,FF,FF,FF
97962,11104,0xCFF6600,1,8,F1,0A,FF,FF,FF,FF,FF,FF
97982,11105,0xCF00400,1,8,FF,FF,FF,A4,57,FF,FF,FF
97982,11106,0xCFF6600,1,8,F4,0A,FF,FF,FF,FF,FF,FF
98002,11107,0xCF00400,1,8,FF,FF,FF,5A,57,FF,FF,FF
98002,11108,0xCFF6600,1,8,EB,0A,FF,FF,FF,FF,FF,FF
98022,11109,0xCF00400,1,8,FF,FF,FF,3C,57,FF,FF,FF
98023,11110,0xCFF6600,1,8,E7,0A,FF,FF,FF,FF,FF,FF
98042,11111,0xCF00400,1,8,FF,FF,FF,3C,57,FF,FF,FF
98042,11112,0xCFF6600,1,8,E7,0A,FF,FF,FF,FF,FF,FF
98053,11113,0x18FEF100,1,8,3F,00,00,FF,FF,FF,FF,FF
98053,11114,0x18F00500,1,8,FF,FF,FF,FF,20,2D,FF,FF
98054,11115,0x18FEF200,1,8,1F,00,00,00,00,00,00,FF
98062,11116,0xCF00400,1,8,FF,FF,FF,48,57,FF,FF,FF
98062,11117,0xCFF6600,1,8,E9,0A,FF,FF,FF,FF,FF,FF
98082,11118,0xCF00400,1,8,FF,FF,FF,4C,57,FF,FF,FF
98082,11119,0xCFF6600,1,8,E9,0A,FF,FF,FF,FF,FF,FF
98102,11120,0xCF00400,1,8,FF,FF,FF,46,57,FF,FF,FF
98102,11121,0xCFF6600,1,8,E8,0A,FF,FF,FF,FF,FF,FF
98122,11122,0xCF00400,1,8,FF,FF,FF,1A,57,FF,FF,FF
98122,11123,0xCFF6600,1,8,E3,0A,FF,FF,FF,FF,FF,FF
98142,11124,0xCF00400,1,8,FF,FF,FF,D0,56,FF,FF,FF
98142,11125,0xCFF6600,1,8,DA,0A,FF,FF,FF,FF,FF,FF
98153,11126,0x18FEF100,1,8,3F,00,00,FF,FF,FF,FF,FF
98154,11127,0x10FF6500,1,8,FC,FF,FF,FF,FF,FF,FF,FF
98154,11128,0x18F00500,1,8,FF,FF,FF,FF,20,2D,FF,FF
98155,11129,0x18F00600,1,8,FF,FF,FF,FF,FF,FF,FF,FF
98156,11130,0x18FEF200,1,8,1F,00,00,00,00,00,00,FF
98156,11131,0x1CFDDF00,1,8,FE,FF,FF,FF,FF,FF,FF,FF
98157,11132,0x1CFF6A00,1,8,FC,FF,FF,FF,FF,FF,FF,FF
98162,11133,0xCF00400,1,8,FF,FF,FF,74,56,FF,FF,FF
98163,11134,0xCFF6600,1,8,CE,0A,FF,FF,FF,FF,FF,FF
98182,11135,0xCF00400,1,8,FF,FF,FF,10,56,FF,FF,FF
98182,11136,0xCFF6600,1,8,C2,0A,FF,FF,FF,FF,FF,FF
98202,11137,0xCF00400,1,8,FF,FF,FF,CA,55,FF,FF,FF
98202,11138,0xCFF6600,1,8,B9,0A,FF,FF,FF,FF,FF,FF
98222,11139,0xCF00400,1,8,FF,FF,FF,96,55,FF,FF,FF
98222,11140,0xCFF6600,1,8,B2,0A,FF,FF,FF,FF,FF,FF
98242,11141,0xCF00400,1,8,FF,FF,FF,BE,55,FF,FF,FF
98242,11142,0xCFF6600,1,8,B7,0A,FF,FF,FF,FF,FF,FF
98253,11143,0x18FEF100,1,8,3F,00,00,FF,FF,FF,FF,FF
98253,11144,0x18F00500,1,8,FF,FF,FF,FF,20,2D,FF,FF
98254,11145,0x18FEF200,1,8,1F,00,00,00,00,00,00,FF
98262,11146,0xCF00400,1,8,FF,FF,FF,2A,56,FF,FF,FF
98262,11147,0xCFF6600,1,8,C5,0A,FF,FF,FF,FF,FF,FF
98282,11148,0xCF00400,1,8,FF,FF,FF,8E,56,FF,FF,FF
98283,11149,0xCFF6600,1,8,D1,0A,FF,FF,FF,FF,FF,FF
98302,11150,0xCF00400,1,8,FF,FF,FF,8E,56,FF,FF,FF
98302,11151,0xCFF6600,1,8,D1,0A,FF,FF,FF,FF,FF,FF
98322,11152,0xCF00400,1,8,FF,FF,FF,E8,56,FF,FF,FF
98322,11153,0xCFF6600,1,8,DD,0A,FF,FF,FF,FF,FF,FF
98342,11154,0xCF00400,1,8,FF,FF,FF,44,57,FF,FF,FF
98342,11155,0xCFF6600,1,8,E8,0A,FF,FF,FF,FF,FF,FF
98353,11156,0x18FEF100,1,8,3F,00,00,FF,FF,FF,FF,FF
98353,11157,0x10FF6500,1,8,FC,FF,FF,FF,FF,FF,FF,FF
98354,11158,0x18F00500,1,8,FF,FF,FF,FF,20,2D,FF,FF
98355,11159,0x18FEF200,1,8,1F,00,00,00,00,00,00,FF
98362,11160,0xCF00400,1,8,FF,FF,FF,A0,57,FF,FF,FF
98362,11161,0xCFF6600,1,8,F4,0A,FF,FF,FF,FF,FF,FF
98382,11162,0xCF00400,1,8,FF,FF,FF,8A,57,FF,FF,FF
98382,11163,0xCFF6600,1,8,F1,0A,FF,FF,FF,FF,FF,FF
98402,11164,0xCF00400,1,8,FF,FF,FF,22,57,FF,FF,FF
98402,11165,0xCFF6600,1,8,E4,0A,FF,FF,FF,FF,FF,FF
98422,11166,0xCF00400,1,8,FF,FF,FF,0E,57,FF,FF,FF
98423,11167,0xCFF6600,1,8,E1,0A,FF,FF,FF,FF,FF,FF
98442,11168,0xCF00400,1,8,FF,FF,FF,34,57,FF,FF,FF
98442,11169,0xCFF6600,1,8,E6,0A,FF,FF,FF,FF,FF,FF
98453,11170,0x18FEF100,1,8,3F,00,00,FF,FF,FF,FF,FF
98453,11171,0x18F00500,1,8,FF,FF,FF,FF,20,2D,FF,FF
98454,11172,0x18FEF200,1,8,1F,00,00,00,00,00,00,FF
98462,11173,0xCF00400,1,8,FF,FF,FF,E6,56,FF,FF,FF
98462,11174,0xCFF6600,1,8,DC,0A,FF,FF,FF,FF,FF,FF
98482,11175,0xCF00400,1,8,FF,FF,FF,44,56,FF,FF,FF
98482,11176,0xCFF6600,1,8,C8,0A,FF,FF,FF,FF,FF,FF
98502,11177,0xCF00400,1,8,FF,FF,FF,C4,55,FF,FF,FF
98502,11178,0xCFF6600,1,8,B8,0A,FF,FF,FF,FF,FF,FF
98522,11179,0xCF00400,1,8,FF,FF,FF,5E,55,FF,FF,FF
98522,11180,0xCFF6600,1,8,AB,0A,FF,FF,FF,FF,FF,FF
98542,11181,0xCF00400,1,8,FF,FF,FF,28,55,FF,FF,FF
98543,11182,0xCFF6600,1,8,A5,0A,FF,FF,FF,FF,FF,FF
98553,11183,0x18FEF100,1,8,3F,00,00,FF,FF,FF,FF,FF
98554,11184,0x10FF6500,1,8,FC,FF,FF,FF,FF,FF,FF,FF
98554,11185,0x18F00500,1,8,FF,FF,FF,FF,20,2D,FF,FF
98555,11186,0x18FEF200,1,8,1F,00,00,00,00,00,00,FF
98562,11187,0xCF00400,1,8,FF,FF,FF,28,55,FF,FF,FF
98562,11188,0xCFF6600,1,8,A5,0A,FF,FF,FF,FF,FF,FF
98582,11189,0xCF00400,1,8,FF,FF,FF,0C,55,FF,FF,FF
98582,11190,0xCFF6600,1,8,A1,0A,FF,FF,FF,FF,FF,FF
98602,11191,0xCF00400,1,8,FF,FF,FF,FE,54,FF,FF,FF
98602,11192,0xCFF6600,1,8,9F,0A,FF,FF,FF,FF,FF,FF
98622,11193,0xCF00400,1,8,FF,FF,FF,FE,54,FF,FF,FF
98622,11194,0xCFF6600,1,8,9F,0A,FF,FF,FF,FF,FF,FF
98642,11195,0xCF00400,1,8,FF,FF,FF,52,55,FF,FF,FF
98642,11196,0xCFF6600,1,8,AA,0A,FF,FF,FF,FF,FF,FF
98653,11197,0x18FEF100,1,8,3F,00,00,FF,FF,FF,FF,FF
98654,11198,0x18F00500,1,8,FF,FF,FF,FF,20,2D,FF,FF
98655,11199,0x18F00600,1,8,FF,FF,FF,FF,FF,FF,FF,FF
98655,11200,0x18FEF200,1,8,1F,00,00,00,00,00,00,FF
98656,11201,0x1CFDDF00,1,8,FE,FF,FF,FF,FF,FF,FF,FF
98656,11202,0x1CFF6A00,1,8,FC,FF,FF,FF,FF,FF,FF,FF
98662,11203,0xCF00400,1,8,FF,FF,FF,EA,55,FF,FF,FF
98662,11204,0xCFF6600,1,8,BD,0A,FF,FF,FF,FF,FF,FF
98682,11205,0xCF00400,1,8,FF,FF,FF,20,56,FF,FF,FF
98682,11206,0xCFF6600,1,8,C4,0A,FF,FF,FF,FF,FF,FF
98702,11207,0xCF00400,1,8,FF,FF,FF,1E,56,FF,FF,FF
98702,11208,0xCFF6600,1,8,C3,0A,FF,FF,FF,FF,FF,FF
98722,11209,0xCF00400,1,8,FF,FF,FF,32,56,FF,FF,FF
98722,11210,0xCFF6600,1,8,C6,0A,FF,FF,FF,FF,FF,FF
98742,11211,0xCF00400,1,8,FF,FF,FF,4C,56,FF,FF,FF
98742,11212,0xCFF6600,1,8,C9,0A,FF,FF,FF,FF,FF,FF
98753,11213,0x18FEF100,1,8,3F,00,00,FF,FF,FF,FF,FF
98753,11214,0x18F00500,1,8,FF,FF,FF,FF,20,2D,FF,FF
98754,11215,0x10FF6500,1,8,FC,FF,FF,FF,FF,FF,FF,FF
98754,11216,0x18FEF200,1,8,1F,00,00,00,00,00,00,FF
98762,11217,0xCF00400,1,8,FF,FF,FF,3A,56,FF,FF,FF
98762,11218,0xCFF6600,1,8,C7,0A,FF,FF,FF,FF,FF,FF
98782,11219,0xCF00400,1,8,FF,FF,FF,3A,56,FF,FF,FF
98783,11220,0xCFF6600,1,8,C7,0A,FF,FF,FF,FF,FF,FF
98802,11221,0xCF00400,1,8,FF,FF,FF,10,56,FF,FF,FF
98802,11222,0xCFF6600,1,8,C2,0A,FF,FF,FF,FF,FF,FF
98812,11223,0x18FEEE00,1,8,4C,FF,FF,FF,FF,FF,FF,FF
98812,11224,0x18FDE500,1,8,0A,14,1E,28,32,3C,46,13
98822,11225,0xCF00400,1,8,FF,FF,FF,36,56,FF,FF,FF
98823,11226,0xCFF6600,1,8,C6,0A,FF,FF,FF,FF,FF,FF
98832,11227,0x1CECFF00,1,8,20,0E,00,02,FF,CA,FE,00
98842,11228,0xCF00400,1,8,FF,FF,FF,8C,56,FF,FF,FF
98842,11229,0xCFF6600,1,8,D1,0A,FF,FF,FF,FF,FF,FF
98853,11230,0x18FEF100,1,8,3F,00,00,FF,FF,FF,FF,FF
98853,11231,0x18F00500,1,8,FF,FF,FF,FF,20,2D,FF,FF
98854,11232,0x18FEF200,1,8,1F,00,00,00,00,00,00,FF
98862,11233,0xCF00400,1,8,FF,FF,FF,72,56,FF,FF,FF
98862,11234,0xCFF6600,1,8,CE,0A,FF,FF,FF,FF,FF,FF
98882,11235,0xCF00400,1,8,FF,FF,FF,0C,56,FF,FF,FF
98882,11236,0xCFF6600,1,8,C1,0A,FF,FF,FF,FF,FF,FF
98883,11237,0x1CEBFF00,1,8,01,40,FF,0F,F0,E5,01,02
98902,11238,0xCF00400,1,8,FF,FF,FF,28,56,FF,FF,FF
98903,11239,0xCFF6600,1,8,C5,0A,FF,FF,FF,FF,FF,FF
98922,11240,0xCF00400,1,8,FF,FF,FF,9A,56,FF,FF,FF
98922,11241,0xCFF6600,1,8,D3,0A,FF,FF,FF,FF,FF,FF
98932,11242,0x1CEBFF00,1,8,02,F0,E3,02,6E,00,03,01
98942,11243,0xCF00400,1,8,FF,FF,FF,04,57,FF,FF,FF
98942,11244,0xCFF6600,1,8,E0,0A,FF,FF,FF,FF,FF,FF
98953,11245,0x18FEF100,1,8,3F,00,00,FF,FF,FF,FF,FF
98953,11246,0x10FF6500,1,8,FC,FF,FF,FF,FF,FF,FF,FF
98954,11247,0x18F00500,1,8,FF,FF,FF,FF,20,2D,FF,FF
98955,11248,0x18FEF200,1,8,1F,00,00,00,00,00,00,FF
98962,11249,0xCF00400,1,8,FF,FF,FF,6A,57,FF,FF,FF
98962,11250,0xCFF6600,1,8,ED,0A,FF,FF,FF,FF,FF,FF
98982,11251,0xCF00400,1,8,FF,FF,FF,AC,57,FF,FF,FF
98982,11252,0xCFF6600,1,8,F5,0A,FF,FF,FF,FF,FF,FF
99002,11253,0xCF00400,1,8,FF,FF,FF,D0,57,FF,FF,FF
99002,11254,0xCFF6600,1,8,FA,0A,FF,FF,FF,FF,FF,FF
99022,11255,0xCF00400,1,8,FF,FF,FF,BE,57,FF,FF,FF
99022,11256,0xCFF6600,1,8,F7,0A,FF,FF,FF,FF,FF,FF
99042,11257,0xCF00400,1,8,FF,FF,FF,84,57,FF,FF,FF
99043,11258,0xCFF6600,1,8,F0,0A,FF,FF,FF,FF,FF,FF
99053,11259,0x18FEF100,1,8,3F,00,00,FF,FF,FF,FF,FF
99054,11260,0x18F00500,1,8,FF,FF,FF,FF,20,2D,FF,FF
99054,11261,0x18FEF200,1,8,1F,00,00,00,00,00,00,FF
99062,11262,0xCF00400,1,8,FF,FF,FF,BA,57,FF,FF,FF
99063,11263,0xCFF6600,1,8,F7,0A,FF,FF,FF,FF,FF,FF
99082,11264,0xCF00400,1,8,FF,FF,FF,BA,57,FF,FF,FF
99082,11265,0xCFF6600,1,8,F7,0A,FF,FF,FF,FF,FF,FF
99102,11266,0xCF00400,1,8,FF,FF,FF,34,58,FF,FF,FF
99102,11267,0xCFF6600,1,8,06,0B,FF,FF,FF,FF,FF,FF
99122,11268,0xCF00400,1,8,FF,FF,FF,86,58,FF,FF,FF
99122,11269,0xCFF6600,1,8,10,0B,FF,FF,FF,FF,FF,FF
99142,11270,0xCF00400,1,8,FF,FF,FF,C4,58,FF,FF,FF
99142,11271,0xCFF6600,1,8,18,0B,FF,FF,FF,FF,FF,FF
99153,11272,0x18FEF100,1,8,3F,00,00,FF,FF,FF,FF,FF
99153,11273,0x10FF6500,1,8,FC,FF,FF,FF,FF,FF,FF,FF
99154,11274,0x18F00500,1,8,FF,FF,FF,FF,20,2D,FF,FF
99154,11275,0x18F00600,1,8,FF,FF,FF,FF,FF,FF,FF,FF
99155,11276,0x18FEF200,1,8,1F,00,00,00,00,00,00,FF
99156,11277,0x1CFDDF00,1,8,FE,FF,FF,FF,FF,FF,FF,FF
99156,11278,0x1CFF6A00,1,8,FC,FF,FF,FF,FF,FF,FF,FF
99162,11279,0xCF00400,1,8,FF,FF,FF,CC,58,FF,FF,FF
99162,11280,0xCFF6600,1,8,19,0B,FF,FF,FF,FF,FF,FF
99182,11281,0xCF00400,1,8,FF,FF,FF,BC,58,FF,FF,FF
99182,11282,0xCFF6600,1,8,17,0B,FF,FF,FF,FF,FF,FF
99202,11283,0xCF00400,1,8,FF,FF,FF,A2,58,FF,FF,FF
99202,11284,0xCFF6600,1,8,14,0B,FF,FF,FF,FF,FF,FF
99222,11285,0xCF00400,1,8,FF,FF,FF,82,58,FF,FF,FF
99223,11286,0xCFF6600,1,8,10,0B,FF,FF,FF,FF,FF,FF
99242,11287,0xCF00400,1,8,FF,FF,FF,90,58,FF,FF,FF
99243,11288,0xCFF6600,1,8,12,0B,FF,FF,FF,FF,FF,FF
99253,11289,0x18FEF100,1,8,3F,00,00,FF,FF,FF,FF,FF
99254,11290,0x18F00500,1,8,FF,FF,FF,FF,20,2D,FF,FF
99255,11291,0x18FEF200,1,8,1F,00,00,00,00,00,00,FF
99262,11292,0xCF00400,1,8,FF,FF,FF,C0,58,FF,FF,FF
99262,11293,0xCFF6600,1,8,18,0B,FF,FF,FF,FF,FF,FF
99282,11294,0xCF00400,1,8,FF,FF,FF,C0,58,FF,FF,FF
99282,11295,0xCFF6600,1,8,18,0B,FF,FF,FF,FF,FF,FF
99302,11296,0xCF00400,1,8,FF,FF,FF,A2,58,FF,FF,FF
99302,11297,0xCFF6600,1,8,14,0B,FF,FF,FF,FF,FF,FF
99322,11298,0xCF00400,1,8,FF,FF,FF,CC,58,FF,FF,FF
99322,11299,0xCFF6600,1,8,19,0B,FF,FF,FF,FF,FF,FF
99342,11300,0xCF00400,1,8,FF,FF,FF,24,59,FF,FF,FF
99343,11301,0xCFF6600,1,8,24,0B,FF,FF,FF,FF,FF,FF
99353,11302,0x18FEF100,1,8,3F,00,00,FF,FF,FF,FF,FF
99353,11303,0x10FF6500,1,8,FC,FF,FF,FF,FF,FF,FF,FF
99354,11304,0x18F00500,1,8,FF,FF,FF,FF,20,2D,FF,FF
99354,11305,0x18FEF200,1,8,1F,00,00,00,00,00,00,FF
99362,11306,0xCF00400,1,8,FF,FF,FF,70,59,FF,FF,FF
99362,11307,0xCFF6600,1,8,2E,0B,FF,FF,FF,FF,FF,FF
99382,11308,0xCF00400,1,8,FF,FF,FF,BC,59,FF,FF,FF
99383,11309,0xCFF6600,1,8,37,0B,FF,FF,FF,FF,FF,FF
99402,11310,0xCF00400,1,8,FF,FF,FF,CC,59,FF,FF,FF
99402,11311,0xCFF6600,1,8,39,0B,FF,FF,FF,FF,FF,FF
99422,11312,0xCF00400,1,8,FF,FF,FF,B8,59,FF,FF,FF
99423,11313,0xCFF6600,1,8,37,0B,FF,FF,FF,FF,FF,FF
99442,11314,0xCF00400,1,8,FF,FF,FF,A2,59,FF,FF,FF
99443,11315,0xCFF6600,1,8,34,0B,FF,FF,FF,FF,FF,FF
99453,11316,0x18FEF100,1,8,3F,00,00,FF,FF,FF,FF,FF
99454,11317,0x18F00500,1,8,FF,FF,FF,FF,20,2D,FF,FF
99454,11318,0x18FEF200,1,8,1F,00,00,00,00,00,00,FF
99462,11319,0xCF00400,1,8,FF,FF,FF,A2,59,FF,FF,FF
99462,11320,0xCFF6600,1,8,34,0B,FF,FF,FF,FF,FF,FF
99482,11321,0xCF00400,1,8,FF,FF,FF,8A,59,FF,FF,FF
99482,11322,0xCFF6600,1,8,31,0B,FF,FF,FF,FF,FF,FF
99502,11323,0xCF00400,1,8,FF,FF,FF,C6,59,FF,FF,FF
99503,11324,0xCFF6600,1,8,38,0B,FF,FF,FF,FF,FF,FF
99522,11325,0xCF00400,1,8,FF,FF,FF,3A,5A,FF,FF,FF
99522,11326,0xCFF6600,1,8,47,0B,FF,FF,FF,FF,FF,FF
99542,11327,0xCF00400,1,8,FF,FF,FF,68,5A,FF,FF,FF
99542,11328,0xCFF6600,1,8,4D,0B,FF,FF,FF,FF,FF,FF
99553,11329,0x18FEF100,1,8,3F,00,00,FF,FF,FF,FF,FF
99553,11330,0x10FF6500,1,8,FC,FF,FF,FF,FF,FF,FF,FF
99554,11331,0x18F00500,1,8,FF,FF,FF,FF,20,2D,FF,FF
99554,11332,0x18FEF200,1,8,1F,00,00,00,00,00,00,FF
99562,11333,0xCF00400,1,8,FF,FF,FF,70,5A,FF,FF,FF
99562,11334,0xCFF6600,1,8,4E,0B,FF,FF,FF,FF,FF,FF
99582,11335,0xCF00400,1,8,FF,FF,FF,7E,5A,FF,FF,FF
99583,11336,0xCFF6600,1,8,4F,0B,FF,FF,FF,FF,FF,FF
99602,11337,0xCF00400,1,8,FF,FF,FF,96,5A,FF,FF,FF
99602,11338,0xCFF6600,1,8,52,0B,FF,FF,FF,FF,FF,FF
99622,11339,0xCF00400,1,8,FF,FF,FF,78,5A,FF,FF,FF
99622,11340,0xCFF6600,1,8,4F,0B,FF,FF,FF,FF,FF,FF
99642,11341,0xCF00400,1,8,FF,FF,FF,2C,5A,FF,FF,FF
99642,11342,0xCFF6600,1,8,45,0B,FF,FF,FF,FF,FF,FF
99653,11343,0x18FEF100,1,8,3F,00,00,FF,FF,FF,FF,FF
99653,11344,0x18F00500,1,8,FF,FF,FF,FF,20,2D,FF,FF
99654,11345,0x18F00600,1,8,FF,FF,FF,FF,FF,FF,FF,FF
99655,11346,0x18FEF200,1,8,1F,00,00,00,00,00,00,FF
99655,11347,0x1CFDDF00,1,8,FE,FF,FF,FF,FF,FF,FF,FF
99656,11348,0x1CFF6A00,1,8,FC,FF,FF,FF,FF,FF,FF,FF
99662,11349,0xCF00400,1,8,FF,FF,FF,2C,5A,FF,FF,FF
99663,11350,0xCFF6600,1,8,45,0B,FF,FF,FF,FF,FF,FF
99682,11351,0xCF00400,1,8,FF,FF,FF,64,5A,FF,FF,FF
99682,11352,0xCFF6600,1,8,4C,0B,FF,FF,FF,FF,FF,FF
99702,11353,0xCF00400,1,8,FF,FF,FF,9C,5A,FF,FF,FF
99703,11354,0xCFF6600,1,8,53,0B,FF,FF,FF,FF,FF,FF
99722,11355,0xCF00400,1,8,FF,FF,FF,D2,5A,FF,FF,FF
99723,11356,0xCFF6600,1,8,5A,0B,FF,FF,FF,FF,FF,FF
99742,11357,0xCF00400,1,8,FF,FF,FF,EC,5A,FF,FF,FF
99743,11358,0xCFF6600,1,8,5D,0B,FF,FF,FF,FF,FF,FF
99743,11359,0x18FEFC17,1,8,FF,23,FF,FF,FF,FF,FF,FF
99753,11360,0x18FEF100,1,8,3F,00,00,FF,FF,FF,FF,FF
99754,11361,0x10FF6500,1,8,FC,FF,FF,FF,FF,FF,FF,FF
99754,11362,0x18F00500,1,8,FF,FF,FF,FF,20,2D,FF,FF
99755,11363,0x18FEF200,1,8,1F,00,00,00,00,00,00,FF
99762,11364,0xCF00400,1,8,FF,FF,FF,F8,5A,FF,FF,FF
99762,11365,0xCFF6600,1,8,5F,0B,FF,FF,FF,FF,FF,FF
99763,11366,0x18FEF517,1,8,FF,FF,FF,20,1D,FF,FF,FF
99782,11367,0xCF00400,1,8,FF,FF,FF,00,5B,FF,FF,FF
99782,11368,0xCFF6600,1,8,60,0B,FF,FF,FF,FF,FF,FF
99789,11369,0x18FEC117,1,8,F0,1D,00,00,03,1E,00,00
99802,11370,0xCF00400,1,8,FF,FF,FF,02,5B,FF,FF,FF
99802,11371,0xCFF6600,1,8,60,0B,FF,FF,FF,FF,FF,FF
99812,11372,0x18FEEE00,1,8,4C,FF,FF,FF,FF,FF,FF,FF
99812,11373,0x18FDE500,1,8,0A,14,1E,28,32,3C,46,13
99822,11374,0xCF00400,1,8,FF,FF,FF,18,5B,FF,FF,FF
99823,11375,0xCFF6600,1,8,63,0B,FF,FF,FF,FF,FF,FF
99831,11376,0x1CECFF00,1,8,20,0E,00,02,FF,CA,FE,00
99842,11377,0xCF00400,1,8,FF,FF,FF,3C,5B,FF,FF,FF
99842,11378,0xCFF6600,1,8,67,0B,FF,FF,FF,FF,FF,FF
99853,11379,0x18FEF100,1,8,3F,00,00,FF,FF,FF,FF,FF
99853,11380,0x18F00500,1,8,FF,FF,FF,FF,20,2D,FF,FF
99854,11381,0x18FEF200,1,8,20,00,00,00,00,00,00,FF
99862,11382,0xCF00400,1,8,FF,FF,FF,7E,5B,FF,FF,FF
99862,11383,0xCFF6600,1,8,6F,0B,FF,FF,FF,FF,FF,FF
99882,11384,0xCF00400,1,8,FF,FF,FF,D4,5B,FF,FF,FF
99882,11385,0xCFF6600,1,8,7A,0B,FF,FF,FF,FF,FF,FF
99883,11386,0x1CEBFF00,1,8,01,40,FF,0F,F0,E5,01,02
99902,11387,0xCF00400,1,8,FF,FF,FF,EE,5B,FF,FF,FF
99903,11388,0xCFF6600,1,8,7D,0B,FF,FF,FF,FF,FF,FF
99922,11389,0xCF00400,1,8,FF,FF,FF,E8,5B,FF,FF,FF
99922,11390,0xCFF6600,1,8,7D,0B,FF,FF,FF,FF,FF,FF
99932,11391,0x1CEBFF00,1,8,02,F0,E3,02,6E,00,03,01
99942,11392,0xCF00400,1,8,FF,FF,FF,F0,5B,FF,FF,FF
99942,11393,0xCFF6600,1,8,7E,0B,FF,FF,FF,FF,FF,FF
99953,11394,0x18FEF100,1,8,3F,00,00,FF,FF,FF,FF,FF
99953,11395,0x10FF6500,1,8,FC,FF,FF,FF,FF,FF,FF,FF
99954,11396,0x18F00500,1,8,FF,FF,FF,FF,20,2D,FF,FF
99955,11397,0x18FEF200,1,8,20,00,00,00,00,00,00,FF
99962,11398,0xCF00400,1,8,FF,FF,FF,02,5C,FF,FF,FF
99962,11399,0xCFF6600,1,8,80,0B,FF,FF,FF,FF,FF,FF
99982,11400,0xCF00400,1,8,FF,FF,FF,E4,5B,FF,FF,FF
99983,11401,0xCFF6600,1,8,7C,0B,FF,FF,FF,FF,FF,FF
100002,11402,0xCF00400,1,8,FF,FF,FF,AC,5B,FF,FF,FF
100002,11403,0xCFF6600,1,8,75,0B,FF,FF,FF,FF,FF,FF
100022,11404,0xCF00400,1,8,FF,FF,FF,80,5B,FF,FF,FF
100022,11405,0xCFF6600,1,8,70,0B,FF,FF,FF,FF,FF,FF
100042,11406,0xCF00400,1,8,FF,FF,FF,58,5B,FF,FF,FF
100042,11407,0xCFF6600,1,8,6B,0B,FF,FF,FF,FF,FF,FF
100053,11408,0x18FEF100,1,8,3F,00,00,FF,FF,FF,FF,FF
100053,11409,0x18F00500,1,8,FF,FF,FF,FF,20,2D,FF,FF
100054,11410,0x18FEF200,1,8,20,00,00,00,00,00,00,FF
100062,11411,0xCF00400,1,8,FF,FF,FF,00,5B,FF,FF,FF
100063,11412,0xCFF6600,1,8,60,0B,FF,FF,FF,FF,FF,FF
100082,11413,0xCF00400,1,8,FF,FF,FF,8A,5A,FF,FF,FF
100082,11414,0xCFF6600,1,8,51,0B,FF,FF,FF,FF,FF,FF
100102,11415,0xCF00400,1,8,FF,FF,FF,2A,5A,FF,FF,FF
100103,11416,0xCFF6600,1,8,45,0B,FF,FF,FF,FF,FF,FF
100122,11417,0xCF00400,1,8,FF,FF,FF,DE,59,FF,FF,FF
100123,11418,0xCFF6600,1,8,3B,0B,FF,FF,FF,FF,FF,FF
100142,11419,0xCF00400,1,8,FF,FF,FF,DE,59,FF,FF,FF
100143,11420,0xCFF6600,1,8,3B,0B,FF,FF,FF,FF,FF,FF
100153,11421,0x18FEF100,1,8,3F,00,00,FF,FF,FF,FF,FF
100153,11422,0x18F00500,1,8,FF,FF,FF,FF,20,2D,FF,FF
100154,11423,0x10FF6500,1,8,FC,FF,FF,FF,FF,FF,FF,FF
100154,11424,0x18F00600,1,8,FF,FF,FF,FF,FF,FF,FF,FF
100155,11425,0x18FEF200,1,8,20,00,00,00,00,00,00,FF
100156,11426,0x1CFDDF00,1,8,FE,FF,FF,FF,FF,FF,FF,FF
100156,11427,0x1CFF6A00,1,8,FC,FF,FF,FF,FF,FF,FF,FF
100162,11428,0xCF00400,1,8,FF,FF,FF,AA,59,FF,FF,FF
100162,11429,0xCFF6600,1,8,35,0B,FF,FF,FF,FF,FF,FF
100182,11430,0xCF00400,1,8,FF,FF,FF,80,59,FF,FF,FF
100182,11431,0xCFF6600,1,8,30,0B,FF,FF,FF,FF,FF,FF
100202,11432,0xCF00400,1,8,FF,FF,FF,30,59,FF,FF,FF
100202,11433,0xCFF6600,1,8,26,0B,FF,FF,FF,FF,FF,FF
100222,11434,0xCF00400,1,8,FF,FF,FF,C4,58,FF,FF,FF
100223,11435,0xCFF6600,1,8,18,0B,FF,FF,FF,FF,FF,FF
100242,11436,0xCF00400,1,8,FF,FF,FF,82,58,FF,FF,FF
100242,11437,0xCFF6600,1,8,10,0B,FF,FF,FF,FF,FF,FF
100253,11438,0x18FEF100,1,8,3F,00,00,FF,FF,FF,FF,FF
100253,11439,0x18F00500,1,8,FF,FF,FF,FF,20,2D,FF,FF
100254,11440,0x18FEF200,1,8,20,00,00,00,00,00,00,FF
100262,11441,0xCF00400,1,8,FF,FF,FF,62,58,FF,FF,FF
100262,11442,0xCFF6600,1,8,0C,0B,FF,FF,FF,FF,FF,FF
100282,11443,0xCF00400,1,8,FF,FF,FF,0A,58,FF,FF,FF
100283,11444,0xCFF6600,1,8,01,0B,FF,FF,FF,FF,FF,FF
100302,11445,0xCF00400,1,8,FF,FF,FF,88,57,FF,FF,FF
100302,11446,0xCFF6600,1,8,F1,0A,FF,FF,FF,FF,FF,FF
100322,11447,0xCF00400,1,8,FF,FF,FF,70,57,FF,FF,FF
100322,11448,0xCFF6600,1,8,EE,0A,FF,FF,FF,FF,FF,FF
100342,11449,0xCF00400,1,8,FF,FF,FF,A2,57,FF,FF,FF
100342,11450,0xCFF6600,1,8,F4,0A,FF,FF,FF,FF,FF,FF
100353,11451,0x18FEF100,1,8,3F,00,00,FF,FF,FF,FF,FF
100353,11452,0x10FF6500,1,8,FC,FF,FF,FF,FF,FF,FF,FF
100354,11453,0x18F00500,1,8,FF,FF,FF,FF,20,2D,FF,FF
100354,11454,0x18FEF200,1,8,20,00,00,00,00,00,00,FF
100362,11455,0xCF00400,1,8,FF,FF,FF,76,57,FF,FF,FF
100362,11456,0xCFF6600,1,8,EE,0A,FF,FF,FF,FF,FF,FF
100382,11457,0xCF00400,1,8,FF,FF,FF,FE,56,FF,FF,FF
100383,11458,0xCFF6600,1,8,DF,0A,FF,FF,FF,FF,FF,FF
100402,11459,0xCF00400,1,8,FF,FF,FF,D8,56,FF,FF,FF
100402,11460,0xCFF6600,1,8,DB,0A,FF,FF,FF,FF,FF,FF
100422,11461,0xCF00400,1,8,FF,FF,FF,EE,56,FF,FF,FF
100423,11462,0xCFF6600,1,8,DD,0A,FF,FF,FF,FF,FF,FF
100442,11463,0xCF00400,1,8,FF,FF,FF,00,57,FF,FF,FF
100443,11464,0xCFF6600,1,8,E0,0A,FF,FF,FF,FF,FF,FF
100453,11465,0x18FEF100,1,8,3F,00,00,FF,FF,FF,FF,FF
100454,11466,0x18F00500,1,8,FF,FF,FF,FF,20,2D,FF,FF
100454,11467,0x18FEF200,1,8,20,00,00,00,00,00,00,FF
100462,11468,0xCF00400,1,8,FF,FF,FF,00,57,FF,FF,FF
100463,11469,0xCFF6600,1,8,E0,0A,FF,FF,FF,FF,FF,FF
100482,11470,0xCF00400,1,8,FF,FF,FF,18,57,FF,FF,FF
100482,11471,0xCFF6600,1,8,E3,0A,FF,FF,FF,FF,FF,FF
100502,11472,0xCF00400,1,8,FF,FF,FF,1C,57,FF,FF,FF
100502,11473,0xCFF6600,1,8,E3,0A,FF,FF,FF,FF,FF,FF
100522,11474,0xCF00400,1,8,FF,FF,FF,0E,57,FF,FF,FF
100522,11475,0xCFF6600,1,8,E1,0A,FF,FF,FF,FF,FF,FF
100542,11476,0xCF00400,1,8,FF,FF,FF,0A,57,FF,FF,FF
100543,11477,0xCFF6600,1,8,E1,0A,FF,FF,FF,FF,FF,FF
100553,11478,0x18FEF100,1,8,3F,00,00,FF,FF,FF,FF,FF
100553,11479,0x10FF6500,1,8,FC,FF,FF,FF,FF,FF,FF,FF
100554,11480,0x18F00500,1,8,FF,FF,FF,FF,20,2D,FF,FF
100555,11481,0x18FEF200,1,8,20,00,00,00,00,00,00,FF
100562,11482,0xCF00400,1,8,FF,FF,FF,0E,57,FF,FF,FF
100563,11483,0xCFF6600,1,8,E1,0A,FF,FF,FF,FF,FF,FF
100582,11484,0xCF00400,1,8,FF,FF,FF,54,57,FF,FF,FF
100583,11485,0xCFF6600,1,8,EA,0A,FF,FF,FF,FF,FF,FF
100602,11486,0xCF00400,1,8,FF,FF,FF,C6,57,FF,FF,FF
100602,11487,0xCFF6600,1,8,F8,0A,FF,FF,FF,FF,FF,FF
100622,11488,0xCF00400,1,8,FF,FF,FF,CA,57,FF,FF,FF
100623,11489,0xCFF6600,1,8,F9,0A,FF,FF,FF,FF,FF,FF
100642,11490,0xCF00400,1,8,FF,FF,FF,84,57,FF,FF,FF
100642,11491,0xCFF6600,1,8,F0,0A,FF,FF,FF,FF,FF,FF
100653,11492,0x18FEF100,1,8,3F,00,00,FF,FF,FF,FF,FF
100653,11493,0x18F00500,1,8,FF,FF,FF,FF,20,2D,FF,FF
100654,11494,0x18F00600,1,8,FF,FF,FF,FF,FF,FF,FF,FF
100655,11495,0x18FEF200,1,8,20,00,00,00,00,00,00,FF
100655,11496,0x1CFDDF00,1,8,FE,FF,FF,FF,FF,FF,FF,FF
100656,11497,0x1CFF6A00,1,8,FC,FF,FF,FF,FF,FF,FF,FF
100662,11498,0xCF00400,1,8,FF,FF,FF,98,57,FF,FF,FF
100662,11499,0xCFF6600,1,8,F3,0A,FF,FF,FF,FF,FF,FF
100682,11500,0xCF00400,1,8,FF,FF,FF,F0,57,FF,FF,FF
100682,11501,0xCFF6600,1,8,FE,0A,FF,FF,FF,FF,FF,FF
100702,11502,0xCF00400,1,8,FF,FF,FF,F6,57,FF,FF,FF
100702,11503,0xCFF6600,1,8,FE,0A,FF,FF,FF,FF,FF,FF
100722,11504,0xCF00400,1,8,FF,FF,FF,C0,57,FF,FF,FF
100723,11505,0xCFF6600,1,8,F8,0A,FF,FF,FF,FF,FF,FF
100742,11506,0xCF00400,1,8,FF,FF,FF,8A,57,FF,FF,FF
100743,11507,0xCFF6600,1,8,F1,0A,FF,FF,FF,FF,FF,FF
100753,11508,0x18FEF100,1,8,3F,00,00,FF,FF,FF,FF,FF
100754,11509,0x10FF6500,1,8,FC,FF,FF,FF,FF,FF,FF,FF
100754,11510,0x18F00500,1,8,FF,FF,FF,FF,20,2D,FF,FF
100755,11511,0x18FEF200,1,8,20,00,00,00,00,00,00,FF
100762,11512,0xCF00400,1,8,FF,FF,FF,8A,57,FF,FF,FF
100762,11513,0xCFF6600,1,8,F1,0A,FF,FF,FF,FF,FF,FF
100782,11514,0xCF00400,1,8,FF,FF,FF,52,57,FF,FF,FF
100782,11515,0xCFF6600,1,8,EA,0A,FF,FF,FF,FF,FF,FF
100802,11516,0xCF00400,1,8,FF,FF,FF,9C,57,FF,FF,FF
100802,11517,0xCFF6600,1,8,F3,0A,FF,FF,FF,FF,FF,FF
100812,11518,0x18FEEE00,1,8,4C,FF,FF,FF,FF,FF,FF,FF
100812,11519,0x18FDE500,1,8,0A,14,1E,28,32,3C,46,13
100822,11520,0xCF00400,1,8,FF,FF,FF,40,58,FF,FF,FF
100822,11521,0xCFF6600,1,8,08,0B,FF,FF,FF,FF,FF,FF
100831,11522,0x1CECFF00,1,8,20,0E,00,02,FF,CA,FE,00
100842,11523,0xCF00400,1,8,FF,FF,FF,7C,58,FF,FF,FF
100842,11524,0xCFF6600,1,8,0F,0B,FF,FF,FF,FF,FF,FF
100853,11525,0x18FEF100,1,8,3F,00,00,FF,FF,FF,FF,FF
100854,11526,0x18F00500,1,8,FF,FF,FF,FF,20,2D,FF,FF
100854,11527,0x18FEF200,1,8,20,00,00,00,00,00,00,FF
100862,11528,0xCF00400,1,8,FF,FF,FF,74,58,FF,FF,FF
100862,11529,0xCFF6600,1,8,0E,0B,FF,FF,FF,FF,FF,FF
100882,11530,0xCF00400,1,8,FF,FF,FF,5C,58,FF,FF,FF
100882,11531,0xCFF6600,1,8,0B,0B,FF,FF,FF,FF,FF,FF
100883,11532,0x1CEBFF00,1,8,01,40,FF,0F,F0,E5,01,02
100902,11533,0xCF00400,1,8,FF,FF,FF,36,58,FF,FF,FF
100903,11534,0xCFF6600,1,8,06,0B,FF,FF,FF,FF,FF,FF
100922,11535,0xCF00400,1,8,FF,FF,FF,3E,58,FF,FF,FF
100922,11536,0xCFF6600,1,8,07,0B,FF,FF,FF,FF,FF,FF
100932,11537,0x1CEBFF00,1,8,02,F0,E3,02,6E,00,03,01
100942,11538,0xCF00400,1,8,FF,FF,FF,66,58,FF,FF,FF
100942,11539,0xCFF6600,1,8,0C,0B,FF,FF,FF,FF,FF,FF
100953,11540,0x18FEF100,1,8,3F,00,00,FF,FF,FF,FF,FF
100953,11541,0x10FF6500,1,8,FC,FF,FF,FF,FF,FF,FF,FF
100954,11542,0x18F00500,1,8,FF,FF,FF,FF,20,2D,FF,FF
100955,11543,0x18FEF200,1,8,20,00,00,00,00,00,00,FF
100962,11544,0xCF00400,1,8,FF,FF,FF,BA,58,FF,FF,FF
100962,11545,0xCFF6600,1,8,17,0B,FF,FF,FF,FF,FF,FF
100982,11546,0xCF00400,1,8,FF,FF,FF,24,59,FF,FF,FF
100982,11547,0xCFF6600,1,8,24,0B,FF,FF,FF,FF,FF,FF
101002,11548,0xCF00400,1,8,FF,FF,FF,40,59,FF,FF,FF
101002,11549,0xCFF6600,1,8,28,0B,FF,FF,FF,FF,FF,FF
101022,11550,0xCF00400,1,8,FF,FF,FF,2A,59,FF,FF,FF
101022,11551,0xCFF6600,1,8,25,0B,FF,FF,FF,FF,FF,FF
101042,11552,0xCF00400,1,8,FF,FF,FF,44,59,FF,FF,FF
101042,11553,0xCFF6600,1,8,28,0B,FF,FF,FF,FF,FF,FF
101053,11554,0x18FEF100,1,8,3F,00,00,FF,FF,FF,FF,FF
101053,11555,0x18F00500,1,8,FF,FF,FF,FF,20,2D,FF,FF
101054,11556,0x18FEF200,1,8,20,00,00,00,00,00,00,FF
101062,11557,0xCF00400,1,8,FF,FF,FF,7E,59,FF,FF,FF
101062,11558,0xCFF6600,1,8,2F,0B,FF,FF,FF,FF,FF,FF
101082,11559,0xCF00400,1,8,FF,FF,FF,AA,59,FF,FF,FF
101082,11560,0xCFF6600,1,8,35,0B,FF,FF,FF,FF,FF,FF
101102,11561,0xCF00400,1,8,FF,FF,FF,CE,59,FF,FF,FF
101103,11562,0xCFF6600,1,8,39,0B,FF,FF,FF,FF,FF,FF
101122,11563,0xCF00400,1,8,FF,FF,FF,24,5A,FF,FF,FF
101123,11564,0xCFF6600,1,8,44,0B,FF,FF,FF,FF,FF,FF
101142,11565,0xCF00400,1,8,FF,FF,FF,24,5A,FF,FF,FF
101142,11566,0xCFF6600,1,8,44,0B,FF,FF,FF,FF,FF,FF
101153,11567,0x18FEF100,1,8,3F,00,00,FF,FF,FF,FF,FF
101153,11568,0x10FF6500,1,8,FC,FF,FF,FF,FF,FF,FF,FF
101154,11569,0x18F00500,1,8,FF,FF,FF,FF,20,2D,FF,FF
101154,11570,0x18F00600,1,8,FF,FF,FF,FF,FF,FF,FF,FF
101155,11571,0x18FEF200,1,8,20,00,00,00,00,00,00,FF
101156,11572,0x1CFDDF00,1,8,FE,FF,FF,FF,FF,FF,FF,FF
101156,11573,0x1CFF6A00,1,8,FC,FF,FF,FF,FF,FF,FF,FF
101162,11574,0xCF00400,1,8,FF,FF,FF,96,5A,FF,FF,FF
101162,11575,0xCFF6600,1,8,52,0B,FF,FF,FF,FF,FF,FF
101182,11576,0xCF00400,1,8,FF,FF,FF,A6,5A,FF,FF,FF
101183,11577,0xCFF6600,1,8,54,0B,FF,FF,FF,FF,FF,FF
101202,11578,0xCF00400,1,8,FF,FF,FF,70,5A,FF,FF,FF
101202,11579,0xCFF6600,1,8,4E,0B,FF,FF,FF,FF,FF,FF
101222,11580,0xCF00400,1,8,FF,FF,FF,82,5A,FF,FF,FF
101222,11581,0xCFF6600,1,8,50,0B,FF,FF,FF,FF,FF,FF
101242,11582,0xCF00400,1,8,FF,FF,FF,C0,5A,FF,FF,FF
101242,11583,0xCFF6600,1,8,58,0B,FF,FF,FF,FF,FF,FF
101253,11584,0x18FEF100,1,8,3F,00,00,FF,FF,FF,FF,FF
101253,11585,0x18F00500,1,8,FF,FF,FF,FF,20,2D,FF,FF
101254,11586,0x18FEF200,1,8,20,00,00,00,00,00,00,FF
101262,11587,0xCF00400,1,8,FF,FF,FF,70,5A,FF,FF,FF
101262,11588,0xCFF6600,1,8,4E,0B,FF,FF,FF,FF,FF,FF
101282,11589,0xCF00400,1,8,FF,FF,FF,CC,59,FF,FF,FF
101282,11590,0xCFF6600,1,8,39,0B,FF,FF,FF,FF,FF,FF
101302,11591,0xCF00400,1,8,FF,FF,FF,64,59,FF,FF,FF
101302,11592,0xCFF6600,1,8,2C,0B,FF,FF,FF,FF,FF,FF
101322,11593,0xCF00400,1,8,FF,FF,FF,26,59,FF,FF,FF
101322,11594,0xCFF6600,1,8,24,0B,FF,FF,FF,FF,FF,FF
101342,11595,0xCF00400,1,8,FF,FF,FF,F4,58,FF,FF,FF
101343,11596,0xCFF6600,1,8,1E,0B,FF,FF,FF,FF,FF,FF
101353,11597,0x18FEF100,1,8,3F,00,00,FF,FF,FF,FF,FF
101354,11598,0x10FF6500,1,8,FC,FF,FF,FF,FF,FF,FF,FF
101354,11599,0x18F00500,1,8,FF,FF,FF,FF,20,2D,FF,FF
101355,11600,0x18FEF200,1,8,20,00,00,00,00,00,00,FF
101362,11601,0xCF00400,1,8,FF,FF,FF,C8,58,FF,FF,FF
101362,11602,0xCFF6600,1,8,19,0B,FF,FF,FF,FF,FF,FF
101382,11603,0xCF00400,1,8,FF,FF,FF,98,58,FF,FF,FF
101382,11604,0xCFF6600,1,8,13,0B,FF,FF,FF,FF,FF,FF
101402,11605,0xCF00400,1,8,FF,FF,FF,62,58,FF,FF,FF
101402,11606,0xCFF6600,1,8,0C,0B,FF,FF,FF,FF,FF,FF
101422,11607,0xCF00400,1,8,FF,FF,FF,24,58,FF,FF,FF
101422,11608,0xCFF6600,1,8,04,0B,FF,FF,FF,FF,FF,FF
101442,11609,0xCF00400,1,8,FF,FF,FF,E2,57,FF,FF,FF
101442,11610,0xCFF6600,1,8,FC,0A,FF,FF,FF,FF,FF,FF
101453,11611,0x18FEF100,1,8,3F,00,00,FF,FF,FF,FF,FF
101453,11612,0x18F00500,1,8,FF,FF,FF,FF,20,2D,FF,FF
101454,11613,0x18FEF200,1,8,20,00,00,00,00,00,00,FF
101462,11614,0xCF00400,1,8,FF,FF,FF,E8,57,FF,FF,FF
101462,11615,0xCFF6600,1,8,FD,0A,FF,FF,FF,FF,FF,FF
101482,11616,0xCF00400,1,8,FF,FF,FF,1C,58,FF,FF,FF
101482,11617,0xCFF6600,1,8,03,0B,FF,FF,FF,FF,FF,FF
101502,11618,0xCF00400,1,8,FF,FF,FF,EA,57,FF,FF,FF
101503,11619,0xCFF6600,1,8,FD,0A,FF,FF,FF,FF,FF,FF
101522,11620,0xCF00400,1,8,FF,FF,FF,6A,57,FF,FF,FF
101523,11621,0xCFF6600,1,8,ED,0A,FF,FF,FF,FF,FF,FF
101542,11622,0xCF00400,1,8,FF,FF,FF,6A,57,FF,FF,FF
101542,11623,0xCFF6600,1,8,ED,0A,FF,FF,FF,FF,FF,FF
101553,11624,0x18FEF100,1,8,3F,00,00,FF,FF,FF,FF,FF
101553,11625,0x10FF6500,1,8,FC,FF,FF,FF,FF,FF,FF,FF
101554,11626,0x18F00500,1,8,FF,FF,FF,FF,20,2D,FF,FF
101554,11627,0x18FEF200,1,8,20,00,00,00,00,00,00,FF
101562,11628,0xCF00400,1,8,FF,FF,FF,6E,57,FF,FF,FF
101562,11629,0xCFF6600,1,8,ED,0A,FF,FF,FF,FF,FF,FF
101582,11630,0xCF00400,1,8,FF,FF,FF,D0,57,FF,FF,FF
101582,11631,0xCFF6600,1,8,FA,0A,FF,FF,FF,FF,FF,FF
101602,11632,0xCF00400,1,8,FF,FF,FF,1E,58,FF,FF,FF
101602,11633,0xCFF6600,1,8,03,0B,FF,FF,FF,FF,FF,FF
101622,11634,0xCF00400,1,8,FF,FF,FF,60,58,FF,FF,FF
101622,11635,0xCFF6600,1,8,0C,0B,FF,FF,FF,FF,FF,FF
101642,11636,0xCF00400,1,8,FF,FF,FF,5E,58,FF,FF,FF
101642,11637,0xCFF6600,1,8,0B,0B,FF,FF,FF,FF,FF,FF
101653,11638,0x18FEF100,1,8,3F,00,00,FF,FF,FF,FF,FF
101653,11639,0x18F00500,1,8,FF,FF,FF,FF,20,2D,FF,FF
101654,11640,0x18F00600,1,8,FF,FF,FF,FF,FF,FF,FF,FF
101655,11641,0x18FEF200,1,8,20,00,00,00,00,00,00,FF
101655,11642,0x1CFDDF00,1,8,FE,FF,FF,FF,FF,FF,FF,FF
101656,11643,0x1CFF6A00,1,8,FC,FF,FF,FF,FF,FF,FF,FF
101662,11644,0xCF00400,1,8,FF,FF,FF,2A,58,FF,FF,FF
101662,11645,0xCFF6600,1,8,05,0B,FF,FF,FF,FF,FF,FF
101682,11646,0xCF00400,1,8,FF,FF,FF,2A,58,FF,FF,FF
101683,11647,0xCFF6600,1,8,05,0B,FF,FF,FF,FF,FF,FF
101702,11648,0xCF00400,1,8,FF,FF,FF,50,58,FF,FF,FF
101702,11649,0xCFF6600,1,8,0A,0B,FF,FF,FF,FF,FF,FF
101722,11650,0xCF00400,1,8,FF,FF,FF,72,58,FF,FF,FF
101722,11651,0xCFF6600,1,8,0E,0B,FF,FF,FF,FF,FF,FF
101742,11652,0xCF00400,1,8,FF,FF,FF,8A,58,FF,FF,FF
101742,11653,0xCFF6600,1,8,11,0B,FF,FF,FF,FF,FF,FF
101753,11654,0x18FEF100,1,8,3F,00,00,FF,FF,FF,FF,FF
101753,11655,0x10FF6500,1,8,FC,FF,FF,FF,FF,FF,FF,FF
101754,11656,0x18F00500,1,8,FF,FF,FF,FF,20,2D,FF,FF
101755,11657,0x18FEF200,1,8,20,00,00,00,00,00,00,FF
101762,11658,0xCF00400,1,8,FF,FF,FF,A0,58,FF,FF,FF
101762,11659,0xCFF6600,1,8,14,0B,FF,FF,FF,FF,FF,FF
101782,11660,0xCF00400,1,8,FF,FF,FF,BE,58,FF,FF,FF
101782,11661,0xCFF6600,1,8,17,0B,FF,FF,FF,FF,FF,FF
101802,11662,0xCF00400,1,8,FF,FF,FF,C8,58,FF,FF,FF
101802,11663,0xCFF6600,1,8,19,0B,FF,FF,FF,FF,FF,FF
101812,11664,0x18FEEE00,1,8,4C,FF,FF,FF,FF,FF,FF,FF
101812,11665,0x18FDE500,1,8,0A,14,1E,28,32,3C,46,13
101822,11666,0xCF00400,1,8,FF,FF,FF,C8,58,FF,FF,FF
101822,11667,0xCFF6600,1,8,19,0B,FF,FF,FF,FF,FF,FF
101832,11668,0x1CECFF00,1,8,20,0E,00,02,FF,CA,FE,00
101842,11669,0xCF00400,1,8,FF,FF,FF,F0,58,FF,FF,FF
101842,11670,0xCFF6600,1,8,1E,0B,FF,FF,FF,FF,FF,FF
101853,11671,0x18FEF100,1,8,3F,00,00,FF,FF,FF,FF,FF
101853,11672,0x18F00500,1,8,FF,FF,FF,FF,20,2D,FF,FF
101854,11673,0x18FEF200,1,8,1F,00,00,00,00,00,00,FF
101862,11674,0xCF00400,1,8,FF,FF,FF,34,59,FF,FF,FF
101863,11675,0xCFF6600,1,8,26,0B,FF,FF,FF,FF,FF,FF
101882,11676,0xCF00400,1,8,FF,FF,FF,B6,59,FF,FF,FF
101883,11677,0xCFF6600,1,8,36,0B,FF,FF,FF,FF,FF,FF
101883,11678,0x1CEBFF00,1,8,01,40,FF,0F,F0,E5,01,02
101902,11679,0xCF00400,1,8,FF,FF,FF,B6,59,FF,FF,FF
101902,11680,0xCFF6600,1,8,36,0B,FF,FF,FF,FF,FF,FF
101922,11681,0xCF00400,1,8,FF,FF,FF,54,5A,FF,FF,FF
101922,11682,0xCFF6600,1,8,4A,0B,FF,FF,FF,FF,FF,FF
101932,11683,0x1CEBFF00,1,8,02,F0,E3,02,6E,00,03,01
101942,11684,0xCF00400,1,8,FF,FF,FF,DC,5A,FF,FF,FF
101942,11685,0xCFF6600,1,8,5B,0B,FF,FF,FF,FF,FF,FF
101953,11686,0x18FEF100,1,8,3F,00,00,FF,FF,FF,FF,FF
101953,11687,0x18F00500,1,8,FF,FF,FF,FF,20,2D,FF,FF
101954,11688,0x10FF6500,1,8,FC,FF,FF,FF,FF,FF,FF,FF
101954,11689,0x18FEF200,1,8,1F,00,00,00,00,00,00,FF
101962,11690,0xCF00400,1,8,FF,FF,FF,5A,5B,FF,FF,FF
101962,11691,0xCFF6600,1,8,6B,0B,FF,FF,FF,FF,FF,FF
101982,11692,0xCF00400,1,8,FF,FF,FF,B4,5B,FF,FF,FF
101983,11693,0xCFF6600,1,8,76,0B,FF,FF,FF,FF,FF,FF
102002,11694,0xCF00400,1,8,FF,FF,FF,F0,5B,FF,FF,FF
102002,11695,0xCFF6600,1,8,7E,0B,FF,FF,FF,FF,FF,FF
102022,11696,0xCF00400,1,8,FF,FF,FF,2A,5C,FF,FF,FF
102022,11697,0xCFF6600,1,8,85,0B,FF,FF,FF,FF,FF,FF
102042,11698,0xCF00400,1,8,FF,FF,FF,66,5C,FF,FF,FF
102042,11699,0xCFF6600,1,8,8C,0B,FF,FF,FF,FF,FF,FF
102053,11700,0x18FEF100,1,8,3F,00,00,FF,FF,FF,FF,FF
102053,11701,0x18F00500,1,8,FF,FF,FF,FF,20,2D,FF,FF
102054,11702,0x18FEF200,1,8,1F,00,00,00,00,00,00,FF
102062,11703,0xCF00400,1,8,FF,FF,FF,8C,5C,FF,FF,FF
102062,11704,0xCFF6600,1,8,91,0B,FF,FF,FF,FF,FF,FF
102082,11705,0xCF00400,1,8,FF,FF,FF,A4,5C,FF,FF,FF
102082,11706,0xCFF6600,1,8,94,0B,FF,FF,FF,FF,FF,FF
102102,11707,0xCF00400,1,8,FF,FF,FF,DA,5C,FF,FF,FF
102102,11708,0xCFF6600,1,8,9B,0B,FF,FF,FF,FF,FF,FF
102122,11709,0xCF00400,1,8,FF,FF,FF,22,5D,FF,FF,FF
102122,11710,0xCFF6600,1,8,A4,0B,FF,FF,FF,FF,FF,FF
102142,11711,0xCF00400,1,8,FF,FF,FF,58,5D,FF,FF,FF
102142,11712,0xCFF6600,1,8,AB,0B,FF,FF,FF,FF,FF,FF
102153,11713,0x18FEF100,1,8,3F,00,00,FF,FF,FF,FF,FF
102153,11714,0x10FF6500,1,8,FC,FF,FF,FF,FF,FF,FF,FF
102154,11715,0x18F00500,1,8,FF,FF,FF,FF,20,2D,FF,FF
102155,11716,0x18F00600,1,8,FF,FF,FF,FF,FF,FF,FF,FF
102155,11717,0x18FEF200,1,8,1F,00,00,00,00,00,00,FF
102156,11718,0x1CFDDF00,1,8,FE,FF,FF,FF,FF,FF,FF,FF
102156,11719,0x1CFF6A00,1,8,FC,FF,FF,FF,FF,FF,FF,FF
102162,11720,0xCF00400,1,8,FF,FF,FF,82,5D,FF,FF,FF
102162,11721,0xCFF6600,1,8,B0,0B,FF,FF,FF,FF,FF,FF
102182,11722,0xCF00400,1,8,FF,FF,FF,90,5D,FF,FF,FF
102182,11723,0xCFF6600,1,8,B2,0B,FF,FF,FF,FF,FF,FF
102202,11724,0xCF00400,1,8,FF,FF,FF,8A,5D,FF,FF,FF
102202,11725,0xCFF6600,1,8,B1,0B,FF,FF,FF,FF,FF,FF
102222,11726,0xCF00400,1,8,FF,FF,FF,2E,5D,FF,FF,FF
102222,11727,0xCFF6600,1,8,A5,0B,FF,FF,FF,FF,FF,FF
102242,11728,0xCF00400,1,8,FF,FF,FF,90,5C,FF,FF,FF
102242,11729,0xCFF6600,1,8,92,0B,FF,FF,FF,FF,FF,FF
102253,11730,0x18FEF100,1,8,3F,00,00,FF,FF,FF,FF,FF
102253,11731,0x18F00500,1,8,FF,FF,FF,FF,20,2D,FF,FF
102254,11732,0x18FEF200,1,8,1F,00,00,00,00,00,00,FF
102262,11733,0xCF00400,1,8,FF,FF,FF,2C,5C,FF,FF,FF
102262,11734,0xCFF6600,1,8,85,0B,FF,FF,FF,FF,FF,FF
102282,11735,0xCF00400,1,8,FF,FF,FF,EE,5B,FF,FF,FF
102282,11736,0xCFF6600,1,8,7D,0B,FF,FF,FF,FF,FF,FF
102302,11737,0xCF00400,1,8,FF,FF,FF,EE,5B,FF,FF,FF
102302,11738,0xCFF6600,1,8,7D,0B,FF,FF,FF,FF,FF,FF
102322,11739,0xCF00400,1,8,FF,FF,FF,10,5C,FF,FF,FF
102322,11740,0xCFF6600,1,8,82,0B,FF,FF,FF,FF,FF,FF
102342,11741,0xCF00400,1,8,FF,FF,FF,F8,5B,FF,FF,FF
102342,11742,0xCFF6600,1,8,7F,0B,FF,FF,FF,FF,FF,FF
102353,11743,0x18FEF100,1,8,3F,00,00,FF,FF,FF,FF,FF
102353,11744,0x10FF6500,1,8,FC,FF,FF,FF,FF,FF,FF,FF
102354,11745,0x18F00500,1,8,FF,FF,FF,FF,20,2D,FF,FF
102355,11746,0x18FEF200,1,8,1F,00,00,00,00,00,00,FF
102362,11747,0xCF00400,1,8,FF,FF,FF,C2,5B,FF,FF,FF
102362,11748,0xCFF6600,1,8,78,0B,FF,FF,FF,FF,FF,FF
102382,11749,0xCF00400,1,8,FF,FF,FF,E0,5B,FF,FF,FF
102382,11750,0xCFF6600,1,8,7C,0B,FF,FF,FF,FF,FF,FF
102402,11751,0xCF00400,1,8,FF,FF,FF,34,5C,FF,FF,FF
102402,11752,0xCFF6600,1,8,86,0B,FF,FF,FF,FF,FF,FF
102422,11753,0xCF00400,1,8,FF,FF,FF,02,5C,FF,FF,FF
102422,11754,0xCFF6600,1,8,80,0B,FF,FF,FF,FF,FF,FF
102442,11755,0xCF00400,1,8,FF,FF,FF,76,5B,FF,FF,FF
102443,11756,0xCFF6600,1,8,6E,0B,FF,FF,FF,FF,FF,FF
102453,11757,0x18FEF100,1,8,3F,00,00,FF,FF,FF,FF,FF
102454,11758,0x18F00500,1,8,FF,FF,FF,FF,20,2D,FF,FF
102455,11759,0x18FEF200,1,8,1F,00,00,00,00,00,00,FF
102462,11760,0xCF00400,1,8,FF,FF,FF,20,5B,FF,FF,FF
102463,11761,0xCFF6600,1,8,64,0B,FF,FF,FF,FF,FF,FF
102482,11762,0xCF00400,1,8,FF,FF,FF,EC,5A,FF,FF,FF
102482,11763,0xCFF6600,1,8,5D,0B,FF,FF,FF,FF,FF,FF
102502,11764,0xCF00400,1,8,FF,FF,FF,F6,5A,FF,FF,FF
102502,11765,0xCFF6600,1,8,5E,0B,FF,FF,FF,FF,FF,FF
102522,11766,0xCF00400,1,8,FF,FF,FF,2C,5B,FF,FF,FF
102522,11767,0xCFF6600,1,8,65,0B,FF,FF,FF,FF,FF,FF
102542,11768,0xCF00400,1,8,FF,FF,FF,6A,5B,FF,FF,FF
102542,11769,0xCFF6600,1,8,6D,0B,FF,FF,FF,FF,FF,FF
102553,11770,0x18FEF100,1,8,3F,00,00,FF,FF,FF,FF,FF
102553,11771,0x10FF6500,1,8,FC,FF,FF,FF,FF,FF,FF,FF
102554,11772,0x18F00500,1,8,FF,FF,FF,FF,20,2D,FF,FF
102555,11773,0x18FEF200,1,8,1F,00,00,00,00,00,00,FF
102562,11774,0xCF00400,1,8,FF,FF,FF,AC,5B,FF,FF,FF
102562,11775,0xCFF6600,1,8,75,0B,FF,FF,FF,FF,FF,FF
102582,11776,0xCF00400,1,8,FF,FF,FF,F0,5B,FF,FF,FF
102582,11777,0xCFF6600,1,8,7E,0B,FF,FF,FF,FF,FF,FF
102602,11778,0xCF00400,1,8,FF,FF,FF,38,5C,FF,FF,FF
102602,11779,0xCFF6600,1,8,87,0B,FF,FF,FF,FF,FF,FF
102622,11780,0xCF00400,1,8,FF,FF,FF,40,5C,FF,FF,FF
102622,11781,0xCFF6600,1,8,88,0B,FF,FF,FF,FF,FF,FF
102642,11782,0xCF00400,1,8,FF,FF,FF,1E,5C,FF,FF,FF
102642,11783,0xCFF6600,1,8,83,0B,FF,FF,FF,FF,FF,FF
102653,11784,0x18FEF100,1,8,3F,00,00,FF,FF,FF,FF,FF
102653,11785,0x18F00500,1,8,FF,FF,FF,FF,20,2D,FF,FF
102654,11786,0x18F00600,1,8,FF,FF,FF,FF,FF,FF,FF,FF
102655,11787,0x18FEF200,1,8,1F,00,00,00,00,00,00,FF
102655,11788,0x1CFDDF00,1,8,FE,FF,FF,FF,FF,FF,FF,FF
102656,11789,0x1CFF6A00,1,8,FC,FF,FF,FF,FF,FF,FF,FF
102662,11790,0xCF00400,1,8,FF,FF,FF,28,5C,FF,FF,FF
102662,11791,0xCFF6600,1,8,85,0B,FF,FF,FF,FF,FF,FF
102682,11792,0xCF00400,1,8,FF,FF,FF,50,5C,FF,FF,FF
102682,11793,0xCFF6600,1,8,8A,0B,FF,FF,FF,FF,FF,FF
102702,11794,0xCF00400,1,8,FF,FF,FF,8C,5C,FF,FF,FF
102702,11795,0xCFF6600,1,8,91,0B,FF,FF,FF,FF,FF,FF
102722,11796,0xCF00400,1,8,FF,FF,FF,D2,5C,FF,FF,FF
102722,11797,0xCFF6600,1,8,9A,0B,FF,FF,FF,FF,FF,FF
102742,11798,0xCF00400,1,8,FF,FF,FF,38,5D,FF,FF,FF
102742,11799,0xCFF6600,1,8,A7,0B,FF,FF,FF,FF,FF,FF
102753,11800,0x18FEF100,1,8,3F,00,00,FF,FF,FF,FF,FF
102753,11801,0x10FF6500,1,8,FC,FF,FF,FF,FF,FF,FF,FF
102754,11802,0x18F00500,1,8,FF,FF,FF,FF,20,2D,FF,FF
102755,11803,0x18FEF200,1,8,1F,00,00,00,00,00,00,FF
102762,11804,0xCF00400,1,8,FF,FF,FF,B0,5D,FF,FF,FF
102762,11805,0xCFF6600,1,8,B6,0B,FF,FF,FF,FF,FF,FF
102782,11806,0xCF00400,1,8,FF,FF,FF,0C,5E,FF,FF,FF
102782,11807,0xCFF6600,1,8,C1,0B,FF,FF,FF,FF,FF,FF
102802,11808,0xCF00400,1,8,FF,FF,FF,62,5E,FF,FF,FF
102802,11809,0xCFF6600,1,8,CC,0B,FF,FF,FF,FF,FF,FF
102812,11810,0x18FEEE00,1,8,4C,FF,FF,FF,FF,FF,FF,FF
102812,11811,0x18FDE500,1,8,0A,14,1E,28,32,3C,46,13
102822,11812,0xCF00400,1,8,FF,FF,FF,AC,5E,FF,FF,FF
102822,11813,0xCFF6600,1,8,D5,0B,FF,FF,FF,FF,FF,FF
102831,11814,0x1CECFF00,1,8,20,0E,00,02,FF,CA,FE,00
102842,11815,0xCF00400,1,8,FF,FF,FF,E4,5E,FF,FF,FF
102842,11816,0xCFF6600,1,8,DC,0B,FF,FF,FF,FF,FF,FF
102853,11817,0x18FEF100,1,8,3F,00,00,FF,FF,FF,FF,FF
102853,11818,0x18F00500,1,8,FF,FF,FF,FF,20,2D,FF,FF
102854,11819,0x18FEF200,1,8,21,00,00,00,00,00,00,FF
102862,11820,0xCF00400,1,8,FF,FF,FF,DC,5E,FF,FF,FF
102862,11821,0xCFF6600,1,8,DB,0B,FF,FF,FF,FF,FF,FF
102882,11822,0xCF00400,1,8,FF,FF,FF,A6,5E,FF,FF,FF
102882,11823,0xCFF6600,1,8,D4,0B,FF,FF,FF,FF,FF,FF
102883,11824,0x1CEBFF00,1,8,01,40,FF,0F,F0,E5,01,02
102902,11825,0xCF00400,1,8,FF,FF,FF,3E,5E,FF,FF,FF
102902,11826,0xCFF6600,1,8,C7,0B,FF,FF,FF,FF,FF,FF
102922,11827,0xCF00400,1,8,FF,FF,FF,AE,5D,FF,FF,FF
102922,11828,0xCFF6600,1,8,B5,0B,FF,FF,FF,FF,FF,FF
102932,11829,0x1CEBFF00,1,8,02,F0,E3,02,6E,00,03,01
102942,11830,0xCF00400,1,8,FF,FF,FF,CE,5D,FF,FF,FF
102942,11831,0xCFF6600,1,8,B9,0B,FF,FF,FF,FF,FF,FF
102953,11832,0x18FEF100,1,8,3F,00,00,FF,FF,FF,FF,FF
102953,11833,0x10FF6500,1,8,FC,FF,FF,FF,FF,FF,FF,FF
102954,11834,0x18F00500,1,8,FF,FF,FF,FF,20,2D,FF,FF
102955,11835,0x18FEF200,1,8,21,00,00,00,00,00,00,FF
102962,11836,0xCF00400,1,8,FF,FF,FF,64,5E,FF,FF,FF
102962,11837,0xCFF6600,1,8,CC,0B,FF,FF,FF,FF,FF,FF
102982,11838,0xCF00400,1,8,FF,FF,FF,B6,5E,FF,FF,FF
102982,11839,0xCFF6600,1,8,D6,0B,FF,FF,FF,FF,FF,FF
103002,11840,0xCF00400,1,8,FF,FF,FF,E4,5E,FF,FF,FF
103002,11841,0xCFF6600,1,8,DC,0B,FF,FF,FF,FF,FF,FF
103022,11842,0xCF00400,1,8,FF,FF,FF,CE,5E,FF,FF,FF
103022,11843,0xCFF6600,1,8,D9,0B,FF,FF,FF,FF,FF,FF
103042,11844,0xCF00400,1,8,FF,FF,FF,88,5E,FF,FF,FF
103042,11845,0xCFF6600,1,8,D1,0B,FF,FF,FF,FF,FF,FF
103053,11846,0x18FEF100,1,8,3F,00,00,FF,FF,FF,FF,FF
103053,11847,0x18F00500,1,8,FF,FF,FF,FF,20,2D,FF,FF
103054,11848,0x18FEF200,1,8,21,00,00,00,00,00,00,FF
103062,11849,0xCF00400,1,8,FF,FF,FF,54,5E,FF,FF,FF
103062,11850,0xCFF6600,1,8,CA,0B,FF,FF,FF,FF,FF,FF
103082,11851,0xCF00400,1,8,FF,FF,FF,32,5E,FF,FF,FF
103082,11852,0xCFF6600,1,8,C6,0B,FF,FF,FF,FF,FF,FF
103102,11853,0xCF00400,1,8,FF,FF,FF,0E,5E,FF,FF,FF
103102,11854,0xCFF6600,1,8,C1,0B,FF,FF,FF,FF,FF,FF
103122,11855,0xCF00400,1,8,FF,FF,FF,E8,5D,FF,FF,FF
103122,11856,0xCFF6600,1,8,BD,0B,FF,FF,FF,FF,FF,FF
103142,11857,0xCF00400,1,8,FF,FF,FF,F2,5D,FF,FF,FF
103142,11858,0xCFF6600,1,8,BE,0B,FF,FF,FF,FF,FF,FF
103153,11859,0x18FEF100,1,8,3F,00,00,FF,FF,FF,FF,FF
103153,11860,0x10FF6500,1,8,FC,FF,FF,FF,FF,FF,FF,FF
103154,11861,0x18F00500,1,8,FF,FF,FF,FF,20,2D,FF,FF
103154,11862,0x18F00600,1,8,FF,FF,FF,FF,FF,FF,FF,FF
103155,11863,0x18FEF200,1,8,21,00,00,00,00,00,00,FF
103156,11864,0x1CFDDF00,1,8,FE,FF,FF,FF,FF,FF,FF,FF
103156,11865,0x1CFF6A00,1,8,FC,FF,FF,FF,FF,FF,FF,FF
103162,11866,0xCF00400,1,8,FF,FF,FF,1C,5E,FF,FF,FF
103162,11867,0xCFF6600,1,8,C3,0B,FF,FF,FF,FF,FF,FF
103182,11868,0xCF00400,1,8,FF,FF,FF,F8,5D,FF,FF,FF
103182,11869,0xCFF6600,1,8,BF,0B,FF,FF,FF,FF,FF,FF
103202,11870,0xCF00400,1,8,FF,FF,FF,9C,5D,FF,FF,FF
103202,11871,0xCFF6600,1,8,B3,0B,FF,FF,FF,FF,FF,FF
103222,11872,0xCF00400,1,8,FF,FF,FF,94,5D,FF,FF,FF
103222,11873,0xCFF6600,1,8,B2,0B,FF,FF,FF,FF,FF,FF
103242,11874,0xCF00400,1,8,FF,FF,FF,BC,5D,FF,FF,FF
103242,11875,0xCFF6600,1,8,B7,0B,FF,FF,FF,FF,FF,FF
103253,11876,0x18FEF100,1,8,3F,00,00,FF,FF,FF,FF,FF
103253,11877,0x18F00500,1,8,FF,FF,FF,FF,20,2D,FF,FF
103254,11878,0x18FEF200,1,8,21,00,00,00,00,00,00,FF
103262,11879,0xCF00400,1,8,FF,FF,FF,FE,5D,FF,FF,FF
103262,11880,0xCFF6600,1,8,BF,0B,FF,FF,FF,FF,FF,FF
103282,11881,0xCF00400,1,8,FF,FF,FF,50,5E,FF,FF,FF
103282,11882,0xCFF6600,1,8,CA,0B,FF,FF,FF,FF,FF,FF
103302,11883,0xCF00400,1,8,FF,FF,FF,66,5E,FF,FF,FF
103302,11884,0xCFF6600,1,8,CC,0B,FF,FF,FF,FF,FF,FF
103322,11885,0xCF00400,1,8,FF,FF,FF,5C,5E,FF,FF,FF
103322,11886,0xCFF6600,1,8,CB,0B,FF,FF,FF,FF,FF,FF
103342,11887,0xCF00400,1,8,FF,FF,FF,74,5E,FF,FF,FF
103342,11888,0xCFF6600,1,8,CE,0B,FF,FF,FF,FF,FF,FF
103353,11889,0x18FEF100,1,8,3F,00,00,FF,FF,FF,FF,FF
103354,11890,0x10FF6500,1,8,FC,FF,FF,FF,FF,FF,FF,FF
103354,11891,0x18F00500,1,8,FF,FF,FF,FF,20,2D,FF,FF
103355,11892,0x18FEF200,1,8,21,00,00,00,00,00,00,FF
103362,11893,0xCF00400,1,8,FF,FF,FF,9C,5E,FF,FF,FF
103362,11894,0xCFF6600,1,8,D3,0B,FF,FF,FF,FF,FF,FF
103382,11895,0xCF00400,1,8,FF,FF,FF,98,5E,FF,FF,FF
103382,11896,0xCFF6600,1,8,D3,0B,FF,FF,FF,FF,FF,FF
103402,11897,0xCF00400,1,8,FF,FF,FF,7A,5E,FF,FF,FF
103402,11898,0xCFF6600,1,8,CF,0B,FF,FF,FF,FF,FF,FF
103422,11899,0xCF00400,1,8,FF,FF,FF,78,5E,FF,FF,FF
103422,11900,0xCFF6600,1,8,CF,0B,FF,FF,FF,FF,FF,FF
103442,11901,0xCF00400,1,8,FF,FF,FF,88,5E,FF,FF,FF
103442,11902,0xCFF6600,1,8,D1,0B,FF,FF,FF,FF,FF,FF
103453,11903,0x18FEF100,1,8,3F,00,00,FF,FF,FF,FF,FF
103454,11904,0x18F00500,1,8,FF,FF,FF,FF,20,2D,FF,FF
103454,11905,0x18FEF200,1,8,21,00,00,00,00,00,00,FF
103462,11906,0xCF00400,1,8,FF,FF,FF,90,5E,FF,FF,FF
103463,11907,0xCFF6600,1,8,D2,0B,FF,FF,FF,FF,FF,FF
103482,11908,0xCF00400,1,8,FF,FF,FF,8C,5E,FF,FF,FF
103483,11909,0xCFF6600,1,8,D1,0B,FF,FF,FF,FF,FF,FF
103502,11910,0xCF00400,1,8,FF,FF,FF,90,5E,FF,FF,FF
103503,11911,0xCFF6600,1,8,D2,0B,FF,FF,FF,FF,FF,FF
103522,11912,0xCF00400,1,8,FF,FF,FF,90,5E,FF,FF,FF
103523,11913,0xCFF6600,1,8,D2,0B,FF,FF,FF,FF,FF,FF
103542,11914,0xCF00400,1,8,FF,FF,FF,A2,5E,FF,FF,FF
103543,11915,0xCFF6600,1,8,D4,0B,FF,FF,FF,FF,FF,FF
103553,11916,0x18FEF100,1,8,3F,00,00,FF,FF,FF,FF,FF
103554,11917,0x10FF6500,1,8,FC,FF,FF,FF,FF,FF,FF,FF
103554,11918,0x18F00500,1,8,FF,FF,FF,FF,20,2D,FF,FF
103555,11919,0x18FEF200,1,8,21,00,00,00,00,00,00,FF
103562,11920,0xCF00400,1,8,FF,FF,FF,C2,5E,FF,FF,FF
103563,11921,0xCFF6600,1,8,D8,0B,FF,FF,FF,FF,FF,FF
103582,11922,0xCF00400,1,8,FF,FF,FF,B8,5E,FF,FF,FF
103582,11923,0xCFF6600,1,8,D7,0B,FF,FF,FF,FF,FF,FF
103602,11924,0xCF00400,1,8,FF,FF,FF,9E,5E,FF,FF,FF
103603,11925,0xCFF6600,1,8,D3,0B,FF,FF,FF,FF,FF,FF
103622,11926,0xCF00400,1,8,FF,FF,FF,68,5E,FF,FF,FF
103622,11927,0xCFF6600,1,8,CD,0B,FF,FF,FF,FF,FF,FF
103642,11928,0xCF00400,1,8,FF,FF,FF,16,5E,FF,FF,FF
103642,11929,0xCFF6600,1,8,C2,0B,FF,FF,FF,FF,FF,FF
103653,11930,0x18FEF100,1,8,3F,00,00,FF,FF,FF,FF,FF
103653,11931,0x18F00500,1,8,FF,FF,FF,FF,20,2D,FF,FF
103654,11932,0x18F00600,1,8,FF,FF,FF,FF,FF,FF,FF,FF
103655,11933,0x18FEF200,1,8,21,00,00,00,00,00,00,FF
103655,11934,0x1CFDDF00,1,8,FE,FF,FF,FF,FF,FF,FF,FF
103656,11935,0x1CFF6A00,1,8,FC,FF,FF,FF,FF,FF,FF,FF
103662,11936,0xCF00400,1,8,FF,FF,FF,D8,5D,FF,FF,FF
103662,11937,0xCFF6600,1,8,BB,0B,FF,FF,FF,FF,FF,FF
103682,11938,0xCF00400,1,8,FF,FF,FF,A6,5D,FF,FF,FF
103683,11939,0xCFF6600,1,8,B4,0B,FF,FF,FF,FF,FF,FF
103702,11940,0xCF00400,1,8,FF,FF,FF,B2,5D,FF,FF,FF
103702,11941,0xCFF6600,1,8,B6,0B,FF,FF,FF,FF,FF,FF
103722,11942,0xCF00400,1,8,FF,FF,FF,E4,5D,FF,FF,FF
103722,11943,0xCFF6600,1,8,BC,0B,FF,FF,FF,FF,FF,FF
103742,11944,0xCF00400,1,8,FF,FF,FF,EC,5D,FF,FF,FF
103742,11945,0xCFF6600,1,8,BD,0B,FF,FF,FF,FF,FF,FF
103753,11946,0x18FEF100,1,8,3F,00,00,FF,FF,FF,FF,FF
103753,11947,0x10FF6500,1,8,FC,FF,FF,FF,FF,FF,FF,FF
103754,11948,0x18F00500,1,8,FF,FF,FF,FF,20,2D,FF,FF
103755,11949,0x18FEF200,1,8,21,00,00,00,00,00,00,FF
103762,11950,0xCF00400,1,8,FF,FF,FF,E0,5D,FF,FF,FF
103762,11951,0xCFF6600,1,8,BC,0B,FF,FF,FF,FF,FF,FF
103782,11952,0xCF00400,1,8,FF,FF,FF,C4,5D,FF,FF,FF
103782,11953,0xCFF6600,1,8,B8,0B,FF,FF,FF,FF,FF,FF
103802,11954,0xCF00400,1,8,FF,FF,FF,98,5D,FF,FF,FF
103802,11955,0xCFF6600,1,8,B3,0B,FF,FF,FF,FF,FF,FF
103812,11956,0x18FEEE00,1,8,4D,FF,FF,FF,FF,FF,FF,FF
103812,11957,0x18FDE500,1,8,0A,14,1E,28,32,3C,46,13
103822,11958,0xCF00400,1,8,FF,FF,FF,A2,5D,FF,FF,FF
103822,11959,0xCFF6600,1,8,B4,0B,FF,FF,FF,FF,FF,FF
103832,11960,0x1CECFF00,1,8,20,0E,00,02,FF,CA,FE,00
103842,11961,0xCF00400,1,8,FF,FF,FF,D4,5D,FF,FF,FF
103842,11962,0xCFF6600,1,8,BA,0B,FF,FF,FF,FF,FF,FF
103853,11963,0x18FEF100,1,8,3F,00,00,FF,FF,FF,FF,FF
103853,11964,0x18F00500,1,8,FF,FF,FF,FF,20,2D,FF,FF
103854,11965,0x18FEF200,1,8,20,00,00,00,00,00,00,FF
103862,11966,0xCF00400,1,8,FF,FF,FF,D0,5D,FF,FF,FF
103862,11967,0xCFF6600,1,8,BA,0B,FF,FF,FF,FF,FF,FF
103882,11968,0xCF00400,1,8,FF,FF,FF,AE,5D,FF,FF,FF
103882,11969,0xCFF6600,1,8,B5,0B,FF,FF,FF,FF,FF,FF
103883,11970,0x1CEBFF00,1,8,01,40,FF,0F,F0,E5,01,02
103902,11971,0xCF00400,1,8,FF,FF,FF,8E,5D,FF,FF,FF
103902,11972,0xCFF6600,1,8,B1,0B,FF,FF,FF,FF,FF,FF
103922,11973,0xCF00400,1,8,FF,FF,FF,68,5D,FF,FF,FF
103923,11974,0xCFF6600,1,8,AD,0B,FF,FF,FF,FF,FF,FF
103932,11975,0x1CEBFF00,1,8,02,F0,E3,02,6E,00,03,01
103942,11976,0xCF00400,1,8,FF,FF,FF,26,5D,FF,FF,FF
103943,11977,0xCFF6600,1,8,A4,0B,FF,FF,FF,FF,FF,FF
103953,11978,0x18FEF100,1,8,3F,00,00,FF,FF,FF,FF,FF
103954,11979,0x10FF6500,1,8,FC,FF,FF,FF,FF,FF,FF,FF
103954,11980,0x18F00500,1,8,FF,FF,FF,FF,20,2D,FF,FF
103955,11981,0x18FEF200,1,8,20,00,00,00,00,00,00,FF
103962,11982,0xCF00400,1,8,FF,FF,FF,D4,5C,FF,FF,FF
103963,11983,0xCFF6600,1,8,9A,0B,FF,FF,FF,FF,FF,FF
103982,11984,0xCF00400,1,8,FF,FF,FF,24,5C,FF,FF,FF
103983,11985,0xCFF6600,1,8,84,0B,FF,FF,FF,FF,FF,FF
104002,11986,0xCF00400,1,8,FF,FF,FF,22,5B,FF,FF,FF
104002,11987,0xCFF6600,1,8,64,0B,FF,FF,FF,FF,FF,FF
104022,11988,0xCF00400,1,8,FF,FF,FF,54,5A,FF,FF,FF
104022,11989,0xCFF6600,1,8,4A,0B,FF,FF,FF,FF,FF,FF
104042,11990,0xCF00400,1,8,FF,FF,FF,A6,59,FF,FF,FF
104042,11991,0xCFF6600,1,8,34,0B,FF,FF,FF,FF,FF,FF
104053,11992,0x18FEF100,1,8,3F,00,00,FF,FF,FF,FF,FF
104053,11993,0x18F00500,1,8,FF,FF,FF,FF,20,2D,FF,FF
104054,11994,0x18FEF200,1,8,20,00,00,00,00,00,00,FF
104062,11995,0xCF00400,1,8,FF,FF,FF,0A,59,FF,FF,FF
104062,11996,0xCFF6600,1,8,21,0B,FF,FF,FF,FF,FF,FF
104082,11997,0xCF00400,1,8,FF,FF,FF,7A,58,FF,FF,FF
104082,11998,0xCFF6600,1,8,0F,0B,FF,FF,FF,FF,FF,FF
104102,11999,0xCF00400,1,8,FF,FF,FF,D6,57,FF,FF,FF
104102,12000,0xCFF6600,1,8,FA,0A,FF,FF,FF,FF,FF,FF
104122,12001,0xCF00400,1,8,FF,FF,FF,1E,57,FF,FF,FF
104122,12002,0xCFF6600,1,8,E3,0A,FF,FF,FF,FF,FF,FF
104142,12003,0xCF00400,1,8,FF,FF,FF,98,56,FF,FF,FF
104143,12004,0xCFF6600,1,8,D3,0A,FF,FF,FF,FF,FF,FF
104153,12005,0x18FEF100,1,8,3F,00,00,FF,FF,FF,FF,FF
104154,12006,0x10FF6500,1,8,FC,FF,FF,FF,FF,FF,FF,FF
104154,12007,0x18F00500,1,8,FF,FF,FF,FF,20,2D,FF,FF
104155,12008,0x18F00600,1,8,FF,FF,FF,FF,FF,FF,FF,FF
104155,12009,0x18FEF200,1,8,20,00,00,00,00,00,00,FF
104156,12010,0x1CFDDF00,1,8,FE,FF,FF,FF,FF,FF,FF,FF
104157,12011,0x1CFF6A00,1,8,FC,FF,FF,FF,FF,FF,FF,FF
104162,12012,0xCF00400,1,8,FF,FF,FF,98,56,FF,FF,FF
104162,12013,0xCFF6600,1,8,D3,0A,FF,FF,FF,FF,FF,FF
104182,12014,0xCF00400,1,8,FF,FF,FF,40,56,FF,FF,FF
104182,12015,0xCFF6600,1,8,C8,0A,FF,FF,FF,FF,FF,FF
104202,12016,0xCF00400,1,8,FF,FF,FF,38,56,FF,FF,FF
104202,12017,0xCFF6600,1,8,C7,0A,FF,FF,FF,FF,FF,FF
104222,12018,0xCF00400,1,8,FF,FF,FF,70,56,FF,FF,FF
104222,12019,0xCFF6600,1,8,CE,0A,FF,FF,FF,FF,FF,FF
104242,12020,0xCF00400,1,8,FF,FF,FF,AA,56,FF,FF,FF
104242,12021,0xCFF6600,1,8,D5,0A,FF,FF,FF,FF,FF,FF
104253,12022,0x18FEF100,1,8,3F,00,00,FF,FF,FF,FF,FF
104254,12023,0x18F00500,1,8,FF,FF,FF,FF,20,2D,FF,FF
104254,12024,0x18FEF200,1,8,20,00,00,00,00,00,00,FF
104262,12025,0xCF00400,1,8,FF,FF,FF,E2,56,FF,FF,FF
104262,12026,0xCFF6600,1,8,DC,0A,FF,FF,FF,FF,FF,FF
104282,12027,0xCF00400,1,8,FF,FF,FF,C8,56,FF,FF,FF
104283,12028,0xCFF6600,1,8,D9,0A,FF,FF,FF,FF,FF,FF
104302,12029,0xCF00400,1,8,FF,FF,FF,76,56,FF,FF,FF
104302,12030,0xCFF6600,1,8,CE,0A,FF,FF,FF,FF,FF,FF
104322,12031,0xCF00400,1,8,FF,FF,FF,2C,56,FF,FF,FF
104322,12032,0xCFF6600,1,8,C5,0A,FF,FF,FF,FF,FF,FF
104342,12033,0xCF00400,1,8,FF,FF,FF,E6,55,FF,FF,FF
104342,12034,0xCFF6600,1,8,BC,0A,FF,FF,FF,FF,FF,FF
104353,12035,0x18FEF100,1,8,3F,00,00,FF,FF,FF,FF,FF
104353,12036,0x10FF6500,1,8,FC,FF,FF,FF,FF,FF,FF,FF
104354,12037,0x18F00500,1,8,FF,FF,FF,FF,20,2D,FF,FF
104354,12038,0x18FEF200,1,8,20,00,00,00,00,00,00,FF
104362,12039,0xCF00400,1,8,FF,FF,FF,9E,55,FF,FF,FF
104362,12040,0xCFF6600,1,8,B3,0A,FF,FF,FF,FF,FF,FF
104382,12041,0xCF00400,1,8,FF,FF,FF,54,55,FF,FF,FF
104383,12042,0xCFF6600,1,8,AA,0A,FF,FF,FF,FF,FF,FF
104402,12043,0xCF00400,1,8,FF,FF,FF,54,55,FF,FF,FF
104402,12044,0xCFF6600,1,8,AA,0A,FF,FF,FF,FF,FF,FF
104422,12045,0xCF00400,1,8,FF,FF,FF,0C,55,FF,FF,FF
104422,12046,0xCFF6600,1,8,A1,0A,FF,FF,FF,FF,FF,FF
104442,12047,0xCF00400,1,8,FF,FF,FF,C2,54,FF,FF,FF
104442,12048,0xCFF6600,1,8,98,0A,FF,FF,FF,FF,FF,FF
104453,12049,0x18FEF100,1,8,3F,00,00,FF,FF,FF,FF,FF
104453,12050,0x18F00500,1,8,FF,FF,FF,FF,20,2D,FF,FF
104454,12051,0x18FEF200,1,8,20,00,00,00,00,00,00,FF
104462,12052,0xCF00400,1,8,FF,FF,FF,90,54,FF,FF,FF
104462,12053,0xCFF6600,1,8,92,0A,FF,FF,FF,FF,FF,FF
104482,12054,0xCF00400,1,8,FF,FF,FF,70,54,FF,FF,FF
104482,12055,0xCFF6600,1,8,8E,0A,FF,FF,FF,FF,FF,FF
104502,12056,0xCF00400,1,8,FF,FF,FF,5E,54,FF,FF,FF
104502,12057,0xCFF6600,1,8,8B,0A,FF,FF,FF,FF,FF,FF
104522,12058,0xCF00400,1,8,FF,FF,FF,52,54,FF,FF,FF
104522,12059,0xCFF6600,1,8,8A,0A,FF,FF,FF,FF,FF,FF
104542,12060,0xCF00400,1,8,FF,FF,FF,58,54,FF,FF,FF
104542,12061,0xCFF6600,1,8,8B,0A,FF,FF,FF,FF,FF,FF
104553,12062,0x18FEF100,1,8,3F,00,00,FF,FF,FF,FF,FF
104553,12063,0x18F00500,1,8,FF,FF,FF,FF,20,2D,FF,FF
104554,12064,0x10FF6500,1,8,FC,FF,FF,FF,FF,FF,FF,FF
104554,12065,0x18FEF200,1,8,20,00,00,00,00,00,00,FF
104562,12066,0xCF00400,1,8,FF,FF,FF,68,54,FF,FF,FF
104562,12067,0xCFF6600,1,8,8D,0A,FF,FF,FF,FF,FF,FF
104582,12068,0xCF00400,1,8,FF,FF,FF,B6,54,FF,FF,FF
104582,12069,0xCFF6600,1,8,96,0A,FF,FF,FF,FF,FF,FF
104602,12070,0xCF00400,1,8,FF,FF,FF,2A,55,FF,FF,FF
104603,12071,0xCFF6600,1,8,A5,0A,FF,FF,FF,FF,FF,FF
104622,12072,0xCF00400,1,8,FF,FF,FF,2A,55,FF,FF,FF
104622,12073,0xCFF6600,1,8,A5,0A,FF,FF,FF,FF,FF,FF
104642,12074,0xCF00400,1,8,FF,FF,FF,52,55,FF,FF,FF
104642,12075,0xCFF6600,1,8,AA,0A,FF,FF,FF,FF,FF,FF
104653,12076,0x18FEF100,1,8,3F,00,00,FF,FF,FF,FF,FF
104653,12077,0x18F00500,1,8,FF,FF,FF,FF,20,2D,FF,FF
104654,12078,0x18F00600,1,8,FF,FF,FF,FF,FF,FF,FF,FF
104655,12079,0x18FEF200,1,8,20,00,00,00,00,00,00,FF
104655,12080,0x1CFDDF00,1,8,FE,FF,FF,FF,FF,FF,FF,FF
104656,12081,0x1CFF6A00,1,8,FC,FF,FF,FF,FF,FF,FF,FF
104662,12082,0xCF00400,1,8,FF,FF,FF,44,55,FF,FF,FF
104662,12083,0xCFF6600,1,8,A8,0A,FF,FF,FF,FF,FF,FF
104682,12084,0xCF00400,1,8,FF,FF,FF,24,55,FF,FF,FF
104682,12085,0xCFF6600,1,8,A4,0A,FF,FF,FF,FF,FF,FF
104702,12086,0xCF00400,1,8,FF,FF,FF,EE,54,FF,FF,FF
104703,12087,0xCFF6600,1,8,9D,0A,FF,FF,FF,FF,FF,FF
104722,12088,0xCF00400,1,8,FF,FF,FF,E2,54,FF,FF,FF
104722,12089,0xCFF6600,1,8,9C,0A,FF,FF,FF,FF,FF,FF
104742,12090,0xCF00400,1,8,FF,FF,FF,F6,54,FF,FF,FF
104742,12091,0xCFF6600,1,8,9E,0A,FF,FF,FF,FF,FF,FF
104743,12092,0x18FEFC17,1,8,FF,1F,FF,FF,FF,FF,FF,FF
104753,12093,0x18FEF100,1,8,3F,00,00,FF,FF,FF,FF,FF
104753,12094,0x10FF6500,1,8,FC,FF,FF,FF,FF,FF,FF,FF
104754,12095,0x18F00500,1,8,FF,FF,FF,FF,20,2D,FF,FF
104754,12096,0x18FEF200,1,8,20,00,00,00,00,00,00,FF
104762,12097,0xCF00400,1,8,FF,FF,FF,28,55,FF,FF,FF
104762,12098,0xCFF6600,1,8,A5,0A,FF,FF,FF,FF,FF,FF
104763,12099,0x18FEF517,1,8,FF,FF,FF,20,1D,FF,FF,FF
104782,12100,0xCF00400,1,8,FF,FF,FF,6E,55,FF,FF,FF
104782,12101,0xCFF6600,1,8,AD,0A,FF,FF,FF,FF,FF,FF
104786,12102,0x18FEC117,1,8,F0,1D,00,00,03,1E,00,00
104802,12103,0xCF00400,1,8,FF,FF,FF,A4,55,FF,FF,FF
104802,12104,0xCFF6600,1,8,B4,0A,FF,FF,FF,FF,FF,FF
104812,12105,0x18FEEE00,1,8,4D,FF,FF,FF,FF,FF,FF,FF
104812,12106,0x18FDE500,1,8,0A,14,1E,28,32,3C,46,13
104822,12107,0xCF00400,1,8,FF,FF,FF,D4,55,FF,FF,FF
104823,12108,0xCFF6600,1,8,BA,0A,FF,FF,FF,FF,FF,FF
104831,12109,0x1CECFF00,1,8,20,0E,00,02,FF,CA,FE,00
104842,12110,0xCF00400,1,8,FF,FF,FF,D4,55,FF,FF,FF
104842,12111,0xCFF6600,1,8,BA,0A,FF,FF,FF,FF,FF,FF
104853,12112,0x18FEF100,1,8,3F,00,00,FF,FF,FF,FF,FF
104853,12113,0x18F00500,1,8,FF,FF,FF,FF,20,2D,FF,FF
104854,12114,0x18FEF200,1,8,1F,00,00,00,00,00,00,FF
104862,12115,0xCF00400,1,8,FF,FF,FF,2A,56,FF,FF,FF
104862,12116,0xCFF6600,1,8,C5,0A,FF,FF,FF,FF,FF,FF
104882,12117,0xCF00400,1,8,FF,FF,FF,A0,56,FF,FF,FF
104882,12118,0xCFF6600,1,8,D4,0A,FF,FF,FF,FF,FF,FF
104883,12119,0x1CEBFF00,1,8,01,40,FF,0F,F0,E5,01,02
104902,12120,0xCF00400,1,8,FF,FF,FF,F4,56,FF,FF,FF
104902,12121,0xCFF6600,1,8,DE,0A,FF,FF,FF,FF,FF,FF
104922,12122,0xCF00400,1,8,FF,FF,FF,34,57,FF,FF,FF
104922,12123,0xCFF6600,1,8,E6,0A,FF,FF,FF,FF,FF,FF
104931,12124,0x1CEBFF00,1,8,02,F0,E3,02,6E,00,03,01
104942,12125,0xCF00400,1,8,FF,FF,FF,78,57,FF,FF,FF
104942,12126,0xCFF6600,1,8,EF,0A,FF,FF,FF,FF,FF,FF
104953,12127,0x18FEF100,1,8,3F,00,00,FF,FF,FF,FF,FF
104954,12128,0x10FF6500,1,8,FC,FF,FF,FF,FF,FF,FF,FF
104954,12129,0x18F00500,1,8,FF,FF,FF,FF,20,2D,FF,FF
104955,12130,0x18FEF200,1,8,1F,00,00,00,00,00,00,FF
104962,12131,0xCF00400,1,8,FF,FF,FF,BA,57,FF,FF,FF
104963,12132,0xCFF6600,1,8,F7,0A,FF,FF,FF,FF,FF,FF
104982,12133,0xCF00400,1,8,FF,FF,FF,E6,57,FF,FF,FF
104982,12134,0xCFF6600,1,8,FC,0A,FF,FF,FF,FF,FF,FF
105002,12135,0xCF00400,1,8,FF,FF,FF,FA,57,FF,FF,FF
105002,12136,0xCFF6600,1,8,FF,0A,FF,FF,FF,FF,FF,FF
105022,12137,0xCF00400,1,8,FF,FF,FF,3C,58,FF,FF,FF
105022,12138,0xCFF6600,1,8,07,0B,FF,FF,FF,FF,FF,FF
105042,12139,0xCF00400,1,8,FF,FF,FF,A0,58,FF,FF,FF
105042,12140,0xCFF6600,1,8,14,0B,FF,FF,FF,FF,FF,FF
105053,12141,0x18FEF100,1,8,3F,00,00,FF,FF,FF,FF,FF
105053,12142,0x18F00500,1,8,FF,FF,FF,FF,20,2D,FF,FF
105054,12143,0x18FEF200,1,8,1F,00,00,00,00,00,00,FF
105062,12144,0xCF00400,1,8,FF,FF,FF,1E,59,FF,FF,FF
105063,12145,0xCFF6600,1,8,23,0B,FF,FF,FF,FF,FF,FF
105082,12146,0xCF00400,1,8,FF,FF,FF,A2,59,FF,FF,FF
105082,12147,0xCFF6600,1,8,34,0B,FF,FF,FF,FF,FF,FF
105102,12148,0xCF00400,1,8,FF,FF,FF,14,5A,FF,FF,FF
105102,12149,0xCFF6600,1,8,42,0B,FF,FF,FF,FF,FF,FF
105122,12150,0xCF00400,1,8,FF,FF,FF,7E,5A,FF,FF,FF
105122,12151,0xCFF6600,1,8,4F,0B,FF,FF,FF,FF,FF,FF
105142,12152,0xCF00400,1,8,FF,FF,FF,90,5A,FF,FF,FF
105142,12153,0xCFF6600,1,8,52,0B,FF,FF,FF,FF,FF,FF
105153,12154,0x18FEF100,1,8,3F,00,00,FF,FF,FF,FF,FF
105153,12155,0x10FF6500,1,8,FC,FF,FF,FF,FF,FF,FF,FF
105154,12156,0x18F00500,1,8,FF,FF,FF,FF,20,2D,FF,FF
105154,12157,0x18F00600,1,8,FF,FF,FF,FF,FF,FF,FF,FF
105155,12158,0x18FEF200,1,8,1F,00,00,00,00,00,00,FF
105156,12159,0x1CFDDF00,1,8,FE,FF,FF,FF,FF,FF,FF,FF
105156,12160,0x1CFF6A00,1,8,FC,FF,FF,FF,FF,FF,FF,FF
105162,12161,0xCF00400,1,8,FF,FF,FF,6C,5A,FF,FF,FF
105163,12162,0xCFF6600,1,8,4D,0B,FF,FF,FF,FF,FF,FF
105182,12163,0xCF00400,1,8,FF,FF,FF,6E,5A,FF,FF,FF
105183,12164,0xCFF6600,1,8,4D,0B,FF,FF,FF,FF,FF,FF
105202,12165,0xCF00400,1,8,FF,FF,FF,88,5A,FF,FF,FF
105203,12166,0xCFF6600,1,8,51,0B,FF,FF,FF,FF,FF,FF
105222,12167,0xCF00400,1,8,FF,FF,FF,88,5A,FF,FF,FF
105222,12168,0xCFF6600,1,8,51,0B,FF,FF,FF,FF,FF,FF
105242,12169,0xCF00400,1,8,FF,FF,FF,78,5A,FF,FF,FF
105242,12170,0xCFF6600,1,8,4F,0B,FF,FF,FF,FF,FF,FF
105253,12171,0x18FEF100,1,8,3F,00,00,FF,FF,FF,FF,FF
105253,12172,0x18F00500,1,8,FF,FF,FF,FF,20,2D,FF,FF
105254,12173,0x18FEF200,1,8,1F,00,00,00,00,00,00,FF
105262,12174,0xCF00400,1,8,FF,FF,FF,50,5A,FF,FF,FF
105262,12175,0xCFF6600,1,8,4A,0B,FF,FF,FF,FF,FF,FF
105282,12176,0xCF00400,1,8,FF,FF,FF,68,5A,FF,FF,FF
105282,12177,0xCFF6600,1,8,4D,0B,FF,FF,FF,FF,FF,FF
105302,12178,0xCF00400,1,8,FF,FF,FF,AC,5A,FF,FF,FF
105302,12179,0xCFF6600,1,8,55,0B,FF,FF,FF,FF,FF,FF
105322,12180,0xCF00400,1,8,FF,FF,FF,A4,5A,FF,FF,FF
105322,12181,0xCFF6600,1,8,54,0B,FF,FF,FF,FF,FF,FF
105342,12182,0xCF00400,1,8,FF,FF,FF,6C,5A,FF,FF,FF
105342,12183,0xCFF6600,1,8,4D,0B,FF,FF,FF,FF,FF,FF
105353,12184,0x18FEF100,1,8,3F,00,00,FF,FF,FF,FF,FF
105353,12185,0x10FF6500,1,8,FC,FF,FF,FF,FF,FF,FF,FF
105354,12186,0x18F00500,1,8,FF,FF,FF,FF,20,2D,FF,FF
105354,12187,0x18FEF200,1,8,1F,00,00,00,00,00,00,FF
105362,12188,0xCF00400,1,8,FF,FF,FF,8E,5A,FF,FF,FF
105362,12189,0xCFF6600,1,8,51,0B,FF,FF,FF,FF,FF,FF
105382,12190,0xCF00400,1,8,FF,FF,FF,E8,5A,FF,FF,FF
105382,12191,0xCFF6600,1,8,5D,0B,FF,FF,FF,FF,FF,FF
105402,12192,0xCF00400,1,8,FF,FF,FF,5E,5B,FF,FF,FF
105402,12193,0xCFF6600,1,8,6B,0B,FF,FF,FF,FF,FF,FF
105422,12194,0xCF00400,1,8,FF,FF,FF,E0,5B,FF,FF,FF
105422,12195,0xCFF6600,1,8,7C,0B,FF,FF,FF,FF,FF,FF
105442,12196,0xCF00400,1,8,FF,FF,FF,2C,5C,FF,FF,FF
105442,12197,0xCFF6600,1,8,85,0B,FF,FF,FF,FF,FF,FF
105453,12198,0x18FEF100,1,8,3F,00,00,FF,FF,FF,FF,FF
105453,12199,0x18F00500,1,8,FF,FF,FF,FF,20,2D,FF,FF
105454,12200,0x18FEF200,1,8,1F,00,00,00,00,00,00,FF
105462,12201,0xCF00400,1,8,FF,FF,FF,58,5C,FF,FF,FF
105462,12202,0xCFF6600,1,8,8B,0B,FF,FF,FF,FF,FF,FF
105482,12203,0xCF00400,1,8,FF,FF,FF,78,5C,FF,FF,FF
105482,12204,0xCFF6600,1,8,8F,0B,FF,FF,FF,FF,FF,FF
105502,12205,0xCF00400,1,8,FF,FF,FF,90,5C,FF,FF,FF
105502,12206,0xCFF6600,1,8,92,0B,FF,FF,FF,FF,FF,FF
105522,12207,0xCF00400,1,8,FF,FF,FF,AC,5C,FF,FF,FF
105522,12208,0xCFF6600,1,8,95,0B,FF,FF,FF,FF,FF,FF
105542,12209,0xCF00400,1,8,FF,FF,FF,CC,5C,FF,FF,FF
105542,12210,0xCFF6600,1,8,99,0B,FF,FF,FF,FF,FF,FF
105553,12211,0x18FEF100,1,8,3F,00,00,FF,FF,FF,FF,FF
105553,12212,0x10FF6500,1,8,FC,FF,FF,FF,FF,FF,FF,FF
105554,12213,0x18F00500,1,8,FF,FF,FF,FF,20,2D,FF,FF
105555,12214,0x18FEF200,1,8,1F,00,00,00,00,00,00,FF
105562,12215,0xCF00400,1,8,FF,FF,FF,1E,5D,FF,FF,FF
105562,12216,0xCFF6600,1,8,A3,0B,FF,FF,FF,FF,FF,FF
105582,12217,0xCF00400,1,8,FF,FF,FF,90,5D,FF,FF,FF
105582,12218,0xCFF6600,1,8,B2,0B,FF,FF,FF,FF,FF,FF
105602,12219,0xCF00400,1,8,FF,FF,FF,8A,5D,FF,FF,FF
105602,12220,0xCFF6600,1,8,B1,0B,FF,FF,FF,FF,FF,FF
105622,12221,0xCF00400,1,8,FF,FF,FF,34,5D,FF,FF,FF
105622,12222,0xCFF6600,1,8,A6,0B,FF,FF,FF,FF,FF,FF
105642,12223,0xCF00400,1,8,FF,FF,FF,00,5D,FF,FF,FF
105642,12224,0xCFF6600,1,8,A0,0B,FF,FF,FF,FF,FF,FF
105653,12225,0x18FEF100,1,8,3F,00,00,FF,FF,FF,FF,FF
105654,12226,0x18F00500,1,8,FF,FF,FF,FF,20,2D,FF,FF
105654,12227,0x18F00600,1,8,FF,FF,FF,FF,FF,FF,FF,FF
105655,12228,0x18FEF200,1,8,1F,00,00,00,00,00,00,FF
105656,12229,0x1CFDDF00,1,8,FE,FF,FF,FF,FF,FF,FF,FF
105656,12230,0x1CFF6A00,1,8,FC,FF,FF,FF,FF,FF,FF,FF
105662,12231,0xCF00400,1,8,FF,FF,FF,F4,5C,FF,FF,FF
105663,12232,0xCFF6600,1,8,9E,0B,FF,FF,FF,FF,FF,FF
105682,12233,0xCF00400,1,8,FF,FF,FF,F4,5C,FF,FF,FF
105683,12234,0xCFF6600,1,8,9E,0B,FF,FF,FF,FF,FF,FF
105702,12235,0xCF00400,1,8,FF,FF,FF,FC,5C,FF,FF,FF
105703,12236,0xCFF6600,1,8,9F,0B,FF,FF,FF,FF,FF,FF
105722,12237,0xCF00400,1,8,FF,FF,FF,EC,5C,FF,FF,FF
105723,12238,0xCFF6600,1,8,9D,0B,FF,FF,FF,FF,FF,FF
105742,12239,0xCF00400,1,8,FF,FF,FF,CC,5C,FF,FF,FF
105743,12240,0xCFF6600,1,8,99,0B,FF,FF,FF,FF,FF,FF
105753,12241,0x18FEF100,1,8,3F,00,00,FF,FF,FF,FF,FF
105754,12242,0x10FF6500,1,8,FC,FF,FF,FF,FF,FF,FF,FF
105754,12243,0x18F00500,1,8,FF,FF,FF,FF,20,2D,FF,FF
105755,12244,0x18FEF200,1,8,1F,00,00,00,00,00,00,FF
105762,12245,0xCF00400,1,8,FF,FF,FF,08,5D,FF,FF,FF
105763,12246,0xCFF6600,1,8,A1,0B,FF,FF,FF,FF,FF,FF
105782,12247,0xCF00400,1,8,FF,FF,FF,7E,5D,FF,FF,FF
105783,12248,0xCFF6600,1,8,AF,0B,FF,FF,FF,FF,FF,FF
105802,12249,0xCF00400,1,8,FF,FF,FF,DA,5D,FF,FF,FF
105803,12250,0xCFF6600,1,8,BB,0B,FF,FF,FF,FF,FF,FF
105812,12251,0x18FEEE00,1,8,4D,FF,FF,FF,FF,FF,FF,FF
105813,12252,0x18FDE500,1,8,0A,14,1E,28,32,3C,46,13
105822,12253,0xCF00400,1,8,FF,FF,FF,26,5E,FF,FF,FF
105823,12254,0xCFF6600,1,8,C4,0B,FF,FF,FF,FF,FF,FF
105832,12255,0x1CECFF00,1,8,20,0E,00,02,FF,CA,FE,00
105842,12256,0xCF00400,1,8,FF,FF,FF,3A,5E,FF,FF,FF
105843,12257,0xCFF6600,1,8,C7,0B,FF,FF,FF,FF,FF,FF
105853,12258,0x18FEF100,1,8,3F,00,00,FF,FF,FF,FF,FF
105854,12259,0x18F00500,1,8,FF,FF,FF,FF,20,2D,FF,FF
105854,12260,0x18FEF200,1,8,20,00,00,00,00,00,00,FF
105862,12261,0xCF00400,1,8,FF,FF,FF,2A,5E,FF,FF,FF
105863,12262,0xCFF6600,1,8,C5,0B,FF,FF,FF,FF,FF,FF
105882,12263,0xCF00400,1,8,FF,FF,FF,42,5E,FF,FF,FF
105883,12264,0xCFF6600,1,8,C8,0B,FF,FF,FF,FF,FF,FF
105883,12265,0x1CEBFF00,1,8,01,40,FF,0F,F0,E5,01,02
105902,12266,0xCF00400,1,8,FF,FF,FF,80,5E,FF,FF,FF
105903,12267,0xCFF6600,1,8,D0,0B,FF,FF,FF,FF,FF,FF
105922,12268,0xCF00400,1,8,FF,FF,FF,BE,5E,FF,FF,FF
105922,12269,0xCFF6600,1,8,D7,0B,FF,FF,FF,FF,FF,FF
105932,12270,0x1CEBFF00,1,8,02,F0,E3,02,6E,00,03,01
105942,12271,0xCF00400,1,8,FF,FF,FF,F4,5E,FF,FF,FF
105942,12272,0xCFF6600,1,8,DE,0B,FF,FF,FF,FF,FF,FF
105952,12273,0x18FEF100,1,8,3F,00,00,FF,FF,FF,FF,FF
105953,12274,0x10FF6500,1,8,FC,FF,FF,FF,FF,FF,FF,FF
105954,12275,0x18F00500,1,8,FF,FF,FF,FF,20,2D,FF,FF
105954,12276,0x18FEF200,1,8,20,00,00,00,00,00,00,FF
105962,12277,0xCF00400,1,8,FF,FF,FF,46,5F,FF,FF,FF
105962,12278,0xCFF6600,1,8,E8,0B,FF,FF,FF,FF,FF,FF
105982,12279,0xCF00400,1,8,FF,FF,FF,A8,5F,FF,FF,FF
105982,12280,0xCFF6600,1,8,F5,0B,FF,FF,FF,FF,FF,FF
106002,12281,0xCF00400,1,8,FF,FF,FF,FC,5F,FF,FF,FF
106002,12282,0xCFF6600,1,8,FF,0B,FF,FF,FF,FF,FF,FF
106022,12283,0xCF00400,1,8,FF,FF,FF,48,60,FF,FF,FF
106022,12284,0xCFF6600,1,8,09,0C,FF,FF,FF,FF,FF,FF
106042,12285,0xCF00400,1,8,FF,FF,FF,94,60,FF,FF,FF
106042,12286,0xCFF6600,1,8,12,0C,FF,FF,FF,FF,FF,FF
106053,12287,0x18FEF100,1,8,3F,00,00,FF,FF,FF,FF,FF
106053,12288,0x18F00500,1,8,FF,FF,FF,FF,20,2D,FF,FF
106054,12289,0x18FEF200,1,8,20,00,00,00,00,00,00,FF
106062,12290,0xCF00400,1,8,FF,FF,FF,DE,60,FF,FF,FF
106062,12291,0xCFF6600,1,8,1B,0C,FF,FF,FF,FF,FF,FF
106082,12292,0xCF00400,1,8,FF,FF,FF,06,61,FF,FF,FF
106082,12293,0xCFF6600,1,8,20,0C,FF,FF,FF,FF,FF,FF
106102,12294,0xCF00400,1,8,FF,FF,FF,18,61,FF,FF,FF
106102,12295,0xCFF6600,1,8,23,0C,FF,FF,FF,FF,FF,FF
106122,12296,0xCF00400,1,8,FF,FF,FF,44,61,FF,FF,FF
106122,12297,0xCFF6600,1,8,28,0C,FF,FF,FF,FF,FF,FF
106142,12298,0xCF00400,1,8,FF,FF,FF,86,61,FF,FF,FF
106142,12299,0xCFF6600,1,8,30,0C,FF,FF,FF,FF,FF,FF
106152,12300,0x18FEF100,1,8,3F,00,00,FF,FF,FF,FF,FF
106153,12301,0x10FF6500,1,8,FC,FF,FF,FF,FF,FF,FF,FF
106154,12302,0x18F00500,1,8,FF,FF,FF,FF,20,2D,FF,FF
106154,12303,0x18F00600,1,8,FF,FF,FF,FF,FF,FF,FF,FF
106155,12304,0x18FEF200,1,8,20,00,00,00,00,00,00,FF
106155,12305,0x1CFDDF00,1,8,FE,FF,FF,FF,FF,FF,FF,FF
106156,12306,0x1CFF6A00,1,8,FC,FF,FF,FF,FF,FF,FF,FF
106162,12307,0xCF00400,1,8,FF,FF,FF,A2,61,FF,FF,FF
106162,12308,0xCFF6600,1,8,34,0C,FF,FF,FF,FF,FF,FF
106182,12309,0xCF00400,1,8,FF,FF,FF,48,61,FF,FF,FF
106183,12310,0xCFF6600,1,8,29,0C,FF,FF,FF,FF,FF,FF
106202,12311,0xCF00400,1,8,FF,FF,FF,9A,60,FF,FF,FF
106203,12312,0xCFF6600,1,8,13,0C,FF,FF,FF,FF,FF,FF
106222,12313,0xCF00400,1,8,FF,FF,FF,40,60,FF,FF,FF
106223,12314,0xCFF6600,1,8,08,0C,FF,FF,FF,FF,FF,FF
106242,12315,0xCF00400,1,8,FF,FF,FF,26,60,FF,FF,FF
106242,12316,0xCFF6600,1,8,04,0C,FF,FF,FF,FF,FF,FF
106253,12317,0x18FEF100,1,8,3F,00,00,FF,FF,FF,FF,FF
106253,12318,0x18F00500,1,8,FF,FF,FF,FF,20,2D,FF,FF
106254,12319,0x18FEF200,1,8,20,00,00,00,00,00,00,FF
106262,12320,0xCF00400,1,8,FF,FF,FF,E8,5F,FF,FF,FF
106262,12321,0xCFF6600,1,8,FD,0B,FF,FF,FF,FF,FF,FF
106282,12322,0xCF00400,1,8,FF,FF,FF,94,5F,FF,FF,FF
106282,12323,0xCFF6600,1,8,F2,0B,FF,FF,FF,FF,FF,FF
106302,12324,0xCF00400,1,8,FF,FF,FF,6C,5F,FF,FF,FF
106302,12325,0xCFF6600,1,8,ED,0B,FF,FF,FF,FF,FF,FF
106322,12326,0xCF00400,1,8,FF,FF,FF,60,5F,FF,FF,FF
106322,12327,0xCFF6600,1,8,EC,0B,FF,FF,FF,FF,FF,FF
106342,12328,0xCF00400,1,8,FF,FF,FF,38,5F,FF,FF,FF
106342,12329,0xCFF6600,1,8,E7,0B,FF,FF,FF,FF,FF,FF
106352,12330,0x18FEF100,1,8,3F,00,00,FF,FF,FF,FF,FF
106353,12331,0x10FF6500,1,8,FC,FF,FF,FF,FF,FF,FF,FF
106354,12332,0x18F00500,1,8,FF,FF,FF,FF,20,2D,FF,FF
106354,12333,0x18FEF200,1,8,20,00,00,00,00,00,00,FF
106362,12334,0xCF00400,1,8,FF,FF,FF,FC,5E,FF,FF,FF
106362,12335,0xCFF6600,1,8,DF,0B,FF,FF,FF,FF,FF,FF
106382,12336,0xCF00400,1,8,FF,FF,FF,C0,5E,FF,FF,FF
106382,12337,0xCFF6600,1,8,D8,0B,FF,FF,FF,FF,FF,FF
106402,12338,0xCF00400,1,8,FF,FF,FF,88,5E,FF,FF,FF
106402,12339,0xCFF6600,1,8,D1,0B,FF,FF,FF,FF,FF,FF
106422,12340,0xCF00400,1,8,FF,FF,FF,8A,5E,FF,FF,FF
106422,12341,0xCFF6600,1,8,D1,0B,FF,FF,FF,FF,FF,FF
106442,12342,0xCF00400,1,8,FF,FF,FF,AC,5E,FF,FF,FF
106442,12343,0xCFF6600,1,8,D5,0B,FF,FF,FF,FF,FF,FF
106453,12344,0x18FEF100,1,8,3F,00,00,FF,FF,FF,FF,FF
106453,12345,0x18F00500,1,8,FF,FF,FF,FF,20,2D,FF,FF
106454,12346,0x18FEF200,1,8,20,00,00,00,00,00,00,FF
106462,12347,0xCF00400,1,8,FF,FF,FF,B0,5E,FF,FF,FF
106462,12348,0xCFF6600,1,8,D6,0B,FF,FF,FF,FF,FF,FF
106482,12349,0xCF00400,1,8,FF,FF,FF,A2,5E,FF,FF,FF
106482,12350,0xCFF6600,1,8,D4,0B,FF,FF,FF,FF,FF,FF
106502,12351,0xCF00400,1,8,FF,FF,FF,5E,5E,FF,FF,FF
106502,12352,0xCFF6600,1,8,CB,0B,FF,FF,FF,FF,FF,FF
106522,12353,0xCF00400,1,8,FF,FF,FF,EA,5D,FF,FF,FF
106522,12354,0xCFF6600,1,8,BD,0B,FF,FF,FF,FF,FF,FF
106542,12355,0xCF00400,1,8,FF,FF,FF,D6,5D,FF,FF,FF
106542,12356,0xCFF6600,1,8,BA,0B,FF,FF,FF,FF,FF,FF
106552,12357,0x18FEF100,1,8,3F,00,00,FF,FF,FF,FF,FF
106553,12358,0x10FF6500,1,8,FC,FF,FF,FF,FF,FF,FF,FF
106554,12359,0x18F00500,1,8,FF,FF,FF,FF,20,2D,FF,FF
106554,12360,0x18FEF200,1,8,20,00,00,00,00,00,00,FF
106562,12361,0xCF00400,1,8,FF,FF,FF,04,5E,FF,FF,FF
106562,12362,0xCFF6600,1,8,C0,0B,FF,FF,FF,FF,FF,FF
106582,12363,0xCF00400,1,8,FF,FF,FF,9C,5D,FF,FF,FF
106582,12364,0xCFF6600,1,8,B3,0B,FF,FF,FF,FF,FF,FF
106602,12365,0xCF00400,1,8,FF,FF,FF,D0,5C,FF,FF,FF
106602,12366,0xCFF6600,1,8,9A,0B,FF,FF,FF,FF,FF,FF
106622,12367,0xCF00400,1,8,FF,FF,FF,A0,5C,FF,FF,FF
106622,12368,0xCFF6600,1,8,94,0B,FF,FF,FF,FF,FF,FF
106642,12369,0xCF00400,1,8,FF,FF,FF,DE,5C,FF,FF,FF
106642,12370,0xCFF6600,1,8,9B,0B,FF,FF,FF,FF,FF,FF
106653,12371,0x18FEF100,1,8,3F,00,00,FF,FF,FF,FF,FF
106653,12372,0x18F00500,1,8,FF,FF,FF,FF,20,2D,FF,FF
106654,12373,0x18F00600,1,8,FF,FF,FF,FF,FF,FF,FF,FF
106655,12374,0x18FEF200,1,8,20,00,00,00,00,00,00,FF
106655,12375,0x1CFDDF00,1,8,FE,FF,FF,FF,FF,FF,FF,FF
106656,12376,0x1CFF6A00,1,8,FC,FF,FF,FF,FF,FF,FF,FF
106662,12377,0xCF00400,1,8,FF,FF,FF,D0,5C,FF,FF,FF
106662,12378,0xCFF6600,1,8,9A,0B,FF,FF,FF,FF,FF,FF
106682,12379,0xCF00400,1,8,FF,FF,FF,90,5C,FF,FF,FF
106682,12380,0xCFF6600,1,8,92,0B,FF,FF,FF,FF,FF,FF
106702,12381,0xCF00400,1,8,FF,FF,FF,4E,5C,FF,FF,FF
106702,12382,0xCFF6600,1,8,89,0B,FF,FF,FF,FF,FF,FF
106722,12383,0xCF00400,1,8,FF,FF,FF,0E,5C,FF,FF,FF
106722,12384,0xCFF6600,1,8,81,0B,FF,FF,FF,FF,FF,FF
106742,12385,0xCF00400,1,8,FF,FF,FF,E4,5B,FF,FF,FF
106742,12386,0xCFF6600,1,8,7C,0B,FF,FF,FF,FF,FF,FF
106753,12387,0x18FEF100,1,8,3F,00,00,FF,FF,FF,FF,FF
106753,12388,0x10FF6500,1,8,FC,FF,FF,FF,FF,FF,FF,FF
106754,12389,0x18F00500,1,8,FF,FF,FF,FF,20,2D,FF,FF
106754,12390,0x18FEF200,1,8,20,00,00,00,00,00,00,FF
106762,12391,0xCF00400,1,8,FF,FF,FF,C8,5B,FF,FF,FF
106762,12392,0xCFF6600,1,8,79,0B,FF,FF,FF,FF,FF,FF
106782,12393,0xCF00400,1,8,FF,FF,FF,88,5B,FF,FF,FF
106783,12394,0xCFF6600,1,8,71,0B,FF,FF,FF,FF,FF,FF
106802,12395,0xCF00400,1,8,FF,FF,FF,30,5B,FF,FF,FF
106803,12396,0xCFF6600,1,8,66,0B,FF,FF,FF,FF,FF,FF
106812,12397,0x18FEEE00,1,8,4E,FF,FF,FF,FF,FF,FF,FF
106812,12398,0x18FDE500,1,8,0A,14,1E,28,32,3C,46,13
106822,12399,0xCF00400,1,8,FF,FF,FF,86,5A,FF,FF,FF
106823,12400,0xCFF6600,1,8,50,0B,FF,FF,FF,FF,FF,FF
106831,12401,0x1CECFF00,1,8,20,0E,00,02,FF,CA,FE,00
106842,12402,0xCF00400,1,8,FF,FF,FF,86,5A,FF,FF,FF
106842,12403,0xCFF6600,1,8,50,0B,FF,FF,FF,FF,FF,FF
106853,12404,0x18FEF100,1,8,3F,00,00,FF,FF,FF,FF,FF
106853,12405,0x18F00500,1,8,FF,FF,FF,FF,20,2D,FF,FF
106854,12406,0x18FEF200,1,8,20,00,00,00,00,00,00,FF
106862,12407,0xCF00400,1,8,FF,FF,FF,A0,59,FF,FF,FF
106862,12408,0xCFF6600,1,8,34,0B,FF,FF,FF,FF,FF,FF
106882,12409,0xCF00400,1,8,FF,FF,FF,62,59,FF,FF,FF
106882,12410,0xCFF6600,1,8,2C,0B,FF,FF,FF,FF,FF,FF
106883,12411,0x1CEBFF00,1,8,01,40,FF,0F,F0,E5,01,02
106902,12412,0xCF00400,1,8,FF,FF,FF,9E,59,FF,FF,FF
106902,12413,0xCFF6600,1,8,33,0B,FF,FF,FF,FF,FF,FF
106922,12414,0xCF00400,1,8,FF,FF,FF,A2,59,FF,FF,FF
106922,12415,0xCFF6600,1,8,34,0B,FF,FF,FF,FF,FF,FF
106932,12416,0x1CEBFF00,1,8,02,F0,E3,02,6E,00,03,01
106942,12417,0xCF00400,1,8,FF,FF,FF,84,59,FF,FF,FF
106942,12418,0xCFF6600,1,8,30,0B,FF,FF,FF,FF,FF,FF
106953,12419,0x18FEF100,1,8,3F,00,00,FF,FF,FF,FF,FF
106953,12420,0x10FF6500,1,8,FC,FF,FF,FF,FF,FF,FF,FF
106954,12421,0x18F00500,1,8,FF,FF,FF,FF,20,2D,FF,FF
106954,12422,0x18FEF200,1,8,20,00,00,00,00,00,00,FF
106962,12423,0xCF00400,1,8,FF,FF,FF,7A,59,FF,FF,FF
106962,12424,0xCFF6600,1,8,2F,0B,FF,FF,FF,FF,FF,FF
106982,12425,0xCF00400,1,8,FF,FF,FF,80,59,FF,FF,FF
106982,12426,0xCFF6600,1,8,30,0B,FF,FF,FF,FF,FF,FF
107002,12427,0xCF00400,1,8,FF,FF,FF,AC,59,FF,FF,FF
107002,12428,0xCFF6600,1,8,35,0B,FF,FF,FF,FF,FF,FF
107022,12429,0xCF00400,1,8,FF,FF,FF,EE,59,FF,FF,FF
107023,12430,0xCFF6600,1,8,3D,0B,FF,FF,FF,FF,FF,FF
107042,12431,0xCF00400,1,8,FF,FF,FF,02,5A,FF,FF,FF
107043,12432,0xCFF6600,1,8,40,0B,FF,FF,FF,FF,FF,FF
107053,12433,0x18FEF100,1,8,3F,00,00,FF,FF,FF,FF,FF
107054,12434,0x18F00500,1,8,FF,FF,FF,FF,20,2D,FF,FF
107054,12435,0x18FEF200,1,8,20,00,00,00,00,00,00,FF
107062,12436,0xCF00400,1,8,FF,FF,FF,F6,59,FF,FF,FF
107062,12437,0xCFF6600,1,8,3E,0B,FF,FF,FF,FF,FF,FF
107082,12438,0xCF00400,1,8,FF,FF,FF,FE,59,FF,FF,FF
107082,12439,0xCFF6600,1,8,3F,0B,FF,FF,FF,FF,FF,FF
107102,12440,0xCF00400,1,8,FF,FF,FF,14,5A,FF,FF,FF
107102,12441,0xCFF6600,1,8,42,0B,FF,FF,FF,FF,FF,FF
107122,12442,0xCF00400,1,8,FF,FF,FF,FE,59,FF,FF,FF
107122,12443,0xCFF6600,1,8,3F,0B,FF,FF,FF,FF,FF,FF
107142,12444,0xCF00400,1,8,FF,FF,FF,CE,59,FF,FF,FF
107142,12445,0xCFF6600,1,8,39,0B,FF,FF,FF,FF,FF,FF
107153,12446,0x18FEF100,1,8,3F,00,00,FF,FF,FF,FF,FF
107153,12447,0x10FF6500,1,8,FC,FF,FF,FF,FF,FF,FF,FF
107154,12448,0x18F00500,1,8,FF,FF,FF,FF,20,2D,FF,FF
107154,12449,0x18F00600,1,8,FF,FF,FF,FF,FF,FF,FF,FF
107155,12450,0x18FEF200,1,8,20,00,00,00,00,00,00,FF
107156,12451,0x1CFDDF00,1,8,FE,FF,FF,FF,FF,FF,FF,FF
107156,12452,0x1CFF6A00,1,8,FC,FF,FF,FF,FF,FF,FF,FF
107162,12453,0xCF00400,1,8,FF,FF,FF,EC,59,FF,FF,FF
107162,12454,0xCFF6600,1,8,3D,0B,FF,FF,FF,FF,FF,FF
107182,12455,0xCF00400,1,8,FF,FF,FF,3C,5A,FF,FF,FF
107182,12456,0xCFF6600,1,8,47,0B,FF,FF,FF,FF,FF,FF
107202,12457,0xCF00400,1,8,FF,FF,FF,EE,59,FF,FF,FF
107202,12458,0xCFF6600,1,8,3D,0B,FF,FF,FF,FF,FF,FF
107222,12459,0xCF00400,1,8,FF,FF,FF,32,59,FF,FF,FF
107222,12460,0xCFF6600,1,8,26,0B,FF,FF,FF,FF,FF,FF
107242,12461,0xCF00400,1,8,FF,FF,FF,E4,58,FF,FF,FF
107242,12462,0xCFF6600,1,8,1C,0B,FF,FF,FF,FF,FF,FF
107253,12463,0x18FEF100,1,8,3F,00,00,FF,FF,FF,FF,FF
107254,12464,0x18F00500,1,8,FF,FF,FF,FF,20,2D,FF,FF
107254,12465,0x18FEF200,1,8,20,00,00,00,00,00,00,FF
107262,12466,0xCF00400,1,8,FF,FF,FF,E4,58,FF,FF,FF
107263,12467,0xCFF6600,1,8,1C,0B,FF,FF,FF,FF,FF,FF
107282,12468,0xCF00400,1,8,FF,FF,FF,E4,58,FF,FF,FF
107282,12469,0xCFF6600,1,8,1C,0B,FF,FF,FF,FF,FF,FF
107302,12470,0xCF00400,1,8,FF,FF,FF,10,59,FF,FF,FF
107302,12471,0xCFF6600,1,8,22,0B,FF,FF,FF,FF,FF,FF
107322,12472,0xCF00400,1,8,FF,FF,FF,5E,59,FF,FF,FF
107322,12473,0xCFF6600,1,8,2B,0B,FF,FF,FF,FF,FF,FF
107342,12474,0xCF00400,1,8,FF,FF,FF,78,59,FF,FF,FF
107342,12475,0xCFF6600,1,8,2F,0B,FF,FF,FF,FF,FF,FF
107353,12476,0x18FEF100,1,8,3F,00,00,FF,FF,FF,FF,FF
107353,12477,0x10FF6500,1,8,FC,FF,FF,FF,FF,FF,FF,FF
107354,12478,0x18F00500,1,8,FF,FF,FF,FF,20,2D,FF,FF
107354,12479,0x18FEF200,1,8,20,00,00,00,00,00,00,FF
107362,12480,0xCF00400,1,8,FF,FF,FF,72,59,FF,FF,FF
107362,12481,0xCFF6600,1,8,2E,0B,FF,FF,FF,FF,FF,FF
107382,12482,0xCF00400,1,8,FF,FF,FF,84,59,FF,FF,FF
107382,12483,0xCFF6600,1,8,30,0B,FF,FF,FF,FF,FF,FF
107402,12484,0xCF00400,1,8,FF,FF,FF,AE,59,FF,FF,FF
107402,12485,0xCFF6600,1,8,35,0B,FF,FF,FF,FF,FF,FF
107422,12486,0xCF00400,1,8,FF,FF,FF,64,59,FF,FF,FF
107422,12487,0xCFF6600,1,8,2C,0B,FF,FF,FF,FF,FF,FF
107442,12488,0xCF00400,1,8,FF,FF,FF,C0,58,FF,FF,FF
107442,12489,0xCFF6600,1,8,18,0B,FF,FF,FF,FF,FF,FF
107453,12490,0x18FEF100,1,8,3F,00,00,FF,FF,FF,FF,FF
107453,12491,0x18F00500,1,8,FF,FF,FF,FF,20,2D,FF,FF
107454,12492,0x18FEF200,1,8,20,00,00,00,00,00,00,FF
107462,12493,0xCF00400,1,8,FF,FF,FF,6C,58,FF,FF,FF
107463,12494,0xCFF6600,1,8,0D,0B,FF,FF,FF,FF,FF,FF
107482,12495,0xCF00400,1,8,FF,FF,FF,52,58,FF,FF,FF
107482,12496,0xCFF6600,1,8,0A,0B,FF,FF,FF,FF,FF,FF
107502,12497,0xCF00400,1,8,FF,FF,FF,7A,58,FF,FF,FF
107502,12498,0xCFF6600,1,8,0F,0B,FF,FF,FF,FF,FF,FF
107522,12499,0xCF00400,1,8,FF,FF,FF,D0,58,FF,FF,FF
107522,12500,0xCFF6600,1,8,1A,0B,FF,FF,FF,FF,FF,FF
107542,12501,0xCF00400,1,8,FF,FF,FF,26,59,FF,FF,FF
107542,12502,0xCFF6600,1,8,24,0B,FF,FF,FF,FF,FF,FF
107553,12503,0x18FEF100,1,8,3F,00,00,FF,FF,FF,FF,FF
107553,12504,0x10FF6500,1,8,FC,FF,FF,FF,FF,FF,FF,FF
107554,12505,0x18F00500,1,8,FF,FF,FF,FF,20,2D,FF,FF
107554,12506,0x18FEF200,1,8,20,00,00,00,00,00,00,FF
107562,12507,0xCF00400,1,8,FF,FF,FF,78,59,FF,FF,FF
107562,12508,0xCFF6600,1,8,2F,0B,FF,FF,FF,FF,FF,FF
107582,12509,0xCF00400,1,8,FF,FF,FF,E8,59,FF,FF,FF
107582,12510,0xCFF6600,1,8,3D,0B,FF,FF,FF,FF,FF,FF
107602,12511,0xCF00400,1,8,FF,FF,FF,68,5A,FF,FF,FF
107602,12512,0xCFF6600,1,8,4D,0B,FF,FF,FF,FF,FF,FF
107622,12513,0xCF00400,1,8,FF,FF,FF,92,5A,FF,FF,FF
107622,12514,0xCFF6600,1,8,52,0B,FF,FF,FF,FF,FF,FF
107642,12515,0xCF00400,1,8,FF,FF,FF,82,5A,FF,FF,FF
107642,12516,0xCFF6600,1,8,50,0B,FF,FF,FF,FF,FF,FF
107653,12517,0x18FEF100,1,8,3F,00,00,FF,FF,FF,FF,FF
107653,12518,0x18F00500,1,8,FF,FF,FF,FF,20,2D,FF,FF
107654,12519,0x18F00600,1,8,FF,FF,FF,FF,FF,FF,FF,FF
107654,12520,0x18FEF200,1,8,20,00,00,00,00,00,00,FF
107655,12521,0x1CFDDF00,1,8,FE,FF,FF,FF,FF,FF,FF,FF
107656,12522,0x1CFF6A00,1,8,FC,FF,FF,FF,FF,FF,FF,FF
107662,12523,0xCF00400,1,8,FF,FF,FF,A4,5A,FF,FF,FF
107662,12524,0xCFF6600,1,8,54,0B,FF,FF,FF,FF,FF,FF
107682,12525,0xCF00400,1,8,FF,FF,FF,E6,5A,FF,FF,FF
107682,12526,0xCFF6600,1,8,5C,0B,FF,FF,FF,FF,FF,FF
107702,12527,0xCF00400,1,8,FF,FF,FF,20,5B,FF,FF,FF
107703,12528,0xCFF6600,1,8,64,0B,FF,FF,FF,FF,FF,FF
107722,12529,0xCF00400,1,8,FF,FF,FF,4C,5B,FF,FF,FF
107723,12530,0xCFF6600,1,8,69,0B,FF,FF,FF,FF,FF,FF
107742,12531,0xCF00400,1,8,FF,FF,FF,56,5B,FF,FF,FF
107743,12532,0xCFF6600,1,8,6A,0B,FF,FF,FF,FF,FF,FF
107753,12533,0x18FEF100,1,8,3F,00,00,FF,FF,FF,FF,FF
107754,12534,0x10FF6500,1,8,FC,FF,FF,FF,FF,FF,FF,FF
107754,12535,0x18F00500,1,8,FF,FF,FF,FF,20,2D,FF,FF
107755,12536,0x18FEF200,1,8,20,00,00,00,00,00,00,FF
107762,12537,0xCF00400,1,8,FF,FF,FF,56,5B,FF,FF,FF
107762,12538,0xCFF6600,1,8,6A,0B,FF,FF,FF,FF,FF,FF
107782,12539,0xCF00400,1,8,FF,FF,FF,4E,5B,FF,FF,FF
107782,12540,0xCFF6600,1,8,69,0B,FF,FF,FF,FF,FF,FF
107802,12541,0xCF00400,1,8,FF,FF,FF,94,5B,FF,FF,FF
107802,12542,0xCFF6600,1,8,72,0B,FF,FF,FF,FF,FF,FF
107811,12543,0x18FEEE00,1,8,4E,FF,FF,FF,FF,FF,FF,FF
107812,12544,0x18FDE500,1,8,0A,14,1E,28,32,3C,46,13
107822,12545,0xCF00400,1,8,FF,FF,FF,02,5C,FF,FF,FF
107822,12546,0xCFF6600,1,8,80,0B,FF,FF,FF,FF,FF,FF
107831,12547,0x1CECFF00,1,8,20,0E,00,02,FF,CA,FE,00
107842,12548,0xCF00400,1,8,FF,FF,FF,1C,5C,FF,FF,FF
107842,12549,0xCFF6600,1,8,83,0B,FF,FF,FF,FF,FF,FF
107853,12550,0x18FEF100,1,8,3F,00,00,FF,FF,FF,FF,FF
107853,12551,0x18F00500,1,8,FF,FF,FF,FF,20,2D,FF,FF
107854,12552,0x18FEF200,1,8,1F,00,00,00,00,00,00,FF
107862,12553,0xCF00400,1,8,FF,FF,FF,08,5C,FF,FF,FF
107862,12554,0xCFF6600,1,8,81,0B,FF,FF,FF,FF,FF,FF
107882,12555,0xCF00400,1,8,FF,FF,FF,16,5C,FF,FF,FF
107882,12556,0xCFF6600,1,8,82,0B,FF,FF,FF,FF,FF,FF
107883,12557,0x1CEBFF00,1,8,01,40,FF,0F,F0,E5,01,02
107902,12558,0xCF00400,1,8,FF,FF,FF,34,5C,FF,FF,FF
107902,12559,0xCFF6600,1,8,86,0B,FF,FF,FF,FF,FF,FF
107922,12560,0xCF00400,1,8,FF,FF,FF,62,5C,FF,FF,FF
107922,12561,0xCFF6600,1,8,8C,0B,FF,FF,FF,FF,FF,FF
107932,12562,0x1CEBFF00,1,8,02,F0,E3,02,6E,00,03,01
107942,12563,0xCF00400,1,8,FF,FF,FF,98,5C,FF,FF,FF
107942,12564,0xCFF6600,1,8,93,0B,FF,FF,FF,FF,FF,FF
107953,12565,0x18FEF100,1,8,3F,00,00,FF,FF,FF,FF,FF
107953,12566,0x10FF6500,1,8,FC,FF,FF,FF,FF,FF,FF,FF
107954,12567,0x18F00500,1,8,FF,FF,FF,FF,20,2D,FF,FF
107954,12568,0x18FEF200,1,8,1F,00,00,00,00,00,00,FF
107962,12569,0xCF00400,1,8,FF,FF,FF,D0,5C,FF,FF,FF
107962,12570,0xCFF6600,1,8,9A,0B,FF,FF,FF,FF,FF,FF
107982,12571,0xCF00400,1,8,FF,FF,FF,08,5D,FF,FF,FF
107982,12572,0xCFF6600,1,8,A1,0B,FF,FF,FF,FF,FF,FF
108002,12573,0xCF00400,1,8,FF,FF,FF,40,5D,FF,FF,FF
108002,12574,0xCFF6600,1,8,A8,0B,FF,FF,FF,FF,FF,FF
108022,12575,0xCF00400,1,8,FF,FF,FF,78,5D,FF,FF,FF
108022,12576,0xCFF6600,1,8,AF,0B,FF,FF,FF,FF,FF,FF
108042,12577,0xCF00400,1,8,FF,FF,FF,EC,5D,FF,FF,FF
108042,12578,0xCFF6600,1,8,BD,0B,FF,FF,FF,FF,FF,FF
108053,12579,0x18FEF100,1,8,3F,00,00,FF,FF,FF,FF,FF
108053,12580,0x18F00500,1,8,FF,FF,FF,FF,20,2D,FF,FF
108054,12581,0x18FEF200,1,8,1F,00,00,00,00,00,00,FF
108062,12582,0xCF00400,1,8,FF,FF,FF,86,5E,FF,FF,FF
108062,12583,0xCFF6600,1,8,D0,0B,FF,FF,FF,FF,FF,FF
108082,12584,0xCF00400,1,8,FF,FF,FF,BE,5E,FF,FF,FF
108082,12585,0xCFF6600,1,8,D7,0B,FF,FF,FF,FF,FF,FF
108102,12586,0xCF00400,1,8,FF,FF,FF,BC,5E,FF,FF,FF
108102,12587,0xCFF6600,1,8,D7,0B,FF,FF,FF,FF,FF,FF
108122,12588,0xCF00400,1,8,FF,FF,FF,04,5F,FF,FF,FF
108122,12589,0xCFF6600,1,8,E0,0B,FF,FF,FF,FF,FF,FF
108142,12590,0xCF00400,1,8,FF,FF,FF,76,5F,FF,FF,FF
108142,12591,0xCFF6600,1,8,EE,0B,FF,FF,FF,FF,FF,FF
108152,12592,0x18FEF100,1,8,3F,00,00,FF,FF,FF,FF,FF
108153,12593,0x10FF6500,1,8,FC,FF,FF,FF,FF,FF,FF,FF
108154,12594,0x18F00500,1,8,FF,FF,FF,FF,20,2D,FF,FF
108154,12595,0x18F00600,1,8,FF,FF,FF,FF,FF,FF,FF,FF
108155,12596,0x18FEF200,1,8,1F,00,00,00,00,00,00,FF
108155,12597,0x1CFDDF00,1,8,FE,FF,FF,FF,FF,FF,FF,FF
108156,12598,0x1CFF6A00,1,8,FC,FF,FF,FF,FF,FF,FF,FF
108162,12599,0xCF00400,1,8,FF,FF,FF,A2,5F,FF,FF,FF
108162,12600,0xCFF6600,1,8,F4,0B,FF,FF,FF,FF,FF,FF
108182,12601,0xCF00400,1,8,FF,FF,FF,AC,5F,FF,FF,FF
108182,12602,0xCFF6600,1,8,F5,0B,FF,FF,FF,FF,FF,FF
108202,12603,0xCF00400,1,8,FF,FF,FF,5E,5F,FF,FF,FF
108202,12604,0xCFF6600,1,8,EB,0B,FF,FF,FF,FF,FF,FF
108222,12605,0xCF00400,1,8,FF,FF,FF,D4,5E,FF,FF,FF
108222,12606,0xCFF6600,1,8,DA,0B,FF,FF,FF,FF,FF,FF
108242,12607,0xCF00400,1,8,FF,FF,FF,80,5E,FF,FF,FF
108242,12608,0xCFF6600,1,8,D0,0B,FF,FF,FF,FF,FF,FF
108253,12609,0x18FEF100,1,8,3F,00,00,FF,FF,FF,FF,FF
108254,12610,0x18F00500,1,8,FF,FF,FF,FF,20,2D,FF,FF
108254,12611,0x18FEF200,1,8,1F,00,00,00,00,00,00,FF
108262,12612,0xCF00400,1,8,FF,FF,FF,4E,5E,FF,FF,FF
108262,12613,0xCFF6600,1,8,C9,0B,FF,FF,FF,FF,FF,FF
108282,12614,0xCF00400,1,8,FF,FF,FF,30,5E,FF,FF,FF
108282,12615,0xCFF6600,1,8,C6,0B,FF,FF,FF,FF,FF,FF
108302,12616,0xCF00400,1,8,FF,FF,FF,0C,5E,FF,FF,FF
108303,12617,0xCFF6600,1,8,C1,0B,FF,FF,FF,FF,FF,FF
108322,12618,0xCF00400,1,8,FF,FF,FF,F4,5D,FF,FF,FF
108323,12619,0xCFF6600,1,8,BE,0B,FF,FF,FF,FF,FF,FF
108342,12620,0xCF00400,1,8,FF,FF,FF,E6,5D,FF,FF,FF
108343,12621,0xCFF6600,1,8,BC,0B,FF,FF,FF,FF,FF,FF
108353,12622,0x18FEF100,1,8,3F,00,00,FF,FF,FF,FF,FF
108353,12623,0x10FF6500,1,8,FC,FF,FF,FF,FF,FF,FF,FF
108354,12624,0x18F00500,1,8,FF,FF,FF,FF,20,2D,FF,FF
108355,12625,0x18FEF200,1,8,1F,00,00,00,00,00,00,FF
108362,12626,0xCF00400,1,8,FF,FF,FF,E8,5D,FF,FF,FF
108363,12627,0xCFF6600,1,8,BD,0B,FF,FF,FF,FF,FF,FF
108382,12628,0xCF00400,1,8,FF,FF,FF,F4,5D,FF,FF,FF
108383,12629,0xCFF6600,1,8,BE,0B,FF,FF,FF,FF,FF,FF
108402,12630,0xCF00400,1,8,FF,FF,FF,04,5E,FF,FF,FF
108403,12631,0xCFF6600,1,8,C0,0B,FF,FF,FF,FF,FF,FF
108422,12632,0xCF00400,1,8,FF,FF,FF,02,5E,FF,FF,FF
108423,12633,0xCFF6600,1,8,C0,0B,FF,FF,FF,FF,FF,FF
108442,12634,0xCF00400,1,8,FF,FF,FF,F6,5D,FF,FF,FF
108443,12635,0xCFF6600,1,8,BE,0B,FF,FF,FF,FF,FF,FF
108453,12636,0x18FEF100,1,8,3F,00,00,FF,FF,FF,FF,FF
108454,12637,0x18F00500,1,8,FF,FF,FF,FF,20,2D,FF,FF
108454,12638,0x18FEF200,1,8,1F,00,00,00,00,00,00,FF
108462,12639,0xCF00400,1,8,FF,FF,FF,1C,5E,FF,FF,FF
108463,12640,0xCFF6600,1,8,C3,0B,FF,FF,FF,FF,FF,FF
108482,12641,0xCF00400,1,8,FF,FF,FF,64,5E,FF,FF,FF
108483,12642,0xCFF6600,1,8,CC,0B,FF,FF,FF,FF,FF,FF
108502,12643,0xCF00400,1,8,FF,FF,FF,8E,5E,FF,FF,FF
108503,12644,0xCFF6600,1,8,D1,0B,FF,FF,FF,FF,FF,FF
108522,12645,0xCF00400,1,8,FF,FF,FF,AA,5E,FF,FF,FF
108523,12646,0xCFF6600,1,8,D5,0B,FF,FF,FF,FF,FF,FF
108542,12647,0xCF00400,1,8,FF,FF,FF,9E,5E,FF,FF,FF
108543,12648,0xCFF6600,1,8,D3,0B,FF,FF,FF,FF,FF,FF
108553,12649,0x18FEF100,1,8,3F,00,00,FF,FF,FF,FF,FF
108553,12650,0x10FF6500,1,8,FC,FF,FF,FF,FF,FF,FF,FF
108554,12651,0x18F00500,1,8,FF,FF,FF,FF,20,2D,FF,FF
108555,12652,0x18FEF200,1,8,1F,00,00,00,00,00,00,FF
108562,12653,0xCF00400,1,8,FF,FF,FF,7C,5E,FF,FF,FF
108563,12654,0xCFF6600,1,8,CF,0B,FF,FF,FF,FF,FF,FF
108582,12655,0xCF00400,1,8,FF,FF,FF,8E,5E,FF,FF,FF
108582,12656,0xCFF6600,1,8,D1,0B,FF,FF,FF,FF,FF,FF
108602,12657,0xCF00400,1,8,FF,FF,FF,BC,5E,FF,FF,FF
108602,12658,0xCFF6600,1,8,D7,0B,FF,FF,FF,FF,FF,FF
108622,12659,0xCF00400,1,8,FF,FF,FF,E8,5E,FF,FF,FF
108622,12660,0xCFF6600,1,8,DD,0B,FF,FF,FF,FF,FF,FF
108642,12661,0xCF00400,1,8,FF,FF,FF,16,5F,FF,FF,FF
108642,12662,0xCFF6600,1,8,E2,0B,FF,FF,FF,FF,FF,FF
108653,12663,0x18FEF100,1,8,3F,00,00,FF,FF,FF,FF,FF
108653,12664,0x18F00500,1,8,FF,FF,FF,FF,20,2D,FF,FF
108654,12665,0x18F00600,1,8,FF,FF,FF,FF,FF,FF,FF,FF
108654,12666,0x18FEF200,1,8,1F,00,00,00,00,00,00,FF
108655,12667,0x1CFDDF00,1,8,FE,FF,FF,FF,FF,FF,FF,FF
108656,12668,0x1CFF6A00,1,8,FC,FF,FF,FF,FF,FF,FF,FF
108662,12669,0xCF00400,1,8,FF,FF,FF,36,5F,FF,FF,FF
108662,12670,0xCFF6600,1,8,E6,0B,FF,FF,FF,FF,FF,FF
108682,12671,0xCF00400,1,8,FF,FF,FF,52,5F,FF,FF,FF
108682,12672,0xCFF6600,1,8,EA,0B,FF,FF,FF,FF,FF,FF
108702,12673,0xCF00400,1,8,FF,FF,FF,86,5F,FF,FF,FF
108702,12674,0xCFF6600,1,8,F0,0B,FF,FF,FF,FF,FF,FF
108722,12675,0xCF00400,1,8,FF,FF,FF,CE,5F,FF,FF,FF
108722,12676,0xCFF6600,1,8,F9,0B,FF,FF,FF,FF,FF,FF
108742,12677,0xCF00400,1,8,FF,FF,FF,F0,5F,FF,FF,FF
108742,12678,0xCFF6600,1,8,FE,0B,FF,FF,FF,FF,FF,FF
108752,12679,0x18FEF100,1,8,3F,00,00,FF,FF,FF,FF,FF
108753,12680,0x10FF6500,1,8,FC,FF,FF,FF,FF,FF,FF,FF
108754,12681,0x18F00500,1,8,FF,FF,FF,FF,20,2D,FF,FF
108754,12682,0x18FEF200,1,8,1F,00,00,00,00,00,00,FF
108762,12683,0xCF00400,1,8,FF,FF,FF,FA,5F,FF,FF,FF
108762,12684,0xCFF6600,1,8,FF,0B,FF,FF,FF,FF,FF,FF
108782,12685,0xCF00400,1,8,FF,FF,FF,1E,60,FF,FF,FF
108782,12686,0xCFF6600,1,8,03,0C,FF,FF,FF,FF,FF,FF
108802,12687,0xCF00400,1,8,FF,FF,FF,58,60,FF,FF,FF
108802,12688,0xCFF6600,1,8,0B,0C,FF,FF,FF,FF,FF,FF
108811,12689,0x18FEEE00,1,8,4E,FF,FF,FF,FF,FF,FF,FF
108812,12690,0x18FDE500,1,8,0A,14,1E,28,32,3C,46,13
108822,12691,0xCF00400,1,8,FF,FF,FF,62,60,FF,FF,FF
108822,12692,0xCFF6600,1,8,0C,0C,FF,FF,FF,FF,FF,FF
108831,12693,0x1CECFF00,1,8,20,0E,00,02,FF,CA,FE,00
108842,12694,0xCF00400,1,8,FF,FF,FF,4E,60,FF,FF,FF
108842,12695,0xCFF6600,1,8,09,0C,FF,FF,FF,FF,FF,FF
108853,12696,0x18FEF100,1,8,3F,00,00,FF,FF,FF,FF,FF
108853,12697,0x18F00500,1,8,FF,FF,FF,FF,20,2D,FF,FF
108854,12698,0x18FEF200,1,8,20,00,00,00,00,00,00,FF
108862,12699,0xCF00400,1,8,FF,FF,FF,60,60,FF,FF,FF
108862,12700,0xCFF6600,1,8,0C,0C,FF,FF,FF,FF,FF,FF
108882,12701,0xCF00400,1,8,FF,FF,FF,8C,60,FF,FF,FF
108882,12702,0xCFF6600,1,8,11,0C,FF,FF,FF,FF,FF,FF
108883,12703,0x1CEBFF00,1,8,01,40,FF,0F,F0,E5,01,02
108902,12704,0xCF00400,1,8,FF,FF,FF,68,60,FF,FF,FF
108902,12705,0xCFF6600,1,8,0D,0C,FF,FF,FF,FF,FF,FF
108922,12706,0xCF00400,1,8,FF,FF,FF,16,60,FF,FF,FF
108922,12707,0xCFF6600,1,8,02,0C,FF,FF,FF,FF,FF,FF
108931,12708,0x1CEBFF00,1,8,02,F0,E3,02,6E,00,03,01
108942,12709,0xCF00400,1,8,FF,FF,FF,0C,60,FF,FF,FF
108942,12710,0xCFF6600,1,8,01,0C,FF,FF,FF,FF,FF,FF
108953,12711,0x18FEF100,1,8,3F,00,00,FF,FF,FF,FF,FF
108954,12712,0x10FF6500,1,8,FC,FF,FF,FF,FF,FF,FF,FF
108954,12713,0x18F00500,1,8,FF,FF,FF,FF,20,2D,FF,FF
108955,12714,0x18FEF200,1,8,20,00,00,00,00,00,00,FF
108962,12715,0xCF00400,1,8,FF,FF,FF,30,60,FF,FF,FF
108963,12716,0xCFF6600,1,8,06,0C,FF,FF,FF,FF,FF,FF
108982,12717,0xCF00400,1,8,FF,FF,FF,EE,5F,FF,FF,FF
108983,12718,0xCFF6600,1,8,FD,0B,FF,FF,FF,FF,FF,FF
109002,12719,0xCF00400,1,8,FF,FF,FF,70,5F,FF,FF,FF
109003,12720,0xCFF6600,1,8,EE,0B,FF,FF,FF,FF,FF,FF
109022,12721,0xCF00400,1,8,FF,FF,FF,16,5F,FF,FF,FF
109023,12722,0xCFF6600,1,8,E2,0B,FF,FF,FF,FF,FF,FF
109042,12723,0xCF00400,1,8,FF,FF,FF,D4,5E,FF,FF,FF
109043,12724,0xCFF6600,1,8,DA,0B,FF,FF,FF,FF,FF,FF
109053,12725,0x18FEF100,1,8,3F,00,00,FF,FF,FF,FF,FF
109054,12726,0x18F00500,1,8,FF,FF,FF,FF,20,2D,FF,FF
109054,12727,0x18FEF200,1,8,20,00,00,00,00,00,00,FF
109062,12728,0xCF00400,1,8,FF,FF,FF,E8,5E,FF,FF,FF
109062,12729,0xCFF6600,1,8,DD,0B,FF,FF,FF,FF,FF,FF
109082,12730,0xCF00400,1,8,FF,FF,FF,2C,5F,FF,FF,FF
109082,12731,0xCFF6600,1,8,E5,0B,FF,FF,FF,FF,FF,FF
109102,12732,0xCF00400,1,8,FF,FF,FF,24,5F,FF,FF,FF
109102,12733,0xCFF6600,1,8,E4,0B,FF,FF,FF,FF,FF,FF
109122,12734,0xCF00400,1,8,FF,FF,FF,F0,5E,FF,FF,FF
109122,12735,0xCFF6600,1,8,DE,0B,FF,FF,FF,FF,FF,FF
109142,12736,0xCF00400,1,8,FF,FF,FF,0A,5F,FF,FF,FF
109142,12737,0xCFF6600,1,8,E1,0B,FF,FF,FF,FF,FF,FF
109152,12738,0x18FEF100,1,8,3F,00,00,FF,FF,FF,FF,FF
109153,12739,0x10FF6500,1,8,FC,FF,FF,FF,FF,FF,FF,FF
109154,12740,0x18F00500,1,8,FF,FF,FF,FF,20,2D,FF,FF
109154,12741,0x18F00600,1,8,FF,FF,FF,FF,FF,FF,FF,FF
109155,12742,0x18FEF200,1,8,20,00,00,00,00,00,00,FF
109155,12743,0x1CFDDF00,1,8,FE,FF,FF,FF,FF,FF,FF,FF
109156,12744,0x1CFF6A00,1,8,FC,FF,FF,FF,FF,FF,FF,FF
109162,12745,0xCF00400,1,8,FF,FF,FF,52,5F,FF,FF,FF
109162,12746,0xCFF6600,1,8,EA,0B,FF,FF,FF,FF,FF,FF
109182,12747,0xCF00400,1,8,FF,FF,FF,56,5F,FF,FF,FF
109182,12748,0xCFF6600,1,8,EA,0B,FF,FF,FF,FF,FF,FF
109202,12749,0xCF00400,1,8,FF,FF,FF,32,5F,FF,FF,FF
109202,12750,0xCFF6600,1,8,E6,0B,FF,FF,FF,FF,FF,FF
109222,12751,0xCF00400,1,8,FF,FF,FF,1C,5F,FF,FF,FF
109222,12752,0xCFF6600,1,8,E3,0B,FF,FF,FF,FF,FF,FF
109242,12753,0xCF00400,1,8,FF,FF,FF,10,5F,FF,FF,FF
109242,12754,0xCFF6600,1,8,E2,0B,FF,FF,FF,FF,FF,FF
109252,12755,0x18FEF100,1,8,3F,00,00,FF,FF,FF,FF,FF
109253,12756,0x18F00500,1,8,FF,FF,FF,FF,20,2D,FF,FF
109254,12757,0x18FEF200,1,8,20,00,00,00,00,00,00,FF
109262,12758,0xCF00400,1,8,FF,FF,FF,0C,5F,FF,FF,FF
109262,12759,0xCFF6600,1,8,E1,0B,FF,FF,FF,FF,FF,FF
109282,12760,0xCF00400,1,8,FF,FF,FF,0A,5F,FF,FF,FF
109282,12761,0xCFF6600,1,8,E1,0B,FF,FF,FF,FF,FF,FF
109302,12762,0xCF00400,1,8,FF,FF,FF,02,5F,FF,FF,FF
109302,12763,0xCFF6600,1,8,E0,0B,FF,FF,FF,FF,FF,FF
109322,12764,0xCF00400,1,8,FF,FF,FF,F6,5E,FF,FF,FF
109322,12765,0xCFF6600,1,8,DE,0B,FF,FF,FF,FF,FF,FF
109342,12766,0xCF00400,1,8,FF,FF,FF,F4,5E,FF,FF,FF
109342,12767,0xCFF6600,1,8,DE,0B,FF,FF,FF,FF,FF,FF
109352,12768,0x18FEF100,1,8,3F,00,00,FF,FF,FF,FF,FF
109353,12769,0x10FF6500,1,8,FC,FF,FF,FF,FF,FF,FF,FF
109354,12770,0x18F00500,1,8,FF,FF,FF,FF,20,2D,FF,FF
109354,12771,0x18FEF200,1,8,20,00,00,00,00,00,00,FF
109362,12772,0xCF00400,1,8,FF,FF,FF,F8,5E,FF,FF,FF
109362,12773,0xCFF6600,1,8,DF,0B,FF,FF,FF,FF,FF,FF
109382,12774,0xCF00400,1,8,FF,FF,FF,DA,5E,FF,FF,FF
109382,12775,0xCFF6600,1,8,DB,0B,FF,FF,FF,FF,FF,FF
109402,12776,0xCF00400,1,8,FF,FF,FF,A8,5E,FF,FF,FF
109402,12777,0xCFF6600,1,8,D5,0B,FF,FF,FF,FF,FF,FF
109422,12778,0xCF00400,1,8,FF,FF,FF,94,5E,FF,FF,FF
109422,12779,0xCFF6600,1,8,D2,0B,FF,FF,FF,FF,FF,FF
109442,12780,0xCF00400,1,8,FF,FF,FF,98,5E,FF,FF,FF
109442,12781,0xCFF6600,1,8,D3,0B,FF,FF,FF,FF,FF,FF
109452,12782,0x18FEF100,1,8,3F,00,00,FF,FF,FF,FF,FF
109453,12783,0x18F00500,1,8,FF,FF,FF,FF,20,2D,FF,FF
109454,12784,0x18FEF200,1,8,20,00,00,00,00,00,00,FF
109462,12785,0xCF00400,1,8,FF,FF,FF,92,5E,FF,FF,FF
109462,12786,0xCFF6600,1,8,D2,0B,FF,FF,FF,FF,FF,FF
109482,12787,0xCF00400,1,8,FF,FF,FF,82,5E,FF,FF,FF
109482,12788,0xCFF6600,1,8,D0,0B,FF,FF,FF,FF,FF,FF
109502,12789,0xCF00400,1,8,FF,FF,FF,88,5E,FF,FF,FF
109502,12790,0xCFF6600,1,8,D1,0B,FF,FF,FF,FF,FF,FF
109522,12791,0xCF00400,1,8,FF,FF,FF,96,5E,FF,FF,FF
109522,12792,0xCFF6600,1,8,D2,0B,FF,FF,FF,FF,FF,FF
109542,12793,0xCF00400,1,8,FF,FF,FF,64,5E,FF,FF,FF
109542,12794,0xCFF6600,1,8,CC,0B,FF,FF,FF,FF,FF,FF
109552,12795,0x18FEF100,1,8,3F,00,00,FF,FF,FF,FF,FF
109553,12796,0x10FF6500,1,8,FC,FF,FF,FF,FF,FF,FF,FF
109554,12797,0x18F00500,1,8,FF,FF,FF,FF,20,2D,FF,FF
109554,12798,0x18FEF200,1,8,20,00,00,00,00,00,00,FF
109562,12799,0xCF00400,1,8,FF,FF,FF,0C,5E,FF,FF,FF
109562,12800,0xCFF6600,1,8,C1,0B,FF,FF,FF,FF,FF,FF
109582,12801,0xCF00400,1,8,FF,FF,FF,CC,5D,FF,FF,FF
109582,12802,0xCFF6600,1,8,B9,0B,FF,FF,FF,FF,FF,FF
109602,12803,0xCF00400,1,8,FF,FF,FF,92,5D,FF,FF,FF
109602,12804,0xCFF6600,1,8,B2,0B,FF,FF,FF,FF,FF,FF
109622,12805,0xCF00400,1,8,FF,FF,FF,A8,5D,FF,FF,FF
109622,12806,0xCFF6600,1,8,B5,0B,FF,FF,FF,FF,FF,FF
109642,12807,0xCF00400,1,8,FF,FF,FF,F4,5D,FF,FF,FF
109642,12808,0xCFF6600,1,8,BE,0B,FF,FF,FF,FF,FF,FF
109653,12809,0x18FEF100,1,8,3F,00,00,FF,FF,FF,FF,FF
109653,12810,0x18F00500,1,8,FF,FF,FF,FF,20,2D,FF,FF
109654,12811,0x18F00600,1,8,FF,FF,FF,FF,FF,FF,FF,FF
109654,12812,0x18FEF200,1,8,20,00,00,00,00,00,00,FF
109655,12813,0x1CFDDF00,1,8,FE,FF,FF,FF,FF,FF,FF,FF
109656,12814,0x1CFF6A00,1,8,FC,FF,FF,FF,FF,FF,FF,FF
109662,12815,0xCF00400,1,8,FF,FF,FF,EA,5D,FF,FF,FF
109662,12816,0xCFF6600,1,8,BD,0B,FF,FF,FF,FF,FF,FF
109682,12817,0xCF00400,1,8,FF,FF,FF,A6,5D,FF,FF,FF
109682,12818,0xCFF6600,1,8,B4,0B,FF,FF,FF,FF,FF,FF
109702,12819,0xCF00400,1,8,FF,FF,FF,74,5D,FF,FF,FF
109702,12820,0xCFF6600,1,8,AE,0B,FF,FF,FF,FF,FF,FF
109722,12821,0xCF00400,1,8,FF,FF,FF,50,5D,FF,FF,FF
109722,12822,0xCFF6600,1,8,AA,0B,FF,FF,FF,FF,FF,FF
109741,12823,0x18FEFC17,1,8,FF,1E,FF,FF,FF,FF,FF,FF
109742,12824,0xCF00400,1,8,FF,FF,FF,56,5D,FF,FF,FF
109743,12825,0xCFF6600,1,8,AA,0B,FF,FF,FF,FF,FF,FF
109753,12826,0x18FEF100,1,8,3F,00,00,FF,FF,FF,FF,FF
109753,12827,0x10FF6500,1,8,FC,FF,FF,FF,FF,FF,FF,FF
109754,12828,0x18F00500,1,8,FF,FF,FF,FF,20,2D,FF,FF
109755,12829,0x18FEF200,1,8,20,00,00,00,00,00,00,FF
109761,12830,0x18FEF517,1,8,FF,FF,FF,20,1D,FF,FF,FF
109762,12831,0xCF00400,1,8,FF,FF,FF,76,5D,FF,FF,FF
109763,12832,0xCFF6600,1,8,AE,0B,FF,FF,FF,FF,FF,FF
109782,12833,0xCF00400,1,8,FF,FF,FF,9E,5D,FF,FF,FF
109782,12834,0xCFF6600,1,8,B3,0B,FF,FF,FF,FF,FF,FF
109789,12835,0x18FEC117,1,8,F0,1D,00,00,03,1E,00,00
109802,12836,0xCF00400,1,8,FF,FF,FF,CC,5D,FF,FF,FF
109802,12837,0xCFF6600,1,8,B9,0B,FF,FF,FF,FF,FF,FF
109811,12838,0x18FEEE00,1,8,4F,FF,FF,FF,FF,FF,FF,FF
109812,12839,0x18FDE500,1,8,0A,14,1E,28,32,3C,46,13
109822,12840,0xCF00400,1,8,FF,FF,FF,C8,5D,FF,FF,FF
109822,12841,0xCFF6600,1,8,B9,0B,FF,FF,FF,FF,FF,FF
109831,12842,0x1CECFF00,1,8,20,0E,00,02,FF,CA,FE,00
109842,12843,0xCF00400,1,8,FF,FF,FF,9C,5D,FF,FF,FF
109842,12844,0xCFF6600,1,8,B3,0B,FF,FF,FF,FF,FF,FF
109853,12845,0x18FEF100,1,8,3F,00,00,FF,FF,FF,FF,FF
109853,12846,0x18F00500,1,8,FF,FF,FF,FF,20,2D,FF,FF
109854,12847,0x18FEF200,1,8,1F,00,00,00,00,00,00,FF
109862,12848,0xCF00400,1,8,FF,FF,FF,B6,5D,FF,FF,FF
109862,12849,0xCFF6600,1,8,B6,0B,FF,FF,FF,FF,FF,FF
109882,12850,0xCF00400,1,8,FF,FF,FF,FE,5D,FF,FF,FF
109882,12851,0xCFF6600,1,8,BF,0B,FF,FF,FF,FF,FF,FF
109883,12852,0x1CEBFF00,1,8,01,40,FF,0F,F0,E5,01,02
109902,12853,0xCF00400,1,8,FF,FF,FF,3E,5E,FF,FF,FF
109902,12854,0xCFF6600,1,8,C7,0B,FF,FF,FF,FF,FF,FF
109922,12855,0xCF00400,1,8,FF,FF,FF,7C,5E,FF,FF,FF
109922,12856,0xCFF6600,1,8,CF,0B,FF,FF,FF,FF,FF,FF
109931,12857,0x1CEBFF00,1,8,02,F0,E3,02,6E,00,03,01
109942,12858,0xCF00400,1,8,FF,FF,FF,B8,5E,FF,FF,FF
109942,12859,0xCFF6600,1,8,D7,0B,FF,FF,FF,FF,FF,FF
109952,12860,0x18FEF100,1,8,3F,00,00,FF,FF,FF,FF,FF
109953,12861,0x10FF6500,1,8,FC,FF,FF,FF,FF,FF,FF,FF
109954,12862,0x18F00500,1,8,FF,FF,FF,FF,20,2D,FF,FF
109954,12863,0x18FEF200,1,8,1F,00,00,00,00,00,00,FF
109962,12864,0xCF00400,1,8,FF,FF,FF,F0,5E,FF,FF,FF
109962,12865,0xCFF6600,1,8,DE,0B,FF,FF,FF,FF,FF,FF
109982,12866,0xCF00400,1,8,FF,FF,FF,12,5F,FF,FF,FF
109982,12867,0xCFF6600,1,8,E2,0B,FF,FF,FF,FF,FF,FF
110002,12868,0xCF00400,1,8,FF,FF,FF,2A,5F,FF,FF,FF
110002,12869,0xCFF6600,1,8,E5,0B,FF,FF,FF,FF,FF,FF
110022,12870,0xCF00400,1,8,FF,FF,FF,36,5F,FF,FF,FF
110022,12871,0xCFF6600,1,8,E6,0B,FF,FF,FF,FF,FF,FF
110042,12872,0xCF00400,1,8,FF,FF,FF,38,5F,FF,FF,FF
110042,12873,0xCFF6600,1,8,E7,0B,FF,FF,FF,FF,FF,FF
110053,12874,0x18FEF100,1,8,3F,00,00,FF,FF,FF,FF,FF
110054,12875,0x18F00500,1,8,FF,FF,FF,FF,20,2D,FF,FF
110054,12876,0x18FEF200,1,8,1F,00,00,00,00,00,00,FF
110062,12877,0xCF00400,1,8,FF,FF,FF,88,5F,FF,FF,FF
110062,12878,0xCFF6600,1,8,F1,0B,FF,FF,FF,FF,FF,FF
110082,12879,0xCF00400,1,8,FF,FF,FF,34,60,FF,FF,FF
110083,12880,0xCFF6600,1,8,06,0C,FF,FF,FF,FF,FF,FF
110102,12881,0xCF00400,1,8,FF,FF,FF,32,60,FF,FF,FF
110103,12882,0xCFF6600,1,8,06,0C,FF,FF,FF,FF,FF,FF
110122,12883,0xCF00400,1,8,FF,FF,FF,26,60,FF,FF,FF
110123,12884,0xCFF6600,1,8,04,0C,FF,FF,FF,FF,FF,FF
110142,12885,0xCF00400,1,8,FF,FF,FF,14,60,FF,FF,FF
110142,12886,0xCFF6600,1,8,02,0C,FF,FF,FF,FF,FF,FF
110153,12887,0x18FEF100,1,8,3F,00,00,FF,FF,FF,FF,FF
110153,12888,0x10FF6500,1,8,FC,FF,FF,FF,FF,FF,FF,FF
110154,12889,0x18F00500,1,8,FF,FF,FF,FF,20,2D,FF,FF
110154,12890,0x18F00600,1,8,FF,FF,FF,FF,FF,FF,FF,FF
110155,12891,0x18FEF200,1,8,1F,00,00,00,00,00,00,FF
110156,12892,0x1CFDDF00,1,8,FE,FF,FF,FF,FF,FF,FF,FF
110156,12893,0x1CFF6A00,1,8,FC,FF,FF,FF,FF,FF,FF,FF
110162,12894,0xCF00400,1,8,FF,FF,FF,FC,5F,FF,FF,FF
110162,12895,0xCFF6600,1,8,FF,0B,FF,FF,FF,FF,FF,FF
110182,12896,0xCF00400,1,8,FF,FF,FF,E2,5F,FF,FF,FF
110182,12897,0xCFF6600,1,8,FC,0B,FF,FF,FF,FF,FF,FF
110202,12898,0xCF00400,1,8,FF,FF,FF,B0,5F,FF,FF,FF
110202,12899,0xCFF6600,1,8,F6,0B,FF,FF,FF,FF,FF,FF
110222,12900,0xCF00400,1,8,FF,FF,FF,6A,5F,FF,FF,FF
110222,12901,0xCFF6600,1,8,ED,0B,FF,FF,FF,FF,FF,FF
110242,12902,0xCF00400,1,8,FF,FF,FF,64,5F,FF,FF,FF
110242,12903,0xCFF6600,1,8,EC,0B,FF,FF,FF,FF,FF,FF
110253,12904,0x18FEF100,1,8,3F,00,00,FF,FF,FF,FF,FF
110253,12905,0x18F00500,1,8,FF,FF,FF,FF,20,2D,FF,FF
110254,12906,0x18FEF200,1,8,1F,00,00,00,00,00,00,FF
110262,12907,0xCF00400,1,8,FF,FF,FF,88,5F,FF,FF,FF
110262,12908,0xCFF6600,1,8,F1,0B,FF,FF,FF,FF,FF,FF
110282,12909,0xCF00400,1,8,FF,FF,FF,BA,5F,FF,FF,FF
110282,12910,0xCFF6600,1,8,F7,0B,FF,FF,FF,FF,FF,FF
110302,12911,0xCF00400,1,8,FF,FF,FF,FA,5F,FF,FF,FF
110302,12912,0xCFF6600,1,8,FF,0B,FF,FF,FF,FF,FF,FF
110322,12913,0xCF00400,1,8,FF,FF,FF,04,60,FF,FF,FF
110322,12914,0xCFF6600,1,8,00,0C,FF,FF,FF,FF,FF,FF
110342,12915,0xCF00400,1,8,FF,FF,FF,EC,5F,FF,FF,FF
110342,12916,0xCFF6600,1,8,FD,0B,FF,FF,FF,FF,FF,FF
110352,12917,0x18FEF100,1,8,3F,00,00,FF,FF,FF,FF,FF
110353,12918,0x10FF6500,1,8,FC,FF,FF,FF,FF,FF,FF,FF
110354,12919,0x18F00500,1,8,FF,FF,FF,FF,20,2D,FF,FF
110354,12920,0x18FEF200,1,8,1F,00,00,00,00,00,00,FF
110362,12921,0xCF00400,1,8,FF,FF,FF,B4,5F,FF,FF,FF
110362,12922,0xCFF6600,1,8,F6,0B,FF,FF,FF,FF,FF,FF
110382,12923,0xCF00400,1,8,FF,FF,FF,6A,5F,FF,FF,FF
110382,12924,0xCFF6600,1,8,ED,0B,FF,FF,FF,FF,FF,FF
110402,12925,0xCF00400,1,8,FF,FF,FF,5A,5F,FF,FF,FF
110402,12926,0xCFF6600,1,8,EB,0B,FF,FF,FF,FF,FF,FF
110422,12927,0xCF00400,1,8,FF,FF,FF,6C,5F,FF,FF,FF
110422,12928,0xCFF6600,1,8,ED,0B,FF,FF,FF,FF,FF,FF
110442,12929,0xCF00400,1,8,FF,FF,FF,4A,5F,FF,FF,FF
110442,12930,0xCFF6600,1,8,E9,0B,FF,FF,FF,FF,FF,FF
110453,12931,0x18FEF100,1,8,3F,00,00,FF,FF,FF,FF,FF
110453,12932,0x18F00500,1,8,FF,FF,FF,FF,20,2D,FF,FF
110454,12933,0x18FEF200,1,8,1F,00,00,00,00,00,00,FF
110462,12934,0xCF00400,1,8,FF,FF,FF,FE,5E,FF,FF,FF
110462,12935,0xCFF6600,1,8,DF,0B,FF,FF,FF,FF,FF,FF
110482,12936,0xCF00400,1,8,FF,FF,FF,80,5E,FF,FF,FF
110482,12937,0xCFF6600,1,8,D0,0B,FF,FF,FF,FF,FF,FF
110502,12938,0xCF00400,1,8,FF,FF,FF,E0,5D,FF,FF,FF
110502,12939,0xCFF6600,1,8,BC,0B,FF,FF,FF,FF,FF,FF
110522,12940,0xCF00400,1,8,FF,FF,FF,A4,5D,FF,FF,FF
110522,12941,0xCFF6600,1,8,B4,0B,FF,FF,FF,FF,FF,FF
110542,12942,0xCF00400,1,8,FF,FF,FF,B0,5D,FF,FF,FF
110542,12943,0xCFF6600,1,8,B6,0B,FF,FF,FF,FF,FF,FF
110553,12944,0x18FEF100,1,8,3F,00,00,FF,FF,FF,FF,FF
110553,12945,0x10FF6500,1,8,FC,FF,FF,FF,FF,FF,FF,FF
110554,12946,0x18F00500,1,8,FF,FF,FF,FF,20,2D,FF,FF
110554,12947,0x18FEF200,1,8,1F,00,00,00,00,00,00,FF
110562,12948,0xCF00400,1,8,FF,FF,FF,BA,5D,FF,FF,FF
110562,12949,0xCFF6600,1,8,B7,0B,FF,FF,FF,FF,FF,FF
110582,12950,0xCF00400,1,8,FF,FF,FF,C2,5D,FF,FF,FF
110582,12951,0xCFF6600,1,8,B8,0B,FF,FF,FF,FF,FF,FF
110602,12952,0xCF00400,1,8,FF,FF,FF,AE,5D,FF,FF,FF
110602,12953,0xCFF6600,1,8,B5,0B,FF,FF,FF,FF,FF,FF
110622,12954,0xCF00400,1,8,FF,FF,FF,86,5D,FF,FF,FF
110622,12955,0xCFF6600,1,8,B0,0B,FF,FF,FF,FF,FF,FF
110642,12956,0xCF00400,1,8,FF,FF,FF,80,5D,FF,FF,FF
110642,12957,0xCFF6600,1,8,B0,0B,FF,FF,FF,FF,FF,FF
110653,12958,0x18FEF100,1,8,3F,00,00,FF,FF,FF,FF,FF
110653,12959,0x18F00500,1,8,FF,FF,FF,FF,20,2D,FF,FF
110654,12960,0x18F00600,1,8,FF,FF,FF,FF,FF,FF,FF,FF
110655,12961,0x18FEF200,1,8,1F,00,00,00,00,00,00,FF
110655,12962,0x1CFDDF00,1,8,FE,FF,FF,FF,FF,FF,FF,FF
110656,12963,0x1CFF6A00,1,8,FC,FF,FF,FF,FF,FF,FF,FF
110662,12964,0xCF00400,1,8,FF,FF,FF,98,5D,FF,FF,FF
110662,12965,0xCFF6600,1,8,B3,0B,FF,FF,FF,FF,FF,FF
110682,12966,0xCF00400,1,8,FF,FF,FF,62,5D,FF,FF,FF
110682,12967,0xCFF6600,1,8,AC,0B,FF,FF,FF,FF,FF,FF
110702,12968,0xCF00400,1,8,FF,FF,FF,F0,5C,FF,FF,FF
110702,12969,0xCFF6600,1,8,9E,0B,FF,FF,FF,FF,FF,FF
110722,12970,0xCF00400,1,8,FF,FF,FF,96,5C,FF,FF,FF
110722,12971,0xCFF6600,1,8,92,0B,FF,FF,FF,FF,FF,FF
110742,12972,0xCF00400,1,8,FF,FF,FF,5A,5C,FF,FF,FF
110742,12973,0xCFF6600,1,8,8B,0B,FF,FF,FF,FF,FF,FF
110753,12974,0x18FEF100,1,8,3F,00,00,FF,FF,FF,FF,FF
110753,12975,0x10FF6500,1,8,FC,FF,FF,FF,FF,FF,FF,FF
110754,12976,0x18F00500,1,8,FF,FF,FF,FF,20,2D,FF,FF
110754,12977,0x18FEF200,1,8,1F,00,00,00,00,00,00,FF
110762,12978,0xCF00400,1,8,FF,FF,FF,56,5C,FF,FF,FF
110762,12979,0xCFF6600,1,8,8A,0B,FF,FF,FF,FF,FF,FF
110782,12980,0xCF00400,1,8,FF,FF,FF,76,5C,FF,FF,FF
110782,12981,0xCFF6600,1,8,8E,0B,FF,FF,FF,FF,FF,FF
110802,12982,0xCF00400,1,8,FF,FF,FF,78,5C,FF,FF,FF
110802,12983,0xCFF6600,1,8,8F,0B,FF,FF,FF,FF,FF,FF
110812,12984,0x18FEEE00,1,8,4F,FF,FF,FF,FF,FF,FF,FF
110812,12985,0x18FDE500,1,8,0A,14,1E,28,32,3C,46,13
110822,12986,0xCF00400,1,8,FF,FF,FF,66,5C,FF,FF,FF
110822,12987,0xCFF6600,1,8,8C,0B,FF,FF,FF,FF,FF,FF
110831,12988,0x1CECFF00,1,8,20,0E,00,02,FF,CA,FE,00
110842,12989,0xCF00400,1,8,FF,FF,FF,BC,5C,FF,FF,FF
110842,12990,0xCFF6600,1,8,97,0B,FF,FF,FF,FF,FF,FF
110853,12991,0x18FEF100,1,8,3F,00,00,FF,FF,FF,FF,FF
110853,12992,0x18F00500,1,8,FF,FF,FF,FF,20,2D,FF,FF
110854,12993,0x18FEF200,1,8,20,00,00,00,00,00,00,FF
110862,12994,0xCF00400,1,8,FF,FF,FF,4C,5D,FF,FF,FF
110862,12995,0xCFF6600,1,8,A9,0B,FF,FF,FF,FF,FF,FF
110882,12996,0xCF00400,1,8,FF,FF,FF,7A,5D,FF,FF,FF
110882,12997,0xCFF6600,1,8,AF,0B,FF,FF,FF,FF,FF,FF
110883,12998,0x1CEBFF00,1,8,01,40,FF,0F,F0,E5,01,02
110902,12999,0xCF00400,1,8,FF,FF,FF,6C,5D,FF,FF,FF
110902,13000,0xCFF6600,1,8,AD,0B,FF,FF,FF,FF,FF,FF
110922,13001,0xCF00400,1,8,FF,FF,FF,2C,5D,FF,FF,FF
110922,13002,0xCFF6600,1,8,A5,0B,FF,FF,FF,FF,FF,FF
110932,13003,0x1CEBFF00,1,8,02,F0,E3,02,6E,00,03,01
110942,13004,0xCF00400,1,8,FF,FF,FF,CA,5C,FF,FF,FF
110942,13005,0xCFF6600,1,8,99,0B,FF,FF,FF,FF,FF,FF
110953,13006,0x18FEF100,1,8,3F,00,00,FF,FF,FF,FF,FF
110953,13007,0x10FF6500,1,8,FC,FF,FF,FF,FF,FF,FF,FF
110954,13008,0x18F00500,1,8,FF,FF,FF,FF,20,2D,FF,FF
110954,13009,0x18FEF200,1,8,20,00,00,00,00,00,00,FF
110962,13010,0xCF00400,1,8,FF,FF,FF,C2,5C,FF,FF,FF
110962,13011,0xCFF6600,1,8,98,0B,FF,FF,FF,FF,FF,FF
110982,13012,0xCF00400,1,8,FF,FF,FF,00,5D,FF,FF,FF
110982,13013,0xCFF6600,1,8,A0,0B,FF,FF,FF,FF,FF,FF
111002,13014,0xCF00400,1,8,FF,FF,FF,28,5D,FF,FF,FF
111002,13015,0xCFF6600,1,8,A5,0B,FF,FF,FF,FF,FF,FF
111022,13016,0xCF00400,1,8,FF,FF,FF,4A,5D,FF,FF,FF
111022,13017,0xCFF6600,1,8,A9,0B,FF,FF,FF,FF,FF,FF
111042,13018,0xCF00400,1,8,FF,FF,FF,14,5D,FF,FF,FF
111042,13019,0xCFF6600,1,8,A2,0B,FF,FF,FF,FF,FF,FF
111053,13020,0x18FEF100,1,8,3F,00,00,FF,FF,FF,FF,FF
111053,13021,0x18F00500,1,8,FF,FF,FF,FF,20,2D,FF,FF
111054,13022,0x18FEF200,1,8,20,00,00,00,00,00,00,FF
111062,13023,0xCF00400,1,8,FF,FF,FF,9C,5C,FF,FF,FF
111062,13024,0xCFF6600,1,8,93,0B,FF,FF,FF,FF,FF,FF
111082,13025,0xCF00400,1,8,FF,FF,FF,1C,5C,FF,FF,FF
111082,13026,0xCFF6600,1,8,83,0B,FF,FF,FF,FF,FF,FF
111102,13027,0xCF00400,1,8,FF,FF,FF,98,5B,FF,FF,FF
111102,13028,0xCFF6600,1,8,73,0B,FF,FF,FF,FF,FF,FF
111122,13029,0xCF00400,1,8,FF,FF,FF,34,5B,FF,FF,FF
111122,13030,0xCFF6600,1,8,66,0B,FF,FF,FF,FF,FF,FF
111142,13031,0xCF00400,1,8,FF,FF,FF,E2,5A,FF,FF,FF
111142,13032,0xCFF6600,1,8,5C,0B,FF,FF,FF,FF,FF,FF
111153,13033,0x18FEF100,1,8,3F,00,00,FF,FF,FF,FF,FF
111153,13034,0x10FF6500,1,8,FC,FF,FF,FF,FF,FF,FF,FF
111154,13035,0x18F00500,1,8,FF,FF,FF,FF,20,2D,FF,FF
111155,13036,0x18F00600,1,8,FF,FF,FF,FF,FF,FF,FF,FF
111155,13037,0x18FEF200,1,8,20,00,00,00,00,00,00,FF
111156,13038,0x1CFDDF00,1,8,FE,FF,FF,FF,FF,FF,FF,FF
111156,13039,0x1CFF6A00,1,8,FC,FF,FF,FF,FF,FF,FF,FF
111162,13040,0xCF00400,1,8,FF,FF,FF,E4,5A,FF,FF,FF
111163,13041,0xCFF6600,1,8,5C,0B,FF,FF,FF,FF,FF,FF
111182,13042,0xCF00400,1,8,FF,FF,FF,20,5B,FF,FF,FF
111183,13043,0xCFF6600,1,8,64,0B,FF,FF,FF,FF,FF,FF
111202,13044,0xCF00400,1,8,FF,FF,FF,74,5B,FF,FF,FF
111203,13045,0xCFF6600,1,8,6E,0B,FF,FF,FF,FF,FF,FF
111222,13046,0xCF00400,1,8,FF,FF,FF,74,5B,FF,FF,FF
111222,13047,0xCFF6600,1,8,6E,0B,FF,FF,FF,FF,FF,FF
111242,13048,0xCF00400,1,8,FF,FF,FF,DA,5B,FF,FF,FF
111242,13049,0xCFF6600,1,8,7B,0B,FF,FF,FF,FF,FF,FF
111253,13050,0x18FEF100,1,8,3F,00,00,FF,FF,FF,FF,FF
111254,13051,0x18F00500,1,8,FF,FF,FF,FF,20,2D,FF,FF
111254,13052,0x18FEF200,1,8,20,00,00,00,00,00,00,FF
111262,13053,0xCF00400,1,8,FF,FF,FF,1C,5C,FF,FF,FF
111262,13054,0xCFF6600,1,8,83,0B,FF,FF,FF,FF,FF,FF
111282,13055,0xCF00400,1,8,FF,FF,FF,46,5C,FF,FF,FF
111282,13056,0xCFF6600,1,8,88,0B,FF,FF,FF,FF,FF,FF
111302,13057,0xCF00400,1,8,FF,FF,FF,9C,5C,FF,FF,FF
111302,13058,0xCFF6600,1,8,93,0B,FF,FF,FF,FF,FF,FF
111322,13059,0xCF00400,1,8,FF,FF,FF,00,5D,FF,FF,FF
111322,13060,0xCFF6600,1,8,A0,0B,FF,FF,FF,FF,FF,FF
111342,13061,0xCF00400,1,8,FF,FF,FF,26,5D,FF,FF,FF
111342,13062,0xCFF6600,1,8,A4,0B,FF,FF,FF,FF,FF,FF
111353,13063,0x18FEF100,1,8,3F,00,00,FF,FF,FF,FF,FF
111353,13064,0x10FF6500,1,8,FC,FF,FF,FF,FF,FF,FF,FF
111354,13065,0x18F00500,1,8,FF,FF,FF,FF,20,2D,FF,FF
111355,13066,0x18FEF200,1,8,20,00,00,00,00,00,00,FF
111362,13067,0xCF00400,1,8,FF,FF,FF,2E,5D,FF,FF,FF
111362,13068,0xCFF6600,1,8,A5,0B,FF,FF,FF,FF,FF,FF
111382,13069,0xCF00400,1,8,FF,FF,FF,32,5D,FF,FF,FF
111382,13070,0xCFF6600,1,8,A6,0B,FF,FF,FF,FF,FF,FF
111402,13071,0xCF00400,1,8,FF,FF,FF,34,5D,FF,FF,FF
111402,13072,0xCFF6600,1,8,A6,0B,FF,FF,FF,FF,FF,FF
111422,13073,0xCF00400,1,8,FF,FF,FF,FA,5C,FF,FF,FF
111422,13074,0xCFF6600,1,8,9F,0B,FF,FF,FF,FF,FF,FF
111442,13075,0xCF00400,1,8,FF,FF,FF,9A,5C,FF,FF,FF
111442,13076,0xCFF6600,1,8,93,0B,FF,FF,FF,FF,FF,FF
111453,13077,0x18FEF100,1,8,3F,00,00,FF,FF,FF,FF,FF
111453,13078,0x18F00500,1,8,FF,FF,FF,FF,20,2D,FF,FF
111454,13079,0x18FEF200,1,8,20,00,00,00,00,00,00,FF
111462,13080,0xCF00400,1,8,FF,FF,FF,90,5C,FF,FF,FF
111462,13081,0xCFF6600,1,8,92,0B,FF,FF,FF,FF,FF,FF
111482,13082,0xCF00400,1,8,FF,FF,FF,C0,5C,FF,FF,FF
111482,13083,0xCFF6600,1,8,98,0B,FF,FF,FF,FF,FF,FF
111502,13084,0xCF00400,1,8,FF,FF,FF,F4,5C,FF,FF,FF
111502,13085,0xCFF6600,1,8,9E,0B,FF,FF,FF,FF,FF,FF
111522,13086,0xCF00400,1,8,FF,FF,FF,22,5D,FF,FF,FF
111522,13087,0xCFF6600,1,8,A4,0B,FF,FF,FF,FF,FF,FF
111542,13088,0xCF00400,1,8,FF,FF,FF,8A,5D,FF,FF,FF
111542,13089,0xCFF6600,1,8,B1,0B,FF,FF,FF,FF,FF,FF
111553,13090,0x18FEF100,1,8,3F,00,00,FF,FF,FF,FF,FF
111553,13091,0x10FF6500,1,8,FC,FF,FF,FF,FF,FF,FF,FF
111554,13092,0x18F00500,1,8,FF,FF,FF,FF,20,2D,FF,FF
111554,13093,0x18FEF200,1,8,20,00,00,00,00,00,00,FF
111562,13094,0xCF00400,1,8,FF,FF,FF,10,5E,FF,FF,FF
111562,13095,0xCFF6600,1,8,C2,0B,FF,FF,FF,FF,FF,FF
111582,13096,0xCF00400,1,8,FF,FF,FF,70,5E,FF,FF,FF
111582,13097,0xCFF6600,1,8,CE,0B,FF,FF,FF,FF,FF,FF
111602,13098,0xCF00400,1,8,FF,FF,FF,BE,5E,FF,FF,FF
111602,13099,0xCFF6600,1,8,D7,0B,FF,FF,FF,FF,FF,FF
111622,13100,0xCF00400,1,8,FF,FF,FF,04,5F,FF,FF,FF
111622,13101,0xCFF6600,1,8,E0,0B,FF,FF,FF,FF,FF,FF
111642,13102,0xCF00400,1,8,FF,FF,FF,42,5F,FF,FF,FF
111642,13103,0xCFF6600,1,8,E8,0B,FF,FF,FF,FF,FF,FF
111653,13104,0x18FEF100,1,8,3F,00,00,FF,FF,FF,FF,FF
111653,13105,0x18F00500,1,8,FF,FF,FF,FF,20,2D,FF,FF
111654,13106,0x18F00600,1,8,FF,FF,FF,FF,FF,FF,FF,FF
111654,13107,0x18FEF200,1,8,20,00,00,00,00,00,00,FF
111655,13108,0x1CFDDF00,1,8,FE,FF,FF,FF,FF,FF,FF,FF
111655,13109,0x1CFF6A00,1,8,FC,FF,FF,FF,FF,FF,FF,FF
111662,13110,0xCF00400,1,8,FF,FF,FF,8A,5F,FF,FF,FF
111662,13111,0xCFF6600,1,8,F1,0B,FF,FF,FF,FF,FF,FF
111682,13112,0xCF00400,1,8,FF,FF,FF,D8,5F,FF,FF,FF
111682,13113,0xCFF6600,1,8,FB,0B,FF,FF,FF,FF,FF,FF
111702,13114,0xCF00400,1,8,FF,FF,FF,5C,60,FF,FF,FF
111703,13115,0xCFF6600,1,8,0B,0C,FF,FF,FF,FF,FF,FF
111722,13116,0xCF00400,1,8,FF,FF,FF,56,60,FF,FF,FF
111723,13117,0xCFF6600,1,8,0A,0C,FF,FF,FF,FF,FF,FF
111742,13118,0xCF00400,1,8,FF,FF,FF,2C,60,FF,FF,FF
111743,13119,0xCFF6600,1,8,05,0C,FF,FF,FF,FF,FF,FF
111752,13120,0x18FEF100,1,8,3F,00,00,FF,FF,FF,FF,FF
111753,13121,0x10FF6500,1,8,FC,FF,FF,FF,FF,FF,FF,FF
111754,13122,0x18F00500,1,8,FF,FF,FF,FF,20,2D,FF,FF
111754,13123,0x18FEF200,1,8,20,00,00,00,00,00,00,FF
111762,13124,0xCF00400,1,8,FF,FF,FF,56,60,FF,FF,FF
111762,13125,0xCFF6600,1,8,0A,0C,FF,FF,FF,FF,FF,FF
111782,13126,0xCF00400,1,8,FF,FF,FF,AC,60,FF,FF,FF
111782,13127,0xCFF6600,1,8,15,0C,FF,FF,FF,FF,FF,FF
111802,13128,0xCF00400,1,8,FF,FF,FF,CC,60,FF,FF,FF
111802,13129,0xCFF6600,1,8,19,0C,FF,FF,FF,FF,FF,FF
111811,13130,0x18FEEE00,1,8,4F,FF,FF,FF,FF,FF,FF,FF
111812,13131,0x18FDE500,1,8,0A,14,1E,28,32,3C,46,13
111822,13132,0xCF00400,1,8,FF,FF,FF,D4,60,FF,FF,FF
111822,13133,0xCFF6600,1,8,1A,0C,FF,FF,FF,FF,FF,FF
111831,13134,0x1CECFF00,1,8,20,0E,00,02,FF,CA,FE,00
111842,13135,0xCF00400,1,8,FF,FF,FF,EC,60,FF,FF,FF
111842,13136,0xCFF6600,1,8,1D,0C,FF,FF,FF,FF,FF,FF
111853,13137,0x18FEF100,1,8,3F,00,00,FF,FF,FF,FF,FF
111853,13138,0x18F00500,1,8,FF,FF,FF,FF,20,2D,FF,FF
111854,13139,0x18FEF200,1,8,20,00,00,00,00,00,00,FF
111862,13140,0xCF00400,1,8,FF,FF,FF,04,61,FF,FF,FF
111862,13141,0xCFF6600,1,8,20,0C,FF,FF,FF,FF,FF,FF
111882,13142,0xCF00400,1,8,FF,FF,FF,06,61,FF,FF,FF
111882,13143,0xCFF6600,1,8,20,0C,FF,FF,FF,FF,FF,FF
111883,13144,0x1CEBFF00,1,8,01,40,FF,0F,F0,E5,01,02
111902,13145,0xCF00400,1,8,FF,FF,FF,02,61,FF,FF,FF
111902,13146,0xCFF6600,1,8,20,0C,FF,FF,FF,FF,FF,FF
111922,13147,0xCF00400,1,8,FF,FF,FF,EA,60,FF,FF,FF
111922,13148,0xCFF6600,1,8,1D,0C,FF,FF,FF,FF,FF,FF
111932,13149,0x1CEBFF00,1,8,02,F0,E3,02,6E,00,03,01
111942,13150,0xCF00400,1,8,FF,FF,FF,C0,60,FF,FF,FF
111942,13151,0xCFF6600,1,8,18,0C,FF,FF,FF,FF,FF,FF
111952,13152,0x18FEF100,1,8,3F,00,00,FF,FF,FF,FF,FF
111953,13153,0x18F00500,1,8,FF,FF,FF,FF,20,2D,FF,FF
111954,13154,0x10FF6500,1,8,FC,FF,FF,FF,FF,FF,FF,FF
111954,13155,0x18FEF200,1,8,20,00,00,00,00,00,00,FF
111962,13156,0xCF00400,1,8,FF,FF,FF,3E,60,FF,FF,FF
111962,13157,0xCFF6600,1,8,07,0C,FF,FF,FF,FF,FF,FF
111982,13158,0xCF00400,1,8,FF,FF,FF,74,5F,FF,FF,FF
111982,13159,0xCFF6600,1,8,EE,0B,FF,FF,FF,FF,FF,FF
112002,13160,0xCF00400,1,8,FF,FF,FF,22,5F,FF,FF,FF
112002,13161,0xCFF6600,1,8,E4,0B,FF,FF,FF,FF,FF,FF
112022,13162,0xCF00400,1,8,FF,FF,FF,2C,5F,FF,FF,FF
112022,13163,0xCFF6600,1,8,E5,0B,FF,FF,FF,FF,FF,FF
112042,13164,0xCF00400,1,8,FF,FF,FF,08,5F,FF,FF,FF
112042,13165,0xCFF6600,1,8,E1,0B,FF,FF,FF,FF,FF,FF
112053,13166,0x18FEF100,1,8,3F,00,00,FF,FF,FF,FF,FF
112054,13167,0x18F00500,1,8,FF,FF,FF,FF,20,2D,FF,FF
112054,13168,0x18FEF200,1,8,20,00,00,00,00,00,00,FF
112062,13169,0xCF00400,1,8,FF,FF,FF,C0,5E,FF,FF,FF
112062,13170,0xCFF6600,1,8,D8,0B,FF,FF,FF,FF,FF,FF
112082,13171,0xCF00400,1,8,FF,FF,FF,9E,5E,FF,FF,FF
112082,13172,0xCFF6600,1,8,D3,0B,FF,FF,FF,FF,FF,FF
112102,13173,0xCF00400,1,8,FF,FF,FF,96,5E,FF,FF,FF
112102,13174,0xCFF6600,1,8,D2,0B,FF,FF,FF,FF,FF,FF
112122,13175,0xCF00400,1,8,FF,FF,FF,8A,5E,FF,FF,FF
112123,13176,0xCFF6600,1,8,D1,0B,FF,FF,FF,FF,FF,FF
112142,13177,0xCF00400,1,8,FF,FF,FF,7C,5E,FF,FF,FF
112143,13178,0xCFF6600,1,8,CF,0B,FF,FF,FF,FF,FF,FF
112153,13179,0x18FEF100,1,8,3F,00,00,FF,FF,FF,FF,FF
112154,13180,0x10FF6500,1,8,FC,FF,FF,FF,FF,FF,FF,FF
112154,13181,0x18F00500,1,8,FF,FF,FF,FF,20,2D,FF,FF
112155,13182,0x18F00600,1,8,FF,FF,FF,FF,FF,FF,FF,FF
112155,13183,0x18FEF200,1,8,20,00,00,00,00,00,00,FF
112156,13184,0x1CFDDF00,1,8,FE,FF,FF,FF,FF,FF,FF,FF
112157,13185,0x1CFF6A00,1,8,FC,FF,FF,FF,FF,FF,FF,FF
112162,13186,0xCF00400,1,8,FF,FF,FF,86,5E,FF,FF,FF
112163,13187,0xCFF6600,1,8,D0,0B,FF,FF,FF,FF,FF,FF
112182,13188,0xCF00400,1,8,FF,FF,FF,A6,5E,FF,FF,FF
112183,13189,0xCFF6600,1,8,D4,0B,FF,FF,FF,FF,FF,FF
112202,13190,0xCF00400,1,8,FF,FF,FF,7A,5E,FF,FF,FF
112203,13191,0xCFF6600,1,8,CF,0B,FF,FF,FF,FF,FF,FF
112222,13192,0xCF00400,1,8,FF,FF,FF,1E,5E,FF,FF,FF
112223,13193,0xCFF6600,1,8,C3,0B,FF,FF,FF,FF,FF,FF
112242,13194,0xCF00400,1,8,FF,FF,FF,E4,5D,FF,FF,FF
112243,13195,0xCFF6600,1,8,BC,0B,FF,FF,FF,FF,FF,FF
112253,13196,0x18FEF100,1,8,3F,00,00,FF,FF,FF,FF,FF
112254,13197,0x18F00500,1,8,FF,FF,FF,FF,20,2D,FF,FF
112254,13198,0x18FEF200,1,8,20,00,00,00,00,00,00,FF
112262,13199,0xCF00400,1,8,FF,FF,FF,C6,5D,FF,FF,FF
112263,13200,0xCFF6600,1,8,B8,0B,FF,FF,FF,FF,FF,FF
112282,13201,0xCF00400,1,8,FF,FF,FF,DC,5D,FF,FF,FF
112283,13202,0xCFF6600,1,8,BB,0B,FF,FF,FF,FF,FF,FF
112302,13203,0xCF00400,1,8,FF,FF,FF,1A,5E,FF,FF,FF
112303,13204,0xCFF6600,1,8,C3,0B,FF,FF,FF,FF,FF,FF
112322,13205,0xCF00400,1,8,FF,FF,FF,5A,5E,FF,FF,FF
112323,13206,0xCFF6600,1,8,CB,0B,FF,FF,FF,FF,FF,FF
112342,13207,0xCF00400,1,8,FF,FF,FF,A0,5E,FF,FF,FF
112343,13208,0xCFF6600,1,8,D4,0B,FF,FF,FF,FF,FF,FF
112353,13209,0x18FEF100,1,8,3F,00,00,FF,FF,FF,FF,FF
112353,13210,0x10FF6500,1,8,FC,FF,FF,FF,FF,FF,FF,FF
112354,13211,0x18F00500,1,8,FF,FF,FF,FF,20,2D,FF,FF
112355,13212,0x18FEF200,1,8,20,00,00,00,00,00,00,FF
112362,13213,0xCF00400,1,8,FF,FF,FF,8A,5E,FF,FF,FF
112362,13214,0xCFF6600,1,8,D1,0B,FF,FF,FF,FF,FF,FF
112382,13215,0xCF00400,1,8,FF,FF,FF,3C,5E,FF,FF,FF
112382,13216,0xCFF6600,1,8,C7,0B,FF,FF,FF,FF,FF,FF
112402,13217,0xCF00400,1,8,FF,FF,FF,32,5E,FF,FF,FF
112402,13218,0xCFF6600,1,8,C6,0B,FF,FF,FF,FF,FF,FF
112422,13219,0xCF00400,1,8,FF,FF,FF,4E,5E,FF,FF,FF
112422,13220,0xCFF6600,1,8,C9,0B,FF,FF,FF,FF,FF,FF
112442,13221,0xCF00400,1,8,FF,FF,FF,32,5E,FF,FF,FF
112442,13222,0xCFF6600,1,8,C6,0B,FF,FF,FF,FF,FF,FF
112452,13223,0x18FEF100,1,8,3F,00,00,FF,FF,FF,FF,FF
112453,13224,0x18F00500,1,8,FF,FF,FF,FF,20,2D,FF,FF
112454,13225,0x18FEF200,1,8,20,00,00,00,00,00,00,FF
112462,13226,0xCF00400,1,8,FF,FF,FF,EC,5D,FF,FF,FF
112462,13227,0xCFF6600,1,8,BD,0B,FF,FF,FF,FF,FF,FF
112482,13228,0xCF00400,1,8,FF,FF,FF,9E,5D,FF,FF,FF
112482,13229,0xCFF6600,1,8,B3,0B,FF,FF,FF,FF,FF,FF
112502,13230,0xCF00400,1,8,FF,FF,FF,42,5D,FF,FF,FF
112503,13231,0xCFF6600,1,8,A8,0B,FF,FF,FF,FF,FF,FF
112522,13232,0xCF00400,1,8,FF,FF,FF,D8,5C,FF,FF,FF
112523,13233,0xCFF6600,1,8,9B,0B,FF,FF,FF,FF,FF,FF
112542,13234,0xCF00400,1,8,FF,FF,FF,64,5C,FF,FF,FF
112543,13235,0xCFF6600,1,8,8C,0B,FF,FF,FF,FF,FF,FF
112553,13236,0x18FEF100,1,8,3F,00,00,FF,FF,FF,FF,FF
112554,13237,0x10FF6500,1,8,FC,FF,FF,FF,FF,FF,FF,FF
112554,13238,0x18F00500,1,8,FF,FF,FF,FF,20,2D,FF,FF
112555,13239,0x18FEF200,1,8,20,00,00,00,00,00,00,FF
112562,13240,0xCF00400,1,8,FF,FF,FF,30,5C,FF,FF,FF
112563,13241,0xCFF6600,1,8,86,0B,FF,FF,FF,FF,FF,FF
112582,13242,0xCF00400,1,8,FF,FF,FF,2A,5C,FF,FF,FF
112582,13243,0xCFF6600,1,8,85,0B,FF,FF,FF,FF,FF,FF
112602,13244,0xCF00400,1,8,FF,FF,FF,F0,5B,FF,FF,FF
112602,13245,0xCFF6600,1,8,7E,0B,FF,FF,FF,FF,FF,FF
112622,13246,0xCF00400,1,8,FF,FF,FF,92,5B,FF,FF,FF
112622,13247,0xCFF6600,1,8,72,0B,FF,FF,FF,FF,FF,FF
112642,13248,0xCF00400,1,8,FF,FF,FF,6E,5B,FF,FF,FF
112642,13249,0xCFF6600,1,8,6D,0B,FF,FF,FF,FF,FF,FF
112653,13250,0x18FEF100,1,8,3F,00,00,FF,FF,FF,FF,FF
112653,13251,0x18F00500,1,8,FF,FF,FF,FF,20,2D,FF,FF
112654,13252,0x18F00600,1,8,FF,FF,FF,FF,FF,FF,FF,FF
112654,13253,0x18FEF200,1,8,20,00,00,00,00,00,00,FF
112655,13254,0x1CFDDF00,1,8,FE,FF,FF,FF,FF,FF,FF,FF
112656,13255,0x1CFF6A00,1,8,FC,FF,FF,FF,FF,FF,FF,FF
112662,13256,0xCF00400,1,8,FF,FF,FF,78,5B,FF,FF,FF
112662,13257,0xCFF6600,1,8,6F,0B,FF,FF,FF,FF,FF,FF
112682,13258,0xCF00400,1,8,FF,FF,FF,8C,5B,FF,FF,FF
112682,13259,0xCFF6600,1,8,71,0B,FF,FF,FF,FF,FF,FF
112702,13260,0xCF00400,1,8,FF,FF,FF,A4,5B,FF,FF,FF
112702,13261,0xCFF6600,1,8,74,0B,FF,FF,FF,FF,FF,FF
112722,13262,0xCF00400,1,8,FF,FF,FF,CC,5B,FF,FF,FF
112722,13263,0xCFF6600,1,8,79,0B,FF,FF,FF,FF,FF,FF
112742,13264,0xCF00400,1,8,FF,FF,FF,F6,5B,FF,FF,FF
112742,13265,0xCFF6600,1,8,7E,0B,FF,FF,FF,FF,FF,FF
112753,13266,0x18FEF100,1,8,3F,00,00,FF,FF,FF,FF,FF
112753,13267,0x10FF6500,1,8,FC,FF,FF,FF,FF,FF,FF,FF
112754,13268,0x18F00500,1,8,FF,FF,FF,FF,20,2D,FF,FF
112754,13269,0x18FEF200,1,8,20,00,00,00,00,00,00,FF
112762,13270,0xCF00400,1,8,FF,FF,FF,26,5C,FF,FF,FF
112762,13271,0xCFF6600,1,8,84,0B,FF,FF,FF,FF,FF,FF
112782,13272,0xCF00400,1,8,FF,FF,FF,5E,5C,FF,FF,FF
112782,13273,0xCFF6600,1,8,8B,0B,FF,FF,FF,FF,FF,FF
112802,13274,0xCF00400,1,8,FF,FF,FF,72,5C,FF,FF,FF
112802,13275,0xCFF6600,1,8,8E,0B,FF,FF,FF,FF,FF,FF
112811,13276,0x18FEEE00,1,8,4F,FF,FF,FF,FF,FF,FF,FF
112812,13277,0x18FDE500,1,8,0A,14,1E,28,32,3C,46,13
112822,13278,0xCF00400,1,8,FF,FF,FF,78,5C,FF,FF,FF
112822,13279,0xCFF6600,1,8,8F,0B,FF,FF,FF,FF,FF,FF
112831,13280,0x1CECFF00,1,8,20,0E,00,02,FF,CA,FE,00
112842,13281,0xCF00400,1,8,FF,FF,FF,4C,5C,FF,FF,FF
112842,13282,0xCFF6600,1,8,89,0B,FF,FF,FF,FF,FF,FF
112853,13283,0x18FEF100,1,8,3F,00,00,FF,FF,FF,FF,FF
112853,13284,0x18F00500,1,8,FF,FF,FF,FF,20,2D,FF,FF
112854,13285,0x18FEF200,1,8,20,00,00,00,00,00,00,FF
112862,13286,0xCF00400,1,8,FF,FF,FF,FA,5B,FF,FF,FF
112862,13287,0xCFF6600,1,8,7F,0B,FF,FF,FF,FF,FF,FF
112882,13288,0xCF00400,1,8,FF,FF,FF,BC,5B,FF,FF,FF
112882,13289,0xCFF6600,1,8,77,0B,FF,FF,FF,FF,FF,FF
112883,13290,0x1CEBFF00,1,8,01,40,FF,0F,F0,E5,01,02
112902,13291,0xCF00400,1,8,FF,FF,FF,8A,5B,FF,FF,FF
112902,13292,0xCFF6600,1,8,71,0B,FF,FF,FF,FF,FF,FF
112922,13293,0xCF00400,1,8,FF,FF,FF,B2,5B,FF,FF,FF
112922,13294,0xCFF6600,1,8,76,0B,FF,FF,FF,FF,FF,FF
112931,13295,0x1CEBFF00,1,8,02,F0,E3,02,6E,00,03,01
112942,13296,0xCF00400,1,8,FF,FF,FF,14,5C,FF,FF,FF
112942,13297,0xCFF6600,1,8,82,0B,FF,FF,FF,FF,FF,FF
112953,13298,0x18FEF100,1,8,3F,00,00,FF,FF,FF,FF,FF
112953,13299,0x10FF6500,1,8,FC,FF,FF,FF,FF,FF,FF,FF
112954,13300,0x18F00500,1,8,FF,FF,FF,FF,20,2D,FF,FF
112954,13301,0x18FEF200,1,8,20,00,00,00,00,00,00,FF
112962,13302,0xCF00400,1,8,FF,FF,FF,04,5C,FF,FF,FF
112962,13303,0xCFF6600,1,8,80,0B,FF,FF,FF,FF,FF,FF
112982,13304,0xCF00400,1,8,FF,FF,FF,A4,5B,FF,FF,FF
112982,13305,0xCFF6600,1,8,74,0B,FF,FF,FF,FF,FF,FF
113002,13306,0xCF00400,1,8,FF,FF,FF,8E,5B,FF,FF,FF
113002,13307,0xCFF6600,1,8,71,0B,FF,FF,FF,FF,FF,FF
113022,13308,0xCF00400,1,8,FF,FF,FF,A6,5B,FF,FF,FF
113023,13309,0xCFF6600,1,8,74,0B,FF,FF,FF,FF,FF,FF
113042,13310,0xCF00400,1,8,FF,FF,FF,8C,5B,FF,FF,FF
113043,13311,0xCFF6600,1,8,71,0B,FF,FF,FF,FF,FF,FF
113053,13312,0x18FEF100,1,8,3F,00,00,FF,FF,FF,FF,FF
113054,13313,0x18F00500,1,8,FF,FF,FF,FF,20,2D,FF,FF
113054,13314,0x18FEF200,1,8,20,00,00,00,00,00,00,FF
113062,13315,0xCF00400,1,8,FF,FF,FF,5C,5B,FF,FF,FF
113063,13316,0xCFF6600,1,8,6B,0B,FF,FF,FF,FF,FF,FF
113082,13317,0xCF00400,1,8,FF,FF,FF,5C,5B,FF,FF,FF
113082,13318,0xCFF6600,1,8,6B,0B,FF,FF,FF,FF,FF,FF
113102,13319,0xCF00400,1,8,FF,FF,FF,7A,5B,FF,FF,FF
113102,13320,0xCFF6600,1,8,6F,0B,FF,FF,FF,FF,FF,FF
113122,13321,0xCF00400,1,8,FF,FF,FF,CA,5B,FF,FF,FF
113122,13322,0xCFF6600,1,8,79,0B,FF,FF,FF,FF,FF,FF
113142,13323,0xCF00400,1,8,FF,FF,FF,F2,5B,FF,FF,FF
113142,13324,0xCFF6600,1,8,7E,0B,FF,FF,FF,FF,FF,FF
113153,13325,0x18FEF100,1,8,3F,00,00,FF,FF,FF,FF,FF
113153,13326,0x10FF6500,1,8,FC,FF,FF,FF,FF,FF,FF,FF
113154,13327,0x18F00500,1,8,FF,FF,FF,FF,20,2D,FF,FF
113154,13328,0x18F00600,1,8,FF,FF,FF,FF,FF,FF,FF,FF
113155,13329,0x18FEF200,1,8,20,00,00,00,00,00,00,FF
113156,13330,0x1CFDDF00,1,8,FE,FF,FF,FF,FF,FF,FF,FF
113156,13331,0x1CFF6A00,1,8,FC,FF,FF,FF,FF,FF,FF,FF
113162,13332,0xCF00400,1,8,FF,FF,FF,02,5C,FF,FF,FF
113162,13333,0xCFF6600,1,8,80,0B,FF,FF,FF,FF,FF,FF
113182,13334,0xCF00400,1,8,FF,FF,FF,EC,5B,FF,FF,FF
113182,13335,0xCFF6600,1,8,7D,0B,FF,FF,FF,FF,FF,FF
113202,13336,0xCF00400,1,8,FF,FF,FF,B8,5B,FF,FF,FF
113202,13337,0xCFF6600,1,8,77,0B,FF,FF,FF,FF,FF,FF
113222,13338,0xCF00400,1,8,FF,FF,FF,A0,5B,FF,FF,FF
113222,13339,0xCFF6600,1,8,74,0B,FF,FF,FF,FF,FF,FF
113242,13340,0xCF00400,1,8,FF,FF,FF,9C,5B,FF,FF,FF
113242,13341,0xCFF6600,1,8,73,0B,FF,FF,FF,FF,FF,FF
113253,13342,0x18FEF100,1,8,3F,00,00,FF,FF,FF,FF,FF
113253,13343,0x18F00500,1,8,FF,FF,FF,FF,20,2D,FF,FF
113254,13344,0x18FEF200,1,8,20,00,00,00,00,00,00,FF
113262,13345,0xCF00400,1,8,FF,FF,FF,C4,5B,FF,FF,FF
113262,13346,0xCFF6600,1,8,78,0B,FF,FF,FF,FF,FF,FF
113282,13347,0xCF00400,1,8,FF,FF,FF,0E,5C,FF,FF,FF
113282,13348,0xCFF6600,1,8,81,0B,FF,FF,FF,FF,FF,FF
113302,13349,0xCF00400,1,8,FF,FF,FF,46,5C,FF,FF,FF
113302,13350,0xCFF6600,1,8,88,0B,FF,FF,FF,FF,FF,FF
113322,13351,0xCF00400,1,8,FF,FF,FF,78,5C,FF,FF,FF
113322,13352,0xCFF6600,1,8,8F,0B,FF,FF,FF,FF,FF,FF
113342,13353,0xCF00400,1,8,FF,FF,FF,96,5C,FF,FF,FF
113342,13354,0xCFF6600,1,8,92,0B,FF,FF,FF,FF,FF,FF
113353,13355,0x18FEF100,1,8,3F,00,00,FF,FF,FF,FF,FF
113353,13356,0x10FF6500,1,8,FC,FF,FF,FF,FF,FF,FF,FF
113354,13357,0x18F00500,1,8,FF,FF,FF,FF,20,2D,FF,FF
113354,13358,0x18FEF200,1,8,20,00,00,00,00,00,00,FF
113362,13359,0xCF00400,1,8,FF,FF,FF,9E,5C,FF,FF,FF
113362,13360,0xCFF6600,1,8,93,0B,FF,FF,FF,FF,FF,FF
113382,13361,0xCF00400,1,8,FF,FF,FF,74,5C,FF,FF,FF
113382,13362,0xCFF6600,1,8,8E,0B,FF,FF,FF,FF,FF,FF
113402,13363,0xCF00400,1,8,FF,FF,FF,24,5C,FF,FF,FF
113402,13364,0xCFF6600,1,8,84,0B,FF,FF,FF,FF,FF,FF
113422,13365,0xCF00400,1,8,FF,FF,FF,24,5C,FF,FF,FF
113422,13366,0xCFF6600,1,8,84,0B,FF,FF,FF,FF,FF,FF
113442,13367,0xCF00400,1,8,FF,FF,FF,58,5C,FF,FF,FF
113442,13368,0xCFF6600,1,8,8B,0B,FF,FF,FF,FF,FF,FF
113453,13369,0x18FEF100,1,8,3F,00,00,FF,FF,FF,FF,FF
113453,13370,0x18F00500,1,8,FF,FF,FF,FF,20,2D,FF,FF
113454,13371,0x18FEF200,1,8,20,00,00,00,00,00,00,FF
113462,13372,0xCF00400,1,8,FF,FF,FF,AC,5C,FF,FF,FF
113462,13373,0xCFF6600,1,8,95,0B,FF,FF,FF,FF,FF,FF
113482,13374,0xCF00400,1,8,FF,FF,FF,0E,5D,FF,FF,FF
113482,13375,0xCFF6600,1,8,A1,0B,FF,FF,FF,FF,FF,FF
113502,13376,0xCF00400,1,8,FF,FF,FF,D6,5C,FF,FF,FF
113502,13377,0xCFF6600,1,8,9A,0B,FF,FF,FF,FF,FF,FF
113522,13378,0xCF00400,1,8,FF,FF,FF,3C,5C,FF,FF,FF
113522,13379,0xCFF6600,1,8,87,0B,FF,FF,FF,FF,FF,FF
113542,13380,0xCF00400,1,8,FF,FF,FF,16,5C,FF,FF,FF
113542,13381,0xCFF6600,1,8,82,0B,FF,FF,FF,FF,FF,FF
113552,13382,0x18FEF100,1,8,3F,00,00,FF,FF,FF,FF,FF
113553,13383,0x18F00500,1,8,FF,FF,FF,FF,20,2D,FF,FF
113554,13384,0x10FF6500,1,8,FC,FF,FF,FF,FF,FF,FF,FF
113554,13385,0x18FEF200,1,8,20,00,00,00,00,00,00,FF
113562,13386,0xCF00400,1,8,FF,FF,FF,46,5C,FF,FF,FF
113562,13387,0xCFF6600,1,8,88,0B,FF,FF,FF,FF,FF,FF
113582,13388,0xCF00400,1,8,FF,FF,FF,74,5C,FF,FF,FF
113582,13389,0xCFF6600,1,8,8E,0B,FF,FF,FF,FF,FF,FF
113602,13390,0xCF00400,1,8,FF,FF,FF,A2,5C,FF,FF,FF
113603,13391,0xCFF6600,1,8,94,0B,FF,FF,FF,FF,FF,FF
113622,13392,0xCF00400,1,8,FF,FF,FF,D2,5C,FF,FF,FF
113623,13393,0xCFF6600,1,8,9A,0B,FF,FF,FF,FF,FF,FF
113642,13394,0xCF00400,1,8,FF,FF,FF,FC,5C,FF,FF,FF
113643,13395,0xCFF6600,1,8,9F,0B,FF,FF,FF,FF,FF,FF
113653,13396,0x18FEF100,1,8,3F,00,00,FF,FF,FF,FF,FF
113654,13397,0x18F00500,1,8,FF,FF,FF,FF,20,2D,FF,FF
113654,13398,0x18F00600,1,8,FF,FF,FF,FF,FF,FF,FF,FF
113655,13399,0x18FEF200,1,8,20,00,00,00,00,00,00,FF
113656,13400,0x1CFDDF00,1,8,FE,FF,FF,FF,FF,FF,FF,FF
113656,13401,0x1CFF6A00,1,8,FC,FF,FF,FF,FF,FF,FF,FF
113662,13402,0xCF00400,1,8,FF,FF,FF,3A,5D,FF,FF,FF
113663,13403,0xCFF6600,1,8,A7,0B,FF,FF,FF,FF,FF,FF
113682,13404,0xCF00400,1,8,FF,FF,FF,7E,5D,FF,FF,FF
113683,13405,0xCFF6600,1,8,AF,0B,FF,FF,FF,FF,FF,FF
113702,13406,0xCF00400,1,8,FF,FF,FF,C2,5D,FF,FF,FF
113703,13407,0xCFF6600,1,8,B8,0B,FF,FF,FF,FF,FF,FF
113722,13408,0xCF00400,1,8,FF,FF,FF,0C,5E,FF,FF,FF
113723,13409,0xCFF6600,1,8,C1,0B,FF,FF,FF,FF,FF,FF
113742,13410,0xCF00400,1,8,FF,FF,FF,0E,5E,FF,FF,FF
113742,13411,0xCFF6600,1,8,C1,0B,FF,FF,FF,FF,FF,FF
113753,13412,0x18FEF100,1,8,3F,00,00,FF,FF,FF,FF,FF
113754,13413,0x10FF6500,1,8,FC,FF,FF,FF,FF,FF,FF,FF
113754,13414,0x18F00500,1,8,FF,FF,FF,FF,20,2D,FF,FF
113755,13415,0x18FEF200,1,8,20,00,00,00,00,00,00,FF
113762,13416,0xCF00400,1,8,FF,FF,FF,DE,5D,FF,FF,FF
113763,13417,0xCFF6600,1,8,BB,0B,FF,FF,FF,FF,FF,FF
113782,13418,0xCF00400,1,8,FF,FF,FF,CC,5D,FF,FF,FF
113782,13419,0xCFF6600,1,8,B9,0B,FF,FF,FF,FF,FF,FF
113802,13420,0xCF00400,1,8,FF,FF,FF,DA,5D,FF,FF,FF
113803,13421,0xCFF6600,1,8,BB,0B,FF,FF,FF,FF,FF,FF
113812,13422,0x18FEEE00,1,8,4F,FF,FF,FF,FF,FF,FF,FF
113812,13423,0x18FDE500,1,8,0A,14,1E,28,32,3C,46,13
113822,13424,0xCF00400,1,8,FF,FF,FF,1C,5E,FF,FF,FF
113822,13425,0xCFF6600,1,8,C3,0B,FF,FF,FF,FF,FF,FF
113831,13426,0x1CECFF00,1,8,20,0E,00,02,FF,CA,FE,00
113842,13427,0xCF00400,1,8,FF,FF,FF,82,5E,FF,FF,FF
113842,13428,0xCFF6600,1,8,D0,0B,FF,FF,FF,FF,FF,FF
113853,13429,0x18FEF100,1,8,3F,00,00,FF,FF,FF,FF,FF
113853,13430,0x18F00500,1,8,FF,FF,FF,FF,20,2D,FF,FF
113854,13431,0x18FEF200,1,8,1F,00,00,00,00,00,00,FF
113862,13432,0xCF00400,1,8,FF,FF,FF,B6,5E,FF,FF,FF
113862,13433,0xCFF6600,1,8,D6,0B,FF,FF,FF,FF,FF,FF
113882,13434,0xCF00400,1,8,FF,FF,FF,C6,5E,FF,FF,FF
113882,13435,0xCFF6600,1,8,D8,0B,FF,FF,FF,FF,FF,FF
113883,13436,0x1CEBFF00,1,8,01,40,FF,0F,F0,E5,01,02
113902,13437,0xCF00400,1,8,FF,FF,FF,CA,5E,FF,FF,FF
113902,13438,0xCFF6600,1,8,D9,0B,FF,FF,FF,FF,FF,FF
113922,13439,0xCF00400,1,8,FF,FF,FF,C2,5E,FF,FF,FF
113922,13440,0xCFF6600,1,8,D8,0B,FF,FF,FF,FF,FF,FF
113931,13441,0x1CEBFF00,1,8,02,F0,E3,02,6E,00,03,01
113942,13442,0xCF00400,1,8,FF,FF,FF,E0,5E,FF,FF,FF
113942,13443,0xCFF6600,1,8,DC,0B,FF,FF,FF,FF,FF,FF
113952,13444,0x18FEF100,1,8,3F,00,00,FF,FF,FF,FF,FF
113953,13445,0x10FF6500,1,8,FC,FF,FF,FF,FF,FF,FF,FF
113954,13446,0x18F00500,1,8,FF,FF,FF,FF,20,2D,FF,FF
113954,13447,0x18FEF200,1,8,1F,00,00,00,00,00,00,FF
113962,13448,0xCF00400,1,8,FF,FF,FF,16,5F,FF,FF,FF
113962,13449,0xCFF6600,1,8,E2,0B,FF,FF,FF,FF,FF,FF
113982,13450,0xCF00400,1,8,FF,FF,FF,5C,5F,FF,FF,FF
113982,13451,0xCFF6600,1,8,EB,0B,FF,FF,FF,FF,FF,FF
114002,13452,0xCF00400,1,8,FF,FF,FF,AE,5F,FF,FF,FF
114002,13453,0xCFF6600,1,8,F5,0B,FF,FF,FF,FF,FF,FF
114022,13454,0xCF00400,1,8,FF,FF,FF,00,60,FF,FF,FF
114022,13455,0xCFF6600,1,8,00,0C,FF,FF,FF,FF,FF,FF
114042,13456,0xCF00400,1,8,FF,FF,FF,58,60,FF,FF,FF
114042,13457,0xCFF6600,1,8,0B,0C,FF,FF,FF,FF,FF,FF
114052,13458,0x18FEF100,1,8,3F,00,00,FF,FF,FF,FF,FF
114053,13459,0x18F00500,1,8,FF,FF,FF,FF,20,2D,FF,FF
114054,13460,0x18FEF200,1,8,1F,00,00,00,00,00,00,FF
114062,13461,0xCF00400,1,8,FF,FF,FF,44,60,FF,FF,FF
114062,13462,0xCFF6600,1,8,08,0C,FF,FF,FF,FF,FF,FF
114082,13463,0xCF00400,1,8,FF,FF,FF,EA,5F,FF,FF,FF
114082,13464,0xCFF6600,1,8,FD,0B,FF,FF,FF,FF,FF,FF
114102,13465,0xCF00400,1,8,FF,FF,FF,66,5F,FF,FF,FF
114102,13466,0xCFF6600,1,8,EC,0B,FF,FF,FF,FF,FF,FF
114122,13467,0xCF00400,1,8,FF,FF,FF,BE,5E,FF,FF,FF
114122,13468,0xCFF6600,1,8,D7,0B,FF,FF,FF,FF,FF,FF
114142,13469,0xCF00400,1,8,FF,FF,FF,76,5E,FF,FF,FF
114142,13470,0xCFF6600,1,8,CE,0B,FF,FF,FF,FF,FF,FF
114152,13471,0x18FEF100,1,8,3F,00,00,FF,FF,FF,FF,FF
114153,13472,0x10FF6500,1,8,FC,FF,FF,FF,FF,FF,FF,FF
114154,13473,0x18F00500,1,8,FF,FF,FF,FF,20,2D,FF,FF
114154,13474,0x18F00600,1,8,FF,FF,FF,FF,FF,FF,FF,FF
114155,13475,0x18FEF200,1,8,1F,00,00,00,00,00,00,FF
114155,13476,0x1CFDDF00,1,8,FE,FF,FF,FF,FF,FF,FF,FF
114156,13477,0x1CFF6A00,1,8,FC,FF,FF,FF,FF,FF,FF,FF
114162,13478,0xCF00400,1,8,FF,FF,FF,66,5E,FF,FF,FF
114162,13479,0xCFF6600,1,8,CC,0B,FF,FF,FF,FF,FF,FF
114182,13480,0xCF00400,1,8,FF,FF,FF,5E,5E,FF,FF,FF
114182,13481,0xCFF6600,1,8,CB,0B,FF,FF,FF,FF,FF,FF
114202,13482,0xCF00400,1,8,FF,FF,FF,6E,5E,FF,FF,FF
114202,13483,0xCFF6600,1,8,CD,0B,FF,FF,FF,FF,FF,FF
114222,13484,0xCF00400,1,8,FF,FF,FF,32,5E,FF,FF,FF
114222,13485,0xCFF6600,1,8,C6,0B,FF,FF,FF,FF,FF,FF
114242,13486,0xCF00400,1,8,FF,FF,FF,BC,5D,FF,FF,FF
114242,13487,0xCFF6600,1,8,B7,0B,FF,FF,FF,FF,FF,FF
114253,13488,0x18FEF100,1,8,3F,00,00,FF,FF,FF,FF,FF
114253,13489,0x18F00500,1,8,FF,FF,FF,FF,20,2D,FF,FF
114254,13490,0x18FEF200,1,8,1F,00,00,00,00,00,00,FF
114262,13491,0xCF00400,1,8,FF,FF,FF,78,5D,FF,FF,FF
114262,13492,0xCFF6600,1,8,AF,0B,FF,FF,FF,FF,FF,FF
114282,13493,0xCF00400,1,8,FF,FF,FF,56,5D,FF,FF,FF
114282,13494,0xCFF6600,1,8,AA,0B,FF,FF,FF,FF,FF,FF
114302,13495,0xCF00400,1,8,FF,FF,FF,0C,5D,FF,FF,FF
114302,13496,0xCFF6600,1,8,A1,0B,FF,FF,FF,FF,FF,FF
114322,13497,0xCF00400,1,8,FF,FF,FF,AC,5C,FF,FF,FF
114322,13498,0xCFF6600,1,8,95,0B,FF,FF,FF,FF,FF,FF
114342,13499,0xCF00400,1,8,FF,FF,FF,6A,5C,FF,FF,FF
114342,13500,0xCFF6600,1,8,8D,0B,FF,FF,FF,FF,FF,FF
114352,13501,0x18FEF100,1,8,3F,00,00,FF,FF,FF,FF,FF
114353,13502,0x18F00500,1,8,FF,FF,FF,FF,20,2D,FF,FF
114354,13503,0x10FF6500,1,8,FC,FF,FF,FF,FF,FF,FF,FF
114354,13504,0x18FEF200,1,8,1F,00,00,00,00,00,00,FF
114362,13505,0xCF00400,1,8,FF,FF,FF,36,5C,FF,FF,FF
114362,13506,0xCFF6600,1,8,86,0B,FF,FF,FF,FF,FF,FF
114382,13507,0xCF00400,1,8,FF,FF,FF,E0,5B,FF,FF,FF
114382,13508,0xCFF6600,1,8,7C,0B,FF,FF,FF,FF,FF,FF
114402,13509,0xCF00400,1,8,FF,FF,FF,6C,5B,FF,FF,FF
114402,13510,0xCFF6600,1,8,6D,0B,FF,FF,FF,FF,FF,FF
114422,13511,0xCF00400,1,8,FF,FF,FF,2A,5B,FF,FF,FF
114422,13512,0xCFF6600,1,8,65,0B,FF,FF,FF,FF,FF,FF
114442,13513,0xCF00400,1,8,FF,FF,FF,10,5B,FF,FF,FF
114442,13514,0xCFF6600,1,8,62,0B,FF,FF,FF,FF,FF,FF
114453,13515,0x18FEF100,1,8,3F,00,00,FF,FF,FF,FF,FF
114453,13516,0x18F00500,1,8,FF,FF,FF,FF,20,2D,FF,FF
114454,13517,0x18FEF200,1,8,1F,00,00,00,00,00,00,FF
114462,13518,0xCF00400,1,8,FF,FF,FF,20,5B,FF,FF,FF
114462,13519,0xCFF6600,1,8,64,0B,FF,FF,FF,FF,FF,FF
114482,13520,0xCF00400,1,8,FF,FF,FF,4E,5B,FF,FF,FF
114482,13521,0xCFF6600,1,8,69,0B,FF,FF,FF,FF,FF,FF
114502,13522,0xCF00400,1,8,FF,FF,FF,E4,5A,FF,FF,FF
114503,13523,0xCFF6600,1,8,5C,0B,FF,FF,FF,FF,FF,FF
114522,13524,0xCF00400,1,8,FF,FF,FF,04,5A,FF,FF,FF
114522,13525,0xCFF6600,1,8,40,0B,FF,FF,FF,FF,FF,FF
114542,13526,0xCF00400,1,8,FF,FF,FF,74,59,FF,FF,FF
114542,13527,0xCFF6600,1,8,2E,0B,FF,FF,FF,FF,FF,FF
114553,13528,0x18FEF100,1,8,3F,00,00,FF,FF,FF,FF,FF
114553,13529,0x10FF6500,1,8,FC,FF,FF,FF,FF,FF,FF,FF
114554,13530,0x18F00500,1,8,FF,FF,FF,FF,20,2D,FF,FF
114554,13531,0x18FEF200,1,8,1F,00,00,00,00,00,00,FF
114562,13532,0xCF00400,1,8,FF,FF,FF,1E,59,FF,FF,FF
114562,13533,0xCFF6600,1,8,23,0B,FF,FF,FF,FF,FF,FF
114582,13534,0xCF00400,1,8,FF,FF,FF,D4,58,FF,FF,FF
114582,13535,0xCFF6600,1,8,1A,0B,FF,FF,FF,FF,FF,FF
114602,13536,0xCF00400,1,8,FF,FF,FF,90,58,FF,FF,FF
114602,13537,0xCFF6600,1,8,12,0B,FF,FF,FF,FF,FF,FF
114622,13538,0xCF00400,1,8,FF,FF,FF,26,58,FF,FF,FF
114622,13539,0xCFF6600,1,8,04,0B,FF,FF,FF,FF,FF,FF
114642,13540,0xCF00400,1,8,FF,FF,FF,9C,57,FF,FF,FF
114642,13541,0xCFF6600,1,8,F3,0A,FF,FF,FF,FF,FF,FF
114653,13542,0x18FEF100,1,8,3F,00,00,FF,FF,FF,FF,FF
114653,13543,0x18F00500,1,8,FF,FF,FF,FF,20,2D,FF,FF
114654,13544,0x18F00600,1,8,FF,FF,FF,FF,FF,FF,FF,FF
114655,13545,0x18FEF200,1,8,1F,00,00,00,00,00,00,FF
114655,13546,0x1CFDDF00,1,8,FE,FF,FF,FF,FF,FF,FF,FF
114656,13547,0x1CFF6A00,1,8,FC,FF,FF,FF,FF,FF,FF,FF
114662,13548,0xCF00400,1,8,FF,FF,FF,98,57,FF,FF,FF
114662,13549,0xCFF6600,1,8,F3,0A,FF,FF,FF,FF,FF,FF
114682,13550,0xCF00400,1,8,FF,FF,FF,FA,57,FF,FF,FF
114683,13551,0xCFF6600,1,8,FF,0A,FF,FF,FF,FF,FF,FF
114702,13552,0xCF00400,1,8,FF,FF,FF,FA,57,FF,FF,FF
114702,13553,0xCFF6600,1,8,FF,0A,FF,FF,FF,FF,FF,FF
114722,13554,0xCF00400,1,8,FF,FF,FF,3A,58,FF,FF,FF
114722,13555,0xCFF6600,1,8,07,0B,FF,FF,FF,FF,FF,FF
114741,13556,0x18FEFC17,1,8,FF,1F,FF,FF,FF,FF,FF,FF
114742,13557,0xCF00400,1,8,FF,FF,FF,60,58,FF,FF,FF
114742,13558,0xCFF6600,1,8,0C,0B,FF,FF,FF,FF,FF,FF
114753,13559,0x18FEF100,1,8,3F,00,00,FF,FF,FF,FF,FF
114753,13560,0x10FF6500,1,8,FC,FF,FF,FF,FF,FF,FF,FF
114754,13561,0x18F00500,1,8,FF,FF,FF,FF,20,2D,FF,FF
114754,13562,0x18FEF200,1,8,1F,00,00,00,00,00,00,FF
114761,13563,0x18FEF517,1,8,FF,FF,FF,20,1D,FF,FF,FF
114762,13564,0xCF00400,1,8,FF,FF,FF,40,58,FF,FF,FF
114762,13565,0xCFF6600,1,8,08,0B,FF,FF,FF,FF,FF,FF
114782,13566,0xCF00400,1,8,FF,FF,FF,F2,57,FF,FF,FF
114782,13567,0xCFF6600,1,8,FE,0A,FF,FF,FF,FF,FF,FF
114788,13568,0x18FEC117,1,8,F0,1D,00,00,03,1E,00,00
114802,13569,0xCF00400,1,8,FF,FF,FF,C4,57,FF,FF,FF
114802,13570,0xCFF6600,1,8,F8,0A,FF,FF,FF,FF,FF,FF
114812,13571,0x18FEEE00,1,8,4F,FF,FF,FF,FF,FF,FF,FF
114812,13572,0x18FDE500,1,8,0A,14,1E,28,32,3C,46,13
114822,13573,0xCF00400,1,8,FF,FF,FF,B2,57,FF,FF,FF
114822,13574,0xCFF6600,1,8,F6,0A,FF,FF,FF,FF,FF,FF
114831,13575,0x1CECFF00,1,8,20,0E,00,02,FF,CA,FE,00
114842,13576,0xCF00400,1,8,FF,FF,FF,EE,57,FF,FF,FF
114843,13577,0xCFF6600,1,8,FD,0A,FF,FF,FF,FF,FF,FF
114853,13578,0x18FEF100,1,8,3F,00,00,FF,FF,FF,FF,FF
114854,13579,0x18F00500,1,8,FF,FF,FF,FF,20,2D,FF,FF
114854,13580,0x18FEF200,1,8,20,00,00,00,00,00,00,FF
114862,13581,0xCF00400,1,8,FF,FF,FF,5C,58,FF,FF,FF
114862,13582,0xCFF6600,1,8,0B,0B,FF,FF,FF,FF,FF,FF
114882,13583,0xCF00400,1,8,FF,FF,FF,5E,58,FF,FF,FF
114882,13584,0xCFF6600,1,8,0B,0B,FF,FF,FF,FF,FF,FF
114883,13585,0x1CEBFF00,1,8,01,40,FF,0F,F0,E5,01,02
114902,13586,0xCF00400,1,8,FF,FF,FF,0C,58,FF,FF,FF
114902,13587,0xCFF6600,1,8,01,0B,FF,FF,FF,FF,FF,FF
114922,13588,0xCF00400,1,8,FF,FF,FF,EA,57,FF,FF,FF
114922,13589,0xCFF6600,1,8,FD,0A,FF,FF,FF,FF,FF,FF
114932,13590,0x1CEBFF00,1,8,02,F0,E3,02,6E,00,03,01
114942,13591,0xCF00400,1,8,FF,FF,FF,E4,57,FF,FF,FF
114942,13592,0xCFF6600,1,8,FC,0A,FF,FF,FF,FF,FF,FF
114952,13593,0x18FEF100,1,8,3F,00,00,FF,FF,FF,FF,FF
114953,13594,0x18F00500,1,8,FF,FF,FF,FF,20,2D,FF,FF
114954,13595,0x10FF6500,1,8,FC,FF,FF,FF,FF,FF,FF,FF
114954,13596,0x18FEF200,1,8,20,00,00,00,00,00,00,FF
114962,13597,0xCF00400,1,8,FF,FF,FF,BE,57,FF,FF,FF
114962,13598,0xCFF6600,1,8,F7,0A,FF,FF,FF,FF,FF,FF
114982,13599,0xCF00400,1,8,FF,FF,FF,8E,57,FF,FF,FF
114982,13600,0xCFF6600,1,8,F1,0A,FF,FF,FF,FF,FF,FF
115002,13601,0xCF00400,1,8,FF,FF,FF,80,57,FF,FF,FF
115003,13602,0xCFF6600,1,8,F0,0A,FF,FF,FF,FF,FF,FF
115022,13603,0xCF00400,1,8,FF,FF,FF,80,57,FF,FF,FF
115022,13604,0xCFF6600,1,8,F0,0A,FF,FF,FF,FF,FF,FF
115042,13605,0xCF00400,1,8,FF,FF,FF,86,57,FF,FF,FF
115042,13606,0xCFF6600,1,8,F0,0A,FF,FF,FF,FF,FF,FF
115053,13607,0x18FEF100,1,8,3F,00,00,FF,FF,FF,FF,FF
115053,13608,0x18F00500,1,8,FF,FF,FF,FF,20,2D,FF,FF
115054,13609,0x18FEF200,1,8,20,00,00,00,00,00,00,FF
115062,13610,0xCF00400,1,8,FF,FF,FF,AA,57,FF,FF,FF
115062,13611,0xCFF6600,1,8,F5,0A,FF,FF,FF,FF,FF,FF
115082,13612,0xCF00400,1,8,FF,FF,FF,E0,57,FF,FF,FF
115082,13613,0xCFF6600,1,8,FC,0A,FF,FF,FF,FF,FF,FF
115102,13614,0xCF00400,1,8,FF,FF,FF,DC,57,FF,FF,FF
115102,13615,0xCFF6600,1,8,FB,0A,FF,FF,FF,FF,FF,FF
115122,13616,0xCF00400,1,8,FF,FF,FF,BC,57,FF,FF,FF
115122,13617,0xCFF6600,1,8,F7,0A,FF,FF,FF,FF,FF,FF
115142,13618,0xCF00400,1,8,FF,FF,FF,BC,57,FF,FF,FF
115142,13619,0xCFF6600,1,8,F7,0A,FF,FF,FF,FF,FF,FF
115153,13620,0x18FEF100,1,8,3F,00,00,FF,FF,FF,FF,FF
115154,13621,0x10FF6500,1,8,FC,FF,FF,FF,FF,FF,FF,FF
115154,13622,0x18F00500,1,8,FF,FF,FF,FF,20,2D,FF,FF
115155,13623,0x18F00600,1,8,FF,FF,FF,FF,FF,FF,FF,FF
115155,13624,0x18FEF200,1,8,20,00,00,00,00,00,00,FF
115156,13625,0x1CFDDF00,1,8,FE,FF,FF,FF,FF,FF,FF,FF
115156,13626,0x1CFF6A00,1,8,FC,FF,FF,FF,FF,FF,FF,FF
115162,13627,0xCF00400,1,8,FF,FF,FF,D4,57,FF,FF,FF
115163,13628,0xCFF6600,1,8,FA,0A,FF,FF,FF,FF,FF,FF
115182,13629,0xCF00400,1,8,FF,FF,FF,2C,58,FF,FF,FF
115182,13630,0xCFF6600,1,8,05,0B,FF,FF,FF,FF,FF,FF
115202,13631,0xCF00400,1,8,FF,FF,FF,AC,58,FF,FF,FF
115202,13632,0xCFF6600,1,8,15,0B,FF,FF,FF,FF,FF,FF
115222,13633,0xCF00400,1,8,FF,FF,FF,00,59,FF,FF,FF
115222,13634,0xCFF6600,1,8,20,0B,FF,FF,FF,FF,FF,FF
115242,13635,0xCF00400,1,8,FF,FF,FF,36,59,FF,FF,FF
115242,13636,0xCFF6600,1,8,26,0B,FF,FF,FF,FF,FF,FF
115253,13637,0x18FEF100,1,8,3F,00,00,FF,FF,FF,FF,FF
115253,13638,0x18F00500,1,8,FF,FF,FF,FF,20,2D,FF,FF
115254,13639,0x18FEF200,1,8,20,00,00,00,00,00,00,FF
115262,13640,0xCF00400,1,8,FF,FF,FF,74,59,FF,FF,FF
115262,13641,0xCFF6600,1,8,2E,0B,FF,FF,FF,FF,FF,FF
115282,13642,0xCF00400,1,8,FF,FF,FF,BE,59,FF,FF,FF
115282,13643,0xCFF6600,1,8,37,0B,FF,FF,FF,FF,FF,FF
115302,13644,0xCF00400,1,8,FF,FF,FF,C8,59,FF,FF,FF
115302,13645,0xCFF6600,1,8,39,0B,FF,FF,FF,FF,FF,FF
115322,13646,0xCF00400,1,8,FF,FF,FF,A4,59,FF,FF,FF
115322,13647,0xCFF6600,1,8,34,0B,FF,FF,FF,FF,FF,FF
115342,13648,0xCF00400,1,8,FF,FF,FF,A8,59,FF,FF,FF
115342,13649,0xCFF6600,1,8,35,0B,FF,FF,FF,FF,FF,FF
115353,13650,0x18FEF100,1,8,3F,00,00,FF,FF,FF,FF,FF
115353,13651,0x10FF6500,1,8,FC,FF,FF,FF,FF,FF,FF,FF
115354,13652,0x18F00500,1,8,FF,FF,FF,FF,20,2D,FF,FF
115354,13653,0x18FEF200,1,8,20,00,00,00,00,00,00,FF
115362,13654,0xCF00400,1,8,FF,FF,FF,C8,59,FF,FF,FF
115362,13655,0xCFF6600,1,8,39,0B,FF,FF,FF,FF,FF,FF
115382,13656,0xCF00400,1,8,FF,FF,FF,C0,59,FF,FF,FF
115383,13657,0xCFF6600,1,8,38,0B,FF,FF,FF,FF,FF,FF
115402,13658,0xCF00400,1,8,FF,FF,FF,C0,59,FF,FF,FF
115402,13659,0xCFF6600,1,8,38,0B,FF,FF,FF,FF,FF,FF
115422,13660,0xCF00400,1,8,FF,FF,FF,9E,59,FF,FF,FF
115422,13661,0xCFF6600,1,8,33,0B,FF,FF,FF,FF,FF,FF
115442,13662,0xCF00400,1,8,FF,FF,FF,CE,59,FF,FF,FF
115442,13663,0xCFF6600,1,8,39,0B,FF,FF,FF,FF,FF,FF
115453,13664,0x18FEF100,1,8,3F,00,00,FF,FF,FF,FF,FF
115453,13665,0x18F00500,1,8,FF,FF,FF,FF,20,2D,FF,FF
115454,13666,0x18FEF200,1,8,20,00,00,00,00,00,00,FF
115462,13667,0xCF00400,1,8,FF,FF,FF,3A,5A,FF,FF,FF
115462,13668,0xCFF6600,1,8,47,0B,FF,FF,FF,FF,FF,FF
115482,13669,0xCF00400,1,8,FF,FF,FF,8A,5A,FF,FF,FF
115482,13670,0xCFF6600,1,8,51,0B,FF,FF,FF,FF,FF,FF
115502,13671,0xCF00400,1,8,FF,FF,FF,D2,5A,FF,FF,FF
115502,13672,0xCFF6600,1,8,5A,0B,FF,FF,FF,FF,FF,FF
115522,13673,0xCF00400,1,8,FF,FF,FF,20,5B,FF,FF,FF
115522,13674,0xCFF6600,1,8,64,0B,FF,FF,FF,FF,FF,FF
115542,13675,0xCF00400,1,8,FF,FF,FF,74,5B,FF,FF,FF
115542,13676,0xCFF6600,1,8,6E,0B,FF,FF,FF,FF,FF,FF
115553,13677,0x18FEF100,1,8,3F,00,00,FF,FF,FF,FF,FF
115553,13678,0x10FF6500,1,8,FC,FF,FF,FF,FF,FF,FF,FF
115554,13679,0x18F00500,1,8,FF,FF,FF,FF,20,2D,FF,FF
115554,13680,0x18FEF200,1,8,20,00,00,00,00,00,00,FF
115562,13681,0xCF00400,1,8,FF,FF,FF,72,5B,FF,FF,FF
115562,13682,0xCFF6600,1,8,6E,0B,FF,FF,FF,FF,FF,FF
115582,13683,0xCF00400,1,8,FF,FF,FF,38,5B,FF,FF,FF
115582,13684,0xCFF6600,1,8,67,0B,FF,FF,FF,FF,FF,FF
115602,13685,0xCF00400,1,8,FF,FF,FF,50,5B,FF,FF,FF
115602,13686,0xCFF6600,1,8,6A,0B,FF,FF,FF,FF,FF,FF
115622,13687,0xCF00400,1,8,FF,FF,FF,9E,5B,FF,FF,FF
115622,13688,0xCFF6600,1,8,73,0B,FF,FF,FF,FF,FF,FF
115642,13689,0xCF00400,1,8,FF,FF,FF,9C,5B,FF,FF,FF
115642,13690,0xCFF6600,1,8,73,0B,FF,FF,FF,FF,FF,FF
115653,13691,0x18FEF100,1,8,3F,00,00,FF,FF,FF,FF,FF
115653,13692,0x18F00500,1,8,FF,FF,FF,FF,20,2D,FF,FF
115654,13693,0x18F00600,1,8,FF,FF,FF,FF,FF,FF,FF,FF
115655,13694,0x18FEF200,1,8,20,00,00,00,00,00,00,FF
115655,13695,0x1CFDDF00,1,8,FE,FF,FF,FF,FF,FF,FF,FF
115656,13696,0x1CFF6A00,1,8,FC,FF,FF,FF,FF,FF,FF,FF
115662,13697,0xCF00400,1,8,FF,FF,FF,62,5B,FF,FF,FF
115662,13698,0xCFF6600,1,8,6C,0B,FF,FF,FF,FF,FF,FF
115682,13699,0xCF00400,1,8,FF,FF,FF,A6,5B,FF,FF,FF
115682,13700,0xCFF6600,1,8,74,0B,FF,FF,FF,FF,FF,FF
115702,13701,0xCF00400,1,8,FF,FF,FF,32,5C,FF,FF,FF
115702,13702,0xCFF6600,1,8,86,0B,FF,FF,FF,FF,FF,FF
115722,13703,0xCF00400,1,8,FF,FF,FF,56,5C,FF,FF,FF
115722,13704,0xCFF6600,1,8,8A,0B,FF,FF,FF,FF,FF,FF
115742,13705,0xCF00400,1,8,FF,FF,FF,2C,5C,FF,FF,FF
115743,13706,0xCFF6600,1,8,85,0B,FF,FF,FF,FF,FF,FF
115753,13707,0x18FEF100,1,8,3F,00,00,FF,FF,FF,FF,FF
115754,13708,0x10FF6500,1,8,FC,FF,FF,FF,FF,FF,FF,FF
115754,13709,0x18F00500,1,8,FF,FF,FF,FF,20,2D,FF,FF
115755,13710,0x18FEF200,1,8,20,00,00,00,00,00,00,FF
115762,13711,0xCF00400,1,8,FF,FF,FF,00,5C,FF,FF,FF
115763,13712,0xCFF6600,1,8,80,0B,FF,FF,FF,FF,FF,FF
115782,13713,0xCF00400,1,8,FF,FF,FF,DA,5B,FF,FF,FF
115783,13714,0xCFF6600,1,8,7B,0B,FF,FF,FF,FF,FF,FF
115802,13715,0xCF00400,1,8,FF,FF,FF,18,5C,FF,FF,FF
115803,13716,0xCFF6600,1,8,83,0B,FF,FF,FF,FF,FF,FF
115811,13717,0x18FEEE00,1,8,50,FF,FF,FF,FF,FF,FF,FF
115812,13718,0x18FDE500,1,8,0A,14,1E,28,32,3C,46,13
115822,13719,0xCF00400,1,8,FF,FF,FF,94,5C,FF,FF,FF
115823,13720,0xCFF6600,1,8,92,0B,FF,FF,FF,FF,FF,FF
115831,13721,0x1CECFF00,1,8,20,0E,00,02,FF,CA,FE,00
115842,13722,0xCF00400,1,8,FF,FF,FF,EC,5C,FF,FF,FF
115843,13723,0xCFF6600,1,8,9D,0B,FF,FF,FF,FF,FF,FF
115853,13724,0x18FEF100,1,8,3F,00,00,FF,FF,FF,FF,FF
115854,13725,0x18F00500,1,8,FF,FF,FF,FF,20,2D,FF,FF
115854,13726,0x18FEF200,1,8,1D,00,00,00,00,00,00,FF
115862,13727,0xCF00400,1,8,FF,FF,FF,38,5D,FF,FF,FF
115862,13728,0xCFF6600,1,8,A7,0B,FF,FF,FF,FF,FF,FF
115882,13729,0xCF00400,1,8,FF,FF,FF,22,5D,FF,FF,FF
115882,13730,0xCFF6600,1,8,A4,0B,FF,FF,FF,FF,FF,FF
115883,13731,0x1CEBFF00,1,8,01,40,FF,0F,F0,E5,01,02
115902,13732,0xCF00400,1,8,FF,FF,FF,CE,5C,FF,FF,FF
115902,13733,0xCFF6600,1,8,99,0B,FF,FF,FF,FF,FF,FF
115922,13734,0xCF00400,1,8,FF,FF,FF,BE,5C,FF,FF,FF
115922,13735,0xCFF6600,1,8,97,0B,FF,FF,FF,FF,FF,FF
115932,13736,0x1CEBFF00,1,8,02,F0,E3,02,6E,00,03,01
115942,13737,0xCF00400,1,8,FF,FF,FF,DA,5C,FF,FF,FF
115942,13738,0xCFF6600,1,8,9B,0B,FF,FF,FF,FF,FF,FF
115952,13739,0x18FEF100,1,8,3F,00,00,FF,FF,FF,FF,FF
115953,13740,0x18F00500,1,8,FF,FF,FF,FF,20,2D,FF,FF
115954,13741,0x10FF6500,1,8,FC,FF,FF,FF,FF,FF,FF,FF
115954,13742,0x18FEF200,1,8,1D,00,00,00,00,00,00,FF
115962,13743,0xCF00400,1,8,FF,FF,FF,12,5D,FF,FF,FF
115962,13744,0xCFF6600,1,8,A2,0B,FF,FF,FF,FF,FF,FF
115982,13745,0xCF00400,1,8,FF,FF,FF,58,5D,FF,FF,FF
115982,13746,0xCFF6600,1,8,AB,0B,FF,FF,FF,FF,FF,FF
116002,13747,0xCF00400,1,8,FF,FF,FF,52,5D,FF,FF,FF
116002,13748,0xCFF6600,1,8,AA,0B,FF,FF,FF,FF,FF,FF
116022,13749,0xCF00400,1,8,FF,FF,FF,1A,5D,FF,FF,FF
116022,13750,0xCFF6600,1,8,A3,0B,FF,FF,FF,FF,FF,FF
116042,13751,0xCF00400,1,8,FF,FF,FF,4E,5D,FF,FF,FF
116042,13752,0xCFF6600,1,8,A9,0B,FF,FF,FF,FF,FF,FF
116053,13753,0x18FEF100,1,8,3F,00,00,FF,FF,FF,FF,FF
116053,13754,0x18F00500,1,8,FF,FF,FF,FF,20,2D,FF,FF
116054,13755,0x18FEF200,1,8,1D,00,00,00,00,00,00,FF
116062,13756,0xCF00400,1,8,FF,FF,FF,C8,5D,FF,FF,FF
116062,13757,0xCFF6600,1,8,B9,0B,FF,FF,FF,FF,FF,FF
116082,13758,0xCF00400,1,8,FF,FF,FF,E2,5D,FF,FF,FF
116082,13759,0xCFF6600,1,8,BC,0B,FF,FF,FF,FF,FF,FF
116102,13760,0xCF00400,1,8,FF,FF,FF,C0,5D,FF,FF,FF
116102,13761,0xCFF6600,1,8,B8,0B,FF,FF,FF,FF,FF,FF
116122,13762,0xCF00400,1,8,FF,FF,FF,BC,5D,FF,FF,FF
116122,13763,0xCFF6600,1,8,B7,0B,FF,FF,FF,FF,FF,FF
116142,13764,0xCF00400,1,8,FF,FF,FF,CE,5D,FF,FF,FF
116142,13765,0xCFF6600,1,8,B9,0B,FF,FF,FF,FF,FF,FF
116152,13766,0x18FEF100,1,8,3F,00,00,FF,FF,FF,FF,FF
116153,13767,0x18F00500,1,8,FF,FF,FF,FF,20,2D,FF,FF
116154,13768,0x10FF6500,1,8,FC,FF,FF,FF,FF,FF,FF,FF
116154,13769,0x18F00600,1,8,FF,FF,FF,FF,FF,FF,FF,FF
116155,13770,0x18FEF200,1,8,1D,00,00,00,00,00,00,FF
116155,13771,0x1CFDDF00,1,8,FE,FF,FF,FF,FF,FF,FF,FF
116156,13772,0x1CFF6A00,1,8,FC,FF,FF,FF,FF,FF,FF,FF
116162,13773,0xCF00400,1,8,FF,FF,FF,F2,5D,FF,FF,FF
116162,13774,0xCFF6600,1,8,BE,0B,FF,FF,FF,FF,FF,FF
116182,13775,0xCF00400,1,8,FF,FF,FF,1C,5E,FF,FF,FF
116182,13776,0xCFF6600,1,8,C3,0B,FF,FF,FF,FF,FF,FF
116202,13777,0xCF00400,1,8,FF,FF,FF,44,5E,FF,FF,FF
116202,13778,0xCFF6600,1,8,C8,0B,FF,FF,FF,FF,FF,FF
116222,13779,0xCF00400,1,8,FF,FF,FF,6A,5E,FF,FF,FF
116222,13780,0xCFF6600,1,8,CD,0B,FF,FF,FF,FF,FF,FF
116242,13781,0xCF00400,1,8,FF,FF,FF,9C,5E,FF,FF,FF
116242,13782,0xCFF6600,1,8,D3,0B,FF,FF,FF,FF,FF,FF
116253,13783,0x18FEF100,1,8,3F,00,00,FF,FF,FF,FF,FF
116254,13784,0x18F00500,1,8,FF,FF,FF,FF,20,2D,FF,FF
116254,13785,0x18FEF200,1,8,1D,00,00,00,00,00,00,FF
116262,13786,0xCF00400,1,8,FF,FF,FF,DC,5E,FF,FF,FF
116262,13787,0xCFF6600,1,8,DB,0B,FF,FF,FF,FF,FF,FF
116282,13788,0xCF00400,1,8,FF,FF,FF,0C,5F,FF,FF,FF
116283,13789,0xCFF6600,1,8,E1,0B,FF,FF,FF,FF,FF,FF
116302,13790,0xCF00400,1,8,FF,FF,FF,2C,5F,FF,FF,FF
116303,13791,0xCFF6600,1,8,E5,0B,FF,FF,FF,FF,FF,FF
116322,13792,0xCF00400,1,8,FF,FF,FF,7C,5F,FF,FF,FF
116323,13793,0xCFF6600,1,8,EF,0B,FF,FF,FF,FF,FF,FF
116342,13794,0xCF00400,1,8,FF,FF,FF,EC,5F,FF,FF,FF
116342,13795,0xCFF6600,1,8,FD,0B,FF,FF,FF,FF,FF,FF
116352,13796,0x18FEF100,1,8,3F,00,00,FF,FF,FF,FF,FF
116353,13797,0x10FF6500,1,8,FC,FF,FF,FF,FF,FF,FF,FF
116354,13798,0x18F00500,1,8,FF,FF,FF,FF,20,2D,FF,FF
116354,13799,0x18FEF200,1,8,1D,00,00,00,00,00,01,FF
116362,13800,0xCF00400,1,8,FF,FF,FF,10,60,FF,FF,FF
116362,13801,0xCFF6600,1,8,02,0C,FF,FF,FF,FF,FF,FF
116382,13802,0xCF00400,1,8,FF,FF,FF,04,60,FF,FF,FF
116382,13803,0xCFF6600,1,8,00,0C,FF,FF,FF,FF,FF,FF
116402,13804,0xCF00400,1,8,FF,FF,FF,14,60,FF,FF,FF
116402,13805,0xCFF6600,1,8,02,0C,FF,FF,FF,FF,FF,FF
116422,13806,0xCF00400,1,8,FF,FF,FF,3A,60,FF,FF,FF
116422,13807,0xCFF6600,1,8,07,0C,FF,FF,FF,FF,FF,FF
116442,13808,0xCF00400,1,8,FF,FF,FF,86,60,FF,FF,FF
116442,13809,0xCFF6600,1,8,10,0C,FF,FF,FF,FF,FF,FF
116453,13810,0x18FEF100,1,8,3F,00,00,FF,FF,FF,FF,FF
116453,13811,0x18F00500,1,8,FF,FF,FF,FF,20,2D,FF,FF
116454,13812,0x18FEF200,1,8,1D,00,00,00,00,00,00,FF
116462,13813,0xCF00400,1,8,FF,FF,FF,E6,60,FF,FF,FF
116462,13814,0xCFF6600,1,8,1C,0C,FF,FF,FF,FF,FF,FF
116482,13815,0xCF00400,1,8,FF,FF,FF,16,61,FF,FF,FF
116482,13816,0xCFF6600,1,8,22,0C,FF,FF,FF,FF,FF,FF
116502,13817,0xCF00400,1,8,FF,FF,FF,2A,61,FF,FF,FF
116502,13818,0xCFF6600,1,8,25,0C,FF,FF,FF,FF,FF,FF
116522,13819,0xCF00400,1,8,FF,FF,FF,46,61,FF,FF,FF
116522,13820,0xCFF6600,1,8,28,0C,FF,FF,FF,FF,FF,FF
116542,13821,0xCF00400,1,8,FF,FF,FF,6E,61,FF,FF,FF
116542,13822,0xCFF6600,1,8,2D,0C,FF,FF,FF,FF,FF,FF
116552,13823,0x18FEF100,1,8,3F,00,00,FF,FF,FF,FF,FF
116553,13824,0x10FF6500,1,8,FC,FF,FF,FF,FF,FF,FF,FF
116554,13825,0x18F00500,1,8,FF,FF,FF,FF,20,2D,FF,FF
116554,13826,0x18FEF200,1,8,1D,00,00,00,00,00,00,FF
116562,13827,0xCF00400,1,8,FF,FF,FF,8A,61,FF,FF,FF
116562,13828,0xCFF6600,1,8,31,0C,FF,FF,FF,FF,FF,FF
116582,13829,0xCF00400,1,8,FF,FF,FF,A4,61,FF,FF,FF
116582,13830,0xCFF6600,1,8,34,0C,FF,FF,FF,FF,FF,FF
116602,13831,0xCF00400,1,8,FF,FF,FF,96,61,FF,FF,FF
116603,13832,0xCFF6600,1,8,32,0C,FF,FF,FF,FF,FF,FF
116622,13833,0xCF00400,1,8,FF,FF,FF,A4,61,FF,FF,FF
116623,13834,0xCFF6600,1,8,34,0C,FF,FF,FF,FF,FF,FF
116642,13835,0xCF00400,1,8,FF,FF,FF,BE,61,FF,FF,FF
116642,13836,0xCFF6600,1,8,37,0C,FF,FF,FF,FF,FF,FF
116652,13837,0x18FEF100,1,8,3F,00,00,FF,FF,FF,FF,FF
116653,13838,0x18F00500,1,8,FF,FF,FF,FF,20,2D,FF,FF
116654,13839,0x18F00600,1,8,FF,FF,FF,FF,FF,FF,FF,FF
116654,13840,0x18FEF200,1,8,1D,00,00,00,00,00,00,FF
116655,13841,0x1CFDDF00,1,8,FE,FF,FF,FF,FF,FF,FF,FF
116655,13842,0x1CFF6A00,1,8,FC,FF,FF,FF,FF,FF,FF,FF
116662,13843,0xCF00400,1,8,FF,FF,FF,C0,61,FF,FF,FF
116662,13844,0xCFF6600,1,8,38,0C,FF,FF,FF,FF,FF,FF
116682,13845,0xCF00400,1,8,FF,FF,FF,BE,61,FF,FF,FF
116682,13846,0xCFF6600,1,8,37,0C,FF,FF,FF,FF,FF,FF
116702,13847,0xCF00400,1,8,FF,FF,FF,BC,61,FF,FF,FF
116702,13848,0xCFF6600,1,8,37,0C,FF,FF,FF,FF,FF,FF
116722,13849,0xCF00400,1,8,FF,FF,FF,BC,61,FF,FF,FF
116722,13850,0xCFF6600,1,8,37,0C,FF,FF,FF,FF,FF,FF
116742,13851,0xCF00400,1,8,FF,FF,FF,E0,61,FF,FF,FF
116742,13852,0xCFF6600,1,8,3C,0C,FF,FF,FF,FF,FF,FF
116753,13853,0x18FEF100,1,8,3F,00,00,FF,FF,FF,FF,FF
116753,13854,0x10FF6500,1,8,FC,FF,FF,FF,FF,FF,FF,FF
116754,13855,0x18F00500,1,8,FF,FF,FF,FF,20,2D,FF,FF
116754,13856,0x18FEF200,1,8,1D,00,00,00,00,00,00,FF
116762,13857,0xCF00400,1,8,FF,FF,FF,18,62,FF,FF,FF
116762,13858,0xCFF6600,1,8,43,0C,FF,FF,FF,FF,FF,FF
116782,13859,0xCF00400,1,8,FF,FF,FF,46,62,FF,FF,FF
116782,13860,0xCFF6600,1,8,48,0C,FF,FF,FF,FF,FF,FF
116802,13861,0xCF00400,1,8,FF,FF,FF,72,62,FF,FF,FF
116802,13862,0xCFF6600,1,8,4E,0C,FF,FF,FF,FF,FF,FF
116811,13863,0x18FEEE00,1,8,50,FF,FF,FF,FF,FF,FF,FF
116812,13864,0x18FDE500,1,8,0A,14,1E,28,32,3C,46,13
116822,13865,0xCF00400,1,8,FF,FF,FF,A2,62,FF,FF,FF
116823,13866,0xCFF6600,1,8,54,0C,FF,FF,FF,FF,FF,FF
116832,13867,0x1CECFF00,1,8,20,0E,00,02,FF,CA,FE,00
116842,13868,0xCF00400,1,8,FF,FF,FF,D8,62,FF,FF,FF
116842,13869,0xCFF6600,1,8,5B,0C,FF,FF,FF,FF,FF,FF
116853,13870,0x18FEF100,1,8,3F,00,00,FF,FF,FF,FF,FF
116853,13871,0x18F00500,1,8,FF,FF,FF,FF,20,2D,FF,FF
116854,13872,0x18FEF200,1,8,21,00,00,00,00,00,03,FF
116862,13873,0xCF00400,1,8,FF,FF,FF,6A,62,FF,FF,FF
116862,13874,0xCFF6600,1,8,4D,0C,FF,FF,FF,FF,FF,FF
116882,13875,0xCF00400,1,8,FF,FF,FF,8E,61,FF,FF,FF
116882,13876,0xCFF6600,1,8,31,0C,FF,FF,FF,FF,FF,FF
116883,13877,0x1CEBFF00,1,8,01,40,FF,0F,F0,E5,01,02
116902,13878,0xCF00400,1,8,FF,FF,FF,88,61,FF,FF,FF
116902,13879,0xCFF6600,1,8,31,0C,FF,FF,FF,FF,FF,FF
116922,13880,0xCF00400,1,8,FF,FF,FF,1A,62,FF,FF,FF
116922,13881,0xCFF6600,1,8,43,0C,FF,FF,FF,FF,FF,FF
116931,13882,0x1CEBFF00,1,8,02,F0,E3,02,6E,00,03,01
116942,13883,0xCF00400,1,8,FF,FF,FF,9E,62,FF,FF,FF
116942,13884,0xCFF6600,1,8,53,0C,FF,FF,FF,FF,FF,FF
116952,13885,0x18FEF100,1,8,3F,00,00,FF,FF,FF,FF,FF
116953,13886,0x10FF6500,1,8,FC,FF,FF,FF,FF,FF,FF,FF
116954,13887,0x18F00500,1,8,FF,FF,FF,FF,20,2D,FF,FF
116954,13888,0x18FEF200,1,8,21,00,00,00,00,00,03,FF
116962,13889,0xCF00400,1,8,FF,FF,FF,14,63,FF,FF,FF
116962,13890,0xCFF6600,1,8,62,0C,FF,FF,FF,FF,FF,FF
116982,13891,0xCF00400,1,8,FF,FF,FF,94,63,FF,FF,FF
116982,13892,0xCFF6600,1,8,72,0C,FF,FF,FF,FF,FF,FF
117002,13893,0xCF00400,1,8,FF,FF,FF,44,64,FF,FF,FF
117003,13894,0xCFF6600,1,8,88,0C,FF,FF,FF,FF,FF,FF
117022,13895,0xCF00400,1,8,FF,FF,FF,22,64,FF,FF,FF
117022,13896,0xCFF6600,1,8,84,0C,FF,FF,FF,FF,FF,FF
117042,13897,0xCF00400,1,8,FF,FF,FF,52,64,FF,FF,FF
117042,13898,0xCFF6600,1,8,8A,0C,FF,FF,FF,FF,FF,FF
117053,13899,0x18FEF100,1,8,3F,00,00,FF,FF,FF,FF,FF
117053,13900,0x18F00500,1,8,FF,FF,FF,FF,20,2D,FF,FF
117054,13901,0x18FEF200,1,8,21,00,00,00,00,00,03,FF
117062,13902,0xCF00400,1,8,FF,FF,FF,BA,64,FF,FF,FF
117062,13903,0xCFF6600,1,8,97,0C,FF,FF,FF,FF,FF,FF
117082,13904,0xCF00400,1,8,FF,FF,FF,E0,64,FF,FF,FF
117082,13905,0xCFF6600,1,8,9C,0C,FF,FF,FF,FF,FF,FF
117102,13906,0xCF00400,1,8,FF,FF,FF,E0,64,FF,FF,FF
117102,13907,0xCFF6600,1,8,9C,0C,FF,FF,FF,FF,FF,FF
117122,13908,0xCF00400,1,8,FF,FF,FF,4E,65,FF,FF,FF
117122,13909,0xCFF6600,1,8,A9,0C,FF,FF,FF,FF,FF,FF
117142,13910,0xCF00400,1,8,FF,FF,FF,F6,65,FF,FF,FF
117142,13911,0xCFF6600,1,8,BE,0C,FF,FF,FF,FF,FF,FF
117152,13912,0x18FEF100,1,8,3F,00,00,FF,FF,FF,FF,FF
117153,13913,0x10FF6500,1,8,FC,FF,FF,FF,FF,FF,FF,FF
117154,13914,0x18F00500,1,8,FF,FF,FF,FF,20,2D,FF,FF
117154,13915,0x18F00600,1,8,FF,FF,FF,FF,FF,FF,FF,FF
117155,13916,0x18FEF200,1,8,21,00,00,00,00,00,05,FF
117155,13917,0x1CFDDF00,1,8,FE,FF,FF,FF,FF,FF,FF,FF
117156,13918,0x1CFF6A00,1,8,FC,FF,FF,FF,FF,FF,FF,FF
117162,13919,0xCF00400,1,8,FF,FF,FF,3C,66,FF,FF,FF
117162,13920,0xCFF6600,1,8,C7,0C,FF,FF,FF,FF,FF,FF
117182,13921,0xCF00400,1,8,FF,FF,FF,44,66,FF,FF,FF
117182,13922,0xCFF6600,1,8,C8,0C,FF,FF,FF,FF,FF,FF
117202,13923,0xCF00400,1,8,FF,FF,FF,50,66,FF,FF,FF
117202,13924,0xCFF6600,1,8,CA,0C,FF,FF,FF,FF,FF,FF
117222,13925,0xCF00400,1,8,FF,FF,FF,6A,66,FF,FF,FF
117222,13926,0xCFF6600,1,8,CD,0C,FF,FF,FF,FF,FF,FF
117242,13927,0xCF00400,1,8,FF,FF,FF,18,67,FF,FF,FF
117243,13928,0xCFF6600,1,8,E3,0C,FF,FF,FF,FF,FF,FF
117253,13929,0x18FEF100,1,8,3F,00,00,FF,FF,FF,FF,FF
117253,13930,0x18F00500,1,8,FF,FF,FF,FF,20,2D,FF,FF
117254,13931,0x18FEF200,1,8,21,00,00,00,00,00,12,FF
117262,13932,0xCF00400,1,8,FF,FF,FF,FE,67,FF,FF,FF
117262,13933,0xCFF6600,1,8,FF,0C,FF,FF,FF,FF,FF,FF
117282,13934,0xCF00400,1,8,FF,FF,FF,42,69,FF,FF,FF
117282,13935,0xCFF6600,1,8,28,0D,FF,FF,FF,FF,FF,FF
117302,13936,0xCF00400,1,8,FF,FF,FF,A4,6A,FF,FF,FF
117302,13937,0xCFF6600,1,8,54,0D,FF,FF,FF,FF,FF,FF
117322,13938,0xCF00400,1,8,FF,FF,FF,30,6C,FF,FF,FF
117322,13939,0xCFF6600,1,8,86,0D,FF,FF,FF,FF,FF,FF
117342,13940,0xCF00400,1,8,FF,FF,FF,D6,6D,FF,FF,FF
117342,13941,0xCFF6600,1,8,BA,0D,FF,FF,FF,FF,FF,FF
117352,13942,0x18FEF100,1,8,3F,00,00,FF,FF,FF,FF,FF
117353,13943,0x10FF6500,1,8,FC,FF,FF,FF,FF,FF,FF,FF
117354,13944,0x18F00500,1,8,FF,FF,FF,FF,20,2D,FF,FF
117354,13945,0x18FEF200,1,8,21,00,00,00,00,00,21,FF
117362,13946,0xCF00400,1,8,FF,FF,FF,44,71,FF,FF,FF
117363,13947,0xCFF6600,1,8,28,0E,FF,FF,FF,FF,FF,FF
117382,13948,0xCF00400,1,8,FF,FF,FF,F2,72,FF,FF,FF
117382,13949,0xCFF6600,1,8,5E,0E,FF,FF,FF,FF,FF,FF
117402,13950,0xCF00400,1,8,FF,FF,FF,A2,74,FF,FF,FF
117403,13951,0xCFF6600,1,8,94,0E,FF,FF,FF,FF,FF,FF
117422,13952,0xCF00400,1,8,FF,FF,FF,5E,76,FF,FF,FF
117422,13953,0xCFF6600,1,8,CB,0E,FF,FF,FF,FF,FF,FF
117442,13954,0xCF00400,1,8,FF,FF,FF,E6,79,FF,FF,FF
117442,13955,0xCFF6600,1,8,3C,0F,FF,FF,FF,FF,FF,FF
117453,13956,0x18FEF100,1,8,3F,00,00,FF,FF,FF,FF,FF
117453,13957,0x18F00500,1,8,FF,FF,FF,FF,20,2D,FF,FF
117454,13958,0x18FEF200,1,8,21,00,00,00,00,00,1E,FF
117462,13959,0xCF00400,1,8,FF,FF,FF,90,7B,FF,FF,FF
117462,13960,0xCFF6600,1,8,72,0F,FF,FF,FF,FF,FF,FF
117482,13961,0xCF00400,1,8,FF,FF,FF,2A,7D,FF,FF,FF
117482,13962,0xCFF6600,1,8,A5,0F,FF,FF,FF,FF,FF,FF
117502,13963,0xCF00400,1,8,FF,FF,FF,5C,80,FF,FF,FF
117502,13964,0xCFF6600,1,8,0B,10,FF,FF,FF,FF,FF,FF
117522,13965,0xCF00400,1,8,FF,FF,FF,F4,81,FF,FF,FF
117522,13966,0xCFF6600,1,8,3E,10,FF,FF,FF,FF,FF,FF
117542,13967,0xCF00400,1,8,FF,FF,FF,26,85,FF,FF,FF
117543,13968,0xCFF6600,1,8,A4,10,FF,FF,FF,FF,FF,FF
117552,13969,0x18FEF100,1,8,3F,00,00,FF,FF,FF,FF,FF
117553,13970,0x10FF6500,1,8,FC,FF,FF,FF,FF,FF,FF,FF
117554,13971,0x18F00500,1,8,FF,FF,FF,FF,20,2D,FF,FF
117554,13972,0x18FEF200,1,8,21,00,00,00,00,00,25,FF
117562,13973,0xCF00400,1,8,FF,FF,FF,C0,86,FF,FF,FF
117562,13974,0xCFF6600,1,8,D8,10,FF,FF,FF,FF,FF,FF
117582,13975,0xCF00400,1,8,FF,FF,FF,6E,88,FF,FF,FF
117582,13976,0xCFF6600,1,8,0D,11,FF,FF,FF,FF,FF,FF
117602,13977,0xCF00400,1,8,FF,FF,FF,9A,8B,FF,FF,FF
117602,13978,0xCFF6600,1,8,73,11,FF,FF,FF,FF,FF,FF
117622,13979,0xCF00400,1,8,FF,FF,FF,EE,8C,FF,FF,FF
117622,13980,0xCFF6600,1,8,9D,11,FF,FF,FF,FF,FF,FF
117642,13981,0xCF00400,1,8,FF,FF,FF,E0,8F,FF,FF,FF
117643,13982,0xCFF6600,1,8,FC,11,FF,FF,FF,FF,FF,FF
117653,13983,0x18FEF100,1,8,3F,00,00,FF,FF,FF,FF,FF
117653,13984,0x18F00500,1,8,FF,FF,FF,FF,20,2D,FF,FF
117654,13985,0x18F00600,1,8,FF,FF,FF,FF,FF,FF,FF,FF
117654,13986,0x18FEF200,1,8,21,00,00,00,00,00,24,FF
117655,13987,0x1CFDDF00,1,8,FE,FF,FF,FF,FF,FF,FF,FF
117656,13988,0x1CFF6A00,1,8,FC,FF,FF,FF,FF,FF,FF,FF
117662,13989,0xCF00400,1,8,FF,FF,FF,54,92,FF,FF,FF
117663,13990,0xCFF6600,1,8,4A,12,FF,FF,FF,FF,FF,FF
117682,13991,0xCF00400,1,8,FF,FF,FF,96,93,FF,FF,FF
117682,13992,0xCFF6600,1,8,72,12,FF,FF,FF,FF,FF,FF
117702,13993,0xCF00400,1,8,FF,FF,FF,06,96,FF,FF,FF
117702,13994,0xCFF6600,1,8,C0,12,FF,FF,FF,FF,FF,FF
117722,13995,0xCF00400,1,8,FF,FF,FF,34,97,FF,FF,FF
117722,13996,0xCFF6600,1,8,E6,12,FF,FF,FF,FF,FF,FF
117742,13997,0xCF00400,1,8,FF,FF,FF,42,99,FF,FF,FF
117743,13998,0xCFF6600,1,8,28,13,FF,FF,FF,FF,FF,FF
117752,13999,0x18FEF100,1,8,3F,00,00,FF,FF,FF,FF,FF
117753,14000,0x10FF6500,1,8,FC,FF,FF,FF,FF,FF,FF,FF
117754,14001,0x18F00500,1,8,FF,FF,FF,FF,20,2D,FF,FF
117754,14002,0x18FEF200,1,8,21,00,00,00,00,00,10,FF
117762,14003,0xCF00400,1,8,FF,FF,FF,E8,9A,FF,FF,FF
117762,14004,0xCFF6600,1,8,5D,13,FF,FF,FF,FF,FF,FF
117782,14005,0xCF00400,1,8,FF,FF,FF,68,9B,FF,FF,FF
117782,14006,0xCFF6600,1,8,6D,13,FF,FF,FF,FF,FF,FF
117802,14007,0xCF00400,1,8,FF,FF,FF,3C,9B,FF,FF,FF
117803,14008,0xCFF6600,1,8,67,13,FF,FF,FF,FF,FF,FF
117811,14009,0x18FEEE00,1,8,50,FF,FF,FF,FF,FF,FF,FF
117812,14010,0x18FDE500,1,8,0A,14,1E,28,32,3C,46,13
117822,14011,0xCF00400,1,8,FF,FF,FF,C6,98,FF,FF,FF
117822,14012,0xCFF6600,1,8,18,13,FF,FF,FF,FF,FF,FF
117831,14013,0x1CECFF00,1,8,20,0E,00,02,FF,CA,FE,00
117842,14014,0xCF00400,1,8,FF,FF,FF,FC,96,FF,FF,FF
117842,14015,0xCFF6600,1,8,DF,12,FF,FF,FF,FF,FF,FF
117853,14016,0x18FEF100,1,8,3F,00,00,FF,FF,FF,FF,FF
117853,14017,0x18F00500,1,8,FF,FF,FF,FF,20,2D,FF,FF
117854,14018,0x18FEF200,1,8,32,00,00,00,00,00,00,FF
117862,14019,0xCF00400,1,8,FF,FF,FF,56,93,FF,FF,FF
117862,14020,0xCFF6600,1,8,6A,12,FF,FF,FF,FF,FF,FF
117882,14021,0xCF00400,1,8,FF,FF,FF,18,92,FF,FF,FF
117882,14022,0xCFF6600,1,8,43,12,FF,FF,FF,FF,FF,FF
117883,14023,0x1CEBFF00,1,8,01,40,FF,0F,F0,E5,01,02
117902,14024,0xCF00400,1,8,FF,FF,FF,EC,90,FF,FF,FF
117902,14025,0xCFF6600,1,8,1D,12,FF,FF,FF,FF,FF,FF
117922,14026,0xCF00400,1,8,FF,FF,FF,78,90,FF,FF,FF
117922,14027,0xCFF6600,1,8,0F,12,FF,FF,FF,FF,FF,FF
117931,14028,0x1CEBFF00,1,8,02,F0,E3,02,6E,00,03,01
117942,14029,0xCF00400,1,8,FF,FF,FF,D8,8E,FF,FF,FF
117942,14030,0xCFF6600,1,8,DB,11,FF,FF,FF,FF,FF,FF
117952,14031,0x18FEF100,1,8,3F,00,00,FF,FF,FF,FF,FF
117953,14032,0x10FF6500,1,8,FC,FF,FF,FF,FF,FF,FF,FF
117954,14033,0x18F00500,1,8,FF,FF,FF,FF,20,2D,FF,FF
117954,14034,0x18FEF200,1,8,32,00,00,00,00,00,00,FF
117962,14035,0xCF00400,1,8,FF,FF,FF,48,8E,FF,FF,FF
117962,14036,0xCFF6600,1,8,C9,11,FF,FF,FF,FF,FF,FF
117982,14037,0xCF00400,1,8,FF,FF,FF,30,8D,FF,FF,FF
117982,14038,0xCFF6600,1,8,A6,11,FF,FF,FF,FF,FF,FF
118002,14039,0xCF00400,1,8,FF,FF,FF,68,8C,FF,FF,FF
118002,14040,0xCFF6600,1,8,8D,11,FF,FF,FF,FF,FF,FF
118022,14041,0xCF00400,1,8,FF,FF,FF,4C,8B,FF,FF,FF
118022,14042,0xCFF6600,1,8,69,11,FF,FF,FF,FF,FF,FF
118042,14043,0xCF00400,1,8,FF,FF,FF,BC,8A,FF,FF,FF
118042,14044,0xCFF6600,1,8,57,11,FF,FF,FF,FF,FF,FF
118052,14045,0x18FEF100,1,8,3F,00,00,FF,FF,FF,FF,FF
118053,14046,0x18F00500,1,8,FF,FF,FF,FF,20,2D,FF,FF
118054,14047,0x18FEF200,1,8,32,00,00,00,00,00,00,FF
118062,14048,0xCF00400,1,8,FF,FF,FF,7E,89,FF,FF,FF
118062,14049,0xCFF6600,1,8,2F,11,FF,FF,FF,FF,FF,FF
118082,14050,0xCF00400,1,8,FF,FF,FF,B6,88,FF,FF,FF
118082,14051,0xCFF6600,1,8,16,11,FF,FF,FF,FF,FF,FF
118102,14052,0xCF00400,1,8,FF,FF,FF,B2,87,FF,FF,FF
118102,14053,0xCFF6600,1,8,F6,10,FF,FF,FF,FF,FF,FF
118122,14054,0xCF00400,1,8,FF,FF,FF,D6,86,FF,FF,FF
118122,14055,0xCFF6600,1,8,DA,10,FF,FF,FF,FF,FF,FF
118142,14056,0xCF00400,1,8,FF,FF,FF,FC,84,FF,FF,FF
118143,14057,0xCFF6600,1,8,9F,10,FF,FF,FF,FF,FF,FF
118152,14058,0x18FEF100,1,8,3F,00,00,FF,FF,FF,FF,FF
118153,14059,0x10FF6500,1,8,FC,FF,FF,FF,FF,FF,FF,FF
118154,14060,0x18F00500,1,8,FF,FF,FF,FF,20,2D,FF,FF
118154,14061,0x18F00600,1,8,FF,FF,FF,FF,FF,FF,FF,FF
118155,14062,0x18FEF200,1,8,32,00,00,00,00,00,00,FF
118155,14063,0x1CFDDF00,1,8,FE,FF,FF,FF,FF,FF,FF,FF
118156,14064,0x1CFF6A00,1,8,FC,FF,FF,FF,FF,FF,FF,FF
118162,14065,0xCF00400,1,8,FF,FF,FF,82,84,FF,FF,FF
118162,14066,0xCFF6600,1,8,90,10,FF,FF,FF,FF,FF,FF
118182,14067,0xCF00400,1,8,FF,FF,FF,A0,83,FF,FF,FF
118182,14068,0xCFF6600,1,8,74,10,FF,FF,FF,FF,FF,FF
118202,14069,0xCF00400,1,8,FF,FF,FF,7C,81,FF,FF,FF
118202,14070,0xCFF6600,1,8,2F,10,FF,FF,FF,FF,FF,FF
118222,14071,0xCF00400,1,8,FF,FF,FF,C6,80,FF,FF,FF
118222,14072,0xCFF6600,1,8,18,10,FF,FF,FF,FF,FF,FF
118242,14073,0xCF00400,1,8,FF,FF,FF,EA,7F,FF,FF,FF
118242,14074,0xCFF6600,1,8,FD,0F,FF,FF,FF,FF,FF,FF
118252,14075,0x18FEF100,1,8,3F,00,00,FF,FF,FF,FF,FF
118253,14076,0x18F00500,1,8,FF,FF,FF,FF,20,2D,FF,FF
118254,14077,0x18FEF200,1,8,32,00,00,00,00,00,00,FF
118262,14078,0xCF00400,1,8,FF,FF,FF,EC,7D,FF,FF,FF
118262,14079,0xCFF6600,1,8,BD,0F,FF,FF,FF,FF,FF,FF
118282,14080,0xCF00400,1,8,FF,FF,FF,E0,7C,FF,FF,FF
118282,14081,0xCFF6600,1,8,9C,0F,FF,FF,FF,FF,FF,FF
118302,14082,0xCF00400,1,8,FF,FF,FF,96,7B,FF,FF,FF
118302,14083,0xCFF6600,1,8,72,0F,FF,FF,FF,FF,FF,FF
118322,14084,0xCF00400,1,8,FF,FF,FF,AA,78,FF,FF,FF
118322,14085,0xCFF6600,1,8,15,0F,FF,FF,FF,FF,FF,FF
118342,14086,0xCF00400,1,8,FF,FF,FF,5E,77,FF,FF,FF
118342,14087,0xCFF6600,1,8,EB,0E,FF,FF,FF,FF,FF,FF
118353,14088,0x18FEF100,1,8,3F,00,00,FF,FF,FF,FF,FF
118353,14089,0x10FF6500,1,8,FC,FF,FF,FF,FF,FF,FF,FF
118354,14090,0x18F00500,1,8,FF,FF,FF,FF,20,2D,FF,FF
118354,14091,0x18FEF200,1,8,32,00,00,00,00,00,00,FF
118362,14092,0xCF00400,1,8,FF,FF,FF,48,76,FF,FF,FF
118362,14093,0xCFF6600,1,8,C9,0E,FF,FF,FF,FF,FF,FF
118382,14094,0xCF00400,1,8,FF,FF,FF,58,75,FF,FF,FF
118382,14095,0xCFF6600,1,8,AB,0E,FF,FF,FF,FF,FF,FF
118402,14096,0xCF00400,1,8,FF,FF,FF,70,73,FF,FF,FF
118402,14097,0xCFF6600,1,8,6E,0E,FF,FF,FF,FF,FF,FF
118422,14098,0xCF00400,1,8,FF,FF,FF,7E,72,FF,FF,FF
118422,14099,0xCFF6600,1,8,4F,0E,FF,FF,FF,FF,FF,FF
118442,14100,0xCF00400,1,8,FF,FF,FF,90,71,FF,FF,FF
118442,14101,0xCFF6600,1,8,32,0E,FF,FF,FF,FF,FF,FF
118453,14102,0x18FEF100,1,8,3F,00,00,FF,FF,FF,FF,FF
118453,14103,0x18F00500,1,8,FF,FF,FF,FF,20,2D,FF,FF
118454,14104,0x18FEF200,1,8,32,00,00,00,00,00,00,FF
118462,14105,0xCF00400,1,8,FF,FF,FF,80,70,FF,FF,FF
118462,14106,0xCFF6600,1,8,10,0E,FF,FF,FF,FF,FF,FF
118482,14107,0xCF00400,1,8,FF,FF,FF,4A,6F,FF,FF,FF
118482,14108,0xCFF6600,1,8,E9,0D,FF,FF,FF,FF,FF,FF
118502,14109,0xCF00400,1,8,FF,FF,FF,86,6D,FF,FF,FF
118502,14110,0xCFF6600,1,8,B0,0D,FF,FF,FF,FF,FF,FF
118522,14111,0xCF00400,1,8,FF,FF,FF,90,6C,FF,FF,FF
118522,14112,0xCFF6600,1,8,92,0D,FF,FF,FF,FF,FF,FF
118542,14113,0xCF00400,1,8,FF,FF,FF,76,6B,FF,FF,FF
118542,14114,0xCFF6600,1,8,6E,0D,FF,FF,FF,FF,FF,FF
118553,14115,0x18FEF100,1,8,3F,00,00,FF,FF,FF,FF,FF
118554,14116,0x10FF6500,1,8,FC,FF,FF,FF,FF,FF,FF,FF
118554,14117,0x18F00500,1,8,FF,FF,FF,FF,20,2D,FF,FF
118555,14118,0x18FEF200,1,8,32,00,00,00,00,00,00,FF
118562,14119,0xCF00400,1,8,FF,FF,FF,86,6A,FF,FF,FF
118563,14120,0xCFF6600,1,8,50,0D,FF,FF,FF,FF,FF,FF
118582,14121,0xCF00400,1,8,FF,FF,FF,B2,69,FF,FF,FF
118582,14122,0xCFF6600,1,8,36,0D,FF,FF,FF,FF,FF,FF
118602,14123,0xCF00400,1,8,FF,FF,FF,10,69,FF,FF,FF
118602,14124,0xCFF6600,1,8,22,0D,FF,FF,FF,FF,FF,FF
118622,14125,0xCF00400,1,8,FF,FF,FF,8E,68,FF,FF,FF
118622,14126,0xCFF6600,1,8,11,0D,FF,FF,FF,FF,FF,FF
118642,14127,0xCF00400,1,8,FF,FF,FF,F4,67,FF,FF,FF
118642,14128,0xCFF6600,1,8,FE,0C,FF,FF,FF,FF,FF,FF
118653,14129,0x18FEF100,1,8,3F,00,00,FF,FF,FF,FF,FF
118654,14130,0x18F00500,1,8,FF,FF,FF,FF,20,2D,FF,FF
118654,14131,0x18F00600,1,8,FF,FF,FF,FF,FF,FF,FF,FF
118655,14132,0x18FEF200,1,8,32,00,00,00,00,00,00,FF
118655,14133,0x1CFDDF00,1,8,FE,FF,FF,FF,FF,FF,FF,FF
118656,14134,0x1CFF6A00,1,8,FC,FF,FF,FF,FF,FF,FF,FF
118662,14135,0xCF00400,1,8,FF,FF,FF,D0,66,FF,FF,FF
118663,14136,0xCFF6600,1,8,DA,0C,FF,FF,FF,FF,FF,FF
118682,14137,0xCF00400,1,8,FF,FF,FF,88,66,FF,FF,FF
118682,14138,0xCFF6600,1,8,D1,0C,FF,FF,FF,FF,FF,FF
118702,14139,0xCF00400,1,8,FF,FF,FF,24,66,FF,FF,FF
118702,14140,0xCFF6600,1,8,C4,0C,FF,FF,FF,FF,FF,FF
118722,14141,0xCF00400,1,8,FF,FF,FF,AE,65,FF,FF,FF
118722,14142,0xCFF6600,1,8,B5,0C,FF,FF,FF,FF,FF,FF
118742,14143,0xCF00400,1,8,FF,FF,FF,DA,64,FF,FF,FF
118742,14144,0xCFF6600,1,8,9B,0C,FF,FF,FF,FF,FF,FF
118753,14145,0x18FEF100,1,8,3F,00,00,FF,FF,FF,FF,FF
118753,14146,0x10FF6500,1,8,FC,FF,FF,FF,FF,FF,FF,FF
118754,14147,0x18F00500,1,8,FF,FF,FF,FF,20,2D,FF,FF
118754,14148,0x18FEF200,1,8,32,00,00,00,00,00,00,FF
118762,14149,0xCF00400,1,8,FF,FF,FF,C8,63,FF,FF,FF
118762,14150,0xCFF6600,1,8,79,0C,FF,FF,FF,FF,FF,FF
118782,14151,0xCF00400,1,8,FF,FF,FF,3E,63,FF,FF,FF
118783,14152,0xCFF6600,1,8,67,0C,FF,FF,FF,FF,FF,FF
118802,14153,0xCF00400,1,8,FF,FF,FF,14,63,FF,FF,FF
118803,14154,0xCFF6600,1,8,62,0C,FF,FF,FF,FF,FF,FF
118812,14155,0x18FEEE00,1,8,51,FF,FF,FF,FF,FF,FF,FF
118812,14156,0x18FDE500,1,8,0A,14,1E,28,32,3C,46,13
118822,14157,0xCF00400,1,8,FF,FF,FF,A6,62,FF,FF,FF
118822,14158,0xCFF6600,1,8,54,0C,FF,FF,FF,FF,FF,FF
118831,14159,0x1CECFF00,1,8,20,0E,00,02,FF,CA,FE,00
118842,14160,0xCF00400,1,8,FF,FF,FF,10,62,FF,FF,FF
118842,14161,0xCFF6600,1,8,42,0C,FF,FF,FF,FF,FF,FF
118852,14162,0x18FEF100,1,8,3F,00,00,FF,FF,FF,FF,FF
118853,14163,0x18F00500,1,8,FF,FF,FF,FF,20,2D,FF,FF
118854,14164,0x18FEF200,1,8,23,00,00,00,00,00,00,FF
118862,14165,0xCF00400,1,8,FF,FF,FF,90,61,FF,FF,FF
118862,14166,0xCFF6600,1,8,32,0C,FF,FF,FF,FF,FF,FF
118882,14167,0xCF00400,1,8,FF,FF,FF,20,61,FF,FF,FF
118882,14168,0xCFF6600,1,8,24,0C,FF,FF,FF,FF,FF,FF
118883,14169,0x1CEBFF00,1,8,01,40,FF,0F,F0,E5,01,02
118902,14170,0xCF00400,1,8,FF,FF,FF,78,60,FF,FF,FF
118902,14171,0xCFF6600,1,8,0F,0C,FF,FF,FF,FF,FF,FF
118922,14172,0xCF00400,1,8,FF,FF,FF,A8,5F,FF,FF,FF
118922,14173,0xCFF6600,1,8,F5,0B,FF,FF,FF,FF,FF,FF
118931,14174,0x1CEBFF00,1,8,02,F0,E3,02,6E,00,03,01
118942,14175,0xCF00400,1,8,FF,FF,FF,BE,5E,FF,FF,FF
118942,14176,0xCFF6600,1,8,D7,0B,FF,FF,FF,FF,FF,FF
118952,14177,0x18FEF100,1,8,3F,00,00,FF,FF,FF,FF,FF
118953,14178,0x10FF6500,1,8,FC,FF,FF,FF,FF,FF,FF,FF
118954,14179,0x18F00500,1,8,FF,FF,FF,FF,20,2D,FF,FF
118954,14180,0x18FEF200,1,8,23,00,00,00,00,00,00,FF
118962,14181,0xCF00400,1,8,FF,FF,FF,C6,5D,FF,FF,FF
118962,14182,0xCFF6600,1,8,B8,0B,FF,FF,FF,FF,FF,FF
118982,14183,0xCF00400,1,8,FF,FF,FF,20,5D,FF,FF,FF
118982,14184,0xCFF6600,1,8,A4,0B,FF,FF,FF,FF,FF,FF
119002,14185,0xCF00400,1,8,FF,FF,FF,BA,5C,FF,FF,FF
119002,14186,0xCFF6600,1,8,97,0B,FF,FF,FF,FF,FF,FF
119022,14187,0xCF00400,1,8,FF,FF,FF,AE,5C,FF,FF,FF
119022,14188,0xCFF6600,1,8,95,0B,FF,FF,FF,FF,FF,FF
119042,14189,0xCF00400,1,8,FF,FF,FF,DA,5C,FF,FF,FF
119042,14190,0xCFF6600,1,8,9B,0B,FF,FF,FF,FF,FF,FF
119053,14191,0x18FEF100,1,8,3F,00,00,FF,FF,FF,FF,FF
119053,14192,0x18F00500,1,8,FF,FF,FF,FF,20,2D,FF,FF
119054,14193,0x18FEF200,1,8,23,00,00,00,00,00,00,FF
119062,14194,0xCF00400,1,8,FF,FF,FF,66,5C,FF,FF,FF
119062,14195,0xCFF6600,1,8,8C,0B,FF,FF,FF,FF,FF,FF
119082,14196,0xCF00400,1,8,FF,FF,FF,7A,5B,FF,FF,FF
119082,14197,0xCFF6600,1,8,6F,0B,FF,FF,FF,FF,FF,FF
119102,14198,0xCF00400,1,8,FF,FF,FF,C0,5A,FF,FF,FF
119102,14199,0xCFF6600,1,8,58,0B,FF,FF,FF,FF,FF,FF
119122,14200,0xCF00400,1,8,FF,FF,FF,30,5A,FF,FF,FF
119123,14201,0xCFF6600,1,8,46,0B,FF,FF,FF,FF,FF,FF
119142,14202,0xCF00400,1,8,FF,FF,FF,D6,59,FF,FF,FF
119142,14203,0xCFF6600,1,8,3A,0B,FF,FF,FF,FF,FF,FF
119153,14204,0x18FEF100,1,8,3F,00,00,FF,FF,FF,FF,FF
119154,14205,0x10FF6500,1,8,FC,FF,FF,FF,FF,FF,FF,FF
119154,14206,0x18F00500,1,8,FF,FF,FF,FF,20,2D,FF,FF
119155,14207,0x18F00600,1,8,FF,FF,FF,FF,FF,FF,FF,FF
119155,14208,0x18FEF200,1,8,23,00,00,00,00,00,00,FF
119156,14209,0x1CFDDF00,1,8,FE,FF,FF,FF,FF,FF,FF,FF
119157,14210,0x1CFF6A00,1,8,FC,FF,FF,FF,FF,FF,FF,FF
119162,14211,0xCF00400,1,8,FF,FF,FF,9A,59,FF,FF,FF
119162,14212,0xCFF6600,1,8,33,0B,FF,FF,FF,FF,FF,FF
119182,14213,0xCF00400,1,8,FF,FF,FF,7C,59,FF,FF,FF
119182,14214,0xCFF6600,1,8,2F,0B,FF,FF,FF,FF,FF,FF
119202,14215,0xCF00400,1,8,FF,FF,FF,76,59,FF,FF,FF
119202,14216,0xCFF6600,1,8,2E,0B,FF,FF,FF,FF,FF,FF
119222,14217,0xCF00400,1,8,FF,FF,FF,4C,59,FF,FF,FF
119222,14218,0xCFF6600,1,8,29,0B,FF,FF,FF,FF,FF,FF
119242,14219,0xCF00400,1,8,FF,FF,FF,08,59,FF,FF,FF
119242,14220,0xCFF6600,1,8,21,0B,FF,FF,FF,FF,FF,FF
119253,14221,0x18FEF100,1,8,3F,00,00,FF,FF,FF,FF,FF
119253,14222,0x18F00500,1,8,FF,FF,FF,FF,20,2D,FF,FF
119254,14223,0x18FEF200,1,8,23,00,00,00,00,00,00,FF
119262,14224,0xCF00400,1,8,FF,FF,FF,D2,58,FF,FF,FF
119262,14225,0xCFF6600,1,8,1A,0B,FF,FF,FF,FF,FF,FF
119282,14226,0xCF00400,1,8,FF,FF,FF,A8,58,FF,FF,FF
119282,14227,0xCFF6600,1,8,15,0B,FF,FF,FF,FF,FF,FF
119302,14228,0xCF00400,1,8,FF,FF,FF,9A,58,FF,FF,FF
119302,14229,0xCFF6600,1,8,13,0B,FF,FF,FF,FF,FF,FF
119322,14230,0xCF00400,1,8,FF,FF,FF,A0,58,FF,FF,FF
119323,14231,0xCFF6600,1,8,14,0B,FF,FF,FF,FF,FF,FF
119342,14232,0xCF00400,1,8,FF,FF,FF,A0,58,FF,FF,FF
119342,14233,0xCFF6600,1,8,14,0B,FF,FF,FF,FF,FF,FF
119353,14234,0x18FEF100,1,8,3F,00,00,FF,FF,FF,FF,FF
119353,14235,0x10FF6500,1,8,FC,FF,FF,FF,FF,FF,FF,FF
119354,14236,0x18F00500,1,8,FF,FF,FF,FF,20,2D,FF,FF
119354,14237,0x18FEF200,1,8,23,00,00,00,00,00,00,FF
119362,14238,0xCF00400,1,8,FF,FF,FF,88,58,FF,FF,FF
119362,14239,0xCFF6600,1,8,11,0B,FF,FF,FF,FF,FF,FF
119382,14240,0xCF00400,1,8,FF,FF,FF,5E,58,FF,FF,FF
119382,14241,0xCFF6600,1,8,0B,0B,FF,FF,FF,FF,FF,FF
119402,14242,0xCF00400,1,8,FF,FF,FF,6C,58,FF,FF,FF
119402,14243,0xCFF6600,1,8,0D,0B,FF,FF,FF,FF,FF,FF
119422,14244,0xCF00400,1,8,FF,FF,FF,AA,58,FF,FF,FF
119422,14245,0xCFF6600,1,8,15,0B,FF,FF,FF,FF,FF,FF
119442,14246,0xCF00400,1,8,FF,FF,FF,6E,58,FF,FF,FF
119442,14247,0xCFF6600,1,8,0D,0B,FF,FF,FF,FF,FF,FF
119453,14248,0x18FEF100,1,8,3F,00,00,FF,FF,FF,FF,FF
119453,14249,0x18F00500,1,8,FF,FF,FF,FF,20,2D,FF,FF
119454,14250,0x18FEF200,1,8,23,00,00,00,00,00,00,FF
119462,14251,0xCF00400,1,8,FF,FF,FF,D2,57,FF,FF,FF
119462,14252,0xCFF6600,1,8,FA,0A,FF,FF,FF,FF,FF,FF
119482,14253,0xCF00400,1,8,FF,FF,FF,62,57,FF,FF,FF
119483,14254,0xCFF6600,1,8,EC,0A,FF,FF,FF,FF,FF,FF
119502,14255,0xCF00400,1,8,FF,FF,FF,12,57,FF,FF,FF
119502,14256,0xCFF6600,1,8,E2,0A,FF,FF,FF,FF,FF,FF
119522,14257,0xCF00400,1,8,FF,FF,FF,1C,57,FF,FF,FF
119522,14258,0xCFF6600,1,8,E3,0A,FF,FF,FF,FF,FF,FF
119542,14259,0xCF00400,1,8,FF,FF,FF,6E,57,FF,FF,FF
119542,14260,0xCFF6600,1,8,ED,0A,FF,FF,FF,FF,FF,FF
119552,14261,0x18FEF100,1,8,3F,00,00,FF,FF,FF,FF,FF
119553,14262,0x10FF6500,1,8,FC,FF,FF,FF,FF,FF,FF,FF
119554,14263,0x18F00500,1,8,FF,FF,FF,FF,20,2D,FF,FF
119554,14264,0x18FEF200,1,8,23,00,00,00,00,00,00,FF
119562,14265,0xCF00400,1,8,FF,FF,FF,7E,57,FF,FF,FF
119562,14266,0xCFF6600,1,8,EF,0A,FF,FF,FF,FF,FF,FF
119582,14267,0xCF00400,1,8,FF,FF,FF,60,57,FF,FF,FF
119582,14268,0xCFF6600,1,8,EC,0A,FF,FF,FF,FF,FF,FF
119602,14269,0xCF00400,1,8,FF,FF,FF,74,57,FF,FF,FF
119602,14270,0xCFF6600,1,8,EE,0A,FF,FF,FF,FF,FF,FF
119622,14271,0xCF00400,1,8,FF,FF,FF,A2,57,FF,FF,FF
119622,14272,0xCFF6600,1,8,F4,0A,FF,FF,FF,FF,FF,FF
119642,14273,0xCF00400,1,8,FF,FF,FF,E6,57,FF,FF,FF
119643,14274,0xCFF6600,1,8,FC,0A,FF,FF,FF,FF,FF,FF
119653,14275,0x18FEF100,1,8,3F,00,00,FF,FF,FF,FF,FF
119654,14276,0x18F00500,1,8,FF,FF,FF,FF,20,2D,FF,FF
119654,14277,0x18F00600,1,8,FF,FF,FF,FF,FF,FF,FF,FF
119655,14278,0x18FEF200,1,8,23,00,00,00,00,00,00,FF
119655,14279,0x1CFDDF00,1,8,FE,FF,FF,FF,FF,FF,FF,FF
119656,14280,0x1CFF6A00,1,8,FC,FF,FF,FF,FF,FF,FF,FF
119662,14281,0xCF00400,1,8,FF,FF,FF,E6,57,FF,FF,FF
119662,14282,0xCFF6600,1,8,FC,0A,FF,FF,FF,FF,FF,FF
119682,14283,0xCF00400,1,8,FF,FF,FF,3E,58,FF,FF,FF
119682,14284,0xCFF6600,1,8,07,0B,FF,FF,FF,FF,FF,FF
119702,14285,0xCF00400,1,8,FF,FF,FF,82,58,FF,FF,FF
119702,14286,0xCFF6600,1,8,10,0B,FF,FF,FF,FF,FF,FF
119722,14287,0xCF00400,1,8,FF,FF,FF,B6,58,FF,FF,FF
119722,14288,0xCFF6600,1,8,16,0B,FF,FF,FF,FF,FF,FF
119741,14289,0x18FEFC17,1,8,FF,1E,FF,FF,FF,FF,FF,FF
119742,14290,0xCF00400,1,8,FF,FF,FF,E0,58,FF,FF,FF
119742,14291,0xCFF6600,1,8,1C,0B,FF,FF,FF,FF,FF,FF
119753,14292,0x18FEF100,1,8,3F,00,00,FF,FF,FF,FF,FF
119753,14293,0x10FF6500,1,8,FC,FF,FF,FF,FF,FF,FF,FF
119754,14294,0x18F00500,1,8,FF,FF,FF,FF,20,2D,FF,FF
119754,14295,0x18FEF200,1,8,23,00,00,00,00,00,00,FF
119761,14296,0x18FEF517,1,8,FF,FF,FF,20,1D,FF,FF,FF
119762,14297,0xCF00400,1,8,FF,FF,FF,04,59,FF,FF,FF
119762,14298,0xCFF6600,1,8,20,0B,FF,FF,FF,FF,FF,FF
119782,14299,0xCF00400,1,8,FF,FF,FF,3E,59,FF,FF,FF
119782,14300,0xCFF6600,1,8,27,0B,FF,FF,FF,FF,FF,FF
119787,14301,0x18FEC117,1,8,F0,1D,00,00,03,1E,00,00
119802,14302,0xCF00400,1,8,FF,FF,FF,84,59,FF,FF,FF
119802,14303,0xCFF6600,1,8,30,0B,FF,FF,FF,FF,FF,FF
119811,14304,0x18FEEE00,1,8,51,FF,FF,FF,FF,FF,FF,FF
119812,14305,0x18FDE500,1,8,0A,14,1E,28,32,3C,46,13
119822,14306,0xCF00400,1,8,FF,FF,FF,E8,59,FF,FF,FF
119822,14307,0xCFF6600,1,8,3D,0B,FF,FF,FF,FF,FF,FF
119832,14308,0x1CECFF00,1,8,20,0E,00,02,FF,CA,FE,00
119842,14309,0xCF00400,1,8,FF,FF,FF,5E,5A,FF,FF,FF
119843,14310,0xCFF6600,1,8,4B,0B,FF,FF,FF,FF,FF,FF
119853,14311,0x18FEF100,1,8,3F,00,00,FF,FF,FF,FF,FF
119854,14312,0x18F00500,1,8,FF,FF,FF,FF,20,2D,FF,FF
119854,14313,0x18FEF200,1,8,1F,00,00,00,00,00,00,FF
119862,14314,0xCF00400,1,8,FF,FF,FF,9C,5A,FF,FF,FF
119863,14315,0xCFF6600,1,8,53,0B,FF,FF,FF,FF,FF,FF
119882,14316,0xCF00400,1,8,FF,FF,FF,BA,5A,FF,FF,FF
119882,14317,0xCFF6600,1,8,57,0B,FF,FF,FF,FF,FF,FF
119883,14318,0x1CEBFF00,1,8,01,40,FF,0F,F0,E5,01,02
119902,14319,0xCF00400,1,8,FF,FF,FF,DC,5A,FF,FF,FF
119902,14320,0xCFF6600,1,8,5B,0B,FF,FF,FF,FF,FF,FF
119922,14321,0xCF00400,1,8,FF,FF,FF,06,5B,FF,FF,FF
119922,14322,0xCFF6600,1,8,60,0B,FF,FF,FF,FF,FF,FF
119932,14323,0x1CEBFF00,1,8,02,F0,E3,02,6E,00,03,01
119942,14324,0xCF00400,1,8,FF,FF,FF,36,5B,FF,FF,FF
119942,14325,0xCFF6600,1,8,66,0B,FF,FF,FF,FF,FF,FF
119953,14326,0x18FEF100,1,8,3F,00,00,FF,FF,FF,FF,FF
119953,14327,0x10FF6500,1,8,FC,FF,FF,FF,FF,FF,FF,FF
119954,14328,0x18F00500,1,8,FF,FF,FF,FF,20,2D,FF,FF
119954,14329,0x18FEF200,1,8,1F,00,00,00,00,00,00,FF
119962,14330,0xCF00400,1,8,FF,FF,FF,6A,5B,FF,FF,FF
119962,14331,0xCFF6600,1,8,6D,0B,FF,FF,FF,FF,FF,FF
119982,14332,0xCF00400,1,8,FF,FF,FF,70,5B,FF,FF,FF
119982,14333,0xCFF6600,1,8,6E,0B,FF,FF,FF,FF,FF,FF
120002,14334,0xCF00400,1,8,FF,FF,FF,60,5B,FF,FF,FF
120002,14335,0xCFF6600,1,8,6C,0B,FF,FF,FF,FF,FF,FF
120022,14336,0xCF00400,1,8,FF,FF,FF,5E,5B,FF,FF,FF
120022,14337,0xCFF6600,1,8,6B,0B,FF,FF,FF,FF,FF,FF
120042,14338,0xCF00400,1,8,FF,FF,FF,6E,5B,FF,FF,FF
120042,14339,0xCFF6600,1,8,6D,0B,FF,FF,FF,FF,FF,FF
120053,14340,0x18FEF100,1,8,3F,00,00,FF,FF,FF,FF,FF
120053,14341,0x18F00500,1,8,FF,FF,FF,FF,20,2D,FF,FF
120054,14342,0x18FEF200,1,8,1F,00,00,00,00,00,00,FF
120062,14343,0xCF00400,1,8,FF,FF,FF,54,5B,FF,FF,FF
120062,14344,0xCFF6600,1,8,6A,0B,FF,FF,FF,FF,FF,FF
120082,14345,0xCF00400,1,8,FF,FF,FF,16,5B,FF,FF,FF
120082,14346,0xCFF6600,1,8,62,0B,FF,FF,FF,FF,FF,FF
120102,14347,0xCF00400,1,8,FF,FF,FF,24,5B,FF,FF,FF
120102,14348,0xCFF6600,1,8,64,0B,FF,FF,FF,FF,FF,FF
120122,14349,0xCF00400,1,8,FF,FF,FF,6A,5B,FF,FF,FF
120122,14350,0xCFF6600,1,8,6D,0B,FF,FF,FF,FF,FF,FF
120142,14351,0xCF00400,1,8,FF,FF,FF,88,5B,FF,FF,FF
120142,14352,0xCFF6600,1,8,71,0B,FF,FF,FF,FF,FF,FF
120153,14353,0x18FEF100,1,8,3F,00,00,FF,FF,FF,FF,FF
120153,14354,0x10FF6500,1,8,FC,FF,FF,FF,FF,FF,FF,FF
120154,14355,0x18F00500,1,8,FF,FF,FF,FF,20,2D,FF,FF
120154,14356,0x18F00600,1,8,FF,FF,FF,FF,FF,FF,FF,FF
120155,14357,0x18FEF200,1,8,1F,00,00,00,00,00,00,FF
120156,14358,0x1CFDDF00,1,8,FE,FF,FF,FF,FF,FF,FF,FF
120156,14359,0x1CFF6A00,1,8,FC,FF,FF,FF,FF,FF,FF,FF
120162,14360,0xCF00400,1,8,FF,FF,FF,82,5B,FF,FF,FF
120162,14361,0xCFF6600,1,8,70,0B,FF,FF,FF,FF,FF,FF
120182,14362,0xCF00400,1,8,FF,FF,FF,D4,5B,FF,FF,FF
120182,14363,0xCFF6600,1,8,7A,0B,FF,FF,FF,FF,FF,FF
120202,14364,0xCF00400,1,8,FF,FF,FF,64,5C,FF,FF,FF
120202,14365,0xCFF6600,1,8,8C,0B,FF,FF,FF,FF,FF,FF
120222,14366,0xCF00400,1,8,FF,FF,FF,E0,5C,FF,FF,FF
120222,14367,0xCFF6600,1,8,9C,0B,FF,FF,FF,FF,FF,FF
120242,14368,0xCF00400,1,8,FF,FF,FF,58,5D,FF,FF,FF
120242,14369,0xCFF6600,1,8,AB,0B,FF,FF,FF,FF,FF,FF
120253,14370,0x18FEF100,1,8,3F,00,00,FF,FF,FF,FF,FF
120253,14371,0x18F00500,1,8,FF,FF,FF,FF,20,2D,FF,FF
120254,14372,0x18FEF200,1,8,1F,00,00,00,00,00,00,FF
120262,14373,0xCF00400,1,8,FF,FF,FF,92,5D,FF,FF,FF
120262,14374,0xCFF6600,1,8,B2,0B,FF,FF,FF,FF,FF,FF
120282,14375,0xCF00400,1,8,FF,FF,FF,A6,5D,FF,FF,FF
120282,14376,0xCFF6600,1,8,B4,0B,FF,FF,FF,FF,FF,FF
120302,14377,0xCF00400,1,8,FF,FF,FF,4E,5D,FF,FF,FF
120302,14378,0xCFF6600,1,8,A9,0B,FF,FF,FF,FF,FF,FF
120322,14379,0xCF00400,1,8,FF,FF,FF,B0,5C,FF,FF,FF
120323,14380,0xCFF6600,1,8,96,0B,FF,FF,FF,FF,FF,FF
120342,14381,0xCF00400,1,8,FF,FF,FF,80,5C,FF,FF,FF
120343,14382,0xCFF6600,1,8,90,0B,FF,FF,FF,FF,FF,FF
120353,14383,0x18FEF100,1,8,3F,00,00,FF,FF,FF,FF,FF
120353,14384,0x10FF6500,1,8,FC,FF,FF,FF,FF,FF,FF,FF
120354,14385,0x18F00500,1,8,FF,FF,FF,FF,20,2D,FF,FF
120355,14386,0x18FEF200,1,8,1F,00,00,00,00,00,00,FF
120362,14387,0xCF00400,1,8,FF,FF,FF,9E,5C,FF,FF,FF
120363,14388,0xCFF6600,1,8,93,0B,FF,FF,FF,FF,FF,FF
120382,14389,0xCF00400,1,8,FF,FF,FF,A4,5C,FF,FF,FF
120383,14390,0xCFF6600,1,8,94,0B,FF,FF,FF,FF,FF,FF
120402,14391,0xCF00400,1,8,FF,FF,FF,9E,5C,FF,FF,FF
120403,14392,0xCFF6600,1,8,93,0B,FF,FF,FF,FF,FF,FF
120422,14393,0xCF00400,1,8,FF,FF,FF,6E,5C,FF,FF,FF
120423,14394,0xCFF6600,1,8,8D,0B,FF,FF,FF,FF,FF,FF
120442,14395,0xCF00400,1,8,FF,FF,FF,6E,5C,FF,FF,FF
120442,14396,0xCFF6600,1,8,8D,0B,FF,FF,FF,FF,FF,FF
120453,14397,0x18FEF100,1,8,3F,00,00,FF,FF,FF,FF,FF
120454,14398,0x18F00500,1,8,FF,FF,FF,FF,20,2D,FF,FF
120454,14399,0x18FEF200,1,8,1F,00,00,00,00,00,00,FF
120462,14400,0xCF00400,1,8,FF,FF,FF,24,5C,FF,FF,FF
120462,14401,0xCFF6600,1,8,84,0B,FF,FF,FF,FF,FF,FF
120482,14402,0xCF00400,1,8,FF,FF,FF,FA,5B,FF,FF,FF
120482,14403,0xCFF6600,1,8,7F,0B,FF,FF,FF,FF,FF,FF
120502,14404,0xCF00400,1,8,FF,FF,FF,E0,5B,FF,FF,FF
120502,14405,0xCFF6600,1,8,7C,0B,FF,FF,FF,FF,FF,FF
120522,14406,0xCF00400,1,8,FF,FF,FF,2A,5C,FF,FF,FF
120522,14407,0xCFF6600,1,8,85,0B,FF,FF,FF,FF,FF,FF
120542,14408,0xCF00400,1,8,FF,FF,FF,B0,5C,FF,FF,FF
120542,14409,0xCFF6600,1,8,96,0B,FF,FF,FF,FF,FF,FF
120553,14410,0x18FEF100,1,8,3F,00,00,FF,FF,FF,FF,FF
120553,14411,0x10FF6500,1,8,FC,FF,FF,FF,FF,FF,FF,FF
120554,14412,0x18F00500,1,8,FF,FF,FF,FF,20,2D,FF,FF
120554,14413,0x18FEF200,1,8,1F,00,00,00,00,00,00,FF
120562,14414,0xCF00400,1,8,FF,FF,FF,42,5C,FF,FF,FF
120562,14415,0xCFF6600,1,8,88,0B,FF,FF,FF,FF,FF,FF
120582,14416,0xCF00400,1,8,FF,FF,FF,1A,5B,FF,FF,FF
120582,14417,0xCFF6600,1,8,63,0B,FF,FF,FF,FF,FF,FF
120602,14418,0xCF00400,1,8,FF,FF,FF,D0,5A,FF,FF,FF
120602,14419,0xCFF6600,1,8,5A,0B,FF,FF,FF,FF,FF,FF
120622,14420,0xCF00400,1,8,FF,FF,FF,2E,5B,FF,FF,FF
120622,14421,0xCFF6600,1,8,65,0B,FF,FF,FF,FF,FF,FF
120642,14422,0xCF00400,1,8,FF,FF,FF,5A,5B,FF,FF,FF
120642,14423,0xCFF6600,1,8,6B,0B,FF,FF,FF,FF,FF,FF
120653,14424,0x18FEF100,1,8,3F,00,00,FF,FF,FF,FF,FF
120653,14425,0x18F00500,1,8,FF,FF,FF,FF,20,2D,FF,FF
120654,14426,0x18F00600,1,8,FF,FF,FF,FF,FF,FF,FF,FF
120654,14427,0x18FEF200,1,8,1F,00,00,00,00,00,00,FF
120655,14428,0x1CFDDF00,1,8,FE,FF,FF,FF,FF,FF,FF,FF
120656,14429,0x1CFF6A00,1,8,FC,FF,FF,FF,FF,FF,FF,FF
120662,14430,0xCF00400,1,8,FF,FF,FF,6A,5B,FF,FF,FF
120662,14431,0xCFF6600,1,8,6D,0B,FF,FF,FF,FF,FF,FF
120682,14432,0xCF00400,1,8,FF,FF,FF,74,5B,FF,FF,FF
120682,14433,0xCFF6600,1,8,6E,0B,FF,FF,FF,FF,FF,FF
120702,14434,0xCF00400,1,8,FF,FF,FF,74,5B,FF,FF,FF
120702,14435,0xCFF6600,1,8,6E,0B,FF,FF,FF,FF,FF,FF
120722,14436,0xCF00400,1,8,FF,FF,FF,3A,5B,FF,FF,FF
120722,14437,0xCFF6600,1,8,67,0B,FF,FF,FF,FF,FF,FF
120742,14438,0xCF00400,1,8,FF,FF,FF,D6,5A,FF,FF,FF
120742,14439,0xCFF6600,1,8,5A,0B,FF,FF,FF,FF,FF,FF
120753,14440,0x18FEF100,1,8,3F,00,00,FF,FF,FF,FF,FF
120753,14441,0x10FF6500,1,8,FC,FF,FF,FF,FF,FF,FF,FF
120754,14442,0x18F00500,1,8,FF,FF,FF,FF,20,2D,FF,FF
120754,14443,0x18FEF200,1,8,1F,00,00,00,00,00,00,FF
120762,14444,0xCF00400,1,8,FF,FF,FF,A6,5A,FF,FF,FF
120762,14445,0xCFF6600,1,8,54,0B,FF,FF,FF,FF,FF,FF
120782,14446,0xCF00400,1,8,FF,FF,FF,96,5A,FF,FF,FF
120783,14447,0xCFF6600,1,8,52,0B,FF,FF,FF,FF,FF,FF
120802,14448,0xCF00400,1,8,FF,FF,FF,3E,5A,FF,FF,FF
120803,14449,0xCFF6600,1,8,47,0B,FF,FF,FF,FF,FF,FF
120811,14450,0x18FEEE00,1,8,51,FF,FF,FF,FF,FF,FF,FF
120812,14451,0x18FDE500,1,8,0A,14,1E,28,32,3C,46,13
120822,14452,0xCF00400,1,8,FF,FF,FF,AE,59,FF,FF,FF
120822,14453,0xCFF6600,1,8,35,0B,FF,FF,FF,FF,FF,FF
120831,14454,0x1CECFF00,1,8,20,0E,00,02,FF,CA,FE,00
120842,14455,0xCF00400,1,8,FF,FF,FF,70,59,FF,FF,FF
120842,14456,0xCFF6600,1,8,2E,0B,FF,FF,FF,FF,FF,FF
120853,14457,0x18FEF100,1,8,3F,00,00,FF,FF,FF,FF,FF
120853,14458,0x18F00500,1,8,FF,FF,FF,FF,20,2D,FF,FF
120854,14459,0x18FEF200,1,8,1E,00,00,00,00,00,00,FF
120862,14460,0xCF00400,1,8,FF,FF,FF,6E,59,FF,FF,FF
120862,14461,0xCFF6600,1,8,2D,0B,FF,FF,FF,FF,FF,FF
120882,14462,0xCF00400,1,8,FF,FF,FF,80,59,FF,FF,FF
120882,14463,0xCFF6600,1,8,30,0B,FF,FF,FF,FF,FF,FF
120883,14464,0x1CEBFF00,1,8,01,40,FF,0F,F0,E5,01,02
120902,14465,0xCF00400,1,8,FF,FF,FF,9C,59,FF,FF,FF
120902,14466,0xCFF6600,1,8,33,0B,FF,FF,FF,FF,FF,FF
120922,14467,0xCF00400,1,8,FF,FF,FF,DE,59,FF,FF,FF
120922,14468,0xCFF6600,1,8,3B,0B,FF,FF,FF,FF,FF,FF
120931,14469,0x1CEBFF00,1,8,02,F0,E3,02,6E,00,03,01
120942,14470,0xCF00400,1,8,FF,FF,FF,34,5A,FF,FF,FF
120942,14471,0xCFF6600,1,8,46,0B,FF,FF,FF,FF,FF,FF
120953,14472,0x18FEF100,1,8,3F,00,00,FF,FF,FF,FF,FF
120953,14473,0x10FF6500,1,8,FC,FF,FF,FF,FF,FF,FF,FF
120954,14474,0x18F00500,1,8,FF,FF,FF,FF,20,2D,FF,FF
120954,14475,0x18FEF200,1,8,1E,00,00,00,00,00,00,FF
120962,14476,0xCF00400,1,8,FF,FF,FF,80,5A,FF,FF,FF
120962,14477,0xCFF6600,1,8,50,0B,FF,FF,FF,FF,FF,FF
120982,14478,0xCF00400,1,8,FF,FF,FF,CA,5A,FF,FF,FF
120982,14479,0xCFF6600,1,8,59,0B,FF,FF,FF,FF,FF,FF
121002,14480,0xCF00400,1,8,FF,FF,FF,14,5B,FF,FF,FF
121002,14481,0xCFF6600,1,8,62,0B,FF,FF,FF,FF,FF,FF
121022,14482,0xCF00400,1,8,FF,FF,FF,5C,5B,FF,FF,FF
121022,14483,0xCFF6600,1,8,6B,0B,FF,FF,FF,FF,FF,FF
121042,14484,0xCF00400,1,8,FF,FF,FF,A8,5B,FF,FF,FF
121043,14485,0xCFF6600,1,8,75,0B,FF,FF,FF,FF,FF,FF
121053,14486,0x18FEF100,1,8,3F,00,00,FF,FF,FF,FF,FF
121054,14487,0x18F00500,1,8,FF,FF,FF,FF,20,2D,FF,FF
121054,14488,0x18FEF200,1,8,1E,00,00,00,00,00,00,FF
121062,14489,0xCF00400,1,8,FF,FF,FF,FA,5B,FF,FF,FF
121063,14490,0xCFF6600,1,8,7F,0B,FF,FF,FF,FF,FF,FF
121082,14491,0xCF00400,1,8,FF,FF,FF,20,5C,FF,FF,FF
121083,14492,0xCFF6600,1,8,84,0B,FF,FF,FF,FF,FF,FF
121102,14493,0xCF00400,1,8,FF,FF,FF,2A,5C,FF,FF,FF
121103,14494,0xCFF6600,1,8,85,0B,FF,FF,FF,FF,FF,FF
121122,14495,0xCF00400,1,8,FF,FF,FF,5A,5C,FF,FF,FF
121123,14496,0xCFF6600,1,8,8B,0B,FF,FF,FF,FF,FF,FF
121142,14497,0xCF00400,1,8,FF,FF,FF,5A,5C,FF,FF,FF
121142,14498,0xCFF6600,1,8,8B,0B,FF,FF,FF,FF,FF,FF
121153,14499,0x18FEF100,1,8,3F,00,00,FF,FF,FF,FF,FF
121153,14500,0x10FF6500,1,8,FC,FF,FF,FF,FF,FF,FF,FF
121154,14501,0x18F00500,1,8,FF,FF,FF,FF,20,2D,FF,FF
121155,14502,0x18F00600,1,8,FF,FF,FF,FF,FF,FF,FF,FF
121155,14503,0x18FEF200,1,8,1E,00,00,00,00,00,00,FF
121156,14504,0x1CFDDF00,1,8,FE,FF,FF,FF,FF,FF,FF,FF
121156,14505,0x1CFF6A00,1,8,FC,FF,FF,FF,FF,FF,FF,FF
121162,14506,0xCF00400,1,8,FF,FF,FF,A8,5C,FF,FF,FF
121162,14507,0xCFF6600,1,8,95,0B,FF,FF,FF,FF,FF,FF
121182,14508,0xCF00400,1,8,FF,FF,FF,AC,5C,FF,FF,FF
121182,14509,0xCFF6600,1,8,95,0B,FF,FF,FF,FF,FF,FF
121202,14510,0xCF00400,1,8,FF,FF,FF,7C,5C,FF,FF,FF
121202,14511,0xCFF6600,1,8,8F,0B,FF,FF,FF,FF,FF,FF
121222,14512,0xCF00400,1,8,FF,FF,FF,84,5C,FF,FF,FF
121222,14513,0xCFF6600,1,8,90,0B,FF,FF,FF,FF,FF,FF
121242,14514,0xCF00400,1,8,FF,FF,FF,AC,5C,FF,FF,FF
121242,14515,0xCFF6600,1,8,95,0B,FF,FF,FF,FF,FF,FF
121253,14516,0x18FEF100,1,8,3F,00,00,FF,FF,FF,FF,FF
121253,14517,0x18F00500,1,8,FF,FF,FF,FF,20,2D,FF,FF
121254,14518,0x18FEF200,1,8,1E,00,00,00,00,00,00,FF
121262,14519,0xCF00400,1,8,FF,FF,FF,9E,5C,FF,FF,FF
121262,14520,0xCFF6600,1,8,93,0B,FF,FF,FF,FF,FF,FF
121282,14521,0xCF00400,1,8,FF,FF,FF,70,5C,FF,FF,FF
121282,14522,0xCFF6600,1,8,8E,0B,FF,FF,FF,FF,FF,FF
121302,14523,0xCF00400,1,8,FF,FF,FF,9E,5C,FF,FF,FF
121302,14524,0xCFF6600,1,8,93,0B,FF,FF,FF,FF,FF,FF
121322,14525,0xCF00400,1,8,FF,FF,FF,08,5D,FF,FF,FF
121322,14526,0xCFF6600,1,8,A1,0B,FF,FF,FF,FF,FF,FF
121342,14527,0xCF00400,1,8,FF,FF,FF,4C,5D,FF,FF,FF
121342,14528,0xCFF6600,1,8,A9,0B,FF,FF,FF,FF,FF,FF
121353,14529,0x18FEF100,1,8,3F,00,00,FF,FF,FF,FF,FF
121353,14530,0x10FF6500,1,8,FC,FF,FF,FF,FF,FF,FF,FF
121354,14531,0x18F00500,1,8,FF,FF,FF,FF,20,2D,FF,FF
121354,14532,0x18FEF200,1,8,1E,00,00,00,00,00,00,FF
121362,14533,0xCF00400,1,8,FF,FF,FF,72,5D,FF,FF,FF
121362,14534,0xCFF6600,1,8,AE,0B,FF,FF,FF,FF,FF,FF
121382,14535,0xCF00400,1,8,FF,FF,FF,BC,5D,FF,FF,FF
121382,14536,0xCFF6600,1,8,B7,0B,FF,FF,FF,FF,FF,FF
121402,14537,0xCF00400,1,8,FF,FF,FF,1E,5E,FF,FF,FF
121402,14538,0xCFF6600,1,8,C3,0B,FF,FF,FF,FF,FF,FF
121422,14539,0xCF00400,1,8,FF,FF,FF,4E,5E,FF,FF,FF
121422,14540,0xCFF6600,1,8,C9,0B,FF,FF,FF,FF,FF,FF
121442,14541,0xCF00400,1,8,FF,FF,FF,62,5E,FF,FF,FF
121442,14542,0xCFF6600,1,8,CC,0B,FF,FF,FF,FF,FF,FF
121452,14543,0x18FEF100,1,8,3F,00,00,FF,FF,FF,FF,FF
121453,14544,0x18F00500,1,8,FF,FF,FF,FF,20,2D,FF,FF
121454,14545,0x18FEF200,1,8,1E,00,00,00,00,00,00,FF
121462,14546,0xCF00400,1,8,FF,FF,FF,90,5E,FF,FF,FF
121462,14547,0xCFF6600,1,8,D2,0B,FF,FF,FF,FF,FF,FF
121482,14548,0xCF00400,1,8,FF,FF,FF,CA,5E,FF,FF,FF
121482,14549,0xCFF6600,1,8,D9,0B,FF,FF,FF,FF,FF,FF
121502,14550,0xCF00400,1,8,FF,FF,FF,D4,5E,FF,FF,FF
121502,14551,0xCFF6600,1,8,DA,0B,FF,FF,FF,FF,FF,FF
121522,14552,0xCF00400,1,8,FF,FF,FF,C8,5E,FF,FF,FF
121522,14553,0xCFF6600,1,8,D9,0B,FF,FF,FF,FF,FF,FF
121542,14554,0xCF00400,1,8,FF,FF,FF,C2,5E,FF,FF,FF
121542,14555,0xCFF6600,1,8,D8,0B,FF,FF,FF,FF,FF,FF
121553,14556,0x18FEF100,1,8,3F,00,00,FF,FF,FF,FF,FF
121553,14557,0x10FF6500,1,8,FC,FF,FF,FF,FF,FF,FF,FF
121554,14558,0x18F00500,1,8,FF,FF,FF,FF,20,2D,FF,FF
121555,14559,0x18FEF200,1,8,1E,00,00,00,00,00,00,FF
121562,14560,0xCF00400,1,8,FF,FF,FF,BE,5E,FF,FF,FF
121562,14561,0xCFF6600,1,8,D7,0B,FF,FF,FF,FF,FF,FF
121582,14562,0xCF00400,1,8,FF,FF,FF,B6,5E,FF,FF,FF
121582,14563,0xCFF6600,1,8,D6,0B,FF,FF,FF,FF,FF,FF
121602,14564,0xCF00400,1,8,FF,FF,FF,BC,5E,FF,FF,FF
121603,14565,0xCFF6600,1,8,D7,0B,FF,FF,FF,FF,FF,FF
121622,14566,0xCF00400,1,8,FF,FF,FF,E8,5E,FF,FF,FF
121623,14567,0xCFF6600,1,8,DD,0B,FF,FF,FF,FF,FF,FF
121642,14568,0xCF00400,1,8,FF,FF,FF,04,5F,FF,FF,FF
121643,14569,0xCFF6600,1,8,E0,0B,FF,FF,FF,FF,FF,FF
121653,14570,0x18FEF100,1,8,3F,00,00,FF,FF,FF,FF,FF
121653,14571,0x18F00500,1,8,FF,FF,FF,FF,20,2D,FF,FF
121654,14572,0x18F00600,1,8,FF,FF,FF,FF,FF,FF,FF,FF
121655,14573,0x18FEF200,1,8,1E,00,00,00,00,00,00,FF
121655,14574,0x1CFDDF00,1,8,FE,FF,FF,FF,FF,FF,FF,FF
121656,14575,0x1CFF6A00,1,8,FC,FF,FF,FF,FF,FF,FF,FF
121662,14576,0xCF00400,1,8,FF,FF,FF,16,5F,FF,FF,FF
121663,14577,0xCFF6600,1,8,E2,0B,FF,FF,FF,FF,FF,FF
121682,14578,0xCF00400,1,8,FF,FF,FF,AE,5E,FF,FF,FF
121683,14579,0xCFF6600,1,8,D5,0B,FF,FF,FF,FF,FF,FF
121702,14580,0xCF00400,1,8,FF,FF,FF,EE,5D,FF,FF,FF
121703,14581,0xCFF6600,1,8,BD,0B,FF,FF,FF,FF,FF,FF
121722,14582,0xCF00400,1,8,FF,FF,FF,AA,5D,FF,FF,FF
121723,14583,0xCFF6600,1,8,B5,0B,FF,FF,FF,FF,FF,FF
121742,14584,0xCF00400,1,8,FF,FF,FF,C8,5D,FF,FF,FF
121743,14585,0xCFF6600,1,8,B9,0B,FF,FF,FF,FF,FF,FF
121753,14586,0x18FEF100,1,8,3F,00,00,FF,FF,FF,FF,FF
121753,14587,0x10FF6500,1,8,FC,FF,FF,FF,FF,FF,FF,FF
121754,14588,0x18F00500,1,8,FF,FF,FF,FF,20,2D,FF,FF
121755,14589,0x18FEF200,1,8,1E,00,00,00,00,00,00,FF
121762,14590,0xCF00400,1,8,FF,FF,FF,9E,5D,FF,FF,FF
121763,14591,0xCFF6600,1,8,B3,0B,FF,FF,FF,FF,FF,FF
121782,14592,0xCF00400,1,8,FF,FF,FF,3C,5D,FF,FF,FF
121783,14593,0xCFF6600,1,8,A7,0B,FF,FF,FF,FF,FF,FF
121802,14594,0xCF00400,1,8,FF,FF,FF,F0,5C,FF,FF,FF
121803,14595,0xCFF6600,1,8,9E,0B,FF,FF,FF,FF,FF,FF
121812,14596,0x18FEEE00,1,8,52,FF,FF,FF,FF,FF,FF,FF
121812,14597,0x18FDE500,1,8,0A,14,1E,28,32,3C,46,13
121822,14598,0xCF00400,1,8,FF,FF,FF,B0,5C,FF,FF,FF
121823,14599,0xCFF6600,1,8,96,0B,FF,FF,FF,FF,FF,FF
121831,14600,0x1CECFF00,1,8,20,0E,00,02,FF,CA,FE,00
121842,14601,0xCF00400,1,8,FF,FF,FF,8E,5C,FF,FF,FF
121843,14602,0xCFF6600,1,8,91,0B,FF,FF,FF,FF,FF,FF
121853,14603,0x18FEF100,1,8,3F,00,00,FF,FF,FF,FF,FF
121854,14604,0x18F00500,1,8,FF,FF,FF,FF,20,2D,FF,FF
121854,14605,0x18FEF200,1,8,1F,00,00,00,00,00,00,FF
121862,14606,0xCF00400,1,8,FF,FF,FF,8E,5C,FF,FF,FF
121862,14607,0xCFF6600,1,8,91,0B,FF,FF,FF,FF,FF,FF
121882,14608,0xCF00400,1,8,FF,FF,FF,82,5C,FF,FF,FF
121882,14609,0xCFF6600,1,8,90,0B,FF,FF,FF,FF,FF,FF
121883,14610,0x1CEBFF00,1,8,01,40,FF,0F,F0,E5,01,02
121902,14611,0xCF00400,1,8,FF,FF,FF,7A,5C,FF,FF,FF
121902,14612,0xCFF6600,1,8,8F,0B,FF,FF,FF,FF,FF,FF
121922,14613,0xCF00400,1,8,FF,FF,FF,72,5C,FF,FF,FF
121922,14614,0xCFF6600,1,8,8E,0B,FF,FF,FF,FF,FF,FF
121932,14615,0x1CEBFF00,1,8,02,F0,E3,02,6E,00,03,01
121942,14616,0xCF00400,1,8,FF,FF,FF,56,5C,FF,FF,FF
121942,14617,0xCFF6600,1,8,8A,0B,FF,FF,FF,FF,FF,FF
121953,14618,0x18FEF100,1,8,3F,00,00,FF,FF,FF,FF,FF
121953,14619,0x10FF6500,1,8,FC,FF,FF,FF,FF,FF,FF,FF
121954,14620,0x18F00500,1,8,FF,FF,FF,FF,20,2D,FF,FF
121954,14621,0x18FEF200,1,8,1F,00,00,00,00,00,00,FF
121962,14622,0xCF00400,1,8,FF,FF,FF,30,5C,FF,FF,FF
121962,14623,0xCFF6600,1,8,86,0B,FF,FF,FF,FF,FF,FF
121982,14624,0xCF00400,1,8,FF,FF,FF,9E,5B,FF,FF,FF
121982,14625,0xCFF6600,1,8,73,0B,FF,FF,FF,FF,FF,FF
122002,14626,0xCF00400,1,8,FF,FF,FF,B8,5A,FF,FF,FF
122002,14627,0xCFF6600,1,8,57,0B,FF,FF,FF,FF,FF,FF
122022,14628,0xCF00400,1,8,FF,FF,FF,34,5A,FF,FF,FF
122022,14629,0xCFF6600,1,8,46,0B,FF,FF,FF,FF,FF,FF
122042,14630,0xCF00400,1,8,FF,FF,FF,FC,59,FF,FF,FF
122042,14631,0xCFF6600,1,8,3F,0B,FF,FF,FF,FF,FF,FF
122053,14632,0x18FEF100,1,8,3F,00,00,FF,FF,FF,FF,FF
122053,14633,0x18F00500,1,8,FF,FF,FF,FF,20,2D,FF,FF
122054,14634,0x18FEF200,1,8,1F,00,00,00,00,00,00,FF
122062,14635,0xCF00400,1,8,FF,FF,FF,A6,59,FF,FF,FF
122062,14636,0xCFF6600,1,8,34,0B,FF,FF,FF,FF,FF,FF
122082,14637,0xCF00400,1,8,FF,FF,FF,34,59,FF,FF,FF
122082,14638,0xCFF6600,1,8,26,0B,FF,FF,FF,FF,FF,FF
122102,14639,0xCF00400,1,8,FF,FF,FF,F4,58,FF,FF,FF
122102,14640,0xCFF6600,1,8,1E,0B,FF,FF,FF,FF,FF,FF
122122,14641,0xCF00400,1,8,FF,FF,FF,D2,58,FF,FF,FF
122123,14642,0xCFF6600,1,8,1A,0B,FF,FF,FF,FF,FF,FF
122142,14643,0xCF00400,1,8,FF,FF,FF,70,58,FF,FF,FF
122142,14644,0xCFF6600,1,8,0E,0B,FF,FF,FF,FF,FF,FF
122153,14645,0x18FEF100,1,8,3F,00,00,FF,FF,FF,FF,FF
122153,14646,0x10FF6500,1,8,FC,FF,FF,FF,FF,FF,FF,FF
122154,14647,0x18F00500,1,8,FF,FF,FF,FF,20,2D,FF,FF
122154,14648,0x18F00600,1,8,FF,FF,FF,FF,FF,FF,FF,FF
122155,14649,0x18FEF200,1,8,1F,00,00,00,00,00,00,FF
122156,14650,0x1CFDDF00,1,8,FE,FF,FF,FF,FF,FF,FF,FF
122156,14651,0x1CFF6A00,1,8,FC,FF,FF,FF,FF,FF,FF,FF
122162,14652,0xCF00400,1,8,FF,FF,FF,E4,57,FF,FF,FF
122162,14653,0xCFF6600,1,8,FC,0A,FF,FF,FF,FF,FF,FF
122182,14654,0xCF00400,1,8,FF,FF,FF,94,57,FF,FF,FF
122182,14655,0xCFF6600,1,8,F2,0A,FF,FF,FF,FF,FF,FF
122202,14656,0xCF00400,1,8,FF,FF,FF,70,57,FF,FF,FF
122202,14657,0xCFF6600,1,8,EE,0A,FF,FF,FF,FF,FF,FF
122222,14658,0xCF00400,1,8,FF,FF,FF,38,57,FF,FF,FF
122222,14659,0xCFF6600,1,8,E7,0A,FF,FF,FF,FF,FF,FF
122242,14660,0xCF00400,1,8,FF,FF,FF,F6,56,FF,FF,FF
122242,14661,0xCFF6600,1,8,DE,0A,FF,FF,FF,FF,FF,FF
122253,14662,0x18FEF100,1,8,3F,00,00,FF,FF,FF,FF,FF
122253,14663,0x18F00500,1,8,FF,FF,FF,FF,20,2D,FF,FF
122254,14664,0x18FEF200,1,8,1F,00,00,00,00,00,00,FF
122262,14665,0xCF00400,1,8,FF,FF,FF,B6,56,FF,FF,FF
122263,14666,0xCFF6600,1,8,D6,0A,FF,FF,FF,FF,FF,FF
122282,14667,0xCF00400,1,8,FF,FF,FF,B6,56,FF,FF,FF
122282,14668,0xCFF6600,1,8,D6,0A,FF,FF,FF,FF,FF,FF
122302,14669,0xCF00400,1,8,FF,FF,FF,7A,56,FF,FF,FF
122302,14670,0xCFF6600,1,8,CF,0A,FF,FF,FF,FF,FF,FF
122322,14671,0xCF00400,1,8,FF,FF,FF,36,56,FF,FF,FF
122322,14672,0xCFF6600,1,8,C6,0A,FF,FF,FF,FF,FF,FF
122342,14673,0xCF00400,1,8,FF,FF,FF,EA,55,FF,FF,FF
122342,14674,0xCFF6600,1,8,BD,0A,FF,FF,FF,FF,FF,FF
122353,14675,0x18FEF100,1,8,3F,00,00,FF,FF,FF,FF,FF
122353,14676,0x10FF6500,1,8,FC,FF,FF,FF,FF,FF,FF,FF
122354,14677,0x18F00500,1,8,FF,FF,FF,FF,20,2D,FF,FF
122354,14678,0x18FEF200,1,8,1F,00,00,00,00,00,00,FF
122362,14679,0xCF00400,1,8,FF,FF,FF,A8,55,FF,FF,FF
122362,14680,0xCFF6600,1,8,B5,0A,FF,FF,FF,FF,FF,FF
122382,14681,0xCF00400,1,8,FF,FF,FF,6C,55,FF,FF,FF
122383,14682,0xCFF6600,1,8,AD,0A,FF,FF,FF,FF,FF,FF
122402,14683,0xCF00400,1,8,FF,FF,FF,54,55,FF,FF,FF
122402,14684,0xCFF6600,1,8,AA,0A,FF,FF,FF,FF,FF,FF
122422,14685,0xCF00400,1,8,FF,FF,FF,56,55,FF,FF,FF
122422,14686,0xCFF6600,1,8,AA,0A,FF,FF,FF,FF,FF,FF
122442,14687,0xCF00400,1,8,FF,FF,FF,3E,55,FF,FF,FF
122442,14688,0xCFF6600,1,8,A7,0A,FF,FF,FF,FF,FF,FF
122453,14689,0x18FEF100,1,8,3F,00,00,FF,FF,FF,FF,FF
122453,14690,0x18F00500,1,8,FF,FF,FF,FF,20,2D,FF,FF
122454,14691,0x18FEF200,1,8,1F,00,00,00,00,00,00,FF
122462,14692,0xCF00400,1,8,FF,FF,FF,14,55,FF,FF,FF
122462,14693,0xCFF6600,1,8,A2,0A,FF,FF,FF,FF,FF,FF
122482,14694,0xCF00400,1,8,FF,FF,FF,3A,55,FF,FF,FF
122482,14695,0xCFF6600,1,8,A7,0A,FF,FF,FF,FF,FF,FF
122502,14696,0xCF00400,1,8,FF,FF,FF,3A,55,FF,FF,FF
122502,14697,0xCFF6600,1,8,A7,0A,FF,FF,FF,FF,FF,FF
122522,14698,0xCF00400,1,8,FF,FF,FF,90,55,FF,FF,FF
122522,14699,0xCFF6600,1,8,B2,0A,FF,FF,FF,FF,FF,FF
122542,14700,0xCF00400,1,8,FF,FF,FF,D8,55,FF,FF,FF
122542,14701,0xCFF6600,1,8,BB,0A,FF,FF,FF,FF,FF,FF
122552,14702,0x18FEF100,1,8,3F,00,00,FF,FF,FF,FF,FF
122553,14703,0x10FF6500,1,8,FC,FF,FF,FF,FF,FF,FF,FF
122554,14704,0x18F00500,1,8,FF,FF,FF,FF,20,2D,FF,FF
122554,14705,0x18FEF200,1,8,1F,00,00,00,00,00,00,FF
122562,14706,0xCF00400,1,8,FF,FF,FF,1A,56,FF,FF,FF
122562,14707,0xCFF6600,1,8,C3,0A,FF,FF,FF,FF,FF,FF
122582,14708,0xCF00400,1,8,FF,FF,FF,48,56,FF,FF,FF
122582,14709,0xCFF6600,1,8,C9,0A,FF,FF,FF,FF,FF,FF
122602,14710,0xCF00400,1,8,FF,FF,FF,72,56,FF,FF,FF
122602,14711,0xCFF6600,1,8,CE,0A,FF,FF,FF,FF,FF,FF
122622,14712,0xCF00400,1,8,FF,FF,FF,6C,56,FF,FF,FF
122623,14713,0xCFF6600,1,8,CD,0A,FF,FF,FF,FF,FF,FF
122642,14714,0xCF00400,1,8,FF,FF,FF,44,56,FF,FF,FF
122642,14715,0xCFF6600,1,8,C8,0A,FF,FF,FF,FF,FF,FF
122653,14716,0x18FEF100,1,8,3F,00,00,FF,FF,FF,FF,FF
122653,14717,0x18F00500,1,8,FF,FF,FF,FF,20,2D,FF,FF
122654,14718,0x18F00600,1,8,FF,FF,FF,FF,FF,FF,FF,FF
122654,14719,0x18FEF200,1,8,1F,00,00,00,00,00,00,FF
122655,14720,0x1CFDDF00,1,8,FE,FF,FF,FF,FF,FF,FF,FF
122656,14721,0x1CFF6A00,1,8,FC,FF,FF,FF,FF,FF,FF,FF
122662,14722,0xCF00400,1,8,FF,FF,FF,66,56,FF,FF,FF
122662,14723,0xCFF6600,1,8,CC,0A,FF,FF,FF,FF,FF,FF
122682,14724,0xCF00400,1,8,FF,FF,FF,BC,56,FF,FF,FF
122682,14725,0xCFF6600,1,8,D7,0A,FF,FF,FF,FF,FF,FF
122702,14726,0xCF00400,1,8,FF,FF,FF,02,57,FF,FF,FF
122702,14727,0xCFF6600,1,8,E0,0A,FF,FF,FF,FF,FF,FF
122722,14728,0xCF00400,1,8,FF,FF,FF,40,57,FF,FF,FF
122722,14729,0xCFF6600,1,8,E8,0A,FF,FF,FF,FF,FF,FF
122742,14730,0xCF00400,1,8,FF,FF,FF,B0,57,FF,FF,FF
122742,14731,0xCFF6600,1,8,F6,0A,FF,FF,FF,FF,FF,FF
122753,14732,0x18FEF100,1,8,3F,00,00,FF,FF,FF,FF,FF
122753,14733,0x10FF6500,1,8,FC,FF,FF,FF,FF,FF,FF,FF
122754,14734,0x18F00500,1,8,FF,FF,FF,FF,20,2D,FF,FF
122754,14735,0x18FEF200,1,8,1F,00,00,00,00,00,00,FF
122762,14736,0xCF00400,1,8,FF,FF,FF,40,58,FF,FF,FF
122763,14737,0xCFF6600,1,8,08,0B,FF,FF,FF,FF,FF,FF
122782,14738,0xCF00400,1,8,FF,FF,FF,40,58,FF,FF,FF
122782,14739,0xCFF6600,1,8,08,0B,FF,FF,FF,FF,FF,FF
122802,14740,0xCF00400,1,8,FF,FF,FF,86,58,FF,FF,FF
122802,14741,0xCFF6600,1,8,10,0B,FF,FF,FF,FF,FF,FF
122812,14742,0x18FEEE00,1,8,52,FF,FF,FF,FF,FF,FF,FF
122812,14743,0x18FDE500,1,8,0A,14,1E,28,32,3C,46,13
122822,14744,0xCF00400,1,8,FF,FF,FF,AC,58,FF,FF,FF
122822,14745,0xCFF6600,1,8,15,0B,FF,FF,FF,FF,FF,FF
122831,14746,0x1CECFF00,1,8,20,0E,00,02,FF,CA,FE,00
122842,14747,0xCF00400,1,8,FF,FF,FF,CC,58,FF,FF,FF
122842,14748,0xCFF6600,1,8,19,0B,FF,FF,FF,FF,FF,FF
122853,14749,0x18FEF100,1,8,3F,00,00,FF,FF,FF,FF,FF
122853,14750,0x18F00500,1,8,FF,FF,FF,FF,20,2D,FF,FF
122854,14751,0x18FEF200,1,8,1F,00,00,00,00,00,00,FF
122862,14752,0xCF00400,1,8,FF,FF,FF,E4,58,FF,FF,FF
122862,14753,0xCFF6600,1,8,1C,0B,FF,FF,FF,FF,FF,FF
122882,14754,0xCF00400,1,8,FF,FF,FF,20,59,FF,FF,FF
122882,14755,0xCFF6600,1,8,24,0B,FF,FF,FF,FF,FF,FF
122883,14756,0x1CEBFF00,1,8,01,40,FF,0F,F0,E5,01,02
122902,14757,0xCF00400,1,8,FF,FF,FF,74,59,FF,FF,FF
122902,14758,0xCFF6600,1,8,2E,0B,FF,FF,FF,FF,FF,FF
122922,14759,0xCF00400,1,8,FF,FF,FF,9C,59,FF,FF,FF
122922,14760,0xCFF6600,1,8,33,0B,FF,FF,FF,FF,FF,FF
122932,14761,0x1CEBFF00,1,8,02,F0,E3,02,6E,00,03,01
122942,14762,0xCF00400,1,8,FF,FF,FF,AC,59,FF,FF,FF
122942,14763,0xCFF6600,1,8,35,0B,FF,FF,FF,FF,FF,FF
122953,14764,0x18FEF100,1,8,3F,00,00,FF,FF,FF,FF,FF
122953,14765,0x10FF6500,1,8,FC,FF,FF,FF,FF,FF,FF,FF
122954,14766,0x18F00500,1,8,FF,FF,FF,FF,20,2D,FF,FF
122954,14767,0x18FEF200,1,8,1F,00,00,00,00,00,00,FF
122962,14768,0xCF00400,1,8,FF,FF,FF,A0,59,FF,FF,FF
122963,14769,0xCFF6600,1,8,34,0B,FF,FF,FF,FF,FF,FF
122982,14770,0xCF00400,1,8,FF,FF,FF,7E,59,FF,FF,FF
122983,14771,0xCFF6600,1,8,2F,0B,FF,FF,FF,FF,FF,FF
123002,14772,0xCF00400,1,8,FF,FF,FF,70,59,FF,FF,FF
123002,14773,0xCFF6600,1,8,2E,0B,FF,FF,FF,FF,FF,FF
123022,14774,0xCF00400,1,8,FF,FF,FF,70,59,FF,FF,FF
123022,14775,0xCFF6600,1,8,2E,0B,FF,FF,FF,FF,FF,FF
123042,14776,0xCF00400,1,8,FF,FF,FF,BA,59,FF,FF,FF
123042,14777,0xCFF6600,1,8,37,0B,FF,FF,FF,FF,FF,FF
123053,14778,0x18FEF100,1,8,3F,00,00,FF,FF,FF,FF,FF
123053,14779,0x18F00500,1,8,FF,FF,FF,FF,20,2D,FF,FF
123054,14780,0x18FEF200,1,8,1F,00,00,00,00,00,00,FF
123062,14781,0xCF00400,1,8,FF,FF,FF,2C,5A,FF,FF,FF
123062,14782,0xCFF6600,1,8,45,0B,FF,FF,FF,FF,FF,FF
123082,14783,0xCF00400,1,8,FF,FF,FF,82,5A,FF,FF,FF
123082,14784,0xCFF6600,1,8,50,0B,FF,FF,FF,FF,FF,FF
123102,14785,0xCF00400,1,8,FF,FF,FF,C8,5A,FF,FF,FF
123102,14786,0xCFF6600,1,8,59,0B,FF,FF,FF,FF,FF,FF
123122,14787,0xCF00400,1,8,FF,FF,FF,1A,5B,FF,FF,FF
123122,14788,0xCFF6600,1,8,63,0B,FF,FF,FF,FF,FF,FF
123142,14789,0xCF00400,1,8,FF,FF,FF,74,5B,FF,FF,FF
123142,14790,0xCFF6600,1,8,6E,0B,FF,FF,FF,FF,FF,FF
123153,14791,0x18FEF100,1,8,3F,00,00,FF,FF,FF,FF,FF
123153,14792,0x10FF6500,1,8,FC,FF,FF,FF,FF,FF,FF,FF
123154,14793,0x18F00500,1,8,FF,FF,FF,FF,20,2D,FF,FF
123154,14794,0x18F00600,1,8,FF,FF,FF,FF,FF,FF,FF,FF
123155,14795,0x18FEF200,1,8,1F,00,00,00,00,00,00,FF
123156,14796,0x1CFDDF00,1,8,FE,FF,FF,FF,FF,FF,FF,FF
123156,14797,0x1CFF6A00,1,8,FC,FF,FF,FF,FF,FF,FF,FF
123162,14798,0xCF00400,1,8,FF,FF,FF,A2,5B,FF,FF,FF
123162,14799,0xCFF6600,1,8,74,0B,FF,FF,FF,FF,FF,FF
123182,14800,0xCF00400,1,8,FF,FF,FF,BE,5B,FF,FF,FF
123182,14801,0xCFF6600,1,8,77,0B,FF,FF,FF,FF,FF,FF
123202,14802,0xCF00400,1,8,FF,FF,FF,CA,5B,FF,FF,FF
123202,14803,0xCFF6600,1,8,79,0B,FF,FF,FF,FF,FF,FF
123222,14804,0xCF00400,1,8,FF,FF,FF,C8,5B,FF,FF,FF
123222,14805,0xCFF6600,1,8,79,0B,FF,FF,FF,FF,FF,FF
123242,14806,0xCF00400,1,8,FF,FF,FF,FE,5B,FF,FF,FF
123242,14807,0xCFF6600,1,8,7F,0B,FF,FF,FF,FF,FF,FF
123253,14808,0x18FEF100,1,8,3F,00,00,FF,FF,FF,FF,FF
123253,14809,0x18F00500,1,8,FF,FF,FF,FF,20,2D,FF,FF
123254,14810,0x18FEF200,1,8,1F,00,00,00,00,00,00,FF
123262,14811,0xCF00400,1,8,FF,FF,FF,5E,5C,FF,FF,FF
123262,14812,0xCFF6600,1,8,8B,0B,FF,FF,FF,FF,FF,FF
123282,14813,0xCF00400,1,8,FF,FF,FF,68,5C,FF,FF,FF
123282,14814,0xCFF6600,1,8,8D,0B,FF,FF,FF,FF,FF,FF
123302,14815,0xCF00400,1,8,FF,FF,FF,3C,5C,FF,FF,FF
123302,14816,0xCFF6600,1,8,87,0B,FF,FF,FF,FF,FF,FF
123322,14817,0xCF00400,1,8,FF,FF,FF,08,5C,FF,FF,FF
123322,14818,0xCFF6600,1,8,81,0B,FF,FF,FF,FF,FF,FF
123342,14819,0xCF00400,1,8,FF,FF,FF,CC,5B,FF,FF,FF
123343,14820,0xCFF6600,1,8,79,0B,FF,FF,FF,FF,FF,FF
123353,14821,0x18FEF100,1,8,3F,00,00,FF,FF,FF,FF,FF
123353,14822,0x10FF6500,1,8,FC,FF,FF,FF,FF,FF,FF,FF
123354,14823,0x18F00500,1,8,FF,FF,FF,FF,20,2D,FF,FF
123355,14824,0x18FEF200,1,8,1F,00,00,00,00,00,00,FF
123362,14825,0xCF00400,1,8,FF,FF,FF,D4,5B,FF,FF,FF
123363,14826,0xCFF6600,1,8,7A,0B,FF,FF,FF,FF,FF,FF
123382,14827,0xCF00400,1,8,FF,FF,FF,16,5C,FF,FF,FF
123383,14828,0xCFF6600,1,8,82,0B,FF,FF,FF,FF,FF,FF
123402,14829,0xCF00400,1,8,FF,FF,FF,32,5C,FF,FF,FF
123403,14830,0xCFF6600,1,8,86,0B,FF,FF,FF,FF,FF,FF
123422,14831,0xCF00400,1,8,FF,FF,FF,32,5C,FF,FF,FF
123422,14832,0xCFF6600,1,8,86,0B,FF,FF,FF,FF,FF,FF
123442,14833,0xCF00400,1,8,FF,FF,FF,2C,5C,FF,FF,FF
123442,14834,0xCFF6600,1,8,85,0B,FF,FF,FF,FF,FF,FF
123453,14835,0x18FEF100,1,8,3F,00,00,FF,FF,FF,FF,FF
123454,14836,0x18F00500,1,8,FF,FF,FF,FF,20,2D,FF,FF
123454,14837,0x18FEF200,1,8,1F,00,00,00,00,00,00,FF
123462,14838,0xCF00400,1,8,FF,FF,FF,F0,5B,FF,FF,FF
123462,14839,0xCFF6600,1,8,7E,0B,FF,FF,FF,FF,FF,FF
123482,14840,0xCF00400,1,8,FF,FF,FF,8C,5B,FF,FF,FF
123482,14841,0xCFF6600,1,8,71,0B,FF,FF,FF,FF,FF,FF
123502,14842,0xCF00400,1,8,FF,FF,FF,8E,5B,FF,FF,FF
123502,14843,0xCFF6600,1,8,71,0B,FF,FF,FF,FF,FF,FF
123522,14844,0xCF00400,1,8,FF,FF,FF,DC,5B,FF,FF,FF
123522,14845,0xCFF6600,1,8,7B,0B,FF,FF,FF,FF,FF,FF
123542,14846,0xCF00400,1,8,FF,FF,FF,14,5C,FF,FF,FF
123542,14847,0xCFF6600,1,8,82,0B,FF,FF,FF,FF,FF,FF
123553,14848,0x18FEF100,1,8,3F,00,00,FF,FF,FF,FF,FF
123553,14849,0x10FF6500,1,8,FC,FF,FF,FF,FF,FF,FF,FF
123554,14850,0x18F00500,1,8,FF,FF,FF,FF,20,2D,FF,FF
123554,14851,0x18FEF200,1,8,1F,00,00,00,00,00,00,FF
123562,14852,0xCF00400,1,8,FF,FF,FF,46,5C,FF,FF,FF
123562,14853,0xCFF6600,1,8,88,0B,FF,FF,FF,FF,FF,FF
123582,14854,0xCF00400,1,8,FF,FF,FF,6C,5C,FF,FF,FF
123582,14855,0xCFF6600,1,8,8D,0B,FF,FF,FF,FF,FF,FF
123602,14856,0xCF00400,1,8,FF,FF,FF,80,5C,FF,FF,FF
123602,14857,0xCFF6600,1,8,90,0B,FF,FF,FF,FF,FF,FF
123622,14858,0xCF00400,1,8,FF,FF,FF,9C,5C,FF,FF,FF
123622,14859,0xCFF6600,1,8,93,0B,FF,FF,FF,FF,FF,FF
123642,14860,0xCF00400,1,8,FF,FF,FF,C0,5C,FF,FF,FF
123642,14861,0xCFF6600,1,8,98,0B,FF,FF,FF,FF,FF,FF
123653,14862,0x18FEF100,1,8,3F,00,00,FF,FF,FF,FF,FF
123653,14863,0x18F00500,1,8,FF,FF,FF,FF,20,2D,FF,FF
123654,14864,0x18F00600,1,8,FF,FF,FF,FF,FF,FF,FF,FF
123654,14865,0x18FEF200,1,8,1F,00,00,00,00,00,00,FF
123655,14866,0x1CFDDF00,1,8,FE,FF,FF,FF,FF,FF,FF,FF
123656,14867,0x1CFF6A00,1,8,FC,FF,FF,FF,FF,FF,FF,FF
123662,14868,0xCF00400,1,8,FF,FF,FF,6C,5C,FF,FF,FF
123662,14869,0xCFF6600,1,8,8D,0B,FF,FF,FF,FF,FF,FF
123682,14870,0xCF00400,1,8,FF,FF,FF,BE,5B,FF,FF,FF
123682,14871,0xCFF6600,1,8,77,0B,FF,FF,FF,FF,FF,FF
123702,14872,0xCF00400,1,8,FF,FF,FF,AC,5B,FF,FF,FF
123702,14873,0xCFF6600,1,8,75,0B,FF,FF,FF,FF,FF,FF
123722,14874,0xCF00400,1,8,FF,FF,FF,FE,5B,FF,FF,FF
123722,14875,0xCFF6600,1,8,7F,0B,FF,FF,FF,FF,FF,FF
123742,14876,0xCF00400,1,8,FF,FF,FF,5C,5C,FF,FF,FF
123742,14877,0xCFF6600,1,8,8B,0B,FF,FF,FF,FF,FF,FF
123753,14878,0x18FEF100,1,8,3F,00,00,FF,FF,FF,FF,FF
123753,14879,0x10FF6500,1,8,FC,FF,FF,FF,FF,FF,FF,FF
123754,14880,0x18F00500,1,8,FF,FF,FF,FF,20,2D,FF,FF
123754,14881,0x18FEF200,1,8,1F,00,00,00,00,00,00,FF
123762,14882,0xCF00400,1,8,FF,FF,FF,C6,5C,FF,FF,FF
123762,14883,0xCFF6600,1,8,98,0B,FF,FF,FF,FF,FF,FF
123782,14884,0xCF00400,1,8,FF,FF,FF,F4,5C,FF,FF,FF
123782,14885,0xCFF6600,1,8,9E,0B,FF,FF,FF,FF,FF,FF
123802,14886,0xCF00400,1,8,FF,FF,FF,FA,5C,FF,FF,FF
123802,14887,0xCFF6600,1,8,9F,0B,FF,FF,FF,FF,FF,FF
123811,14888,0x18FEEE00,1,8,52,FF,FF,FF,FF,FF,FF,FF
123812,14889,0x18FDE500,1,8,0A,14,1E,28,32,3C,46,13
123822,14890,0xCF00400,1,8,FF,FF,FF,0A,5D,FF,FF,FF
123822,14891,0xCFF6600,1,8,A1,0B,FF,FF,FF,FF,FF,FF
123831,14892,0x1CECFF00,1,8,20,0E,00,02,FF,CA,FE,00
123842,14893,0xCF00400,1,8,FF,FF,FF,24,5D,FF,FF,FF
123842,14894,0xCFF6600,1,8,A4,0B,FF,FF,FF,FF,FF,FF
123853,14895,0x18FEF100,1,8,3F,00,00,FF,FF,FF,FF,FF
123853,14896,0x18F00500,1,8,FF,FF,FF,FF,20,2D,FF,FF
123854,14897,0x18FEF200,1,8,1E,00,00,00,00,00,00,FF
123862,14898,0xCF00400,1,8,FF,FF,FF,4E,5D,FF,FF,FF
123862,14899,0xCFF6600,1,8,A9,0B,FF,FF,FF,FF,FF,FF
123882,14900,0xCF00400,1,8,FF,FF,FF,84,5D,FF,FF,FF
123882,14901,0xCFF6600,1,8,B0,0B,FF,FF,FF,FF,FF,FF
123883,14902,0x1CEBFF00,1,8,01,40,FF,0F,F0,E5,01,02
123902,14903,0xCF00400,1,8,FF,FF,FF,CC,5D,FF,FF,FF
123902,14904,0xCFF6600,1,8,B9,0B,FF,FF,FF,FF,FF,FF
123922,14905,0xCF00400,1,8,FF,FF,FF,22,5E,FF,FF,FF
123922,14906,0xCFF6600,1,8,C4,0B,FF,FF,FF,FF,FF,FF
123931,14907,0x1CEBFF00,1,8,02,F0,E3,02,6E,00,03,01
123942,14908,0xCF00400,1,8,FF,FF,FF,5A,5E,FF,FF,FF
123942,14909,0xCFF6600,1,8,CB,0B,FF,FF,FF,FF,FF,FF
123952,14910,0x18FEF100,1,8,3F,00,00,FF,FF,FF,FF,FF
123953,14911,0x10FF6500,1,8,FC,FF,FF,FF,FF,FF,FF,FF
123954,14912,0x18F00500,1,8,FF,FF,FF,FF,20,2D,FF,FF
123954,14913,0x18FEF200,1,8,1E,00,00,00,00,00,00,FF
123962,14914,0xCF00400,1,8,FF,FF,FF,7E,5E,FF,FF,FF
123962,14915,0xCFF6600,1,8,CF,0B,FF,FF,FF,FF,FF,FF
123982,14916,0xCF00400,1,8,FF,FF,FF,98,5E,FF,FF,FF
123982,14917,0xCFF6600,1,8,D3,0B,FF,FF,FF,FF,FF,FF
124002,14918,0xCF00400,1,8,FF,FF,FF,A8,5E,FF,FF,FF
124002,14919,0xCFF6600,1,8,D5,0B,FF,FF,FF,FF,FF,FF
124022,14920,0xCF00400,1,8,FF,FF,FF,B6,5E,FF,FF,FF
124022,14921,0xCFF6600,1,8,D6,0B,FF,FF,FF,FF,FF,FF
124042,14922,0xCF00400,1,8,FF,FF,FF,C8,5E,FF,FF,FF
124042,14923,0xCFF6600,1,8,D9,0B,FF,FF,FF,FF,FF,FF
124053,14924,0x18FEF100,1,8,3F,00,00,FF,FF,FF,FF,FF
124053,14925,0x18F00500,1,8,FF,FF,FF,FF,20,2D,FF,FF
124054,14926,0x18FEF200,1,8,1E,00,00,00,00,00,00,FF
124062,14927,0xCF00400,1,8,FF,FF,FF,F4,5E,FF,FF,FF
124062,14928,0xCFF6600,1,8,DE,0B,FF,FF,FF,FF,FF,FF
124082,14929,0xCF00400,1,8,FF,FF,FF,36,5F,FF,FF,FF
124082,14930,0xCFF6600,1,8,E6,0B,FF,FF,FF,FF,FF,FF
124102,14931,0xCF00400,1,8,FF,FF,FF,4C,5F,FF,FF,FF
124102,14932,0xCFF6600,1,8,E9,0B,FF,FF,FF,FF,FF,FF
124122,14933,0xCF00400,1,8,FF,FF,FF,46,5F,FF,FF,FF
124122,14934,0xCFF6600,1,8,E8,0B,FF,FF,FF,FF,FF,FF
124142,14935,0xCF00400,1,8,FF,FF,FF,46,5F,FF,FF,FF
124142,14936,0xCFF6600,1,8,E8,0B,FF,FF,FF,FF,FF,FF
124152,14937,0x18FEF100,1,8,3F,00,00,FF,FF,FF,FF,FF
124153,14938,0x10FF6500,1,8,FC,FF,FF,FF,FF,FF,FF,FF
124154,14939,0x18F00500,1,8,FF,FF,FF,FF,20,2D,FF,FF
124154,14940,0x18F00600,1,8,FF,FF,FF,FF,FF,FF,FF,FF
124155,14941,0x18FEF200,1,8,1E,00,00,00,00,00,00,FF
124155,14942,0x1CFDDF00,1,8,FE,FF,FF,FF,FF,FF,FF,FF
124156,14943,0x1CFF6A00,1,8,FC,FF,FF,FF,FF,FF,FF,FF
124162,14944,0xCF00400,1,8,FF,FF,FF,4C,5F,FF,FF,FF
124162,14945,0xCFF6600,1,8,E9,0B,FF,FF,FF,FF,FF,FF
124182,14946,0xCF00400,1,8,FF,FF,FF,EE,5E,FF,FF,FF
124182,14947,0xCFF6600,1,8,DD,0B,FF,FF,FF,FF,FF,FF
124202,14948,0xCF00400,1,8,FF,FF,FF,4C,5E,FF,FF,FF
124202,14949,0xCFF6600,1,8,C9,0B,FF,FF,FF,FF,FF,FF
124222,14950,0xCF00400,1,8,FF,FF,FF,00,5E,FF,FF,FF
124222,14951,0xCFF6600,1,8,C0,0B,FF,FF,FF,FF,FF,FF
124242,14952,0xCF00400,1,8,FF,FF,FF,F2,5D,FF,FF,FF
124242,14953,0xCFF6600,1,8,BE,0B,FF,FF,FF,FF,FF,FF
124253,14954,0x18FEF100,1,8,3F,00,00,FF,FF,FF,FF,FF
124253,14955,0x18F00500,1,8,FF,FF,FF,FF,20,2D,FF,FF
124254,14956,0x18FEF200,1,8,1E,00,00,00,00,00,00,FF
124262,14957,0xCF00400,1,8,FF,FF,FF,AC,5D,FF,FF,FF
124262,14958,0xCFF6600,1,8,B5,0B,FF,FF,FF,FF,FF,FF
124282,14959,0xCF00400,1,8,FF,FF,FF,3C,5D,FF,FF,FF
124282,14960,0xCFF6600,1,8,A7,0B,FF,FF,FF,FF,FF,FF
124302,14961,0xCF00400,1,8,FF,FF,FF,B8,5C,FF,FF,FF
124302,14962,0xCFF6600,1,8,97,0B,FF,FF,FF,FF,FF,FF
124322,14963,0xCF00400,1,8,FF,FF,FF,22,5C,FF,FF,FF
124322,14964,0xCFF6600,1,8,84,0B,FF,FF,FF,FF,FF,FF
124342,14965,0xCF00400,1,8,FF,FF,FF,F2,5B,FF,FF,FF
124342,14966,0xCFF6600,1,8,7E,0B,FF,FF,FF,FF,FF,FF
124353,14967,0x18FEF100,1,8,3F,00,00,FF,FF,FF,FF,FF
124353,14968,0x10FF6500,1,8,FC,FF,FF,FF,FF,FF,FF,FF
124354,14969,0x18F00500,1,8,FF,FF,FF,FF,20,2D,FF,FF
124354,14970,0x18FEF200,1,8,1E,00,00,00,00,00,00,FF
124362,14971,0xCF00400,1,8,FF,FF,FF,10,5C,FF,FF,FF
124362,14972,0xCFF6600,1,8,82,0B,FF,FF,FF,FF,FF,FF
124382,14973,0xCF00400,1,8,FF,FF,FF,AA,5B,FF,FF,FF
124382,14974,0xCFF6600,1,8,75,0B,FF,FF,FF,FF,FF,FF
124402,14975,0xCF00400,1,8,FF,FF,FF,E6,5A,FF,FF,FF
124402,14976,0xCFF6600,1,8,5C,0B,FF,FF,FF,FF,FF,FF
124422,14977,0xCF00400,1,8,FF,FF,FF,8E,5A,FF,FF,FF
124422,14978,0xCFF6600,1,8,51,0B,FF,FF,FF,FF,FF,FF
124442,14979,0xCF00400,1,8,FF,FF,FF,7E,5A,FF,FF,FF
124442,14980,0xCFF6600,1,8,4F,0B,FF,FF,FF,FF,FF,FF
124453,14981,0x18FEF100,1,8,3F,00,00,FF,FF,FF,FF,FF
124453,14982,0x18F00500,1,8,FF,FF,FF,FF,20,2D,FF,FF
124454,14983,0x18FEF200,1,8,1E,00,00,00,00,00,00,FF
124462,14984,0xCF00400,1,8,FF,FF,FF,36,5A,FF,FF,FF
124462,14985,0xCFF6600,1,8,46,0B,FF,FF,FF,FF,FF,FF
124482,14986,0xCF00400,1,8,FF,FF,FF,CA,59,FF,FF,FF
124483,14987,0xCFF6600,1,8,39,0B,FF,FF,FF,FF,FF,FF
124502,14988,0xCF00400,1,8,FF,FF,FF,84,59,FF,FF,FF
124502,14989,0xCFF6600,1,8,30,0B,FF,FF,FF,FF,FF,FF
124522,14990,0xCF00400,1,8,FF,FF,FF,56,59,FF,FF,FF
124522,14991,0xCFF6600,1,8,2A,0B,FF,FF,FF,FF,FF,FF
124542,14992,0xCF00400,1,8,FF,FF,FF,62,59,FF,FF,FF
124542,14993,0xCFF6600,1,8,2C,0B,FF,FF,FF,FF,FF,FF
124553,14994,0x18FEF100,1,8,3F,00,00,FF,FF,FF,FF,FF
124553,14995,0x10FF6500,1,8,FC,FF,FF,FF,FF,FF,FF,FF
124554,14996,0x18F00500,1,8,FF,FF,FF,FF,20,2D,FF,FF
124554,14997,0x18FEF200,1,8,1E,00,00,00,00,00,00,FF
124562,14998,0xCF00400,1,8,FF,FF,FF,92,59,FF,FF,FF
124562,14999,0xCFF6600,1,8,32,0B,FF,FF,FF,FF,FF,FF
124582,15000,0xCF00400,1,8,FF,FF,FF,98,59,FF,FF,FF
124582,15001,0xCFF6600,1,8,33,0B,FF,FF,FF,FF,FF,FF
124602,15002,0xCF00400,1,8,FF,FF,FF,7C,59,FF,FF,FF
124602,15003,0xCFF6600,1,8,2F,0B,FF,FF,FF,FF,FF,FF
124622,15004,0xCF00400,1,8,FF,FF,FF,8A,59,FF,FF,FF
124622,15005,0xCFF6600,1,8,31,0B,FF,FF,FF,FF,FF,FF
124642,15006,0xCF00400,1,8,FF,FF,FF,AE,59,FF,FF,FF
124642,15007,0xCFF6600,1,8,35,0B,FF,FF,FF,FF,FF,FF
124653,15008,0x18FEF100,1,8,3F,00,00,FF,FF,FF,FF,FF
124653,15009,0x18F00500,1,8,FF,FF,FF,FF,20,2D,FF,FF
124654,15010,0x18F00600,1,8,FF,FF,FF,FF,FF,FF,FF,FF
124654,15011,0x18FEF200,1,8,1E,00,00,00,00,00,00,FF
124655,15012,0x1CFDDF00,1,8,FE,FF,FF,FF,FF,FF,FF,FF
124656,15013,0x1CFF6A00,1,8,FC,FF,FF,FF,FF,FF,FF,FF
124662,15014,0xCF00400,1,8,FF,FF,FF,84,59,FF,FF,FF
124662,15015,0xCFF6600,1,8,30,0B,FF,FF,FF,FF,FF,FF
124682,15016,0xCF00400,1,8,FF,FF,FF,26,59,FF,FF,FF
124683,15017,0xCFF6600,1,8,24,0B,FF,FF,FF,FF,FF,FF
124702,15018,0xCF00400,1,8,FF,FF,FF,A2,58,FF,FF,FF
124703,15019,0xCFF6600,1,8,14,0B,FF,FF,FF,FF,FF,FF
124722,15020,0xCF00400,1,8,FF,FF,FF,A2,58,FF,FF,FF
124722,15021,0xCFF6600,1,8,14,0B,FF,FF,FF,FF,FF,FF
124740,15022,0x18FEFC17,1,8,FF,1F,FF,FF,FF,FF,FF,FF
124742,15023,0xCF00400,1,8,FF,FF,FF,FC,57,FF,FF,FF
124742,15024,0xCFF6600,1,8,FF,0A,FF,FF,FF,FF,FF,FF
124753,15025,0x18FEF100,1,8,3F,00,00,FF,FF,FF,FF,FF
124753,15026,0x10FF6500,1,8,FC,FF,FF,FF,FF,FF,FF,FF
124754,15027,0x18F00500,1,8,FF,FF,FF,FF,20,2D,FF,FF
124754,15028,0x18FEF200,1,8,1E,00,00,00,00,00,00,FF
124760,15029,0x18FEF517,1,8,FF,FF,FF,20,1D,FF,FF,FF
124762,15030,0xCF00400,1,8,FF,FF,FF,04,58,FF,FF,FF
124762,15031,0xCFF6600,1,8,00,0B,FF,FF,FF,FF,FF,FF
124782,15032,0xCF00400,1,8,FF,FF,FF,84,58,FF,FF,FF
124782,15033,0xCFF6600,1,8,10,0B,FF,FF,FF,FF,FF,FF
124783,15034,0x18FEC117,1,8,F0,1D,00,00,03,1E,00,00
124802,15035,0xCF00400,1,8,FF,FF,FF,CC,58,FF,FF,FF
124802,15036,0xCFF6600,1,8,19,0B,FF,FF,FF,FF,FF,FF
124811,15037,0x18FEEE00,1,8,52,FF,FF,FF,FF,FF,FF,FF
124812,15038,0x18FDE500,1,8,0A,14,1E,28,32,3C,46,13
124822,15039,0xCF00400,1,8,FF,FF,FF,FA,58,FF,FF,FF
124822,15040,0xCFF6600,1,8,1F,0B,FF,FF,FF,FF,FF,FF
124831,15041,0x1CECFF00,1,8,20,0E,00,02,FF,CA,FE,00
124842,15042,0xCF00400,1,8,FF,FF,FF,10,59,FF,FF,FF
124842,15043,0xCFF6600,1,8,22,0B,FF,FF,FF,FF,FF,FF
124853,15044,0x18FEF100,1,8,3F,00,00,FF,FF,FF,FF,FF
124853,15045,0x18F00500,1,8,FF,FF,FF,FF,20,2D,FF,FF
124854,15046,0x18FEF200,1,8,1F,00,00,00,00,00,00,FF
124862,15047,0xCF00400,1,8,FF,FF,FF,10,59,FF,FF,FF
124862,15048,0xCFF6600,1,8,22,0B,FF,FF,FF,FF,FF,FF
124882,15049,0xCF00400,1,8,FF,FF,FF,46,59,FF,FF,FF
124883,15050,0xCFF6600,1,8,28,0B,FF,FF,FF,FF,FF,FF
124883,15051,0x1CEBFF00,1,8,01,40,FF,0F,F0,E5,01,02
124902,15052,0xCF00400,1,8,FF,FF,FF,A2,59,FF,FF,FF
124902,15053,0xCFF6600,1,8,34,0B,FF,FF,FF,FF,FF,FF
124922,15054,0xCF00400,1,8,FF,FF,FF,0E,5A,FF,FF,FF
124922,15055,0xCFF6600,1,8,41,0B,FF,FF,FF,FF,FF,FF
124931,15056,0x1CEBFF00,1,8,02,F0,E3,02,6E,00,03,01
124942,15057,0xCF00400,1,8,FF,FF,FF,8A,5A,FF,FF,FF
124942,15058,0xCFF6600,1,8,51,0B,FF,FF,FF,FF,FF,FF
124953,15059,0x18FEF100,1,8,3F,00,00,FF,FF,FF,FF,FF
124953,15060,0x10FF6500,1,8,FC,FF,FF,FF,FF,FF,FF,FF
124954,15061,0x18F00500,1,8,FF,FF,FF,FF,20,2D,FF,FF
124954,15062,0x18FEF200,1,8,1F,00,00,00,00,00,00,FF
124962,15063,0xCF00400,1,8,FF,FF,FF,A8,5A,FF,FF,FF
124962,15064,0xCFF6600,1,8,55,0B,FF,FF,FF,FF,FF,FF
124982,15065,0xCF00400,1,8,FF,FF,FF,80,5A,FF,FF,FF
124982,15066,0xCFF6600,1,8,50,0B,FF,FF,FF,FF,FF,FF
125002,15067,0xCF00400,1,8,FF,FF,FF,40,5A,FF,FF,FF
125002,15068,0xCFF6600,1,8,48,0B,FF,FF,FF,FF,FF,FF
125022,15069,0xCF00400,1,8,FF,FF,FF,F2,59,FF,FF,FF
125022,15070,0xCFF6600,1,8,3E,0B,FF,FF,FF,FF,FF,FF
125042,15071,0xCF00400,1,8,FF,FF,FF,F0,59,FF,FF,FF
125042,15072,0xCFF6600,1,8,3E,0B,FF,FF,FF,FF,FF,FF
125053,15073,0x18FEF100,1,8,3F,00,00,FF,FF,FF,FF,FF
125053,15074,0x18F00500,1,8,FF,FF,FF,FF,20,2D,FF,FF
125054,15075,0x18FEF200,1,8,1F,00,00,00,00,00,00,FF
125062,15076,0xCF00400,1,8,FF,FF,FF,1E,5A,FF,FF,FF
125062,15077,0xCFF6600,1,8,43,0B,FF,FF,FF,FF,FF,FF
125082,15078,0xCF00400,1,8,FF,FF,FF,3C,5A,FF,FF,FF
125082,15079,0xCFF6600,1,8,47,0B,FF,FF,FF,FF,FF,FF
125102,15080,0xCF00400,1,8,FF,FF,FF,50,5A,FF,FF,FF
125102,15081,0xCFF6600,1,8,4A,0B,FF,FF,FF,FF,FF,FF
125122,15082,0xCF00400,1,8,FF,FF,FF,5E,5A,FF,FF,FF
125122,15083,0xCFF6600,1,8,4B,0B,FF,FF,FF,FF,FF,FF
125142,15084,0xCF00400,1,8,FF,FF,FF,70,5A,FF,FF,FF
125143,15085,0xCFF6600,1,8,4E,0B,FF,FF,FF,FF,FF,FF
125153,15086,0x18FEF100,1,8,3F,00,00,FF,FF,FF,FF,FF
125153,15087,0x10FF6500,1,8,FC,FF,FF,FF,FF,FF,FF,FF
125154,15088,0x18F00500,1,8,FF,FF,FF,FF,20,2D,FF,FF
125155,15089,0x18F00600,1,8,FF,FF,FF,FF,FF,FF,FF,FF
125155,15090,0x18FEF200,1,8,1F,00,00,00,00,00,00,FF
125156,15091,0x1CFDDF00,1,8,FE,FF,FF,FF,FF,FF,FF,FF
125156,15092,0x1CFF6A00,1,8,FC,FF,FF,FF,FF,FF,FF,FF
125162,15093,0xCF00400,1,8,FF,FF,FF,4C,5A,FF,FF,FF
125163,15094,0xCFF6600,1,8,49,0B,FF,FF,FF,FF,FF,FF
125182,15095,0xCF00400,1,8,FF,FF,FF,4C,5A,FF,FF,FF
125182,15096,0xCFF6600,1,8,49,0B,FF,FF,FF,FF,FF,FF
125202,15097,0xCF00400,1,8,FF,FF,FF,FE,59,FF,FF,FF
125202,15098,0xCFF6600,1,8,3F,0B,FF,FF,FF,FF,FF,FF
125222,15099,0xCF00400,1,8,FF,FF,FF,20,5A,FF,FF,FF
125222,15100,0xCFF6600,1,8,44,0B,FF,FF,FF,FF,FF,FF
125242,15101,0xCF00400,1,8,FF,FF,FF,90,5A,FF,FF,FF
125242,15102,0xCFF6600,1,8,52,0B,FF,FF,FF,FF,FF,FF
125253,15103,0x18FEF100,1,8,3F,00,00,FF,FF,FF,FF,FF
125253,15104,0x18F00500,1,8,FF,FF,FF,FF,20,2D,FF,FF
125254,15105,0x18FEF200,1,8,1F,00,00,00,00,00,00,FF
125262,15106,0xCF00400,1,8,FF,FF,FF,EE,5A,FF,FF,FF
125262,15107,0xCFF6600,1,8,5D,0B,FF,FF,FF,FF,FF,FF
125282,15108,0xCF00400,1,8,FF,FF,FF,42,5B,FF,FF,FF
125282,15109,0xCFF6600,1,8,68,0B,FF,FF,FF,FF,FF,FF
125302,15110,0xCF00400,1,8,FF,FF,FF,7C,5B,FF,FF,FF
125302,15111,0xCFF6600,1,8,6F,0B,FF,FF,FF,FF,FF,FF
125322,15112,0xCF00400,1,8,FF,FF,FF,A4,5B,FF,FF,FF
125322,15113,0xCFF6600,1,8,74,0B,FF,FF,FF,FF,FF,FF
125342,15114,0xCF00400,1,8,FF,FF,FF,AE,5B,FF,FF,FF
125342,15115,0xCFF6600,1,8,75,0B,FF,FF,FF,FF,FF,FF
125353,15116,0x18FEF100,1,8,3F,00,00,FF,FF,FF,FF,FF
125353,15117,0x10FF6500,1,8,FC,FF,FF,FF,FF,FF,FF,FF
125354,15118,0x18F00500,1,8,FF,FF,FF,FF,20,2D,FF,FF
125354,15119,0x18FEF200,1,8,1F,00,00,00,00,00,00,FF
125362,15120,0xCF00400,1,8,FF,FF,FF,A4,5B,FF,FF,FF
125362,15121,0xCFF6600,1,8,74,0B,FF,FF,FF,FF,FF,FF
125382,15122,0xCF00400,1,8,FF,FF,FF,C4,5B,FF,FF,FF
125382,15123,0xCFF6600,1,8,78,0B,FF,FF,FF,FF,FF,FF
125402,15124,0xCF00400,1,8,FF,FF,FF,00,5C,FF,FF,FF
125402,15125,0xCFF6600,1,8,80,0B,FF,FF,FF,FF,FF,FF
125422,15126,0xCF00400,1,8,FF,FF,FF,2C,5C,FF,FF,FF
125422,15127,0xCFF6600,1,8,85,0B,FF,FF,FF,FF,FF,FF
125442,15128,0xCF00400,1,8,FF,FF,FF,48,5C,FF,FF,FF
125442,15129,0xCFF6600,1,8,89,0B,FF,FF,FF,FF,FF,FF
125453,15130,0x18FEF100,1,8,3F,00,00,FF,FF,FF,FF,FF
125453,15131,0x18F00500,1,8,FF,FF,FF,FF,20,2D,FF,FF
125454,15132,0x18FEF200,1,8,1F,00,00,00,00,00,00,FF
125462,15133,0xCF00400,1,8,FF,FF,FF,76,5C,FF,FF,FF
125462,15134,0xCFF6600,1,8,8E,0B,FF,FF,FF,FF,FF,FF
125482,15135,0xCF00400,1,8,FF,FF,FF,B2,5C,FF,FF,FF
125482,15136,0xCFF6600,1,8,96,0B,FF,FF,FF,FF,FF,FF
125502,15137,0xCF00400,1,8,FF,FF,FF,DA,5C,FF,FF,FF
125502,15138,0xCFF6600,1,8,9B,0B,FF,FF,FF,FF,FF,FF
125522,15139,0xCF00400,1,8,FF,FF,FF,F2,5C,FF,FF,FF
125522,15140,0xCFF6600,1,8,9E,0B,FF,FF,FF,FF,FF,FF
125542,15141,0xCF00400,1,8,FF,FF,FF,F0,5C,FF,FF,FF
125542,15142,0xCFF6600,1,8,9E,0B,FF,FF,FF,FF,FF,FF
125553,15143,0x18FEF100,1,8,3F,00,00,FF,FF,FF,FF,FF
125553,15144,0x10FF6500,1,8,FC,FF,FF,FF,FF,FF,FF,FF
125554,15145,0x18F00500,1,8,FF,FF,FF,FF,20,2D,FF,FF
125554,15146,0x18FEF200,1,8,1F,00,00,00,00,00,00,FF
125562,15147,0xCF00400,1,8,FF,FF,FF,E0,5C,FF,FF,FF
125562,15148,0xCFF6600,1,8,9C,0B,FF,FF,FF,FF,FF,FF
125582,15149,0xCF00400,1,8,FF,FF,FF,C0,5C,FF,FF,FF
125582,15150,0xCFF6600,1,8,98,0B,FF,FF,FF,FF,FF,FF
125602,15151,0xCF00400,1,8,FF,FF,FF,96,5C,FF,FF,FF
125602,15152,0xCFF6600,1,8,92,0B,FF,FF,FF,FF,FF,FF
125622,15153,0xCF00400,1,8,FF,FF,FF,62,5C,FF,FF,FF
125622,15154,0xCFF6600,1,8,8C,0B,FF,FF,FF,FF,FF,FF
125642,15155,0xCF00400,1,8,FF,FF,FF,2E,5C,FF,FF,FF
125643,15156,0xCFF6600,1,8,85,0B,FF,FF,FF,FF,FF,FF
125653,15157,0x18FEF100,1,8,3F,00,00,FF,FF,FF,FF,FF
125654,15158,0x18F00500,1,8,FF,FF,FF,FF,20,2D,FF,FF
125654,15159,0x18F00600,1,8,FF,FF,FF,FF,FF,FF,FF,FF
125655,15160,0x18FEF200,1,8,1F,00,00,00,00,00,00,FF
125656,15161,0x1CFDDF00,1,8,FE,FF,FF,FF,FF,FF,FF,FF
125656,15162,0x1CFF6A00,1,8,FC,FF,FF,FF,FF,FF,FF,FF
125662,15163,0xCF00400,1,8,FF,FF,FF,E8,5B,FF,FF,FF
125663,15164,0xCFF6600,1,8,7D,0B,FF,FF,FF,FF,FF,FF
125682,15165,0xCF00400,1,8,FF,FF,FF,96,5B,FF,FF,FF
125682,15166,0xCFF6600,1,8,72,0B,FF,FF,FF,FF,FF,FF
125702,15167,0xCF00400,1,8,FF,FF,FF,62,5B,FF,FF,FF
125702,15168,0xCFF6600,1,8,6C,0B,FF,FF,FF,FF,FF,FF
125722,15169,0xCF00400,1,8,FF,FF,FF,3C,5B,FF,FF,FF
125722,15170,0xCFF6600,1,8,67,0B,FF,FF,FF,FF,FF,FF
125742,15171,0xCF00400,1,8,FF,FF,FF,7A,5B,FF,FF,FF
125742,15172,0xCFF6600,1,8,6F,0B,FF,FF,FF,FF,FF,FF
125753,15173,0x18FEF100,1,8,3F,00,00,FF,FF,FF,FF,FF
125753,15174,0x10FF6500,1,8,FC,FF,FF,FF,FF,FF,FF,FF
125754,15175,0x18F00500,1,8,FF,FF,FF,FF,20,2D,FF,FF
125754,15176,0x18FEF200,1,8,1F,00,00,00,00,00,00,FF
125762,15177,0xCF00400,1,8,FF,FF,FF,F2,5B,FF,FF,FF
125762,15178,0xCFF6600,1,8,7E,0B,FF,FF,FF,FF,FF,FF
125782,15179,0xCF00400,1,8,FF,FF,FF,10,5C,FF,FF,FF
125782,15180,0xCFF6600,1,8,82,0B,FF,FF,FF,FF,FF,FF
125802,15181,0xCF00400,1,8,FF,FF,FF,F6,5B,FF,FF,FF
125802,15182,0xCFF6600,1,8,7E,0B,FF,FF,FF,FF,FF,FF
125812,15183,0x18FEEE00,1,8,52,FF,FF,FF,FF,FF,FF,FF
125812,15184,0x18FDE500,1,8,0A,14,1E,28,32,3C,46,13
125822,15185,0xCF00400,1,8,FF,FF,FF,0C,5C,FF,FF,FF
125822,15186,0xCFF6600,1,8,81,0B,FF,FF,FF,FF,FF,FF
125831,15187,0x1CECFF00,1,8,20,0E,00,02,FF,CA,FE,00
125842,15188,0xCF00400,1,8,FF,FF,FF,40,5C,FF,FF,FF
125842,15189,0xCFF6600,1,8,88,0B,FF,FF,FF,FF,FF,FF
125853,15190,0x18FEF100,1,8,3F,00,00,FF,FF,FF,FF,FF
125853,15191,0x18F00500,1,8,FF,FF,FF,FF,20,2D,FF,FF
125854,15192,0x18FEF200,1,8,1E,00,00,00,00,00,00,FF
125862,15193,0xCF00400,1,8,FF,FF,FF,6C,5C,FF,FF,FF
125862,15194,0xCFF6600,1,8,8D,0B,FF,FF,FF,FF,FF,FF
125882,15195,0xCF00400,1,8,FF,FF,FF,94,5C,FF,FF,FF
125882,15196,0xCFF6600,1,8,92,0B,FF,FF,FF,FF,FF,FF
125883,15197,0x1CEBFF00,1,8,01,40,FF,0F,F0,E5,01,02
125902,15198,0xCF00400,1,8,FF,FF,FF,CE,5C,FF,FF,FF
125902,15199,0xCFF6600,1,8,99,0B,FF,FF,FF,FF,FF,FF
125922,15200,0xCF00400,1,8,FF,FF,FF,16,5D,FF,FF,FF
125922,15201,0xCFF6600,1,8,A2,0B,FF,FF,FF,FF,FF,FF
125931,15202,0x1CEBFF00,1,8,02,F0,E3,02,6E,00,03,01
125942,15203,0xCF00400,1,8,FF,FF,FF,F8,5C,FF,FF,FF
125942,15204,0xCFF6600,1,8,9F,0B,FF,FF,FF,FF,FF,FF
125952,15205,0x18FEF100,1,8,3F,00,00,FF,FF,FF,FF,FF
125953,15206,0x18F00500,1,8,FF,FF,FF,FF,20,2D,FF,FF
125954,15207,0x10FF6500,1,8,FC,FF,FF,FF,FF,FF,FF,FF
125954,15208,0x18FEF200,1,8,1E,00,00,00,00,00,00,FF
125962,15209,0xCF00400,1,8,FF,FF,FF,96,5C,FF,FF,FF
125962,15210,0xCFF6600,1,8,92,0B,FF,FF,FF,FF,FF,FF
125982,15211,0xCF00400,1,8,FF,FF,FF,52,5C,FF,FF,FF
125982,15212,0xCFF6600,1,8,8A,0B,FF,FF,FF,FF,FF,FF
126002,15213,0xCF00400,1,8,FF,FF,FF,1E,5C,FF,FF,FF
126002,15214,0xCFF6600,1,8,83,0B,FF,FF,FF,FF,FF,FF
126022,15215,0xCF00400,1,8,FF,FF,FF,16,5C,FF,FF,FF
126022,15216,0xCFF6600,1,8,82,0B,FF,FF,FF,FF,FF,FF
126042,15217,0xCF00400,1,8,FF,FF,FF,34,5C,FF,FF,FF
126042,15218,0xCFF6600,1,8,86,0B,FF,FF,FF,FF,FF,FF
126053,15219,0x18FEF100,1,8,3F,00,00,FF,FF,FF,FF,FF
126053,15220,0x18F00500,1,8,FF,FF,FF,FF,20,2D,FF,FF
126054,15221,0x18FEF200,1,8,1E,00,00,00,00,00,00,FF
126062,15222,0xCF00400,1,8,FF,FF,FF,CC,5B,FF,FF,FF
126062,15223,0xCFF6600,1,8,79,0B,FF,FF,FF,FF,FF,FF
126082,15224,0xCF00400,1,8,FF,FF,FF,02,5B,FF,FF,FF
126082,15225,0xCFF6600,1,8,60,0B,FF,FF,FF,FF,FF,FF
126102,15226,0xCF00400,1,8,FF,FF,FF,BC,5A,FF,FF,FF
126102,15227,0xCFF6600,1,8,57,0B,FF,FF,FF,FF,FF,FF
126122,15228,0xCF00400,1,8,FF,FF,FF,DC,5A,FF,FF,FF
126122,15229,0xCFF6600,1,8,5B,0B,FF,FF,FF,FF,FF,FF
126142,15230,0xCF00400,1,8,FF,FF,FF,C4,5A,FF,FF,FF
126143,15231,0xCFF6600,1,8,58,0B,FF,FF,FF,FF,FF,FF
126153,15232,0x18FEF100,1,8,3F,00,00,FF,FF,FF,FF,FF
126153,15233,0x10FF6500,1,8,FC,FF,FF,FF,FF,FF,FF,FF
126154,15234,0x18F00500,1,8,FF,FF,FF,FF,20,2D,FF,FF
126155,15235,0x18F00600,1,8,FF,FF,FF,FF,FF,FF,FF,FF
126155,15236,0x18FEF200,1,8,1E,00,00,00,00,00,00,FF
126156,15237,0x1CFDDF00,1,8,FE,FF,FF,FF,FF,FF,FF,FF
126156,15238,0x1CFF6A00,1,8,FC,FF,FF,FF,FF,FF,FF,FF
126162,15239,0xCF00400,1,8,FF,FF,FF,8E,5A,FF,FF,FF
126163,15240,0xCFF6600,1,8,51,0B,FF,FF,FF,FF,FF,FF
126182,15241,0xCF00400,1,8,FF,FF,FF,8E,5A,FF,FF,FF
126182,15242,0xCFF6600,1,8,51,0B,FF,FF,FF,FF,FF,FF
126202,15243,0xCF00400,1,8,FF,FF,FF,48,5A,FF,FF,FF
126202,15244,0xCFF6600,1,8,49,0B,FF,FF,FF,FF,FF,FF
126222,15245,0xCF00400,1,8,FF,FF,FF,EC,59,FF,FF,FF
126222,15246,0xCFF6600,1,8,3D,0B,FF,FF,FF,FF,FF,FF
126242,15247,0xCF00400,1,8,FF,FF,FF,CA,59,FF,FF,FF
126242,15248,0xCFF6600,1,8,39,0B,FF,FF,FF,FF,FF,FF
126253,15249,0x18FEF100,1,8,3F,00,00,FF,FF,FF,FF,FF
126253,15250,0x18F00500,1,8,FF,FF,FF,FF,20,2D,FF,FF
126254,15251,0x18FEF200,1,8,1E,00,00,00,00,00,00,FF
126262,15252,0xCF00400,1,8,FF,FF,FF,D0,59,FF,FF,FF
126262,15253,0xCFF6600,1,8,3A,0B,FF,FF,FF,FF,FF,FF
126282,15254,0xCF00400,1,8,FF,FF,FF,B6,59,FF,FF,FF
126282,15255,0xCFF6600,1,8,36,0B,FF,FF,FF,FF,FF,FF
126302,15256,0xCF00400,1,8,FF,FF,FF,7E,59,FF,FF,FF
126302,15257,0xCFF6600,1,8,2F,0B,FF,FF,FF,FF,FF,FF
126322,15258,0xCF00400,1,8,FF,FF,FF,7E,59,FF,FF,FF
126322,15259,0xCFF6600,1,8,2F,0B,FF,FF,FF,FF,FF,FF
126342,15260,0xCF00400,1,8,FF,FF,FF,A6,59,FF,FF,FF
126342,15261,0xCFF6600,1,8,34,0B,FF,FF,FF,FF,FF,FF
126353,15262,0x18FEF100,1,8,3F,00,00,FF,FF,FF,FF,FF
126353,15263,0x10FF6500,1,8,FC,FF,FF,FF,FF,FF,FF,FF
126354,15264,0x18F00500,1,8,FF,FF,FF,FF,20,2D,FF,FF
126354,15265,0x18FEF200,1,8,1E,00,00,00,00,00,00,FF
126362,15266,0xCF00400,1,8,FF,FF,FF,D2,59,FF,FF,FF
126362,15267,0xCFF6600,1,8,3A,0B,FF,FF,FF,FF,FF,FF
126382,15268,0xCF00400,1,8,FF,FF,FF,02,5A,FF,FF,FF
126383,15269,0xCFF6600,1,8,40,0B,FF,FF,FF,FF,FF,FF
126402,15270,0xCF00400,1,8,FF,FF,FF,1E,5A,FF,FF,FF
126403,15271,0xCFF6600,1,8,43,0B,FF,FF,FF,FF,FF,FF
126422,15272,0xCF00400,1,8,FF,FF,FF,2C,5A,FF,FF,FF
126422,15273,0xCFF6600,1,8,45,0B,FF,FF,FF,FF,FF,FF
126442,15274,0xCF00400,1,8,FF,FF,FF,56,5A,FF,FF,FF
126442,15275,0xCFF6600,1,8,4A,0B,FF,FF,FF,FF,FF,FF
126453,15276,0x18FEF100,1,8,3F,00,00,FF,FF,FF,FF,FF
126453,15277,0x18F00500,1,8,FF,FF,FF,FF,20,2D,FF,FF
126454,15278,0x18FEF200,1,8,1E,00,00,00,00,00,00,FF
126462,15279,0xCF00400,1,8,FF,FF,FF,92,5A,FF,FF,FF
126462,15280,0xCFF6600,1,8,52,0B,FF,FF,FF,FF,FF,FF
126482,15281,0xCF00400,1,8,FF,FF,FF,9A,5A,FF,FF,FF
126482,15282,0xCFF6600,1,8,53,0B,FF,FF,FF,FF,FF,FF
126502,15283,0xCF00400,1,8,FF,FF,FF,74,5A,FF,FF,FF
126502,15284,0xCFF6600,1,8,4E,0B,FF,FF,FF,FF,FF,FF
126522,15285,0xCF00400,1,8,FF,FF,FF,4A,5A,FF,FF,FF
126522,15286,0xCFF6600,1,8,49,0B,FF,FF,FF,FF,FF,FF
126542,15287,0xCF00400,1,8,FF,FF,FF,20,5A,FF,FF,FF
126542,15288,0xCFF6600,1,8,44,0B,FF,FF,FF,FF,FF,FF
126553,15289,0x18FEF100,1,8,3F,00,00,FF,FF,FF,FF,FF
126553,15290,0x10FF6500,1,8,FC,FF,FF,FF,FF,FF,FF,FF
126554,15291,0x18F00500,1,8,FF,FF,FF,FF,20,2D,FF,FF
126554,15292,0x18FEF200,1,8,1E,00,00,00,00,00,00,FF
126562,15293,0xCF00400,1,8,FF,FF,FF,EC,59,FF,FF,FF
126562,15294,0xCFF6600,1,8,3D,0B,FF,FF,FF,FF,FF,FF
126582,15295,0xCF00400,1,8,FF,FF,FF,BA,59,FF,FF,FF
126582,15296,0xCFF6600,1,8,37,0B,FF,FF,FF,FF,FF,FF
126602,15297,0xCF00400,1,8,FF,FF,FF,B2,59,FF,FF,FF
126602,15298,0xCFF6600,1,8,36,0B,FF,FF,FF,FF,FF,FF
126622,15299,0xCF00400,1,8,FF,FF,FF,C4,59,FF,FF,FF
126622,15300,0xCFF6600,1,8,38,0B,FF,FF,FF,FF,FF,FF
126642,15301,0xCF00400,1,8,FF,FF,FF,0C,5A,FF,FF,FF
126643,15302,0xCFF6600,1,8,41,0B,FF,FF,FF,FF,FF,FF
126653,15303,0x18FEF100,1,8,3F,00,00,FF,FF,FF,FF,FF
126654,15304,0x18F00500,1,8,FF,FF,FF,FF,20,2D,FF,FF
126654,15305,0x18F00600,1,8,FF,FF,FF,FF,FF,FF,FF,FF
126655,15306,0x18FEF200,1,8,1E,00,00,00,00,00,00,FF
126655,15307,0x1CFDDF00,1,8,FE,FF,FF,FF,FF,FF,FF,FF
126656,15308,0x1CFF6A00,1,8,FC,FF,FF,FF,FF,FF,FF,FF
126662,15309,0xCF00400,1,8,FF,FF,FF,6E,5A,FF,FF,FF
126663,15310,0xCFF6600,1,8,4D,0B,FF,FF,FF,FF,FF,FF
126682,15311,0xCF00400,1,8,FF,FF,FF,6E,5A,FF,FF,FF
126682,15312,0xCFF6600,1,8,4D,0B,FF,FF,FF,FF,FF,FF
126702,15313,0xCF00400,1,8,FF,FF,FF,8E,5A,FF,FF,FF
126702,15314,0xCFF6600,1,8,51,0B,FF,FF,FF,FF,FF,FF
126722,15315,0xCF00400,1,8,FF,FF,FF,86,5A,FF,FF,FF
126722,15316,0xCFF6600,1,8,50,0B,FF,FF,FF,FF,FF,FF
126742,15317,0xCF00400,1,8,FF,FF,FF,5C,5A,FF,FF,FF
126742,15318,0xCFF6600,1,8,4B,0B,FF,FF,FF,FF,FF,FF
126753,15319,0x18FEF100,1,8,3F,00,00,FF,FF,FF,FF,FF
126753,15320,0x10FF6500,1,8,FC,FF,FF,FF,FF,FF,FF,FF
126754,15321,0x18F00500,1,8,FF,FF,FF,FF,20,2D,FF,FF
126754,15322,0x18FEF200,1,8,1E,00,00,00,00,00,00,FF
126762,15323,0xCF00400,1,8,FF,FF,FF,18,5A,FF,FF,FF
126762,15324,0xCFF6600,1,8,43,0B,FF,FF,FF,FF,FF,FF
126782,15325,0xCF00400,1,8,FF,FF,FF,22,5A,FF,FF,FF
126782,15326,0xCFF6600,1,8,44,0B,FF,FF,FF,FF,FF,FF
126802,15327,0xCF00400,1,8,FF,FF,FF,6C,5A,FF,FF,FF
126802,15328,0xCFF6600,1,8,4D,0B,FF,FF,FF,FF,FF,FF
126812,15329,0x18FEEE00,1,8,52,FF,FF,FF,FF,FF,FF,FF
126812,15330,0x18FDE500,1,8,0A,14,1E,28,32,3C,46,13
126822,15331,0xCF00400,1,8,FF,FF,FF,64,5A,FF,FF,FF
126822,15332,0xCFF6600,1,8,4C,0B,FF,FF,FF,FF,FF,FF
126831,15333,0x1CECFF00,1,8,20,0E,00,02,FF,CA,FE,00
126842,15334,0xCF00400,1,8,FF,FF,FF,28,5A,FF,FF,FF
126842,15335,0xCFF6600,1,8,45,0B,FF,FF,FF,FF,FF,FF
126853,15336,0x18FEF100,1,8,3F,00,00,FF,FF,FF,FF,FF
126853,15337,0x18F00500,1,8,FF,FF,FF,FF,20,2D,FF,FF
126854,15338,0x18FEF200,1,8,1E,00,00,00,00,00,00,FF
126862,15339,0xCF00400,1,8,FF,FF,FF,02,5A,FF,FF,FF
126862,15340,0xCFF6600,1,8,40,0B,FF,FF,FF,FF,FF,FF
126882,15341,0xCF00400,1,8,FF,FF,FF,F4,59,FF,FF,FF
126882,15342,0xCFF6600,1,8,3E,0B,FF,FF,FF,FF,FF,FF
126883,15343,0x1CEBFF00,1,8,01,40,FF,0F,F0,E5,01,02
126902,15344,0xCF00400,1,8,FF,FF,FF,A6,59,FF,FF,FF
126902,15345,0xCFF6600,1,8,34,0B,FF,FF,FF,FF,FF,FF
126922,15346,0xCF00400,1,8,FF,FF,FF,24,59,FF,FF,FF
126922,15347,0xCFF6600,1,8,24,0B,FF,FF,FF,FF,FF,FF
126931,15348,0x1CEBFF00,1,8,02,F0,E3,02,6E,00,03,01
126942,15349,0xCF00400,1,8,FF,FF,FF,D6,58,FF,FF,FF
126942,15350,0xCFF6600,1,8,1A,0B,FF,FF,FF,FF,FF,FF
126953,15351,0x18FEF100,1,8,3F,00,00,FF,FF,FF,FF,FF
126953,15352,0x10FF6500,1,8,FC,FF,FF,FF,FF,FF,FF,FF
126954,15353,0x18F00500,1,8,FF,FF,FF,FF,20,2D,FF,FF
126954,15354,0x18FEF200,1,8,1E,00,00,00,00,00,00,FF
126962,15355,0xCF00400,1,8,FF,FF,FF,AC,58,FF,FF,FF
126962,15356,0xCFF6600,1,8,15,0B,FF,FF,FF,FF,FF,FF
126982,15357,0xCF00400,1,8,FF,FF,FF,C0,58,FF,FF,FF
126982,15358,0xCFF6600,1,8,18,0B,FF,FF,FF,FF,FF,FF
127002,15359,0xCF00400,1,8,FF,FF,FF,FE,58,FF,FF,FF
127002,15360,0xCFF6600,1,8,1F,0B,FF,FF,FF,FF,FF,FF
127022,15361,0xCF00400,1,8,FF,FF,FF,58,59,FF,FF,FF
127022,15362,0xCFF6600,1,8,2B,0B,FF,FF,FF,FF,FF,FF
127042,15363,0xCF00400,1,8,FF,FF,FF,C6,59,FF,FF,FF
127042,15364,0xCFF6600,1,8,38,0B,FF,FF,FF,FF,FF,FF
127053,15365,0x18FEF100,1,8,3F,00,00,FF,FF,FF,FF,FF
127053,15366,0x18F00500,1,8,FF,FF,FF,FF,20,2D,FF,FF
127054,15367,0x18FEF200,1,8,1E,00,00,00,00,00,00,FF
127062,15368,0xCF00400,1,8,FF,FF,FF,04,5A,FF,FF,FF
127062,15369,0xCFF6600,1,8,40,0B,FF,FF,FF,FF,FF,FF
127082,15370,0xCF00400,1,8,FF,FF,FF,2A,5A,FF,FF,FF
127082,15371,0xCFF6600,1,8,45,0B,FF,FF,FF,FF,FF,FF
127102,15372,0xCF00400,1,8,FF,FF,FF,E6,59,FF,FF,FF
127102,15373,0xCFF6600,1,8,3C,0B,FF,FF,FF,FF,FF,FF
127122,15374,0xCF00400,1,8,FF,FF,FF,54,59,FF,FF,FF
127123,15375,0xCFF6600,1,8,2A,0B,FF,FF,FF,FF,FF,FF
127142,15376,0xCF00400,1,8,FF,FF,FF,54,59,FF,FF,FF
127142,15377,0xCFF6600,1,8,2A,0B,FF,FF,FF,FF,FF,FF
127153,15378,0x18FEF100,1,8,3F,00,00,FF,FF,FF,FF,FF
127153,15379,0x10FF6500,1,8,FC,FF,FF,FF,FF,FF,FF,FF
127154,15380,0x18F00500,1,8,FF,FF,FF,FF,20,2D,FF,FF
127155,15381,0x18F00600,1,8,FF,FF,FF,FF,FF,FF,FF,FF
127155,15382,0x18FEF200,1,8,1E,00,00,00,00,00,00,FF
127156,15383,0x1CFDDF00,1,8,FE,FF,FF,FF,FF,FF,FF,FF
127156,15384,0x1CFF6A00,1,8,FC,FF,FF,FF,FF,FF,FF,FF
127162,15385,0xCF00400,1,8,FF,FF,FF,EC,58,FF,FF,FF
127162,15386,0xCFF6600,1,8,1D,0B,FF,FF,FF,FF,FF,FF
127182,15387,0xCF00400,1,8,FF,FF,FF,A4,58,FF,FF,FF
127182,15388,0xCFF6600,1,8,14,0B,FF,FF,FF,FF,FF,FF
127202,15389,0xCF00400,1,8,FF,FF,FF,8E,58,FF,FF,FF
127202,15390,0xCFF6600,1,8,11,0B,FF,FF,FF,FF,FF,FF
127222,15391,0xCF00400,1,8,FF,FF,FF,92,58,FF,FF,FF
127222,15392,0xCFF6600,1,8,12,0B,FF,FF,FF,FF,FF,FF
127242,15393,0xCF00400,1,8,FF,FF,FF,98,58,FF,FF,FF
127242,15394,0xCFF6600,1,8,13,0B,FF,FF,FF,FF,FF,FF
127253,15395,0x18FEF100,1,8,3F,00,00,FF,FF,FF,FF,FF
127253,15396,0x18F00500,1,8,FF,FF,FF,FF,20,2D,FF,FF
127254,15397,0x18FEF200,1,8,1E,00,00,00,00,00,00,FF
127262,15398,0xCF00400,1,8,FF,FF,FF,A0,58,FF,FF,FF
127262,15399,0xCFF6600,1,8,14,0B,FF,FF,FF,FF,FF,FF
127282,15400,0xCF00400,1,8,FF,FF,FF,D4,58,FF,FF,FF
127282,15401,0xCFF6600,1,8,1A,0B,FF,FF,FF,FF,FF,FF
127302,15402,0xCF00400,1,8,FF,FF,FF,22,59,FF,FF,FF
127303,15403,0xCFF6600,1,8,24,0B,FF,FF,FF,FF,FF,FF
127322,15404,0xCF00400,1,8,FF,FF,FF,5C,59,FF,FF,FF
127323,15405,0xCFF6600,1,8,2B,0B,FF,FF,FF,FF,FF,FF
127342,15406,0xCF00400,1,8,FF,FF,FF,8C,59,FF,FF,FF
127342,15407,0xCFF6600,1,8,31,0B,FF,FF,FF,FF,FF,FF
127352,15408,0x18FEF100,1,8,3F,00,00,FF,FF,FF,FF,FF
127353,15409,0x18F00500,1,8,FF,FF,FF,FF,20,2D,FF,FF
127354,15410,0x10FF6500,1,8,FC,FF,FF,FF,FF,FF,FF,FF
127354,15411,0x18FEF200,1,8,1E,00,00,00,00,00,00,FF
127362,15412,0xCF00400,1,8,FF,FF,FF,BC,59,FF,FF,FF
127362,15413,0xCFF6600,1,8,37,0B,FF,FF,FF,FF,FF,FF
127382,15414,0xCF00400,1,8,FF,FF,FF,EA,59,FF,FF,FF
127382,15415,0xCFF6600,1,8,3D,0B,FF,FF,FF,FF,FF,FF
127402,15416,0xCF00400,1,8,FF,FF,FF,E2,59,FF,FF,FF
127402,15417,0xCFF6600,1,8,3C,0B,FF,FF,FF,FF,FF,FF
127422,15418,0xCF00400,1,8,FF,FF,FF,B6,59,FF,FF,FF
127422,15419,0xCFF6600,1,8,36,0B,FF,FF,FF,FF,FF,FF
127442,15420,0xCF00400,1,8,FF,FF,FF,BE,59,FF,FF,FF
127442,15421,0xCFF6600,1,8,37,0B,FF,FF,FF,FF,FF,FF
127453,15422,0x18FEF100,1,8,3F,00,00,FF,FF,FF,FF,FF
127453,15423,0x18F00500,1,8,FF,FF,FF,FF,20,2D,FF,FF
127454,15424,0x18FEF200,1,8,1E,00,00,00,00,00,00,FF
127462,15425,0xCF00400,1,8,FF,FF,FF,EA,59,FF,FF,FF
127462,15426,0xCFF6600,1,8,3D,0B,FF,FF,FF,FF,FF,FF
127482,15427,0xCF00400,1,8,FF,FF,FF,16,5A,FF,FF,FF
127482,15428,0xCFF6600,1,8,42,0B,FF,FF,FF,FF,FF,FF
127502,15429,0xCF00400,1,8,FF,FF,FF,44,5A,FF,FF,FF
127502,15430,0xCFF6600,1,8,48,0B,FF,FF,FF,FF,FF,FF
127522,15431,0xCF00400,1,8,FF,FF,FF,98,5A,FF,FF,FF
127522,15432,0xCFF6600,1,8,53,0B,FF,FF,FF,FF,FF,FF
127542,15433,0xCF00400,1,8,FF,FF,FF,0A,5B,FF,FF,FF
127542,15434,0xCFF6600,1,8,61,0B,FF,FF,FF,FF,FF,FF
127553,15435,0x18FEF100,1,8,3F,00,00,FF,FF,FF,FF,FF
127553,15436,0x10FF6500,1,8,FC,FF,FF,FF,FF,FF,FF,FF
127554,15437,0x18F00500,1,8,FF,FF,FF,FF,20,2D,FF,FF
127554,15438,0x18FEF200,1,8,1E,00,00,00,00,00,00,FF
127562,15439,0xCF00400,1,8,FF,FF,FF,3A,5B,FF,FF,FF
127562,15440,0xCFF6600,1,8,67,0B,FF,FF,FF,FF,FF,FF
127582,15441,0xCF00400,1,8,FF,FF,FF,3A,5B,FF,FF,FF
127583,15442,0xCFF6600,1,8,67,0B,FF,FF,FF,FF,FF,FF
127602,15443,0xCF00400,1,8,FF,FF,FF,3C,5B,FF,FF,FF
127603,15444,0xCFF6600,1,8,67,0B,FF,FF,FF,FF,FF,FF
127622,15445,0xCF00400,1,8,FF,FF,FF,3C,5B,FF,FF,FF
127622,15446,0xCFF6600,1,8,67,0B,FF,FF,FF,FF,FF,FF
127642,15447,0xCF00400,1,8,FF,FF,FF,3E,5B,FF,FF,FF
127642,15448,0xCFF6600,1,8,67,0B,FF,FF,FF,FF,FF,FF
127653,15449,0x18FEF100,1,8,3F,00,00,FF,FF,FF,FF,FF
127654,15450,0x18F00500,1,8,FF,FF,FF,FF,20,2D,FF,FF
127654,15451,0x18F00600,1,8,FF,FF,FF,FF,FF,FF,FF,FF
127655,15452,0x18FEF200,1,8,1E,00,00,00,00,00,00,FF
127655,15453,0x1CFDDF00,1,8,FE,FF,FF,FF,FF,FF,FF,FF
127656,15454,0x1CFF6A00,1,8,FC,FF,FF,FF,FF,FF,FF,FF
127662,15455,0xCF00400,1,8,FF,FF,FF,1A,5B,FF,FF,FF
127662,15456,0xCFF6600,1,8,63,0B,FF,FF,FF,FF,FF,FF
127682,15457,0xCF00400,1,8,FF,FF,FF,DE,5A,FF,FF,FF
127682,15458,0xCFF6600,1,8,5B,0B,FF,FF,FF,FF,FF,FF
127702,15459,0xCF00400,1,8,FF,FF,FF,A8,5A,FF,FF,FF
127702,15460,0xCFF6600,1,8,55,0B,FF,FF,FF,FF,FF,FF
127722,15461,0xCF00400,1,8,FF,FF,FF,72,5A,FF,FF,FF
127722,15462,0xCFF6600,1,8,4E,0B,FF,FF,FF,FF,FF,FF
127742,15463,0xCF00400,1,8,FF,FF,FF,70,5A,FF,FF,FF
127742,15464,0xCFF6600,1,8,4E,0B,FF,FF,FF,FF,FF,FF
127753,15465,0x18FEF100,1,8,3F,00,00,FF,FF,FF,FF,FF
127753,15466,0x10FF6500,1,8,FC,FF,FF,FF,FF,FF,FF,FF
127754,15467,0x18F00500,1,8,FF,FF,FF,FF,20,2D,FF,FF
127754,15468,0x18FEF200,1,8,1E,00,00,00,00,00,00,FF
127762,15469,0xCF00400,1,8,FF,FF,FF,8C,5A,FF,FF,FF
127762,15470,0xCFF6600,1,8,51,0B,FF,FF,FF,FF,FF,FF
127782,15471,0xCF00400,1,8,FF,FF,FF,76,5A,FF,FF,FF
127782,15472,0xCFF6600,1,8,4E,0B,FF,FF,FF,FF,FF,FF
127802,15473,0xCF00400,1,8,FF,FF,FF,36,5A,FF,FF,FF
127802,15474,0xCFF6600,1,8,46,0B,FF,FF,FF,FF,FF,FF
127811,15475,0x18FEEE00,1,8,53,FF,FF,FF,FF,FF,FF,FF
127812,15476,0x18FDE500,1,8,0A,14,1E,28,32,3C,46,13
127822,15477,0xCF00400,1,8,FF,FF,FF,2C,5A,FF,FF,FF
127822,15478,0xCFF6600,1,8,45,0B,FF,FF,FF,FF,FF,FF
127831,15479,0x1CECFF00,1,8,20,0E,00,02,FF,CA,FE,00
127842,15480,0xCF00400,1,8,FF,FF,FF,4A,5A,FF,FF,FF
127842,15481,0xCFF6600,1,8,49,0B,FF,FF,FF,FF,FF,FF
127853,15482,0x18FEF100,1,8,3F,00,00,FF,FF,FF,FF,FF
127853,15483,0x18F00500,1,8,FF,FF,FF,FF,20,2D,FF,FF
127854,15484,0x18FEF200,1,8,1E,00,00,00,00,00,00,FF
127862,15485,0xCF00400,1,8,FF,FF,FF,F6,59,FF,FF,FF
127863,15486,0xCFF6600,1,8,3E,0B,FF,FF,FF,FF,FF,FF
127882,15487,0xCF00400,1,8,FF,FF,FF,48,59,FF,FF,FF
127882,15488,0xCFF6600,1,8,29,0B,FF,FF,FF,FF,FF,FF
127883,15489,0x1CEBFF00,1,8,01,40,FF,0F,F0,E5,01,02
127902,15490,0xCF00400,1,8,FF,FF,FF,F0,58,FF,FF,FF
127902,15491,0xCFF6600,1,8,1E,0B,FF,FF,FF,FF,FF,FF
127922,15492,0xCF00400,1,8,FF,FF,FF,D6,58,FF,FF,FF
127922,15493,0xCFF6600,1,8,1A,0B,FF,FF,FF,FF,FF,FF
127932,15494,0x1CEBFF00,1,8,02,F0,E3,02,6E,00,03,01
127942,15495,0xCF00400,1,8,FF,FF,FF,C2,58,FF,FF,FF
127942,15496,0xCFF6600,1,8,18,0B,FF,FF,FF,FF,FF,FF
127953,15497,0x18FEF100,1,8,3F,00,00,FF,FF,FF,FF,FF
127953,15498,0x10FF6500,1,8,FC,FF,FF,FF,FF,FF,FF,FF
127954,15499,0x18F00500,1,8,FF,FF,FF,FF,20,2D,FF,FF
127954,15500,0x18FEF200,1,8,1E,00,00,00,00,00,00,FF
127962,15501,0xCF00400,1,8,FF,FF,FF,B0,58,FF,FF,FF
127962,15502,0xCFF6600,1,8,16,0B,FF,FF,FF,FF,FF,FF
127982,15503,0xCF00400,1,8,FF,FF,FF,A6,58,FF,FF,FF
127982,15504,0xCFF6600,1,8,14,0B,FF,FF,FF,FF,FF,FF
128002,15505,0xCF00400,1,8,FF,FF,FF,A0,58,FF,FF,FF
128002,15506,0xCFF6600,1,8,14,0B,FF,FF,FF,FF,FF,FF
128022,15507,0xCF00400,1,8,FF,FF,FF,A6,58,FF,FF,FF
128022,15508,0xCFF6600,1,8,14,0B,FF,FF,FF,FF,FF,FF
128042,15509,0xCF00400,1,8,FF,FF,FF,B2,58,FF,FF,FF
128042,15510,0xCFF6600,1,8,16,0B,FF,FF,FF,FF,FF,FF
128053,15511,0x18FEF100,1,8,3F,00,00,FF,FF,FF,FF,FF
128054,15512,0x18F00500,1,8,FF,FF,FF,FF,20,2D,FF,FF
128054,15513,0x18FEF200,1,8,1E,00,00,00,00,00,00,FF
128062,15514,0xCF00400,1,8,FF,FF,FF,94,58,FF,FF,FF
128063,15515,0xCFF6600,1,8,12,0B,FF,FF,FF,FF,FF,FF
128082,15516,0xCF00400,1,8,FF,FF,FF,94,58,FF,FF,FF
128082,15517,0xCFF6600,1,8,12,0B,FF,FF,FF,FF,FF,FF
128102,15518,0xCF00400,1,8,FF,FF,FF,5A,58,FF,FF,FF
128102,15519,0xCFF6600,1,8,0B,0B,FF,FF,FF,FF,FF,FF
128122,15520,0xCF00400,1,8,FF,FF,FF,40,58,FF,FF,FF
128122,15521,0xCFF6600,1,8,08,0B,FF,FF,FF,FF,FF,FF
128142,15522,0xCF00400,1,8,FF,FF,FF,3E,58,FF,FF,FF
128142,15523,0xCFF6600,1,8,07,0B,FF,FF,FF,FF,FF,FF
128153,15524,0x18FEF100,1,8,3F,00,00,FF,FF,FF,FF,FF
128153,15525,0x10FF6500,1,8,FC,FF,FF,FF,FF,FF,FF,FF
128154,15526,0x18F00500,1,8,FF,FF,FF,FF,20,2D,FF,FF
128154,15527,0x18F00600,1,8,FF,FF,FF,FF,FF,FF,FF,FF
128155,15528,0x18FEF200,1,8,1E,00,00,00,00,00,00,FF
128155,15529,0x1CFDDF00,1,8,FE,FF,FF,FF,FF,FF,FF,FF
128156,15530,0x1CFF6A00,1,8,FC,FF,FF,FF,FF,FF,FF,FF
128162,15531,0xCF00400,1,8,FF,FF,FF,EA,57,FF,FF,FF
128162,15532,0xCFF6600,1,8,FD,0A,FF,FF,FF,FF,FF,FF
128182,15533,0xCF00400,1,8,FF,FF,FF,5A,57,FF,FF,FF
128182,15534,0xCFF6600,1,8,EB,0A,FF,FF,FF,FF,FF,FF
128202,15535,0xCF00400,1,8,FF,FF,FF,FA,56,FF,FF,FF
128202,15536,0xCFF6600,1,8,DF,0A,FF,FF,FF,FF,FF,FF
128222,15537,0xCF00400,1,8,FF,FF,FF,C0,56,FF,FF,FF
128222,15538,0xCFF6600,1,8,D8,0A,FF,FF,FF,FF,FF,FF
128242,15539,0xCF00400,1,8,FF,FF,FF,A0,56,FF,FF,FF
128242,15540,0xCFF6600,1,8,D4,0A,FF,FF,FF,FF,FF,FF
128253,15541,0x18FEF100,1,8,3F,00,00,FF,FF,FF,FF,FF
128253,15542,0x18F00500,1,8,FF,FF,FF,FF,20,2D,FF,FF
128254,15543,0x18FEF200,1,8,1E,00,00,00,00,00,00,FF
128262,15544,0xCF00400,1,8,FF,FF,FF,92,56,FF,FF,FF
128262,15545,0xCFF6600,1,8,D2,0A,FF,FF,FF,FF,FF,FF
128282,15546,0xCF00400,1,8,FF,FF,FF,DC,56,FF,FF,FF
128282,15547,0xCFF6600,1,8,DB,0A,FF,FF,FF,FF,FF,FF
128302,15548,0xCF00400,1,8,FF,FF,FF,5E,57,FF,FF,FF
128302,15549,0xCFF6600,1,8,EB,0A,FF,FF,FF,FF,FF,FF
128322,15550,0xCF00400,1,8,FF,FF,FF,58,57,FF,FF,FF
128322,15551,0xCFF6600,1,8,EB,0A,FF,FF,FF,FF,FF,FF
128342,15552,0xCF00400,1,8,FF,FF,FF,F6,56,FF,FF,FF
128343,15553,0xCFF6600,1,8,DE,0A,FF,FF,FF,FF,FF,FF
128353,15554,0x18FEF100,1,8,3F,00,00,FF,FF,FF,FF,FF
128353,15555,0x10FF6500,1,8,FC,FF,FF,FF,FF,FF,FF,FF
128354,15556,0x18F00500,1,8,FF,FF,FF,FF,20,2D,FF,FF
128355,15557,0x18FEF200,1,8,1E,00,00,00,00,00,00,FF
128362,15558,0xCF00400,1,8,FF,FF,FF,F6,56,FF,FF,FF
128362,15559,0xCFF6600,1,8,DE,0A,FF,FF,FF,FF,FF,FF
128382,15560,0xCF00400,1,8,FF,FF,FF,2A,57,FF,FF,FF
128382,15561,0xCFF6600,1,8,E5,0A,FF,FF,FF,FF,FF,FF
128402,15562,0xCF00400,1,8,FF,FF,FF,BE,57,FF,FF,FF
128402,15563,0xCFF6600,1,8,F7,0A,FF,FF,FF,FF,FF,FF
128422,15564,0xCF00400,1,8,FF,FF,FF,0E,58,FF,FF,FF
128422,15565,0xCFF6600,1,8,01,0B,FF,FF,FF,FF,FF,FF
128442,15566,0xCF00400,1,8,FF,FF,FF,3A,58,FF,FF,FF
128442,15567,0xCFF6600,1,8,07,0B,FF,FF,FF,FF,FF,FF
128453,15568,0x18FEF100,1,8,3F,00,00,FF,FF,FF,FF,FF
128453,15569,0x18F00500,1,8,FF,FF,FF,FF,20,2D,FF,FF
128454,15570,0x18FEF200,1,8,1E,00,00,00,00,00,00,FF
128462,15571,0xCF00400,1,8,FF,FF,FF,6E,58,FF,FF,FF
128462,15572,0xCFF6600,1,8,0D,0B,FF,FF,FF,FF,FF,FF
128482,15573,0xCF00400,1,8,FF,FF,FF,A8,58,FF,FF,FF
128482,15574,0xCFF6600,1,8,15,0B,FF,FF,FF,FF,FF,FF
128502,15575,0xCF00400,1,8,FF,FF,FF,BA,58,FF,FF,FF
128502,15576,0xCFF6600,1,8,17,0B,FF,FF,FF,FF,FF,FF
128522,15577,0xCF00400,1,8,FF,FF,FF,B2,58,FF,FF,FF
128523,15578,0xCFF6600,1,8,16,0B,FF,FF,FF,FF,FF,FF
128542,15579,0xCF00400,1,8,FF,FF,FF,BE,58,FF,FF,FF
128542,15580,0xCFF6600,1,8,17,0B,FF,FF,FF,FF,FF,FF
128552,15581,0x18FEF100,1,8,3F,00,00,FF,FF,FF,FF,FF
128553,15582,0x10FF6500,1,8,FC,FF,FF,FF,FF,FF,FF,FF
128554,15583,0x18F00500,1,8,FF,FF,FF,FF,20,2D,FF,FF
128554,15584,0x18FEF200,1,8,1E,00,00,00,00,00,00,FF
128562,15585,0xCF00400,1,8,FF,FF,FF,DA,58,FF,FF,FF
128562,15586,0xCFF6600,1,8,1B,0B,FF,FF,FF,FF,FF,FF
128582,15587,0xCF00400,1,8,FF,FF,FF,36,59,FF,FF,FF
128582,15588,0xCFF6600,1,8,26,0B,FF,FF,FF,FF,FF,FF
128602,15589,0xCF00400,1,8,FF,FF,FF,BE,59,FF,FF,FF
128602,15590,0xCFF6600,1,8,37,0B,FF,FF,FF,FF,FF,FF
128622,15591,0xCF00400,1,8,FF,FF,FF,0E,5A,FF,FF,FF
128622,15592,0xCFF6600,1,8,41,0B,FF,FF,FF,FF,FF,FF
128642,15593,0xCF00400,1,8,FF,FF,FF,46,5A,FF,FF,FF
128642,15594,0xCFF6600,1,8,48,0B,FF,FF,FF,FF,FF,FF
128653,15595,0x18FEF100,1,8,3F,00,00,FF,FF,FF,FF,FF
128653,15596,0x18F00500,1,8,FF,FF,FF,FF,20,2D,FF,FF
128654,15597,0x18F00600,1,8,FF,FF,FF,FF,FF,FF,FF,FF
128654,15598,0x18FEF200,1,8,1E,00,00,00,00,00,00,FF
128655,15599,0x1CFDDF00,1,8,FE,FF,FF,FF,FF,FF,FF,FF
128656,15600,0x1CFF6A00,1,8,FC,FF,FF,FF,FF,FF,FF,FF
128662,15601,0xCF00400,1,8,FF,FF,FF,38,5A,FF,FF,FF
128662,15602,0xCFF6600,1,8,47,0B,FF,FF,FF,FF,FF,FF
128682,15603,0xCF00400,1,8,FF,FF,FF,F6,59,FF,FF,FF
128682,15604,0xCFF6600,1,8,3E,0B,FF,FF,FF,FF,FF,FF
128702,15605,0xCF00400,1,8,FF,FF,FF,0A,5A,FF,FF,FF
128702,15606,0xCFF6600,1,8,41,0B,FF,FF,FF,FF,FF,FF
128722,15607,0xCF00400,1,8,FF,FF,FF,60,5A,FF,FF,FF
128722,15608,0xCFF6600,1,8,4C,0B,FF,FF,FF,FF,FF,FF
128742,15609,0xCF00400,1,8,FF,FF,FF,6E,5A,FF,FF,FF
128742,15610,0xCFF6600,1,8,4D,0B,FF,FF,FF,FF,FF,FF
128753,15611,0x18FEF100,1,8,3F,00,00,FF,FF,FF,FF,FF
128753,15612,0x10FF6500,1,8,FC,FF,FF,FF,FF,FF,FF,FF
128754,15613,0x18F00500,1,8,FF,FF,FF,FF,20,2D,FF,FF
128754,15614,0x18FEF200,1,8,1E,00,00,00,00,00,00,FF
128762,15615,0xCF00400,1,8,FF,FF,FF,4E,5A,FF,FF,FF
128763,15616,0xCFF6600,1,8,49,0B,FF,FF,FF,FF,FF,FF
128782,15617,0xCF00400,1,8,FF,FF,FF,74,5A,FF,FF,FF
128783,15618,0xCFF6600,1,8,4E,0B,FF,FF,FF,FF,FF,FF
128802,15619,0xCF00400,1,8,FF,FF,FF,74,5A,FF,FF,FF
128802,15620,0xCFF6600,1,8,4E,0B,FF,FF,FF,FF,FF,FF
128811,15621,0x18FEEE00,1,8,53,FF,FF,FF,FF,FF,FF,FF
128812,15622,0x18FDE500,1,8,0A,14,1E,28,32,3C,46,13
128822,15623,0xCF00400,1,8,FF,FF,FF,C4,5A,FF,FF,FF
128822,15624,0xCFF6600,1,8,58,0B,FF,FF,FF,FF,FF,FF
128831,15625,0x1CECFF00,1,8,20,0E,00,02,FF,CA,FE,00
128842,15626,0xCF00400,1,8,FF,FF,FF,12,5B,FF,FF,FF
128842,15627,0xCFF6600,1,8,62,0B,FF,FF,FF,FF,FF,FF
128853,15628,0x18FEF100,1,8,3F,00,00,FF,FF,FF,FF,FF
128853,15629,0x18F00500,1,8,FF,FF,FF,FF,20,2D,FF,FF
128854,15630,0x18FEF200,1,8,1F,00,00,00,00,00,00,FF
128862,15631,0xCF00400,1,8,FF,FF,FF,66,5B,FF,FF,FF
128862,15632,0xCFF6600,1,8,6C,0B,FF,FF,FF,FF,FF,FF
128882,15633,0xCF00400,1,8,FF,FF,FF,9C,5B,FF,FF,FF
128882,15634,0xCFF6600,1,8,73,0B,FF,FF,FF,FF,FF,FF
128883,15635,0x1CEBFF00,1,8,01,40,FF,0F,F0,E5,01,02
128902,15636,0xCF00400,1,8,FF,FF,FF,B8,5B,FF,FF,FF
128902,15637,0xCFF6600,1,8,77,0B,FF,FF,FF,FF,FF,FF
128922,15638,0xCF00400,1,8,FF,FF,FF,AA,5B,FF,FF,FF
128922,15639,0xCFF6600,1,8,75,0B,FF,FF,FF,FF,FF,FF
128931,15640,0x1CEBFF00,1,8,02,F0,E3,02,6E,00,03,01
128942,15641,0xCF00400,1,8,FF,FF,FF,7C,5B,FF,FF,FF
128942,15642,0xCFF6600,1,8,6F,0B,FF,FF,FF,FF,FF,FF
128952,15643,0x18FEF100,1,8,3F,00,00,FF,FF,FF,FF,FF
128953,15644,0x18F00500,1,8,FF,FF,FF,FF,20,2D,FF,FF
128954,15645,0x10FF6500,1,8,FC,FF,FF,FF,FF,FF,FF,FF
128954,15646,0x18FEF200,1,8,1F,00,00,00,00,00,00,FF
128962,15647,0xCF00400,1,8,FF,FF,FF,72,5B,FF,FF,FF
128962,15648,0xCFF6600,1,8,6E,0B,FF,FF,FF,FF,FF,FF
128982,15649,0xCF00400,1,8,FF,FF,FF,7E,5B,FF,FF,FF
128982,15650,0xCFF6600,1,8,6F,0B,FF,FF,FF,FF,FF,FF
129002,15651,0xCF00400,1,8,FF,FF,FF,7C,5B,FF,FF,FF
129002,15652,0xCFF6600,1,8,6F,0B,FF,FF,FF,FF,FF,FF
129022,15653,0xCF00400,1,8,FF,FF,FF,6C,5B,FF,FF,FF
129022,15654,0xCFF6600,1,8,6D,0B,FF,FF,FF,FF,FF,FF
129042,15655,0xCF00400,1,8,FF,FF,FF,8A,5B,FF,FF,FF
129042,15656,0xCFF6600,1,8,71,0B,FF,FF,FF,FF,FF,FF
129053,15657,0x18FEF100,1,8,3F,00,00,FF,FF,FF,FF,FF
129053,15658,0x18F00500,1,8,FF,FF,FF,FF,20,2D,FF,FF
129054,15659,0x18FEF200,1,8,1F,00,00,00,00,00,00,FF
129062,15660,0xCF00400,1,8,FF,FF,FF,CC,5B,FF,FF,FF
129062,15661,0xCFF6600,1,8,79,0B,FF,FF,FF,FF,FF,FF
129082,15662,0xCF00400,1,8,FF,FF,FF,22,5C,FF,FF,FF
129082,15663,0xCFF6600,1,8,84,0B,FF,FF,FF,FF,FF,FF
129102,15664,0xCF00400,1,8,FF,FF,FF,84,5C,FF,FF,FF
129102,15665,0xCFF6600,1,8,90,0B,FF,FF,FF,FF,FF,FF
129122,15666,0xCF00400,1,8,FF,FF,FF,D2,5C,FF,FF,FF
129122,15667,0xCFF6600,1,8,9A,0B,FF,FF,FF,FF,FF,FF
129142,15668,0xCF00400,1,8,FF,FF,FF,14,5D,FF,FF,FF
129142,15669,0xCFF6600,1,8,A2,0B,FF,FF,FF,FF,FF,FF
129153,15670,0x18FEF100,1,8,3F,00,00,FF,FF,FF,FF,FF
129153,15671,0x10FF6500,1,8,FC,FF,FF,FF,FF,FF,FF,FF
129154,15672,0x18F00500,1,8,FF,FF,FF,FF,20,2D,FF,FF
129154,15673,0x18F00600,1,8,FF,FF,FF,FF,FF,FF,FF,FF
129155,15674,0x18FEF200,1,8,1F,00,00,00,00,00,00,FF
129155,15675,0x1CFDDF00,1,8,FE,FF,FF,FF,FF,FF,FF,FF
129156,15676,0x1CFF6A00,1,8,FC,FF,FF,FF,FF,FF,FF,FF
129162,15677,0xCF00400,1,8,FF,FF,FF,64,5D,FF,FF,FF
129162,15678,0xCFF6600,1,8,AC,0B,FF,FF,FF,FF,FF,FF
129182,15679,0xCF00400,1,8,FF,FF,FF,BA,5D,FF,FF,FF
129182,15680,0xCFF6600,1,8,B7,0B,FF,FF,FF,FF,FF,FF
129202,15681,0xCF00400,1,8,FF,FF,FF,92,5D,FF,FF,FF
129202,15682,0xCFF6600,1,8,B2,0B,FF,FF,FF,FF,FF,FF
129222,15683,0xCF00400,1,8,FF,FF,FF,16,5D,FF,FF,FF
129222,15684,0xCFF6600,1,8,A2,0B,FF,FF,FF,FF,FF,FF
129242,15685,0xCF00400,1,8,FF,FF,FF,FE,5C,FF,FF,FF
129242,15686,0xCFF6600,1,8,9F,0B,FF,FF,FF,FF,FF,FF
129253,15687,0x18FEF100,1,8,3F,00,00,FF,FF,FF,FF,FF
129253,15688,0x18F00500,1,8,FF,FF,FF,FF,20,2D,FF,FF
129254,15689,0x18FEF200,1,8,1F,00,00,00,00,00,00,FF
129262,15690,0xCF00400,1,8,FF,FF,FF,2E,5D,FF,FF,FF
129262,15691,0xCFF6600,1,8,A5,0B,FF,FF,FF,FF,FF,FF
129282,15692,0xCF00400,1,8,FF,FF,FF,5A,5D,FF,FF,FF
129282,15693,0xCFF6600,1,8,AB,0B,FF,FF,FF,FF,FF,FF
129302,15694,0xCF00400,1,8,FF,FF,FF,86,5D,FF,FF,FF
129302,15695,0xCFF6600,1,8,B0,0B,FF,FF,FF,FF,FF,FF
129322,15696,0xCF00400,1,8,FF,FF,FF,AE,5D,FF,FF,FF
129322,15697,0xCFF6600,1,8,B5,0B,FF,FF,FF,FF,FF,FF
129342,15698,0xCF00400,1,8,FF,FF,FF,D0,5D,FF,FF,FF
129342,15699,0xCFF6600,1,8,BA,0B,FF,FF,FF,FF,FF,FF
129352,15700,0x18FEF100,1,8,3F,00,00,FF,FF,FF,FF,FF
129353,15701,0x10FF6500,1,8,FC,FF,FF,FF,FF,FF,FF,FF
129353,15702,0x18F00500,1,8,FF,FF,FF,FF,20,2D,FF,FF
129354,15703,0x18FEF200,1,8,1F,00,00,00,00,00,00,FF
129362,15704,0xCF00400,1,8,FF,FF,FF,D8,5D,FF,FF,FF
129362,15705,0xCFF6600,1,8,BB,0B,FF,FF,FF,FF,FF,FF
129382,15706,0xCF00400,1,8,FF,FF,FF,CE,5D,FF,FF,FF
129382,15707,0xCFF6600,1,8,B9,0B,FF,FF,FF,FF,FF,FF
129402,15708,0xCF00400,1,8,FF,FF,FF,F6,5D,FF,FF,FF
129402,15709,0xCFF6600,1,8,BE,0B,FF,FF,FF,FF,FF,FF
129422,15710,0xCF00400,1,8,FF,FF,FF,3E,5E,FF,FF,FF
129422,15711,0xCFF6600,1,8,C7,0B,FF,FF,FF,FF,FF,FF
129442,15712,0xCF00400,1,8,FF,FF,FF,5E,5E,FF,FF,FF
129442,15713,0xCFF6600,1,8,CB,0B,FF,FF,FF,FF,FF,FF
129453,15714,0x18FEF100,1,8,3F,00,00,FF,FF,FF,FF,FF
129453,15715,0x18F00500,1,8,FF,FF,FF,FF,20,2D,FF,FF
129454,15716,0x18FEF200,1,8,1F,00,00,00,00,00,00,FF
129462,15717,0xCF00400,1,8,FF,FF,FF,66,5E,FF,FF,FF
129462,15718,0xCFF6600,1,8,CC,0B,FF,FF,FF,FF,FF,FF
129482,15719,0xCF00400,1,8,FF,FF,FF,7E,5E,FF,FF,FF
129482,15720,0xCFF6600,1,8,CF,0B,FF,FF,FF,FF,FF,FF
129502,15721,0xCF00400,1,8,FF,FF,FF,A8,5E,FF,FF,FF
129502,15722,0xCFF6600,1,8,D5,0B,FF,FF,FF,FF,FF,FF
129522,15723,0xCF00400,1,8,FF,FF,FF,B4,5E,FF,FF,FF
129522,15724,0xCFF6600,1,8,D6,0B,FF,FF,FF,FF,FF,FF
129542,15725,0xCF00400,1,8,FF,FF,FF,A6,5E,FF,FF,FF
129542,15726,0xCFF6600,1,8,D4,0B,FF,FF,FF,FF,FF,FF
129552,15727,0x18FEF100,1,8,3F,00,00,FF,FF,FF,FF,FF
129553,15728,0x10FF6500,1,8,FC,FF,FF,FF,FF,FF,FF,FF
129553,15729,0x18F00500,1,8,FF,FF,FF,FF,20,2D,FF,FF
129554,15730,0x18FEF200,1,8,1F,00,00,00,00,00,00,FF
129562,15731,0xCF00400,1,8,FF,FF,FF,BE,5E,FF,FF,FF
129562,15732,0xCFF6600,1,8,D7,0B,FF,FF,FF,FF,FF,FF
129582,15733,0xCF00400,1,8,FF,FF,FF,E8,5E,FF,FF,FF
129582,15734,0xCFF6600,1,8,DD,0B,FF,FF,FF,FF,FF,FF
129602,15735,0xCF00400,1,8,FF,FF,FF,D4,5E,FF,FF,FF
129602,15736,0xCFF6600,1,8,DA,0B,FF,FF,FF,FF,FF,FF
129622,15737,0xCF00400,1,8,FF,FF,FF,9C,5E,FF,FF,FF
129622,15738,0xCFF6600,1,8,D3,0B,FF,FF,FF,FF,FF,FF
129642,15739,0xCF00400,1,8,FF,FF,FF,7A,5E,FF,FF,FF
129642,15740,0xCFF6600,1,8,CF,0B,FF,FF,FF,FF,FF,FF
129653,15741,0x18FEF100,1,8,3F,00,00,FF,FF,FF,FF,FF
129653,15742,0x18F00500,1,8,FF,FF,FF,FF,20,2D,FF,FF
129654,15743,0x18F00600,1,8,FF,FF,FF,FF,FF,FF,FF,FF
129654,15744,0x18FEF200,1,8,1F,00,00,00,00,00,00,FF
129655,15745,0x1CFDDF00,1,8,FE,FF,FF,FF,FF,FF,FF,FF
129656,15746,0x1CFF6A00,1,8,FC,FF,FF,FF,FF,FF,FF,FF
129662,15747,0xCF00400,1,8,FF,FF,FF,60,5E,FF,FF,FF
129662,15748,0xCFF6600,1,8,CC,0B,FF,FF,FF,FF,FF,FF
129682,15749,0xCF00400,1,8,FF,FF,FF,3A,5E,FF,FF,FF
129682,15750,0xCFF6600,1,8,C7,0B,FF,FF,FF,FF,FF,FF
129702,15751,0xCF00400,1,8,FF,FF,FF,08,5E,FF,FF,FF
129702,15752,0xCFF6600,1,8,C1,0B,FF,FF,FF,FF,FF,FF
129722,15753,0xCF00400,1,8,FF,FF,FF,EA,5D,FF,FF,FF
129722,15754,0xCFF6600,1,8,BD,0B,FF,FF,FF,FF,FF,FF
129740,15755,0x18FEFC17,1,8,FF,1F,FF,FF,FF,FF,FF,FF
129742,15756,0xCF00400,1,8,FF,FF,FF,EC,5D,FF,FF,FF
129742,15757,0xCFF6600,1,8,BD,0B,FF,FF,FF,FF,FF,FF
129752,15758,0x18FEF100,1,8,3F,00,00,FF,FF,FF,FF,FF
129753,15759,0x10FF6500,1,8,FC,FF,FF,FF,FF,FF,FF,FF
129753,15760,0x18F00500,1,8,FF,FF,FF,FF,20,2D,FF,FF
129754,15761,0x18FEF200,1,8,1F,00,00,00,00,00,00,FF
129760,15762,0x18FEF517,1,8,FF,FF,FF,20,1D,FF,FF,FF
129762,15763,0xCF00400,1,8,FF,FF,FF,A4,5D,FF,FF,FF
129762,15764,0xCFF6600,1,8,B4,0B,FF,FF,FF,FF,FF,FF
129782,15765,0xCF00400,1,8,FF,FF,FF,20,5D,FF,FF,FF
129782,15766,0xCFF6600,1,8,A4,0B,FF,FF,FF,FF,FF,FF
129786,15767,0x18FEC117,1,8,F0,1D,00,00,03,1E,00,00
129802,15768,0xCF00400,1,8,FF,FF,FF,12,5D,FF,FF,FF
129802,15769,0xCFF6600,1,8,A2,0B,FF,FF,FF,FF,FF,FF
129812,15770,0x18FEEE00,1,8,53,FF,FF,FF,FF,FF,FF,FF
129812,15771,0x18FDE500,1,8,0A,14,1E,28,32,3C,46,13
129822,15772,0xCF00400,1,8,FF,FF,FF,4E,5D,FF,FF,FF
129822,15773,0xCFF6600,1,8,A9,0B,FF,FF,FF,FF,FF,FF
129831,15774,0x1CECFF00,1,8,20,0E,00,02,FF,CA,FE,00
129842,15775,0xCF00400,1,8,FF,FF,FF,72,5D,FF,FF,FF
129842,15776,0xCFF6600,1,8,AE,0B,FF,FF,FF,FF,FF,FF
129853,15777,0x18FEF100,1,8,3F,00,00,FF,FF,FF,FF,FF
129853,15778,0x18F00500,1,8,FF,FF,FF,FF,20,2D,FF,FF
129854,15779,0x18FEF200,1,8,1F,00,00,00,00,00,00,FF
129862,15780,0xCF00400,1,8,FF,FF,FF,86,5D,FF,FF,FF
129862,15781,0xCFF6600,1,8,B0,0B,FF,FF,FF,FF,FF,FF
129882,15782,0xCF00400,1,8,FF,FF,FF,84,5D,FF,FF,FF
129882,15783,0xCFF6600,1,8,B0,0B,FF,FF,FF,FF,FF,FF
129883,15784,0x1CEBFF00,1,8,01,40,FF,0F,F0,E5,01,02
129902,15785,0xCF00400,1,8,FF,FF,FF,68,5D,FF,FF,FF
129902,15786,0xCFF6600,1,8,AD,0B,FF,FF,FF,FF,FF,FF
129922,15787,0xCF00400,1,8,FF,FF,FF,3C,5D,FF,FF,FF
129922,15788,0xCFF6600,1,8,A7,0B,FF,FF,FF,FF,FF,FF
129932,15789,0x1CEBFF00,1,8,02,F0,E3,02,6E,00,03,01
129942,15790,0xCF00400,1,8,FF,FF,FF,02,5D,FF,FF,FF
129942,15791,0xCFF6600,1,8,A0,0B,FF,FF,FF,FF,FF,FF
129953,15792,0x18FEF100,1,8,3F,00,00,FF,FF,FF,FF,FF
129953,15793,0x10FF6500,1,8,FC,FF,FF,FF,FF,FF,FF,FF
129954,15794,0x18F00500,1,8,FF,FF,FF,FF,20,2D,FF,FF
129954,15795,0x18FEF200,1,8,1F,00,00,00,00,00,00,FF
129962,15796,0xCF00400,1,8,FF,FF,FF,94,5C,FF,FF,FF
129962,15797,0xCFF6600,1,8,92,0B,FF,FF,FF,FF,FF,FF
129982,15798,0xCF00400,1,8,FF,FF,FF,FA,5B,FF,FF,FF
129982,15799,0xCFF6600,1,8,7F,0B,FF,FF,FF,FF,FF,FF
130002,15800,0xCF00400,1,8,FF,FF,FF,2A,5B,FF,FF,FF
130002,15801,0xCFF6600,1,8,65,0B,FF,FF,FF,FF,FF,FF
130022,15802,0xCF00400,1,8,FF,FF,FF,2A,5A,FF,FF,FF
130023,15803,0xCFF6600,1,8,45,0B,FF,FF,FF,FF,FF,FF
130042,15804,0xCF00400,1,8,FF,FF,FF,84,59,FF,FF,FF
130043,15805,0xCFF6600,1,8,30,0B,FF,FF,FF,FF,FF,FF
130053,15806,0x18FEF100,1,8,3F,00,00,FF,FF,FF,FF,FF
130054,15807,0x18F00500,1,8,FF,FF,FF,FF,20,2D,FF,FF
130054,15808,0x18FEF200,1,8,1F,00,00,00,00,00,00,FF
130062,15809,0xCF00400,1,8,FF,FF,FF,2A,59,FF,FF,FF
130062,15810,0xCFF6600,1,8,25,0B,FF,FF,FF,FF,FF,FF
130082,15811,0xCF00400,1,8,FF,FF,FF,EA,58,FF,FF,FF
130082,15812,0xCFF6600,1,8,1D,0B,FF,FF,FF,FF,FF,FF
130102,15813,0xCF00400,1,8,FF,FF,FF,BE,58,FF,FF,FF
130102,15814,0xCFF6600,1,8,17,0B,FF,FF,FF,FF,FF,FF
130122,15815,0xCF00400,1,8,FF,FF,FF,90,58,FF,FF,FF
130122,15816,0xCFF6600,1,8,12,0B,FF,FF,FF,FF,FF,FF
130142,15817,0xCF00400,1,8,FF,FF,FF,5C,58,FF,FF,FF
130142,15818,0xCFF6600,1,8,0B,0B,FF,FF,FF,FF,FF,FF
130153,15819,0x18FEF100,1,8,3F,00,00,FF,FF,FF,FF,FF
130153,15820,0x10FF6500,1,8,FC,FF,FF,FF,FF,FF,FF,FF
130154,15821,0x18F00500,1,8,FF,FF,FF,FF,20,2D,FF,FF
130154,15822,0x18F00600,1,8,FF,FF,FF,FF,FF,FF,FF,FF
130155,15823,0x18FEF200,1,8,1F,00,00,00,00,00,00,FF
130155,15824,0x1CFDDF00,1,8,FE,FF,FF,FF,FF,FF,FF,FF
130156,15825,0x1CFF6A00,1,8,FC,FF,FF,FF,FF,FF,FF,FF
130162,15826,0xCF00400,1,8,FF,FF,FF,EE,57,FF,FF,FF
130162,15827,0xCFF6600,1,8,FD,0A,FF,FF,FF,FF,FF,FF
130182,15828,0xCF00400,1,8,FF,FF,FF,58,57,FF,FF,FF
130182,15829,0xCFF6600,1,8,EB,0A,FF,FF,FF,FF,FF,FF
130202,15830,0xCF00400,1,8,FF,FF,FF,2A,57,FF,FF,FF
130203,15831,0xCFF6600,1,8,E5,0A,FF,FF,FF,FF,FF,FF
130222,15832,0xCF00400,1,8,FF,FF,FF,2A,57,FF,FF,FF
130222,15833,0xCFF6600,1,8,E5,0A,FF,FF,FF,FF,FF,FF
130242,15834,0xCF00400,1,8,FF,FF,FF,42,57,FF,FF,FF
130242,15835,0xCFF6600,1,8,E8,0A,FF,FF,FF,FF,FF,FF
130253,15836,0x18FEF100,1,8,3F,00,00,FF,FF,FF,FF,FF
130253,15837,0x18F00500,1,8,FF,FF,FF,FF,20,2D,FF,FF
130254,15838,0x18FEF200,1,8,1F,00,00,00,00,00,00,FF
130262,15839,0xCF00400,1,8,FF,FF,FF,2E,57,FF,FF,FF
130262,15840,0xCFF6600,1,8,E5,0A,FF,FF,FF,FF,FF,FF
130282,15841,0xCF00400,1,8,FF,FF,FF,02,57,FF,FF,FF
130282,15842,0xCFF6600,1,8,E0,0A,FF,FF,FF,FF,FF,FF
130302,15843,0xCF00400,1,8,FF,FF,FF,DE,56,FF,FF,FF
130302,15844,0xCFF6600,1,8,DB,0A,FF,FF,FF,FF,FF,FF
130322,15845,0xCF00400,1,8,FF,FF,FF,BA,56,FF,FF,FF
130322,15846,0xCFF6600,1,8,D7,0A,FF,FF,FF,FF,FF,FF
130342,15847,0xCF00400,1,8,FF,FF,FF,D0,56,FF,FF,FF
130343,15848,0xCFF6600,1,8,DA,0A,FF,FF,FF,FF,FF,FF
130353,15849,0x18FEF100,1,8,3F,00,00,FF,FF,FF,FF,FF
130354,15850,0x10FF6500,1,8,FC,FF,FF,FF,FF,FF,FF,FF
130354,15851,0x18F00500,1,8,FF,FF,FF,FF,20,2D,FF,FF
130355,15852,0x18FEF200,1,8,1F,00,00,00,00,00,00,FF
130362,15853,0xCF00400,1,8,FF,FF,FF,0C,57,FF,FF,FF
130362,15854,0xCFF6600,1,8,E1,0A,FF,FF,FF,FF,FF,FF
130382,15855,0xCF00400,1,8,FF,FF,FF,0C,57,FF,FF,FF
130382,15856,0xCFF6600,1,8,E1,0A,FF,FF,FF,FF,FF,FF
130402,15857,0xCF00400,1,8,FF,FF,FF,DE,56,FF,FF,FF
130402,15858,0xCFF6600,1,8,DB,0A,FF,FF,FF,FF,FF,FF
130422,15859,0xCF00400,1,8,FF,FF,FF,04,57,FF,FF,FF
130422,15860,0xCFF6600,1,8,E0,0A,FF,FF,FF,FF,FF,FF
130442,15861,0xCF00400,1,8,FF,FF,FF,6A,57,FF,FF,FF
130442,15862,0xCFF6600,1,8,ED,0A,FF,FF,FF,FF,FF,FF
130453,15863,0x18FEF100,1,8,3F,00,00,FF,FF,FF,FF,FF
130453,15864,0x18F00500,1,8,FF,FF,FF,FF,20,2D,FF,FF
130454,15865,0x18FEF200,1,8,1F,00,00,00,00,00,00,FF
130462,15866,0xCF00400,1,8,FF,FF,FF,7E,57,FF,FF,FF
130462,15867,0xCFF6600,1,8,EF,0A,FF,FF,FF,FF,FF,FF
130482,15868,0xCF00400,1,8,FF,FF,FF,5C,57,FF,FF,FF
130483,15869,0xCFF6600,1,8,EB,0A,FF,FF,FF,FF,FF,FF
130502,15870,0xCF00400,1,8,FF,FF,FF,5C,57,FF,FF,FF
130502,15871,0xCFF6600,1,8,EB,0A,FF,FF,FF,FF,FF,FF
130522,15872,0xCF00400,1,8,FF,FF,FF,1A,57,FF,FF,FF
130522,15873,0xCFF6600,1,8,E3,0A,FF,FF,FF,FF,FF,FF
130542,15874,0xCF00400,1,8,FF,FF,FF,C2,56,FF,FF,FF
130542,15875,0xCFF6600,1,8,D8,0A,FF,FF,FF,FF,FF,FF
130553,15876,0x18FEF100,1,8,3F,00,00,FF,FF,FF,FF,FF
130553,15877,0x10FF6500,1,8,FC,FF,FF,FF,FF,FF,FF,FF
130554,15878,0x18F00500,1,8,FF,FF,FF,FF,20,2D,FF,FF
130554,15879,0x18FEF200,1,8,1F,00,00,00,00,00,00,FF
130562,15880,0xCF00400,1,8,FF,FF,FF,DA,56,FF,FF,FF
130562,15881,0xCFF6600,1,8,DB,0A,FF,FF,FF,FF,FF,FF
130582,15882,0xCF00400,1,8,FF,FF,FF,3C,57,FF,FF,FF
130582,15883,0xCFF6600,1,8,E7,0A,FF,FF,FF,FF,FF,FF
130602,15884,0xCF00400,1,8,FF,FF,FF,32,57,FF,FF,FF
130602,15885,0xCFF6600,1,8,E6,0A,FF,FF,FF,FF,FF,FF
130622,15886,0xCF00400,1,8,FF,FF,FF,DE,56,FF,FF,FF
130623,15887,0xCFF6600,1,8,DB,0A,FF,FF,FF,FF,FF,FF
130642,15888,0xCF00400,1,8,FF,FF,FF,BC,56,FF,FF,FF
130642,15889,0xCFF6600,1,8,D7,0A,FF,FF,FF,FF,FF,FF
130653,15890,0x18FEF100,1,8,3F,00,00,FF,FF,FF,FF,FF
130653,15891,0x18F00500,1,8,FF,FF,FF,FF,20,2D,FF,FF
130654,15892,0x18F00600,1,8,FF,FF,FF,FF,FF,FF,FF,FF
130655,15893,0x18FEF200,1,8,1F,00,00,00,00,00,00,FF
130655,15894,0x1CFDDF00,1,8,FE,FF,FF,FF,FF,FF,FF,FF
130656,15895,0x1CFF6A00,1,8,FC,FF,FF,FF,FF,FF,FF,FF
130662,15896,0xCF00400,1,8,FF,FF,FF,BA,56,FF,FF,FF
130662,15897,0xCFF6600,1,8,D7,0A,FF,FF,FF,FF,FF,FF
130682,15898,0xCF00400,1,8,FF,FF,FF,BE,56,FF,FF,FF
130682,15899,0xCFF6600,1,8,D7,0A,FF,FF,FF,FF,FF,FF
130702,15900,0xCF00400,1,8,FF,FF,FF,C6,56,FF,FF,FF
130702,15901,0xCFF6600,1,8,D8,0A,FF,FF,FF,FF,FF,FF
130722,15902,0xCF00400,1,8,FF,FF,FF,D8,56,FF,FF,FF
130722,15903,0xCFF6600,1,8,DB,0A,FF,FF,FF,FF,FF,FF
130742,15904,0xCF00400,1,8,FF,FF,FF,F4,56,FF,FF,FF
130742,15905,0xCFF6600,1,8,DE,0A,FF,FF,FF,FF,FF,FF
130753,15906,0x18FEF100,1,8,3F,00,00,FF,FF,FF,FF,FF
130753,15907,0x10FF6500,1,8,FC,FF,FF,FF,FF,FF,FF,FF
130754,15908,0x18F00500,1,8,FF,FF,FF,FF,20,2D,FF,FF
130755,15909,0x18FEF200,1,8,1F,00,00,00,00,00,00,FF
130762,15910,0xCF00400,1,8,FF,FF,FF,E2,56,FF,FF,FF
130763,15911,0xCFF6600,1,8,DC,0A,FF,FF,FF,FF,FF,FF
130782,15912,0xCF00400,1,8,FF,FF,FF,E2,56,FF,FF,FF
130782,15913,0xCFF6600,1,8,DC,0A,FF,FF,FF,FF,FF,FF
130802,15914,0xCF00400,1,8,FF,FF,FF,AE,56,FF,FF,FF
130802,15915,0xCFF6600,1,8,D5,0A,FF,FF,FF,FF,FF,FF
130812,15916,0x18FEEE00,1,8,54,FF,FF,FF,FF,FF,FF,FF
130812,15917,0x18FDE500,1,8,0A,14,1E,28,32,3C,46,13
130822,15918,0xCF00400,1,8,FF,FF,FF,0E,57,FF,FF,FF
130822,15919,0xCFF6600,1,8,E1,0A,FF,FF,FF,FF,FF,FF
130831,15920,0x1CECFF00,1,8,20,0E,00,02,FF,CA,FE,00
130842,15921,0xCF00400,1,8,FF,FF,FF,C8,57,FF,FF,FF
130842,15922,0xCFF6600,1,8,F9,0A,FF,FF,FF,FF,FF,FF
130853,15923,0x18FEF100,1,8,3F,00,00,FF,FF,FF,FF,FF
130853,15924,0x18F00500,1,8,FF,FF,FF,FF,20,2D,FF,FF
130854,15925,0x18FEF200,1,8,1D,00,00,00,00,00,00,FF
130862,15926,0xCF00400,1,8,FF,FF,FF,16,58,FF,FF,FF
130862,15927,0xCFF6600,1,8,02,0B,FF,FF,FF,FF,FF,FF
130882,15928,0xCF00400,1,8,FF,FF,FF,28,58,FF,FF,FF
130882,15929,0xCFF6600,1,8,05,0B,FF,FF,FF,FF,FF,FF
130883,15930,0x1CEBFF00,1,8,01,40,FF,0F,F0,E5,01,02
130902,15931,0xCF00400,1,8,FF,FF,FF,3C,58,FF,FF,FF
130902,15932,0xCFF6600,1,8,07,0B,FF,FF,FF,FF,FF,FF
130922,15933,0xCF00400,1,8,FF,FF,FF,4E,58,FF,FF,FF
130923,15934,0xCFF6600,1,8,09,0B,FF,FF,FF,FF,FF,FF
130931,15935,0x1CEBFF00,1,8,02,F0,E3,02,6E,00,03,01
130942,15936,0xCF00400,1,8,FF,FF,FF,8C,58,FF,FF,FF
130942,15937,0xCFF6600,1,8,11,0B,FF,FF,FF,FF,FF,FF
130953,15938,0x18FEF100,1,8,3F,00,00,FF,FF,FF,FF,FF
130953,15939,0x10FF6500,1,8,FC,FF,FF,FF,FF,FF,FF,FF
130954,15940,0x18F00500,1,8,FF,FF,FF,FF,20,2D,FF,FF
130954,15941,0x18FEF200,1,8,1D,00,00,00,00,00,00,FF
130962,15942,0xCF00400,1,8,FF,FF,FF,E6,58,FF,FF,FF
130962,15943,0xCFF6600,1,8,1C,0B,FF,FF,FF,FF,FF,FF
130982,15944,0xCF00400,1,8,FF,FF,FF,22,59,FF,FF,FF
130982,15945,0xCFF6600,1,8,24,0B,FF,FF,FF,FF,FF,FF
131002,15946,0xCF00400,1,8,FF,FF,FF,44,59,FF,FF,FF
131002,15947,0xCFF6600,1,8,28,0B,FF,FF,FF,FF,FF,FF
131022,15948,0xCF00400,1,8,FF,FF,FF,CC,58,FF,FF,FF
131022,15949,0xCFF6600,1,8,19,0B,FF,FF,FF,FF,FF,FF
131042,15950,0xCF00400,1,8,FF,FF,FF,E2,57,FF,FF,FF
131042,15951,0xCFF6600,1,8,FC,0A,FF,FF,FF,FF,FF,FF
131053,15952,0x18FEF100,1,8,3F,00,00,FF,FF,FF,FF,FF
131053,15953,0x18F00500,1,8,FF,FF,FF,FF,20,2D,FF,FF
131054,15954,0x18FEF200,1,8,1D,00,00,00,00,00,00,FF
131062,15955,0xCF00400,1,8,FF,FF,FF,AC,57,FF,FF,FF
131062,15956,0xCFF6600,1,8,F5,0A,FF,FF,FF,FF,FF,FF
131082,15957,0xCF00400,1,8,FF,FF,FF,F6,57,FF,FF,FF
131083,15958,0xCFF6600,1,8,FE,0A,FF,FF,FF,FF,FF,FF
131102,15959,0xCF00400,1,8,FF,FF,FF,2E,58,FF,FF,FF
131103,15960,0xCFF6600,1,8,05,0B,FF,FF,FF,FF,FF,FF
131122,15961,0xCF00400,1,8,FF,FF,FF,2E,58,FF,FF,FF
131122,15962,0xCFF6600,1,8,05,0B,FF,FF,FF,FF,FF,FF
131142,15963,0xCF00400,1,8,FF,FF,FF,5E,58,FF,FF,FF
131142,15964,0xCFF6600,1,8,0B,0B,FF,FF,FF,FF,FF,FF
131153,15965,0x18FEF100,1,8,3F,00,00,FF,FF,FF,FF,FF
131153,15966,0x10FF6500,1,8,FC,FF,FF,FF,FF,FF,FF,FF
131154,15967,0x18F00500,1,8,FF,FF,FF,FF,20,2D,FF,FF
131154,15968,0x18F00600,1,8,FF,FF,FF,FF,FF,FF,FF,FF
131155,15969,0x18FEF200,1,8,1D,00,00,00,00,00,00,FF
131155,15970,0x1CFDDF00,1,8,FE,FF,FF,FF,FF,FF,FF,FF
131156,15971,0x1CFF6A00,1,8,FC,FF,FF,FF,FF,FF,FF,FF
131162,15972,0xCF00400,1,8,FF,FF,FF,62,58,FF,FF,FF
131162,15973,0xCFF6600,1,8,0C,0B,FF,FF,FF,FF,FF,FF
131182,15974,0xCF00400,1,8,FF,FF,FF,4E,58,FF,FF,FF
131182,15975,0xCFF6600,1,8,09,0B,FF,FF,FF,FF,FF,FF
131202,15976,0xCF00400,1,8,FF,FF,FF,20,58,FF,FF,FF
131202,15977,0xCFF6600,1,8,04,0B,FF,FF,FF,FF,FF,FF
131222,15978,0xCF00400,1,8,FF,FF,FF,E2,57,FF,FF,FF
131222,15979,0xCFF6600,1,8,FC,0A,FF,FF,FF,FF,FF,FF
131242,15980,0xCF00400,1,8,FF,FF,FF,F2,57,FF,FF,FF
131242,15981,0xCFF6600,1,8,FE,0A,FF,FF,FF,FF,FF,FF
131253,15982,0x18FEF100,1,8,3F,00,00,FF,FF,FF,FF,FF
131254,15983,0x18F00500,1,8,FF,FF,FF,FF,20,2D,FF,FF
131254,15984,0x18FEF200,1,8,1D,00,00,00,00,00,00,FF
131262,15985,0xCF00400,1,8,FF,FF,FF,36,58,FF,FF,FF
131263,15986,0xCFF6600,1,8,06,0B,FF,FF,FF,FF,FF,FF
131282,15987,0xCF00400,1,8,FF,FF,FF,FA,57,FF,FF,FF
131282,15988,0xCFF6600,1,8,FF,0A,FF,FF,FF,FF,FF,FF
131302,15989,0xCF00400,1,8,FF,FF,FF,58,57,FF,FF,FF
131302,15990,0xCFF6600,1,8,EB,0A,FF,FF,FF,FF,FF,FF
131322,15991,0xCF00400,1,8,FF,FF,FF,5E,57,FF,FF,FF
131322,15992,0xCFF6600,1,8,EB,0A,FF,FF,FF,FF,FF,FF
131342,15993,0xCF00400,1,8,FF,FF,FF,DA,57,FF,FF,FF
131342,15994,0xCFF6600,1,8,FB,0A,FF,FF,FF,FF,FF,FF
131353,15995,0x18FEF100,1,8,3F,00,00,FF,FF,FF,FF,FF
131353,15996,0x10FF6500,1,8,FC,FF,FF,FF,FF,FF,FF,FF
131354,15997,0x18F00500,1,8,FF,FF,FF,FF,20,2D,FF,FF
131354,15998,0x18FEF200,1,8,1D,00,00,00,00,00,00,FF
131362,15999,0xCF00400,1,8,FF,FF,FF,20,58,FF,FF,FF
131362,16000,0xCFF6600,1,8,04,0B,FF,FF,FF,FF,FF,FF
131382,16001,0xCF00400,1,8,FF,FF,FF,42,58,FF,FF,FF
131382,16002,0xCFF6600,1,8,08,0B,FF,FF,FF,FF,FF,FF
131402,16003,0xCF00400,1,8,FF,FF,FF,6A,58,FF,FF,FF
131402,16004,0xCFF6600,1,8,0D,0B,FF,FF,FF,FF,FF,FF
131422,16005,0xCF00400,1,8,FF,FF,FF,9A,58,FF,FF,FF
131423,16006,0xCFF6600,1,8,13,0B,FF,FF,FF,FF,FF,FF
131442,16007,0xCF00400,1,8,FF,FF,FF,9A,58,FF,FF,FF
131442,16008,0xCFF6600,1,8,13,0B,FF,FF,FF,FF,FF,FF
131453,16009,0x18FEF100,1,8,3F,00,00,FF,FF,FF,FF,FF
131454,16010,0x18F00500,1,8,FF,FF,FF,FF,20,2D,FF,FF
131454,16011,0x18FEF200,1,8,1D,00,00,00,00,00,00,FF
131462,16012,0xCF00400,1,8,FF,FF,FF,A2,58,FF,FF,FF
131462,16013,0xCFF6600,1,8,14,0B,FF,FF,FF,FF,FF,FF
