# timestamp_ms,seq,id,ext,len,d0,d1,d2,d3,d4,d5,d6,d7
33272,1,0xCFF6600,1,8,00,00,FF,FF,FF,FF,FF,FF
33282,2,0x18FEF100,1,8,3F,00,00,FF,FF,FF,FF,FF
33283,3,0x18F00500,1,8,FF,FF,FF,FF,20,2D,FF,FF
33283,4,0x18FEF200,1,8,00,00,00,FB,00,00,00,FF
33291,5,0xCF00400,1,8,FF,FF,FF,00,00,FF,FF,FF
33292,6,0xCFF6600,1,8,00,00,FF,FF,FF,FF,FF,FF
33311,7,0xCF00400,1,8,FF,FF,FF,00,00,FF,FF,FF
33312,8,0xCFF6600,1,8,00,00,FF,FF,FF,FF,FF,FF
33331,9,0xCF00400,1,8,FF,FF,FF,00,00,FF,FF,FF
33332,10,0xCFF6600,1,8,00,00,FF,FF,FF,FF,FF,FF
33351,11,0xCF00400,1,8,FF,FF,FF,00,00,FF,FF,FF
33352,12,0xCFF6600,1,8,00,00,FF,FF,FF,FF,FF,FF
33371,13,0xCF00400,1,8,FF,FF,FF,00,00,FF,FF,FF
33372,14,0xCFF6600,1,8,00,00,FF,FF,FF,FF,FF,FF
33382,15,0x18FEF100,1,8,3F,00,00,FF,FF,FF,FF,FF
33383,16,0x10FF6500,1,8,FC,FF,FF,FF,FF,FF,FF,FF
33383,17,0x18F00500,1,8,FF,FF,FF,FF,20,2D,FF,FF
33384,18,0x18FEF200,1,8,00,00,00,FB,00,00,00,FF
33391,19,0xCF00400,1,8,FF,FF,FF,00,00,FF,FF,FF
33392,20,0xCFF6600,1,8,00,00,FF,FF,FF,FF,FF,FF
33411,21,0xCF00400,1,8,FF,FF,FF,00,00,FF,FF,FF
33412,22,0xCFF6600,1,8,00,00,FF,FF,FF,FF,FF,FF
33431,23,0xCF00400,1,8,FF,FF,FF,00,00,FF,FF,FF
33432,24,0xCFF6600,1,8,00,00,FF,FF,FF,FF,FF,FF
33451,25,0xCF00400,1,8,FF,FF,FF,00,00,FF,FF,FF
33452,26,0xCFF6600,1,8,00,00,FF,FF,FF,FF,FF,FF
33471,27,0xCF00400,1,8,FF,FF,FF,00,00,FF,FF,FF
33472,28,0xCFF6600,1,8,00,00,FF,FF,FF,FF,FF,FF
33482,29,0x18FEF100,1,8,3F,00,00,FF,FF,FF,FF,FF
33483,30,0x18F00500,1,8,FF,FF,FF,FF,20,2D,FF,FF
33483,31,0x18FEF200,1,8,00,00,00,FB,00,00,00,FF
33491,32,0xCF00400,1,8,FF,FF,FF,00,00,FF,FF,FF
33492,33,0xCFF6600,1,8,00,00,FF,FF,FF,FF,FF,FF
33511,34,0xCF00400,1,8,FF,FF,FF,00,00,FF,FF,FF
33512,35,0xCFF6600,1,8,00,00,FF,FF,FF,FF,FF,FF
33531,36,0xCF00400,1,8,FF,FF,FF,00,00,FF,FF,FF
33532,37,0xCFF6600,1,8,00,00,FF,FF,FF,FF,FF,FF
33551,38,0xCF00400,1,8,FF,FF,FF,00,00,FF,FF,FF
33552,39,0xCFF6600,1,8,00,00,FF,FF,FF,FF,FF,FF
33571,40,0xCF00400,1,8,FF,FF,FF,00,00,FF,FF,FF
33572,41,0xCFF6600,1,8,00,00,FF,FF,FF,FF,FF,FF
33582,42,0x18FEF100,1,8,3F,00,00,FF,FF,FF,FF,FF
33583,43,0x10FF6500,1,8,FC,FF,FF,FF,FF,FF,FF,FF
33583,44,0x18F00500,1,8,FF,FF,FF,FF,20,2D,FF,FF
33584,45,0x18FEF200,1,8,00,00,00,FB,00,00,00,FF
33591,46,0xCF00400,1,8,FF,FF,FF,00,00,FF,FF,FF
33592,47,0xCFF6600,1,8,00,00,FF,FF,FF,FF,FF,FF
33611,48,0xCF00400,1,8,FF,FF,FF,00,00,FF,FF,FF
33612,49,0xCFF6600,1,8,00,00,FF,FF,FF,FF,FF,FF
33631,50,0xCF00400,1,8,FF,FF,FF,00,00,FF,FF,FF
33632,51,0xCFF6600,1,8,00,00,FF,FF,FF,FF,FF,FF
33651,52,0xCF00400,1,8,FF,FF,FF,00,00,FF,FF,FF
33652,53,0xCFF6600,1,8,00,00,FF,FF,FF,FF,FF,FF
33671,54,0xCF00400,1,8,FF,FF,FF,00,00,FF,FF,FF
33672,55,0xCFF6600,1,8,00,00,FF,FF,FF,FF,FF,FF
33682,56,0x18FEF100,1,8,3F,00,00,FF,FF,FF,FF,FF
33683,57,0x18F00500,1,8,FF,FF,FF,FF,20,2D,FF,FF
33683,58,0x18F00600,1,8,FF,FF,FF,FF,FF,FF,FF,FF
33684,59,0x18FEF200,1,8,00,00,00,FB,00,00,00,FF
33684,60,0x1CFDDF00,1,8,FE,FF,FF,FF,FF,FF,FF,FF
33685,61,0x1CFF6A00,1,8,FC,FF,FF,FF,FF,FF,FF,FF
33691,62,0xCF00400,1,8,FF,FF,FF,00,00,FF,FF,FF
33692,63,0xCFF6600,1,8,00,00,FF,FF,FF,FF,FF,FF
33711,64,0xCF00400,1,8,FF,FF,FF,00,00,FF,FF,FF
33712,65,0xCFF6600,1,8,00,00,FF,FF,FF,FF,FF,FF
33731,66,0xCF00400,1,8,FF,FF,FF,00,00,FF,FF,FF
33732,67,0xCFF6600,1,8,00,00,FF,FF,FF,FF,FF,FF
33751,68,0xCF00400,1,8,FF,FF,FF,00,00,FF,FF,FF
33752,69,0xCFF6600,1,8,00,00,FF,FF,FF,FF,FF,FF
33771,70,0xCF00400,1,8,FF,FF,FF,00,00,FF,FF,FF
33772,71,0xCFF6600,1,8,00,00,FF,FF,FF,FF,FF,FF
33782,72,0x18FEF100,1,8,3F,00,00,FF,FF,FF,FF,FF
33783,73,0x10FF6500,1,8,FC,FF,FF,FF,FF,FF,FF,FF
33783,74,0x18F00500,1,8,FF,FF,FF,FF,20,2D,FF,FF
33784,75,0x18FEF200,1,8,00,00,00,FB,00,00,00,FF
33791,76,0xCF00400,1,8,FF,FF,FF,00,00,FF,FF,FF
33792,77,0xCFF6600,1,8,00,00,FF,FF,FF,FF,FF,FF
33811,78,0xCF00400,1,8,FF,FF,FF,00,00,FF,FF,FF
33812,79,0xCFF6600,1,8,00,00,FF,FF,FF,FF,FF,FF
33831,80,0xCF00400,1,8,FF,FF,FF,00,00,FF,FF,FF
33832,81,0xCFF6600,1,8,00,00,FF,FF,FF,FF,FF,FF
33841,82,0x18FEEE00,1,8,60,FF,FF,FF,FF,FF,FF,FF
33842,83,0x18FDE500,1,8,0A,14,1E,28,32,3C,46,13
33851,84,0xCF00400,1,8,FF,FF,FF,00,00,FF,FF,FF
33852,85,0xCFF6600,1,8,00,00,FF,FF,FF,FF,FF,FF
33861,86,0x1CECFF00,1,8,20,0A,00,02,FF,CA,FE,00
33871,87,0xCF00400,1,8,FF,FF,FF,00,00,FF,FF,FF
33872,88,0xCFF6600,1,8,00,00,FF,FF,FF,FF,FF,FF
33882,89,0x18FEF100,1,8,3F,00,00,FF,FF,FF,FF,FF
33883,90,0x18F00500,1,8,FF,FF,FF,FF,20,2D,FF,FF
33883,91,0x18FEF200,1,8,00,00,00,FB,00,00,00,FF
33891,92,0xCF00400,1,8,FF,FF,FF,00,00,FF,FF,FF
33892,93,0xCFF6600,1,8,00,00,FF,FF,FF,FF,FF,FF
33911,94,0xCF00400,1,8,FF,FF,FF,00,00,FF,FF,FF
33912,95,0xCFF6600,1,8,00,00,FF,FF,FF,FF,FF,FF
33912,96,0x1CEBFF00,1,8,01,40,FF,0F,F0,E5,01,02
33931,97,0xCF00400,1,8,FF,FF,FF,00,00,FF,FF,FF
33932,98,0xCFF6600,1,8,00,00,FF,FF,FF,FF,FF,FF
33951,99,0xCF00400,1,8,FF,FF,FF,00,00,FF,FF,FF
33952,100,0xCFF6600,1,8,00,00,FF,FF,FF,FF,FF,FF
33961,101,0x1CEBFF00,1,8,02,F0,E3,01,FF,FF,FF,FF
33971,102,0xCF00400,1,8,FF,FF,FF,00,00,FF,FF,FF
33972,103,0xCFF6600,1,8,00,00,FF,FF,FF,FF,FF,FF
33982,104,0x18FEF100,1,8,3F,00,00,FF,FF,FF,FF,FF
33983,105,0x10FF6500,1,8,FC,FF,FF,FF,FF,FF,FF,FF
33983,106,0x18F00500,1,8,FF,FF,FF,FF,20,2D,FF,FF
33984,107,0x18FEF200,1,8,00,00,00,FB,00,00,00,FF
33991,108,0xCF00400,1,8,FF,FF,FF,00,00,FF,FF,FF
33992,109,0xCFF6600,1,8,00,00,FF,FF,FF,FF,FF,FF
34011,110,0xCF00400,1,8,FF,FF,FF,00,00,FF,FF,FF
34012,111,0xCFF6600,1,8,00,00,FF,FF,FF,FF,FF,FF
34031,112,0xCF00400,1,8,FF,FF,FF,00,00,FF,FF,FF
34032,113,0xCFF6600,1,8,00,00,FF,FF,FF,FF,FF,FF
34051,114,0xCF00400,1,8,FF,FF,FF,00,00,FF,FF,FF
34052,115,0xCFF6600,1,8,00,00,FF,FF,FF,FF,FF,FF
34071,116,0xCF00400,1,8,FF,FF,FF,00,00,FF,FF,FF
34072,117,0xCFF6600,1,8,00,00,FF,FF,FF,FF,FF,FF
34082,118,0x18FEF100,1,8,3F,00,00,FF,FF,FF,FF,FF
34083,119,0x18F00500,1,8,FF,FF,FF,FF,20,2D,FF,FF
34083,120,0x18FEF200,1,8,00,00,00,FB,00,00,00,FF
34091,121,0xCF00400,1,8,FF,FF,FF,00,00,FF,FF,FF
34092,122,0xCFF6600,1,8,00,00,FF,FF,FF,FF,FF,FF
34111,123,0xCF00400,1,8,FF,FF,FF,00,00,FF,FF,FF
34112,124,0xCFF6600,1,8,00,00,FF,FF,FF,FF,FF,FF
34131,125,0xCF00400,1,8,FF,FF,FF,00,00,FF,FF,FF
34132,126,0xCFF6600,1,8,00,00,FF,FF,FF,FF,FF,FF
34151,127,0xCF00400,1,8,FF,FF,FF,00,00,FF,FF,FF
34152,128,0xCFF6600,1,8,00,00,FF,FF,FF,FF,FF,FF
34171,129,0xCF00400,1,8,FF,FF,FF,00,00,FF,FF,FF
34172,130,0xCFF6600,1,8,00,00,FF,FF,FF,FF,FF,FF
34182,131,0x18FEF100,1,8,3F,00,00,FF,FF,FF,FF,FF
34183,132,0x10FF6500,1,8,FC,FF,FF,FF,FF,FF,FF,FF
34183,133,0x18F00500,1,8,FF,FF,FF,FF,20,2D,FF,FF
34184,134,0x18F00600,1,8,FF,FF,FF,FF,FF,FF,FF,FF
34184,135,0x18FEF200,1,8,00,00,00,FB,00,00,00,FF
34185,136,0x1CFDDF00,1,8,FE,FF,FF,FF,FF,FF,FF,FF
34186,137,0x1CFF6A00,1,8,FC,FF,FF,FF,FF,FF,FF,FF
34191,138,0xCF00400,1,8,FF,FF,FF,00,00,FF,FF,FF
34192,139,0xCFF6600,1,8,00,00,FF,FF,FF,FF,FF,FF
34211,140,0xCF00400,1,8,FF,FF,FF,00,00,FF,FF,FF
34212,141,0xCFF6600,1,8,00,00,FF,FF,FF,FF,FF,FF
34231,142,0xCF00400,1,8,FF,FF,FF,00,00,FF,FF,FF
34232,143,0xCFF6600,1,8,00,00,FF,FF,FF,FF,FF,FF
34251,144,0xCF00400,1,8,FF,FF,FF,00,00,FF,FF,FF
34252,145,0xCFF6600,1,8,00,00,FF,FF,FF,FF,FF,FF
34271,146,0xCF00400,1,8,FF,FF,FF,00,00,FF,FF,FF
34272,147,0xCFF6600,1,8,00,00,FF,FF,FF,FF,FF,FF
34282,148,0x18FEF100,1,8,3F,00,00,FF,FF,FF,FF,FF
34283,149,0x18F00500,1,8,FF,FF,FF,FF,20,2D,FF,FF
34283,150,0x18FEF200,1,8,00,00,00,FB,00,00,00,FF
34291,151,0xCF00400,1,8,FF,FF,FF,00,00,FF,FF,FF
34292,152,0xCFF6600,1,8,00,00,FF,FF,FF,FF,FF,FF
34311,153,0xCF00400,1,8,FF,FF,FF,00,00,FF,FF,FF
34312,154,0xCFF6600,1,8,00,00,FF,FF,FF,FF,FF,FF
34331,155,0xCF00400,1,8,FF,FF,FF,00,00,FF,FF,FF
34332,156,0xCFF6600,1,8,00,00,FF,FF,FF,FF,FF,FF
34351,157,0xCF00400,1,8,FF,FF,FF,00,00,FF,FF,FF
34352,158,0xCFF6600,1,8,00,00,FF,FF,FF,FF,FF,FF
34371,159,0xCF00400,1,8,FF,FF,FF,00,00,FF,FF,FF
34372,160,0xCFF6600,1,8,00,00,FF,FF,FF,FF,FF,FF
34382,161,0x18FEF100,1,8,3F,00,00,FF,FF,FF,FF,FF
34383,162,0x10FF6500,1,8,FC,FF,FF,FF,FF,FF,FF,FF
34383,163,0x18F00500,1,8,FF,FF,FF,FF,20,2D,FF,FF
34384,164,0x18FEF200,1,8,00,00,00,FB,00,00,00,FF
34391,165,0xCF00400,1,8,FF,FF,FF,00,00,FF,FF,FF
34392,166,0xCFF6600,1,8,00,00,FF,FF,FF,FF,FF,FF
34411,167,0xCF00400,1,8,FF,FF,FF,00,00,FF,FF,FF
34412,168,0xCFF6600,1,8,00,00,FF,FF,FF,FF,FF,FF
34431,169,0xCF00400,1,8,FF,FF,FF,00,00,FF,FF,FF
34432,170,0xCFF6600,1,8,00,00,FF,FF,FF,FF,FF,FF
34451,171,0xCF00400,1,8,FF,FF,FF,00,00,FF,FF,FF
34452,172,0xCFF6600,1,8,00,00,FF,FF,FF,FF,FF,FF
34471,173,0xCF00400,1,8,FF,FF,FF,00,00,FF,FF,FF
34472,174,0xCFF6600,1,8,00,00,FF,FF,FF,FF,FF,FF
34482,175,0x18FEF100,1,8,3F,00,00,FF,FF,FF,FF,FF
34483,176,0x18F00500,1,8,FF,FF,FF,FF,20,2D,FF,FF
34483,177,0x18FEF200,1,8,00,00,00,FB,00,00,00,FF
34491,178,0xCF00400,1,8,FF,FF,FF,00,00,FF,FF,FF
34492,179,0xCFF6600,1,8,00,00,FF,FF,FF,FF,FF,FF
34511,180,0xCF00400,1,8,FF,FF,FF,00,00,FF,FF,FF
34512,181,0xCFF6600,1,8,00,00,FF,FF,FF,FF,FF,FF
34531,182,0xCF00400,1,8,FF,FF,FF,00,00,FF,FF,FF
34532,183,0xCFF6600,1,8,00,00,FF,FF,FF,FF,FF,FF
34551,184,0xCF00400,1,8,FF,FF,FF,00,00,FF,FF,FF
34552,185,0xCFF6600,1,8,00,00,FF,FF,FF,FF,FF,FF
34571,186,0xCF00400,1,8,FF,FF,FF,00,00,FF,FF,FF
34572,187,0xCFF6600,1,8,00,00,FF,FF,FF,FF,FF,FF
34582,188,0x18FEF100,1,8,3F,00,00,FF,FF,FF,FF,FF
34583,189,0x10FF6500,1,8,FC,FF,FF,FF,FF,FF,FF,FF
34583,190,0x18F00500,1,8,FF,FF,FF,FF,20,2D,FF,FF
34584,191,0x18FEF200,1,8,00,00,00,FB,00,00,00,FF
34591,192,0xCF00400,1,8,FF,FF,FF,00,00,FF,FF,FF
34592,193,0xCFF6600,1,8,00,00,FF,FF,FF,FF,FF,FF
34611,194,0xCF00400,1,8,FF,FF,FF,00,00,FF,FF,FF
34612,195,0xCFF6600,1,8,00,00,FF,FF,FF,FF,FF,FF
34631,196,0xCF00400,1,8,FF,FF,FF,00,00,FF,FF,FF
34632,197,0xCFF6600,1,8,00,00,FF,FF,FF,FF,FF,FF
34651,198,0xCF00400,1,8,FF,FF,FF,00,00,FF,FF,FF
34652,199,0xCFF6600,1,8,00,00,FF,FF,FF,FF,FF,FF
34671,200,0xCF00400,1,8,FF,FF,FF,00,00,FF,FF,FF
34672,201,0xCFF6600,1,8,00,00,FF,FF,FF,FF,FF,FF
34682,202,0x18FEF100,1,8,3F,00,00,FF,FF,FF,FF,FF
34683,203,0x18F00500,1,8,FF,FF,FF,FF,20,2D,FF,FF
34683,204,0x18F00600,1,8,FF,FF,FF,FF,FF,FF,FF,FF
34684,205,0x18FEF200,1,8,00,00,00,FB,00,00,00,FF
34684,206,0x1CFDDF00,1,8,FE,FF,FF,FF,FF,FF,FF,FF
34685,207,0x1CFF6A00,1,8,FC,FF,FF,FF,FF,FF,FF,FF
34691,208,0xCF00400,1,8,FF,FF,FF,00,00,FF,FF,FF
34692,209,0xCFF6600,1,8,00,00,FF,FF,FF,FF,FF,FF
34711,210,0xCF00400,1,8,FF,FF,FF,00,00,FF,FF,FF
34712,211,0xCFF6600,1,8,00,00,FF,FF,FF,FF,FF,FF
34731,212,0xCF00400,1,8,FF,FF,FF,00,00,FF,FF,FF
34732,213,0xCFF6600,1,8,00,00,FF,FF,FF,FF,FF,FF
34751,214,0xCF00400,1,8,FF,FF,FF,00,00,FF,FF,FF
34752,215,0xCFF6600,1,8,00,00,FF,FF,FF,FF,FF,FF
34771,216,0xCF00400,1,8,FF,FF,FF,00,00,FF,FF,FF
34772,217,0xCFF6600,1,8,00,00,FF,FF,FF,FF,FF,FF
34782,218,0x18FEF100,1,8,3F,00,00,FF,FF,FF,FF,FF
34783,219,0x10FF6500,1,8,FC,FF,FF,FF,FF,FF,FF,FF
34783,220,0x18F00500,1,8,FF,FF,FF,FF,20,2D,FF,FF
34784,221,0x18FEF200,1,8,00,00,00,FB,00,00,00,FF
34791,222,0xCF00400,1,8,FF,FF,FF,00,00,FF,FF,FF
34792,223,0xCFF6600,1,8,00,00,FF,FF,FF,FF,FF,FF
34811,224,0xCF00400,1,8,FF,FF,FF,00,00,FF,FF,FF
34812,225,0xCFF6600,1,8,00,00,FF,FF,FF,FF,FF,FF
34831,226,0xCF00400,1,8,FF,FF,FF,00,00,FF,FF,FF
34832,227,0xCFF6600,1,8,00,00,FF,FF,FF,FF,FF,FF
34841,228,0x18FEEE00,1,8,60,FF,FF,FF,FF,FF,FF,FF
34842,229,0x18FDE500,1,8,0A,14,1E,28,32,3C,46,13
34851,230,0xCF00400,1,8,FF,FF,FF,00,00,FF,FF,FF
34852,231,0xCFF6600,1,8,00,00,FF,FF,FF,FF,FF,FF
34861,232,0x1CECFF00,1,8,20,0A,00,02,FF,CA,FE,00
34871,233,0xCF00400,1,8,FF,FF,FF,00,00,FF,FF,FF
34872,234,0xCFF6600,1,8,00,00,FF,FF,FF,FF,FF,FF
34882,235,0x18FEF100,1,8,3F,00,00,FF,FF,FF,FF,FF
34883,236,0x18F00500,1,8,FF,FF,FF,FF,20,2D,FF,FF
34883,237,0x18FEF200,1,8,00,00,00,FB,00,00,00,FF
34891,238,0xCF00400,1,8,FF,FF,FF,00,00,FF,FF,FF
34892,239,0xCFF6600,1,8,00,00,FF,FF,FF,FF,FF,FF
34911,240,0xCF00400,1,8,FF,FF,FF,00,00,FF,FF,FF
34912,241,0xCFF6600,1,8,00,00,FF,FF,FF,FF,FF,FF
34912,242,0x1CEBFF00,1,8,01,40,FF,0F,F0,E5,01,02
34931,243,0xCF00400,1,8,FF,FF,FF,00,00,FF,FF,FF
34932,244,0xCFF6600,1,8,00,00,FF,FF,FF,FF,FF,FF
34951,245,0xCF00400,1,8,FF,FF,FF,00,00,FF,FF,FF
34952,246,0xCFF6600,1,8,00,00,FF,FF,FF,FF,FF,FF
34961,247,0x1CEBFF00,1,8,02,F0,E3,01,FF,FF,FF,FF
34971,248,0xCF00400,1,8,FF,FF,FF,00,00,FF,FF,FF
34972,249,0xCFF6600,1,8,00,00,FF,FF,FF,FF,FF,FF
34982,250,0x18FEF100,1,8,3F,00,00,FF,FF,FF,FF,FF
34983,251,0x10FF6500,1,8,FC,FF,FF,FF,FF,FF,FF,FF
34983,252,0x18F00500,1,8,FF,FF,FF,FF,20,2D,FF,FF
34984,253,0x18FEF200,1,8,00,00,00,FB,00,00,00,FF
34991,254,0xCF00400,1,8,FF,FF,FF,00,00,FF,FF,FF
34992,255,0xCFF6600,1,8,00,00,FF,FF,FF,FF,FF,FF
35011,256,0xCF00400,1,8,FF,FF,FF,00,00,FF,FF,FF
35012,257,0xCFF6600,1,8,00,00,FF,FF,FF,FF,FF,FF
35031,258,0xCF00400,1,8,FF,FF,FF,00,00,FF,FF,FF
35032,259,0xCFF6600,1,8,00,00,FF,FF,FF,FF,FF,FF
35051,260,0xCF00400,1,8,FF,FF,FF,00,00,FF,FF,FF
35052,261,0xCFF6600,1,8,00,00,FF,FF,FF,FF,FF,FF
35071,262,0xCF00400,1,8,FF,FF,FF,00,00,FF,FF,FF
35072,263,0xCFF6600,1,8,00,00,FF,FF,FF,FF,FF,FF
35082,264,0x18FEF100,1,8,3F,00,00,FF,FF,FF,FF,FF
35083,265,0x18F00500,1,8,FF,FF,FF,FF,20,2D,FF,FF
35083,266,0x18FEF200,1,8,00,00,00,FB,00,00,00,FF
35091,267,0xCF00400,1,8,FF,FF,FF,00,00,FF,FF,FF
35092,268,0xCFF6600,1,8,00,00,FF,FF,FF,FF,FF,FF
35111,269,0xCF00400,1,8,FF,FF,FF,00,00,FF,FF,FF
35112,270,0xCFF6600,1,8,00,00,FF,FF,FF,FF,FF,FF
35131,271,0xCF00400,1,8,FF,FF,FF,00,00,FF,FF,FF
35132,272,0xCFF6600,1,8,00,00,FF,FF,FF,FF,FF,FF
35151,273,0xCF00400,1,8,FF,FF,FF,00,00,FF,FF,FF
35152,274,0xCFF6600,1,8,00,00,FF,FF,FF,FF,FF,FF
35171,275,0xCF00400,1,8,FF,FF,FF,00,00,FF,FF,FF
35172,276,0xCFF6600,1,8,00,00,FF,FF,FF,FF,FF,FF
35182,277,0x18FEF100,1,8,3F,00,00,FF,FF,FF,FF,FF
35183,278,0x10FF6500,1,8,FC,FF,FF,FF,FF,FF,FF,FF
35183,279,0x18F00500,1,8,FF,FF,FF,FF,20,2D,FF,FF
35184,280,0x18F00600,1,8,FF,FF,FF,FF,FF,FF,FF,FF
35184,281,0x18FEF200,1,8,00,00,00,FB,00,00,00,FF
35185,282,0x1CFDDF00,1,8,FE,FF,FF,FF,FF,FF,FF,FF
35186,283,0x1CFF6A00,1,8,FC,FF,FF,FF,FF,FF,FF,FF
35191,284,0xCF00400,1,8,FF,FF,FF,00,00,FF,FF,FF
35192,285,0xCFF6600,1,8,00,00,FF,FF,FF,FF,FF,FF
35211,286,0xCF00400,1,8,FF,FF,FF,00,00,FF,FF,FF
35212,287,0xCFF6600,1,8,00,00,FF,FF,FF,FF,FF,FF
35231,288,0xCF00400,1,8,FF,FF,FF,00,00,FF,FF,FF
35232,289,0xCFF6600,1,8,00,00,FF,FF,FF,FF,FF,FF
35251,290,0xCF00400,1,8,FF,FF,FF,00,00,FF,FF,FF
35252,291,0xCFF6600,1,8,00,00,FF,FF,FF,FF,FF,FF
35271,292,0xCF00400,1,8,FF,FF,FF,00,00,FF,FF,FF
35272,293,0xCFF6600,1,8,00,00,FF,FF,FF,FF,FF,FF
35282,294,0x18FEF100,1,8,3F,00,00,FF,FF,FF,FF,FF
35283,295,0x18F00500,1,8,FF,FF,FF,FF,20,2D,FF,FF
35283,296,0x18FEF200,1,8,00,00,00,FB,00,00,00,FF
35291,297,0xCF00400,1,8,FF,FF,FF,00,00,FF,FF,FF
35292,298,0xCFF6600,1,8,00,00,FF,FF,FF,FF,FF,FF
35311,299,0xCF00400,1,8,FF,FF,FF,00,00,FF,FF,FF
35312,300,0xCFF6600,1,8,00,00,FF,FF,FF,FF,FF,FF
35331,301,0xCF00400,1,8,FF,FF,FF,00,00,FF,FF,FF
35332,302,0xCFF6600,1,8,00,00,FF,FF,FF,FF,FF,FF
35351,303,0xCF00400,1,8,FF,FF,FF,00,00,FF,FF,FF
35352,304,0xCFF6600,1,8,00,00,FF,FF,FF,FF,FF,FF
35371,305,0xCF00400,1,8,FF,FF,FF,00,00,FF,FF,FF
35372,306,0xCFF6600,1,8,00,00,FF,FF,FF,FF,FF,FF
35382,307,0x18FEF100,1,8,3F,00,00,FF,FF,FF,FF,FF
35383,308,0x10FF6500,1,8,FC,FF,FF,FF,FF,FF,FF,FF
35383,309,0x18F00500,1,8,FF,FF,FF,FF,20,2D,FF,FF
35384,310,0x18FEF200,1,8,00,00,00,FB,00,00,00,FF
35391,311,0xCF00400,1,8,FF,FF,FF,00,00,FF,FF,FF
35392,312,0xCFF6600,1,8,00,00,FF,FF,FF,FF,FF,FF
35411,313,0xCF00400,1,8,FF,FF,FF,00,00,FF,FF,FF
35412,314,0xCFF6600,1,8,00,00,FF,FF,FF,FF,FF,FF
35431,315,0xCF00400,1,8,FF,FF,FF,00,00,FF,FF,FF
35432,316,0xCFF6600,1,8,00,00,FF,FF,FF,FF,FF,FF
35451,317,0xCF00400,1,8,FF,FF,FF,00,00,FF,FF,FF
35452,318,0xCFF6600,1,8,00,00,FF,FF,FF,FF,FF,FF
35471,319,0xCF00400,1,8,FF,FF,FF,00,00,FF,FF,FF
35472,320,0xCFF6600,1,8,00,00,FF,FF,FF,FF,FF,FF
35482,321,0x18FEF100,1,8,3F,00,00,FF,FF,FF,FF,FF
35483,322,0x18F00500,1,8,FF,FF,FF,FF,20,2D,FF,FF
35483,323,0x18FEF200,1,8,00,00,00,FB,00,00,00,FF
35491,324,0xCF00400,1,8,FF,FF,FF,00,00,FF,FF,FF
35492,325,0xCFF6600,1,8,00,00,FF,FF,FF,FF,FF,FF
35511,326,0xCF00400,1,8,FF,FF,FF,00,00,FF,FF,FF
35512,327,0xCFF6600,1,8,00,00,FF,FF,FF,FF,FF,FF
35531,328,0xCF00400,1,8,FF,FF,FF,00,00,FF,FF,FF
35532,329,0xCFF6600,1,8,00,00,FF,FF,FF,FF,FF,FF
35551,330,0xCF00400,1,8,FF,FF,FF,00,00,FF,FF,FF
35552,331,0xCFF6600,1,8,00,00,FF,FF,FF,FF,FF,FF
35571,332,0xCF00400,1,8,FF,FF,FF,00,00,FF,FF,FF
35572,333,0xCFF6600,1,8,00,00,FF,FF,FF,FF,FF,FF
35582,334,0x18FEF100,1,8,3F,00,00,FF,FF,FF,FF,FF
35583,335,0x10FF6500,1,8,FC,FF,FF,FF,FF,FF,FF,FF
35583,336,0x18F00500,1,8,FF,FF,FF,FF,20,2D,FF,FF
35584,337,0x18FEF200,1,8,00,00,00,FB,00,00,00,FF
35591,338,0xCF00400,1,8,FF,FF,FF,00,00,FF,FF,FF
35592,339,0xCFF6600,1,8,00,00,FF,FF,FF,FF,FF,FF
35611,340,0xCF00400,1,8,FF,FF,FF,00,00,FF,FF,FF
35612,341,0xCFF6600,1,8,00,00,FF,FF,FF,FF,FF,FF
35631,342,0xCF00400,1,8,FF,FF,FF,00,00,FF,FF,FF
35632,343,0xCFF6600,1,8,00,00,FF,FF,FF,FF,FF,FF
35651,344,0xCF00400,1,8,FF,FF,FF,00,00,FF,FF,FF
35652,345,0xCFF6600,1,8,00,00,FF,FF,FF,FF,FF,FF
35671,346,0xCF00400,1,8,FF,FF,FF,00,00,FF,FF,FF
35672,347,0xCFF6600,1,8,00,00,FF,FF,FF,FF,FF,FF
35682,348,0x18FEF100,1,8,3F,00,00,FF,FF,FF,FF,FF
35683,349,0x18F00500,1,8,FF,FF,FF,FF,20,2D,FF,FF
35683,350,0x18F00600,1,8,FF,FF,FF,FF,FF,FF,FF,FF
35684,351,0x18FEF200,1,8,00,00,00,FB,00,00,00,FF
35684,352,0x1CFDDF00,1,8,FE,FF,FF,FF,FF,FF,FF,FF
35685,353,0x1CFF6A00,1,8,FC,FF,FF,FF,FF,FF,FF,FF
35691,354,0xCF00400,1,8,FF,FF,FF,00,00,FF,FF,FF
35692,355,0xCFF6600,1,8,00,00,FF,FF,FF,FF,FF,FF
35711,356,0xCF00400,1,8,FF,FF,FF,00,00,FF,FF,FF
35712,357,0xCFF6600,1,8,00,00,FF,FF,FF,FF,FF,FF
35731,358,0xCF00400,1,8,FF,FF,FF,00,00,FF,FF,FF
35732,359,0xCFF6600,1,8,00,00,FF,FF,FF,FF,FF,FF
35751,360,0xCF00400,1,8,FF,FF,FF,00,00,FF,FF,FF
35752,361,0xCFF6600,1,8,00,00,FF,FF,FF,FF,FF,FF
35771,362,0xCF00400,1,8,FF,FF,FF,00,00,FF,FF,FF
35772,363,0xCFF6600,1,8,00,00,FF,FF,FF,FF,FF,FF
35782,364,0x18FEF100,1,8,3F,00,00,FF,FF,FF,FF,FF
35783,365,0x10FF6500,1,8,FC,FF,FF,FF,FF,FF,FF,FF
35783,366,0x18F00500,1,8,FF,FF,FF,FF,20,2D,FF,FF
35784,367,0x18FEF200,1,8,00,00,00,FB,00,00,00,FF
35791,368,0xCF00400,1,8,FF,FF,FF,00,00,FF,FF,FF
35792,369,0xCFF6600,1,8,00,00,FF,FF,FF,FF,FF,FF
35811,370,0xCF00400,1,8,FF,FF,FF,00,00,FF,FF,FF
35812,371,0xCFF6600,1,8,00,00,FF,FF,FF,FF,FF,FF
35831,372,0xCF00400,1,8,FF,FF,FF,00,00,FF,FF,FF
35832,373,0xCFF6600,1,8,00,00,FF,FF,FF,FF,FF,FF
35841,374,0x18FEEE00,1,8,60,FF,FF,FF,FF,FF,FF,FF
35842,375,0x18FDE500,1,8,0A,14,1E,28,32,3C,46,13
35851,376,0xCF00400,1,8,FF,FF,FF,00,00,FF,FF,FF
35852,377,0xCFF6600,1,8,00,00,FF,FF,FF,FF,FF,FF
35861,378,0x1CECFF00,1,8,20,0A,00,02,FF,CA,FE,00
35871,379,0xCF00400,1,8,FF,FF,FF,00,00,FF,FF,FF
35872,380,0xCFF6600,1,8,00,00,FF,FF,FF,FF,FF,FF
35882,381,0x18FEF100,1,8,3F,00,00,FF,FF,FF,FF,FF
35883,382,0x18F00500,1,8,FF,FF,FF,FF,20,2D,FF,FF
35883,383,0x18FEF200,1,8,00,00,00,FB,00,00,00,FF
35891,384,0xCF00400,1,8,FF,FF,FF,00,00,FF,FF,FF
35892,385,0xCFF6600,1,8,00,00,FF,FF,FF,FF,FF,FF
35911,386,0xCF00400,1,8,FF,FF,FF,00,00,FF,FF,FF
35912,387,0xCFF6600,1,8,00,00,FF,FF,FF,FF,FF,FF
35912,388,0x1CEBFF00,1,8,01,40,FF,0F,F0,E5,01,02
35931,389,0xCF00400,1,8,FF,FF,FF,00,00,FF,FF,FF
35932,390,0xCFF6600,1,8,00,00,FF,FF,FF,FF,FF,FF
35951,391,0xCF00400,1,8,FF,FF,FF,00,00,FF,FF,FF
35952,392,0xCFF6600,1,8,00,00,FF,FF,FF,FF,FF,FF
35961,393,0x1CEBFF00,1,8,02,F0,E3,01,FF,FF,FF,FF
35971,394,0xCF00400,1,8,FF,FF,FF,00,00,FF,FF,FF
35972,395,0xCFF6600,1,8,00,00,FF,FF,FF,FF,FF,FF
35982,396,0x18FEF100,1,8,3F,00,00,FF,FF,FF,FF,FF
35983,397,0x10FF6500,1,8,FC,FF,FF,FF,FF,FF,FF,FF
35983,398,0x18F00500,1,8,FF,FF,FF,FF,20,2D,FF,FF
35984,399,0x18FEF200,1,8,00,00,00,FB,00,00,00,FF
35991,400,0xCF00400,1,8,FF,FF,FF,00,00,FF,FF,FF
35992,401,0xCFF6600,1,8,00,00,FF,FF,FF,FF,FF,FF
36011,402,0xCF00400,1,8,FF,FF,FF,00,00,FF,FF,FF
36012,403,0xCFF6600,1,8,00,00,FF,FF,FF,FF,FF,FF
36031,404,0xCF00400,1,8,FF,FF,FF,00,00,FF,FF,FF
36032,405,0xCFF6600,1,8,00,00,FF,FF,FF,FF,FF,FF
36051,406,0xCF00400,1,8,FF,FF,FF,00,00,FF,FF,FF
36052,407,0xCFF6600,1,8,00,00,FF,FF,FF,FF,FF,FF
36071,408,0xCF00400,1,8,FF,FF,FF,00,00,FF,FF,FF
36072,409,0xCFF6600,1,8,00,00,FF,FF,FF,FF,FF,FF
36082,410,0x18FEF100,1,8,3F,00,00,FF,FF,FF,FF,FF
36083,411,0x18F00500,1,8,FF,FF,FF,FF,20,2D,FF,FF
36083,412,0x18FEF200,1,8,00,00,00,FB,00,00,00,FF
36091,413,0xCF00400,1,8,FF,FF,FF,00,00,FF,FF,FF
36092,414,0xCFF6600,1,8,00,00,FF,FF,FF,FF,FF,FF
36111,415,0xCF00400,1,8,FF,FF,FF,00,00,FF,FF,FF
36112,416,0xCFF6600,1,8,00,00,FF,FF,FF,FF,FF,FF
36131,417,0xCF00400,1,8,FF,FF,FF,00,00,FF,FF,FF
36132,418,0xCFF6600,1,8,00,00,FF,FF,FF,FF,FF,FF
36151,419,0xCF00400,1,8,FF,FF,FF,00,00,FF,FF,FF
36152,420,0xCFF6600,1,8,00,00,FF,FF,FF,FF,FF,FF
36171,421,0xCF00400,1,8,FF,FF,FF,00,00,FF,FF,FF
36172,422,0xCFF6600,1,8,00,00,FF,FF,FF,FF,FF,FF
36182,423,0x18FEF100,1,8,3F,00,00,FF,FF,FF,FF,FF
36183,424,0x10FF6500,1,8,FC,FF,FF,FF,FF,FF,FF,FF
36183,425,0x18F00500,1,8,FF,FF,FF,FF,20,2D,FF,FF
36184,426,0x18F00600,1,8,FF,FF,FF,FF,FF,FF,FF,FF
36184,427,0x18FEF200,1,8,00,00,00,FB,00,00,00,FF
36185,428,0x1CFDDF00,1,8,FE,FF,FF,FF,FF,FF,FF,FF
36186,429,0x1CFF6A00,1,8,FC,FF,FF,FF,FF,FF,FF,FF
36191,430,0xCF00400,1,8,FF,FF,FF,00,00,FF,FF,FF
36192,431,0xCFF6600,1,8,00,00,FF,FF,FF,FF,FF,FF
36211,432,0xCF00400,1,8,FF,FF,FF,00,00,FF,FF,FF
36212,433,0xCFF6600,1,8,00,00,FF,FF,FF,FF,FF,FF
36231,434,0xCF00400,1,8,FF,FF,FF,00,00,FF,FF,FF
36232,435,0xCFF6600,1,8,00,00,FF,FF,FF,FF,FF,FF
36271,436,0xCF00400,1,8,FF,FF,FF,00,00,FF,FF,FF
36271,437,0xCFF6600,1,8,00,00,FF,FF,FF,FF,FF,FF
36272,438,0xCF00400,1,8,FF,FF,FF,00,00,FF,FF,FF
36282,439,0x18FEF100,1,8,3F,00,00,FF,FF,FF,FF,FF
36283,440,0x18F00500,1,8,FF,FF,FF,FF,20,2D,FF,FF
36284,441,0x18FEF200,1,8,00,00,00,FB,00,00,00,FF
36291,442,0xCF00400,1,8,FF,FF,FF,00,00,FF,FF,FF
36292,443,0xCFF6600,1,8,00,00,FF,FF,FF,FF,FF,FF
36311,444,0xCF00400,1,8,FF,FF,FF,00,00,FF,FF,FF
36312,445,0xCFF6600,1,8,00,00,FF,FF,FF,FF,FF,FF
36331,446,0xCF00400,1,8,FF,FF,FF,00,00,FF,FF,FF
36332,447,0xCFF6600,1,8,00,00,FF,FF,FF,FF,FF,FF
36351,448,0xCF00400,1,8,FF,FF,FF,00,00,FF,FF,FF
36352,449,0xCFF6600,1,8,00,00,FF,FF,FF,FF,FF,FF
36371,450,0xCF00400,1,8,FF,FF,FF,00,00,FF,FF,FF
36372,451,0xCFF6600,1,8,00,00,FF,FF,FF,FF,FF,FF
36382,452,0x18FEF100,1,8,3F,00,00,FF,FF,FF,FF,FF
36383,453,0x10FF6500,1,8,FC,FF,FF,FF,FF,FF,FF,FF
36384,454,0x18F00500,1,8,FF,FF,FF,FF,20,2D,FF,FF
36385,455,0x18FEF200,1,8,00,00,00,FB,00,00,00,FF
36391,456,0xCF00400,1,8,FF,FF,FF,00,00,FF,FF,FF
36392,457,0xCFF6600,1,8,00,00,FF,FF,FF,FF,FF,FF
36411,458,0xCF00400,1,8,FF,FF,FF,00,00,FF,FF,FF
36412,459,0xCFF6600,1,8,00,00,FF,FF,FF,FF,FF,FF
36431,460,0xCF00400,1,8,FF,FF,FF,00,00,FF,FF,FF
36432,461,0xCFF6600,1,8,00,00,FF,FF,FF,FF,FF,FF
36451,462,0xCF00400,1,8,FF,FF,FF,00,00,FF,FF,FF
36452,463,0xCFF6600,1,8,00,00,FF,FF,FF,FF,FF,FF
36471,464,0xCF00400,1,8,FF,FF,FF,00,00,FF,FF,FF
36472,465,0xCFF6600,1,8,00,00,FF,FF,FF,FF,FF,FF
36482,466,0x18FEF100,1,8,3F,00,00,FF,FF,FF,FF,FF
36483,467,0x18F00500,1,8,FF,FF,FF,FF,20,2D,FF,FF
36484,468,0x18FEF200,1,8,00,00,00,FB,00,00,00,FF
36491,469,0xCF00400,1,8,FF,FF,FF,00,00,FF,FF,FF
36492,470,0xCFF6600,1,8,00,00,FF,FF,FF,FF,FF,FF
36511,471,0xCF00400,1,8,FF,FF,FF,00,00,FF,FF,FF
36512,472,0xCFF6600,1,8,00,00,FF,FF,FF,FF,FF,FF
36531,473,0xCF00400,1,8,FF,FF,FF,00,00,FF,FF,FF
36532,474,0xCFF6600,1,8,00,00,FF,FF,FF,FF,FF,FF
36551,475,0xCF00400,1,8,FF,FF,FF,00,00,FF,FF,FF
36552,476,0xCFF6600,1,8,00,00,FF,FF,FF,FF,FF,FF
36571,477,0xCF00400,1,8,FF,FF,FF,00,00,FF,FF,FF
36572,478,0xCFF6600,1,8,00,00,FF,FF,FF,FF,FF,FF
36582,479,0x18FEF100,1,8,3F,00,00,FF,FF,FF,FF,FF
36583,480,0x10FF6500,1,8,FC,FF,FF,FF,FF,FF,FF,FF
36583,481,0x18F00500,1,8,FF,FF,FF,FF,20,2D,FF,FF
36584,482,0x18FEF200,1,8,00,00,00,FB,00,00,00,FF
36591,483,0xCF00400,1,8,FF,FF,FF,00,00,FF,FF,FF
36592,484,0xCFF6600,1,8,00,00,FF,FF,FF,FF,FF,FF
36611,485,0xCF00400,1,8,FF,FF,FF,00,00,FF,FF,FF
36612,486,0xCFF6600,1,8,00,00,FF,FF,FF,FF,FF,FF
36631,487,0xCF00400,1,8,FF,FF,FF,00,00,FF,FF,FF
36632,488,0xCFF6600,1,8,00,00,FF,FF,FF,FF,FF,FF
36651,489,0xCF00400,1,8,FF,FF,FF,00,00,FF,FF,FF
36652,490,0xCFF6600,1,8,00,00,FF,FF,FF,FF,FF,FF
36671,491,0xCF00400,1,8,FF,FF,FF,00,00,FF,FF,FF
36672,492,0xCFF6600,1,8,00,00,FF,FF,FF,FF,FF,FF
36682,493,0x18FEF100,1,8,3F,00,00,FF,FF,FF,FF,FF
36683,494,0x18F00500,1,8,FF,FF,FF,FF,20,2D,FF,FF
36683,495,0x18F00600,1,8,FF,FF,FF,FF,FF,FF,FF,FF
36684,496,0x18FEF200,1,8,00,00,00,FB,00,00,00,FF
36685,497,0x1CFDDF00,1,8,FE,FF,FF,FF,FF,FF,FF,FF
36685,498,0x1CFF6A00,1,8,FC,FF,FF,FF,FF,FF,FF,FF
36691,499,0xCF00400,1,8,FF,FF,FF,00,00,FF,FF,FF
36692,500,0xCFF6600,1,8,00,00,FF,FF,FF,FF,FF,FF
36711,501,0xCF00400,1,8,FF,FF,FF,00,00,FF,FF,FF
36712,502,0xCFF6600,1,8,00,00,FF,FF,FF,FF,FF,FF
36731,503,0xCF00400,1,8,FF,FF,FF,00,00,FF,FF,FF
36732,504,0xCFF6600,1,8,00,00,FF,FF,FF,FF,FF,FF
36751,505,0xCF00400,1,8,FF,FF,FF,00,00,FF,FF,FF
36752,506,0xCFF6600,1,8,00,00,FF,FF,FF,FF,FF,FF
36771,507,0xCF00400,1,8,FF,FF,FF,00,00,FF,FF,FF
36772,508,0xCFF6600,1,8,00,00,FF,FF,FF,FF,FF,FF
36782,509,0x18FEF100,1,8,3F,00,00,FF,FF,FF,FF,FF
36783,510,0x10FF6500,1,8,FC,FF,FF,FF,FF,FF,FF,FF
36783,511,0x18F00500,1,8,FF,FF,FF,FF,20,2D,FF,FF
36784,512,0x18FEF200,1,8,00,00,00,FB,00,00,00,FF
36791,513,0xCF00400,1,8,FF,FF,FF,00,00,FF,FF,FF
36792,514,0xCFF6600,1,8,00,00,FF,FF,FF,FF,FF,FF
36811,515,0xCF00400,1,8,FF,FF,FF,00,00,FF,FF,FF
36812,516,0xCFF6600,1,8,00,00,FF,FF,FF,FF,FF,FF
36831,517,0xCF00400,1,8,FF,FF,FF,00,00,FF,FF,FF
36832,518,0xCFF6600,1,8,00,00,FF,FF,FF,FF,FF,FF
36841,519,0x18FEEE00,1,8,60,FF,FF,FF,FF,FF,FF,FF
36842,520,0x18FDE500,1,8,0A,14,1E,28,32,3C,46,13
36851,521,0xCF00400,1,8,FF,FF,FF,00,00,FF,FF,FF
36852,522,0xCFF6600,1,8,00,00,FF,FF,FF,FF,FF,FF
36861,523,0x1CECFF00,1,8,20,0A,00,02,FF,CA,FE,00
36871,524,0xCF00400,1,8,FF,FF,FF,00,00,FF,FF,FF
36872,525,0xCFF6600,1,8,00,00,FF,FF,FF,FF,FF,FF
36882,526,0x18FEF100,1,8,3F,00,00,FF,FF,FF,FF,FF
36883,527,0x18F00500,1,8,FF,FF,FF,FF,20,2D,FF,FF
36883,528,0x18FEF200,1,8,00,00,00,FB,00,00,00,FF
36891,529,0xCF00400,1,8,FF,FF,FF,00,00,FF,FF,FF
36892,530,0xCFF6600,1,8,00,00,FF,FF,FF,FF,FF,FF
36911,531,0xCF00400,1,8,FF,FF,FF,00,00,FF,FF,FF
36912,532,0xCFF6600,1,8,00,00,FF,FF,FF,FF,FF,FF
36913,533,0x1CEBFF00,1,8,01,40,FF,0F,F0,E5,01,02
36931,534,0xCF00400,1,8,FF,FF,FF,00,00,FF,FF,FF
36932,535,0xCFF6600,1,8,00,00,FF,FF,FF,FF,FF,FF
36951,536,0xCF00400,1,8,FF,FF,FF,00,00,FF,FF,FF
36952,537,0xCFF6600,1,8,00,00,FF,FF,FF,FF,FF,FF
36961,538,0x1CEBFF00,1,8,02,F0,E3,01,FF,FF,FF,FF
36971,539,0xCF00400,1,8,FF,FF,FF,00,00,FF,FF,FF
36972,540,0xCFF6600,1,8,00,00,FF,FF,FF,FF,FF,FF
36982,541,0x18FEF100,1,8,3F,00,00,FF,FF,FF,FF,FF
36983,542,0x10FF6500,1,8,FC,FF,FF,FF,FF,FF,FF,FF
36983,543,0x18F00500,1,8,FF,FF,FF,FF,20,2D,FF,FF
36984,544,0x18FEF200,1,8,00,00,00,FB,00,00,00,FF
36991,545,0xCF00400,1,8,FF,FF,FF,00,00,FF,FF,FF
36992,546,0xCFF6600,1,8,00,00,FF,FF,FF,FF,FF,FF
37011,547,0xCF00400,1,8,FF,FF,FF,00,00,FF,FF,FF
37012,548,0xCFF6600,1,8,00,00,FF,FF,FF,FF,FF,FF
37031,549,0xCF00400,1,8,FF,FF,FF,00,00,FF,FF,FF
37032,550,0xCFF6600,1,8,00,00,FF,FF,FF,FF,FF,FF
37051,551,0xCF00400,1,8,FF,FF,FF,00,00,FF,FF,FF
37052,552,0xCFF6600,1,8,00,00,FF,FF,FF,FF,FF,FF
37071,553,0xCF00400,1,8,FF,FF,FF,00,00,FF,FF,FF
37072,554,0xCFF6600,1,8,00,00,FF,FF,FF,FF,FF,FF
37082,555,0x18FEF100,1,8,3F,00,00,FF,FF,FF,FF,FF
37083,556,0x18F00500,1,8,FF,FF,FF,FF,20,2D,FF,FF
37083,557,0x18FEF200,1,8,00,00,00,FB,00,00,00,FF
37091,558,0xCF00400,1,8,FF,FF,FF,00,00,FF,FF,FF
37092,559,0xCFF6600,1,8,00,00,FF,FF,FF,FF,FF,FF
37111,560,0xCF00400,1,8,FF,FF,FF,00,00,FF,FF,FF
37112,561,0xCFF6600,1,8,00,00,FF,FF,FF,FF,FF,FF
37131,562,0xCF00400,1,8,FF,FF,FF,00,00,FF,FF,FF
37132,563,0xCFF6600,1,8,00,00,FF,FF,FF,FF,FF,FF
37151,564,0xCF00400,1,8,FF,FF,FF,00,00,FF,FF,FF
37152,565,0xCFF6600,1,8,00,00,FF,FF,FF,FF,FF,FF
37171,566,0xCF00400,1,8,FF,FF,FF,00,00,FF,FF,FF
37172,567,0xCFF6600,1,8,00,00,FF,FF,FF,FF,FF,FF
37182,568,0x18FEF100,1,8,3F,00,00,FF,FF,FF,FF,FF
37183,569,0x10FF6500,1,8,FC,FF,FF,FF,FF,FF,FF,FF
37183,570,0x18F00500,1,8,FF,FF,FF,FF,20,2D,FF,FF
37184,571,0x18F00600,1,8,FF,FF,FF,FF,FF,FF,FF,FF
37184,572,0x18FEF200,1,8,00,00,00,FB,00,00,00,FF
37185,573,0x1CFDDF00,1,8,FE,FF,FF,FF,FF,FF,FF,FF
37186,574,0x1CFF6A00,1,8,FC,FF,FF,FF,FF,FF,FF,FF
37191,575,0xCF00400,1,8,FF,FF,FF,00,00,FF,FF,FF
37192,576,0xCFF6600,1,8,00,00,FF,FF,FF,FF,FF,FF
37211,577,0xCF00400,1,8,FF,FF,FF,00,00,FF,FF,FF
37212,578,0xCFF6600,1,8,00,00,FF,FF,FF,FF,FF,FF
37231,579,0xCF00400,1,8,FF,FF,FF,00,00,FF,FF,FF
37232,580,0xCFF6600,1,8,00,00,FF,FF,FF,FF,FF,FF
37251,581,0xCF00400,1,8,FF,FF,FF,00,00,FF,FF,FF
37252,582,0xCFF6600,1,8,00,00,FF,FF,FF,FF,FF,FF
37271,583,0xCF00400,1,8,FF,FF,FF,00,00,FF,FF,FF
37272,584,0xCFF6600,1,8,00,00,FF,FF,FF,FF,FF,FF
37282,585,0x18FEF100,1,8,3F,00,00,FF,FF,FF,FF,FF
37283,586,0x18F00500,1,8,FF,FF,FF,FF,20,2D,FF,FF
37284,587,0x18FEF200,1,8,00,00,00,FB,00,00,00,FF
37291,588,0xCF00400,1,8,FF,FF,FF,00,00,FF,FF,FF
37292,589,0xCFF6600,1,8,00,00,FF,FF,FF,FF,FF,FF
37311,590,0xCF00400,1,8,FF,FF,FF,00,00,FF,FF,FF
37312,591,0xCFF6600,1,8,00,00,FF,FF,FF,FF,FF,FF
37331,592,0xCF00400,1,8,FF,FF,FF,00,00,FF,FF,FF
37332,593,0xCFF6600,1,8,00,00,FF,FF,FF,FF,FF,FF
37351,594,0xCF00400,1,8,FF,FF,FF,00,00,FF,FF,FF
37352,595,0xCFF6600,1,8,00,00,FF,FF,FF,FF,FF,FF
37371,596,0xCF00400,1,8,FF,FF,FF,00,00,FF,FF,FF
37372,597,0xCFF6600,1,8,00,00,FF,FF,FF,FF,FF,FF
37382,598,0x18FEF100,1,8,3F,00,00,FF,FF,FF,FF,FF
37383,599,0x10FF6500,1,8,FC,FF,FF,FF,FF,FF,FF,FF
37383,600,0x18F00500,1,8,FF,FF,FF,FF,20,2D,FF,FF
37384,601,0x18FEF200,1,8,00,00,00,FB,00,00,00,FF
37391,602,0xCF00400,1,8,FF,FF,FF,00,00,FF,FF,FF
37392,603,0xCFF6600,1,8,00,00,FF,FF,FF,FF,FF,FF
37411,604,0xCF00400,1,8,FF,FF,FF,00,00,FF,FF,FF
37412,605,0xCFF6600,1,8,00,00,FF,FF,FF,FF,FF,FF
37431,606,0xCF00400,1,8,FF,FF,FF,00,00,FF,FF,FF
37432,607,0xCFF6600,1,8,00,00,FF,FF,FF,FF,FF,FF
37451,608,0xCF00400,1,8,FF,FF,FF,00,00,FF,FF,FF
37452,609,0xCFF6600,1,8,00,00,FF,FF,FF,FF,FF,FF
37471,610,0xCF00400,1,8,FF,FF,FF,00,00,FF,FF,FF
37472,611,0xCFF6600,1,8,00,00,FF,FF,FF,FF,FF,FF
37482,612,0x18FEF100,1,8,3F,00,00,FF,FF,FF,FF,FF
37483,613,0x18F00500,1,8,FF,FF,FF,FF,20,2D,FF,FF
37483,614,0x18FEF200,1,8,00,00,00,FB,00,00,00,FF
37491,615,0xCF00400,1,8,FF,FF,FF,00,00,FF,FF,FF
37492,616,0xCFF6600,1,8,00,00,FF,FF,FF,FF,FF,FF
37511,617,0xCF00400,1,8,FF,FF,FF,00,00,FF,FF,FF
37512,618,0xCFF6600,1,8,00,00,FF,FF,FF,FF,FF,FF
37531,619,0xCF00400,1,8,FF,FF,FF,00,00,FF,FF,FF
37532,620,0xCFF6600,1,8,00,00,FF,FF,FF,FF,FF,FF
37551,621,0xCF00400,1,8,FF,FF,FF,00,00,FF,FF,FF
37552,622,0xCFF6600,1,8,00,00,FF,FF,FF,FF,FF,FF
37571,623,0xCF00400,1,8,FF,FF,FF,00,00,FF,FF,FF
37572,624,0xCFF6600,1,8,00,00,FF,FF,FF,FF,FF,FF
37582,625,0x18FEF100,1,8,3F,00,00,FF,FF,FF,FF,FF
37583,626,0x10FF6500,1,8,FC,FF,FF,FF,FF,FF,FF,FF
37583,627,0x18F00500,1,8,FF,FF,FF,FF,20,2D,FF,FF
37584,628,0x18FEF200,1,8,00,00,00,FB,00,00,00,FF
37591,629,0xCF00400,1,8,FF,FF,FF,00,00,FF,FF,FF
37592,630,0xCFF6600,1,8,00,00,FF,FF,FF,FF,FF,FF
37611,631,0xCF00400,1,8,FF,FF,FF,00,00,FF,FF,FF
37612,632,0xCFF6600,1,8,00,00,FF,FF,FF,FF,FF,FF
37631,633,0xCF00400,1,8,FF,FF,FF,00,00,FF,FF,FF
37632,634,0xCFF6600,1,8,00,00,FF,FF,FF,FF,FF,FF
37651,635,0xCF00400,1,8,FF,FF,FF,00,00,FF,FF,FF
37652,636,0xCFF6600,1,8,00,00,FF,FF,FF,FF,FF,FF
37671,637,0xCF00400,1,8,FF,FF,FF,00,00,FF,FF,FF
37672,638,0xCFF6600,1,8,00,00,FF,FF,FF,FF,FF,FF
37682,639,0x18FEF100,1,8,3F,00,00,FF,FF,FF,FF,FF
37683,640,0x18F00500,1,8,FF,FF,FF,FF,20,2D,FF,FF
37683,641,0x18F00600,1,8,FF,FF,FF,FF,FF,FF,FF,FF
37684,642,0x18FEF200,1,8,00,00,00,FB,00,00,00,FF
37685,643,0x1CFDDF00,1,8,FE,FF,FF,FF,FF,FF,FF,FF
37686,644,0x1CFF6A00,1,8,FC,FF,FF,FF,FF,FF,FF,FF
37691,645,0xCF00400,1,8,FF,FF,FF,00,00,FF,FF,FF
37692,646,0xCFF6600,1,8,00,00,FF,FF,FF,FF,FF,FF
37711,647,0xCF00400,1,8,FF,FF,FF,00,00,FF,FF,FF
37712,648,0xCFF6600,1,8,00,00,FF,FF,FF,FF,FF,FF
37731,649,0xCF00400,1,8,FF,FF,FF,00,00,FF,FF,FF
37732,650,0xCFF6600,1,8,00,00,FF,FF,FF,FF,FF,FF
37751,651,0xCF00400,1,8,FF,FF,FF,00,00,FF,FF,FF
37752,652,0xCFF6600,1,8,00,00,FF,FF,FF,FF,FF,FF
37771,653,0xCF00400,1,8,FF,FF,FF,00,00,FF,FF,FF
37772,654,0xCFF6600,1,8,00,00,FF,FF,FF,FF,FF,FF
37782,655,0x18FEF100,1,8,3F,00,00,FF,FF,FF,FF,FF
37783,656,0x10FF6500,1,8,FC,FF,FF,FF,FF,FF,FF,FF
37783,657,0x18F00500,1,8,FF,FF,FF,FF,20,2D,FF,FF
37784,658,0x18FEF200,1,8,00,00,00,FB,00,00,00,FF
37791,659,0xCF00400,1,8,FF,FF,FF,00,00,FF,FF,FF
37792,660,0xCFF6600,1,8,00,00,FF,FF,FF,FF,FF,FF
37811,661,0xCF00400,1,8,FF,FF,FF,00,00,FF,FF,FF
37812,662,0xCFF6600,1,8,00,00,FF,FF,FF,FF,FF,FF
37831,663,0xCF00400,1,8,FF,FF,FF,00,00,FF,FF,FF
37832,664,0xCFF6600,1,8,00,00,FF,FF,FF,FF,FF,FF
37841,665,0x18FEEE00,1,8,60,FF,FF,FF,FF,FF,FF,FF
37842,666,0x18FDE500,1,8,0A,14,1E,28,32,3C,46,13
37851,667,0xCF00400,1,8,FF,FF,FF,00,00,FF,FF,FF
37852,668,0xCFF6600,1,8,00,00,FF,FF,FF,FF,FF,FF
37861,669,0x1CECFF00,1,8,20,0A,00,02,FF,CA,FE,00
37871,670,0xCF00400,1,8,FF,FF,FF,00,00,FF,FF,FF
37872,671,0xCFF6600,1,8,00,00,FF,FF,FF,FF,FF,FF
37882,672,0x18FEF100,1,8,3F,00,00,FF,FF,FF,FF,FF
37883,673,0x18F00500,1,8,FF,FF,FF,FF,20,2D,FF,FF
37884,674,0x18FEF200,1,8,00,00,00,FB,00,00,00,FF
37891,675,0xCF00400,1,8,FF,FF,FF,00,00,FF,FF,FF
37892,676,0xCFF6600,1,8,00,00,FF,FF,FF,FF,FF,FF
37911,677,0xCF00400,1,8,FF,FF,FF,00,00,FF,FF,FF
37912,678,0xCFF6600,1,8,00,00,FF,FF,FF,FF,FF,FF
37913,679,0x1CEBFF00,1,8,01,40,FF,0F,F0,E5,01,02
37931,680,0xCF00400,1,8,FF,FF,FF,00,00,FF,FF,FF
37932,681,0xCFF6600,1,8,00,00,FF,FF,FF,FF,FF,FF
37951,682,0xCF00400,1,8,FF,FF,FF,00,00,FF,FF,FF
37952,683,0xCFF6600,1,8,00,00,FF,FF,FF,FF,FF,FF
37961,684,0x1CEBFF00,1,8,02,F0,E3,01,FF,FF,FF,FF
37971,685,0xCF00400,1,8,FF,FF,FF,00,00,FF,FF,FF
37972,686,0xCFF6600,1,8,00,00,FF,FF,FF,FF,FF,FF
37982,687,0x18FEF100,1,8,3F,00,00,FF,FF,FF,FF,FF
37983,688,0x10FF6500,1,8,FC,FF,FF,FF,FF,FF,FF,FF
37985,689,0x18F00500,1,8,FF,FF,FF,FF,20,2D,FF,FF
37986,690,0x18FEF200,1,8,00,00,00,FB,00,00,00,FF
37991,691,0xCF00400,1,8,FF,FF,FF,00,00,FF,FF,FF
37992,692,0xCFF6600,1,8,00,00,FF,FF,FF,FF,FF,FF
38011,693,0xCF00400,1,8,FF,FF,FF,00,00,FF,FF,FF
38012,694,0xCFF6600,1,8,00,00,FF,FF,FF,FF,FF,FF
38031,695,0xCF00400,1,8,FF,FF,FF,00,00,FF,FF,FF
38032,696,0xCFF6600,1,8,00,00,FF,FF,FF,FF,FF,FF
38051,697,0xCF00400,1,8,FF,FF,FF,00,00,FF,FF,FF
38052,698,0xCFF6600,1,8,00,00,FF,FF,FF,FF,FF,FF
38071,699,0xCF00400,1,8,FF,FF,FF,00,00,FF,FF,FF
38072,700,0xCFF6600,1,8,00,00,FF,FF,FF,FF,FF,FF
38082,701,0x18FEF100,1,8,3F,00,00,FF,FF,FF,FF,FF
38083,702,0x18F00500,1,8,FF,FF,FF,FF,20,2D,FF,FF
38083,703,0x18FEF200,1,8,00,00,00,FB,00,00,00,FF
38091,704,0xCF00400,1,8,FF,FF,FF,00,00,FF,FF,FF
38092,705,0xCFF6600,1,8,00,00,FF,FF,FF,FF,FF,FF
38111,706,0xCF00400,1,8,FF,FF,FF,00,00,FF,FF,FF
38112,707,0xCFF6600,1,8,00,00,FF,FF,FF,FF,FF,FF
38131,708,0xCF00400,1,8,FF,FF,FF,00,00,FF,FF,FF
38132,709,0xCFF6600,1,8,00,00,FF,FF,FF,FF,FF,FF
38151,710,0xCF00400,1,8,FF,FF,FF,00,00,FF,FF,FF
38152,711,0xCFF6600,1,8,00,00,FF,FF,FF,FF,FF,FF
38171,712,0xCF00400,1,8,FF,FF,FF,00,00,FF,FF,FF
38172,713,0xCFF6600,1,8,00,00,FF,FF,FF,FF,FF,FF
38182,714,0x18FEF100,1,8,3F,00,00,FF,FF,FF,FF,FF
38183,715,0x10FF6500,1,8,FC,FF,FF,FF,FF,FF,FF,FF
38183,716,0x18F00500,1,8,FF,FF,FF,FF,20,2D,FF,FF
38184,717,0x18F00600,1,8,FF,FF,FF,FF,FF,FF,FF,FF
38185,718,0x18FEF200,1,8,00,00,00,FB,00,00,00,FF
38185,719,0x1CFDDF00,1,8,FE,FF,FF,FF,FF,FF,FF,FF
38186,720,0x1CFF6A00,1,8,FC,FF,FF,FF,FF,FF,FF,FF
38191,721,0xCF00400,1,8,FF,FF,FF,00,00,FF,FF,FF
38192,722,0xCFF6600,1,8,00,00,FF,FF,FF,FF,FF,FF
38211,723,0xCF00400,1,8,FF,FF,FF,00,00,FF,FF,FF
38212,724,0xCFF6600,1,8,00,00,FF,FF,FF,FF,FF,FF
38231,725,0xCF00400,1,8,FF,FF,FF,00,00,FF,FF,FF
38232,726,0xCFF6600,1,8,00,00,FF,FF,FF,FF,FF,FF
38251,727,0xCF00400,1,8,FF,FF,FF,00,00,FF,FF,FF
38252,728,0xCFF6600,1,8,00,00,FF,FF,FF,FF,FF,FF
38271,729,0xCF00400,1,8,FF,FF,FF,00,00,FF,FF,FF
38272,730,0xCFF6600,1,8,00,00,FF,FF,FF,FF,FF,FF
38282,731,0x18FEF100,1,8,3F,00,00,FF,FF,FF,FF,FF
38283,732,0x18F00500,1,8,FF,FF,FF,FF,20,2D,FF,FF
38284,733,0x18FEF200,1,8,00,00,00,FB,00,00,00,FF
38291,734,0xCF00400,1,8,FF,FF,FF,00,00,FF,FF,FF
38292,735,0xCFF6600,1,8,00,00,FF,FF,FF,FF,FF,FF
38311,736,0xCF00400,1,8,FF,FF,FF,00,00,FF,FF,FF
38312,737,0xCFF6600,1,8,00,00,FF,FF,FF,FF,FF,FF
38331,738,0xCF00400,1,8,FF,FF,FF,00,00,FF,FF,FF
38332,739,0xCFF6600,1,8,00,00,FF,FF,FF,FF,FF,FF
38351,740,0xCF00400,1,8,FF,FF,FF,00,00,FF,FF,FF
38352,741,0xCFF6600,1,8,00,00,FF,FF,FF,FF,FF,FF
38371,742,0xCF00400,1,8,FF,FF,FF,00,00,FF,FF,FF
38372,743,0xCFF6600,1,8,00,00,FF,FF,FF,FF,FF,FF
38382,744,0x18FEF100,1,8,3F,00,00,FF,FF,FF,FF,FF
38383,745,0x10FF6500,1,8,FC,FF,FF,FF,FF,FF,FF,FF
38383,746,0x18F00500,1,8,FF,FF,FF,FF,20,2D,FF,FF
38384,747,0x18FEF200,1,8,00,00,00,FB,00,00,00,FF
38391,748,0xCF00400,1,8,FF,FF,FF,00,00,FF,FF,FF
38392,749,0xCFF6600,1,8,00,00,FF,FF,FF,FF,FF,FF
38411,750,0xCF00400,1,8,FF,FF,FF,00,00,FF,FF,FF
38412,751,0xCFF6600,1,8,00,00,FF,FF,FF,FF,FF,FF
38431,752,0xCF00400,1,8,FF,FF,FF,00,00,FF,FF,FF
38432,753,0xCFF6600,1,8,00,00,FF,FF,FF,FF,FF,FF
38451,754,0xCF00400,1,8,FF,FF,FF,00,00,FF,FF,FF
38452,755,0xCFF6600,1,8,00,00,FF,FF,FF,FF,FF,FF
38471,756,0xCF00400,1,8,FF,FF,FF,00,00,FF,FF,FF
38472,757,0xCFF6600,1,8,00,00,FF,FF,FF,FF,FF,FF
38482,758,0x18FEF100,1,8,3F,00,00,FF,FF,FF,FF,FF
38483,759,0x18F00500,1,8,FF,FF,FF,FF,20,2D,FF,FF
38483,760,0x18FEF200,1,8,00,00,00,FB,00,00,00,FF
38491,761,0xCF00400,1,8,FF,FF,FF,00,00,FF,FF,FF
38492,762,0xCFF6600,1,8,00,00,FF,FF,FF,FF,FF,FF
38511,763,0xCF00400,1,8,FF,FF,FF,00,00,FF,FF,FF
38512,764,0xCFF6600,1,8,00,00,FF,FF,FF,FF,FF,FF
38531,765,0xCF00400,1,8,FF,FF,FF,00,00,FF,FF,FF
38532,766,0xCFF6600,1,8,00,00,FF,FF,FF,FF,FF,FF
38551,767,0xCF00400,1,8,FF,FF,FF,00,00,FF,FF,FF
38552,768,0xCFF6600,1,8,00,00,FF,FF,FF,FF,FF,FF
38571,769,0xCF00400,1,8,FF,FF,FF,00,00,FF,FF,FF
38572,770,0xCFF6600,1,8,00,00,FF,FF,FF,FF,FF,FF
38582,771,0x18FEF100,1,8,3F,00,00,FF,FF,FF,FF,FF
38583,772,0x10FF6500,1,8,FC,FF,FF,FF,FF,FF,FF,FF
38583,773,0x18F00500,1,8,FF,FF,FF,FF,20,2D,FF,FF
38584,774,0x18FEF200,1,8,00,00,00,FB,00,00,00,FF
38591,775,0xCF00400,1,8,FF,FF,FF,00,00,FF,FF,FF
38592,776,0xCFF6600,1,8,00,00,FF,FF,FF,FF,FF,FF
38611,777,0xCF00400,1,8,FF,FF,FF,00,00,FF,FF,FF
38612,778,0xCFF6600,1,8,00,00,FF,FF,FF,FF,FF,FF
38631,779,0xCF00400,1,8,FF,FF,FF,00,00,FF,FF,FF
38632,780,0xCFF6600,1,8,00,00,FF,FF,FF,FF,FF,FF
38651,781,0xCF00400,1,8,FF,FF,FF,00,00,FF,FF,FF
38652,782,0xCFF6600,1,8,00,00,FF,FF,FF,FF,FF,FF
38671,783,0xCF00400,1,8,FF,FF,FF,00,00,FF,FF,FF
38672,784,0xCFF6600,1,8,00,00,FF,FF,FF,FF,FF,FF
38682,785,0x18FEF100,1,8,3F,00,00,FF,FF,FF,FF,FF
38683,786,0x18F00500,1,8,FF,FF,FF,FF,20,2D,FF,FF
38683,787,0x18F00600,1,8,FF,FF,FF,FF,FF,FF,FF,FF
38684,788,0x18FEF200,1,8,00,00,00,FB,00,00,00,FF
38685,789,0x1CFDDF00,1,8,FE,FF,FF,FF,FF,FF,FF,FF
38685,790,0x1CFF6A00,1,8,FC,FF,FF,FF,FF,FF,FF,FF
38691,791,0xCF00400,1,8,FF,FF,FF,00,00,FF,FF,FF
38692,792,0xCFF6600,1,8,00,00,FF,FF,FF,FF,FF,FF
38711,793,0xCF00400,1,8,FF,FF,FF,00,00,FF,FF,FF
38712,794,0xCFF6600,1,8,00,00,FF,FF,FF,FF,FF,FF
38731,795,0xCF00400,1,8,FF,FF,FF,00,00,FF,FF,FF
38732,796,0xCFF6600,1,8,00,00,FF,FF,FF,FF,FF,FF
38751,797,0xCF00400,1,8,FF,FF,FF,00,00,FF,FF,FF
38752,798,0xCFF6600,1,8,00,00,FF,FF,FF,FF,FF,FF
38771,799,0xCF00400,1,8,FF,FF,FF,00,00,FF,FF,FF
38772,800,0xCFF6600,1,8,00,00,FF,FF,FF,FF,FF,FF
38782,801,0x18FEF100,1,8,3F,00,00,FF,FF,FF,FF,FF
38783,802,0x10FF6500,1,8,FC,FF,FF,FF,FF,FF,FF,FF
38783,803,0x18F00500,1,8,FF,FF,FF,FF,20,2D,FF,FF
38784,804,0x18FEF200,1,8,00,00,00,FB,00,00,00,FF
38791,805,0xCF00400,1,8,FF,FF,FF,00,00,FF,FF,FF
38792,806,0xCFF6600,1,8,00,00,FF,FF,FF,FF,FF,FF
38811,807,0xCF00400,1,8,FF,FF,FF,00,00,FF,FF,FF
38812,808,0xCFF6600,1,8,00,00,FF,FF,FF,FF,FF,FF
38831,809,0xCF00400,1,8,FF,FF,FF,00,00,FF,FF,FF
38832,810,0xCFF6600,1,8,00,00,FF,FF,FF,FF,FF,FF
38841,811,0x18FEEE00,1,8,60,FF,FF,FF,FF,FF,FF,FF
38842,812,0x18FDE500,1,8,0A,14,1E,28,32,3C,46,13
38851,813,0xCF00400,1,8,FF,FF,FF,00,00,FF,FF,FF
38852,814,0xCFF6600,1,8,00,00,FF,FF,FF,FF,FF,FF
38861,815,0x1CECFF00,1,8,20,0A,00,02,FF,CA,FE,00
38871,816,0xCF00400,1,8,FF,FF,FF,00,00,FF,FF,FF
38872,817,0xCFF6600,1,8,00,00,FF,FF,FF,FF,FF,FF
38882,818,0x18FEF100,1,8,3F,00,00,FF,FF,FF,FF,FF
38883,819,0x18F00500,1,8,FF,FF,FF,FF,20,2D,FF,FF
38883,820,0x18FEF200,1,8,00,00,00,FB,00,00,00,FF
38891,821,0xCF00400,1,8,FF,FF,FF,00,00,FF,FF,FF
38892,822,0xCFF6600,1,8,00,00,FF,FF,FF,FF,FF,FF
38911,823,0xCF00400,1,8,FF,FF,FF,00,00,FF,FF,FF
38912,824,0xCFF6600,1,8,00,00,FF,FF,FF,FF,FF,FF
38913,825,0x1CEBFF00,1,8,01,40,FF,0F,F0,E5,01,02
38931,826,0xCF00400,1,8,FF,FF,FF,00,00,FF,FF,FF
38932,827,0xCFF6600,1,8,00,00,FF,FF,FF,FF,FF,FF
38951,828,0xCF00400,1,8,FF,FF,FF,00,00,FF,FF,FF
38952,829,0xCFF6600,1,8,00,00,FF,FF,FF,FF,FF,FF
38961,830,0x1CEBFF00,1,8,02,F0,E3,01,FF,FF,FF,FF
38971,831,0xCF00400,1,8,FF,FF,FF,00,00,FF,FF,FF
38972,832,0xCFF6600,1,8,00,00,FF,FF,FF,FF,FF,FF
38982,833,0x18FEF100,1,8,3F,00,00,FF,FF,FF,FF,FF
38983,834,0x10FF6500,1,8,FC,FF,FF,FF,FF,FF,FF,FF
38983,835,0x18F00500,1,8,FF,FF,FF,FF,20,2D,FF,FF
38984,836,0x18FEF200,1,8,00,00,00,FB,00,00,00,FF
38991,837,0xCF00400,1,8,FF,FF,FF,00,00,FF,FF,FF
38992,838,0xCFF6600,1,8,00,00,FF,FF,FF,FF,FF,FF
39011,839,0xCF00400,1,8,FF,FF,FF,00,00,FF,FF,FF
39012,840,0xCFF6600,1,8,00,00,FF,FF,FF,FF,FF,FF
39031,841,0xCF00400,1,8,FF,FF,FF,00,00,FF,FF,FF
39032,842,0xCFF6600,1,8,00,00,FF,FF,FF,FF,FF,FF
39051,843,0xCF00400,1,8,FF,FF,FF,00,00,FF,FF,FF
39052,844,0xCFF6600,1,8,00,00,FF,FF,FF,FF,FF,FF
39071,845,0xCF00400,1,8,FF,FF,FF,00,00,FF,FF,FF
39072,846,0xCFF6600,1,8,00,00,FF,FF,FF,FF,FF,FF
39082,847,0x18FEF100,1,8,3F,00,00,FF,FF,FF,FF,FF
39083,848,0x18F00500,1,8,FF,FF,FF,FF,20,2D,FF,FF
39084,849,0x18FEF200,1,8,00,00,00,FB,00,00,00,FF
39091,850,0xCF00400,1,8,FF,FF,FF,00,00,FF,FF,FF
39092,851,0xCFF6600,1,8,00,00,FF,FF,FF,FF,FF,FF
39111,852,0xCF00400,1,8,FF,FF,FF,00,00,FF,FF,FF
39112,853,0xCFF6600,1,8,00,00,FF,FF,FF,FF,FF,FF
39131,854,0xCF00400,1,8,FF,FF,FF,00,00,FF,FF,FF
39132,855,0xCFF6600,1,8,00,00,FF,FF,FF,FF,FF,FF
39151,856,0xCF00400,1,8,FF,FF,FF,00,00,FF,FF,FF
39152,857,0xCFF6600,1,8,00,00,FF,FF,FF,FF,FF,FF
39171,858,0xCF00400,1,8,FF,FF,FF,00,00,FF,FF,FF
39172,859,0xCFF6600,1,8,00,00,FF,FF,FF,FF,FF,FF
39182,860,0x18FEF100,1,8,3F,00,00,FF,FF,FF,FF,FF
39183,861,0x10FF6500,1,8,FC,FF,FF,FF,FF,FF,FF,FF
39184,862,0x18F00500,1,8,FF,FF,FF,FF,20,2D,FF,FF
39185,863,0x18F00600,1,8,FF,FF,FF,FF,FF,FF,FF,FF
39185,864,0x18FEF200,1,8,00,00,00,FB,00,00,00,FF
39186,865,0x1CFDDF00,1,8,FE,FF,FF,FF,FF,FF,FF,FF
39187,866,0x1CFF6A00,1,8,FC,FF,FF,FF,FF,FF,FF,FF
39191,867,0xCF00400,1,8,FF,FF,FF,00,00,FF,FF,FF
39192,868,0xCFF6600,1,8,00,00,FF,FF,FF,FF,FF,FF
39211,869,0xCF00400,1,8,FF,FF,FF,00,00,FF,FF,FF
39212,870,0xCFF6600,1,8,00,00,FF,FF,FF,FF,FF,FF
39231,871,0xCF00400,1,8,FF,FF,FF,00,00,FF,FF,FF
39232,872,0xCFF6600,1,8,00,00,FF,FF,FF,FF,FF,FF
39251,873,0xCF00400,1,8,FF,FF,FF,00,00,FF,FF,FF
39252,874,0xCFF6600,1,8,00,00,FF,FF,FF,FF,FF,FF
39271,875,0xCF00400,1,8,FF,FF,FF,00,00,FF,FF,FF
39272,876,0xCFF6600,1,8,00,00,FF,FF,FF,FF,FF,FF
39282,877,0x18FEF100,1,8,3F,00,00,FF,FF,FF,FF,FF
39283,878,0x18F00500,1,8,FF,FF,FF,FF,20,2D,FF,FF
39284,879,0x18FEF200,1,8,00,00,00,FB,00,00,00,FF
39291,880,0xCF00400,1,8,FF,FF,FF,00,00,FF,FF,FF
39292,881,0xCFF6600,1,8,00,00,FF,FF,FF,FF,FF,FF
39311,882,0xCF00400,1,8,FF,FF,FF,00,00,FF,FF,FF
39312,883,0xCFF6600,1,8,00,00,FF,FF,FF,FF,FF,FF
39331,884,0xCF00400,1,8,FF,FF,FF,00,00,FF,FF,FF
39332,885,0xCFF6600,1,8,00,00,FF,FF,FF,FF,FF,FF
39351,886,0xCF00400,1,8,FF,FF,FF,00,00,FF,FF,FF
39352,887,0xCFF6600,1,8,00,00,FF,FF,FF,FF,FF,FF
39371,888,0xCF00400,1,8,FF,FF,FF,00,00,FF,FF,FF
39372,889,0xCFF6600,1,8,00,00,FF,FF,FF,FF,FF,FF
39382,890,0x18FEF100,1,8,3F,00,00,FF,FF,FF,FF,FF
39383,891,0x10FF6500,1,8,FC,FF,FF,FF,FF,FF,FF,FF
39383,892,0x18F00500,1,8,FF,FF,FF,FF,20,2D,FF,FF
39384,893,0x18FEF200,1,8,00,00,00,FB,00,00,00,FF
39391,894,0xCF00400,1,8,FF,FF,FF,00,00,FF,FF,FF
39392,895,0xCFF6600,1,8,00,00,FF,FF,FF,FF,FF,FF
39411,896,0xCF00400,1,8,FF,FF,FF,00,00,FF,FF,FF
39412,897,0xCFF6600,1,8,00,00,FF,FF,FF,FF,FF,FF
39431,898,0xCF00400,1,8,FF,FF,FF,00,00,FF,FF,FF
39432,899,0xCFF6600,1,8,00,00,FF,FF,FF,FF,FF,FF
39451,900,0xCF00400,1,8,FF,FF,FF,00,00,FF,FF,FF
39452,901,0xCFF6600,1,8,00,00,FF,FF,FF,FF,FF,FF
39471,902,0xCF00400,1,8,FF,FF,FF,00,00,FF,FF,FF
39472,903,0xCFF6600,1,8,00,00,FF,FF,FF,FF,FF,FF
39482,904,0x18FEF100,1,8,3F,00,00,FF,FF,FF,FF,FF
39483,905,0x18F00500,1,8,FF,FF,FF,FF,20,2D,FF,FF
39484,906,0x18FEF200,1,8,00,00,00,FB,00,00,00,FF
39491,907,0xCF00400,1,8,FF,FF,FF,00,00,FF,FF,FF
39492,908,0xCFF6600,1,8,00,00,FF,FF,FF,FF,FF,FF
39511,909,0xCF00400,1,8,FF,FF,FF,00,00,FF,FF,FF
39512,910,0xCFF6600,1,8,00,00,FF,FF,FF,FF,FF,FF
39531,911,0xCF00400,1,8,FF,FF,FF,00,00,FF,FF,FF
39532,912,0xCFF6600,1,8,00,00,FF,FF,FF,FF,FF,FF
39551,913,0xCF00400,1,8,FF,FF,FF,00,00,FF,FF,FF
39552,914,0xCFF6600,1,8,00,00,FF,FF,FF,FF,FF,FF
39571,915,0xCF00400,1,8,FF,FF,FF,00,00,FF,FF,FF
39572,916,0xCFF6600,1,8,00,00,FF,FF,FF,FF,FF,FF
39582,917,0x18FEF100,1,8,3F,00,00,FF,FF,FF,FF,FF
39583,918,0x10FF6500,1,8,FC,FF,FF,FF,FF,FF,FF,FF
39583,919,0x18F00500,1,8,FF,FF,FF,FF,20,2D,FF,FF
39584,920,0x18FEF200,1,8,00,00,00,FB,00,00,00,FF
39591,921,0xCF00400,1,8,FF,FF,FF,00,00,FF,FF,FF
39592,922,0xCFF6600,1,8,00,00,FF,FF,FF,FF,FF,FF
39611,923,0xCF00400,1,8,FF,FF,FF,00,00,FF,FF,FF
39612,924,0xCFF6600,1,8,00,00,FF,FF,FF,FF,FF,FF
39631,925,0xCF00400,1,8,FF,FF,FF,00,00,FF,FF,FF
39632,926,0xCFF6600,1,8,00,00,FF,FF,FF,FF,FF,FF
39651,927,0xCF00400,1,8,FF,FF,FF,00,00,FF,FF,FF
39652,928,0xCFF6600,1,8,00,00,FF,FF,FF,FF,FF,FF
39671,929,0xCF00400,1,8,FF,FF,FF,00,00,FF,FF,FF
39672,930,0xCFF6600,1,8,00,00,FF,FF,FF,FF,FF,FF
39682,931,0x18FEF100,1,8,3F,00,00,FF,FF,FF,FF,FF
39683,932,0x18F00500,1,8,FF,FF,FF,FF,20,2D,FF,FF
39683,933,0x18F00600,1,8,FF,FF,FF,FF,FF,FF,FF,FF
39684,934,0x18FEF200,1,8,00,00,00,FB,00,00,00,FF
39685,935,0x1CFDDF00,1,8,FE,FF,FF,FF,FF,FF,FF,FF
39685,936,0x1CFF6A00,1,8,FC,FF,FF,FF,FF,FF,FF,FF
39691,937,0xCF00400,1,8,FF,FF,FF,00,00,FF,FF,FF
39692,938,0xCFF6600,1,8,00,00,FF,FF,FF,FF,FF,FF
39711,939,0xCF00400,1,8,FF,FF,FF,00,00,FF,FF,FF
39712,940,0xCFF6600,1,8,00,00,FF,FF,FF,FF,FF,FF
39731,941,0xCF00400,1,8,FF,FF,FF,00,00,FF,FF,FF
39732,942,0xCFF6600,1,8,00,00,FF,FF,FF,FF,FF,FF
39751,943,0xCF00400,1,8,FF,FF,FF,00,00,FF,FF,FF
39752,944,0xCFF6600,1,8,00,00,FF,FF,FF,FF,FF,FF
39771,945,0xCF00400,1,8,FF,FF,FF,00,00,FF,FF,FF
39772,946,0xCFF6600,1,8,00,00,FF,FF,FF,FF,FF,FF
39782,947,0x18FEF100,1,8,3F,00,00,FF,FF,FF,FF,FF
39783,948,0x10FF6500,1,8,FC,FF,FF,FF,FF,FF,FF,FF
39783,949,0x18F00500,1,8,FF,FF,FF,FF,20,2D,FF,FF
39784,950,0x18FEF200,1,8,00,00,00,FB,00,00,00,FF
39791,951,0xCF00400,1,8,FF,FF,FF,00,00,FF,FF,FF
39792,952,0xCFF6600,1,8,00,00,FF,FF,FF,FF,FF,FF
39811,953,0xCF00400,1,8,FF,FF,FF,00,00,FF,FF,FF
39812,954,0xCFF6600,1,8,00,00,FF,FF,FF,FF,FF,FF
39831,955,0xCF00400,1,8,FF,FF,FF,00,00,FF,FF,FF
39832,956,0xCFF6600,1,8,00,00,FF,FF,FF,FF,FF,FF
39841,957,0x18FEEE00,1,8,60,FF,FF,FF,FF,FF,FF,FF
39842,958,0x18FDE500,1,8,0A,14,1E,28,32,3C,46,13
39851,959,0xCF00400,1,8,FF,FF,FF,00,00,FF,FF,FF
39852,960,0xCFF6600,1,8,00,00,FF,FF,FF,FF,FF,FF
39861,961,0x1CECFF00,1,8,20,0A,00,02,FF,CA,FE,00
39871,962,0xCF00400,1,8,FF,FF,FF,00,00,FF,FF,FF
39872,963,0xCFF6600,1,8,00,00,FF,FF,FF,FF,FF,FF
39882,964,0x18FEF100,1,8,3F,00,00,FF,FF,FF,FF,FF
39883,965,0x18F00500,1,8,FF,FF,FF,FF,20,2D,FF,FF
39884,966,0x18FEF200,1,8,00,00,00,FB,00,00,00,FF
39891,967,0xCF00400,1,8,FF,FF,FF,00,00,FF,FF,FF
39892,968,0xCFF6600,1,8,00,00,FF,FF,FF,FF,FF,FF
39911,969,0xCF00400,1,8,FF,FF,FF,00,00,FF,FF,FF
39912,970,0xCFF6600,1,8,00,00,FF,FF,FF,FF,FF,FF
39913,971,0x1CEBFF00,1,8,01,40,FF,0F,F0,E5,01,02
39931,972,0xCF00400,1,8,FF,FF,FF,00,00,FF,FF,FF
39932,973,0xCFF6600,1,8,00,00,FF,FF,FF,FF,FF,FF
39951,974,0xCF00400,1,8,FF,FF,FF,00,00,FF,FF,FF
39952,975,0xCFF6600,1,8,00,00,FF,FF,FF,FF,FF,FF
39961,976,0x1CEBFF00,1,8,02,F0,E3,01,FF,FF,FF,FF
39971,977,0xCF00400,1,8,FF,FF,FF,00,00,FF,FF,FF
39972,978,0xCFF6600,1,8,00,00,FF,FF,FF,FF,FF,FF
39982,979,0x18FEF100,1,8,3F,00,00,FF,FF,FF,FF,FF
39983,980,0x10FF6500,1,8,FC,FF,FF,FF,FF,FF,FF,FF
39983,981,0x18F00500,1,8,FF,FF,FF,FF,20,2D,FF,FF
39984,982,0x18FEF200,1,8,00,00,00,FB,00,00,00,FF
39991,983,0xCF00400,1,8,FF,FF,FF,00,00,FF,FF,FF
39992,984,0xCFF6600,1,8,00,00,FF,FF,FF,FF,FF,FF
40011,985,0xCF00400,1,8,FF,FF,FF,00,00,FF,FF,FF
40012,986,0xCFF6600,1,8,00,00,FF,FF,FF,FF,FF,FF
40031,987,0xCF00400,1,8,FF,FF,FF,00,00,FF,FF,FF
40032,988,0xCFF6600,1,8,00,00,FF,FF,FF,FF,FF,FF
40051,989,0xCF00400,1,8,FF,FF,FF,00,00,FF,FF,FF
40052,990,0xCFF6600,1,8,00,00,FF,FF,FF,FF,FF,FF
40071,991,0xCF00400,1,8,FF,FF,FF,00,00,FF,FF,FF
40072,992,0xCFF6600,1,8,00,00,FF,FF,FF,FF,FF,FF
40082,993,0x18FEF100,1,8,3F,00,00,FF,FF,FF,FF,FF
40083,994,0x18F00500,1,8,FF,FF,FF,FF,20,2D,FF,FF
40084,995,0x18FEF200,1,8,00,00,00,FB,00,00,00,FF
40091,996,0xCF00400,1,8,FF,FF,FF,00,00,FF,FF,FF
40092,997,0xCFF6600,1,8,00,00,FF,FF,FF,FF,FF,FF
40111,998,0xCF00400,1,8,FF,FF,FF,00,00,FF,FF,FF
40112,999,0xCFF6600,1,8,00,00,FF,FF,FF,FF,FF,FF
40131,1000,0xCF00400,1,8,FF,FF,FF,00,00,FF,FF,FF
40132,1001,0xCFF6600,1,8,00,00,FF,FF,FF,FF,FF,FF
40151,1002,0xCF00400,1,8,FF,FF,FF,00,00,FF,FF,FF
40152,1003,0xCFF6600,1,8,00,00,FF,FF,FF,FF,FF,FF
40171,1004,0xCF00400,1,8,FF,FF,FF,00,00,FF,FF,FF
40172,1005,0xCFF6600,1,8,00,00,FF,FF,FF,FF,FF,FF
40182,1006,0x18FEF100,1,8,3F,00,00,FF,FF,FF,FF,FF
40183,1007,0x10FF6500,1,8,FC,FF,FF,FF,FF,FF,FF,FF
40183,1008,0x18F00500,1,8,FF,FF,FF,FF,20,2D,FF,FF
40184,1009,0x18F00600,1,8,FF,FF,FF,FF,FF,FF,FF,FF
40185,1010,0x18FEF200,1,8,00,00,00,FB,00,00,00,FF
40185,1011,0x1CFDDF00,1,8,FE,FF,FF,FF,FF,FF,FF,FF
40186,1012,0x1CFF6A00,1,8,FC,FF,FF,FF,FF,FF,FF,FF
40191,1013,0xCF00400,1,8,FF,FF,FF,00,00,FF,FF,FF
40192,1014,0xCFF6600,1,8,00,00,FF,FF,FF,FF,FF,FF
40211,1015,0xCF00400,1,8,FF,FF,FF,00,00,FF,FF,FF
40212,1016,0xCFF6600,1,8,00,00,FF,FF,FF,FF,FF,FF
40231,1017,0xCF00400,1,8,FF,FF,FF,00,00,FF,FF,FF
40232,1018,0xCFF6600,1,8,00,00,FF,FF,FF,FF,FF,FF
40251,1019,0xCF00400,1,8,FF,FF,FF,00,00,FF,FF,FF
40252,1020,0xCFF6600,1,8,00,00,FF,FF,FF,FF,FF,FF
40271,1021,0xCF00400,1,8,FF,FF,FF,00,00,FF,FF,FF
40272,1022,0xCFF6600,1,8,00,00,FF,FF,FF,FF,FF,FF
40282,1023,0x18FEF100,1,8,3F,00,00,FF,FF,FF,FF,FF
40283,1024,0x18F00500,1,8,FF,FF,FF,FF,20,2D,FF,FF
40284,1025,0x18FEF200,1,8,00,00,00,FB,00,00,00,FF
40291,1026,0xCF00400,1,8,FF,FF,FF,00,00,FF,FF,FF
40292,1027,0xCFF6600,1,8,00,00,FF,FF,FF,FF,FF,FF
40311,1028,0xCF00400,1,8,FF,FF,FF,00,00,FF,FF,FF
40312,1029,0xCFF6600,1,8,00,00,FF,FF,FF,FF,FF,FF
40331,1030,0xCF00400,1,8,FF,FF,FF,00,00,FF,FF,FF
40332,1031,0xCFF6600,1,8,00,00,FF,FF,FF,FF,FF,FF
40351,1032,0xCF00400,1,8,FF,FF,FF,00,00,FF,FF,FF
40352,1033,0xCFF6600,1,8,00,00,FF,FF,FF,FF,FF,FF
40371,1034,0xCF00400,1,8,FF,FF,FF,00,00,FF,FF,FF
40372,1035,0xCFF6600,1,8,00,00,FF,FF,FF,FF,FF,FF
40382,1036,0x18FEF100,1,8,3F,00,00,FF,FF,FF,FF,FF
40383,1037,0x10FF6500,1,8,FC,FF,FF,FF,FF,FF,FF,FF
40383,1038,0x18F00500,1,8,FF,FF,FF,FF,20,2D,FF,FF
40384,1039,0x18FEF200,1,8,00,00,00,FB,00,00,00,FF
40391,1040,0xCF00400,1,8,FF,FF,FF,00,00,FF,FF,FF
40392,1041,0xCFF6600,1,8,00,00,FF,FF,FF,FF,FF,FF
40411,1042,0xCF00400,1,8,FF,FF,FF,00,00,FF,FF,FF
40412,1043,0xCFF6600,1,8,00,00,FF,FF,FF,FF,FF,FF
40431,1044,0xCF00400,1,8,FF,FF,FF,00,00,FF,FF,FF
40432,1045,0xCFF6600,1,8,00,00,FF,FF,FF,FF,FF,FF
40451,1046,0xCF00400,1,8,FF,FF,FF,00,00,FF,FF,FF
40452,1047,0xCFF6600,1,8,00,00,FF,FF,FF,FF,FF,FF
40471,1048,0xCF00400,1,8,FF,FF,FF,00,00,FF,FF,FF
40472,1049,0xCFF6600,1,8,00,00,FF,FF,FF,FF,FF,FF
40482,1050,0x18FEF100,1,8,3F,00,00,FF,FF,FF,FF,FF
40483,1051,0x18F00500,1,8,FF,FF,FF,FF,20,2D,FF,FF
40483,1052,0x18FEF200,1,8,00,00,00,FB,00,00,00,FF
40491,1053,0xCF00400,1,8,FF,FF,FF,00,00,FF,FF,FF
40492,1054,0xCFF6600,1,8,00,00,FF,FF,FF,FF,FF,FF
40511,1055,0xCF00400,1,8,FF,FF,FF,00,00,FF,FF,FF
40512,1056,0xCFF6600,1,8,00,00,FF,FF,FF,FF,FF,FF
40531,1057,0xCF00400,1,8,FF,FF,FF,00,00,FF,FF,FF
40532,1058,0xCFF6600,1,8,00,00,FF,FF,FF,FF,FF,FF
40551,1059,0xCF00400,1,8,FF,FF,FF,00,00,FF,FF,FF
40552,1060,0xCFF6600,1,8,00,00,FF,FF,FF,FF,FF,FF
40571,1061,0xCF00400,1,8,FF,FF,FF,00,00,FF,FF,FF
40572,1062,0xCFF6600,1,8,00,00,FF,FF,FF,FF,FF,FF
40582,1063,0x18FEF100,1,8,3F,00,00,FF,FF,FF,FF,FF
40583,1064,0x10FF6500,1,8,FC,FF,FF,FF,FF,FF,FF,FF
40583,1065,0x18F00500,1,8,FF,FF,FF,FF,20,2D,FF,FF
40584,1066,0x18FEF200,1,8,00,00,00,FB,00,00,00,FF
40591,1067,0xCF00400,1,8,FF,FF,FF,00,00,FF,FF,FF
40592,1068,0xCFF6600,1,8,00,00,FF,FF,FF,FF,FF,FF
40611,1069,0xCF00400,1,8,FF,FF,FF,00,00,FF,FF,FF
40612,1070,0xCFF6600,1,8,00,00,FF,FF,FF,FF,FF,FF
40631,1071,0xCF00400,1,8,FF,FF,FF,00,00,FF,FF,FF
40632,1072,0xCFF6600,1,8,00,00,FF,FF,FF,FF,FF,FF
40651,1073,0xCF00400,1,8,FF,FF,FF,00,00,FF,FF,FF
40652,1074,0xCFF6600,1,8,00,00,FF,FF,FF,FF,FF,FF
40671,1075,0xCF00400,1,8,FF,FF,FF,00,00,FF,FF,FF
40672,1076,0xCFF6600,1,8,00,00,FF,FF,FF,FF,FF,FF
40682,1077,0x18FEF100,1,8,3F,00,00,FF,FF,FF,FF,FF
40683,1078,0x18F00500,1,8,FF,FF,FF,FF,20,2D,FF,FF
40683,1079,0x18F00600,1,8,FF,FF,FF,FF,FF,FF,FF,FF
40684,1080,0x18FEF200,1,8,00,00,00,FB,00,00,00,FF
40685,1081,0x1CFDDF00,1,8,FE,FF,FF,FF,FF,FF,FF,FF
40686,1082,0x1CFF6A00,1,8,FC,FF,FF,FF,FF,FF,FF,FF
40691,1083,0xCF00400,1,8,FF,FF,FF,00,00,FF,FF,FF
40692,1084,0xCFF6600,1,8,00,00,FF,FF,FF,FF,FF,FF
40711,1085,0xCF00400,1,8,FF,FF,FF,00,00,FF,FF,FF
40712,1086,0xCFF6600,1,8,00,00,FF,FF,FF,FF,FF,FF
40731,1087,0xCF00400,1,8,FF,FF,FF,00,00,FF,FF,FF
40732,1088,0xCFF6600,1,8,00,00,FF,FF,FF,FF,FF,FF
40751,1089,0xCF00400,1,8,FF,FF,FF,00,00,FF,FF,FF
40752,1090,0xCFF6600,1,8,00,00,FF,FF,FF,FF,FF,FF
40771,1091,0xCF00400,1,8,FF,FF,FF,00,00,FF,FF,FF
40772,1092,0xCFF6600,1,8,00,00,FF,FF,FF,FF,FF,FF
40782,1093,0x18FEF100,1,8,3F,00,00,FF,FF,FF,FF,FF
40783,1094,0x10FF6500,1,8,FC,FF,FF,FF,FF,FF,FF,FF
40783,1095,0x18F00500,1,8,FF,FF,FF,FF,20,2D,FF,FF
40784,1096,0x18FEF200,1,8,00,00,00,FB,00,00,00,FF
40791,1097,0xCF00400,1,8,FF,FF,FF,00,00,FF,FF,FF
40792,1098,0xCFF6600,1,8,00,00,FF,FF,FF,FF,FF,FF
40811,1099,0xCF00400,1,8,FF,FF,FF,00,00,FF,FF,FF
40812,1100,0xCFF6600,1,8,00,00,FF,FF,FF,FF,FF,FF
40831,1101,0xCF00400,1,8,FF,FF,FF,00,00,FF,FF,FF
40832,1102,0xCFF6600,1,8,00,00,FF,FF,FF,FF,FF,FF
40841,1103,0x18FEEE00,1,8,61,FF,FF,FF,FF,FF,FF,FF
40842,1104,0x18FDE500,1,8,0A,14,1E,28,32,3C,46,13
40851,1105,0xCF00400,1,8,FF,FF,FF,00,00,FF,FF,FF
40852,1106,0xCFF6600,1,8,00,00,FF,FF,FF,FF,FF,FF
40861,1107,0x1CECFF00,1,8,20,0A,00,02,FF,CA,FE,00
40871,1108,0xCF00400,1,8,FF,FF,FF,00,00,FF,FF,FF
40872,1109,0xCFF6600,1,8,00,00,FF,FF,FF,FF,FF,FF
40882,1110,0x18FEF100,1,8,3F,00,00,FF,FF,FF,FF,FF
40883,1111,0x18F00500,1,8,FF,FF,FF,FF,20,2D,FF,FF
40884,1112,0x18FEF200,1,8,00,00,00,FB,00,00,00,FF
40891,1113,0xCF00400,1,8,FF,FF,FF,00,00,FF,FF,FF
40892,1114,0xCFF6600,1,8,00,00,FF,FF,FF,FF,FF,FF
40911,1115,0xCF00400,1,8,FF,FF,FF,00,00,FF,FF,FF
40912,1116,0xCFF6600,1,8,00,00,FF,FF,FF,FF,FF,FF
40913,1117,0x1CEBFF00,1,8,01,40,FF,0F,F0,E5,01,02
40931,1118,0xCF00400,1,8,FF,FF,FF,00,00,FF,FF,FF
40932,1119,0xCFF6600,1,8,00,00,FF,FF,FF,FF,FF,FF
40951,1120,0xCF00400,1,8,FF,FF,FF,00,00,FF,FF,FF
40952,1121,0xCFF6600,1,8,00,00,FF,FF,FF,FF,FF,FF
40961,1122,0x1CEBFF00,1,8,02,F0,E3,01,FF,FF,FF,FF
40971,1123,0xCF00400,1,8,FF,FF,FF,00,00,FF,FF,FF
40972,1124,0xCFF6600,1,8,00,00,FF,FF,FF,FF,FF,FF
40982,1125,0x18FEF100,1,8,3F,00,00,FF,FF,FF,FF,FF
40983,1126,0x10FF6500,1,8,FC,FF,FF,FF,FF,FF,FF,FF
40983,1127,0x18F00500,1,8,FF,FF,FF,FF,20,2D,FF,FF
40984,1128,0x18FEF200,1,8,00,00,00,FB,00,00,00,FF
40991,1129,0xCF00400,1,8,FF,FF,FF,00,00,FF,FF,FF
40992,1130,0xCFF6600,1,8,00,00,FF,FF,FF,FF,FF,FF
41011,1131,0xCF00400,1,8,FF,FF,FF,00,00,FF,FF,FF
41012,1132,0xCFF6600,1,8,00,00,FF,FF,FF,FF,FF,FF
41031,1133,0xCF00400,1,8,FF,FF,FF,00,00,FF,FF,FF
41032,1134,0xCFF6600,1,8,00,00,FF,FF,FF,FF,FF,FF
41051,1135,0xCF00400,1,8,FF,FF,FF,00,00,FF,FF,FF
41052,1136,0xCFF6600,1,8,00,00,FF,FF,FF,FF,FF,FF
41071,1137,0xCF00400,1,8,FF,FF,FF,00,00,FF,FF,FF
41072,1138,0xCFF6600,1,8,00,00,FF,FF,FF,FF,FF,FF
41082,1139,0x18FEF100,1,8,3F,00,00,FF,FF,FF,FF,FF
41083,1140,0x18F00500,1,8,FF,FF,FF,FF,20,2D,FF,FF
41083,1141,0x18FEF200,1,8,00,00,00,FB,00,00,00,FF
41091,1142,0xCF00400,1,8,FF,FF,FF,00,00,FF,FF,FF
41092,1143,0xCFF6600,1,8,00,00,FF,FF,FF,FF,FF,FF
41111,1144,0xCF00400,1,8,FF,FF,FF,00,00,FF,FF,FF
41112,1145,0xCFF6600,1,8,00,00,FF,FF,FF,FF,FF,FF
41131,1146,0xCF00400,1,8,FF,FF,FF,00,00,FF,FF,FF
41132,1147,0xCFF6600,1,8,00,00,FF,FF,FF,FF,FF,FF
41151,1148,0xCF00400,1,8,FF,FF,FF,00,00,FF,FF,FF
41152,1149,0xCFF6600,1,8,00,00,FF,FF,FF,FF,FF,FF
41171,1150,0xCF00400,1,8,FF,FF,FF,00,00,FF,FF,FF
41172,1151,0xCFF6600,1,8,00,00,FF,FF,FF,FF,FF,FF
41182,1152,0x18FEF100,1,8,3F,00,00,FF,FF,FF,FF,FF
41183,1153,0x10FF6500,1,8,FC,FF,FF,FF,FF,FF,FF,FF
41183,1154,0x18F00500,1,8,FF,FF,FF,FF,20,2D,FF,FF
41184,1155,0x18F00600,1,8,FF,FF,FF,FF,FF,FF,FF,FF
41184,1156,0x18FEF200,1,8,00,00,00,FB,00,00,00,FF
41185,1157,0x1CFDDF00,1,8,FE,FF,FF,FF,FF,FF,FF,FF
41186,1158,0x1CFF6A00,1,8,FC,FF,FF,FF,FF,FF,FF,FF
41191,1159,0xCF00400,1,8,FF,FF,FF,00,00,FF,FF,FF
41192,1160,0xCFF6600,1,8,00,00,FF,FF,FF,FF,FF,FF
41211,1161,0xCF00400,1,8,FF,FF,FF,00,00,FF,FF,FF
41212,1162,0xCFF6600,1,8,00,00,FF,FF,FF,FF,FF,FF
41231,1163,0xCF00400,1,8,FF,FF,FF,00,00,FF,FF,FF
41232,1164,0xCFF6600,1,8,00,00,FF,FF,FF,FF,FF,FF
41251,1165,0xCF00400,1,8,FF,FF,FF,00,00,FF,FF,FF
41252,1166,0xCFF6600,1,8,00,00,FF,FF,FF,FF,FF,FF
41271,1167,0xCF00400,1,8,FF,FF,FF,00,00,FF,FF,FF
41272,1168,0xCFF6600,1,8,00,00,FF,FF,FF,FF,FF,FF
41282,1169,0x18FEF100,1,8,3F,00,00,FF,FF,FF,FF,FF
41283,1170,0x18F00500,1,8,FF,FF,FF,FF,20,2D,FF,FF
41283,1171,0x18FEF200,1,8,00,00,00,FB,00,00,00,FF
41291,1172,0xCF00400,1,8,FF,FF,FF,00,00,FF,FF,FF
41292,1173,0xCFF6600,1,8,00,00,FF,FF,FF,FF,FF,FF
41311,1174,0xCF00400,1,8,FF,FF,FF,00,00,FF,FF,FF
41312,1175,0xCFF6600,1,8,00,00,FF,FF,FF,FF,FF,FF
41331,1176,0xCF00400,1,8,FF,FF,FF,00,00,FF,FF,FF
41332,1177,0xCFF6600,1,8,00,00,FF,FF,FF,FF,FF,FF
41351,1178,0xCF00400,1,8,FF,FF,FF,00,00,FF,FF,FF
41352,1179,0xCFF6600,1,8,00,00,FF,FF,FF,FF,FF,FF
41371,1180,0xCF00400,1,8,FF,FF,FF,00,00,FF,FF,FF
41372,1181,0xCFF6600,1,8,00,00,FF,FF,FF,FF,FF,FF
41382,1182,0x18FEF100,1,8,3F,00,00,FF,FF,FF,FF,FF
41383,1183,0x10FF6500,1,8,FC,FF,FF,FF,FF,FF,FF,FF
41383,1184,0x18F00500,1,8,FF,FF,FF,FF,20,2D,FF,FF
41384,1185,0x18FEF200,1,8,00,00,00,FB,00,00,00,FF
41391,1186,0xCF00400,1,8,FF,FF,FF,00,00,FF,FF,FF
41392,1187,0xCFF6600,1,8,00,00,FF,FF,FF,FF,FF,FF
41411,1188,0xCF00400,1,8,FF,FF,FF,00,00,FF,FF,FF
41412,1189,0xCFF6600,1,8,00,00,FF,FF,FF,FF,FF,FF
41431,1190,0xCF00400,1,8,FF,FF,FF,00,00,FF,FF,FF
41432,1191,0xCFF6600,1,8,00,00,FF,FF,FF,FF,FF,FF
41451,1192,0xCF00400,1,8,FF,FF,FF,00,00,FF,FF,FF
41452,1193,0xCFF6600,1,8,00,00,FF,FF,FF,FF,FF,FF
41471,1194,0xCF00400,1,8,FF,FF,FF,00,00,FF,FF,FF
41472,1195,0xCFF6600,1,8,00,00,FF,FF,FF,FF,FF,FF
41482,1196,0x18FEF100,1,8,3F,00,00,FF,FF,FF,FF,FF
41483,1197,0x18F00500,1,8,FF,FF,FF,FF,20,2D,FF,FF
41484,1198,0x18FEF200,1,8,00,00,00,FB,00,00,00,FF
41491,1199,0xCF00400,1,8,FF,FF,FF,00,00,FF,FF,FF
41492,1200,0xCFF6600,1,8,00,00,FF,FF,FF,FF,FF,FF
41511,1201,0xCF00400,1,8,FF,FF,FF,00,00,FF,FF,FF
41512,1202,0xCFF6600,1,8,00,00,FF,FF,FF,FF,FF,FF
41531,1203,0xCF00400,1,8,FF,FF,FF,00,00,FF,FF,FF
41532,1204,0xCFF6600,1,8,00,00,FF,FF,FF,FF,FF,FF
41551,1205,0xCF00400,1,8,FF,FF,FF,00,00,FF,FF,FF
41552,1206,0xCFF6600,1,8,00,00,FF,FF,FF,FF,FF,FF
41571,1207,0xCF00400,1,8,FF,FF,FF,00,00,FF,FF,FF
41572,1208,0xCFF6600,1,8,00,00,FF,FF,FF,FF,FF,FF
41582,1209,0x18FEF100,1,8,3F,00,00,FF,FF,FF,FF,FF
41583,1210,0x10FF6500,1,8,FC,FF,FF,FF,FF,FF,FF,FF
41583,1211,0x18F00500,1,8,FF,FF,FF,FF,20,2D,FF,FF
41584,1212,0x18FEF200,1,8,00,00,00,FB,00,00,00,FF
41591,1213,0xCF00400,1,8,FF,FF,FF,00,00,FF,FF,FF
41592,1214,0xCFF6600,1,8,00,00,FF,FF,FF,FF,FF,FF
41611,1215,0xCF00400,1,8,FF,FF,FF,00,00,FF,FF,FF
41612,1216,0xCFF6600,1,8,00,00,FF,FF,FF,FF,FF,FF
41631,1217,0xCF00400,1,8,FF,FF,FF,00,00,FF,FF,FF
41632,1218,0xCFF6600,1,8,00,00,FF,FF,FF,FF,FF,FF
41651,1219,0xCF00400,1,8,FF,FF,FF,00,00,FF,FF,FF
41652,1220,0xCFF6600,1,8,00,00,FF,FF,FF,FF,FF,FF
41671,1221,0xCF00400,1,8,FF,FF,FF,00,00,FF,FF,FF
41672,1222,0xCFF6600,1,8,00,00,FF,FF,FF,FF,FF,FF
41682,1223,0x18FEF100,1,8,3F,00,00,FF,FF,FF,FF,FF
41683,1224,0x18F00500,1,8,FF,FF,FF,FF,20,2D,FF,FF
41684,1225,0x18F00600,1,8,FF,FF,FF,FF,FF,FF,FF,FF
41685,1226,0x18FEF200,1,8,00,00,00,FB,00,00,00,FF
41685,1227,0x1CFDDF00,1,8,FE,FF,FF,FF,FF,FF,FF,FF
41686,1228,0x1CFF6A00,1,8,FC,FF,FF,FF,FF,FF,FF,FF
41691,1229,0xCF00400,1,8,FF,FF,FF,00,00,FF,FF,FF
41692,1230,0xCFF6600,1,8,00,00,FF,FF,FF,FF,FF,FF
41711,1231,0xCF00400,1,8,FF,FF,FF,00,00,FF,FF,FF
41712,1232,0xCFF6600,1,8,00,00,FF,FF,FF,FF,FF,FF
41731,1233,0xCF00400,1,8,FF,FF,FF,00,00,FF,FF,FF
41732,1234,0xCFF6600,1,8,00,00,FF,FF,FF,FF,FF,FF
41751,1235,0xCF00400,1,8,FF,FF,FF,00,00,FF,FF,FF
41752,1236,0xCFF6600,1,8,00,00,FF,FF,FF,FF,FF,FF
41771,1237,0xCF00400,1,8,FF,FF,FF,00,00,FF,FF,FF
41772,1238,0xCFF6600,1,8,00,00,FF,FF,FF,FF,FF,FF
41782,1239,0x18FEF100,1,8,3F,00,00,FF,FF,FF,FF,FF
41783,1240,0x10FF6500,1,8,FC,FF,FF,FF,FF,FF,FF,FF
41783,1241,0x18F00500,1,8,FF,FF,FF,FF,20,2D,FF,FF
41784,1242,0x18FEF200,1,8,00,00,00,FB,00,00,00,FF
41791,1243,0xCF00400,1,8,FF,FF,FF,00,00,FF,FF,FF
41792,1244,0xCFF6600,1,8,00,00,FF,FF,FF,FF,FF,FF
41811,1245,0xCF00400,1,8,FF,FF,FF,00,00,FF,FF,FF
41812,1246,0xCFF6600,1,8,00,00,FF,FF,FF,FF,FF,FF
41831,1247,0xCF00400,1,8,FF,FF,FF,00,00,FF,FF,FF
41832,1248,0xCFF6600,1,8,00,00,FF,FF,FF,FF,FF,FF
41841,1249,0x18FEEE00,1,8,61,FF,FF,FF,FF,FF,FF,FF
41842,1250,0x18FDE500,1,8,0A,14,1E,28,32,3C,46,13
41851,1251,0xCF00400,1,8,FF,FF,FF,00,00,FF,FF,FF
41852,1252,0xCFF6600,1,8,00,00,FF,FF,FF,FF,FF,FF
41861,1253,0x1CECFF00,1,8,20,0A,00,02,FF,CA,FE,00
41871,1254,0xCF00400,1,8,FF,FF,FF,00,00,FF,FF,FF
41872,1255,0xCFF6600,1,8,00,00,FF,FF,FF,FF,FF,FF
41882,1256,0x18FEF100,1,8,3F,00,00,FF,FF,FF,FF,FF
41883,1257,0x18F00500,1,8,FF,FF,FF,FF,20,2D,FF,FF
41883,1258,0x18FEF200,1,8,00,00,00,FB,00,00,00,FF
41891,1259,0xCF00400,1,8,FF,FF,FF,00,00,FF,FF,FF
41892,1260,0xCFF6600,1,8,00,00,FF,FF,FF,FF,FF,FF
41911,1261,0xCF00400,1,8,FF,FF,FF,00,00,FF,FF,FF
41912,1262,0xCFF6600,1,8,00,00,FF,FF,FF,FF,FF,FF
41913,1263,0x1CEBFF00,1,8,01,40,FF,0F,F0,E5,01,02
41931,1264,0xCF00400,1,8,FF,FF,FF,00,00,FF,FF,FF
41932,1265,0xCFF6600,1,8,00,00,FF,FF,FF,FF,FF,FF
41951,1266,0xCF00400,1,8,FF,FF,FF,00,00,FF,FF,FF
41952,1267,0xCFF6600,1,8,00,00,FF,FF,FF,FF,FF,FF
41961,1268,0x1CEBFF00,1,8,02,F0,E3,01,FF,FF,FF,FF
41971,1269,0xCF00400,1,8,FF,FF,FF,00,00,FF,FF,FF
41972,1270,0xCFF6600,1,8,00,00,FF,FF,FF,FF,FF,FF
41982,1271,0x18FEF100,1,8,3F,00,00,FF,FF,FF,FF,FF
41983,1272,0x10FF6500,1,8,FC,FF,FF,FF,FF,FF,FF,FF
41983,1273,0x18F00500,1,8,FF,FF,FF,FF,20,2D,FF,FF
41984,1274,0x18FEF200,1,8,00,00,00,FB,00,00,00,FF
41991,1275,0xCF00400,1,8,FF,FF,FF,00,00,FF,FF,FF
41992,1276,0xCFF6600,1,8,00,00,FF,FF,FF,FF,FF,FF
42011,1277,0xCF00400,1,8,FF,FF,FF,00,00,FF,FF,FF
42012,1278,0xCFF6600,1,8,00,00,FF,FF,FF,FF,FF,FF
42031,1279,0xCF00400,1,8,FF,FF,FF,00,00,FF,FF,FF
42032,1280,0xCFF6600,1,8,00,00,FF,FF,FF,FF,FF,FF
42051,1281,0xCF00400,1,8,FF,FF,FF,00,00,FF,FF,FF
42052,1282,0xCFF6600,1,8,00,00,FF,FF,FF,FF,FF,FF
42071,1283,0xCF00400,1,8,FF,FF,FF,00,00,FF,FF,FF
42072,1284,0xCFF6600,1,8,00,00,FF,FF,FF,FF,FF,FF
42082,1285,0x18FEF100,1,8,3F,00,00,FF,FF,FF,FF,FF
42083,1286,0x18F00500,1,8,FF,FF,FF,FF,20,2D,FF,FF
42084,1287,0x18FEF200,1,8,00,00,00,FB,00,00,00,FF
42091,1288,0xCF00400,1,8,FF,FF,FF,00,00,FF,FF,FF
42092,1289,0xCFF6600,1,8,00,00,FF,FF,FF,FF,FF,FF
42111,1290,0xCF00400,1,8,FF,FF,FF,00,00,FF,FF,FF
42112,1291,0xCFF6600,1,8,00,00,FF,FF,FF,FF,FF,FF
42131,1292,0xCF00400,1,8,FF,FF,FF,00,00,FF,FF,FF
42132,1293,0xCFF6600,1,8,00,00,FF,FF,FF,FF,FF,FF
42151,1294,0xCF00400,1,8,FF,FF,FF,00,00,FF,FF,FF
42152,1295,0xCFF6600,1,8,00,00,FF,FF,FF,FF,FF,FF
42171,1296,0xCF00400,1,8,FF,FF,FF,00,00,FF,FF,FF
42172,1297,0xCFF6600,1,8,00,00,FF,FF,FF,FF,FF,FF
42182,1298,0x18FEF100,1,8,3F,00,00,FF,FF,FF,FF,FF
42183,1299,0x10FF6500,1,8,FC,FF,FF,FF,FF,FF,FF,FF
42183,1300,0x18F00500,1,8,FF,FF,FF,FF,20,2D,FF,FF
42184,1301,0x18F00600,1,8,FF,FF,FF,FF,FF,FF,FF,FF
42185,1302,0x18FEF200,1,8,00,00,00,FB,00,00,00,FF
42185,1303,0x1CFDDF00,1,8,FE,FF,FF,FF,FF,FF,FF,FF
42186,1304,0x1CFF6A00,1,8,FC,FF,FF,FF,FF,FF,FF,FF
42191,1305,0xCF00400,1,8,FF,FF,FF,00,00,FF,FF,FF
42192,1306,0xCFF6600,1,8,00,00,FF,FF,FF,FF,FF,FF
42211,1307,0xCF00400,1,8,FF,FF,FF,00,00,FF,FF,FF
42212,1308,0xCFF6600,1,8,00,00,FF,FF,FF,FF,FF,FF
42231,1309,0xCF00400,1,8,FF,FF,FF,00,00,FF,FF,FF
42232,1310,0xCFF6600,1,8,00,00,FF,FF,FF,FF,FF,FF
42251,1311,0xCF00400,1,8,FF,FF,FF,00,00,FF,FF,FF
42252,1312,0xCFF6600,1,8,00,00,FF,FF,FF,FF,FF,FF
42271,1313,0xCF00400,1,8,FF,FF,FF,00,00,FF,FF,FF
42272,1314,0xCFF6600,1,8,00,00,FF,FF,FF,FF,FF,FF
42282,1315,0x18FEF100,1,8,3F,00,00,FF,FF,FF,FF,FF
42283,1316,0x18F00500,1,8,FF,FF,FF,FF,20,2D,FF,FF
42284,1317,0x18FEF200,1,8,00,00,00,FB,00,00,00,FF
42291,1318,0xCF00400,1,8,FF,FF,FF,00,00,FF,FF,FF
42292,1319,0xCFF6600,1,8,00,00,FF,FF,FF,FF,FF,FF
42311,1320,0xCF00400,1,8,FF,FF,FF,00,00,FF,FF,FF
42312,1321,0xCFF6600,1,8,00,00,FF,FF,FF,FF,FF,FF
42331,1322,0xCF00400,1,8,FF,FF,FF,00,00,FF,FF,FF
42332,1323,0xCFF6600,1,8,00,00,FF,FF,FF,FF,FF,FF
42351,1324,0xCF00400,1,8,FF,FF,FF,00,00,FF,FF,FF
42352,1325,0xCFF6600,1,8,00,00,FF,FF,FF,FF,FF,FF
42371,1326,0xCF00400,1,8,FF,FF,FF,00,00,FF,FF,FF
42372,1327,0xCFF6600,1,8,00,00,FF,FF,FF,FF,FF,FF
42382,1328,0x18FEF100,1,8,3F,00,00,FF,FF,FF,FF,FF
42383,1329,0x10FF6500,1,8,FC,FF,FF,FF,FF,FF,FF,FF
42383,1330,0x18F00500,1,8,FF,FF,FF,FF,20,2D,FF,FF
42384,1331,0x18FEF200,1,8,00,00,00,FB,00,00,00,FF
42391,1332,0xCF00400,1,8,FF,FF,FF,00,00,FF,FF,FF
42392,1333,0xCFF6600,1,8,00,00,FF,FF,FF,FF,FF,FF
42411,1334,0xCF00400,1,8,FF,FF,FF,00,00,FF,FF,FF
42412,1335,0xCFF6600,1,8,00,00,FF,FF,FF,FF,FF,FF
42431,1336,0xCF00400,1,8,FF,FF,FF,00,00,FF,FF,FF
42432,1337,0xCFF6600,1,8,00,00,FF,FF,FF,FF,FF,FF
42451,1338,0xCF00400,1,8,FF,FF,FF,00,00,FF,FF,FF
42452,1339,0xCFF6600,1,8,00,00,FF,FF,FF,FF,FF,FF
42471,1340,0xCF00400,1,8,FF,FF,FF,00,00,FF,FF,FF
42472,1341,0xCFF6600,1,8,00,00,FF,FF,FF,FF,FF,FF
42482,1342,0x18FEF100,1,8,3F,00,00,FF,FF,FF,FF,FF
42483,1343,0x18F00500,1,8,FF,FF,FF,FF,20,2D,FF,FF
42483,1344,0x18FEF200,1,8,00,00,00,FB,00,00,00,FF
42491,1345,0xCF00400,1,8,FF,FF,FF,00,00,FF,FF,FF
42492,1346,0xCFF6600,1,8,00,00,FF,FF,FF,FF,FF,FF
42511,1347,0xCF00400,1,8,FF,FF,FF,00,00,FF,FF,FF
42512,1348,0xCFF6600,1,8,00,00,FF,FF,FF,FF,FF,FF
42531,1349,0xCF00400,1,8,FF,FF,FF,00,00,FF,FF,FF
42532,1350,0xCFF6600,1,8,00,00,FF,FF,FF,FF,FF,FF
42551,1351,0xCF00400,1,8,FF,FF,FF,00,00,FF,FF,FF
42552,1352,0xCFF6600,1,8,00,00,FF,FF,FF,FF,FF,FF
42571,1353,0xCF00400,1,8,FF,FF,FF,00,00,FF,FF,FF
42572,1354,0xCFF6600,1,8,00,00,FF,FF,FF,FF,FF,FF
42582,1355,0x18FEF100,1,8,3F,00,00,FF,FF,FF,FF,FF
42583,1356,0x10FF6500,1,8,FC,FF,FF,FF,FF,FF,FF,FF
42583,1357,0x18F00500,1,8,FF,FF,FF,FF,20,2D,FF,FF
42584,1358,0x18FEF200,1,8,00,00,00,FB,00,00,00,FF
42591,1359,0xCF00400,1,8,FF,FF,FF,00,00,FF,FF,FF
42592,1360,0xCFF6600,1,8,00,00,FF,FF,FF,FF,FF,FF
42611,1361,0xCF00400,1,8,FF,FF,FF,00,00,FF,FF,FF
42612,1362,0xCFF6600,1,8,00,00,FF,FF,FF,FF,FF,FF
42631,1363,0xCF00400,1,8,FF,FF,FF,00,00,FF,FF,FF
42632,1364,0xCFF6600,1,8,00,00,FF,FF,FF,FF,FF,FF
42651,1365,0xCF00400,1,8,FF,FF,FF,00,00,FF,FF,FF
42652,1366,0xCFF6600,1,8,00,00,FF,FF,FF,FF,FF,FF
42671,1367,0xCF00400,1,8,FF,FF,FF,00,00,FF,FF,FF
42672,1368,0xCFF6600,1,8,00,00,FF,FF,FF,FF,FF,FF
42682,1369,0x18FEF100,1,8,3F,00,00,FF,FF,FF,FF,FF
42683,1370,0x18F00500,1,8,FF,FF,FF,FF,20,2D,FF,FF
42684,1371,0x18F00600,1,8,FF,FF,FF,FF,FF,FF,FF,FF
42685,1372,0x18FEF200,1,8,00,00,00,FB,00,00,00,FF
42685,1373,0x1CFDDF00,1,8,FE,FF,FF,FF,FF,FF,FF,FF
42686,1374,0x1CFF6A00,1,8,FC,FF,FF,FF,FF,FF,FF,FF
42691,1375,0xCF00400,1,8,FF,FF,FF,00,00,FF,FF,FF
42692,1376,0xCFF6600,1,8,00,00,FF,FF,FF,FF,FF,FF
42711,1377,0xCF00400,1,8,FF,FF,FF,00,00,FF,FF,FF
42712,1378,0xCFF6600,1,8,00,00,FF,FF,FF,FF,FF,FF
42731,1379,0xCF00400,1,8,FF,FF,FF,00,00,FF,FF,FF
42732,1380,0xCFF6600,1,8,00,00,FF,FF,FF,FF,FF,FF
42751,1381,0xCF00400,1,8,FF,FF,FF,00,00,FF,FF,FF
42752,1382,0xCFF6600,1,8,00,00,FF,FF,FF,FF,FF,FF
42771,1383,0xCF00400,1,8,FF,FF,FF,00,00,FF,FF,FF
42772,1384,0xCFF6600,1,8,00,00,FF,FF,FF,FF,FF,FF
42782,1385,0x18FEF100,1,8,3F,00,00,FF,FF,FF,FF,FF
42783,1386,0x10FF6500,1,8,FC,FF,FF,FF,FF,FF,FF,FF
42783,1387,0x18F00500,1,8,FF,FF,FF,FF,20,2D,FF,FF
42784,1388,0x18FEF200,1,8,00,00,00,FB,00,00,00,FF
42791,1389,0xCF00400,1,8,FF,FF,FF,00,00,FF,FF,FF
42792,1390,0xCFF6600,1,8,00,00,FF,FF,FF,FF,FF,FF
42811,1391,0xCF00400,1,8,FF,FF,FF,00,00,FF,FF,FF
42812,1392,0xCFF6600,1,8,00,00,FF,FF,FF,FF,FF,FF
42831,1393,0xCF00400,1,8,FF,FF,FF,00,00,FF,FF,FF
42832,1394,0xCFF6600,1,8,00,00,FF,FF,FF,FF,FF,FF
42841,1395,0x18FEEE00,1,8,61,FF,FF,FF,FF,FF,FF,FF
42842,1396,0x18FDE500,1,8,0A,14,1E,28,32,3C,46,13
42851,1397,0xCF00400,1,8,FF,FF,FF,00,00,FF,FF,FF
42852,1398,0xCFF6600,1,8,00,00,FF,FF,FF,FF,FF,FF
42861,1399,0x1CECFF00,1,8,20,0A,00,02,FF,CA,FE,00
42871,1400,0xCF00400,1,8,FF,FF,FF,00,00,FF,FF,FF
42872,1401,0xCFF6600,1,8,00,00,FF,FF,FF,FF,FF,FF
42882,1402,0x18FEF100,1,8,3F,00,00,FF,FF,FF,FF,FF
42883,1403,0x18F00500,1,8,FF,FF,FF,FF,20,2D,FF,FF
42883,1404,0x18FEF200,1,8,00,00,00,FB,00,00,00,FF
42891,1405,0xCF00400,1,8,FF,FF,FF,00,00,FF,FF,FF
42892,1406,0xCFF6600,1,8,00,00,FF,FF,FF,FF,FF,FF
42911,1407,0xCF00400,1,8,FF,FF,FF,00,00,FF,FF,FF
42912,1408,0xCFF6600,1,8,00,00,FF,FF,FF,FF,FF,FF
42913,1409,0x1CEBFF00,1,8,01,40,FF,0F,F0,E5,01,02
42931,1410,0xCF00400,1,8,FF,FF,FF,00,00,FF,FF,FF
42932,1411,0xCFF6600,1,8,00,00,FF,FF,FF,FF,FF,FF
42951,1412,0xCF00400,1,8,FF,FF,FF,00,00,FF,FF,FF
42952,1413,0xCFF6600,1,8,00,00,FF,FF,FF,FF,FF,FF
42961,1414,0x1CEBFF00,1,8,02,F0,E3,01,FF,FF,FF,FF
42971,1415,0xCF00400,1,8,FF,FF,FF,00,00,FF,FF,FF
42972,1416,0xCFF6600,1,8,00,00,FF,FF,FF,FF,FF,FF
42982,1417,0x18FEF100,1,8,3F,00,00,FF,FF,FF,FF,FF
42983,1418,0x10FF6500,1,8,FC,FF,FF,FF,FF,FF,FF,FF
42983,1419,0x18F00500,1,8,FF,FF,FF,FF,20,2D,FF,FF
42984,1420,0x18FEF200,1,8,00,00,00,FB,00,00,00,FF
42991,1421,0xCF00400,1,8,FF,FF,FF,00,00,FF,FF,FF
42992,1422,0xCFF6600,1,8,00,00,FF,FF,FF,FF,FF,FF
43011,1423,0xCF00400,1,8,FF,FF,FF,00,00,FF,FF,FF
43012,1424,0xCFF6600,1,8,00,00,FF,FF,FF,FF,FF,FF
43031,1425,0xCF00400,1,8,FF,FF,FF,00,00,FF,FF,FF
43032,1426,0xCFF6600,1,8,00,00,FF,FF,FF,FF,FF,FF
43051,1427,0xCF00400,1,8,FF,FF,FF,00,00,FF,FF,FF
43052,1428,0xCFF6600,1,8,00,00,FF,FF,FF,FF,FF,FF
43071,1429,0xCF00400,1,8,FF,FF,FF,00,00,FF,FF,FF
43072,1430,0xCFF6600,1,8,00,00,FF,FF,FF,FF,FF,FF
43082,1431,0x18FEF100,1,8,3F,00,00,FF,FF,FF,FF,FF
43083,1432,0x18F00500,1,8,FF,FF,FF,FF,20,2D,FF,FF
43084,1433,0x18FEF200,1,8,00,00,00,FB,00,00,00,FF
43091,1434,0xCF00400,1,8,FF,FF,FF,00,00,FF,FF,FF
43092,1435,0xCFF6600,1,8,00,00,FF,FF,FF,FF,FF,FF
43111,1436,0xCF00400,1,8,FF,FF,FF,00,00,FF,FF,FF
43112,1437,0xCFF6600,1,8,00,00,FF,FF,FF,FF,FF,FF
43131,1438,0xCF00400,1,8,FF,FF,FF,00,00,FF,FF,FF
43132,1439,0xCFF6600,1,8,00,00,FF,FF,FF,FF,FF,FF
43151,1440,0xCF00400,1,8,FF,FF,FF,00,00,FF,FF,FF
43152,1441,0xCFF6600,1,8,00,00,FF,FF,FF,FF,FF,FF
43171,1442,0xCF00400,1,8,FF,FF,FF,00,00,FF,FF,FF
43172,1443,0xCFF6600,1,8,00,00,FF,FF,FF,FF,FF,FF
43182,1444,0x18FEF100,1,8,3F,00,00,FF,FF,FF,FF,FF
43183,1445,0x10FF6500,1,8,FC,FF,FF,FF,FF,FF,FF,FF
43183,1446,0x18F00500,1,8,FF,FF,FF,FF,20,2D,FF,FF
43184,1447,0x18F00600,1,8,FF,FF,FF,FF,FF,FF,FF,FF
43185,1448,0x18FEF200,1,8,00,00,00,FB,00,00,00,FF
43185,1449,0x1CFDDF00,1,8,FE,FF,FF,FF,FF,FF,FF,FF
43186,1450,0x1CFF6A00,1,8,FC,FF,FF,FF,FF,FF,FF,FF
43191,1451,0xCF00400,1,8,FF,FF,FF,00,00,FF,FF,FF
43192,1452,0xCFF6600,1,8,00,00,FF,FF,FF,FF,FF,FF
43211,1453,0xCF00400,1,8,FF,FF,FF,00,00,FF,FF,FF
43212,1454,0xCFF6600,1,8,00,00,FF,FF,FF,FF,FF,FF
43231,1455,0xCF00400,1,8,FF,FF,FF,00,00,FF,FF,FF
43232,1456,0xCFF6600,1,8,00,00,FF,FF,FF,FF,FF,FF
43251,1457,0xCF00400,1,8,FF,FF,FF,00,00,FF,FF,FF
43252,1458,0xCFF6600,1,8,00,00,FF,FF,FF,FF,FF,FF
43271,1459,0xCF00400,1,8,FF,FF,FF,00,00,FF,FF,FF
43272,1460,0xCFF6600,1,8,00,00,FF,FF,FF,FF,FF,FF
43282,1461,0x18FEF100,1,8,3F,00,00,FF,FF,FF,FF,FF
43283,1462,0x18F00500,1,8,FF,FF,FF,FF,20,2D,FF,FF
43283,1463,0x18FEF200,1,8,00,00,00,FB,00,00,00,FF
43291,1464,0xCF00400,1,8,FF,FF,FF,00,00,FF,FF,FF
43292,1465,0xCFF6600,1,8,00,00,FF,FF,FF,FF,FF,FF
43311,1466,0xCF00400,1,8,FF,FF,FF,00,00,FF,FF,FF
43312,1467,0xCFF6600,1,8,00,00,FF,FF,FF,FF,FF,FF
43331,1468,0xCF00400,1,8,FF,FF,FF,00,00,FF,FF,FF
43332,1469,0xCFF6600,1,8,00,00,FF,FF,FF,FF,FF,FF
43351,1470,0xCF00400,1,8,FF,FF,FF,00,00,FF,FF,FF
43352,1471,0xCFF6600,1,8,00,00,FF,FF,FF,FF,FF,FF
43371,1472,0xCF00400,1,8,FF,FF,FF,00,00,FF,FF,FF
43372,1473,0xCFF6600,1,8,00,00,FF,FF,FF,FF,FF,FF
43382,1474,0x18FEF100,1,8,3F,00,00,FF,FF,FF,FF,FF
43383,1475,0x10FF6500,1,8,FC,FF,FF,FF,FF,FF,FF,FF
43383,1476,0x18F00500,1,8,FF,FF,FF,FF,20,2D,FF,FF
43384,1477,0x18FEF200,1,8,00,00,00,FB,00,00,00,FF
43391,1478,0xCF00400,1,8,FF,FF,FF,00,00,FF,FF,FF
43392,1479,0xCFF6600,1,8,00,00,FF,FF,FF,FF,FF,FF
43411,1480,0xCF00400,1,8,FF,FF,FF,00,00,FF,FF,FF
43412,1481,0xCFF6600,1,8,00,00,FF,FF,FF,FF,FF,FF
43431,1482,0xCF00400,1,8,FF,FF,FF,00,00,FF,FF,FF
43432,1483,0xCFF6600,1,8,00,00,FF,FF,FF,FF,FF,FF
43451,1484,0xCF00400,1,8,FF,FF,FF,00,00,FF,FF,FF
43452,1485,0xCFF6600,1,8,00,00,FF,FF,FF,FF,FF,FF
43471,1486,0xCF00400,1,8,FF,FF,FF,00,00,FF,FF,FF
43472,1487,0xCFF6600,1,8,00,00,FF,FF,FF,FF,FF,FF
43482,1488,0x18FEF100,1,8,3F,00,00,FF,FF,FF,FF,FF
43483,1489,0x18F00500,1,8,FF,FF,FF,FF,20,2D,FF,FF
43483,1490,0x18FEF200,1,8,00,00,00,FB,00,00,00,FF
43491,1491,0xCF00400,1,8,FF,FF,FF,00,00,FF,FF,FF
43492,1492,0xCFF6600,1,8,00,00,FF,FF,FF,FF,FF,FF
43511,1493,0xCF00400,1,8,FF,FF,FF,00,00,FF,FF,FF
43512,1494,0xCFF6600,1,8,00,00,FF,FF,FF,FF,FF,FF
43531,1495,0xCF00400,1,8,FF,FF,FF,00,00,FF,FF,FF
43532,1496,0xCFF6600,1,8,00,00,FF,FF,FF,FF,FF,FF
43551,1497,0xCF00400,1,8,FF,FF,FF,00,00,FF,FF,FF
43552,1498,0xCFF6600,1,8,00,00,FF,FF,FF,FF,FF,FF
43571,1499,0xCF00400,1,8,FF,FF,FF,00,00,FF,FF,FF
43572,1500,0xCFF6600,1,8,00,00,FF,FF,FF,FF,FF,FF
43582,1501,0x18FEF100,1,8,3F,00,00,FF,FF,FF,FF,FF
43583,1502,0x10FF6500,1,8,FC,FF,FF,FF,FF,FF,FF,FF
43583,1503,0x18F00500,1,8,FF,FF,FF,FF,20,2D,FF,FF
43584,1504,0x18FEF200,1,8,00,00,00,FB,00,00,00,FF
43591,1505,0xCF00400,1,8,FF,FF,FF,00,00,FF,FF,FF
43592,1506,0xCFF6600,1,8,00,00,FF,FF,FF,FF,FF,FF
43611,1507,0xCF00400,1,8,FF,FF,FF,00,00,FF,FF,FF
43612,1508,0xCFF6600,1,8,00,00,FF,FF,FF,FF,FF,FF
43631,1509,0xCF00400,1,8,FF,FF,FF,00,00,FF,FF,FF
43632,1510,0xCFF6600,1,8,00,00,FF,FF,FF,FF,FF,FF
43651,1511,0xCF00400,1,8,FF,FF,FF,00,00,FF,FF,FF
43652,1512,0xCFF6600,1,8,00,00,FF,FF,FF,FF,FF,FF
43671,1513,0xCF00400,1,8,FF,FF,FF,00,00,FF,FF,FF
43672,1514,0xCFF6600,1,8,00,00,FF,FF,FF,FF,FF,FF
43682,1515,0x18FEF100,1,8,3F,00,00,FF,FF,FF,FF,FF
43683,1516,0x18F00500,1,8,FF,FF,FF,FF,20,2D,FF,FF
43683,1517,0x18F00600,1,8,FF,FF,FF,FF,FF,FF,FF,FF
43684,1518,0x18FEF200,1,8,00,00,00,FB,00,00,00,FF
43685,1519,0x1CFDDF00,1,8,FE,FF,FF,FF,FF,FF,FF,FF
43685,1520,0x1CFF6A00,1,8,FC,FF,FF,FF,FF,FF,FF,FF
43691,1521,0xCF00400,1,8,FF,FF,FF,00,00,FF,FF,FF
43692,1522,0xCFF6600,1,8,00,00,FF,FF,FF,FF,FF,FF
43711,1523,0xCF00400,1,8,FF,FF,FF,00,00,FF,FF,FF
43712,1524,0xCFF6600,1,8,00,00,FF,FF,FF,FF,FF,FF
43731,1525,0xCF00400,1,8,FF,FF,FF,00,00,FF,FF,FF
43732,1526,0xCFF6600,1,8,00,00,FF,FF,FF,FF,FF,FF
43751,1527,0xCF00400,1,8,FF,FF,FF,00,00,FF,FF,FF
43752,1528,0xCFF6600,1,8,00,00,FF,FF,FF,FF,FF,FF
43771,1529,0xCF00400,1,8,FF,FF,FF,00,00,FF,FF,FF
43772,1530,0xCFF6600,1,8,00,00,FF,FF,FF,FF,FF,FF
43782,1531,0x18FEF100,1,8,3F,00,00,FF,FF,FF,FF,FF
43783,1532,0x10FF6500,1,8,FC,FF,FF,FF,FF,FF,FF,FF
43783,1533,0x18F00500,1,8,FF,FF,FF,FF,20,2D,FF,FF
43784,1534,0x18FEF200,1,8,00,00,00,FB,00,00,00,FF
43791,1535,0xCF00400,1,8,FF,FF,FF,00,00,FF,FF,FF
43792,1536,0xCFF6600,1,8,00,00,FF,FF,FF,FF,FF,FF
43811,1537,0xCF00400,1,8,FF,FF,FF,00,00,FF,FF,FF
43812,1538,0xCFF6600,1,8,00,00,FF,FF,FF,FF,FF,FF
43831,1539,0xCF00400,1,8,FF,FF,FF,00,00,FF,FF,FF
43832,1540,0xCFF6600,1,8,00,00,FF,FF,FF,FF,FF,FF
43841,1541,0x18FEEE00,1,8,61,FF,FF,FF,FF,FF,FF,FF
43842,1542,0x18FDE500,1,8,0A,14,1E,28,32,3C,46,13
43851,1543,0xCF00400,1,8,FF,FF,FF,00,00,FF,FF,FF
43852,1544,0xCFF6600,1,8,00,00,FF,FF,FF,FF,FF,FF
43861,1545,0x1CECFF00,1,8,20,0A,00,02,FF,CA,FE,00
43871,1546,0xCF00400,1,8,FF,FF,FF,00,00,FF,FF,FF
43872,1547,0xCFF6600,1,8,00,00,FF,FF,FF,FF,FF,FF
43882,1548,0x18FEF100,1,8,3F,00,00,FF,FF,FF,FF,FF
43883,1549,0x18F00500,1,8,FF,FF,FF,FF,20,2D,FF,FF
43884,1550,0x18FEF200,1,8,00,00,00,FB,00,00,00,FF
43891,1551,0xCF00400,1,8,FF,FF,FF,00,00,FF,FF,FF
43892,1552,0xCFF6600,1,8,00,00,FF,FF,FF,FF,FF,FF
43911,1553,0xCF00400,1,8,FF,FF,FF,00,00,FF,FF,FF
43912,1554,0xCFF6600,1,8,00,00,FF,FF,FF,FF,FF,FF
43913,1555,0x1CEBFF00,1,8,01,40,FF,0F,F0,E5,01,02
43931,1556,0xCF00400,1,8,FF,FF,FF,00,00,FF,FF,FF
43932,1557,0xCFF6600,1,8,00,00,FF,FF,FF,FF,FF,FF
43951,1558,0xCF00400,1,8,FF,FF,FF,00,00,FF,FF,FF
43952,1559,0xCFF6600,1,8,00,00,FF,FF,FF,FF,FF,FF
43961,1560,0x1CEBFF00,1,8,02,F0,E3,01,FF,FF,FF,FF
43971,1561,0xCF00400,1,8,FF,FF,FF,00,00,FF,FF,FF
43972,1562,0xCFF6600,1,8,00,00,FF,FF,FF,FF,FF,FF
43982,1563,0x18FEF100,1,8,3F,00,00,FF,FF,FF,FF,FF
43983,1564,0x10FF6500,1,8,FC,FF,FF,FF,FF,FF,FF,FF
43983,1565,0x18F00500,1,8,FF,FF,FF,FF,20,2D,FF,FF
43984,1566,0x18FEF200,1,8,00,00,00,FB,00,00,00,FF
43991,1567,0xCF00400,1,8,FF,FF,FF,00,00,FF,FF,FF
43992,1568,0xCFF6600,1,8,00,00,FF,FF,FF,FF,FF,FF
44011,1569,0xCF00400,1,8,FF,FF,FF,00,00,FF,FF,FF
44012,1570,0xCFF6600,1,8,00,00,FF,FF,FF,FF,FF,FF
44031,1571,0xCF00400,1,8,FF,FF,FF,00,00,FF,FF,FF
44032,1572,0xCFF6600,1,8,00,00,FF,FF,FF,FF,FF,FF
44051,1573,0xCF00400,1,8,FF,FF,FF,00,00,FF,FF,FF
44052,1574,0xCFF6600,1,8,00,00,FF,FF,FF,FF,FF,FF
44071,1575,0xCF00400,1,8,FF,FF,FF,00,00,FF,FF,FF
44072,1576,0xCFF6600,1,8,00,00,FF,FF,FF,FF,FF,FF
44082,1577,0x18FEF100,1,8,3F,00,00,FF,FF,FF,FF,FF
44083,1578,0x18F00500,1,8,FF,FF,FF,FF,20,2D,FF,FF
44083,1579,0x18FEF200,1,8,00,00,00,FB,00,00,00,FF
44091,1580,0xCF00400,1,8,FF,FF,FF,00,00,FF,FF,FF
44092,1581,0xCFF6600,1,8,00,00,FF,FF,FF,FF,FF,FF
44111,1582,0xCF00400,1,8,FF,FF,FF,00,00,FF,FF,FF
44112,1583,0xCFF6600,1,8,00,00,FF,FF,FF,FF,FF,FF
44131,1584,0xCF00400,1,8,FF,FF,FF,00,00,FF,FF,FF
44132,1585,0xCFF6600,1,8,00,00,FF,FF,FF,FF,FF,FF
44151,1586,0xCF00400,1,8,FF,FF,FF,00,00,FF,FF,FF
44152,1587,0xCFF6600,1,8,00,00,FF,FF,FF,FF,FF,FF
44171,1588,0xCF00400,1,8,FF,FF,FF,00,00,FF,FF,FF
44172,1589,0xCFF6600,1,8,00,00,FF,FF,FF,FF,FF,FF
44182,1590,0x18FEF100,1,8,3F,00,00,FF,FF,FF,FF,FF
44183,1591,0x10FF6500,1,8,FC,FF,FF,FF,FF,FF,FF,FF
44183,1592,0x18F00500,1,8,FF,FF,FF,FF,20,2D,FF,FF
44185,1593,0x18F00600,1,8,FF,FF,FF,FF,FF,FF,FF,FF
44185,1594,0x18FEF200,1,8,00,00,00,FB,00,00,00,FF
44186,1595,0x1CFDDF00,1,8,FE,FF,FF,FF,FF,FF,FF,FF
44187,1596,0x1CFF6A00,1,8,FC,FF,FF,FF,FF,FF,FF,FF
44191,1597,0xCF00400,1,8,FF,FF,FF,00,00,FF,FF,FF
44192,1598,0xCFF6600,1,8,00,00,FF,FF,FF,FF,FF,FF
44211,1599,0xCF00400,1,8,FF,FF,FF,00,00,FF,FF,FF
44212,1600,0xCFF6600,1,8,00,00,FF,FF,FF,FF,FF,FF
44231,1601,0xCF00400,1,8,FF,FF,FF,00,00,FF,FF,FF
44232,1602,0xCFF6600,1,8,00,00,FF,FF,FF,FF,FF,FF
44251,1603,0xCF00400,1,8,FF,FF,FF,00,00,FF,FF,FF
44252,1604,0xCFF6600,1,8,00,00,FF,FF,FF,FF,FF,FF
44271,1605,0xCF00400,1,8,FF,FF,FF,00,00,FF,FF,FF
44272,1606,0xCFF6600,1,8,00,00,FF,FF,FF,FF,FF,FF
44282,1607,0x18FEF100,1,8,3F,00,00,FF,FF,FF,FF,FF
44283,1608,0x18F00500,1,8,FF,FF,FF,FF,20,2D,FF,FF
44283,1609,0x18FEF200,1,8,00,00,00,FB,00,00,00,FF
44291,1610,0xCF00400,1,8,FF,FF,FF,00,00,FF,FF,FF
44292,1611,0xCFF6600,1,8,00,00,FF,FF,FF,FF,FF,FF
44311,1612,0xCF00400,1,8,FF,FF,FF,00,00,FF,FF,FF
44312,1613,0xCFF6600,1,8,00,00,FF,FF,FF,FF,FF,FF
44331,1614,0xCF00400,1,8,FF,FF,FF,00,00,FF,FF,FF
44332,1615,0xCFF6600,1,8,00,00,FF,FF,FF,FF,FF,FF
44351,1616,0xCF00400,1,8,FF,FF,FF,00,00,FF,FF,FF
44352,1617,0xCFF6600,1,8,00,00,FF,FF,FF,FF,FF,FF
44371,1618,0xCF00400,1,8,FF,FF,FF,00,00,FF,FF,FF
44372,1619,0xCFF6600,1,8,00,00,FF,FF,FF,FF,FF,FF
44382,1620,0x18FEF100,1,8,3F,00,00,FF,FF,FF,FF,FF
44383,1621,0x10FF6500,1,8,FC,FF,FF,FF,FF,FF,FF,FF
44383,1622,0x18F00500,1,8,FF,FF,FF,FF,20,2D,FF,FF
44384,1623,0x18FEF200,1,8,00,00,00,FB,00,00,00,FF
44391,1624,0xCF00400,1,8,FF,FF,FF,00,00,FF,FF,FF
44392,1625,0xCFF6600,1,8,00,00,FF,FF,FF,FF,FF,FF
44411,1626,0xCF00400,1,8,FF,FF,FF,00,00,FF,FF,FF
44412,1627,0xCFF6600,1,8,00,00,FF,FF,FF,FF,FF,FF
44431,1628,0xCF00400,1,8,FF,FF,FF,00,00,FF,FF,FF
44432,1629,0xCFF6600,1,8,00,00,FF,FF,FF,FF,FF,FF
44451,1630,0xCF00400,1,8,FF,FF,FF,00,00,FF,FF,FF
44452,1631,0xCFF6600,1,8,00,00,FF,FF,FF,FF,FF,FF
44471,1632,0xCF00400,1,8,FF,FF,FF,00,00,FF,FF,FF
44472,1633,0xCFF6600,1,8,00,00,FF,FF,FF,FF,FF,FF
44482,1634,0x18FEF100,1,8,3F,00,00,FF,FF,FF,FF,FF
44483,1635,0x18F00500,1,8,FF,FF,FF,FF,20,2D,FF,FF
44484,1636,0x18FEF200,1,8,00,00,00,FB,00,00,00,FF
44491,1637,0xCF00400,1,8,FF,FF,FF,00,00,FF,FF,FF
44492,1638,0xCFF6600,1,8,00,00,FF,FF,FF,FF,FF,FF
44511,1639,0xCF00400,1,8,FF,FF,FF,00,00,FF,FF,FF
44512,1640,0xCFF6600,1,8,00,00,FF,FF,FF,FF,FF,FF
44531,1641,0xCF00400,1,8,FF,FF,FF,00,00,FF,FF,FF
44532,1642,0xCFF6600,1,8,00,00,FF,FF,FF,FF,FF,FF
44551,1643,0xCF00400,1,8,FF,FF,FF,00,00,FF,FF,FF
44552,1644,0xCFF6600,1,8,00,00,FF,FF,FF,FF,FF,FF
44571,1645,0xCF00400,1,8,FF,FF,FF,00,00,FF,FF,FF
44572,1646,0xCFF6600,1,8,00,00,FF,FF,FF,FF,FF,FF
44582,1647,0x18FEF100,1,8,3F,00,00,FF,FF,FF,FF,FF
44583,1648,0x10FF6500,1,8,FC,FF,FF,FF,FF,FF,FF,FF
44583,1649,0x18F00500,1,8,FF,FF,FF,FF,20,2D,FF,FF
44584,1650,0x18FEF200,1,8,00,00,00,FB,00,00,00,FF
44591,1651,0xCF00400,1,8,FF,FF,FF,00,00,FF,FF,FF
44592,1652,0xCFF6600,1,8,00,00,FF,FF,FF,FF,FF,FF
44611,1653,0xCF00400,1,8,FF,FF,FF,00,00,FF,FF,FF
44612,1654,0xCFF6600,1,8,00,00,FF,FF,FF,FF,FF,FF
44631,1655,0xCF00400,1,8,FF,FF,FF,00,00,FF,FF,FF
44632,1656,0xCFF6600,1,8,00,00,FF,FF,FF,FF,FF,FF
44651,1657,0xCF00400,1,8,FF,FF,FF,00,00,FF,FF,FF
44652,1658,0xCFF6600,1,8,00,00,FF,FF,FF,FF,FF,FF
44671,1659,0xCF00400,1,8,FF,FF,FF,00,00,FF,FF,FF
44672,1660,0xCFF6600,1,8,00,00,FF,FF,FF,FF,FF,FF
44682,1661,0x18FEF100,1,8,3F,00,00,FF,FF,FF,FF,FF
44683,1662,0x18F00500,1,8,FF,FF,FF,FF,20,2D,FF,FF
44683,1663,0x18F00600,1,8,FF,FF,FF,FF,FF,FF,FF,FF
44684,1664,0x18FEF200,1,8,00,00,00,FB,00,00,00,FF
44685,1665,0x1CFDDF00,1,8,FE,FF,FF,FF,FF,FF,FF,FF
44685,1666,0x1CFF6A00,1,8,FC,FF,FF,FF,FF,FF,FF,FF
44691,1667,0xCF00400,1,8,FF,FF,FF,00,00,FF,FF,FF
44692,1668,0xCFF6600,1,8,00,00,FF,FF,FF,FF,FF,FF
44711,1669,0xCF00400,1,8,FF,FF,FF,00,00,FF,FF,FF
44712,1670,0xCFF6600,1,8,00,00,FF,FF,FF,FF,FF,FF
44731,1671,0xCF00400,1,8,FF,FF,FF,00,00,FF,FF,FF
44732,1672,0xCFF6600,1,8,00,00,FF,FF,FF,FF,FF,FF
44751,1673,0xCF00400,1,8,FF,FF,FF,00,00,FF,FF,FF
44752,1674,0xCFF6600,1,8,00,00,FF,FF,FF,FF,FF,FF
44771,1675,0xCF00400,1,8,FF,FF,FF,00,00,FF,FF,FF
44772,1676,0xCFF6600,1,8,00,00,FF,FF,FF,FF,FF,FF
44782,1677,0x18FEF100,1,8,3F,00,00,FF,FF,FF,FF,FF
44783,1678,0x10FF6500,1,8,FC,FF,FF,FF,FF,FF,FF,FF
44783,1679,0x18F00500,1,8,FF,FF,FF,FF,20,2D,FF,FF
44784,1680,0x18FEF200,1,8,00,00,00,FB,00,00,00,FF
44791,1681,0xCF00400,1,8,FF,FF,FF,00,00,FF,FF,FF
44792,1682,0xCFF6600,1,8,00,00,FF,FF,FF,FF,FF,FF
44811,1683,0xCF00400,1,8,FF,FF,FF,00,00,FF,FF,FF
44812,1684,0xCFF6600,1,8,00,00,FF,FF,FF,FF,FF,FF
44831,1685,0xCF00400,1,8,FF,FF,FF,00,00,FF,FF,FF
44832,1686,0xCFF6600,1,8,00,00,FF,FF,FF,FF,FF,FF
44841,1687,0x18FEEE00,1,8,61,FF,FF,FF,FF,FF,FF,FF
44842,1688,0x18FDE500,1,8,0A,14,1E,28,32,3C,46,13
44851,1689,0xCF00400,1,8,FF,FF,FF,00,00,FF,FF,FF
44852,1690,0xCFF6600,1,8,00,00,FF,FF,FF,FF,FF,FF
44861,1691,0x1CECFF00,1,8,20,0A,00,02,FF,CA,FE,00
44871,1692,0xCF00400,1,8,FF,FF,FF,00,00,FF,FF,FF
44872,1693,0xCFF6600,1,8,00,00,FF,FF,FF,FF,FF,FF
44882,1694,0x18FEF100,1,8,3F,00,00,FF,FF,FF,FF,FF
44883,1695,0x18F00500,1,8,FF,FF,FF,FF,20,2D,FF,FF
44883,1696,0x18FEF200,1,8,00,00,00,FB,00,00,00,FF
44891,1697,0xCF00400,1,8,FF,FF,FF,00,00,FF,FF,FF
44892,1698,0xCFF6600,1,8,00,00,FF,FF,FF,FF,FF,FF
44911,1699,0xCF00400,1,8,FF,FF,FF,00,00,FF,FF,FF
44912,1700,0xCFF6600,1,8,00,00,FF,FF,FF,FF,FF,FF
44913,1701,0x1CEBFF00,1,8,01,40,FF,0F,F0,E5,01,02
44931,1702,0xCF00400,1,8,FF,FF,FF,00,00,FF,FF,FF
44932,1703,0xCFF6600,1,8,00,00,FF,FF,FF,FF,FF,FF
44951,1704,0xCF00400,1,8,FF,FF,FF,00,00,FF,FF,FF
44952,1705,0xCFF6600,1,8,00,00,FF,FF,FF,FF,FF,FF
44961,1706,0x1CEBFF00,1,8,02,F0,E3,01,FF,FF,FF,FF
44971,1707,0xCF00400,1,8,FF,FF,FF,00,00,FF,FF,FF
44972,1708,0xCFF6600,1,8,00,00,FF,FF,FF,FF,FF,FF
44982,1709,0x18FEF100,1,8,3F,00,00,FF,FF,FF,FF,FF
44983,1710,0x10FF6500,1,8,FC,FF,FF,FF,FF,FF,FF,FF
44983,1711,0x18F00500,1,8,FF,FF,FF,FF,20,2D,FF,FF
44984,1712,0x18FEF200,1,8,00,00,00,FB,00,00,00,FF
44991,1713,0xCF00400,1,8,FF,FF,FF,00,00,FF,FF,FF
44992,1714,0xCFF6600,1,8,00,00,FF,FF,FF,FF,FF,FF
45011,1715,0xCF00400,1,8,FF,FF,FF,00,00,FF,FF,FF
45012,1716,0xCFF6600,1,8,00,00,FF,FF,FF,FF,FF,FF
45031,1717,0xCF00400,1,8,FF,FF,FF,00,00,FF,FF,FF
45032,1718,0xCFF6600,1,8,00,00,FF,FF,FF,FF,FF,FF
45051,1719,0xCF00400,1,8,FF,FF,FF,00,00,FF,FF,FF
45052,1720,0xCFF6600,1,8,00,00,FF,FF,FF,FF,FF,FF
45071,1721,0xCF00400,1,8,FF,FF,FF,00,00,FF,FF,FF
45072,1722,0xCFF6600,1,8,00,00,FF,FF,FF,FF,FF,FF
45082,1723,0x18FEF100,1,8,3F,00,00,FF,FF,FF,FF,FF
45083,1724,0x18F00500,1,8,FF,FF,FF,FF,20,2D,FF,FF
45083,1725,0x18FEF200,1,8,00,00,00,FB,00,00,00,FF
45091,1726,0xCF00400,1,8,FF,FF,FF,00,00,FF,FF,FF
45092,1727,0xCFF6600,1,8,00,00,FF,FF,FF,FF,FF,FF
45111,1728,0xCF00400,1,8,FF,FF,FF,00,00,FF,FF,FF
45112,1729,0xCFF6600,1,8,00,00,FF,FF,FF,FF,FF,FF
45131,1730,0xCF00400,1,8,FF,FF,FF,00,00,FF,FF,FF
45132,1731,0xCFF6600,1,8,00,00,FF,FF,FF,FF,FF,FF
45151,1732,0xCF00400,1,8,FF,FF,FF,00,00,FF,FF,FF
45152,1733,0xCFF6600,1,8,00,00,FF,FF,FF,FF,FF,FF
45171,1734,0xCF00400,1,8,FF,FF,FF,00,00,FF,FF,FF
45172,1735,0xCFF6600,1,8,00,00,FF,FF,FF,FF,FF,FF
45182,1736,0x10FF6500,1,8,FC,FF,FF,FF,FF,FF,FF,FF
45183,1737,0x18F00500,1,8,FF,FF,FF,FF,20,2D,FF,FF
45183,1738,0x18F00600,1,8,FF,FF,FF,FF,FF,FF,FF,FF
45184,1739,0x18FEF100,1,8,3F,00,00,FF,FF,FF,FF,FF
45185,1740,0x18FEF200,1,8,00,00,00,FB,00,00,00,FF
45185,1741,0x1CFDDF00,1,8,FE,FF,FF,FF,FF,FF,FF,FF
45186,1742,0x1CFF6A00,1,8,FC,FF,FF,FF,FF,FF,FF,FF
45191,1743,0xCF00400,1,8,FF,FF,FF,00,00,FF,FF,FF
45192,1744,0xCFF6600,1,8,00,00,FF,FF,FF,FF,FF,FF
45211,1745,0xCF00400,1,8,FF,FF,FF,00,00,FF,FF,FF
45212,1746,0xCFF6600,1,8,00,00,FF,FF,FF,FF,FF,FF
45231,1747,0xCF00400,1,8,FF,FF,FF,00,00,FF,FF,FF
45232,1748,0xCFF6600,1,8,00,00,FF,FF,FF,FF,FF,FF
45251,1749,0xCF00400,1,8,FF,FF,FF,00,00,FF,FF,FF
45272,1750,0xCF00400,1,8,FF,FF,FF,00,00,FF,FF,FF
45272,1751,0xCFF6600,1,8,00,00,FF,FF,FF,FF,FF,FF
45283,1752,0x18F00500,1,8,FF,FF,FF,FF,20,2D,FF,FF
45283,1753,0x18FEF100,1,8,3F,00,00,FF,FF,FF,FF,FF
45284,1754,0x18FEF200,1,8,00,00,00,FB,00,00,00,FF
45291,1755,0xCF00400,1,8,FF,FF,FF,00,00,FF,FF,FF
45292,1756,0xCFF6600,1,8,00,00,FF,FF,FF,FF,FF,FF
45311,1757,0xCF00400,1,8,FF,FF,FF,00,00,FF,FF,FF
45312,1758,0xCFF6600,1,8,00,00,FF,FF,FF,FF,FF,FF
45331,1759,0xCF00400,1,8,FF,FF,FF,00,00,FF,FF,FF
45332,1760,0xCFF6600,1,8,00,00,FF,FF,FF,FF,FF,FF
45351,1761,0xCF00400,1,8,FF,FF,FF,00,00,FF,FF,FF
45352,1762,0xCFF6600,1,8,00,00,FF,FF,FF,FF,FF,FF
45371,1763,0xCF00400,1,8,FF,FF,FF,00,00,FF,FF,FF
45372,1764,0xCFF6600,1,8,00,00,FF,FF,FF,FF,FF,FF
45382,1765,0x18FEF100,1,8,3F,00,00,FF,FF,FF,FF,FF
45383,1766,0x10FF6500,1,8,FC,FF,FF,FF,FF,FF,FF,FF
45384,1767,0x18F00500,1,8,FF,FF,FF,FF,20,2D,FF,FF
45384,1768,0x18FEF200,1,8,00,00,00,FB,00,00,00,FF
45392,1769,0xCF00400,1,8,FF,FF,FF,00,00,FF,FF,FF
45392,1770,0xCFF6600,1,8,00,00,FF,FF,FF,FF,FF,FF
45412,1771,0xCF00400,1,8,FF,FF,FF,00,00,FF,FF,FF
45413,1772,0xCFF6600,1,8,00,00,FF,FF,FF,FF,FF,FF
45432,1773,0xCF00400,1,8,FF,FF,FF,00,00,FF,FF,FF
45432,1774,0xCFF6600,1,8,00,00,FF,FF,FF,FF,FF,FF
45452,1775,0xCF00400,1,8,FF,FF,FF,00,00,FF,FF,FF
45452,1776,0xCFF6600,1,8,00,00,FF,FF,FF,FF,FF,FF
45473,1777,0xCF00400,1,8,FF,FF,FF,00,00,FF,FF,FF
45473,1778,0xCFF6600,1,8,00,00,FF,FF,FF,FF,FF,FF
45483,1779,0x18F00500,1,8,FF,FF,FF,FF,20,2D,FF,FF
45484,1780,0x18FEF100,1,8,3F,00,00,FF,FF,FF,FF,FF
45485,1781,0x18FEF200,1,8,00,00,00,FB,00,00,00,FF
45491,1782,0xCF00400,1,8,FF,FF,FF,00,00,FF,FF,FF
45512,1783,0xCF00400,1,8,FF,FF,FF,00,00,FF,FF,FF
45513,1784,0xCFF6600,1,8,00,00,FF,FF,FF,FF,FF,FF
45531,1785,0xCF00400,1,8,FF,FF,FF,00,00,FF,FF,FF
45532,1786,0xCFF6600,1,8,00,00,FF,FF,FF,FF,FF,FF
45551,1787,0xCF00400,1,8,FF,FF,FF,00,00,FF,FF,FF
45552,1788,0xCFF6600,1,8,00,00,FF,FF,FF,FF,FF,FF
45571,1789,0xCF00400,1,8,FF,FF,FF,00,00,FF,FF,FF
45572,1790,0xCFF6600,1,8,00,00,FF,FF,FF,FF,FF,FF
45582,1791,0x18FEF100,1,8,3F,00,00,FF,FF,FF,FF,FF
45583,1792,0x10FF6500,1,8,FC,FF,FF,FF,FF,FF,FF,FF
45584,1793,0x18F00500,1,8,FF,FF,FF,FF,20,2D,FF,FF
45585,1794,0x18FEF200,1,8,00,00,00,FB,00,00,00,FF
45592,1795,0xCF00400,1,8,FF,FF,FF,00,00,FF,FF,FF
45592,1796,0xCFF6600,1,8,00,00,FF,FF,FF,FF,FF,FF
45612,1797,0xCF00400,1,8,FF,FF,FF,00,00,FF,FF,FF
45612,1798,0xCFF6600,1,8,00,00,FF,FF,FF,FF,FF,FF
45632,1799,0xCF00400,1,8,FF,FF,FF,00,00,FF,FF,FF
45632,1800,0xCFF6600,1,8,00,00,FF,FF,FF,FF,FF,FF
45652,1801,0xCF00400,1,8,FF,FF,FF,00,00,FF,FF,FF
45653,1802,0xCFF6600,1,8,00,00,FF,FF,FF,FF,FF,FF
45671,1803,0xCF00400,1,8,FF,FF,FF,00,00,FF,FF,FF
45672,1804,0xCFF6600,1,8,00,00,FF,FF,FF,FF,FF,FF
45682,1805,0x18FEF100,1,8,3F,00,00,FF,FF,FF,FF,FF
45683,1806,0x18F00500,1,8,FF,FF,FF,FF,20,2D,FF,FF
45683,1807,0x18F00600,1,8,FF,FF,FF,FF,FF,FF,FF,FF
45684,1808,0x18FEF200,1,8,00,00,00,FB,00,00,00,FF
45685,1809,0x1CFDDF00,1,8,FE,FF,FF,FF,FF,FF,FF,FF
45685,1810,0x1CFF6A00,1,8,FC,FF,FF,FF,FF,FF,FF,FF
45691,1811,0xCF00400,1,8,FF,FF,FF,00,00,FF,FF,FF
45692,1812,0xCFF6600,1,8,00,00,FF,FF,FF,FF,FF,FF
45711,1813,0xCF00400,1,8,FF,FF,FF,00,00,FF,FF,FF
45712,1814,0xCFF6600,1,8,00,00,FF,FF,FF,FF,FF,FF
45731,1815,0xCF00400,1,8,FF,FF,FF,00,00,FF,FF,FF
45751,1816,0xCF00400,1,8,FF,FF,FF,00,00,FF,FF,FF
45752,1817,0xCFF6600,1,8,00,00,FF,FF,FF,FF,FF,FF
45771,1818,0xCF00400,1,8,FF,FF,FF,00,00,FF,FF,FF
45772,1819,0xCFF6600,1,8,00,00,FF,FF,FF,FF,FF,FF
45782,1820,0x18FEF100,1,8,3F,00,00,FF,FF,FF,FF,FF
45783,1821,0x10FF6500,1,8,FC,FF,FF,FF,FF,FF,FF,FF
45783,1822,0x18F00500,1,8,FF,FF,FF,FF,20,2D,FF,FF
45784,1823,0x18FEF200,1,8,00,00,00,FB,00,00,00,FF
45792,1824,0xCF00400,1,8,FF,FF,FF,00,00,FF,FF,FF
45792,1825,0xCFF6600,1,8,00,00,FF,FF,FF,FF,FF,FF
45812,1826,0xCF00400,1,8,FF,FF,FF,00,00,FF,FF,FF
45812,1827,0xCFF6600,1,8,00,00,FF,FF,FF,FF,FF,FF
45832,1828,0xCF00400,1,8,FF,FF,FF,00,00,FF,FF,FF
45832,1829,0xCFF6600,1,8,00,00,FF,FF,FF,FF,FF,FF
45842,1830,0x18FDE500,1,8,0A,14,1E,28,32,3C,46,13
45842,1831,0x18FEEE00,1,8,61,FF,FF,FF,FF,FF,FF,FF
45851,1832,0xCF00400,1,8,FF,FF,FF,00,00,FF,FF,FF
45852,1833,0xCFF6600,1,8,00,00,FF,FF,FF,FF,FF,FF
45861,1834,0x1CECFF00,1,8,20,0A,00,02,FF,CA,FE,00
45891,1835,0xCF00400,1,8,FF,FF,FF,00,00,FF,FF,FF
45891,1836,0xCFF6600,1,8,00,00,FF,FF,FF,FF,FF,FF
45892,1837,0xCF00400,1,8,FF,FF,FF,00,00,FF,FF,FF
45893,1838,0x18F00500,1,8,FF,FF,FF,FF,20,2D,FF,FF
45893,1839,0x18FEF100,1,8,3F,00,00,FF,FF,FF,FF,FF
45894,1840,0x18FEF200,1,8,00,00,00,FB,00,00,00,FF
45911,1841,0xCF00400,1,8,FF,FF,FF,00,00,FF,FF,FF
45912,1842,0xCFF6600,1,8,00,00,FF,FF,FF,FF,FF,FF
45913,1843,0x1CEBFF00,1,8,01,40,FF,0F,F0,E5,01,02
45932,1844,0xCF00400,1,8,FF,FF,FF,00,00,FF,FF,FF
45932,1845,0xCFF6600,1,8,00,00,FF,FF,FF,FF,FF,FF
45952,1846,0xCF00400,1,8,FF,FF,FF,00,00,FF,FF,FF
45952,1847,0xCFF6600,1,8,00,00,FF,FF,FF,FF,FF,FF
45962,1848,0x1CEBFF00,1,8,02,F0,E3,01,FF,FF,FF,FF
45971,1849,0xCF00400,1,8,FF,FF,FF,00,00,FF,FF,FF
45972,1850,0xCFF6600,1,8,00,00,FF,FF,FF,FF,FF,FF
45982,1851,0x10FF6500,1,8,FC,FF,FF,FF,FF,FF,FF,FF
45983,1852,0x18F00500,1,8,FF,FF,FF,FF,20,2D,FF,FF
45983,1853,0x18FEF100,1,8,3F,00,00,FF,FF,FF,FF,FF
45984,1854,0x18FEF200,1,8,00,00,00,FB,00,00,00,FF
45991,1855,0xCF00400,1,8,FF,FF,FF,00,00,FF,FF,FF
46011,1856,0xCFF6600,1,8,00,00,FF,FF,FF,FF,FF,FF
46012,1857,0xCF00400,1,8,FF,FF,FF,00,00,FF,FF,FF
46031,1858,0xCF00400,1,8,FF,FF,FF,00,00,FF,FF,FF
46032,1859,0xCFF6600,1,8,00,00,FF,FF,FF,FF,FF,FF
46051,1860,0xCF00400,1,8,FF,FF,FF,00,00,FF,FF,FF
46052,1861,0xCFF6600,1,8,00,00,FF,FF,FF,FF,FF,FF
46071,1862,0xCF00400,1,8,FF,FF,FF,00,00,FF,FF,FF
46072,1863,0xCFF6600,1,8,00,00,FF,FF,FF,FF,FF,FF
46082,1864,0x18FEF100,1,8,3F,00,00,FF,FF,FF,FF,FF
46083,1865,0x18F00500,1,8,FF,FF,FF,FF,20,2D,FF,FF
46084,1866,0x18FEF200,1,8,00,00,00,FB,00,00,00,FF
46091,1867,0xCF00400,1,8,FF,FF,FF,00,00,FF,FF,FF
46092,1868,0xCFF6600,1,8,00,00,FF,FF,FF,FF,FF,FF
46112,1869,0xCF00400,1,8,FF,FF,FF,00,00,FF,FF,FF
46112,1870,0xCFF6600,1,8,00,00,FF,FF,FF,FF,FF,FF
46132,1871,0xCF00400,1,8,FF,FF,FF,00,00,FF,FF,FF
46132,1872,0xCFF6600,1,8,00,00,FF,FF,FF,FF,FF,FF
46152,1873,0xCF00400,1,8,FF,FF,FF,00,00,FF,FF,FF
46153,1874,0xCFF6600,1,8,00,00,FF,FF,FF,FF,FF,FF
46172,1875,0xCF00400,1,8,FF,FF,FF,00,00,FF,FF,FF
46172,1876,0xCFF6600,1,8,00,00,FF,FF,FF,FF,FF,FF
46183,1877,0x10FF6500,1,8,FC,FF,FF,FF,FF,FF,FF,FF
46183,1878,0x18F00500,1,8,FF,FF,FF,FF,20,2D,FF,FF
46184,1879,0x18F00600,1,8,FF,FF,FF,FF,FF,FF,FF,FF
46184,1880,0x18FEF100,1,8,3F,00,00,FF,FF,FF,FF,FF
46205,1881,0xCF00400,1,8,FF,FF,FF,00,00,FF,FF,FF
46205,1882,0xCFF6600,1,8,00,00,FF,FF,FF,FF,FF,FF
46206,1883,0x18FEF200,1,8,00,00,00,FB,00,00,00,FF
46207,1884,0x1CFDDF00,1,8,FE,FF,FF,FF,FF,FF,FF,FF
46207,1885,0x1CFF6A00,1,8,FC,FF,FF,FF,FF,FF,FF,FF
46211,1886,0xCF00400,1,8,FF,FF,FF,00,00,FF,FF,FF
46212,1887,0xCFF6600,1,8,00,00,FF,FF,FF,FF,FF,FF
46231,1888,0xCF00400,1,8,FF,FF,FF,00,00,FF,FF,FF
46232,1889,0xCFF6600,1,8,00,00,FF,FF,FF,FF,FF,FF
46251,1890,0xCF00400,1,8,FF,FF,FF,00,00,FF,FF,FF
46252,1891,0xCFF6600,1,8,00,00,FF,FF,FF,FF,FF,FF
46271,1892,0xCF00400,1,8,FF,FF,FF,00,00,FF,FF,FF
46272,1893,0xCFF6600,1,8,00,00,FF,FF,FF,FF,FF,FF
46282,1894,0x18FEF100,1,8,3F,00,00,FF,FF,FF,FF,FF
46283,1895,0x18F00500,1,8,FF,FF,FF,FF,20,2D,FF,FF
46283,1896,0x18FEF200,1,8,00,00,00,FB,00,00,00,FF
46291,1897,0xCF00400,1,8,FF,FF,FF,00,00,FF,FF,FF
46292,1898,0xCFF6600,1,8,00,00,FF,FF,FF,FF,FF,FF
46311,1899,0xCF00400,1,8,FF,FF,FF,00,00,FF,FF,FF
46312,1900,0xCFF6600,1,8,00,00,FF,FF,FF,FF,FF,FF
46335,1901,0xCF00400,1,8,FF,FF,FF,00,00,FF,FF,FF
46335,1902,0xCFF6600,1,8,00,00,FF,FF,FF,FF,FF,FF
46352,1903,0xCF00400,1,8,FF,FF,FF,00,00,FF,FF,FF
46352,1904,0xCFF6600,1,8,00,00,FF,FF,FF,FF,FF,FF
46372,1905,0xCF00400,1,8,FF,FF,FF,00,00,FF,FF,FF
46392,1906,0xCF00400,1,8,FF,FF,FF,00,00,FF,FF,FF
46393,1907,0xCFF6600,1,8,00,00,FF,FF,FF,FF,FF,FF
46393,1908,0x10FF6500,1,8,FC,FF,FF,FF,FF,FF,FF,FF
46394,1909,0x18F00500,1,8,FF,FF,FF,FF,20,2D,FF,FF
46395,1910,0x18FEF100,1,8,3F,00,00,FF,FF,FF,FF,FF
46395,1911,0x18FEF200,1,8,00,00,00,FB,00,00,00,FF
46412,1912,0xCF00400,1,8,FF,FF,FF,00,00,FF,FF,FF
46412,1913,0xCFF6600,1,8,00,00,FF,FF,FF,FF,FF,FF
46432,1914,0xCF00400,1,8,FF,FF,FF,00,00,FF,FF,FF
46432,1915,0xCFF6600,1,8,00,00,FF,FF,FF,FF,FF,FF
46452,1916,0xCF00400,1,8,FF,FF,FF,00,00,FF,FF,FF
46452,1917,0xCFF6600,1,8,00,00,FF,FF,FF,FF,FF,FF
46472,1918,0xCF00400,1,8,FF,FF,FF,00,00,FF,FF,FF
46473,1919,0xCFF6600,1,8,00,00,FF,FF,FF,FF,FF,FF
46483,1920,0x18F00500,1,8,FF,FF,FF,FF,20,2D,FF,FF
46483,1921,0x18FEF100,1,8,3F,00,00,FF,FF,FF,FF,FF
46484,1922,0x18FEF200,1,8,00,00,00,FB,00,00,00,FF
46492,1923,0xCF00400,1,8,FF,FF,FF,00,00,FF,FF,FF
46492,1924,0xCFF6600,1,8,00,00,FF,FF,FF,FF,FF,FF
46512,1925,0xCF00400,1,8,FF,FF,FF,00,00,FF,FF,FF
46512,1926,0xCFF6600,1,8,00,00,FF,FF,FF,FF,FF,FF
46532,1927,0xCF00400,1,8,FF,FF,FF,00,00,FF,FF,FF
46533,1928,0xCFF6600,1,8,00,00,FF,FF,FF,FF,FF,FF
46551,1929,0xCF00400,1,8,FF,FF,FF,00,00,FF,FF,FF
46552,1930,0xCFF6600,1,8,00,00,FF,FF,FF,FF,FF,FF
46571,1931,0xCF00400,1,8,FF,FF,FF,00,00,FF,FF,FF
46572,1932,0xCFF6600,1,8,00,00,FF,FF,FF,FF,FF,FF
46582,1933,0x18FEF100,1,8,3F,00,00,FF,FF,FF,FF,FF
46603,1934,0xCF00400,1,8,FF,FF,FF,00,00,FF,FF,FF
46604,1935,0xCFF6600,1,8,00,00,FF,FF,FF,FF,FF,FF
46605,1936,0x10FF6500,1,8,FC,FF,FF,FF,FF,FF,FF,FF
46605,1937,0x18F00500,1,8,FF,FF,FF,FF,20,2D,FF,FF
46606,1938,0x18FEF200,1,8,00,00,00,FB,00,00,00,FF
46612,1939,0xCF00400,1,8,FF,FF,FF,00,00,FF,FF,FF
46612,1940,0xCFF6600,1,8,00,00,FF,FF,FF,FF,FF,FF
46632,1941,0xCF00400,1,8,FF,FF,FF,00,00,FF,FF,FF
46632,1942,0xCFF6600,1,8,00,00,FF,FF,FF,FF,FF,FF
46652,1943,0xCF00400,1,8,FF,FF,FF,00,00,FF,FF,FF
46652,1944,0xCFF6600,1,8,00,00,FF,FF,FF,FF,FF,FF
46672,1945,0xCF00400,1,8,FF,FF,FF,00,00,FF,FF,FF
46672,1946,0xCFF6600,1,8,00,00,FF,FF,FF,FF,FF,FF
46683,1947,0x18F00500,1,8,FF,FF,FF,FF,20,2D,FF,FF
46684,1948,0x18F00600,1,8,FF,FF,FF,FF,FF,FF,FF,FF
46685,1949,0x18FEF100,1,8,3F,00,00,FF,FF,FF,FF,FF
46685,1950,0x18FEF200,1,8,00,00,00,FB,00,00,00,FF
46686,1951,0x1CFDDF00,1,8,FE,FF,FF,FF,FF,FF,FF,FF
46686,1952,0x1CFF6A00,1,8,FC,FF,FF,FF,FF,FF,FF,FF
46691,1953,0xCF00400,1,8,FF,FF,FF,00,00,FF,FF,FF
46692,1954,0xCFF6600,1,8,00,00,FF,FF,FF,FF,FF,FF
46712,1955,0xCF00400,1,8,FF,FF,FF,00,00,FF,FF,FF
46732,1956,0xCF00400,1,8,FF,FF,FF,00,00,FF,FF,FF
46733,1957,0xCFF6600,1,8,00,00,FF,FF,FF,FF,FF,FF
46751,1958,0xCF00400,1,8,FF,FF,FF,00,00,FF,FF,FF
46752,1959,0xCFF6600,1,8,00,00,FF,FF,FF,FF,FF,FF
46771,1960,0xCF00400,1,8,FF,FF,FF,00,00,FF,FF,FF
46772,1961,0xCFF6600,1,8,00,00,FF,FF,FF,FF,FF,FF
46783,1962,0x10FF6500,1,8,FC,FF,FF,FF,FF,FF,FF,FF
46783,1963,0x18F00500,1,8,FF,FF,FF,FF,20,2D,FF,FF
46784,1964,0x18FEF100,1,8,3F,00,00,FF,FF,FF,FF,FF
46784,1965,0x18FEF200,1,8,00,00,00,FB,00,00,00,FF
46792,1966,0xCF00400,1,8,FF,FF,FF,00,00,FF,FF,FF
46792,1967,0xCFF6600,1,8,00,00,FF,FF,FF,FF,FF,FF
46812,1968,0xCF00400,1,8,FF,FF,FF,00,00,FF,FF,FF
46812,1969,0xCFF6600,1,8,00,00,FF,FF,FF,FF,FF,FF
46832,1970,0xCF00400,1,8,FF,FF,FF,00,00,FF,FF,FF
46833,1971,0xCFF6600,1,8,00,00,FF,FF,FF,FF,FF,FF
46841,1972,0x18FEEE00,1,8,61,FF,FF,FF,FF,FF,FF,FF
46842,1973,0x18FDE500,1,8,0A,14,1E,28,32,3C,46,13
46851,1974,0xCF00400,1,8,FF,FF,FF,00,00,FF,FF,FF
46852,1975,0xCFF6600,1,8,00,00,FF,FF,FF,FF,FF,FF
46861,1976,0x1CECFF00,1,8,20,0A,00,02,FF,CA,FE,00
46873,1977,0xCF00400,1,8,FF,FF,FF,00,00,FF,FF,FF
46874,1978,0xCFF6600,1,8,00,00,FF,FF,FF,FF,FF,FF
46883,1979,0x18F00500,1,8,FF,FF,FF,FF,20,2D,FF,FF
46884,1980,0x18FEF100,1,8,3F,00,00,FF,FF,FF,FF,FF
46885,1981,0x18FEF200,1,8,00,00,00,FB,00,00,00,FF
46892,1982,0xCF00400,1,8,FF,FF,FF,00,00,FF,FF,FF
46892,1983,0xCFF6600,1,8,00,00,FF,FF,FF,FF,FF,FF
46912,1984,0xCF00400,1,8,FF,FF,FF,00,00,FF,FF,FF
46913,1985,0xCFF6600,1,8,00,00,FF,FF,FF,FF,FF,FF
46913,1986,0x1CEBFF00,1,8,01,40,FF,0F,F0,E5,01,02
46931,1987,0xCF00400,1,8,FF,FF,FF,00,00,FF,FF,FF
46932,1988,0xCFF6600,1,8,00,00,FF,FF,FF,FF,FF,FF
46951,1989,0xCF00400,1,8,FF,FF,FF,00,00,FF,FF,FF
46952,1990,0xCFF6600,1,8,00,00,FF,FF,FF,FF,FF,FF
46961,1991,0x1CEBFF00,1,8,02,F0,E3,01,FF,FF,FF,FF
46971,1992,0xCF00400,1,8,FF,FF,FF,00,00,FF,FF,FF
46972,1993,0xCFF6600,1,8,00,00,FF,FF,FF,FF,FF,FF
46982,1994,0x18FEF100,1,8,3F,00,00,FF,FF,FF,FF,FF
46983,1995,0x10FF6500,1,8,FC,FF,FF,FF,FF,FF,FF,FF
46983,1996,0x18F00500,1,8,FF,FF,FF,FF,20,2D,FF,FF
46984,1997,0x18FEF200,1,8,00,00,00,FB,00,00,00,FF
46994,1998,0xCF00400,1,8,FF,FF,FF,00,00,FF,FF,FF
46994,1999,0xCFF6600,1,8,00,00,FF,FF,FF,FF,FF,FF
47012,2000,0xCF00400,1,8,FF,FF,FF,00,00,FF,FF,FF
47012,2001,0xCFF6600,1,8,00,00,FF,FF,FF,FF,FF,FF
47032,2002,0xCF00400,1,8,FF,FF,FF,00,00,FF,FF,FF
47032,2003,0xCFF6600,1,8,00,00,FF,FF,FF,FF,FF,FF
47052,2004,0xCF00400,1,8,FF,FF,FF,00,00,FF,FF,FF
47072,2005,0xCF00400,1,8,FF,FF,FF,00,00,FF,FF,FF
47072,2006,0xCFF6600,1,8,00,00,FF,FF,FF,FF,FF,FF
47082,2007,0x18FEF100,1,8,3F,00,00,FF,FF,FF,FF,FF
47083,2008,0x18F00500,1,8,FF,FF,FF,FF,20,2D,FF,FF
47084,2009,0x18FEF200,1,8,00,00,00,FB,00,00,00,FF
47091,2010,0xCF00400,1,8,FF,FF,FF,00,00,FF,FF,FF
47092,2011,0xCFF6600,1,8,00,00,FF,FF,FF,FF,FF,FF
47111,2012,0xCF00400,1,8,FF,FF,FF,00,00,FF,FF,FF
47112,2013,0xCFF6600,1,8,00,00,FF,FF,FF,FF,FF,FF
47131,2014,0xCF00400,1,8,FF,FF,FF,00,00,FF,FF,FF
47132,2015,0xCFF6600,1,8,00,00,FF,FF,FF,FF,FF,FF
47152,2016,0xCF00400,1,8,FF,FF,FF,00,00,FF,FF,FF
47152,2017,0xCFF6600,1,8,00,00,FF,FF,FF,FF,FF,FF
47172,2018,0xCF00400,1,8,FF,FF,FF,00,00,FF,FF,FF
47172,2019,0xCFF6600,1,8,00,00,FF,FF,FF,FF,FF,FF
47182,2020,0x10FF6500,1,8,FC,FF,FF,FF,FF,FF,FF,FF
47183,2021,0x18F00500,1,8,FF,FF,FF,FF,20,2D,FF,FF
47184,2022,0x18F00600,1,8,FF,FF,FF,FF,FF,FF,FF,FF
47184,2023,0x18FEF100,1,8,3F,00,00,FF,FF,FF,FF,FF
47185,2024,0x18FEF200,1,8,00,00,00,FB,00,00,00,FF
47185,2025,0x1CFDDF00,1,8,FE,FF,FF,FF,FF,FF,FF,FF
47186,2026,0x1CFF6A00,1,8,FC,FF,FF,FF,FF,FF,FF,FF
47191,2027,0xCF00400,1,8,FF,FF,FF,00,00,FF,FF,FF
47192,2028,0xCFF6600,1,8,00,00,FF,FF,FF,FF,FF,FF
47211,2029,0xCF00400,1,8,FF,FF,FF,00,00,FF,FF,FF
47212,2030,0xCFF6600,1,8,00,00,FF,FF,FF,FF,FF,FF
47233,2031,0xCF00400,1,8,FF,FF,FF,00,00,FF,FF,FF
47233,2032,0xCFF6600,1,8,00,00,FF,FF,FF,FF,FF,FF
47252,2033,0xCF00400,1,8,FF,FF,FF,00,00,FF,FF,FF
47252,2034,0xCFF6600,1,8,00,00,FF,FF,FF,FF,FF,FF
47272,2035,0xCF00400,1,8,FF,FF,FF,00,00,FF,FF,FF
47272,2036,0xCFF6600,1,8,00,00,FF,FF,FF,FF,FF,FF
47282,2037,0x18F00500,1,8,FF,FF,FF,FF,20,2D,FF,FF
47283,2038,0x18FEF100,1,8,3F,00,00,FF,FF,FF,FF,FF
47284,2039,0x18FEF200,1,8,00,00,00,FB,00,00,00,FF
47293,2040,0xCF00400,1,8,FF,FF,FF,00,00,FF,FF,FF
47294,2041,0xCFF6600,1,8,00,00,FF,FF,FF,FF,FF,FF
47312,2042,0xCF00400,1,8,FF,FF,FF,00,00,FF,FF,FF
47312,2043,0xCFF6600,1,8,00,00,FF,FF,FF,FF,FF,FF
47332,2044,0xCF00400,1,8,FF,FF,FF,00,00,FF,FF,FF
47332,2045,0xCFF6600,1,8,00,00,FF,FF,FF,FF,FF,FF
47352,2046,0xCF00400,1,8,FF,FF,FF,00,00,FF,FF,FF
47352,2047,0xCFF6600,1,8,00,00,FF,FF,FF,FF,FF,FF
47372,2048,0xCF00400,1,8,FF,FF,FF,00,00,FF,FF,FF
47392,2049,0xCF00400,1,8,FF,FF,FF,00,00,FF,FF,FF
47392,2050,0xCFF6600,1,8,00,00,FF,FF,FF,FF,FF,FF
47393,2051,0x10FF6500,1,8,FC,FF,FF,FF,FF,FF,FF,FF
47394,2052,0x18F00500,1,8,FF,FF,FF,FF,20,2D,FF,FF
47395,2053,0x18FEF100,1,8,3F,00,00,FF,FF,FF,FF,FF
47395,2054,0x18FEF200,1,8,00,00,00,FB,00,00,00,FF
47411,2055,0xCF00400,1,8,FF,FF,FF,00,00,FF,FF,FF
47412,2056,0xCFF6600,1,8,00,00,FF,FF,FF,FF,FF,FF
47431,2057,0xCF00400,1,8,FF,FF,FF,00,00,FF,FF,FF
47432,2058,0xCFF6600,1,8,00,00,FF,FF,FF,FF,FF,FF
47452,2059,0xCF00400,1,8,FF,FF,FF,00,00,FF,FF,FF
47452,2060,0xCFF6600,1,8,00,00,FF,FF,FF,FF,FF,FF
47472,2061,0xCF00400,1,8,FF,FF,FF,00,00,FF,FF,FF
47472,2062,0xCFF6600,1,8,00,00,FF,FF,FF,FF,FF,FF
47483,2063,0x18F00500,1,8,FF,FF,FF,FF,20,2D,FF,FF
47483,2064,0x18FEF100,1,8,3F,00,00,FF,FF,FF,FF,FF
47484,2065,0x18FEF200,1,8,00,00,00,FB,00,00,00,FF
47491,2066,0xCF00400,1,8,FF,FF,FF,00,00,FF,FF,FF
47492,2067,0xCFF6600,1,8,00,00,FF,FF,FF,FF,FF,FF
47511,2068,0xCF00400,1,8,FF,FF,FF,00,00,FF,FF,FF
47512,2069,0xCFF6600,1,8,00,00,FF,FF,FF,FF,FF,FF
47531,2070,0xCF00400,1,8,FF,FF,FF,00,00,FF,FF,FF
47532,2071,0xCFF6600,1,8,00,00,FF,FF,FF,FF,FF,FF
47570,2072,0xCF00400,1,8,FF,FF,FF,00,00,FF,FF,FF
47570,2073,0xCFF6600,1,8,00,00,FF,FF,FF,FF,FF,FF
47571,2074,0x18EEFF00,1,8,08,CF,60,06,00,00,00,00
47571,2075,0xCF00400,1,8,FF,FF,FF,00,00,FF,FF,FF
47572,2076,0xCFF6600,1,8,00,00,FF,FF,FF,FF,FF,FF
47582,2077,0x18F00500,1,8,FF,FF,FF,FF,20,2D,FF,FF
47583,2078,0x10FF6500,1,8,FC,FF,FF,FF,FF,FF,FF,FF
47583,2079,0x18FEF100,1,8,3F,00,00,FF,FF,FF,FF,FF
47584,2080,0x18FEF200,1,8,00,00,00,FB,00,00,00,FF
47591,2081,0xCF00400,1,8,FF,FF,FF,00,00,FF,FF,FF
47592,2082,0xCFF6600,1,8,00,00,FF,FF,FF,FF,FF,FF
47611,2083,0xCF00400,1,8,FF,FF,FF,00,00,FF,FF,FF
47612,2084,0xCFF6600,1,8,00,00,FF,FF,FF,FF,FF,FF
47631,2085,0xCF00400,1,8,FF,FF,FF,00,00,FF,FF,FF
47632,2086,0xCFF6600,1,8,00,00,FF,FF,FF,FF,FF,FF
47651,2087,0xCF00400,1,8,FF,FF,FF,00,00,FF,FF,FF
47652,2088,0xCFF6600,1,8,00,00,FF,FF,FF,FF,FF,FF
47671,2089,0xCF00400,1,8,FF,FF,FF,00,00,FF,FF,FF
47672,2090,0xCFF6600,1,8,00,00,FF,FF,FF,FF,FF,FF
47682,2091,0x18FEF100,1,8,3F,00,00,FF,FF,FF,FF,FF
47683,2092,0x18F00500,1,8,FF,FF,FF,FF,20,2D,FF,FF
47706,2093,0xCF00400,1,8,FF,FF,FF,00,00,FF,FF,FF
47707,2094,0xCFF6600,1,8,00,00,FF,FF,FF,FF,FF,FF
47708,2095,0x18F00600,1,8,FF,FF,FF,FF,FF,FF,FF,FF
47709,2096,0x18FEF200,1,8,00,00,00,FB,00,00,00,FF
47709,2097,0x1CFDDF00,1,8,FE,FF,FF,FF,FF,FF,FF,FF
47710,2098,0x1CFF6A00,1,8,FC,FF,FF,FF,FF,FF,FF,FF
47711,2099,0xCF00400,1,8,FF,FF,FF,00,00,FF,FF,FF
47712,2100,0xCFF6600,1,8,00,00,FF,FF,FF,FF,FF,FF
47731,2101,0xCF00400,1,8,FF,FF,FF,00,00,FF,FF,FF
47732,2102,0xCFF6600,1,8,00,00,FF,FF,FF,FF,FF,FF
47751,2103,0xCF00400,1,8,FF,FF,FF,00,00,FF,FF,FF
47752,2104,0xCFF6600,1,8,00,00,FF,FF,FF,FF,FF,FF
47771,2105,0xCF00400,1,8,FF,FF,FF,00,00,FF,FF,FF
47772,2106,0xCFF6600,1,8,00,00,FF,FF,FF,FF,FF,FF
47782,2107,0x10FF6500,1,8,FC,FF,FF,FF,FF,FF,FF,FF
47783,2108,0x18F00500,1,8,FF,FF,FF,FF,20,2D,FF,FF
47783,2109,0x18FEF100,1,8,3F,00,00,FF,FF,FF,FF,FF
47784,2110,0x18FEF200,1,8,00,00,00,FB,00,00,00,FF
47791,2111,0xCF00400,1,8,FF,FF,FF,00,00,FF,FF,FF
47792,2112,0xCFF6600,1,8,00,00,FF,FF,FF,FF,FF,FF
47811,2113,0xCF00400,1,8,FF,FF,FF,00,00,FF,FF,FF
47812,2114,0xCFF6600,1,8,00,00,FF,FF,FF,FF,FF,FF
47831,2115,0xCF00400,1,8,FF,FF,FF,00,00,FF,FF,FF
47852,2116,0xCF00400,1,8,FF,FF,FF,00,00,FF,FF,FF
47852,2117,0xCFF6600,1,8,00,00,FF,FF,FF,FF,FF,FF
47853,2118,0x18FDE500,1,8,0A,14,1E,28,32,3C,46,13
47853,2119,0x18FEEE00,1,8,60,FF,FF,FF,FF,FF,FF,FF
47861,2120,0x1CECFF00,1,8,20,0A,00,02,FF,CA,FE,00
47871,2121,0xCF00400,1,8,FF,FF,FF,00,00,FF,FF,FF
47872,2122,0xCFF6600,1,8,00,00,FF,FF,FF,FF,FF,FF
47882,2123,0x18FEF100,1,8,3F,00,00,FF,FF,FF,FF,FF
47883,2124,0x18F00500,1,8,FF,FF,FF,FF,20,2D,FF,FF
47883,2125,0x18FEF200,1,8,00,00,00,FB,00,00,00,FF
47892,2126,0xCF00400,1,8,FF,FF,FF,00,00,FF,FF,FF
47893,2127,0xCFF6600,1,8,00,00,FF,FF,FF,FF,FF,FF
47911,2128,0xCF00400,1,8,FF,FF,FF,00,00,FF,FF,FF
47912,2129,0xCFF6600,1,8,00,00,FF,FF,FF,FF,FF,FF
47913,2130,0x1CEBFF00,1,8,01,40,FF,0F,F0,E5,01,02
47932,2131,0xCF00400,1,8,FF,FF,FF,00,00,FF,FF,FF
47932,2132,0xCFF6600,1,8,00,00,FF,FF,FF,FF,FF,FF
47952,2133,0xCF00400,1,8,FF,FF,FF,00,00,FF,FF,FF
47952,2134,0xCFF6600,1,8,00,00,FF,FF,FF,FF,FF,FF
47962,2135,0x1CEBFF00,1,8,02,F0,E3,01,FF,FF,FF,FF
47971,2136,0xCF00400,1,8,FF,FF,FF,00,00,FF,FF,FF
47972,2137,0xCFF6600,1,8,00,00,FF,FF,FF,FF,FF,FF
47983,2138,0x10FF6500,1,8,FC,FF,FF,FF,FF,FF,FF,FF
47983,2139,0x18F00500,1,8,FF,FF,FF,FF,20,2D,FF,FF
48004,2140,0xCF00400,1,8,FF,FF,FF,00,00,FF,FF,FF
48005,2141,0xCFF6600,1,8,00,00,FF,FF,FF,FF,FF,FF
48005,2142,0x18FEF100,1,8,3F,00,00,FF,FF,FF,FF,FF
48006,2143,0x18FEF200,1,8,00,00,00,FB,00,00,00,FF
48012,2144,0xCF00400,1,8,FF,FF,FF,00,00,FF,FF,FF
48012,2145,0xCFF6600,1,8,00,00,FF,FF,FF,FF,FF,FF
48031,2146,0xCF00400,1,8,FF,FF,FF,00,00,FF,FF,FF
48032,2147,0xCFF6600,1,8,00,00,FF,FF,FF,FF,FF,FF
48051,2148,0xCF00400,1,8,FF,FF,FF,00,00,FF,FF,FF
48052,2149,0xCFF6600,1,8,00,00,FF,FF,FF,FF,FF,FF
48071,2150,0xCF00400,1,8,FF,FF,FF,00,00,FF,FF,FF
48072,2151,0xCFF6600,1,8,00,00,FF,FF,FF,FF,FF,FF
48082,2152,0x18FEF100,1,8,3F,00,00,FF,FF,FF,FF,FF
48083,2153,0x18F00500,1,8,FF,FF,FF,FF,20,2D,FF,FF
48083,2154,0x18FEF200,1,8,00,00,00,FB,00,00,00,FF
48091,2155,0xCF00400,1,8,FF,FF,FF,00,00,FF,FF,FF
48092,2156,0xCFF6600,1,8,00,00,FF,FF,FF,FF,FF,FF
48111,2157,0xCF00400,1,8,FF,FF,FF,00,00,FF,FF,FF
48112,2158,0xCFF6600,1,8,00,00,FF,FF,FF,FF,FF,FF
48131,2159,0xCF00400,1,8,FF,FF,FF,00,00,FF,FF,FF
48152,2160,0xCF00400,1,8,FF,FF,FF,00,00,FF,FF,FF
48152,2161,0xCFF6600,1,8,00,00,FF,FF,FF,FF,FF,FF
48171,2162,0xCF00400,1,8,FF,FF,FF,00,00,FF,FF,FF
48172,2163,0xCFF6600,1,8,00,00,FF,FF,FF,FF,FF,FF
48182,2164,0x18FEF100,1,8,3F,00,00,FF,FF,FF,FF,FF
48183,2165,0x10FF6500,1,8,FC,FF,FF,FF,FF,FF,FF,FF
48183,2166,0x18F00500,1,8,FF,FF,FF,FF,20,2D,FF,FF
48185,2167,0x18F00600,1,8,FF,FF,FF,FF,FF,FF,FF,FF
48185,2168,0x18FEF200,1,8,00,00,00,FB,00,00,00,FF
48186,2169,0x1CFDDF00,1,8,FE,FF,FF,FF,FF,FF,FF,FF
48186,2170,0x1CFF6A00,1,8,FC,FF,FF,FF,FF,FF,FF,FF
48191,2171,0xCF00400,1,8,FF,FF,FF,00,00,FF,FF,FF
48192,2172,0xCFF6600,1,8,00,00,FF,FF,FF,FF,FF,FF
48212,2173,0xCF00400,1,8,FF,FF,FF,00,00,FF,FF,FF
48212,2174,0xCFF6600,1,8,00,00,FF,FF,FF,FF,FF,FF
48232,2175,0xCF00400,1,8,FF,FF,FF,00,00,FF,FF,FF
48232,2176,0xCFF6600,1,8,00,00,FF,FF,FF,FF,FF,FF
48252,2177,0xCF00400,1,8,FF,FF,FF,00,00,FF,FF,FF
48252,2178,0xCFF6600,1,8,00,00,FF,FF,FF,FF,FF,FF
48272,2179,0xCF00400,1,8,FF,FF,FF,00,00,FF,FF,FF
48272,2180,0xCFF6600,1,8,00,00,FF,FF,FF,FF,FF,FF
48282,2181,0x18F00500,1,8,FF,FF,FF,FF,20,2D,FF,FF
48283,2182,0x18FEF100,1,8,3F,00,00,FF,FF,FF,FF,FF
48284,2183,0x18FEF200,1,8,00,00,00,FB,00,00,00,FF
48292,2184,0xCF00400,1,8,FF,FF,FF,00,00,FF,FF,FF
48312,2185,0xCF00400,1,8,FF,FF,FF,00,00,FF,FF,FF
48312,2186,0xCFF6600,1,8,00,00,FF,FF,FF,FF,FF,FF
48331,2187,0xCF00400,1,8,FF,FF,FF,00,00,FF,FF,FF
48332,2188,0xCFF6600,1,8,00,00,FF,FF,FF,FF,FF,FF
48351,2189,0xCF00400,1,8,FF,FF,FF,00,00,FF,FF,FF
48352,2190,0xCFF6600,1,8,00,00,FF,FF,FF,FF,FF,FF
48371,2191,0xCF00400,1,8,FF,FF,FF,00,00,FF,FF,FF
48372,2192,0xCFF6600,1,8,00,00,FF,FF,FF,FF,FF,FF
48382,2193,0x18FEF100,1,8,3F,00,00,FF,FF,FF,FF,FF
48383,2194,0x10FF6500,1,8,FC,FF,FF,FF,FF,FF,FF,FF
48383,2195,0x18F00500,1,8,FF,FF,FF,FF,20,2D,FF,FF
48384,2196,0x18FEF200,1,8,00,00,00,FB,00,00,00,FF
48391,2197,0xCF00400,1,8,FF,FF,FF,00,00,FF,FF,FF
48392,2198,0xCFF6600,1,8,00,00,FF,FF,FF,FF,FF,FF
48411,2199,0xCF00400,1,8,FF,FF,FF,00,00,FF,FF,FF
48412,2200,0xCFF6600,1,8,00,00,FF,FF,FF,FF,FF,FF
48431,2201,0xCF00400,1,8,FF,FF,FF,00,00,FF,FF,FF
48432,2202,0xCFF6600,1,8,00,00,FF,FF,FF,FF,FF,FF
48451,2203,0xCF00400,1,8,FF,FF,FF,00,00,FF,FF,FF
48452,2204,0xCFF6600,1,8,00,00,FF,FF,FF,FF,FF,FF
48471,2205,0xCF00400,1,8,FF,FF,FF,00,00,FF,FF,FF
48492,2206,0xCF00400,1,8,FF,FF,FF,00,00,FF,FF,FF
48493,2207,0xCFF6600,1,8,00,00,FF,FF,FF,FF,FF,FF
48493,2208,0x18F00500,1,8,FF,FF,FF,FF,20,2D,FF,FF
48494,2209,0x18FEF100,1,8,3F,00,00,FF,FF,FF,FF,FF
48494,2210,0x18FEF200,1,8,00,00,00,FB,00,00,00,FF
48512,2211,0xCF00400,1,8,FF,FF,FF,00,00,FF,FF,FF
48512,2212,0xCFF6600,1,8,00,00,FF,FF,FF,FF,FF,FF
48532,2213,0xCF00400,1,8,FF,FF,FF,00,00,FF,FF,FF
48532,2214,0xCFF6600,1,8,00,00,FF,FF,FF,FF,FF,FF
48552,2215,0xCF00400,1,8,FF,FF,FF,00,00,FF,FF,FF
48552,2216,0xCFF6600,1,8,00,00,FF,FF,FF,FF,FF,FF
48572,2217,0xCF00400,1,8,FF,FF,FF,00,00,FF,FF,FF
48572,2218,0xCFF6600,1,8,00,00,FF,FF,FF,FF,FF,FF
48582,2219,0x10FF6500,1,8,FC,FF,FF,FF,FF,FF,FF,FF
48583,2220,0x18F00500,1,8,FF,FF,FF,FF,20,2D,FF,FF
48584,2221,0x18FEF100,1,8,3F,00,00,FF,FF,FF,FF,FF
48584,2222,0x18FEF200,1,8,00,00,00,FB,00,00,00,FF
48592,2223,0xCF00400,1,8,FF,FF,FF,00,00,FF,FF,FF
48592,2224,0xCFF6600,1,8,00,00,FF,FF,FF,FF,FF,FF
48612,2225,0xCF00400,1,8,FF,FF,FF,00,00,FF,FF,FF
48613,2226,0xCFF6600,1,8,00,00,FF,FF,FF,FF,FF,FF
48632,2227,0xCF00400,1,8,FF,FF,FF,00,00,FF,FF,FF
48632,2228,0xCFF6600,1,8,00,00,FF,FF,FF,FF,FF,FF
48652,2229,0xCF00400,1,8,FF,FF,FF,00,00,FF,FF,FF
48653,2230,0xCFF6600,1,8,00,00,FF,FF,FF,FF,FF,FF
48672,2231,0xCF00400,1,8,FF,FF,FF,00,00,FF,FF,FF
48673,2232,0xCFF6600,1,8,00,00,FF,FF,FF,FF,FF,FF
48683,2233,0x18F00500,1,8,FF,FF,FF,FF,20,2D,FF,FF
48704,2234,0xCF00400,1,8,FF,FF,FF,00,00,FF,FF,FF
48704,2235,0xCFF6600,1,8,00,00,FF,FF,FF,FF,FF,FF
48705,2236,0x18F00600,1,8,FF,FF,FF,FF,FF,FF,FF,FF
48706,2237,0x18FEF100,1,8,3F,00,00,FF,FF,FF,FF,FF
48706,2238,0x18FEF200,1,8,00,00,00,FB,00,00,00,FF
48707,2239,0x1CFDDF00,1,8,FE,FF,FF,FF,FF,FF,FF,FF
48708,2240,0x1CFF6A00,1,8,FC,FF,FF,FF,FF,FF,FF,FF
48711,2241,0xCF00400,1,8,FF,FF,FF,00,00,FF,FF,FF
48712,2242,0xCFF6600,1,8,00,00,FF,FF,FF,FF,FF,FF
48731,2243,0xCF00400,1,8,FF,FF,FF,00,00,FF,FF,FF
48732,2244,0xCFF6600,1,8,00,00,FF,FF,FF,FF,FF,FF
48751,2245,0xCF00400,1,8,FF,FF,FF,00,00,FF,FF,FF
48752,2246,0xCFF6600,1,8,00,00,FF,FF,FF,FF,FF,FF
48771,2247,0xCF00400,1,8,FF,FF,FF,00,00,FF,FF,FF
48772,2248,0xCFF6600,1,8,00,00,FF,FF,FF,FF,FF,FF
48782,2249,0x10FF6500,1,8,FC,FF,FF,FF,FF,FF,FF,FF
48783,2250,0x18F00500,1,8,FF,FF,FF,FF,20,2D,FF,FF
48784,2251,0x18FEF100,1,8,3F,00,00,FF,FF,FF,FF,FF
48784,2252,0x18FEF200,1,8,00,00,00,FB,00,00,00,FF
48792,2253,0xCF00400,1,8,FF,FF,FF,00,00,FF,FF,FF
48792,2254,0xCFF6600,1,8,00,00,FF,FF,FF,FF,FF,FF
48812,2255,0xCF00400,1,8,FF,FF,FF,00,00,FF,FF,FF
48812,2256,0xCFF6600,1,8,00,00,FF,FF,FF,FF,FF,FF
48832,2257,0xCF00400,1,8,FF,FF,FF,00,00,FF,FF,FF
48833,2258,0xCFF6600,1,8,00,00,FF,FF,FF,FF,FF,FF
48843,2259,0x18FDE500,1,8,0A,14,1E,28,32,3C,46,13
48844,2260,0x18FEEE00,1,8,60,FF,FF,FF,FF,FF,FF,FF
48851,2261,0xCF00400,1,8,FF,FF,FF,00,00,FF,FF,FF
48852,2262,0xCFF6600,1,8,00,00,FF,FF,FF,FF,FF,FF
48861,2263,0x1CECFF00,1,8,20,0A,00,02,FF,CA,FE,00
48871,2264,0xCF00400,1,8,FF,FF,FF,00,00,FF,FF,FF
48872,2265,0xCFF6600,1,8,00,00,FF,FF,FF,FF,FF,FF
48882,2266,0x18FEF100,1,8,3F,00,00,FF,FF,FF,FF,FF
48883,2267,0x18F00500,1,8,FF,FF,FF,FF,20,2D,FF,FF
48883,2268,0x18FEF200,1,8,00,00,00,FB,00,00,00,FF
48892,2269,0xCF00400,1,8,FF,FF,FF,00,00,FF,FF,FF
48893,2270,0xCFF6600,1,8,00,00,FF,FF,FF,FF,FF,FF
48911,2271,0xCF00400,1,8,FF,FF,FF,00,00,FF,FF,FF
48912,2272,0xCFF6600,1,8,00,00,FF,FF,FF,FF,FF,FF
48933,2273,0xCF00400,1,8,FF,FF,FF,00,00,FF,FF,FF
48933,2274,0xCFF6600,1,8,00,00,FF,FF,FF,FF,FF,FF
48934,2275,0x1CEBFF00,1,8,01,40,FF,0F,F0,E5,01,02
48952,2276,0xCF00400,1,8,FF,FF,FF,00,00,FF,FF,FF
48952,2277,0xCFF6600,1,8,00,00,FF,FF,FF,FF,FF,FF
48962,2278,0x1CEBFF00,1,8,02,F0,E3,01,FF,FF,FF,FF
48972,2279,0xCF00400,1,8,FF,FF,FF,00,00,FF,FF,FF
48972,2280,0xCFF6600,1,8,00,00,FF,FF,FF,FF,FF,FF
48982,2281,0x10FF6500,1,8,FC,FF,FF,FF,FF,FF,FF,FF
48983,2282,0x18F00500,1,8,FF,FF,FF,FF,20,2D,FF,FF
48984,2283,0x18FEF100,1,8,3F,00,00,FF,FF,FF,FF,FF
48984,2284,0x18FEF200,1,8,00,00,00,FB,00,00,00,FF
48991,2285,0xCF00400,1,8,FF,FF,FF,00,00,FF,FF,FF
48992,2286,0xCFF6600,1,8,00,00,FF,FF,FF,FF,FF,FF
49011,2287,0xCF00400,1,8,FF,FF,FF,00,00,FF,FF,FF
49012,2288,0xCFF6600,1,8,00,00,FF,FF,FF,FF,FF,FF
49031,2289,0xCF00400,1,8,FF,FF,FF,00,00,FF,FF,FF
49032,2290,0xCFF6600,1,8,00,00,FF,FF,FF,FF,FF,FF
49051,2291,0xCF00400,1,8,FF,FF,FF,00,00,FF,FF,FF
49052,2292,0xCFF6600,1,8,00,00,FF,FF,FF,FF,FF,FF
49071,2293,0xCF00400,1,8,FF,FF,FF,00,00,FF,FF,FF
49092,2294,0xCF00400,1,8,FF,FF,FF,00,00,FF,FF,FF
49092,2295,0xCFF6600,1,8,00,00,FF,FF,FF,FF,FF,FF
49093,2296,0x18F00500,1,8,FF,FF,FF,FF,20,2D,FF,FF
49093,2297,0x18FEF100,1,8,3F,00,00,FF,FF,FF,FF,FF
49094,2298,0x18FEF200,1,8,00,00,00,FB,00,00,00,FF
49112,2299,0xCF00400,1,8,FF,FF,FF,00,00,FF,FF,FF
49112,2300,0xCFF6600,1,8,00,00,FF,FF,FF,FF,FF,FF
49132,2301,0xCF00400,1,8,FF,FF,FF,00,00,FF,FF,FF
49132,2302,0xCFF6600,1,8,00,00,FF,FF,FF,FF,FF,FF
49152,2303,0xCF00400,1,8,FF,FF,FF,00,00,FF,FF,FF
49152,2304,0xCFF6600,1,8,00,00,FF,FF,FF,FF,FF,FF
49172,2305,0xCF00400,1,8,FF,FF,FF,00,00,FF,FF,FF
49172,2306,0xCFF6600,1,8,00,00,FF,FF,FF,FF,FF,FF
49182,2307,0x10FF6500,1,8,FC,FF,FF,FF,FF,FF,FF,FF
49183,2308,0x18F00500,1,8,FF,FF,FF,FF,20,2D,FF,FF
49184,2309,0x18F00600,1,8,FF,FF,FF,FF,FF,FF,FF,FF
49184,2310,0x18FEF100,1,8,3F,00,00,FF,FF,FF,FF,FF
49185,2311,0x18FEF200,1,8,00,00,00,FB,00,00,00,FF
49186,2312,0x1CFDDF00,1,8,FE,FF,FF,FF,FF,FF,FF,FF
49206,2313,0xCF00400,1,8,FF,FF,FF,00,00,FF,FF,FF
49206,2314,0xCFF6600,1,8,00,00,FF,FF,FF,FF,FF,FF
49207,2315,0x1CFF6A00,1,8,FC,FF,FF,FF,FF,FF,FF,FF
49211,2316,0xCF00400,1,8,FF,FF,FF,00,00,FF,FF,FF
49212,2317,0xCFF6600,1,8,00,00,FF,FF,FF,FF,FF,FF
49231,2318,0xCF00400,1,8,FF,FF,FF,00,00,FF,FF,FF
49232,2319,0xCFF6600,1,8,00,00,FF,FF,FF,FF,FF,FF
49251,2320,0xCF00400,1,8,FF,FF,FF,00,00,FF,FF,FF
49252,2321,0xCFF6600,1,8,00,00,FF,FF,FF,FF,FF,FF
49271,2322,0xCF00400,1,8,FF,FF,FF,00,00,FF,FF,FF
49272,2323,0xCFF6600,1,8,00,00,FF,FF,FF,FF,FF,FF
49282,2324,0x18FEF100,1,8,3F,00,00,FF,FF,FF,FF,FF
49283,2325,0x18F00500,1,8,FF,FF,FF,FF,20,2D,FF,FF
49283,2326,0x18FEF200,1,8,00,00,00,FB,00,00,00,FF
49291,2327,0xCF00400,1,8,FF,FF,FF,00,00,FF,FF,FF
49292,2328,0xCFF6600,1,8,00,00,FF,FF,FF,FF,FF,FF
49315,2329,0xCF00400,1,8,FF,FF,FF,00,00,FF,FF,FF
49316,2330,0xCFF6600,1,8,00,00,FF,FF,FF,FF,FF,FF
49331,2331,0xCF00400,1,8,FF,FF,FF,00,00,FF,FF,FF
49332,2332,0xCFF6600,1,8,00,00,FF,FF,FF,FF,FF,FF
49351,2333,0xCF00400,1,8,FF,FF,FF,00,00,FF,FF,FF
49352,2334,0xCFF6600,1,8,00,00,FF,FF,FF,FF,FF,FF
49371,2335,0xCF00400,1,8,FF,FF,FF,00,00,FF,FF,FF
49372,2336,0xCFF6600,1,8,00,00,FF,FF,FF,FF,FF,FF
49384,2337,0x10FF6500,1,8,FC,FF,FF,FF,FF,FF,FF,FF
49385,2338,0x18F00500,1,8,FF,FF,FF,FF,20,2D,FF,FF
49385,2339,0x18FEF100,1,8,3F,00,00,FF,FF,FF,FF,FF
49386,2340,0x18FEF200,1,8,00,00,00,FB,00,00,00,FF
49393,2341,0xCF00400,1,8,FF,FF,FF,00,00,FF,FF,FF
49393,2342,0xCFF6600,1,8,00,00,FF,FF,FF,FF,FF,FF
49412,2343,0xCF00400,1,8,FF,FF,FF,00,00,FF,FF,FF
49412,2344,0xCFF6600,1,8,00,00,FF,FF,FF,FF,FF,FF
49432,2345,0xCF00400,1,8,FF,FF,FF,00,00,FF,FF,FF
49432,2346,0xCFF6600,1,8,00,00,FF,FF,FF,FF,FF,FF
49452,2347,0xCF00400,1,8,FF,FF,FF,00,00,FF,FF,FF
49477,2348,0xCFF6600,1,8,00,00,FF,FF,FF,FF,FF,FF
49478,2349,0x18EEFF00,1,8,08,CF,60,06,00,00,00,00
49482,2350,0x18FEF100,1,8,3F,00,00,FF,FF,FF,FF,FF
49483,2351,0x18F00500,1,8,FF,FF,FF,FF,20,2D,FF,FF
49483,2352,0x18FEF200,1,8,00,00,00,FB,00,00,00,FF
49491,2353,0xCF00400,1,8,FF,FF,FF,00,00,FF,FF,FF
49492,2354,0xCFF6600,1,8,00,00,FF,FF,FF,FF,FF,FF
49511,2355,0xCF00400,1,8,FF,FF,FF,00,00,FF,FF,FF
49512,2356,0xCFF6600,1,8,00,00,FF,FF,FF,FF,FF,FF
49531,2357,0xCF00400,1,8,FF,FF,FF,00,00,FF,FF,FF
49532,2358,0xCFF6600,1,8,00,00,FF,FF,FF,FF,FF,FF
49552,2359,0xCF00400,1,8,FF,FF,FF,00,00,FF,FF,FF
49552,2360,0xCFF6600,1,8,00,00,FF,FF,FF,FF,FF,FF
49572,2361,0xCF00400,1,8,FF,FF,FF,00,00,FF,FF,FF
49572,2362,0xCFF6600,1,8,00,00,FF,FF,FF,FF,FF,FF
49584,2363,0x10FF6500,1,8,FC,FF,FF,FF,FF,FF,FF,FF
49585,2364,0x18F00500,1,8,FF,FF,FF,FF,20,2D,FF,FF
49586,2365,0x18FEF100,1,8,3F,00,00,FF,FF,FF,FF,FF
49586,2366,0x18FEF200,1,8,00,00,00,FB,00,00,00,FF
49591,2367,0xCF00400,1,8,FF,FF,FF,00,00,FF,FF,FF
49592,2368,0xCFF6600,1,8,00,00,FF,FF,FF,FF,FF,FF
49611,2369,0xCF00400,1,8,FF,FF,FF,00,00,FF,FF,FF
49612,2370,0xCFF6600,1,8,00,00,FF,FF,FF,FF,FF,FF
49631,2371,0xCF00400,1,8,FF,FF,FF,00,00,FF,FF,FF
49632,2372,0xCFF6600,1,8,00,00,FF,FF,FF,FF,FF,FF
49651,2373,0xCF00400,1,8,FF,FF,FF,00,00,FF,FF,FF
49672,2374,0xCF00400,1,8,FF,FF,FF,00,00,FF,FF,FF
49672,2375,0xCFF6600,1,8,00,00,FF,FF,FF,FF,FF,FF
49682,2376,0x18FEF100,1,8,3F,00,00,FF,FF,FF,FF,FF
49683,2377,0x18F00500,1,8,FF,FF,FF,FF,20,2D,FF,FF
49683,2378,0x18F00600,1,8,FF,FF,FF,FF,FF,FF,FF,FF
49684,2379,0x18F00600,1,8,FF,FF,FF,FF,FF,FF,FF,FF
49685,2380,0x18FEF200,1,8,00,00,00,FB,00,00,00,FF
49686,2381,0x1CFDDF00,1,8,FE,FF,FF,FF,FF,FF,FF,FF
49686,2382,0x1CFF6A00,1,8,FC,FF,FF,FF,FF,FF,FF,FF
49692,2383,0xCF00400,1,8,FF,FF,FF,00,00,FF,FF,FF
49692,2384,0xCFF6600,1,8,00,00,FF,FF,FF,FF,FF,FF
49712,2385,0xCF00400,1,8,FF,FF,FF,00,00,FF,FF,FF
49712,2386,0xCFF6600,1,8,00,00,FF,FF,FF,FF,FF,FF
49731,2387,0xCF00400,1,8,FF,FF,FF,00,00,FF,FF,FF
49732,2388,0xCFF6600,1,8,00,00,FF,FF,FF,FF,FF,FF
49751,2389,0xCF00400,1,8,FF,FF,FF,00,00,FF,FF,FF
49752,2390,0xCFF6600,1,8,00,00,FF,FF,FF,FF,FF,FF
49771,2391,0xCF00400,1,8,FF,FF,FF,00,00,FF,FF,FF
49772,2392,0xCFF6600,1,8,00,00,FF,FF,FF,FF,FF,FF
49782,2393,0x18FEF100,1,8,3F,00,00,FF,FF,FF,FF,FF
49783,2394,0x10FF6500,1,8,FC,FF,FF,FF,FF,FF,FF,FF
49784,2395,0x18F00500,1,8,FF,FF,FF,FF,20,2D,FF,FF
49785,2396,0x18FEF200,1,8,00,00,00,FB,00,00,00,FF
49794,2397,0xCF00400,1,8,FF,FF,FF,00,00,FF,FF,FF
49794,2398,0xCFF6600,1,8,00,00,FF,FF,FF,FF,FF,FF
49811,2399,0xCF00400,1,8,FF,FF,FF,00,00,FF,FF,FF
49812,2400,0xCFF6600,1,8,00,00,FF,FF,FF,FF,FF,FF
49831,2401,0xCF00400,1,8,FF,FF,FF,00,00,FF,FF,FF
49832,2402,0xCFF6600,1,8,00,00,FF,FF,FF,FF,FF,FF
49841,2403,0x18FDE500,1,8,0A,14,1E,28,32,3C,46,13
49846,2404,0x18FEEE00,1,8,60,FF,FF,FF,FF,FF,FF,FF
49851,2405,0xCF00400,1,8,FF,FF,FF,00,00,FF,FF,FF
49852,2406,0xCFF6600,1,8,00,00,FF,FF,FF,FF,FF,FF
49861,2407,0x1CECFF00,1,8,20,0A,00,02,FF,CA,FE,00
49871,2408,0xCF00400,1,8,FF,FF,FF,00,00,FF,FF,FF
49872,2409,0xCFF6600,1,8,00,00,FF,FF,FF,FF,FF,FF
49882,2410,0x18FEF100,1,8,3F,00,00,FF,FF,FF,FF,FF
49883,2411,0x18F00500,1,8,FF,FF,FF,FF,20,2D,FF,FF
49903,2412,0xCF00400,1,8,FF,FF,FF,00,00,FF,FF,FF
49904,2413,0xCFF6600,1,8,00,00,FF,FF,FF,FF,FF,FF
49904,2414,0x18FEF200,1,8,00,00,00,FB,00,00,00,FF
49911,2415,0xCF00400,1,8,FF,FF,FF,00,00,FF,FF,FF
49912,2416,0xCFF6600,1,8,00,00,FF,FF,FF,FF,FF,FF
49912,2417,0x1CEBFF00,1,8,01,40,FF,0F,F0,E5,01,02
49931,2418,0xCF00400,1,8,FF,FF,FF,00,00,FF,FF,FF
49932,2419,0xCFF6600,1,8,00,00,FF,FF,FF,FF,FF,FF
49951,2420,0xCF00400,1,8,FF,FF,FF,00,00,FF,FF,FF
49952,2421,0xCFF6600,1,8,00,00,FF,FF,FF,FF,FF,FF
49962,2422,0x1CEBFF00,1,8,02,F0,E3,01,FF,FF,FF,FF
49971,2423,0xCF00400,1,8,FF,FF,FF,00,00,FF,FF,FF
49972,2424,0xCFF6600,1,8,00,00,FF,FF,FF,FF,FF,FF
49982,2425,0x18FEF100,1,8,3F,00,00,FF,FF,FF,FF,FF
49983,2426,0x10FF6500,1,8,FC,FF,FF,FF,FF,FF,FF,FF
49983,2427,0x18F00500,1,8,FF,FF,FF,FF,20,2D,FF,FF
49984,2428,0x18FEF200,1,8,00,00,00,FB,00,00,00,FF
49991,2429,0xCF00400,1,8,FF,FF,FF,00,00,FF,FF,FF
49992,2430,0xCFF6600,1,8,00,00,FF,FF,FF,FF,FF,FF
50011,2431,0xCF00400,1,8,FF,FF,FF,00,00,FF,FF,FF
50012,2432,0xCFF6600,1,8,00,00,FF,FF,FF,FF,FF,FF
50031,2433,0xCF00400,1,8,FF,FF,FF,00,00,FF,FF,FF
50032,2434,0xCFF6600,1,8,00,00,FF,FF,FF,FF,FF,FF
50056,2435,0xCF00400,1,8,FF,FF,FF,00,00,FF,FF,FF
50057,2436,0xCFF6600,1,8,00,00,FF,FF,FF,FF,FF,FF
50072,2437,0xCF00400,1,8,FF,FF,FF,00,00,FF,FF,FF
50073,2438,0xCFF6600,1,8,00,00,FF,FF,FF,FF,FF,FF
50083,2439,0x18F00500,1,8,FF,FF,FF,FF,20,2D,FF,FF
50103,2440,0xCF00400,1,8,FF,FF,FF,00,00,FF,FF,FF
50104,2441,0xCFF6600,1,8,00,00,FF,FF,FF,FF,FF,FF
50104,2442,0x18FEF100,1,8,3F,00,00,FF,FF,FF,FF,FF
50105,2443,0x18FEF200,1,8,00,00,00,FB,00,00,00,FF
50111,2444,0xCF00400,1,8,FF,FF,FF,00,00,FF,FF,FF
50112,2445,0xCFF6600,1,8,00,00,FF,FF,FF,FF,FF,FF
50131,2446,0xCF00400,1,8,FF,FF,FF,00,00,FF,FF,FF
50132,2447,0xCFF6600,1,8,00,00,FF,FF,FF,FF,FF,FF
50151,2448,0xCF00400,1,8,FF,FF,FF,00,00,FF,FF,FF
50152,2449,0xCFF6600,1,8,00,00,FF,FF,FF,FF,FF,FF
50171,2450,0xCF00400,1,8,FF,FF,FF,00,00,FF,FF,FF
50172,2451,0xCFF6600,1,8,00,00,FF,FF,FF,FF,FF,FF
50182,2452,0x10FF6500,1,8,FC,FF,FF,FF,FF,FF,FF,FF
50183,2453,0x18F00500,1,8,FF,FF,FF,FF,20,2D,FF,FF
50183,2454,0x18F00600,1,8,FF,FF,FF,FF,FF,FF,FF,FF
50184,2455,0x18FEF100,1,8,3F,00,00,FF,FF,FF,FF,FF
50185,2456,0x18FEF200,1,8,00,00,00,FB,00,00,00,FF
50185,2457,0x1CFDDF00,1,8,FE,FF,FF,FF,FF,FF,FF,FF
50186,2458,0x1CFF6A00,1,8,FC,FF,FF,FF,FF,FF,FF,FF
50191,2459,0xCF00400,1,8,FF,FF,FF,00,00,FF,FF,FF
50192,2460,0xCFF6600,1,8,00,00,FF,FF,FF,FF,FF,FF
50211,2461,0xCF00400,1,8,FF,FF,FF,00,00,FF,FF,FF
50212,2462,0xCFF6600,1,8,00,00,FF,FF,FF,FF,FF,FF
50231,2463,0xCF00400,1,8,FF,FF,FF,00,00,FF,FF,FF
50251,2464,0xCFF6600,1,8,00,00,FF,FF,FF,FF,FF,FF
50252,2465,0xCF00400,1,8,FF,FF,FF,00,00,FF,FF,FF
50271,2466,0xCF00400,1,8,FF,FF,FF,00,00,FF,FF,FF
50272,2467,0xCFF6600,1,8,00,00,FF,FF,FF,FF,FF,FF
50282,2468,0x18FEF100,1,8,3F,00,00,FF,FF,FF,FF,FF
50283,2469,0x18F00500,1,8,FF,FF,FF,FF,20,2D,FF,FF
50283,2470,0x18FEF200,1,8,00,00,00,FB,00,00,00,FF
50291,2471,0xCF00400,1,8,FF,FF,FF,00,00,FF,FF,FF
50292,2472,0xCFF6600,1,8,00,00,FF,FF,FF,FF,FF,FF
50311,2473,0xCF00400,1,8,FF,FF,FF,00,00,FF,FF,FF
50312,2474,0xCFF6600,1,8,00,00,FF,FF,FF,FF,FF,FF
50331,2475,0xCF00400,1,8,FF,FF,FF,00,00,FF,FF,FF
50332,2476,0xCFF6600,1,8,00,00,FF,FF,FF,FF,FF,FF
50351,2477,0xCF00400,1,8,FF,FF,FF,00,00,FF,FF,FF
50352,2478,0xCFF6600,1,8,00,00,FF,FF,FF,FF,FF,FF
50372,2479,0xCF00400,1,8,FF,FF,FF,00,00,FF,FF,FF
50372,2480,0xCFF6600,1,8,00,00,FF,FF,FF,FF,FF,FF
50382,2481,0x10FF6500,1,8,FC,FF,FF,FF,FF,FF,FF,FF
50383,2482,0x18F00500,1,8,FF,FF,FF,FF,20,2D,FF,FF
50384,2483,0x18FEF100,1,8,3F,00,00,FF,FF,FF,FF,FF
50384,2484,0x18FEF200,1,8,00,00,00,FB,00,00,00,FF
50391,2485,0xCF00400,1,8,FF,FF,FF,00,00,FF,FF,FF
50412,2486,0xCF00400,1,8,FF,FF,FF,00,00,FF,FF,FF
50412,2487,0xCFF6600,1,8,00,00,FF,FF,FF,FF,FF,FF
50431,2488,0xCF00400,1,8,FF,FF,FF,00,00,FF,FF,FF
50432,2489,0xCFF6600,1,8,00,00,FF,FF,FF,FF,FF,FF
50451,2490,0xCF00400,1,8,FF,FF,FF,00,00,FF,FF,FF
50452,2491,0xCFF6600,1,8,00,00,FF,FF,FF,FF,FF,FF
50472,2492,0xCF00400,1,8,FF,FF,FF,00,00,FF,FF,FF
50472,2493,0xCFF6600,1,8,00,00,FF,FF,FF,FF,FF,FF
50483,2494,0x18F00500,1,8,FF,FF,FF,FF,20,2D,FF,FF
50483,2495,0x18FEF100,1,8,3F,00,00,FF,FF,FF,FF,FF
50484,2496,0x18FEF200,1,8,00,00,00,FB,00,00,00,FF
50491,2497,0xCF00400,1,8,FF,FF,FF,00,00,FF,FF,FF
50492,2498,0xCFF6600,1,8,00,00,FF,FF,FF,FF,FF,FF
50511,2499,0xCF00400,1,8,FF,FF,FF,00,00,FF,FF,FF
50512,2500,0xCFF6600,1,8,00,00,FF,FF,FF,FF,FF,FF
50531,2501,0xCF00400,1,8,FF,FF,FF,00,00,FF,FF,FF
50532,2502,0xCFF6600,1,8,00,00,FF,FF,FF,FF,FF,FF
50551,2503,0xCF00400,1,8,FF,FF,FF,00,00,FF,FF,FF
50552,2504,0xCFF6600,1,8,00,00,FF,FF,FF,FF,FF,FF
50574,2505,0xCF00400,1,8,FF,FF,FF,00,00,FF,FF,FF
50574,2506,0xCFF6600,1,8,00,00,FF,FF,FF,FF,FF,FF
50582,2507,0x10FF6500,1,8,FC,FF,FF,FF,FF,FF,FF,FF
50583,2508,0x18F00500,1,8,FF,FF,FF,FF,20,2D,FF,FF
50583,2509,0x18FEF100,1,8,3F,00,00,FF,FF,FF,FF,FF
50584,2510,0x18FEF200,1,8,00,00,00,FB,00,00,00,FF
50591,2511,0xCF00400,1,8,FF,FF,FF,00,00,FF,FF,FF
50612,2512,0xCF00400,1,8,FF,FF,FF,00,00,FF,FF,FF
50612,2513,0xCFF6600,1,8,00,00,FF,FF,FF,FF,FF,FF
50631,2514,0xCF00400,1,8,FF,FF,FF,00,00,FF,FF,FF
50632,2515,0xCFF6600,1,8,00,00,FF,FF,FF,FF,FF,FF
50651,2516,0xCF00400,1,8,FF,FF,FF,00,00,FF,FF,FF
50652,2517,0xCFF6600,1,8,00,00,FF,FF,FF,FF,FF,FF
50671,2518,0xCF00400,1,8,FF,FF,FF,00,00,FF,FF,FF
50672,2519,0xCFF6600,1,8,00,00,FF,FF,FF,FF,FF,FF
50682,2520,0x18FEF100,1,8,3F,00,00,FF,FF,FF,FF,FF
50683,2521,0x18F00500,1,8,FF,FF,FF,FF,20,2D,FF,FF
50684,2522,0x18F00600,1,8,FF,FF,FF,FF,FF,FF,FF,FF
50685,2523,0x18FEF200,1,8,00,00,00,FB,00,00,00,FF
50685,2524,0x1CFDDF00,1,8,FE,FF,FF,FF,FF,FF,FF,FF
50686,2525,0x1CFF6A00,1,8,FC,FF,FF,FF,FF,FF,FF,FF
50691,2526,0xCF00400,1,8,FF,FF,FF,00,00,FF,FF,FF
50692,2527,0xCFF6600,1,8,00,00,FF,FF,FF,FF,FF,FF
50711,2528,0xCF00400,1,8,FF,FF,FF,00,00,FF,FF,FF
50712,2529,0xCFF6600,1,8,00,00,FF,FF,FF,FF,FF,FF
50731,2530,0xCF00400,1,8,FF,FF,FF,00,00,FF,FF,FF
50732,2531,0xCFF6600,1,8,00,00,FF,FF,FF,FF,FF,FF
50751,2532,0xCF00400,1,8,FF,FF,FF,00,00,FF,FF,FF
50752,2533,0xCFF6600,1,8,00,00,FF,FF,FF,FF,FF,FF
50771,2534,0xCF00400,1,8,FF,FF,FF,00,00,FF,FF,FF
50772,2535,0xCFF6600,1,8,00,00,FF,FF,FF,FF,FF,FF
50784,2536,0x10FF6500,1,8,FC,FF,FF,FF,FF,FF,FF,FF
50785,2537,0x18F00500,1,8,FF,FF,FF,FF,20,2D,FF,FF
50785,2538,0x18FEF100,1,8,3F,00,00,FF,FF,FF,FF,FF
50786,2539,0x18FEF200,1,8,00,00,00,FB,00,00,00,FF
50791,2540,0xCF00400,1,8,FF,FF,FF,00,00,FF,FF,FF
50792,2541,0xCFF6600,1,8,00,00,FF,FF,FF,FF,FF,FF
50811,2542,0xCF00400,1,8,FF,FF,FF,00,00,FF,FF,FF
50812,2543,0xCFF6600,1,8,00,00,FF,FF,FF,FF,FF,FF
50849,2544,0xCF00400,1,8,FF,FF,FF,00,00,FF,FF,FF
50850,2545,0xCFF6600,1,8,00,00,FF,FF,FF,FF,FF,FF
50851,2546,0x18EEFF00,1,8,08,CF,60,06,00,00,00,00
50851,2547,0xCF00400,1,8,FF,FF,FF,00,00,FF,FF,FF
50852,2548,0xCFF6600,1,8,00,00,FF,FF,FF,FF,FF,FF
50871,2549,0xCF00400,1,8,FF,FF,FF,00,00,FF,FF,FF
50872,2550,0xCFF6600,1,8,00,00,FF,FF,FF,FF,FF,FF
50882,2551,0x18FEF100,1,8,3F,00,00,FF,FF,FF,FF,FF
50883,2552,0x18F00500,1,8,FF,FF,FF,FF,20,2D,FF,FF
50883,2553,0x18FEF200,1,8,00,00,00,FB,00,00,00,FF
50891,2554,0xCF00400,1,8,FF,FF,FF,00,00,FF,FF,FF
50892,2555,0xCFF6600,1,8,00,00,FF,FF,FF,FF,FF,FF
50911,2556,0xCF00400,1,8,FF,FF,FF,00,00,FF,FF,FF
50912,2557,0xCFF6600,1,8,00,00,FF,FF,FF,FF,FF,FF
50932,2558,0xCF00400,1,8,FF,FF,FF,00,00,FF,FF,FF
50932,2559,0xCFF6600,1,8,00,00,FF,FF,FF,FF,FF,FF
50952,2560,0xCF00400,1,8,FF,FF,FF,00,00,FF,FF,FF
50952,2561,0xCFF6600,1,8,00,00,FF,FF,FF,FF,FF,FF
50972,2562,0xCF00400,1,8,FF,FF,FF,00,00,FF,FF,FF
50972,2563,0xCFF6600,1,8,00,00,FF,FF,FF,FF,FF,FF
50984,2564,0x10FF6500,1,8,FC,FF,FF,FF,FF,FF,FF,FF
50984,2565,0x18F00500,1,8,FF,FF,FF,FF,20,2D,FF,FF
50985,2566,0x18FEF100,1,8,3F,00,00,FF,FF,FF,FF,FF
50986,2567,0x18FEF200,1,8,00,00,00,FB,00,00,00,FF
50991,2568,0xCF00400,1,8,FF,FF,FF,00,00,FF,FF,FF
50992,2569,0xCFF6600,1,8,00,00,FF,FF,FF,FF,FF,FF
51011,2570,0xCF00400,1,8,FF,FF,FF,00,00,FF,FF,FF
51012,2571,0xCFF6600,1,8,00,00,FF,FF,FF,FF,FF,FF
51031,2572,0xCF00400,1,8,FF,FF,FF,00,00,FF,FF,FF
51032,2573,0xCFF6600,1,8,00,00,FF,FF,FF,FF,FF,FF
51051,2574,0xCF00400,1,8,FF,FF,FF,00,00,FF,FF,FF
51071,2575,0xCF00400,1,8,FF,FF,FF,00,00,FF,FF,FF
51072,2576,0xCFF6600,1,8,00,00,FF,FF,FF,FF,FF,FF
51083,2577,0x18F00500,1,8,FF,FF,FF,FF,20,2D,FF,FF
51083,2578,0x18FEF100,1,8,3F,00,00,FF,FF,FF,FF,FF
51084,2579,0x18FEF200,1,8,00,00,00,FB,00,00,00,FF
51091,2580,0xCF00400,1,8,FF,FF,FF,00,00,FF,FF,FF
51092,2581,0xCFF6600,1,8,00,00,FF,FF,FF,FF,FF,FF
51111,2582,0xCF00400,1,8,FF,FF,FF,00,00,FF,FF,FF
51112,2583,0xCFF6600,1,8,00,00,FF,FF,FF,FF,FF,FF
51131,2584,0xCF00400,1,8,FF,FF,FF,00,00,FF,FF,FF
51132,2585,0xCFF6600,1,8,00,00,FF,FF,FF,FF,FF,FF
51151,2586,0xCF00400,1,8,FF,FF,FF,00,00,FF,FF,FF
51152,2587,0xCFF6600,1,8,00,00,FF,FF,FF,FF,FF,FF
51171,2588,0xCF00400,1,8,FF,FF,FF,00,00,FF,FF,FF
51172,2589,0xCFF6600,1,8,00,00,FF,FF,FF,FF,FF,FF
51183,2590,0x10FF6500,1,8,FC,FF,FF,FF,FF,FF,FF,FF
51183,2591,0x18F00500,1,8,FF,FF,FF,FF,20,2D,FF,FF
51184,2592,0x18F00600,1,8,FF,FF,FF,FF,FF,FF,FF,FF
51185,2593,0x18FEF100,1,8,3F,00,00,FF,FF,FF,FF,FF
51185,2594,0x18FEF200,1,8,00,00,00,FB,00,00,00,FF
51186,2595,0x1CFDDF00,1,8,FE,FF,FF,FF,FF,FF,FF,FF
51187,2596,0x1CFF6A00,1,8,FC,FF,FF,FF,FF,FF,FF,FF
51191,2597,0xCF00400,1,8,FF,FF,FF,00,00,FF,FF,FF
51192,2598,0xCFF6600,1,8,00,00,FF,FF,FF,FF,FF,FF
51211,2599,0xCF00400,1,8,FF,FF,FF,00,00,FF,FF,FF
51212,2600,0xCFF6600,1,8,00,00,FF,FF,FF,FF,FF,FF
51213,2601,0x18EA0017,1,3,DA,FE,00,--,--,--,--,--
51338,2602,0x18EEFF00,1,8,08,CF,60,06,00,00,00,00
51970,2603,0x18EEFF00,1,8,08,CF,60,06,00,00,00,00
52271,2604,0xCF00400,1,8,FF,FF,FF,90,07,FF,FF,FF
52272,2605,0xCFF6600,1,8,F2,00,FF,FF,FF,FF,FF,FF
52291,2606,0xCF00400,1,8,FF,FF,FF,90,07,FF,FF,FF
52292,2607,0xCFF6600,1,8,F2,00,FF,FF,FF,FF,FF,FF
52311,2608,0xCF00400,1,8,FF,FF,FF,90,07,FF,FF,FF
52312,2609,0xCFF6600,1,8,F2,00,FF,FF,FF,FF,FF,FF
52331,2610,0xCF00400,1,8,FF,FF,FF,30,08,FF,FF,FF
52332,2611,0xCFF6600,1,8,06,01,FF,FF,FF,FF,FF,FF
52342,2612,0x18FEF100,1,8,3F,00,00,FF,FF,FF,FF,FF
52342,2613,0x18F00500,1,8,FF,FF,FF,FF,20,2D,FF,FF
52343,2614,0x18FEF200,1,8,00,00,00,FB,00,00,00,FF
52351,2615,0xCF00400,1,8,FF,FF,FF,30,08,FF,FF,FF
52352,2616,0xCFF6600,1,8,06,01,FF,FF,FF,FF,FF,FF
52371,2617,0xCF00400,1,8,FF,FF,FF,30,08,FF,FF,FF
52372,2618,0xCFF6600,1,8,06,01,FF,FF,FF,FF,FF,FF
52391,2619,0xCF00400,1,8,FF,FF,FF,30,08,FF,FF,FF
52392,2620,0xCFF6600,1,8,06,01,FF,FF,FF,FF,FF,FF
52411,2621,0xCF00400,1,8,FF,FF,FF,30,08,FF,FF,FF
52412,2622,0xCFF6600,1,8,06,01,FF,FF,FF,FF,FF,FF
52431,2623,0xCF00400,1,8,FF,FF,FF,FA,11,FF,FF,FF
52432,2624,0xCFF6600,1,8,3F,02,FF,FF,FF,FF,FF,FF
52442,2625,0x18FEF100,1,8,3F,00,00,FF,FF,FF,FF,FF
52442,2626,0x10FF6500,1,8,FC,FF,FF,FF,FF,FF,FF,FF
52443,2627,0x18F00500,1,8,FF,FF,FF,FF,20,2D,FF,FF
52443,2628,0x18FEF200,1,8,00,00,00,FB,00,00,00,FF
52451,2629,0xCF00400,1,8,FF,FF,FF,FA,11,FF,FF,FF
52452,2630,0xCFF6600,1,8,3F,02,FF,FF,FF,FF,FF,FF
52472,2631,0xCF00400,1,8,FF,FF,FF,54,28,FF,FF,FF
52472,2632,0xCFF6600,1,8,0A,05,FF,FF,FF,FF,FF,FF
52491,2633,0xCF00400,1,8,FF,FF,FF,54,28,FF,FF,FF
52492,2634,0xCFF6600,1,8,0A,05,FF,FF,FF,FF,FF,FF
52511,2635,0xCF00400,1,8,FF,FF,FF,54,28,FF,FF,FF
52512,2636,0xCFF6600,1,8,0A,05,FF,FF,FF,FF,FF,FF
52531,2637,0xCF00400,1,8,FF,FF,FF,D2,25,FF,FF,FF
52532,2638,0xCFF6600,1,8,BA,04,FF,FF,FF,FF,FF,FF
52542,2639,0x18FEF100,1,8,3F,00,00,FF,FF,FF,FF,FF
52542,2640,0x18F00500,1,8,FF,FF,FF,FF,20,2D,FF,FF
52543,2641,0x18FEF200,1,8,00,00,00,FB,00,00,00,FF
52551,2642,0xCF00400,1,8,FF,FF,FF,D2,25,FF,FF,FF
52552,2643,0xCFF6600,1,8,BA,04,FF,FF,FF,FF,FF,FF
52571,2644,0xCF00400,1,8,FF,FF,FF,D2,25,FF,FF,FF
52572,2645,0xCFF6600,1,8,BA,04,FF,FF,FF,FF,FF,FF
52591,2646,0xCF00400,1,8,FF,FF,FF,14,24,FF,FF,FF
52592,2647,0xCFF6600,1,8,82,04,FF,FF,FF,FF,FF,FF
52611,2648,0xCF00400,1,8,FF,FF,FF,14,24,FF,FF,FF
52612,2649,0xCFF6600,1,8,82,04,FF,FF,FF,FF,FF,FF
52631,2650,0xCF00400,1,8,FF,FF,FF,1E,25,FF,FF,FF
52632,2651,0xCFF6600,1,8,A3,04,FF,FF,FF,FF,FF,FF
52642,2652,0x18FEF100,1,8,3F,00,00,FF,FF,FF,FF,FF
52643,2653,0x10FF6500,1,8,FC,FF,FF,FF,FF,FF,FF,FF
52643,2654,0x18F00500,1,8,FF,FF,FF,FF,20,2D,FF,FF
52644,2655,0x18FEF200,1,8,00,00,00,FB,00,00,00,FF
52651,2656,0xCF00400,1,8,FF,FF,FF,1E,25,FF,FF,FF
52652,2657,0xCFF6600,1,8,A3,04,FF,FF,FF,FF,FF,FF
52671,2658,0xCF00400,1,8,FF,FF,FF,4C,2B,FF,FF,FF
52672,2659,0xCFF6600,1,8,69,05,FF,FF,FF,FF,FF,FF
52691,2660,0xCF00400,1,8,FF,FF,FF,4C,2B,FF,FF,FF
52692,2661,0xCFF6600,1,8,69,05,FF,FF,FF,FF,FF,FF
52711,2662,0xCF00400,1,8,FF,FF,FF,26,30,FF,FF,FF
52712,2663,0xCFF6600,1,8,04,06,FF,FF,FF,FF,FF,FF
52731,2664,0xCF00400,1,8,FF,FF,FF,26,30,FF,FF,FF
52732,2665,0xCFF6600,1,8,04,06,FF,FF,FF,FF,FF,FF
52742,2666,0x18FEF100,1,8,3F,00,00,FF,FF,FF,FF,FF
52742,2667,0x18F00500,1,8,FF,FF,FF,FF,20,2D,FF,FF
52743,2668,0x18F00600,1,8,FF,FF,FF,FF,FF,FF,FF,FF
52744,2669,0x18FEF200,1,8,00,00,00,FB,00,00,00,FF
52744,2670,0x1CFDDF00,1,8,FE,FF,FF,FF,FF,FF,FF,FF
52745,2671,0x1CFF6A00,1,8,FC,FF,FF,FF,FF,FF,FF,FF
52751,2672,0xCF00400,1,8,FF,FF,FF,76,32,FF,FF,FF
52752,2673,0xCFF6600,1,8,4E,06,FF,FF,FF,FF,FF,FF
52772,2674,0xCF00400,1,8,FF,FF,FF,0A,34,FF,FF,FF
52772,2675,0xCFF6600,1,8,81,06,FF,FF,FF,FF,FF,FF
52791,2676,0xCF00400,1,8,FF,FF,FF,0A,34,FF,FF,FF
52792,2677,0xCFF6600,1,8,81,06,FF,FF,FF,FF,FF,FF
52811,2678,0xCF00400,1,8,FF,FF,FF,D4,34,FF,FF,FF
52812,2679,0xCFF6600,1,8,9A,06,FF,FF,FF,FF,FF,FF
52831,2680,0xCF00400,1,8,FF,FF,FF,D4,34,FF,FF,FF
52832,2681,0xCFF6600,1,8,9A,06,FF,FF,FF,FF,FF,FF
52843,2682,0x18FEF100,1,8,3F,00,00,FF,FF,FF,FF,FF
52843,2683,0x10FF6500,1,8,FC,FF,FF,FF,FF,FF,FF,FF
52844,2684,0x18F00500,1,8,FF,FF,FF,FF,20,2D,FF,FF
52844,2685,0x18FEF200,1,8,00,00,00,FB,00,00,00,FF
52851,2686,0xCF00400,1,8,FF,FF,FF,E4,35,FF,FF,FF
52852,2687,0xCFF6600,1,8,BC,06,FF,FF,FF,FF,FF,FF
52871,2688,0xCF00400,1,8,FF,FF,FF,E4,35,FF,FF,FF
52872,2689,0xCFF6600,1,8,BC,06,FF,FF,FF,FF,FF,FF
52892,2690,0xCF00400,1,8,FF,FF,FF,36,37,FF,FF,FF
52892,2691,0xCFF6600,1,8,E6,06,FF,FF,FF,FF,FF,FF
52901,2692,0x18FEEE00,1,8,60,FF,FF,FF,FF,FF,FF,FF
52901,2693,0x18FDE500,1,8,0A,14,1E,28,32,3C,46,13
52911,2694,0xCF00400,1,8,FF,FF,FF,34,38,FF,FF,FF
52912,2695,0xCFF6600,1,8,06,07,FF,FF,FF,FF,FF,FF
52921,2696,0x1CECFF00,1,8,20,0A,00,02,FF,CA,FE,00
52931,2697,0xCF00400,1,8,FF,FF,FF,34,38,FF,FF,FF
52932,2698,0xCFF6600,1,8,06,07,FF,FF,FF,FF,FF,FF
52942,2699,0x18FEF100,1,8,3F,00,00,FF,FF,FF,FF,FF
52943,2700,0x18F00500,1,8,FF,FF,FF,FF,20,2D,FF,FF
52943,2701,0x18FEF200,1,8,11,00,00,FB,00,00,00,FF
52951,2702,0xCF00400,1,8,FF,FF,FF,E2,38,FF,FF,FF
52952,2703,0xCFF6600,1,8,1C,07,FF,FF,FF,FF,FF,FF
52971,2704,0xCF00400,1,8,FF,FF,FF,E2,38,FF,FF,FF
52972,2705,0xCFF6600,1,8,1C,07,FF,FF,FF,FF,FF,FF
52972,2706,0x1CEBFF00,1,8,01,40,FF,0F,F0,E5,01,02
52991,2707,0xCF00400,1,8,FF,FF,FF,58,39,FF,FF,FF
52992,2708,0xCFF6600,1,8,2B,07,FF,FF,FF,FF,FF,FF
53011,2709,0xCF00400,1,8,FF,FF,FF,94,39,FF,FF,FF
53012,2710,0xCFF6600,1,8,32,07,FF,FF,FF,FF,FF,FF
53021,2711,0x1CEBFF00,1,8,02,F0,E3,01,FF,FF,FF,FF
53031,2712,0xCF00400,1,8,FF,FF,FF,94,39,FF,FF,FF
53032,2713,0xCFF6600,1,8,32,07,FF,FF,FF,FF,FF,FF
53042,2714,0x18FEF100,1,8,3F,00,00,FF,FF,FF,FF,FF
53042,2715,0x10FF6500,1,8,FC,FF,FF,FF,FF,FF,FF,FF
53043,2716,0x18F00500,1,8,FF,FF,FF,FF,20,2D,FF,FF
53044,2717,0x18FEF200,1,8,11,00,00,FB,00,00,00,FF
53051,2718,0xCF00400,1,8,FF,FF,FF,3E,3A,FF,FF,FF
53052,2719,0xCFF6600,1,8,47,07,FF,FF,FF,FF,FF,FF
53071,2720,0xCF00400,1,8,FF,FF,FF,52,3B,FF,FF,FF
53072,2721,0xCFF6600,1,8,6A,07,FF,FF,FF,FF,FF,FF
53091,2722,0xCF00400,1,8,FF,FF,FF,52,3B,FF,FF,FF
53092,2723,0xCFF6600,1,8,6A,07,FF,FF,FF,FF,FF,FF
53111,2724,0xCF00400,1,8,FF,FF,FF,16,3C,FF,FF,FF
53112,2725,0xCFF6600,1,8,82,07,FF,FF,FF,FF,FF,FF
53132,2726,0xCF00400,1,8,FF,FF,FF,9C,3C,FF,FF,FF
53132,2727,0xCFF6600,1,8,93,07,FF,FF,FF,FF,FF,FF
53142,2728,0x18FEF100,1,8,3F,00,00,FF,FF,FF,FF,FF
53143,2729,0x18F00500,1,8,FF,FF,FF,FF,20,2D,FF,FF
53143,2730,0x18FEF200,1,8,11,00,00,FB,00,00,00,FF
53151,2731,0xCF00400,1,8,FF,FF,FF,9C,3C,FF,FF,FF
53152,2732,0xCFF6600,1,8,93,07,FF,FF,FF,FF,FF,FF
53171,2733,0xCF00400,1,8,FF,FF,FF,4E,3D,FF,FF,FF
53172,2734,0xCFF6600,1,8,A9,07,FF,FF,FF,FF,FF,FF
53192,2735,0xCF00400,1,8,FF,FF,FF,2E,3E,FF,FF,FF
53192,2736,0xCFF6600,1,8,C5,07,FF,FF,FF,FF,FF,FF
53211,2737,0xCF00400,1,8,FF,FF,FF,2E,3E,FF,FF,FF
53212,2738,0xCFF6600,1,8,C5,07,FF,FF,FF,FF,FF,FF
53231,2739,0xCF00400,1,8,FF,FF,FF,DE,3E,FF,FF,FF
53232,2740,0xCFF6600,1,8,DB,07,FF,FF,FF,FF,FF,FF
53242,2741,0x18FEF100,1,8,3F,00,00,FF,FF,FF,FF,FF
53242,2742,0x10FF6500,1,8,FC,FF,FF,FF,FF,FF,FF,FF
53243,2743,0x18F00500,1,8,FF,FF,FF,FF,20,2D,FF,FF
53244,2744,0x18F00600,1,8,FF,FF,FF,FF,FF,FF,FF,FF
53244,2745,0x18FEF200,1,8,11,00,00,FB,00,00,00,FF
53245,2746,0x1CFDDF00,1,8,FE,FF,FF,FF,FF,FF,FF,FF
53245,2747,0x1CFF6A00,1,8,FC,FF,FF,FF,FF,FF,FF,FF
53251,2748,0xCF00400,1,8,FF,FF,FF,66,3F,FF,FF,FF
53252,2749,0xCFF6600,1,8,EC,07,FF,FF,FF,FF,FF,FF
53271,2750,0xCF00400,1,8,FF,FF,FF,66,3F,FF,FF,FF
53272,2751,0xCFF6600,1,8,EC,07,FF,FF,FF,FF,FF,FF
53291,2752,0xCF00400,1,8,FF,FF,FF,FC,3F,FF,FF,FF
53292,2753,0xCFF6600,1,8,FF,07,FF,FF,FF,FF,FF,FF
53311,2754,0xCF00400,1,8,FF,FF,FF,A2,40,FF,FF,FF
53312,2755,0xCFF6600,1,8,14,08,FF,FF,FF,FF,FF,FF
53327,2756,0x18EA0017,1,3,DA,FE,00,--,--,--,--,--
53331,2757,0xCF00400,1,8,FF,FF,FF,A2,40,FF,FF,FF
53332,2758,0xCFF6600,1,8,14,08,FF,FF,FF,FF,FF,FF
53342,2759,0x1CEC1700,1,8,10,73,00,11,11,DA,FE,00
53343,2760,0x18F00500,1,8,FF,FF,FF,FF,20,2D,FF,FF
53343,2761,0x18FEF100,1,8,3F,00,00,FF,FF,FF,FF,FF
53344,2762,0x18FEF200,1,8,11,00,00,FB,00,00,00,FF
53347,2763,0x1CEC0017,1,8,11,11,01,FF,FF,DA,FE,00
53352,2764,0xCF00400,1,8,FF,FF,FF,F4,40,FF,FF,FF
53352,2765,0xCFF6600,1,8,1E,08,FF,FF,FF,FF,FF,FF
53353,2766,0x1CEB1700,1,8,01,0A,2A,41,31,34,4D,48
53356,2767,0x1CEB1700,1,8,02,35,37,41,20,20,2A,46
53360,2768,0x1CEB1700,1,8,03,30,30,48,4D,30,30,31
53364,2769,0x1CEB1700,1,8,04,35,30,2A,30,30,30,33
53368,2770,0x1CEB1700,1,8,05,35,30,33,35,38,34,32
53371,2771,0xCF00400,1,8,FF,FF,FF,FC,40,FF,FF,FF
53372,2772,0xCFF6600,1,8,1F,08,FF,FF,FF,FF,FF,FF
53372,2773,0x1CEB1700,1,8,06,33,2A,34,58,41,4D,48
53376,2774,0x1CEB1700,1,8,07,35,37,41,34,45,41,31
53380,2775,0x1CEB1700,1,8,08,32,39,35,35,32,2A,20
53384,2776,0x1CEB1700,1,8,09,20,20,34,30,31,32,38
53388,2777,0x1CEB1700,1,8,0A,33,38,2A,34,30,31,35
53391,2778,0xCF00400,1,8,FF,FF,FF,FC,40,FF,FF,FF
53392,2779,0xCFF6600,1,8,1F,08,FF,FF,FF,FF,FF,FF
53392,2780,0x1CEB1700,1,8,0B,31,34,35,00,2A,56,4D
53396,2781,0x1CEB1700,1,8,0C,41,33,41,30,41,35,47
53400,2782,0x1CEB1700,1,8,0D,30,2A,31,30,33,37,35
53404,2783,0x1CEB1700,1,8,0E,34,35,34,39,30,2A,34
53408,2784,0x1CEB1700,1,8,0F,30,31,35,31,34,36,00
53411,2785,0xCF00400,1,8,FF,FF,FF,E6,40,FF,FF,FF
53412,2786,0xCFF6600,1,8,1C,08,FF,FF,FF,FF,FF,FF
53412,2787,0x1CEB1700,1,8,10,2A,39,44,46,42,37,31
53416,2788,0x1CEB1700,1,8,11,44,42,2A,FF,FF,FF,FF
53427,2789,0x1CEC0017,1,8,13,77,00,11,FF,DA,FE,00
53431,2790,0xCF00400,1,8,FF,FF,FF,B2,40,FF,FF,FF
53432,2791,0xCFF6600,1,8,16,08,FF,FF,FF,FF,FF,FF
53432,2792,0x1CEC1700,1,8,FF,FE,FF,FF,FF,DA,FE,00
53442,2793,0x18FEF100,1,8,3F,00,00,FF,FF,FF,FF,FF
53442,2794,0x10FF6500,1,8,FC,FF,FF,FF,FF,FF,FF,FF
53443,2795,0x18F00500,1,8,FF,FF,FF,FF,20,2D,FF,FF
53444,2796,0x18FEF200,1,8,11,00,00,FB,00,00,00,FF
53451,2797,0xCF00400,1,8,FF,FF,FF,B2,40,FF,FF,FF
53452,2798,0xCFF6600,1,8,16,08,FF,FF,FF,FF,FF,FF
53471,2799,0xCF00400,1,8,FF,FF,FF,44,41,FF,FF,FF
53472,2800,0xCFF6600,1,8,28,08,FF,FF,FF,FF,FF,FF
53491,2801,0xCF00400,1,8,FF,FF,FF,90,42,FF,FF,FF
53492,2802,0xCFF6600,1,8,52,08,FF,FF,FF,FF,FF,FF
53511,2803,0xCF00400,1,8,FF,FF,FF,2A,43,FF,FF,FF
53512,2804,0xCFF6600,1,8,65,08,FF,FF,FF,FF,FF,FF
53531,2805,0xCF00400,1,8,FF,FF,FF,2A,43,FF,FF,FF
53532,2806,0xCFF6600,1,8,65,08,FF,FF,FF,FF,FF,FF
53542,2807,0x18FEF100,1,8,3F,00,00,FF,FF,FF,FF,FF
53542,2808,0x18F00500,1,8,FF,FF,FF,FF,20,2D,FF,FF
53543,2809,0x18FEF200,1,8,11,00,00,FB,00,00,00,FF
53551,2810,0xCF00400,1,8,FF,FF,FF,28,43,FF,FF,FF
53552,2811,0xCFF6600,1,8,65,08,FF,FF,FF,FF,FF,FF
53571,2812,0xCF00400,1,8,FF,FF,FF,0A,43,FF,FF,FF
53572,2813,0xCFF6600,1,8,61,08,FF,FF,FF,FF,FF,FF
53592,2814,0xCF00400,1,8,FF,FF,FF,C6,42,FF,FF,FF
53592,2815,0xCFF6600,1,8,58,08,FF,FF,FF,FF,FF,FF
53611,2816,0xCF00400,1,8,FF,FF,FF,C6,42,FF,FF,FF
53612,2817,0xCFF6600,1,8,58,08,FF,FF,FF,FF,FF,FF
53631,2818,0xCF00400,1,8,FF,FF,FF,AA,42,FF,FF,FF
53632,2819,0xCFF6600,1,8,55,08,FF,FF,FF,FF,FF,FF
53642,2820,0x18FEF100,1,8,3F,00,00,FF,FF,FF,FF,FF
53642,2821,0x10FF6500,1,8,FC,FF,FF,FF,FF,FF,FF,FF
53643,2822,0x18F00500,1,8,FF,FF,FF,FF,20,2D,FF,FF
53644,2823,0x18FEF200,1,8,11,00,00,FB,00,00,00,FF
53651,2824,0xCF00400,1,8,FF,FF,FF,B6,42,FF,FF,FF
53652,2825,0xCFF6600,1,8,56,08,FF,FF,FF,FF,FF,FF
53671,2826,0xCF00400,1,8,FF,FF,FF,B6,42,FF,FF,FF
53672,2827,0xCFF6600,1,8,56,08,FF,FF,FF,FF,FF,FF
53691,2828,0xCF00400,1,8,FF,FF,FF,0C,43,FF,FF,FF
53692,2829,0xCFF6600,1,8,61,08,FF,FF,FF,FF,FF,FF
53711,2830,0xCF00400,1,8,FF,FF,FF,A6,43,FF,FF,FF
53712,2831,0xCFF6600,1,8,74,08,FF,FF,FF,FF,FF,FF
53732,2832,0xCF00400,1,8,FF,FF,FF,E0,43,FF,FF,FF
53732,2833,0xCFF6600,1,8,7C,08,FF,FF,FF,FF,FF,FF
53742,2834,0x18FEF100,1,8,3F,00,00,FF,FF,FF,FF,FF
53743,2835,0x18F00500,1,8,FF,FF,FF,FF,20,2D,FF,FF
53743,2836,0x18F00600,1,8,FF,FF,FF,FF,FF,FF,FF,FF
53744,2837,0x18FEF200,1,8,11,00,00,FB,00,00,00,FF
53744,2838,0x1CFDDF00,1,8,FE,FF,FF,FF,FF,FF,FF,FF
53745,2839,0x1CFF6A00,1,8,FC,FF,FF,FF,FF,FF,FF,FF
53751,2840,0xCF00400,1,8,FF,FF,FF,E0,43,FF,FF,FF
53752,2841,0xCFF6600,1,8,7C,08,FF,FF,FF,FF,FF,FF
53771,2842,0xCF00400,1,8,FF,FF,FF,BE,43,FF,FF,FF
53772,2843,0xCFF6600,1,8,77,08,FF,FF,FF,FF,FF,FF
53791,2844,0xCF00400,1,8,FF,FF,FF,90,43,FF,FF,FF
53792,2845,0xCFF6600,1,8,72,08,FF,FF,FF,FF,FF,FF
53811,2846,0xCF00400,1,8,FF,FF,FF,90,43,FF,FF,FF
53812,2847,0xCFF6600,1,8,72,08,FF,FF,FF,FF,FF,FF
53827,2848,0x18EA0017,1,3,6B,FF,00,--,--,--,--,--
53831,2849,0xCF00400,1,8,FF,FF,FF,4E,43,FF,FF,FF
53832,2850,0xCFF6600,1,8,69,08,FF,FF,FF,FF,FF,FF
53842,2851,0x18FEF100,1,8,3F,00,00,FF,FF,FF,FF,FF
53843,2852,0x10FF6500,1,8,FC,FF,FF,FF,FF,FF,FF,FF
53844,2853,0x18F00500,1,8,FF,FF,FF,FF,20,2D,FF,FF
53844,2854,0x18FEF200,1,8,11,00,00,FB,00,00,00,FF
53850,2855,0x18E81700,1,8,01,FF,FF,FF,FF,6B,FF,00
53851,2856,0xCF00400,1,8,FF,FF,FF,38,43,FF,FF,FF
53852,2857,0xCFF6600,1,8,67,08,FF,FF,FF,FF,FF,FF
53871,2858,0xCF00400,1,8,FF,FF,FF,58,43,FF,FF,FF
53872,2859,0xCFF6600,1,8,6B,08,FF,FF,FF,FF,FF,FF
53891,2860,0xCF00400,1,8,FF,FF,FF,58,43,FF,FF,FF
53892,2861,0xCFF6600,1,8,6B,08,FF,FF,FF,FF,FF,FF
53901,2862,0x18FEEE00,1,8,60,FF,FF,FF,FF,FF,FF,FF
53901,2863,0x18FDE500,1,8,0A,14,1E,28,32,3C,46,13
53912,2864,0xCF00400,1,8,FF,FF,FF,9C,43,FF,FF,FF
53912,2865,0xCFF6600,1,8,73,08,FF,FF,FF,FF,FF,FF
53921,2866,0x1CECFF00,1,8,20,0A,00,02,FF,CA,FE,00
53931,2867,0xCF00400,1,8,FF,FF,FF,08,44,FF,FF,FF
53932,2868,0xCFF6600,1,8,81,08,FF,FF,FF,FF,FF,FF
53942,2869,0x18FEF100,1,8,3F,00,00,FF,FF,FF,FF,FF
53943,2870,0x18F00500,1,8,FF,FF,FF,FF,20,2D,FF,FF
53943,2871,0x18FEF200,1,8,1A,00,00,FB,00,00,00,FF
53951,2872,0xCF00400,1,8,FF,FF,FF,08,44,FF,FF,FF
53952,2873,0xCFF6600,1,8,81,08,FF,FF,FF,FF,FF,FF
53971,2874,0xCF00400,1,8,FF,FF,FF,98,44,FF,FF,FF
53972,2875,0xCFF6600,1,8,93,08,FF,FF,FF,FF,FF,FF
53972,2876,0x1CEBFF00,1,8,01,40,FF,0F,F0,E5,01,02
53991,2877,0xCF00400,1,8,FF,FF,FF,4A,45,FF,FF,FF
53992,2878,0xCFF6600,1,8,A9,08,FF,FF,FF,FF,FF,FF
54011,2879,0xCF00400,1,8,FF,FF,FF,D0,45,FF,FF,FF
54012,2880,0xCFF6600,1,8,BA,08,FF,FF,FF,FF,FF,FF
54021,2881,0x1CEBFF00,1,8,02,F0,E3,01,FF,FF,FF,FF
54031,2882,0xCF00400,1,8,FF,FF,FF,D0,45,FF,FF,FF
54032,2883,0xCFF6600,1,8,BA,08,FF,FF,FF,FF,FF,FF
54042,2884,0x18FEF100,1,8,3F,00,00,FF,FF,FF,FF,FF
54042,2885,0x10FF6500,1,8,FC,FF,FF,FF,FF,FF,FF,FF
54043,2886,0x18F00500,1,8,FF,FF,FF,FF,20,2D,FF,FF
54044,2887,0x18FEF200,1,8,1A,00,00,FB,00,00,00,FF
54051,2888,0xCF00400,1,8,FF,FF,FF,32,46,FF,FF,FF
54052,2889,0xCFF6600,1,8,C6,08,FF,FF,FF,FF,FF,FF
54071,2890,0xCF00400,1,8,FF,FF,FF,60,46,FF,FF,FF
54072,2891,0xCFF6600,1,8,CC,08,FF,FF,FF,FF,FF,FF
54091,2892,0xCF00400,1,8,FF,FF,FF,5E,46,FF,FF,FF
54092,2893,0xCFF6600,1,8,CB,08,FF,FF,FF,FF,FF,FF
54111,2894,0xCF00400,1,8,FF,FF,FF,5E,46,FF,FF,FF
54112,2895,0xCFF6600,1,8,CB,08,FF,FF,FF,FF,FF,FF
54131,2896,0xCF00400,1,8,FF,FF,FF,DC,46,FF,FF,FF
54132,2897,0xCFF6600,1,8,DB,08,FF,FF,FF,FF,FF,FF
54142,2898,0x18FEF100,1,8,3F,00,00,FF,FF,FF,FF,FF
54143,2899,0x18F00500,1,8,FF,FF,FF,FF,20,2D,FF,FF
54143,2900,0x18FEF200,1,8,1A,00,00,FB,00,00,00,FF
54151,2901,0xCF00400,1,8,FF,FF,FF,D2,47,FF,FF,FF
54152,2902,0xCFF6600,1,8,FA,08,FF,FF,FF,FF,FF,FF
54171,2903,0xCF00400,1,8,FF,FF,FF,4C,48,FF,FF,FF
54172,2904,0xCFF6600,1,8,09,09,FF,FF,FF,FF,FF,FF
54191,2905,0xCF00400,1,8,FF,FF,FF,5E,48,FF,FF,FF
54192,2906,0xCFF6600,1,8,0B,09,FF,FF,FF,FF,FF,FF
54211,2907,0xCF00400,1,8,FF,FF,FF,5E,48,FF,FF,FF
54212,2908,0xCFF6600,1,8,0B,09,FF,FF,FF,FF,FF,FF
54231,2909,0xCF00400,1,8,FF,FF,FF,30,48,FF,FF,FF
54232,2910,0xCFF6600,1,8,06,09,FF,FF,FF,FF,FF,FF
54242,2911,0x18FEF100,1,8,3F,00,00,FF,FF,FF,FF,FF
54242,2912,0x10FF6500,1,8,FC,FF,FF,FF,FF,FF,FF,FF
54243,2913,0x18F00500,1,8,FF,FF,FF,FF,20,2D,FF,FF
54244,2914,0x18F00600,1,8,FF,FF,FF,FF,FF,FF,FF,FF
54244,2915,0x18FEF200,1,8,1A,00,00,FB,00,00,00,FF
54245,2916,0x1CFDDF00,1,8,FE,FF,FF,FF,FF,FF,FF,FF
54245,2917,0x1CFF6A00,1,8,FC,FF,FF,FF,FF,FF,FF,FF
54251,2918,0xCF00400,1,8,FF,FF,FF,C0,47,FF,FF,FF
54252,2919,0xCFF6600,1,8,F8,08,FF,FF,FF,FF,FF,FF
54271,2920,0xCF00400,1,8,FF,FF,FF,80,47,FF,FF,FF
54272,2921,0xCFF6600,1,8,F0,08,FF,FF,FF,FF,FF,FF
54291,2922,0xCF00400,1,8,FF,FF,FF,80,47,FF,FF,FF
54292,2923,0xCFF6600,1,8,F0,08,FF,FF,FF,FF,FF,FF
54332,2924,0xCF00400,1,8,FF,FF,FF,76,47,FF,FF,FF
54332,2925,0xCFF6600,1,8,EE,08,FF,FF,FF,FF,FF,FF
54342,2926,0x18FEF100,1,8,3F,00,00,FF,FF,FF,FF,FF
54343,2927,0x18F00500,1,8,FF,FF,FF,FF,20,2D,FF,FF
54343,2928,0x18FEF200,1,8,1A,00,00,FB,00,00,00,FF
54351,2929,0xCF00400,1,8,FF,FF,FF,8C,47,FF,FF,FF
54352,2930,0xCFF6600,1,8,F1,08,FF,FF,FF,FF,FF,FF
54371,2931,0xCF00400,1,8,FF,FF,FF,8C,47,FF,FF,FF
54372,2932,0xCFF6600,1,8,F1,08,FF,FF,FF,FF,FF,FF
54391,2933,0xCF00400,1,8,FF,FF,FF,04,48,FF,FF,FF
54392,2934,0xCFF6600,1,8,00,09,FF,FF,FF,FF,FF,FF
54411,2935,0xCF00400,1,8,FF,FF,FF,FC,48,FF,FF,FF
54412,2936,0xCFF6600,1,8,1F,09,FF,FF,FF,FF,FF,FF
54431,2937,0xCF00400,1,8,FF,FF,FF,58,49,FF,FF,FF
54432,2938,0xCFF6600,1,8,2B,09,FF,FF,FF,FF,FF,FF
54442,2939,0x18FEF100,1,8,3F,00,00,FF,FF,FF,FF,FF
54442,2940,0x10FF6500,1,8,FC,FF,FF,FF,FF,FF,FF,FF
54443,2941,0x18F00500,1,8,FF,FF,FF,FF,20,2D,FF,FF
54444,2942,0x18FEF200,1,8,1A,00,00,FB,00,00,00,FF
54451,2943,0xCF00400,1,8,FF,FF,FF,EE,48,FF,FF,FF
54452,2944,0xCFF6600,1,8,1D,09,FF,FF,FF,FF,FF,FF
54471,2945,0xCF00400,1,8,FF,FF,FF,EE,48,FF,FF,FF
54473,2946,0xCFF6600,1,8,1D,09,FF,FF,FF,FF,FF,FF
54491,2947,0xCF00400,1,8,FF,FF,FF,7A,48,FF,FF,FF
54492,2948,0xCFF6600,1,8,0F,09,FF,FF,FF,FF,FF,FF
54511,2949,0xCF00400,1,8,FF,FF,FF,10,48,FF,FF,FF
54512,2950,0xCFF6600,1,8,02,09,FF,FF,FF,FF,FF,FF
54531,2951,0xCF00400,1,8,FF,FF,FF,B2,47,FF,FF,FF
54532,2952,0xCFF6600,1,8,F6,08,FF,FF,FF,FF,FF,FF
54542,2953,0x18FEF100,1,8,3F,00,00,FF,FF,FF,FF,FF
54543,2954,0x18F00500,1,8,FF,FF,FF,FF,20,2D,FF,FF
54544,2955,0x18FEF200,1,8,1A,00,00,FB,00,00,00,FF
54551,2956,0xCF00400,1,8,FF,FF,FF,B2,47,FF,FF,FF
54552,2957,0xCFF6600,1,8,F6,08,FF,FF,FF,FF,FF,FF
54571,2958,0xCF00400,1,8,FF,FF,FF,6C,47,FF,FF,FF
54573,2959,0xCFF6600,1,8,ED,08,FF,FF,FF,FF,FF,FF
54591,2960,0xCF00400,1,8,FF,FF,FF,FE,46,FF,FF,FF
54592,2961,0xCFF6600,1,8,DF,08,FF,FF,FF,FF,FF,FF
54611,2962,0xCF00400,1,8,FF,FF,FF,6E,46,FF,FF,FF
54612,2963,0xCFF6600,1,8,CD,08,FF,FF,FF,FF,FF,FF
54631,2964,0xCF00400,1,8,FF,FF,FF,6E,46,FF,FF,FF
54632,2965,0xCFF6600,1,8,CD,08,FF,FF,FF,FF,FF,FF
54642,2966,0x18FEF100,1,8,3F,00,00,FF,FF,FF,FF,FF
54642,2967,0x10FF6500,1,8,FC,FF,FF,FF,FF,FF,FF,FF
54643,2968,0x18F00500,1,8,FF,FF,FF,FF,20,2D,FF,FF
54644,2969,0x18FEF200,1,8,1A,00,00,FB,00,00,00,FF
54651,2970,0xCF00400,1,8,FF,FF,FF,20,46,FF,FF,FF
54652,2971,0xCFF6600,1,8,C4,08,FF,FF,FF,FF,FF,FF
54671,2972,0xCF00400,1,8,FF,FF,FF,04,46,FF,FF,FF
54672,2973,0xCFF6600,1,8,C0,08,FF,FF,FF,FF,FF,FF
54691,2974,0xCF00400,1,8,FF,FF,FF,CE,45,FF,FF,FF
54692,2975,0xCFF6600,1,8,B9,08,FF,FF,FF,FF,FF,FF
54711,2976,0xCF00400,1,8,FF,FF,FF,CE,45,FF,FF,FF
54712,2977,0xCFF6600,1,8,B9,08,FF,FF,FF,FF,FF,FF
54731,2978,0xCF00400,1,8,FF,FF,FF,74,45,FF,FF,FF
54732,2979,0xCFF6600,1,8,AE,08,FF,FF,FF,FF,FF,FF
54743,2980,0x18FEF100,1,8,3F,00,00,FF,FF,FF,FF,FF
54743,2981,0x18F00500,1,8,FF,FF,FF,FF,20,2D,FF,FF
54744,2982,0x18F00600,1,8,FF,FF,FF,FF,FF,FF,FF,FF
54744,2983,0x18FEF200,1,8,1A,00,00,FB,00,00,00,FF
54745,2984,0x1CFDDF00,1,8,FE,FF,FF,FF,FF,FF,FF,FF
54746,2985,0x1CFF6A00,1,8,FC,FF,FF,FF,FF,FF,FF,FF
54751,2986,0xCF00400,1,8,FF,FF,FF,DC,45,FF,FF,FF
54752,2987,0xCFF6600,1,8,BB,08,FF,FF,FF,FF,FF,FF
54771,2988,0xCF00400,1,8,FF,FF,FF,06,47,FF,FF,FF
54772,2989,0xCFF6600,1,8,E0,08,FF,FF,FF,FF,FF,FF
54791,2990,0xCF00400,1,8,FF,FF,FF,06,47,FF,FF,FF
54792,2991,0xCFF6600,1,8,E0,08,FF,FF,FF,FF,FF,FF
54811,2992,0xCF00400,1,8,FF,FF,FF,FE,46,FF,FF,FF
54812,2993,0xCFF6600,1,8,DF,08,FF,FF,FF,FF,FF,FF
54831,2994,0xCF00400,1,8,FF,FF,FF,08,46,FF,FF,FF
54832,2995,0xCFF6600,1,8,C1,08,FF,FF,FF,FF,FF,FF
54842,2996,0x18FEF100,1,8,3F,00,00,FF,FF,FF,FF,FF
54842,2997,0x10FF6500,1,8,FC,FF,FF,FF,FF,FF,FF,FF
54843,2998,0x18F00500,1,8,FF,FF,FF,FF,20,2D,FF,FF
54844,2999,0x18FEF200,1,8,1A,00,00,FB,00,00,00,FF
54851,3000,0xCF00400,1,8,FF,FF,FF,4E,45,FF,FF,FF
54852,3001,0xCFF6600,1,8,A9,08,FF,FF,FF,FF,FF,FF
54871,3002,0xCF00400,1,8,FF,FF,FF,4E,45,FF,FF,FF
54872,3003,0xCFF6600,1,8,A9,08,FF,FF,FF,FF,FF,FF
54891,3004,0xCF00400,1,8,FF,FF,FF,B0,44,FF,FF,FF
54892,3005,0xCFF6600,1,8,96,08,FF,FF,FF,FF,FF,FF
54901,3006,0x18FEEE00,1,8,60,FF,FF,FF,FF,FF,FF,FF
54902,3007,0x18FDE500,1,8,0A,14,1E,28,32,3C,46,13
54911,3008,0xCF00400,1,8,FF,FF,FF,6A,44,FF,FF,FF
54912,3009,0xCFF6600,1,8,8D,08,FF,FF,FF,FF,FF,FF
54921,3010,0x1CECFF00,1,8,20,0A,00,02,FF,CA,FE,00
54932,3011,0xCF00400,1,8,FF,FF,FF,88,44,FF,FF,FF
54932,3012,0xCFF6600,1,8,91,08,FF,FF,FF,FF,FF,FF
54942,3013,0x18FEF100,1,8,3F,00,00,FF,FF,FF,FF,FF
54943,3014,0x18F00500,1,8,FF,FF,FF,FF,20,2D,FF,FF
54944,3015,0x18FEF200,1,8,1D,00,00,FB,00,00,00,FF
54951,3016,0xCF00400,1,8,FF,FF,FF,88,44,FF,FF,FF
54952,3017,0xCFF6600,1,8,91,08,FF,FF,FF,FF,FF,FF
54971,3018,0xCF00400,1,8,FF,FF,FF,D6,44,FF,FF,FF
54972,3019,0xCFF6600,1,8,9A,08,FF,FF,FF,FF,FF,FF
54973,3020,0x1CEBFF00,1,8,01,40,FF,0F,F0,E5,01,02
54991,3021,0xCF00400,1,8,FF,FF,FF,48,45,FF,FF,FF
54992,3022,0xCFF6600,1,8,A9,08,FF,FF,FF,FF,FF,FF
55011,3023,0xCF00400,1,8,FF,FF,FF,48,45,FF,FF,FF
55012,3024,0xCFF6600,1,8,A9,08,FF,FF,FF,FF,FF,FF
55021,3025,0x1CEBFF00,1,8,02,F0,E3,01,FF,FF,FF,FF
55031,3026,0xCF00400,1,8,FF,FF,FF,C8,45,FF,FF,FF
55032,3027,0xCFF6600,1,8,B9,08,FF,FF,FF,FF,FF,FF
55042,3028,0x18FEF100,1,8,3F,00,00,FF,FF,FF,FF,FF
55043,3029,0x10FF6500,1,8,FC,FF,FF,FF,FF,FF,FF,FF
55043,3030,0x18F00500,1,8,FF,FF,FF,FF,20,2D,FF,FF
55044,3031,0x18FEF200,1,8,1D,00,00,FB,00,00,00,FF
55051,3032,0xCF00400,1,8,FF,FF,FF,4A,46,FF,FF,FF
55052,3033,0xCFF6600,1,8,C9,08,FF,FF,FF,FF,FF,FF
55071,3034,0xCF00400,1,8,FF,FF,FF,5E,46,FF,FF,FF
55072,3035,0xCFF6600,1,8,CB,08,FF,FF,FF,FF,FF,FF
55091,3036,0xCF00400,1,8,FF,FF,FF,5E,46,FF,FF,FF
55092,3037,0xCFF6600,1,8,CB,08,FF,FF,FF,FF,FF,FF
55111,3038,0xCF00400,1,8,FF,FF,FF,0E,46,FF,FF,FF
55112,3039,0xCFF6600,1,8,C1,08,FF,FF,FF,FF,FF,FF
55131,3040,0xCF00400,1,8,FF,FF,FF,C8,45,FF,FF,FF
55132,3041,0xCFF6600,1,8,B9,08,FF,FF,FF,FF,FF,FF
55142,3042,0x18FEF100,1,8,3F,00,00,FF,FF,FF,FF,FF
55143,3043,0x18F00500,1,8,FF,FF,FF,FF,20,2D,FF,FF
55143,3044,0x18FEF200,1,8,1D,00,00,FB,00,00,00,FF
55151,3045,0xCF00400,1,8,FF,FF,FF,98,45,FF,FF,FF
55152,3046,0xCFF6600,1,8,B3,08,FF,FF,FF,FF,FF,FF
55171,3047,0xCF00400,1,8,FF,FF,FF,98,45,FF,FF,FF
55172,3048,0xCFF6600,1,8,B3,08,FF,FF,FF,FF,FF,FF
55191,3049,0xCF00400,1,8,FF,FF,FF,72,45,FF,FF,FF
55192,3050,0xCFF6600,1,8,AE,08,FF,FF,FF,FF,FF,FF
55211,3051,0xCF00400,1,8,FF,FF,FF,5C,45,FF,FF,FF
55212,3052,0xCFF6600,1,8,AB,08,FF,FF,FF,FF,FF,FF
55231,3053,0xCF00400,1,8,FF,FF,FF,24,45,FF,FF,FF
55232,3054,0xCFF6600,1,8,A4,08,FF,FF,FF,FF,FF,FF
55242,3055,0x18FEF100,1,8,3F,00,00,FF,FF,FF,FF,FF
55243,3056,0x10FF6500,1,8,FC,FF,FF,FF,FF,FF,FF,FF
55244,3057,0x18F00500,1,8,FF,FF,FF,FF,20,2D,FF,FF
55244,3058,0x18F00600,1,8,FF,FF,FF,FF,FF,FF,FF,FF
55245,3059,0x18FEF200,1,8,1D,00,00,FB,00,00,00,FF
55245,3060,0x1CFDDF00,1,8,FE,FF,FF,FF,FF,FF,FF,FF
55246,3061,0x1CFF6A00,1,8,FC,FF,FF,FF,FF,FF,FF,FF
55251,3062,0xCF00400,1,8,FF,FF,FF,24,45,FF,FF,FF
55252,3063,0xCFF6600,1,8,A4,08,FF,FF,FF,FF,FF,FF
55271,3064,0xCF00400,1,8,FF,FF,FF,D0,44,FF,FF,FF
55272,3065,0xCFF6600,1,8,9A,08,FF,FF,FF,FF,FF,FF
55291,3066,0xCF00400,1,8,FF,FF,FF,BC,44,FF,FF,FF
55292,3067,0xCFF6600,1,8,97,08,FF,FF,FF,FF,FF,FF
55311,3068,0xCF00400,1,8,FF,FF,FF,DA,44,FF,FF,FF
55312,3069,0xCFF6600,1,8,9B,08,FF,FF,FF,FF,FF,FF
55331,3070,0xCF00400,1,8,FF,FF,FF,DA,44,FF,FF,FF
55332,3071,0xCFF6600,1,8,9B,08,FF,FF,FF,FF,FF,FF
55342,3072,0x18FEF100,1,8,3F,00,00,FF,FF,FF,FF,FF
55343,3073,0x18F00500,1,8,FF,FF,FF,FF,20,2D,FF,FF
55343,3074,0x18FEF200,1,8,1D,00,00,FB,00,00,00,FF
55351,3075,0xCF00400,1,8,FF,FF,FF,E4,44,FF,FF,FF
55352,3076,0xCFF6600,1,8,9C,08,FF,FF,FF,FF,FF,FF
55371,3077,0xCF00400,1,8,FF,FF,FF,E2,44,FF,FF,FF
55372,3078,0xCFF6600,1,8,9C,08,FF,FF,FF,FF,FF,FF
55392,3079,0xCF00400,1,8,FF,FF,FF,F0,44,FF,FF,FF
55392,3080,0xCFF6600,1,8,9E,08,FF,FF,FF,FF,FF,FF
55411,3081,0xCF00400,1,8,FF,FF,FF,F0,44,FF,FF,FF
55412,3082,0xCFF6600,1,8,9E,08,FF,FF,FF,FF,FF,FF
55431,3083,0xCF00400,1,8,FF,FF,FF,0C,45,FF,FF,FF
55432,3084,0xCFF6600,1,8,A1,08,FF,FF,FF,FF,FF,FF
55442,3085,0x18FEF100,1,8,3F,00,00,FF,FF,FF,FF,FF
55442,3086,0x10FF6500,1,8,FC,FF,FF,FF,FF,FF,FF,FF
55443,3087,0x18F00500,1,8,FF,FF,FF,FF,20,2D,FF,FF
55444,3088,0x18FEF200,1,8,1D,00,00,FB,00,00,00,FF
55451,3089,0xCF00400,1,8,FF,FF,FF,2C,45,FF,FF,FF
55452,3090,0xCFF6600,1,8,A5,08,FF,FF,FF,FF,FF,FF
55471,3091,0xCF00400,1,8,FF,FF,FF,2C,45,FF,FF,FF
55472,3092,0xCFF6600,1,8,A5,08,FF,FF,FF,FF,FF,FF
55491,3093,0xCF00400,1,8,FF,FF,FF,48,45,FF,FF,FF
55492,3094,0xCFF6600,1,8,A9,08,FF,FF,FF,FF,FF,FF
55511,3095,0xCF00400,1,8,FF,FF,FF,60,45,FF,FF,FF
55512,3096,0xCFF6600,1,8,AC,08,FF,FF,FF,FF,FF,FF
55531,3097,0xCF00400,1,8,FF,FF,FF,78,45,FF,FF,FF
55532,3098,0xCFF6600,1,8,AF,08,FF,FF,FF,FF,FF,FF
55542,3099,0x18FEF100,1,8,3F,00,00,FF,FF,FF,FF,FF
55543,3100,0x18F00500,1,8,FF,FF,FF,FF,20,2D,FF,FF
55543,3101,0x18FEF200,1,8,1D,00,00,FB,00,00,00,FF
55551,3102,0xCF00400,1,8,FF,FF,FF,78,45,FF,FF,FF
55552,3103,0xCFF6600,1,8,AF,08,FF,FF,FF,FF,FF,FF
55571,3104,0xCF00400,1,8,FF,FF,FF,44,45,FF,FF,FF
55572,3105,0xCFF6600,1,8,A8,08,FF,FF,FF,FF,FF,FF
55591,3106,0xCF00400,1,8,FF,FF,FF,D0,44,FF,FF,FF
55592,3107,0xCFF6600,1,8,9A,08,FF,FF,FF,FF,FF,FF
55611,3108,0xCF00400,1,8,FF,FF,FF,9E,44,FF,FF,FF
55612,3109,0xCFF6600,1,8,93,08,FF,FF,FF,FF,FF,FF
55631,3110,0xCF00400,1,8,FF,FF,FF,9E,44,FF,FF,FF
55632,3111,0xCFF6600,1,8,93,08,FF,FF,FF,FF,FF,FF
55642,3112,0x18FEF100,1,8,3F,00,00,FF,FF,FF,FF,FF
55643,3113,0x10FF6500,1,8,FC,FF,FF,FF,FF,FF,FF,FF
55643,3114,0x18F00500,1,8,FF,FF,FF,FF,20,2D,FF,FF
55644,3115,0x18FEF200,1,8,1D,00,00,FB,00,00,00,FF
55651,3116,0xCF00400,1,8,FF,FF,FF,AE,44,FF,FF,FF
55652,3117,0xCFF6600,1,8,95,08,FF,FF,FF,FF,FF,FF
55671,3118,0xCF00400,1,8,FF,FF,FF,60,44,FF,FF,FF
55672,3119,0xCFF6600,1,8,8C,08,FF,FF,FF,FF,FF,FF
55692,3120,0xCF00400,1,8,FF,FF,FF,B2,43,FF,FF,FF
55692,3121,0xCFF6600,1,8,76,08,FF,FF,FF,FF,FF,FF
55711,3122,0xCF00400,1,8,FF,FF,FF,B2,43,FF,FF,FF
55712,3123,0xCFF6600,1,8,76,08,FF,FF,FF,FF,FF,FF
55731,3124,0xCF00400,1,8,FF,FF,FF,AE,43,FF,FF,FF
55732,3125,0xCFF6600,1,8,75,08,FF,FF,FF,FF,FF,FF
55742,3126,0x18FEF100,1,8,3F,00,00,FF,FF,FF,FF,FF
55743,3127,0x18F00500,1,8,FF,FF,FF,FF,20,2D,FF,FF
55743,3128,0x18F00600,1,8,FF,FF,FF,FF,FF,FF,FF,FF
55744,3129,0x18FEF200,1,8,1D,00,00,FB,00,00,00,FF
55745,3130,0x1CFDDF00,1,8,FE,FF,FF,FF,FF,FF,FF,FF
55745,3131,0x1CFF6A00,1,8,FC,FF,FF,FF,FF,FF,FF,FF
55751,3132,0xCF00400,1,8,FF,FF,FF,42,44,FF,FF,FF
55752,3133,0xCFF6600,1,8,88,08,FF,FF,FF,FF,FF,FF
55771,3134,0xCF00400,1,8,FF,FF,FF,42,44,FF,FF,FF
55772,3135,0xCFF6600,1,8,88,08,FF,FF,FF,FF,FF,FF
55791,3136,0xCF00400,1,8,FF,FF,FF,6A,44,FF,FF,FF
55792,3137,0xCFF6600,1,8,8D,08,FF,FF,FF,FF,FF,FF
55811,3138,0xCF00400,1,8,FF,FF,FF,3C,44,FF,FF,FF
55812,3139,0xCFF6600,1,8,87,08,FF,FF,FF,FF,FF,FF
55831,3140,0xCF00400,1,8,FF,FF,FF,F4,43,FF,FF,FF
55832,3141,0xCFF6600,1,8,7E,08,FF,FF,FF,FF,FF,FF
55842,3142,0x18FEF100,1,8,3F,00,00,FF,FF,FF,FF,FF
55843,3143,0x10FF6500,1,8,FC,FF,FF,FF,FF,FF,FF,FF
55844,3144,0x18F00500,1,8,FF,FF,FF,FF,20,2D,FF,FF
55844,3145,0x18FEF200,1,8,1D,00,00,FB,00,00,00,FF
55851,3146,0xCF00400,1,8,FF,FF,FF,F4,43,FF,FF,FF
55852,3147,0xCFF6600,1,8,7E,08,FF,FF,FF,FF,FF,FF
55871,3148,0xCF00400,1,8,FF,FF,FF,AA,43,FF,FF,FF
55872,3149,0xCFF6600,1,8,75,08,FF,FF,FF,FF,FF,FF
55891,3150,0xCF00400,1,8,FF,FF,FF,B6,43,FF,FF,FF
55892,3151,0xCFF6600,1,8,76,08,FF,FF,FF,FF,FF,FF
55901,3152,0x18FEEE00,1,8,60,FF,FF,FF,FF,FF,FF,FF
55902,3153,0x18FDE500,1,8,0A,14,1E,28,32,3C,46,13
55912,3154,0xCF00400,1,8,FF,FF,FF,EE,43,FF,FF,FF
55912,3155,0xCFF6600,1,8,7D,08,FF,FF,FF,FF,FF,FF
55921,3156,0x1CECFF00,1,8,20,0A,00,02,FF,CA,FE,00
55931,3157,0xCF00400,1,8,FF,FF,FF,EE,43,FF,FF,FF
55932,3158,0xCFF6600,1,8,7D,08,FF,FF,FF,FF,FF,FF
55942,3159,0x18FEF100,1,8,3F,00,00,FF,FF,FF,FF,FF
55943,3160,0x18F00500,1,8,FF,FF,FF,FF,20,2D,FF,FF
55943,3161,0x18FEF200,1,8,1B,00,00,FB,00,00,00,FF
55952,3162,0xCF00400,1,8,FF,FF,FF,76,44,FF,FF,FF
55952,3163,0xCFF6600,1,8,8E,08,FF,FF,FF,FF,FF,FF
55971,3164,0xCF00400,1,8,FF,FF,FF,42,45,FF,FF,FF
55972,3165,0xCFF6600,1,8,A8,08,FF,FF,FF,FF,FF,FF
55972,3166,0x1CEBFF00,1,8,01,40,FF,0F,F0,E5,01,02
55991,3167,0xCF00400,1,8,FF,FF,FF,42,45,FF,FF,FF
55992,3168,0xCFF6600,1,8,A8,08,FF,FF,FF,FF,FF,FF
56011,3169,0xCF00400,1,8,FF,FF,FF,64,45,FF,FF,FF
56012,3170,0xCFF6600,1,8,AC,08,FF,FF,FF,FF,FF,FF
56021,3171,0x1CEBFF00,1,8,02,F0,E3,01,FF,FF,FF,FF
56031,3172,0xCF00400,1,8,FF,FF,FF,F0,44,FF,FF,FF
56032,3173,0xCFF6600,1,8,9E,08,FF,FF,FF,FF,FF,FF
56042,3174,0x18FEF100,1,8,3F,00,00,FF,FF,FF,FF,FF
56042,3175,0x10FF6500,1,8,FC,FF,FF,FF,FF,FF,FF,FF
56043,3176,0x18F00500,1,8,FF,FF,FF,FF,20,2D,FF,FF
56044,3177,0x18FEF200,1,8,1B,00,00,FB,00,00,00,FF
56051,3178,0xCF00400,1,8,FF,FF,FF,06,45,FF,FF,FF
56052,3179,0xCFF6600,1,8,A0,08,FF,FF,FF,FF,FF,FF
56071,3180,0xCF00400,1,8,FF,FF,FF,06,45,FF,FF,FF
56072,3181,0xCFF6600,1,8,A0,08,FF,FF,FF,FF,FF,FF
56091,3182,0xCF00400,1,8,FF,FF,FF,94,45,FF,FF,FF
56092,3183,0xCFF6600,1,8,B2,08,FF,FF,FF,FF,FF,FF
56111,3184,0xCF00400,1,8,FF,FF,FF,FA,45,FF,FF,FF
56112,3185,0xCFF6600,1,8,BF,08,FF,FF,FF,FF,FF,FF
56131,3186,0xCF00400,1,8,FF,FF,FF,42,46,FF,FF,FF
56132,3187,0xCFF6600,1,8,C8,08,FF,FF,FF,FF,FF,FF
56142,3188,0x18FEF100,1,8,3F,00,00,FF,FF,FF,FF,FF
56143,3189,0x18F00500,1,8,FF,FF,FF,FF,20,2D,FF,FF
56143,3190,0x18FEF200,1,8,1B,00,00,FB,00,00,00,FF
56151,3191,0xCF00400,1,8,FF,FF,FF,42,46,FF,FF,FF
56152,3192,0xCFF6600,1,8,C8,08,FF,FF,FF,FF,FF,FF
56171,3193,0xCF00400,1,8,FF,FF,FF,F0,45,FF,FF,FF
56172,3194,0xCFF6600,1,8,BE,08,FF,FF,FF,FF,FF,FF
56191,3195,0xCF00400,1,8,FF,FF,FF,0E,45,FF,FF,FF
56192,3196,0xCFF6600,1,8,A1,08,FF,FF,FF,FF,FF,FF
56211,3197,0xCF00400,1,8,FF,FF,FF,BC,44,FF,FF,FF
56212,3198,0xCFF6600,1,8,97,08,FF,FF,FF,FF,FF,FF
56231,3199,0xCF00400,1,8,FF,FF,FF,BC,44,FF,FF,FF
56232,3200,0xCFF6600,1,8,97,08,FF,FF,FF,FF,FF,FF
56242,3201,0x18FEF100,1,8,3F,00,00,FF,FF,FF,FF,FF
56243,3202,0x10FF6500,1,8,FC,FF,FF,FF,FF,FF,FF,FF
56243,3203,0x18F00500,1,8,FF,FF,FF,FF,20,2D,FF,FF
56244,3204,0x18F00600,1,8,FF,FF,FF,FF,FF,FF,FF,FF
56244,3205,0x18FEF200,1,8,1B,00,00,FB,00,00,00,FF
56245,3206,0x1CFDDF00,1,8,FE,FF,FF,FF,FF,FF,FF,FF
56246,3207,0x1CFF6A00,1,8,FC,FF,FF,FF,FF,FF,FF,FF
56251,3208,0xCF00400,1,8,FF,FF,FF,EE,44,FF,FF,FF
56252,3209,0xCFF6600,1,8,9D,08,FF,FF,FF,FF,FF,FF
56271,3210,0xCF00400,1,8,FF,FF,FF,22,45,FF,FF,FF
56272,3211,0xCFF6600,1,8,A4,08,FF,FF,FF,FF,FF,FF
56291,3212,0xCF00400,1,8,FF,FF,FF,60,45,FF,FF,FF
56292,3213,0xCFF6600,1,8,AC,08,FF,FF,FF,FF,FF,FF
56311,3214,0xCF00400,1,8,FF,FF,FF,60,45,FF,FF,FF
56312,3215,0xCFF6600,1,8,AC,08,FF,FF,FF,FF,FF,FF
56331,3216,0xCF00400,1,8,FF,FF,FF,56,45,FF,FF,FF
56332,3217,0xCFF6600,1,8,AA,08,FF,FF,FF,FF,FF,FF
56342,3218,0x18FEF100,1,8,3F,00,00,FF,FF,FF,FF,FF
56343,3219,0x18F00500,1,8,FF,FF,FF,FF,20,2D,FF,FF
56343,3220,0x18FEF200,1,8,1B,00,00,FB,00,00,00,FF
56351,3221,0xCF00400,1,8,FF,FF,FF,0A,45,FF,FF,FF
56352,3222,0xCFF6600,1,8,A1,08,FF,FF,FF,FF,FF,FF
56372,3223,0xCF00400,1,8,FF,FF,FF,6C,45,FF,FF,FF
56372,3224,0xCFF6600,1,8,AD,08,FF,FF,FF,FF,FF,FF
56391,3225,0xCF00400,1,8,FF,FF,FF,6C,45,FF,FF,FF
56392,3226,0xCFF6600,1,8,AD,08,FF,FF,FF,FF,FF,FF
56411,3227,0xCF00400,1,8,FF,FF,FF,4C,46,FF,FF,FF
56412,3228,0xCFF6600,1,8,C9,08,FF,FF,FF,FF,FF,FF
56431,3229,0xCF00400,1,8,FF,FF,FF,8E,46,FF,FF,FF
56432,3230,0xCFF6600,1,8,D1,08,FF,FF,FF,FF,FF,FF
56442,3231,0x18FEF100,1,8,3F,00,00,FF,FF,FF,FF,FF
56442,3232,0x10FF6500,1,8,FC,FF,FF,FF,FF,FF,FF,FF
56443,3233,0x18F00500,1,8,FF,FF,FF,FF,20,2D,FF,FF
56444,3234,0x18FEF200,1,8,1B,00,00,FB,00,00,00,FF
56452,3235,0xCF00400,1,8,FF,FF,FF,56,46,FF,FF,FF
56452,3236,0xCFF6600,1,8,CA,08,FF,FF,FF,FF,FF,FF
56471,3237,0xCF00400,1,8,FF,FF,FF,56,46,FF,FF,FF
56472,3238,0xCFF6600,1,8,CA,08,FF,FF,FF,FF,FF,FF
56491,3239,0xCF00400,1,8,FF,FF,FF,4E,46,FF,FF,FF
56492,3240,0xCFF6600,1,8,C9,08,FF,FF,FF,FF,FF,FF
56511,3241,0xCF00400,1,8,FF,FF,FF,6E,46,FF,FF,FF
56512,3242,0xCFF6600,1,8,CD,08,FF,FF,FF,FF,FF,FF
56531,3243,0xCF00400,1,8,FF,FF,FF,62,46,FF,FF,FF
56532,3244,0xCFF6600,1,8,CC,08,FF,FF,FF,FF,FF,FF
56542,3245,0x18FEF100,1,8,3F,00,00,FF,FF,FF,FF,FF
56543,3246,0x18F00500,1,8,FF,FF,FF,FF,20,2D,FF,FF
56543,3247,0x18FEF200,1,8,1B,00,00,FB,00,00,00,FF
56551,3248,0xCF00400,1,8,FF,FF,FF,62,46,FF,FF,FF
56552,3249,0xCFF6600,1,8,CC,08,FF,FF,FF,FF,FF,FF
56571,3250,0xCF00400,1,8,FF,FF,FF,30,46,FF,FF,FF
56572,3251,0xCFF6600,1,8,C6,08,FF,FF,FF,FF,FF,FF
56591,3252,0xCF00400,1,8,FF,FF,FF,FA,45,FF,FF,FF
56592,3253,0xCFF6600,1,8,BF,08,FF,FF,FF,FF,FF,FF
56612,3254,0xCF00400,1,8,FF,FF,FF,C0,45,FF,FF,FF
56612,3255,0xCFF6600,1,8,B8,08,FF,FF,FF,FF,FF,FF
56631,3256,0xCF00400,1,8,FF,FF,FF,C0,45,FF,FF,FF
56632,3257,0xCFF6600,1,8,B8,08,FF,FF,FF,FF,FF,FF
56642,3258,0x18FEF100,1,8,3F,00,00,FF,FF,FF,FF,FF
56642,3259,0x10FF6500,1,8,FC,FF,FF,FF,FF,FF,FF,FF
56643,3260,0x18F00500,1,8,FF,FF,FF,FF,20,2D,FF,FF
56644,3261,0x18FEF200,1,8,1B,00,00,FB,00,00,00,FF
56651,3262,0xCF00400,1,8,FF,FF,FF,EA,45,FF,FF,FF
56652,3263,0xCFF6600,1,8,BD,08,FF,FF,FF,FF,FF,FF
56671,3264,0xCF00400,1,8,FF,FF,FF,6A,46,FF,FF,FF
56672,3265,0xCFF6600,1,8,CD,08,FF,FF,FF,FF,FF,FF
56692,3266,0xCF00400,1,8,FF,FF,FF,D4,46,FF,FF,FF
56692,3267,0xCFF6600,1,8,DA,08,FF,FF,FF,FF,FF,FF
56711,3268,0xCF00400,1,8,FF,FF,FF,D4,46,FF,FF,FF
56712,3269,0xCFF6600,1,8,DA,08,FF,FF,FF,FF,FF,FF
56731,3270,0xCF00400,1,8,FF,FF,FF,32,47,FF,FF,FF
56732,3271,0xCFF6600,1,8,E6,08,FF,FF,FF,FF,FF,FF
56742,3272,0x18FEF100,1,8,3F,00,00,FF,FF,FF,FF,FF
56743,3273,0x18F00500,1,8,FF,FF,FF,FF,20,2D,FF,FF
56743,3274,0x18F00600,1,8,FF,FF,FF,FF,FF,FF,FF,FF
56744,3275,0x18FEF200,1,8,1B,00,00,FB,00,00,00,FF
56744,3276,0x1CFDDF00,1,8,FE,FF,FF,FF,FF,FF,FF,FF
56745,3277,0x1CFF6A00,1,8,FC,FF,FF,FF,FF,FF,FF,FF
56751,3278,0xCF00400,1,8,FF,FF,FF,74,47,FF,FF,FF
56752,3279,0xCFF6600,1,8,EE,08,FF,FF,FF,FF,FF,FF
56771,3280,0xCF00400,1,8,FF,FF,FF,A4,47,FF,FF,FF
56772,3281,0xCFF6600,1,8,F4,08,FF,FF,FF,FF,FF,FF
56791,3282,0xCF00400,1,8,FF,FF,FF,A4,47,FF,FF,FF
56792,3283,0xCFF6600,1,8,F4,08,FF,FF,FF,FF,FF,FF
56811,3284,0xCF00400,1,8,FF,FF,FF,C0,47,FF,FF,FF
56812,3285,0xCFF6600,1,8,F8,08,FF,FF,FF,FF,FF,FF
56831,3286,0xCF00400,1,8,FF,FF,FF,CE,47,FF,FF,FF
56832,3287,0xCFF6600,1,8,F9,08,FF,FF,FF,FF,FF,FF
56842,3288,0x18FEF100,1,8,3F,00,00,FF,FF,FF,FF,FF
56842,3289,0x10FF6500,1,8,FC,FF,FF,FF,FF,FF,FF,FF
56843,3290,0x18F00500,1,8,FF,FF,FF,FF,20,2D,FF,FF
56844,3291,0x18FEF200,1,8,1B,00,00,FB,00,00,00,FF
56851,3292,0xCF00400,1,8,FF,FF,FF,A2,47,FF,FF,FF
56852,3293,0xCFF6600,1,8,F4,08,FF,FF,FF,FF,FF,FF
56871,3294,0xCF00400,1,8,FF,FF,FF,A2,47,FF,FF,FF
56872,3295,0xCFF6600,1,8,F4,08,FF,FF,FF,FF,FF,FF
56891,3296,0xCF00400,1,8,FF,FF,FF,3A,47,FF,FF,FF
56892,3297,0xCFF6600,1,8,E7,08,FF,FF,FF,FF,FF,FF
56901,3298,0x18FEEE00,1,8,5F,FF,FF,FF,FF,FF,FF,FF
56902,3299,0x18FDE500,1,8,0A,14,1E,28,32,3C,46,13
56911,3300,0xCF00400,1,8,FF,FF,FF,26,47,FF,FF,FF
56912,3301,0xCFF6600,1,8,E4,08,FF,FF,FF,FF,FF,FF
56921,3302,0x1CECFF00,1,8,20,0A,00,02,FF,CA,FE,00
56931,3303,0xCF00400,1,8,FF,FF,FF,56,47,FF,FF,FF
56932,3304,0xCFF6600,1,8,EA,08,FF,FF,FF,FF,FF,FF
56942,3305,0x18FEF100,1,8,3F,00,00,FF,FF,FF,FF,FF
56943,3306,0x18F00500,1,8,FF,FF,FF,FF,20,2D,FF,FF
56943,3307,0x18FEF200,1,8,1D,00,00,B4,00,00,00,FF
56951,3308,0xCF00400,1,8,FF,FF,FF,56,47,FF,FF,FF
56952,3309,0xCFF6600,1,8,EA,08,FF,FF,FF,FF,FF,FF
56971,3310,0xCF00400,1,8,FF,FF,FF,46,47,FF,FF,FF
56972,3311,0xCFF6600,1,8,E8,08,FF,FF,FF,FF,FF,FF
56972,3312,0x1CEBFF00,1,8,01,40,FF,0F,F0,E5,01,02
56991,3313,0xCF00400,1,8,FF,FF,FF,FC,46,FF,FF,FF
56992,3314,0xCFF6600,1,8,DF,08,FF,FF,FF,FF,FF,FF
57011,3315,0xCF00400,1,8,FF,FF,FF,A0,46,FF,FF,FF
57012,3316,0xCFF6600,1,8,D4,08,FF,FF,FF,FF,FF,FF
57021,3317,0x1CEBFF00,1,8,02,F0,E3,01,FF,FF,FF,FF
57031,3318,0xCF00400,1,8,FF,FF,FF,A0,46,FF,FF,FF
57032,3319,0xCFF6600,1,8,D4,08,FF,FF,FF,FF,FF,FF
57042,3320,0x18FEF100,1,8,3F,00,00,FF,FF,FF,FF,FF
57042,3321,0x10FF6500,1,8,FC,FF,FF,FF,FF,FF,FF,FF
57043,3322,0x18F00500,1,8,FF,FF,FF,FF,20,2D,FF,FF
57044,3323,0x18FEF200,1,8,1D,00,00,B4,00,00,00,FF
57051,3324,0xCF00400,1,8,FF,FF,FF,38,46,FF,FF,FF
57052,3325,0xCFF6600,1,8,C7,08,FF,FF,FF,FF,FF,FF
57071,3326,0xCF00400,1,8,FF,FF,FF,12,46,FF,FF,FF
57072,3327,0xCFF6600,1,8,C2,08,FF,FF,FF,FF,FF,FF
57091,3328,0xCF00400,1,8,FF,FF,FF,30,46,FF,FF,FF
57092,3329,0xCFF6600,1,8,C6,08,FF,FF,FF,FF,FF,FF
57111,3330,0xCF00400,1,8,FF,FF,FF,30,46,FF,FF,FF
57112,3331,0xCFF6600,1,8,C6,08,FF,FF,FF,FF,FF,FF
57131,3332,0xCF00400,1,8,FF,FF,FF,40,46,FF,FF,FF
57132,3333,0xCFF6600,1,8,C8,08,FF,FF,FF,FF,FF,FF
57142,3334,0x18FEF100,1,8,3F,00,00,FF,FF,FF,FF,FF
57143,3335,0x18F00500,1,8,FF,FF,FF,FF,20,2D,FF,FF
57143,3336,0x18FEF200,1,8,1D,00,00,B4,00,00,00,FF
57151,3337,0xCF00400,1,8,FF,FF,FF,4C,46,FF,FF,FF
57152,3338,0xCFF6600,1,8,C9,08,FF,FF,FF,FF,FF,FF
57171,3339,0xCF00400,1,8,FF,FF,FF,64,46,FF,FF,FF
57172,3340,0xCFF6600,1,8,CC,08,FF,FF,FF,FF,FF,FF
57191,3341,0xCF00400,1,8,FF,FF,FF,64,46,FF,FF,FF
57192,3342,0xCFF6600,1,8,CC,08,FF,FF,FF,FF,FF,FF
57211,3343,0xCF00400,1,8,FF,FF,FF,82,46,FF,FF,FF
57212,3344,0xCFF6600,1,8,D0,08,FF,FF,FF,FF,FF,FF
57231,3345,0xCF00400,1,8,FF,FF,FF,10,47,FF,FF,FF
57232,3346,0xCFF6600,1,8,E2,08,FF,FF,FF,FF,FF,FF
57242,3347,0x18FEF100,1,8,3F,00,00,FF,FF,FF,FF,FF
57243,3348,0x10FF6500,1,8,FC,FF,FF,FF,FF,FF,FF,FF
57243,3349,0x18F00500,1,8,FF,FF,FF,FF,20,2D,FF,FF
57244,3350,0x18F00600,1,8,FF,FF,FF,FF,FF,FF,FF,FF
57244,3351,0x18FEF200,1,8,1D,00,00,B4,00,00,00,FF
57245,3352,0x1CFDDF00,1,8,FE,FF,FF,FF,FF,FF,FF,FF
57246,3353,0x1CFF6A00,1,8,FC,FF,FF,FF,FF,FF,FF,FF
57251,3354,0xCF00400,1,8,FF,FF,FF,F4,47,FF,FF,FF
57252,3355,0xCFF6600,1,8,FE,08,FF,FF,FF,FF,FF,FF
57272,3356,0xCF00400,1,8,FF,FF,FF,56,48,FF,FF,FF
57272,3357,0xCFF6600,1,8,0A,09,FF,FF,FF,FF,FF,FF
57291,3358,0xCF00400,1,8,FF,FF,FF,56,48,FF,FF,FF
57292,3359,0xCFF6600,1,8,0A,09,FF,FF,FF,FF,FF,FF
57311,3360,0xCF00400,1,8,FF,FF,FF,4A,48,FF,FF,FF
57312,3361,0xCFF6600,1,8,09,09,FF,FF,FF,FF,FF,FF
57331,3362,0xCF00400,1,8,FF,FF,FF,CC,47,FF,FF,FF
57332,3363,0xCFF6600,1,8,F9,08,FF,FF,FF,FF,FF,FF
57342,3364,0x18FEF100,1,8,3F,00,00,FF,FF,FF,FF,FF
57343,3365,0x18F00500,1,8,FF,FF,FF,FF,20,2D,FF,FF
57343,3366,0x18FEF200,1,8,1D,00,00,B4,00,00,00,FF
57351,3367,0xCF00400,1,8,FF,FF,FF,EA,46,FF,FF,FF
57352,3368,0xCFF6600,1,8,DD,08,FF,FF,FF,FF,FF,FF
57371,3369,0xCF00400,1,8,FF,FF,FF,EA,46,FF,FF,FF
57372,3370,0xCFF6600,1,8,DD,08,FF,FF,FF,FF,FF,FF
57391,3371,0xCF00400,1,8,FF,FF,FF,9E,46,FF,FF,FF
57392,3372,0xCFF6600,1,8,D3,08,FF,FF,FF,FF,FF,FF
57411,3373,0xCF00400,1,8,FF,FF,FF,E8,46,FF,FF,FF
57412,3374,0xCFF6600,1,8,DD,08,FF,FF,FF,FF,FF,FF
57431,3375,0xCF00400,1,8,FF,FF,FF,B8,46,FF,FF,FF
57432,3376,0xCFF6600,1,8,D7,08,FF,FF,FF,FF,FF,FF
57442,3377,0x18FEF100,1,8,3F,00,00,FF,FF,FF,FF,FF
57443,3378,0x10FF6500,1,8,FC,FF,FF,FF,FF,FF,FF,FF
57444,3379,0x18F00500,1,8,FF,FF,FF,FF,20,2D,FF,FF
57444,3380,0x18FEF200,1,8,1D,00,00,B4,00,00,00,FF
57451,3381,0xCF00400,1,8,FF,FF,FF,B8,46,FF,FF,FF
57452,3382,0xCFF6600,1,8,D7,08,FF,FF,FF,FF,FF,FF
57471,3383,0xCF00400,1,8,FF,FF,FF,16,46,FF,FF,FF
57472,3384,0xCFF6600,1,8,C2,08,FF,FF,FF,FF,FF,FF
57491,3385,0xCF00400,1,8,FF,FF,FF,14,46,FF,FF,FF
57492,3386,0xCFF6600,1,8,C2,08,FF,FF,FF,FF,FF,FF
57511,3387,0xCF00400,1,8,FF,FF,FF,9C,46,FF,FF,FF
57512,3388,0xCFF6600,1,8,D3,08,FF,FF,FF,FF,FF,FF
57531,3389,0xCF00400,1,8,FF,FF,FF,9C,46,FF,FF,FF
57532,3390,0xCFF6600,1,8,D3,08,FF,FF,FF,FF,FF,FF
57542,3391,0x18FEF100,1,8,3F,00,00,FF,FF,FF,FF,FF
57543,3392,0x18F00500,1,8,FF,FF,FF,FF,20,2D,FF,FF
57543,3393,0x18FEF200,1,8,1D,00,00,B4,00,00,00,FF
57551,3394,0xCF00400,1,8,FF,FF,FF,E2,46,FF,FF,FF
57552,3395,0xCFF6600,1,8,DC,08,FF,FF,FF,FF,FF,FF
57571,3396,0xCF00400,1,8,FF,FF,FF,F4,46,FF,FF,FF
57572,3397,0xCFF6600,1,8,DE,08,FF,FF,FF,FF,FF,FF
57591,3398,0xCF00400,1,8,FF,FF,FF,D6,46,FF,FF,FF
57592,3399,0xCFF6600,1,8,DA,08,FF,FF,FF,FF,FF,FF
57611,3400,0xCF00400,1,8,FF,FF,FF,D6,46,FF,FF,FF
57612,3401,0xCFF6600,1,8,DA,08,FF,FF,FF,FF,FF,FF
57631,3402,0xCF00400,1,8,FF,FF,FF,8E,46,FF,FF,FF
57632,3403,0xCFF6600,1,8,D1,08,FF,FF,FF,FF,FF,FF
57643,3404,0x18FEF100,1,8,3F,00,00,FF,FF,FF,FF,FF
57643,3405,0x10FF6500,1,8,FC,FF,FF,FF,FF,FF,FF,FF
57644,3406,0x18F00500,1,8,FF,FF,FF,FF,20,2D,FF,FF
57644,3407,0x18FEF200,1,8,1D,00,00,B4,00,00,00,FF
57651,3408,0xCF00400,1,8,FF,FF,FF,9E,46,FF,FF,FF
57652,3409,0xCFF6600,1,8,D3,08,FF,FF,FF,FF,FF,FF
57671,3410,0xCF00400,1,8,FF,FF,FF,FC,46,FF,FF,FF
57672,3411,0xCFF6600,1,8,DF,08,FF,FF,FF,FF,FF,FF
57691,3412,0xCF00400,1,8,FF,FF,FF,FC,46,FF,FF,FF
57692,3413,0xCFF6600,1,8,DF,08,FF,FF,FF,FF,FF,FF
57711,3414,0xCF00400,1,8,FF,FF,FF,0A,47,FF,FF,FF
57712,3415,0xCFF6600,1,8,E1,08,FF,FF,FF,FF,FF,FF
57731,3416,0xCF00400,1,8,FF,FF,FF,C8,46,FF,FF,FF
57732,3417,0xCFF6600,1,8,D9,08,FF,FF,FF,FF,FF,FF
57742,3418,0x18FEF100,1,8,3F,00,00,FF,FF,FF,FF,FF
57743,3419,0x18F00500,1,8,FF,FF,FF,FF,20,2D,FF,FF
57743,3420,0x18F00600,1,8,FF,FF,FF,FF,FF,FF,FF,FF
57744,3421,0x18FEF200,1,8,1D,00,00,B4,00,00,00,FF
57745,3422,0x1CFDDF00,1,8,FE,FF,FF,FF,FF,FF,FF,FF
57745,3423,0x1CFF6A00,1,8,FC,FF,FF,FF,FF,FF,FF,FF
57751,3424,0xCF00400,1,8,FF,FF,FF,94,46,FF,FF,FF
57752,3425,0xCFF6600,1,8,D2,08,FF,FF,FF,FF,FF,FF
57771,3426,0xCF00400,1,8,FF,FF,FF,94,46,FF,FF,FF
57772,3427,0xCFF6600,1,8,D2,08,FF,FF,FF,FF,FF,FF
57791,3428,0xCF00400,1,8,FF,FF,FF,70,46,FF,FF,FF
57792,3429,0xCFF6600,1,8,CE,08,FF,FF,FF,FF,FF,FF
57811,3430,0xCF00400,1,8,FF,FF,FF,AC,46,FF,FF,FF
57812,3431,0xCFF6600,1,8,D5,08,FF,FF,FF,FF,FF,FF
57831,3432,0xCF00400,1,8,FF,FF,FF,3A,47,FF,FF,FF
57832,3433,0xCFF6600,1,8,E7,08,FF,FF,FF,FF,FF,FF
57842,3434,0x18FEF100,1,8,3F,00,00,FF,FF,FF,FF,FF
57843,3435,0x18F00500,1,8,FF,FF,FF,FF,20,2D,FF,FF
57843,3436,0x10FF6500,1,8,FC,FF,FF,FF,FF,FF,FF,FF
57844,3437,0x18FEF200,1,8,1D,00,00,B4,00,00,00,FF
57851,3438,0xCF00400,1,8,FF,FF,FF,3A,47,FF,FF,FF
57852,3439,0xCFF6600,1,8,E7,08,FF,FF,FF,FF,FF,FF
57871,3440,0xCF00400,1,8,FF,FF,FF,B0,47,FF,FF,FF
57872,3441,0xCFF6600,1,8,F6,08,FF,FF,FF,FF,FF,FF
57891,3442,0xCF00400,1,8,FF,FF,FF,08,48,FF,FF,FF
57892,3443,0xCFF6600,1,8,01,09,FF,FF,FF,FF,FF,FF
57901,3444,0x18FEEE00,1,8,5F,FF,FF,FF,FF,FF,FF,FF
57901,3445,0x18FDE500,1,8,0A,14,1E,28,32,3C,46,13
57911,3446,0xCF00400,1,8,FF,FF,FF,16,48,FF,FF,FF
57912,3447,0xCFF6600,1,8,02,09,FF,FF,FF,FF,FF,FF
57921,3448,0x1CECFF00,1,8,20,0A,00,02,FF,CA,FE,00
57932,3449,0xCF00400,1,8,FF,FF,FF,E8,47,FF,FF,FF
57932,3450,0xCFF6600,1,8,FD,08,FF,FF,FF,FF,FF,FF
57942,3451,0x18FEF100,1,8,3F,00,00,FF,FF,FF,FF,FF
57943,3452,0x18F00500,1,8,FF,FF,FF,FF,20,2D,FF,FF
57944,3453,0x18FEF200,1,8,1C,00,00,3C,00,00,00,FF
57951,3454,0xCF00400,1,8,FF,FF,FF,E8,47,FF,FF,FF
57952,3455,0xCFF6600,1,8,FD,08,FF,FF,FF,FF,FF,FF
57971,3456,0xCF00400,1,8,FF,FF,FF,A4,47,FF,FF,FF
57972,3457,0xCFF6600,1,8,F4,08,FF,FF,FF,FF,FF,FF
57972,3458,0x1CEBFF00,1,8,01,40,FF,0F,F0,E5,01,02
57991,3459,0xCF00400,1,8,FF,FF,FF,4E,47,FF,FF,FF
57992,3460,0xCFF6600,1,8,E9,08,FF,FF,FF,FF,FF,FF
58011,3461,0xCF00400,1,8,FF,FF,FF,3E,47,FF,FF,FF
58012,3462,0xCFF6600,1,8,E7,08,FF,FF,FF,FF,FF,FF
58041,3463,0xCF00400,1,8,FF,FF,FF,3E,47,FF,FF,FF
58042,3464,0xCFF6600,1,8,E7,08,FF,FF,FF,FF,FF,FF
58042,3465,0x1CEBFF00,1,8,02,F0,E3,01,FF,FF,FF,FF
58043,3466,0x10FF6500,1,8,FC,FF,FF,FF,FF,FF,FF,FF
58044,3467,0x18F00500,1,8,FF,FF,FF,FF,20,2D,FF,FF
58045,3468,0x18FEF100,1,8,3F,00,00,FF,FF,FF,FF,FF
58046,3469,0x18FEF200,1,8,1C,00,00,3C,00,00,00,FF
58051,3470,0xCF00400,1,8,FF,FF,FF,74,47,FF,FF,FF
58052,3471,0xCFF6600,1,8,EE,08,FF,FF,FF,FF,FF,FF
58071,3472,0xCF00400,1,8,FF,FF,FF,A8,47,FF,FF,FF
58072,3473,0xCFF6600,1,8,F5,08,FF,FF,FF,FF,FF,FF
58091,3474,0xCF00400,1,8,FF,FF,FF,DE,47,FF,FF,FF
58092,3475,0xCFF6600,1,8,FB,08,FF,FF,FF,FF,FF,FF
58111,3476,0xCF00400,1,8,FF,FF,FF,DE,47,FF,FF,FF
58112,3477,0xCFF6600,1,8,FB,08,FF,FF,FF,FF,FF,FF
58131,3478,0xCF00400,1,8,FF,FF,FF,02,48,FF,FF,FF
58132,3479,0xCFF6600,1,8,00,09,FF,FF,FF,FF,FF,FF
58142,3480,0x18FEF100,1,8,3F,00,00,FF,FF,FF,FF,FF
58143,3481,0x18F00500,1,8,FF,FF,FF,FF,20,2D,FF,FF
58144,3482,0x18FEF200,1,8,1C,00,00,3C,00,00,00,FF
58151,3483,0xCF00400,1,8,FF,FF,FF,12,48,FF,FF,FF
58152,3484,0xCFF6600,1,8,02,09,FF,FF,FF,FF,FF,FF
58171,3485,0xCF00400,1,8,FF,FF,FF,F4,47,FF,FF,FF
58172,3486,0xCFF6600,1,8,FE,08,FF,FF,FF,FF,FF,FF
58191,3487,0xCF00400,1,8,FF,FF,FF,F4,47,FF,FF,FF
58192,3488,0xCFF6600,1,8,FE,08,FF,FF,FF,FF,FF,FF
58211,3489,0xCF00400,1,8,FF,FF,FF,B0,47,FF,FF,FF
58212,3490,0xCFF6600,1,8,F6,08,FF,FF,FF,FF,FF,FF
58231,3491,0xCF00400,1,8,FF,FF,FF,6C,47,FF,FF,FF
58232,3492,0xCFF6600,1,8,ED,08,FF,FF,FF,FF,FF,FF
58242,3493,0x18FEF100,1,8,3F,00,00,FF,FF,FF,FF,FF
58243,3494,0x10FF6500,1,8,FC,FF,FF,FF,FF,FF,FF,FF
58243,3495,0x18F00500,1,8,FF,FF,FF,FF,20,2D,FF,FF
58244,3496,0x18F00600,1,8,FF,FF,FF,FF,FF,FF,FF,FF
58245,3497,0x18FEF200,1,8,1C,00,00,3C,00,00,00,FF
58245,3498,0x1CFDDF00,1,8,FE,FF,FF,FF,FF,FF,FF,FF
58246,3499,0x1CFF6A00,1,8,FC,FF,FF,FF,FF,FF,FF,FF
58251,3500,0xCF00400,1,8,FF,FF,FF,2E,47,FF,FF,FF
58252,3501,0xCFF6600,1,8,E5,08,FF,FF,FF,FF,FF,FF
58272,3502,0xCF00400,1,8,FF,FF,FF,04,47,FF,FF,FF
58272,3503,0xCFF6600,1,8,E0,08,FF,FF,FF,FF,FF,FF
58291,3504,0xCF00400,1,8,FF,FF,FF,04,47,FF,FF,FF
58292,3505,0xCFF6600,1,8,E0,08,FF,FF,FF,FF,FF,FF
58312,3506,0xCF00400,1,8,FF,FF,FF,F2,46,FF,FF,FF
58313,3507,0xCFF6600,1,8,DE,08,FF,FF,FF,FF,FF,FF
58331,3508,0xCF00400,1,8,FF,FF,FF,58,47,FF,FF,FF
58332,3509,0xCFF6600,1,8,EB,08,FF,FF,FF,FF,FF,FF
58342,3510,0x18FEF100,1,8,3F,00,00,FF,FF,FF,FF,FF
58343,3511,0x18F00500,1,8,FF,FF,FF,FF,20,2D,FF,FF
58343,3512,0x18FEF200,1,8,1C,00,00,3C,00,00,00,FF
58351,3513,0xCF00400,1,8,FF,FF,FF,10,48,FF,FF,FF
58352,3514,0xCFF6600,1,8,02,09,FF,FF,FF,FF,FF,FF
58371,3515,0xCF00400,1,8,FF,FF,FF,10,48,FF,FF,FF
58372,3516,0xCFF6600,1,8,02,09,FF,FF,FF,FF,FF,FF
58391,3517,0xCF00400,1,8,FF,FF,FF,54,48,FF,FF,FF
58392,3518,0xCFF6600,1,8,0A,09,FF,FF,FF,FF,FF,FF
58411,3519,0xCF00400,1,8,FF,FF,FF,42,48,FF,FF,FF
58412,3520,0xCFF6600,1,8,08,09,FF,FF,FF,FF,FF,FF
58432,3521,0xCF00400,1,8,FF,FF,FF,84,48,FF,FF,FF
58432,3522,0xCFF6600,1,8,10,09,FF,FF,FF,FF,FF,FF
58442,3523,0x18FEF100,1,8,3F,00,00,FF,FF,FF,FF,FF
58443,3524,0x10FF6500,1,8,FC,FF,FF,FF,FF,FF,FF,FF
58444,3525,0x18F00500,1,8,FF,FF,FF,FF,20,2D,FF,FF
58445,3526,0x18FEF200,1,8,1C,00,00,3C,00,00,00,FF
58451,3527,0xCF00400,1,8,FF,FF,FF,84,48,FF,FF,FF
58452,3528,0xCFF6600,1,8,10,09,FF,FF,FF,FF,FF,FF
58471,3529,0xCF00400,1,8,FF,FF,FF,0A,49,FF,FF,FF
58472,3530,0xCFF6600,1,8,21,09,FF,FF,FF,FF,FF,FF
58491,3531,0xCF00400,1,8,FF,FF,FF,42,49,FF,FF,FF
58492,3532,0xCFF6600,1,8,28,09,FF,FF,FF,FF,FF,FF
58511,3533,0xCF00400,1,8,FF,FF,FF,42,49,FF,FF,FF
58512,3534,0xCFF6600,1,8,28,09,FF,FF,FF,FF,FF,FF
58531,3535,0xCF00400,1,8,FF,FF,FF,5C,49,FF,FF,FF
58532,3536,0xCFF6600,1,8,2B,09,FF,FF,FF,FF,FF,FF
58542,3537,0x18FEF100,1,8,3F,00,00,FF,FF,FF,FF,FF
58543,3538,0x18F00500,1,8,FF,FF,FF,FF,20,2D,FF,FF
58544,3539,0x18FEF200,1,8,1C,00,00,3C,00,00,00,FF
58551,3540,0xCF00400,1,8,FF,FF,FF,5C,49,FF,FF,FF
58552,3541,0xCFF6600,1,8,2B,09,FF,FF,FF,FF,FF,FF
58571,3542,0xCF00400,1,8,FF,FF,FF,84,49,FF,FF,FF
58572,3543,0xCFF6600,1,8,30,09,FF,FF,FF,FF,FF,FF
58592,3544,0xCF00400,1,8,FF,FF,FF,D6,49,FF,FF,FF
58593,3545,0xCFF6600,1,8,3A,09,FF,FF,FF,FF,FF,FF
58611,3546,0xCF00400,1,8,FF,FF,FF,4C,4A,FF,FF,FF
58612,3547,0xCFF6600,1,8,49,09,FF,FF,FF,FF,FF,FF
58632,3548,0xCF00400,1,8,FF,FF,FF,30,4A,FF,FF,FF
58632,3549,0xCFF6600,1,8,46,09,FF,FF,FF,FF,FF,FF
58642,3550,0x18FEF100,1,8,3F,00,00,FF,FF,FF,FF,FF
58643,3551,0x10FF6500,1,8,FC,FF,FF,FF,FF,FF,FF,FF
58643,3552,0x18F00500,1,8,FF,FF,FF,FF,20,2D,FF,FF
58644,3553,0x18FEF200,1,8,1C,00,00,3C,00,00,00,FF
58651,3554,0xCF00400,1,8,FF,FF,FF,30,4A,FF,FF,FF
58652,3555,0xCFF6600,1,8,46,09,FF,FF,FF,FF,FF,FF
58671,3556,0xCF00400,1,8,FF,FF,FF,9C,49,FF,FF,FF
58672,3557,0xCFF6600,1,8,33,09,FF,FF,FF,FF,FF,FF
58691,3558,0xCF00400,1,8,FF,FF,FF,AC,49,FF,FF,FF
58692,3559,0xCFF6600,1,8,35,09,FF,FF,FF,FF,FF,FF
58711,3560,0xCF00400,1,8,FF,FF,FF,44,4A,FF,FF,FF
58712,3561,0xCFF6600,1,8,48,09,FF,FF,FF,FF,FF,FF
58731,3562,0xCF00400,1,8,FF,FF,FF,44,4A,FF,FF,FF
58732,3563,0xCFF6600,1,8,48,09,FF,FF,FF,FF,FF,FF
58742,3564,0x18FEF100,1,8,3F,00,00,FF,FF,FF,FF,FF
58743,3565,0x18F00500,1,8,FF,FF,FF,FF,20,2D,FF,FF
58743,3566,0x18F00600,1,8,FF,FF,FF,FF,FF,FF,FF,FF
58744,3567,0x18FEF200,1,8,1C,00,00,3C,00,00,00,FF
58745,3568,0x1CFDDF00,1,8,FE,FF,FF,FF,FF,FF,FF,FF
58745,3569,0x1CFF6A00,1,8,FC,FF,FF,FF,FF,FF,FF,FF
58751,3570,0xCF00400,1,8,FF,FF,FF,7E,4A,FF,FF,FF
58752,3571,0xCFF6600,1,8,4F,09,FF,FF,FF,FF,FF,FF
58771,3572,0xCF00400,1,8,FF,FF,FF,6A,4A,FF,FF,FF
58772,3573,0xCFF6600,1,8,4D,09,FF,FF,FF,FF,FF,FF
58791,3574,0xCF00400,1,8,FF,FF,FF,10,4A,FF,FF,FF
58793,3575,0xCFF6600,1,8,42,09,FF,FF,FF,FF,FF,FF
58811,3576,0xCF00400,1,8,FF,FF,FF,72,49,FF,FF,FF
58812,3577,0xCFF6600,1,8,2E,09,FF,FF,FF,FF,FF,FF
58831,3578,0xCF00400,1,8,FF,FF,FF,72,49,FF,FF,FF
58832,3579,0xCFF6600,1,8,2E,09,FF,FF,FF,FF,FF,FF
58842,3580,0x18FEF100,1,8,3F,00,00,FF,FF,FF,FF,FF
58843,3581,0x10FF6500,1,8,FC,FF,FF,FF,FF,FF,FF,FF
58843,3582,0x18F00500,1,8,FF,FF,FF,FF,20,2D,FF,FF
58844,3583,0x18FEF200,1,8,1C,00,00,3C,00,00,00,FF
58851,3584,0xCF00400,1,8,FF,FF,FF,68,49,FF,FF,FF
58852,3585,0xCFF6600,1,8,2D,09,FF,FF,FF,FF,FF,FF
58871,3586,0xCF00400,1,8,FF,FF,FF,E0,49,FF,FF,FF
58872,3587,0xCFF6600,1,8,3C,09,FF,FF,FF,FF,FF,FF
58891,3588,0xCF00400,1,8,FF,FF,FF,2C,4A,FF,FF,FF
58892,3589,0xCFF6600,1,8,45,09,FF,FF,FF,FF,FF,FF
58901,3590,0x18FEEE00,1,8,5F,FF,FF,FF,FF,FF,FF,FF
58902,3591,0x18FDE500,1,8,0A,14,1E,28,32,3C,46,13
58911,3592,0xCF00400,1,8,FF,FF,FF,56,4A,FF,FF,FF
58912,3593,0xCFF6600,1,8,4A,09,FF,FF,FF,FF,FF,FF
58921,3594,0x1CECFF00,1,8,20,0A,00,02,FF,CA,FE,00
58931,3595,0xCF00400,1,8,FF,FF,FF,56,4A,FF,FF,FF
58932,3596,0xCFF6600,1,8,4A,09,FF,FF,FF,FF,FF,FF
58942,3597,0x18FEF100,1,8,3F,00,00,FF,FF,FF,FF,FF
58943,3598,0x18F00500,1,8,FF,FF,FF,FF,20,2D,FF,FF
58943,3599,0x18FEF200,1,8,1C,00,00,14,00,00,00,FF
58951,3600,0xCF00400,1,8,FF,FF,FF,50,4A,FF,FF,FF
58952,3601,0xCFF6600,1,8,4A,09,FF,FF,FF,FF,FF,FF
58971,3602,0xCF00400,1,8,FF,FF,FF,22,4A,FF,FF,FF
58972,3603,0xCFF6600,1,8,44,09,FF,FF,FF,FF,FF,FF
58972,3604,0x1CEBFF00,1,8,01,40,FF,0F,F0,E5,01,02
58991,3605,0xCF00400,1,8,FF,FF,FF,F0,49,FF,FF,FF
58992,3606,0xCFF6600,1,8,3E,09,FF,FF,FF,FF,FF,FF
59012,3607,0xCF00400,1,8,FF,FF,FF,B8,49,FF,FF,FF
59012,3608,0xCFF6600,1,8,37,09,FF,FF,FF,FF,FF,FF
59021,3609,0x1CEBFF00,1,8,02,F0,E3,01,FF,FF,FF,FF
59031,3610,0xCF00400,1,8,FF,FF,FF,B8,49,FF,FF,FF
59032,3611,0xCFF6600,1,8,37,09,FF,FF,FF,FF,FF,FF
59042,3612,0x18FEF100,1,8,3F,00,00,FF,FF,FF,FF,FF
59043,3613,0x10FF6500,1,8,FC,FF,FF,FF,FF,FF,FF,FF
59044,3614,0x18F00500,1,8,FF,FF,FF,FF,20,2D,FF,FF
59044,3615,0x18FEF200,1,8,1C,00,00,14,00,00,00,FF
59051,3616,0xCF00400,1,8,FF,FF,FF,80,49,FF,FF,FF
59052,3617,0xCFF6600,1,8,30,09,FF,FF,FF,FF,FF,FF
59071,3618,0xCF00400,1,8,FF,FF,FF,44,49,FF,FF,FF
59072,3619,0xCFF6600,1,8,28,09,FF,FF,FF,FF,FF,FF
59091,3620,0xCF00400,1,8,FF,FF,FF,FA,48,FF,FF,FF
59092,3621,0xCFF6600,1,8,1F,09,FF,FF,FF,FF,FF,FF
59111,3622,0xCF00400,1,8,FF,FF,FF,FA,48,FF,FF,FF
59112,3623,0xCFF6600,1,8,1F,09,FF,FF,FF,FF,FF,FF
59131,3624,0xCF00400,1,8,FF,FF,FF,9E,48,FF,FF,FF
59132,3625,0xCFF6600,1,8,13,09,FF,FF,FF,FF,FF,FF
59142,3626,0x18FEF100,1,8,3F,00,00,FF,FF,FF,FF,FF
59143,3627,0x18F00500,1,8,FF,FF,FF,FF,20,2D,FF,FF
59143,3628,0x18FEF200,1,8,1C,00,00,14,00,00,00,FF
59151,3629,0xCF00400,1,8,FF,FF,FF,D4,48,FF,FF,FF
59152,3630,0xCFF6600,1,8,1A,09,FF,FF,FF,FF,FF,FF
59171,3631,0xCF00400,1,8,FF,FF,FF,88,49,FF,FF,FF
59172,3632,0xCFF6600,1,8,31,09,FF,FF,FF,FF,FF,FF
59192,3633,0xCF00400,1,8,FF,FF,FF,A4,49,FF,FF,FF
59192,3634,0xCFF6600,1,8,34,09,FF,FF,FF,FF,FF,FF
59211,3635,0xCF00400,1,8,FF,FF,FF,A4,49,FF,FF,FF
59212,3636,0xCFF6600,1,8,34,09,FF,FF,FF,FF,FF,FF
59231,3637,0xCF00400,1,8,FF,FF,FF,42,49,FF,FF,FF
59232,3638,0xCFF6600,1,8,28,09,FF,FF,FF,FF,FF,FF
59243,3639,0x18FEF100,1,8,3F,00,00,FF,FF,FF,FF,FF
59243,3640,0x10FF6500,1,8,FC,FF,FF,FF,FF,FF,FF,FF
59244,3641,0x18F00500,1,8,FF,FF,FF,FF,20,2D,FF,FF
59244,3642,0x18F00600,1,8,FF,FF,FF,FF,FF,FF,FF,FF
59245,3643,0x18FEF200,1,8,1C,00,00,14,00,00,00,FF
59246,3644,0x1CFDDF00,1,8,FE,FF,FF,FF,FF,FF,FF,FF
59246,3645,0x1CFF6A00,1,8,FC,FF,FF,FF,FF,FF,FF,FF
59251,3646,0xCF00400,1,8,FF,FF,FF,78,49,FF,FF,FF
59252,3647,0xCFF6600,1,8,2F,09,FF,FF,FF,FF,FF,FF
59271,3648,0xCF00400,1,8,FF,FF,FF,2C,4A,FF,FF,FF
59272,3649,0xCFF6600,1,8,45,09,FF,FF,FF,FF,FF,FF
59291,3650,0xCF00400,1,8,FF,FF,FF,2C,4A,FF,FF,FF
59292,3651,0xCFF6600,1,8,45,09,FF,FF,FF,FF,FF,FF
59311,3652,0xCF00400,1,8,FF,FF,FF,7A,4A,FF,FF,FF
59312,3653,0xCFF6600,1,8,4F,09,FF,FF,FF,FF,FF,FF
59331,3654,0xCF00400,1,8,FF,FF,FF,78,4A,FF,FF,FF
59332,3655,0xCFF6600,1,8,4F,09,FF,FF,FF,FF,FF,FF
59343,3656,0x18FEF100,1,8,3F,00,00,FF,FF,FF,FF,FF
59343,3657,0x18F00500,1,8,FF,FF,FF,FF,20,2D,FF,FF
59344,3658,0x18FEF200,1,8,1C,00,00,14,00,00,00,FF
59351,3659,0xCF00400,1,8,FF,FF,FF,66,4A,FF,FF,FF
59352,3660,0xCFF6600,1,8,4C,09,FF,FF,FF,FF,FF,FF
59371,3661,0xCF00400,1,8,FF,FF,FF,4A,4A,FF,FF,FF
59372,3662,0xCFF6600,1,8,49,09,FF,FF,FF,FF,FF,FF
59391,3663,0xCF00400,1,8,FF,FF,FF,4A,4A,FF,FF,FF
59392,3664,0xCFF6600,1,8,49,09,FF,FF,FF,FF,FF,FF
59411,3665,0xCF00400,1,8,FF,FF,FF,DC,49,FF,FF,FF
59412,3666,0xCFF6600,1,8,3B,09,FF,FF,FF,FF,FF,FF
59431,3667,0xCF00400,1,8,FF,FF,FF,22,49,FF,FF,FF
59432,3668,0xCFF6600,1,8,24,09,FF,FF,FF,FF,FF,FF
59442,3669,0x18FEF100,1,8,3F,00,00,FF,FF,FF,FF,FF
59443,3670,0x10FF6500,1,8,FC,FF,FF,FF,FF,FF,FF,FF
59443,3671,0x18F00500,1,8,FF,FF,FF,FF,20,2D,FF,FF
59444,3672,0x18FEF200,1,8,1C,00,00,14,00,00,00,FF
59451,3673,0xCF00400,1,8,FF,FF,FF,F2,48,FF,FF,FF
59452,3674,0xCFF6600,1,8,1E,09,FF,FF,FF,FF,FF,FF
59472,3675,0xCF00400,1,8,FF,FF,FF,38,49,FF,FF,FF
59472,3676,0xCFF6600,1,8,27,09,FF,FF,FF,FF,FF,FF
59491,3677,0xCF00400,1,8,FF,FF,FF,38,49,FF,FF,FF
59492,3678,0xCFF6600,1,8,27,09,FF,FF,FF,FF,FF,FF
59511,3679,0xCF00400,1,8,FF,FF,FF,70,49,FF,FF,FF
59512,3680,0xCFF6600,1,8,2E,09,FF,FF,FF,FF,FF,FF
59531,3681,0xCF00400,1,8,FF,FF,FF,A4,49,FF,FF,FF
59532,3682,0xCFF6600,1,8,34,09,FF,FF,FF,FF,FF,FF
59542,3683,0x18FEF100,1,8,3F,00,00,FF,FF,FF,FF,FF
59543,3684,0x18F00500,1,8,FF,FF,FF,FF,20,2D,FF,FF
59544,3685,0x18FEF200,1,8,1C,00,00,14,00,00,00,FF
59551,3686,0xCF00400,1,8,FF,FF,FF,D6,49,FF,FF,FF
59552,3687,0xCFF6600,1,8,3A,09,FF,FF,FF,FF,FF,FF
59571,3688,0xCF00400,1,8,FF,FF,FF,D6,49,FF,FF,FF
59572,3689,0xCFF6600,1,8,3A,09,FF,FF,FF,FF,FF,FF
59591,3690,0xCF00400,1,8,FF,FF,FF,08,4A,FF,FF,FF
59592,3691,0xCFF6600,1,8,41,09,FF,FF,FF,FF,FF,FF
59611,3692,0xCF00400,1,8,FF,FF,FF,F6,49,FF,FF,FF
59612,3693,0xCFF6600,1,8,3E,09,FF,FF,FF,FF,FF,FF
59631,3694,0xCF00400,1,8,FF,FF,FF,A4,49,FF,FF,FF
59632,3695,0xCFF6600,1,8,34,09,FF,FF,FF,FF,FF,FF
59642,3696,0x18FEF100,1,8,3F,00,00,FF,FF,FF,FF,FF
59643,3697,0x10FF6500,1,8,FC,FF,FF,FF,FF,FF,FF,FF
59643,3698,0x18F00500,1,8,FF,FF,FF,FF,20,2D,FF,FF
59644,3699,0x18FEF200,1,8,1C,00,00,14,00,00,00,FF
59651,3700,0xCF00400,1,8,FF,FF,FF,76,49,FF,FF,FF
59652,3701,0xCFF6600,1,8,2E,09,FF,FF,FF,FF,FF,FF
59671,3702,0xCF00400,1,8,FF,FF,FF,76,49,FF,FF,FF
59672,3703,0xCFF6600,1,8,2E,09,FF,FF,FF,FF,FF,FF
59691,3704,0xCF00400,1,8,FF,FF,FF,68,49,FF,FF,FF
59692,3705,0xCFF6600,1,8,2D,09,FF,FF,FF,FF,FF,FF
59711,3706,0xCF00400,1,8,FF,FF,FF,74,49,FF,FF,FF
59712,3707,0xCFF6600,1,8,2E,09,FF,FF,FF,FF,FF,FF
59731,3708,0xCF00400,1,8,FF,FF,FF,94,49,FF,FF,FF
59732,3709,0xCFF6600,1,8,32,09,FF,FF,FF,FF,FF,FF
59742,3710,0x18FEF100,1,8,3F,00,00,FF,FF,FF,FF,FF
59743,3711,0x18F00500,1,8,FF,FF,FF,FF,20,2D,FF,FF
59743,3712,0x18F00600,1,8,FF,FF,FF,FF,FF,FF,FF,FF
59744,3713,0x18FEF200,1,8,1C,00,00,14,00,00,00,FF
59745,3714,0x1CFDDF00,1,8,FE,FF,FF,FF,FF,FF,FF,FF
59746,3715,0x1CFF6A00,1,8,FC,FF,FF,FF,FF,FF,FF,FF
59751,3716,0xCF00400,1,8,FF,FF,FF,DC,49,FF,FF,FF
59752,3717,0xCFF6600,1,8,3B,09,FF,FF,FF,FF,FF,FF
59771,3718,0xCF00400,1,8,FF,FF,FF,DC,49,FF,FF,FF
59772,3719,0xCFF6600,1,8,3B,09,FF,FF,FF,FF,FF,FF
59791,3720,0xCF00400,1,8,FF,FF,FF,44,4A,FF,FF,FF
59792,3721,0xCFF6600,1,8,48,09,FF,FF,FF,FF,FF,FF
59811,3722,0xCF00400,1,8,FF,FF,FF,5E,4A,FF,FF,FF
59812,3723,0xCFF6600,1,8,4B,09,FF,FF,FF,FF,FF,FF
59831,3724,0xCF00400,1,8,FF,FF,FF,3A,4A,FF,FF,FF
59832,3725,0xCFF6600,1,8,47,09,FF,FF,FF,FF,FF,FF
59842,3726,0x18FEF100,1,8,3F,00,00,FF,FF,FF,FF,FF
59843,3727,0x10FF6500,1,8,FC,FF,FF,FF,FF,FF,FF,FF
59843,3728,0x18F00500,1,8,FF,FF,FF,FF,20,2D,FF,FF
59844,3729,0x18FEF200,1,8,1C,00,00,14,00,00,00,FF
59852,3730,0xCF00400,1,8,FF,FF,FF,62,4A,FF,FF,FF
59852,3731,0xCFF6600,1,8,4C,09,FF,FF,FF,FF,FF,FF
59871,3732,0xCF00400,1,8,FF,FF,FF,62,4A,FF,FF,FF
59873,3733,0xCFF6600,1,8,4C,09,FF,FF,FF,FF,FF,FF
59891,3734,0xCF00400,1,8,FF,FF,FF,CA,4A,FF,FF,FF
59892,3735,0xCFF6600,1,8,59,09,FF,FF,FF,FF,FF,FF
59902,3736,0x18FEEE00,1,8,5E,FF,FF,FF,FF,FF,FF,FF
59902,3737,0x18FDE500,1,8,0A,14,1E,28,32,3C,46,13
59911,3738,0xCF00400,1,8,FF,FF,FF,B2,4A,FF,FF,FF
59912,3739,0xCFF6600,1,8,56,09,FF,FF,FF,FF,FF,FF
59921,3740,0x1CECFF00,1,8,20,0A,00,02,FF,CA,FE,00
59931,3741,0xCF00400,1,8,FF,FF,FF,22,4A,FF,FF,FF
59933,3742,0xCFF6600,1,8,44,09,FF,FF,FF,FF,FF,FF
59942,3743,0x18FEF100,1,8,3F,00,00,FF,FF,FF,FF,FF
59943,3744,0x18F00500,1,8,FF,FF,FF,FF,20,2D,FF,FF
59944,3745,0x18FEF200,1,8,1E,00,00,07,00,00,00,FF
59951,3746,0xCF00400,1,8,FF,FF,FF,22,4A,FF,FF,FF
59952,3747,0xCFF6600,1,8,44,09,FF,FF,FF,FF,FF,FF
59971,3748,0xCF00400,1,8,FF,FF,FF,16,4A,FF,FF,FF
59972,3749,0xCFF6600,1,8,42,09,FF,FF,FF,FF,FF,FF
59972,3750,0x1CEBFF00,1,8,01,40,FF,0F,F0,E5,01,02
59991,3751,0xCF00400,1,8,FF,FF,FF,7A,4A,FF,FF,FF
59992,3752,0xCFF6600,1,8,4F,09,FF,FF,FF,FF,FF,FF
60011,3753,0xCF00400,1,8,FF,FF,FF,A2,4A,FF,FF,FF
60012,3754,0xCFF6600,1,8,54,09,FF,FF,FF,FF,FF,FF
60021,3755,0x1CEBFF00,1,8,02,F0,E3,01,FF,FF,FF,FF
60031,3756,0xCF00400,1,8,FF,FF,FF,A0,4A,FF,FF,FF
60032,3757,0xCFF6600,1,8,54,09,FF,FF,FF,FF,FF,FF
60042,3758,0x18FEF100,1,8,3F,00,00,FF,FF,FF,FF,FF
60043,3759,0x18F00500,1,8,FF,FF,FF,FF,20,2D,FF,FF
60043,3760,0x10FF6500,1,8,FC,FF,FF,FF,FF,FF,FF,FF
60044,3761,0x18FEF200,1,8,1E,00,00,07,00,00,00,FF
60051,3762,0xCF00400,1,8,FF,FF,FF,A0,4A,FF,FF,FF
60052,3763,0xCFF6600,1,8,54,09,FF,FF,FF,FF,FF,FF
60071,3764,0xCF00400,1,8,FF,FF,FF,6A,4A,FF,FF,FF
60072,3765,0xCFF6600,1,8,4D,09,FF,FF,FF,FF,FF,FF
60091,3766,0xCF00400,1,8,FF,FF,FF,FE,49,FF,FF,FF
60092,3767,0xCFF6600,1,8,3F,09,FF,FF,FF,FF,FF,FF
60111,3768,0xCF00400,1,8,FF,FF,FF,9A,49,FF,FF,FF
60112,3769,0xCFF6600,1,8,33,09,FF,FF,FF,FF,FF,FF
60131,3770,0xCF00400,1,8,FF,FF,FF,40,49,FF,FF,FF
60132,3771,0xCFF6600,1,8,28,09,FF,FF,FF,FF,FF,FF
60142,3772,0x18FEF100,1,8,3F,00,00,FF,FF,FF,FF,FF
60143,3773,0x18F00500,1,8,FF,FF,FF,FF,20,2D,FF,FF
60144,3774,0x18FEF200,1,8,1E,00,00,07,00,00,00,FF
60151,3775,0xCF00400,1,8,FF,FF,FF,40,49,FF,FF,FF
60152,3776,0xCFF6600,1,8,28,09,FF,FF,FF,FF,FF,FF
60171,3777,0xCF00400,1,8,FF,FF,FF,14,49,FF,FF,FF
60172,3778,0xCFF6600,1,8,22,09,FF,FF,FF,FF,FF,FF
60191,3779,0xCF00400,1,8,FF,FF,FF,10,49,FF,FF,FF
60192,3780,0xCFF6600,1,8,22,09,FF,FF,FF,FF,FF,FF
60211,3781,0xCF00400,1,8,FF,FF,FF,F6,48,FF,FF,FF
60213,3782,0xCFF6600,1,8,1E,09,FF,FF,FF,FF,FF,FF
60231,3783,0xCF00400,1,8,FF,FF,FF,F6,48,FF,FF,FF
60233,3784,0xCFF6600,1,8,1E,09,FF,FF,FF,FF,FF,FF
60242,3785,0x18FEF100,1,8,3F,00,00,FF,FF,FF,FF,FF
60243,3786,0x18F00500,1,8,FF,FF,FF,FF,20,2D,FF,FF
60243,3787,0x10FF6500,1,8,FC,FF,FF,FF,FF,FF,FF,FF
60244,3788,0x18F00600,1,8,FF,FF,FF,FF,FF,FF,FF,FF
60245,3789,0x18FEF200,1,8,1E,00,00,07,00,00,00,FF
60245,3790,0x1CFDDF00,1,8,FE,FF,FF,FF,FF,FF,FF,FF
60246,3791,0x1CFF6A00,1,8,FC,FF,FF,FF,FF,FF,FF,FF
60251,3792,0xCF00400,1,8,FF,FF,FF,CC,48,FF,FF,FF
60252,3793,0xCFF6600,1,8,19,09,FF,FF,FF,FF,FF,FF
60271,3794,0xCF00400,1,8,FF,FF,FF,D8,48,FF,FF,FF
60272,3795,0xCFF6600,1,8,1B,09,FF,FF,FF,FF,FF,FF
60291,3796,0xCF00400,1,8,FF,FF,FF,12,49,FF,FF,FF
60292,3797,0xCFF6600,1,8,22,09,FF,FF,FF,FF,FF,FF
60312,3798,0xCF00400,1,8,FF,FF,FF,94,49,FF,FF,FF
60313,3799,0xCFF6600,1,8,32,09,FF,FF,FF,FF,FF,FF
60331,3800,0xCF00400,1,8,FF,FF,FF,94,49,FF,FF,FF
60332,3801,0xCFF6600,1,8,32,09,FF,FF,FF,FF,FF,FF
60342,3802,0x18FEF100,1,8,3F,00,00,FF,FF,FF,FF,FF
60343,3803,0x18F00500,1,8,FF,FF,FF,FF,20,2D,FF,FF
60343,3804,0x18FEF200,1,8,1E,00,00,07,00,00,00,FF
60351,3805,0xCF00400,1,8,FF,FF,FF,5A,4A,FF,FF,FF
60352,3806,0xCFF6600,1,8,4B,09,FF,FF,FF,FF,FF,FF
60371,3807,0xCF00400,1,8,FF,FF,FF,48,4A,FF,FF,FF
60372,3808,0xCFF6600,1,8,49,09,FF,FF,FF,FF,FF,FF
60391,3809,0xCF00400,1,8,FF,FF,FF,6E,49,FF,FF,FF
60392,3810,0xCFF6600,1,8,2D,09,FF,FF,FF,FF,FF,FF
60412,3811,0xCF00400,1,8,FF,FF,FF,08,49,FF,FF,FF
60412,3812,0xCFF6600,1,8,21,09,FF,FF,FF,FF,FF,FF
60431,3813,0xCF00400,1,8,FF,FF,FF,08,49,FF,FF,FF
60432,3814,0xCFF6600,1,8,21,09,FF,FF,FF,FF,FF,FF
60442,3815,0x18FEF100,1,8,3F,00,00,FF,FF,FF,FF,FF
60443,3816,0x18F00500,1,8,FF,FF,FF,FF,20,2D,FF,FF
60443,3817,0x10FF6500,1,8,FC,FF,FF,FF,FF,FF,FF,FF
60444,3818,0x18FEF200,1,8,1E,00,00,07,00,00,00,FF
60451,3819,0xCF00400,1,8,FF,FF,FF,12,49,FF,FF,FF
60452,3820,0xCFF6600,1,8,22,09,FF,FF,FF,FF,FF,FF
60471,3821,0xCF00400,1,8,FF,FF,FF,2A,49,FF,FF,FF
60472,3822,0xCFF6600,1,8,25,09,FF,FF,FF,FF,FF,FF
60491,3823,0xCF00400,1,8,FF,FF,FF,4A,49,FF,FF,FF
60492,3824,0xCFF6600,1,8,29,09,FF,FF,FF,FF,FF,FF
60511,3825,0xCF00400,1,8,FF,FF,FF,4A,49,FF,FF,FF
60512,3826,0xCFF6600,1,8,29,09,FF,FF,FF,FF,FF,FF
60531,3827,0xCF00400,1,8,FF,FF,FF,60,49,FF,FF,FF
60532,3828,0xCFF6600,1,8,2C,09,FF,FF,FF,FF,FF,FF
60542,3829,0x18FEF100,1,8,3F,00,00,FF,FF,FF,FF,FF
60543,3830,0x18F00500,1,8,FF,FF,FF,FF,20,2D,FF,FF
60543,3831,0x18FEF200,1,8,1E,00,00,07,00,00,00,FF
60551,3832,0xCF00400,1,8,FF,FF,FF,72,49,FF,FF,FF
60552,3833,0xCFF6600,1,8,2E,09,FF,FF,FF,FF,FF,FF
60571,3834,0xCF00400,1,8,FF,FF,FF,4E,49,FF,FF,FF
60572,3835,0xCFF6600,1,8,29,09,FF,FF,FF,FF,FF,FF
60591,3836,0xCF00400,1,8,FF,FF,FF,F8,48,FF,FF,FF
60592,3837,0xCFF6600,1,8,1F,09,FF,FF,FF,FF,FF,FF
60611,3838,0xCF00400,1,8,FF,FF,FF,F8,48,FF,FF,FF
60612,3839,0xCFF6600,1,8,1F,09,FF,FF,FF,FF,FF,FF
60631,3840,0xCF00400,1,8,FF,FF,FF,E4,48,FF,FF,FF
60632,3841,0xCFF6600,1,8,1C,09,FF,FF,FF,FF,FF,FF
60643,3842,0x18FEF100,1,8,3F,00,00,FF,FF,FF,FF,FF
60643,3843,0x10FF6500,1,8,FC,FF,FF,FF,FF,FF,FF,FF
60644,3844,0x18F00500,1,8,FF,FF,FF,FF,20,2D,FF,FF
60645,3845,0x18FEF200,1,8,1E,00,00,07,00,00,00,FF
60651,3846,0xCF00400,1,8,FF,FF,FF,12,49,FF,FF,FF
60652,3847,0xCFF6600,1,8,22,09,FF,FF,FF,FF,FF,FF
60671,3848,0xCF00400,1,8,FF,FF,FF,28,49,FF,FF,FF
60672,3849,0xCFF6600,1,8,25,09,FF,FF,FF,FF,FF,FF
60691,3850,0xCF00400,1,8,FF,FF,FF,28,49,FF,FF,FF
60692,3851,0xCFF6600,1,8,25,09,FF,FF,FF,FF,FF,FF
60711,3852,0xCF00400,1,8,FF,FF,FF,2C,49,FF,FF,FF
60712,3853,0xCFF6600,1,8,25,09,FF,FF,FF,FF,FF,FF
60731,3854,0xCF00400,1,8,FF,FF,FF,5C,49,FF,FF,FF
60732,3855,0xCFF6600,1,8,2B,09,FF,FF,FF,FF,FF,FF
60742,3856,0x18FEF100,1,8,3F,00,00,FF,FF,FF,FF,FF
60743,3857,0x18F00500,1,8,FF,FF,FF,FF,20,2D,FF,FF
60743,3858,0x18F00600,1,8,FF,FF,FF,FF,FF,FF,FF,FF
60744,3859,0x18FEF200,1,8,1E,00,00,07,00,00,00,FF
60745,3860,0x1CFDDF00,1,8,FE,FF,FF,FF,FF,FF,FF,FF
60745,3861,0x1CFF6A00,1,8,FC,FF,FF,FF,FF,FF,FF,FF
60751,3862,0xCF00400,1,8,FF,FF,FF,AC,49,FF,FF,FF
60752,3863,0xCFF6600,1,8,35,09,FF,FF,FF,FF,FF,FF
60771,3864,0xCF00400,1,8,FF,FF,FF,60,49,FF,FF,FF
60772,3865,0xCFF6600,1,8,2C,09,FF,FF,FF,FF,FF,FF
60791,3866,0xCF00400,1,8,FF,FF,FF,60,49,FF,FF,FF
60792,3867,0xCFF6600,1,8,2C,09,FF,FF,FF,FF,FF,FF
60811,3868,0xCF00400,1,8,FF,FF,FF,86,48,FF,FF,FF
60812,3869,0xCFF6600,1,8,10,09,FF,FF,FF,FF,FF,FF
60831,3870,0xCF00400,1,8,FF,FF,FF,32,48,FF,FF,FF
60833,3871,0xCFF6600,1,8,06,09,FF,FF,FF,FF,FF,FF
60842,3872,0x18FEF100,1,8,3F,00,00,FF,FF,FF,FF,FF
60843,3873,0x10FF6500,1,8,FC,FF,FF,FF,FF,FF,FF,FF
60843,3874,0x18F00500,1,8,FF,FF,FF,FF,20,2D,FF,FF
60844,3875,0x18FEF200,1,8,1E,00,00,07,00,00,00,FF
60851,3876,0xCF00400,1,8,FF,FF,FF,64,48,FF,FF,FF
60852,3877,0xCFF6600,1,8,0C,09,FF,FF,FF,FF,FF,FF
60871,3878,0xCF00400,1,8,FF,FF,FF,64,48,FF,FF,FF
60872,3879,0xCFF6600,1,8,0C,09,FF,FF,FF,FF,FF,FF
60891,3880,0xCF00400,1,8,FF,FF,FF,D0,48,FF,FF,FF
60892,3881,0xCFF6600,1,8,1A,09,FF,FF,FF,FF,FF,FF
60901,3882,0x18FEEE00,1,8,5E,FF,FF,FF,FF,FF,FF,FF
60902,3883,0x18FDE500,1,8,0A,14,1E,28,32,3C,46,13
60911,3884,0xCF00400,1,8,FF,FF,FF,72,49,FF,FF,FF
60912,3885,0xCFF6600,1,8,2E,09,FF,FF,FF,FF,FF,FF
60921,3886,0x1CECFF00,1,8,20,0A,00,02,FF,CA,FE,00
60931,3887,0xCF00400,1,8,FF,FF,FF,CA,49,FF,FF,FF
60932,3888,0xCFF6600,1,8,39,09,FF,FF,FF,FF,FF,FF
60942,3889,0x18FEF100,1,8,3F,00,00,FF,FF,FF,FF,FF
60943,3890,0x18F00500,1,8,FF,FF,FF,FF,20,2D,FF,FF
60943,3891,0x18FEF200,1,8,1D,00,00,02,00,00,00,FF
60951,3892,0xCF00400,1,8,FF,FF,FF,E6,49,FF,FF,FF
60952,3893,0xCFF6600,1,8,3C,09,FF,FF,FF,FF,FF,FF
60971,3894,0xCF00400,1,8,FF,FF,FF,E6,49,FF,FF,FF
60972,3895,0xCFF6600,1,8,3C,09,FF,FF,FF,FF,FF,FF
60972,3896,0x1CEBFF00,1,8,01,40,FF,0F,F0,E5,01,02
60991,3897,0xCF00400,1,8,FF,FF,FF,D4,49,FF,FF,FF
60992,3898,0xCFF6600,1,8,3A,09,FF,FF,FF,FF,FF,FF
61011,3899,0xCF00400,1,8,FF,FF,FF,94,49,FF,FF,FF
61012,3900,0xCFF6600,1,8,32,09,FF,FF,FF,FF,FF,FF
61021,3901,0x1CEBFF00,1,8,02,F0,E3,01,FF,FF,FF,FF
61031,3902,0xCF00400,1,8,FF,FF,FF,8E,49,FF,FF,FF
61032,3903,0xCFF6600,1,8,31,09,FF,FF,FF,FF,FF,FF
61042,3904,0x18FEF100,1,8,3F,00,00,FF,FF,FF,FF,FF
61043,3905,0x10FF6500,1,8,FC,FF,FF,FF,FF,FF,FF,FF
61045,3906,0x18F00500,1,8,FF,FF,FF,FF,20,2D,FF,FF
61046,3907,0x18FEF200,1,8,1D,00,00,02,00,00,00,FF
61052,3908,0xCF00400,1,8,FF,FF,FF,B6,49,FF,FF,FF
61052,3909,0xCFF6600,1,8,36,09,FF,FF,FF,FF,FF,FF
61071,3910,0xCF00400,1,8,FF,FF,FF,B6,49,FF,FF,FF
61072,3911,0xCFF6600,1,8,36,09,FF,FF,FF,FF,FF,FF
61091,3912,0xCF00400,1,8,FF,FF,FF,B0,49,FF,FF,FF
61092,3913,0xCFF6600,1,8,36,09,FF,FF,FF,FF,FF,FF
61111,3914,0xCF00400,1,8,FF,FF,FF,84,49,FF,FF,FF
61112,3915,0xCFF6600,1,8,30,09,FF,FF,FF,FF,FF,FF
61131,3916,0xCF00400,1,8,FF,FF,FF,A0,49,FF,FF,FF
61132,3917,0xCFF6600,1,8,34,09,FF,FF,FF,FF,FF,FF
61142,3918,0x18FEF100,1,8,3F,00,00,FF,FF,FF,FF,FF
61143,3919,0x18F00500,1,8,FF,FF,FF,FF,20,2D,FF,FF
61144,3920,0x18FEF200,1,8,1D,00,00,02,00,00,00,FF
61151,3921,0xCF00400,1,8,FF,FF,FF,A0,49,FF,FF,FF
61152,3922,0xCFF6600,1,8,34,09,FF,FF,FF,FF,FF,FF
61171,3923,0xCF00400,1,8,FF,FF,FF,F8,49,FF,FF,FF
61172,3924,0xCFF6600,1,8,3F,09,FF,FF,FF,FF,FF,FF
61191,3925,0xCF00400,1,8,FF,FF,FF,EE,49,FF,FF,FF
61193,3926,0xCFF6600,1,8,3D,09,FF,FF,FF,FF,FF,FF
61212,3927,0xCF00400,1,8,FF,FF,FF,94,49,FF,FF,FF
61213,3928,0xCFF6600,1,8,32,09,FF,FF,FF,FF,FF,FF
61231,3929,0xCF00400,1,8,FF,FF,FF,64,49,FF,FF,FF
61232,3930,0xCFF6600,1,8,2C,09,FF,FF,FF,FF,FF,FF
61242,3931,0x18FEF100,1,8,3F,00,00,FF,FF,FF,FF,FF
61243,3932,0x10FF6500,1,8,FC,FF,FF,FF,FF,FF,FF,FF
61244,3933,0x18F00500,1,8,FF,FF,FF,FF,20,2D,FF,FF
61244,3934,0x18F00600,1,8,FF,FF,FF,FF,FF,FF,FF,FF
61245,3935,0x18FEF200,1,8,1D,00,00,02,00,00,00,FF
61245,3936,0x1CFDDF00,1,8,FE,FF,FF,FF,FF,FF,FF,FF
61246,3937,0x1CFF6A00,1,8,FC,FF,FF,FF,FF,FF,FF,FF
61251,3938,0xCF00400,1,8,FF,FF,FF,64,49,FF,FF,FF
61252,3939,0xCFF6600,1,8,2C,09,FF,FF,FF,FF,FF,FF
61271,3940,0xCF00400,1,8,FF,FF,FF,60,49,FF,FF,FF
61272,3941,0xCFF6600,1,8,2C,09,FF,FF,FF,FF,FF,FF
61291,3942,0xCF00400,1,8,FF,FF,FF,5E,49,FF,FF,FF
61292,3943,0xCFF6600,1,8,2B,09,FF,FF,FF,FF,FF,FF
61311,3944,0xCF00400,1,8,FF,FF,FF,62,49,FF,FF,FF
61312,3945,0xCFF6600,1,8,2C,09,FF,FF,FF,FF,FF,FF
61332,3946,0xCF00400,1,8,FF,FF,FF,86,49,FF,FF,FF
61332,3947,0xCFF6600,1,8,30,09,FF,FF,FF,FF,FF,FF
61342,3948,0x18FEF100,1,8,3F,00,00,FF,FF,FF,FF,FF
61343,3949,0x18F00500,1,8,FF,FF,FF,FF,20,2D,FF,FF
61343,3950,0x18FEF200,1,8,1D,00,00,02,00,00,00,FF
61351,3951,0xCF00400,1,8,FF,FF,FF,86,49,FF,FF,FF
61352,3952,0xCFF6600,1,8,30,09,FF,FF,FF,FF,FF,FF
61371,3953,0xCF00400,1,8,FF,FF,FF,BC,49,FF,FF,FF
61372,3954,0xCFF6600,1,8,37,09,FF,FF,FF,FF,FF,FF
61391,3955,0xCF00400,1,8,FF,FF,FF,68,49,FF,FF,FF
61392,3956,0xCFF6600,1,8,2D,09,FF,FF,FF,FF,FF,FF
61411,3957,0xCF00400,1,8,FF,FF,FF,94,48,FF,FF,FF
61412,3958,0xCFF6600,1,8,12,09,FF,FF,FF,FF,FF,FF
61431,3959,0xCF00400,1,8,FF,FF,FF,94,48,FF,FF,FF
61432,3960,0xCFF6600,1,8,12,09,FF,FF,FF,FF,FF,FF
61442,3961,0x18FEF100,1,8,3F,00,00,FF,FF,FF,FF,FF
61443,3962,0x18F00500,1,8,FF,FF,FF,FF,20,2D,FF,FF
61443,3963,0x10FF6500,1,8,FC,FF,FF,FF,FF,FF,FF,FF
61444,3964,0x18FEF200,1,8,1D,00,00,02,00,00,00,FF
61451,3965,0xCF00400,1,8,FF,FF,FF,3E,48,FF,FF,FF
61452,3966,0xCFF6600,1,8,07,09,FF,FF,FF,FF,FF,FF
61471,3967,0xCF00400,1,8,FF,FF,FF,5C,48,FF,FF,FF
61472,3968,0xCFF6600,1,8,0B,09,FF,FF,FF,FF,FF,FF
61491,3969,0xCF00400,1,8,FF,FF,FF,7E,48,FF,FF,FF
61492,3970,0xCFF6600,1,8,0F,09,FF,FF,FF,FF,FF,FF
61512,3971,0xCF00400,1,8,FF,FF,FF,A6,48,FF,FF,FF
61512,3972,0xCFF6600,1,8,14,09,FF,FF,FF,FF,FF,FF
61531,3973,0xCF00400,1,8,FF,FF,FF,A6,48,FF,FF,FF
61532,3974,0xCFF6600,1,8,14,09,FF,FF,FF,FF,FF,FF
61542,3975,0x18FEF100,1,8,3F,00,00,FF,FF,FF,FF,FF
61543,3976,0x18F00500,1,8,FF,FF,FF,FF,20,2D,FF,FF
61543,3977,0x18FEF200,1,8,1D,00,00,02,00,00,00,FF
61553,3978,0xCF00400,1,8,FF,FF,FF,82,48,FF,FF,FF
61554,3979,0xCFF6600,1,8,10,09,FF,FF,FF,FF,FF,FF
61571,3980,0xCF00400,1,8,FF,FF,FF,1C,48,FF,FF,FF
61572,3981,0xCFF6600,1,8,03,09,FF,FF,FF,FF,FF,FF
61591,3982,0xCF00400,1,8,FF,FF,FF,E4,47,FF,FF,FF
61592,3983,0xCFF6600,1,8,FC,08,FF,FF,FF,FF,FF,FF
61611,3984,0xCF00400,1,8,FF,FF,FF,E4,47,FF,FF,FF
61612,3985,0xCFF6600,1,8,FC,08,FF,FF,FF,FF,FF,FF
61631,3986,0xCF00400,1,8,FF,FF,FF,CC,47,FF,FF,FF
61632,3987,0xCFF6600,1,8,F9,08,FF,FF,FF,FF,FF,FF
61643,3988,0x18FEF100,1,8,3F,00,00,FF,FF,FF,FF,FF
61643,3989,0x10FF6500,1,8,FC,FF,FF,FF,FF,FF,FF,FF
61645,3990,0x18F00500,1,8,FF,FF,FF,FF,20,2D,FF,FF
61646,3991,0x18FEF200,1,8,1D,00,00,02,00,00,00,FF
61651,3992,0xCF00400,1,8,FF,FF,FF,84,47,FF,FF,FF
61652,3993,0xCFF6600,1,8,F0,08,FF,FF,FF,FF,FF,FF
61671,3994,0xCF00400,1,8,FF,FF,FF,12,47,FF,FF,FF
61672,3995,0xCFF6600,1,8,E2,08,FF,FF,FF,FF,FF,FF
61692,3996,0xCF00400,1,8,FF,FF,FF,12,47,FF,FF,FF
61692,3997,0xCFF6600,1,8,E2,08,FF,FF,FF,FF,FF,FF
61711,3998,0xCF00400,1,8,FF,FF,FF,C6,46,FF,FF,FF
61712,3999,0xCFF6600,1,8,D8,08,FF,FF,FF,FF,FF,FF
61731,4000,0xCF00400,1,8,FF,FF,FF,9C,46,FF,FF,FF
61732,4001,0xCFF6600,1,8,D3,08,FF,FF,FF,FF,FF,FF
61742,4002,0x18FEF100,1,8,3F,00,00,FF,FF,FF,FF,FF
61743,4003,0x18F00500,1,8,FF,FF,FF,FF,20,2D,FF,FF
61743,4004,0x18F00600,1,8,FF,FF,FF,FF,FF,FF,FF,FF
61744,4005,0x18FEF200,1,8,1D,00,00,02,00,00,00,FF
61745,4006,0x1CFDDF00,1,8,FE,FF,FF,FF,FF,FF,FF,FF
61745,4007,0x1CFF6A00,1,8,FC,FF,FF,FF,FF,FF,FF,FF
61752,4008,0xCF00400,1,8,FF,FF,FF,0A,46,FF,FF,FF
61752,4009,0xCFF6600,1,8,C1,08,FF,FF,FF,FF,FF,FF
61772,4010,0xCF00400,1,8,FF,FF,FF,0A,46,FF,FF,FF
61773,4011,0xCFF6600,1,8,C1,08,FF,FF,FF,FF,FF,FF
61797,4012,0xCF00400,1,8,FF,FF,FF,16,45,FF,FF,FF
61798,4013,0xCFF6600,1,8,A2,08,FF,FF,FF,FF,FF,FF
61811,4014,0xCF00400,1,8,FF,FF,FF,6A,45,FF,FF,FF
61812,4015,0xCFF6600,1,8,AD,08,FF,FF,FF,FF,FF,FF
61831,4016,0xCF00400,1,8,FF,FF,FF,D0,46,FF,FF,FF
61832,4017,0xCFF6600,1,8,DA,08,FF,FF,FF,FF,FF,FF
61842,4018,0x18FEF100,1,8,3F,00,00,FF,FF,FF,FF,FF
61843,4019,0x10FF6500,1,8,FC,FF,FF,FF,FF,FF,FF,FF
61844,4020,0x18F00500,1,8,FF,FF,FF,FF,20,2D,FF,FF
61844,4021,0x18FEF200,1,8,1D,00,00,02,00,00,00,FF
61851,4022,0xCF00400,1,8,FF,FF,FF,D0,46,FF,FF,FF
61852,4023,0xCFF6600,1,8,DA,08,FF,FF,FF,FF,FF,FF
61871,4024,0xCF00400,1,8,FF,FF,FF,68,47,FF,FF,FF
61872,4025,0xCFF6600,1,8,ED,08,FF,FF,FF,FF,FF,FF
61891,4026,0xCF00400,1,8,FF,FF,FF,60,47,FF,FF,FF
61892,4027,0xCFF6600,1,8,EC,08,FF,FF,FF,FF,FF,FF
61901,4028,0x18FEEE00,1,8,5E,FF,FF,FF,FF,FF,FF,FF
61901,4029,0x18FDE500,1,8,0A,14,1E,28,32,3C,46,13
61912,4030,0xCF00400,1,8,FF,FF,FF,2A,47,FF,FF,FF
61913,4031,0xCFF6600,1,8,E5,08,FF,FF,FF,FF,FF,FF
61921,4032,0x1CECFF00,1,8,20,0A,00,02,FF,CA,FE,00
61932,4033,0xCF00400,1,8,FF,FF,FF,2A,47,FF,FF,FF
61933,4034,0xCFF6600,1,8,E5,08,FF,FF,FF,FF,FF,FF
61942,4035,0x18FEF100,1,8,3F,00,00,FF,FF,FF,FF,FF
61943,4036,0x18F00500,1,8,FF,FF,FF,FF,20,2D,FF,FF
61943,4037,0x18FEF200,1,8,1B,00,00,01,00,00,00,FF
61951,4038,0xCF00400,1,8,FF,FF,FF,BE,46,FF,FF,FF
61952,4039,0xCFF6600,1,8,D7,08,FF,FF,FF,FF,FF,FF
61971,4040,0xCF00400,1,8,FF,FF,FF,72,46,FF,FF,FF
61972,4041,0xCFF6600,1,8,CE,08,FF,FF,FF,FF,FF,FF
61972,4042,0x1CEBFF00,1,8,01,40,FF,0F,F0,E5,01,02
61991,4043,0xCF00400,1,8,FF,FF,FF,48,46,FF,FF,FF
61992,4044,0xCFF6600,1,8,C9,08,FF,FF,FF,FF,FF,FF
62011,4045,0xCF00400,1,8,FF,FF,FF,48,46,FF,FF,FF
62012,4046,0xCFF6600,1,8,C9,08,FF,FF,FF,FF,FF,FF
62021,4047,0x1CEBFF00,1,8,02,F0,E3,01,FF,FF,FF,FF
62031,4048,0xCF00400,1,8,FF,FF,FF,3E,46,FF,FF,FF
62032,4049,0xCFF6600,1,8,C7,08,FF,FF,FF,FF,FF,FF
62043,4050,0x18FEF100,1,8,3F,00,00,FF,FF,FF,FF,FF
62043,4051,0x10FF6500,1,8,FC,FF,FF,FF,FF,FF,FF,FF
62044,4052,0x18F00500,1,8,FF,FF,FF,FF,20,2D,FF,FF
62044,4053,0x18FEF200,1,8,1B,00,00,01,00,00,00,FF
62051,4054,0xCF00400,1,8,FF,FF,FF,4C,46,FF,FF,FF
62052,4055,0xCFF6600,1,8,C9,08,FF,FF,FF,FF,FF,FF
62071,4056,0xCF00400,1,8,FF,FF,FF,5E,46,FF,FF,FF
62072,4057,0xCFF6600,1,8,CB,08,FF,FF,FF,FF,FF,FF
62091,4058,0xCF00400,1,8,FF,FF,FF,5E,46,FF,FF,FF
62092,4059,0xCFF6600,1,8,CB,08,FF,FF,FF,FF,FF,FF
62111,4060,0xCF00400,1,8,FF,FF,FF,70,46,FF,FF,FF
62112,4061,0xCFF6600,1,8,CE,08,FF,FF,FF,FF,FF,FF
62131,4062,0xCF00400,1,8,FF,FF,FF,5E,46,FF,FF,FF
62132,4063,0xCFF6600,1,8,CB,08,FF,FF,FF,FF,FF,FF
62142,4064,0x18FEF100,1,8,3F,00,00,FF,FF,FF,FF,FF
62143,4065,0x18F00500,1,8,FF,FF,FF,FF,20,2D,FF,FF
62143,4066,0x18FEF200,1,8,1B,00,00,01,00,00,00,FF
62151,4067,0xCF00400,1,8,FF,FF,FF,2C,46,FF,FF,FF
62152,4068,0xCFF6600,1,8,C5,08,FF,FF,FF,FF,FF,FF
62171,4069,0xCF00400,1,8,FF,FF,FF,2C,46,FF,FF,FF
62172,4070,0xCFF6600,1,8,C5,08,FF,FF,FF,FF,FF,FF
62191,4071,0xCF00400,1,8,FF,FF,FF,6E,46,FF,FF,FF
62192,4072,0xCFF6600,1,8,CD,08,FF,FF,FF,FF,FF,FF
62212,4073,0xCF00400,1,8,FF,FF,FF,18,47,FF,FF,FF
62213,4074,0xCFF6600,1,8,E3,08,FF,FF,FF,FF,FF,FF
62231,4075,0xCF00400,1,8,FF,FF,FF,2E,47,FF,FF,FF
62232,4076,0xCFF6600,1,8,E5,08,FF,FF,FF,FF,FF,FF
62242,4077,0x18FEF100,1,8,3F,00,00,FF,FF,FF,FF,FF
62242,4078,0x10FF6500,1,8,FC,FF,FF,FF,FF,FF,FF,FF
62243,4079,0x18F00500,1,8,FF,FF,FF,FF,20,2D,FF,FF
62244,4080,0x18F00600,1,8,FF,FF,FF,FF,FF,FF,FF,FF
62244,4081,0x18FEF200,1,8,1B,00,00,01,00,00,00,FF
62245,4082,0x1CFDDF00,1,8,FE,FF,FF,FF,FF,FF,FF,FF
62245,4083,0x1CFF6A00,1,8,FC,FF,FF,FF,FF,FF,FF,FF
62251,4084,0xCF00400,1,8,FF,FF,FF,2E,47,FF,FF,FF
62252,4085,0xCFF6600,1,8,E5,08,FF,FF,FF,FF,FF,FF
62271,4086,0xCF00400,1,8,FF,FF,FF,C8,46,FF,FF,FF
62272,4087,0xCFF6600,1,8,D9,08,FF,FF,FF,FF,FF,FF
62291,4088,0xCF00400,1,8,FF,FF,FF,82,46,FF,FF,FF
62292,4089,0xCFF6600,1,8,D0,08,FF,FF,FF,FF,FF,FF
62311,4090,0xCF00400,1,8,FF,FF,FF,5A,46,FF,FF,FF
62312,4091,0xCFF6600,1,8,CB,08,FF,FF,FF,FF,FF,FF
62331,4092,0xCF00400,1,8,FF,FF,FF,5A,46,FF,FF,FF
62332,4093,0xCFF6600,1,8,CB,08,FF,FF,FF,FF,FF,FF
62342,4094,0x18FEF100,1,8,3F,00,00,FF,FF,FF,FF,FF
62343,4095,0x18F00500,1,8,FF,FF,FF,FF,20,2D,FF,FF
62343,4096,0x18FEF200,1,8,1B,00,00,01,00,00,00,FF
62351,4097,0xCF00400,1,8,FF,FF,FF,50,46,FF,FF,FF
62352,4098,0xCFF6600,1,8,CA,08,FF,FF,FF,FF,FF,FF
62371,4099,0xCF00400,1,8,FF,FF,FF,62,46,FF,FF,FF
62372,4100,0xCFF6600,1,8,CC,08,FF,FF,FF,FF,FF,FF
62391,4101,0xCF00400,1,8,FF,FF,FF,C0,46,FF,FF,FF
62392,4102,0xCFF6600,1,8,D8,08,FF,FF,FF,FF,FF,FF
62411,4103,0xCF00400,1,8,FF,FF,FF,C0,46,FF,FF,FF
62412,4104,0xCFF6600,1,8,D8,08,FF,FF,FF,FF,FF,FF
62432,4105,0xCF00400,1,8,FF,FF,FF,5E,47,FF,FF,FF
62433,4106,0xCFF6600,1,8,EB,08,FF,FF,FF,FF,FF,FF
62442,4107,0x18FEF100,1,8,3F,00,00,FF,FF,FF,FF,FF
62443,4108,0x10FF6500,1,8,FC,FF,FF,FF,FF,FF,FF,FF
62443,4109,0x18F00500,1,8,FF,FF,FF,FF,20,2D,FF,FF
62444,4110,0x18FEF200,1,8,1B,00,00,01,00,00,00,FF
62451,4111,0xCF00400,1,8,FF,FF,FF,90,47,FF,FF,FF
62452,4112,0xCFF6600,1,8,F2,08,FF,FF,FF,FF,FF,FF
62471,4113,0xCF00400,1,8,FF,FF,FF,62,47,FF,FF,FF
62472,4114,0xCFF6600,1,8,EC,08,FF,FF,FF,FF,FF,FF
62492,4115,0xCF00400,1,8,FF,FF,FF,8E,47,FF,FF,FF
62492,4116,0xCFF6600,1,8,F1,08,FF,FF,FF,FF,FF,FF
62511,4117,0xCF00400,1,8,FF,FF,FF,8E,47,FF,FF,FF
62512,4118,0xCFF6600,1,8,F1,08,FF,FF,FF,FF,FF,FF
62531,4119,0xCF00400,1,8,FF,FF,FF,0C,48,FF,FF,FF
62532,4120,0xCFF6600,1,8,01,09,FF,FF,FF,FF,FF,FF
62543,4121,0x18FEF100,1,8,3F,00,00,FF,FF,FF,FF,FF
62543,4122,0x18F00500,1,8,FF,FF,FF,FF,20,2D,FF,FF
62544,4123,0x18FEF200,1,8,1B,00,00,01,00,00,00,FF
62551,4124,0xCF00400,1,8,FF,FF,FF,C2,48,FF,FF,FF
62552,4125,0xCFF6600,1,8,18,09,FF,FF,FF,FF,FF,FF
62572,4126,0xCF00400,1,8,FF,FF,FF,A6,49,FF,FF,FF
62572,4127,0xCFF6600,1,8,34,09,FF,FF,FF,FF,FF,FF
62592,4128,0xCF00400,1,8,FF,FF,FF,A6,49,FF,FF,FF
62592,4129,0xCFF6600,1,8,34,09,FF,FF,FF,FF,FF,FF
62611,4130,0xCF00400,1,8,FF,FF,FF,10,4A,FF,FF,FF
62612,4131,0xCFF6600,1,8,42,09,FF,FF,FF,FF,FF,FF
62631,4132,0xCF00400,1,8,FF,FF,FF,1A,4A,FF,FF,FF
62632,4133,0xCFF6600,1,8,43,09,FF,FF,FF,FF,FF,FF
62642,4134,0x18FEF100,1,8,3F,00,00,FF,FF,FF,FF,FF
62643,4135,0x10FF6500,1,8,FC,FF,FF,FF,FF,FF,FF,FF
62643,4136,0x18F00500,1,8,FF,FF,FF,FF,20,2D,FF,FF
62644,4137,0x18FEF200,1,8,1B,00,00,01,00,00,00,FF
62651,4138,0xCF00400,1,8,FF,FF,FF,28,4A,FF,FF,FF
62652,4139,0xCFF6600,1,8,45,09,FF,FF,FF,FF,FF,FF
62671,4140,0xCF00400,1,8,FF,FF,FF,3C,4A,FF,FF,FF
62672,4141,0xCFF6600,1,8,47,09,FF,FF,FF,FF,FF,FF
62691,4142,0xCF00400,1,8,FF,FF,FF,3C,4A,FF,FF,FF
62692,4143,0xCFF6600,1,8,47,09,FF,FF,FF,FF,FF,FF
62711,4144,0xCF00400,1,8,FF,FF,FF,FC,49,FF,FF,FF
62712,4145,0xCFF6600,1,8,3F,09,FF,FF,FF,FF,FF,FF
62731,4146,0xCF00400,1,8,FF,FF,FF,6C,49,FF,FF,FF
62732,4147,0xCFF6600,1,8,2D,09,FF,FF,FF,FF,FF,FF
62742,4148,0x18FEF100,1,8,3F,00,00,FF,FF,FF,FF,FF
62743,4149,0x18F00500,1,8,FF,FF,FF,FF,20,2D,FF,FF
62744,4150,0x18F00600,1,8,FF,FF,FF,FF,FF,FF,FF,FF
62745,4151,0x18FEF200,1,8,1B,00,00,01,00,00,00,FF
62745,4152,0x1CFDDF00,1,8,FE,FF,FF,FF,FF,FF,FF,FF
62746,4153,0x1CFF6A00,1,8,FC,FF,FF,FF,FF,FF,FF,FF
62751,4154,0xCF00400,1,8,FF,FF,FF,40,49,FF,FF,FF
62752,4155,0xCFF6600,1,8,28,09,FF,FF,FF,FF,FF,FF
62772,4156,0xCF00400,1,8,FF,FF,FF,6E,49,FF,FF,FF
62772,4157,0xCFF6600,1,8,2D,09,FF,FF,FF,FF,FF,FF
62791,4158,0xCF00400,1,8,FF,FF,FF,6E,49,FF,FF,FF
62792,4159,0xCFF6600,1,8,2D,09,FF,FF,FF,FF,FF,FF
62811,4160,0xCF00400,1,8,FF,FF,FF,6A,49,FF,FF,FF
62812,4161,0xCFF6600,1,8,2D,09,FF,FF,FF,FF,FF,FF
62831,4162,0xCF00400,1,8,FF,FF,FF,3C,49,FF,FF,FF
62832,4163,0xCFF6600,1,8,27,09,FF,FF,FF,FF,FF,FF
62842,4164,0x18FEF100,1,8,3F,00,00,FF,FF,FF,FF,FF
62843,4165,0x18F00500,1,8,FF,FF,FF,FF,20,2D,FF,FF
62843,4166,0x10FF6500,1,8,FC,FF,FF,FF,FF,FF,FF,FF
62844,4167,0x18FEF200,1,8,1B,00,00,01,00,00,00,FF
62851,4168,0xCF00400,1,8,FF,FF,FF,6A,49,FF,FF,FF
62852,4169,0xCFF6600,1,8,2D,09,FF,FF,FF,FF,FF,FF
62871,4170,0xCF00400,1,8,FF,FF,FF,6A,49,FF,FF,FF
62872,4171,0xCFF6600,1,8,2D,09,FF,FF,FF,FF,FF,FF
62891,4172,0xCF00400,1,8,FF,FF,FF,EA,49,FF,FF,FF
62892,4173,0xCFF6600,1,8,3D,09,FF,FF,FF,FF,FF,FF
62901,4174,0x18FEEE00,1,8,5E,FF,FF,FF,FF,FF,FF,FF
62902,4175,0x18FDE500,1,8,0A,14,1E,28,32,3C,46,13
62911,4176,0xCF00400,1,8,FF,FF,FF,40,4A,FF,FF,FF
62913,4177,0xCFF6600,1,8,48,09,FF,FF,FF,FF,FF,FF
62921,4178,0x1CECFF00,1,8,20,0A,00,02,FF,CA,FE,00
62931,4179,0xCF00400,1,8,FF,FF,FF,6C,4A,FF,FF,FF
62932,4180,0xCFF6600,1,8,4D,09,FF,FF,FF,FF,FF,FF
62942,4181,0x18FEF100,1,8,3F,00,00,FF,FF,FF,FF,FF
62943,4182,0x18F00500,1,8,FF,FF,FF,FF,20,2D,FF,FF
62943,4183,0x18FEF200,1,8,1B,00,00,00,00,00,00,FF
62951,4184,0xCF00400,1,8,FF,FF,FF,7A,4A,FF,FF,FF
62952,4185,0xCFF6600,1,8,4F,09,FF,FF,FF,FF,FF,FF
62971,4186,0xCF00400,1,8,FF,FF,FF,7A,4A,FF,FF,FF
62972,4187,0xCFF6600,1,8,4F,09,FF,FF,FF,FF,FF,FF
62972,4188,0x1CEBFF00,1,8,01,40,FF,0F,F0,E5,01,02
62991,4189,0xCF00400,1,8,FF,FF,FF,76,4A,FF,FF,FF
62992,4190,0xCFF6600,1,8,4E,09,FF,FF,FF,FF,FF,FF
63011,4191,0xCF00400,1,8,FF,FF,FF,98,4A,FF,FF,FF
63012,4192,0xCFF6600,1,8,53,09,FF,FF,FF,FF,FF,FF
63021,4193,0x1CEBFF00,1,8,02,F0,E3,01,FF,FF,FF,FF
63031,4194,0xCF00400,1,8,FF,FF,FF,DA,4A,FF,FF,FF
63032,4195,0xCFF6600,1,8,5B,09,FF,FF,FF,FF,FF,FF
63042,4196,0x18FEF100,1,8,3F,00,00,FF,FF,FF,FF,FF
63042,4197,0x18F00500,1,8,FF,FF,FF,FF,20,2D,FF,FF
63044,4198,0x10FF6500,1,8,FC,FF,FF,FF,FF,FF,FF,FF
63044,4199,0x18FEF200,1,8,1B,00,00,00,00,00,00,FF
63052,4200,0xCF00400,1,8,FF,FF,FF,D0,4A,FF,FF,FF
63053,4201,0xCFF6600,1,8,5A,09,FF,FF,FF,FF,FF,FF
63071,4202,0xCF00400,1,8,FF,FF,FF,D0,4A,FF,FF,FF
63072,4203,0xCFF6600,1,8,5A,09,FF,FF,FF,FF,FF,FF
63091,4204,0xCF00400,1,8,FF,FF,FF,7E,4A,FF,FF,FF
63092,4205,0xCFF6600,1,8,4F,09,FF,FF,FF,FF,FF,FF
63111,4206,0xCF00400,1,8,FF,FF,FF,48,4A,FF,FF,FF
63112,4207,0xCFF6600,1,8,49,09,FF,FF,FF,FF,FF,FF
63131,4208,0xCF00400,1,8,FF,FF,FF,2A,4A,FF,FF,FF
63132,4209,0xCFF6600,1,8,45,09,FF,FF,FF,FF,FF,FF
63142,4210,0x18FEF100,1,8,3F,00,00,FF,FF,FF,FF,FF
63143,4211,0x18F00500,1,8,FF,FF,FF,FF,20,2D,FF,FF
63144,4212,0x18FEF200,1,8,1B,00,00,00,00,00,00,FF
63151,4213,0xCF00400,1,8,FF,FF,FF,E0,49,FF,FF,FF
63152,4214,0xCFF6600,1,8,3C,09,FF,FF,FF,FF,FF,FF
63171,4215,0xCF00400,1,8,FF,FF,FF,E0,49,FF,FF,FF
63172,4216,0xCFF6600,1,8,3C,09,FF,FF,FF,FF,FF,FF
63191,4217,0xCF00400,1,8,FF,FF,FF,6A,49,FF,FF,FF
63192,4218,0xCFF6600,1,8,2D,09,FF,FF,FF,FF,FF,FF
63211,4219,0xCF00400,1,8,FF,FF,FF,2A,49,FF,FF,FF
63212,4220,0xCFF6600,1,8,25,09,FF,FF,FF,FF,FF,FF
63231,4221,0xCF00400,1,8,FF,FF,FF,1A,49,FF,FF,FF
63232,4222,0xCFF6600,1,8,23,09,FF,FF,FF,FF,FF,FF
63242,4223,0x18FEF100,1,8,3F,00,00,FF,FF,FF,FF,FF
63243,4224,0x10FF6500,1,8,FC,FF,FF,FF,FF,FF,FF,FF
63243,4225,0x18F00500,1,8,FF,FF,FF,FF,20,2D,FF,FF
63244,4226,0x18F00600,1,8,FF,FF,FF,FF,FF,FF,FF,FF
63245,4227,0x18FEF200,1,8,1B,00,00,00,00,00,00,FF
63245,4228,0x1CFDDF00,1,8,FE,FF,FF,FF,FF,FF,FF,FF
63246,4229,0x1CFF6A00,1,8,FC,FF,FF,FF,FF,FF,FF,FF
63251,4230,0xCF00400,1,8,FF,FF,FF,1A,49,FF,FF,FF
63252,4231,0xCFF6600,1,8,23,09,FF,FF,FF,FF,FF,FF
63271,4232,0xCF00400,1,8,FF,FF,FF,06,49,FF,FF,FF
63272,4233,0xCFF6600,1,8,20,09,FF,FF,FF,FF,FF,FF
63291,4234,0xCF00400,1,8,FF,FF,FF,EE,48,FF,FF,FF
63292,4235,0xCFF6600,1,8,1D,09,FF,FF,FF,FF,FF,FF
63311,4236,0xCF00400,1,8,FF,FF,FF,F8,48,FF,FF,FF
63312,4237,0xCFF6600,1,8,1F,09,FF,FF,FF,FF,FF,FF
63331,4238,0xCF00400,1,8,FF,FF,FF,24,49,FF,FF,FF
63332,4239,0xCFF6600,1,8,24,09,FF,FF,FF,FF,FF,FF
63342,4240,0x18FEF100,1,8,3F,00,00,FF,FF,FF,FF,FF
63343,4241,0x18F00500,1,8,FF,FF,FF,FF,20,2D,FF,FF
63343,4242,0x18FEF200,1,8,1B,00,00,00,00,00,00,FF
63351,4243,0xCF00400,1,8,FF,FF,FF,24,49,FF,FF,FF
63352,4244,0xCFF6600,1,8,24,09,FF,FF,FF,FF,FF,FF
63371,4245,0xCF00400,1,8,FF,FF,FF,EE,48,FF,FF,FF
63373,4246,0xCFF6600,1,8,1D,09,FF,FF,FF,FF,FF,FF
63391,4247,0xCF00400,1,8,FF,FF,FF,5A,48,FF,FF,FF
63392,4248,0xCFF6600,1,8,0B,09,FF,FF,FF,FF,FF,FF
63411,4249,0xCF00400,1,8,FF,FF,FF,8E,47,FF,FF,FF
63412,4250,0xCFF6600,1,8,F1,08,FF,FF,FF,FF,FF,FF
63431,4251,0xCF00400,1,8,FF,FF,FF,8E,47,FF,FF,FF
63432,4252,0xCFF6600,1,8,F1,08,FF,FF,FF,FF,FF,FF
63442,4253,0x18FEF100,1,8,3F,00,00,FF,FF,FF,FF,FF
63443,4254,0x10FF6500,1,8,FC,FF,FF,FF,FF,FF,FF,FF
63445,4255,0x18F00500,1,8,FF,FF,FF,FF,20,2D,FF,FF
63446,4256,0x18FEF200,1,8,1B,00,00,00,00,00,00,FF
63451,4257,0xCF00400,1,8,FF,FF,FF,8A,46,FF,FF,FF
63452,4258,0xCFF6600,1,8,D1,08,FF,FF,FF,FF,FF,FF
63471,4259,0xCF00400,1,8,FF,FF,FF,82,46,FF,FF,FF
63472,4260,0xCFF6600,1,8,D0,08,FF,FF,FF,FF,FF,FF
63491,4261,0xCF00400,1,8,FF,FF,FF,5E,47,FF,FF,FF
63492,4262,0xCFF6600,1,8,EB,08,FF,FF,FF,FF,FF,FF
63511,4263,0xCF00400,1,8,FF,FF,FF,5E,47,FF,FF,FF
63512,4264,0xCFF6600,1,8,EB,08,FF,FF,FF,FF,FF,FF
63531,4265,0xCF00400,1,8,FF,FF,FF,E8,47,FF,FF,FF
63532,4266,0xCFF6600,1,8,FD,08,FF,FF,FF,FF,FF,FF
63542,4267,0x18FEF100,1,8,3F,00,00,FF,FF,FF,FF,FF
63543,4268,0x18F00500,1,8,FF,FF,FF,FF,20,2D,FF,FF
63543,4269,0x18FEF200,1,8,1B,00,00,00,00,00,00,FF
63551,4270,0xCF00400,1,8,FF,FF,FF,32,48,FF,FF,FF
63553,4271,0xCFF6600,1,8,06,09,FF,FF,FF,FF,FF,FF
63571,4272,0xCF00400,1,8,FF,FF,FF,88,48,FF,FF,FF
63572,4273,0xCFF6600,1,8,11,09,FF,FF,FF,FF,FF,FF
63592,4274,0xCF00400,1,8,FF,FF,FF,EC,48,FF,FF,FF
63592,4275,0xCFF6600,1,8,1D,09,FF,FF,FF,FF,FF,FF
63611,4276,0xCF00400,1,8,FF,FF,FF,EC,48,FF,FF,FF
63612,4277,0xCFF6600,1,8,1D,09,FF,FF,FF,FF,FF,FF
63631,4278,0xCF00400,1,8,FF,FF,FF,42,49,FF,FF,FF
63632,4279,0xCFF6600,1,8,28,09,FF,FF,FF,FF,FF,FF
63643,4280,0x18FEF100,1,8,3F,00,00,FF,FF,FF,FF,FF
63643,4281,0x10FF6500,1,8,FC,FF,FF,FF,FF,FF,FF,FF
63645,4282,0x18F00500,1,8,FF,FF,FF,FF,20,2D,FF,FF
63651,4283,0x18FEF200,1,8,1B,00,00,00,00,00,00,FF
63660,4284,0x18EEFF00,1,8,08,CF,60,06,00,00,00,00
63671,4285,0xCF00400,1,8,FF,FF,FF,AC,49,FF,FF,FF
63672,4286,0xCFF6600,1,8,35,09,FF,FF,FF,FF,FF,FF
63691,4287,0xCF00400,1,8,FF,FF,FF,AC,49,FF,FF,FF
63692,4288,0xCFF6600,1,8,35,09,FF,FF,FF,FF,FF,FF
63711,4289,0xCF00400,1,8,FF,FF,FF,B6,49,FF,FF,FF
63712,4290,0xCFF6600,1,8,36,09,FF,FF,FF,FF,FF,FF
63731,4291,0xCF00400,1,8,FF,FF,FF,D4,49,FF,FF,FF
63732,4292,0xCFF6600,1,8,3A,09,FF,FF,FF,FF,FF,FF
63742,4293,0x18FEF100,1,8,3F,00,00,FF,FF,FF,FF,FF
63743,4294,0x18F00500,1,8,FF,FF,FF,FF,20,2D,FF,FF
63743,4295,0x18F00600,1,8,FF,FF,FF,FF,FF,FF,FF,FF
63744,4296,0x18FEF200,1,8,1B,00,00,00,00,00,00,FF
63745,4297,0x1CFDDF00,1,8,FE,FF,FF,FF,FF,FF,FF,FF
63745,4298,0x1CFF6A00,1,8,FC,FF,FF,FF,FF,FF,FF,FF
63751,4299,0xCF00400,1,8,FF,FF,FF,04,4A,FF,FF,FF
63752,4300,0xCFF6600,1,8,40,09,FF,FF,FF,FF,FF,FF
63771,4301,0xCF00400,1,8,FF,FF,FF,D2,49,FF,FF,FF
63772,4302,0xCFF6600,1,8,3A,09,FF,FF,FF,FF,FF,FF
63791,4303,0xCF00400,1,8,FF,FF,FF,D2,49,FF,FF,FF
63792,4304,0xCFF6600,1,8,3A,09,FF,FF,FF,FF,FF,FF
63811,4305,0xCF00400,1,8,FF,FF,FF,40,49,FF,FF,FF
63812,4306,0xCFF6600,1,8,28,09,FF,FF,FF,FF,FF,FF
63831,4307,0xCF00400,1,8,FF,FF,FF,24,49,FF,FF,FF
63832,4308,0xCFF6600,1,8,24,09,FF,FF,FF,FF,FF,FF
63842,4309,0x18FEF100,1,8,3F,00,00,FF,FF,FF,FF,FF
63843,4310,0x10FF6500,1,8,FC,FF,FF,FF,FF,FF,FF,FF
63843,4311,0x18F00500,1,8,FF,FF,FF,FF,20,2D,FF,FF
63844,4312,0x18FEF200,1,8,1B,00,00,00,00,00,00,FF
63851,4313,0xCF00400,1,8,FF,FF,FF,74,49,FF,FF,FF
63852,4314,0xCFF6600,1,8,2E,09,FF,FF,FF,FF,FF,FF
63872,4315,0xCF00400,1,8,FF,FF,FF,B2,49,FF,FF,FF
63872,4316,0xCFF6600,1,8,36,09,FF,FF,FF,FF,FF,FF
63891,4317,0xCF00400,1,8,FF,FF,FF,B2,49,FF,FF,FF
63892,4318,0xCFF6600,1,8,36,09,FF,FF,FF,FF,FF,FF
63901,4319,0x18FEEE00,1,8,5E,FF,FF,FF,FF,FF,FF,FF
63902,4320,0x18FDE500,1,8,0A,14,1E,28,32,3C,46,13
63911,4321,0xCF00400,1,8,FF,FF,FF,E2,49,FF,FF,FF
63912,4322,0xCFF6600,1,8,3C,09,FF,FF,FF,FF,FF,FF
63921,4323,0x1CECFF00,1,8,20,0A,00,02,FF,CA,FE,00
63931,4324,0xCF00400,1,8,FF,FF,FF,D2,49,FF,FF,FF
63932,4325,0xCFF6600,1,8,3A,09,FF,FF,FF,FF,FF,FF
63942,4326,0x18FEF100,1,8,3F,00,00,FF,FF,FF,FF,FF
63943,4327,0x18F00500,1,8,FF,FF,FF,FF,20,2D,FF,FF
63943,4328,0x18FEF200,1,8,1C,00,00,00,00,00,00,FF
63951,4329,0xCF00400,1,8,FF,FF,FF,8A,49,FF,FF,FF
63952,4330,0xCFF6600,1,8,31,09,FF,FF,FF,FF,FF,FF
63971,4331,0xCF00400,1,8,FF,FF,FF,8A,49,FF,FF,FF
63972,4332,0xCFF6600,1,8,31,09,FF,FF,FF,FF,FF,FF
63972,4333,0x1CEBFF00,1,8,01,40,FF,0F,F0,E5,01,02
63991,4334,0xCF00400,1,8,FF,FF,FF,A4,49,FF,FF,FF
63992,4335,0xCFF6600,1,8,34,09,FF,FF,FF,FF,FF,FF
64011,4336,0xCF00400,1,8,FF,FF,FF,14,4A,FF,FF,FF
64012,4337,0xCFF6600,1,8,42,09,FF,FF,FF,FF,FF,FF
64021,4338,0x1CEBFF00,1,8,02,F0,E3,01,FF,FF,FF,FF
64031,4339,0xCF00400,1,8,FF,FF,FF,36,4A,FF,FF,FF
64032,4340,0xCFF6600,1,8,46,09,FF,FF,FF,FF,FF,FF
64042,4341,0x18FEF100,1,8,3F,00,00,FF,FF,FF,FF,FF
64042,4342,0x10FF6500,1,8,FC,FF,FF,FF,FF,FF,FF,FF
64043,4343,0x18F00500,1,8,FF,FF,FF,FF,20,2D,FF,FF
64044,4344,0x18FEF200,1,8,1C,00,00,00,00,00,00,FF
64051,4345,0xCF00400,1,8,FF,FF,FF,1E,4A,FF,FF,FF
64052,4346,0xCFF6600,1,8,43,09,FF,FF,FF,FF,FF,FF
64071,4347,0xCF00400,1,8,FF,FF,FF,1E,4A,FF,FF,FF
64072,4348,0xCFF6600,1,8,43,09,FF,FF,FF,FF,FF,FF
64091,4349,0xCF00400,1,8,FF,FF,FF,CA,49,FF,FF,FF
64092,4350,0xCFF6600,1,8,39,09,FF,FF,FF,FF,FF,FF
64111,4351,0xCF00400,1,8,FF,FF,FF,46,49,FF,FF,FF
64112,4352,0xCFF6600,1,8,28,09,FF,FF,FF,FF,FF,FF
64131,4353,0xCF00400,1,8,FF,FF,FF,80,49,FF,FF,FF
64132,4354,0xCFF6600,1,8,30,09,FF,FF,FF,FF,FF,FF
64142,4355,0x18FEF100,1,8,3F,00,00,FF,FF,FF,FF,FF
64143,4356,0x18F00500,1,8,FF,FF,FF,FF,20,2D,FF,FF
64143,4357,0x18FEF200,1,8,1C,00,00,00,00,00,00,FF
64151,4358,0xCF00400,1,8,FF,FF,FF,56,4A,FF,FF,FF
64152,4359,0xCFF6600,1,8,4A,09,FF,FF,FF,FF,FF,FF
64171,4360,0xCF00400,1,8,FF,FF,FF,56,4A,FF,FF,FF
64172,4361,0xCFF6600,1,8,4A,09,FF,FF,FF,FF,FF,FF
64191,4362,0xCF00400,1,8,FF,FF,FF,AC,4A,FF,FF,FF
64192,4363,0xCFF6600,1,8,55,09,FF,FF,FF,FF,FF,FF
64211,4364,0xCF00400,1,8,FF,FF,FF,92,4A,FF,FF,FF
64212,4365,0xCFF6600,1,8,52,09,FF,FF,FF,FF,FF,FF
64231,4366,0xCF00400,1,8,FF,FF,FF,60,4A,FF,FF,FF
64232,4367,0xCFF6600,1,8,4C,09,FF,FF,FF,FF,FF,FF
64242,4368,0x18FEF100,1,8,3F,00,00,FF,FF,FF,FF,FF
64242,4369,0x18F00500,1,8,FF,FF,FF,FF,20,2D,FF,FF
64243,4370,0x10FF6500,1,8,FC,FF,FF,FF,FF,FF,FF,FF
64244,4371,0x18F00600,1,8,FF,FF,FF,FF,FF,FF,FF,FF
64244,4372,0x18FEF200,1,8,1C,00,00,00,00,00,00,FF
64245,4373,0x1CFDDF00,1,8,FE,FF,FF,FF,FF,FF,FF,FF
64245,4374,0x1CFF6A00,1,8,FC,FF,FF,FF,FF,FF,FF,FF
64252,4375,0xCF00400,1,8,FF,FF,FF,22,4A,FF,FF,FF
64252,4376,0xCFF6600,1,8,44,09,FF,FF,FF,FF,FF,FF
64271,4377,0xCF00400,1,8,FF,FF,FF,22,4A,FF,FF,FF
64272,4378,0xCFF6600,1,8,44,09,FF,FF,FF,FF,FF,FF
64292,4379,0xCF00400,1,8,FF,FF,FF,F4,49,FF,FF,FF
64293,4380,0xCFF6600,1,8,3E,09,FF,FF,FF,FF,FF,FF
64311,4381,0xCF00400,1,8,FF,FF,FF,D2,49,FF,FF,FF
64312,4382,0xCFF6600,1,8,3A,09,FF,FF,FF,FF,FF,FF
64331,4383,0xCF00400,1,8,FF,FF,FF,94,49,FF,FF,FF
64332,4384,0xCFF6600,1,8,32,09,FF,FF,FF,FF,FF,FF
64342,4385,0x18FEF100,1,8,3F,00,00,FF,FF,FF,FF,FF
64343,4386,0x18F00500,1,8,FF,FF,FF,FF,20,2D,FF,FF
64343,4387,0x18FEF200,1,8,1C,00,00,00,00,00,00,FF
64352,4388,0xCF00400,1,8,FF,FF,FF,94,49,FF,FF,FF
64352,4389,0xCFF6600,1,8,32,09,FF,FF,FF,FF,FF,FF
64371,4390,0xCF00400,1,8,FF,FF,FF,40,49,FF,FF,FF
64372,4391,0xCFF6600,1,8,28,09,FF,FF,FF,FF,FF,FF
64391,4392,0xCF00400,1,8,FF,FF,FF,1E,49,FF,FF,FF
64392,4393,0xCFF6600,1,8,23,09,FF,FF,FF,FF,FF,FF
64411,4394,0xCF00400,1,8,FF,FF,FF,2C,49,FF,FF,FF
64412,4395,0xCFF6600,1,8,25,09,FF,FF,FF,FF,FF,FF
64431,4396,0xCF00400,1,8,FF,FF,FF,0E,49,FF,FF,FF
64432,4397,0xCFF6600,1,8,21,09,FF,FF,FF,FF,FF,FF
64442,4398,0x18FEF100,1,8,3F,00,00,FF,FF,FF,FF,FF
64442,4399,0x10FF6500,1,8,FC,FF,FF,FF,FF,FF,FF,FF
64443,4400,0x18F00500,1,8,FF,FF,FF,FF,20,2D,FF,FF
64444,4401,0x18FEF200,1,8,1C,00,00,00,00,00,00,FF
64451,4402,0xCF00400,1,8,FF,FF,FF,0E,49,FF,FF,FF
64452,4403,0xCFF6600,1,8,21,09,FF,FF,FF,FF,FF,FF
64471,4404,0xCF00400,1,8,FF,FF,FF,BC,48,FF,FF,FF
64472,4405,0xCFF6600,1,8,17,09,FF,FF,FF,FF,FF,FF
64491,4406,0xCF00400,1,8,FF,FF,FF,CA,48,FF,FF,FF
64492,4407,0xCFF6600,1,8,19,09,FF,FF,FF,FF,FF,FF
64511,4408,0xCF00400,1,8,FF,FF,FF,2E,49,FF,FF,FF
64512,4409,0xCFF6600,1,8,25,09,FF,FF,FF,FF,FF,FF
64531,4410,0xCF00400,1,8,FF,FF,FF,2E,49,FF,FF,FF
64532,4411,0xCFF6600,1,8,25,09,FF,FF,FF,FF,FF,FF
64542,4412,0x18FEF100,1,8,3F,00,00,FF,FF,FF,FF,FF
64543,4413,0x18F00500,1,8,FF,FF,FF,FF,20,2D,FF,FF
64543,4414,0x18FEF200,1,8,1C,00,00,00,00,00,00,FF
64551,4415,0xCF00400,1,8,FF,FF,FF,90,49,FF,FF,FF
64552,4416,0xCFF6600,1,8,32,09,FF,FF,FF,FF,FF,FF
64571,4417,0xCF00400,1,8,FF,FF,FF,F4,49,FF,FF,FF
64572,4418,0xCFF6600,1,8,3E,09,FF,FF,FF,FF,FF,FF
64591,4419,0xCF00400,1,8,FF,FF,FF,2A,4A,FF,FF,FF
64592,4420,0xCFF6600,1,8,45,09,FF,FF,FF,FF,FF,FF
64611,4421,0xCF00400,1,8,FF,FF,FF,38,4A,FF,FF,FF
64612,4422,0xCFF6600,1,8,47,09,FF,FF,FF,FF,FF,FF
64631,4423,0xCF00400,1,8,FF,FF,FF,38,4A,FF,FF,FF
64632,4424,0xCFF6600,1,8,47,09,FF,FF,FF,FF,FF,FF
64642,4425,0x18FEF100,1,8,3F,00,00,FF,FF,FF,FF,FF
64643,4426,0x10FF6500,1,8,FC,FF,FF,FF,FF,FF,FF,FF
64643,4427,0x18F00500,1,8,FF,FF,FF,FF,20,2D,FF,FF
64644,4428,0x18FEF200,1,8,1C,00,00,00,00,00,00,FF
64651,4429,0xCF00400,1,8,FF,FF,FF,92,4A,FF,FF,FF
64652,4430,0xCFF6600,1,8,52,09,FF,FF,FF,FF,FF,FF
64671,4431,0xCF00400,1,8,FF,FF,FF,32,4B,FF,FF,FF
64672,4432,0xCFF6600,1,8,66,09,FF,FF,FF,FF,FF,FF
64691,4433,0xCF00400,1,8,FF,FF,FF,4C,4B,FF,FF,FF
64693,4434,0xCFF6600,1,8,69,09,FF,FF,FF,FF,FF,FF
64711,4435,0xCF00400,1,8,FF,FF,FF,00,4B,FF,FF,FF
64712,4436,0xCFF6600,1,8,60,09,FF,FF,FF,FF,FF,FF
64731,4437,0xCF00400,1,8,FF,FF,FF,00,4B,FF,FF,FF
64732,4438,0xCFF6600,1,8,60,09,FF,FF,FF,FF,FF,FF
64742,4439,0x18FEF100,1,8,3F,00,00,FF,FF,FF,FF,FF
64743,4440,0x18F00500,1,8,FF,FF,FF,FF,20,2D,FF,FF
64744,4441,0x18F00600,1,8,FF,FF,FF,FF,FF,FF,FF,FF
64745,4442,0x18FEF200,1,8,1C,00,00,00,00,00,00,FF
64745,4443,0x1CFDDF00,1,8,FE,FF,FF,FF,FF,FF,FF,FF
64746,4444,0x1CFF6A00,1,8,FC,FF,FF,FF,FF,FF,FF,FF
64751,4445,0xCF00400,1,8,FF,FF,FF,B4,4A,FF,FF,FF
64752,4446,0xCFF6600,1,8,56,09,FF,FF,FF,FF,FF,FF
64771,4447,0xCF00400,1,8,FF,FF,FF,68,4A,FF,FF,FF
64772,4448,0xCFF6600,1,8,4D,09,FF,FF,FF,FF,FF,FF
64791,4449,0xCF00400,1,8,FF,FF,FF,42,4A,FF,FF,FF
64792,4450,0xCFF6600,1,8,48,09,FF,FF,FF,FF,FF,FF
64811,4451,0xCF00400,1,8,FF,FF,FF,3E,4A,FF,FF,FF
64812,4452,0xCFF6600,1,8,47,09,FF,FF,FF,FF,FF,FF
64831,4453,0xCF00400,1,8,FF,FF,FF,3E,4A,FF,FF,FF
64832,4454,0xCFF6600,1,8,47,09,FF,FF,FF,FF,FF,FF
64842,4455,0x18FEF100,1,8,3F,00,00,FF,FF,FF,FF,FF
64842,4456,0x10FF6500,1,8,FC,FF,FF,FF,FF,FF,FF,FF
64843,4457,0x18F00500,1,8,FF,FF,FF,FF,20,2D,FF,FF
64844,4458,0x18FEF200,1,8,1C,00,00,00,00,00,00,FF
64851,4459,0xCF00400,1,8,FF,FF,FF,9A,4A,FF,FF,FF
64852,4460,0xCFF6600,1,8,53,09,FF,FF,FF,FF,FF,FF
64872,4461,0xCF00400,1,8,FF,FF,FF,4A,4B,FF,FF,FF
64872,4462,0xCFF6600,1,8,69,09,FF,FF,FF,FF,FF,FF
64891,4463,0xCF00400,1,8,FF,FF,FF,5E,4B,FF,FF,FF
64892,4464,0xCFF6600,1,8,6B,09,FF,FF,FF,FF,FF,FF
64901,4465,0x18FEEE00,1,8,5E,FF,FF,FF,FF,FF,FF,FF
64901,4466,0x18FDE500,1,8,0A,14,1E,28,32,3C,46,13
64911,4467,0xCF00400,1,8,FF,FF,FF,E8,4A,FF,FF,FF
64912,4468,0xCFF6600,1,8,5D,09,FF,FF,FF,FF,FF,FF
64921,4469,0x1CECFF00,1,8,20,0A,00,02,FF,CA,FE,00
64931,4470,0xCF00400,1,8,FF,FF,FF,E8,4A,FF,FF,FF
64932,4471,0xCFF6600,1,8,5D,09,FF,FF,FF,FF,FF,FF
64942,4472,0x18FEF100,1,8,3F,00,00,FF,FF,FF,FF,FF
64943,4473,0x18F00500,1,8,FF,FF,FF,FF,20,2D,FF,FF
64943,4474,0x18FEF200,1,8,1A,00,00,00,00,00,00,FF
64951,4475,0xCF00400,1,8,FF,FF,FF,74,4A,FF,FF,FF
64952,4476,0xCFF6600,1,8,4E,09,FF,FF,FF,FF,FF,FF
64971,4477,0xCF00400,1,8,FF,FF,FF,FE,49,FF,FF,FF
64972,4478,0xCFF6600,1,8,3F,09,FF,FF,FF,FF,FF,FF
64972,4479,0x1CEBFF00,1,8,01,40,FF,0F,F0,E5,01,02
64991,4480,0xCF00400,1,8,FF,FF,FF,E2,49,FF,FF,FF
64992,4481,0xCFF6600,1,8,3C,09,FF,FF,FF,FF,FF,FF
65011,4482,0xCF00400,1,8,FF,FF,FF,1E,4A,FF,FF,FF
65012,4483,0xCFF6600,1,8,43,09,FF,FF,FF,FF,FF,FF
65021,4484,0x1CEBFF00,1,8,02,F0,E3,01,FF,FF,FF,FF
65031,4485,0xCF00400,1,8,FF,FF,FF,1E,4A,FF,FF,FF
65032,4486,0xCFF6600,1,8,43,09,FF,FF,FF,FF,FF,FF
65042,4487,0x18FEF100,1,8,3F,00,00,FF,FF,FF,FF,FF
65042,4488,0x10FF6500,1,8,FC,FF,FF,FF,FF,FF,FF,FF
65043,4489,0x18F00500,1,8,FF,FF,FF,FF,20,2D,FF,FF
65044,4490,0x18FEF200,1,8,1A,00,00,00,00,00,00,FF
65051,4491,0xCF00400,1,8,FF,FF,FF,3C,4A,FF,FF,FF
65052,4492,0xCFF6600,1,8,47,09,FF,FF,FF,FF,FF,FF
65071,4493,0xCF00400,1,8,FF,FF,FF,40,4A,FF,FF,FF
65072,4494,0xCFF6600,1,8,48,09,FF,FF,FF,FF,FF,FF
65091,4495,0xCF00400,1,8,FF,FF,FF,02,4A,FF,FF,FF
65092,4496,0xCFF6600,1,8,40,09,FF,FF,FF,FF,FF,FF
65112,4497,0xCF00400,1,8,FF,FF,FF,82,49,FF,FF,FF
65112,4498,0xCFF6600,1,8,30,09,FF,FF,FF,FF,FF,FF
65131,4499,0xCF00400,1,8,FF,FF,FF,82,49,FF,FF,FF
65132,4500,0xCFF6600,1,8,30,09,FF,FF,FF,FF,FF,FF
65142,4501,0x18FEF100,1,8,3F,00,00,FF,FF,FF,FF,FF
65143,4502,0x18F00500,1,8,FF,FF,FF,FF,20,2D,FF,FF
65143,4503,0x18FEF200,1,8,1A,00,00,00,00,00,00,FF
65151,4504,0xCF00400,1,8,FF,FF,FF,64,49,FF,FF,FF
65152,4505,0xCFF6600,1,8,2C,09,FF,FF,FF,FF,FF,FF
65171,4506,0xCF00400,1,8,FF,FF,FF,9C,49,FF,FF,FF
65172,4507,0xCFF6600,1,8,33,09,FF,FF,FF,FF,FF,FF
65191,4508,0xCF00400,1,8,FF,FF,FF,92,49,FF,FF,FF
65192,4509,0xCFF6600,1,8,32,09,FF,FF,FF,FF,FF,FF
65211,4510,0xCF00400,1,8,FF,FF,FF,92,49,FF,FF,FF
65212,4511,0xCFF6600,1,8,32,09,FF,FF,FF,FF,FF,FF
65231,4512,0xCF00400,1,8,FF,FF,FF,46,49,FF,FF,FF
65232,4513,0xCFF6600,1,8,28,09,FF,FF,FF,FF,FF,FF
65242,4514,0x18FEF100,1,8,3F,00,00,FF,FF,FF,FF,FF
65242,4515,0x18F00500,1,8,FF,FF,FF,FF,20,2D,FF,FF
65243,4516,0x10FF6500,1,8,FC,FF,FF,FF,FF,FF,FF,FF
65244,4517,0x18F00600,1,8,FF,FF,FF,FF,FF,FF,FF,FF
65244,4518,0x18FEF200,1,8,1A,00,00,00,00,00,00,FF
65245,4519,0x1CFDDF00,1,8,FE,FF,FF,FF,FF,FF,FF,FF
65245,4520,0x1CFF6A00,1,8,FC,FF,FF,FF,FF,FF,FF,FF
65251,4521,0xCF00400,1,8,FF,FF,FF,E2,48,FF,FF,FF
65252,4522,0xCFF6600,1,8,1C,09,FF,FF,FF,FF,FF,FF
65271,4523,0xCF00400,1,8,FF,FF,FF,66,48,FF,FF,FF
65272,4524,0xCFF6600,1,8,0C,09,FF,FF,FF,FF,FF,FF
65292,4525,0xCF00400,1,8,FF,FF,FF,6E,48,FF,FF,FF
65292,4526,0xCFF6600,1,8,0D,09,FF,FF,FF,FF,FF,FF
65311,4527,0xCF00400,1,8,FF,FF,FF,6E,48,FF,FF,FF
65312,4528,0xCFF6600,1,8,0D,09,FF,FF,FF,FF,FF,FF
65331,4529,0xCF00400,1,8,FF,FF,FF,EE,48,FF,FF,FF
65332,4530,0xCFF6600,1,8,1D,09,FF,FF,FF,FF,FF,FF
65343,4531,0x18FEF100,1,8,3F,00,00,FF,FF,FF,FF,FF
65343,4532,0x18F00500,1,8,FF,FF,FF,FF,20,2D,FF,FF
65344,4533,0x18FEF200,1,8,1A,00,00,00,00,00,00,FF
65351,4534,0xCF00400,1,8,FF,FF,FF,44,49,FF,FF,FF
65352,4535,0xCFF6600,1,8,28,09,FF,FF,FF,FF,FF,FF
65371,4536,0xCF00400,1,8,FF,FF,FF,7C,49,FF,FF,FF
65372,4537,0xCFF6600,1,8,2F,09,FF,FF,FF,FF,FF,FF
65391,4538,0xCF00400,1,8,FF,FF,FF,7C,49,FF,FF,FF
65392,4539,0xCFF6600,1,8,2F,09,FF,FF,FF,FF,FF,FF
65411,4540,0xCF00400,1,8,FF,FF,FF,BC,49,FF,FF,FF
65412,4541,0xCFF6600,1,8,37,09,FF,FF,FF,FF,FF,FF
65432,4542,0xCF00400,1,8,FF,FF,FF,FE,49,FF,FF,FF
65432,4543,0xCFF6600,1,8,3F,09,FF,FF,FF,FF,FF,FF
65442,4544,0x18FEF100,1,8,3F,00,00,FF,FF,FF,FF,FF
65442,4545,0x10FF6500,1,8,FC,FF,FF,FF,FF,FF,FF,FF
65443,4546,0x18F00500,1,8,FF,FF,FF,FF,20,2D,FF,FF
65444,4547,0x18FEF200,1,8,1A,00,00,00,00,00,00,FF
65451,4548,0xCF00400,1,8,FF,FF,FF,18,4A,FF,FF,FF
65452,4549,0xCFF6600,1,8,43,09,FF,FF,FF,FF,FF,FF
65471,4550,0xCF00400,1,8,FF,FF,FF,10,4A,FF,FF,FF
65472,4551,0xCFF6600,1,8,42,09,FF,FF,FF,FF,FF,FF
65491,4552,0xCF00400,1,8,FF,FF,FF,10,4A,FF,FF,FF
65492,4553,0xCFF6600,1,8,42,09,FF,FF,FF,FF,FF,FF
65511,4554,0xCF00400,1,8,FF,FF,FF,50,4A,FF,FF,FF
65512,4555,0xCFF6600,1,8,4A,09,FF,FF,FF,FF,FF,FF
65531,4556,0xCF00400,1,8,FF,FF,FF,D2,4A,FF,FF,FF
65532,4557,0xCFF6600,1,8,5A,09,FF,FF,FF,FF,FF,FF
65542,4558,0x18FEF100,1,8,3F,00,00,FF,FF,FF,FF,FF
65543,4559,0x18F00500,1,8,FF,FF,FF,FF,20,2D,FF,FF
65544,4560,0x18FEF200,1,8,1A,00,00,00,00,00,00,FF
65551,4561,0xCF00400,1,8,FF,FF,FF,B0,4A,FF,FF,FF
65552,4562,0xCFF6600,1,8,56,09,FF,FF,FF,FF,FF,FF
65571,4563,0xCF00400,1,8,FF,FF,FF,00,4A,FF,FF,FF
65572,4564,0xCFF6600,1,8,40,09,FF,FF,FF,FF,FF,FF
65591,4565,0xCF00400,1,8,FF,FF,FF,00,4A,FF,FF,FF
65592,4566,0xCFF6600,1,8,40,09,FF,FF,FF,FF,FF,FF
65611,4567,0xCF00400,1,8,FF,FF,FF,BE,49,FF,FF,FF
65612,4568,0xCFF6600,1,8,37,09,FF,FF,FF,FF,FF,FF
65631,4569,0xCF00400,1,8,FF,FF,FF,DC,49,FF,FF,FF
65632,4570,0xCFF6600,1,8,3B,09,FF,FF,FF,FF,FF,FF
65642,4571,0x18FEF100,1,8,3F,00,00,FF,FF,FF,FF,FF
65642,4572,0x10FF6500,1,8,FC,FF,FF,FF,FF,FF,FF,FF
65643,4573,0x18F00500,1,8,FF,FF,FF,FF,20,2D,FF,FF
65644,4574,0x18FEF200,1,8,1A,00,00,00,00,00,00,FF
65651,4575,0xCF00400,1,8,FF,FF,FF,CE,49,FF,FF,FF
65652,4576,0xCFF6600,1,8,39,09,FF,FF,FF,FF,FF,FF
65672,4577,0xCF00400,1,8,FF,FF,FF,9C,49,FF,FF,FF
65672,4578,0xCFF6600,1,8,33,09,FF,FF,FF,FF,FF,FF
65691,4579,0xCF00400,1,8,FF,FF,FF,9C,49,FF,FF,FF
65692,4580,0xCFF6600,1,8,33,09,FF,FF,FF,FF,FF,FF
65711,4581,0xCF00400,1,8,FF,FF,FF,C4,49,FF,FF,FF
65712,4582,0xCFF6600,1,8,38,09,FF,FF,FF,FF,FF,FF
65731,4583,0xCF00400,1,8,FF,FF,FF,3A,4A,FF,FF,FF
65732,4584,0xCFF6600,1,8,47,09,FF,FF,FF,FF,FF,FF
65742,4585,0x18FEF100,1,8,3F,00,00,FF,FF,FF,FF,FF
65743,4586,0x18F00500,1,8,FF,FF,FF,FF,20,2D,FF,FF
65743,4587,0x18F00600,1,8,FF,FF,FF,FF,FF,FF,FF,FF
65744,4588,0x18FEF200,1,8,1A,00,00,00,00,00,00,FF
65745,4589,0x1CFDDF00,1,8,FE,FF,FF,FF,FF,FF,FF,FF
65745,4590,0x1CFF6A00,1,8,FC,FF,FF,FF,FF,FF,FF,FF
65751,4591,0xCF00400,1,8,FF,FF,FF,88,4A,FF,FF,FF
65752,4592,0xCFF6600,1,8,51,09,FF,FF,FF,FF,FF,FF
65771,4593,0xCF00400,1,8,FF,FF,FF,88,4A,FF,FF,FF
65772,4594,0xCFF6600,1,8,51,09,FF,FF,FF,FF,FF,FF
65791,4595,0xCF00400,1,8,FF,FF,FF,C2,4A,FF,FF,FF
65792,4596,0xCFF6600,1,8,58,09,FF,FF,FF,FF,FF,FF
65811,4597,0xCF00400,1,8,FF,FF,FF,BA,4A,FF,FF,FF
65812,4598,0xCFF6600,1,8,57,09,FF,FF,FF,FF,FF,FF
65831,4599,0xCF00400,1,8,FF,FF,FF,6E,4A,FF,FF,FF
65832,4600,0xCFF6600,1,8,4D,09,FF,FF,FF,FF,FF,FF
65842,4601,0x18FEF100,1,8,3F,00,00,FF,FF,FF,FF,FF
65842,4602,0x18F00500,1,8,FF,FF,FF,FF,20,2D,FF,FF
65844,4603,0x10FF6500,1,8,FC,FF,FF,FF,FF,FF,FF,FF
65844,4604,0x18FEF200,1,8,1A,00,00,00,00,00,00,FF
65851,4605,0xCF00400,1,8,FF,FF,FF,3C,4A,FF,FF,FF
65852,4606,0xCFF6600,1,8,47,09,FF,FF,FF,FF,FF,FF
65871,4607,0xCF00400,1,8,FF,FF,FF,3C,4A,FF,FF,FF
65872,4608,0xCFF6600,1,8,47,09,FF,FF,FF,FF,FF,FF
65891,4609,0xCF00400,1,8,FF,FF,FF,22,4A,FF,FF,FF
65892,4610,0xCFF6600,1,8,44,09,FF,FF,FF,FF,FF,FF
65901,4611,0x18FEEE00,1,8,5E,FF,FF,FF,FF,FF,FF,FF
65901,4612,0x18FDE500,1,8,0A,14,1E,28,32,3C,46,13
65911,4613,0xCF00400,1,8,FF,FF,FF,34,4A,FF,FF,FF
65912,4614,0xCFF6600,1,8,46,09,FF,FF,FF,FF,FF,FF
65921,4615,0x1CECFF00,1,8,20,0A,00,02,FF,CA,FE,00
65931,4616,0xCF00400,1,8,FF,FF,FF,68,4A,FF,FF,FF
65932,4617,0xCFF6600,1,8,4D,09,FF,FF,FF,FF,FF,FF
65942,4618,0x18FEF100,1,8,3F,00,00,FF,FF,FF,FF,FF
65943,4619,0x18F00500,1,8,FF,FF,FF,FF,20,2D,FF,FF
65943,4620,0x18FEF200,1,8,1C,00,00,00,00,00,00,FF
65951,4621,0xCF00400,1,8,FF,FF,FF,7A,4A,FF,FF,FF
65952,4622,0xCFF6600,1,8,4F,09,FF,FF,FF,FF,FF,FF
65971,4623,0xCF00400,1,8,FF,FF,FF,7A,4A,FF,FF,FF
65972,4624,0xCFF6600,1,8,4F,09,FF,FF,FF,FF,FF,FF
65972,4625,0x1CEBFF00,1,8,01,40,FF,0F,F0,E5,01,02
65991,4626,0xCF00400,1,8,FF,FF,FF,78,4A,FF,FF,FF
65992,4627,0xCFF6600,1,8,4F,09,FF,FF,FF,FF,FF,FF
66011,4628,0xCF00400,1,8,FF,FF,FF,62,4A,FF,FF,FF
66012,4629,0xCFF6600,1,8,4C,09,FF,FF,FF,FF,FF,FF
66021,4630,0x1CEBFF00,1,8,02,F0,E3,01,FF,FF,FF,FF
66031,4631,0xCF00400,1,8,FF,FF,FF,30,4A,FF,FF,FF
66032,4632,0xCFF6600,1,8,46,09,FF,FF,FF,FF,FF,FF
66042,4633,0x18FEF100,1,8,3F,00,00,FF,FF,FF,FF,FF
66042,4634,0x18F00500,1,8,FF,FF,FF,FF,20,2D,FF,FF
66043,4635,0x10FF6500,1,8,FC,FF,FF,FF,FF,FF,FF,FF
66044,4636,0x18FEF200,1,8,1C,00,00,00,00,00,00,FF
66051,4637,0xCF00400,1,8,FF,FF,FF,38,4A,FF,FF,FF
66052,4638,0xCFF6600,1,8,47,09,FF,FF,FF,FF,FF,FF
66071,4639,0xCF00400,1,8,FF,FF,FF,38,4A,FF,FF,FF
66072,4640,0xCFF6600,1,8,47,09,FF,FF,FF,FF,FF,FF
66091,4641,0xCF00400,1,8,FF,FF,FF,70,4A,FF,FF,FF
66092,4642,0xCFF6600,1,8,4E,09,FF,FF,FF,FF,FF,FF
66111,4643,0xCF00400,1,8,FF,FF,FF,92,4A,FF,FF,FF
66112,4644,0xCFF6600,1,8,52,09,FF,FF,FF,FF,FF,FF
66131,4645,0xCF00400,1,8,FF,FF,FF,A2,4A,FF,FF,FF
66132,4646,0xCFF6600,1,8,54,09,FF,FF,FF,FF,FF,FF
66142,4647,0x18FEF100,1,8,3F,00,00,FF,FF,FF,FF,FF
66143,4648,0x18F00500,1,8,FF,FF,FF,FF,20,2D,FF,FF
66143,4649,0x18FEF200,1,8,1C,00,00,00,00,00,00,FF
66152,4650,0xCF00400,1,8,FF,FF,FF,D6,4A,FF,FF,FF
66152,4651,0xCFF6600,1,8,5A,09,FF,FF,FF,FF,FF,FF
66171,4652,0xCF00400,1,8,FF,FF,FF,D6,4A,FF,FF,FF
66172,4653,0xCFF6600,1,8,5A,09,FF,FF,FF,FF,FF,FF
66191,4654,0xCF00400,1,8,FF,FF,FF,2A,4B,FF,FF,FF
66192,4655,0xCFF6600,1,8,65,09,FF,FF,FF,FF,FF,FF
66211,4656,0xCF00400,1,8,FF,FF,FF,4A,4B,FF,FF,FF
66212,4657,0xCFF6600,1,8,69,09,FF,FF,FF,FF,FF,FF
66231,4658,0xCF00400,1,8,FF,FF,FF,32,4B,FF,FF,FF
66232,4659,0xCFF6600,1,8,66,09,FF,FF,FF,FF,FF,FF
66242,4660,0x18FEF100,1,8,3F,00,00,FF,FF,FF,FF,FF
66242,4661,0x18F00500,1,8,FF,FF,FF,FF,20,2D,FF,FF
66244,4662,0x10FF6500,1,8,FC,FF,FF,FF,FF,FF,FF,FF
66244,4663,0x18F00600,1,8,FF,FF,FF,FF,FF,FF,FF,FF
66245,4664,0x18FEF200,1,8,1C,00,00,00,00,00,00,FF
66246,4665,0x1CFDDF00,1,8,FE,FF,FF,FF,FF,FF,FF,FF
66246,4666,0x1CFF6A00,1,8,FC,FF,FF,FF,FF,FF,FF,FF
66251,4667,0xCF00400,1,8,FF,FF,FF,20,4B,FF,FF,FF
66252,4668,0xCFF6600,1,8,64,09,FF,FF,FF,FF,FF,FF
66271,4669,0xCF00400,1,8,FF,FF,FF,20,4B,FF,FF,FF
66272,4670,0xCFF6600,1,8,64,09,FF,FF,FF,FF,FF,FF
66291,4671,0xCF00400,1,8,FF,FF,FF,10,4B,FF,FF,FF
66292,4672,0xCFF6600,1,8,62,09,FF,FF,FF,FF,FF,FF
66312,4673,0xCF00400,1,8,FF,FF,FF,84,4B,FF,FF,FF
66313,4674,0xCFF6600,1,8,70,09,FF,FF,FF,FF,FF,FF
66331,4675,0xCF00400,1,8,FF,FF,FF,62,4C,FF,FF,FF
66332,4676,0xCFF6600,1,8,8C,09,FF,FF,FF,FF,FF,FF
66342,4677,0x18FEF100,1,8,3F,00,00,FF,FF,FF,FF,FF
66343,4678,0x18F00500,1,8,FF,FF,FF,FF,20,2D,FF,FF
66343,4679,0x18FEF200,1,8,1C,00,00,00,00,00,00,FF
66351,4680,0xCF00400,1,8,FF,FF,FF,94,4C,FF,FF,FF
66352,4681,0xCFF6600,1,8,92,09,FF,FF,FF,FF,FF,FF
66371,4682,0xCF00400,1,8,FF,FF,FF,94,4C,FF,FF,FF
66372,4683,0xCFF6600,1,8,92,09,FF,FF,FF,FF,FF,FF
66391,4684,0xCF00400,1,8,FF,FF,FF,3A,4C,FF,FF,FF
66392,4685,0xCFF6600,1,8,87,09,FF,FF,FF,FF,FF,FF
66411,4686,0xCF00400,1,8,FF,FF,FF,A0,4B,FF,FF,FF
66412,4687,0xCFF6600,1,8,74,09,FF,FF,FF,FF,FF,FF
66431,4688,0xCF00400,1,8,FF,FF,FF,C8,4A,FF,FF,FF
66432,4689,0xCFF6600,1,8,59,09,FF,FF,FF,FF,FF,FF
66442,4690,0x18FEF100,1,8,3F,00,00,FF,FF,FF,FF,FF
66442,4691,0x10FF6500,1,8,FC,FF,FF,FF,FF,FF,FF,FF
66443,4692,0x18F00500,1,8,FF,FF,FF,FF,20,2D,FF,FF
66444,4693,0x18FEF200,1,8,1C,00,00,00,00,00,00,FF
66451,4694,0xCF00400,1,8,FF,FF,FF,6A,4A,FF,FF,FF
66452,4695,0xCFF6600,1,8,4D,09,FF,FF,FF,FF,FF,FF
66471,4696,0xCF00400,1,8,FF,FF,FF,6A,4A,FF,FF,FF
66472,4697,0xCFF6600,1,8,4D,09,FF,FF,FF,FF,FF,FF
66491,4698,0xCF00400,1,8,FF,FF,FF,80,4A,FF,FF,FF
66492,4699,0xCFF6600,1,8,50,09,FF,FF,FF,FF,FF,FF
66511,4700,0xCF00400,1,8,FF,FF,FF,74,4A,FF,FF,FF
66512,4701,0xCFF6600,1,8,4E,09,FF,FF,FF,FF,FF,FF
66531,4702,0xCF00400,1,8,FF,FF,FF,4C,4A,FF,FF,FF
66532,4703,0xCFF6600,1,8,49,09,FF,FF,FF,FF,FF,FF
66542,4704,0x18FEF100,1,8,3F,00,00,FF,FF,FF,FF,FF
66543,4705,0x18F00500,1,8,FF,FF,FF,FF,20,2D,FF,FF
66543,4706,0x18FEF200,1,8,1C,00,00,00,00,00,00,FF
66551,4707,0xCF00400,1,8,FF,FF,FF,82,4A,FF,FF,FF
66552,4708,0xCFF6600,1,8,50,09,FF,FF,FF,FF,FF,FF
66571,4709,0xCF00400,1,8,FF,FF,FF,82,4A,FF,FF,FF
66572,4710,0xCFF6600,1,8,50,09,FF,FF,FF,FF,FF,FF
66591,4711,0xCF00400,1,8,FF,FF,FF,06,4B,FF,FF,FF
66592,4712,0xCFF6600,1,8,60,09,FF,FF,FF,FF,FF,FF
66611,4713,0xCF00400,1,8,FF,FF,FF,38,4B,FF,FF,FF
66612,4714,0xCFF6600,1,8,67,09,FF,FF,FF,FF,FF,FF
66631,4715,0xCF00400,1,8,FF,FF,FF,24,4B,FF,FF,FF
66632,4716,0xCFF6600,1,8,64,09,FF,FF,FF,FF,FF,FF
66642,4717,0x18FEF100,1,8,3F,00,00,FF,FF,FF,FF,FF
66642,4718,0x10FF6500,1,8,FC,FF,FF,FF,FF,FF,FF,FF
66643,4719,0x18F00500,1,8,FF,FF,FF,FF,20,2D,FF,FF
66644,4720,0x18FEF200,1,8,1C,00,00,00,00,00,00,FF
66652,4721,0xCF00400,1,8,FF,FF,FF,84,4B,FF,FF,FF
66653,4722,0xCFF6600,1,8,70,09,FF,FF,FF,FF,FF,FF
66671,4723,0xCF00400,1,8,FF,FF,FF,84,4B,FF,FF,FF
66672,4724,0xCFF6600,1,8,70,09,FF,FF,FF,FF,FF,FF
66691,4725,0xCF00400,1,8,FF,FF,FF,3E,4C,FF,FF,FF
66692,4726,0xCFF6600,1,8,87,09,FF,FF,FF,FF,FF,FF
66711,4727,0xCF00400,1,8,FF,FF,FF,9A,4C,FF,FF,FF
66712,4728,0xCFF6600,1,8,93,09,FF,FF,FF,FF,FF,FF
66731,4729,0xCF00400,1,8,FF,FF,FF,AE,4C,FF,FF,FF
66732,4730,0xCFF6600,1,8,95,09,FF,FF,FF,FF,FF,FF
66742,4731,0x18FEF100,1,8,3F,00,00,FF,FF,FF,FF,FF
66743,4732,0x18F00500,1,8,FF,FF,FF,FF,20,2D,FF,FF
66744,4733,0x18F00600,1,8,FF,FF,FF,FF,FF,FF,FF,FF
66745,4734,0x18FEF200,1,8,1C,00,00,00,00,00,00,FF
66745,4735,0x1CFDDF00,1,8,FE,FF,FF,FF,FF,FF,FF,FF
66746,4736,0x1CFF6A00,1,8,FC,FF,FF,FF,FF,FF,FF,FF
66751,4737,0xCF00400,1,8,FF,FF,FF,66,4C,FF,FF,FF
66752,4738,0xCFF6600,1,8,8C,09,FF,FF,FF,FF,FF,FF
66772,4739,0xCF00400,1,8,FF,FF,FF,D6,4B,FF,FF,FF
66772,4740,0xCFF6600,1,8,7A,09,FF,FF,FF,FF,FF,FF
66791,4741,0xCF00400,1,8,FF,FF,FF,D6,4B,FF,FF,FF
66792,4742,0xCFF6600,1,8,7A,09,FF,FF,FF,FF,FF,FF
66811,4743,0xCF00400,1,8,FF,FF,FF,82,4B,FF,FF,FF
66812,4744,0xCFF6600,1,8,70,09,FF,FF,FF,FF,FF,FF
66831,4745,0xCF00400,1,8,FF,FF,FF,62,4B,FF,FF,FF
66832,4746,0xCFF6600,1,8,6C,09,FF,FF,FF,FF,FF,FF
66842,4747,0x18FEF100,1,8,3F,00,00,FF,FF,FF,FF,FF
66843,4748,0x10FF6500,1,8,FC,FF,FF,FF,FF,FF,FF,FF
66843,4749,0x18F00500,1,8,FF,FF,FF,FF,20,2D,FF,FF
66844,4750,0x18FEF200,1,8,1C,00,00,00,00,00,00,FF
66851,4751,0xCF00400,1,8,FF,FF,FF,78,4B,FF,FF,FF
66852,4752,0xCFF6600,1,8,6F,09,FF,FF,FF,FF,FF,FF
66872,4753,0xCF00400,1,8,FF,FF,FF,BA,4B,FF,FF,FF
66873,4754,0xCFF6600,1,8,77,09,FF,FF,FF,FF,FF,FF
66892,4755,0xCF00400,1,8,FF,FF,FF,BA,4B,FF,FF,FF
66892,4756,0xCFF6600,1,8,77,09,FF,FF,FF,FF,FF,FF
66902,4757,0x18FDE500,1,8,0A,14,1E,28,32,3C,46,13
66902,4758,0x18FEEE00,1,8,5E,FF,FF,FF,FF,FF,FF,FF
66912,4759,0xCF00400,1,8,FF,FF,FF,1E,4C,FF,FF,FF
66933,4760,0xCF00400,1,8,FF,FF,FF,A0,4C,FF,FF,FF
66934,4761,0xCFF6600,1,8,83,09,FF,FF,FF,FF,FF,FF
66934,4762,0x1CECFF00,1,8,20,0A,00,02,FF,CA,FE,00
66943,4763,0x18F00500,1,8,FF,FF,FF,FF,20,2D,FF,FF
66943,4764,0x18FEF100,1,8,3F,00,00,FF,FF,FF,FF,FF
66944,4765,0x18FEF200,1,8,1C,00,00,00,00,00,00,FF
66952,4766,0xCF00400,1,8,FF,FF,FF,68,4C,FF,FF,FF
66953,4767,0xCFF6600,1,8,8D,09,FF,FF,FF,FF,FF,FF
66971,4768,0xCF00400,1,8,FF,FF,FF,90,4B,FF,FF,FF
66972,4769,0xCFF6600,1,8,72,09,FF,FF,FF,FF,FF,FF
66973,4770,0x1CEBFF00,1,8,01,40,FF,0F,F0,E5,01,02
66991,4771,0xCF00400,1,8,FF,FF,FF,90,4B,FF,FF,FF
66992,4772,0xCFF6600,1,8,72,09,FF,FF,FF,FF,FF,FF
67011,4773,0xCF00400,1,8,FF,FF,FF,0E,4B,FF,FF,FF
67012,4774,0xCFF6600,1,8,61,09,FF,FF,FF,FF,FF,FF
67021,4775,0x1CEBFF00,1,8,02,F0,E3,01,FF,FF,FF,FF
67032,4776,0xCF00400,1,8,FF,FF,FF,DC,4A,FF,FF,FF
67032,4777,0xCFF6600,1,8,5B,09,FF,FF,FF,FF,FF,FF
67042,4778,0x10FF6500,1,8,FC,FF,FF,FF,FF,FF,FF,FF
67043,4779,0x18F00500,1,8,FF,FF,FF,FF,20,2D,FF,FF
67081,4780,0xCF00400,1,8,FF,FF,FF,EC,4A,FF,FF,FF
67081,4781,0xCFF6600,1,8,5D,09,FF,FF,FF,FF,FF,FF
67082,4782,0x18EEFF00,1,8,08,CF,60,06,00,00,00,00
67083,4783,0x18FEF100,1,8,3F,00,00,FF,FF,FF,FF,FF
67083,4784,0x18FEF200,1,8,1C,00,00,00,00,00,00,FF
67091,4785,0xCF00400,1,8,FF,FF,FF,32,4B,FF,FF,FF
67092,4786,0xCFF6600,1,8,66,09,FF,FF,FF,FF,FF,FF
67111,4787,0xCF00400,1,8,FF,FF,FF,68,4B,FF,FF,FF
67112,4788,0xCFF6600,1,8,6D,09,FF,FF,FF,FF,FF,FF
67131,4789,0xCF00400,1,8,FF,FF,FF,90,4B,FF,FF,FF
67132,4790,0xCFF6600,1,8,72,09,FF,FF,FF,FF,FF,FF
67143,4791,0x18F00500,1,8,FF,FF,FF,FF,20,2D,FF,FF
67144,4792,0x18FEF100,1,8,3F,00,00,FF,FF,FF,FF,FF
67144,4793,0x18FEF200,1,8,1C,00,00,00,00,00,00,FF
67151,4794,0xCF00400,1,8,FF,FF,FF,9A,4B,FF,FF,FF
67152,4795,0xCFF6600,1,8,73,09,FF,FF,FF,FF,FF,FF
67171,4796,0xCF00400,1,8,FF,FF,FF,88,4B,FF,FF,FF
67172,4797,0xCFF6600,1,8,71,09,FF,FF,FF,FF,FF,FF
67192,4798,0xCF00400,1,8,FF,FF,FF,88,4B,FF,FF,FF
67192,4799,0xCFF6600,1,8,71,09,FF,FF,FF,FF,FF,FF
67212,4800,0xCF00400,1,8,FF,FF,FF,9C,4B,FF,FF,FF
67212,4801,0xCFF6600,1,8,73,09,FF,FF,FF,FF,FF,FF
67232,4802,0xCF00400,1,8,FF,FF,FF,CA,4B,FF,FF,FF
67232,4803,0xCFF6600,1,8,79,09,FF,FF,FF,FF,FF,FF
67247,4804,0x10FF6500,1,8,FC,FF,FF,FF,FF,FF,FF,FF
67247,4805,0x18F00500,1,8,FF,FF,FF,FF,20,2D,FF,FF
67248,4806,0x18F00600,1,8,FF,FF,FF,FF,FF,FF,FF,FF
67249,4807,0x18FEF100,1,8,3F,00,00,FF,FF,FF,FF,FF
67249,4808,0x18FEF200,1,8,1C,00,00,00,00,00,00,FF
67250,4809,0x1CFDDF00,1,8,FE,FF,FF,FF,FF,FF,FF,FF
67251,4810,0x1CFF6A00,1,8,FC,FF,FF,FF,FF,FF,FF,FF
67251,4811,0xCF00400,1,8,FF,FF,FF,B0,4B,FF,FF,FF
67252,4812,0xCFF6600,1,8,76,09,FF,FF,FF,FF,FF,FF
67271,4813,0xCF00400,1,8,FF,FF,FF,56,4B,FF,FF,FF
67275,4814,0xCF00400,1,8,FF,FF,FF,56,4B,FF,FF,FF
67276,4815,0xCFF6600,1,8,6A,09,FF,FF,FF,FF,FF,FF
67291,4816,0xCF00400,1,8,FF,FF,FF,56,4B,FF,FF,FF
67292,4817,0xCFF6600,1,8,6A,09,FF,FF,FF,FF,FF,FF
67311,4818,0xCF00400,1,8,FF,FF,FF,24,4B,FF,FF,FF
67312,4819,0xCFF6600,1,8,64,09,FF,FF,FF,FF,FF,FF
67331,4820,0xCF00400,1,8,FF,FF,FF,16,4B,FF,FF,FF
67332,4821,0xCFF6600,1,8,62,09,FF,FF,FF,FF,FF,FF
67342,4822,0x18FEF100,1,8,3F,00,00,FF,FF,FF,FF,FF
67343,4823,0x18F00500,1,8,FF,FF,FF,FF,20,2D,FF,FF
67343,4824,0x18FEF200,1,8,1C,00,00,00,00,00,00,FF
67351,4825,0xCF00400,1,8,FF,FF,FF,CA,4A,FF,FF,FF
67372,4826,0xCF00400,1,8,FF,FF,FF,50,4A,FF,FF,FF
67372,4827,0xCFF6600,1,8,59,09,FF,FF,FF,FF,FF,FF
67412,4828,0xCF00400,1,8,FF,FF,FF,50,4A,FF,FF,FF
67413,4829,0xCFF6600,1,8,4A,09,FF,FF,FF,FF,FF,FF
67414,4830,0x18EEFF00,1,8,08,CF,60,06,00,00,00,00
67431,4831,0xCF00400,1,8,FF,FF,FF,56,49,FF,FF,FF
67432,4832,0xCFF6600,1,8,2A,09,FF,FF,FF,FF,FF,FF
67442,4833,0x18FEF100,1,8,3F,00,00,FF,FF,FF,FF,FF
67442,4834,0x18F00500,1,8,FF,FF,FF,FF,20,2D,FF,FF
67443,4835,0x10FF6500,1,8,FC,FF,FF,FF,FF,FF,FF,FF
67444,4836,0x18FEF200,1,8,1C,00,00,00,00,00,00,FF
67452,4837,0xCF00400,1,8,FF,FF,FF,72,49,FF,FF,FF
67452,4838,0xCFF6600,1,8,2E,09,FF,FF,FF,FF,FF,FF
67472,4839,0xCF00400,1,8,FF,FF,FF,10,4A,FF,FF,FF
67472,4840,0xCFF6600,1,8,42,09,FF,FF,FF,FF,FF,FF
67492,4841,0xCF00400,1,8,FF,FF,FF,10,4A,FF,FF,FF
67492,4842,0xCFF6600,1,8,42,09,FF,FF,FF,FF,FF,FF
67512,4843,0xCF00400,1,8,FF,FF,FF,40,4A,FF,FF,FF
67513,4844,0xCFF6600,1,8,48,09,FF,FF,FF,FF,FF,FF
67532,4845,0xCF00400,1,8,FF,FF,FF,12,4A,FF,FF,FF
67533,4846,0xCFF6600,1,8,42,09,FF,FF,FF,FF,FF,FF
67543,4847,0x18F00500,1,8,FF,FF,FF,FF,20,2D,FF,FF
67544,4848,0x18FEF100,1,8,3F,00,00,FF,FF,FF,FF,FF
67544,4849,0x18FEF200,1,8,1C,00,00,00,00,00,00,FF
67551,4850,0xCF00400,1,8,FF,FF,FF,B0,49,FF,FF,FF
67552,4851,0xCFF6600,1,8,36,09,FF,FF,FF,FF,FF,FF
67573,4852,0xCF00400,1,8,FF,FF,FF,B0,49,FF,FF,FF
67573,4853,0xCFF6600,1,8,36,09,FF,FF,FF,FF,FF,FF
67591,4854,0xCF00400,1,8,FF,FF,FF,1E,49,FF,FF,FF
67592,4855,0xCFF6600,1,8,23,09,FF,FF,FF,FF,FF,FF
67611,4856,0xCF00400,1,8,FF,FF,FF,16,49,FF,FF,FF
67612,4857,0xCFF6600,1,8,22,09,FF,FF,FF,FF,FF,FF
67631,4858,0xCF00400,1,8,FF,FF,FF,82,49,FF,FF,FF
67632,4859,0xCFF6600,1,8,30,09,FF,FF,FF,FF,FF,FF
67642,4860,0x10FF6500,1,8,FC,FF,FF,FF,FF,FF,FF,FF
67643,4861,0x18F00500,1,8,FF,FF,FF,FF,20,2D,FF,FF
67644,4862,0x18FEF100,1,8,3F,00,00,FF,FF,FF,FF,FF
67644,4863,0x18FEF200,1,8,1C,00,00,00,00,00,00,FF
67654,4864,0xCF00400,1,8,FF,FF,FF,9E,49,FF,FF,FF
67654,4865,0xCFF6600,1,8,33,09,FF,FF,FF,FF,FF,FF
67672,4866,0xCF00400,1,8,FF,FF,FF,9E,49,FF,FF,FF
67672,4867,0xCFF6600,1,8,33,09,FF,FF,FF,FF,FF,FF
67692,4868,0xCF00400,1,8,FF,FF,FF,7A,49,FF,FF,FF
67692,4869,0xCFF6600,1,8,2F,09,FF,FF,FF,FF,FF,FF
67712,4870,0xCF00400,1,8,FF,FF,FF,7A,49,FF,FF,FF
67712,4871,0xCFF6600,1,8,2F,09,FF,FF,FF,FF,FF,FF
67732,4872,0xCF00400,1,8,FF,FF,FF,9C,49,FF,FF,FF
67732,4873,0xCFF6600,1,8,33,09,FF,FF,FF,FF,FF,FF
67744,4874,0x18F00500,1,8,FF,FF,FF,FF,20,2D,FF,FF
67746,4875,0x18F00600,1,8,FF,FF,FF,FF,FF,FF,FF,FF
67746,4876,0x18FEF100,1,8,3F,00,00,FF,FF,FF,FF,FF
67747,4877,0x18FEF200,1,8,1C,00,00,00,00,00,00,FF
67748,4878,0x1CFDDF00,1,8,FE,FF,FF,FF,FF,FF,FF,FF
67748,4879,0x1CFF6A00,1,8,FC,FF,FF,FF,FF,FF,FF,FF
67752,4880,0xCF00400,1,8,FF,FF,FF,9C,49,FF,FF,FF
67752,4881,0xCFF6600,1,8,33,09,FF,FF,FF,FF,FF,FF
67771,4882,0xCF00400,1,8,FF,FF,FF,9C,49,FF,FF,FF
67772,4883,0xCFF6600,1,8,33,09,FF,FF,FF,FF,FF,FF
67791,4884,0xCF00400,1,8,FF,FF,FF,7E,49,FF,FF,FF
67792,4885,0xCFF6600,1,8,2F,09,FF,FF,FF,FF,FF,FF
67811,4886,0xCF00400,1,8,FF,FF,FF,AC,49,FF,FF,FF
67812,4887,0xCFF6600,1,8,35,09,FF,FF,FF,FF,FF,FF
67833,4888,0xCF00400,1,8,FF,FF,FF,20,4A,FF,FF,FF
67833,4889,0xCFF6600,1,8,44,09,FF,FF,FF,FF,FF,FF
67842,4890,0x10FF6500,1,8,FC,FF,FF,FF,FF,FF,FF,FF
67843,4891,0x18F00500,1,8,FF,FF,FF,FF,20,2D,FF,FF
67844,4892,0x18FEF100,1,8,3F,00,00,FF,FF,FF,FF,FF
67844,4893,0x18FEF200,1,8,1C,00,00,00,00,00,00,FF
67851,4894,0xCF00400,1,8,FF,FF,FF,20,4A,FF,FF,FF
67852,4895,0xCFF6600,1,8,44,09,FF,FF,FF,FF,FF,FF
67872,4896,0xCF00400,1,8,FF,FF,FF,50,4A,FF,FF,FF
67872,4897,0xCFF6600,1,8,4A,09,FF,FF,FF,FF,FF,FF
67913,4898,0xCF00400,1,8,FF,FF,FF,4A,4A,FF,FF,FF
67913,4899,0xCFF6600,1,8,49,09,FF,FF,FF,FF,FF,FF
67914,4900,0x18EEFF00,1,8,08,CF,60,06,00,00,00,00
67931,4901,0xCF00400,1,8,FF,FF,FF,12,4B,FF,FF,FF
67932,4902,0xCFF6600,1,8,62,09,FF,FF,FF,FF,FF,FF
67942,4903,0x18FEF100,1,8,3F,00,00,FF,FF,FF,FF,FF
67943,4904,0x18F00500,1,8,FF,FF,FF,FF,20,2D,FF,FF
67943,4905,0x18FEF200,1,8,1B,00,00,00,00,00,00,FF
67951,4906,0xCF00400,1,8,FF,FF,FF,12,4B,FF,FF,FF
67952,4907,0xCFF6600,1,8,62,09,FF,FF,FF,FF,FF,FF
67972,4908,0xCF00400,1,8,FF,FF,FF,3C,4B,FF,FF,FF
67972,4909,0xCFF6600,1,8,67,09,FF,FF,FF,FF,FF,FF
67992,4910,0xCF00400,1,8,FF,FF,FF,1C,4B,FF,FF,FF
67992,4911,0xCFF6600,1,8,63,09,FF,FF,FF,FF,FF,FF
68012,4912,0xCF00400,1,8,FF,FF,FF,08,4B,FF,FF,FF
68013,4913,0xCFF6600,1,8,61,09,FF,FF,FF,FF,FF,FF
68031,4914,0xCF00400,1,8,FF,FF,FF,00,4B,FF,FF,FF
68032,4915,0xCFF6600,1,8,60,09,FF,FF,FF,FF,FF,FF
68042,4916,0x18FEF100,1,8,3F,00,00,FF,FF,FF,FF,FF
68043,4917,0x10FF6500,1,8,FC,FF,FF,FF,FF,FF,FF,FF
68043,4918,0x18F00500,1,8,FF,FF,FF,FF,20,2D,FF,FF
68044,4919,0x18FEF200,1,8,1B,00,00,00,00,00,00,FF
68054,4920,0xCF00400,1,8,FF,FF,FF,00,4B,FF,FF,FF
68054,4921,0xCFF6600,1,8,60,09,FF,FF,FF,FF,FF,FF
68072,4922,0xCF00400,1,8,FF,FF,FF,9E,4A,FF,FF,FF
68072,4923,0xCFF6600,1,8,53,09,FF,FF,FF,FF,FF,FF
68092,4924,0xCF00400,1,8,FF,FF,FF,EA,49,FF,FF,FF
68093,4925,0xCFF6600,1,8,3D,09,FF,FF,FF,FF,FF,FF
68111,4926,0xCF00400,1,8,FF,FF,FF,AE,49,FF,FF,FF
68112,4927,0xCFF6600,1,8,35,09,FF,FF,FF,FF,FF,FF
68131,4928,0xCF00400,1,8,FF,FF,FF,E2,49,FF,FF,FF
68132,4929,0xCFF6600,1,8,3C,09,FF,FF,FF,FF,FF,FF
68145,4930,0x18F00500,1,8,FF,FF,FF,FF,20,2D,FF,FF
68145,4931,0x18FEF100,1,8,3F,00,00,FF,FF,FF,FF,FF
68146,4932,0x18FEF200,1,8,1B,00,00,00,00,00,00,FF
68152,4933,0xCF00400,1,8,FF,FF,FF,E2,49,FF,FF,FF
68152,4934,0xCFF6600,1,8,3C,09,FF,FF,FF,FF,FF,FF
68172,4935,0xCF00400,1,8,FF,FF,FF,04,4A,FF,FF,FF
68172,4936,0xCFF6600,1,8,40,09,FF,FF,FF,FF,FF,FF
68192,4937,0xCF00400,1,8,FF,FF,FF,1A,4A,FF,FF,FF
68192,4938,0xCFF6600,1,8,43,09,FF,FF,FF,FF,FF,FF
68235,4939,0xCF00400,1,8,FF,FF,FF,50,4A,FF,FF,FF
68236,4940,0xCFF6600,1,8,4A,09,FF,FF,FF,FF,FF,FF
68236,4941,0x18EEFF00,1,8,08,CF,60,06,00,00,00,00
68242,4942,0x18FEF100,1,8,3F,00,00,FF,FF,FF,FF,FF
68243,4943,0x10FF6500,1,8,FC,FF,FF,FF,FF,FF,FF,FF
68244,4944,0x18F00500,1,8,FF,FF,FF,FF,20,2D,FF,FF
68244,4945,0x18F00600,1,8,FF,FF,FF,FF,FF,FF,FF,FF
68245,4946,0x18FEF200,1,8,1B,00,00,00,00,00,00,FF
68245,4947,0x1CFDDF00,1,8,FE,FF,FF,FF,FF,FF,FF,FF
68246,4948,0x1CFF6A00,1,8,FC,FF,FF,FF,FF,FF,FF,FF
68252,4949,0xCF00400,1,8,FF,FF,FF,A2,4A,FF,FF,FF
68253,4950,0xCFF6600,1,8,54,09,FF,FF,FF,FF,FF,FF
68271,4951,0xCF00400,1,8,FF,FF,FF,D4,4A,FF,FF,FF
68272,4952,0xCFF6600,1,8,5A,09,FF,FF,FF,FF,FF,FF
68291,4953,0xCF00400,1,8,FF,FF,FF,E6,4A,FF,FF,FF
68292,4954,0xCFF6600,1,8,5C,09,FF,FF,FF,FF,FF,FF
68311,4955,0xCF00400,1,8,FF,FF,FF,9C,4A,FF,FF,FF
68331,4956,0xCFF6600,1,8,53,09,FF,FF,FF,FF,FF,FF
68332,4957,0xCF00400,1,8,FF,FF,FF,FA,49,FF,FF,FF
68343,4958,0x18F00500,1,8,FF,FF,FF,FF,20,2D,FF,FF
68343,4959,0x18FEF100,1,8,3F,00,00,FF,FF,FF,FF,FF
68344,4960,0x18FEF200,1,8,1B,00,00,00,00,00,00,FF
68351,4961,0xCF00400,1,8,FF,FF,FF,FA,49,FF,FF,FF
68352,4962,0xCFF6600,1,8,3F,09,FF,FF,FF,FF,FF,FF
68371,4963,0xCF00400,1,8,FF,FF,FF,CC,49,FF,FF,FF
68372,4964,0xCFF6600,1,8,39,09,FF,FF,FF,FF,FF,FF
68391,4965,0xCF00400,1,8,FF,FF,FF,0A,4A,FF,FF,FF
68392,4966,0xCFF6600,1,8,41,09,FF,FF,FF,FF,FF,FF
68412,4967,0xCF00400,1,8,FF,FF,FF,3C,4A,FF,FF,FF
68412,4968,0xCFF6600,1,8,47,09,FF,FF,FF,FF,FF,FF
68432,4969,0xCF00400,1,8,FF,FF,FF,64,4A,FF,FF,FF
68432,4970,0xCFF6600,1,8,4C,09,FF,FF,FF,FF,FF,FF
68442,4971,0x10FF6500,1,8,FC,FF,FF,FF,FF,FF,FF,FF
68447,4972,0x18F00500,1,8,FF,FF,FF,FF,20,2D,FF,FF
68468,4973,0xCF00400,1,8,FF,FF,FF,64,4A,FF,FF,FF
68468,4974,0xCFF6600,1,8,4C,09,FF,FF,FF,FF,FF,FF
68469,4975,0x18FEF100,1,8,3F,00,00,FF,FF,FF,FF,FF
68469,4976,0x18FEF200,1,8,1B,00,00,00,00,00,00,FF
68471,4977,0xCF00400,1,8,FF,FF,FF,94,4A,FF,FF,FF
68472,4978,0xCFF6600,1,8,52,09,FF,FF,FF,FF,FF,FF
68491,4979,0xCF00400,1,8,FF,FF,FF,CA,4A,FF,FF,FF
68492,4980,0xCFF6600,1,8,59,09,FF,FF,FF,FF,FF,FF
68511,4981,0xCF00400,1,8,FF,FF,FF,0C,4B,FF,FF,FF
68512,4982,0xCFF6600,1,8,61,09,FF,FF,FF,FF,FF,FF
68532,4983,0xCF00400,1,8,FF,FF,FF,5C,4B,FF,FF,FF
68532,4984,0xCFF6600,1,8,6B,09,FF,FF,FF,FF,FF,FF
68542,4985,0x18F00500,1,8,FF,FF,FF,FF,20,2D,FF,FF
68543,4986,0x18FEF100,1,8,3F,00,00,FF,FF,FF,FF,FF
68544,4987,0x18FEF200,1,8,1B,00,00,00,00,00,00,FF
68552,4988,0xCF00400,1,8,FF,FF,FF,5C,4B,FF,FF,FF
68552,4989,0xCFF6600,1,8,6B,09,FF,FF,FF,FF,FF,FF
68571,4990,0xCF00400,1,8,FF,FF,FF,72,4B,FF,FF,FF
68572,4991,0xCFF6600,1,8,6E,09,FF,FF,FF,FF,FF,FF
68591,4992,0xCF00400,1,8,FF,FF,FF,54,4B,FF,FF,FF
68592,4993,0xCFF6600,1,8,6A,09,FF,FF,FF,FF,FF,FF
68611,4994,0xCF00400,1,8,FF,FF,FF,3C,4B,FF,FF,FF
68612,4995,0xCFF6600,1,8,67,09,FF,FF,FF,FF,FF,FF
68632,4996,0xCF00400,1,8,FF,FF,FF,2C,4B,FF,FF,FF
68632,4997,0xCFF6600,1,8,65,09,FF,FF,FF,FF,FF,FF
68643,4998,0x10FF6500,1,8,FC,FF,FF,FF,FF,FF,FF,FF
68644,4999,0x18F00500,1,8,FF,FF,FF,FF,20,2D,FF,FF
68644,5000,0x18FEF100,1,8,3F,00,00,FF,FF,FF,FF,FF
68645,5001,0x18FEF200,1,8,1B,00,00,00,00,00,00,FF
68651,5002,0xCF00400,1,8,FF,FF,FF,2C,4B,FF,FF,FF
68672,5003,0xCF00400,1,8,FF,FF,FF,14,4B,FF,FF,FF
68673,5004,0xCFF6600,1,8,65,09,FF,FF,FF,FF,FF,FF
68691,5005,0xCF00400,1,8,FF,FF,FF,F2,4A,FF,FF,FF
68692,5006,0xCFF6600,1,8,5E,09,FF,FF,FF,FF,FF,FF
68711,5007,0xCF00400,1,8,FF,FF,FF,0A,4B,FF,FF,FF
68712,5008,0xCFF6600,1,8,61,09,FF,FF,FF,FF,FF,FF
68732,5009,0xCF00400,1,8,FF,FF,FF,50,4B,FF,FF,FF
68732,5010,0xCFF6600,1,8,6A,09,FF,FF,FF,FF,FF,FF
68742,5011,0x18F00500,1,8,FF,FF,FF,FF,20,2D,FF,FF
68744,5012,0x18F00600,1,8,FF,FF,FF,FF,FF,FF,FF,FF
68745,5013,0x18FEF100,1,8,3F,00,00,FF,FF,FF,FF,FF
68745,5014,0x18FEF200,1,8,1B,00,00,00,00,00,00,FF
68746,5015,0x1CFDDF00,1,8,FE,FF,FF,FF,FF,FF,FF,FF
68747,5016,0x1CFF6A00,1,8,FC,FF,FF,FF,FF,FF,FF,FF
68751,5017,0xCF00400,1,8,FF,FF,FF,50,4B,FF,FF,FF
68752,5018,0xCFF6600,1,8,6A,09,FF,FF,FF,FF,FF,FF
68771,5019,0xCF00400,1,8,FF,FF,FF,F0,4B,FF,FF,FF
68772,5020,0xCFF6600,1,8,7E,09,FF,FF,FF,FF,FF,FF
68791,5021,0xCF00400,1,8,FF,FF,FF,D8,4C,FF,FF,FF
68792,5022,0xCFF6600,1,8,9B,09,FF,FF,FF,FF,FF,FF
68811,5023,0xCF00400,1,8,FF,FF,FF,06,4D,FF,FF,FF
68812,5024,0xCFF6600,1,8,A0,09,FF,FF,FF,FF,FF,FF
68831,5025,0xCF00400,1,8,FF,FF,FF,9E,4C,FF,FF,FF
68832,5026,0xCFF6600,1,8,93,09,FF,FF,FF,FF,FF,FF
68842,5027,0x18FEF100,1,8,3F,00,00,FF,FF,FF,FF,FF
68843,5028,0x10FF6500,1,8,FC,FF,FF,FF,FF,FF,FF,FF
68844,5029,0x18F00500,1,8,FF,FF,FF,FF,20,2D,FF,FF
68845,5030,0x18FEF200,1,8,1B,00,00,00,00,00,00,FF
68868,5031,0xCF00400,1,8,FF,FF,FF,9E,4C,FF,FF,FF
68868,5032,0xCFF6600,1,8,93,09,FF,FF,FF,FF,FF,FF
68870,5033,0x18EEFF00,1,8,08,CF,60,06,00,00,00,00
68871,5034,0xCF00400,1,8,FF,FF,FF,5C,4C,FF,FF,FF
68872,5035,0xCFF6600,1,8,8B,09,FF,FF,FF,FF,FF,FF
68891,5036,0xCF00400,1,8,FF,FF,FF,36,4C,FF,FF,FF
68892,5037,0xCFF6600,1,8,86,09,FF,FF,FF,FF,FF,FF
68901,5038,0x18FEEE00,1,8,5E,FF,FF,FF,FF,FF,FF,FF
68901,5039,0x18FDE500,1,8,0A,14,1E,28,32,3C,46,13
68911,5040,0xCF00400,1,8,FF,FF,FF,1E,4C,FF,FF,FF
68912,5041,0xCFF6600,1,8,83,09,FF,FF,FF,FF,FF,FF
68921,5042,0x1CECFF00,1,8,20,0A,00,02,FF,CA,FE,00
68931,5043,0xCF00400,1,8,FF,FF,FF,0A,4C,FF,FF,FF
68932,5044,0xCFF6600,1,8,81,09,FF,FF,FF,FF,FF,FF
68943,5045,0x18F00500,1,8,FF,FF,FF,FF,20,2D,FF,FF
68943,5046,0x18FEF100,1,8,3F,00,00,FF,FF,FF,FF,FF
68944,5047,0x18FEF200,1,8,1B,00,00,00,00,00,00,FF
68952,5048,0xCF00400,1,8,FF,FF,FF,BA,4B,FF,FF,FF
68953,5049,0xCFF6600,1,8,77,09,FF,FF,FF,FF,FF,FF
68971,5050,0xCF00400,1,8,FF,FF,FF,BA,4B,FF,FF,FF
68991,5051,0xCF00400,1,8,FF,FF,FF,34,4B,FF,FF,FF
68992,5052,0xCFF6600,1,8,77,09,FF,FF,FF,FF,FF,FF
68993,5053,0x1CEBFF00,1,8,01,40,FF,0F,F0,E5,01,02
69031,5054,0xCF00400,1,8,FF,FF,FF,EC,4A,FF,FF,FF
69032,5055,0xCFF6600,1,8,5D,09,FF,FF,FF,FF,FF,FF
69033,5056,0x18EEFF00,1,8,08,CF,60,06,00,00,00,00
69042,5057,0x18F00500,1,8,FF,FF,FF,FF,20,2D,FF,FF
69043,5058,0x10FF6500,1,8,FC,FF,FF,FF,FF,FF,FF,FF
69044,5059,0x18FEF100,1,8,3F,00,00,FF,FF,FF,FF,FF
69044,5060,0x18FEF200,1,8,1B,00,00,00,00,00,00,FF
69052,5061,0xCF00400,1,8,FF,FF,FF,12,4B,FF,FF,FF
69052,5062,0xCFF6600,1,8,62,09,FF,FF,FF,FF,FF,FF
69071,5063,0xCF00400,1,8,FF,FF,FF,12,4B,FF,FF,FF
69072,5064,0xCFF6600,1,8,62,09,FF,FF,FF,FF,FF,FF
69072,5065,0x1CEBFF00,1,8,02,F0,E3,01,FF,FF,FF,FF
69091,5066,0xCF00400,1,8,FF,FF,FF,7C,4B,FF,FF,FF
69092,5067,0xCFF6600,1,8,6F,09,FF,FF,FF,FF,FF,FF
69112,5068,0xCF00400,1,8,FF,FF,FF,F8,4B,FF,FF,FF
69112,5069,0xCFF6600,1,8,7F,09,FF,FF,FF,FF,FF,FF
69132,5070,0xCF00400,1,8,FF,FF,FF,84,4C,FF,FF,FF
69132,5071,0xCFF6600,1,8,90,09,FF,FF,FF,FF,FF,FF
69142,5072,0x18FEF100,1,8,3F,00,00,FF,FF,FF,FF,FF
69143,5073,0x18F00500,1,8,FF,FF,FF,FF,20,2D,FF,FF
69143,5074,0x18FEF200,1,8,1B,00,00,00,00,00,00,FF
69151,5075,0xCF00400,1,8,FF,FF,FF,86,4C,FF,FF,FF
69152,5076,0xCFF6600,1,8,90,09,FF,FF,FF,FF,FF,FF
69171,5077,0xCF00400,1,8,FF,FF,FF,86,4C,FF,FF,FF
69172,5078,0xCFF6600,1,8,90,09,FF,FF,FF,FF,FF,FF
69191,5079,0xCF00400,1,8,FF,FF,FF,02,4C,FF,FF,FF
69192,5080,0xCFF6600,1,8,80,09,FF,FF,FF,FF,FF,FF
69211,5081,0xCF00400,1,8,FF,FF,FF,88,4B,FF,FF,FF
69212,5082,0xCFF6600,1,8,71,09,FF,FF,FF,FF,FF,FF
69231,5083,0xCF00400,1,8,FF,FF,FF,14,4B,FF,FF,FF
69232,5084,0xCFF6600,1,8,62,09,FF,FF,FF,FF,FF,FF
69242,5085,0x18FEF100,1,8,3F,00,00,FF,FF,FF,FF,FF
69243,5086,0x18F00500,1,8,FF,FF,FF,FF,20,2D,FF,FF
69243,5087,0x10FF6500,1,8,FC,FF,FF,FF,FF,FF,FF,FF
69284,5088,0xCF00400,1,8,FF,FF,FF,EA,4A,FF,FF,FF
69285,5089,0xCFF6600,1,8,5D,09,FF,FF,FF,FF,FF,FF
69285,5090,0x18EEFF00,1,8,08,CF,60,06,00,00,00,00
69287,5091,0x18F00600,1,8,FF,FF,FF,FF,FF,FF,FF,FF
69287,5092,0x18FEF200,1,8,1B,00,00,00,00,00,00,FF
69288,5093,0x1CFDDF00,1,8,FE,FF,FF,FF,FF,FF,FF,FF
69288,5094,0x1CFF6A00,1,8,FC,FF,FF,FF,FF,FF,FF,FF
69291,5095,0xCF00400,1,8,FF,FF,FF,04,4B,FF,FF,FF
69292,5096,0xCFF6600,1,8,60,09,FF,FF,FF,FF,FF,FF
69311,5097,0xCF00400,1,8,FF,FF,FF,12,4B,FF,FF,FF
69312,5098,0xCFF6600,1,8,62,09,FF,FF,FF,FF,FF,FF
69331,5099,0xCF00400,1,8,FF,FF,FF,12,4B,FF,FF,FF
69332,5100,0xCFF6600,1,8,62,09,FF,FF,FF,FF,FF,FF
69342,5101,0x18FEF100,1,8,3F,00,00,FF,FF,FF,FF,FF
69343,5102,0x18F00500,1,8,FF,FF,FF,FF,20,2D,FF,FF
69343,5103,0x18FEF200,1,8,1B,00,00,00,00,00,00,FF
69351,5104,0xCF00400,1,8,FF,FF,FF,2E,4B,FF,FF,FF
69352,5105,0xCFF6600,1,8,65,09,FF,FF,FF,FF,FF,FF
69371,5106,0xCF00400,1,8,FF,FF,FF,2E,4B,FF,FF,FF
69372,5107,0xCFF6600,1,8,65,09,FF,FF,FF,FF,FF,FF
69391,5108,0xCF00400,1,8,FF,FF,FF,5E,4B,FF,FF,FF
69392,5109,0xCFF6600,1,8,6B,09,FF,FF,FF,FF,FF,FF
69411,5110,0xCF00400,1,8,FF,FF,FF,7A,4B,FF,FF,FF
69412,5111,0xCFF6600,1,8,6F,09,FF,FF,FF,FF,FF,FF
69431,5112,0xCF00400,1,8,FF,FF,FF,88,4B,FF,FF,FF
69432,5113,0xCFF6600,1,8,71,09,FF,FF,FF,FF,FF,FF
69442,5114,0x18FEF100,1,8,3F,00,00,FF,FF,FF,FF,FF
69443,5115,0x10FF6500,1,8,FC,FF,FF,FF,FF,FF,FF,FF
69443,5116,0x18F00500,1,8,FF,FF,FF,FF,20,2D,FF,FF
69444,5117,0x18FEF200,1,8,1B,00,00,00,00,00,00,FF
69451,5118,0xCF00400,1,8,FF,FF,FF,6E,4B,FF,FF,FF
69452,5119,0xCFF6600,1,8,6D,09,FF,FF,FF,FF,FF,FF
69476,5120,0xCF00400,1,8,FF,FF,FF,6E,4B,FF,FF,FF
69496,5121,0xCF00400,1,8,FF,FF,FF,32,4B,FF,FF,FF
69497,5122,0xCFF6600,1,8,6D,09,FF,FF,FF,FF,FF,FF
69511,5123,0xCF00400,1,8,FF,FF,FF,36,4B,FF,FF,FF
69512,5124,0xCFF6600,1,8,66,09,FF,FF,FF,FF,FF,FF
69531,5125,0xCF00400,1,8,FF,FF,FF,6A,4B,FF,FF,FF
69532,5126,0xCFF6600,1,8,6D,09,FF,FF,FF,FF,FF,FF
69542,5127,0x18FEF100,1,8,3F,00,00,FF,FF,FF,FF,FF
69543,5128,0x18F00500,1,8,FF,FF,FF,FF,20,2D,FF,FF
69543,5129,0x18FEF200,1,8,1B,00,00,00,00,00,00,FF
69567,5130,0xCF00400,1,8,FF,FF,FF,76,4B,FF,FF,FF
69568,5131,0xCFF6600,1,8,6E,09,FF,FF,FF,FF,FF,FF
69570,5132,0x18EEFF00,1,8,08,CF,60,06,00,00,00,00
69571,5133,0xCF00400,1,8,FF,FF,FF,76,4B,FF,FF,FF
69572,5134,0xCFF6600,1,8,6E,09,FF,FF,FF,FF,FF,FF
69591,5135,0xCF00400,1,8,FF,FF,FF,64,4B,FF,FF,FF
69593,5136,0xCFF6600,1,8,6C,09,FF,FF,FF,FF,FF,FF
69611,5137,0xCF00400,1,8,FF,FF,FF,46,4B,FF,FF,FF
69612,5138,0xCFF6600,1,8,68,09,FF,FF,FF,FF,FF,FF
69631,5139,0xCF00400,1,8,FF,FF,FF,18,4B,FF,FF,FF
69632,5140,0xCFF6600,1,8,63,09,FF,FF,FF,FF,FF,FF
69642,5141,0x18FEF100,1,8,3F,00,00,FF,FF,FF,FF,FF
69642,5142,0x10FF6500,1,8,FC,FF,FF,FF,FF,FF,FF,FF
69643,5143,0x18F00500,1,8,FF,FF,FF,FF,20,2D,FF,FF
69644,5144,0x18FEF200,1,8,1B,00,00,00,00,00,00,FF
69671,5145,0xCF00400,1,8,FF,FF,FF,40,4B,FF,FF,FF
69672,5146,0xCFF6600,1,8,68,09,FF,FF,FF,FF,FF,FF
69673,5147,0x18EEFF00,1,8,08,CF,60,06,00,00,00,00
69691,5148,0xCF00400,1,8,FF,FF,FF,B2,4B,FF,FF,FF
69692,5149,0xCFF6600,1,8,76,09,FF,FF,FF,FF,FF,FF
69711,5150,0xCF00400,1,8,FF,FF,FF,FC,4B,FF,FF,FF
69712,5151,0xCFF6600,1,8,7F,09,FF,FF,FF,FF,FF,FF
69731,5152,0xCF00400,1,8,FF,FF,FF,1E,4C,FF,FF,FF
69732,5153,0xCFF6600,1,8,83,09,FF,FF,FF,FF,FF,FF
69742,5154,0x18F00500,1,8,FF,FF,FF,FF,20,2D,FF,FF
69743,5155,0x18F00600,1,8,FF,FF,FF,FF,FF,FF,FF,FF
69743,5156,0x18FEF100,1,8,3F,00,00,FF,FF,FF,FF,FF
69744,5157,0x18FEF200,1,8,1B,00,00,00,00,00,00,FF
69745,5158,0x1CFDDF00,1,8,FE,FF,FF,FF,FF,FF,FF,FF
69745,5159,0x1CFF6A00,1,8,FC,FF,FF,FF,FF,FF,FF,FF
69751,5160,0xCF00400,1,8,FF,FF,FF,1C,4C,FF,FF,FF
69752,5161,0xCFF6600,1,8,83,09,FF,FF,FF,FF,FF,FF
69772,5162,0xCF00400,1,8,FF,FF,FF,00,4C,FF,FF,FF
69773,5163,0xCFF6600,1,8,80,09,FF,FF,FF,FF,FF,FF
69792,5164,0xCF00400,1,8,FF,FF,FF,00,4C,FF,FF,FF
69812,5165,0xCF00400,1,8,FF,FF,FF,D6,4B,FF,FF,FF
69813,5166,0xCFF6600,1,8,80,09,FF,FF,FF,FF,FF,FF
69831,5167,0xCF00400,1,8,FF,FF,FF,A2,4B,FF,FF,FF
69832,5168,0xCFF6600,1,8,74,09,FF,FF,FF,FF,FF,FF
69842,5169,0x10FF6500,1,8,FC,FF,FF,FF,FF,FF,FF,FF
69843,5170,0x18F00500,1,8,FF,FF,FF,FF,20,2D,FF,FF
69843,5171,0x18FEF100,1,8,3F,00,00,FF,FF,FF,FF,FF
69844,5172,0x18FEF200,1,8,1B,00,00,00,00,00,00,FF
69851,5173,0xCF00400,1,8,FF,FF,FF,A4,4B,FF,FF,FF
69852,5174,0xCFF6600,1,8,74,09,FF,FF,FF,FF,FF,FF
69872,5175,0xCF00400,1,8,FF,FF,FF,D2,4B,FF,FF,FF
69872,5176,0xCFF6600,1,8,7A,09,FF,FF,FF,FF,FF,FF
69892,5177,0xCF00400,1,8,FF,FF,FF,D2,4B,FF,FF,FF
69892,5178,0xCFF6600,1,8,7A,09,FF,FF,FF,FF,FF,FF
69901,5179,0x18FEEE00,1,8,5E,FF,FF,FF,FF,FF,FF,FF
69901,5180,0x18FDE500,1,8,0A,14,1E,28,32,3C,46,13
69911,5181,0xCF00400,1,8,FF,FF,FF,FA,4B,FF,FF,FF
69912,5182,0xCFF6600,1,8,7F,09,FF,FF,FF,FF,FF,FF
69921,5183,0x1CECFF00,1,8,20,0A,00,02,FF,CA,FE,00
69931,5184,0xCF00400,1,8,FF,FF,FF,1A,4C,FF,FF,FF
69932,5185,0xCFF6600,1,8,83,09,FF,FF,FF,FF,FF,FF
69943,5186,0x18F00500,1,8,FF,FF,FF,FF,20,2D,FF,FF
69944,5187,0x18FEF100,1,8,3F,00,00,FF,FF,FF,FF,FF
69944,5188,0x18FEF200,1,8,1C,00,00,00,00,00,00,FF
69952,5189,0xCF00400,1,8,FF,FF,FF,FC,4B,FF,FF,FF
69973,5190,0xCF00400,1,8,FF,FF,FF,A2,4B,FF,FF,FF
69974,5191,0xCFF6600,1,8,7F,09,FF,FF,FF,FF,FF,FF
69974,5192,0x1CEBFF00,1,8,01,40,FF,0F,F0,E5,01,02
69991,5193,0xCF00400,1,8,FF,FF,FF,A2,4B,FF,FF,FF
69992,5194,0xCFF6600,1,8,74,09,FF,FF,FF,FF,FF,FF
70011,5195,0xCF00400,1,8,FF,FF,FF,52,4B,FF,FF,FF
70012,5196,0xCFF6600,1,8,6A,09,FF,FF,FF,FF,FF,FF
70021,5197,0x1CEBFF00,1,8,02,F0,E3,01,FF,FF,FF,FF
70031,5198,0xCF00400,1,8,FF,FF,FF,18,4B,FF,FF,FF
70032,5199,0xCFF6600,1,8,63,09,FF,FF,FF,FF,FF,FF
70043,5200,0x10FF6500,1,8,FC,FF,FF,FF,FF,FF,FF,FF
70043,5201,0x18F00500,1,8,FF,FF,FF,FF,20,2D,FF,FF
70044,5202,0x18FEF100,1,8,3F,00,00,FF,FF,FF,FF,FF
70044,5203,0x18FEF200,1,8,1C,00,00,00,00,00,00,FF
70052,5204,0xCF00400,1,8,FF,FF,FF,1A,4B,FF,FF,FF
70052,5205,0xCFF6600,1,8,63,09,FF,FF,FF,FF,FF,FF
70072,5206,0xCF00400,1,8,FF,FF,FF,50,4B,FF,FF,FF
70072,5207,0xCFF6600,1,8,6A,09,FF,FF,FF,FF,FF,FF
70092,5208,0xCF00400,1,8,FF,FF,FF,50,4B,FF,FF,FF
70092,5209,0xCFF6600,1,8,6A,09,FF,FF,FF,FF,FF,FF
70112,5210,0xCF00400,1,8,FF,FF,FF,84,4B,FF,FF,FF
70112,5211,0xCFF6600,1,8,70,09,FF,FF,FF,FF,FF,FF
70132,5212,0xCF00400,1,8,FF,FF,FF,B6,4B,FF,FF,FF
70132,5213,0xCFF6600,1,8,76,09,FF,FF,FF,FF,FF,FF
70142,5214,0x18F00500,1,8,FF,FF,FF,FF,20,2D,FF,FF
70164,5215,0xCF00400,1,8,FF,FF,FF,72,4B,FF,FF,FF
70165,5216,0xCFF6600,1,8,6E,09,FF,FF,FF,FF,FF,FF
70166,5217,0x18FEF100,1,8,3F,00,00,FF,FF,FF,FF,FF
70166,5218,0x18FEF200,1,8,1C,00,00,00,00,00,00,FF
70172,5219,0xCF00400,1,8,FF,FF,FF,BE,4A,FF,FF,FF
70172,5220,0xCFF6600,1,8,57,09,FF,FF,FF,FF,FF,FF
70192,5221,0xCF00400,1,8,FF,FF,FF,BE,4A,FF,FF,FF
70192,5222,0xCFF6600,1,8,57,09,FF,FF,FF,FF,FF,FF
70212,5223,0xCF00400,1,8,FF,FF,FF,9C,4A,FF,FF,FF
70212,5224,0xCFF6600,1,8,53,09,FF,FF,FF,FF,FF,FF
70232,5225,0xCF00400,1,8,FF,FF,FF,F6,4A,FF,FF,FF
70232,5226,0xCFF6600,1,8,5E,09,FF,FF,FF,FF,FF,FF
70242,5227,0x10FF6500,1,8,FC,FF,FF,FF,FF,FF,FF,FF
70243,5228,0x18F00500,1,8,FF,FF,FF,FF,20,2D,FF,FF
70244,5229,0x18F00600,1,8,FF,FF,FF,FF,FF,FF,FF,FF
70245,5230,0x18FEF100,1,8,3F,00,00,FF,FF,FF,FF,FF
70245,5231,0x18FEF200,1,8,1C,00,00,00,00,00,00,FF
70246,5232,0x1CFDDF00,1,8,FE,FF,FF,FF,FF,FF,FF,FF
70246,5233,0x1CFF6A00,1,8,FC,FF,FF,FF,FF,FF,FF,FF
70251,5234,0xCF00400,1,8,FF,FF,FF,16,4B,FF,FF,FF
70252,5235,0xCFF6600,1,8,62,09,FF,FF,FF,FF,FF,FF
70271,5236,0xCF00400,1,8,FF,FF,FF,04,4B,FF,FF,FF
70272,5237,0xCFF6600,1,8,60,09,FF,FF,FF,FF,FF,FF
70291,5238,0xCF00400,1,8,FF,FF,FF,04,4B,FF,FF,FF
70292,5239,0xCFF6600,1,8,60,09,FF,FF,FF,FF,FF,FF
70311,5240,0xCF00400,1,8,FF,FF,FF,22,4B,FF,FF,FF
70312,5241,0xCFF6600,1,8,64,09,FF,FF,FF,FF,FF,FF
70331,5242,0xCF00400,1,8,FF,FF,FF,70,4B,FF,FF,FF
70332,5243,0xCFF6600,1,8,6E,09,FF,FF,FF,FF,FF,FF
70342,5244,0x18FEF100,1,8,3F,00,00,FF,FF,FF,FF,FF
70343,5245,0x18F00500,1,8,FF,FF,FF,FF,20,2D,FF,FF
70343,5246,0x18FEF200,1,8,1C,00,00,00,00,00,00,FF
70353,5247,0xCF00400,1,8,FF,FF,FF,EC,4B,FF,FF,FF
70354,5248,0xCFF6600,1,8,7D,09,FF,FF,FF,FF,FF,FF
70371,5249,0xCF00400,1,8,FF,FF,FF,90,4C,FF,FF,FF
70372,5250,0xCFF6600,1,8,92,09,FF,FF,FF,FF,FF,FF
70392,5251,0xCF00400,1,8,FF,FF,FF,1A,4D,FF,FF,FF
70392,5252,0xCFF6600,1,8,A3,09,FF,FF,FF,FF,FF,FF
70412,5253,0xCF00400,1,8,FF,FF,FF,1A,4D,FF,FF,FF
70412,5254,0xCFF6600,1,8,A3,09,FF,FF,FF,FF,FF,FF
70432,5255,0xCF00400,1,8,FF,FF,FF,8A,4D,FF,FF,FF
70432,5256,0xCFF6600,1,8,B1,09,FF,FF,FF,FF,FF,FF
70442,5257,0x10FF6500,1,8,FC,FF,FF,FF,FF,FF,FF,FF
70443,5258,0x18F00500,1,8,FF,FF,FF,FF,20,2D,FF,FF
70444,5259,0x18FEF100,1,8,3F,00,00,FF,FF,FF,FF,FF
70444,5260,0x18FEF200,1,8,1C,00,00,00,00,00,00,FF
70454,5261,0xCF00400,1,8,FF,FF,FF,70,4D,FF,FF,FF
70454,5262,0xCFF6600,1,8,AE,09,FF,FF,FF,FF,FF,FF
70471,5263,0xCF00400,1,8,FF,FF,FF,E0,4C,FF,FF,FF
70472,5264,0xCFF6600,1,8,9C,09,FF,FF,FF,FF,FF,FF
70491,5265,0xCF00400,1,8,FF,FF,FF,CE,4C,FF,FF,FF
70492,5266,0xCFF6600,1,8,99,09,FF,FF,FF,FF,FF,FF
70512,5267,0xCF00400,1,8,FF,FF,FF,CE,4C,FF,FF,FF
70512,5268,0xCFF6600,1,8,99,09,FF,FF,FF,FF,FF,FF
70532,5269,0xCF00400,1,8,FF,FF,FF,28,4D,FF,FF,FF
70532,5270,0xCFF6600,1,8,A5,09,FF,FF,FF,FF,FF,FF
70545,5271,0x18F00500,1,8,FF,FF,FF,FF,20,2D,FF,FF
70545,5272,0x18FEF100,1,8,3F,00,00,FF,FF,FF,FF,FF
70546,5273,0x18FEF200,1,8,1C,00,00,00,00,00,00,FF
70551,5274,0xCF00400,1,8,FF,FF,FF,44,4D,FF,FF,FF
70552,5275,0xCFF6600,1,8,A8,09,FF,FF,FF,FF,FF,FF
70571,5276,0xCF00400,1,8,FF,FF,FF,28,4D,FF,FF,FF
70572,5277,0xCFF6600,1,8,A5,09,FF,FF,FF,FF,FF,FF
70591,5278,0xCF00400,1,8,FF,FF,FF,18,4D,FF,FF,FF
70592,5279,0xCFF6600,1,8,A3,09,FF,FF,FF,FF,FF,FF
70613,5280,0xCF00400,1,8,FF,FF,FF,18,4D,FF,FF,FF
70614,5281,0xCFF6600,1,8,A3,09,FF,FF,FF,FF,FF,FF
70631,5282,0xCF00400,1,8,FF,FF,FF,18,4D,FF,FF,FF
70632,5283,0xCFF6600,1,8,A3,09,FF,FF,FF,FF,FF,FF
70642,5284,0x18FEF100,1,8,3F,00,00,FF,FF,FF,FF,FF
70664,5285,0xCF00400,1,8,FF,FF,FF,F6,4C,FF,FF,FF
70665,5286,0xCFF6600,1,8,9E,09,FF,FF,FF,FF,FF,FF
70666,5287,0x10FF6500,1,8,FC,FF,FF,FF,FF,FF,FF,FF
70666,5288,0x18F00500,1,8,FF,FF,FF,FF,20,2D,FF,FF
70667,5289,0x18FEF200,1,8,1C,00,00,00,00,00,00,FF
70671,5290,0xCF00400,1,8,FF,FF,FF,AC,4C,FF,FF,FF
70672,5291,0xCFF6600,1,8,95,09,FF,FF,FF,FF,FF,FF
70691,5292,0xCF00400,1,8,FF,FF,FF,9E,4C,FF,FF,FF
70692,5293,0xCFF6600,1,8,93,09,FF,FF,FF,FF,FF,FF
70729,5294,0xCF00400,1,8,FF,FF,FF,C8,4C,FF,FF,FF
70729,5295,0xCFF6600,1,8,99,09,FF,FF,FF,FF,FF,FF
70730,5296,0x18EEFF00,1,8,08,CF,60,06,00,00,00,00
70731,5297,0xCF00400,1,8,FF,FF,FF,C8,4C,FF,FF,FF
70732,5298,0xCFF6600,1,8,99,09,FF,FF,FF,FF,FF,FF
70742,5299,0x18FEF100,1,8,3F,00,00,FF,FF,FF,FF,FF
70743,5300,0x18F00500,1,8,FF,FF,FF,FF,20,2D,FF,FF
70743,5301,0x18F00600,1,8,FF,FF,FF,FF,FF,FF,FF,FF
70744,5302,0x18FEF200,1,8,1C,00,00,00,00,00,00,FF
70745,5303,0x1CFDDF00,1,8,FE,FF,FF,FF,FF,FF,FF,FF
70745,5304,0x1CFF6A00,1,8,FC,FF,FF,FF,FF,FF,FF,FF
70753,5305,0xCF00400,1,8,FF,FF,FF,C0,4C,FF,FF,FF
70754,5306,0xCFF6600,1,8,98,09,FF,FF,FF,FF,FF,FF
70771,5307,0xCF00400,1,8,FF,FF,FF,8A,4C,FF,FF,FF
70772,5308,0xCFF6600,1,8,91,09,FF,FF,FF,FF,FF,FF
70811,5309,0xCF00400,1,8,FF,FF,FF,52,4C,FF,FF,FF
70811,5310,0xCFF6600,1,8,8A,09,FF,FF,FF,FF,FF,FF
70812,5311,0x18EEFF00,1,8,08,CF,60,06,00,00,00,00
70832,5312,0xCF00400,1,8,FF,FF,FF,72,4B,FF,FF,FF
70832,5313,0xCFF6600,1,8,6E,09,FF,FF,FF,FF,FF,FF
70842,5314,0x18FEF100,1,8,3F,00,00,FF,FF,FF,FF,FF
70842,5315,0x10FF6500,1,8,FC,FF,FF,FF,FF,FF,FF,FF
70844,5316,0x18F00500,1,8,FF,FF,FF,FF,20,2D,FF,FF
70845,5317,0x18FEF200,1,8,1C,00,00,00,00,00,00,FF
70854,5318,0xCF00400,1,8,FF,FF,FF,72,4B,FF,FF,FF
70854,5319,0xCFF6600,1,8,6E,09,FF,FF,FF,FF,FF,FF
70872,5320,0xCF00400,1,8,FF,FF,FF,6E,4A,FF,FF,FF
70872,5321,0xCFF6600,1,8,4D,09,FF,FF,FF,FF,FF,FF
70892,5322,0xCF00400,1,8,FF,FF,FF,E2,49,FF,FF,FF
70892,5323,0xCFF6600,1,8,3C,09,FF,FF,FF,FF,FF,FF
70902,5324,0x18FDE500,1,8,0A,14,1E,28,32,3C,46,13
70902,5325,0x18FEEE00,1,8,5E,FF,FF,FF,FF,FF,FF,FF
70911,5326,0xCF00400,1,8,FF,FF,FF,C4,49,FF,FF,FF
70912,5327,0xCFF6600,1,8,38,09,FF,FF,FF,FF,FF,FF
70921,5328,0x1CECFF00,1,8,20,0A,00,02,FF,CA,FE,00
70950,5329,0xCF00400,1,8,FF,FF,FF,C4,49,FF,FF,FF
70951,5330,0xCFF6600,1,8,38,09,FF,FF,FF,FF,FF,FF
70952,5331,0xCF00400,1,8,FF,FF,FF,6E,49,FF,FF,FF
70952,5332,0x18F00500,1,8,FF,FF,FF,FF,20,2D,FF,FF
70953,5333,0x18FEF100,1,8,3F,00,00,FF,FF,FF,FF,FF
70954,5334,0x18FEF200,1,8,1C,00,00,00,00,00,00,FF
70972,5335,0xCF00400,1,8,FF,FF,FF,E2,48,FF,FF,FF
70975,5336,0xCFF6600,1,8,1C,09,FF,FF,FF,FF,FF,FF
70975,5337,0x1CEBFF00,1,8,01,40,FF,0F,F0,E5,01,02
70991,5338,0xCF00400,1,8,FF,FF,FF,16,49,FF,FF,FF
70992,5339,0xCFF6600,1,8,22,09,FF,FF,FF,FF,FF,FF
71012,5340,0xCF00400,1,8,FF,FF,FF,F0,49,FF,FF,FF
71012,5341,0xCFF6600,1,8,3E,09,FF,FF,FF,FF,FF,FF
71021,5342,0x1CEBFF00,1,8,02,F0,E3,01,FF,FF,FF,FF
71031,5343,0xCF00400,1,8,FF,FF,FF,F0,49,FF,FF,FF
71032,5344,0xCFF6600,1,8,3E,09,FF,FF,FF,FF,FF,FF
71042,5345,0x18FEF100,1,8,3F,00,00,FF,FF,FF,FF,FF
71043,5346,0x10FF6500,1,8,FC,FF,FF,FF,FF,FF,FF,FF
71043,5347,0x18F00500,1,8,FF,FF,FF,FF,20,2D,FF,FF
71044,5348,0x18FEF200,1,8,1C,00,00,00,00,00,00,FF
71051,5349,0xCF00400,1,8,FF,FF,FF,3C,4A,FF,FF,FF
71052,5350,0xCFF6600,1,8,47,09,FF,FF,FF,FF,FF,FF
71072,5351,0xCF00400,1,8,FF,FF,FF,1A,4A,FF,FF,FF
71073,5352,0xCFF6600,1,8,43,09,FF,FF,FF,FF,FF,FF
71092,5353,0xCF00400,1,8,FF,FF,FF,9A,49,FF,FF,FF
71092,5354,0xCFF6600,1,8,33,09,FF,FF,FF,FF,FF,FF
71111,5355,0xCF00400,1,8,FF,FF,FF,9A,49,FF,FF,FF
71112,5356,0xCFF6600,1,8,33,09,FF,FF,FF,FF,FF,FF
71131,5357,0xCF00400,1,8,FF,FF,FF,BE,48,FF,FF,FF
71132,5358,0xCFF6600,1,8,17,09,FF,FF,FF,FF,FF,FF
71144,5359,0x18F00500,1,8,FF,FF,FF,FF,20,2D,FF,FF
71145,5360,0x18FEF100,1,8,3F,00,00,FF,FF,FF,FF,FF
71146,5361,0x18FEF200,1,8,1C,00,00,00,00,00,00,FF
71152,5362,0xCF00400,1,8,FF,FF,FF,48,48,FF,FF,FF
71153,5363,0xCFF6600,1,8,09,09,FF,FF,FF,FF,FF,FF
71171,5364,0xCF00400,1,8,FF,FF,FF,3E,48,FF,FF,FF
71172,5365,0xCFF6600,1,8,07,09,FF,FF,FF,FF,FF,FF
71208,5366,0xCF00400,1,8,FF,FF,FF,C2,47,FF,FF,FF
71209,5367,0xCFF6600,1,8,F8,08,FF,FF,FF,FF,FF,FF
71210,5368,0x18EEFF00,1,8,08,CF,60,06,00,00,00,00
71211,5369,0xCF00400,1,8,FF,FF,FF,C2,47,FF,FF,FF
71212,5370,0xCFF6600,1,8,F8,08,FF,FF,FF,FF,FF,FF
71231,5371,0xCF00400,1,8,FF,FF,FF,D8,46,FF,FF,FF
71232,5372,0xCFF6600,1,8,DB,08,FF,FF,FF,FF,FF,FF
71242,5373,0x18FEF100,1,8,3F,00,00,FF,FF,FF,FF,FF
71242,5374,0x18F00500,1,8,FF,FF,FF,FF,20,2D,FF,FF
71243,5375,0x10FF6500,1,8,FC,FF,FF,FF,FF,FF,FF,FF
71244,5376,0x18F00600,1,8,FF,FF,FF,FF,FF,FF,FF,FF
71244,5377,0x18FEF200,1,8,1C,00,00,00,00,00,00,FF
71245,5378,0x1CFDDF00,1,8,FE,FF,FF,FF,FF,FF,FF,FF
71245,5379,0x1CFF6A00,1,8,FC,FF,FF,FF,FF,FF,FF,FF
71251,5380,0xCF00400,1,8,FF,FF,FF,26,47,FF,FF,FF
71252,5381,0xCFF6600,1,8,E4,08,FF,FF,FF,FF,FF,FF
71271,5382,0xCF00400,1,8,FF,FF,FF,80,48,FF,FF,FF
71272,5383,0xCFF6600,1,8,10,09,FF,FF,FF,FF,FF,FF
71291,5384,0xCF00400,1,8,FF,FF,FF,80,48,FF,FF,FF
71292,5385,0xCFF6600,1,8,10,09,FF,FF,FF,FF,FF,FF
71311,5386,0xCF00400,1,8,FF,FF,FF,0E,49,FF,FF,FF
71312,5387,0xCFF6600,1,8,21,09,FF,FF,FF,FF,FF,FF
71332,5388,0xCF00400,1,8,FF,FF,FF,F6,48,FF,FF,FF
71333,5389,0xCFF6600,1,8,1E,09,FF,FF,FF,FF,FF,FF
71342,5390,0x18F00500,1,8,FF,FF,FF,FF,20,2D,FF,FF
71343,5391,0x18FEF100,1,8,3F,00,00,FF,FF,FF,FF,FF
71343,5392,0x18FEF200,1,8,1C,00,00,00,00,00,00,FF
71351,5393,0xCF00400,1,8,FF,FF,FF,3E,49,FF,FF,FF
71352,5394,0xCFF6600,1,8,27,09,FF,FF,FF,FF,FF,FF
71372,5395,0xCF00400,1,8,FF,FF,FF,DE,49,FF,FF,FF
71394,5396,0xCF00400,1,8,FF,FF,FF,DE,49,FF,FF,FF
71394,5397,0xCFF6600,1,8,3B,09,FF,FF,FF,FF,FF,FF
71411,5398,0xCF00400,1,8,FF,FF,FF,14,4A,FF,FF,FF
71412,5399,0xCFF6600,1,8,42,09,FF,FF,FF,FF,FF,FF
71431,5400,0xCF00400,1,8,FF,FF,FF,F4,49,FF,FF,FF
71432,5401,0xCFF6600,1,8,3E,09,FF,FF,FF,FF,FF,FF
71442,5402,0x18F00500,1,8,FF,FF,FF,FF,20,2D,FF,FF
71443,5403,0x10FF6500,1,8,FC,FF,FF,FF,FF,FF,FF,FF
71443,5404,0x18FEF100,1,8,3F,00,00,FF,FF,FF,FF,FF
71444,5405,0x18FEF200,1,8,1C,00,00,00,00,00,00,FF
71470,5406,0xCF00400,1,8,FF,FF,FF,5A,4A,FF,FF,FF
71471,5407,0xCFF6600,1,8,4B,09,FF,FF,FF,FF,FF,FF
71471,5408,0x18EEFF00,1,8,08,CF,60,06,00,00,00,00
71472,5409,0xCF00400,1,8,FF,FF,FF,32,4B,FF,FF,FF
71473,5410,0xCFF6600,1,8,66,09,FF,FF,FF,FF,FF,FF
71491,5411,0xCF00400,1,8,FF,FF,FF,32,4B,FF,FF,FF
71492,5412,0xCFF6600,1,8,66,09,FF,FF,FF,FF,FF,FF
71511,5413,0xCF00400,1,8,FF,FF,FF,A2,4B,FF,FF,FF
71512,5414,0xCFF6600,1,8,74,09,FF,FF,FF,FF,FF,FF
71531,5415,0xCF00400,1,8,FF,FF,FF,C0,4B,FF,FF,FF
71532,5416,0xCFF6600,1,8,78,09,FF,FF,FF,FF,FF,FF
71543,5417,0x18F00500,1,8,FF,FF,FF,FF,20,2D,FF,FF
71543,5418,0x18FEF100,1,8,3F,00,00,FF,FF,FF,FF,FF
71544,5419,0x18FEF200,1,8,1C,00,00,00,00,00,00,FF
71551,5420,0xCF00400,1,8,FF,FF,FF,C6,4B,FF,FF,FF
71552,5421,0xCFF6600,1,8,78,09,FF,FF,FF,FF,FF,FF
71572,5422,0xCF00400,1,8,FF,FF,FF,B4,4B,FF,FF,FF
71572,5423,0xCFF6600,1,8,76,09,FF,FF,FF,FF,FF,FF
71592,5424,0xCF00400,1,8,FF,FF,FF,B4,4B,FF,FF,FF
71592,5425,0xCFF6600,1,8,76,09,FF,FF,FF,FF,FF,FF
71612,5426,0xCF00400,1,8,FF,FF,FF,70,4B,FF,FF,FF
71612,5427,0xCFF6600,1,8,6E,09,FF,FF,FF,FF,FF,FF
71632,5428,0xCF00400,1,8,FF,FF,FF,F6,4A,FF,FF,FF
71652,5429,0xCF00400,1,8,FF,FF,FF,E4,4A,FF,FF,FF
71653,5430,0xCFF6600,1,8,5E,09,FF,FF,FF,FF,FF,FF
71654,5431,0x10FF6500,1,8,FC,FF,FF,FF,FF,FF,FF,FF
71654,5432,0x18F00500,1,8,FF,FF,FF,FF,20,2D,FF,FF
71655,5433,0x18FEF100,1,8,3F,00,00,FF,FF,FF,FF,FF
71656,5434,0x18FEF200,1,8,1C,00,00,00,00,00,00,FF
71672,5435,0xCF00400,1,8,FF,FF,FF,3A,4B,FF,FF,FF
71673,5436,0xCFF6600,1,8,67,09,FF,FF,FF,FF,FF,FF
71691,5437,0xCF00400,1,8,FF,FF,FF,3A,4B,FF,FF,FF
71692,5438,0xCFF6600,1,8,67,09,FF,FF,FF,FF,FF,FF
71711,5439,0xCF00400,1,8,FF,FF,FF,06,4B,FF,FF,FF
71712,5440,0xCFF6600,1,8,60,09,FF,FF,FF,FF,FF,FF
71731,5441,0xCF00400,1,8,FF,FF,FF,58,4A,FF,FF,FF
71732,5442,0xCFF6600,1,8,4B,09,FF,FF,FF,FF,FF,FF
71742,5443,0x18FEF100,1,8,3F,00,00,FF,FF,FF,FF,FF
71743,5444,0x18F00500,1,8,FF,FF,FF,FF,20,2D,FF,FF
71744,5445,0x18F00600,1,8,FF,FF,FF,FF,FF,FF,FF,FF
71745,5446,0x18FEF200,1,8,1C,00,00,00,00,00,00,FF
71745,5447,0x1CFDDF00,1,8,FE,FF,FF,FF,FF,FF,FF,FF
71746,5448,0x1CFF6A00,1,8,FC,FF,FF,FF,FF,FF,FF,FF
71751,5449,0xCF00400,1,8,FF,FF,FF,02,4A,FF,FF,FF
71752,5450,0xCFF6600,1,8,40,09,FF,FF,FF,FF,FF,FF
71772,5451,0xCF00400,1,8,FF,FF,FF,FC,49,FF,FF,FF
71772,5452,0xCFF6600,1,8,3F,09,FF,FF,FF,FF,FF,FF
71792,5453,0xCF00400,1,8,FF,FF,FF,FC,49,FF,FF,FF
71792,5454,0xCFF6600,1,8,3F,09,FF,FF,FF,FF,FF,FF
71812,5455,0xCF00400,1,8,FF,FF,FF,16,4A,FF,FF,FF
71812,5456,0xCFF6600,1,8,42,09,FF,FF,FF,FF,FF,FF
71832,5457,0xCF00400,1,8,FF,FF,FF,4A,4A,FF,FF,FF
71832,5458,0xCFF6600,1,8,49,09,FF,FF,FF,FF,FF,FF
71842,5459,0x10FF6500,1,8,FC,FF,FF,FF,FF,FF,FF,FF
71843,5460,0x18F00500,1,8,FF,FF,FF,FF,20,2D,FF,FF
71844,5461,0x18FEF100,1,8,3F,00,00,FF,FF,FF,FF,FF
71844,5462,0x18FEF200,1,8,1C,00,00,00,00,00,00,FF
71854,5463,0xCF00400,1,8,FF,FF,FF,72,4A,FF,FF,FF
71854,5464,0xCFF6600,1,8,4E,09,FF,FF,FF,FF,FF,FF
71872,5465,0xCF00400,1,8,FF,FF,FF,72,4A,FF,FF,FF
71872,5466,0xCFF6600,1,8,4E,09,FF,FF,FF,FF,FF,FF
71892,5467,0xCF00400,1,8,FF,FF,FF,88,4A,FF,FF,FF
71892,5468,0xCFF6600,1,8,51,09,FF,FF,FF,FF,FF,FF
71902,5469,0x18FDE500,1,8,0A,14,1E,28,32,3C,46,13
71902,5470,0x18FEEE00,1,8,5E,FF,FF,FF,FF,FF,FF,FF
71914,5471,0xCF00400,1,8,FF,FF,FF,6C,4A,FF,FF,FF
71914,5472,0xCFF6600,1,8,4D,09,FF,FF,FF,FF,FF,FF
71921,5473,0x1CECFF00,1,8,20,0A,00,02,FF,CA,FE,00
71931,5474,0xCF00400,1,8,FF,FF,FF,22,4A,FF,FF,FF
71933,5475,0xCFF6600,1,8,44,09,FF,FF,FF,FF,FF,FF
71942,5476,0x18FEF100,1,8,3F,00,00,FF,FF,FF,FF,FF
71943,5477,0x18F00500,1,8,FF,FF,FF,FF,20,2D,FF,FF
71943,5478,0x18FEF200,1,8,1B,00,00,00,00,00,00,FF
71952,5479,0xCF00400,1,8,FF,FF,FF,78,4A,FF,FF,FF
71953,5480,0xCFF6600,1,8,4F,09,FF,FF,FF,FF,FF,FF
71972,5481,0xCF00400,1,8,FF,FF,FF,78,4A,FF,FF,FF
71972,5482,0xCFF6600,1,8,4F,09,FF,FF,FF,FF,FF,FF
71973,5483,0x1CEBFF00,1,8,01,40,FF,0F,F0,E5,01,02
71991,5484,0xCF00400,1,8,FF,FF,FF,4C,4B,FF,FF,FF
71992,5485,0xCFF6600,1,8,69,09,FF,FF,FF,FF,FF,FF
72011,5486,0xCF00400,1,8,FF,FF,FF,70,4B,FF,FF,FF
72012,5487,0xCFF6600,1,8,6E,09,FF,FF,FF,FF,FF,FF
72021,5488,0x1CEBFF00,1,8,02,F0,E3,01,FF,FF,FF,FF
72051,5489,0xCF00400,1,8,FF,FF,FF,FE,4A,FF,FF,FF
72052,5490,0xCFF6600,1,8,5F,09,FF,FF,FF,FF,FF,FF
72053,5491,0x10FF6500,1,8,FC,FF,FF,FF,FF,FF,FF,FF
72053,5492,0x18F00500,1,8,FF,FF,FF,FF,20,2D,FF,FF
72054,5493,0x18FEF100,1,8,3F,00,00,FF,FF,FF,FF,FF
72055,5494,0x18FEF200,1,8,1B,00,00,00,00,00,00,FF
72071,5495,0xCF00400,1,8,FF,FF,FF,90,4A,FF,FF,FF
72072,5496,0xCFF6600,1,8,52,09,FF,FF,FF,FF,FF,FF
72091,5497,0xCF00400,1,8,FF,FF,FF,26,4A,FF,FF,FF
72092,5498,0xCFF6600,1,8,44,09,FF,FF,FF,FF,FF,FF
72112,5499,0xCF00400,1,8,FF,FF,FF,16,4A,FF,FF,FF
72113,5500,0xCFF6600,1,8,42,09,FF,FF,FF,FF,FF,FF
72148,5501,0xCF00400,1,8,FF,FF,FF,52,4A,FF,FF,FF
72149,5502,0xCFF6600,1,8,4A,09,FF,FF,FF,FF,FF,FF
72150,5503,0x18EEFF00,1,8,08,CF,60,06,00,00,00,00
72156,5504,0xCF00400,1,8,FF,FF,FF,5E,4A,FF,FF,FF
72157,5505,0xCFF6600,1,8,4B,09,FF,FF,FF,FF,FF,FF
72171,5506,0xCF00400,1,8,FF,FF,FF,5E,4A,FF,FF,FF
72172,5507,0xCFF6600,1,8,4B,09,FF,FF,FF,FF,FF,FF
72192,5508,0xCF00400,1,8,FF,FF,FF,44,4A,FF,FF,FF
72192,5509,0xCFF6600,1,8,48,09,FF,FF,FF,FF,FF,FF
72212,5510,0xCF00400,1,8,FF,FF,FF,74,4A,FF,FF,FF
72212,5511,0xCFF6600,1,8,4E,09,FF,FF,FF,FF,FF,FF
72249,5512,0xCF00400,1,8,FF,FF,FF,E8,4A,FF,FF,FF
72250,5513,0xCFF6600,1,8,5D,09,FF,FF,FF,FF,FF,FF
72251,5514,0x18EEFF00,1,8,08,CF,60,06,00,00,00,00
72251,5515,0xCF00400,1,8,FF,FF,FF,00,4B,FF,FF,FF
72252,5516,0xCFF6600,1,8,60,09,FF,FF,FF,FF,FF,FF
72271,5517,0xCF00400,1,8,FF,FF,FF,00,4B,FF,FF,FF
72272,5518,0xCFF6600,1,8,60,09,FF,FF,FF,FF,FF,FF
72291,5519,0xCF00400,1,8,FF,FF,FF,C8,4A,FF,FF,FF
72292,5520,0xCFF6600,1,8,59,09,FF,FF,FF,FF,FF,FF
72311,5521,0xCF00400,1,8,FF,FF,FF,AA,4A,FF,FF,FF
72312,5522,0xCFF6600,1,8,55,09,FF,FF,FF,FF,FF,FF
72331,5523,0xCF00400,1,8,FF,FF,FF,9C,4A,FF,FF,FF
72332,5524,0xCFF6600,1,8,53,09,FF,FF,FF,FF,FF,FF
72342,5525,0x18FEF100,1,8,3F,00,00,FF,FF,FF,FF,FF
72343,5526,0x18F00500,1,8,FF,FF,FF,FF,20,2D,FF,FF
72343,5527,0x18FEF200,1,8,1B,00,00,00,00,00,00,FF
72351,5528,0xCF00400,1,8,FF,FF,FF,BE,4A,FF,FF,FF
72352,5529,0xCFF6600,1,8,57,09,FF,FF,FF,FF,FF,FF
72371,5530,0xCF00400,1,8,FF,FF,FF,BE,4A,FF,FF,FF
72372,5531,0xCFF6600,1,8,57,09,FF,FF,FF,FF,FF,FF
72391,5532,0xCF00400,1,8,FF,FF,FF,00,4B,FF,FF,FF
72392,5533,0xCFF6600,1,8,60,09,FF,FF,FF,FF,FF,FF
72411,5534,0xCF00400,1,8,FF,FF,FF,0A,4B,FF,FF,FF
72433,5535,0xCF00400,1,8,FF,FF,FF,F0,4A,FF,FF,FF
72433,5536,0xCFF6600,1,8,61,09,FF,FF,FF,FF,FF,FF
72442,5537,0x10FF6500,1,8,FC,FF,FF,FF,FF,FF,FF,FF
72449,5538,0x18F00500,1,8,FF,FF,FF,FF,20,2D,FF,FF
72449,5539,0x18F00600,1,8,FF,FF,FF,FF,FF,FF,FF,FF
72450,5540,0x18FEF100,1,8,3F,00,00,FF,FF,FF,FF,FF
72451,5541,0x18FEF200,1,8,1B,00,00,00,00,00,00,FF
72451,5542,0x1CFDDF00,1,8,FE,FF,FF,FF,FF,FF,FF,FF
72452,5543,0xCF00400,1,8,FF,FF,FF,54,4B,FF,FF,FF
72452,5544,0xCFF6600,1,8,6A,09,FF,FF,FF,FF,FF,FF
72453,5545,0x1CFF6A00,1,8,FC,FF,FF,FF,FF,FF,FF,FF
72472,5546,0xCF00400,1,8,FF,FF,FF,54,4B,FF,FF,FF
72472,5547,0xCFF6600,1,8,6A,09,FF,FF,FF,FF,FF,FF
72491,5548,0xCF00400,1,8,FF,FF,FF,1C,4C,FF,FF,FF
72492,5549,0xCFF6600,1,8,83,09,FF,FF,FF,FF,FF,FF
72511,5550,0xCF00400,1,8,FF,FF,FF,32,4C,FF,FF,FF
72512,5551,0xCFF6600,1,8,86,09,FF,FF,FF,FF,FF,FF
72531,5552,0xCF00400,1,8,FF,FF,FF,B6,4B,FF,FF,FF
72532,5553,0xCFF6600,1,8,76,09,FF,FF,FF,FF,FF,FF
72542,5554,0x18F00500,1,8,FF,FF,FF,FF,20,2D,FF,FF
72543,5555,0x18FEF100,1,8,3F,00,00,FF,FF,FF,FF,FF
72544,5556,0x18FEF200,1,8,1B,00,00,00,00,00,00,FF
72578,5557,0xCF00400,1,8,FF,FF,FF,BE,4B,FF,FF,FF
72579,5558,0xCFF6600,1,8,77,09,FF,FF,FF,FF,FF,FF
72579,5559,0x18EEFF00,1,8,08,CF,60,06,00,00,00,00
72591,5560,0xCF00400,1,8,FF,FF,FF,34,4C,FF,FF,FF
72592,5561,0xCFF6600,1,8,86,09,FF,FF,FF,FF,FF,FF
72611,5562,0xCF00400,1,8,FF,FF,FF,40,4C,FF,FF,FF
72612,5563,0xCFF6600,1,8,88,09,FF,FF,FF,FF,FF,FF
72631,5564,0xCF00400,1,8,FF,FF,FF,F4,4B,FF,FF,FF
72632,5565,0xCFF6600,1,8,7E,09,FF,FF,FF,FF,FF,FF
72642,5566,0x18FEF100,1,8,3F,00,00,FF,FF,FF,FF,FF
72642,5567,0x10FF6500,1,8,FC,FF,FF,FF,FF,FF,FF,FF
72643,5568,0x18F00500,1,8,FF,FF,FF,FF,20,2D,FF,FF
72644,5569,0x18FEF200,1,8,1B,00,00,00,00,00,00,FF
72651,5570,0xCF00400,1,8,FF,FF,FF,96,4B,FF,FF,FF
72655,5571,0xCFF6600,1,8,72,09,FF,FF,FF,FF,FF,FF
72672,5572,0xCF00400,1,8,FF,FF,FF,96,4B,FF,FF,FF
72672,5573,0xCFF6600,1,8,72,09,FF,FF,FF,FF,FF,FF
72692,5574,0xCF00400,1,8,FF,FF,FF,22,4B,FF,FF,FF
72692,5575,0xCFF6600,1,8,64,09,FF,FF,FF,FF,FF,FF
72712,5576,0xCF00400,1,8,FF,FF,FF,F6,4A,FF,FF,FF
72712,5577,0xCFF6600,1,8,5E,09,FF,FF,FF,FF,FF,FF
72732,5578,0xCF00400,1,8,FF,FF,FF,0A,4B,FF,FF,FF
72732,5579,0xCFF6600,1,8,61,09,FF,FF,FF,FF,FF,FF
72744,5580,0x18F00500,1,8,FF,FF,FF,FF,20,2D,FF,FF
72745,5581,0x18FEF100,1,8,3F,00,00,FF,FF,FF,FF,FF
72746,5582,0x18FEF200,1,8,1B,00,00,00,00,00,00,FF
72751,5583,0xCF00400,1,8,FF,FF,FF,B6,4A,FF,FF,FF
72752,5584,0xCFF6600,1,8,56,09,FF,FF,FF,FF,FF,FF
72771,5585,0xCF00400,1,8,FF,FF,FF,B6,4A,FF,FF,FF
72772,5586,0xCFF6600,1,8,56,09,FF,FF,FF,FF,FF,FF
72791,5587,0xCF00400,1,8,FF,FF,FF,02,4A,FF,FF,FF
72792,5588,0xCFF6600,1,8,40,09,FF,FF,FF,FF,FF,FF
72816,5589,0xCF00400,1,8,FF,FF,FF,4E,4A,FF,FF,FF
72816,5590,0xCFF6600,1,8,49,09,FF,FF,FF,FF,FF,FF
72832,5591,0xCF00400,1,8,FF,FF,FF,74,4B,FF,FF,FF
72832,5592,0xCFF6600,1,8,6E,09,FF,FF,FF,FF,FF,FF
72842,5593,0x10FF6500,1,8,FC,FF,FF,FF,FF,FF,FF,FF
72844,5594,0x18F00500,1,8,FF,FF,FF,FF,20,2D,FF,FF
72844,5595,0x18FEF100,1,8,3F,00,00,FF,FF,FF,FF,FF
72845,5596,0x18FEF200,1,8,1B,00,00,00,00,00,00,FF
72851,5597,0xCF00400,1,8,FF,FF,FF,04,4C,FF,FF,FF
72852,5598,0xCFF6600,1,8,80,09,FF,FF,FF,FF,FF,FF
72873,5599,0xCF00400,1,8,FF,FF,FF,28,4C,FF,FF,FF
72873,5600,0xCFF6600,1,8,85,09,FF,FF,FF,FF,FF,FF
72891,5601,0xCF00400,1,8,FF,FF,FF,28,4C,FF,FF,FF
72892,5602,0xCFF6600,1,8,85,09,FF,FF,FF,FF,FF,FF
72901,5603,0x18FDE500,1,8,0A,14,1E,28,32,3C,46,13
72902,5604,0x18FEEE00,1,8,5E,FF,FF,FF,FF,FF,FF,FF
72911,5605,0xCF00400,1,8,FF,FF,FF,24,4C,FF,FF,FF
72912,5606,0xCFF6600,1,8,84,09,FF,FF,FF,FF,FF,FF
72923,5607,0x1CECFF00,1,8,20,0A,00,02,FF,CA,FE,00
72932,5608,0xCF00400,1,8,FF,FF,FF,F4,4B,FF,FF,FF
72932,5609,0xCFF6600,1,8,7E,09,FF,FF,FF,FF,FF,FF
72942,5610,0x18F00500,1,8,FF,FF,FF,FF,20,2D,FF,FF
72944,5611,0x18F00600,1,8,FF,FF,FF,FF,FF,FF,FF,FF
72945,5612,0x18FEF100,1,8,3F,00,00,FF,FF,FF,FF,FF
72945,5613,0x18FEF200,1,8,1B,00,00,00,00,00,00,FF
72946,5614,0x1CFDDF00,1,8,FE,FF,FF,FF,FF,FF,FF,FF
72947,5615,0x1CFF6A00,1,8,FC,FF,FF,FF,FF,FF,FF,FF
72951,5616,0xCF00400,1,8,FF,FF,FF,C0,4B,FF,FF,FF
72952,5617,0xCFF6600,1,8,78,09,FF,FF,FF,FF,FF,FF
72972,5618,0xCF00400,1,8,FF,FF,FF,8E,4B,FF,FF,FF
72972,5619,0xCFF6600,1,8,71,09,FF,FF,FF,FF,FF,FF
72973,5620,0x1CEBFF00,1,8,01,40,FF,0F,F0,E5,01,02
72991,5621,0xCF00400,1,8,FF,FF,FF,8E,4B,FF,FF,FF
72992,5622,0xCFF6600,1,8,71,09,FF,FF,FF,FF,FF,FF
73012,5623,0xCF00400,1,8,FF,FF,FF,B6,4B,FF,FF,FF
73012,5624,0xCFF6600,1,8,76,09,FF,FF,FF,FF,FF,FF
73022,5625,0x1CEBFF00,1,8,02,F0,E3,01,FF,FF,FF,FF
73031,5626,0xCF00400,1,8,FF,FF,FF,2E,4C,FF,FF,FF
73052,5627,0xCF00400,1,8,FF,FF,FF,3E,4C,FF,FF,FF
73053,5628,0xCFF6600,1,8,85,09,FF,FF,FF,FF,FF,FF
73053,5629,0x10FF6500,1,8,FC,FF,FF,FF,FF,FF,FF,FF
73054,5630,0x18F00500,1,8,FF,FF,FF,FF,20,2D,FF,FF
73055,5631,0x18FEF100,1,8,3F,00,00,FF,FF,FF,FF,FF
73055,5632,0x18FEF200,1,8,1B,00,00,00,00,00,00,FF
73072,5633,0xCF00400,1,8,FF,FF,FF,F8,4B,FF,FF,FF
73072,5634,0xCFF6600,1,8,7F,09,FF,FF,FF,FF,FF,FF
73092,5635,0xCF00400,1,8,FF,FF,FF,F8,4B,FF,FF,FF
73092,5636,0xCFF6600,1,8,7F,09,FF,FF,FF,FF,FF,FF
73112,5637,0xCF00400,1,8,FF,FF,FF,CA,4B,FF,FF,FF
73112,5638,0xCFF6600,1,8,79,09,FF,FF,FF,FF,FF,FF
73132,5639,0xCF00400,1,8,FF,FF,FF,B2,4B,FF,FF,FF
73132,5640,0xCFF6600,1,8,76,09,FF,FF,FF,FF,FF,FF
73142,5641,0x18F00500,1,8,FF,FF,FF,FF,20,2D,FF,FF
73143,5642,0x18FEF100,1,8,3F,00,00,FF,FF,FF,FF,FF
73144,5643,0x18FEF200,1,8,1B,00,00,00,00,00,00,FF
73152,5644,0xCF00400,1,8,FF,FF,FF,90,4B,FF,FF,FF
73152,5645,0xCFF6600,1,8,72,09,FF,FF,FF,FF,FF,FF
73172,5646,0xCF00400,1,8,FF,FF,FF,66,4B,FF,FF,FF
73172,5647,0xCFF6600,1,8,6C,09,FF,FF,FF,FF,FF,FF
73192,5648,0xCF00400,1,8,FF,FF,FF,66,4B,FF,FF,FF
73192,5649,0xCFF6600,1,8,6C,09,FF,FF,FF,FF,FF,FF
73212,5650,0xCF00400,1,8,FF,FF,FF,DE,4A,FF,FF,FF
73212,5651,0xCFF6600,1,8,5B,09,FF,FF,FF,FF,FF,FF
73233,5652,0xCF00400,1,8,FF,FF,FF,02,4A,FF,FF,FF
73233,5653,0xCFF6600,1,8,40,09,FF,FF,FF,FF,FF,FF
73242,5654,0x18FEF100,1,8,3F,00,00,FF,FF,FF,FF,FF
73243,5655,0x10FF6500,1,8,FC,FF,FF,FF,FF,FF,FF,FF
73243,5656,0x18F00500,1,8,FF,FF,FF,FF,20,2D,FF,FF
73244,5657,0x18FEF200,1,8,1B,00,00,00,00,00,00,FF
73251,5658,0xCF00400,1,8,FF,FF,FF,C8,49,FF,FF,FF
73252,5659,0xCFF6600,1,8,39,09,FF,FF,FF,FF,FF,FF
73271,5660,0xCF00400,1,8,FF,FF,FF,20,4A,FF,FF,FF
73272,5661,0xCFF6600,1,8,44,09,FF,FF,FF,FF,FF,FF
73292,5662,0xCF00400,1,8,FF,FF,FF,20,4A,FF,FF,FF
73292,5663,0xCFF6600,1,8,44,09,FF,FF,FF,FF,FF,FF
73314,5664,0xCF00400,1,8,FF,FF,FF,A6,4A,FF,FF,FF
73314,5665,0xCFF6600,1,8,54,09,FF,FF,FF,FF,FF,FF
73331,5666,0xCF00400,1,8,FF,FF,FF,4E,4B,FF,FF,FF
73332,5667,0xCFF6600,1,8,69,09,FF,FF,FF,FF,FF,FF
73342,5668,0x18FEF100,1,8,3F,00,00,FF,FF,FF,FF,FF
73343,5669,0x18F00500,1,8,FF,FF,FF,FF,20,2D,FF,FF
73343,5670,0x18FEF200,1,8,1B,00,00,00,00,00,00,FF
73351,5671,0xCF00400,1,8,FF,FF,FF,3E,4B,FF,FF,FF
73378,5672,0xCFF6600,1,8,67,09,FF,FF,FF,FF,FF,FF
73379,5673,0x18EEFF00,1,8,08,CF,60,06,00,00,00,00
73391,5674,0xCF00400,1,8,FF,FF,FF,8E,4A,FF,FF,FF
73392,5675,0xCFF6600,1,8,51,09,FF,FF,FF,FF,FF,FF
73411,5676,0xCF00400,1,8,FF,FF,FF,84,4A,FF,FF,FF
73412,5677,0xCFF6600,1,8,50,09,FF,FF,FF,FF,FF,FF
73431,5678,0xCF00400,1,8,FF,FF,FF,0C,4B,FF,FF,FF
73432,5679,0xCFF6600,1,8,61,09,FF,FF,FF,FF,FF,FF
73442,5680,0x18FEF100,1,8,3F,00,00,FF,FF,FF,FF,FF
73443,5681,0x10FF6500,1,8,FC,FF,FF,FF,FF,FF,FF,FF
73443,5682,0x18F00500,1,8,FF,FF,FF,FF,20,2D,FF,FF
73444,5683,0x18F00600,1,8,FF,FF,FF,FF,FF,FF,FF,FF
73445,5684,0x18FEF200,1,8,1B,00,00,00,00,00,00,FF
73445,5685,0x1CFDDF00,1,8,FE,FF,FF,FF,FF,FF,FF,FF
73446,5686,0x1CFF6A00,1,8,FC,FF,FF,FF,FF,FF,FF,FF
73451,5687,0xCF00400,1,8,FF,FF,FF,84,4B,FF,FF,FF
73452,5688,0xCFF6600,1,8,70,09,FF,FF,FF,FF,FF,FF
73471,5689,0xCF00400,1,8,FF,FF,FF,F0,4B,FF,FF,FF
73472,5690,0xCFF6600,1,8,7E,09,FF,FF,FF,FF,FF,FF
73491,5691,0xCF00400,1,8,FF,FF,FF,F0,4B,FF,FF,FF
73492,5692,0xCFF6600,1,8,7E,09,FF,FF,FF,FF,FF,FF
73513,5693,0xCF00400,1,8,FF,FF,FF,56,4C,FF,FF,FF
73513,5694,0xCFF6600,1,8,8A,09,FF,FF,FF,FF,FF,FF
73532,5695,0xCF00400,1,8,FF,FF,FF,B6,4C,FF,FF,FF
73533,5696,0xCFF6600,1,8,96,09,FF,FF,FF,FF,FF,FF
73543,5697,0x18FEF100,1,8,3F,00,00,FF,FF,FF,FF,FF
73543,5698,0x18F00500,1,8,FF,FF,FF,FF,20,2D,FF,FF
73544,5699,0x18FEF200,1,8,1B,00,00,00,00,00,00,FF
73551,5700,0xCF00400,1,8,FF,FF,FF,8E,4C,FF,FF,FF
73552,5701,0xCFF6600,1,8,91,09,FF,FF,FF,FF,FF,FF
73571,5702,0xCF00400,1,8,FF,FF,FF,EC,4B,FF,FF,FF
73576,5703,0xCFF6600,1,8,7D,09,FF,FF,FF,FF,FF,FF
73592,5704,0xCF00400,1,8,FF,FF,FF,EC,4B,FF,FF,FF
73593,5705,0xCFF6600,1,8,7D,09,FF,FF,FF,FF,FF,FF
73611,5706,0xCF00400,1,8,FF,FF,FF,F0,4B,FF,FF,FF
73612,5707,0xCFF6600,1,8,7E,09,FF,FF,FF,FF,FF,FF
73631,5708,0xCF00400,1,8,FF,FF,FF,84,4C,FF,FF,FF
73633,5709,0xCFF6600,1,8,90,09,FF,FF,FF,FF,FF,FF
73643,5710,0x10FF6500,1,8,FC,FF,FF,FF,FF,FF,FF,FF
73644,5711,0x18F00500,1,8,FF,FF,FF,FF,20,2D,FF,FF
73704,5712,0xCF00400,1,8,FF,FF,FF,40,4C,FF,FF,FF
73705,5713,0xCFF6600,1,8,88,09,FF,FF,FF,FF,FF,FF
73706,5714,0x18EEFF00,1,8,08,CF,60,06,00,00,00,00
73706,5715,0x18FEF100,1,8,3F,00,00,FF,FF,FF,FF,FF
73707,5716,0x18FEF200,1,8,1B,00,00,00,00,00,00,FF
73711,5717,0xCF00400,1,8,FF,FF,FF,BC,4A,FF,FF,FF
73712,5718,0xCFF6600,1,8,57,09,FF,FF,FF,FF,FF,FF
73731,5719,0xCF00400,1,8,FF,FF,FF,CA,4A,FF,FF,FF
73732,5720,0xCFF6600,1,8,59,09,FF,FF,FF,FF,FF,FF
73743,5721,0x18FEF100,1,8,3F,00,00,FF,FF,FF,FF,FF
73743,5722,0x18F00500,1,8,FF,FF,FF,FF,20,2D,FF,FF
73744,5723,0x18FEF200,1,8,1B,00,00,00,00,00,00,FF
73751,5724,0xCF00400,1,8,FF,FF,FF,C8,4A,FF,FF,FF
73752,5725,0xCFF6600,1,8,59,09,FF,FF,FF,FF,FF,FF
73771,5726,0xCF00400,1,8,FF,FF,FF,AE,4A,FF,FF,FF
73772,5727,0xCFF6600,1,8,55,09,FF,FF,FF,FF,FF,FF
73792,5728,0xCF00400,1,8,FF,FF,FF,BA,4A,FF,FF,FF
73792,5729,0xCFF6600,1,8,57,09,FF,FF,FF,FF,FF,FF
73812,5730,0xCF00400,1,8,FF,FF,FF,BA,4A,FF,FF,FF
73813,5731,0xCFF6600,1,8,57,09,FF,FF,FF,FF,FF,FF
73832,5732,0xCF00400,1,8,FF,FF,FF,EC,4A,FF,FF,FF
73833,5733,0xCFF6600,1,8,5D,09,FF,FF,FF,FF,FF,FF
73843,5734,0x10FF6500,1,8,FC,FF,FF,FF,FF,FF,FF,FF
73843,5735,0x18F00500,1,8,FF,FF,FF,FF,20,2D,FF,FF
73844,5736,0x18FEF100,1,8,3F,00,00,FF,FF,FF,FF,FF
73845,5737,0x18FEF200,1,8,1B,00,00,00,00,00,00,FF
73854,5738,0xCF00400,1,8,FF,FF,FF,9A,4A,FF,FF,FF
73855,5739,0xCFF6600,1,8,53,09,FF,FF,FF,FF,FF,FF
73871,5740,0xCF00400,1,8,FF,FF,FF,CA,49,FF,FF,FF
73872,5741,0xCFF6600,1,8,39,09,FF,FF,FF,FF,FF,FF
73891,5742,0xCF00400,1,8,FF,FF,FF,CA,49,FF,FF,FF
73892,5743,0xCFF6600,1,8,39,09,FF,FF,FF,FF,FF,FF
73901,5744,0x18FDE500,1,8,0A,14,1E,28,32,3C,46,13
73902,5745,0x18FEEE00,1,8,5E,FF,FF,FF,FF,FF,FF,FF
73912,5746,0xCF00400,1,8,FF,FF,FF,66,49,FF,FF,FF
73912,5747,0xCFF6600,1,8,2C,09,FF,FF,FF,FF,FF,FF
73923,5748,0x1CECFF00,1,8,20,0A,00,02,FF,CA,FE,00
73932,5749,0xCF00400,1,8,FF,FF,FF,6A,49,FF,FF,FF
73933,5750,0xCFF6600,1,8,2D,09,FF,FF,FF,FF,FF,FF
73943,5751,0x18F00500,1,8,FF,FF,FF,FF,20,2D,FF,FF
73944,5752,0x18F00600,1,8,FF,FF,FF,FF,FF,FF,FF,FF
73945,5753,0x18FEF100,1,8,3F,00,00,FF,FF,FF,FF,FF
73945,5754,0x18FEF200,1,8,1B,00,00,00,00,00,00,FF
73967,5755,0xCF00400,1,8,FF,FF,FF,C4,49,FF,FF,FF
73968,5756,0xCFF6600,1,8,38,09,FF,FF,FF,FF,FF,FF
73968,5757,0x1CFDDF00,1,8,FE,FF,FF,FF,FF,FF,FF,FF
73969,5758,0x1CFF6A00,1,8,FC,FF,FF,FF,FF,FF,FF,FF
73971,5759,0xCF00400,1,8,FF,FF,FF,66,4A,FF,FF,FF
73972,5760,0xCFF6600,1,8,4C,09,FF,FF,FF,FF,FF,FF
73972,5761,0x1CEBFF00,1,8,01,40,FF,0F,F0,E5,01,02
73991,5762,0xCF00400,1,8,FF,FF,FF,66,4A,FF,FF,FF
73992,5763,0xCFF6600,1,8,4C,09,FF,FF,FF,FF,FF,FF
74011,5764,0xCF00400,1,8,FF,FF,FF,DC,4A,FF,FF,FF
74012,5765,0xCFF6600,1,8,5B,09,FF,FF,FF,FF,FF,FF
74021,5766,0x1CEBFF00,1,8,02,F0,E3,01,FF,FF,FF,FF
74032,5767,0xCF00400,1,8,FF,FF,FF,2A,4B,FF,FF,FF
74033,5768,0xCFF6600,1,8,65,09,FF,FF,FF,FF,FF,FF
74042,5769,0x10FF6500,1,8,FC,FF,FF,FF,FF,FF,FF,FF
74043,5770,0x18F00500,1,8,FF,FF,FF,FF,20,2D,FF,FF
74044,5771,0x18FEF100,1,8,3F,00,00,FF,FF,FF,FF,FF
74044,5772,0x18FEF200,1,8,1B,00,00,00,00,00,00,FF
74051,5773,0xCF00400,1,8,FF,FF,FF,60,4B,FF,FF,FF
74052,5774,0xCFF6600,1,8,6C,09,FF,FF,FF,FF,FF,FF
74072,5775,0xCF00400,1,8,FF,FF,FF,8C,4B,FF,FF,FF
74072,5776,0xCFF6600,1,8,71,09,FF,FF,FF,FF,FF,FF
74092,5777,0xCF00400,1,8,FF,FF,FF,8C,4B,FF,FF,FF
74092,5778,0xCFF6600,1,8,71,09,FF,FF,FF,FF,FF,FF
74112,5779,0xCF00400,1,8,FF,FF,FF,A8,4B,FF,FF,FF
74113,5780,0xCFF6600,1,8,75,09,FF,FF,FF,FF,FF,FF
74132,5781,0xCF00400,1,8,FF,FF,FF,B8,4B,FF,FF,FF
74132,5782,0xCFF6600,1,8,77,09,FF,FF,FF,FF,FF,FF
74143,5783,0x18F00500,1,8,FF,FF,FF,FF,20,2D,FF,FF
74144,5784,0x18FEF100,1,8,3F,00,00,FF,FF,FF,FF,FF
74145,5785,0x18FEF200,1,8,1B,00,00,00,00,00,00,FF
74151,5786,0xCF00400,1,8,FF,FF,FF,F2,4B,FF,FF,FF
74152,5787,0xCFF6600,1,8,7E,09,FF,FF,FF,FF,FF,FF
74172,5788,0xCF00400,1,8,FF,FF,FF,54,4C,FF,FF,FF
74173,5789,0xCFF6600,1,8,8A,09,FF,FF,FF,FF,FF,FF
74192,5790,0xCF00400,1,8,FF,FF,FF,5E,4C,FF,FF,FF
74192,5791,0xCFF6600,1,8,8B,09,FF,FF,FF,FF,FF,FF
74212,5792,0xCF00400,1,8,FF,FF,FF,5E,4C,FF,FF,FF
74212,5793,0xCFF6600,1,8,8B,09,FF,FF,FF,FF,FF,FF
74232,5794,0xCF00400,1,8,FF,FF,FF,18,4C,FF,FF,FF
74232,5795,0xCFF6600,1,8,83,09,FF,FF,FF,FF,FF,FF
74243,5796,0x18FEF100,1,8,3F,00,00,FF,FF,FF,FF,FF
74243,5797,0x10FF6500,1,8,FC,FF,FF,FF,FF,FF,FF,FF
74244,5798,0x18F00500,1,8,FF,FF,FF,FF,20,2D,FF,FF
74265,5799,0xCF00400,1,8,FF,FF,FF,F4,4B,FF,FF,FF
74266,5800,0xCFF6600,1,8,7E,09,FF,FF,FF,FF,FF,FF
74266,5801,0x18FEF200,1,8,1B,00,00,00,00,00,00,FF
74272,5802,0xCF00400,1,8,FF,FF,FF,F6,4B,FF,FF,FF
74272,5803,0xCFF6600,1,8,7E,09,FF,FF,FF,FF,FF,FF
74292,5804,0xCF00400,1,8,FF,FF,FF,14,4C,FF,FF,FF
74292,5805,0xCFF6600,1,8,82,09,FF,FF,FF,FF,FF,FF
74312,5806,0xCF00400,1,8,FF,FF,FF,14,4C,FF,FF,FF
74312,5807,0xCFF6600,1,8,82,09,FF,FF,FF,FF,FF,FF
74331,5808,0xCF00400,1,8,FF,FF,FF,42,4C,FF,FF,FF
74348,5809,0xCFF6600,1,8,88,09,FF,FF,FF,FF,FF,FF
74350,5810,0x18EEFF00,1,8,08,CF,60,06,00,00,00,00
74351,5811,0xCF00400,1,8,FF,FF,FF,F4,4B,FF,FF,FF
74352,5812,0xCFF6600,1,8,7E,09,FF,FF,FF,FF,FF,FF
74371,5813,0xCF00400,1,8,FF,FF,FF,2C,4B,FF,FF,FF
74372,5814,0xCFF6600,1,8,65,09,FF,FF,FF,FF,FF,FF
74391,5815,0xCF00400,1,8,FF,FF,FF,34,4B,FF,FF,FF
74392,5816,0xCFF6600,1,8,66,09,FF,FF,FF,FF,FF,FF
74411,5817,0xCF00400,1,8,FF,FF,FF,34,4B,FF,FF,FF
74412,5818,0xCFF6600,1,8,66,09,FF,FF,FF,FF,FF,FF
74431,5819,0xCF00400,1,8,FF,FF,FF,FC,4B,FF,FF,FF
74432,5820,0xCFF6600,1,8,7F,09,FF,FF,FF,FF,FF,FF
74442,5821,0x18FEF100,1,8,3F,00,00,FF,FF,FF,FF,FF
74442,5822,0x18F00500,1,8,FF,FF,FF,FF,20,2D,FF,FF
74443,5823,0x18FEF200,1,8,1B,00,00,00,00,00,00,FF
74452,5824,0xCF00400,1,8,FF,FF,FF,2C,4C,FF,FF,FF
74452,5825,0xCFF6600,1,8,85,09,FF,FF,FF,FF,FF,FF
74472,5826,0xCF00400,1,8,FF,FF,FF,E6,4B,FF,FF,FF
74473,5827,0xCFF6600,1,8,7C,09,FF,FF,FF,FF,FF,FF
74492,5828,0xCF00400,1,8,FF,FF,FF,DC,4B,FF,FF,FF
74492,5829,0xCFF6600,1,8,7B,09,FF,FF,FF,FF,FF,FF
74512,5830,0xCF00400,1,8,FF,FF,FF,DC,4B,FF,FF,FF
74512,5831,0xCFF6600,1,8,7B,09,FF,FF,FF,FF,FF,FF
74532,5832,0xCF00400,1,8,FF,FF,FF,04,4C,FF,FF,FF
74532,5833,0xCFF6600,1,8,80,09,FF,FF,FF,FF,FF,FF
74544,5834,0x10FF6500,1,8,FC,FF,FF,FF,FF,FF,FF,FF
74544,5835,0x18F00500,1,8,FF,FF,FF,FF,20,2D,FF,FF
74546,5836,0x18F00600,1,8,FF,FF,FF,FF,FF,FF,FF,FF
74546,5837,0x18FEF100,1,8,3F,00,00,FF,FF,FF,FF,FF
74547,5838,0x18FEF200,1,8,1B,00,00,00,00,00,00,FF
74548,5839,0x1CFDDF00,1,8,FE,FF,FF,FF,FF,FF,FF,FF
74548,5840,0x1CFF6A00,1,8,FC,FF,FF,FF,FF,FF,FF,FF
74551,5841,0xCF00400,1,8,FF,FF,FF,BA,4B,FF,FF,FF
74552,5842,0xCFF6600,1,8,77,09,FF,FF,FF,FF,FF,FF
74572,5843,0xCF00400,1,8,FF,FF,FF,0C,4B,FF,FF,FF
74572,5844,0xCFF6600,1,8,61,09,FF,FF,FF,FF,FF,FF
74592,5845,0xCF00400,1,8,FF,FF,FF,F8,4A,FF,FF,FF
74592,5846,0xCFF6600,1,8,5F,09,FF,FF,FF,FF,FF,FF
74611,5847,0xCF00400,1,8,FF,FF,FF,F8,4A,FF,FF,FF
74612,5848,0xCFF6600,1,8,5F,09,FF,FF,FF,FF,FF,FF
74631,5849,0xCF00400,1,8,FF,FF,FF,6C,4B,FF,FF,FF
74632,5850,0xCFF6600,1,8,6D,09,FF,FF,FF,FF,FF,FF
74642,5851,0x18F00500,1,8,FF,FF,FF,FF,20,2D,FF,FF
74663,5852,0xCF00400,1,8,FF,FF,FF,82,4B,FF,FF,FF
74664,5853,0xCFF6600,1,8,70,09,FF,FF,FF,FF,FF,FF
74664,5854,0x18FEF100,1,8,3F,00,00,FF,FF,FF,FF,FF
74665,5855,0x18FEF200,1,8,1B,00,00,00,00,00,00,FF
74671,5856,0xCF00400,1,8,FF,FF,FF,4C,4B,FF,FF,FF
74672,5857,0xCFF6600,1,8,69,09,FF,FF,FF,FF,FF,FF
74711,5858,0xCF00400,1,8,FF,FF,FF,CC,4A,FF,FF,FF
74711,5859,0xCFF6600,1,8,59,09,FF,FF,FF,FF,FF,FF
74712,5860,0x18EEFF00,1,8,08,CF,60,06,00,00,00,00
74732,5861,0xCF00400,1,8,FF,FF,FF,FE,49,FF,FF,FF
74733,5862,0xCFF6600,1,8,3F,09,FF,FF,FF,FF,FF,FF
74742,5863,0x18F00500,1,8,FF,FF,FF,FF,20,2D,FF,FF
74744,5864,0x10FF6500,1,8,FC,FF,FF,FF,FF,FF,FF,FF
74744,5865,0x18FEF100,1,8,3F,00,00,FF,FF,FF,FF,FF
74745,5866,0x18FEF200,1,8,1B,00,00,00,00,00,00,FF
74751,5867,0xCF00400,1,8,FF,FF,FF,68,49,FF,FF,FF
74752,5868,0xCFF6600,1,8,2D,09,FF,FF,FF,FF,FF,FF
74772,5869,0xCF00400,1,8,FF,FF,FF,0A,49,FF,FF,FF
74773,5870,0xCFF6600,1,8,21,09,FF,FF,FF,FF,FF,FF
74792,5871,0xCF00400,1,8,FF,FF,FF,90,49,FF,FF,FF
74792,5872,0xCFF6600,1,8,32,09,FF,FF,FF,FF,FF,FF
74812,5873,0xCF00400,1,8,FF,FF,FF,90,49,FF,FF,FF
74812,5874,0xCFF6600,1,8,32,09,FF,FF,FF,FF,FF,FF
74832,5875,0xCF00400,1,8,FF,FF,FF,CC,4A,FF,FF,FF
74832,5876,0xCFF6600,1,8,59,09,FF,FF,FF,FF,FF,FF
74843,5877,0x18F00500,1,8,FF,FF,FF,FF,20,2D,FF,FF
74843,5878,0x18FEF100,1,8,3F,00,00,FF,FF,FF,FF,FF
74844,5879,0x18FEF200,1,8,1B,00,00,00,00,00,00,FF
74853,5880,0xCF00400,1,8,FF,FF,FF,0E,4B,FF,FF,FF
74854,5881,0xCFF6600,1,8,61,09,FF,FF,FF,FF,FF,FF
74872,5882,0xCF00400,1,8,FF,FF,FF,84,4A,FF,FF,FF
74872,5883,0xCFF6600,1,8,50,09,FF,FF,FF,FF,FF,FF
74892,5884,0xCF00400,1,8,FF,FF,FF,B6,4A,FF,FF,FF
74892,5885,0xCFF6600,1,8,56,09,FF,FF,FF,FF,FF,FF
74902,5886,0x18FDE500,1,8,0A,14,1E,28,32,3C,46,13
74907,5887,0x18FEEE00,1,8,5E,FF,FF,FF,FF,FF,FF,FF
74911,5888,0xCF00400,1,8,FF,FF,FF,B6,4A,FF,FF,FF
74912,5889,0xCFF6600,1,8,56,09,FF,FF,FF,FF,FF,FF
74921,5890,0x1CECFF00,1,8,20,0A,00,02,FF,CA,FE,00
74931,5891,0xCF00400,1,8,FF,FF,FF,86,4B,FF,FF,FF
74932,5892,0xCFF6600,1,8,70,09,FF,FF,FF,FF,FF,FF
74942,5893,0x18FEF100,1,8,3F,00,00,FF,FF,FF,FF,FF
74943,5894,0x10FF6500,1,8,FC,FF,FF,FF,FF,FF,FF,FF
74944,5895,0x18F00500,1,8,FF,FF,FF,FF,20,2D,FF,FF
74944,5896,0x18FEF200,1,8,1B,00,00,00,00,00,00,FF
74952,5897,0xCF00400,1,8,FF,FF,FF,6C,4B,FF,FF,FF
74952,5898,0xCFF6600,1,8,6D,09,FF,FF,FF,FF,FF,FF
74972,5899,0xCF00400,1,8,FF,FF,FF,82,4A,FF,FF,FF
74972,5900,0xCFF6600,1,8,50,09,FF,FF,FF,FF,FF,FF
74973,5901,0x1CEBFF00,1,8,01,40,FF,0F,F0,E5,01,02
74992,5902,0xCF00400,1,8,FF,FF,FF,20,4A,FF,FF,FF
75013,5903,0xCF00400,1,8,FF,FF,FF,20,4A,FF,FF,FF
75014,5904,0xCFF6600,1,8,44,09,FF,FF,FF,FF,FF,FF
75021,5905,0x1CEBFF00,1,8,02,F0,E3,01,FF,FF,FF,FF
75048,5906,0xCF00400,1,8,FF,FF,FF,40,4A,FF,FF,FF
75050,5907,0xCFF6600,1,8,48,09,FF,FF,FF,FF,FF,FF
75051,5908,0x18EEFF00,1,8,08,CF,60,06,00,00,00,00
75071,5909,0xCF00400,1,8,FF,FF,FF,2E,4A,FF,FF,FF
75072,5910,0xCFF6600,1,8,45,09,FF,FF,FF,FF,FF,FF
75092,5911,0xCF00400,1,8,FF,FF,FF,8C,4A,FF,FF,FF
75092,5912,0xCFF6600,1,8,51,09,FF,FF,FF,FF,FF,FF
75112,5913,0xCF00400,1,8,FF,FF,FF,8C,4A,FF,FF,FF
75113,5914,0xCFF6600,1,8,51,09,FF,FF,FF,FF,FF,FF
75131,5915,0xCF00400,1,8,FF,FF,FF,4E,4B,FF,FF,FF
75132,5916,0xCFF6600,1,8,69,09,FF,FF,FF,FF,FF,FF
75143,5917,0x18F00500,1,8,FF,FF,FF,FF,20,2D,FF,FF
75144,5918,0x18F00600,1,8,FF,FF,FF,FF,FF,FF,FF,FF
75144,5919,0x18FEF100,1,8,3F,00,00,FF,FF,FF,FF,FF
75145,5920,0x18FEF200,1,8,1B,00,00,00,00,00,00,FF
75146,5921,0x1CFDDF00,1,8,FE,FF,FF,FF,FF,FF,FF,FF
75146,5922,0x1CFF6A00,1,8,FC,FF,FF,FF,FF,FF,FF,FF
75151,5923,0xCF00400,1,8,FF,FF,FF,9A,4B,FF,FF,FF
75152,5924,0xCFF6600,1,8,73,09,FF,FF,FF,FF,FF,FF
75171,5925,0xCF00400,1,8,FF,FF,FF,82,4B,FF,FF,FF
75172,5926,0xCFF6600,1,8,70,09,FF,FF,FF,FF,FF,FF
75191,5927,0xCF00400,1,8,FF,FF,FF,26,4B,FF,FF,FF
75192,5928,0xCFF6600,1,8,64,09,FF,FF,FF,FF,FF,FF
75211,5929,0xCF00400,1,8,FF,FF,FF,26,4B,FF,FF,FF
75212,5930,0xCFF6600,1,8,64,09,FF,FF,FF,FF,FF,FF
75231,5931,0xCF00400,1,8,FF,FF,FF,8A,4A,FF,FF,FF
75232,5932,0xCFF6600,1,8,51,09,FF,FF,FF,FF,FF,FF
75243,5933,0x10FF6500,1,8,FC,FF,FF,FF,FF,FF,FF,FF
75244,5934,0x18F00500,1,8,FF,FF,FF,FF,20,2D,FF,FF
75245,5935,0x18FEF100,1,8,3F,00,00,FF,FF,FF,FF,FF
75245,5936,0x18FEF200,1,8,1B,00,00,00,00,00,00,FF
75251,5937,0xCF00400,1,8,FF,FF,FF,88,4A,FF,FF,FF
75272,5938,0xCF00400,1,8,FF,FF,FF,16,4B,FF,FF,FF
75273,5939,0xCFF6600,1,8,51,09,FF,FF,FF,FF,FF,FF
75292,5940,0xCF00400,1,8,FF,FF,FF,2E,4B,FF,FF,FF
75292,5941,0xCFF6600,1,8,65,09,FF,FF,FF,FF,FF,FF
75312,5942,0xCF00400,1,8,FF,FF,FF,2E,4B,FF,FF,FF
75312,5943,0xCFF6600,1,8,65,09,FF,FF,FF,FF,FF,FF
75332,5944,0xCF00400,1,8,FF,FF,FF,E4,4A,FF,FF,FF
75332,5945,0xCFF6600,1,8,5C,09,FF,FF,FF,FF,FF,FF
75343,5946,0x18FEF100,1,8,3F,00,00,FF,FF,FF,FF,FF
75343,5947,0x18F00500,1,8,FF,FF,FF,FF,20,2D,FF,FF
75344,5948,0x18FEF200,1,8,1B,00,00,00,00,00,00,FF
75352,5949,0xCF00400,1,8,FF,FF,FF,EA,4A,FF,FF,FF
75372,5950,0xCFF6600,1,8,5D,09,FF,FF,FF,FF,FF,FF
75373,5951,0x18EEFF00,1,8,08,CF,60,06,00,00,00,00
75392,5952,0xCF00400,1,8,FF,FF,FF,4A,4B,FF,FF,FF
75392,5953,0xCFF6600,1,8,69,09,FF,FF,FF,FF,FF,FF
75411,5954,0xCF00400,1,8,FF,FF,FF,4A,4B,FF,FF,FF
75412,5955,0xCFF6600,1,8,69,09,FF,FF,FF,FF,FF,FF
75431,5956,0xCF00400,1,8,FF,FF,FF,32,4B,FF,FF,FF
75432,5957,0xCFF6600,1,8,66,09,FF,FF,FF,FF,FF,FF
75443,5958,0x10FF6500,1,8,FC,FF,FF,FF,FF,FF,FF,FF
75443,5959,0x18F00500,1,8,FF,FF,FF,FF,20,2D,FF,FF
75444,5960,0x18FEF100,1,8,3F,00,00,FF,FF,FF,FF,FF
75445,5961,0x18FEF200,1,8,1B,00,00,00,00,00,00,FF
75451,5962,0xCF00400,1,8,FF,FF,FF,D2,4A,FF,FF,FF
75452,5963,0xCFF6600,1,8,5A,09,FF,FF,FF,FF,FF,FF
75471,5964,0xCF00400,1,8,FF,FF,FF,22,4A,FF,FF,FF
75472,5965,0xCFF6600,1,8,44,09,FF,FF,FF,FF,FF,FF
75492,5966,0xCF00400,1,8,FF,FF,FF,80,49,FF,FF,FF
75492,5967,0xCFF6600,1,8,30,09,FF,FF,FF,FF,FF,FF
75513,5968,0xCF00400,1,8,FF,FF,FF,80,49,FF,FF,FF
75514,5969,0xCFF6600,1,8,30,09,FF,FF,FF,FF,FF,FF
75531,5970,0xCF00400,1,8,FF,FF,FF,FA,48,FF,FF,FF
75532,5971,0xCFF6600,1,8,1F,09,FF,FF,FF,FF,FF,FF
75543,5972,0x18F00500,1,8,FF,FF,FF,FF,20,2D,FF,FF
75544,5973,0x18FEF100,1,8,3F,00,00,FF,FF,FF,FF,FF
75544,5974,0x18FEF200,1,8,1B,00,00,00,00,00,00,FF
75551,5975,0xCF00400,1,8,FF,FF,FF,34,49,FF,FF,FF
75552,5976,0xCFF6600,1,8,26,09,FF,FF,FF,FF,FF,FF
75571,5977,0xCF00400,1,8,FF,FF,FF,0A,4A,FF,FF,FF
75575,5978,0xCFF6600,1,8,41,09,FF,FF,FF,FF,FF,FF
75592,5979,0xCF00400,1,8,FF,FF,FF,0A,4A,FF,FF,FF
75592,5980,0xCFF6600,1,8,41,09,FF,FF,FF,FF,FF,FF
75612,5981,0xCF00400,1,8,FF,FF,FF,B6,4A,FF,FF,FF
75612,5982,0xCFF6600,1,8,56,09,FF,FF,FF,FF,FF,FF
75632,5983,0xCF00400,1,8,FF,FF,FF,42,4B,FF,FF,FF
75632,5984,0xCFF6600,1,8,68,09,FF,FF,FF,FF,FF,FF
75646,5985,0x10FF6500,1,8,FC,FF,FF,FF,FF,FF,FF,FF
75647,5986,0x18F00500,1,8,FF,FF,FF,FF,20,2D,FF,FF
75647,5987,0x18F00600,1,8,FF,FF,FF,FF,FF,FF,FF,FF
75648,5988,0x18FEF100,1,8,3F,00,00,FF,FF,FF,FF,FF
75649,5989,0x18FEF200,1,8,1B,00,00,00,00,00,00,FF
75649,5990,0x1CFDDF00,1,8,FE,FF,FF,FF,FF,FF,FF,FF
75650,5991,0x1CFF6A00,1,8,FC,FF,FF,FF,FF,FF,FF,FF
75652,5992,0xCF00400,1,8,FF,FF,FF,84,4B,FF,FF,FF
75653,5993,0xCFF6600,1,8,70,09,FF,FF,FF,FF,FF,FF
75671,5994,0xCF00400,1,8,FF,FF,FF,84,4B,FF,FF,FF
75673,5995,0xCFF6600,1,8,70,09,FF,FF,FF,FF,FF,FF
75693,5996,0xCF00400,1,8,FF,FF,FF,84,4B,FF,FF,FF
75693,5997,0xCFF6600,1,8,70,09,FF,FF,FF,FF,FF,FF
75730,5998,0xCF00400,1,8,FF,FF,FF,66,4B,FF,FF,FF
75731,5999,0xCFF6600,1,8,6C,09,FF,FF,FF,FF,FF,FF
75731,6000,0x18EEFF00,1,8,08,CF,60,06,00,00,00,00
75743,6001,0x18FEF100,1,8,3F,00,00,FF,FF,FF,FF,FF
75743,6002,0x18F00500,1,8,FF,FF,FF,FF,20,2D,FF,FF
75744,6003,0x18FEF200,1,8,1B,00,00,00,00,00,00,FF
75751,6004,0xCF00400,1,8,FF,FF,FF,5A,4B,FF,FF,FF
75752,6005,0xCFF6600,1,8,6B,09,FF,FF,FF,FF,FF,FF
75772,6006,0xCF00400,1,8,FF,FF,FF,C4,4B,FF,FF,FF
75773,6007,0xCFF6600,1,8,78,09,FF,FF,FF,FF,FF,FF
75792,6008,0xCF00400,1,8,FF,FF,FF,02,4C,FF,FF,FF
75793,6009,0xCFF6600,1,8,80,09,FF,FF,FF,FF,FF,FF
75812,6010,0xCF00400,1,8,FF,FF,FF,02,4C,FF,FF,FF
75812,6011,0xCFF6600,1,8,80,09,FF,FF,FF,FF,FF,FF
75833,6012,0xCF00400,1,8,FF,FF,FF,18,4C,FF,FF,FF
75833,6013,0xCFF6600,1,8,83,09,FF,FF,FF,FF,FF,FF
75843,6014,0x18FEF100,1,8,3F,00,00,FF,FF,FF,FF,FF
75843,6015,0x10FF6500,1,8,FC,FF,FF,FF,FF,FF,FF,FF
75844,6016,0x18F00500,1,8,FF,FF,FF,FF,20,2D,FF,FF
75845,6017,0x18FEF200,1,8,1B,00,00,00,00,00,00,FF
75852,6018,0xCF00400,1,8,FF,FF,FF,28,4C,FF,FF,FF
75852,6019,0xCFF6600,1,8,85,09,FF,FF,FF,FF,FF,FF
75872,6020,0xCF00400,1,8,FF,FF,FF,30,4C,FF,FF,FF
75872,6021,0xCFF6600,1,8,86,09,FF,FF,FF,FF,FF,FF
75892,6022,0xCF00400,1,8,FF,FF,FF,BE,4B,FF,FF,FF
75893,6023,0xCFF6600,1,8,77,09,FF,FF,FF,FF,FF,FF
75902,6024,0x18FDE500,1,8,0A,14,1E,28,32,3C,46,13
75902,6025,0x18FEEE00,1,8,5E,FF,FF,FF,FF,FF,FF,FF
75911,6026,0xCF00400,1,8,FF,FF,FF,BE,4B,FF,FF,FF
75912,6027,0xCFF6600,1,8,77,09,FF,FF,FF,FF,FF,FF
75921,6028,0x1CECFF00,1,8,20,0A,00,02,FF,CA,FE,00
75931,6029,0xCF00400,1,8,FF,FF,FF,D8,4A,FF,FF,FF
75932,6030,0xCFF6600,1,8,5B,09,FF,FF,FF,FF,FF,FF
75945,6031,0x18F00500,1,8,FF,FF,FF,FF,20,2D,FF,FF
75945,6032,0x18FEF100,1,8,3F,00,00,FF,FF,FF,FF,FF
75946,6033,0x18FEF200,1,8,1B,00,00,00,00,00,00,FF
75952,6034,0xCF00400,1,8,FF,FF,FF,72,4A,FF,FF,FF
75953,6035,0xCFF6600,1,8,4E,09,FF,FF,FF,FF,FF,FF
75973,6036,0xCF00400,1,8,FF,FF,FF,82,4A,FF,FF,FF
75973,6037,0xCFF6600,1,8,50,09,FF,FF,FF,FF,FF,FF
75974,6038,0x1CEBFF00,1,8,01,40,FF,0F,F0,E5,01,02
75993,6039,0xCF00400,1,8,FF,FF,FF,9C,4A,FF,FF,FF
75994,6040,0xCFF6600,1,8,53,09,FF,FF,FF,FF,FF,FF
76011,6041,0xCF00400,1,8,FF,FF,FF,9C,4A,FF,FF,FF
76012,6042,0xCFF6600,1,8,53,09,FF,FF,FF,FF,FF,FF
76021,6043,0x1CEBFF00,1,8,02,F0,E3,01,FF,FF,FF,FF
76031,6044,0xCF00400,1,8,FF,FF,FF,BE,4A,FF,FF,FF
76032,6045,0xCFF6600,1,8,57,09,FF,FF,FF,FF,FF,FF
76043,6046,0x18FEF100,1,8,3F,00,00,FF,FF,FF,FF,FF
76043,6047,0x10FF6500,1,8,FC,FF,FF,FF,FF,FF,FF,FF
76044,6048,0x18F00500,1,8,FF,FF,FF,FF,20,2D,FF,FF
76044,6049,0x18FEF200,1,8,1B,00,00,00,00,00,00,FF
76053,6050,0xCF00400,1,8,FF,FF,FF,D4,4A,FF,FF,FF
76054,6051,0xCFF6600,1,8,5A,09,FF,FF,FF,FF,FF,FF
76071,6052,0xCF00400,1,8,FF,FF,FF,E2,4A,FF,FF,FF
76072,6053,0xCFF6600,1,8,5C,09,FF,FF,FF,FF,FF,FF
76092,6054,0xCF00400,1,8,FF,FF,FF,12,4B,FF,FF,FF
76092,6055,0xCFF6600,1,8,62,09,FF,FF,FF,FF,FF,FF
76112,6056,0xCF00400,1,8,FF,FF,FF,12,4B,FF,FF,FF
76113,6057,0xCFF6600,1,8,62,09,FF,FF,FF,FF,FF,FF
76131,6058,0xCF00400,1,8,FF,FF,FF,56,4B,FF,FF,FF
76135,6059,0xCF00400,1,8,FF,FF,FF,56,4B,FF,FF,FF
76136,6060,0xCFF6600,1,8,6A,09,FF,FF,FF,FF,FF,FF
76143,6061,0x18FEF100,1,8,3F,00,00,FF,FF,FF,FF,FF
76143,6062,0x18F00500,1,8,FF,FF,FF,FF,20,2D,FF,FF
76144,6063,0x18F00600,1,8,FF,FF,FF,FF,FF,FF,FF,FF
76145,6064,0x18FEF200,1,8,1B,00,00,00,00,00,00,FF
76145,6065,0x1CFDDF00,1,8,FE,FF,FF,FF,FF,FF,FF,FF
76146,6066,0x1CFF6A00,1,8,FC,FF,FF,FF,FF,FF,FF,FF
76151,6067,0xCF00400,1,8,FF,FF,FF,40,4B,FF,FF,FF
76152,6068,0xCFF6600,1,8,68,09,FF,FF,FF,FF,FF,FF
76172,6069,0xCF00400,1,8,FF,FF,FF,D8,4A,FF,FF,FF
76172,6070,0xCFF6600,1,8,5B,09,FF,FF,FF,FF,FF,FF
76192,6071,0xCF00400,1,8,FF,FF,FF,10,4B,FF,FF,FF
76192,6072,0xCFF6600,1,8,62,09,FF,FF,FF,FF,FF,FF
76212,6073,0xCF00400,1,8,FF,FF,FF,10,4B,FF,FF,FF
76212,6074,0xCFF6600,1,8,62,09,FF,FF,FF,FF,FF,FF
76247,6075,0xCF00400,1,8,FF,FF,FF,D0,4B,FF,FF,FF
76247,6076,0xCFF6600,1,8,7A,09,FF,FF,FF,FF,FF,FF
76250,6077,0x18EEFF00,1,8,08,CF,60,06,00,00,00,00
76251,6078,0xCF00400,1,8,FF,FF,FF,DC,4B,FF,FF,FF
76252,6079,0xCFF6600,1,8,7B,09,FF,FF,FF,FF,FF,FF
76271,6080,0xCF00400,1,8,FF,FF,FF,54,4B,FF,FF,FF
76272,6081,0xCFF6600,1,8,6A,09,FF,FF,FF,FF,FF,FF
76291,6082,0xCF00400,1,8,FF,FF,FF,EC,4A,FF,FF,FF
76292,6083,0xCFF6600,1,8,5D,09,FF,FF,FF,FF,FF,FF
76311,6084,0xCF00400,1,8,FF,FF,FF,EC,4A,FF,FF,FF
76312,6085,0xCFF6600,1,8,5D,09,FF,FF,FF,FF,FF,FF
76331,6086,0xCF00400,1,8,FF,FF,FF,A4,4A,FF,FF,FF
76332,6087,0xCFF6600,1,8,54,09,FF,FF,FF,FF,FF,FF
76343,6088,0x10FF6500,1,8,FC,FF,FF,FF,FF,FF,FF,FF
76344,6089,0x18F00500,1,8,FF,FF,FF,FF,20,2D,FF,FF
76368,6090,0xCF00400,1,8,FF,FF,FF,7E,4A,FF,FF,FF
76369,6091,0xCFF6600,1,8,4F,09,FF,FF,FF,FF,FF,FF
76369,6092,0x18FEF100,1,8,3F,00,00,FF,FF,FF,FF,FF
76370,6093,0x18FEF200,1,8,1B,00,00,00,00,00,00,FF
76371,6094,0xCF00400,1,8,FF,FF,FF,7C,4A,FF,FF,FF
76372,6095,0xCFF6600,1,8,4F,09,FF,FF,FF,FF,FF,FF
76392,6096,0xCF00400,1,8,FF,FF,FF,EA,4A,FF,FF,FF
76392,6097,0xCFF6600,1,8,5D,09,FF,FF,FF,FF,FF,FF
76412,6098,0xCF00400,1,8,FF,FF,FF,EA,4A,FF,FF,FF
76426,6099,0xCFF6600,1,8,5D,09,FF,FF,FF,FF,FF,FF
76430,6100,0x18EEFF00,1,8,08,CF,60,06,00,00,00,00
76431,6101,0xCF00400,1,8,FF,FF,FF,AC,4B,FF,FF,FF
76432,6102,0xCFF6600,1,8,75,09,FF,FF,FF,FF,FF,FF
76442,6103,0x18FEF100,1,8,3F,00,00,FF,FF,FF,FF,FF
76443,6104,0x18F00500,1,8,FF,FF,FF,FF,20,2D,FF,FF
76443,6105,0x18FEF200,1,8,1B,00,00,00,00,00,00,FF
76451,6106,0xCF00400,1,8,FF,FF,FF,F6,4B,FF,FF,FF
76452,6107,0xCFF6600,1,8,7E,09,FF,FF,FF,FF,FF,FF
76471,6108,0xCF00400,1,8,FF,FF,FF,E0,4B,FF,FF,FF
76472,6109,0xCFF6600,1,8,7C,09,FF,FF,FF,FF,FF,FF
76491,6110,0xCF00400,1,8,FF,FF,FF,C4,4B,FF,FF,FF
76492,6111,0xCFF6600,1,8,78,09,FF,FF,FF,FF,FF,FF
76513,6112,0xCF00400,1,8,FF,FF,FF,C4,4B,FF,FF,FF
76513,6113,0xCFF6600,1,8,78,09,FF,FF,FF,FF,FF,FF
76531,6114,0xCF00400,1,8,FF,FF,FF,A8,4B,FF,FF,FF
76532,6115,0xCFF6600,1,8,75,09,FF,FF,FF,FF,FF,FF
76543,6116,0x10FF6500,1,8,FC,FF,FF,FF,FF,FF,FF,FF
76544,6117,0x18F00500,1,8,FF,FF,FF,FF,20,2D,FF,FF
76545,6118,0x18FEF100,1,8,3F,00,00,FF,FF,FF,FF,FF
76545,6119,0x18FEF200,1,8,1B,00,00,00,00,00,00,FF
76552,6120,0xCF00400,1,8,FF,FF,FF,D8,4B,FF,FF,FF
76552,6121,0xCFF6600,1,8,7B,09,FF,FF,FF,FF,FF,FF
76572,6122,0xCF00400,1,8,FF,FF,FF,42,4C,FF,FF,FF
76593,6123,0xCF00400,1,8,FF,FF,FF,4C,4C,FF,FF,FF
76593,6124,0xCFF6600,1,8,88,09,FF,FF,FF,FF,FF,FF
76611,6125,0xCF00400,1,8,FF,FF,FF,4C,4C,FF,FF,FF
76612,6126,0xCFF6600,1,8,89,09,FF,FF,FF,FF,FF,FF
76631,6127,0xCF00400,1,8,FF,FF,FF,0E,4C,FF,FF,FF
76632,6128,0xCFF6600,1,8,81,09,FF,FF,FF,FF,FF,FF
76642,6129,0x18FEF100,1,8,3F,00,00,FF,FF,FF,FF,FF
76643,6130,0x18F00500,1,8,FF,FF,FF,FF,20,2D,FF,FF
76643,6131,0x18FEF200,1,8,1B,00,00,00,00,00,00,FF
76652,6132,0xCF00400,1,8,FF,FF,FF,C4,4B,FF,FF,FF
76653,6133,0xCFF6600,1,8,78,09,FF,FF,FF,FF,FF,FF
76707,6134,0xCF00400,1,8,FF,FF,FF,6E,4B,FF,FF,FF
76707,6135,0xCFF6600,1,8,6D,09,FF,FF,FF,FF,FF,FF
76730,6136,0x18EEFF00,1,8,08,CF,60,06,00,00,00,00
76731,6137,0xCF00400,1,8,FF,FF,FF,F8,4B,FF,FF,FF
76732,6138,0xCFF6600,1,8,7F,09,FF,FF,FF,FF,FF,FF
76742,6139,0x10FF6500,1,8,FC,FF,FF,FF,FF,FF,FF,FF
76743,6140,0x18F00500,1,8,FF,FF,FF,FF,20,2D,FF,FF
76744,6141,0x18F00600,1,8,FF,FF,FF,FF,FF,FF,FF,FF
76744,6142,0x18FEF100,1,8,3F,00,00,FF,FF,FF,FF,FF
76745,6143,0x18FEF200,1,8,1B,00,00,00,00,00,00,FF
76745,6144,0x1CFDDF00,1,8,FE,FF,FF,FF,FF,FF,FF,FF
76746,6145,0x1CFF6A00,1,8,FC,FF,FF,FF,FF,FF,FF,FF
76751,6146,0xCF00400,1,8,FF,FF,FF,EA,4B,FF,FF,FF
76752,6147,0xCFF6600,1,8,7D,09,FF,FF,FF,FF,FF,FF
76772,6148,0xCF00400,1,8,FF,FF,FF,70,4B,FF,FF,FF
76773,6149,0xCFF6600,1,8,6E,09,FF,FF,FF,FF,FF,FF
76813,6150,0xCF00400,1,8,FF,FF,FF,50,4B,FF,FF,FF
76813,6151,0xCFF6600,1,8,6A,09,FF,FF,FF,FF,FF,FF
76835,6152,0x18EEFF00,1,8,08,CF,60,06,00,00,00,00
76842,6153,0x18FEF100,1,8,3F,00,00,FF,FF,FF,FF,FF
76843,6154,0x18F00500,1,8,FF,FF,FF,FF,20,2D,FF,FF
76843,6155,0x18FEF200,1,8,1B,00,00,00,00,00,00,FF
76852,6156,0xCF00400,1,8,FF,FF,FF,A8,4B,FF,FF,FF
76853,6157,0xCFF6600,1,8,75,09,FF,FF,FF,FF,FF,FF
76871,6158,0xCF00400,1,8,FF,FF,FF,B0,4B,FF,FF,FF
76872,6159,0xCFF6600,1,8,76,09,FF,FF,FF,FF,FF,FF
76892,6160,0xCF00400,1,8,FF,FF,FF,A8,4B,FF,FF,FF
76892,6161,0xCFF6600,1,8,75,09,FF,FF,FF,FF,FF,FF
76901,6162,0x18FEEE00,1,8,5F,FF,FF,FF,FF,FF,FF,FF
76901,6163,0x18FDE500,1,8,0A,14,1E,28,32,3C,46,13
76912,6164,0xCF00400,1,8,FF,FF,FF,88,4B,FF,FF,FF
76912,6165,0xCFF6600,1,8,71,09,FF,FF,FF,FF,FF,FF
76922,6166,0x1CECFF00,1,8,20,0A,00,02,FF,CA,FE,00
76932,6167,0xCF00400,1,8,FF,FF,FF,88,4B,FF,FF,FF
76933,6168,0xCFF6600,1,8,71,09,FF,FF,FF,FF,FF,FF
76942,6169,0x10FF6500,1,8,FC,FF,FF,FF,FF,FF,FF,FF
76943,6170,0x18F00500,1,8,FF,FF,FF,FF,20,2D,FF,FF
76944,6171,0x18FEF100,1,8,3F,00,00,FF,FF,FF,FF,FF
76944,6172,0x18FEF200,1,8,1B,00,00,00,00,00,00,FF
76954,6173,0xCF00400,1,8,FF,FF,FF,88,4B,FF,FF,FF
76954,6174,0xCFF6600,1,8,71,09,FF,FF,FF,FF,FF,FF
76986,6175,0xCF00400,1,8,FF,FF,FF,AA,4B,FF,FF,FF
76986,6176,0xCFF6600,1,8,75,09,FF,FF,FF,FF,FF,FF
76987,6177,0x1CEBFF00,1,8,01,40,FF,0F,F0,E5,01,02
76990,6178,0x18EEFF00,1,8,08,CF,60,06,00,00,00,00
76991,6179,0xCF00400,1,8,FF,FF,FF,9A,4B,FF,FF,FF
76992,6180,0xCFF6600,1,8,73,09,FF,FF,FF,FF,FF,FF
77011,6181,0xCF00400,1,8,FF,FF,FF,5E,4B,FF,FF,FF
77012,6182,0xCFF6600,1,8,6B,09,FF,FF,FF,FF,FF,FF
77021,6183,0x1CEBFF00,1,8,02,F0,E3,01,FF,FF,FF,FF
77031,6184,0xCF00400,1,8,FF,FF,FF,5E,4B,FF,FF,FF
77032,6185,0xCFF6600,1,8,6B,09,FF,FF,FF,FF,FF,FF
77043,6186,0x18F00500,1,8,FF,FF,FF,FF,20,2D,FF,FF
77064,6187,0xCF00400,1,8,FF,FF,FF,FE,4B,FF,FF,FF
77065,6188,0xCFF6600,1,8,7F,09,FF,FF,FF,FF,FF,FF
77065,6189,0x18FEF100,1,8,3F,00,00,FF,FF,FF,FF,FF
77066,6190,0x18FEF200,1,8,1B,00,00,00,00,00,00,FF
77071,6191,0xCF00400,1,8,FF,FF,FF,4E,4D,FF,FF,FF
77072,6192,0xCFF6600,1,8,A9,09,FF,FF,FF,FF,FF,FF
77091,6193,0xCF00400,1,8,FF,FF,FF,5E,4D,FF,FF,FF
77092,6194,0xCFF6600,1,8,AB,09,FF,FF,FF,FF,FF,FF
77111,6195,0xCF00400,1,8,FF,FF,FF,64,4C,FF,FF,FF
77112,6196,0xCFF6600,1,8,8C,09,FF,FF,FF,FF,FF,FF
77132,6197,0xCF00400,1,8,FF,FF,FF,64,4C,FF,FF,FF
77132,6198,0xCFF6600,1,8,8C,09,FF,FF,FF,FF,FF,FF
77142,6199,0x18FEF100,1,8,3F,00,00,FF,FF,FF,FF,FF
77143,6200,0x10FF6500,1,8,FC,FF,FF,FF,FF,FF,FF,FF
77143,6201,0x18F00500,1,8,FF,FF,FF,FF,20,2D,FF,FF
77144,6202,0x18FEF200,1,8,1B,00,00,00,00,00,00,FF
77151,6203,0xCF00400,1,8,FF,FF,FF,94,4B,FF,FF,FF
77152,6204,0xCFF6600,1,8,72,09,FF,FF,FF,FF,FF,FF
77171,6205,0xCF00400,1,8,FF,FF,FF,EC,4A,FF,FF,FF
77172,6206,0xCFF6600,1,8,5D,09,FF,FF,FF,FF,FF,FF
77192,6207,0xCF00400,1,8,FF,FF,FF,12,4B,FF,FF,FF
77192,6208,0xCFF6600,1,8,62,09,FF,FF,FF,FF,FF,FF
77213,6209,0xCF00400,1,8,FF,FF,FF,F0,4B,FF,FF,FF
77214,6210,0xCFF6600,1,8,7E,09,FF,FF,FF,FF,FF,FF
77233,6211,0xCF00400,1,8,FF,FF,FF,70,4C,FF,FF,FF
77234,6212,0xCFF6600,1,8,8E,09,FF,FF,FF,FF,FF,FF
77242,6213,0x18FEF100,1,8,3F,00,00,FF,FF,FF,FF,FF
77242,6214,0x18F00500,1,8,FF,FF,FF,FF,20,2D,FF,FF
77243,6215,0x18F00600,1,8,FF,FF,FF,FF,FF,FF,FF,FF
77244,6216,0x18FEF200,1,8,1B,00,00,00,00,00,00,FF
77244,6217,0x1CFDDF00,1,8,FE,FF,FF,FF,FF,FF,FF,FF
77245,6218,0x1CFF6A00,1,8,FC,FF,FF,FF,FF,FF,FF,FF
77251,6219,0xCF00400,1,8,FF,FF,FF,70,4C,FF,FF,FF
77252,6220,0xCFF6600,1,8,8E,09,FF,FF,FF,FF,FF,FF
77271,6221,0xCF00400,1,8,FF,FF,FF,A4,4C,FF,FF,FF
77272,6222,0xCFF6600,1,8,94,09,FF,FF,FF,FF,FF,FF
77291,6223,0xCF00400,1,8,FF,FF,FF,6C,4C,FF,FF,FF
77292,6224,0xCFF6600,1,8,8D,09,FF,FF,FF,FF,FF,FF
77311,6225,0xCF00400,1,8,FF,FF,FF,D6,4B,FF,FF,FF
77312,6226,0xCFF6600,1,8,7A,09,FF,FF,FF,FF,FF,FF
77332,6227,0xCF00400,1,8,FF,FF,FF,8A,4B,FF,FF,FF
77332,6228,0xCFF6600,1,8,71,09,FF,FF,FF,FF,FF,FF
77344,6229,0x10FF6500,1,8,FC,FF,FF,FF,FF,FF,FF,FF
77345,6230,0x18F00500,1,8,FF,FF,FF,FF,20,2D,FF,FF
77345,6231,0x18FEF100,1,8,3F,00,00,FF,FF,FF,FF,FF
77346,6232,0x18FEF200,1,8,1B,00,00,00,00,00,00,FF
77351,6233,0xCF00400,1,8,FF,FF,FF,8A,4B,FF,FF,FF
77352,6234,0xCFF6600,1,8,71,09,FF,FF,FF,FF,FF,FF
77372,6235,0xCF00400,1,8,FF,FF,FF,7E,4B,FF,FF,FF
77372,6236,0xCFF6600,1,8,6F,09,FF,FF,FF,FF,FF,FF
77392,6237,0xCF00400,1,8,FF,FF,FF,86,4B,FF,FF,FF
77392,6238,0xCFF6600,1,8,70,09,FF,FF,FF,FF,FF,FF
77413,6239,0xCF00400,1,8,FF,FF,FF,96,4B,FF,FF,FF
77413,6240,0xCFF6600,1,8,72,09,FF,FF,FF,FF,FF,FF
77431,6241,0xCF00400,1,8,FF,FF,FF,A6,4B,FF,FF,FF
77432,6242,0xCFF6600,1,8,74,09,FF,FF,FF,FF,FF,FF
77444,6243,0x18F00500,1,8,FF,FF,FF,FF,20,2D,FF,FF
77445,6244,0x18FEF100,1,8,3F,00,00,FF,FF,FF,FF,FF
77445,6245,0x18FEF200,1,8,1B,00,00,00,00,00,00,FF
77465,6246,0xCF00400,1,8,FF,FF,FF,A6,4B,FF,FF,FF
77466,6247,0xCFF6600,1,8,74,09,FF,FF,FF,FF,FF,FF
77470,6248,0x18EEFF00,1,8,08,CF,60,06,00,00,00,00
77471,6249,0xCF00400,1,8,FF,FF,FF,BE,4B,FF,FF,FF
77472,6250,0xCFF6600,1,8,77,09,FF,FF,FF,FF,FF,FF
77492,6251,0xCF00400,1,8,FF,FF,FF,96,4B,FF,FF,FF
77493,6252,0xCFF6600,1,8,72,09,FF,FF,FF,FF,FF,FF
77511,6253,0xCF00400,1,8,FF,FF,FF,2C,4B,FF,FF,FF
77512,6254,0xCFF6600,1,8,65,09,FF,FF,FF,FF,FF,FF
77532,6255,0xCF00400,1,8,FF,FF,FF,F2,4A,FF,FF,FF
77553,6256,0xCF00400,1,8,FF,FF,FF,F2,4A,FF,FF,FF
77554,6257,0xCFF6600,1,8,5E,09,FF,FF,FF,FF,FF,FF
77555,6258,0x10FF6500,1,8,FC,FF,FF,FF,FF,FF,FF,FF
77556,6259,0x18F00500,1,8,FF,FF,FF,FF,20,2D,FF,FF
77556,6260,0x18FEF100,1,8,3F,00,00,FF,FF,FF,FF,FF
77557,6261,0x18FEF200,1,8,1B,00,00,00,00,00,00,FF
77571,6262,0xCF00400,1,8,FF,FF,FF,E6,4A,FF,FF,FF
77572,6263,0xCFF6600,1,8,5C,09,FF,FF,FF,FF,FF,FF
77591,6264,0xCF00400,1,8,FF,FF,FF,80,4A,FF,FF,FF
77592,6265,0xCFF6600,1,8,50,09,FF,FF,FF,FF,FF,FF
77611,6266,0xCF00400,1,8,FF,FF,FF,CA,49,FF,FF,FF
77612,6267,0xCFF6600,1,8,39,09,FF,FF,FF,FF,FF,FF
77631,6268,0xCF00400,1,8,FF,FF,FF,C2,49,FF,FF,FF
77632,6269,0xCFF6600,1,8,38,09,FF,FF,FF,FF,FF,FF
77642,6270,0x18FEF100,1,8,3F,00,00,FF,FF,FF,FF,FF
77643,6271,0x18F00500,1,8,FF,FF,FF,FF,20,2D,FF,FF
77644,6272,0x18FEF200,1,8,1B,00,00,00,00,00,00,FF
77652,6273,0xCF00400,1,8,FF,FF,FF,C2,49,FF,FF,FF
77652,6274,0xCFF6600,1,8,38,09,FF,FF,FF,FF,FF,FF
77672,6275,0xCF00400,1,8,FF,FF,FF,56,4A,FF,FF,FF
77672,6276,0xCFF6600,1,8,4A,09,FF,FF,FF,FF,FF,FF
77691,6277,0xCF00400,1,8,FF,FF,FF,5E,4A,FF,FF,FF
77692,6278,0xCFF6600,1,8,4B,09,FF,FF,FF,FF,FF,FF
77712,6279,0xCF00400,1,8,FF,FF,FF,EA,49,FF,FF,FF
77712,6280,0xCFF6600,1,8,3D,09,FF,FF,FF,FF,FF,FF
77732,6281,0xCF00400,1,8,FF,FF,FF,44,4A,FF,FF,FF
77733,6282,0xCFF6600,1,8,48,09,FF,FF,FF,FF,FF,FF
77742,6283,0x18FEF100,1,8,3F,00,00,FF,FF,FF,FF,FF
77743,6284,0x10FF6500,1,8,FC,FF,FF,FF,FF,FF,FF,FF
77744,6285,0x18F00500,1,8,FF,FF,FF,FF,20,2D,FF,FF
77779,6286,0xCF00400,1,8,FF,FF,FF,44,4A,FF,FF,FF
77780,6287,0xCFF6600,1,8,48,09,FF,FF,FF,FF,FF,FF
77781,6288,0x18EEFF00,1,8,08,CF,60,06,00,00,00,00
77782,6289,0x18F00600,1,8,FF,FF,FF,FF,FF,FF,FF,FF
77783,6290,0x18FEF200,1,8,1B,00,00,00,00,00,00,FF
77783,6291,0x1CFDDF00,1,8,FE,FF,FF,FF,FF,FF,FF,FF
77784,6292,0x1CFF6A00,1,8,FC,FF,FF,FF,FF,FF,FF,FF
77792,6293,0xCF00400,1,8,FF,FF,FF,EC,4B,FF,FF,FF
77793,6294,0xCFF6600,1,8,7D,09,FF,FF,FF,FF,FF,FF
77811,6295,0xCF00400,1,8,FF,FF,FF,3C,4C,FF,FF,FF
77812,6296,0xCFF6600,1,8,87,09,FF,FF,FF,FF,FF,FF
77831,6297,0xCF00400,1,8,FF,FF,FF,16,4C,FF,FF,FF
77832,6298,0xCFF6600,1,8,82,09,FF,FF,FF,FF,FF,FF
77842,6299,0x18FEF100,1,8,3F,00,00,FF,FF,FF,FF,FF
77843,6300,0x18F00500,1,8,FF,FF,FF,FF,20,2D,FF,FF
77843,6301,0x18FEF200,1,8,1B,00,00,00,00,00,01,FF
77851,6302,0xCF00400,1,8,FF,FF,FF,16,4C,FF,FF,FF
77852,6303,0xCFF6600,1,8,82,09,FF,FF,FF,FF,FF,FF
77891,6304,0xCF00400,1,8,FF,FF,FF,8E,4B,FF,FF,FF
77892,6305,0xCFF6600,1,8,71,09,FF,FF,FF,FF,FF,FF
77893,6306,0x18EEFF00,1,8,08,CF,60,06,00,00,00,00
77901,6307,0x18FDE500,1,8,0A,14,1E,28,32,3C,46,13
77902,6308,0x18FEEE00,1,8,5F,FF,FF,FF,FF,FF,FF,FF
77911,6309,0xCF00400,1,8,FF,FF,FF,62,4B,FF,FF,FF
77912,6310,0xCFF6600,1,8,6C,09,FF,FF,FF,FF,FF,FF
77923,6311,0x1CECFF00,1,8,20,0A,00,02,FF,CA,FE,00
77931,6312,0xCF00400,1,8,FF,FF,FF,C8,4B,FF,FF,FF
77932,6313,0xCFF6600,1,8,79,09,FF,FF,FF,FF,FF,FF
77943,6314,0x10FF6500,1,8,FC,FF,FF,FF,FF,FF,FF,FF
77944,6315,0x18F00500,1,8,FF,FF,FF,FF,20,2D,FF,FF
77944,6316,0x18FEF100,1,8,3F,00,00,FF,FF,FF,FF,FF
77945,6317,0x18FEF200,1,8,1B,00,00,00,00,00,03,FF
77951,6318,0xCF00400,1,8,FF,FF,FF,C8,4B,FF,FF,FF
77952,6319,0xCFF6600,1,8,79,09,FF,FF,FF,FF,FF,FF
77972,6320,0xCF00400,1,8,FF,FF,FF,7C,4C,FF,FF,FF
78033,6321,0xCF00400,1,8,FF,FF,FF,C8,4C,FF,FF,FF
78052,6322,0xCFF6600,1,8,8F,09,FF,FF,FF,FF,FF,FF
78053,6323,0x18EEFF00,1,8,08,CF,60,06,00,00,00,00
78053,6324,0x1CEBFF00,1,8,01,40,FF,0F,F0,E5,01,02
78072,6325,0xCF00400,1,8,FF,FF,FF,A6,4C,FF,FF,FF
78072,6326,0xCFF6600,1,8,94,09,FF,FF,FF,FF,FF,FF
78073,6327,0x1CEBFF00,1,8,02,F0,E3,01,FF,FF,FF,FF
78092,6328,0xCF00400,1,8,FF,FF,FF,8A,4C,FF,FF,FF
78092,6329,0xCFF6600,1,8,91,09,FF,FF,FF,FF,FF,FF
78113,6330,0xCF00400,1,8,FF,FF,FF,62,4C,FF,FF,FF
78113,6331,0xCFF6600,1,8,8C,09,FF,FF,FF,FF,FF,FF
78132,6332,0xCF00400,1,8,FF,FF,FF,86,4C,FF,FF,FF
78132,6333,0xCFF6600,1,8,90,09,FF,FF,FF,FF,FF,FF
78142,6334,0x18FEF100,1,8,3F,00,00,FF,FF,FF,FF,FF
78143,6335,0x18F00500,1,8,FF,FF,FF,FF,20,2D,FF,FF
78143,6336,0x18FEF200,1,8,1B,00,00,00,00,00,06,FF
78155,6337,0xCF00400,1,8,FF,FF,FF,F6,4C,FF,FF,FF
78156,6338,0xCFF6600,1,8,9E,09,FF,FF,FF,FF,FF,FF
78171,6339,0xCF00400,1,8,FF,FF,FF,F6,4C,FF,FF,FF
78172,6340,0xCFF6600,1,8,9E,09,FF,FF,FF,FF,FF,FF
78210,6341,0xCF00400,1,8,FF,FF,FF,40,4D,FF,FF,FF
78210,6342,0xCFF6600,1,8,A8,09,FF,FF,FF,FF,FF,FF
78232,6343,0x18EEFF00,1,8,08,CF,60,06,00,00,00,00
78243,6344,0x10FF6500,1,8,FC,FF,FF,FF,FF,FF,FF,FF
78244,6345,0x18F00500,1,8,FF,FF,FF,FF,20,2D,FF,FF
78245,6346,0x18FEF100,1,8,3F,00,00,FF,FF,FF,FF,FF
78246,6347,0x18FEF200,1,8,1B,00,00,00,00,00,07,FF
78252,6348,0xCF00400,1,8,FF,FF,FF,0E,4D,FF,FF,FF
78253,6349,0xCFF6600,1,8,A1,09,FF,FF,FF,FF,FF,FF
78272,6350,0xCF00400,1,8,FF,FF,FF,2A,4D,FF,FF,FF
78272,6351,0xCFF6600,1,8,A5,09,FF,FF,FF,FF,FF,FF
78291,6352,0xCF00400,1,8,FF,FF,FF,2A,4D,FF,FF,FF
78292,6353,0xCFF6600,1,8,A5,09,FF,FF,FF,FF,FF,FF
78312,6354,0xCF00400,1,8,FF,FF,FF,9C,4D,FF,FF,FF
78312,6355,0xCFF6600,1,8,B3,09,FF,FF,FF,FF,FF,FF
78332,6356,0xCF00400,1,8,FF,FF,FF,FA,4D,FF,FF,FF
78332,6357,0xCFF6600,1,8,BF,09,FF,FF,FF,FF,FF,FF
78345,6358,0x18F00500,1,8,FF,FF,FF,FF,20,2D,FF,FF
78345,6359,0x18F00600,1,8,FF,FF,FF,FF,FF,FF,FF,FF
78346,6360,0x18FEF100,1,8,3F,00,00,FF,FF,FF,FF,FF
78347,6361,0x18FEF200,1,8,1B,00,00,00,00,00,05,FF
78347,6362,0x1CFDDF00,1,8,FE,FF,FF,FF,FF,FF,FF,FF
78348,6363,0x1CFF6A00,1,8,FC,FF,FF,FF,FF,FF,FF,FF
78351,6364,0xCF00400,1,8,FF,FF,FF,3E,4E,FF,FF,FF
78352,6365,0xCFF6600,1,8,C7,09,FF,FF,FF,FF,FF,FF
78372,6366,0xCF00400,1,8,FF,FF,FF,9A,4E,FF,FF,FF
78372,6367,0xCFF6600,1,8,D3,09,FF,FF,FF,FF,FF,FF
78393,6368,0xCF00400,1,8,FF,FF,FF,0C,4F,FF,FF,FF
78393,6369,0xCFF6600,1,8,E1,09,FF,FF,FF,FF,FF,FF
78411,6370,0xCF00400,1,8,FF,FF,FF,0C,4F,FF,FF,FF
78412,6371,0xCFF6600,1,8,E1,09,FF,FF,FF,FF,FF,FF
78431,6372,0xCF00400,1,8,FF,FF,FF,5E,4F,FF,FF,FF
78432,6373,0xCFF6600,1,8,EB,09,FF,FF,FF,FF,FF,FF
78442,6374,0x18FEF100,1,8,3F,00,00,FF,FF,FF,FF,FF
78443,6375,0x10FF6500,1,8,FC,FF,FF,FF,FF,FF,FF,FF
78443,6376,0x18F00500,1,8,FF,FF,FF,FF,20,2D,FF,FF
78457,6377,0x18FEF200,1,8,1B,00,00,00,00,00,00,FF
78460,6378,0x18EEFF00,1,8,08,CF,60,06,00,00,00,00
78472,6379,0xCF00400,1,8,FF,FF,FF,E6,4F,FF,FF,FF
78472,6380,0xCFF6600,1,8,FC,09,FF,FF,FF,FF,FF,FF
78491,6381,0xCF00400,1,8,FF,FF,FF,6E,50,FF,FF,FF
78492,6382,0xCFF6600,1,8,0D,0A,FF,FF,FF,FF,FF,FF
78511,6383,0xCF00400,1,8,FF,FF,FF,B4,50,FF,FF,FF
78512,6384,0xCFF6600,1,8,16,0A,FF,FF,FF,FF,FF,FF
78532,6385,0xCF00400,1,8,FF,FF,FF,CA,50,FF,FF,FF
78533,6386,0xCFF6600,1,8,19,0A,FF,FF,FF,FF,FF,FF
78543,6387,0x18F00500,1,8,FF,FF,FF,FF,20,2D,FF,FF
78543,6388,0x18FEF100,1,8,3F,00,00,FF,FF,FF,FF,FF
78544,6389,0x18FEF200,1,8,1B,00,00,00,00,00,00,FF
78553,6390,0xCF00400,1,8,FF,FF,FF,CA,50,FF,FF,FF
78554,6391,0xCFF6600,1,8,19,0A,FF,FF,FF,FF,FF,FF
78572,6392,0xCF00400,1,8,FF,FF,FF,F6,50,FF,FF,FF
78572,6393,0xCFF6600,1,8,1E,0A,FF,FF,FF,FF,FF,FF
78592,6394,0xCF00400,1,8,FF,FF,FF,2E,51,FF,FF,FF
78593,6395,0xCFF6600,1,8,25,0A,FF,FF,FF,FF,FF,FF
78612,6396,0xCF00400,1,8,FF,FF,FF,76,51,FF,FF,FF
78612,6397,0xCFF6600,1,8,2E,0A,FF,FF,FF,FF,FF,FF
78633,6398,0xCF00400,1,8,FF,FF,FF,CA,51,FF,FF,FF
78633,6399,0xCFF6600,1,8,39,0A,FF,FF,FF,FF,FF,FF
78643,6400,0x10FF6500,1,8,FC,FF,FF,FF,FF,FF,FF,FF
78644,6401,0x18F00500,1,8,FF,FF,FF,FF,20,2D,FF,FF
78644,6402,0x18FEF100,1,8,3F,00,00,FF,FF,FF,FF,FF
78645,6403,0x18FEF200,1,8,1B,00,00,00,00,00,00,FF
78652,6404,0xCF00400,1,8,FF,FF,FF,D6,51,FF,FF,FF
78652,6405,0xCFF6600,1,8,3A,0A,FF,FF,FF,FF,FF,FF
78671,6406,0xCF00400,1,8,FF,FF,FF,AA,51,FF,FF,FF
78672,6407,0xCFF6600,1,8,35,0A,FF,FF,FF,FF,FF,FF
78693,6408,0xCF00400,1,8,FF,FF,FF,9E,51,FF,FF,FF
78693,6409,0xCFF6600,1,8,33,0A,FF,FF,FF,FF,FF,FF
78711,6410,0xCF00400,1,8,FF,FF,FF,9E,51,FF,FF,FF
78712,6411,0xCFF6600,1,8,33,0A,FF,FF,FF,FF,FF,FF
78731,6412,0xCF00400,1,8,FF,FF,FF,A8,51,FF,FF,FF
78732,6413,0xCFF6600,1,8,35,0A,FF,FF,FF,FF,FF,FF
78743,6414,0x18F00500,1,8,FF,FF,FF,FF,20,2D,FF,FF
78743,6415,0x18FEF100,1,8,3F,00,00,FF,FF,FF,FF,FF
78744,6416,0x18FEF200,1,8,1B,00,00,00,00,00,00,FF
78751,6417,0xCF00400,1,8,FF,FF,FF,DC,51,FF,FF,FF
78752,6418,0xCFF6600,1,8,3B,0A,FF,FF,FF,FF,FF,FF
78771,6419,0xCF00400,1,8,FF,FF,FF,30,52,FF,FF,FF
78772,6420,0xCFF6600,1,8,46,0A,FF,FF,FF,FF,FF,FF
78791,6421,0xCF00400,1,8,FF,FF,FF,12,52,FF,FF,FF
78792,6422,0xCFF6600,1,8,42,0A,FF,FF,FF,FF,FF,FF
78811,6423,0xCF00400,1,8,FF,FF,FF,96,51,FF,FF,FF
78831,6424,0xCF00400,1,8,FF,FF,FF,AA,51,FF,FF,FF
78832,6425,0xCFF6600,1,8,32,0A,FF,FF,FF,FF,FF,FF
78842,6426,0x18FEF100,1,8,3F,00,00,FF,FF,FF,FF,FF
78842,6427,0x10FF6500,1,8,FC,FF,FF,FF,FF,FF,FF,FF
78843,6428,0x18F00500,1,8,FF,FF,FF,FF,20,2D,FF,FF
78844,6429,0x18F00600,1,8,FF,FF,FF,FF,FF,FF,FF,FF
78845,6430,0x18FEF200,1,8,1B,00,00,00,00,00,00,FF
78845,6431,0x1CFDDF00,1,8,FE,FF,FF,FF,FF,FF,FF,FF
78846,6432,0x1CFF6A00,1,8,FC,FF,FF,FF,FF,FF,FF,FF
78852,6433,0xCF00400,1,8,FF,FF,FF,36,52,FF,FF,FF
78852,6434,0xCFF6600,1,8,46,0A,FF,FF,FF,FF,FF,FF
78872,6435,0xCF00400,1,8,FF,FF,FF,36,52,FF,FF,FF
78873,6436,0xCFF6600,1,8,46,0A,FF,FF,FF,FF,FF,FF
78930,6437,0xCF00400,1,8,FF,FF,FF,64,52,FF,FF,FF
78950,6438,0xCFF6600,1,8,4C,0A,FF,FF,FF,FF,FF,FF
78950,6439,0x18EEFF00,1,8,08,CF,60,06,00,00,00,00
78951,6440,0xCF00400,1,8,FF,FF,FF,E4,52,FF,FF,FF
78972,6441,0xCFF6600,1,8,5C,0A,FF,FF,FF,FF,FF,FF
78973,6442,0x18EEFF00,1,8,08,CF,60,06,00,00,00,00
78991,6443,0xCF00400,1,8,FF,FF,FF,B2,52,FF,FF,FF
78992,6444,0xCFF6600,1,8,56,0A,FF,FF,FF,FF,FF,FF
79012,6445,0xCF00400,1,8,FF,FF,FF,C0,52,FF,FF,FF
79013,6446,0xCFF6600,1,8,58,0A,FF,FF,FF,FF,FF,FF
79032,6447,0xCF00400,1,8,FF,FF,FF,C0,52,FF,FF,FF
79033,6448,0xCFF6600,1,8,58,0A,FF,FF,FF,FF,FF,FF
79042,6449,0x18FEF100,1,8,3F,00,00,FF,FF,FF,FF,FF
79042,6450,0x18F00500,1,8,FF,FF,FF,FF,20,2D,FF,FF
79043,6451,0x18FEF200,1,8,20,00,00,00,00,00,0C,FF
79052,6452,0xCF00400,1,8,FF,FF,FF,24,53,FF,FF,FF
79052,6453,0xCFF6600,1,8,64,0A,FF,FF,FF,FF,FF,FF
79073,6454,0xCF00400,1,8,FF,FF,FF,BE,53,FF,FF,FF
79074,6455,0xCFF6600,1,8,77,0A,FF,FF,FF,FF,FF,FF
79092,6456,0xCF00400,1,8,FF,FF,FF,96,54,FF,FF,FF
79092,6457,0xCFF6600,1,8,92,0A,FF,FF,FF,FF,FF,FF
79112,6458,0xCF00400,1,8,FF,FF,FF,84,55,FF,FF,FF
79133,6459,0xCF00400,1,8,FF,FF,FF,8E,56,FF,FF,FF
79133,6460,0xCFF6600,1,8,B0,0A,FF,FF,FF,FF,FF,FF
79143,6461,0x18F00500,1,8,FF,FF,FF,FF,20,2D,FF,FF
79143,6462,0x10FF6500,1,8,FC,FF,FF,FF,FF,FF,FF,FF
79144,6463,0x18FEF100,1,8,3F,00,00,FF,FF,FF,FF,FF
79145,6464,0x18FEF200,1,8,20,00,00,00,00,00,17,FF
79152,6465,0xCF00400,1,8,FF,FF,FF,0A,58,FF,FF,FF
79153,6466,0xCFF6600,1,8,01,0B,FF,FF,FF,FF,FF,FF
79171,6467,0xCF00400,1,8,FF,FF,FF,DE,59,FF,FF,FF
79172,6468,0xCFF6600,1,8,3B,0B,FF,FF,FF,FF,FF,FF
79192,6469,0xCF00400,1,8,FF,FF,FF,D8,5B,FF,FF,FF
79207,6470,0xCFF6600,1,8,7B,0B,FF,FF,FF,FF,FF,FF
79210,6471,0x18EEFF00,1,8,08,CF,60,06,00,00,00,00
79211,6472,0xCF00400,1,8,FF,FF,FF,EA,5D,FF,FF,FF
79212,6473,0xCFF6600,1,8,BD,0B,FF,FF,FF,FF,FF,FF
79231,6474,0xCF00400,1,8,FF,FF,FF,94,5F,FF,FF,FF
79232,6475,0xCFF6600,1,8,F2,0B,FF,FF,FF,FF,FF,FF
79242,6476,0x18FEF100,1,8,3F,00,00,FF,FF,FF,FF,FF
79243,6477,0x18F00500,1,8,FF,FF,FF,FF,20,2D,FF,FF
79243,6478,0x18FEF200,1,8,20,00,00,00,00,00,13,FF
79251,6479,0xCF00400,1,8,FF,FF,FF,F4,60,FF,FF,FF
79252,6480,0xCFF6600,1,8,1E,0C,FF,FF,FF,FF,FF,FF
79271,6481,0xCF00400,1,8,FF,FF,FF,16,62,FF,FF,FF
79272,6482,0xCFF6600,1,8,42,0C,FF,FF,FF,FF,FF,FF
79291,6483,0xCF00400,1,8,FF,FF,FF,06,63,FF,FF,FF
79292,6484,0xCFF6600,1,8,60,0C,FF,FF,FF,FF,FF,FF
79312,6485,0xCF00400,1,8,FF,FF,FF,D4,63,FF,FF,FF
79313,6486,0xCFF6600,1,8,7A,0C,FF,FF,FF,FF,FF,FF
79332,6487,0xCF00400,1,8,FF,FF,FF,72,64,FF,FF,FF
79333,6488,0xCFF6600,1,8,8E,0C,FF,FF,FF,FF,FF,FF
79342,6489,0x18FEF100,1,8,3F,00,00,FF,FF,FF,FF,FF
79343,6490,0x10FF6500,1,8,FC,FF,FF,FF,FF,FF,FF,FF
79343,6491,0x18F00500,1,8,FF,FF,FF,FF,20,2D,FF,FF
79344,6492,0x18FEF200,1,8,20,00,00,00,00,00,00,FF
79354,6493,0xCF00400,1,8,FF,FF,FF,38,65,FF,FF,FF
79354,6494,0xCFF6600,1,8,A7,0C,FF,FF,FF,FF,FF,FF
79372,6495,0xCF00400,1,8,FF,FF,FF,02,66,FF,FF,FF
79372,6496,0xCFF6600,1,8,C0,0C,FF,FF,FF,FF,FF,FF
79391,6497,0xCF00400,1,8,FF,FF,FF,76,65,FF,FF,FF
79392,6498,0xCFF6600,1,8,AE,0C,FF,FF,FF,FF,FF,FF
79411,6499,0xCF00400,1,8,FF,FF,FF,66,65,FF,FF,FF
79412,6500,0xCFF6600,1,8,AC,0C,FF,FF,FF,FF,FF,FF
79432,6501,0xCF00400,1,8,FF,FF,FF,B8,65,FF,FF,FF
79432,6502,0xCFF6600,1,8,B7,0C,FF,FF,FF,FF,FF,FF
79442,6503,0x18F00500,1,8,FF,FF,FF,FF,20,2D,FF,FF
79464,6504,0xCF00400,1,8,FF,FF,FF,DC,65,FF,FF,FF
79464,6505,0xCFF6600,1,8,BB,0C,FF,FF,FF,FF,FF,FF
79465,6506,0x18F00600,1,8,FF,FF,FF,FF,FF,FF,FF,FF
79466,6507,0x18FEF100,1,8,3F,00,00,FF,FF,FF,FF,FF
79466,6508,0x18FEF200,1,8,20,00,00,00,00,00,00,FF
79467,6509,0x1CFDDF00,1,8,FE,FF,FF,FF,FF,FF,FF,FF
79467,6510,0x1CFF6A00,1,8,FC,FF,FF,FF,FF,FF,FF,FF
79471,6511,0xCF00400,1,8,FF,FF,FF,E6,65,FF,FF,FF
79472,6512,0xCFF6600,1,8,BC,0C,FF,FF,FF,FF,FF,FF
79493,6513,0xCF00400,1,8,FF,FF,FF,B4,65,FF,FF,FF
79493,6514,0xCFF6600,1,8,B6,0C,FF,FF,FF,FF,FF,FF
79511,6515,0xCF00400,1,8,FF,FF,FF,4A,65,FF,FF,FF
79512,6516,0xCFF6600,1,8,A9,0C,FF,FF,FF,FF,FF,FF
79532,6517,0xCF00400,1,8,FF,FF,FF,62,65,FF,FF,FF
79533,6518,0xCFF6600,1,8,AC,0C,FF,FF,FF,FF,FF,FF
79542,6519,0x18FEF100,1,8,3F,00,00,FF,FF,FF,FF,FF
79543,6520,0x10FF6500,1,8,FC,FF,FF,FF,FF,FF,FF,FF
79544,6521,0x18F00500,1,8,FF,FF,FF,FF,20,2D,FF,FF
79545,6522,0x18FEF200,1,8,20,00,00,00,00,00,02,FF
79551,6523,0xCF00400,1,8,FF,FF,FF,CC,65,FF,FF,FF
79552,6524,0xCFF6600,1,8,B9,0C,FF,FF,FF,FF,FF,FF
79571,6525,0xCF00400,1,8,FF,FF,FF,A4,65,FF,FF,FF
79572,6526,0xCFF6600,1,8,B4,0C,FF,FF,FF,FF,FF,FF
79591,6527,0xCF00400,1,8,FF,FF,FF,1E,65,FF,FF,FF
79592,6528,0xCFF6600,1,8,A3,0C,FF,FF,FF,FF,FF,FF
79613,6529,0xCF00400,1,8,FF,FF,FF,C6,65,FF,FF,FF
79613,6530,0xCFF6600,1,8,B8,0C,FF,FF,FF,FF,FF,FF
79631,6531,0xCF00400,1,8,FF,FF,FF,20,67,FF,FF,FF
79632,6532,0xCFF6600,1,8,E4,0C,FF,FF,FF,FF,FF,FF
79642,6533,0x18FEF100,1,8,3F,00,00,FF,FF,FF,FF,FF
79643,6534,0x18F00500,1,8,FF,FF,FF,FF,20,2D,FF,FF
79644,6535,0x18FEF200,1,8,20,00,00,00,00,00,1D,FF
79652,6536,0xCF00400,1,8,FF,FF,FF,1E,69,FF,FF,FF
79671,6537,0xCFF6600,1,8,23,0D,FF,FF,FF,FF,FF,FF
79672,6538,0x18EEFF00,1,8,08,CF,60,06,00,00,00,00
79691,6539,0xCF00400,1,8,FF,FF,FF,06,6D,FF,FF,FF
79693,6540,0xCFF6600,1,8,A0,0D,FF,FF,FF,FF,FF,FF
79711,6541,0xCF00400,1,8,FF,FF,FF,E8,6E,FF,FF,FF
79712,6542,0xCFF6600,1,8,DD,0D,FF,FF,FF,FF,FF,FF
79732,6543,0xCF00400,1,8,FF,FF,FF,82,72,FF,FF,FF
79732,6544,0xCFF6600,1,8,50,0E,FF,FF,FF,FF,FF,FF
79742,6545,0x18FEF100,1,8,3F,00,00,FF,FF,FF,FF,FF
79743,6546,0x10FF6500,1,8,FC,FF,FF,FF,FF,FF,FF,FF
79743,6547,0x18F00500,1,8,FF,FF,FF,FF,20,2D,FF,FF
79764,6548,0xCF00400,1,8,FF,FF,FF,1A,74,FF,FF,FF
79765,6549,0xCFF6600,1,8,83,0E,FF,FF,FF,FF,FF,FF
79766,6550,0x18FEF200,1,8,20,00,00,00,00,00,0C,FF
79802,6551,0xCF00400,1,8,FF,FF,FF,5E,75,FF,FF,FF
79802,6552,0xCFF6600,1,8,AB,0E,FF,FF,FF,FF,FF,FF
79803,6553,0x18EEFF00,1,8,08,CF,60,06,00,00,00,00
79811,6554,0xCF00400,1,8,FF,FF,FF,5E,77,FF,FF,FF
79812,6555,0xCFF6600,1,8,EB,0E,FF,FF,FF,FF,FF,FF
79831,6556,0xCF00400,1,8,FF,FF,FF,8C,77,FF,FF,FF
79832,6557,0xCFF6600,1,8,F1,0E,FF,FF,FF,FF,FF,FF
79842,6558,0x18FEF100,1,8,3F,00,00,FF,FF,FF,FF,FF
79843,6559,0x18F00500,1,8,FF,FF,FF,FF,20,2D,FF,FF
79844,6560,0x18FEF200,1,8,20,00,00,00,00,00,00,FF
79852,6561,0xCF00400,1,8,FF,FF,FF,8C,77,FF,FF,FF
79854,6562,0xCFF6600,1,8,F1,0E,FF,FF,FF,FF,FF,FF
79871,6563,0xCF00400,1,8,FF,FF,FF,5E,77,FF,FF,FF
79872,6564,0xCFF6600,1,8,EB,0E,FF,FF,FF,FF,FF,FF
79892,6565,0xCF00400,1,8,FF,FF,FF,F8,76,FF,FF,FF
79892,6566,0xCFF6600,1,8,DF,0E,FF,FF,FF,FF,FF,FF
79901,6567,0x18FEEE00,1,8,60,FF,FF,FF,FF,FF,FF,FF
79901,6568,0x18FDE500,1,8,0A,14,1E,28,32,3C,46,13
79912,6569,0xCF00400,1,8,FF,FF,FF,F0,76,FF,FF,FF
79912,6570,0xCFF6600,1,8,DE,0E,FF,FF,FF,FF,FF,FF
79923,6571,0x1CECFF00,1,8,20,0A,00,02,FF,CA,FE,00
79931,6572,0xCF00400,1,8,FF,FF,FF,74,76,FF,FF,FF
79932,6573,0xCFF6600,1,8,CE,0E,FF,FF,FF,FF,FF,FF
79942,6574,0x18FEF100,1,8,3F,00,00,FF,FF,FF,FF,FF
79942,6575,0x10FF6500,1,8,FC,FF,FF,FF,FF,FF,FF,FF
79943,6576,0x18F00500,1,8,FF,FF,FF,FF,20,2D,FF,FF
79944,6577,0x18F00600,1,8,FF,FF,FF,FF,FF,FF,FF,FF
79945,6578,0x18FEF200,1,8,26,00,00,00,00,00,00,FF
79945,6579,0x1CFDDF00,1,8,FE,FF,FF,FF,FF,FF,FF,FF
79946,6580,0x1CFF6A00,1,8,FC,FF,FF,FF,FF,FF,FF,FF
79952,6581,0xCF00400,1,8,FF,FF,FF,46,75,FF,FF,FF
79953,6582,0xCFF6600,1,8,A8,0E,FF,FF,FF,FF,FF,FF
79971,6583,0xCF00400,1,8,FF,FF,FF,4A,75,FF,FF,FF
79991,6584,0xCFF6600,1,8,A9,0E,FF,FF,FF,FF,FF,FF
79992,6585,0xCF00400,1,8,FF,FF,FF,02,75,FF,FF,FF
79992,6586,0x1CEBFF00,1,8,01,40,FF,0F,F0,E5,01,02
80012,6587,0xCF00400,1,8,FF,FF,FF,84,74,FF,FF,FF
80013,6588,0xCFF6600,1,8,90,0E,FF,FF,FF,FF,FF,FF
80021,6589,0x1CEBFF00,1,8,02,F0,E3,01,FF,FF,FF,FF
80031,6590,0xCF00400,1,8,FF,FF,FF,04,74,FF,FF,FF
80032,6591,0xCFF6600,1,8,80,0E,FF,FF,FF,FF,FF,FF
80042,6592,0x18FEF100,1,8,3F,00,00,FF,FF,FF,FF,FF
80042,6593,0x18F00500,1,8,FF,FF,FF,FF,20,2D,FF,FF
80043,6594,0x18FEF200,1,8,26,00,00,00,00,00,00,FF
80051,6595,0xCF00400,1,8,FF,FF,FF,24,73,FF,FF,FF
80052,6596,0xCFF6600,1,8,64,0E,FF,FF,FF,FF,FF,FF
80085,6597,0xCF00400,1,8,FF,FF,FF,D6,72,FF,FF,FF
80086,6598,0xCFF6600,1,8,5A,0E,FF,FF,FF,FF,FF,FF
80090,6599,0x18EEFF00,1,8,08,CF,60,06,00,00,00,00
80091,6600,0xCF00400,1,8,FF,FF,FF,44,72,FF,FF,FF
80092,6601,0xCFF6600,1,8,48,0E,FF,FF,FF,FF,FF,FF
80111,6602,0xCF00400,1,8,FF,FF,FF,72,71,FF,FF,FF
80112,6603,0xCFF6600,1,8,2E,0E,FF,FF,FF,FF,FF,FF
80132,6604,0xCF00400,1,8,FF,FF,FF,E6,6F,FF,FF,FF
80132,6605,0xCFF6600,1,8,FC,0D,FF,FF,FF,FF,FF,FF
80142,6606,0x18FEF100,1,8,3F,00,00,FF,FF,FF,FF,FF
80143,6607,0x10FF6500,1,8,FC,FF,FF,FF,FF,FF,FF,FF
80143,6608,0x18F00500,1,8,FF,FF,FF,FF,20,2D,FF,FF
80144,6609,0x18FEF200,1,8,26,00,00,00,00,00,00,FF
80151,6610,0xCF00400,1,8,FF,FF,FF,1E,6F,FF,FF,FF
80152,6611,0xCFF6600,1,8,E3,0D,FF,FF,FF,FF,FF,FF
80172,6612,0xCF00400,1,8,FF,FF,FF,4E,6E,FF,FF,FF
80174,6613,0xCFF6600,1,8,C9,0D,FF,FF,FF,FF,FF,FF
80192,6614,0xCF00400,1,8,FF,FF,FF,8A,6D,FF,FF,FF
80192,6615,0xCFF6600,1,8,B1,0D,FF,FF,FF,FF,FF,FF
80212,6616,0xCF00400,1,8,FF,FF,FF,D0,6C,FF,FF,FF
80213,6617,0xCFF6600,1,8,9A,0D,FF,FF,FF,FF,FF,FF
80232,6618,0xCF00400,1,8,FF,FF,FF,30,6C,FF,FF,FF
80232,6619,0xCFF6600,1,8,86,0D,FF,FF,FF,FF,FF,FF
80242,6620,0x18FEF100,1,8,3F,00,00,FF,FF,FF,FF,FF
80243,6621,0x18F00500,1,8,FF,FF,FF,FF,20,2D,FF,FF
80243,6622,0x18FEF200,1,8,26,00,00,00,00,00,00,FF
80253,6623,0xCF00400,1,8,FF,FF,FF,A4,6B,FF,FF,FF
80254,6624,0xCFF6600,1,8,74,0D,FF,FF,FF,FF,FF,FF
80273,6625,0xCF00400,1,8,FF,FF,FF,54,6A,FF,FF,FF
80273,6626,0xCFF6600,1,8,4A,0D,FF,FF,FF,FF,FF,FF
80291,6627,0xCF00400,1,8,FF,FF,FF,DE,69,FF,FF,FF
80292,6628,0xCFF6600,1,8,3B,0D,FF,FF,FF,FF,FF,FF
80312,6629,0xCF00400,1,8,FF,FF,FF,9C,69,FF,FF,FF
80312,6630,0xCFF6600,1,8,33,0D,FF,FF,FF,FF,FF,FF
80332,6631,0xCF00400,1,8,FF,FF,FF,86,69,FF,FF,FF
80368,6632,0xCF00400,1,8,FF,FF,FF,8C,69,FF,FF,FF
80369,6633,0xCFF6600,1,8,30,0D,FF,FF,FF,FF,FF,FF
80370,6634,0x10FF6500,1,8,FC,FF,FF,FF,FF,FF,FF,FF
80370,6635,0x18F00500,1,8,FF,FF,FF,FF,20,2D,FF,FF
80371,6636,0x18EEFF00,1,8,08,CF,60,06,00,00,00,00
80371,6637,0x18FEF100,1,8,3F,00,00,FF,FF,FF,FF,FF
80372,6638,0x18FEF200,1,8,26,00,00,00,00,00,00,FF
80392,6639,0xCF00400,1,8,FF,FF,FF,A4,68,FF,FF,FF
80392,6640,0xCFF6600,1,8,14,0D,FF,FF,FF,FF,FF,FF
80412,6641,0xCF00400,1,8,FF,FF,FF,20,68,FF,FF,FF
80413,6642,0xCFF6600,1,8,04,0D,FF,FF,FF,FF,FF,FF
80432,6643,0xCF00400,1,8,FF,FF,FF,54,67,FF,FF,FF
80452,6644,0xCF00400,1,8,FF,FF,FF,14,67,FF,FF,FF
80453,6645,0xCFF6600,1,8,EA,0C,FF,FF,FF,FF,FF,FF
80454,6646,0x18F00500,1,8,FF,FF,FF,FF,20,2D,FF,FF
80454,6647,0x18F00600,1,8,FF,FF,FF,FF,FF,FF,FF,FF
80455,6648,0x18FEF100,1,8,3F,00,00,FF,FF,FF,FF,FF
80456,6649,0x18FEF200,1,8,26,00,00,00,00,00,00,FF
80456,6650,0x1CFDDF00,1,8,FE,FF,FF,FF,FF,FF,FF,FF
80457,6651,0x1CFF6A00,1,8,FC,FF,FF,FF,FF,FF,FF,FF
80472,6652,0xCF00400,1,8,FF,FF,FF,88,66,FF,FF,FF
80472,6653,0xCFF6600,1,8,D1,0C,FF,FF,FF,FF,FF,FF
80505,6654,0xCF00400,1,8,FF,FF,FF,B6,65,FF,FF,FF
80506,6655,0xCFF6600,1,8,B6,0C,FF,FF,FF,FF,FF,FF
80510,6656,0x18EEFF00,1,8,08,CF,60,06,00,00,00,00
80511,6657,0xCF00400,1,8,FF,FF,FF,64,65,FF,FF,FF
80512,6658,0xCFF6600,1,8,AC,0C,FF,FF,FF,FF,FF,FF
80531,6659,0xCF00400,1,8,FF,FF,FF,78,65,FF,FF,FF
80532,6660,0xCFF6600,1,8,AF,0C,FF,FF,FF,FF,FF,FF
80543,6661,0x18FEF100,1,8,3F,00,00,FF,FF,FF,FF,FF
80543,6662,0x10FF6500,1,8,FC,FF,FF,FF,FF,FF,FF,FF
80545,6663,0x18F00500,1,8,FF,FF,FF,FF,20,2D,FF,FF
80545,6664,0x18FEF200,1,8,26,00,00,00,00,00,00,FF
80551,6665,0xCF00400,1,8,FF,FF,FF,F4,64,FF,FF,FF
80552,6666,0xCFF6600,1,8,9E,0C,FF,FF,FF,FF,FF,FF
80572,6667,0xCF00400,1,8,FF,FF,FF,FA,63,FF,FF,FF
80573,6668,0xCFF6600,1,8,7F,0C,FF,FF,FF,FF,FF,FF
80591,6669,0xCF00400,1,8,FF,FF,FF,56,63,FF,FF,FF
80592,6670,0xCFF6600,1,8,6A,0C,FF,FF,FF,FF,FF,FF
80612,6671,0xCF00400,1,8,FF,FF,FF,F8,62,FF,FF,FF
80612,6672,0xCFF6600,1,8,5F,0C,FF,FF,FF,FF,FF,FF
80632,6673,0xCF00400,1,8,FF,FF,FF,9A,62,FF,FF,FF
80633,6674,0xCFF6600,1,8,53,0C,FF,FF,FF,FF,FF,FF
80642,6675,0x18F00500,1,8,FF,FF,FF,FF,20,2D,FF,FF
80643,6676,0x18FEF100,1,8,3F,00,00,FF,FF,FF,FF,FF
80664,6677,0xCF00400,1,8,FF,FF,FF,3E,62,FF,FF,FF
80664,6678,0xCFF6600,1,8,47,0C,FF,FF,FF,FF,FF,FF
80665,6679,0x18FEF200,1,8,26,00,00,00,00,00,00,FF
80672,6680,0xCF00400,1,8,FF,FF,FF,18,62,FF,FF,FF
80672,6681,0xCFF6600,1,8,43,0C,FF,FF,FF,FF,FF,FF
80692,6682,0xCF00400,1,8,FF,FF,FF,14,62,FF,FF,FF
80692,6683,0xCFF6600,1,8,42,0C,FF,FF,FF,FF,FF,FF
80713,6684,0xCF00400,1,8,FF,FF,FF,F2,61,FF,FF,FF
80713,6685,0xCFF6600,1,8,3E,0C,FF,FF,FF,FF,FF,FF
80731,6686,0xCF00400,1,8,FF,FF,FF,B6,61,FF,FF,FF
80732,6687,0xCFF6600,1,8,36,0C,FF,FF,FF,FF,FF,FF
80742,6688,0x18F00500,1,8,FF,FF,FF,FF,20,2D,FF,FF
80744,6689,0x10FF6500,1,8,FC,FF,FF,FF,FF,FF,FF,FF
80744,6690,0x18FEF100,1,8,3F,00,00,FF,FF,FF,FF,FF
80745,6691,0x18FEF200,1,8,26,00,00,00,00,00,02,FF
80770,6692,0xCF00400,1,8,FF,FF,FF,76,61,FF,FF,FF
80789,6693,0xCFF6600,1,8,2E,0C,FF,FF,FF,FF,FF,FF
80790,6694,0x18EEFF00,1,8,08,CF,60,06,00,00,00,00
80792,6695,0xCF00400,1,8,FF,FF,FF,EC,5F,FF,FF,FF
80792,6696,0xCFF6600,1,8,FD,0B,FF,FF,FF,FF,FF,FF
80812,6697,0xCF00400,1,8,FF,FF,FF,0E,60,FF,FF,FF
80813,6698,0xCFF6600,1,8,01,0C,FF,FF,FF,FF,FF,FF
80832,6699,0xCF00400,1,8,FF,FF,FF,E6,60,FF,FF,FF
80832,6700,0xCFF6600,1,8,1C,0C,FF,FF,FF,FF,FF,FF
80842,6701,0x18F00500,1,8,FF,FF,FF,FF,20,2D,FF,FF
80843,6702,0x18FEF100,1,8,3F,00,00,FF,FF,FF,FF,FF
80843,6703,0x18FEF200,1,8,26,00,00,00,00,00,0C,FF
80853,6704,0xCF00400,1,8,FF,FF,FF,A8,61,FF,FF,FF
80855,6705,0xCFF6600,1,8,35,0C,FF,FF,FF,FF,FF,FF
80871,6706,0xCF00400,1,8,FF,FF,FF,6C,62,FF,FF,FF
80872,6707,0xCFF6600,1,8,4D,0C,FF,FF,FF,FF,FF,FF
80892,6708,0xCF00400,1,8,FF,FF,FF,24,63,FF,FF,FF
80912,6709,0xCF00400,1,8,FF,FF,FF,D8,63,FF,FF,FF
80913,6710,0xCFF6600,1,8,64,0C,FF,FF,FF,FF,FF,FF
80913,6711,0x18FDE500,1,8,0A,14,1E,28,32,3C,46,13
80914,6712,0x18FEEE00,1,8,60,FF,FF,FF,FF,FF,FF,FF
80922,6713,0x1CECFF00,1,8,20,0A,00,02,FF,CA,FE,00
80932,6714,0xCF00400,1,8,FF,FF,FF,96,64,FF,FF,FF
80932,6715,0xCFF6600,1,8,92,0C,FF,FF,FF,FF,FF,FF
80943,6716,0x18FEF100,1,8,3F,00,00,FF,FF,FF,FF,FF
80943,6717,0x10FF6500,1,8,FC,FF,FF,FF,FF,FF,FF,FF
80944,6718,0x18F00500,1,8,FF,FF,FF,FF,20,2D,FF,FF
80944,6719,0x18F00600,1,8,FF,FF,FF,FF,FF,FF,FF,FF
80945,6720,0x18FEF200,1,8,22,00,00,00,00,00,04,FF
80946,6721,0x1CFDDF00,1,8,FE,FF,FF,FF,FF,FF,FF,FF
80946,6722,0x1CFF6A00,1,8,FC,FF,FF,FF,FF,FF,FF,FF
80951,6723,0xCF00400,1,8,FF,FF,FF,56,65,FF,FF,FF
80952,6724,0xCFF6600,1,8,AA,0C,FF,FF,FF,FF,FF,FF
80973,6725,0xCF00400,1,8,FF,FF,FF,B6,65,FF,FF,FF
80973,6726,0xCFF6600,1,8,B6,0C,FF,FF,FF,FF,FF,FF
80974,6727,0x1CEBFF00,1,8,01,40,FF,0F,F0,E5,01,02
80991,6728,0xCF00400,1,8,FF,FF,FF,C4,65,FF,FF,FF
80992,6729,0xCFF6600,1,8,B8,0C,FF,FF,FF,FF,FF,FF
81011,6730,0xCF00400,1,8,FF,FF,FF,2C,65,FF,FF,FF
81012,6731,0xCFF6600,1,8,A5,0C,FF,FF,FF,FF,FF,FF
81021,6732,0x1CEBFF00,1,8,02,F0,E3,01,FF,FF,FF,FF
81031,6733,0xCF00400,1,8,FF,FF,FF,F4,63,FF,FF,FF
81032,6734,0xCFF6600,1,8,7E,0C,FF,FF,FF,FF,FF,FF
81042,6735,0x18FEF100,1,8,3F,00,00,FF,FF,FF,FF,FF
81042,6736,0x18F00500,1,8,FF,FF,FF,FF,20,2D,FF,FF
81043,6737,0x18FEF200,1,8,22,00,00,00,00,00,03,FF
81085,6738,0xCF00400,1,8,FF,FF,FF,D2,63,FF,FF,FF
81088,6739,0xCFF6600,1,8,7A,0C,FF,FF,FF,FF,FF,FF
81090,6740,0x18EEFF00,1,8,08,CF,60,06,00,00,00,00
81092,6741,0xCF00400,1,8,FF,FF,FF,54,65,FF,FF,FF
81092,6742,0xCFF6600,1,8,AA,0C,FF,FF,FF,FF,FF,FF
81112,6743,0xCF00400,1,8,FF,FF,FF,F4,65,FF,FF,FF
81112,6744,0xCFF6600,1,8,BE,0C,FF,FF,FF,FF,FF,FF
81132,6745,0xCF00400,1,8,FF,FF,FF,D8,66,FF,FF,FF
81133,6746,0xCFF6600,1,8,DB,0C,FF,FF,FF,FF,FF,FF
81142,6747,0x18FEF100,1,8,3F,00,00,FF,FF,FF,FF,FF
81143,6748,0x10FF6500,1,8,FC,FF,FF,FF,FF,FF,FF,FF
81143,6749,0x18F00500,1,8,FF,FF,FF,FF,20,2D,FF,FF
81144,6750,0x18FEF200,1,8,22,00,00,00,00,00,0C,FF
81153,6751,0xCF00400,1,8,FF,FF,FF,1A,68,FF,FF,FF
81155,6752,0xCFF6600,1,8,03,0D,FF,FF,FF,FF,FF,FF
81172,6753,0xCF00400,1,8,FF,FF,FF,9C,69,FF,FF,FF
81186,6754,0xCFF6600,1,8,33,0D,FF,FF,FF,FF,FF,FF
81190,6755,0x18EEFF00,1,8,08,CF,60,06,00,00,00,00
81191,6756,0xCF00400,1,8,FF,FF,FF,B0,6A,FF,FF,FF
81192,6757,0xCFF6600,1,8,56,0D,FF,FF,FF,FF,FF,FF
81211,6758,0xCF00400,1,8,FF,FF,FF,86,6B,FF,FF,FF
81212,6759,0xCFF6600,1,8,70,0D,FF,FF,FF,FF,FF,FF
81231,6760,0xCF00400,1,8,FF,FF,FF,1C,6C,FF,FF,FF
81232,6761,0xCFF6600,1,8,83,0D,FF,FF,FF,FF,FF,FF
81242,6762,0x18FEF100,1,8,3F,00,00,FF,FF,FF,FF,FF
81243,6763,0x18F00500,1,8,FF,FF,FF,FF,20,2D,FF,FF
81243,6764,0x18FEF200,1,8,22,00,00,00,00,00,00,FF
81251,6765,0xCF00400,1,8,FF,FF,FF,92,6C,FF,FF,FF
81252,6766,0xCFF6600,1,8,92,0D,FF,FF,FF,FF,FF,FF
81273,6767,0xCF00400,1,8,FF,FF,FF,6E,6C,FF,FF,FF
81273,6768,0xCFF6600,1,8,8D,0D,FF,FF,FF,FF,FF,FF
81291,6769,0xCF00400,1,8,FF,FF,FF,7E,6C,FF,FF,FF
81292,6770,0xCFF6600,1,8,8F,0D,FF,FF,FF,FF,FF,FF
81311,6771,0xCF00400,1,8,FF,FF,FF,9E,6C,FF,FF,FF
81312,6772,0xCFF6600,1,8,93,0D,FF,FF,FF,FF,FF,FF
81331,6773,0xCF00400,1,8,FF,FF,FF,CA,6C,FF,FF,FF
81332,6774,0xCFF6600,1,8,99,0D,FF,FF,FF,FF,FF,FF
81342,6775,0x18F00500,1,8,FF,FF,FF,FF,20,2D,FF,FF
81343,6776,0x10FF6500,1,8,FC,FF,FF,FF,FF,FF,FF,FF
81343,6777,0x18FEF100,1,8,3F,00,00,FF,FF,FF,FF,FF
81344,6778,0x18FEF200,1,8,22,00,00,00,00,00,00,FF
81351,6779,0xCF00400,1,8,FF,FF,FF,0A,6D,FF,FF,FF
81352,6780,0xCFF6600,1,8,A1,0D,FF,FF,FF,FF,FF,FF
81372,6781,0xCF00400,1,8,FF,FF,FF,E0,6C,FF,FF,FF
81372,6782,0xCFF6600,1,8,9C,0D,FF,FF,FF,FF,FF,FF
81392,6783,0xCF00400,1,8,FF,FF,FF,D4,6C,FF,FF,FF
81392,6784,0xCFF6600,1,8,9A,0D,FF,FF,FF,FF,FF,FF
81412,6785,0xCF00400,1,8,FF,FF,FF,E2,6C,FF,FF,FF
81413,6786,0xCFF6600,1,8,9C,0D,FF,FF,FF,FF,FF,FF
81432,6787,0xCF00400,1,8,FF,FF,FF,08,6D,FF,FF,FF
81433,6788,0xCFF6600,1,8,A1,0D,FF,FF,FF,FF,FF,FF
81443,6789,0x18F00500,1,8,FF,FF,FF,FF,20,2D,FF,FF
81444,6790,0x18F00600,1,8,FF,FF,FF,FF,FF,FF,FF,FF
81445,6791,0x18FEF100,1,8,3F,00,00,FF,FF,FF,FF,FF
81445,6792,0x18FEF200,1,8,22,00,00,00,00,00,0D,FF
81446,6793,0x1CFDDF00,1,8,FE,FF,FF,FF,FF,FF,FF,FF
81447,6794,0x1CFF6A00,1,8,FC,FF,FF,FF,FF,FF,FF,FF
81451,6795,0xCF00400,1,8,FF,FF,FF,40,6D,FF,FF,FF
81452,6796,0xCFF6600,1,8,A8,0D,FF,FF,FF,FF,FF,FF
81471,6797,0xCF00400,1,8,FF,FF,FF,E6,6D,FF,FF,FF
81472,6798,0xCFF6600,1,8,BC,0D,FF,FF,FF,FF,FF,FF
81493,6799,0xCF00400,1,8,FF,FF,FF,A2,6F,FF,FF,FF
81493,6800,0xCFF6600,1,8,F4,0D,FF,FF,FF,FF,FF,FF
81511,6801,0xCF00400,1,8,FF,FF,FF,60,70,FF,FF,FF
81512,6802,0xCFF6600,1,8,0C,0E,FF,FF,FF,FF,FF,FF
81531,6803,0xCF00400,1,8,FF,FF,FF,1A,72,FF,FF,FF
81532,6804,0xCFF6600,1,8,43,0E,FF,FF,FF,FF,FF,FF
81542,6805,0x18FEF100,1,8,3F,00,00,FF,FF,FF,FF,FF
81542,6806,0x10FF6500,1,8,FC,FF,FF,FF,FF,FF,FF,FF
81543,6807,0x18F00500,1,8,FF,FF,FF,FF,20,2D,FF,FF
81544,6808,0x18FEF200,1,8,22,00,00,00,00,00,11,FF
81552,6809,0xCF00400,1,8,FF,FF,FF,6C,74,FF,FF,FF
81572,6810,0xCF00400,1,8,FF,FF,FF,6A,77,FF,FF,FF
81573,6811,0xCFF6600,1,8,8D,0E,FF,FF,FF,FF,FF,FF
81594,6812,0xCF00400,1,8,FF,FF,FF,48,78,FF,FF,FF
81594,6813,0xCFF6600,1,8,09,0F,FF,FF,FF,FF,FF,FF
81612,6814,0xCF00400,1,8,FF,FF,FF,CC,78,FF,FF,FF
81612,6815,0xCFF6600,1,8,19,0F,FF,FF,FF,FF,FF,FF
81632,6816,0xCF00400,1,8,FF,FF,FF,E8,78,FF,FF,FF
81632,6817,0xCFF6600,1,8,1D,0F,FF,FF,FF,FF,FF,FF
81642,6818,0x18FEF100,1,8,3F,00,00,FF,FF,FF,FF,FF
81642,6819,0x18F00500,1,8,FF,FF,FF,FF,20,2D,FF,FF
81643,6820,0x18FEF200,1,8,22,00,00,00,00,00,00,FF
81651,6821,0xCF00400,1,8,FF,FF,FF,5E,78,FF,FF,FF
81652,6822,0xCFF6600,1,8,0B,0F,FF,FF,FF,FF,FF,FF
81685,6823,0xCF00400,1,8,FF,FF,FF,DE,77,FF,FF,FF
81686,6824,0xCFF6600,1,8,FB,0E,FF,FF,FF,FF,FF,FF
81690,6825,0x18EEFF00,1,8,08,CF,60,06,00,00,00,00
81691,6826,0xCF00400,1,8,FF,FF,FF,08,77,FF,FF,FF
81692,6827,0xCFF6600,1,8,E1,0E,FF,FF,FF,FF,FF,FF
81712,6828,0xCF00400,1,8,FF,FF,FF,3A,75,FF,FF,FF
81712,6829,0xCFF6600,1,8,A7,0E,FF,FF,FF,FF,FF,FF
81731,6830,0xCF00400,1,8,FF,FF,FF,1C,75,FF,FF,FF
81732,6831,0xCFF6600,1,8,A3,0E,FF,FF,FF,FF,FF,FF
81742,6832,0x18FEF100,1,8,3F,00,00,FF,FF,FF,FF,FF
81742,6833,0x18F00500,1,8,FF,FF,FF,FF,20,2D,FF,FF
81743,6834,0x10FF6500,1,8,FC,FF,FF,FF,FF,FF,FF,FF
81744,6835,0x18FEF200,1,8,22,00,00,00,00,00,00,FF
81752,6836,0xCF00400,1,8,FF,FF,FF,8A,74,FF,FF,FF
81773,6837,0xCF00400,1,8,FF,FF,FF,9C,73,FF,FF,FF
81774,6838,0xCFF6600,1,8,91,0E,FF,FF,FF,FF,FF,FF
81792,6839,0xCF00400,1,8,FF,FF,FF,B4,72,FF,FF,FF
81792,6840,0xCFF6600,1,8,56,0E,FF,FF,FF,FF,FF,FF
81812,6841,0xCF00400,1,8,FF,FF,FF,0C,71,FF,FF,FF
81813,6842,0xCFF6600,1,8,21,0E,FF,FF,FF,FF,FF,FF
81831,6843,0xCF00400,1,8,FF,FF,FF,3C,70,FF,FF,FF
81832,6844,0xCFF6600,1,8,07,0E,FF,FF,FF,FF,FF,FF
81842,6845,0x18FEF100,1,8,3F,00,00,FF,FF,FF,FF,FF
81843,6846,0x18F00500,1,8,FF,FF,FF,FF,20,2D,FF,FF
81843,6847,0x18FEF200,1,8,22,00,00,00,00,00,00,FF
81852,6848,0xCF00400,1,8,FF,FF,FF,74,6F,FF,FF,FF
81853,6849,0xCFF6600,1,8,EE,0D,FF,FF,FF,FF,FF,FF
81871,6850,0xCF00400,1,8,FF,FF,FF,B0,6E,FF,FF,FF
81873,6851,0xCFF6600,1,8,D6,0D,FF,FF,FF,FF,FF,FF
81892,6852,0xCF00400,1,8,FF,FF,FF,1E,6E,FF,FF,FF
81912,6853,0xCF00400,1,8,FF,FF,FF,3E,6D,FF,FF,FF
81912,6854,0xCFF6600,1,8,C3,0D,FF,FF,FF,FF,FF,FF
81913,6855,0x18FDE500,1,8,0A,14,1E,28,32,3C,46,13
81914,6856,0x18FEEE00,1,8,60,FF,FF,FF,FF,FF,FF,FF
81921,6857,0x1CECFF00,1,8,20,0A,00,02,FF,CA,FE,00
81931,6858,0xCF00400,1,8,FF,FF,FF,D2,6C,FF,FF,FF
81933,6859,0xCFF6600,1,8,9A,0D,FF,FF,FF,FF,FF,FF
81942,6860,0x18FEF100,1,8,3F,00,00,FF,FF,FF,FF,FF
81943,6861,0x10FF6500,1,8,FC,FF,FF,FF,FF,FF,FF,FF
81943,6862,0x18F00500,1,8,FF,FF,FF,FF,20,2D,FF,FF
81944,6863,0x18F00600,1,8,FF,FF,FF,FF,FF,FF,FF,FF
81945,6864,0x18FEF200,1,8,26,00,00,00,00,00,00,FF
81945,6865,0x1CFDDF00,1,8,FE,FF,FF,FF,FF,FF,FF,FF
81946,6866,0x1CFF6A00,1,8,FC,FF,FF,FF,FF,FF,FF,FF
81952,6867,0xCF00400,1,8,FF,FF,FF,1E,6C,FF,FF,FF
81952,6868,0xCFF6600,1,8,83,0D,FF,FF,FF,FF,FF,FF
81985,6869,0xCF00400,1,8,FF,FF,FF,20,6B,FF,FF,FF
81986,6870,0xCFF6600,1,8,64,0D,FF,FF,FF,FF,FF,FF
81987,6871,0x1CEBFF00,1,8,01,40,FF,0F,F0,E5,01,02
81990,6872,0x18EEFF00,1,8,08,CF,60,06,00,00,00,00
81991,6873,0xCF00400,1,8,FF,FF,FF,5A,6A,FF,FF,FF
81992,6874,0xCFF6600,1,8,4B,0D,FF,FF,FF,FF,FF,FF
82011,6875,0xCF00400,1,8,FF,FF,FF,D0,69,FF,FF,FF
82012,6876,0xCFF6600,1,8,3A,0D,FF,FF,FF,FF,FF,FF
82021,6877,0x1CEBFF00,1,8,02,F0,E3,01,FF,FF,FF,FF
82032,6878,0xCF00400,1,8,FF,FF,FF,AE,6A,FF,FF,FF
82033,6879,0xCFF6600,1,8,55,0D,FF,FF,FF,FF,FF,FF
82044,6880,0x18F00500,1,8,FF,FF,FF,FF,20,2D,FF,FF
82045,6881,0x18FEF100,1,8,3F,00,00,FF,FF,FF,FF,FF
82045,6882,0x18FEF200,1,8,26,00,00,00,00,00,38,FF
82052,6883,0xCF00400,1,8,FF,FF,FF,3E,6F,FF,FF,FF
82053,6884,0xCFF6600,1,8,E7,0D,FF,FF,FF,FF,FF,FF
82071,6885,0xCF00400,1,8,FF,FF,FF,30,72,FF,FF,FF
82093,6886,0xCF00400,1,8,FF,FF,FF,78,75,FF,FF,FF
82093,6887,0xCFF6600,1,8,46,0E,FF,FF,FF,FF,FF,FF
82112,6888,0xCF00400,1,8,FF,FF,FF,E4,78,FF,FF,FF
82112,6889,0xCFF6600,1,8,1C,0F,FF,FF,FF,FF,FF,FF
82132,6890,0xCF00400,1,8,FF,FF,FF,3A,7D,FF,FF,FF
82133,6891,0xCFF6600,1,8,A7,0F,FF,FF,FF,FF,FF,FF
82143,6892,0x18F00500,1,8,FF,FF,FF,FF,20,2D,FF,FF
82157,6893,0x10FF6500,1,8,FC,FF,FF,FF,FF,FF,FF,FF
82158,6894,0x18FEF100,1,8,3F,00,00,FF,FF,FF,FF,FF
82158,6895,0x18FEF200,1,8,26,00,00,00,00,00,03,FF
82160,6896,0x18EEFF00,1,8,08,CF,60,06,00,00,00,00
82172,6897,0xCF00400,1,8,FF,FF,FF,BA,7F,FF,FF,FF
82173,6898,0xCFF6600,1,8,F7,0F,FF,FF,FF,FF,FF,FF
82191,6899,0xCF00400,1,8,FF,FF,FF,9A,7F,FF,FF,FF
82192,6900,0xCFF6600,1,8,F3,0F,FF,FF,FF,FF,FF,FF
82211,6901,0xCF00400,1,8,FF,FF,FF,16,7F,FF,FF,FF
82212,6902,0xCFF6600,1,8,E2,0F,FF,FF,FF,FF,FF,FF
82232,6903,0xCF00400,1,8,FF,FF,FF,F6,7D,FF,FF,FF
82234,6904,0xCFF6600,1,8,BE,0F,FF,FF,FF,FF,FF,FF
82242,6905,0x18F00500,1,8,FF,FF,FF,FF,20,2D,FF,FF
82243,6906,0x18FEF100,1,8,3F,00,00,FF,FF,FF,FF,FF
82243,6907,0x18FEF200,1,8,26,00,00,00,00,00,00,FF
82251,6908,0xCF00400,1,8,FF,FF,FF,0E,7E,FF,FF,FF
82272,6909,0xCF00400,1,8,FF,FF,FF,9E,7D,FF,FF,FF
82273,6910,0xCFF6600,1,8,C1,0F,FF,FF,FF,FF,FF,FF
82291,6911,0xCF00400,1,8,FF,FF,FF,42,7C,FF,FF,FF
82292,6912,0xCFF6600,1,8,88,0F,FF,FF,FF,FF,FF,FF
82312,6913,0xCF00400,1,8,FF,FF,FF,EC,7B,FF,FF,FF
82312,6914,0xCFF6600,1,8,7D,0F,FF,FF,FF,FF,FF,FF
82332,6915,0xCF00400,1,8,FF,FF,FF,7C,7B,FF,FF,FF
82333,6916,0xCFF6600,1,8,6F,0F,FF,FF,FF,FF,FF,FF
82343,6917,0x10FF6500,1,8,FC,FF,FF,FF,FF,FF,FF,FF
82343,6918,0x18F00500,1,8,FF,FF,FF,FF,20,2D,FF,FF
82344,6919,0x18FEF100,1,8,3F,00,00,FF,FF,FF,FF,FF
82345,6920,0x18FEF200,1,8,26,00,00,00,00,00,00,FF
82352,6921,0xCF00400,1,8,FF,FF,FF,38,7A,FF,FF,FF
82352,6922,0xCFF6600,1,8,47,0F,FF,FF,FF,FF,FF,FF
82373,6923,0xCF00400,1,8,FF,FF,FF,5A,79,FF,FF,FF
82373,6924,0xCFF6600,1,8,2B,0F,FF,FF,FF,FF,FF,FF
82391,6925,0xCF00400,1,8,FF,FF,FF,9A,78,FF,FF,FF
82392,6926,0xCFF6600,1,8,13,0F,FF,FF,FF,FF,FF,FF
82431,6927,0xCF00400,1,8,FF,FF,FF,E6,77,FF,FF,FF
82432,6928,0xCFF6600,1,8,FC,0E,FF,FF,FF,FF,FF,FF
82432,6929,0x18EEFF00,1,8,08,CF,60,06,00,00,00,00
82442,6930,0x18F00500,1,8,FF,FF,FF,FF,20,2D,FF,FF
82443,6931,0x18F00600,1,8,FF,FF,FF,FF,FF,FF,FF,FF
82443,6932,0x18FEF100,1,8,3F,00,00,FF,FF,FF,FF,FF
82444,6933,0x18FEF200,1,8,26,00,00,00,00,00,00,FF
82445,6934,0x1CFDDF00,1,8,FE,FF,FF,FF,FF,FF,FF,FF
82445,6935,0x1CFF6A00,1,8,FC,FF,FF,FF,FF,FF,FF,FF
82454,6936,0xCF00400,1,8,FF,FF,FF,22,75,FF,FF,FF
82454,6937,0xCFF6600,1,8,A4,0E,FF,FF,FF,FF,FF,FF
82472,6938,0xCF00400,1,8,FF,FF,FF,7C,74,FF,FF,FF
82473,6939,0xCFF6600,1,8,8F,0E,FF,FF,FF,FF,FF,FF
82492,6940,0xCF00400,1,8,FF,FF,FF,BA,73,FF,FF,FF
82492,6941,0xCFF6600,1,8,77,0E,FF,FF,FF,FF,FF,FF
82512,6942,0xCF00400,1,8,FF,FF,FF,0C,72,FF,FF,FF
82512,6943,0xCFF6600,1,8,41,0E,FF,FF,FF,FF,FF,FF
82532,6944,0xCF00400,1,8,FF,FF,FF,2A,71,FF,FF,FF
82533,6945,0xCFF6600,1,8,25,0E,FF,FF,FF,FF,FF,FF
82542,6946,0x10FF6500,1,8,FC,FF,FF,FF,FF,FF,FF,FF
82543,6947,0x18F00500,1,8,FF,FF,FF,FF,20,2D,FF,FF
82543,6948,0x18FEF100,1,8,3F,00,00,FF,FF,FF,FF,FF
82544,6949,0x18FEF200,1,8,26,00,00,00,00,00,1E,FF
82551,6950,0xCF00400,1,8,FF,FF,FF,90,70,FF,FF,FF
82552,6951,0xCFF6600,1,8,12,0E,FF,FF,FF,FF,FF,FF
82571,6952,0xCF00400,1,8,FF,FF,FF,54,70,FF,FF,FF
82572,6953,0xCFF6600,1,8,0A,0E,FF,FF,FF,FF,FF,FF
82592,6954,0xCF00400,1,8,FF,FF,FF,44,71,FF,FF,FF
82592,6955,0xCFF6600,1,8,28,0E,FF,FF,FF,FF,FF,FF
82645,6956,0xCF00400,1,8,FF,FF,FF,40,75,FF,FF,FF
82666,6957,0xCFF6600,1,8,A8,0E,FF,FF,FF,FF,FF,FF
82667,6958,0x18EEFF00,1,8,08,CF,60,06,00,00,00,00
82671,6959,0xCF00400,1,8,FF,FF,FF,28,80,FF,FF,FF
82672,6960,0xCFF6600,1,8,05,10,FF,FF,FF,FF,FF,FF
82691,6961,0xCF00400,1,8,FF,FF,FF,D2,82,FF,FF,FF
82692,6962,0xCFF6600,1,8,5A,10,FF,FF,FF,FF,FF,FF
82711,6963,0xCF00400,1,8,FF,FF,FF,7E,85,FF,FF,FF
82712,6964,0xCFF6600,1,8,AF,10,FF,FF,FF,FF,FF,FF
82731,6965,0xCF00400,1,8,FF,FF,FF,C6,89,FF,FF,FF
82732,6966,0xCFF6600,1,8,38,11,FF,FF,FF,FF,FF,FF
82742,6967,0x18FEF100,1,8,3F,00,00,FF,FF,FF,FF,FF
82743,6968,0x18F00500,1,8,FF,FF,FF,FF,20,2D,FF,FF
82743,6969,0x18FEF200,1,8,26,00,00,00,00,00,0D,FF
82751,6970,0xCF00400,1,8,FF,FF,FF,10,8B,FF,FF,FF
82752,6971,0xCFF6600,1,8,62,11,FF,FF,FF,FF,FF,FF
82772,6972,0xCF00400,1,8,FF,FF,FF,1A,8C,FF,FF,FF
82773,6973,0xCFF6600,1,8,83,11,FF,FF,FF,FF,FF,FF
82791,6974,0xCF00400,1,8,FF,FF,FF,5C,8C,FF,FF,FF
82813,6975,0xCF00400,1,8,FF,FF,FF,FE,8B,FF,FF,FF
82813,6976,0xCFF6600,1,8,8B,11,FF,FF,FF,FF,FF,FF
82831,6977,0xCF00400,1,8,FF,FF,FF,F0,8A,FF,FF,FF
82832,6978,0xCFF6600,1,8,5E,11,FF,FF,FF,FF,FF,FF
82842,6979,0x18FEF100,1,8,3F,00,00,FF,FF,FF,FF,FF
82842,6980,0x10FF6500,1,8,FC,FF,FF,FF,FF,FF,FF,FF
82843,6981,0x18F00500,1,8,FF,FF,FF,FF,20,2D,FF,FF
82844,6982,0x18FEF200,1,8,26,00,00,00,00,00,00,FF
82851,6983,0xCF00400,1,8,FF,FF,FF,FE,89,FF,FF,FF
82852,6984,0xCFF6600,1,8,3F,11,FF,FF,FF,FF,FF,FF
82872,6985,0xCF00400,1,8,FF,FF,FF,86,89,FF,FF,FF
82872,6986,0xCFF6600,1,8,30,11,FF,FF,FF,FF,FF,FF
82892,6987,0xCF00400,1,8,FF,FF,FF,68,88,FF,FF,FF
82892,6988,0xCFF6600,1,8,0D,11,FF,FF,FF,FF,FF,FF
82902,6989,0x18FDE500,1,8,0A,14,1E,28,32,3C,46,13
82902,6990,0x18FEEE00,1,8,61,FF,FF,FF,FF,FF,FF,FF
82911,6991,0xCF00400,1,8,FF,FF,FF,FE,87,FF,FF,FF
82912,6992,0xCFF6600,1,8,FF,10,FF,FF,FF,FF,FF,FF
82921,6993,0x1CECFF00,1,8,20,0A,00,02,FF,CA,FE,00
82933,6994,0xCF00400,1,8,FF,FF,FF,F8,86,FF,FF,FF
82934,6995,0xCFF6600,1,8,DF,10,FF,FF,FF,FF,FF,FF
82942,6996,0x18FEF100,1,8,3F,00,00,FF,FF,FF,FF,FF
82943,6997,0x18F00500,1,8,FF,FF,FF,FF,20,2D,FF,FF
82943,6998,0x18FEF200,1,8,2D,00,00,00,00,00,00,FF
82951,6999,0xCF00400,1,8,FF,FF,FF,34,86,FF,FF,FF
82952,7000,0xCFF6600,1,8,C6,10,FF,FF,FF,FF,FF,FF
82972,7001,0xCF00400,1,8,FF,FF,FF,A2,84,FF,FF,FF
82992,7002,0xCF00400,1,8,FF,FF,FF,3C,84,FF,FF,FF
82993,7003,0xCFF6600,1,8,94,10,FF,FF,FF,FF,FF,FF
82994,7004,0x1CEBFF00,1,8,01,40,FF,0F,F0,E5,01,02
83011,7005,0xCF00400,1,8,FF,FF,FF,70,83,FF,FF,FF
83012,7006,0xCFF6600,1,8,6E,10,FF,FF,FF,FF,FF,FF
83021,7007,0x1CEBFF00,1,8,02,F0,E3,01,FF,FF,FF,FF
83031,7008,0xCF00400,1,8,FF,FF,FF,AA,81,FF,FF,FF
83032,7009,0xCFF6600,1,8,35,10,FF,FF,FF,FF,FF,FF
83042,7010,0x18FEF100,1,8,3F,00,00,FF,FF,FF,FF,FF
83043,7011,0x10FF6500,1,8,FC,FF,FF,FF,FF,FF,FF,FF
83043,7012,0x18F00500,1,8,FF,FF,FF,FF,20,2D,FF,FF
83044,7013,0x18F00600,1,8,FF,FF,FF,FF,FF,FF,FF,FF
83045,7014,0x18FEF200,1,8,2D,00,00,00,00,00,00,FF
83045,7015,0x1CFDDF00,1,8,FE,FF,FF,FF,FF,FF,FF,FF
83046,7016,0x1CFF6A00,1,8,FC,FF,FF,FF,FF,FF,FF,FF
83051,7017,0xCF00400,1,8,FF,FF,FF,6E,81,FF,FF,FF
83052,7018,0xCFF6600,1,8,2D,10,FF,FF,FF,FF,FF,FF
83071,7019,0xCF00400,1,8,FF,FF,FF,A6,80,FF,FF,FF
83072,7020,0xCFF6600,1,8,14,10,FF,FF,FF,FF,FF,FF
83091,7021,0xCF00400,1,8,FF,FF,FF,10,7E,FF,FF,FF
83092,7022,0xCFF6600,1,8,C2,0F,FF,FF,FF,FF,FF,FF
83111,7023,0xCF00400,1,8,FF,FF,FF,BA,7C,FF,FF,FF
83112,7024,0xCFF6600,1,8,97,0F,FF,FF,FF,FF,FF,FF
83131,7025,0xCF00400,1,8,FF,FF,FF,90,7B,FF,FF,FF
83132,7026,0xCFF6600,1,8,72,0F,FF,FF,FF,FF,FF,FF
83143,7027,0x18F00500,1,8,FF,FF,FF,FF,20,2D,FF,FF
83144,7028,0x18FEF100,1,8,3F,00,00,FF,FF,FF,FF,FF
83145,7029,0x18FEF200,1,8,2D,00,00,00,00,00,18,FF
83151,7030,0xCF00400,1,8,FF,FF,FF,4E,79,FF,FF,FF
83152,7031,0xCFF6600,1,8,29,0F,FF,FF,FF,FF,FF,FF
83206,7032,0xCF00400,1,8,FF,FF,FF,AC,77,FF,FF,FF
83207,7033,0xCFF6600,1,8,F5,0E,FF,FF,FF,FF,FF,FF
83208,7034,0x18EEFF00,1,8,08,CF,60,06,00,00,00,00
83211,7035,0xCF00400,1,8,FF,FF,FF,CA,7D,FF,FF,FF
83212,7036,0xCFF6600,1,8,B9,0F,FF,FF,FF,FF,FF,FF
83232,7037,0xCF00400,1,8,FF,FF,FF,14,81,FF,FF,FF
83232,7038,0xCFF6600,1,8,22,10,FF,FF,FF,FF,FF,FF
83242,7039,0x18F00500,1,8,FF,FF,FF,FF,20,2D,FF,FF
83242,7040,0x10FF6500,1,8,FC,FF,FF,FF,FF,FF,FF,FF
83243,7041,0x18FEF100,1,8,3F,00,00,FF,FF,FF,FF,FF
83244,7042,0x18FEF200,1,8,2D,00,00,00,00,00,46,FF
83251,7043,0xCF00400,1,8,FF,FF,FF,88,84,FF,FF,FF
83252,7044,0xCFF6600,1,8,91,10,FF,FF,FF,FF,FF,FF
83271,7045,0xCF00400,1,8,FF,FF,FF,54,8B,FF,FF,FF
83272,7046,0xCFF6600,1,8,6A,11,FF,FF,FF,FF,FF,FF
83292,7047,0xCF00400,1,8,FF,FF,FF,44,91,FF,FF,FF
83292,7048,0xCFF6600,1,8,28,12,FF,FF,FF,FF,FF,FF
83312,7049,0xCF00400,1,8,FF,FF,FF,F0,93,FF,FF,FF
83312,7050,0xCFF6600,1,8,7E,12,FF,FF,FF,FF,FF,FF
83332,7051,0xCF00400,1,8,FF,FF,FF,F6,98,FF,FF,FF
83332,7052,0xCFF6600,1,8,1E,13,FF,FF,FF,FF,FF,FF
83342,7053,0x18F00500,1,8,FF,FF,FF,FF,20,2D,FF,FF
83343,7054,0x18FEF100,1,8,3F,00,00,FF,FF,FF,FF,FF
83343,7055,0x18FEF200,1,8,2D,00,00,00,00,00,32,FF
83352,7056,0xCF00400,1,8,FF,FF,FF,60,9B,FF,FF,FF
83352,7057,0xCFF6600,1,8,6C,13,FF,FF,FF,FF,FF,FF
83371,7058,0xCF00400,1,8,FF,FF,FF,6C,9F,FF,FF,FF
83409,7059,0xCF00400,1,8,FF,FF,FF,AA,A1,FF,FF,FF
83409,7060,0xCFF6600,1,8,ED,13,FF,FF,FF,FF,FF,FF
83410,7061,0x18EEFF00,1,8,08,CF,60,06,00,00,00,00
83411,7062,0xCF00400,1,8,FF,FF,FF,0E,A2,FF,FF,FF
83412,7063,0xCFF6600,1,8,41,14,FF,FF,FF,FF,FF,FF
83431,7064,0xCF00400,1,8,FF,FF,FF,C6,A1,FF,FF,FF
83432,7065,0xCFF6600,1,8,38,14,FF,FF,FF,FF,FF,FF
83442,7066,0x18FEF100,1,8,3F,00,00,FF,FF,FF,FF,FF
83442,7067,0x10FF6500,1,8,FC,FF,FF,FF,FF,FF,FF,FF
83443,7068,0x18F00500,1,8,FF,FF,FF,FF,20,2D,FF,FF
83444,7069,0x18FEF200,1,8,2D,00,00,00,00,00,00,FF
83452,7070,0xCF00400,1,8,FF,FF,FF,70,9F,FF,FF,FF
83453,7071,0xCFF6600,1,8,EE,13,FF,FF,FF,FF,FF,FF
83472,7072,0xCF00400,1,8,FF,FF,FF,A0,9C,FF,FF,FF
83472,7073,0xCFF6600,1,8,94,13,FF,FF,FF,FF,FF,FF
83491,7074,0xCF00400,1,8,FF,FF,FF,B4,9B,FF,FF,FF
83492,7075,0xCFF6600,1,8,76,13,FF,FF,FF,FF,FF,FF
83511,7076,0xCF00400,1,8,FF,FF,FF,3E,9A,FF,FF,FF
83512,7077,0xCFF6600,1,8,47,13,FF,FF,FF,FF,FF,FF
83546,7078,0xCF00400,1,8,FF,FF,FF,F0,97,FF,FF,FF
83546,7079,0xCFF6600,1,8,FE,12,FF,FF,FF,FF,FF,FF
83550,7080,0x18EEFF00,1,8,08,CF,60,06,00,00,00,00
83551,7081,0xCF00400,1,8,FF,FF,FF,0C,97,FF,FF,FF
83552,7082,0xCFF6600,1,8,E1,12,FF,FF,FF,FF,FF,FF
83571,7083,0xCF00400,1,8,FF,FF,FF,A4,95,FF,FF,FF
83572,7084,0xCFF6600,1,8,B4,12,FF,FF,FF,FF,FF,FF
83594,7085,0xCF00400,1,8,FF,FF,FF,C8,94,FF,FF,FF
83595,7086,0xCFF6600,1,8,99,12,FF,FF,FF,FF,FF,FF
83612,7087,0xCF00400,1,8,FF,FF,FF,DE,92,FF,FF,FF
83612,7088,0xCFF6600,1,8,5B,12,FF,FF,FF,FF,FF,FF
83632,7089,0xCF00400,1,8,FF,FF,FF,44,91,FF,FF,FF
83632,7090,0xCFF6600,1,8,28,12,FF,FF,FF,FF,FF,FF
83642,7091,0x18F00500,1,8,FF,FF,FF,FF,20,2D,FF,FF
83642,7092,0x18F00600,1,8,FF,FF,FF,FF,FF,FF,FF,FF
83643,7093,0x18FEF100,1,8,3F,00,00,FF,FF,FF,FF,FF
83664,7094,0xCF00400,1,8,FF,FF,FF,84,90,FF,FF,FF
83665,7095,0xCFF6600,1,8,10,12,FF,FF,FF,FF,FF,FF
83666,7096,0x18FEF200,1,8,2D,00,00,00,00,00,00,FF
83666,7097,0x1CFDDF00,1,8,FE,FF,FF,FF,FF,FF,FF,FF
83667,7098,0x1CFF6A00,1,8,FC,FF,FF,FF,FF,FF,FF,FF
83672,7099,0xCF00400,1,8,FF,FF,FF,7A,8F,FF,FF,FF
83672,7100,0xCFF6600,1,8,EF,11,FF,FF,FF,FF,FF,FF
83691,7101,0xCF00400,1,8,FF,FF,FF,D2,8E,FF,FF,FF
83692,7102,0xCFF6600,1,8,DA,11,FF,FF,FF,FF,FF,FF
83711,7103,0xCF00400,1,8,FF,FF,FF,3E,8D,FF,FF,FF
83712,7104,0xCFF6600,1,8,A7,11,FF,FF,FF,FF,FF,FF
83732,7105,0xCF00400,1,8,FF,FF,FF,7A,8C,FF,FF,FF
83732,7106,0xCFF6600,1,8,8F,11,FF,FF,FF,FF,FF,FF
83742,7107,0x10FF6500,1,8,FC,FF,FF,FF,FF,FF,FF,FF
83743,7108,0x18F00500,1,8,FF,FF,FF,FF,20,2D,FF,FF
83743,7109,0x18FEF100,1,8,3F,00,00,FF,FF,FF,FF,FF
83744,7110,0x18FEF200,1,8,2D,00,00,00,00,00,00,FF
83752,7111,0xCF00400,1,8,FF,FF,FF,42,8B,FF,FF,FF
83752,7112,0xCFF6600,1,8,68,11,FF,FF,FF,FF,FF,FF
83771,7113,0xCF00400,1,8,FF,FF,FF,A0,8A,FF,FF,FF
83772,7114,0xCFF6600,1,8,54,11,FF,FF,FF,FF,FF,FF
83792,7115,0xCF00400,1,8,FF,FF,FF,4C,89,FF,FF,FF
83793,7116,0xCFF6600,1,8,29,11,FF,FF,FF,FF,FF,FF
83812,7117,0xCF00400,1,8,FF,FF,FF,A0,88,FF,FF,FF
83812,7118,0xCFF6600,1,8,14,11,FF,FF,FF,FF,FF,FF
83832,7119,0xCF00400,1,8,FF,FF,FF,C6,87,FF,FF,FF
83832,7120,0xCFF6600,1,8,F8,10,FF,FF,FF,FF,FF,FF
83844,7121,0x18F00500,1,8,FF,FF,FF,FF,20,2D,FF,FF
83844,7122,0x18FEF100,1,8,3F,00,00,FF,FF,FF,FF,FF
83845,7123,0x18FEF200,1,8,2D,00,00,00,00,00,00,FF
83868,7124,0xCF00400,1,8,FF,FF,FF,E2,85,FF,FF,FF
83868,7125,0xCFF6600,1,8,BC,10,FF,FF,FF,FF,FF,FF
83873,7126,0x18EEFF00,1,8,08,CF,60,06,00,00,00,00
83891,7127,0xCF00400,1,8,FF,FF,FF,C8,83,FF,FF,FF
83892,7128,0xCFF6600,1,8,79,10,FF,FF,FF,FF,FF,FF
83901,7129,0x18FDE500,1,8,0A,14,1E,28,32,3C,46,13
83902,7130,0x18FEEE00,1,8,61,FF,FF,FF,FF,FF,FF,FF
83911,7131,0xCF00400,1,8,FF,FF,FF,10,83,FF,FF,FF
83912,7132,0xCFF6600,1,8,62,10,FF,FF,FF,FF,FF,FF
83921,7133,0x1CECFF00,1,8,20,0A,00,02,FF,CA,FE,00
83931,7134,0xCF00400,1,8,FF,FF,FF,2C,82,FF,FF,FF
83932,7135,0xCFF6600,1,8,45,10,FF,FF,FF,FF,FF,FF
83943,7136,0x10FF6500,1,8,FC,FF,FF,FF,FF,FF,FF,FF
83943,7137,0x18F00500,1,8,FF,FF,FF,FF,20,2D,FF,FF
83965,7138,0xCF00400,1,8,FF,FF,FF,70,7F,FF,FF,FF
83966,7139,0xCFF6600,1,8,EE,0F,FF,FF,FF,FF,FF,FF
83967,7140,0x18FEF100,1,8,3F,00,00,FF,FF,FF,FF,FF
83967,7141,0x18FEF200,1,8,2E,00,00,00,00,00,00,FF
83971,7142,0xCF00400,1,8,FF,FF,FF,20,7E,FF,FF,FF
83973,7143,0xCFF6600,1,8,C4,0F,FF,FF,FF,FF,FF,FF
83973,7144,0x1CEBFF00,1,8,01,40,FF,0F,F0,E5,01,02
83991,7145,0xCF00400,1,8,FF,FF,FF,2C,7D,FF,FF,FF
83992,7146,0xCFF6600,1,8,A5,0F,FF,FF,FF,FF,FF,FF
84011,7147,0xCF00400,1,8,FF,FF,FF,BA,7A,FF,FF,FF
84012,7148,0xCFF6600,1,8,57,0F,FF,FF,FF,FF,FF,FF
84021,7149,0x1CEBFF00,1,8,02,F0,E3,01,FF,FF,FF,FF
84031,7150,0xCF00400,1,8,FF,FF,FF,A2,79,FF,FF,FF
84032,7151,0xCFF6600,1,8,34,0F,FF,FF,FF,FF,FF,FF
84042,7152,0x18F00500,1,8,FF,FF,FF,FF,20,2D,FF,FF
84043,7153,0x18FEF100,1,8,3F,00,00,FF,FF,FF,FF,FF
84043,7154,0x18FEF200,1,8,2E,00,00,00,00,00,00,FF
84068,7155,0xCF00400,1,8,FF,FF,FF,CA,78,FF,FF,FF
84068,7156,0xCFF6600,1,8,19,0F,FF,FF,FF,FF,FF,FF
84070,7157,0x18EEFF00,1,8,08,CF,60,06,00,00,00,00
84072,7158,0xCF00400,1,8,FF,FF,FF,34,76,FF,FF,FF
84072,7159,0xCFF6600,1,8,C6,0E,FF,FF,FF,FF,FF,FF
84092,7160,0xCF00400,1,8,FF,FF,FF,DC,74,FF,FF,FF
84128,7161,0xCF00400,1,8,FF,FF,FF,BC,73,FF,FF,FF
84128,7162,0xCFF6600,1,8,9B,0E,FF,FF,FF,FF,FF,FF
84130,7163,0x18EEFF00,1,8,08,CF,60,06,00,00,00,00
84131,7164,0xCF00400,1,8,FF,FF,FF,80,72,FF,FF,FF
84132,7165,0xCFF6600,1,8,50,0E,FF,FF,FF,FF,FF,FF
84142,7166,0x18F00500,1,8,FF,FF,FF,FF,20,2D,FF,FF
84143,7167,0x10FF6500,1,8,FC,FF,FF,FF,FF,FF,FF,FF
84144,7168,0x18F00600,1,8,FF,FF,FF,FF,FF,FF,FF,FF
84144,7169,0x18FEF100,1,8,3F,00,00,FF,FF,FF,FF,FF
84145,7170,0x18FEF200,1,8,2E,00,00,00,00,00,00,FF
84146,7171,0x1CFDDF00,1,8,FE,FF,FF,FF,FF,FF,FF,FF
84146,7172,0x1CFF6A00,1,8,FC,FF,FF,FF,FF,FF,FF,FF
84151,7173,0xCF00400,1,8,FF,FF,FF,10,71,FF,FF,FF
84152,7174,0xCFF6600,1,8,22,0E,FF,FF,FF,FF,FF,FF
84172,7175,0xCF00400,1,8,FF,FF,FF,80,6E,FF,FF,FF
84172,7176,0xCFF6600,1,8,D0,0D,FF,FF,FF,FF,FF,FF
84191,7177,0xCF00400,1,8,FF,FF,FF,40,6D,FF,FF,FF
84192,7178,0xCFF6600,1,8,A8,0D,FF,FF,FF,FF,FF,FF
84212,7179,0xCF00400,1,8,FF,FF,FF,F4,6B,FF,FF,FF
84212,7180,0xCFF6600,1,8,7E,0D,FF,FF,FF,FF,FF,FF
84231,7181,0xCF00400,1,8,FF,FF,FF,DE,6A,FF,FF,FF
84232,7182,0xCFF6600,1,8,5B,0D,FF,FF,FF,FF,FF,FF
84243,7183,0x18F00500,1,8,FF,FF,FF,FF,20,2D,FF,FF
84243,7184,0x18FEF100,1,8,3F,00,00,FF,FF,FF,FF,FF
84244,7185,0x18FEF200,1,8,2E,00,00,00,00,00,00,FF
84251,7186,0xCF00400,1,8,FF,FF,FF,FC,69,FF,FF,FF
84252,7187,0xCFF6600,1,8,3F,0D,FF,FF,FF,FF,FF,FF
84272,7188,0xCF00400,1,8,FF,FF,FF,82,69,FF,FF,FF
84272,7189,0xCFF6600,1,8,30,0D,FF,FF,FF,FF,FF,FF
84292,7190,0xCF00400,1,8,FF,FF,FF,58,69,FF,FF,FF
84312,7191,0xCF00400,1,8,FF,FF,FF,08,69,FF,FF,FF
84313,7192,0xCFF6600,1,8,2B,0D,FF,FF,FF,FF,FF,FF
84332,7193,0xCF00400,1,8,FF,FF,FF,2C,68,FF,FF,FF
84334,7194,0xCFF6600,1,8,05,0D,FF,FF,FF,FF,FF,FF
84342,7195,0x10FF6500,1,8,FC,FF,FF,FF,FF,FF,FF,FF
84343,7196,0x18F00500,1,8,FF,FF,FF,FF,20,2D,FF,FF
84344,7197,0x18FEF100,1,8,3F,00,00,FF,FF,FF,FF,FF
84344,7198,0x18FEF200,1,8,2E,00,00,00,00,00,00,FF
84365,7199,0xCF00400,1,8,FF,FF,FF,AA,67,FF,FF,FF
84365,7200,0xCFF6600,1,8,F5,0C,FF,FF,FF,FF,FF,FF
84370,7201,0x18EEFF00,1,8,08,CF,60,06,00,00,00,00
84392,7202,0xCF00400,1,8,FF,FF,FF,42,67,FF,FF,FF
84414,7203,0xCFF6600,1,8,E8,0C,FF,FF,FF,FF,FF,FF
84415,7204,0x18EEFF00,1,8,08,CF,60,06,00,00,00,00
84431,7205,0xCF00400,1,8,FF,FF,FF,38,67,FF,FF,FF
84432,7206,0xCFF6600,1,8,E7,0C,FF,FF,FF,FF,FF,FF
84442,7207,0x18F00500,1,8,FF,FF,FF,FF,20,2D,FF,FF
84443,7208,0x18FEF100,1,8,3F,00,00,FF,FF,FF,FF,FF
84443,7209,0x18FEF200,1,8,2E,00,00,00,00,00,00,FF
84451,7210,0xCF00400,1,8,FF,FF,FF,E8,66,FF,FF,FF
84452,7211,0xCFF6600,1,8,DD,0C,FF,FF,FF,FF,FF,FF
84472,7212,0xCF00400,1,8,FF,FF,FF,24,66,FF,FF,FF
84472,7213,0xCFF6600,1,8,C4,0C,FF,FF,FF,FF,FF,FF
84508,7214,0xCF00400,1,8,FF,FF,FF,A0,65,FF,FF,FF
84509,7215,0xCFF6600,1,8,B4,0C,FF,FF,FF,FF,FF,FF
84510,7216,0x18EEFF00,1,8,08,CF,60,06,00,00,00,00
84511,7217,0xCF00400,1,8,FF,FF,FF,4A,65,FF,FF,FF
84512,7218,0xCFF6600,1,8,A9,0C,FF,FF,FF,FF,FF,FF
84531,7219,0xCF00400,1,8,FF,FF,FF,30,65,FF,FF,FF
84532,7220,0xCFF6600,1,8,A6,0C,FF,FF,FF,FF,FF,FF
84542,7221,0x18F00500,1,8,FF,FF,FF,FF,20,2D,FF,FF
84543,7222,0x10FF6500,1,8,FC,FF,FF,FF,FF,FF,FF,FF
84544,7223,0x18FEF100,1,8,3F,00,00,FF,FF,FF,FF,FF
84544,7224,0x18FEF200,1,8,2E,00,00,00,00,00,00,FF
84552,7225,0xCF00400,1,8,FF,FF,FF,00,65,FF,FF,FF
84552,7226,0xCFF6600,1,8,A0,0C,FF,FF,FF,FF,FF,FF
84571,7227,0xCF00400,1,8,FF,FF,FF,7A,64,FF,FF,FF
84572,7228,0xCFF6600,1,8,8F,0C,FF,FF,FF,FF,FF,FF
84591,7229,0xCF00400,1,8,FF,FF,FF,0C,64,FF,FF,FF
84592,7230,0xCFF6600,1,8,81,0C,FF,FF,FF,FF,FF,FF
84612,7231,0xCF00400,1,8,FF,FF,FF,AA,63,FF,FF,FF
84613,7232,0xCFF6600,1,8,75,0C,FF,FF,FF,FF,FF,FF
84631,7233,0xCF00400,1,8,FF,FF,FF,14,63,FF,FF,FF
84632,7234,0xCFF6600,1,8,62,0C,FF,FF,FF,FF,FF,FF
84642,7235,0x18FEF100,1,8,3F,00,00,FF,FF,FF,FF,FF
84642,7236,0x18F00500,1,8,FF,FF,FF,FF,20,2D,FF,FF
84643,7237,0x18F00600,1,8,FF,FF,FF,FF,FF,FF,FF,FF
84644,7238,0x18FEF200,1,8,2E,00,00,00,00,00,00,FF
84644,7239,0x1CFDDF00,1,8,FE,FF,FF,FF,FF,FF,FF,FF
84645,7240,0x1CFF6A00,1,8,FC,FF,FF,FF,FF,FF,FF,FF
84652,7241,0xCF00400,1,8,FF,FF,FF,56,62,FF,FF,FF
84673,7242,0xCF00400,1,8,FF,FF,FF,D2,61,FF,FF,FF
84674,7243,0xCFF6600,1,8,4A,0C,FF,FF,FF,FF,FF,FF
84692,7244,0xCF00400,1,8,FF,FF,FF,7A,61,FF,FF,FF
84693,7245,0xCFF6600,1,8,2F,0C,FF,FF,FF,FF,FF,FF
84711,7246,0xCF00400,1,8,FF,FF,FF,10,61,FF,FF,FF
84712,7247,0xCFF6600,1,8,22,0C,FF,FF,FF,FF,FF,FF
84732,7248,0xCF00400,1,8,FF,FF,FF,94,60,FF,FF,FF
84732,7249,0xCFF6600,1,8,12,0C,FF,FF,FF,FF,FF,FF
84742,7250,0x18FEF100,1,8,3F,00,00,FF,FF,FF,FF,FF
84743,7251,0x10FF6500,1,8,FC,FF,FF,FF,FF,FF,FF,FF
84744,7252,0x18F00500,1,8,FF,FF,FF,FF,20,2D,FF,FF
84744,7253,0x18FEF200,1,8,2E,00,00,00,00,00,00,FF
84751,7254,0xCF00400,1,8,FF,FF,FF,34,60,FF,FF,FF
84752,7255,0xCFF6600,1,8,06,0C,FF,FF,FF,FF,FF,FF
84771,7256,0xCF00400,1,8,FF,FF,FF,EE,5F,FF,FF,FF
84772,7257,0xCFF6600,1,8,FD,0B,FF,FF,FF,FF,FF,FF
84791,7258,0xCF00400,1,8,FF,FF,FF,72,5F,FF,FF,FF
84792,7259,0xCFF6600,1,8,EE,0B,FF,FF,FF,FF,FF,FF
84811,7260,0xCF00400,1,8,FF,FF,FF,C8,5E,FF,FF,FF
84827,7261,0xCFF6600,1,8,D9,0B,FF,FF,FF,FF,FF,FF
84830,7262,0x18EEFF00,1,8,08,CF,60,06,00,00,00,00
84831,7263,0xCF00400,1,8,FF,FF,FF,54,5E,FF,FF,FF
84832,7264,0xCFF6600,1,8,CA,0B,FF,FF,FF,FF,FF,FF
84842,7265,0x18FEF100,1,8,3F,00,00,FF,FF,FF,FF,FF
84843,7266,0x18F00500,1,8,FF,FF,FF,FF,20,2D,FF,FF
84844,7267,0x18FEF200,1,8,2E,00,00,00,00,00,00,FF
84851,7268,0xCF00400,1,8,FF,FF,FF,08,5E,FF,FF,FF
84852,7269,0xCFF6600,1,8,C1,0B,FF,FF,FF,FF,FF,FF
84871,7270,0xCF00400,1,8,FF,FF,FF,8C,5D,FF,FF,FF
84872,7271,0xCFF6600,1,8,B1,0B,FF,FF,FF,FF,FF,FF
84892,7272,0xCF00400,1,8,FF,FF,FF,E8,5C,FF,FF,FF
84913,7273,0xCF00400,1,8,FF,FF,FF,96,5C,FF,FF,FF
84914,7274,0xCFF6600,1,8,9D,0B,FF,FF,FF,FF,FF,FF
84915,7275,0x18FDE500,1,8,0A,14,1E,28,32,3C,46,13
84915,7276,0x18FEEE00,1,8,61,FF,FF,FF,FF,FF,FF,FF
84921,7277,0x1CECFF00,1,8,20,0A,00,02,FF,CA,FE,00
84932,7278,0xCF00400,1,8,FF,FF,FF,88,5C,FF,FF,FF
84933,7279,0xCFF6600,1,8,91,0B,FF,FF,FF,FF,FF,FF
84943,7280,0x18FEF100,1,8,3F,00,00,FF,FF,FF,FF,FF
84943,7281,0x10FF6500,1,8,FC,FF,FF,FF,FF,FF,FF,FF
84944,7282,0x18F00500,1,8,FF,FF,FF,FF,20,2D,FF,FF
84944,7283,0x18FEF200,1,8,20,00,00,00,00,00,00,FF
84952,7284,0xCF00400,1,8,FF,FF,FF,30,5C,FF,FF,FF
84953,7285,0xCFF6600,1,8,86,0B,FF,FF,FF,FF,FF,FF
84972,7286,0xCF00400,1,8,FF,FF,FF,96,5B,FF,FF,FF
84973,7287,0xCFF6600,1,8,72,0B,FF,FF,FF,FF,FF,FF
84973,7288,0x1CEBFF00,1,8,01,40,FF,0F,F0,E5,01,02
84991,7289,0xCF00400,1,8,FF,FF,FF,3C,5B,FF,FF,FF
84992,7290,0xCFF6600,1,8,67,0B,FF,FF,FF,FF,FF,FF
85011,7291,0xCF00400,1,8,FF,FF,FF,14,5B,FF,FF,FF
85032,7292,0xCF00400,1,8,FF,FF,FF,7A,5A,FF,FF,FF
85032,7293,0xCFF6600,1,8,62,0B,FF,FF,FF,FF,FF,FF
85033,7294,0x1CEBFF00,1,8,02,F0,E3,01,FF,FF,FF,FF
85042,7295,0x18FEF100,1,8,3F,00,00,FF,FF,FF,FF,FF
85043,7296,0x18F00500,1,8,FF,FF,FF,FF,20,2D,FF,FF
85043,7297,0x18FEF200,1,8,20,00,00,00,00,00,00,FF
85051,7298,0xCF00400,1,8,FF,FF,FF,84,59,FF,FF,FF
85052,7299,0xCFF6600,1,8,30,0B,FF,FF,FF,FF,FF,FF
85072,7300,0xCF00400,1,8,FF,FF,FF,E6,58,FF,FF,FF
85073,7301,0xCFF6600,1,8,1C,0B,FF,FF,FF,FF,FF,FF
85105,7302,0xCF00400,1,8,FF,FF,FF,A0,58,FF,FF,FF
85106,7303,0xCFF6600,1,8,14,0B,FF,FF,FF,FF,FF,FF
85110,7304,0x18EEFF00,1,8,08,CF,60,06,00,00,00,00
85111,7305,0xCF00400,1,8,FF,FF,FF,24,58,FF,FF,FF
85112,7306,0xCFF6600,1,8,04,0B,FF,FF,FF,FF,FF,FF
85132,7307,0xCF00400,1,8,FF,FF,FF,76,57,FF,FF,FF
85132,7308,0xCFF6600,1,8,EE,0A,FF,FF,FF,FF,FF,FF
85143,7309,0x18F00500,1,8,FF,FF,FF,FF,20,2D,FF,FF
85143,7310,0x10FF6500,1,8,FC,FF,FF,FF,FF,FF,FF,FF
85144,7311,0x18F00600,1,8,FF,FF,FF,FF,FF,FF,FF,FF
85144,7312,0x18FEF100,1,8,3F,00,00,FF,FF,FF,FF,FF
85145,7313,0x18FEF200,1,8,20,00,00,00,00,00,00,FF
85146,7314,0x1CFDDF00,1,8,FE,FF,FF,FF,FF,FF,FF,FF
85146,7315,0x1CFF6A00,1,8,FC,FF,FF,FF,FF,FF,FF,FF
85151,7316,0xCF00400,1,8,FF,FF,FF,76,57,FF,FF,FF
85152,7317,0xCFF6600,1,8,EE,0A,FF,FF,FF,FF,FF,FF
85171,7318,0xCF00400,1,8,FF,FF,FF,0E,57,FF,FF,FF
85172,7319,0xCFF6600,1,8,E1,0A,FF,FF,FF,FF,FF,FF
85191,7320,0xCF00400,1,8,FF,FF,FF,E4,56,FF,FF,FF
85192,7321,0xCFF6600,1,8,DC,0A,FF,FF,FF,FF,FF,FF
85211,7322,0xCF00400,1,8,FF,FF,FF,80,56,FF,FF,FF
85212,7323,0xCFF6600,1,8,D0,0A,FF,FF,FF,FF,FF,FF
85233,7324,0xCF00400,1,8,FF,FF,FF,E6,55,FF,FF,FF
85234,7325,0xCFF6600,1,8,BC,0A,FF,FF,FF,FF,FF,FF
85242,7326,0x18F00500,1,8,FF,FF,FF,FF,20,2D,FF,FF
85243,7327,0x18FEF100,1,8,3F,00,00,FF,FF,FF,FF,FF
85243,7328,0x18FEF200,1,8,20,00,00,00,00,00,13,FF
85252,7329,0xCF00400,1,8,FF,FF,FF,92,55,FF,FF,FF
85273,7330,0xCF00400,1,8,FF,FF,FF,9E,55,FF,FF,FF
85274,7331,0xCFF6600,1,8,B2,0A,FF,FF,FF,FF,FF,FF
85291,7332,0xCF00400,1,8,FF,FF,FF,C6,55,FF,FF,FF
85292,7333,0xCFF6600,1,8,B8,0A,FF,FF,FF,FF,FF,FF
85311,7334,0xCF00400,1,8,FF,FF,FF,26,56,FF,FF,FF
85312,7335,0xCFF6600,1,8,C4,0A,FF,FF,FF,FF,FF,FF
85331,7336,0xCF00400,1,8,FF,FF,FF,08,57,FF,FF,FF
85332,7337,0xCFF6600,1,8,E1,0A,FF,FF,FF,FF,FF,FF
85342,7338,0x18FEF100,1,8,3F,00,00,FF,FF,FF,FF,FF
85343,7339,0x10FF6500,1,8,FC,FF,FF,FF,FF,FF,FF,FF
85343,7340,0x18F00500,1,8,FF,FF,FF,FF,20,2D,FF,FF
85344,7341,0x18FEF200,1,8,20,00,00,00,00,00,25,FF
85351,7342,0xCF00400,1,8,FF,FF,FF,76,58,FF,FF,FF
85352,7343,0xCFF6600,1,8,0E,0B,FF,FF,FF,FF,FF,FF
85371,7344,0xCF00400,1,8,FF,FF,FF,14,5A,FF,FF,FF
85372,7345,0xCFF6600,1,8,42,0B,FF,FF,FF,FF,FF,FF
85391,7346,0xCF00400,1,8,FF,FF,FF,00,5C,FF,FF,FF
85392,7347,0xCFF6600,1,8,80,0B,FF,FF,FF,FF,FF,FF
85411,7348,0xCF00400,1,8,FF,FF,FF,C2,5E,FF,FF,FF
85413,7349,0xCFF6600,1,8,D8,0B,FF,FF,FF,FF,FF,FF
85451,7350,0xCF00400,1,8,FF,FF,FF,24,62,FF,FF,FF
85451,7351,0xCFF6600,1,8,44,0C,FF,FF,FF,FF,FF,FF
85452,7352,0xCF00400,1,8,FF,FF,FF,66,65,FF,FF,FF
85452,7353,0x18F00500,1,8,FF,FF,FF,FF,20,2D,FF,FF
85453,7354,0x18FEF100,1,8,3F,00,00,FF,FF,FF,FF,FF
85454,7355,0x18FEF200,1,8,20,00,00,00,00,00,38,FF
85471,7356,0xCF00400,1,8,FF,FF,FF,B2,68,FF,FF,FF
85472,7357,0xCFF6600,1,8,16,0D,FF,FF,FF,FF,FF,FF
85491,7358,0xCF00400,1,8,FF,FF,FF,36,6C,FF,FF,FF
85492,7359,0xCFF6600,1,8,86,0D,FF,FF,FF,FF,FF,FF
85511,7360,0xCF00400,1,8,FF,FF,FF,DE,6F,FF,FF,FF
85512,7361,0xCFF6600,1,8,FB,0D,FF,FF,FF,FF,FF,FF
85531,7362,0xCF00400,1,8,FF,FF,FF,CA,75,FF,FF,FF
85532,7363,0xCFF6600,1,8,B9,0E,FF,FF,FF,FF,FF,FF
85542,7364,0x18FEF100,1,8,3F,00,00,FF,FF,FF,FF,FF
85543,7365,0x10FF6500,1,8,FC,FF,FF,FF,FF,FF,FF,FF
85543,7366,0x18F00500,1,8,FF,FF,FF,FF,20,2D,FF,FF
85544,7367,0x18FEF200,1,8,20,00,00,00,00,00,48,FF
85551,7368,0xCF00400,1,8,FF,FF,FF,EE,78,FF,FF,FF
85556,7369,0xCFF6600,1,8,1D,0F,FF,FF,FF,FF,FF,FF
85572,7370,0xCF00400,1,8,FF,FF,FF,36,7C,FF,FF,FF
85572,7371,0xCFF6600,1,8,86,0F,FF,FF,FF,FF,FF,FF
85592,7372,0xCF00400,1,8,FF,FF,FF,08,83,FF,FF,FF
85610,7373,0xCFF6600,1,8,61,10,FF,FF,FF,FF,FF,FF
85611,7374,0x18EEFF00,1,8,08,CF,60,06,00,00,00,00
85631,7375,0xCF00400,1,8,FF,FF,FF,E8,8C,FF,FF,FF
85632,7376,0xCFF6600,1,8,9D,11,FF,FF,FF,FF,FF,FF
85642,7377,0x18F00500,1,8,FF,FF,FF,FF,20,2D,FF,FF
85643,7378,0x18F00600,1,8,FF,FF,FF,FF,FF,FF,FF,FF
85643,7379,0x18FEF100,1,8,3F,00,00,FF,FF,FF,FF,FF
85644,7380,0x18FEF200,1,8,20,00,00,00,00,00,3B,FF
85644,7381,0x1CFDDF00,1,8,FE,FF,FF,FF,FF,FF,FF,FF
85645,7382,0x1CFF6A00,1,8,FC,FF,FF,FF,FF,FF,FF,FF
85651,7383,0xCF00400,1,8,FF,FF,FF,B8,8F,FF,FF,FF
85652,7384,0xCFF6600,1,8,F7,11,FF,FF,FF,FF,FF,FF
85672,7385,0xCF00400,1,8,FF,FF,FF,B6,94,FF,FF,FF
85672,7386,0xCFF6600,1,8,96,12,FF,FF,FF,FF,FF,FF
85691,7387,0xCF00400,1,8,FF,FF,FF,66,97,FF,FF,FF
85692,7388,0xCFF6600,1,8,EC,12,FF,FF,FF,FF,FF,FF
85711,7389,0xCF00400,1,8,FF,FF,FF,0A,98,FF,FF,FF
85712,7390,0xCFF6600,1,8,01,13,FF,FF,FF,FF,FF,FF
85732,7391,0xCF00400,1,8,FF,FF,FF,86,98,FF,FF,FF
85733,7392,0xCFF6600,1,8,10,13,FF,FF,FF,FF,FF,FF
85742,7393,0x10FF6500,1,8,FC,FF,FF,FF,FF,FF,FF,FF
85743,7394,0x18F00500,1,8,FF,FF,FF,FF,20,2D,FF,FF
85744,7395,0x18FEF100,1,8,3F,00,00,FF,FF,FF,FF,FF
85744,7396,0x18FEF200,1,8,20,00,00,00,00,00,00,FF
85752,7397,0xCF00400,1,8,FF,FF,FF,EA,97,FF,FF,FF
85773,7398,0xCF00400,1,8,FF,FF,FF,CA,96,FF,FF,FF
85773,7399,0xCFF6600,1,8,FD,12,FF,FF,FF,FF,FF,FF
85792,7400,0xCF00400,1,8,FF,FF,FF,D4,95,FF,FF,FF
85792,7401,0xCFF6600,1,8,BA,12,FF,FF,FF,FF,FF,FF
85812,7402,0xCF00400,1,8,FF,FF,FF,76,95,FF,FF,FF
85812,7403,0xCFF6600,1,8,AE,12,FF,FF,FF,FF,FF,FF
85832,7404,0xCF00400,1,8,FF,FF,FF,56,94,FF,FF,FF
85832,7405,0xCFF6600,1,8,8A,12,FF,FF,FF,FF,FF,FF
85843,7406,0x18F00500,1,8,FF,FF,FF,FF,20,2D,FF,FF
85843,7407,0x18FEF100,1,8,3F,00,00,FF,FF,FF,FF,FF
85844,7408,0x18FEF200,1,8,20,00,00,00,00,00,00,FF
85851,7409,0xCF00400,1,8,FF,FF,FF,76,93,FF,FF,FF
85852,7410,0xCFF6600,1,8,6E,12,FF,FF,FF,FF,FF,FF
85871,7411,0xCF00400,1,8,FF,FF,FF,80,92,FF,FF,FF
85872,7412,0xCFF6600,1,8,50,12,FF,FF,FF,FF,FF,FF
85892,7413,0xCF00400,1,8,FF,FF,FF,92,91,FF,FF,FF
85892,7414,0xCFF6600,1,8,32,12,FF,FF,FF,FF,FF,FF
85901,7415,0x18FEEE00,1,8,61,FF,FF,FF,FF,FF,FF,FF
85901,7416,0x18FDE500,1,8,0A,14,1E,28,32,3C,46,13
85931,7417,0xCF00400,1,8,FF,FF,FF,FA,90,FF,FF,FF
85931,7418,0xCFF6600,1,8,1F,12,FF,FF,FF,FF,FF,FF
85932,7419,0x1CECFF00,1,8,20,0A,00,02,FF,CA,FE,00
85942,7420,0x18F00500,1,8,FF,FF,FF,FF,20,2D,FF,FF
85944,7421,0x10FF6500,1,8,FC,FF,FF,FF,FF,FF,FF,FF
85944,7422,0x18FEF100,1,8,3F,00,00,FF,FF,FF,FF,FF
85945,7423,0x18FEF200,1,8,31,00,00,00,00,00,00,FF
85951,7424,0xCF00400,1,8,FF,FF,FF,DE,8E,FF,FF,FF
85972,7425,0xCFF6600,1,8,DB,11,FF,FF,FF,FF,FF,FF
85973,7426,0x18EEFF00,1,8,08,CF,60,06,00,00,00,00
85991,7427,0xCF00400,1,8,FF,FF,FF,E6,8C,FF,FF,FF
85992,7428,0xCFF6600,1,8,9C,11,FF,FF,FF,FF,FF,FF
86011,7429,0xCF00400,1,8,FF,FF,FF,3E,8C,FF,FF,FF
86012,7430,0xCFF6600,1,8,87,11,FF,FF,FF,FF,FF,FF
86013,7431,0xCFF6600,1,8,87,11,FF,FF,FF,FF,FF,FF
86021,7432,0x1CEBFF00,1,8,01,40,FF,0F,F0,E5,01,02
86031,7433,0xCF00400,1,8,FF,FF,FF,D6,8B,FF,FF,FF
86032,7434,0xCFF6600,1,8,7A,11,FF,FF,FF,FF,FF,FF
86042,7435,0x18FEF100,1,8,3F,00,00,FF,FF,FF,FF,FF
86042,7436,0x18F00500,1,8,FF,FF,FF,FF,20,2D,FF,FF
86043,7437,0x18FEF200,1,8,31,00,00,00,00,00,00,FF
86052,7438,0xCF00400,1,8,FF,FF,FF,64,8A,FF,FF,FF
86072,7439,0xCF00400,1,8,FF,FF,FF,94,89,FF,FF,FF
86073,7440,0xCFF6600,1,8,4C,11,FF,FF,FF,FF,FF,FF
86073,7441,0x1CEBFF00,1,8,02,F0,E3,01,FF,FF,FF,FF
86092,7442,0xCF00400,1,8,FF,FF,FF,20,88,FF,FF,FF
86093,7443,0xCFF6600,1,8,04,11,FF,FF,FF,FF,FF,FF
86112,7444,0xCF00400,1,8,FF,FF,FF,90,87,FF,FF,FF
86113,7445,0xCFF6600,1,8,F2,10,FF,FF,FF,FF,FF,FF
86131,7446,0xCF00400,1,8,FF,FF,FF,EE,86,FF,FF,FF
86132,7447,0xCFF6600,1,8,DD,10,FF,FF,FF,FF,FF,FF
86143,7448,0x10FF6500,1,8,FC,FF,FF,FF,FF,FF,FF,FF
86144,7449,0x18F00500,1,8,FF,FF,FF,FF,20,2D,FF,FF
86145,7450,0x18F00600,1,8,FF,FF,FF,FF,FF,FF,FF,FF
86146,7451,0x18FEF100,1,8,3F,00,00,FF,FF,FF,FF,FF
86147,7452,0x18FEF200,1,8,31,00,00,00,00,00,00,FF
86147,7453,0x1CFDDF00,1,8,FE,FF,FF,FF,FF,FF,FF,FF
86148,7454,0x1CFF6A00,1,8,FC,FF,FF,FF,FF,FF,FF,FF
86151,7455,0xCF00400,1,8,FF,FF,FF,4A,85,FF,FF,FF
86152,7456,0xCFF6600,1,8,A9,10,FF,FF,FF,FF,FF,FF
86171,7457,0xCF00400,1,8,FF,FF,FF,0E,84,FF,FF,FF
86172,7458,0xCFF6600,1,8,81,10,FF,FF,FF,FF,FF,FF
86192,7459,0xCF00400,1,8,FF,FF,FF,E6,81,FF,FF,FF
86192,7460,0xCFF6600,1,8,3C,10,FF,FF,FF,FF,FF,FF
86212,7461,0xCF00400,1,8,FF,FF,FF,3C,81,FF,FF,FF
86212,7462,0xCFF6600,1,8,27,10,FF,FF,FF,FF,FF,FF
86232,7463,0xCF00400,1,8,FF,FF,FF,DC,80,FF,FF,FF
86232,7464,0xCFF6600,1,8,1B,10,FF,FF,FF,FF,FF,FF
86242,7465,0x18F00500,1,8,FF,FF,FF,FF,20,2D,FF,FF
86243,7466,0x18FEF100,1,8,3F,00,00,FF,FF,FF,FF,FF
86244,7467,0x18FEF200,1,8,31,00,00,00,00,00,0C,FF
86252,7468,0xCF00400,1,8,FF,FF,FF,B2,7F,FF,FF,FF
86273,7469,0xCF00400,1,8,FF,FF,FF,46,7F,FF,FF,FF
86273,7470,0xCFF6600,1,8,F6,0F,FF,FF,FF,FF,FF,FF
86292,7471,0xCF00400,1,8,FF,FF,FF,12,7F,FF,FF,FF
86292,7472,0xCFF6600,1,8,E2,0F,FF,FF,FF,FF,FF,FF
86311,7473,0xCF00400,1,8,FF,FF,FF,A4,7E,FF,FF,FF
86312,7474,0xCFF6600,1,8,D4,0F,FF,FF,FF,FF,FF,FF
86331,7475,0xCF00400,1,8,FF,FF,FF,98,7E,FF,FF,FF
86332,7476,0xCFF6600,1,8,D3,0F,FF,FF,FF,FF,FF,FF
86342,7477,0x18F00500,1,8,FF,FF,FF,FF,20,2D,FF,FF
86343,7478,0x10FF6500,1,8,FC,FF,FF,FF,FF,FF,FF,FF
86344,7479,0x18FEF100,1,8,3F,00,00,FF,FF,FF,FF,FF
86344,7480,0x18FEF200,1,8,31,00,00,00,00,00,31,FF
86351,7481,0xCF00400,1,8,FF,FF,FF,C6,7E,FF,FF,FF
86352,7482,0xCFF6600,1,8,D8,0F,FF,FF,FF,FF,FF,FF
86371,7483,0xCF00400,1,8,FF,FF,FF,5C,81,FF,FF,FF
86435,7484,0xCF00400,1,8,FF,FF,FF,6E,83,FF,FF,FF
86436,7485,0xCFF6600,1,8,2B,10,FF,FF,FF,FF,FF,FF
86437,7486,0x18EEFF00,1,8,08,CF,60,06,00,00,00,00
86442,7487,0x18FEF100,1,8,3F,00,00,FF,FF,FF,FF,FF
86443,7488,0x18F00500,1,8,FF,FF,FF,FF,20,2D,FF,FF
86443,7489,0x18FEF200,1,8,31,00,00,00,00,00,3F,FF
86451,7490,0xCF00400,1,8,FF,FF,FF,1A,90,FF,FF,FF
86452,7491,0xCFF6600,1,8,03,12,FF,FF,FF,FF,FF,FF
86471,7492,0xCF00400,1,8,FF,FF,FF,60,92,FF,FF,FF
86472,7493,0xCFF6600,1,8,4C,12,FF,FF,FF,FF,FF,FF
86491,7494,0xCF00400,1,8,FF,FF,FF,C8,96,FF,FF,FF
86492,7495,0xCFF6600,1,8,D9,12,FF,FF,FF,FF,FF,FF
86511,7496,0xCF00400,1,8,FF,FF,FF,1C,9B,FF,FF,FF
86513,7497,0xCFF6600,1,8,63,13,FF,FF,FF,FF,FF,FF
86531,7498,0xCF00400,1,8,FF,FF,FF,4E,9D,FF,FF,FF
86532,7499,0xCFF6600,1,8,A9,13,FF,FF,FF,FF,FF,FF
86542,7500,0x10FF6500,1,8,FC,FF,FF,FF,FF,FF,FF,FF
86543,7501,0x18F00500,1,8,FF,FF,FF,FF,20,2D,FF,FF
86564,7502,0xCF00400,1,8,FF,FF,FF,34,A1,FF,FF,FF
86565,7503,0xCFF6600,1,8,26,14,FF,FF,FF,FF,FF,FF
86565,7504,0x18FEF100,1,8,3F,00,00,FF,FF,FF,FF,FF
86566,7505,0x18FEF200,1,8,31,00,00,00,00,00,40,FF
86572,7506,0xCF00400,1,8,FF,FF,FF,CA,A4,FF,FF,FF
86572,7507,0xCFF6600,1,8,99,14,FF,FF,FF,FF,FF,FF
86591,7508,0xCF00400,1,8,FF,FF,FF,86,A8,FF,FF,FF
86592,7509,0xCFF6600,1,8,10,15,FF,FF,FF,FF,FF,FF
86612,7510,0xCF00400,1,8,FF,FF,FF,48,AC,FF,FF,FF
86612,7511,0xCFF6600,1,8,89,15,FF,FF,FF,FF,FF,FF
86632,7512,0xCF00400,1,8,FF,FF,FF,F6,AD,FF,FF,FF
86632,7513,0xCFF6600,1,8,BE,15,FF,FF,FF,FF,FF,FF
86643,7514,0x18F00500,1,8,FF,FF,FF,FF,20,2D,FF,FF
86643,7515,0x18F00600,1,8,FF,FF,FF,FF,FF,FF,FF,FF
86644,7516,0x18FEF100,1,8,3F,00,00,FF,FF,FF,FF,FF
86645,7517,0x18FEF200,1,8,31,00,00,00,00,00,44,FF
86645,7518,0x1CFDDF00,1,8,FE,FF,FF,FF,FF,FF,FF,FF
86646,7519,0x1CFF6A00,1,8,FC,FF,FF,FF,FF,FF,FF,FF
86651,7520,0xCF00400,1,8,FF,FF,FF,1E,B1,FF,FF,FF
86652,7521,0xCFF6600,1,8,23,16,FF,FF,FF,FF,FF,FF
86672,7522,0xCF00400,1,8,FF,FF,FF,4E,B4,FF,FF,FF
86672,7523,0xCFF6600,1,8,89,16,FF,FF,FF,FF,FF,FF
86692,7524,0xCF00400,1,8,FF,FF,FF,76,B7,FF,FF,FF
86692,7525,0xCFF6600,1,8,EE,16,FF,FF,FF,FF,FF,FF
86712,7526,0xCF00400,1,8,FF,FF,FF,4E,BA,FF,FF,FF
86712,7527,0xCFF6600,1,8,49,17,FF,FF,FF,FF,FF,FF
86731,7528,0xCF00400,1,8,FF,FF,FF,02,BD,FF,FF,FF
86732,7529,0xCFF6600,1,8,A0,17,FF,FF,FF,FF,FF,FF
86742,7530,0x18F00500,1,8,FF,FF,FF,FF,20,2D,FF,FF
86743,7531,0x10FF6500,1,8,FC,FF,FF,FF,FF,FF,FF,FF
86743,7532,0x18FEF100,1,8,3F,00,00,FF,FF,FF,FF,FF
86744,7533,0x18FEF200,1,8,31,00,00,00,00,00,17,FF
86751,7534,0xCF00400,1,8,FF,FF,FF,16,BF,FF,FF,FF
86752,7535,0xCFF6600,1,8,E2,17,FF,FF,FF,FF,FF,FF
86772,7536,0xCF00400,1,8,FF,FF,FF,6C,BF,FF,FF,FF
86773,7537,0xCFF6600,1,8,ED,17,FF,FF,FF,FF,FF,FF
86791,7538,0xCF00400,1,8,FF,FF,FF,10,BE,FF,FF,FF
86792,7539,0xCFF6600,1,8,C2,17,FF,FF,FF,FF,FF,FF
86811,7540,0xCF00400,1,8,FF,FF,FF,6C,BB,FF,FF,FF
86812,7541,0xCFF6600,1,8,6D,17,FF,FF,FF,FF,FF,FF
86831,7542,0xCF00400,1,8,FF,FF,FF,A2,B8,FF,FF,FF
86832,7543,0xCFF6600,1,8,14,17,FF,FF,FF,FF,FF,FF
86842,7544,0x18F00500,1,8,FF,FF,FF,FF,20,2D,FF,FF
86843,7545,0x18FEF100,1,8,3F,00,00,FF,FF,FF,FF,FF
86843,7546,0x18FEF200,1,8,31,00,00,00,00,00,00,FF
86870,7547,0xCF00400,1,8,FF,FF,FF,A2,B5,FF,FF,FF
86871,7548,0xCFF6600,1,8,B4,16,FF,FF,FF,FF,FF,FF
86872,7549,0xCF00400,1,8,FF,FF,FF,DC,B2,FF,FF,FF
86891,7550,0xCF00400,1,8,FF,FF,FF,12,B0,FF,FF,FF
86892,7551,0xCFF6600,1,8,02,16,FF,FF,FF,FF,FF,FF
86901,7552,0x18FDE500,1,8,0A,14,1E,28,32,3C,46,13
86902,7553,0x18FEEE00,1,8,61,FF,FF,FF,FF,FF,FF,FF
86912,7554,0xCF00400,1,8,FF,FF,FF,EE,AD,FF,FF,FF
86913,7555,0xCFF6600,1,8,BD,15,FF,FF,FF,FF,FF,FF
86921,7556,0x1CECFF00,1,8,20,0A,00,02,FF,CA,FE,00
86931,7557,0xCF00400,1,8,FF,FF,FF,38,AC,FF,FF,FF
86932,7558,0xCFF6600,1,8,87,15,FF,FF,FF,FF,FF,FF
86943,7559,0x10FF6500,1,8,FC,FF,FF,FF,FF,FF,FF,FF
86944,7560,0x18F00500,1,8,FF,FF,FF,FF,20,2D,FF,FF
86944,7561,0x18FEF100,1,8,3F,00,00,FF,FF,FF,FF,FF
86945,7562,0x18FEF200,1,8,3C,00,00,00,00,00,00,FF
86951,7563,0xCF00400,1,8,FF,FF,FF,B4,AB,FF,FF,FF
86972,7564,0xCF00400,1,8,FF,FF,FF,0C,AA,FF,FF,FF
86972,7565,0xCFF6600,1,8,76,15,FF,FF,FF,FF,FF,FF
86973,7566,0x1CEBFF00,1,8,01,40,FF,0F,F0,E5,01,02
86992,7567,0xCF00400,1,8,FF,FF,FF,C0,A7,FF,FF,FF
86992,7568,0xCFF6600,1,8,F8,14,FF,FF,FF,FF,FF,FF
87012,7569,0xCF00400,1,8,FF,FF,FF,E2,A5,FF,FF,FF
87012,7570,0xCFF6600,1,8,BC,14,FF,FF,FF,FF,FF,FF
87021,7571,0x1CEBFF00,1,8,02,F0,E3,01,FF,FF,FF,FF
87032,7572,0xCF00400,1,8,FF,FF,FF,5E,A4,FF,FF,FF
87032,7573,0xCFF6600,1,8,8B,14,FF,FF,FF,FF,FF,FF
87042,7574,0x18FEF100,1,8,3F,00,00,FF,FF,FF,FF,FF
87043,7575,0x18F00500,1,8,FF,FF,FF,FF,20,2D,FF,FF
87044,7576,0x18FEF200,1,8,3C,00,00,00,00,00,00,FF
87069,7577,0xCF00400,1,8,FF,FF,FF,66,A3,FF,FF,FF
87069,7578,0xCFF6600,1,8,6C,14,FF,FF,FF,FF,FF,FF
87070,7579,0x18EEFF00,1,8,08,CF,60,06,00,00,00,00
87071,7580,0xCF00400,1,8,FF,FF,FF,86,A1,FF,FF,FF
87073,7581,0xCFF6600,1,8,30,14,FF,FF,FF,FF,FF,FF
87091,7582,0xCF00400,1,8,FF,FF,FF,56,A0,FF,FF,FF
87092,7583,0xCFF6600,1,8,0A,14,FF,FF,FF,FF,FF,FF
87111,7584,0xCF00400,1,8,FF,FF,FF,2E,9F,FF,FF,FF
87112,7585,0xCFF6600,1,8,E5,13,FF,FF,FF,FF,FF,FF
87131,7586,0xCF00400,1,8,FF,FF,FF,C6,9D,FF,FF,FF
87132,7587,0xCFF6600,1,8,B8,13,FF,FF,FF,FF,FF,FF
87142,7588,0x18FEF100,1,8,3F,00,00,FF,FF,FF,FF,FF
87142,7589,0x10FF6500,1,8,FC,FF,FF,FF,FF,FF,FF,FF
87143,7590,0x18F00500,1,8,FF,FF,FF,FF,20,2D,FF,FF
87144,7591,0x18F00600,1,8,FF,FF,FF,FF,FF,FF,FF,FF
87145,7592,0x18FEF200,1,8,3C,00,00,00,00,00,00,FF
87145,7593,0x1CFDDF00,1,8,FE,FF,FF,FF,FF,FF,FF,FF
87146,7594,0x1CFF6A00,1,8,FC,FF,FF,FF,FF,FF,FF,FF
87154,7595,0xCF00400,1,8,FF,FF,FF,72,9B,FF,FF,FF
87154,7596,0xCFF6600,1,8,6E,13,FF,FF,FF,FF,FF,FF
87174,7597,0xCF00400,1,8,FF,FF,FF,52,9A,FF,FF,FF
87175,7598,0xCFF6600,1,8,4A,13,FF,FF,FF,FF,FF,FF
87192,7599,0xCF00400,1,8,FF,FF,FF,92,98,FF,FF,FF
87212,7600,0xCF00400,1,8,FF,FF,FF,AC,96,FF,FF,FF
87213,7601,0xCFF6600,1,8,12,13,FF,FF,FF,FF,FF,FF
87247,7602,0xCF00400,1,8,FF,FF,FF,5E,96,FF,FF,FF
87248,7603,0xCFF6600,1,8,CB,12,FF,FF,FF,FF,FF,FF
87250,7604,0x18EEFF00,1,8,08,CF,60,06,00,00,00,00
87251,7605,0xCF00400,1,8,FF,FF,FF,08,95,FF,FF,FF
87252,7606,0xCFF6600,1,8,A1,12,FF,FF,FF,FF,FF,FF
87271,7607,0xCF00400,1,8,FF,FF,FF,56,94,FF,FF,FF
87272,7608,0xCFF6600,1,8,8A,12,FF,FF,FF,FF,FF,FF
87291,7609,0xCF00400,1,8,FF,FF,FF,02,93,FF,FF,FF
87292,7610,0xCFF6600,1,8,60,12,FF,FF,FF,FF,FF,FF
87311,7611,0xCF00400,1,8,FF,FF,FF,46,92,FF,FF,FF
87312,7612,0xCFF6600,1,8,48,12,FF,FF,FF,FF,FF,FF
87331,7613,0xCF00400,1,8,FF,FF,FF,E2,90,FF,FF,FF
87332,7614,0xCFF6600,1,8,1C,12,FF,FF,FF,FF,FF,FF
87342,7615,0x18F00500,1,8,FF,FF,FF,FF,20,2D,FF,FF
87343,7616,0x18FEF100,1,8,3F,00,00,FF,FF,FF,FF,FF
87343,7617,0x18FEF200,1,8,3C,00,00,00,00,00,00,FF
87352,7618,0xCF00400,1,8,FF,FF,FF,42,8F,FF,FF,FF
87353,7619,0xCFF6600,1,8,E8,11,FF,FF,FF,FF,FF,FF
87374,7620,0xCF00400,1,8,FF,FF,FF,58,8E,FF,FF,FF
87375,7621,0xCFF6600,1,8,CB,11,FF,FF,FF,FF,FF,FF
87392,7622,0xCF00400,1,8,FF,FF,FF,90,8C,FF,FF,FF
87412,7623,0xCF00400,1,8,FF,FF,FF,E4,8B,FF,FF,FF
87413,7624,0xCFF6600,1,8,92,11,FF,FF,FF,FF,FF,FF
87432,7625,0xCF00400,1,8,FF,FF,FF,26,8A,FF,FF,FF
87433,7626,0xCFF6600,1,8,44,11,FF,FF,FF,FF,FF,FF
87442,7627,0x10FF6500,1,8,FC,FF,FF,FF,FF,FF,FF,FF
87443,7628,0x18F00500,1,8,FF,FF,FF,FF,20,2D,FF,FF
87443,7629,0x18FEF100,1,8,3F,00,00,FF,FF,FF,FF,FF
87444,7630,0x18FEF200,1,8,3C,00,00,00,00,00,00,FF
87452,7631,0xCF00400,1,8,FF,FF,FF,20,89,FF,FF,FF
87452,7632,0xCFF6600,1,8,24,11,FF,FF,FF,FF,FF,FF
87472,7633,0xCF00400,1,8,FF,FF,FF,08,88,FF,FF,FF
87472,7634,0xCFF6600,1,8,01,11,FF,FF,FF,FF,FF,FF
87491,7635,0xCF00400,1,8,FF,FF,FF,14,86,FF,FF,FF
87492,7636,0xCFF6600,1,8,C2,10,FF,FF,FF,FF,FF,FF
87528,7637,0xCF00400,1,8,FF,FF,FF,5A,85,FF,FF,FF
87529,7638,0xCFF6600,1,8,AB,10,FF,FF,FF,FF,FF,FF
87530,7639,0x18EEFF00,1,8,08,CF,60,06,00,00,00,00
87531,7640,0xCF00400,1,8,FF,FF,FF,E8,83,FF,FF,FF
87532,7641,0xCFF6600,1,8,7D,10,FF,FF,FF,FF,FF,FF
87542,7642,0x18F00500,1,8,FF,FF,FF,FF,20,2D,FF,FF
87543,7643,0x18FEF100,1,8,3F,00,00,FF,FF,FF,FF,FF
87543,7644,0x18FEF200,1,8,3C,00,00,00,00,00,00,FF
87551,7645,0xCF00400,1,8,FF,FF,FF,8A,82,FF,FF,FF
87552,7646,0xCFF6600,1,8,51,10,FF,FF,FF,FF,FF,FF
87571,7647,0xCF00400,1,8,FF,FF,FF,8A,81,FF,FF,FF
87572,7648,0xCFF6600,1,8,31,10,FF,FF,FF,FF,FF,FF
87591,7649,0xCF00400,1,8,FF,FF,FF,10,80,FF,FF,FF
87592,7650,0xCFF6600,1,8,02,10,FF,FF,FF,FF,FF,FF
87612,7651,0xCF00400,1,8,FF,FF,FF,C6,7E,FF,FF,FF
87612,7652,0xCFF6600,1,8,D8,0F,FF,FF,FF,FF,FF,FF
87633,7653,0xCF00400,1,8,FF,FF,FF,6C,7D,FF,FF,FF
87633,7654,0xCFF6600,1,8,AD,0F,FF,FF,FF,FF,FF,FF
87643,7655,0x10FF6500,1,8,FC,FF,FF,FF,FF,FF,FF,FF
87644,7656,0x18F00500,1,8,FF,FF,FF,FF,20,2D,FF,FF
87644,7657,0x18FEF100,1,8,3F,00,00,FF,FF,FF,FF,FF
87645,7658,0x18FEF200,1,8,3C,00,00,00,00,00,00,FF
87651,7659,0xCF00400,1,8,FF,FF,FF,BC,7A,FF,FF,FF
87652,7660,0xCFF6600,1,8,57,0F,FF,FF,FF,FF,FF,FF
87671,7661,0xCF00400,1,8,FF,FF,FF,BA,79,FF,FF,FF
87672,7662,0xCFF6600,1,8,37,0F,FF,FF,FF,FF,FF,FF
87691,7663,0xCF00400,1,8,FF,FF,FF,84,78,FF,FF,FF
87692,7664,0xCFF6600,1,8,10,0F,FF,FF,FF,FF,FF,FF
87712,7665,0xCF00400,1,8,FF,FF,FF,68,75,FF,FF,FF
87712,7666,0xCFF6600,1,8,AD,0E,FF,FF,FF,FF,FF,FF
87731,7667,0xCF00400,1,8,FF,FF,FF,00,74,FF,FF,FF
87732,7668,0xCFF6600,1,8,80,0E,FF,FF,FF,FF,FF,FF
87744,7669,0x18F00500,1,8,FF,FF,FF,FF,20,2D,FF,FF
87745,7670,0x18F00600,1,8,FF,FF,FF,FF,FF,FF,FF,FF
87746,7671,0x18FEF100,1,8,3F,00,00,FF,FF,FF,FF,FF
87747,7672,0x18FEF200,1,8,3C,00,00,00,00,00,00,FF
87747,7673,0x1CFDDF00,1,8,FE,FF,FF,FF,FF,FF,FF,FF
87748,7674,0x1CFF6A00,1,8,FC,FF,FF,FF,FF,FF,FF,FF
87751,7675,0xCF00400,1,8,FF,FF,FF,9E,72,FF,FF,FF
87752,7676,0xCFF6600,1,8,53,0E,FF,FF,FF,FF,FF,FF
87772,7677,0xCF00400,1,8,FF,FF,FF,4A,71,FF,FF,FF
87772,7678,0xCFF6600,1,8,29,0E,FF,FF,FF,FF,FF,FF
87792,7679,0xCF00400,1,8,FF,FF,FF,04,70,FF,FF,FF
87792,7680,0xCFF6600,1,8,00,0E,FF,FF,FF,FF,FF,FF
87812,7681,0xCF00400,1,8,FF,FF,FF,E4,6D,FF,FF,FF
87834,7682,0xCF00400,1,8,FF,FF,FF,56,6D,FF,FF,FF
87834,7683,0xCFF6600,1,8,BC,0D,FF,FF,FF,FF,FF,FF
87842,7684,0x18FEF100,1,8,3F,00,00,FF,FF,FF,FF,FF
87842,7685,0x10FF6500,1,8,FC,FF,FF,FF,FF,FF,FF,FF
87843,7686,0x18F00500,1,8,FF,FF,FF,FF,20,2D,FF,FF
87844,7687,0x18FEF200,1,8,3C,00,00,00,00,00,00,FF
87851,7688,0xCF00400,1,8,FF,FF,FF,9A,6C,FF,FF,FF
87852,7689,0xCFF6600,1,8,93,0D,FF,FF,FF,FF,FF,FF
87871,7690,0xCF00400,1,8,FF,FF,FF,AE,6B,FF,FF,FF
87872,7691,0xCFF6600,1,8,75,0D,FF,FF,FF,FF,FF,FF
87891,7692,0xCF00400,1,8,FF,FF,FF,F4,6A,FF,FF,FF
87892,7693,0xCFF6600,1,8,5E,0D,FF,FF,FF,FF,FF,FF
87901,7694,0x18FEEE00,1,8,62,FF,FF,FF,FF,FF,FF,FF
87901,7695,0x18FDE500,1,8,0A,14,1E,28,32,3C,46,13
87912,7696,0xCF00400,1,8,FF,FF,FF,5A,6A,FF,FF,FF
87912,7697,0xCFF6600,1,8,4B,0D,FF,FF,FF,FF,FF,FF
87921,7698,0x1CECFF00,1,8,20,0A,00,02,FF,CA,FE,00
87932,7699,0xCF00400,1,8,FF,FF,FF,A2,69,FF,FF,FF
87932,7700,0xCFF6600,1,8,34,0D,FF,FF,FF,FF,FF,FF
87942,7701,0x18F00500,1,8,FF,FF,FF,FF,20,2D,FF,FF
87964,7702,0xCF00400,1,8,FF,FF,FF,DC,68,FF,FF,FF
87965,7703,0xCFF6600,1,8,1B,0D,FF,FF,FF,FF,FF,FF
87965,7704,0x18FEF100,1,8,3F,00,00,FF,FF,FF,FF,FF
87966,7705,0x18FEF200,1,8,22,00,00,00,00,00,00,FF
87972,7706,0xCF00400,1,8,FF,FF,FF,8E,67,FF,FF,FF
87972,7707,0xCFF6600,1,8,F1,0C,FF,FF,FF,FF,FF,FF
87973,7708,0x1CEBFF00,1,8,01,40,FF,0F,F0,E5,01,02
87991,7709,0xCF00400,1,8,FF,FF,FF,E4,66,FF,FF,FF
87992,7710,0xCFF6600,1,8,DC,0C,FF,FF,FF,FF,FF,FF
88011,7711,0xCF00400,1,8,FF,FF,FF,32,66,FF,FF,FF
88012,7712,0xCFF6600,1,8,C6,0C,FF,FF,FF,FF,FF,FF
88021,7713,0x1CEBFF00,1,8,02,F0,E3,01,FF,FF,FF,FF
88032,7714,0xCF00400,1,8,FF,FF,FF,B2,65,FF,FF,FF
88034,7715,0xCFF6600,1,8,B6,0C,FF,FF,FF,FF,FF,FF
88043,7716,0x10FF6500,1,8,FC,FF,FF,FF,FF,FF,FF,FF
88043,7717,0x18F00500,1,8,FF,FF,FF,FF,20,2D,FF,FF
88044,7718,0x18FEF100,1,8,3F,00,00,FF,FF,FF,FF,FF
88045,7719,0x18FEF200,1,8,22,00,00,00,00,00,00,FF
88051,7720,0xCF00400,1,8,FF,FF,FF,58,65,FF,FF,FF
88052,7721,0xCFF6600,1,8,AB,0C,FF,FF,FF,FF,FF,FF
88071,7722,0xCF00400,1,8,FF,FF,FF,F2,64,FF,FF,FF
88072,7723,0xCFF6600,1,8,9E,0C,FF,FF,FF,FF,FF,FF
88092,7724,0xCF00400,1,8,FF,FF,FF,7C,64,FF,FF,FF
88118,7725,0xCFF6600,1,8,8F,0C,FF,FF,FF,FF,FF,FF
88118,7726,0x18EEFF00,1,8,08,CF,60,06,00,00,00,00
88131,7727,0xCF00400,1,8,FF,FF,FF,3C,64,FF,FF,FF
88132,7728,0xCFF6600,1,8,87,0C,FF,FF,FF,FF,FF,FF
88142,7729,0x18FEF100,1,8,3F,00,00,FF,FF,FF,FF,FF
88142,7730,0x18F00500,1,8,FF,FF,FF,FF,20,2D,FF,FF
88143,7731,0x18FEF200,1,8,22,00,00,00,00,00,00,FF
88151,7732,0xCF00400,1,8,FF,FF,FF,E2,63,FF,FF,FF
88152,7733,0xCFF6600,1,8,7C,0C,FF,FF,FF,FF,FF,FF
88175,7734,0xCF00400,1,8,FF,FF,FF,40,63,FF,FF,FF
88176,7735,0xCFF6600,1,8,68,0C,FF,FF,FF,FF,FF,FF
88191,7736,0xCF00400,1,8,FF,FF,FF,BA,62,FF,FF,FF
88230,7737,0xCF00400,1,8,FF,FF,FF,4C,62,FF,FF,FF
88231,7738,0xCFF6600,1,8,57,0C,FF,FF,FF,FF,FF,FF
88232,7739,0x18EEFF00,1,8,08,CF,60,06,00,00,00,00
88242,7740,0x18F00500,1,8,FF,FF,FF,FF,20,2D,FF,FF
88242,7741,0x10FF6500,1,8,FC,FF,FF,FF,FF,FF,FF,FF
88244,7742,0x18F00600,1,8,FF,FF,FF,FF,FF,FF,FF,FF
88244,7743,0x18FEF100,1,8,3F,00,00,FF,FF,FF,FF,FF
88245,7744,0x18FEF200,1,8,22,00,00,00,00,00,00,FF
88245,7745,0x1CFDDF00,1,8,FE,FF,FF,FF,FF,FF,FF,FF
88246,7746,0x1CFF6A00,1,8,FC,FF,FF,FF,FF,FF,FF,FF
88251,7747,0xCF00400,1,8,FF,FF,FF,50,62,FF,FF,FF
88252,7748,0xCFF6600,1,8,4A,0C,FF,FF,FF,FF,FF,FF
88272,7749,0xCF00400,1,8,FF,FF,FF,E4,61,FF,FF,FF
88272,7750,0xCFF6600,1,8,3C,0C,FF,FF,FF,FF,FF,FF
88292,7751,0xCF00400,1,8,FF,FF,FF,98,60,FF,FF,FF
88292,7752,0xCFF6600,1,8,13,0C,FF,FF,FF,FF,FF,FF
88332,7753,0xCF00400,1,8,FF,FF,FF,6C,60,FF,FF,FF
88332,7754,0xCFF6600,1,8,0D,0C,FF,FF,FF,FF,FF,FF
88333,7755,0x18EEFF00,1,8,08,CF,60,06,00,00,00,00
88342,7756,0x18F00500,1,8,FF,FF,FF,FF,20,2D,FF,FF
88343,7757,0x18FEF100,1,8,3F,00,00,FF,FF,FF,FF,FF
88343,7758,0x18FEF200,1,8,22,00,00,00,00,00,00,FF
88351,7759,0xCF00400,1,8,FF,FF,FF,B2,5F,FF,FF,FF
88352,7760,0xCFF6600,1,8,F6,0B,FF,FF,FF,FF,FF,FF
88371,7761,0xCF00400,1,8,FF,FF,FF,1C,5F,FF,FF,FF
88372,7762,0xCFF6600,1,8,E3,0B,FF,FF,FF,FF,FF,FF
88391,7763,0xCF00400,1,8,FF,FF,FF,66,5E,FF,FF,FF
88392,7764,0xCFF6600,1,8,CC,0B,FF,FF,FF,FF,FF,FF
88411,7765,0xCF00400,1,8,FF,FF,FF,AC,5D,FF,FF,FF
88412,7766,0xCFF6600,1,8,B5,0B,FF,FF,FF,FF,FF,FF
88431,7767,0xCF00400,1,8,FF,FF,FF,F0,5C,FF,FF,FF
88432,7768,0xCFF6600,1,8,9E,0B,FF,FF,FF,FF,FF,FF
88442,7769,0x10FF6500,1,8,FC,FF,FF,FF,FF,FF,FF,FF
88443,7770,0x18F00500,1,8,FF,FF,FF,FF,20,2D,FF,FF
88444,7771,0x18FEF100,1,8,3F,00,00,FF,FF,FF,FF,FF
88444,7772,0x18FEF200,1,8,22,00,00,00,00,00,00,FF
88452,7773,0xCF00400,1,8,FF,FF,FF,20,5C,FF,FF,FF
88452,7774,0xCFF6600,1,8,84,0B,FF,FF,FF,FF,FF,FF
88472,7775,0xCF00400,1,8,FF,FF,FF,38,5B,FF,FF,FF
88472,7776,0xCFF6600,1,8,67,0B,FF,FF,FF,FF,FF,FF
88492,7777,0xCF00400,1,8,FF,FF,FF,38,5B,FF,FF,FF
88493,7778,0xCFF6600,1,8,67,0B,FF,FF,FF,FF,FF,FF
88512,7779,0xCF00400,1,8,FF,FF,FF,C8,5A,FF,FF,FF
88512,7780,0xCFF6600,1,8,59,0B,FF,FF,FF,FF,FF,FF
88531,7781,0xCF00400,1,8,FF,FF,FF,BE,5A,FF,FF,FF
88532,7782,0xCFF6600,1,8,57,0B,FF,FF,FF,FF,FF,FF
88542,7783,0x18FEF100,1,8,3F,00,00,FF,FF,FF,FF,FF
88543,7784,0x18F00500,1,8,FF,FF,FF,FF,20,2D,FF,FF
88543,7785,0x18FEF200,1,8,22,00,00,00,00,00,00,FF
88554,7786,0xCF00400,1,8,FF,FF,FF,46,5A,FF,FF,FF
88554,7787,0xCFF6600,1,8,48,0B,FF,FF,FF,FF,FF,FF
88572,7788,0xCF00400,1,8,FF,FF,FF,6C,59,FF,FF,FF
88572,7789,0xCFF6600,1,8,2D,0B,FF,FF,FF,FF,FF,FF
88592,7790,0xCF00400,1,8,FF,FF,FF,1C,59,FF,FF,FF
88592,7791,0xCFF6600,1,8,23,0B,FF,FF,FF,FF,FF,FF
88611,7792,0xCF00400,1,8,FF,FF,FF,3C,59,FF,FF,FF
88612,7793,0xCFF6600,1,8,27,0B,FF,FF,FF,FF,FF,FF
88631,7794,0xCF00400,1,8,FF,FF,FF,0A,59,FF,FF,FF
88632,7795,0xCFF6600,1,8,21,0B,FF,FF,FF,FF,FF,FF
88662,7796,0xCF00400,1,8,FF,FF,FF,A0,58,FF,FF,FF
88663,7797,0xCFF6600,1,8,14,0B,FF,FF,FF,FF,FF,FF
88664,7798,0x10FF6500,1,8,FC,FF,FF,FF,FF,FF,FF,FF
88665,7799,0x18F00500,1,8,FF,FF,FF,FF,20,2D,FF,FF
88665,7800,0x18FEF100,1,8,3F,00,00,FF,FF,FF,FF,FF
88666,7801,0x18FEF200,1,8,22,00,00,00,00,00,00,FF
88672,7802,0xCF00400,1,8,FF,FF,FF,FA,57,FF,FF,FF
88673,7803,0xCFF6600,1,8,FF,0A,FF,FF,FF,FF,FF,FF
88691,7804,0xCF00400,1,8,FF,FF,FF,16,57,FF,FF,FF
88692,7805,0xCFF6600,1,8,E2,0A,FF,FF,FF,FF,FF,FF
88711,7806,0xCF00400,1,8,FF,FF,FF,90,56,FF,FF,FF
88712,7807,0xCFF6600,1,8,D2,0A,FF,FF,FF,FF,FF,FF
88731,7808,0xCF00400,1,8,FF,FF,FF,64,56,FF,FF,FF
88732,7809,0xCFF6600,1,8,CC,0A,FF,FF,FF,FF,FF,FF
88742,7810,0x18FEF100,1,8,3F,00,00,FF,FF,FF,FF,FF
88743,7811,0x18F00500,1,8,FF,FF,FF,FF,20,2D,FF,FF
88743,7812,0x18F00600,1,8,FF,FF,FF,FF,FF,FF,FF,FF
88744,7813,0x18FEF200,1,8,22,00,00,00,00,00,00,FF
88745,7814,0x1CFDDF00,1,8,FE,FF,FF,FF,FF,FF,FF,FF
88745,7815,0x1CFF6A00,1,8,FC,FF,FF,FF,FF,FF,FF,FF
88754,7816,0xCF00400,1,8,FF,FF,FF,EC,55,FF,FF,FF
88754,7817,0xCFF6600,1,8,BD,0A,FF,FF,FF,FF,FF,FF
88772,7818,0xCF00400,1,8,FF,FF,FF,2A,55,FF,FF,FF
88772,7819,0xCFF6600,1,8,A5,0A,FF,FF,FF,FF,FF,FF
88792,7820,0xCF00400,1,8,FF,FF,FF,46,54,FF,FF,FF
88792,7821,0xCFF6600,1,8,88,0A,FF,FF,FF,FF,FF,FF
88812,7822,0xCF00400,1,8,FF,FF,FF,46,54,FF,FF,FF
88832,7823,0xCF00400,1,8,FF,FF,FF,3C,53,FF,FF,FF
88833,7824,0xCFF6600,1,8,88,0A,FF,FF,FF,FF,FF,FF
88842,7825,0x18F00500,1,8,FF,FF,FF,FF,20,2D,FF,FF
88843,7826,0x10FF6500,1,8,FC,FF,FF,FF,FF,FF,FF,FF
88844,7827,0x18FEF100,1,8,3F,00,00,FF,FF,FF,FF,FF
88845,7828,0x18FEF200,1,8,22,00,00,00,00,00,00,FF
88852,7829,0xCF00400,1,8,FF,FF,FF,BC,52,FF,FF,FF
88852,7830,0xCFF6600,1,8,57,0A,FF,FF,FF,FF,FF,FF
88872,7831,0xCF00400,1,8,FF,FF,FF,BC,52,FF,FF,FF
88873,7832,0xCFF6600,1,8,57,0A,FF,FF,FF,FF,FF,FF
88891,7833,0xCF00400,1,8,FF,FF,FF,0C,52,FF,FF,FF
88892,7834,0xCFF6600,1,8,41,0A,FF,FF,FF,FF,FF,FF
88901,7835,0x18FDE500,1,8,0A,14,1E,28,32,3C,46,13
88902,7836,0x18FEEE00,1,8,62,FF,FF,FF,FF,FF,FF,FF
88911,7837,0xCF00400,1,8,FF,FF,FF,BE,50,FF,FF,FF
88912,7838,0xCFF6600,1,8,17,0A,FF,FF,FF,FF,FF,FF
88921,7839,0x1CECFF00,1,8,20,0A,00,02,FF,CA,FE,00
88931,7840,0xCF00400,1,8,FF,FF,FF,DC,4F,FF,FF,FF
88932,7841,0xCFF6600,1,8,FB,09,FF,FF,FF,FF,FF,FF
88944,7842,0x18F00500,1,8,FF,FF,FF,FF,20,2D,FF,FF
88945,7843,0x18FEF100,1,8,3F,00,00,FF,FF,FF,FF,FF
88945,7844,0x18FEF200,1,8,1E,00,00,00,00,00,00,FF
88952,7845,0xCF00400,1,8,FF,FF,FF,DC,4F,FF,FF,FF
88952,7846,0xCFF6600,1,8,FB,09,FF,FF,FF,FF,FF,FF
88972,7847,0xCF00400,1,8,FF,FF,FF,64,4F,FF,FF,FF
88972,7848,0xCFF6600,1,8,EC,09,FF,FF,FF,FF,FF,FF
88973,7849,0x1CEBFF00,1,8,01,40,FF,0F,F0,E5,01,02
88991,7850,0xCF00400,1,8,FF,FF,FF,0C,4F,FF,FF,FF
89012,7851,0xCF00400,1,8,FF,FF,FF,CA,4E,FF,FF,FF
89013,7852,0xCFF6600,1,8,E1,09,FF,FF,FF,FF,FF,FF
89021,7853,0x1CEBFF00,1,8,02,F0,E3,01,FF,FF,FF,FF
89031,7854,0xCF00400,1,8,FF,FF,FF,BC,4E,FF,FF,FF
89032,7855,0xCFF6600,1,8,D7,09,FF,FF,FF,FF,FF,FF
89042,7856,0x18FEF100,1,8,3F,00,00,FF,FF,FF,FF,FF
89043,7857,0x10FF6500,1,8,FC,FF,FF,FF,FF,FF,FF,FF
89044,7858,0x18F00500,1,8,FF,FF,FF,FF,20,2D,FF,FF
89044,7859,0x18FEF200,1,8,1E,00,00,00,00,00,00,FF
89051,7860,0xCF00400,1,8,FF,FF,FF,D2,4E,FF,FF,FF
89052,7861,0xCFF6600,1,8,DA,09,FF,FF,FF,FF,FF,FF
89072,7862,0xCF00400,1,8,FF,FF,FF,D2,4E,FF,FF,FF
89072,7863,0xCFF6600,1,8,DA,09,FF,FF,FF,FF,FF,FF
89092,7864,0xCF00400,1,8,FF,FF,FF,70,4E,FF,FF,FF
89092,7865,0xCFF6600,1,8,CE,09,FF,FF,FF,FF,FF,FF
89112,7866,0xCF00400,1,8,FF,FF,FF,A4,4D,FF,FF,FF
89112,7867,0xCFF6600,1,8,B4,09,FF,FF,FF,FF,FF,FF
89132,7868,0xCF00400,1,8,FF,FF,FF,14,4D,FF,FF,FF
89132,7869,0xCFF6600,1,8,A2,09,FF,FF,FF,FF,FF,FF
89142,7870,0x18F00500,1,8,FF,FF,FF,FF,20,2D,FF,FF
89143,7871,0x18FEF100,1,8,3F,00,00,FF,FF,FF,FF,FF
89144,7872,0x18FEF200,1,8,1E,00,00,00,00,00,00,FF
89152,7873,0xCF00400,1,8,FF,FF,FF,C4,4C,FF,FF,FF
89153,7874,0xCFF6600,1,8,98,09,FF,FF,FF,FF,FF,FF
89172,7875,0xCF00400,1,8,FF,FF,FF,88,4C,FF,FF,FF
89172,7876,0xCFF6600,1,8,91,09,FF,FF,FF,FF,FF,FF
89192,7877,0xCF00400,1,8,FF,FF,FF,88,4C,FF,FF,FF
89192,7878,0xCFF6600,1,8,91,09,FF,FF,FF,FF,FF,FF
89212,7879,0xCF00400,1,8,FF,FF,FF,5A,4C,FF,FF,FF
89213,7880,0xCFF6600,1,8,8B,09,FF,FF,FF,FF,FF,FF
89231,7881,0xCF00400,1,8,FF,FF,FF,08,4C,FF,FF,FF
89232,7882,0xCFF6600,1,8,81,09,FF,FF,FF,FF,FF,FF
89242,7883,0x18FEF100,1,8,3F,00,00,FF,FF,FF,FF,FF
89243,7884,0x10FF6500,1,8,FC,FF,FF,FF,FF,FF,FF,FF
89244,7885,0x18F00500,1,8,FF,FF,FF,FF,20,2D,FF,FF
89245,7886,0x18F00600,1,8,FF,FF,FF,FF,FF,FF,FF,FF
89245,7887,0x18FEF200,1,8,1E,00,00,00,00,00,00,FF
89246,7888,0x1CFDDF00,1,8,FE,FF,FF,FF,FF,FF,FF,FF
89247,7889,0x1CFF6A00,1,8,FC,FF,FF,FF,FF,FF,FF,FF
89251,7890,0xCF00400,1,8,FF,FF,FF,92,4B,FF,FF,FF
89252,7891,0xCFF6600,1,8,72,09,FF,FF,FF,FF,FF,FF
89271,7892,0xCF00400,1,8,FF,FF,FF,78,4B,FF,FF,FF
89298,7893,0xCFF6600,1,8,6F,09,FF,FF,FF,FF,FF,FF
89298,7894,0x18EEFF00,1,8,08,CF,60,06,00,00,00,00
89311,7895,0xCF00400,1,8,FF,FF,FF,B4,4B,FF,FF,FF
89312,7896,0xCFF6600,1,8,76,09,FF,FF,FF,FF,FF,FF
89331,7897,0xCF00400,1,8,FF,FF,FF,BA,4B,FF,FF,FF
89332,7898,0xCFF6600,1,8,77,09,FF,FF,FF,FF,FF,FF
89342,7899,0x18FEF100,1,8,3F,00,00,FF,FF,FF,FF,FF
89343,7900,0x18F00500,1,8,FF,FF,FF,FF,20,2D,FF,FF
89343,7901,0x18FEF200,1,8,1E,00,00,00,00,00,00,FF
89351,7902,0xCF00400,1,8,FF,FF,FF,84,4B,FF,FF,FF
89352,7903,0xCFF6600,1,8,70,09,FF,FF,FF,FF,FF,FF
89371,7904,0xCF00400,1,8,FF,FF,FF,8A,4B,FF,FF,FF
89372,7905,0xCFF6600,1,8,71,09,FF,FF,FF,FF,FF,FF
89391,7906,0xCF00400,1,8,FF,FF,FF,8A,4B,FF,FF,FF
89392,7907,0xCFF6600,1,8,71,09,FF,FF,FF,FF,FF,FF
89412,7908,0xCF00400,1,8,FF,FF,FF,C6,4B,FF,FF,FF
89433,7909,0xCF00400,1,8,FF,FF,FF,CE,4B,FF,FF,FF
89434,7910,0xCFF6600,1,8,78,09,FF,FF,FF,FF,FF,FF
89442,7911,0x10FF6500,1,8,FC,FF,FF,FF,FF,FF,FF,FF
89443,7912,0x18F00500,1,8,FF,FF,FF,FF,20,2D,FF,FF
89443,7913,0x18FEF100,1,8,3F,00,00,FF,FF,FF,FF,FF
89444,7914,0x18FEF200,1,8,1E,00,00,00,00,00,00,FF
89452,7915,0xCF00400,1,8,FF,FF,FF,B2,4B,FF,FF,FF
89452,7916,0xCFF6600,1,8,76,09,FF,FF,FF,FF,FF,FF
89472,7917,0xCF00400,1,8,FF,FF,FF,88,4B,FF,FF,FF
89472,7918,0xCFF6600,1,8,71,09,FF,FF,FF,FF,FF,FF
89492,7919,0xCF00400,1,8,FF,FF,FF,88,4B,FF,FF,FF
89492,7920,0xCFF6600,1,8,71,09,FF,FF,FF,FF,FF,FF
89512,7921,0xCF00400,1,8,FF,FF,FF,46,4B,FF,FF,FF
89512,7922,0xCFF6600,1,8,68,09,FF,FF,FF,FF,FF,FF
89532,7923,0xCF00400,1,8,FF,FF,FF,0A,4B,FF,FF,FF
89532,7924,0xCFF6600,1,8,61,09,FF,FF,FF,FF,FF,FF
89542,7925,0x18FEF100,1,8,3F,00,00,FF,FF,FF,FF,FF
89543,7926,0x18F00500,1,8,FF,FF,FF,FF,20,2D,FF,FF
89544,7927,0x18FEF200,1,8,1E,00,00,00,00,00,00,FF
89551,7928,0xCF00400,1,8,FF,FF,FF,C8,4A,FF,FF,FF
89552,7929,0xCFF6600,1,8,59,09,FF,FF,FF,FF,FF,FF
89571,7930,0xCF00400,1,8,FF,FF,FF,88,4A,FF,FF,FF
89591,7931,0xCF00400,1,8,FF,FF,FF,88,4A,FF,FF,FF
89592,7932,0xCFF6600,1,8,51,09,FF,FF,FF,FF,FF,FF
89611,7933,0xCF00400,1,8,FF,FF,FF,4E,4A,FF,FF,FF
89612,7934,0xCFF6600,1,8,49,09,FF,FF,FF,FF,FF,FF
89631,7935,0xCF00400,1,8,FF,FF,FF,FA,49,FF,FF,FF
89634,7936,0xCFF6600,1,8,3F,09,FF,FF,FF,FF,FF,FF
89642,7937,0x18FEF100,1,8,3F,00,00,FF,FF,FF,FF,FF
89643,7938,0x10FF6500,1,8,FC,FF,FF,FF,FF,FF,FF,FF
89643,7939,0x18F00500,1,8,FF,FF,FF,FF,20,2D,FF,FF
89644,7940,0x18FEF200,1,8,1E,00,00,00,00,00,00,FF
89651,7941,0xCF00400,1,8,FF,FF,FF,90,49,FF,FF,FF
89652,7942,0xCFF6600,1,8,32,09,FF,FF,FF,FF,FF,FF
89671,7943,0xCF00400,1,8,FF,FF,FF,48,49,FF,FF,FF
89672,7944,0xCFF6600,1,8,29,09,FF,FF,FF,FF,FF,FF
89691,7945,0xCF00400,1,8,FF,FF,FF,48,49,FF,FF,FF
89692,7946,0xCFF6600,1,8,29,09,FF,FF,FF,FF,FF,FF
89711,7947,0xCF00400,1,8,FF,FF,FF,24,49,FF,FF,FF
89712,7948,0xCFF6600,1,8,24,09,FF,FF,FF,FF,FF,FF
89731,7949,0xCF00400,1,8,FF,FF,FF,4E,49,FF,FF,FF
89732,7950,0xCFF6600,1,8,29,09,FF,FF,FF,FF,FF,FF
89742,7951,0x18FEF100,1,8,3F,00,00,FF,FF,FF,FF,FF
89743,7952,0x18F00500,1,8,FF,FF,FF,FF,20,2D,FF,FF
89745,7953,0x18F00600,1,8,FF,FF,FF,FF,FF,FF,FF,FF
89745,7954,0x18FEF200,1,8,1E,00,00,00,00,00,00,FF
89746,7955,0x1CFDDF00,1,8,FE,FF,FF,FF,FF,FF,FF,FF
89747,7956,0x1CFF6A00,1,8,FC,FF,FF,FF,FF,FF,FF,FF
89751,7957,0xCF00400,1,8,FF,FF,FF,B6,49,FF,FF,FF
89752,7958,0xCFF6600,1,8,36,09,FF,FF,FF,FF,FF,FF
89772,7959,0xCF00400,1,8,FF,FF,FF,EA,49,FF,FF,FF
89776,7960,0xCFF6600,1,8,3D,09,FF,FF,FF,FF,FF,FF
89792,7961,0xCF00400,1,8,FF,FF,FF,EA,49,FF,FF,FF
89818,7962,0xCFF6600,1,8,3D,09,FF,FF,FF,FF,FF,FF
89819,7963,0x18EEFF00,1,8,08,CF,60,06,00,00,00,00
89831,7964,0xCF00400,1,8,FF,FF,FF,C2,49,FF,FF,FF
89832,7965,0xCFF6600,1,8,38,09,FF,FF,FF,FF,FF,FF
89842,7966,0x18FEF100,1,8,3F,00,00,FF,FF,FF,FF,FF
89843,7967,0x10FF6500,1,8,FC,FF,FF,FF,FF,FF,FF,FF
89843,7968,0x18F00500,1,8,FF,FF,FF,FF,20,2D,FF,FF
89844,7969,0x18FEF200,1,8,1E,00,00,00,00,00,03,FF
89852,7970,0xCF00400,1,8,FF,FF,FF,64,49,FF,FF,FF
89852,7971,0xCFF6600,1,8,2C,09,FF,FF,FF,FF,FF,FF
89871,7972,0xCF00400,1,8,FF,FF,FF,64,49,FF,FF,FF
89872,7973,0xCFF6600,1,8,2C,09,FF,FF,FF,FF,FF,FF
89891,7974,0xCF00400,1,8,FF,FF,FF,EA,48,FF,FF,FF
89892,7975,0xCFF6600,1,8,1D,09,FF,FF,FF,FF,FF,FF
89901,7976,0x18FDE500,1,8,0A,14,1E,28,32,3C,46,13
89902,7977,0x18FEEE00,1,8,63,FF,FF,FF,FF,FF,FF,FF
89913,7978,0xCF00400,1,8,FF,FF,FF,66,48,FF,FF,FF
89933,7979,0xCF00400,1,8,FF,FF,FF,CA,48,FF,FF,FF
89934,7980,0xCFF6600,1,8,0C,09,FF,FF,FF,FF,FF,FF
89935,7981,0x1CECFF00,1,8,20,0A,00,02,FF,CA,FE,00
89943,7982,0x18F00500,1,8,FF,FF,FF,FF,20,2D,FF,FF
89944,7983,0x18FEF100,1,8,3F,00,00,FF,FF,FF,FF,FF
89945,7984,0x18FEF200,1,8,1C,00,00,00,00,00,11,FF
89952,7985,0xCF00400,1,8,FF,FF,FF,12,4A,FF,FF,FF
89952,7986,0xCFF6600,1,8,42,09,FF,FF,FF,FF,FF,FF
89972,7987,0xCF00400,1,8,FF,FF,FF,12,4A,FF,FF,FF
89972,7988,0xCFF6600,1,8,42,09,FF,FF,FF,FF,FF,FF
89973,7989,0x1CEBFF00,1,8,01,40,FF,0F,F0,E5,01,02
89991,7990,0xCF00400,1,8,FF,FF,FF,58,4C,FF,FF,FF
89992,7991,0xCFF6600,1,8,8B,09,FF,FF,FF,FF,FF,FF
90012,7992,0xCF00400,1,8,FF,FF,FF,84,4F,FF,FF,FF
90012,7993,0xCFF6600,1,8,F0,09,FF,FF,FF,FF,FF,FF
90021,7994,0x1CEBFF00,1,8,02,F0,E3,01,FF,FF,FF,FF
90049,7995,0xCF00400,1,8,FF,FF,FF,5C,52,FF,FF,FF
90050,7996,0xCFF6600,1,8,4B,0A,FF,FF,FF,FF,FF,FF
90051,7997,0x18EEFF00,1,8,08,CF,60,06,00,00,00,00
90071,7998,0xCF00400,1,8,FF,FF,FF,A2,58,FF,FF,FF
90072,7999,0xCFF6600,1,8,14,0B,FF,FF,FF,FF,FF,FF
90091,8000,0xCF00400,1,8,FF,FF,FF,D2,5C,FF,FF,FF
90092,8001,0xCFF6600,1,8,9A,0B,FF,FF,FF,FF,FF,FF
90112,8002,0xCF00400,1,8,FF,FF,FF,5A,61,FF,FF,FF
90112,8003,0xCFF6600,1,8,2B,0C,FF,FF,FF,FF,FF,FF
90131,8004,0xCF00400,1,8,FF,FF,FF,56,66,FF,FF,FF
90132,8005,0xCFF6600,1,8,CA,0C,FF,FF,FF,FF,FF,FF
90142,8006,0x18FEF100,1,8,3F,00,00,FF,FF,FF,FF,FF
90143,8007,0x10FF6500,1,8,FC,FF,FF,FF,FF,FF,FF,FF
90144,8008,0x18F00500,1,8,FF,FF,FF,FF,20,2D,FF,FF
90145,8009,0x18FEF200,1,8,1C,00,00,00,00,00,47,FF
90151,8010,0xCF00400,1,8,FF,FF,FF,52,6B,FF,FF,FF
90152,8011,0xCFF6600,1,8,6A,0D,FF,FF,FF,FF,FF,FF
90172,8012,0xCF00400,1,8,FF,FF,FF,7A,74,FF,FF,FF
90173,8013,0xCFF6600,1,8,8F,0E,FF,FF,FF,FF,FF,FF
90191,8014,0xCF00400,1,8,FF,FF,FF,88,78,FF,FF,FF
90192,8015,0xCFF6600,1,8,11,0F,FF,FF,FF,FF,FF,FF
90212,8016,0xCF00400,1,8,FF,FF,FF,94,7C,FF,FF,FF
90212,8017,0xCFF6600,1,8,92,0F,FF,FF,FF,FF,FF,FF
90232,8018,0xCF00400,1,8,FF,FF,FF,B4,83,FF,FF,FF
90232,8019,0xCFF6600,1,8,76,10,FF,FF,FF,FF,FF,FF
90244,8020,0x18F00500,1,8,FF,FF,FF,FF,20,2D,FF,FF
90245,8021,0x18FEF100,1,8,3F,00,00,FF,FF,FF,FF,FF
90246,8022,0x18FEF200,1,8,1C,00,00,00,00,00,12,FF
90254,8023,0xCF00400,1,8,FF,FF,FF,52,86,FF,FF,FF
90255,8024,0xCFF6600,1,8,CA,10,FF,FF,FF,FF,FF,FF
90271,8025,0xCF00400,1,8,FF,FF,FF,44,89,FF,FF,FF
90272,8026,0xCFF6600,1,8,28,11,FF,FF,FF,FF,FF,FF
90291,8027,0xCF00400,1,8,FF,FF,FF,B2,89,FF,FF,FF
90313,8028,0xCF00400,1,8,FF,FF,FF,4C,89,FF,FF,FF
90313,8029,0xCFF6600,1,8,36,11,FF,FF,FF,FF,FF,FF
90331,8030,0xCF00400,1,8,FF,FF,FF,B0,88,FF,FF,FF
90332,8031,0xCFF6600,1,8,16,11,FF,FF,FF,FF,FF,FF
90342,8032,0x10FF6500,1,8,FC,FF,FF,FF,FF,FF,FF,FF
90343,8033,0x18F00500,1,8,FF,FF,FF,FF,20,2D,FF,FF
90344,8034,0x18F00600,1,8,FF,FF,FF,FF,FF,FF,FF,FF
90344,8035,0x18FEF100,1,8,3F,00,00,FF,FF,FF,FF,FF
90345,8036,0x18FEF200,1,8,1C,00,00,00,00,00,00,FF
90346,8037,0x1CFDDF00,1,8,FE,FF,FF,FF,FF,FF,FF,FF
90347,8038,0x1CFF6A00,1,8,FC,FF,FF,FF,FF,FF,FF,FF
90351,8039,0xCF00400,1,8,FF,FF,FF,9A,88,FF,FF,FF
90352,8040,0xCFF6600,1,8,13,11,FF,FF,FF,FF,FF,FF
90371,8041,0xCF00400,1,8,FF,FF,FF,2E,88,FF,FF,FF
90372,8042,0xCFF6600,1,8,05,11,FF,FF,FF,FF,FF,FF
90392,8043,0xCF00400,1,8,FF,FF,FF,02,87,FF,FF,FF
90392,8044,0xCFF6600,1,8,E0,10,FF,FF,FF,FF,FF,FF
90411,8045,0xCF00400,1,8,FF,FF,FF,A0,86,FF,FF,FF
90412,8046,0xCFF6600,1,8,D4,10,FF,FF,FF,FF,FF,FF
90431,8047,0xCF00400,1,8,FF,FF,FF,FE,85,FF,FF,FF
90432,8048,0xCFF6600,1,8,BF,10,FF,FF,FF,FF,FF,FF
90444,8049,0x18F00500,1,8,FF,FF,FF,FF,20,2D,FF,FF
90445,8050,0x18FEF100,1,8,3F,00,00,FF,FF,FF,FF,FF
90445,8051,0x18FEF200,1,8,1C,00,00,00,00,00,00,FF
90452,8052,0xCF00400,1,8,FF,FF,FF,90,84,FF,FF,FF
90452,8053,0xCFF6600,1,8,92,10,FF,FF,FF,FF,FF,FF
90472,8054,0xCF00400,1,8,FF,FF,FF,18,84,FF,FF,FF
90472,8055,0xCFF6600,1,8,83,10,FF,FF,FF,FF,FF,FF
90492,8056,0xCF00400,1,8,FF,FF,FF,22,83,FF,FF,FF
90492,8057,0xCFF6600,1,8,64,10,FF,FF,FF,FF,FF,FF
90512,8058,0xCF00400,1,8,FF,FF,FF,58,82,FF,FF,FF
90513,8059,0xCFF6600,1,8,4B,10,FF,FF,FF,FF,FF,FF
90548,8060,0xCF00400,1,8,FF,FF,FF,50,81,FF,FF,FF
90549,8061,0xCFF6600,1,8,2A,10,FF,FF,FF,FF,FF,FF
90550,8062,0x18EEFF00,1,8,08,CF,60,06,00,00,00,00
90551,8063,0xCF00400,1,8,FF,FF,FF,7E,7F,FF,FF,FF
90552,8064,0xCFF6600,1,8,EF,0F,FF,FF,FF,FF,FF,FF
90571,8065,0xCF00400,1,8,FF,FF,FF,DE,7E,FF,FF,FF
90572,8066,0xCFF6600,1,8,DB,0F,FF,FF,FF,FF,FF,FF
90591,8067,0xCF00400,1,8,FF,FF,FF,6A,7E,FF,FF,FF
90592,8068,0xCFF6600,1,8,CD,0F,FF,FF,FF,FF,FF,FF
90611,8069,0xCF00400,1,8,FF,FF,FF,94,7C,FF,FF,FF
90612,8070,0xCFF6600,1,8,92,0F,FF,FF,FF,FF,FF,FF
90632,8071,0xCF00400,1,8,FF,FF,FF,B6,7B,FF,FF,FF
90632,8072,0xCFF6600,1,8,76,0F,FF,FF,FF,FF,FF,FF
90642,8073,0x18FEF100,1,8,3F,00,00,FF,FF,FF,FF,FF
90643,8074,0x10FF6500,1,8,FC,FF,FF,FF,FF,FF,FF,FF
90644,8075,0x18F00500,1,8,FF,FF,FF,FF,20,2D,FF,FF
90645,8076,0x18FEF200,1,8,1C,00,00,00,00,00,00,FF
90653,8077,0xCF00400,1,8,FF,FF,FF,04,7B,FF,FF,FF
90654,8078,0xCFF6600,1,8,60,0F,FF,FF,FF,FF,FF,FF
90671,8079,0xCF00400,1,8,FF,FF,FF,B2,78,FF,FF,FF
90672,8080,0xCFF6600,1,8,16,0F,FF,FF,FF,FF,FF,FF
90692,8081,0xCF00400,1,8,FF,FF,FF,82,77,FF,FF,FF
90692,8082,0xCFF6600,1,8,F0,0E,FF,FF,FF,FF,FF,FF
90712,8083,0xCF00400,1,8,FF,FF,FF,82,76,FF,FF,FF
90712,8084,0xCFF6600,1,8,D0,0E,FF,FF,FF,FF,FF,FF
90732,8085,0xCF00400,1,8,FF,FF,FF,82,75,FF,FF,FF
90732,8086,0xCFF6600,1,8,B0,0E,FF,FF,FF,FF,FF,FF
90744,8087,0x18F00500,1,8,FF,FF,FF,FF,20,2D,FF,FF
90745,8088,0x18FEF100,1,8,3F,00,00,FF,FF,FF,FF,FF
90746,8089,0x18FEF200,1,8,1C,00,00,00,00,00,00,FF
90755,8090,0xCF00400,1,8,FF,FF,FF,4A,73,FF,FF,FF
90771,8091,0xCFF6600,1,8,69,0E,FF,FF,FF,FF,FF,FF
90772,8092,0x18EEFF00,1,8,08,CF,60,06,00,00,00,00
90791,8093,0xCF00400,1,8,FF,FF,FF,B2,70,FF,FF,FF
90792,8094,0xCFF6600,1,8,16,0E,FF,FF,FF,FF,FF,FF
90811,8095,0xCF00400,1,8,FF,FF,FF,86,6F,FF,FF,FF
90812,8096,0xCFF6600,1,8,F0,0D,FF,FF,FF,FF,FF,FF
90831,8097,0xCF00400,1,8,FF,FF,FF,9A,6E,FF,FF,FF
90832,8098,0xCFF6600,1,8,D3,0D,FF,FF,FF,FF,FF,FF
90842,8099,0x18FEF100,1,8,3F,00,00,FF,FF,FF,FF,FF
90842,8100,0x10FF6500,1,8,FC,FF,FF,FF,FF,FF,FF,FF
90843,8101,0x18F00500,1,8,FF,FF,FF,FF,20,2D,FF,FF
90844,8102,0x18FEF200,1,8,1C,00,00,00,00,00,00,FF
90851,8103,0xCF00400,1,8,FF,FF,FF,E0,6D,FF,FF,FF
90852,8104,0xCFF6600,1,8,BC,0D,FF,FF,FF,FF,FF,FF
90873,8105,0xCF00400,1,8,FF,FF,FF,DE,6C,FF,FF,FF
90874,8106,0xCFF6600,1,8,9B,0D,FF,FF,FF,FF,FF,FF
90892,8107,0xCF00400,1,8,FF,FF,FF,18,6C,FF,FF,FF
90892,8108,0xCFF6600,1,8,83,0D,FF,FF,FF,FF,FF,FF
90901,8109,0x18FDE500,1,8,0A,14,1E,28,32,3C,46,13
90902,8110,0x18FEEE00,1,8,63,FF,FF,FF,FF,FF,FF,FF
90912,8111,0xCF00400,1,8,FF,FF,FF,04,6B,FF,FF,FF
90913,8112,0xCFF6600,1,8,60,0D,FF,FF,FF,FF,FF,FF
90921,8113,0x1CECFF00,1,8,20,0A,00,02,FF,CA,FE,00
90933,8114,0xCF00400,1,8,FF,FF,FF,F0,69,FF,FF,FF
90934,8115,0xCFF6600,1,8,3E,0D,FF,FF,FF,FF,FF,FF
90942,8116,0x18F00500,1,8,FF,FF,FF,FF,20,2D,FF,FF
90943,8117,0x18F00600,1,8,FF,FF,FF,FF,FF,FF,FF,FF
90944,8118,0x18FEF100,1,8,3F,00,00,FF,FF,FF,FF,FF
90944,8119,0x18FEF200,1,8,29,00,00,00,00,00,02,FF
90945,8120,0x1CFDDF00,1,8,FE,FF,FF,FF,FF,FF,FF,FF
90946,8121,0x1CFF6A00,1,8,FC,FF,FF,FF,FF,FF,FF,FF
90951,8122,0xCF00400,1,8,FF,FF,FF,D8,68,FF,FF,FF
90952,8123,0xCFF6600,1,8,1B,0D,FF,FF,FF,FF,FF,FF
90971,8124,0xCF00400,1,8,FF,FF,FF,2C,68,FF,FF,FF
90972,8125,0xCFF6600,1,8,05,0D,FF,FF,FF,FF,FF,FF
90973,8126,0x1CEBFF00,1,8,01,40,FF,0F,F0,E5,01,02
90995,8127,0xCF00400,1,8,FF,FF,FF,EE,67,FF,FF,FF
90995,8128,0xCFF6600,1,8,FD,0C,FF,FF,FF,FF,FF,FF
91011,8129,0xCF00400,1,8,FF,FF,FF,2A,68,FF,FF,FF
91012,8130,0xCFF6600,1,8,05,0D,FF,FF,FF,FF,FF,FF
91021,8131,0x1CEBFF00,1,8,02,F0,E3,01,FF,FF,FF,FF
91031,8132,0xCF00400,1,8,FF,FF,FF,38,69,FF,FF,FF
91032,8133,0xCFF6600,1,8,27,0D,FF,FF,FF,FF,FF,FF
91042,8134,0x18FEF100,1,8,3F,00,00,FF,FF,FF,FF,FF
91042,8135,0x10FF6500,1,8,FC,FF,FF,FF,FF,FF,FF,FF
91043,8136,0x18F00500,1,8,FF,FF,FF,FF,20,2D,FF,FF
91044,8137,0x18FEF200,1,8,29,00,00,00,00,00,11,FF
91051,8138,0xCF00400,1,8,FF,FF,FF,A6,69,FF,FF,FF
91052,8139,0xCFF6600,1,8,34,0D,FF,FF,FF,FF,FF,FF
91071,8140,0xCF00400,1,8,FF,FF,FF,1C,6A,FF,FF,FF
91072,8141,0xCFF6600,1,8,43,0D,FF,FF,FF,FF,FF,FF
91095,8142,0xCF00400,1,8,FF,FF,FF,A8,6A,FF,FF,FF
91096,8143,0xCFF6600,1,8,55,0D,FF,FF,FF,FF,FF,FF
91111,8144,0xCF00400,1,8,FF,FF,FF,9C,6B,FF,FF,FF
91112,8145,0xCFF6600,1,8,73,0D,FF,FF,FF,FF,FF,FF
91131,8146,0xCF00400,1,8,FF,FF,FF,E6,6C,FF,FF,FF
91132,8147,0xCFF6600,1,8,9C,0D,FF,FF,FF,FF,FF,FF
91142,8148,0x18FEF100,1,8,3F,00,00,FF,FF,FF,FF,FF
91143,8149,0x18F00500,1,8,FF,FF,FF,FF,20,2D,FF,FF
91143,8150,0x18FEF200,1,8,29,00,00,00,00,00,25,FF
91153,8151,0xCF00400,1,8,FF,FF,FF,7C,6F,FF,FF,FF
91173,8152,0xCF00400,1,8,FF,FF,FF,34,71,FF,FF,FF
91174,8153,0xCFF6600,1,8,EF,0D,FF,FF,FF,FF,FF,FF
91191,8154,0xCF00400,1,8,FF,FF,FF,34,73,FF,FF,FF
91192,8155,0xCFF6600,1,8,66,0E,FF,FF,FF,FF,FF,FF
91211,8156,0xCF00400,1,8,FF,FF,FF,FE,74,FF,FF,FF
91212,8157,0xCFF6600,1,8,9F,0E,FF,FF,FF,FF,FF,FF
91231,8158,0xCF00400,1,8,FF,FF,FF,94,77,FF,FF,FF
91232,8159,0xCFF6600,1,8,F2,0E,FF,FF,FF,FF,FF,FF
91242,8160,0x10FF6500,1,8,FC,FF,FF,FF,FF,FF,FF,FF
91243,8161,0x18F00500,1,8,FF,FF,FF,FF,20,2D,FF,FF
91244,8162,0x18FEF100,1,8,3F,00,00,FF,FF,FF,FF,FF
91244,8163,0x18FEF200,1,8,29,00,00,00,00,00,00,FF
91251,8164,0xCF00400,1,8,FF,FF,FF,FC,77,FF,FF,FF
91252,8165,0xCFF6600,1,8,FF,0E,FF,FF,FF,FF,FF,FF
91272,8166,0xCF00400,1,8,FF,FF,FF,70,78,FF,FF,FF
91273,8167,0xCFF6600,1,8,0E,0F,FF,FF,FF,FF,FF,FF
91291,8168,0xCF00400,1,8,FF,FF,FF,CA,78,FF,FF,FF
91292,8169,0xCFF6600,1,8,19,0F,FF,FF,FF,FF,FF,FF
91311,8170,0xCF00400,1,8,FF,FF,FF,78,78,FF,FF,FF
91312,8171,0xCFF6600,1,8,0F,0F,FF,FF,FF,FF,FF,FF
91335,8172,0xCF00400,1,8,FF,FF,FF,2E,78,FF,FF,FF
91335,8173,0xCFF6600,1,8,05,0F,FF,FF,FF,FF,FF,FF
91342,8174,0x18FEF100,1,8,3F,00,00,FF,FF,FF,FF,FF
91343,8175,0x18F00500,1,8,FF,FF,FF,FF,20,2D,FF,FF
91343,8176,0x18FEF200,1,8,29,00,00,00,00,00,00,FF
91351,8177,0xCF00400,1,8,FF,FF,FF,EA,77,FF,FF,FF
91352,8178,0xCFF6600,1,8,FD,0E,FF,FF,FF,FF,FF,FF
91372,8179,0xCF00400,1,8,FF,FF,FF,E4,76,FF,FF,FF
91373,8180,0xCFF6600,1,8,DC,0E,FF,FF,FF,FF,FF,FF
91392,8181,0xCF00400,1,8,FF,FF,FF,48,76,FF,FF,FF
91393,8182,0xCFF6600,1,8,C9,0E,FF,FF,FF,FF,FF,FF
91428,8183,0xCF00400,1,8,FF,FF,FF,A8,75,FF,FF,FF
91428,8184,0xCFF6600,1,8,B5,0E,FF,FF,FF,FF,FF,FF
91430,8185,0x18EEFF00,1,8,08,CF,60,06,00,00,00,00
91432,8186,0xCF00400,1,8,FF,FF,FF,BE,74,FF,FF,FF
91433,8187,0xCFF6600,1,8,97,0E,FF,FF,FF,FF,FF,FF
91442,8188,0x18FEF100,1,8,3F,00,00,FF,FF,FF,FF,FF
91442,8189,0x10FF6500,1,8,FC,FF,FF,FF,FF,FF,FF,FF
91444,8190,0x18F00500,1,8,FF,FF,FF,FF,20,2D,FF,FF
91445,8191,0x18F00600,1,8,FF,FF,FF,FF,FF,FF,FF,FF
91446,8192,0x18FEF200,1,8,29,00,00,00,00,00,00,FF
91446,8193,0x1CFDDF00,1,8,FE,FF,FF,FF,FF,FF,FF,FF
91447,8194,0x1CFF6A00,1,8,FC,FF,FF,FF,FF,FF,FF,FF
91452,8195,0xCF00400,1,8,FF,FF,FF,EE,72,FF,FF,FF
91452,8196,0xCFF6600,1,8,5D,0E,FF,FF,FF,FF,FF,FF
91471,8197,0xCF00400,1,8,FF,FF,FF,D6,72,FF,FF,FF
91472,8198,0xCFF6600,1,8,5A,0E,FF,FF,FF,FF,FF,FF
91491,8199,0xCF00400,1,8,FF,FF,FF,46,72,FF,FF,FF
91492,8200,0xCFF6600,1,8,48,0E,FF,FF,FF,FF,FF,FF
91511,8201,0xCF00400,1,8,FF,FF,FF,5E,71,FF,FF,FF
91512,8202,0xCFF6600,1,8,2B,0E,FF,FF,FF,FF,FF,FF
91531,8203,0xCF00400,1,8,FF,FF,FF,A8,70,FF,FF,FF
91532,8204,0xCFF6600,1,8,15,0E,FF,FF,FF,FF,FF,FF
91542,8205,0x18F00500,1,8,FF,FF,FF,FF,20,2D,FF,FF
91543,8206,0x18FEF100,1,8,3F,00,00,FF,FF,FF,FF,FF
91543,8207,0x18FEF200,1,8,29,00,00,00,00,00,07,FF
91552,8208,0xCF00400,1,8,FF,FF,FF,A6,6F,FF,FF,FF
91553,8209,0xCFF6600,1,8,F4,0D,FF,FF,FF,FF,FF,FF
91571,8210,0xCF00400,1,8,FF,FF,FF,5A,6F,FF,FF,FF
91592,8211,0xCF00400,1,8,FF,FF,FF,D8,6F,FF,FF,FF
91593,8212,0xCFF6600,1,8,EB,0D,FF,FF,FF,FF,FF,FF
91612,8213,0xCF00400,1,8,FF,FF,FF,FA,70,FF,FF,FF
91612,8214,0xCFF6600,1,8,1F,0E,FF,FF,FF,FF,FF,FF
91631,8215,0xCF00400,1,8,FF,FF,FF,38,72,FF,FF,FF
91632,8216,0xCFF6600,1,8,47,0E,FF,FF,FF,FF,FF,FF
91643,8217,0x10FF6500,1,8,FC,FF,FF,FF,FF,FF,FF,FF
91643,8218,0x18F00500,1,8,FF,FF,FF,FF,20,2D,FF,FF
91644,8219,0x18FEF100,1,8,3F,00,00,FF,FF,FF,FF,FF
91645,8220,0x18FEF200,1,8,29,00,00,00,00,00,1A,FF
91651,8221,0xCF00400,1,8,FF,FF,FF,D8,74,FF,FF,FF
91652,8222,0xCFF6600,1,8,9B,0E,FF,FF,FF,FF,FF,FF
91671,8223,0xCF00400,1,8,FF,FF,FF,FA,75,FF,FF,FF
91672,8224,0xCFF6600,1,8,BF,0E,FF,FF,FF,FF,FF,FF
91691,8225,0xCF00400,1,8,FF,FF,FF,52,77,FF,FF,FF
91692,8226,0xCFF6600,1,8,EA,0E,FF,FF,FF,FF,FF,FF
91712,8227,0xCF00400,1,8,FF,FF,FF,C6,78,FF,FF,FF
91712,8228,0xCFF6600,1,8,18,0F,FF,FF,FF,FF,FF,FF
91732,8229,0xCF00400,1,8,FF,FF,FF,60,7B,FF,FF,FF
91733,8230,0xCFF6600,1,8,6C,0F,FF,FF,FF,FF,FF,FF
91743,8231,0x18FEF100,1,8,3F,00,00,FF,FF,FF,FF,FF
91743,8232,0x18F00500,1,8,FF,FF,FF,FF,20,2D,FF,FF
91744,8233,0x18FEF200,1,8,29,00,00,00,00,00,1A,FF
91751,8234,0xCF00400,1,8,FF,FF,FF,C0,7C,FF,FF,FF
91752,8235,0xCFF6600,1,8,98,0F,FF,FF,FF,FF,FF,FF
91772,8236,0xCF00400,1,8,FF,FF,FF,D8,7F,FF,FF,FF
91773,8237,0xCFF6600,1,8,FB,0F,FF,FF,FF,FF,FF,FF
91791,8238,0xCF00400,1,8,FF,FF,FF,86,81,FF,FF,FF
91792,8239,0xCFF6600,1,8,30,10,FF,FF,FF,FF,FF,FF
91813,8240,0xCF00400,1,8,FF,FF,FF,F4,82,FF,FF,FF
91814,8241,0xCFF6600,1,8,5E,10,FF,FF,FF,FF,FF,FF
91831,8242,0xCF00400,1,8,FF,FF,FF,04,85,FF,FF,FF
91832,8243,0xCFF6600,1,8,A0,10,FF,FF,FF,FF,FF,FF
91843,8244,0x10FF6500,1,8,FC,FF,FF,FF,FF,FF,FF,FF
91843,8245,0x18F00500,1,8,FF,FF,FF,FF,20,2D,FF,FF
91844,8246,0x18FEF100,1,8,3F,00,00,FF,FF,FF,FF,FF
91845,8247,0x18FEF200,1,8,29,00,00,00,00,00,00,FF
91852,8248,0xCF00400,1,8,FF,FF,FF,7C,85,FF,FF,FF
91878,8249,0xCFF6600,1,8,AF,10,FF,FF,FF,FF,FF,FF
91879,8250,0x18EEFF00,1,8,08,CF,60,06,00,00,00,00
91891,8251,0xCF00400,1,8,FF,FF,FF,56,85,FF,FF,FF
91892,8252,0xCFF6600,1,8,AA,10,FF,FF,FF,FF,FF,FF
91901,8253,0x18FEEE00,1,8,64,FF,FF,FF,FF,FF,FF,FF
91902,8254,0x18FDE500,1,8,0A,14,1E,28,32,3C,46,13
91911,8255,0xCF00400,1,8,FF,FF,FF,B8,84,FF,FF,FF
91912,8256,0xCFF6600,1,8,97,10,FF,FF,FF,FF,FF,FF
91921,8257,0x1CECFF00,1,8,20,0A,00,02,FF,CA,FE,00
91931,8258,0xCF00400,1,8,FF,FF,FF,14,84,FF,FF,FF
91932,8259,0xCFF6600,1,8,82,10,FF,FF,FF,FF,FF,FF
91943,8260,0x18F00500,1,8,FF,FF,FF,FF,20,2D,FF,FF
91944,8261,0x18F00600,1,8,FF,FF,FF,FF,FF,FF,FF,FF
91945,8262,0x18FEF100,1,8,3F,00,00,FF,FF,FF,FF,FF
91946,8263,0x18FEF200,1,8,2B,00,00,00,00,00,00,FF
91946,8264,0x1CFDDF00,1,8,FE,FF,FF,FF,FF,FF,FF,FF
91947,8265,0x1CFF6A00,1,8,FC,FF,FF,FF,FF,FF,FF,FF
91951,8266,0xCF00400,1,8,FF,FF,FF,EE,83,FF,FF,FF
91952,8267,0xCFF6600,1,8,7D,10,FF,FF,FF,FF,FF,FF
91971,8268,0xCF00400,1,8,FF,FF,FF,7A,83,FF,FF,FF
91972,8269,0xCFF6600,1,8,6F,10,FF,FF,FF,FF,FF,FF
91972,8270,0x1CEBFF00,1,8,01,40,FF,0F,F0,E5,01,02
91991,8271,0xCF00400,1,8,FF,FF,FF,10,83,FF,FF,FF
91992,8272,0xCFF6600,1,8,62,10,FF,FF,FF,FF,FF,FF
92013,8273,0xCF00400,1,8,FF,FF,FF,B2,82,FF,FF,FF
92014,8274,0xCFF6600,1,8,56,10,FF,FF,FF,FF,FF,FF
92021,8275,0x1CEBFF00,1,8,02,F0,E3,01,FF,FF,FF,FF
92031,8276,0xCF00400,1,8,FF,FF,FF,F0,81,FF,FF,FF
92032,8277,0xCFF6600,1,8,3E,10,FF,FF,FF,FF,FF,FF
92043,8278,0x10FF6500,1,8,FC,FF,FF,FF,FF,FF,FF,FF
92044,8279,0x18F00500,1,8,FF,FF,FF,FF,20,2D,FF,FF
92044,8280,0x18FEF100,1,8,3F,00,00,FF,FF,FF,FF,FF
92045,8281,0x18FEF200,1,8,2B,00,00,00,00,00,00,FF
92053,8282,0xCF00400,1,8,FF,FF,FF,6E,81,FF,FF,FF
92054,8283,0xCFF6600,1,8,2D,10,FF,FF,FF,FF,FF,FF
92072,8284,0xCF00400,1,8,FF,FF,FF,DC,7F,FF,FF,FF
92072,8285,0xCFF6600,1,8,FB,0F,FF,FF,FF,FF,FF,FF
92094,8286,0xCF00400,1,8,FF,FF,FF,5E,7F,FF,FF,FF
92094,8287,0xCFF6600,1,8,EB,0F,FF,FF,FF,FF,FF,FF
92112,8288,0xCF00400,1,8,FF,FF,FF,22,7F,FF,FF,FF
92133,8289,0xCF00400,1,8,FF,FF,FF,5E,7D,FF,FF,FF
92134,8290,0xCFF6600,1,8,E4,0F,FF,FF,FF,FF,FF,FF
92142,8291,0x18F00500,1,8,FF,FF,FF,FF,20,2D,FF,FF
92143,8292,0x18FEF100,1,8,3F,00,00,FF,FF,FF,FF,FF
92144,8293,0x18FEF200,1,8,2B,00,00,00,00,00,00,FF
92154,8294,0xCF00400,1,8,FF,FF,FF,4A,7C,FF,FF,FF
92154,8295,0xCFF6600,1,8,89,0F,FF,FF,FF,FF,FF,FF
92171,8296,0xCF00400,1,8,FF,FF,FF,38,7B,FF,FF,FF
92172,8297,0xCFF6600,1,8,67,0F,FF,FF,FF,FF,FF,FF
92192,8298,0xCF00400,1,8,FF,FF,FF,44,79,FF,FF,FF
92192,8299,0xCFF6600,1,8,28,0F,FF,FF,FF,FF,FF,FF
92211,8300,0xCF00400,1,8,FF,FF,FF,88,78,FF,FF,FF
92212,8301,0xCFF6600,1,8,11,0F,FF,FF,FF,FF,FF,FF
92232,8302,0xCF00400,1,8,FF,FF,FF,FE,77,FF,FF,FF
92232,8303,0xCFF6600,1,8,FF,0E,FF,FF,FF,FF,FF,FF
92242,8304,0x10FF6500,1,8,FC,FF,FF,FF,FF,FF,FF,FF
92243,8305,0x18F00500,1,8,FF,FF,FF,FF,20,2D,FF,FF
92244,8306,0x18FEF100,1,8,3F,00,00,FF,FF,FF,FF,FF
92244,8307,0x18FEF200,1,8,2B,00,00,00,00,00,0E,FF
92270,8308,0xCF00400,1,8,FF,FF,FF,4A,77,FF,FF,FF
92271,8309,0xCFF6600,1,8,E9,0E,FF,FF,FF,FF,FF,FF
92272,8310,0x18EEFF00,1,8,08,CF,60,06,00,00,00,00
92291,8311,0xCF00400,1,8,FF,FF,FF,7A,77,FF,FF,FF
92293,8312,0xCFF6600,1,8,EF,0E,FF,FF,FF,FF,FF,FF
92311,8313,0xCF00400,1,8,FF,FF,FF,26,78,FF,FF,FF
92312,8314,0xCFF6600,1,8,04,0F,FF,FF,FF,FF,FF,FF
92331,8315,0xCF00400,1,8,FF,FF,FF,C8,78,FF,FF,FF
92332,8316,0xCFF6600,1,8,19,0F,FF,FF,FF,FF,FF,FF
92342,8317,0x18FEF100,1,8,3F,00,00,FF,FF,FF,FF,FF
92343,8318,0x18F00500,1,8,FF,FF,FF,FF,20,2D,FF,FF
92343,8319,0x18FEF200,1,8,2B,00,00,00,00,00,1F,FF
92371,8320,0xCF00400,1,8,FF,FF,FF,4A,7B,FF,FF,FF
92372,8321,0xCFF6600,1,8,69,0F,FF,FF,FF,FF,FF,FF
92372,8322,0x18EEFF00,1,8,08,CF,60,06,00,00,00,00
92392,8323,0xCF00400,1,8,FF,FF,FF,26,80,FF,FF,FF
92392,8324,0xCFF6600,1,8,04,10,FF,FF,FF,FF,FF,FF
92411,8325,0xCF00400,1,8,FF,FF,FF,9A,81,FF,FF,FF
92412,8326,0xCFF6600,1,8,33,10,FF,FF,FF,FF,FF,FF
92431,8327,0xCF00400,1,8,FF,FF,FF,26,83,FF,FF,FF
92432,8328,0xCFF6600,1,8,64,10,FF,FF,FF,FF,FF,FF
92442,8329,0x18FEF100,1,8,3F,00,00,FF,FF,FF,FF,FF
92443,8330,0x10FF6500,1,8,FC,FF,FF,FF,FF,FF,FF,FF
92443,8331,0x18F00500,1,8,FF,FF,FF,FF,20,2D,FF,FF
92444,8332,0x18F00600,1,8,FF,FF,FF,FF,FF,FF,FF,FF
92445,8333,0x18FEF200,1,8,2B,00,00,00,00,00,1E,FF
92445,8334,0x1CFDDF00,1,8,FE,FF,FF,FF,FF,FF,FF,FF
92446,8335,0x1CFF6A00,1,8,FC,FF,FF,FF,FF,FF,FF,FF
92451,8336,0xCF00400,1,8,FF,FF,FF,2E,86,FF,FF,FF
92452,8337,0xCFF6600,1,8,C5,10,FF,FF,FF,FF,FF,FF
92471,8338,0xCF00400,1,8,FF,FF,FF,98,87,FF,FF,FF
92472,8339,0xCFF6600,1,8,F3,10,FF,FF,FF,FF,FF,FF
92491,8340,0xCF00400,1,8,FF,FF,FF,C8,89,FF,FF,FF
92492,8341,0xCFF6600,1,8,39,11,FF,FF,FF,FF,FF,FF
92512,8342,0xCF00400,1,8,FF,FF,FF,EE,8A,FF,FF,FF
92513,8343,0xCFF6600,1,8,5D,11,FF,FF,FF,FF,FF,FF
92531,8344,0xCF00400,1,8,FF,FF,FF,22,8D,FF,FF,FF
92532,8345,0xCFF6600,1,8,A4,11,FF,FF,FF,FF,FF,FF
92543,8346,0x18F00500,1,8,FF,FF,FF,FF,20,2D,FF,FF
92544,8347,0x18FEF100,1,8,3F,00,00,FF,FF,FF,FF,FF
92544,8348,0x18FEF200,1,8,2B,00,00,00,00,00,1D,FF
92551,8349,0xCF00400,1,8,FF,FF,FF,20,8E,FF,FF,FF
92552,8350,0xCFF6600,1,8,C4,11,FF,FF,FF,FF,FF,FF
92573,8351,0xCF00400,1,8,FF,FF,FF,C8,8F,FF,FF,FF
92573,8352,0xCFF6600,1,8,F9,11,FF,FF,FF,FF,FF,FF
92591,8353,0xCF00400,1,8,FF,FF,FF,B2,90,FF,FF,FF
92592,8354,0xCFF6600,1,8,16,12,FF,FF,FF,FF,FF,FF
92611,8355,0xCF00400,1,8,FF,FF,FF,7C,92,FF,FF,FF
92612,8356,0xCFF6600,1,8,4F,12,FF,FF,FF,FF,FF,FF
92631,8357,0xCF00400,1,8,FF,FF,FF,1A,93,FF,FF,FF
92632,8358,0xCFF6600,1,8,63,12,FF,FF,FF,FF,FF,FF
92642,8359,0x18FEF100,1,8,3F,00,00,FF,FF,FF,FF,FF
92642,8360,0x10FF6500,1,8,FC,FF,FF,FF,FF,FF,FF,FF
92643,8361,0x18F00500,1,8,FF,FF,FF,FF,20,2D,FF,FF
92664,8362,0xCF00400,1,8,FF,FF,FF,D4,94,FF,FF,FF
92665,8363,0xCFF6600,1,8,9A,12,FF,FF,FF,FF,FF,FF
92666,8364,0x18FEF200,1,8,2B,00,00,00,00,00,19,FF
92671,8365,0xCF00400,1,8,FF,FF,FF,02,96,FF,FF,FF
92672,8366,0xCFF6600,1,8,C0,12,FF,FF,FF,FF,FF,FF
92691,8367,0xCF00400,1,8,FF,FF,FF,AC,96,FF,FF,FF
92692,8368,0xCFF6600,1,8,D5,12,FF,FF,FF,FF,FF,FF
92711,8369,0xCF00400,1,8,FF,FF,FF,F8,97,FF,FF,FF
92712,8370,0xCFF6600,1,8,FF,12,FF,FF,FF,FF,FF,FF
92732,8371,0xCF00400,1,8,FF,FF,FF,08,99,FF,FF,FF
92732,8372,0xCFF6600,1,8,21,13,FF,FF,FF,FF,FF,FF
92742,8373,0x18F00500,1,8,FF,FF,FF,FF,20,2D,FF,FF
92743,8374,0x18FEF100,1,8,3F,00,00,FF,FF,FF,FF,FF
92744,8375,0x18FEF200,1,8,2B,00,00,00,00,00,16,FF
92751,8376,0xCF00400,1,8,FF,FF,FF,90,99,FF,FF,FF
92752,8377,0xCFF6600,1,8,32,13,FF,FF,FF,FF,FF,FF
92772,8378,0xCF00400,1,8,FF,FF,FF,62,9A,FF,FF,FF
92772,8379,0xCFF6600,1,8,4C,13,FF,FF,FF,FF,FF,FF
92792,8380,0xCF00400,1,8,FF,FF,FF,86,9A,FF,FF,FF
92792,8381,0xCFF6600,1,8,50,13,FF,FF,FF,FF,FF,FF
92811,8382,0xCF00400,1,8,FF,FF,FF,DA,9A,FF,FF,FF
92833,8383,0xCF00400,1,8,FF,FF,FF,CE,9B,FF,FF,FF
92834,8384,0xCFF6600,1,8,5B,13,FF,FF,FF,FF,FF,FF
92842,8385,0x18FEF100,1,8,3F,00,00,FF,FF,FF,FF,FF
92843,8386,0x10FF6500,1,8,FC,FF,FF,FF,FF,FF,FF,FF
92844,8387,0x18F00500,1,8,FF,FF,FF,FF,20,2D,FF,FF
92845,8388,0x18FEF200,1,8,2B,00,00,00,00,00,12,FF
92852,8389,0xCF00400,1,8,FF,FF,FF,04,9C,FF,FF,FF
92852,8390,0xCFF6600,1,8,80,13,FF,FF,FF,FF,FF,FF
92872,8391,0xCF00400,1,8,FF,FF,FF,B4,9C,FF,FF,FF
92872,8392,0xCFF6600,1,8,96,13,FF,FF,FF,FF,FF,FF
92892,8393,0xCF00400,1,8,FF,FF,FF,5C,9D,FF,FF,FF
92892,8394,0xCFF6600,1,8,AB,13,FF,FF,FF,FF,FF,FF
92901,8395,0x18FEEE00,1,8,64,FF,FF,FF,FF,FF,FF,FF
92901,8396,0x18FDE500,1,8,0A,14,1E,28,32,3C,46,13
92911,8397,0xCF00400,1,8,FF,FF,FF,B8,9D,FF,FF,FF
92913,8398,0xCFF6600,1,8,B7,13,FF,FF,FF,FF,FF,FF
92921,8399,0x1CECFF00,1,8,20,0A,00,02,FF,CA,FE,00
92932,8400,0xCF00400,1,8,FF,FF,FF,02,9E,FF,FF,FF
92933,8401,0xCFF6600,1,8,C0,13,FF,FF,FF,FF,FF,FF
92943,8402,0x18F00500,1,8,FF,FF,FF,FF,20,2D,FF,FF
92944,8403,0x18F00600,1,8,FF,FF,FF,FF,FF,FF,FF,FF
92945,8404,0x18FEF100,1,8,3F,00,00,FF,FF,FF,FF,FF
92945,8405,0x18FEF200,1,8,30,00,00,00,00,00,0D,FF
92946,8406,0x1CFDDF00,1,8,FE,FF,FF,FF,FF,FF,FF,FF
92947,8407,0x1CFF6A00,1,8,FC,FF,FF,FF,FF,FF,FF,FF
92951,8408,0xCF00400,1,8,FF,FF,FF,B8,9D,FF,FF,FF
92952,8409,0xCFF6600,1,8,B7,13,FF,FF,FF,FF,FF,FF
92972,8410,0xCF00400,1,8,FF,FF,FF,B8,9D,FF,FF,FF
92972,8411,0xCFF6600,1,8,B7,13,FF,FF,FF,FF,FF,FF
92973,8412,0x1CEBFF00,1,8,01,40,FF,0F,F0,E5,01,02
92991,8413,0xCF00400,1,8,FF,FF,FF,2E,9D,FF,FF,FF
92992,8414,0xCFF6600,1,8,A5,13,FF,FF,FF,FF,FF,FF
93011,8415,0xCF00400,1,8,FF,FF,FF,E6,9C,FF,FF,FF
93012,8416,0xCFF6600,1,8,9C,13,FF,FF,FF,FF,FF,FF
93021,8417,0x1CEBFF00,1,8,02,F0,E3,01,FF,FF,FF,FF
93032,8418,0xCF00400,1,8,FF,FF,FF,04,9D,FF,FF,FF
93032,8419,0xCFF6600,1,8,A0,13,FF,FF,FF,FF,FF,FF
93042,8420,0x10FF6500,1,8,FC,FF,FF,FF,FF,FF,FF,FF
93063,8421,0xCF00400,1,8,FF,FF,FF,1C,9D,FF,FF,FF
93064,8422,0xCFF6600,1,8,A3,13,FF,FF,FF,FF,FF,FF
93064,8423,0x18F00500,1,8,FF,FF,FF,FF,20,2D,FF,FF
93065,8424,0x18FEF100,1,8,3F,00,00,FF,FF,FF,FF,FF
93065,8425,0x18FEF200,1,8,30,00,00,00,00,00,0D,FF
93071,8426,0xCF00400,1,8,FF,FF,FF,70,9D,FF,FF,FF
93072,8427,0xCFF6600,1,8,AE,13,FF,FF,FF,FF,FF,FF
93091,8428,0xCF00400,1,8,FF,FF,FF,CC,9D,FF,FF,FF
93093,8429,0xCFF6600,1,8,B9,13,FF,FF,FF,FF,FF,FF
93111,8430,0xCF00400,1,8,FF,FF,FF,C2,9D,FF,FF,FF
93112,8431,0xCFF6600,1,8,B8,13,FF,FF,FF,FF,FF,FF
93131,8432,0xCF00400,1,8,FF,FF,FF,90,9D,FF,FF,FF
93132,8433,0xCFF6600,1,8,B2,13,FF,FF,FF,FF,FF,FF
93142,8434,0x18FEF100,1,8,3F,00,00,FF,FF,FF,FF,FF
93143,8435,0x18F00500,1,8,FF,FF,FF,FF,20,2D,FF,FF
93143,8436,0x18FEF200,1,8,30,00,00,00,00,00,0F,FF
93152,8437,0xCF00400,1,8,FF,FF,FF,E0,9D,FF,FF,FF
93152,8438,0xCFF6600,1,8,BC,13,FF,FF,FF,FF,FF,FF
93172,8439,0xCF00400,1,8,FF,FF,FF,2C,9E,FF,FF,FF
93172,8440,0xCFF6600,1,8,C5,13,FF,FF,FF,FF,FF,FF
93192,8441,0xCF00400,1,8,FF,FF,FF,B8,9E,FF,FF,FF
93192,8442,0xCFF6600,1,8,D7,13,FF,FF,FF,FF,FF,FF
93212,8443,0xCF00400,1,8,FF,FF,FF,2A,9F,FF,FF,FF
93212,8444,0xCFF6600,1,8,E5,13,FF,FF,FF,FF,FF,FF
93232,8445,0xCF00400,1,8,FF,FF,FF,76,9F,FF,FF,FF
93232,8446,0xCFF6600,1,8,EE,13,FF,FF,FF,FF,FF,FF
93242,8447,0x18FEF100,1,8,3F,00,00,FF,FF,FF,FF,FF
93242,8448,0x10FF6500,1,8,FC,FF,FF,FF,FF,FF,FF,FF
93263,8449,0xCF00400,1,8,FF,FF,FF,1E,A0,FF,FF,FF
93264,8450,0xCFF6600,1,8,03,14,FF,FF,FF,FF,FF,FF
93264,8451,0x18F00500,1,8,FF,FF,FF,FF,20,2D,FF,FF
93265,8452,0x18FEF200,1,8,30,00,00,00,00,00,0D,FF
93272,8453,0xCF00400,1,8,FF,FF,FF,CE,A0,FF,FF,FF
93272,8454,0xCFF6600,1,8,19,14,FF,FF,FF,FF,FF,FF
93292,8455,0xCF00400,1,8,FF,FF,FF,26,A1,FF,FF,FF
93292,8456,0xCFF6600,1,8,24,14,FF,FF,FF,FF,FF,FF
93312,8457,0xCF00400,1,8,FF,FF,FF,46,A1,FF,FF,FF
93312,8458,0xCFF6600,1,8,28,14,FF,FF,FF,FF,FF,FF
93332,8459,0xCF00400,1,8,FF,FF,FF,8C,A1,FF,FF,FF
93332,8460,0xCFF6600,1,8,31,14,FF,FF,FF,FF,FF,FF
93342,8461,0x18F00500,1,8,FF,FF,FF,FF,20,2D,FF,FF
93343,8462,0x18FEF100,1,8,3F,00,00,FF,FF,FF,FF,FF
93344,8463,0x18FEF200,1,8,30,00,00,00,00,00,0D,FF
93368,8464,0xCF00400,1,8,FF,FF,FF,C2,A1,FF,FF,FF
93369,8465,0xCFF6600,1,8,38,14,FF,FF,FF,FF,FF,FF
93370,8466,0x18EEFF00,1,8,08,CF,60,06,00,00,00,00
93371,8467,0xCF00400,1,8,FF,FF,FF,A2,A1,FF,FF,FF
93372,8468,0xCFF6600,1,8,34,14,FF,FF,FF,FF,FF,FF
93391,8469,0xCF00400,1,8,FF,FF,FF,20,A2,FF,FF,FF
93392,8470,0xCFF6600,1,8,44,14,FF,FF,FF,FF,FF,FF
93411,8471,0xCF00400,1,8,FF,FF,FF,B6,A2,FF,FF,FF
93412,8472,0xCFF6600,1,8,56,14,FF,FF,FF,FF,FF,FF
93431,8473,0xCF00400,1,8,FF,FF,FF,E2,A2,FF,FF,FF
93432,8474,0xCFF6600,1,8,5C,14,FF,FF,FF,FF,FF,FF
93442,8475,0x18FEF100,1,8,3F,00,00,FF,FF,FF,FF,FF
93443,8476,0x10FF6500,1,8,FC,FF,FF,FF,FF,FF,FF,FF
93444,8477,0x18F00500,1,8,FF,FF,FF,FF,20,2D,FF,FF
93445,8478,0x18F00600,1,8,FF,FF,FF,FF,FF,FF,FF,FF
93446,8479,0x18FEF200,1,8,30,00,00,00,00,00,0C,FF
93447,8480,0x1CFDDF00,1,8,FE,FF,FF,FF,FF,FF,FF,FF
93447,8481,0x1CFF6A00,1,8,FC,FF,FF,FF,FF,FF,FF,FF
93451,8482,0xCF00400,1,8,FF,FF,FF,6C,A2,FF,FF,FF
93453,8483,0xCFF6600,1,8,4D,14,FF,FF,FF,FF,FF,FF
93471,8484,0xCF00400,1,8,FF,FF,FF,4A,A1,FF,FF,FF
93472,8485,0xCFF6600,1,8,29,14,FF,FF,FF,FF,FF,FF
93493,8486,0xCF00400,1,8,FF,FF,FF,78,A1,FF,FF,FF
93493,8487,0xCFF6600,1,8,2F,14,FF,FF,FF,FF,FF,FF
93512,8488,0xCF00400,1,8,FF,FF,FF,FE,A0,FF,FF,FF
93513,8489,0xCFF6600,1,8,1F,14,FF,FF,FF,FF,FF,FF
93531,8490,0xCF00400,1,8,FF,FF,FF,EA,A0,FF,FF,FF
93532,8491,0xCFF6600,1,8,1D,14,FF,FF,FF,FF,FF,FF
93542,8492,0x18F00500,1,8,FF,FF,FF,FF,20,2D,FF,FF
93543,8493,0x18FEF100,1,8,3F,00,00,FF,FF,FF,FF,FF
93564,8494,0xCF00400,1,8,FF,FF,FF,02,A1,FF,FF,FF
93564,8495,0xCFF6600,1,8,20,14,FF,FF,FF,FF,FF,FF
93565,8496,0x18FEF200,1,8,30,00,00,00,00,00,0A,FF
93572,8497,0xCF00400,1,8,FF,FF,FF,0E,A1,FF,FF,FF
93572,8498,0xCFF6600,1,8,21,14,FF,FF,FF,FF,FF,FF
93592,8499,0xCF00400,1,8,FF,FF,FF,F0,A0,FF,FF,FF
93592,8500,0xCFF6600,1,8,1E,14,FF,FF,FF,FF,FF,FF
93612,8501,0xCF00400,1,8,FF,FF,FF,9C,A0,FF,FF,FF
93613,8502,0xCFF6600,1,8,13,14,FF,FF,FF,FF,FF,FF
93631,8503,0xCF00400,1,8,FF,FF,FF,52,A0,FF,FF,FF
93632,8504,0xCFF6600,1,8,0A,14,FF,FF,FF,FF,FF,FF
93642,8505,0x18FEF100,1,8,3F,00,00,FF,FF,FF,FF,FF
93642,8506,0x10FF6500,1,8,FC,FF,FF,FF,FF,FF,FF,FF
93643,8507,0x18F00500,1,8,FF,FF,FF,FF,20,2D,FF,FF
93644,8508,0x18FEF200,1,8,30,00,00,00,00,00,0A,FF
93652,8509,0xCF00400,1,8,FF,FF,FF,D4,9F,FF,FF,FF
93653,8510,0xCFF6600,1,8,FA,13,FF,FF,FF,FF,FF,FF
93671,8511,0xCF00400,1,8,FF,FF,FF,6C,9F,FF,FF,FF
93673,8512,0xCFF6600,1,8,ED,13,FF,FF,FF,FF,FF,FF
93691,8513,0xCF00400,1,8,FF,FF,FF,7A,9F,FF,FF,FF
93713,8514,0xCF00400,1,8,FF,FF,FF,DE,9E,FF,FF,FF
93714,8515,0xCFF6600,1,8,EF,13,FF,FF,FF,FF,FF,FF
93731,8516,0xCF00400,1,8,FF,FF,FF,A0,9E,FF,FF,FF
93734,8517,0xCFF6600,1,8,D4,13,FF,FF,FF,FF,FF,FF
93742,8518,0x18FEF100,1,8,3F,00,00,FF,FF,FF,FF,FF
93742,8519,0x18F00500,1,8,FF,FF,FF,FF,20,2D,FF,FF
93743,8520,0x18FEF200,1,8,30,00,00,00,00,00,09,FF
93752,8521,0xCF00400,1,8,FF,FF,FF,62,9E,FF,FF,FF
93752,8522,0xCFF6600,1,8,CC,13,FF,FF,FF,FF,FF,FF
93772,8523,0xCF00400,1,8,FF,FF,FF,1E,9E,FF,FF,FF
93772,8524,0xCFF6600,1,8,C3,13,FF,FF,FF,FF,FF,FF
93792,8525,0xCF00400,1,8,FF,FF,FF,E0,9D,FF,FF,FF
93792,8526,0xCFF6600,1,8,BC,13,FF,FF,FF,FF,FF,FF
93812,8527,0xCF00400,1,8,FF,FF,FF,0C,9E,FF,FF,FF
93812,8528,0xCFF6600,1,8,C1,13,FF,FF,FF,FF,FF,FF
93831,8529,0xCF00400,1,8,FF,FF,FF,3A,9D,FF,FF,FF
93832,8530,0xCFF6600,1,8,A7,13,FF,FF,FF,FF,FF,FF
93845,8531,0x10FF6500,1,8,FC,FF,FF,FF,FF,FF,FF,FF
93845,8532,0x18F00500,1,8,FF,FF,FF,FF,20,2D,FF,FF
93846,8533,0x18FEF100,1,8,3F,00,00,FF,FF,FF,FF,FF
93846,8534,0x18FEF200,1,8,30,00,00,00,00,00,08,FF
93851,8535,0xCF00400,1,8,FF,FF,FF,CE,9C,FF,FF,FF
93852,8536,0xCFF6600,1,8,99,13,FF,FF,FF,FF,FF,FF
93872,8537,0xCF00400,1,8,FF,FF,FF,64,9C,FF,FF,FF
93872,8538,0xCFF6600,1,8,8C,13,FF,FF,FF,FF,FF,FF
93907,8539,0xCF00400,1,8,FF,FF,FF,40,9C,FF,FF,FF
93908,8540,0xCFF6600,1,8,88,13,FF,FF,FF,FF,FF,FF
93910,8541,0x18EEFF00,1,8,08,CF,60,06,00,00,00,00
93911,8542,0xCF00400,1,8,FF,FF,FF,22,9C,FF,FF,FF
93912,8543,0xCFF6600,1,8,84,13,FF,FF,FF,FF,FF,FF
93931,8544,0xCF00400,1,8,FF,FF,FF,F0,9B,FF,FF,FF
93932,8545,0xCFF6600,1,8,7E,13,FF,FF,FF,FF,FF,FF
93942,8546,0x18FEF100,1,8,3F,00,00,FF,FF,FF,FF,FF
93943,8547,0x18F00500,1,8,FF,FF,FF,FF,20,2D,FF,FF
93943,8548,0x18F00600,1,8,FF,FF,FF,FF,FF,FF,FF,FF
93944,8549,0x18FEF200,1,8,35,00,00,00,00,00,08,FF
93945,8550,0x1CFDDF00,1,8,FE,FF,FF,FF,FF,FF,FF,FF
93945,8551,0x1CFF6A00,1,8,FC,FF,FF,FF,FF,FF,FF,FF
93951,8552,0xCF00400,1,8,FF,FF,FF,46,9B,FF,FF,FF
93952,8553,0xCFF6600,1,8,68,13,FF,FF,FF,FF,FF,FF
93971,8554,0xCF00400,1,8,FF,FF,FF,30,9B,FF,FF,FF
93972,8555,0xCFF6600,1,8,66,13,FF,FF,FF,FF,FF,FF
93991,8556,0xCF00400,1,8,FF,FF,FF,F4,9A,FF,FF,FF
93992,8557,0xCFF6600,1,8,5E,13,FF,FF,FF,FF,FF,FF
94011,8558,0xCF00400,1,8,FF,FF,FF,3E,9A,FF,FF,FF
94012,8559,0xCFF6600,1,8,47,13,FF,FF,FF,FF,FF,FF
94032,8560,0xCF00400,1,8,FF,FF,FF,58,9A,FF,FF,FF
94034,8561,0xCFF6600,1,8,4B,13,FF,FF,FF,FF,FF,FF
94042,8562,0x10FF6500,1,8,FC,FF,FF,FF,FF,FF,FF,FF
94043,8563,0x18F00500,1,8,FF,FF,FF,FF,20,2D,FF,FF
94043,8564,0x18FEF100,1,8,3F,00,00,FF,FF,FF,FF,FF
94044,8565,0x18FEF200,1,8,35,00,00,00,00,00,08,FF
94051,8566,0xCF00400,1,8,FF,FF,FF,7E,9A,FF,FF,FF
94052,8567,0xCFF6600,1,8,4F,13,FF,FF,FF,FF,FF,FF
94074,8568,0xCF00400,1,8,FF,FF,FF,A2,99,FF,FF,FF
94075,8569,0xCFF6600,1,8,34,13,FF,FF,FF,FF,FF,FF
94092,8570,0xCF00400,1,8,FF,FF,FF,5C,99,FF,FF,FF
94092,8571,0xCFF6600,1,8,2B,13,FF,FF,FF,FF,FF,FF
94112,8572,0xCF00400,1,8,FF,FF,FF,62,99,FF,FF,FF
94112,8573,0xCFF6600,1,8,2C,13,FF,FF,FF,FF,FF,FF
94132,8574,0xCF00400,1,8,FF,FF,FF,4E,99,FF,FF,FF
94132,8575,0xCFF6600,1,8,29,13,FF,FF,FF,FF,FF,FF
94142,8576,0x18F00500,1,8,FF,FF,FF,FF,20,2D,FF,FF
94164,8577,0xCF00400,1,8,FF,FF,FF,FE,98,FF,FF,FF
94165,8578,0xCFF6600,1,8,1F,13,FF,FF,FF,FF,FF,FF
94165,8579,0x18FEF100,1,8,3F,00,00,FF,FF,FF,FF,FF
94166,8580,0x18FEF200,1,8,35,00,00,00,00,00,08,FF
94190,8581,0xCF00400,1,8,FF,FF,FF,76,98,FF,FF,FF
94191,8582,0xCFF6600,1,8,0E,13,FF,FF,FF,FF,FF,FF
94191,8583,0x18EEFF00,1,8,08,CF,60,06,00,00,00,00
94211,8584,0xCF00400,1,8,FF,FF,FF,26,97,FF,FF,FF
94212,8585,0xCFF6600,1,8,E4,12,FF,FF,FF,FF,FF,FF
94231,8586,0xCF00400,1,8,FF,FF,FF,A0,96,FF,FF,FF
94232,8587,0xCFF6600,1,8,D4,12,FF,FF,FF,FF,FF,FF
94242,8588,0x18FEF100,1,8,3F,00,00,FF,FF,FF,FF,FF
94242,8589,0x18F00500,1,8,FF,FF,FF,FF,20,2D,FF,FF
94243,8590,0x10FF6500,1,8,FC,FF,FF,FF,FF,FF,FF,FF
94244,8591,0x18FEF200,1,8,35,00,00,00,00,00,08,FF
94252,8592,0xCF00400,1,8,FF,FF,FF,D2,96,FF,FF,FF
94252,8593,0xCFF6600,1,8,DA,12,FF,FF,FF,FF,FF,FF
94272,8594,0xCF00400,1,8,FF,FF,FF,B6,95,FF,FF,FF
94272,8595,0xCFF6600,1,8,B6,12,FF,FF,FF,FF,FF,FF
94292,8596,0xCF00400,1,8,FF,FF,FF,72,95,FF,FF,FF
94292,8597,0xCFF6600,1,8,AE,12,FF,FF,FF,FF,FF,FF
94312,8598,0xCF00400,1,8,FF,FF,FF,60,95,FF,FF,FF
94313,8599,0xCFF6600,1,8,AC,12,FF,FF,FF,FF,FF,FF
94332,8600,0xCF00400,1,8,FF,FF,FF,F0,94,FF,FF,FF
94333,8601,0xCFF6600,1,8,9E,12,FF,FF,FF,FF,FF,FF
94342,8602,0x18FEF100,1,8,3F,00,00,FF,FF,FF,FF,FF
94343,8603,0x18F00500,1,8,FF,FF,FF,FF,20,2D,FF,FF
94343,8604,0x18FEF200,1,8,35,00,00,00,00,00,08,FF
94351,8605,0xCF00400,1,8,FF,FF,FF,F8,94,FF,FF,FF
94352,8606,0xCFF6600,1,8,9F,12,FF,FF,FF,FF,FF,FF
94371,8607,0xCF00400,1,8,FF,FF,FF,3E,95,FF,FF,FF
94372,8608,0xCFF6600,1,8,A7,12,FF,FF,FF,FF,FF,FF
94392,8609,0xCF00400,1,8,FF,FF,FF,02,95,FF,FF,FF
94393,8610,0xCFF6600,1,8,A0,12,FF,FF,FF,FF,FF,FF
94411,8611,0xCF00400,1,8,FF,FF,FF,14,94,FF,FF,FF
94412,8612,0xCFF6600,1,8,82,12,FF,FF,FF,FF,FF,FF
94436,8613,0xCF00400,1,8,FF,FF,FF,76,93,FF,FF,FF
94455,8614,0xCFF6600,1,8,6E,12,FF,FF,FF,FF,FF,FF
94456,8615,0x18EEFF00,1,8,08,CF,60,06,00,00,00,00
94471,8616,0xCF00400,1,8,FF,FF,FF,D4,92,FF,FF,FF
94472,8617,0xCFF6600,1,8,5A,12,FF,FF,FF,FF,FF,FF
94492,8618,0xCF00400,1,8,FF,FF,FF,AA,92,FF,FF,FF
94492,8619,0xCFF6600,1,8,55,12,FF,FF,FF,FF,FF,FF
94513,8620,0xCF00400,1,8,FF,FF,FF,4C,92,FF,FF,FF
94533,8621,0xCF00400,1,8,FF,FF,FF,1E,92,FF,FF,FF
94534,8622,0xCFF6600,1,8,49,12,FF,FF,FF,FF,FF,FF
94542,8623,0x10FF6500,1,8,FC,FF,FF,FF,FF,FF,FF,FF
94543,8624,0x18F00500,1,8,FF,FF,FF,FF,20,2D,FF,FF
94544,8625,0x18F00600,1,8,FF,FF,FF,FF,FF,FF,FF,FF
94544,8626,0x18FEF100,1,8,3F,00,00,FF,FF,FF,FF,FF
94545,8627,0x18FEF200,1,8,35,00,00,00,00,00,08,FF
94546,8628,0x1CFDDF00,1,8,FE,FF,FF,FF,FF,FF,FF,FF
94546,8629,0x1CFF6A00,1,8,FC,FF,FF,FF,FF,FF,FF,FF
94551,8630,0xCF00400,1,8,FF,FF,FF,94,91,FF,FF,FF
94552,8631,0xCFF6600,1,8,32,12,FF,FF,FF,FF,FF,FF
94571,8632,0xCF00400,1,8,FF,FF,FF,6A,91,FF,FF,FF
94572,8633,0xCFF6600,1,8,2D,12,FF,FF,FF,FF,FF,FF
94591,8634,0xCF00400,1,8,FF,FF,FF,24,91,FF,FF,FF
94593,8635,0xCFF6600,1,8,24,12,FF,FF,FF,FF,FF,FF
94612,8636,0xCF00400,1,8,FF,FF,FF,AE,90,FF,FF,FF
94612,8637,0xCFF6600,1,8,15,12,FF,FF,FF,FF,FF,FF
94631,8638,0xCF00400,1,8,FF,FF,FF,98,90,FF,FF,FF
94632,8639,0xCFF6600,1,8,13,12,FF,FF,FF,FF,FF,FF
94642,8640,0x18F00500,1,8,FF,FF,FF,FF,20,2D,FF,FF
94643,8641,0x18FEF100,1,8,3F,00,00,FF,FF,FF,FF,FF
94643,8642,0x18FEF200,1,8,35,00,00,00,00,00,08,FF
94652,8643,0xCF00400,1,8,FF,FF,FF,1E,90,FF,FF,FF
94653,8644,0xCFF6600,1,8,03,12,FF,FF,FF,FF,FF,FF
94690,8645,0xCF00400,1,8,FF,FF,FF,DC,8F,FF,FF,FF
94691,8646,0xCFF6600,1,8,FB,11,FF,FF,FF,FF,FF,FF
94692,8647,0xCF00400,1,8,FF,FF,FF,8E,8F,FF,FF,FF
94711,8648,0xCF00400,1,8,FF,FF,FF,90,8F,FF,FF,FF
94712,8649,0xCFF6600,1,8,F2,11,FF,FF,FF,FF,FF,FF
94731,8650,0xCF00400,1,8,FF,FF,FF,E2,8E,FF,FF,FF
94732,8651,0xCFF6600,1,8,DC,11,FF,FF,FF,FF,FF,FF
94743,8652,0x10FF6500,1,8,FC,FF,FF,FF,FF,FF,FF,FF
94744,8653,0x18F00500,1,8,FF,FF,FF,FF,20,2D,FF,FF
94744,8654,0x18FEF100,1,8,3F,00,00,FF,FF,FF,FF,FF
94745,8655,0x18FEF200,1,8,35,00,00,00,00,00,08,FF
94752,8656,0xCF00400,1,8,FF,FF,FF,E0,8E,FF,FF,FF
94752,8657,0xCFF6600,1,8,DC,11,FF,FF,FF,FF,FF,FF
94785,8658,0xCF00400,1,8,FF,FF,FF,E2,8E,FF,FF,FF
94786,8659,0xCFF6600,1,8,DC,11,FF,FF,FF,FF,FF,FF
94793,8660,0x18EEFF00,1,8,08,CF,60,06,00,00,00,00
94812,8661,0xCF00400,1,8,FF,FF,FF,1E,8E,FF,FF,FF
94813,8662,0xCFF6600,1,8,C3,11,FF,FF,FF,FF,FF,FF
94834,8663,0xCF00400,1,8,FF,FF,FF,48,8E,FF,FF,FF
94835,8664,0xCFF6600,1,8,C9,11,FF,FF,FF,FF,FF,FF
94844,8665,0x18F00500,1,8,FF,FF,FF,FF,20,2D,FF,FF
94845,8666,0x18FEF100,1,8,3F,00,00,FF,FF,FF,FF,FF
94846,8667,0x18FEF200,1,8,35,00,00,00,00,00,08,FF
94851,8668,0xCF00400,1,8,FF,FF,FF,5E,8E,FF,FF,FF
94852,8669,0xCFF6600,1,8,CB,11,FF,FF,FF,FF,FF,FF
94872,8670,0xCF00400,1,8,FF,FF,FF,08,8E,FF,FF,FF
94872,8671,0xCFF6600,1,8,C1,11,FF,FF,FF,FF,FF,FF
94907,8672,0xCF00400,1,8,FF,FF,FF,48,8D,FF,FF,FF
94908,8673,0xCFF6600,1,8,A9,11,FF,FF,FF,FF,FF,FF
94931,8674,0x18EEFF00,1,8,08,CF,60,06,00,00,00,00
94942,8675,0x18FEF100,1,8,3F,00,00,FF,FF,FF,FF,FF
94943,8676,0x10FF6500,1,8,FC,FF,FF,FF,FF,FF,FF,FF
94944,8677,0x18F00500,1,8,FF,FF,FF,FF,20,2D,FF,FF
94944,8678,0x18FEF200,1,8,2D,00,00,00,00,00,08,FF
94952,8679,0xCF00400,1,8,FF,FF,FF,24,8D,FF,FF,FF
94953,8680,0xCFF6600,1,8,A4,11,FF,FF,FF,FF,FF,FF
94971,8681,0xCF00400,1,8,FF,FF,FF,C6,8C,FF,FF,FF
94972,8682,0xCFF6600,1,8,98,11,FF,FF,FF,FF,FF,FF
94991,8683,0xCF00400,1,8,FF,FF,FF,C8,8C,FF,FF,FF
94992,8684,0xCFF6600,1,8,99,11,FF,FF,FF,FF,FF,FF
95012,8685,0xCF00400,1,8,FF,FF,FF,7C,8C,FF,FF,FF
95012,8686,0xCFF6600,1,8,8F,11,FF,FF,FF,FF,FF,FF
95032,8687,0xCF00400,1,8,FF,FF,FF,A6,8B,FF,FF,FF
95032,8688,0xCFF6600,1,8,74,11,FF,FF,FF,FF,FF,FF
95042,8689,0x18FEF100,1,8,3F,00,00,FF,FF,FF,FF,FF
95043,8690,0x18F00500,1,8,FF,FF,FF,FF,20,2D,FF,FF
95064,8691,0xCF00400,1,8,FF,FF,FF,DA,8B,FF,FF,FF
95065,8692,0xCFF6600,1,8,7B,11,FF,FF,FF,FF,FF,FF
95066,8693,0x18F00600,1,8,FF,FF,FF,FF,FF,FF,FF,FF
95067,8694,0x18FEF200,1,8,2D,00,00,00,00,00,08,FF
95067,8695,0x1CFDDF00,1,8,FE,FF,FF,FF,FF,FF,FF,FF
95068,8696,0x1CFF6A00,1,8,FC,FF,FF,FF,FF,FF,FF,FF
95071,8697,0xCF00400,1,8,FF,FF,FF,C6,8B,FF,FF,FF
95072,8698,0xCFF6600,1,8,78,11,FF,FF,FF,FF,FF,FF
95091,8699,0xCF00400,1,8,FF,FF,FF,5C,8B,FF,FF,FF
95092,8700,0xCFF6600,1,8,6B,11,FF,FF,FF,FF,FF,FF
95111,8701,0xCF00400,1,8,FF,FF,FF,74,8B,FF,FF,FF
95112,8702,0xCFF6600,1,8,6E,11,FF,FF,FF,FF,FF,FF
95183,8703,0xCF00400,1,8,FF,FF,FF,58,8A,FF,FF,FF
95183,8704,0xCFF6600,1,8,4B,11,FF,FF,FF,FF,FF,FF
95205,8705,0x18EEFF00,1,8,08,CF,60,06,00,00,00,00
95212,8706,0xCF00400,1,8,FF,FF,FF,94,89,FF,FF,FF
95212,8707,0xCFF6600,1,8,32,11,FF,FF,FF,FF,FF,FF
95231,8708,0xCF00400,1,8,FF,FF,FF,6C,89,FF,FF,FF
95232,8709,0xCFF6600,1,8,2D,11,FF,FF,FF,FF,FF,FF
95242,8710,0x18FEF100,1,8,3F,00,00,FF,FF,FF,FF,FF
95242,8711,0x10FF6500,1,8,FC,FF,FF,FF,FF,FF,FF,FF
95243,8712,0x18F00500,1,8,FF,FF,FF,FF,20,2D,FF,FF
95244,8713,0x18FEF200,1,8,2D,00,00,00,00,00,08,FF
95252,8714,0xCF00400,1,8,FF,FF,FF,6C,89,FF,FF,FF
95252,8715,0xCFF6600,1,8,2D,11,FF,FF,FF,FF,FF,FF
95272,8716,0xCF00400,1,8,FF,FF,FF,54,89,FF,FF,FF
95273,8717,0xCFF6600,1,8,2A,11,FF,FF,FF,FF,FF,FF
95293,8718,0xCF00400,1,8,FF,FF,FF,CC,88,FF,FF,FF
95294,8719,0xCFF6600,1,8,19,11,FF,FF,FF,FF,FF,FF
95325,8720,0xCF00400,1,8,FF,FF,FF,62,88,FF,FF,FF
95325,8721,0xCFF6600,1,8,0C,11,FF,FF,FF,FF,FF,FF
95330,8722,0x18EEFF00,1,8,08,CF,60,06,00,00,00,00
95331,8723,0xCF00400,1,8,FF,FF,FF,DC,87,FF,FF,FF
95332,8724,0xCFF6600,1,8,FB,10,FF,FF,FF,FF,FF,FF
95342,8725,0x18FEF100,1,8,3F,00,00,FF,FF,FF,FF,FF
95342,8726,0x18F00500,1,8,FF,FF,FF,FF,20,2D,FF,FF
95343,8727,0x18FEF200,1,8,2D,00,00,00,00,00,08,FF
95351,8728,0xCF00400,1,8,FF,FF,FF,AE,87,FF,FF,FF
95352,8729,0xCFF6600,1,8,F5,10,FF,FF,FF,FF,FF,FF
95371,8730,0xCF00400,1,8,FF,FF,FF,BC,87,FF,FF,FF
95372,8731,0xCFF6600,1,8,F7,10,FF,FF,FF,FF,FF,FF
95391,8732,0xCF00400,1,8,FF,FF,FF,CE,87,FF,FF,FF
95392,8733,0xCFF6600,1,8,F9,10,FF,FF,FF,FF,FF,FF
95411,8734,0xCF00400,1,8,FF,FF,FF,C0,87,FF,FF,FF
95490,8735,0xCF00400,1,8,FF,FF,FF,7E,87,FF,FF,FF
95491,8736,0xCFF6600,1,8,F8,10,FF,FF,FF,FF,FF,FF
95491,8737,0x18EEFF00,1,8,08,CF,60,06,00,00,00,00
95513,8738,0xCF00400,1,8,FF,FF,FF,56,87,FF,FF,FF
95513,8739,0xCFF6600,1,8,EA,10,FF,FF,FF,FF,FF,FF
95550,8740,0xCF00400,1,8,FF,FF,FF,66,87,FF,FF,FF
95569,8741,0xCFF6600,1,8,EC,10,FF,FF,FF,FF,FF,FF
95570,8742,0x18EEFF00,1,8,08,CF,60,06,00,00,00,00
95571,8743,0xCF00400,1,8,FF,FF,FF,E0,87,FF,FF,FF
95572,8744,0xCFF6600,1,8,FC,10,FF,FF,FF,FF,FF,FF
95591,8745,0xCF00400,1,8,FF,FF,FF,FE,87,FF,FF,FF
95592,8746,0xCFF6600,1,8,FF,10,FF,FF,FF,FF,FF,FF
95611,8747,0xCF00400,1,8,FF,FF,FF,FA,87,FF,FF,FF
95612,8748,0xCFF6600,1,8,FF,10,FF,FF,FF,FF,FF,FF
95632,8749,0xCF00400,1,8,FF,FF,FF,CA,87,FF,FF,FF
95633,8750,0xCFF6600,1,8,F9,10,FF,FF,FF,FF,FF,FF
95642,8751,0x10FF6500,1,8,FC,FF,FF,FF,FF,FF,FF,FF
95643,8752,0x18F00500,1,8,FF,FF,FF,FF,20,2D,FF,FF
95643,8753,0x18FEF100,1,8,3F,00,00,FF,FF,FF,FF,FF
95644,8754,0x18FEF200,1,8,2D,00,00,00,00,00,08,FF
95654,8755,0xCF00400,1,8,FF,FF,FF,F4,86,FF,FF,FF
95654,8756,0xCFF6600,1,8,DE,10,FF,FF,FF,FF,FF,FF
95671,8757,0xCF00400,1,8,FF,FF,FF,FA,86,FF,FF,FF
95672,8758,0xCFF6600,1,8,DF,10,FF,FF,FF,FF,FF,FF
95692,8759,0xCF00400,1,8,FF,FF,FF,58,87,FF,FF,FF
95693,8760,0xCFF6600,1,8,EB,10,FF,FF,FF,FF,FF,FF
95712,8761,0xCF00400,1,8,FF,FF,FF,B8,87,FF,FF,FF
95713,8762,0xCFF6600,1,8,F7,10,FF,FF,FF,FF,FF,FF
95732,8763,0xCF00400,1,8,FF,FF,FF,DE,87,FF,FF,FF
95732,8764,0xCFF6600,1,8,FB,10,FF,FF,FF,FF,FF,FF
95742,8765,0x18FEF100,1,8,3F,00,00,FF,FF,FF,FF,FF
95743,8766,0x18F00500,1,8,FF,FF,FF,FF,20,2D,FF,FF
95744,8767,0x18FEF200,1,8,2D,00,00,00,00,00,08,FF
95751,8768,0xCF00400,1,8,FF,FF,FF,00,88,FF,FF,FF
95752,8769,0xCFF6600,1,8,00,11,FF,FF,FF,FF,FF,FF
95772,8770,0xCF00400,1,8,FF,FF,FF,E8,87,FF,FF,FF
95773,8771,0xCFF6600,1,8,FD,10,FF,FF,FF,FF,FF,FF
95792,8772,0xCF00400,1,8,FF,FF,FF,CA,87,FF,FF,FF
95793,8773,0xCFF6600,1,8,F9,10,FF,FF,FF,FF,FF,FF
95812,8774,0xCF00400,1,8,FF,FF,FF,84,87,FF,FF,FF
95812,8775,0xCFF6600,1,8,F0,10,FF,FF,FF,FF,FF,FF
95832,8776,0xCF00400,1,8,FF,FF,FF,F2,86,FF,FF,FF
95832,8777,0xCFF6600,1,8,DE,10,FF,FF,FF,FF,FF,FF
95844,8778,0x10FF6500,1,8,FC,FF,FF,FF,FF,FF,FF,FF
95844,8779,0x18F00500,1,8,FF,FF,FF,FF,20,2D,FF,FF
95845,8780,0x18F00600,1,8,FF,FF,FF,FF,FF,FF,FF,FF
95845,8781,0x18FEF100,1,8,3F,00,00,FF,FF,FF,FF,FF
95846,8782,0x18FEF200,1,8,2D,00,00,00,00,00,08,FF
95847,8783,0x1CFDDF00,1,8,FE,FF,FF,FF,FF,FF,FF,FF
95847,8784,0x1CFF6A00,1,8,FC,FF,FF,FF,FF,FF,FF,FF
95851,8785,0xCF00400,1,8,FF,FF,FF,2C,87,FF,FF,FF
95852,8786,0xCFF6600,1,8,E5,10,FF,FF,FF,FF,FF,FF
95871,8787,0xCF00400,1,8,FF,FF,FF,F8,86,FF,FF,FF
95872,8788,0xCFF6600,1,8,DF,10,FF,FF,FF,FF,FF,FF
95892,8789,0xCF00400,1,8,FF,FF,FF,28,86,FF,FF,FF
95892,8790,0xCFF6600,1,8,C5,10,FF,FF,FF,FF,FF,FF
95903,8791,0x18FDE500,1,8,0A,14,1E,28,32,3C,46,13
95905,8792,0x18FEEE00,1,8,65,FF,FF,FF,FF,FF,FF,FF
95912,8793,0xCF00400,1,8,FF,FF,FF,16,86,FF,FF,FF
95912,8794,0xCFF6600,1,8,C2,10,FF,FF,FF,FF,FF,FF
95921,8795,0x1CECFF00,1,8,20,0A,00,02,FF,CA,FE,00
95946,8796,0xCF00400,1,8,FF,FF,FF,EC,85,FF,FF,FF
95947,8797,0xCFF6600,1,8,BD,10,FF,FF,FF,FF,FF,FF
95950,8798,0x18EEFF00,1,8,08,CF,60,06,00,00,00,00
95971,8799,0xCF00400,1,8,FF,FF,FF,E8,85,FF,FF,FF
95971,8800,0xCFF6600,1,8,BD,10,FF,FF,FF,FF,FF,FF
95972,8801,0xCF00400,1,8,FF,FF,FF,1C,86,FF,FF,FF
95972,8802,0x1CEBFF00,1,8,01,40,FF,0F,F0,E5,01,02
95992,8803,0xCF00400,1,8,FF,FF,FF,56,86,FF,FF,FF
95993,8804,0xCFF6600,1,8,CA,10,FF,FF,FF,FF,FF,FF
96012,8805,0xCF00400,1,8,FF,FF,FF,80,86,FF,FF,FF
96013,8806,0xCFF6600,1,8,D0,10,FF,FF,FF,FF,FF,FF
96021,8807,0x1CEBFF00,1,8,02,F0,E3,01,FF,FF,FF,FF
96031,8808,0xCF00400,1,8,FF,FF,FF,B6,86,FF,FF,FF
96032,8809,0xCFF6600,1,8,D6,10,FF,FF,FF,FF,FF,FF
96043,8810,0x18F00500,1,8,FF,FF,FF,FF,20,2D,FF,FF
96043,8811,0x18FEF100,1,8,3F,00,00,FF,FF,FF,FF,FF
96044,8812,0x18FEF200,1,8,2C,00,00,00,00,00,07,FF
96051,8813,0xCF00400,1,8,FF,FF,FF,B4,86,FF,FF,FF
96052,8814,0xCFF6600,1,8,D6,10,FF,FF,FF,FF,FF,FF
96089,8815,0xCF00400,1,8,FF,FF,FF,4A,86,FF,FF,FF
96090,8816,0xCFF6600,1,8,C9,10,FF,FF,FF,FF,FF,FF
96112,8817,0x18EEFF00,1,8,08,CF,60,06,00,00,00,00
96131,8818,0xCF00400,1,8,FF,FF,FF,D0,86,FF,FF,FF
96132,8819,0xCFF6600,1,8,DA,10,FF,FF,FF,FF,FF,FF
96142,8820,0x18FEF100,1,8,3F,00,00,FF,FF,FF,FF,FF
96143,8821,0x10FF6500,1,8,FC,FF,FF,FF,FF,FF,FF,FF
96144,8822,0x18F00500,1,8,FF,FF,FF,FF,20,2D,FF,FF
96144,8823,0x18FEF200,1,8,2C,00,00,00,00,00,06,FF
96187,8824,0xCF00400,1,8,FF,FF,FF,52,86,FF,FF,FF
96188,8825,0xCFF6600,1,8,CA,10,FF,FF,FF,FF,FF,FF
96210,8826,0x18EEFF00,1,8,08,CF,60,06,00,00,00,00
96245,8827,0xCF00400,1,8,FF,FF,FF,9E,84,FF,FF,FF
96246,8828,0xCFF6600,1,8,93,10,FF,FF,FF,FF,FF,FF
96250,8829,0x18EEFF00,1,8,08,CF,60,06,00,00,00,00
96252,8830,0xCF00400,1,8,FF,FF,FF,BA,83,FF,FF,FF
96252,8831,0xCFF6600,1,8,77,10,FF,FF,FF,FF,FF,FF
96271,8832,0xCF00400,1,8,FF,FF,FF,B0,82,FF,FF,FF
96272,8833,0xCFF6600,1,8,56,10,FF,FF,FF,FF,FF,FF
96291,8834,0xCF00400,1,8,FF,FF,FF,BA,81,FF,FF,FF
96292,8835,0xCFF6600,1,8,37,10,FF,FF,FF,FF,FF,FF
96311,8836,0xCF00400,1,8,FF,FF,FF,B8,7F,FF,FF,FF
96312,8837,0xCFF6600,1,8,F7,0F,FF,FF,FF,FF,FF,FF
96331,8838,0xCF00400,1,8,FF,FF,FF,36,7E,FF,FF,FF
96332,8839,0xCFF6600,1,8,C6,0F,FF,FF,FF,FF,FF,FF
96344,8840,0x18F00500,1,8,FF,FF,FF,FF,20,2D,FF,FF
96344,8841,0x18FEF100,1,8,3F,00,00,FF,FF,FF,FF,FF
96345,8842,0x18FEF200,1,8,2C,00,00,00,00,00,00,FF
96351,8843,0xCF00400,1,8,FF,FF,FF,F4,7C,FF,FF,FF
96352,8844,0xCFF6600,1,8,9E,0F,FF,FF,FF,FF,FF,FF
96372,8845,0xCF00400,1,8,FF,FF,FF,1C,7B,FF,FF,FF
96372,8846,0xCFF6600,1,8,63,0F,FF,FF,FF,FF,FF,FF
96392,8847,0xCF00400,1,8,FF,FF,FF,E8,79,FF,FF,FF
96392,8848,0xCFF6600,1,8,3D,0F,FF,FF,FF,FF,FF,FF
96412,8849,0xCF00400,1,8,FF,FF,FF,96,78,FF,FF,FF
96432,8850,0xCF00400,1,8,FF,FF,FF,2C,77,FF,FF,FF
96433,8851,0xCFF6600,1,8,12,0F,FF,FF,FF,FF,FF,FF
96442,8852,0x18FEF100,1,8,3F,00,00,FF,FF,FF,FF,FF
96443,8853,0x10FF6500,1,8,FC,FF,FF,FF,FF,FF,FF,FF
96443,8854,0x18F00500,1,8,FF,FF,FF,FF,20,2D,FF,FF
96444,8855,0x18FEF200,1,8,2C,00,00,00,00,00,00,FF
96451,8856,0xCF00400,1,8,FF,FF,FF,56,74,FF,FF,FF
96452,8857,0xCFF6600,1,8,8A,0E,FF,FF,FF,FF,FF,FF
96472,8858,0xCF00400,1,8,FF,FF,FF,10,73,FF,FF,FF
96472,8859,0xCFF6600,1,8,62,0E,FF,FF,FF,FF,FF,FF
96492,8860,0xCF00400,1,8,FF,FF,FF,F8,71,FF,FF,FF
96493,8861,0xCFF6600,1,8,3F,0E,FF,FF,FF,FF,FF,FF
96512,8862,0xCF00400,1,8,FF,FF,FF,EC,70,FF,FF,FF
96512,8863,0xCFF6600,1,8,1D,0E,FF,FF,FF,FF,FF,FF
96532,8864,0xCF00400,1,8,FF,FF,FF,EE,6F,FF,FF,FF
96532,8865,0xCFF6600,1,8,FD,0D,FF,FF,FF,FF,FF,FF
96560,8866,0x18F00500,1,8,FF,FF,FF,FF,20,2D,FF,FF
96560,8867,0x18F00600,1,8,FF,FF,FF,FF,FF,FF,FF,FF
96561,8868,0x18EEFF00,1,8,08,CF,60,06,00,00,00,00
96562,8869,0x18FEF100,1,8,3F,00,00,FF,FF,FF,FF,FF
96562,8870,0x18FEF200,1,8,2C,00,00,00,00,00,00,FF
96563,8871,0x1CFDDF00,1,8,FE,FF,FF,FF,FF,FF,FF,FF
96563,8872,0x1CFF6A00,1,8,FC,FF,FF,FF,FF,FF,FF,FF
96571,8873,0xCF00400,1,8,FF,FF,FF,6E,6D,FF,FF,FF
96572,8874,0xCFF6600,1,8,AD,0D,FF,FF,FF,FF,FF,FF
96591,8875,0xCF00400,1,8,FF,FF,FF,DC,6C,FF,FF,FF
96592,8876,0xCFF6600,1,8,9B,0D,FF,FF,FF,FF,FF,FF
96611,8877,0xCF00400,1,8,FF,FF,FF,1C,6C,FF,FF,FF
96612,8878,0xCFF6600,1,8,83,0D,FF,FF,FF,FF,FF,FF
96632,8879,0xCF00400,1,8,FF,FF,FF,3C,6B,FF,FF,FF
96632,8880,0xCFF6600,1,8,67,0D,FF,FF,FF,FF,FF,FF
96642,8881,0x18FEF100,1,8,3F,00,00,FF,FF,FF,FF,FF
96663,8882,0xCF00400,1,8,FF,FF,FF,62,6A,FF,FF,FF
96664,8883,0xCFF6600,1,8,4C,0D,FF,FF,FF,FF,FF,FF
96665,8884,0x10FF6500,1,8,FC,FF,FF,FF,FF,FF,FF,FF
96665,8885,0x18F00500,1,8,FF,FF,FF,FF,20,2D,FF,FF
96666,8886,0x18FEF200,1,8,2C,00,00,00,00,00,00,FF
96671,8887,0xCF00400,1,8,FF,FF,FF,80,69,FF,FF,FF
96672,8888,0xCFF6600,1,8,30,0D,FF,FF,FF,FF,FF,FF
96692,8889,0xCF00400,1,8,FF,FF,FF,9A,68,FF,FF,FF
96692,8890,0xCFF6600,1,8,13,0D,FF,FF,FF,FF,FF,FF
96712,8891,0xCF00400,1,8,FF,FF,FF,10,68,FF,FF,FF
96712,8892,0xCFF6600,1,8,02,0D,FF,FF,FF,FF,FF,FF
96752,8893,0xCF00400,1,8,FF,FF,FF,58,67,FF,FF,FF
96773,8894,0xCFF6600,1,8,EB,0C,FF,FF,FF,FF,FF,FF
96773,8895,0x18EEFF00,1,8,08,CF,60,06,00,00,00,00
96792,8896,0xCF00400,1,8,FF,FF,FF,DE,65,FF,FF,FF
96793,8897,0xCFF6600,1,8,BB,0C,FF,FF,FF,FF,FF,FF
96811,8898,0xCF00400,1,8,FF,FF,FF,4E,65,FF,FF,FF
96812,8899,0xCFF6600,1,8,A9,0C,FF,FF,FF,FF,FF,FF
96831,8900,0xCF00400,1,8,FF,FF,FF,12,65,FF,FF,FF
96832,8901,0xCFF6600,1,8,A2,0C,FF,FF,FF,FF,FF,FF
96842,8902,0x18FEF100,1,8,3F,00,00,FF,FF,FF,FF,FF
96842,8903,0x18F00500,1,8,FF,FF,FF,FF,20,2D,FF,FF
96843,8904,0x18FEF200,1,8,2C,00,00,00,00,00,00,FF
96852,8905,0xCF00400,1,8,FF,FF,FF,14,65,FF,FF,FF
96853,8906,0xCFF6600,1,8,A2,0C,FF,FF,FF,FF,FF,FF
96871,8907,0xCF00400,1,8,FF,FF,FF,C0,64,FF,FF,FF
96872,8908,0xCFF6600,1,8,98,0C,FF,FF,FF,FF,FF,FF
96891,8909,0xCF00400,1,8,FF,FF,FF,2E,64,FF,FF,FF
96892,8910,0xCFF6600,1,8,85,0C,FF,FF,FF,FF,FF,FF
96901,8911,0x18FDE500,1,8,0A,14,1E,28,32,3C,46,13
96923,8912,0xCF00400,1,8,FF,FF,FF,94,63,FF,FF,FF
96923,8913,0xCFF6600,1,8,72,0C,FF,FF,FF,FF,FF,FF
96924,8914,0x18FEEE00,1,8,65,FF,FF,FF,FF,FF,FF,FF
96925,8915,0x1CECFF00,1,8,20,0A,00,02,FF,CA,FE,00
96932,8916,0xCF00400,1,8,FF,FF,FF,68,62,FF,FF,FF
96933,8917,0xCFF6600,1,8,4D,0C,FF,FF,FF,FF,FF,FF
96942,8918,0x10FF6500,1,8,FC,FF,FF,FF,FF,FF,FF,FF
96943,8919,0x18F00500,1,8,FF,FF,FF,FF,20,2D,FF,FF
96944,8920,0x18FEF100,1,8,3F,00,00,FF,FF,FF,FF,FF
96944,8921,0x18FEF200,1,8,23,00,00,00,00,00,00,FF
96968,8922,0xCF00400,1,8,FF,FF,FF,EA,61,FF,FF,FF
96968,8923,0xCFF6600,1,8,3D,0C,FF,FF,FF,FF,FF,FF
96970,8924,0x18EEFF00,1,8,08,CF,60,06,00,00,00,00
96971,8925,0xCF00400,1,8,FF,FF,FF,BA,61,FF,FF,FF
96972,8926,0xCFF6600,1,8,37,0C,FF,FF,FF,FF,FF,FF
96972,8927,0x1CEBFF00,1,8,01,40,FF,0F,F0,E5,01,02
96991,8928,0xCF00400,1,8,FF,FF,FF,BC,61,FF,FF,FF
96992,8929,0xCFF6600,1,8,37,0C,FF,FF,FF,FF,FF,FF
97012,8930,0xCF00400,1,8,FF,FF,FF,C4,61,FF,FF,FF
97032,8931,0xCF00400,1,8,FF,FF,FF,DC,61,FF,FF,FF
97034,8932,0xCFF6600,1,8,38,0C,FF,FF,FF,FF,FF,FF
97034,8933,0x1CEBFF00,1,8,02,F0,E3,01,FF,FF,FF,FF
97043,8934,0x18F00500,1,8,FF,FF,FF,FF,20,2D,FF,FF
97043,8935,0x18FEF100,1,8,3F,00,00,FF,FF,FF,FF,FF
97044,8936,0x18FEF200,1,8,23,00,00,00,00,00,08,FF
97051,8937,0xCF00400,1,8,FF,FF,FF,C6,61,FF,FF,FF
97052,8938,0xCFF6600,1,8,38,0C,FF,FF,FF,FF,FF,FF
97071,8939,0xCF00400,1,8,FF,FF,FF,9C,61,FF,FF,FF
97072,8940,0xCFF6600,1,8,33,0C,FF,FF,FF,FF,FF,FF
97105,8941,0xCF00400,1,8,FF,FF,FF,DE,61,FF,FF,FF
97106,8942,0xCFF6600,1,8,3B,0C,FF,FF,FF,FF,FF,FF
97110,8943,0x18EEFF00,1,8,08,CF,60,06,00,00,00,00
97111,8944,0xCF00400,1,8,FF,FF,FF,94,62,FF,FF,FF
97112,8945,0xCFF6600,1,8,52,0C,FF,FF,FF,FF,FF,FF
97131,8946,0xCF00400,1,8,FF,FF,FF,0A,64,FF,FF,FF
97132,8947,0xCFF6600,1,8,81,0C,FF,FF,FF,FF,FF,FF
97143,8948,0x18FEF100,1,8,3F,00,00,FF,FF,FF,FF,FF
97143,8949,0x10FF6500,1,8,FC,FF,FF,FF,FF,FF,FF,FF
97144,8950,0x18F00500,1,8,FF,FF,FF,FF,20,2D,FF,FF
97144,8951,0x18F00600,1,8,FF,FF,FF,FF,FF,FF,FF,FF
97145,8952,0x18FEF200,1,8,23,00,00,00,00,00,24,FF
97145,8953,0x1CFDDF00,1,8,FE,FF,FF,FF,FF,FF,FF,FF
97146,8954,0x1CFF6A00,1,8,FC,FF,FF,FF,FF,FF,FF,FF
97151,8955,0xCF00400,1,8,FF,FF,FF,28,66,FF,FF,FF
97152,8956,0xCFF6600,1,8,C5,0C,FF,FF,FF,FF,FF,FF
97172,8957,0xCF00400,1,8,FF,FF,FF,20,68,FF,FF,FF
97172,8958,0xCFF6600,1,8,04,0D,FF,FF,FF,FF,FF,FF
97191,8959,0xCF00400,1,8,FF,FF,FF,20,6A,FF,FF,FF
97192,8960,0xCFF6600,1,8,44,0D,FF,FF,FF,FF,FF,FF
97212,8961,0xCF00400,1,8,FF,FF,FF,7A,6D,FF,FF,FF
97212,8962,0xCFF6600,1,8,AF,0D,FF,FF,FF,FF,FF,FF
97232,8963,0xCF00400,1,8,FF,FF,FF,6A,6F,FF,FF,FF
97233,8964,0xCFF6600,1,8,ED,0D,FF,FF,FF,FF,FF,FF
97242,8965,0x18F00500,1,8,FF,FF,FF,FF,20,2D,FF,FF
97243,8966,0x18FEF100,1,8,3F,00,00,FF,FF,FF,FF,FF
97264,8967,0xCF00400,1,8,FF,FF,FF,9E,71,FF,FF,FF
97265,8968,0xCFF6600,1,8,33,0E,FF,FF,FF,FF,FF,FF
97265,8969,0x18FEF200,1,8,23,00,00,00,00,00,30,FF
97272,8970,0xCF00400,1,8,FF,FF,FF,16,74,FF,FF,FF
97272,8971,0xCFF6600,1,8,82,0E,FF,FF,FF,FF,FF,FF
97292,8972,0xCF00400,1,8,FF,FF,FF,AA,78,FF,FF,FF
97293,8973,0xCFF6600,1,8,15,0F,FF,FF,FF,FF,FF,FF
97311,8974,0xCF00400,1,8,FF,FF,FF,30,7A,FF,FF,FF
97312,8975,0xCFF6600,1,8,46,0F,FF,FF,FF,FF,FF,FF
97332,8976,0xCF00400,1,8,FF,FF,FF,24,7C,FF,FF,FF
97332,8977,0xCFF6600,1,8,84,0F,FF,FF,FF,FF,FF,FF
97342,8978,0x10FF6500,1,8,FC,FF,FF,FF,FF,FF,FF,FF
97343,8979,0x18F00500,1,8,FF,FF,FF,FF,20,2D,FF,FF
97344,8980,0x18FEF100,1,8,3F,00,00,FF,FF,FF,FF,FF
97344,8981,0x18FEF200,1,8,23,00,00,00,00,00,31,FF
97354,8982,0xCF00400,1,8,FF,FF,FF,62,80,FF,FF,FF
97354,8983,0xCFF6600,1,8,0C,10,FF,FF,FF,FF,FF,FF
97372,8984,0xCF00400,1,8,FF,FF,FF,68,82,FF,FF,FF
97373,8985,0xCFF6600,1,8,4D,10,FF,FF,FF,FF,FF,FF
97406,8986,0xCF00400,1,8,FF,FF,FF,64,84,FF,FF,FF
97407,8987,0xCFF6600,1,8,8C,10,FF,FF,FF,FF,FF,FF
97410,8988,0x18EEFF00,1,8,08,CF,60,06,00,00,00,00
97411,8989,0xCF00400,1,8,FF,FF,FF,6C,88,FF,FF,FF
97412,8990,0xCFF6600,1,8,0D,11,FF,FF,FF,FF,FF,FF
97431,8991,0xCF00400,1,8,FF,FF,FF,7E,8A,FF,FF,FF
97432,8992,0xCFF6600,1,8,4F,11,FF,FF,FF,FF,FF,FF
97442,8993,0x18FEF100,1,8,3F,00,00,FF,FF,FF,FF,FF
97442,8994,0x18F00500,1,8,FF,FF,FF,FF,20,2D,FF,FF
97443,8995,0x18FEF200,1,8,23,00,00,00,00,00,32,FF
97451,8996,0xCF00400,1,8,FF,FF,FF,76,8E,FF,FF,FF
97452,8997,0xCFF6600,1,8,CE,11,FF,FF,FF,FF,FF,FF
97472,8998,0xCF00400,1,8,FF,FF,FF,52,92,FF,FF,FF
97492,8999,0xCF00400,1,8,FF,FF,FF,40,94,FF,FF,FF
97493,9000,0xCFF6600,1,8,4A,12,FF,FF,FF,FF,FF,FF
97512,9001,0xCF00400,1,8,FF,FF,FF,FE,97,FF,FF,FF
97512,9002,0xCFF6600,1,8,FF,12,FF,FF,FF,FF,FF,FF
97531,9003,0xCF00400,1,8,FF,FF,FF,C2,99,FF,FF,FF
97532,9004,0xCFF6600,1,8,38,13,FF,FF,FF,FF,FF,FF
97542,9005,0x18FEF100,1,8,3F,00,00,FF,FF,FF,FF,FF
97543,9006,0x10FF6500,1,8,FC,FF,FF,FF,FF,FF,FF,FF
97543,9007,0x18F00500,1,8,FF,FF,FF,FF,20,2D,FF,FF
97544,9008,0x18FEF200,1,8,23,00,00,00,00,00,32,FF
97551,9009,0xCF00400,1,8,FF,FF,FF,CC,9C,FF,FF,FF
97552,9010,0xCFF6600,1,8,99,13,FF,FF,FF,FF,FF,FF
97571,9011,0xCF00400,1,8,FF,FF,FF,58,9F,FF,FF,FF
97572,9012,0xCFF6600,1,8,EB,13,FF,FF,FF,FF,FF,FF
97592,9013,0xCF00400,1,8,FF,FF,FF,36,A2,FF,FF,FF
97592,9014,0xCFF6600,1,8,46,14,FF,FF,FF,FF,FF,FF
97632,9015,0xCF00400,1,8,FF,FF,FF,66,A3,FF,FF,FF
97653,9016,0xCFF6600,1,8,6C,14,FF,FF,FF,FF,FF,FF
97654,9017,0x18EEFF00,1,8,08,CF,60,06,00,00,00,00
97671,9018,0xCF00400,1,8,FF,FF,FF,E2,A6,FF,FF,FF
97672,9019,0xCFF6600,1,8,DC,14,FF,FF,FF,FF,FF,FF
97691,9020,0xCF00400,1,8,FF,FF,FF,6E,A6,FF,FF,FF
97692,9021,0xCFF6600,1,8,CD,14,FF,FF,FF,FF,FF,FF
97711,9022,0xCF00400,1,8,FF,FF,FF,12,A4,FF,FF,FF
97712,9023,0xCFF6600,1,8,82,14,FF,FF,FF,FF,FF,FF
97731,9024,0xCF00400,1,8,FF,FF,FF,2A,A1,FF,FF,FF
97732,9025,0xCFF6600,1,8,25,14,FF,FF,FF,FF,FF,FF
97742,9026,0x18FEF100,1,8,3F,00,00,FF,FF,FF,FF,FF
97742,9027,0x18F00500,1,8,FF,FF,FF,FF,20,2D,FF,FF
97743,9028,0x18F00600,1,8,FF,FF,FF,FF,FF,FF,FF,FF
97744,9029,0x18FEF200,1,8,23,00,00,00,00,00,00,FF
97745,9030,0x1CFDDF00,1,8,FE,FF,FF,FF,FF,FF,FF,FF
97746,9031,0x1CFF6A00,1,8,FC,FF,FF,FF,FF,FF,FF,FF
97753,9032,0xCF00400,1,8,FF,FF,FF,62,9F,FF,FF,FF
97753,9033,0xCFF6600,1,8,EC,13,FF,FF,FF,FF,FF,FF
97771,9034,0xCF00400,1,8,FF,FF,FF,5E,9E,FF,FF,FF
97772,9035,0xCFF6600,1,8,CB,13,FF,FF,FF,FF,FF,FF
97791,9036,0xCF00400,1,8,FF,FF,FF,10,9C,FF,FF,FF
97792,9037,0xCFF6600,1,8,82,13,FF,FF,FF,FF,FF,FF
97811,9038,0xCF00400,1,8,FF,FF,FF,A0,9A,FF,FF,FF
97812,9039,0xCFF6600,1,8,54,13,FF,FF,FF,FF,FF,FF
97831,9040,0xCF00400,1,8,FF,FF,FF,6C,99,FF,FF,FF
97832,9041,0xCFF6600,1,8,2D,13,FF,FF,FF,FF,FF,FF
97843,9042,0x10FF6500,1,8,FC,FF,FF,FF,FF,FF,FF,FF
97844,9043,0x18F00500,1,8,FF,FF,FF,FF,20,2D,FF,FF
97845,9044,0x18FEF100,1,8,3F,00,00,FF,FF,FF,FF,FF
97845,9045,0x18FEF200,1,8,23,00,00,00,00,00,00,FF
97853,9046,0xCF00400,1,8,FF,FF,FF,EA,97,FF,FF,FF
97854,9047,0xCFF6600,1,8,FD,12,FF,FF,FF,FF,FF,FF
97871,9048,0xCF00400,1,8,FF,FF,FF,FC,96,FF,FF,FF
97872,9049,0xCFF6600,1,8,DF,12,FF,FF,FF,FF,FF,FF
97906,9050,0xCF00400,1,8,FF,FF,FF,C0,94,FF,FF,FF
97927,9051,0xCFF6600,1,8,98,12,FF,FF,FF,FF,FF,FF
97928,9052,0x18EEFF00,1,8,08,CF,60,06,00,00,00,00
97931,9053,0xCF00400,1,8,FF,FF,FF,80,92,FF,FF,FF
97932,9054,0xCFF6600,1,8,50,12,FF,FF,FF,FF,FF,FF
97942,9055,0x18F00500,1,8,FF,FF,FF,FF,20,2D,FF,FF
97943,9056,0x18FEF100,1,8,3F,00,00,FF,FF,FF,FF,FF
97943,9057,0x18FEF200,1,8,36,00,00,00,00,00,00,FF
97951,9058,0xCF00400,1,8,FF,FF,FF,9A,90,FF,FF,FF
97952,9059,0xCFF6600,1,8,13,12,FF,FF,FF,FF,FF,FF
97971,9060,0xCF00400,1,8,FF,FF,FF,32,90,FF,FF,FF
97972,9061,0xCFF6600,1,8,06,12,FF,FF,FF,FF,FF,FF
97991,9062,0xCF00400,1,8,FF,FF,FF,82,8F,FF,FF,FF
97992,9063,0xCFF6600,1,8,F0,11,FF,FF,FF,FF,FF,FF
98012,9064,0xCF00400,1,8,FF,FF,FF,94,8E,FF,FF,FF
98012,9065,0xCFF6600,1,8,D2,11,FF,FF,FF,FF,FF,FF
98032,9066,0xCF00400,1,8,FF,FF,FF,88,8C,FF,FF,FF
98033,9067,0xCFF6600,1,8,91,11,FF,FF,FF,FF,FF,FF
98044,9068,0x10FF6500,1,8,FC,FF,FF,FF,FF,FF,FF,FF
98045,9069,0x18F00500,1,8,FF,FF,FF,FF,20,2D,FF,FF
98046,9070,0x18FEF100,1,8,3F,00,00,FF,FF,FF,FF,FF
98046,9071,0x18FEF200,1,8,36,00,00,00,00,00,00,FF
98052,9072,0xCF00400,1,8,FF,FF,FF,C4,8B,FF,FF,FF
98053,9073,0xCFF6600,1,8,78,11,FF,FF,FF,FF,FF,FF
98071,9074,0xCF00400,1,8,FF,FF,FF,70,8A,FF,FF,FF
98072,9075,0xCFF6600,1,8,4E,11,FF,FF,FF,FF,FF,FF
98092,9076,0xCF00400,1,8,FF,FF,FF,5E,89,FF,FF,FF
98111,9077,0xCFF6600,1,8,2B,11,FF,FF,FF,FF,FF,FF
98112,9078,0x18EEFF00,1,8,08,CF,60,06,00,00,00,00
98132,9079,0xCF00400,1,8,FF,FF,FF,F2,86,FF,FF,FF
98133,9080,0xCFF6600,1,8,DE,10,FF,FF,FF,FF,FF,FF
98142,9081,0x18F00500,1,8,FF,FF,FF,FF,20,2D,FF,FF
98143,9082,0x18FEF100,1,8,3F,00,00,FF,FF,FF,FF,FF
98143,9083,0x18FEF200,1,8,36,00,00,00,00,00,00,FF
98151,9084,0xCF00400,1,8,FF,FF,FF,18,86,FF,FF,FF
98152,9085,0xCFF6600,1,8,C3,10,FF,FF,FF,FF,FF,FF
98172,9086,0xCF00400,1,8,FF,FF,FF,8A,84,FF,FF,FF
98173,9087,0xCFF6600,1,8,91,10,FF,FF,FF,FF,FF,FF
98191,9088,0xCF00400,1,8,FF,FF,FF,8E,83,FF,FF,FF
98192,9089,0xCFF6600,1,8,71,10,FF,FF,FF,FF,FF,FF
98212,9090,0xCF00400,1,8,FF,FF,FF,3A,81,FF,FF,FF
98213,9091,0xCFF6600,1,8,27,10,FF,FF,FF,FF,FF,FF
98231,9092,0xCF00400,1,8,FF,FF,FF,28,80,FF,FF,FF
98232,9093,0xCFF6600,1,8,05,10,FF,FF,FF,FF,FF,FF
98262,9094,0xCF00400,1,8,FF,FF,FF,FA,7E,FF,FF,FF
98264,9095,0xCFF6600,1,8,DF,0F,FF,FF,FF,FF,FF,FF
98265,9096,0x10FF6500,1,8,FC,FF,FF,FF,FF,FF,FF,FF
98266,9097,0x18F00500,1,8,FF,FF,FF,FF,20,2D,FF,FF
98266,9098,0x18F00600,1,8,FF,FF,FF,FF,FF,FF,FF,FF
98267,9099,0x18FEF100,1,8,3F,00,00,FF,FF,FF,FF,FF
98268,9100,0x18FEF200,1,8,36,00,00,00,00,00,00,FF
98268,9101,0x1CFDDF00,1,8,FE,FF,FF,FF,FF,FF,FF,FF
98269,9102,0x1CFF6A00,1,8,FC,FF,FF,FF,FF,FF,FF,FF
98271,9103,0xCF00400,1,8,FF,FF,FF,52,7C,FF,FF,FF
98272,9104,0xCFF6600,1,8,8A,0F,FF,FF,FF,FF,FF,FF
98291,9105,0xCF00400,1,8,FF,FF,FF,0C,7B,FF,FF,FF
98292,9106,0xCFF6600,1,8,61,0F,FF,FF,FF,FF,FF,FF
98311,9107,0xCF00400,1,8,FF,FF,FF,C0,79,FF,FF,FF
98312,9108,0xCFF6600,1,8,38,0F,FF,FF,FF,FF,FF,FF
98332,9109,0xCF00400,1,8,FF,FF,FF,7A,78,FF,FF,FF
98333,9110,0xCFF6600,1,8,0F,0F,FF,FF,FF,FF,FF,FF
98342,9111,0x18F00500,1,8,FF,FF,FF,FF,20,2D,FF,FF
98343,9112,0x18FEF100,1,8,3F,00,00,FF,FF,FF,FF,FF
98344,9113,0x18FEF200,1,8,36,00,00,00,00,00,00,FF
98351,9114,0xCF00400,1,8,FF,FF,FF,CC,75,FF,FF,FF
98352,9115,0xCFF6600,1,8,B9,0E,FF,FF,FF,FF,FF,FF
98371,9116,0xCF00400,1,8,FF,FF,FF,B6,74,FF,FF,FF
98405,9117,0xCF00400,1,8,FF,FF,FF,F2,73,FF,FF,FF
98406,9118,0xCFF6600,1,8,96,0E,FF,FF,FF,FF,FF,FF
98410,9119,0x18EEFF00,1,8,08,CF,60,06,00,00,00,00
98411,9120,0xCF00400,1,8,FF,FF,FF,0A,73,FF,FF,FF
98412,9121,0xCFF6600,1,8,61,0E,FF,FF,FF,FF,FF,FF
98431,9122,0xCF00400,1,8,FF,FF,FF,18,71,FF,FF,FF
98432,9123,0xCFF6600,1,8,23,0E,FF,FF,FF,FF,FF,FF
98442,9124,0x18FEF100,1,8,3F,00,00,FF,FF,FF,FF,FF
98442,9125,0x10FF6500,1,8,FC,FF,FF,FF,FF,FF,FF,FF
98443,9126,0x18F00500,1,8,FF,FF,FF,FF,20,2D,FF,FF
98443,9127,0x18FEF200,1,8,36,00,00,00,00,00,00,FF
98451,9128,0xCF00400,1,8,FF,FF,FF,4C,70,FF,FF,FF
98452,9129,0xCFF6600,1,8,09,0E,FF,FF,FF,FF,FF,FF
98472,9130,0xCF00400,1,8,FF,FF,FF,6A,6F,FF,FF,FF
98472,9131,0xCFF6600,1,8,ED,0D,FF,FF,FF,FF,FF,FF
98491,9132,0xCF00400,1,8,FF,FF,FF,6E,6E,FF,FF,FF
98493,9133,0xCFF6600,1,8,CD,0D,FF,FF,FF,FF,FF,FF
98512,9134,0xCF00400,1,8,FF,FF,FF,92,6D,FF,FF,FF
98512,9135,0xCFF6600,1,8,B2,0D,FF,FF,FF,FF,FF,FF
98532,9136,0xCF00400,1,8,FF,FF,FF,C2,6C,FF,FF,FF
98533,9137,0xCFF6600,1,8,98,0D,FF,FF,FF,FF,FF,FF
98542,9138,0x18FEF100,1,8,3F,00,00,FF,FF,FF,FF,FF
98543,9139,0x18F00500,1,8,FF,FF,FF,FF,20,2D,FF,FF
98543,9140,0x18FEF200,1,8,36,00,00,00,00,00,00,FF
98552,9141,0xCF00400,1,8,FF,FF,FF,44,6B,FF,FF,FF
98553,9142,0xCFF6600,1,8,68,0D,FF,FF,FF,FF,FF,FF
98573,9143,0xCF00400,1,8,FF,FF,FF,7C,6A,FF,FF,FF
98592,9144,0xCFF6600,1,8,4F,0D,FF,FF,FF,FF,FF,FF
98593,9145,0x18EEFF00,1,8,08,CF,60,06,00,00,00,00
98630,9146,0xCF00400,1,8,FF,FF,FF,44,69,FF,FF,FF
98631,9147,0xCFF6600,1,8,28,0D,FF,FF,FF,FF,FF,FF
98631,9148,0x18EEFF00,1,8,08,CF,60,06,00,00,00,00
98644,9149,0x10FF6500,1,8,FC,FF,FF,FF,FF,FF,FF,FF
98644,9150,0x18F00500,1,8,FF,FF,FF,FF,20,2D,FF,FF
98645,9151,0x18FEF100,1,8,3F,00,00,FF,FF,FF,FF,FF
98646,9152,0x18FEF200,1,8,36,00,00,00,00,00,00,FF
98651,9153,0xCF00400,1,8,FF,FF,FF,DC,68,FF,FF,FF
98652,9154,0xCFF6600,1,8,1B,0D,FF,FF,FF,FF,FF,FF
98672,9155,0xCF00400,1,8,FF,FF,FF,12,68,FF,FF,FF
98672,9156,0xCFF6600,1,8,02,0D,FF,FF,FF,FF,FF,FF
98691,9157,0xCF00400,1,8,FF,FF,FF,4E,67,FF,FF,FF
98692,9158,0xCFF6600,1,8,E9,0C,FF,FF,FF,FF,FF,FF
98711,9159,0xCF00400,1,8,FF,FF,FF,8E,66,FF,FF,FF
98712,9160,0xCFF6600,1,8,D1,0C,FF,FF,FF,FF,FF,FF
98751,9161,0xCF00400,1,8,FF,FF,FF,78,65,FF,FF,FF
98752,9162,0xCFF6600,1,8,AF,0C,FF,FF,FF,FF,FF,FF
98753,9163,0x18F00500,1,8,FF,FF,FF,FF,20,2D,FF,FF
98753,9164,0x18F00600,1,8,FF,FF,FF,FF,FF,FF,FF,FF
98754,9165,0x18FEF100,1,8,3F,00,00,FF,FF,FF,FF,FF
98755,9166,0x18FEF200,1,8,36,00,00,00,00,00,00,FF
98755,9167,0x1CFDDF00,1,8,FE,FF,FF,FF,FF,FF,FF,FF
98756,9168,0x1CFF6A00,1,8,FC,FF,FF,FF,FF,FF,FF,FF
98771,9169,0xCF00400,1,8,FF,FF,FF,A2,65,FF,FF,FF
98772,9170,0xCFF6600,1,8,B4,0C,FF,FF,FF,FF,FF,FF
98792,9171,0xCF00400,1,8,FF,FF,FF,C4,65,FF,FF,FF
98793,9172,0xCFF6600,1,8,B8,0C,FF,FF,FF,FF,FF,FF
98812,9173,0xCF00400,1,8,FF,FF,FF,D8,65,FF,FF,FF
98812,9174,0xCFF6600,1,8,BB,0C,FF,FF,FF,FF,FF,FF
98832,9175,0xCF00400,1,8,FF,FF,FF,E2,65,FF,FF,FF
98832,9176,0xCFF6600,1,8,BC,0C,FF,FF,FF,FF,FF,FF
98842,9177,0x18FEF100,1,8,3F,00,00,FF,FF,FF,FF,FF
98843,9178,0x10FF6500,1,8,FC,FF,FF,FF,FF,FF,FF,FF
98844,9179,0x18F00500,1,8,FF,FF,FF,FF,20,2D,FF,FF
98865,9180,0xCF00400,1,8,FF,FF,FF,FE,65,FF,FF,FF
98866,9181,0xCFF6600,1,8,BF,0C,FF,FF,FF,FF,FF,FF
98866,9182,0x18FEF200,1,8,36,00,00,00,00,00,19,FF
98871,9183,0xCF00400,1,8,FF,FF,FF,50,66,FF,FF,FF
98872,9184,0xCFF6600,1,8,CA,0C,FF,FF,FF,FF,FF,FF
98891,9185,0xCF00400,1,8,FF,FF,FF,F6,66,FF,FF,FF
98892,9186,0xCFF6600,1,8,DE,0C,FF,FF,FF,FF,FF,FF
98901,9187,0x18FDE500,1,8,0A,14,1E,28,32,3C,46,13
98902,9188,0x18FEEE00,1,8,66,FF,FF,FF,FF,FF,FF,FF
98912,9189,0xCF00400,1,8,FF,FF,FF,3A,68,FF,FF,FF
98913,9190,0xCFF6600,1,8,07,0D,FF,FF,FF,FF,FF,FF
98921,9191,0x1CECFF00,1,8,20,0A,00,02,FF,CA,FE,00
98932,9192,0xCF00400,1,8,FF,FF,FF,6E,6C,FF,FF,FF
98932,9193,0xCFF6600,1,8,8D,0D,FF,FF,FF,FF,FF,FF
98942,9194,0x18FEF100,1,8,3F,00,00,FF,FF,FF,FF,FF
98943,9195,0x18F00500,1,8,FF,FF,FF,FF,20,2D,FF,FF
98943,9196,0x18FEF200,1,8,23,00,00,00,00,00,3C,FF
98951,9197,0xCF00400,1,8,FF,FF,FF,12,6F,FF,FF,FF
98952,9198,0xCFF6600,1,8,E2,0D,FF,FF,FF,FF,FF,FF
98972,9199,0xCF00400,1,8,FF,FF,FF,CE,71,FF,FF,FF
98972,9200,0xCFF6600,1,8,39,0E,FF,FF,FF,FF,FF,FF
98973,9201,0x1CEBFF00,1,8,01,40,FF,0F,F0,E5,01,02
98991,9202,0xCF00400,1,8,FF,FF,FF,BE,74,FF,FF,FF
99011,9203,0xCF00400,1,8,FF,FF,FF,88,7A,FF,FF,FF
99012,9204,0xCFF6600,1,8,97,0E,FF,FF,FF,FF,FF,FF
99021,9205,0x1CEBFF00,1,8,02,F0,E3,01,FF,FF,FF,FF
99031,9206,0xCF00400,1,8,FF,FF,FF,62,7D,FF,FF,FF
99032,9207,0xCFF6600,1,8,AC,0F,FF,FF,FF,FF,FF,FF
99042,9208,0x18F00500,1,8,FF,FF,FF,FF,20,2D,FF,FF
99043,9209,0x10FF6500,1,8,FC,FF,FF,FF,FF,FF,FF,FF
99044,9210,0x18FEF100,1,8,3F,00,00,FF,FF,FF,FF,FF
99044,9211,0x18FEF200,1,8,23,00,00,00,00,00,47,FF
99051,9212,0xCF00400,1,8,FF,FF,FF,2C,80,FF,FF,FF
99052,9213,0xCFF6600,1,8,05,10,FF,FF,FF,FF,FF,FF
99071,9214,0xCF00400,1,8,FF,FF,FF,5C,86,FF,FF,FF
99072,9215,0xCFF6600,1,8,CB,10,FF,FF,FF,FF,FF,FF
99106,9216,0xCF00400,1,8,FF,FF,FF,92,89,FF,FF,FF
99106,9217,0xCFF6600,1,8,32,11,FF,FF,FF,FF,FF,FF
99110,9218,0x18EEFF00,1,8,08,CF,60,06,00,00,00,00
99111,9219,0xCF00400,1,8,FF,FF,FF,BE,8F,FF,FF,FF
99112,9220,0xCFF6600,1,8,F7,11,FF,FF,FF,FF,FF,FF
99132,9221,0xCF00400,1,8,FF,FF,FF,42,95,FF,FF,FF
99132,9222,0xCFF6600,1,8,A8,12,FF,FF,FF,FF,FF,FF
99142,9223,0x18FEF100,1,8,3F,00,00,FF,FF,FF,FF,FF
99143,9224,0x18F00500,1,8,FF,FF,FF,FF,20,2D,FF,FF
99143,9225,0x18FEF200,1,8,23,00,00,00,00,00,49,FF
99151,9226,0xCF00400,1,8,FF,FF,FF,D8,97,FF,FF,FF
99152,9227,0xCFF6600,1,8,FB,12,FF,FF,FF,FF,FF,FF
99171,9228,0xCF00400,1,8,FF,FF,FF,90,9C,FF,FF,FF
99172,9229,0xCFF6600,1,8,92,13,FF,FF,FF,FF,FF,FF
99192,9230,0xCF00400,1,8,FF,FF,FF,26,A1,FF,FF,FF
99212,9231,0xCF00400,1,8,FF,FF,FF,74,A3,FF,FF,FF
99213,9232,0xCFF6600,1,8,24,14,FF,FF,FF,FF,FF,FF
99231,9233,0xCF00400,1,8,FF,FF,FF,F6,A7,FF,FF,FF
99232,9234,0xCFF6600,1,8,FE,14,FF,FF,FF,FF,FF,FF
99242,9235,0x18FEF100,1,8,3F,00,00,FF,FF,FF,FF,FF
99243,9236,0x10FF6500,1,8,FC,FF,FF,FF,FF,FF,FF,FF
99243,9237,0x18F00500,1,8,FF,FF,FF,FF,20,2D,FF,FF
99244,9238,0x18F00600,1,8,FF,FF,FF,FF,FF,FF,FF,FF
99245,9239,0x18FEF200,1,8,23,00,00,00,00,00,49,FF
99246,9240,0x1CFDDF00,1,8,FE,FF,FF,FF,FF,FF,FF,FF
99247,9241,0x1CFF6A00,1,8,FC,FF,FF,FF,FF,FF,FF,FF
99252,9242,0xCF00400,1,8,FF,FF,FF,24,AC,FF,FF,FF
99252,9243,0xCFF6600,1,8,84,15,FF,FF,FF,FF,FF,FF
99272,9244,0xCF00400,1,8,FF,FF,FF,F4,AF,FF,FF,FF
99273,9245,0xCFF6600,1,8,FE,15,FF,FF,FF,FF,FF,FF
99291,9246,0xCF00400,1,8,FF,FF,FF,38,B3,FF,FF,FF
99292,9247,0xCFF6600,1,8,67,16,FF,FF,FF,FF,FF,FF
99312,9248,0xCF00400,1,8,FF,FF,FF,82,B5,FF,FF,FF
99312,9249,0xCFF6600,1,8,B0,16,FF,FF,FF,FF,FF,FF
99332,9250,0xCF00400,1,8,FF,FF,FF,CC,B6,FF,FF,FF
99333,9251,0xCFF6600,1,8,D9,16,FF,FF,FF,FF,FF,FF
99342,9252,0x18FEF100,1,8,3F,00,00,FF,FF,FF,FF,FF
99343,9253,0x18F00500,1,8,FF,FF,FF,FF,20,2D,FF,FF
99343,9254,0x18FEF200,1,8,23,00,00,00,00,00,00,FF
99352,9255,0xCF00400,1,8,FF,FF,FF,EC,B6,FF,FF,FF
99353,9256,0xCFF6600,1,8,DD,16,FF,FF,FF,FF,FF,FF
99372,9257,0xCF00400,1,8,FF,FF,FF,66,B5,FF,FF,FF
99373,9258,0xCFF6600,1,8,AC,16,FF,FF,FF,FF,FF,FF
99391,9259,0xCF00400,1,8,FF,FF,FF,06,B4,FF,FF,FF
99411,9260,0xCFF6600,1,8,80,16,FF,FF,FF,FF,FF,FF
99412,9261,0x18EEFF00,1,8,08,CF,60,06,00,00,00,00
99432,9262,0xCF00400,1,8,FF,FF,FF,9C,AE,FF,FF,FF
99433,9263,0xCFF6600,1,8,D3,15,FF,FF,FF,FF,FF,FF
99442,9264,0x18FEF100,1,8,3F,00,00,FF,FF,FF,FF,FF
99443,9265,0x10FF6500,1,8,FC,FF,FF,FF,FF,FF,FF,FF
99443,9266,0x18F00500,1,8,FF,FF,FF,FF,20,2D,FF,FF
99464,9267,0xCF00400,1,8,FF,FF,FF,50,AC,FF,FF,FF
99465,9268,0xCFF6600,1,8,8A,15,FF,FF,FF,FF,FF,FF
99466,9269,0x18FEF200,1,8,23,00,00,00,00,00,00,FF
99472,9270,0xCF00400,1,8,FF,FF,FF,AE,AA,FF,FF,FF
99473,9271,0xCFF6600,1,8,55,15,FF,FF,FF,FF,FF,FF
99491,9272,0xCF00400,1,8,FF,FF,FF,82,A8,FF,FF,FF
99492,9273,0xCFF6600,1,8,10,15,FF,FF,FF,FF,FF,FF
99511,9274,0xCF00400,1,8,FF,FF,FF,80,A7,FF,FF,FF
99512,9275,0xCFF6600,1,8,F0,14,FF,FF,FF,FF,FF,FF
99532,9276,0xCF00400,1,8,FF,FF,FF,CE,A5,FF,FF,FF
99532,9277,0xCFF6600,1,8,B9,14,FF,FF,FF,FF,FF,FF
99542,9278,0x18FEF100,1,8,3F,00,00,FF,FF,FF,FF,FF
99543,9279,0x18F00500,1,8,FF,FF,FF,FF,20,2D,FF,FF
99543,9280,0x18FEF200,1,8,23,00,00,00,00,00,00,FF
99551,9281,0xCF00400,1,8,FF,FF,FF,B6,A3,FF,FF,FF
99553,9282,0xCFF6600,1,8,76,14,FF,FF,FF,FF,FF,FF
99572,9283,0xCF00400,1,8,FF,FF,FF,02,A2,FF,FF,FF
99572,9284,0xCFF6600,1,8,40,14,FF,FF,FF,FF,FF,FF
99591,9285,0xCF00400,1,8,FF,FF,FF,3C,A1,FF,FF,FF
99613,9286,0xCF00400,1,8,FF,FF,FF,8E,9F,FF,FF,FF
99613,9287,0xCFF6600,1,8,27,14,FF,FF,FF,FF,FF,FF
99632,9288,0xCF00400,1,8,FF,FF,FF,36,9E,FF,FF,FF
99633,9289,0xCFF6600,1,8,C6,13,FF,FF,FF,FF,FF,FF
99642,9290,0x18FEF100,1,8,3F,00,00,FF,FF,FF,FF,FF
99643,9291,0x10FF6500,1,8,FC,FF,FF,FF,FF,FF,FF,FF
99644,9292,0x18F00500,1,8,FF,FF,FF,FF,20,2D,FF,FF
99644,9293,0x18FEF200,1,8,23,00,00,00,00,00,00,FF
99652,9294,0xCF00400,1,8,FF,FF,FF,6A,9D,FF,FF,FF
99666,9295,0xCFF6600,1,8,AD,13,FF,FF,FF,FF,FF,FF
99670,9296,0x18EEFF00,1,8,08,CF,60,06,00,00,00,00
99671,9297,0xCF00400,1,8,FF,FF,FF,CA,9B,FF,FF,FF
99672,9298,0xCFF6600,1,8,79,13,FF,FF,FF,FF,FF,FF
99691,9299,0xCF00400,1,8,FF,FF,FF,86,9A,FF,FF,FF
99692,9300,0xCFF6600,1,8,50,13,FF,FF,FF,FF,FF,FF
99711,9301,0xCF00400,1,8,FF,FF,FF,90,99,FF,FF,FF
99712,9302,0xCFF6600,1,8,32,13,FF,FF,FF,FF,FF,FF
99731,9303,0xCF00400,1,8,FF,FF,FF,B8,97,FF,FF,FF
99732,9304,0xCFF6600,1,8,F7,12,FF,FF,FF,FF,FF,FF
99742,9305,0x18F00500,1,8,FF,FF,FF,FF,20,2D,FF,FF
99743,9306,0x18F00600,1,8,FF,FF,FF,FF,FF,FF,FF,FF
99744,9307,0x18FEF100,1,8,3F,00,00,FF,FF,FF,FF,FF
99745,9308,0x18FEF200,1,8,23,00,00,00,00,00,00,FF
99745,9309,0x1CFDDF00,1,8,FE,FF,FF,FF,FF,FF,FF,FF
99746,9310,0x1CFF6A00,1,8,FC,FF,FF,FF,FF,FF,FF,FF
99752,9311,0xCF00400,1,8,FF,FF,FF,6A,95,FF,FF,FF
99753,9312,0xCFF6600,1,8,AD,12,FF,FF,FF,FF,FF,FF
99772,9313,0xCF00400,1,8,FF,FF,FF,92,94,FF,FF,FF
99772,9314,0xCFF6600,1,8,92,12,FF,FF,FF,FF,FF,FF
99792,9315,0xCF00400,1,8,FF,FF,FF,56,93,FF,FF,FF
99793,9316,0xCFF6600,1,8,6A,12,FF,FF,FF,FF,FF,FF
99812,9317,0xCF00400,1,8,FF,FF,FF,50,92,FF,FF,FF
99833,9318,0xCF00400,1,8,FF,FF,FF,72,90,FF,FF,FF
99834,9319,0xCFF6600,1,8,4A,12,FF,FF,FF,FF,FF,FF
99842,9320,0x18FEF100,1,8,3F,00,00,FF,FF,FF,FF,FF
99843,9321,0x10FF6500,1,8,FC,FF,FF,FF,FF,FF,FF,FF
99844,9322,0x18F00500,1,8,FF,FF,FF,FF,20,2D,FF,FF
99845,9323,0x18FEF200,1,8,23,00,00,00,00,00,00,FF
99851,9324,0xCF00400,1,8,FF,FF,FF,98,8F,FF,FF,FF
99852,9325,0xCFF6600,1,8,F3,11,FF,FF,FF,FF,FF,FF
99872,9326,0xCF00400,1,8,FF,FF,FF,10,8E,FF,FF,FF
99872,9327,0xCFF6600,1,8,C2,11,FF,FF,FF,FF,FF,FF
99891,9328,0xCF00400,1,8,FF,FF,FF,64,8D,FF,FF,FF
99892,9329,0xCFF6600,1,8,AC,11,FF,FF,FF,FF,FF,FF
99901,9330,0x18FDE500,1,8,0A,14,1E,28,32,3C,46,13
99902,9331,0x18FEEE00,1,8,67,FF,FF,FF,FF,FF,FF,FF
99911,9332,0xCF00400,1,8,FF,FF,FF,36,8C,FF,FF,FF
99912,9333,0xCFF6600,1,8,86,11,FF,FF,FF,FF,FF,FF
99922,9334,0x1CECFF00,1,8,20,0A,00,02,FF,CA,FE,00
99932,9335,0xCF00400,1,8,FF,FF,FF,5A,8B,FF,FF,FF
99932,9336,0xCFF6600,1,8,6B,11,FF,FF,FF,FF,FF,FF
99944,9337,0x18F00500,1,8,FF,FF,FF,FF,20,2D,FF,FF
99945,9338,0x18FEF100,1,8,3F,00,00,FF,FF,FF,FF,FF
99946,9339,0x18FEF200,1,8,39,00,00,00,00,00,00,FF
99951,9340,0xCF00400,1,8,FF,FF,FF,9E,89,FF,FF,FF
99952,9341,0xCFF6600,1,8,33,11,FF,FF,FF,FF,FF,FF
99988,9342,0xCF00400,1,8,FF,FF,FF,76,89,FF,FF,FF
100009,9343,0xCFF6600,1,8,2E,11,FF,FF,FF,FF,FF,FF
100010,9344,0x18EEFF00,1,8,08,CF,60,06,00,00,00,00
100010,9345,0x1CEBFF00,1,8,01,40,FF,0F,F0,E5,01,02
100011,9346,0xCF00400,1,8,FF,FF,FF,0E,87,FF,FF,FF
100012,9347,0xCFF6600,1,8,E1,10,FF,FF,FF,FF,FF,FF
100021,9348,0x1CEBFF00,1,8,02,F0,E3,01,FF,FF,FF,FF
100032,9349,0xCF00400,1,8,FF,FF,FF,A4,85,FF,FF,FF
100033,9350,0xCFF6600,1,8,B4,10,FF,FF,FF,FF,FF,FF
100042,9351,0x18FEF100,1,8,3F,00,00,FF,FF,FF,FF,FF
100042,9352,0x10FF6500,1,8,FC,FF,FF,FF,FF,FF,FF,FF
100043,9353,0x18F00500,1,8,FF,FF,FF,FF,20,2D,FF,FF
100057,9354,0x18FEF200,1,8,39,00,00,00,00,00,00,FF
100060,9355,0x18EEFF00,1,8,08,CF,60,06,00,00,00,00
100071,9356,0xCF00400,1,8,FF,FF,FF,A4,82,FF,FF,FF
100072,9357,0xCFF6600,1,8,54,10,FF,FF,FF,FF,FF,FF
100091,9358,0xCF00400,1,8,FF,FF,FF,22,7F,FF,FF,FF
100092,9359,0xCFF6600,1,8,E4,0F,FF,FF,FF,FF,FF,FF
100111,9360,0xCF00400,1,8,FF,FF,FF,8E,7D,FF,FF,FF
100112,9361,0xCFF6600,1,8,B1,0F,FF,FF,FF,FF,FF,FF
100132,9362,0xCF00400,1,8,FF,FF,FF,14,7C,FF,FF,FF
100133,9363,0xCFF6600,1,8,82,0F,FF,FF,FF,FF,FF,FF
100142,9364,0x18FEF100,1,8,3F,00,00,FF,FF,FF,FF,FF
100142,9365,0x18F00500,1,8,FF,FF,FF,FF,20,2D,FF,FF
100143,9366,0x18FEF200,1,8,39,00,00,00,00,00,00,FF
100151,9367,0xCF00400,1,8,FF,FF,FF,A8,79,FF,FF,FF
100152,9368,0xCFF6600,1,8,35,0F,FF,FF,FF,FF,FF,FF
100172,9369,0xCF00400,1,8,FF,FF,FF,B2,78,FF,FF,FF
100173,9370,0xCFF6600,1,8,16,0F,FF,FF,FF,FF,FF,FF
100192,9371,0xCF00400,1,8,FF,FF,FF,86,77,FF,FF,FF
100212,9372,0xCF00400,1,8,FF,FF,FF,F8,75,FF,FF,FF
100213,9373,0xCFF6600,1,8,F0,0E,FF,FF,FF,FF,FF,FF
100232,9374,0xCF00400,1,8,FF,FF,FF,4E,73,FF,FF,FF
100233,9375,0xCFF6600,1,8,69,0E,FF,FF,FF,FF,FF,FF
100242,9376,0x18F00500,1,8,FF,FF,FF,FF,20,2D,FF,FF
100242,9377,0x10FF6500,1,8,FC,FF,FF,FF,FF,FF,FF,FF
100243,9378,0x18F00600,1,8,FF,FF,FF,FF,FF,FF,FF,FF
100244,9379,0x18FEF100,1,8,3F,00,00,FF,FF,FF,FF,FF
100244,9380,0x18FEF200,1,8,39,00,00,00,00,00,00,FF
100245,9381,0x1CFDDF00,1,8,FE,FF,FF,FF,FF,FF,FF,FF
100246,9382,0x1CFF6A00,1,8,FC,FF,FF,FF,FF,FF,FF,FF
100251,9383,0xCF00400,1,8,FF,FF,FF,08,72,FF,FF,FF
100252,9384,0xCFF6600,1,8,41,0E,FF,FF,FF,FF,FF,FF
100272,9385,0xCF00400,1,8,FF,FF,FF,B0,70,FF,FF,FF
100273,9386,0xCFF6600,1,8,16,0E,FF,FF,FF,FF,FF,FF
100291,9387,0xCF00400,1,8,FF,FF,FF,90,6F,FF,FF,FF
100292,9388,0xCFF6600,1,8,F2,0D,FF,FF,FF,FF,FF,FF
100312,9389,0xCF00400,1,8,FF,FF,FF,B2,6E,FF,FF,FF
100313,9390,0xCFF6600,1,8,D6,0D,FF,FF,FF,FF,FF,FF
100332,9391,0xCF00400,1,8,FF,FF,FF,0A,6E,FF,FF,FF
100332,9392,0xCFF6600,1,8,C1,0D,FF,FF,FF,FF,FF,FF
100342,9393,0x18FEF100,1,8,3F,00,00,FF,FF,FF,FF,FF
100343,9394,0x18F00500,1,8,FF,FF,FF,FF,20,2D,FF,FF
100344,9395,0x18FEF200,1,8,39,00,00,00,00,00,00,FF
100353,9396,0xCF00400,1,8,FF,FF,FF,DA,6C,FF,FF,FF
100354,9397,0xCFF6600,1,8,9B,0D,FF,FF,FF,FF,FF,FF
100371,9398,0xCF00400,1,8,FF,FF,FF,F8,6B,FF,FF,FF
100372,9399,0xCFF6600,1,8,7F,0D,FF,FF,FF,FF,FF,FF
100391,9400,0xCF00400,1,8,FF,FF,FF,34,6B,FF,FF,FF
100392,9401,0xCFF6600,1,8,66,0D,FF,FF,FF,FF,FF,FF
100412,9402,0xCF00400,1,8,FF,FF,FF,88,6A,FF,FF,FF
100414,9403,0xCFF6600,1,8,51,0D,FF,FF,FF,FF,FF,FF
100445,9404,0xCF00400,1,8,FF,FF,FF,F6,69,FF,FF,FF
100445,9405,0xCFF6600,1,8,3E,0D,FF,FF,FF,FF,FF,FF
100450,9406,0x18EEFF00,1,8,08,CF,60,06,00,00,00,00
100451,9407,0xCF00400,1,8,FF,FF,FF,78,69,FF,FF,FF
100452,9408,0xCFF6600,1,8,2F,0D,FF,FF,FF,FF,FF,FF
100471,9409,0xCF00400,1,8,FF,FF,FF,C8,68,FF,FF,FF
100473,9410,0xCFF6600,1,8,19,0D,FF,FF,FF,FF,FF,FF
100491,9411,0xCF00400,1,8,FF,FF,FF,E8,67,FF,FF,FF
100492,9412,0xCFF6600,1,8,FD,0C,FF,FF,FF,FF,FF,FF
100511,9413,0xCF00400,1,8,FF,FF,FF,3E,67,FF,FF,FF
100512,9414,0xCFF6600,1,8,E7,0C,FF,FF,FF,FF,FF,FF
100535,9415,0xCF00400,1,8,FF,FF,FF,EE,66,FF,FF,FF
100536,9416,0xCFF6600,1,8,DD,0C,FF,FF,FF,FF,FF,FF
100542,9417,0x18FEF100,1,8,3F,00,00,FF,FF,FF,FF,FF
100543,9418,0x10FF6500,1,8,FC,FF,FF,FF,FF,FF,FF,FF
100543,9419,0x18F00500,1,8,FF,FF,FF,FF,20,2D,FF,FF
100544,9420,0x18FEF200,1,8,39,00,00,00,00,00,00,FF
100552,9421,0xCF00400,1,8,FF,FF,FF,88,66,FF,FF,FF
100552,9422,0xCFF6600,1,8,D1,0C,FF,FF,FF,FF,FF,FF
100572,9423,0xCF00400,1,8,FF,FF,FF,F2,65,FF,FF,FF
100592,9424,0xCF00400,1,8,FF,FF,FF,34,65,FF,FF,FF
100593,9425,0xCFF6600,1,8,BE,0C,FF,FF,FF,FF,FF,FF
100611,9426,0xCF00400,1,8,FF,FF,FF,5E,64,FF,FF,FF
100612,9427,0xCFF6600,1,8,8B,0C,FF,FF,FF,FF,FF,FF
100631,9428,0xCF00400,1,8,FF,FF,FF,7C,63,FF,FF,FF
100632,9429,0xCFF6600,1,8,6F,0C,FF,FF,FF,FF,FF,FF
100642,9430,0x18FEF100,1,8,3F,00,00,FF,FF,FF,FF,FF
100642,9431,0x18F00500,1,8,FF,FF,FF,FF,20,2D,FF,FF
100643,9432,0x18FEF200,1,8,39,00,00,00,00,00,1E,FF
100651,9433,0xCF00400,1,8,FF,FF,FF,F2,63,FF,FF,FF
100652,9434,0xCFF6600,1,8,7E,0C,FF,FF,FF,FF,FF,FF
100672,9435,0xCF00400,1,8,FF,FF,FF,8E,65,FF,FF,FF
100673,9436,0xCFF6600,1,8,B1,0C,FF,FF,FF,FF,FF,FF
100692,9437,0xCF00400,1,8,FF,FF,FF,60,67,FF,FF,FF
100693,9438,0xCFF6600,1,8,EC,0C,FF,FF,FF,FF,FF,FF
100712,9439,0xCF00400,1,8,FF,FF,FF,68,6C,FF,FF,FF
100713,9440,0xCFF6600,1,8,8D,0D,FF,FF,FF,FF,FF,FF
100731,9441,0xCF00400,1,8,FF,FF,FF,B8,6F,FF,FF,FF
100732,9442,0xCFF6600,1,8,F7,0D,FF,FF,FF,FF,FF,FF
100745,9443,0x10FF6500,1,8,FC,FF,FF,FF,FF,FF,FF,FF
100745,9444,0x18F00500,1,8,FF,FF,FF,FF,20,2D,FF,FF
100746,9445,0x18FEF100,1,8,3F,00,00,FF,FF,FF,FF,FF
100747,9446,0x18FEF200,1,8,39,00,00,00,00,00,4E,FF
100768,9447,0xCF00400,1,8,FF,FF,FF,52,73,FF,FF,FF
100768,9448,0xCFF6600,1,8,6A,0E,FF,FF,FF,FF,FF,FF
100773,9449,0x18EEFF00,1,8,08,CF,60,06,00,00,00,00
100791,9450,0xCF00400,1,8,FF,FF,FF,FC,7F,FF,FF,FF
100792,9451,0xCFF6600,1,8,FF,0F,FF,FF,FF,FF,FF,FF
100811,9452,0xCF00400,1,8,FF,FF,FF,1C,84,FF,FF,FF
100812,9453,0xCFF6600,1,8,83,10,FF,FF,FF,FF,FF,FF
100832,9454,0xCF00400,1,8,FF,FF,FF,16,8C,FF,FF,FF
100832,9455,0xCFF6600,1,8,82,11,FF,FF,FF,FF,FF,FF
100844,9456,0x18F00500,1,8,FF,FF,FF,FF,20,2D,FF,FF
100845,9457,0x18F00600,1,8,FF,FF,FF,FF,FF,FF,FF,FF
100846,9458,0x18FEF100,1,8,3F,00,00,FF,FF,FF,FF,FF
100846,9459,0x18FEF200,1,8,39,00,00,00,00,00,55,FF
100847,9460,0x1CFDDF00,1,8,FE,FF,FF,FF,FF,FF,FF,FF
100848,9461,0x1CFF6A00,1,8,FC,FF,FF,FF,FF,FF,FF,FF
100851,9462,0xCF00400,1,8,FF,FF,FF,0C,90,FF,FF,FF
100852,9463,0xCFF6600,1,8,01,12,FF,FF,FF,FF,FF,FF
100871,9464,0xCF00400,1,8,FF,FF,FF,26,97,FF,FF,FF
100872,9465,0xCFF6600,1,8,E4,12,FF,FF,FF,FF,FF,FF
100893,9466,0xCF00400,1,8,FF,FF,FF,B4,9D,FF,FF,FF
100894,9467,0xCFF6600,1,8,B6,13,FF,FF,FF,FF,FF,FF
100903,9468,0x18FDE500,1,8,0A,14,1E,28,32,3C,46,13
100904,9469,0x18FEEE00,1,8,67,FF,FF,FF,FF,FF,FF,FF
100911,9470,0xCF00400,1,8,FF,FF,FF,B8,A0,FF,FF,FF
100912,9471,0xCFF6600,1,8,17,14,FF,FF,FF,FF,FF,FF
100922,9472,0x1CECFF00,1,8,20,0A,00,02,FF,CA,FE,00
100932,9473,0xCF00400,1,8,FF,FF,FF,5E,A6,FF,FF,FF
100933,9474,0xCFF6600,1,8,CB,14,FF,FF,FF,FF,FF,FF
100944,9475,0x10FF6500,1,8,FC,FF,FF,FF,FF,FF,FF,FF
100944,9476,0x18F00500,1,8,FF,FF,FF,FF,20,2D,FF,FF
100945,9477,0x18FEF100,1,8,3F,00,00,FF,FF,FF,FF,FF
100946,9478,0x18FEF200,1,8,31,00,00,00,00,00,57,FF
100951,9479,0xCF00400,1,8,FF,FF,FF,B4,AB,FF,FF,FF
100965,9480,0xCFF6600,1,8,76,15,FF,FF,FF,FF,FF,FF
100970,9481,0x18EEFF00,1,8,08,CF,60,06,00,00,00,00
100971,9482,0xCF00400,1,8,FF,FF,FF,C0,B0,FF,FF,FF
100972,9483,0xCFF6600,1,8,18,16,FF,FF,FF,FF,FF,FF
100972,9484,0x1CEBFF00,1,8,01,40,FF,0F,F0,E5,01,02
100991,9485,0xCF00400,1,8,FF,FF,FF,C0,B5,FF,FF,FF
100992,9486,0xCFF6600,1,8,B8,16,FF,FF,FF,FF,FF,FF
101011,9487,0xCF00400,1,8,FF,FF,FF,9A,BA,FF,FF,FF
101012,9488,0xCFF6600,1,8,53,17,FF,FF,FF,FF,FF,FF
101021,9489,0x1CEBFF00,1,8,02,F0,E3,01,FF,FF,FF,FF
101033,9490,0xCF00400,1,8,FF,FF,FF,5C,BF,FF,FF,FF
101033,9491,0xCFF6600,1,8,EB,17,FF,FF,FF,FF,FF,FF
101042,9492,0x18FEF100,1,8,3F,00,00,FF,FF,FF,FF,FF
101043,9493,0x18F00500,1,8,FF,FF,FF,FF,20,2D,FF,FF
101043,9494,0x18FEF200,1,8,31,00,00,00,00,00,59,FF
101051,9495,0xCF00400,1,8,FF,FF,FF,EC,C3,FF,FF,FF
101072,9496,0xCF00400,1,8,FF,FF,FF,40,C8,FF,FF,FF
101073,9497,0xCFF6600,1,8,7D,18,FF,FF,FF,FF,FF,FF
101091,9498,0xCF00400,1,8,FF,FF,FF,1C,CC,FF,FF,FF
101092,9499,0xCFF6600,1,8,83,19,FF,FF,FF,FF,FF,FF
101111,9500,0xCF00400,1,8,FF,FF,FF,5A,D1,FF,FF,FF
101112,9501,0xCFF6600,1,8,2B,1A,FF,FF,FF,FF,FF,FF
101132,9502,0xCF00400,1,8,FF,FF,FF,70,D4,FF,FF,FF
101132,9503,0xCFF6600,1,8,8E,1A,FF,FF,FF,FF,FF,FF
101142,9504,0x18FEF100,1,8,3F,00,00,FF,FF,FF,FF,FF
101143,9505,0x10FF6500,1,8,FC,FF,FF,FF,FF,FF,FF,FF
101144,9506,0x18F00500,1,8,FF,FF,FF,FF,20,2D,FF,FF
101144,9507,0x18FEF200,1,8,31,00,00,00,00,00,35,FF
101152,9508,0xCF00400,1,8,FF,FF,FF,CC,D6,FF,FF,FF
101152,9509,0xCFF6600,1,8,D9,1A,FF,FF,FF,FF,FF,FF
101171,9510,0xCF00400,1,8,FF,FF,FF,76,D8,FF,FF,FF
101172,9511,0xCFF6600,1,8,0E,1B,FF,FF,FF,FF,FF,FF
101192,9512,0xCF00400,1,8,FF,FF,FF,1C,D8,FF,FF,FF
101192,9513,0xCFF6600,1,8,03,1B,FF,FF,FF,FF,FF,FF
101212,9514,0xCF00400,1,8,FF,FF,FF,9A,D5,FF,FF,FF
101232,9515,0xCF00400,1,8,FF,FF,FF,D6,D2,FF,FF,FF
101233,9516,0xCFF6600,1,8,B3,1A,FF,FF,FF,FF,FF,FF
101242,9517,0x18F00500,1,8,FF,FF,FF,FF,20,2D,FF,FF
101242,9518,0x18FEF100,1,8,3F,00,00,FF,FF,FF,FF,FF
101243,9519,0x18FEF200,1,8,31,00,00,00,00,00,00,FF
101251,9520,0xCF00400,1,8,FF,FF,FF,08,D0,FF,FF,FF
101252,9521,0xCFF6600,1,8,01,1A,FF,FF,FF,FF,FF,FF
101271,9522,0xCF00400,1,8,FF,FF,FF,D2,CB,FF,FF,FF
101272,9523,0xCFF6600,1,8,7A,19,FF,FF,FF,FF,FF,FF
101291,9524,0xCF00400,1,8,FF,FF,FF,18,C9,FF,FF,FF
101292,9525,0xCFF6600,1,8,23,19,FF,FF,FF,FF,FF,FF
101311,9526,0xCF00400,1,8,FF,FF,FF,74,C6,FF,FF,FF
101312,9527,0xCFF6600,1,8,CE,18,FF,FF,FF,FF,FF,FF
101331,9528,0xCF00400,1,8,FF,FF,FF,16,C4,FF,FF,FF
101332,9529,0xCFF6600,1,8,82,18,FF,FF,FF,FF,FF,FF
101342,9530,0x18F00500,1,8,FF,FF,FF,FF,20,2D,FF,FF
101356,9531,0x10FF6500,1,8,FC,FF,FF,FF,FF,FF,FF,FF
101357,9532,0x18F00600,1,8,FF,FF,FF,FF,FF,FF,FF,FF
101358,9533,0x18FEF100,1,8,3F,00,00,FF,FF,FF,FF,FF
101358,9534,0x18FEF200,1,8,31,00,00,00,00,00,00,FF
101359,9535,0x1CFDDF00,1,8,FE,FF,FF,FF,FF,FF,FF,FF
101359,9536,0x1CFF6A00,1,8,FC,FF,FF,FF,FF,FF,FF,FF
101360,9537,0x18EEFF00,1,8,08,CF,60,06,00,00,00,00
101371,9538,0xCF00400,1,8,FF,FF,FF,BE,BE,FF,FF,FF
101372,9539,0xCFF6600,1,8,D7,17,FF,FF,FF,FF,FF,FF
101391,9540,0xCF00400,1,8,FF,FF,FF,0A,BC,FF,FF,FF
101392,9541,0xCFF6600,1,8,81,17,FF,FF,FF,FF,FF,FF
101411,9542,0xCF00400,1,8,FF,FF,FF,1E,BA,FF,FF,FF
101412,9543,0xCFF6600,1,8,43,17,FF,FF,FF,FF,FF,FF
101432,9544,0xCF00400,1,8,FF,FF,FF,7E,B7,FF,FF,FF
101433,9545,0xCFF6600,1,8,EF,16,FF,FF,FF,FF,FF,FF
101442,9546,0x18FEF100,1,8,3F,00,00,FF,FF,FF,FF,FF
101443,9547,0x18F00500,1,8,FF,FF,FF,FF,20,2D,FF,FF
101443,9548,0x18FEF200,1,8,31,00,00,00,00,00,00,FF
101453,9549,0xCF00400,1,8,FF,FF,FF,16,B5,FF,FF,FF
101454,9550,0xCFF6600,1,8,A2,16,FF,FF,FF,FF,FF,FF
101471,9551,0xCF00400,1,8,FF,FF,FF,80,B2,FF,FF,FF
101472,9552,0xCFF6600,1,8,50,16,FF,FF,FF,FF,FF,FF
101492,9553,0xCF00400,1,8,FF,FF,FF,0E,B0,FF,FF,FF
101492,9554,0xCFF6600,1,8,01,16,FF,FF,FF,FF,FF,FF
101512,9555,0xCF00400,1,8,FF,FF,FF,C0,AD,FF,FF,FF
101532,9556,0xCF00400,1,8,FF,FF,FF,C6,AC,FF,FF,FF
101533,9557,0xCFF6600,1,8,B8,15,FF,FF,FF,FF,FF,FF
101542,9558,0x18FEF100,1,8,3F,00,00,FF,FF,FF,FF,FF
101542,9559,0x10FF6500,1,8,FC,FF,FF,FF,FF,FF,FF,FF
101543,9560,0x18F00500,1,8,FF,FF,FF,FF,20,2D,FF,FF
101544,9561,0x18FEF200,1,8,31,00,00,00,00,00,00,FF
101552,9562,0xCF00400,1,8,FF,FF,FF,E2,AA,FF,FF,FF
101552,9563,0xCFF6600,1,8,5C,15,FF,FF,FF,FF,FF,FF
101572,9564,0xCF00400,1,8,FF,FF,FF,12,A9,FF,FF,FF
101572,9565,0xCFF6600,1,8,22,15,FF,FF,FF,FF,FF,FF
101591,9566,0xCF00400,1,8,FF,FF,FF,D0,A7,FF,FF,FF
101592,9567,0xCFF6600,1,8,FA,14,FF,FF,FF,FF,FF,FF
101611,9568,0xCF00400,1,8,FF,FF,FF,8C,A5,FF,FF,FF
101612,9569,0xCFF6600,1,8,B1,14,FF,FF,FF,FF,FF,FF
101632,9570,0xCF00400,1,8,FF,FF,FF,84,A4,FF,FF,FF
101632,9571,0xCFF6600,1,8,90,14,FF,FF,FF,FF,FF,FF
101642,9572,0x18FEF100,1,8,3F,00,00,FF,FF,FF,FF,FF
101642,9573,0x18F00500,1,8,FF,FF,FF,FF,20,2D,FF,FF
101643,9574,0x18FEF200,1,8,31,00,00,00,00,00,00,FF
101674,9575,0xCF00400,1,8,FF,FF,FF,76,A2,FF,FF,FF
101694,9576,0xCFF6600,1,8,4E,14,FF,FF,FF,FF,FF,FF
101695,9577,0x18EEFF00,1,8,08,CF,60,06,00,00,00,00
101725,9578,0xCF00400,1,8,FF,FF,FF,2C,9E,FF,FF,FF
101725,9579,0xCFF6600,1,8,C5,13,FF,FF,FF,FF,FF,FF
101730,9580,0x18EEFF00,1,8,08,CF,60,06,00,00,00,00
101731,9581,0xCF00400,1,8,FF,FF,FF,CE,9C,FF,FF,FF
101732,9582,0xCFF6600,1,8,99,13,FF,FF,FF,FF,FF,FF
101742,9583,0x18FEF100,1,8,3F,00,00,FF,FF,FF,FF,FF
101743,9584,0x10FF6500,1,8,FC,FF,FF,FF,FF,FF,FF,FF
101744,9585,0x18F00500,1,8,FF,FF,FF,FF,20,2D,FF,FF
101744,9586,0x18FEF200,1,8,31,00,00,00,00,00,00,FF
101751,9587,0xCF00400,1,8,FF,FF,FF,7C,9B,FF,FF,FF
101752,9588,0xCFF6600,1,8,6F,13,FF,FF,FF,FF,FF,FF
101771,9589,0xCF00400,1,8,FF,FF,FF,AA,9A,FF,FF,FF
101772,9590,0xCFF6600,1,8,55,13,FF,FF,FF,FF,FF,FF
101791,9591,0xCF00400,1,8,FF,FF,FF,1E,99,FF,FF,FF
101792,9592,0xCFF6600,1,8,23,13,FF,FF,FF,FF,FF,FF
101812,9593,0xCF00400,1,8,FF,FF,FF,4C,98,FF,FF,FF
101813,9594,0xCFF6600,1,8,09,13,FF,FF,FF,FF,FF,FF
101832,9595,0xCF00400,1,8,FF,FF,FF,FC,96,FF,FF,FF
101833,9596,0xCFF6600,1,8,DF,12,FF,FF,FF,FF,FF,FF
101843,9597,0x18F00500,1,8,FF,FF,FF,FF,20,2D,FF,FF
101844,9598,0x18F00600,1,8,FF,FF,FF,FF,FF,FF,FF,FF
101845,9599,0x18FEF100,1,8,3F,00,00,FF,FF,FF,FF,FF
101845,9600,0x18FEF200,1,8,31,00,00,00,00,00,00,FF
101846,9601,0x1CFDDF00,1,8,FE,FF,FF,FF,FF,FF,FF,FF
101846,9602,0x1CFF6A00,1,8,FC,FF,FF,FF,FF,FF,FF,FF
101851,9603,0xCF00400,1,8,FF,FF,FF,D8,95,FF,FF,FF
101852,9604,0xCFF6600,1,8,BB,12,FF,FF,FF,FF,FF,FF
101872,9605,0xCF00400,1,8,FF,FF,FF,1E,95,FF,FF,FF
101872,9606,0xCFF6600,1,8,A3,12,FF,FF,FF,FF,FF,FF
101892,9607,0xCF00400,1,8,FF,FF,FF,DE,93,FF,FF,FF
101893,9608,0xCFF6600,1,8,7B,12,FF,FF,FF,FF,FF,FF
101901,9609,0x18FEEE00,1,8,67,FF,FF,FF,FF,FF,FF,FF
101901,9610,0x18FDE500,1,8,0A,14,1E,28,32,3C,46,13
101913,9611,0xCF00400,1,8,FF,FF,FF,F4,92,FF,FF,FF
101913,9612,0xCFF6600,1,8,5E,12,FF,FF,FF,FF,FF,FF
101921,9613,0x1CECFF00,1,8,20,0A,00,02,FF,CA,FE,00
101931,9614,0xCF00400,1,8,FF,FF,FF,C8,90,FF,FF,FF
101932,9615,0xCFF6600,1,8,19,12,FF,FF,FF,FF,FF,FF
101943,9616,0x10FF6500,1,8,FC,FF,FF,FF,FF,FF,FF,FF
101944,9617,0x18F00500,1,8,FF,FF,FF,FF,20,2D,FF,FF
101944,9618,0x18FEF100,1,8,3F,00,00,FF,FF,FF,FF,FF
101945,9619,0x18FEF200,1,8,3B,00,00,00,00,00,00,FF
101951,9620,0xCF00400,1,8,FF,FF,FF,20,90,FF,FF,FF
101971,9621,0xCF00400,1,8,FF,FF,FF,EE,8E,FF,FF,FF
101972,9622,0xCFF6600,1,8,04,12,FF,FF,FF,FF,FF,FF
101973,9623,0x1CEBFF00,1,8,01,40,FF,0F,F0,E5,01,02
101991,9624,0xCF00400,1,8,FF,FF,FF,2E,8E,FF,FF,FF
101992,9625,0xCFF6600,1,8,C5,11,FF,FF,FF,FF,FF,FF
102011,9626,0xCF00400,1,8,FF,FF,FF,98,8C,FF,FF,FF
102012,9627,0xCFF6600,1,8,93,11,FF,FF,FF,FF,FF,FF
102022,9628,0x1CEBFF00,1,8,02,F0,E3,01,FF,FF,FF,FF
102031,9629,0xCF00400,1,8,FF,FF,FF,04,8C,FF,FF,FF
102032,9630,0xCFF6600,1,8,80,11,FF,FF,FF,FF,FF,FF
102042,9631,0x18F00500,1,8,FF,FF,FF,FF,20,2D,FF,FF
102043,9632,0x18FEF100,1,8,3F,00,00,FF,FF,FF,FF,FF
102044,9633,0x18FEF200,1,8,3B,00,00,00,00,00,00,FF
102051,9634,0xCF00400,1,8,FF,FF,FF,B6,8A,FF,FF,FF
102052,9635,0xCFF6600,1,8,56,11,FF,FF,FF,FF,FF,FF
102072,9636,0xCF00400,1,8,FF,FF,FF,B4,89,FF,FF,FF
102072,9637,0xCFF6600,1,8,36,11,FF,FF,FF,FF,FF,FF
102091,9638,0xCF00400,1,8,FF,FF,FF,40,87,FF,FF,FF
102112,9639,0xCF00400,1,8,FF,FF,FF,94,86,FF,FF,FF
102112,9640,0xCFF6600,1,8,E8,10,FF,FF,FF,FF,FF,FF
102132,9641,0xCF00400,1,8,FF,FF,FF,9C,84,FF,FF,FF
102132,9642,0xCFF6600,1,8,93,10,FF,FF,FF,FF,FF,FF
102142,9643,0x18FEF100,1,8,3F,00,00,FF,FF,FF,FF,FF
102143,9644,0x10FF6500,1,8,FC,FF,FF,FF,FF,FF,FF,FF
102143,9645,0x18F00500,1,8,FF,FF,FF,FF,20,2D,FF,FF
102144,9646,0x18FEF200,1,8,3B,00,00,00,00,00,00,FF
102152,9647,0xCF00400,1,8,FF,FF,FF,9A,83,FF,FF,FF
102152,9648,0xCFF6600,1,8,73,10,FF,FF,FF,FF,FF,FF
102171,9649,0xCF00400,1,8,FF,FF,FF,CC,82,FF,FF,FF
102172,9650,0xCFF6600,1,8,59,10,FF,FF,FF,FF,FF,FF
102192,9651,0xCF00400,1,8,FF,FF,FF,8E,80,FF,FF,FF
102192,9652,0xCFF6600,1,8,11,10,FF,FF,FF,FF,FF,FF
102229,9653,0xCF00400,1,8,FF,FF,FF,48,7F,FF,FF,FF
102249,9654,0xCFF6600,1,8,E9,0F,FF,FF,FF,FF,FF,FF
102250,9655,0x18EEFF00,1,8,08,CF,60,06,00,00,00,00
102251,9656,0xCF00400,1,8,FF,FF,FF,F8,7A,FF,FF,FF
102252,9657,0xCFF6600,1,8,5F,0F,FF,FF,FF,FF,FF,FF
102271,9658,0xCF00400,1,8,FF,FF,FF,6E,79,FF,FF,FF
102272,9659,0xCFF6600,1,8,2D,0F,FF,FF,FF,FF,FF,FF
102291,9660,0xCF00400,1,8,FF,FF,FF,24,78,FF,FF,FF
102292,9661,0xCFF6600,1,8,04,0F,FF,FF,FF,FF,FF,FF
102312,9662,0xCF00400,1,8,FF,FF,FF,BE,76,FF,FF,FF
102313,9663,0xCFF6600,1,8,D7,0E,FF,FF,FF,FF,FF,FF
102331,9664,0xCF00400,1,8,FF,FF,FF,56,73,FF,FF,FF
102332,9665,0xCFF6600,1,8,6A,0E,FF,FF,FF,FF,FF,FF
102342,9666,0x18FEF100,1,8,3F,00,00,FF,FF,FF,FF,FF
102342,9667,0x18F00500,1,8,FF,FF,FF,FF,20,2D,FF,FF
102343,9668,0x18FEF200,1,8,3B,00,00,00,00,00,00,FF
102351,9669,0xCF00400,1,8,FF,FF,FF,D4,71,FF,FF,FF
102352,9670,0xCFF6600,1,8,3A,0E,FF,FF,FF,FF,FF,FF
102372,9671,0xCF00400,1,8,FF,FF,FF,84,70,FF,FF,FF
102372,9672,0xCFF6600,1,8,10,0E,FF,FF,FF,FF,FF,FF
102392,9673,0xCF00400,1,8,FF,FF,FF,78,6F,FF,FF,FF
102392,9674,0xCFF6600,1,8,EF,0D,FF,FF,FF,FF,FF,FF
102427,9675,0xCF00400,1,8,FF,FF,FF,82,6E,FF,FF,FF
102427,9676,0xCFF6600,1,8,D0,0D,FF,FF,FF,FF,FF,FF
102430,9677,0x18EEFF00,1,8,08,CF,60,06,00,00,00,00
102432,9678,0xCF00400,1,8,FF,FF,FF,EA,6C,FF,FF,FF
102432,9679,0xCFF6600,1,8,9D,0D,FF,FF,FF,FF,FF,FF
102442,9680,0x18FEF100,1,8,3F,00,00,FF,FF,FF,FF,FF
102442,9681,0x10FF6500,1,8,FC,FF,FF,FF,FF,FF,FF,FF
102443,9682,0x18F00500,1,8,FF,FF,FF,FF,20,2D,FF,FF
102443,9683,0x18F00600,1,8,FF,FF,FF,FF,FF,FF,FF,FF
102444,9684,0x18FEF200,1,8,3B,00,00,00,00,00,00,FF
102445,9685,0x1CFDDF00,1,8,FE,FF,FF,FF,FF,FF,FF,FF
102445,9686,0x1CFF6A00,1,8,FC,FF,FF,FF,FF,FF,FF,FF
102454,9687,0xCF00400,1,8,FF,FF,FF,40,6C,FF,FF,FF
102455,9688,0xCFF6600,1,8,88,0D,FF,FF,FF,FF,FF,FF
102471,9689,0xCF00400,1,8,FF,FF,FF,96,6B,FF,FF,FF
102472,9690,0xCFF6600,1,8,72,0D,FF,FF,FF,FF,FF,FF
102491,9691,0xCF00400,1,8,FF,FF,FF,F0,6A,FF,FF,FF
102492,9692,0xCFF6600,1,8,5E,0D,FF,FF,FF,FF,FF,FF
102511,9693,0xCF00400,1,8,FF,FF,FF,68,6A,FF,FF,FF
102512,9694,0xCFF6600,1,8,4D,0D,FF,FF,FF,FF,FF,FF
102544,9695,0xCF00400,1,8,FF,FF,FF,04,6A,FF,FF,FF
102545,9696,0xCFF6600,1,8,40,0D,FF,FF,FF,FF,FF,FF
102553,9697,0x18EEFF00,1,8,08,CF,60,06,00,00,00,00
102572,9698,0xCF00400,1,8,FF,FF,FF,C4,6C,FF,FF,FF
102573,9699,0xCFF6600,1,8,98,0D,FF,FF,FF,FF,FF,FF
102591,9700,0xCF00400,1,8,FF,FF,FF,0A,6F,FF,FF,FF
102592,9701,0xCFF6600,1,8,E1,0D,FF,FF,FF,FF,FF,FF
102611,9702,0xCF00400,1,8,FF,FF,FF,66,71,FF,FF,FF
102612,9703,0xCFF6600,1,8,2C,0E,FF,FF,FF,FF,FF,FF
102631,9704,0xCF00400,1,8,FF,FF,FF,0A,74,FF,FF,FF
102653,9705,0xCF00400,1,8,FF,FF,FF,C6,7A,FF,FF,FF
102653,9706,0xCFF6600,1,8,81,0E,FF,FF,FF,FF,FF,FF
102654,9707,0x18F00500,1,8,FF,FF,FF,FF,20,2D,FF,FF
102655,9708,0x18FEF100,1,8,3F,00,00,FF,FF,FF,FF,FF
102655,9709,0x18FEF200,1,8,3B,00,00,00,00,00,48,FF
102672,9710,0xCF00400,1,8,FF,FF,FF,3E,7E,FF,FF,FF
102673,9711,0xCFF6600,1,8,C7,0F,FF,FF,FF,FF,FF,FF
102693,9712,0xCF00400,1,8,FF,FF,FF,D2,81,FF,FF,FF
102694,9713,0xCFF6600,1,8,3A,10,FF,FF,FF,FF,FF,FF
102711,9714,0xCF00400,1,8,FF,FF,FF,02,8A,FF,FF,FF
102712,9715,0xCFF6600,1,8,40,11,FF,FF,FF,FF,FF,FF
102731,9716,0xCF00400,1,8,FF,FF,FF,26,8E,FF,FF,FF
102732,9717,0xCFF6600,1,8,C4,11,FF,FF,FF,FF,FF,FF
102742,9718,0x18FEF100,1,8,3F,00,00,FF,FF,FF,FF,FF
102742,9719,0x18F00500,1,8,FF,FF,FF,FF,20,2D,FF,FF
102743,9720,0x10FF6500,1,8,FC,FF,FF,FF,FF,FF,FF,FF
102744,9721,0x18FEF200,1,8,3B,00,00,00,00,00,80,FF
102752,9722,0xCF00400,1,8,FF,FF,FF,5E,96,FF,FF,FF
102771,9723,0xCFF6600,1,8,CB,12,FF,FF,FF,FF,FF,FF
102771,9724,0x18EEFF00,1,8,08,CF,60,06,00,00,00,00
102791,9725,0xCF00400,1,8,FF,FF,FF,18,A8,FF,FF,FF
102792,9726,0xCFF6600,1,8,03,15,FF,FF,FF,FF,FF,FF
102811,9727,0xCF00400,1,8,FF,FF,FF,5E,B0,FF,FF,FF
102812,9728,0xCFF6600,1,8,0B,16,FF,FF,FF,FF,FF,FF
102831,9729,0xCF00400,1,8,FF,FF,FF,64,B3,FF,FF,FF
102832,9730,0xCFF6600,1,8,6C,16,FF,FF,FF,FF,FF,FF
102842,9731,0x18F00500,1,8,FF,FF,FF,FF,20,2D,FF,FF
102842,9732,0x18FEF100,1,8,3F,00,00,FF,FF,FF,FF,FF
102843,9733,0x18FEF200,1,8,3B,00,00,00,00,00,00,FF
102854,9734,0xCF00400,1,8,FF,FF,FF,CA,B2,FF,FF,FF
102854,9735,0xCFF6600,1,8,59,16,FF,FF,FF,FF,FF,FF
102872,9736,0xCF00400,1,8,FF,FF,FF,F0,AF,FF,FF,FF
102872,9737,0xCFF6600,1,8,FE,15,FF,FF,FF,FF,FF,FF
102892,9738,0xCF00400,1,8,FF,FF,FF,00,AD,FF,FF,FF
102893,9739,0xCFF6600,1,8,A0,15,FF,FF,FF,FF,FF,FF
102905,9740,0x18FDE500,1,8,0A,14,1E,28,32,3C,46,13
102906,9741,0x18FEEE00,1,8,67,FF,FF,FF,FF,FF,FF,FF
102912,9742,0xCF00400,1,8,FF,FF,FF,D6,AA,FF,FF,FF
102912,9743,0xCFF6600,1,8,5A,15,FF,FF,FF,FF,FF,FF
102921,9744,0x1CECFF00,1,8,20,0A,00,02,FF,CA,FE,00
102931,9745,0xCF00400,1,8,FF,FF,FF,EE,A8,FF,FF,FF
102932,9746,0xCFF6600,1,8,1D,15,FF,FF,FF,FF,FF,FF
102944,9747,0x10FF6500,1,8,FC,FF,FF,FF,FF,FF,FF,FF
102945,9748,0x18F00500,1,8,FF,FF,FF,FF,20,2D,FF,FF
102946,9749,0x18FEF100,1,8,3F,00,00,FF,FF,FF,FF,FF
102946,9750,0x18FEF200,1,8,38,00,00,00,00,00,00,FF
102951,9751,0xCF00400,1,8,FF,FF,FF,D8,A7,FF,FF,FF
102952,9752,0xCFF6600,1,8,FB,14,FF,FF,FF,FF,FF,FF
102972,9753,0xCF00400,1,8,FF,FF,FF,8C,A5,FF,FF,FF
102973,9754,0xCFF6600,1,8,B1,14,FF,FF,FF,FF,FF,FF
102973,9755,0x1CEBFF00,1,8,01,40,FF,0F,F0,E5,01,02
102992,9756,0xCF00400,1,8,FF,FF,FF,70,A3,FF,FF,FF
102993,9757,0xCFF6600,1,8,6E,14,FF,FF,FF,FF,FF,FF
103011,9758,0xCF00400,1,8,FF,FF,FF,B8,A1,FF,FF,FF
103012,9759,0xCFF6600,1,8,37,14,FF,FF,FF,FF,FF,FF
103021,9760,0x1CEBFF00,1,8,02,F0,E3,01,FF,FF,FF,FF
103031,9761,0xCF00400,1,8,FF,FF,FF,46,A1,FF,FF,FF
103032,9762,0xCFF6600,1,8,28,14,FF,FF,FF,FF,FF,FF
103042,9763,0x18FEF100,1,8,3F,00,00,FF,FF,FF,FF,FF
103042,9764,0x18F00500,1,8,FF,FF,FF,FF,20,2D,FF,FF
103044,9765,0x18F00600,1,8,FF,FF,FF,FF,FF,FF,FF,FF
103045,9766,0x18FEF200,1,8,38,00,00,00,00,00,00,FF
103045,9767,0x1CFDDF00,1,8,FE,FF,FF,FF,FF,FF,FF,FF
103046,9768,0x1CFF6A00,1,8,FC,FF,FF,FF,FF,FF,FF,FF
103051,9769,0xCF00400,1,8,FF,FF,FF,70,9F,FF,FF,FF
103053,9770,0xCFF6600,1,8,EE,13,FF,FF,FF,FF,FF,FF
103075,9771,0xCF00400,1,8,FF,FF,FF,DC,9C,FF,FF,FF
103075,9772,0xCFF6600,1,8,9B,13,FF,FF,FF,FF,FF,FF
103091,9773,0xCF00400,1,8,FF,FF,FF,A2,9B,FF,FF,FF
103092,9774,0xCFF6600,1,8,74,13,FF,FF,FF,FF,FF,FF
103111,9775,0xCF00400,1,8,FF,FF,FF,CA,99,FF,FF,FF
103112,9776,0xCFF6600,1,8,39,13,FF,FF,FF,FF,FF,FF
103148,9777,0xCF00400,1,8,FF,FF,FF,5A,98,FF,FF,FF
103169,9778,0xCFF6600,1,8,0B,13,FF,FF,FF,FF,FF,FF
103169,9779,0x18EEFF00,1,8,08,CF,60,06,00,00,00,00
103171,9780,0xCF00400,1,8,FF,FF,FF,F2,95,FF,FF,FF
103172,9781,0xCFF6600,1,8,BE,12,FF,FF,FF,FF,FF,FF
103191,9782,0xCF00400,1,8,FF,FF,FF,0E,95,FF,FF,FF
103192,9783,0xCFF6600,1,8,A1,12,FF,FF,FF,FF,FF,FF
103211,9784,0xCF00400,1,8,FF,FF,FF,CA,93,FF,FF,FF
103212,9785,0xCFF6600,1,8,79,12,FF,FF,FF,FF,FF,FF
103232,9786,0xCF00400,1,8,FF,FF,FF,94,91,FF,FF,FF
103233,9787,0xCFF6600,1,8,32,12,FF,FF,FF,FF,FF,FF
103242,9788,0x10FF6500,1,8,FC,FF,FF,FF,FF,FF,FF,FF
103243,9789,0x18F00500,1,8,FF,FF,FF,FF,20,2D,FF,FF
103243,9790,0x18FEF100,1,8,3F,00,00,FF,FF,FF,FF,FF
103244,9791,0x18FEF200,1,8,38,00,00,00,00,00,00,FF
103252,9792,0xCF00400,1,8,FF,FF,FF,AC,90,FF,FF,FF
103252,9793,0xCFF6600,1,8,15,12,FF,FF,FF,FF,FF,FF
103272,9794,0xCF00400,1,8,FF,FF,FF,2A,90,FF,FF,FF
103276,9795,0xCFF6600,1,8,05,12,FF,FF,FF,FF,FF,FF
103291,9796,0xCF00400,1,8,FF,FF,FF,56,8F,FF,FF,FF
103292,9797,0xCFF6600,1,8,EA,11,FF,FF,FF,FF,FF,FF
103311,9798,0xCF00400,1,8,FF,FF,FF,30,8D,FF,FF,FF
103312,9799,0xCFF6600,1,8,A6,11,FF,FF,FF,FF,FF,FF
103331,9800,0xCF00400,1,8,FF,FF,FF,20,8D,FF,FF,FF
103345,9801,0xCFF6600,1,8,A4,11,FF,FF,FF,FF,FF,FF
103350,9802,0x18EEFF00,1,8,08,CF,60,06,00,00,00,00
103351,9803,0xCF00400,1,8,FF,FF,FF,E8,8A,FF,FF,FF
103352,9804,0xCFF6600,1,8,5D,11,FF,FF,FF,FF,FF,FF
103372,9805,0xCF00400,1,8,FF,FF,FF,D0,89,FF,FF,FF
103372,9806,0xCFF6600,1,8,3A,11,FF,FF,FF,FF,FF,FF
103392,9807,0xCF00400,1,8,FF,FF,FF,B8,88,FF,FF,FF
103392,9808,0xCFF6600,1,8,17,11,FF,FF,FF,FF,FF,FF
103412,9809,0xCF00400,1,8,FF,FF,FF,34,88,FF,FF,FF
103433,9810,0xCF00400,1,8,FF,FF,FF,AC,87,FF,FF,FF
103433,9811,0xCFF6600,1,8,06,11,FF,FF,FF,FF,FF,FF
103442,9812,0x18F00500,1,8,FF,FF,FF,FF,20,2D,FF,FF
103443,9813,0x18FEF100,1,8,3F,00,00,FF,FF,FF,FF,FF
103443,9814,0x18FEF200,1,8,38,00,00,00,00,00,00,FF
103452,9815,0xCF00400,1,8,FF,FF,FF,6A,86,FF,FF,FF
103452,9816,0xCFF6600,1,8,CD,10,FF,FF,FF,FF,FF,FF
103472,9817,0xCF00400,1,8,FF,FF,FF,92,85,FF,FF,FF
103473,9818,0xCFF6600,1,8,B2,10,FF,FF,FF,FF,FF,FF
103491,9819,0xCF00400,1,8,FF,FF,FF,7E,83,FF,FF,FF
103492,9820,0xCFF6600,1,8,6F,10,FF,FF,FF,FF,FF,FF
103512,9821,0xCF00400,1,8,FF,FF,FF,C4,82,FF,FF,FF
103512,9822,0xCFF6600,1,8,58,10,FF,FF,FF,FF,FF,FF
103532,9823,0xCF00400,1,8,FF,FF,FF,5A,82,FF,FF,FF
103532,9824,0xCFF6600,1,8,4B,10,FF,FF,FF,FF,FF,FF
103542,9825,0x10FF6500,1,8,FC,FF,FF,FF,FF,FF,FF,FF
103543,9826,0x18F00500,1,8,FF,FF,FF,FF,20,2D,FF,FF
103543,9827,0x18FEF100,1,8,3F,00,00,FF,FF,FF,FF,FF
103544,9828,0x18FEF200,1,8,38,00,00,00,00,00,00,FF
103553,9829,0xCF00400,1,8,FF,FF,FF,70,80,FF,FF,FF
103554,9830,0xCFF6600,1,8,0E,10,FF,FF,FF,FF,FF,FF
103572,9831,0xCF00400,1,8,FF,FF,FF,7E,7F,FF,FF,FF
103573,9832,0xCFF6600,1,8,EF,0F,FF,FF,FF,FF,FF,FF
103592,9833,0xCF00400,1,8,FF,FF,FF,CC,7E,FF,FF,FF
103613,9834,0xCF00400,1,8,FF,FF,FF,98,7C,FF,FF,FF
103614,9835,0xCFF6600,1,8,D9,0F,FF,FF,FF,FF,FF,FF
103632,9836,0xCF00400,1,8,FF,FF,FF,B2,7B,FF,FF,FF
103632,9837,0xCFF6600,1,8,76,0F,FF,FF,FF,FF,FF,FF
103643,9838,0x18F00500,1,8,FF,FF,FF,FF,20,2D,FF,FF
103644,9839,0x18FEF100,1,8,3F,00,00,FF,FF,FF,FF,FF
103644,9840,0x18FEF200,1,8,38,00,00,00,00,00,00,FF
103651,9841,0xCF00400,1,8,FF,FF,FF,20,7B,FF,FF,FF
103652,9842,0xCFF6600,1,8,64,0F,FF,FF,FF,FF,FF,FF
103671,9843,0xCF00400,1,8,FF,FF,FF,90,78,FF,FF,FF
103672,9844,0xCFF6600,1,8,12,0F,FF,FF,FF,FF,FF,FF
103691,9845,0xCF00400,1,8,FF,FF,FF,36,77,FF,FF,FF
103692,9846,0xCFF6600,1,8,E6,0E,FF,FF,FF,FF,FF,FF
103711,9847,0xCF00400,1,8,FF,FF,FF,30,76,FF,FF,FF
103712,9848,0xCFF6600,1,8,C6,0E,FF,FF,FF,FF,FF,FF
103731,9849,0xCF00400,1,8,FF,FF,FF,0E,75,FF,FF,FF
103732,9850,0xCFF6600,1,8,A1,0E,FF,FF,FF,FF,FF,FF
103742,9851,0x18FEF100,1,8,3F,00,00,FF,FF,FF,FF,FF
103743,9852,0x10FF6500,1,8,FC,FF,FF,FF,FF,FF,FF,FF
103743,9853,0x18F00500,1,8,FF,FF,FF,FF,20,2D,FF,FF
103744,9854,0x18F00600,1,8,FF,FF,FF,FF,FF,FF,FF,FF
103745,9855,0x18FEF200,1,8,38,00,00,00,00,00,00,FF
103745,9856,0x1CFDDF00,1,8,FE,FF,FF,FF,FF,FF,FF,FF
103746,9857,0x1CFF6A00,1,8,FC,FF,FF,FF,FF,FF,FF,FF
103751,9858,0xCF00400,1,8,FF,FF,FF,86,72,FF,FF,FF
103752,9859,0xCFF6600,1,8,50,0E,FF,FF,FF,FF,FF,FF
103771,9860,0xCF00400,1,8,FF,FF,FF,42,71,FF,FF,FF
103772,9861,0xCFF6600,1,8,28,0E,FF,FF,FF,FF,FF,FF
103791,9862,0xCF00400,1,8,FF,FF,FF,62,70,FF,FF,FF
103792,9863,0xCFF6600,1,8,0C,0E,FF,FF,FF,FF,FF,FF
103811,9864,0xCF00400,1,8,FF,FF,FF,E0,6F,FF,FF,FF
103837,9865,0xCFF6600,1,8,FC,0D,FF,FF,FF,FF,FF,FF
103838,9866,0x18EEFF00,1,8,08,CF,60,06,00,00,00,00
103842,9867,0x18FEF100,1,8,3F,00,00,FF,FF,FF,FF,FF
103843,9868,0x18F00500,1,8,FF,FF,FF,FF,20,2D,FF,FF
103843,9869,0x18FEF200,1,8,38,00,00,00,00,00,00,FF
103851,9870,0xCF00400,1,8,FF,FF,FF,26,6D,FF,FF,FF
103852,9871,0xCFF6600,1,8,A4,0D,FF,FF,FF,FF,FF,FF
103871,9872,0xCF00400,1,8,FF,FF,FF,90,6C,FF,FF,FF
103872,9873,0xCFF6600,1,8,92,0D,FF,FF,FF,FF,FF,FF
103892,9874,0xCF00400,1,8,FF,FF,FF,C0,6B,FF,FF,FF
103893,9875,0xCFF6600,1,8,78,0D,FF,FF,FF,FF,FF,FF
103901,9876,0x18FDE500,1,8,0A,14,1E,28,32,3C,46,13
103902,9877,0x18FEEE00,1,8,68,FF,FF,FF,FF,FF,FF,FF
103911,9878,0xCF00400,1,8,FF,FF,FF,B0,6A,FF,FF,FF
103912,9879,0xCFF6600,1,8,56,0D,FF,FF,FF,FF,FF,FF
103922,9880,0x1CECFF00,1,8,20,0A,00,02,FF,CA,FE,00
103934,9881,0xCF00400,1,8,FF,FF,FF,D8,69,FF,FF,FF
103934,9882,0xCFF6600,1,8,3B,0D,FF,FF,FF,FF,FF,FF
103942,9883,0x18F00500,1,8,FF,FF,FF,FF,20,2D,FF,FF
103943,9884,0x10FF6500,1,8,FC,FF,FF,FF,FF,FF,FF,FF
103944,9885,0x18FEF100,1,8,3F,00,00,FF,FF,FF,FF,FF
103945,9886,0x18FEF200,1,8,21,00,00,00,00,00,00,FF
103951,9887,0xCF00400,1,8,FF,FF,FF,38,69,FF,FF,FF
103952,9888,0xCFF6600,1,8,27,0D,FF,FF,FF,FF,FF,FF
103971,9889,0xCF00400,1,8,FF,FF,FF,6E,68,FF,FF,FF
103972,9890,0xCFF6600,1,8,0D,0D,FF,FF,FF,FF,FF,FF
103972,9891,0x1CEBFF00,1,8,01,40,FF,0F,F0,E5,01,02
103991,9892,0xCF00400,1,8,FF,FF,FF,80,67,FF,FF,FF
103992,9893,0xCFF6600,1,8,F0,0C,FF,FF,FF,FF,FF,FF
104013,9894,0xCF00400,1,8,FF,FF,FF,10,67,FF,FF,FF
104013,9895,0xCFF6600,1,8,E2,0C,FF,FF,FF,FF,FF,FF
104021,9896,0x1CEBFF00,1,8,02,F0,E3,01,FF,FF,FF,FF
104031,9897,0xCF00400,1,8,FF,FF,FF,FC,66,FF,FF,FF
104032,9898,0xCFF6600,1,8,DF,0C,FF,FF,FF,FF,FF,FF
104042,9899,0x18FEF100,1,8,3F,00,00,FF,FF,FF,FF,FF
104042,9900,0x18F00500,1,8,FF,FF,FF,FF,20,2D,FF,FF
104043,9901,0x18FEF200,1,8,21,00,00,00,00,00,00,FF
104052,9902,0xCF00400,1,8,FF,FF,FF,E0,66,FF,FF,FF
104052,9903,0xCFF6600,1,8,DC,0C,FF,FF,FF,FF,FF,FF
104071,9904,0xCF00400,1,8,FF,FF,FF,8E,66,FF,FF,FF
104072,9905,0xCFF6600,1,8,D1,0C,FF,FF,FF,FF,FF,FF
104093,9906,0xCF00400,1,8,FF,FF,FF,14,66,FF,FF,FF
104093,9907,0xCFF6600,1,8,C2,0C,FF,FF,FF,FF,FF,FF
104111,9908,0xCF00400,1,8,FF,FF,FF,B8,65,FF,FF,FF
104112,9909,0xCFF6600,1,8,B7,0C,FF,FF,FF,FF,FF,FF
104131,9910,0xCF00400,1,8,FF,FF,FF,78,65,FF,FF,FF
104132,9911,0xCFF6600,1,8,AF,0C,FF,FF,FF,FF,FF,FF
104143,9912,0x10FF6500,1,8,FC,FF,FF,FF,FF,FF,FF,FF
104143,9913,0x18F00500,1,8,FF,FF,FF,FF,20,2D,FF,FF
104144,9914,0x18FEF100,1,8,3F,00,00,FF,FF,FF,FF,FF
104145,9915,0x18FEF200,1,8,21,00,00,00,00,00,00,FF
104151,9916,0xCF00400,1,8,FF,FF,FF,C0,64,FF,FF,FF
104152,9917,0xCFF6600,1,8,98,0C,FF,FF,FF,FF,FF,FF
104173,9918,0xCF00400,1,8,FF,FF,FF,A4,63,FF,FF,FF
104174,9919,0xCFF6600,1,8,74,0C,FF,FF,FF,FF,FF,FF
104194,9920,0xCF00400,1,8,FF,FF,FF,D8,62,FF,FF,FF
104195,9921,0xCFF6600,1,8,5B,0C,FF,FF,FF,FF,FF,FF
104211,9922,0xCF00400,1,8,FF,FF,FF,4E,62,FF,FF,FF
104232,9923,0xCF00400,1,8,FF,FF,FF,24,62,FF,FF,FF
104232,9924,0xCFF6600,1,8,49,0C,FF,FF,FF,FF,FF,FF
104242,9925,0x18FEF100,1,8,3F,00,00,FF,FF,FF,FF,FF
104242,9926,0x18F00500,1,8,FF,FF,FF,FF,20,2D,FF,FF
104244,9927,0x18F00600,1,8,FF,FF,FF,FF,FF,FF,FF,FF
104244,9928,0x18FEF200,1,8,21,00,00,00,00,00,00,FF
104246,9929,0x1CFDDF00,1,8,FE,FF,FF,FF,FF,FF,FF,FF
104263,9930,0x18EEFF00,1,8,08,CF,60,06,00,00,00,00
104263,9931,0x1CFF6A00,1,8,FC,FF,FF,FF,FF,FF,FF,FF
104271,9932,0xCF00400,1,8,FF,FF,FF,20,62,FF,FF,FF
104272,9933,0xCFF6600,1,8,44,0C,FF,FF,FF,FF,FF,FF
104291,9934,0xCF00400,1,8,FF,FF,FF,C4,61,FF,FF,FF
104292,9935,0xCFF6600,1,8,38,0C,FF,FF,FF,FF,FF,FF
104311,9936,0xCF00400,1,8,FF,FF,FF,70,61,FF,FF,FF
104312,9937,0xCFF6600,1,8,2E,0C,FF,FF,FF,FF,FF,FF
104332,9938,0xCF00400,1,8,FF,FF,FF,24,61,FF,FF,FF
104333,9939,0xCFF6600,1,8,24,0C,FF,FF,FF,FF,FF,FF
104343,9940,0x10FF6500,1,8,FC,FF,FF,FF,FF,FF,FF,FF
104344,9941,0x18F00500,1,8,FF,FF,FF,FF,20,2D,FF,FF
104344,9942,0x18FEF100,1,8,3F,00,00,FF,FF,FF,FF,FF
104345,9943,0x18FEF200,1,8,21,00,00,00,00,00,00,FF
104352,9944,0xCF00400,1,8,FF,FF,FF,68,61,FF,FF,FF
104352,9945,0xCFF6600,1,8,2D,0C,FF,FF,FF,FF,FF,FF
104371,9946,0xCF00400,1,8,FF,FF,FF,66,61,FF,FF,FF
104372,9947,0xCFF6600,1,8,2C,0C,FF,FF,FF,FF,FF,FF
104391,9948,0xCF00400,1,8,FF,FF,FF,38,61,FF,FF,FF
104392,9949,0xCFF6600,1,8,27,0C,FF,FF,FF,FF,FF,FF
104411,9950,0xCF00400,1,8,FF,FF,FF,26,61,FF,FF,FF
104412,9951,0xCFF6600,1,8,24,0C,FF,FF,FF,FF,FF,FF
104432,9952,0xCF00400,1,8,FF,FF,FF,32,61,FF,FF,FF
104432,9953,0xCFF6600,1,8,26,0C,FF,FF,FF,FF,FF,FF
104442,9954,0x18F00500,1,8,FF,FF,FF,FF,20,2D,FF,FF
104464,9955,0xCF00400,1,8,FF,FF,FF,F0,60,FF,FF,FF
104464,9956,0xCFF6600,1,8,1E,0C,FF,FF,FF,FF,FF,FF
104465,9957,0x18FEF100,1,8,3F,00,00,FF,FF,FF,FF,FF
104466,9958,0x18FEF200,1,8,21,00,00,00,00,00,24,FF
104472,9959,0xCF00400,1,8,FF,FF,FF,9C,60,FF,FF,FF
104472,9960,0xCFF6600,1,8,13,0C,FF,FF,FF,FF,FF,FF
104492,9961,0xCF00400,1,8,FF,FF,FF,DE,61,FF,FF,FF
104492,9962,0xCFF6600,1,8,3B,0C,FF,FF,FF,FF,FF,FF
104512,9963,0xCF00400,1,8,FF,FF,FF,C2,64,FF,FF,FF
104512,9964,0xCFF6600,1,8,98,0C,FF,FF,FF,FF,FF,FF
104532,9965,0xCF00400,1,8,FF,FF,FF,26,68,FF,FF,FF
104532,9966,0xCFF6600,1,8,04,0D,FF,FF,FF,FF,FF,FF
104542,9967,0x10FF6500,1,8,FC,FF,FF,FF,FF,FF,FF,FF
104543,9968,0x18F00500,1,8,FF,FF,FF,FF,20,2D,FF,FF
104544,9969,0x18FEF100,1,8,3F,00,00,FF,FF,FF,FF,FF
104544,9970,0x18FEF200,1,8,21,00,00,00,00,00,4E,FF
104551,9971,0xCF00400,1,8,FF,FF,FF,12,6C,FF,FF,FF
104552,9972,0xCFF6600,1,8,82,0D,FF,FF,FF,FF,FF,FF
104572,9973,0xCF00400,1,8,FF,FF,FF,08,74,FF,FF,FF
104572,9974,0xCFF6600,1,8,81,0E,FF,FF,FF,FF,FF,FF
104592,9975,0xCF00400,1,8,FF,FF,FF,58,78,FF,FF,FF
104592,9976,0xCFF6600,1,8,0B,0F,FF,FF,FF,FF,FF,FF
104612,9977,0xCF00400,1,8,FF,FF,FF,C6,7C,FF,FF,FF
104613,9978,0xCFF6600,1,8,98,0F,FF,FF,FF,FF,FF,FF
104631,9979,0xCF00400,1,8,FF,FF,FF,B6,84,FF,FF,FF
104632,9980,0xCFF6600,1,8,96,10,FF,FF,FF,FF,FF,FF
104642,9981,0x18F00500,1,8,FF,FF,FF,FF,20,2D,FF,FF
104643,9982,0x18FEF100,1,8,3F,00,00,FF,FF,FF,FF,FF
104643,9983,0x18FEF200,1,8,21,00,00,00,00,00,5F,FF
104653,9984,0xCF00400,1,8,FF,FF,FF,BC,88,FF,FF,FF
104653,9985,0xCFF6600,1,8,17,11,FF,FF,FF,FF,FF,FF
104671,9986,0xCF00400,1,8,FF,FF,FF,82,90,FF,FF,FF
104672,9987,0xCFF6600,1,8,10,12,FF,FF,FF,FF,FF,FF
104691,9988,0xCF00400,1,8,FF,FF,FF,20,94,FF,FF,FF
104692,9989,0xCFF6600,1,8,84,12,FF,FF,FF,FF,FF,FF
104711,9990,0xCF00400,1,8,FF,FF,FF,BA,9B,FF,FF,FF
104712,9991,0xCFF6600,1,8,77,13,FF,FF,FF,FF,FF,FF
104731,9992,0xCF00400,1,8,FF,FF,FF,52,A3,FF,FF,FF
104732,9993,0xCFF6600,1,8,6A,14,FF,FF,FF,FF,FF,FF
104742,9994,0x18FEF100,1,8,3F,00,00,FF,FF,FF,FF,FF
104743,9995,0x10FF6500,1,8,FC,FF,FF,FF,FF,FF,FF,FF
104765,9996,0xCF00400,1,8,FF,FF,FF,02,AB,FF,FF,FF
104766,9997,0xCFF6600,1,8,60,15,FF,FF,FF,FF,FF,FF
104767,9998,0x18F00500,1,8,FF,FF,FF,FF,20,2D,FF,FF
104767,9999,0x18F00600,1,8,FF,FF,FF,FF,FF,FF,FF,FF
104768,10000,0x18FEF200,1,8,21,00,00,00,00,00,84,FF
104769,10001,0x1CFDDF00,1,8,FE,FF,FF,FF,FF,FF,FF,FF
104769,10002,0x1CFF6A00,1,8,FC,FF,FF,FF,FF,FF,FF,FF
104772,10003,0xCF00400,1,8,FF,FF,FF,74,B1,FF,FF,FF
104772,10004,0xCFF6600,1,8,2E,16,FF,FF,FF,FF,FF,FF
104791,10005,0xCF00400,1,8,FF,FF,FF,94,B4,FF,FF,FF
104792,10006,0xCFF6600,1,8,92,16,FF,FF,FF,FF,FF,FF
104812,10007,0xCF00400,1,8,FF,FF,FF,10,BE,FF,FF,FF
104812,10008,0xCFF6600,1,8,C2,17,FF,FF,FF,FF,FF,FF
104831,10009,0xCF00400,1,8,FF,FF,FF,2A,C4,FF,FF,FF
104832,10010,0xCFF6600,1,8,85,18,FF,FF,FF,FF,FF,FF
104842,10011,0x18F00500,1,8,FF,FF,FF,FF,20,2D,FF,FF
104843,10012,0x18FEF100,1,8,3F,00,00,FF,FF,FF,FF,FF
104843,10013,0x18FEF200,1,8,21,00,00,00,00,00,90,FF
104851,10014,0xCF00400,1,8,FF,FF,FF,00,CA,FF,FF,FF
104852,10015,0xCFF6600,1,8,40,19,FF,FF,FF,FF,FF,FF
104872,10016,0xCF00400,1,8,FF,FF,FF,DE,CF,FF,FF,FF
104872,10017,0xCFF6600,1,8,FB,19,FF,FF,FF,FF,FF,FF
104892,10018,0xCF00400,1,8,FF,FF,FF,E4,D5,FF,FF,FF
104892,10019,0xCFF6600,1,8,BC,1A,FF,FF,FF,FF,FF,FF
104901,10020,0x18FEEE00,1,8,68,FF,FF,FF,FF,FF,FF,FF
104901,10021,0x18FDE500,1,8,0A,14,1E,28,32,3C,46,13
104911,10022,0xCF00400,1,8,FF,FF,FF,1A,DE,FF,FF,FF
104912,10023,0xCFF6600,1,8,C3,1B,FF,FF,FF,FF,FF,FF
104921,10024,0x1CECFF00,1,8,20,0A,00,02,FF,CA,FE,00
104931,10025,0xCF00400,1,8,FF,FF,FF,E2,E2,FF,FF,FF
104932,10026,0xCFF6600,1,8,5C,1C,FF,FF,FF,FF,FF,FF
104942,10027,0x10FF6500,1,8,FC,FF,FF,FF,FF,FF,FF,FF
104943,10028,0x18F00500,1,8,FF,FF,FF,FF,20,2D,FF,FF
104943,10029,0x18FEF100,1,8,3F,00,00,FF,FF,FF,FF,FF
104944,10030,0x18FEF200,1,8,4F,00,00,00,00,00,87,FF
104951,10031,0xCF00400,1,8,FF,FF,FF,62,E9,FF,FF,FF
104952,10032,0xCFF6600,1,8,2C,1D,FF,FF,FF,FF,FF,FF
104973,10033,0xCF00400,1,8,FF,FF,FF,BE,EC,FF,FF,FF
104974,10034,0xCFF6600,1,8,97,1D,FF,FF,FF,FF,FF,FF
104974,10035,0x1CEBFF00,1,8,01,40,FF,0F,F0,E5,01,02
104992,10036,0xCF00400,1,8,FF,FF,FF,66,EF,FF,FF,FF
104992,10037,0xCFF6600,1,8,EC,1D,FF,FF,FF,FF,FF,FF
105011,10038,0xCF00400,1,8,FF,FF,FF,6A,EC,FF,FF,FF
105012,10039,0xCFF6600,1,8,8D,1D,FF,FF,FF,FF,FF,FF
105021,10040,0x1CEBFF00,1,8,02,F0,E3,01,FF,FF,FF,FF
105031,10041,0xCF00400,1,8,FF,FF,FF,0C,E8,FF,FF,FF
105052,10042,0xCFF6600,1,8,01,1D,FF,FF,FF,FF,FF,FF
105053,10043,0x18EEFF00,1,8,08,CF,60,06,00,00,00,00
105071,10044,0xCF00400,1,8,FF,FF,FF,E0,E4,FF,FF,FF
105072,10045,0xCFF6600,1,8,9C,1C,FF,FF,FF,FF,FF,FF
105091,10046,0xCF00400,1,8,FF,FF,FF,20,E4,FF,FF,FF
105092,10047,0xCFF6600,1,8,84,1C,FF,FF,FF,FF,FF,FF
105111,10048,0xCF00400,1,8,FF,FF,FF,6A,E1,FF,FF,FF
105112,10049,0xCFF6600,1,8,2D,1C,FF,FF,FF,FF,FF,FF
105133,10050,0xCF00400,1,8,FF,FF,FF,4A,DD,FF,FF,FF
105134,10051,0xCFF6600,1,8,A9,1B,FF,FF,FF,FF,FF,FF
105142,10052,0x18FEF100,1,8,3F,00,00,FF,FF,FF,FF,FF
105143,10053,0x18F00500,1,8,FF,FF,FF,FF,20,2D,FF,FF
105143,10054,0x18FEF200,1,8,4F,00,00,00,00,00,00,FF
105152,10055,0xCF00400,1,8,FF,FF,FF,8E,DA,FF,FF,FF
105172,10056,0xCF00400,1,8,FF,FF,FF,D6,D7,FF,FF,FF
105173,10057,0xCFF6600,1,8,51,1B,FF,FF,FF,FF,FF,FF
105192,10058,0xCF00400,1,8,FF,FF,FF,E2,D3,FF,FF,FF
105192,10059,0xCFF6600,1,8,7C,1A,FF,FF,FF,FF,FF,FF
105212,10060,0xCF00400,1,8,FF,FF,FF,4E,D1,FF,FF,FF
105212,10061,0xCFF6600,1,8,29,1A,FF,FF,FF,FF,FF,FF
105232,10062,0xCF00400,1,8,FF,FF,FF,A2,CE,FF,FF,FF
105232,10063,0xCFF6600,1,8,D4,19,FF,FF,FF,FF,FF,FF
105242,10064,0x10FF6500,1,8,FC,FF,FF,FF,FF,FF,FF,FF
105243,10065,0x18F00500,1,8,FF,FF,FF,FF,20,2D,FF,FF
105244,10066,0x18FEF100,1,8,3F,00,00,FF,FF,FF,FF,FF
105244,10067,0x18FEF200,1,8,4F,00,00,00,00,00,00,FF
105251,10068,0xCF00400,1,8,FF,FF,FF,60,CC,FF,FF,FF
105252,10069,0xCFF6600,1,8,8C,19,FF,FF,FF,FF,FF,FF
105271,10070,0xCF00400,1,8,FF,FF,FF,76,CA,FF,FF,FF
105272,10071,0xCFF6600,1,8,4E,19,FF,FF,FF,FF,FF,FF
105291,10072,0xCF00400,1,8,FF,FF,FF,D4,C7,FF,FF,FF
105293,10073,0xCFF6600,1,8,FA,18,FF,FF,FF,FF,FF,FF
105313,10074,0xCF00400,1,8,FF,FF,FF,C2,C3,FF,FF,FF
105314,10075,0xCFF6600,1,8,78,18,FF,FF,FF,FF,FF,FF
105332,10076,0xCF00400,1,8,FF,FF,FF,14,C1,FF,FF,FF
105332,10077,0xCFF6600,1,8,22,18,FF,FF,FF,FF,FF,FF
105342,10078,0x18F00500,1,8,FF,FF,FF,FF,20,2D,FF,FF
105343,10079,0x18F00600,1,8,FF,FF,FF,FF,FF,FF,FF,FF
105364,10080,0xCF00400,1,8,FF,FF,FF,02,BF,FF,FF,FF
105365,10081,0xCFF6600,1,8,E0,17,FF,FF,FF,FF,FF,FF
105365,10082,0x18FEF100,1,8,3F,00,00,FF,FF,FF,FF,FF
105366,10083,0x18FEF200,1,8,4F,00,00,00,00,00,00,FF
105367,10084,0x1CFDDF00,1,8,FE,FF,FF,FF,FF,FF,FF,FF
105367,10085,0x1CFF6A00,1,8,FC,FF,FF,FF,FF,FF,FF,FF
105371,10086,0xCF00400,1,8,FF,FF,FF,AA,BC,FF,FF,FF
105372,10087,0xCFF6600,1,8,95,17,FF,FF,FF,FF,FF,FF
105392,10088,0xCF00400,1,8,FF,FF,FF,1A,BA,FF,FF,FF
105392,10089,0xCFF6600,1,8,43,17,FF,FF,FF,FF,FF,FF
105412,10090,0xCF00400,1,8,FF,FF,FF,F6,B7,FF,FF,FF
105412,10091,0xCFF6600,1,8,FE,16,FF,FF,FF,FF,FF,FF
105432,10092,0xCF00400,1,8,FF,FF,FF,90,B5,FF,FF,FF
105432,10093,0xCFF6600,1,8,B2,16,FF,FF,FF,FF,FF,FF
105443,10094,0x10FF6500,1,8,FC,FF,FF,FF,FF,FF,FF,FF
105443,10095,0x18F00500,1,8,FF,FF,FF,FF,20,2D,FF,FF
105444,10096,0x18FEF100,1,8,3F,00,00,FF,FF,FF,FF,FF
105445,10097,0x18FEF200,1,8,4F,00,00,00,00,00,00,FF
105452,10098,0xCF00400,1,8,FF,FF,FF,68,B4,FF,FF,FF
105452,10099,0xCFF6600,1,8,8D,16,FF,FF,FF,FF,FF,FF
105471,10100,0xCF00400,1,8,FF,FF,FF,DC,B1,FF,FF,FF
105472,10101,0xCFF6600,1,8,3B,16,FF,FF,FF,FF,FF,FF
105492,10102,0xCF00400,1,8,FF,FF,FF,60,AF,FF,FF,FF
105492,10103,0xCFF6600,1,8,EC,15,FF,FF,FF,FF,FF,FF
105512,10104,0xCF00400,1,8,FF,FF,FF,4A,AD,FF,FF,FF
105513,10105,0xCFF6600,1,8,A9,15,FF,FF,FF,FF,FF,FF
105531,10106,0xCF00400,1,8,FF,FF,FF,14,AC,FF,FF,FF
105532,10107,0xCFF6600,1,8,82,15,FF,FF,FF,FF,FF,FF
105542,10108,0x18FEF100,1,8,3F,00,00,FF,FF,FF,FF,FF
105542,10109,0x18F00500,1,8,FF,FF,FF,FF,20,2D,FF,FF
105543,10110,0x18FEF200,1,8,4F,00,00,00,00,00,00,FF
105553,10111,0xCF00400,1,8,FF,FF,FF,14,AA,FF,FF,FF
105553,10112,0xCFF6600,1,8,42,15,FF,FF,FF,FF,FF,FF
105571,10113,0xCF00400,1,8,FF,FF,FF,0A,A9,FF,FF,FF
105572,10114,0xCFF6600,1,8,21,15,FF,FF,FF,FF,FF,FF
105592,10115,0xCF00400,1,8,FF,FF,FF,FE,A6,FF,FF,FF
105592,10116,0xCFF6600,1,8,DF,14,FF,FF,FF,FF,FF,FF
105612,10117,0xCF00400,1,8,FF,FF,FF,B8,A5,FF,FF,FF
105612,10118,0xCFF6600,1,8,B7,14,FF,FF,FF,FF,FF,FF
105632,10119,0xCF00400,1,8,FF,FF,FF,A4,A3,FF,FF,FF
105632,10120,0xCFF6600,1,8,74,14,FF,FF,FF,FF,FF,FF
105642,10121,0x10FF6500,1,8,FC,FF,FF,FF,FF,FF,FF,FF
105643,10122,0x18F00500,1,8,FF,FF,FF,FF,20,2D,FF,FF
105666,10123,0xCF00400,1,8,FF,FF,FF,8C,A2,FF,FF,FF
105666,10124,0xCFF6600,1,8,51,14,FF,FF,FF,FF,FF,FF
105667,10125,0x18FEF100,1,8,3F,00,00,FF,FF,FF,FF,FF
105667,10126,0x18FEF200,1,8,4F,00,00,00,00,00,00,FF
105671,10127,0xCF00400,1,8,FF,FF,FF,06,A1,FF,FF,FF
105672,10128,0xCFF6600,1,8,20,14,FF,FF,FF,FF,FF,FF
105691,10129,0xCF00400,1,8,FF,FF,FF,B4,9F,FF,FF,FF
105692,10130,0xCFF6600,1,8,F6,13,FF,FF,FF,FF,FF,FF
105711,10131,0xCF00400,1,8,FF,FF,FF,A6,9D,FF,FF,FF
105712,10132,0xCFF6600,1,8,B4,13,FF,FF,FF,FF,FF,FF
105731,10133,0xCF00400,1,8,FF,FF,FF,20,9D,FF,FF,FF
105732,10134,0xCFF6600,1,8,A4,13,FF,FF,FF,FF,FF,FF
105742,10135,0x18FEF100,1,8,3F,00,00,FF,FF,FF,FF,FF
105743,10136,0x18F00500,1,8,FF,FF,FF,FF,20,2D,FF,FF
105743,10137,0x18FEF200,1,8,4F,00,00,00,00,00,00,FF
105767,10138,0xCF00400,1,8,FF,FF,FF,5A,9B,FF,FF,FF
105768,10139,0xCFF6600,1,8,6B,13,FF,FF,FF,FF,FF,FF
105770,10140,0x18EEFF00,1,8,08,CF,60,06,00,00,00,00
105772,10141,0xCF00400,1,8,FF,FF,FF,A8,99,FF,FF,FF
105772,10142,0xCFF6600,1,8,35,13,FF,FF,FF,FF,FF,FF
105791,10143,0xCF00400,1,8,FF,FF,FF,D2,98,FF,FF,FF
105792,10144,0xCFF6600,1,8,1A,13,FF,FF,FF,FF,FF,FF
105811,10145,0xCF00400,1,8,FF,FF,FF,22,97,FF,FF,FF
105812,10146,0xCFF6600,1,8,E4,12,FF,FF,FF,FF,FF,FF
105831,10147,0xCF00400,1,8,FF,FF,FF,6E,96,FF,FF,FF
105832,10148,0xCFF6600,1,8,CD,12,FF,FF,FF,FF,FF,FF
105842,10149,0x18FEF100,1,8,3F,00,00,FF,FF,FF,FF,FF
105842,10150,0x10FF6500,1,8,FC,FF,FF,FF,FF,FF,FF,FF
105843,10151,0x18F00500,1,8,FF,FF,FF,FF,20,2D,FF,FF
105844,10152,0x18F00600,1,8,FF,FF,FF,FF,FF,FF,FF,FF
105844,10153,0x18FEF200,1,8,4F,00,00,00,00,00,00,FF
105845,10154,0x1CFDDF00,1,8,FE,FF,FF,FF,FF,FF,FF,FF
105846,10155,0x1CFF6A00,1,8,FC,FF,FF,FF,FF,FF,FF,FF
105851,10156,0xCF00400,1,8,FF,FF,FF,DA,94,FF,FF,FF
105852,10157,0xCFF6600,1,8,9B,12,FF,FF,FF,FF,FF,FF
105891,10158,0xCF00400,1,8,FF,FF,FF,FC,93,FF,FF,FF
105892,10159,0xCFF6600,1,8,7F,12,FF,FF,FF,FF,FF,FF
105901,10160,0x18FEEE00,1,8,69,FF,FF,FF,FF,FF,FF,FF
105901,10161,0x18FDE500,1,8,0A,14,1E,28,32,3C,46,13
105911,10162,0xCF00400,1,8,FF,FF,FF,E8,90,FF,FF,FF
105912,10163,0xCFF6600,1,8,1D,12,FF,FF,FF,FF,FF,FF
105921,10164,0x1CECFF00,1,8,20,0A,00,02,FF,CA,FE,00
105931,10165,0xCF00400,1,8,FF,FF,FF,38,90,FF,FF,FF
105932,10166,0xCFF6600,1,8,07,12,FF,FF,FF,FF,FF,FF
105942,10167,0x18FEF100,1,8,3F,00,00,FF,FF,FF,FF,FF
105943,10168,0x18F00500,1,8,FF,FF,FF,FF,20,2D,FF,FF
105943,10169,0x18FEF200,1,8,37,00,00,00,00,00,00,FF
105951,10170,0xCF00400,1,8,FF,FF,FF,E0,8E,FF,FF,FF
105952,10171,0xCFF6600,1,8,DC,11,FF,FF,FF,FF,FF,FF
105971,10172,0xCF00400,1,8,FF,FF,FF,0E,8E,FF,FF,FF
105992,10173,0xCF00400,1,8,FF,FF,FF,2C,8C,FF,FF,FF
105993,10174,0xCFF6600,1,8,C1,11,FF,FF,FF,FF,FF,FF
105994,10175,0x1CEBFF00,1,8,01,40,FF,0F,F0,E5,01,02
106012,10176,0xCF00400,1,8,FF,FF,FF,6C,8B,FF,FF,FF
106012,10177,0xCFF6600,1,8,6D,11,FF,FF,FF,FF,FF,FF
106021,10178,0x1CEBFF00,1,8,02,F0,E3,01,FF,FF,FF,FF
106032,10179,0xCF00400,1,8,FF,FF,FF,FE,89,FF,FF,FF
106033,10180,0xCFF6600,1,8,3F,11,FF,FF,FF,FF,FF,FF
106042,10181,0x10FF6500,1,8,FC,FF,FF,FF,FF,FF,FF,FF
106043,10182,0x18F00500,1,8,FF,FF,FF,FF,20,2D,FF,FF
106044,10183,0x18FEF100,1,8,3F,00,00,FF,FF,FF,FF,FF
106044,10184,0x18FEF200,1,8,37,00,00,00,00,00,00,FF
106052,10185,0xCF00400,1,8,FF,FF,FF,30,89,FF,FF,FF
106052,10186,0xCFF6600,1,8,26,11,FF,FF,FF,FF,FF,FF
106072,10187,0xCF00400,1,8,FF,FF,FF,74,87,FF,FF,FF
106072,10188,0xCFF6600,1,8,EE,10,FF,FF,FF,FF,FF,FF
106091,10189,0xCF00400,1,8,FF,FF,FF,BE,86,FF,FF,FF
106092,10190,0xCFF6600,1,8,D7,10,FF,FF,FF,FF,FF,FF
106113,10191,0xCF00400,1,8,FF,FF,FF,EA,85,FF,FF,FF
106113,10192,0xCFF6600,1,8,BD,10,FF,FF,FF,FF,FF,FF
106131,10193,0xCF00400,1,8,FF,FF,FF,D8,83,FF,FF,FF
106132,10194,0xCFF6600,1,8,7B,10,FF,FF,FF,FF,FF,FF
106143,10195,0x18F00500,1,8,FF,FF,FF,FF,20,2D,FF,FF
106143,10196,0x18FEF100,1,8,3F,00,00,FF,FF,FF,FF,FF
106144,10197,0x18FEF200,1,8,37,00,00,00,00,00,00,FF
106151,10198,0xCF00400,1,8,FF,FF,FF,80,82,FF,FF,FF
106152,10199,0xCFF6600,1,8,50,10,FF,FF,FF,FF,FF,FF
106171,10200,0xCF00400,1,8,FF,FF,FF,2E,81,FF,FF,FF
106172,10201,0xCFF6600,1,8,25,10,FF,FF,FF,FF,FF,FF
106191,10202,0xCF00400,1,8,FF,FF,FF,BC,7E,FF,FF,FF
106192,10203,0xCFF6600,1,8,D7,0F,FF,FF,FF,FF,FF,FF
106213,10204,0xCF00400,1,8,FF,FF,FF,7E,7D,FF,FF,FF
106213,10205,0xCFF6600,1,8,AF,0F,FF,FF,FF,FF,FF,FF
106231,10206,0xCF00400,1,8,FF,FF,FF,4E,7C,FF,FF,FF
106232,10207,0xCFF6600,1,8,89,0F,FF,FF,FF,FF,FF,FF
106242,10208,0x18FEF100,1,8,3F,00,00,FF,FF,FF,FF,FF
106242,10209,0x10FF6500,1,8,FC,FF,FF,FF,FF,FF,FF,FF
106243,10210,0x18F00500,1,8,FF,FF,FF,FF,20,2D,FF,FF
106244,10211,0x18FEF200,1,8,37,00,00,00,00,00,00,FF
106253,10212,0xCF00400,1,8,FF,FF,FF,26,7A,FF,FF,FF
106254,10213,0xCFF6600,1,8,44,0F,FF,FF,FF,FF,FF,FF
106271,10214,0xCF00400,1,8,FF,FF,FF,24,79,FF,FF,FF
106272,10215,0xCFF6600,1,8,24,0F,FF,FF,FF,FF,FF,FF
106291,10216,0xCF00400,1,8,FF,FF,FF,00,78,FF,FF,FF
106292,10217,0xCFF6600,1,8,00,0F,FF,FF,FF,FF,FF,FF
106311,10218,0xCF00400,1,8,FF,FF,FF,22,75,FF,FF,FF
106312,10219,0xCFF6600,1,8,A4,0E,FF,FF,FF,FF,FF,FF
106331,10220,0xCF00400,1,8,FF,FF,FF,22,74,FF,FF,FF
106352,10221,0xCF00400,1,8,FF,FF,FF,16,73,FF,FF,FF
106353,10222,0xCFF6600,1,8,84,0E,FF,FF,FF,FF,FF,FF
106354,10223,0x18F00500,1,8,FF,FF,FF,FF,20,2D,FF,FF
106355,10224,0x18F00600,1,8,FF,FF,FF,FF,FF,FF,FF,FF
106355,10225,0x18FEF100,1,8,3F,00,00,FF,FF,FF,FF,FF
106356,10226,0x18FEF200,1,8,37,00,00,00,00,00,00,FF
106357,10227,0x1CFDDF00,1,8,FE,FF,FF,FF,FF,FF,FF,FF
106358,10228,0x1CFF6A00,1,8,FC,FF,FF,FF,FF,FF,FF,FF
106371,10229,0xCF00400,1,8,FF,FF,FF,F6,71,FF,FF,FF
106372,10230,0xCFF6600,1,8,3E,0E,FF,FF,FF,FF,FF,FF
106391,10231,0xCF00400,1,8,FF,FF,FF,CA,70,FF,FF,FF
106392,10232,0xCFF6600,1,8,19,0E,FF,FF,FF,FF,FF,FF
106412,10233,0xCF00400,1,8,FF,FF,FF,AC,6E,FF,FF,FF
106413,10234,0xCFF6600,1,8,D5,0D,FF,FF,FF,FF,FF,FF
106431,10235,0xCF00400,1,8,FF,FF,FF,2C,6E,FF,FF,FF
106433,10236,0xCFF6600,1,8,C5,0D,FF,FF,FF,FF,FF,FF
106442,10237,0x10FF6500,1,8,FC,FF,FF,FF,FF,FF,FF,FF
106443,10238,0x18F00500,1,8,FF,FF,FF,FF,20,2D,FF,FF
106443,10239,0x18FEF100,1,8,3F,00,00,FF,FF,FF,FF,FF
106444,10240,0x18FEF200,1,8,37,00,00,00,00,00,00,FF
106451,10241,0xCF00400,1,8,FF,FF,FF,B6,6D,FF,FF,FF
106452,10242,0xCFF6600,1,8,B6,0D,FF,FF,FF,FF,FF,FF
106472,10243,0xCF00400,1,8,FF,FF,FF,48,6D,FF,FF,FF
106498,10244,0xCFF6600,1,8,A9,0D,FF,FF,FF,FF,FF,FF
106498,10245,0x18EEFF00,1,8,08,CF,60,06,00,00,00,00
106511,10246,0xCF00400,1,8,FF,FF,FF,EA,6B,FF,FF,FF
106512,10247,0xCFF6600,1,8,7D,0D,FF,FF,FF,FF,FF,FF
106532,10248,0xCF00400,1,8,FF,FF,FF,3A,6B,FF,FF,FF
106532,10249,0xCFF6600,1,8,67,0D,FF,FF,FF,FF,FF,FF
106542,10250,0x18FEF100,1,8,3F,00,00,FF,FF,FF,FF,FF
106543,10251,0x18F00500,1,8,FF,FF,FF,FF,20,2D,FF,FF
106544,10252,0x18FEF200,1,8,37,00,00,00,00,00,00,FF
106551,10253,0xCF00400,1,8,FF,FF,FF,00,6A,FF,FF,FF
106552,10254,0xCFF6600,1,8,40,0D,FF,FF,FF,FF,FF,FF
106572,10255,0xCF00400,1,8,FF,FF,FF,8A,69,FF,FF,FF
106572,10256,0xCFF6600,1,8,31,0D,FF,FF,FF,FF,FF,FF
106591,10257,0xCF00400,1,8,FF,FF,FF,0C,69,FF,FF,FF
106592,10258,0xCFF6600,1,8,21,0D,FF,FF,FF,FF,FF,FF
106611,10259,0xCF00400,1,8,FF,FF,FF,8E,68,FF,FF,FF
106652,10260,0xCF00400,1,8,FF,FF,FF,76,68,FF,FF,FF
106652,10261,0xCFF6600,1,8,11,0D,FF,FF,FF,FF,FF,FF
106653,10262,0x18EEFF00,1,8,08,CF,60,06,00,00,00,00
106671,10263,0xCF00400,1,8,FF,FF,FF,16,6A,FF,FF,FF
106672,10264,0xCFF6600,1,8,42,0D,FF,FF,FF,FF,FF,FF
106692,10265,0xCF00400,1,8,FF,FF,FF,E6,6D,FF,FF,FF
106692,10266,0xCFF6600,1,8,BC,0D,FF,FF,FF,FF,FF,FF
106711,10267,0xCF00400,1,8,FF,FF,FF,84,6F,FF,FF,FF
106712,10268,0xCFF6600,1,8,F0,0D,FF,FF,FF,FF,FF,FF
106731,10269,0xCF00400,1,8,FF,FF,FF,B8,71,FF,FF,FF
106732,10270,0xCFF6600,1,8,37,0E,FF,FF,FF,FF,FF,FF
106742,10271,0x18FEF100,1,8,3F,00,00,FF,FF,FF,FF,FF
106743,10272,0x10FF6500,1,8,FC,FF,FF,FF,FF,FF,FF,FF
106743,10273,0x18F00500,1,8,FF,FF,FF,FF,20,2D,FF,FF
106744,10274,0x18FEF200,1,8,37,00,00,00,00,00,34,FF
106752,10275,0xCF00400,1,8,FF,FF,FF,54,74,FF,FF,FF
106752,10276,0xCFF6600,1,8,8A,0E,FF,FF,FF,FF,FF,FF
106772,10277,0xCF00400,1,8,FF,FF,FF,FE,77,FF,FF,FF
106772,10278,0xCFF6600,1,8,FF,0E,FF,FF,FF,FF,FF,FF
106792,10279,0xCF00400,1,8,FF,FF,FF,26,7A,FF,FF,FF
106792,10280,0xCFF6600,1,8,44,0F,FF,FF,FF,FF,FF,FF
106811,10281,0xCF00400,1,8,FF,FF,FF,AE,7C,FF,FF,FF
106812,10282,0xCFF6600,1,8,95,0F,FF,FF,FF,FF,FF,FF
106831,10283,0xCF00400,1,8,FF,FF,FF,C6,82,FF,FF,FF
106832,10284,0xCFF6600,1,8,58,10,FF,FF,FF,FF,FF,FF
106842,10285,0x18FEF100,1,8,3F,00,00,FF,FF,FF,FF,FF
106842,10286,0x18F00500,1,8,FF,FF,FF,FF,20,2D,FF,FF
106843,10287,0x18FEF200,1,8,37,00,00,00,00,00,48,FF
106854,10288,0xCF00400,1,8,FF,FF,FF,F8,85,FF,FF,FF
106855,10289,0xCFF6600,1,8,BF,10,FF,FF,FF,FF,FF,FF
106871,10290,0xCF00400,1,8,FF,FF,FF,80,8C,FF,FF,FF
106872,10291,0xCFF6600,1,8,90,11,FF,FF,FF,FF,FF,FF
106891,10292,0xCF00400,1,8,FF,FF,FF,DA,8F,FF,FF,FF
106892,10293,0xCFF6600,1,8,FB,11,FF,FF,FF,FF,FF,FF
106901,10294,0x18FDE500,1,8,0A,14,1E,28,32,3C,46,13
106924,10295,0xCF00400,1,8,FF,FF,FF,D8,95,FF,FF,FF
106925,10296,0xCFF6600,1,8,BB,12,FF,FF,FF,FF,FF,FF
106925,10297,0x18FEEE00,1,8,69,FF,FF,FF,FF,FF,FF,FF
106926,10298,0x1CECFF00,1,8,20,0A,00,02,FF,CA,FE,00
106979,10299,0xCF00400,1,8,FF,FF,FF,A8,98,FF,FF,FF
107000,10300,0xCFF6600,1,8,15,13,FF,FF,FF,FF,FF,FF
107000,10301,0x18EEFF00,1,8,08,CF,60,06,00,00,00,00
107012,10302,0xCF00400,1,8,FF,FF,FF,3E,AB,FF,FF,FF
107013,10303,0xCFF6600,1,8,67,15,FF,FF,FF,FF,FF,FF
107021,10304,0x1CEBFF00,1,8,01,40,FF,0F,F0,E5,01,02
107031,10305,0xCF00400,1,8,FF,FF,FF,6A,AD,FF,FF,FF
107032,10306,0xCFF6600,1,8,AD,15,FF,FF,FF,FF,FF,FF
107042,10307,0x18FEF100,1,8,3F,00,00,FF,FF,FF,FF,FF
107042,10308,0x10FF6500,1,8,FC,FF,FF,FF,FF,FF,FF,FF
107043,10309,0x18F00500,1,8,FF,FF,FF,FF,20,2D,FF,FF
107044,10310,0x18F00600,1,8,FF,FF,FF,FF,FF,FF,FF,FF
107044,10311,0x18FEF200,1,8,2C,00,00,00,00,00,4A,FF
107045,10312,0x1CFDDF00,1,8,FE,FF,FF,FF,FF,FF,FF,FF
107046,10313,0x1CFF6A00,1,8,FC,FF,FF,FF,FF,FF,FF,FF
107051,10314,0xCF00400,1,8,FF,FF,FF,7C,B1,FF,FF,FF
107052,10315,0xCFF6600,1,8,2F,16,FF,FF,FF,FF,FF,FF
107071,10316,0xCF00400,1,8,FF,FF,FF,AA,B5,FF,FF,FF
107072,10317,0xCFF6600,1,8,B5,16,FF,FF,FF,FF,FF,FF
107072,10318,0x1CEBFF00,1,8,02,F0,E3,01,FF,FF,FF,FF
107091,10319,0xCF00400,1,8,FF,FF,FF,AE,B9,FF,FF,FF
107092,10320,0xCFF6600,1,8,35,17,FF,FF,FF,FF,FF,FF
107111,10321,0xCF00400,1,8,FF,FF,FF,90,BD,FF,FF,FF
107112,10322,0xCFF6600,1,8,B2,17,FF,FF,FF,FF,FF,FF
107131,10323,0xCF00400,1,8,FF,FF,FF,50,C1,FF,FF,FF
107132,10324,0xCFF6600,1,8,2A,18,FF,FF,FF,FF,FF,FF
107144,10325,0x18F00500,1,8,FF,FF,FF,FF,20,2D,FF,FF
107145,10326,0x18FEF100,1,8,3F,00,00,FF,FF,FF,FF,FF
107146,10327,0x18FEF200,1,8,2C,00,00,00,00,00,4B,FF
107151,10328,0xCF00400,1,8,FF,FF,FF,DE,C4,FF,FF,FF
107152,10329,0xCFF6600,1,8,9B,18,FF,FF,FF,FF,FF,FF
107171,10330,0xCF00400,1,8,FF,FF,FF,B2,C9,FF,FF,FF
107172,10331,0xCFF6600,1,8,36,19,FF,FF,FF,FF,FF,FF
107191,10332,0xCF00400,1,8,FF,FF,FF,EA,CC,FF,FF,FF
107192,10333,0xCFF6600,1,8,9D,19,FF,FF,FF,FF,FF,FF
107213,10334,0xCF00400,1,8,FF,FF,FF,1A,D0,FF,FF,FF
107213,10335,0xCFF6600,1,8,03,1A,FF,FF,FF,FF,FF,FF
107231,10336,0xCF00400,1,8,FF,FF,FF,50,D3,FF,FF,FF
107232,10337,0xCFF6600,1,8,6A,1A,FF,FF,FF,FF,FF,FF
107243,10338,0x10FF6500,1,8,FC,FF,FF,FF,FF,FF,FF,FF
107243,10339,0x18F00500,1,8,FF,FF,FF,FF,20,2D,FF,FF
107244,10340,0x18FEF100,1,8,3F,00,00,FF,FF,FF,FF,FF
107245,10341,0x18FEF200,1,8,2C,00,00,00,00,00,49,FF
107251,10342,0xCF00400,1,8,FF,FF,FF,AA,D7,FF,FF,FF
107252,10343,0xCFF6600,1,8,F5,1A,FF,FF,FF,FF,FF,FF
107271,10344,0xCF00400,1,8,FF,FF,FF,E4,D9,FF,FF,FF
107272,10345,0xCFF6600,1,8,3C,1B,FF,FF,FF,FF,FF,FF
107291,10346,0xCF00400,1,8,FF,FF,FF,B4,DB,FF,FF,FF
107292,10347,0xCFF6600,1,8,76,1B,FF,FF,FF,FF,FF,FF
107312,10348,0xCF00400,1,8,FF,FF,FF,06,DD,FF,FF,FF
107313,10349,0xCFF6600,1,8,A0,1B,FF,FF,FF,FF,FF,FF
107333,10350,0xCF00400,1,8,FF,FF,FF,CA,DC,FF,FF,FF
107333,10351,0xCFF6600,1,8,99,1B,FF,FF,FF,FF,FF,FF
107342,10352,0x18FEF100,1,8,3F,00,00,FF,FF,FF,FF,FF
107342,10353,0x18F00500,1,8,FF,FF,FF,FF,20,2D,FF,FF
107343,10354,0x18FEF200,1,8,2C,00,00,00,00,00,05,FF
107352,10355,0xCF00400,1,8,FF,FF,FF,0A,DB,FF,FF,FF
107353,10356,0xCFF6600,1,8,61,1B,FF,FF,FF,FF,FF,FF
107372,10357,0xCF00400,1,8,FF,FF,FF,2A,D7,FF,FF,FF
107393,10358,0xCF00400,1,8,FF,FF,FF,6A,D4,FF,FF,FF
107393,10359,0xCFF6600,1,8,E5,1A,FF,FF,FF,FF,FF,FF
107412,10360,0xCF00400,1,8,FF,FF,FF,AE,D1,FF,FF,FF
107413,10361,0xCFF6600,1,8,35,1A,FF,FF,FF,FF,FF,FF
107431,10362,0xCF00400,1,8,FF,FF,FF,FE,CE,FF,FF,FF
107432,10363,0xCFF6600,1,8,DF,19,FF,FF,FF,FF,FF,FF
107442,10364,0x18FEF100,1,8,3F,00,00,FF,FF,FF,FF,FF
107442,10365,0x10FF6500,1,8,FC,FF,FF,FF,FF,FF,FF,FF
107443,10366,0x18F00500,1,8,FF,FF,FF,FF,20,2D,FF,FF
107444,10367,0x18FEF200,1,8,2C,00,00,00,00,00,00,FF
107451,10368,0xCF00400,1,8,FF,FF,FF,9A,CC,FF,FF,FF
107452,10369,0xCFF6600,1,8,93,19,FF,FF,FF,FF,FF,FF
107487,10370,0xCF00400,1,8,FF,FF,FF,8E,C8,FF,FF,FF
107488,10371,0xCFF6600,1,8,11,19,FF,FF,FF,FF,FF,FF
107490,10372,0x18EEFF00,1,8,08,CF,60,06,00,00,00,00
107491,10373,0xCF00400,1,8,FF,FF,FF,D2,C5,FF,FF,FF
107492,10374,0xCFF6600,1,8,BA,18,FF,FF,FF,FF,FF,FF
107511,10375,0xCF00400,1,8,FF,FF,FF,20,C3,FF,FF,FF
107512,10376,0xCFF6600,1,8,64,18,FF,FF,FF,FF,FF,FF
107531,10377,0xCF00400,1,8,FF,FF,FF,A4,C0,FF,FF,FF
107532,10378,0xCFF6600,1,8,14,18,FF,FF,FF,FF,FF,FF
107542,10379,0x18FEF100,1,8,3F,00,00,FF,FF,FF,FF,FF
107542,10380,0x18F00500,1,8,FF,FF,FF,FF,20,2D,FF,FF
107543,10381,0x18F00600,1,8,FF,FF,FF,FF,FF,FF,FF,FF
107544,10382,0x18FEF200,1,8,2C,00,00,00,00,00,00,FF
107544,10383,0x1CFDDF00,1,8,FE,FF,FF,FF,FF,FF,FF,FF
107545,10384,0x1CFF6A00,1,8,FC,FF,FF,FF,FF,FF,FF,FF
107551,10385,0xCF00400,1,8,FF,FF,FF,2E,BE,FF,FF,FF
107552,10386,0xCFF6600,1,8,C5,17,FF,FF,FF,FF,FF,FF
107571,10387,0xCF00400,1,8,FF,FF,FF,9C,BB,FF,FF,FF
107572,10388,0xCFF6600,1,8,73,17,FF,FF,FF,FF,FF,FF
107591,10389,0xCF00400,1,8,FF,FF,FF,62,B9,FF,FF,FF
107592,10390,0xCFF6600,1,8,2C,17,FF,FF,FF,FF,FF,FF
107611,10391,0xCF00400,1,8,FF,FF,FF,50,B7,FF,FF,FF
107616,10392,0xCFF6600,1,8,EA,16,FF,FF,FF,FF,FF,FF
107631,10393,0xCF00400,1,8,FF,FF,FF,74,B5,FF,FF,FF
107632,10394,0xCFF6600,1,8,AE,16,FF,FF,FF,FF,FF,FF
107642,10395,0x18FEF100,1,8,3F,00,00,FF,FF,FF,FF,FF
107642,10396,0x10FF6500,1,8,FC,FF,FF,FF,FF,FF,FF,FF
107643,10397,0x18F00500,1,8,FF,FF,FF,FF,20,2D,FF,FF
107644,10398,0x18FEF200,1,8,2C,00,00,00,00,00,00,FF
107651,10399,0xCF00400,1,8,FF,FF,FF,64,B3,FF,FF,FF
107652,10400,0xCFF6600,1,8,6C,16,FF,FF,FF,FF,FF,FF
107671,10401,0xCF00400,1,8,FF,FF,FF,C2,B1,FF,FF,FF
107693,10402,0xCF00400,1,8,FF,FF,FF,EE,B0,FF,FF,FF
107693,10403,0xCFF6600,1,8,38,16,FF,FF,FF,FF,FF,FF
107711,10404,0xCF00400,1,8,FF,FF,FF,32,AF,FF,FF,FF
107712,10405,0xCFF6600,1,8,E6,15,FF,FF,FF,FF,FF,FF
107731,10406,0xCF00400,1,8,FF,FF,FF,00,AD,FF,FF,FF
107732,10407,0xCFF6600,1,8,A0,15,FF,FF,FF,FF,FF,FF
107742,10408,0x18FEF100,1,8,3F,00,00,FF,FF,FF,FF,FF
107743,10409,0x18F00500,1,8,FF,FF,FF,FF,20,2D,FF,FF
107743,10410,0x18FEF200,1,8,2C,00,00,00,00,00,00,FF
107752,10411,0xCF00400,1,8,FF,FF,FF,6A,AB,FF,FF,FF
107752,10412,0xCFF6600,1,8,6D,15,FF,FF,FF,FF,FF,FF
107771,10413,0xCF00400,1,8,FF,FF,FF,8A,A9,FF,FF,FF
107772,10414,0xCFF6600,1,8,31,15,FF,FF,FF,FF,FF,FF
107792,10415,0xCF00400,1,8,FF,FF,FF,F6,A7,FF,FF,FF
107792,10416,0xCFF6600,1,8,FE,14,FF,FF,FF,FF,FF,FF
107811,10417,0xCF00400,1,8,FF,FF,FF,24,A7,FF,FF,FF
107812,10418,0xCFF6600,1,8,E4,14,FF,FF,FF,FF,FF,FF
107831,10419,0xCF00400,1,8,FF,FF,FF,5A,A5,FF,FF,FF
107832,10420,0xCFF6600,1,8,AB,14,FF,FF,FF,FF,FF,FF
107842,10421,0x18FEF100,1,8,3F,00,00,FF,FF,FF,FF,FF
107843,10422,0x10FF6500,1,8,FC,FF,FF,FF,FF,FF,FF,FF
107864,10423,0xCF00400,1,8,FF,FF,FF,D2,A3,FF,FF,FF
107865,10424,0xCFF6600,1,8,7A,14,FF,FF,FF,FF,FF,FF
107865,10425,0x18F00500,1,8,FF,FF,FF,FF,20,2D,FF,FF
107866,10426,0x18FEF200,1,8,2C,00,00,00,00,00,00,FF
107873,10427,0xCF00400,1,8,FF,FF,FF,FC,A1,FF,FF,FF
107873,10428,0xCFF6600,1,8,3F,14,FF,FF,FF,FF,FF,FF
107892,10429,0xCF00400,1,8,FF,FF,FF,46,A1,FF,FF,FF
107892,10430,0xCFF6600,1,8,28,14,FF,FF,FF,FF,FF,FF
107902,10431,0x18FDE500,1,8,0A,14,1E,28,32,3C,46,13
107903,10432,0x18FEEE00,1,8,69,FF,FF,FF,FF,FF,FF,FF
107911,10433,0xCF00400,1,8,FF,FF,FF,2E,9F,FF,FF,FF
107912,10434,0xCFF6600,1,8,E5,13,FF,FF,FF,FF,FF,FF
107921,10435,0x1CECFF00,1,8,20,0A,00,02,FF,CA,FE,00
107947,10436,0xCF00400,1,8,FF,FF,FF,02,9E,FF,FF,FF
107948,10437,0xCFF6600,1,8,C0,13,FF,FF,FF,FF,FF,FF
107950,10438,0x18EEFF00,1,8,08,CF,60,06,00,00,00,00
107951,10439,0xCF00400,1,8,FF,FF,FF,2A,9D,FF,FF,FF
107952,10440,0xCFF6600,1,8,A5,13,FF,FF,FF,FF,FF,FF
107971,10441,0xCF00400,1,8,FF,FF,FF,82,9A,FF,FF,FF
107972,10442,0xCFF6600,1,8,50,13,FF,FF,FF,FF,FF,FF
107972,10443,0x1CEBFF00,1,8,01,40,FF,0F,F0,E5,01,02
108018,10444,0xCF00400,1,8,FF,FF,FF,A8,98,FF,FF,FF
108039,10445,0xCFF6600,1,8,15,13,FF,FF,FF,FF,FF,FF
108040,10446,0x18EEFF00,1,8,08,CF,60,06,00,00,00,00
108042,10447,0x18FEF100,1,8,3F,00,00,FF,FF,FF,FF,FF
108043,10448,0x18F00500,1,8,FF,FF,FF,FF,20,2D,FF,FF
108044,10449,0x18FEF200,1,8,44,00,00,00,00,00,00,FF
108051,10450,0xCF00400,1,8,FF,FF,FF,2A,95,FF,FF,FF
108052,10451,0xCFF6600,1,8,A5,12,FF,FF,FF,FF,FF,FF
108071,10452,0xCF00400,1,8,FF,FF,FF,0E,94,FF,FF,FF
108072,10453,0xCFF6600,1,8,81,12,FF,FF,FF,FF,FF,FF
108072,10454,0x1CEBFF00,1,8,02,F0,E3,01,FF,FF,FF,FF
108092,10455,0xCF00400,1,8,FF,FF,FF,E4,92,FF,FF,FF
108093,10456,0xCFF6600,1,8,5C,12,FF,FF,FF,FF,FF,FF
108111,10457,0xCF00400,1,8,FF,FF,FF,2A,92,FF,FF,FF
108112,10458,0xCFF6600,1,8,45,12,FF,FF,FF,FF,FF,FF
108131,10459,0xCF00400,1,8,FF,FF,FF,6C,91,FF,FF,FF
108132,10460,0xCFF6600,1,8,2D,12,FF,FF,FF,FF,FF,FF
108142,10461,0x18FEF100,1,8,3F,00,00,FF,FF,FF,FF,FF
108143,10462,0x10FF6500,1,8,FC,FF,FF,FF,FF,FF,FF,FF
108143,10463,0x18F00500,1,8,FF,FF,FF,FF,20,2D,FF,FF
108145,10464,0x18F00600,1,8,FF,FF,FF,FF,FF,FF,FF,FF
108145,10465,0x18FEF200,1,8,44,00,00,00,00,00,00,FF
108146,10466,0x1CFDDF00,1,8,FE,FF,FF,FF,FF,FF,FF,FF
108167,10467,0xCF00400,1,8,FF,FF,FF,E6,90,FF,FF,FF
108169,10468,0xCFF6600,1,8,1C,12,FF,FF,FF,FF,FF,FF
108170,10469,0x1CFF6A00,1,8,FC,FF,FF,FF,FF,FF,FF,FF
108171,10470,0xCF00400,1,8,FF,FF,FF,6A,8F,FF,FF,FF
108172,10471,0xCFF6600,1,8,ED,11,FF,FF,FF,FF,FF,FF
108191,10472,0xCF00400,1,8,FF,FF,FF,B6,8E,FF,FF,FF
108192,10473,0xCFF6600,1,8,D6,11,FF,FF,FF,FF,FF,FF
108211,10474,0xCF00400,1,8,FF,FF,FF,6C,8D,FF,FF,FF
108212,10475,0xCFF6600,1,8,AD,11,FF,FF,FF,FF,FF,FF
108231,10476,0xCF00400,1,8,FF,FF,FF,B0,8C,FF,FF,FF
108232,10477,0xCFF6600,1,8,96,11,FF,FF,FF,FF,FF,FF
108242,10478,0x18F00500,1,8,FF,FF,FF,FF,20,2D,FF,FF
108242,10479,0x18FEF100,1,8,3F,00,00,FF,FF,FF,FF,FF
108243,10480,0x18FEF200,1,8,44,00,00,00,00,00,00,FF
108251,10481,0xCF00400,1,8,FF,FF,FF,08,8B,FF,FF,FF
108252,10482,0xCFF6600,1,8,61,11,FF,FF,FF,FF,FF,FF
108271,10483,0xCF00400,1,8,FF,FF,FF,30,8A,FF,FF,FF
108272,10484,0xCFF6600,1,8,46,11,FF,FF,FF,FF,FF,FF
108291,10485,0xCF00400,1,8,FF,FF,FF,1C,89,FF,FF,FF
108292,10486,0xCFF6600,1,8,23,11,FF,FF,FF,FF,FF,FF
108311,10487,0xCF00400,1,8,FF,FF,FF,8A,88,FF,FF,FF
108332,10488,0xCF00400,1,8,FF,FF,FF,E2,87,FF,FF,FF
108333,10489,0xCFF6600,1,8,11,11,FF,FF,FF,FF,FF,FF
108342,10490,0x18FEF100,1,8,3F,00,00,FF,FF,FF,FF,FF
108343,10491,0x10FF6500,1,8,FC,FF,FF,FF,FF,FF,FF,FF
108343,10492,0x18F00500,1,8,FF,FF,FF,FF,20,2D,FF,FF
108344,10493,0x18FEF200,1,8,44,00,00,00,00,00,00,FF
108352,10494,0xCF00400,1,8,FF,FF,FF,62,86,FF,FF,FF
108352,10495,0xCFF6600,1,8,CC,10,FF,FF,FF,FF,FF,FF
108371,10496,0xCF00400,1,8,FF,FF,FF,94,85,FF,FF,FF
108372,10497,0xCFF6600,1,8,B2,10,FF,FF,FF,FF,FF,FF
108392,10498,0xCF00400,1,8,FF,FF,FF,EE,83,FF,FF,FF
108392,10499,0xCFF6600,1,8,7D,10,FF,FF,FF,FF,FF,FF
108412,10500,0xCF00400,1,8,FF,FF,FF,1E,83,FF,FF,FF
108412,10501,0xCFF6600,1,8,63,10,FF,FF,FF,FF,FF,FF
108432,10502,0xCF00400,1,8,FF,FF,FF,0A,82,FF,FF,FF
108432,10503,0xCFF6600,1,8,41,10,FF,FF,FF,FF,FF,FF
108442,10504,0x18F00500,1,8,FF,FF,FF,FF,20,2D,FF,FF
108443,10505,0x18FEF100,1,8,3F,00,00,FF,FF,FF,FF,FF
108444,10506,0x18FEF200,1,8,44,00,00,00,00,00,00,FF
108453,10507,0xCF00400,1,8,FF,FF,FF,22,7F,FF,FF,FF
108454,10508,0xCFF6600,1,8,E4,0F,FF,FF,FF,FF,FF,FF
108471,10509,0xCF00400,1,8,FF,FF,FF,E0,7D,FF,FF,FF
108472,10510,0xCFF6600,1,8,BC,0F,FF,FF,FF,FF,FF,FF
108491,10511,0xCF00400,1,8,FF,FF,FF,D0,7C,FF,FF,FF
108492,10512,0xCFF6600,1,8,9A,0F,FF,FF,FF,FF,FF,FF
108511,10513,0xCF00400,1,8,FF,FF,FF,F8,7A,FF,FF,FF
108512,10514,0xCFF6600,1,8,5F,0F,FF,FF,FF,FF,FF,FF
108531,10515,0xCF00400,1,8,FF,FF,FF,86,79,FF,FF,FF
108532,10516,0xCFF6600,1,8,30,0F,FF,FF,FF,FF,FF,FF
108542,10517,0x18F00500,1,8,FF,FF,FF,FF,20,2D,FF,FF
108543,10518,0x10FF6500,1,8,FC,FF,FF,FF,FF,FF,FF,FF
108563,10519,0xCF00400,1,8,FF,FF,FF,34,78,FF,FF,FF
108564,10520,0xCFF6600,1,8,06,0F,FF,FF,FF,FF,FF,FF
108565,10521,0x18FEF100,1,8,3F,00,00,FF,FF,FF,FF,FF
108565,10522,0x18FEF200,1,8,44,00,00,00,00,00,00,FF
108572,10523,0xCF00400,1,8,FF,FF,FF,06,76,FF,FF,FF
108572,10524,0xCFF6600,1,8,C0,0E,FF,FF,FF,FF,FF,FF
108592,10525,0xCF00400,1,8,FF,FF,FF,92,74,FF,FF,FF
108592,10526,0xCFF6600,1,8,92,0E,FF,FF,FF,FF,FF,FF
108611,10527,0xCF00400,1,8,FF,FF,FF,3A,73,FF,FF,FF
108612,10528,0xCFF6600,1,8,67,0E,FF,FF,FF,FF,FF,FF
108631,10529,0xCF00400,1,8,FF,FF,FF,14,72,FF,FF,FF
108632,10530,0xCFF6600,1,8,42,0E,FF,FF,FF,FF,FF,FF
108642,10531,0x18F00500,1,8,FF,FF,FF,FF,20,2D,FF,FF
108643,10532,0x18F00600,1,8,FF,FF,FF,FF,FF,FF,FF,FF
108643,10533,0x18FEF100,1,8,3F,00,00,FF,FF,FF,FF,FF
108644,10534,0x18FEF200,1,8,44,00,00,00,00,00,00,FF
108645,10535,0x1CFDDF00,1,8,FE,FF,FF,FF,FF,FF,FF,FF
108645,10536,0x1CFF6A00,1,8,FC,FF,FF,FF,FF,FF,FF,FF
108651,10537,0xCF00400,1,8,FF,FF,FF,EA,70,FF,FF,FF
108652,10538,0xCFF6600,1,8,1D,0E,FF,FF,FF,FF,FF,FF
108671,10539,0xCF00400,1,8,FF,FF,FF,86,6E,FF,FF,FF
108672,10540,0xCFF6600,1,8,D0,0D,FF,FF,FF,FF,FF,FF
108691,10541,0xCF00400,1,8,FF,FF,FF,3A,6D,FF,FF,FF
108692,10542,0xCFF6600,1,8,A7,0D,FF,FF,FF,FF,FF,FF
108711,10543,0xCF00400,1,8,FF,FF,FF,5C,6C,FF,FF,FF
108712,10544,0xCFF6600,1,8,8B,0D,FF,FF,FF,FF,FF,FF
108732,10545,0xCF00400,1,8,FF,FF,FF,EA,6B,FF,FF,FF
108733,10546,0xCFF6600,1,8,7D,0D,FF,FF,FF,FF,FF,FF
108742,10547,0x10FF6500,1,8,FC,FF,FF,FF,FF,FF,FF,FF
108743,10548,0x18F00500,1,8,FF,FF,FF,FF,20,2D,FF,FF
108743,10549,0x18FEF100,1,8,3F,00,00,FF,FF,FF,FF,FF
108744,10550,0x18FEF200,1,8,44,00,00,00,00,00,00,FF
108752,10551,0xCF00400,1,8,FF,FF,FF,62,6B,FF,FF,FF
108778,10552,0xCFF6600,1,8,6C,0D,FF,FF,FF,FF,FF,FF
108778,10553,0x18EEFF00,1,8,08,CF,60,06,00,00,00,00
108791,10554,0xCF00400,1,8,FF,FF,FF,38,6A,FF,FF,FF
108792,10555,0xCFF6600,1,8,47,0D,FF,FF,FF,FF,FF,FF
108811,10556,0xCF00400,1,8,FF,FF,FF,20,69,FF,FF,FF
108812,10557,0xCFF6600,1,8,24,0D,FF,FF,FF,FF,FF,FF
108831,10558,0xCF00400,1,8,FF,FF,FF,52,68,FF,FF,FF
108832,10559,0xCFF6600,1,8,0A,0D,FF,FF,FF,FF,FF,FF
108842,10560,0x18FEF100,1,8,3F,00,00,FF,FF,FF,FF,FF
108842,10561,0x18F00500,1,8,FF,FF,FF,FF,20,2D,FF,FF
108843,10562,0x18FEF200,1,8,44,00,00,00,00,00,00,FF
108851,10563,0xCF00400,1,8,FF,FF,FF,EC,67,FF,FF,FF
108852,10564,0xCFF6600,1,8,FD,0C,FF,FF,FF,FF,FF,FF
108871,10565,0xCF00400,1,8,FF,FF,FF,E0,67,FF,FF,FF
108872,10566,0xCFF6600,1,8,FC,0C,FF,FF,FF,FF,FF,FF
108892,10567,0xCF00400,1,8,FF,FF,FF,A8,67,FF,FF,FF
108893,10568,0xCFF6600,1,8,F5,0C,FF,FF,FF,FF,FF,FF
108902,10569,0x18FDE500,1,8,0A,14,1E,28,32,3C,46,13
108902,10570,0x18FEEE00,1,8,6A,FF,FF,FF,FF,FF,FF,FF
108911,10571,0xCF00400,1,8,FF,FF,FF,4E,67,FF,FF,FF
108912,10572,0xCFF6600,1,8,E9,0C,FF,FF,FF,FF,FF,FF
108921,10573,0x1CECFF00,1,8,20,0A,00,02,FF,CA,FE,00
108931,10574,0xCF00400,1,8,FF,FF,FF,4E,67,FF,FF,FF
108932,10575,0xCFF6600,1,8,E9,0C,FF,FF,FF,FF,FF,FF
108943,10576,0x10FF6500,1,8,FC,FF,FF,FF,FF,FF,FF,FF
108943,10577,0x18F00500,1,8,FF,FF,FF,FF,20,2D,FF,FF
108965,10578,0xCF00400,1,8,FF,FF,FF,90,67,FF,FF,FF
108966,10579,0xCFF6600,1,8,F2,0C,FF,FF,FF,FF,FF,FF
108967,10580,0x18FEF100,1,8,3F,00,00,FF,FF,FF,FF,FF
108967,10581,0x18FEF200,1,8,22,00,00,00,00,00,00,FF
108972,10582,0xCF00400,1,8,FF,FF,FF,6A,67,FF,FF,FF
108973,10583,0xCFF6600,1,8,ED,0C,FF,FF,FF,FF,FF,FF
108974,10584,0x1CEBFF00,1,8,01,40,FF,0F,F0,E5,01,02
108991,10585,0xCF00400,1,8,FF,FF,FF,F6,66,FF,FF,FF
108992,10586,0xCFF6600,1,8,DE,0C,FF,FF,FF,FF,FF,FF
109011,10587,0xCF00400,1,8,FF,FF,FF,74,66,FF,FF,FF
109012,10588,0xCFF6600,1,8,CE,0C,FF,FF,FF,FF,FF,FF
109021,10589,0x1CEBFF00,1,8,02,F0,E3,01,FF,FF,FF,FF
109031,10590,0xCF00400,1,8,FF,FF,FF,D2,65,FF,FF,FF
109032,10591,0xCFF6600,1,8,BA,0C,FF,FF,FF,FF,FF,FF
109042,10592,0x18FEF100,1,8,3F,00,00,FF,FF,FF,FF,FF
109042,10593,0x18F00500,1,8,FF,FF,FF,FF,20,2D,FF,FF
109043,10594,0x18FEF200,1,8,22,00,00,00,00,00,00,FF
109052,10595,0xCF00400,1,8,FF,FF,FF,F8,64,FF,FF,FF
109052,10596,0xCFF6600,1,8,9F,0C,FF,FF,FF,FF,FF,FF
109071,10597,0xCF00400,1,8,FF,FF,FF,96,64,FF,FF,FF
109072,10598,0xCFF6600,1,8,92,0C,FF,FF,FF,FF,FF,FF
109091,10599,0xCF00400,1,8,FF,FF,FF,7A,64,FF,FF,FF
109092,10600,0xCFF6600,1,8,8F,0C,FF,FF,FF,FF,FF,FF
109111,10601,0xCF00400,1,8,FF,FF,FF,68,64,FF,FF,FF
109132,10602,0xCF00400,1,8,FF,FF,FF,62,64,FF,FF,FF
109133,10603,0xCFF6600,1,8,8D,0C,FF,FF,FF,FF,FF,FF
109142,10604,0x18FEF100,1,8,3F,00,00,FF,FF,FF,FF,FF
109144,10605,0x10FF6500,1,8,FC,FF,FF,FF,FF,FF,FF,FF
109144,10606,0x18F00500,1,8,FF,FF,FF,FF,20,2D,FF,FF
109145,10607,0x18F00600,1,8,FF,FF,FF,FF,FF,FF,FF,FF
109146,10608,0x18FEF200,1,8,22,00,00,00,00,00,00,FF
109146,10609,0x1CFDDF00,1,8,FE,FF,FF,FF,FF,FF,FF,FF
109147,10610,0x1CFF6A00,1,8,FC,FF,FF,FF,FF,FF,FF,FF
109151,10611,0xCF00400,1,8,FF,FF,FF,D4,63,FF,FF,FF
109153,10612,0xCFF6600,1,8,7A,0C,FF,FF,FF,FF,FF,FF
109171,10613,0xCF00400,1,8,FF,FF,FF,D2,62,FF,FF,FF
109172,10614,0xCFF6600,1,8,5A,0C,FF,FF,FF,FF,FF,FF
109191,10615,0xCF00400,1,8,FF,FF,FF,64,62,FF,FF,FF
109192,10616,0xCFF6600,1,8,4C,0C,FF,FF,FF,FF,FF,FF
109211,10617,0xCF00400,1,8,FF,FF,FF,56,62,FF,FF,FF
109212,10618,0xCFF6600,1,8,4A,0C,FF,FF,FF,FF,FF,FF
109231,10619,0xCF00400,1,8,FF,FF,FF,6E,62,FF,FF,FF
109232,10620,0xCFF6600,1,8,4D,0C,FF,FF,FF,FF,FF,FF
109244,10621,0x18F00500,1,8,FF,FF,FF,FF,20,2D,FF,FF
109244,10622,0x18FEF100,1,8,3F,00,00,FF,FF,FF,FF,FF
109245,10623,0x18FEF200,1,8,22,00,00,00,00,00,00,FF
109252,10624,0xCF00400,1,8,FF,FF,FF,BC,62,FF,FF,FF
109269,10625,0xCFF6600,1,8,57,0C,FF,FF,FF,FF,FF,FF
109270,10626,0x18EEFF00,1,8,08,CF,60,06,00,00,00,00
109271,10627,0xCF00400,1,8,FF,FF,FF,C6,62,FF,FF,FF
109272,10628,0xCFF6600,1,8,58,0C,FF,FF,FF,FF,FF,FF
109291,10629,0xCF00400,1,8,FF,FF,FF,7A,62,FF,FF,FF
109292,10630,0xCFF6600,1,8,4F,0C,FF,FF,FF,FF,FF,FF
109311,10631,0xCF00400,1,8,FF,FF,FF,D8,61,FF,FF,FF
109312,10632,0xCFF6600,1,8,3B,0C,FF,FF,FF,FF,FF,FF
109331,10633,0xCF00400,1,8,FF,FF,FF,0E,61,FF,FF,FF
109332,10634,0xCFF6600,1,8,21,0C,FF,FF,FF,FF,FF,FF
109363,10635,0xCF00400,1,8,FF,FF,FF,FE,60,FF,FF,FF
109363,10636,0xCFF6600,1,8,1F,0C,FF,FF,FF,FF,FF,FF
109364,10637,0x10FF6500,1,8,FC,FF,FF,FF,FF,FF,FF,FF
109365,10638,0x18F00500,1,8,FF,FF,FF,FF,20,2D,FF,FF
109365,10639,0x18FEF100,1,8,3F,00,00,FF,FF,FF,FF,FF
109366,10640,0x18FEF200,1,8,22,00,00,00,00,00,00,FF
109371,10641,0xCF00400,1,8,FF,FF,FF,1A,61,FF,FF,FF
109372,10642,0xCFF6600,1,8,23,0C,FF,FF,FF,FF,FF,FF
109391,10643,0xCF00400,1,8,FF,FF,FF,50,61,FF,FF,FF
109393,10644,0xCFF6600,1,8,2A,0C,FF,FF,FF,FF,FF,FF
109411,10645,0xCF00400,1,8,FF,FF,FF,28,61,FF,FF,FF
109412,10646,0xCFF6600,1,8,25,0C,FF,FF,FF,FF,FF,FF
109431,10647,0xCF00400,1,8,FF,FF,FF,B0,60,FF,FF,FF
109432,10648,0xCFF6600,1,8,16,0C,FF,FF,FF,FF,FF,FF
109442,10649,0x18F00500,1,8,FF,FF,FF,FF,20,2D,FF,FF
109443,10650,0x18FEF100,1,8,3F,00,00,FF,FF,FF,FF,FF
109443,10651,0x18FEF200,1,8,22,00,00,00,00,00,00,FF
109453,10652,0xCF00400,1,8,FF,FF,FF,48,60,FF,FF,FF
109453,10653,0xCFF6600,1,8,09,0C,FF,FF,FF,FF,FF,FF
109472,10654,0xCF00400,1,8,FF,FF,FF,F6,5F,FF,FF,FF
109474,10655,0xCFF6600,1,8,FE,0B,FF,FF,FF,FF,FF,FF
109493,10656,0xCF00400,1,8,FF,FF,FF,B0,5F,FF,FF,FF
109494,10657,0xCFF6600,1,8,F6,0B,FF,FF,FF,FF,FF,FF
109511,10658,0xCF00400,1,8,FF,FF,FF,8A,5F,FF,FF,FF
109512,10659,0xCFF6600,1,8,F1,0B,FF,FF,FF,FF,FF,FF
109531,10660,0xCF00400,1,8,FF,FF,FF,7E,5F,FF,FF,FF
109532,10661,0xCFF6600,1,8,EF,0B,FF,FF,FF,FF,FF,FF
109542,10662,0x10FF6500,1,8,FC,FF,FF,FF,FF,FF,FF,FF
109543,10663,0x18F00500,1,8,FF,FF,FF,FF,20,2D,FF,FF
109544,10664,0x18FEF100,1,8,3F,00,00,FF,FF,FF,FF,FF
109566,10665,0xCF00400,1,8,FF,FF,FF,56,5F,FF,FF,FF
109566,10666,0xCFF6600,1,8,EA,0B,FF,FF,FF,FF,FF,FF
109567,10667,0x18FEF200,1,8,22,00,00,00,00,00,00,FF
109571,10668,0xCF00400,1,8,FF,FF,FF,56,5F,FF,FF,FF
109572,10669,0xCFF6600,1,8,EA,0B,FF,FF,FF,FF,FF,FF
109591,10670,0xCF00400,1,8,FF,FF,FF,96,5F,FF,FF,FF
109592,10671,0xCFF6600,1,8,F2,0B,FF,FF,FF,FF,FF,FF
109611,10672,0xCF00400,1,8,FF,FF,FF,5E,5F,FF,FF,FF
109612,10673,0xCFF6600,1,8,EB,0B,FF,FF,FF,FF,FF,FF
109631,10674,0xCF00400,1,8,FF,FF,FF,A0,5E,FF,FF,FF
109632,10675,0xCFF6600,1,8,D4,0B,FF,FF,FF,FF,FF,FF
109642,10676,0x18F00500,1,8,FF,FF,FF,FF,20,2D,FF,FF
109642,10677,0x18F00600,1,8,FF,FF,FF,FF,FF,FF,FF,FF
109643,10678,0x18FEF100,1,8,3F,00,00,FF,FF,FF,FF,FF
109644,10679,0x18FEF200,1,8,22,00,00,00,00,00,00,FF
109644,10680,0x1CFDDF00,1,8,FE,FF,FF,FF,FF,FF,FF,FF
109645,10681,0x1CFF6A00,1,8,FC,FF,FF,FF,FF,FF,FF,FF
109651,10682,0xCF00400,1,8,FF,FF,FF,A8,5E,FF,FF,FF
109652,10683,0xCFF6600,1,8,D5,0B,FF,FF,FF,FF,FF,FF
109671,10684,0xCF00400,1,8,FF,FF,FF,50,5F,FF,FF,FF
109672,10685,0xCFF6600,1,8,EA,0B,FF,FF,FF,FF,FF,FF
109691,10686,0xCF00400,1,8,FF,FF,FF,F4,5E,FF,FF,FF
109712,10687,0xCF00400,1,8,FF,FF,FF,F8,5D,FF,FF,FF
109713,10688,0xCFF6600,1,8,DE,0B,FF,FF,FF,FF,FF,FF
109731,10689,0xCF00400,1,8,FF,FF,FF,9A,5D,FF,FF,FF
109732,10690,0xCFF6600,1,8,B3,0B,FF,FF,FF,FF,FF,FF
109742,10691,0x10FF6500,1,8,FC,FF,FF,FF,FF,FF,FF,FF
109743,10692,0x18F00500,1,8,FF,FF,FF,FF,20,2D,FF,FF
109744,10693,0x18FEF100,1,8,3F,00,00,FF,FF,FF,FF,FF
109744,10694,0x18FEF200,1,8,22,00,00,00,00,00,00,FF
109751,10695,0xCF00400,1,8,FF,FF,FF,8C,5D,FF,FF,FF
109752,10696,0xCFF6600,1,8,B1,0B,FF,FF,FF,FF,FF,FF
109771,10697,0xCF00400,1,8,FF,FF,FF,BE,5D,FF,FF,FF
109772,10698,0xCFF6600,1,8,B7,0B,FF,FF,FF,FF,FF,FF
109791,10699,0xCF00400,1,8,FF,FF,FF,22,5E,FF,FF,FF
109792,10700,0xCFF6600,1,8,C4,0B,FF,FF,FF,FF,FF,FF
109811,10701,0xCF00400,1,8,FF,FF,FF,36,5E,FF,FF,FF
109812,10702,0xCFF6600,1,8,C6,0B,FF,FF,FF,FF,FF,FF
109831,10703,0xCF00400,1,8,FF,FF,FF,38,5E,FF,FF,FF
109832,10704,0xCFF6600,1,8,C7,0B,FF,FF,FF,FF,FF,FF
109844,10705,0x18F00500,1,8,FF,FF,FF,FF,20,2D,FF,FF
109844,10706,0x18FEF100,1,8,3F,00,00,FF,FF,FF,FF,FF
109845,10707,0x18FEF200,1,8,22,00,00,00,00,00,00,FF
109851,10708,0xCF00400,1,8,FF,FF,FF,FE,5D,FF,FF,FF
109852,10709,0xCFF6600,1,8,BF,0B,FF,FF,FF,FF,FF,FF
109872,10710,0xCF00400,1,8,FF,FF,FF,98,5D,FF,FF,FF
109873,10711,0xCFF6600,1,8,B3,0B,FF,FF,FF,FF,FF,FF
109908,10712,0xCF00400,1,8,FF,FF,FF,FC,5C,FF,FF,FF
109908,10713,0xCFF6600,1,8,9F,0B,FF,FF,FF,FF,FF,FF
109910,10714,0x18EEFF00,1,8,08,CF,60,06,00,00,00,00
109911,10715,0xCF00400,1,8,FF,FF,FF,08,5C,FF,FF,FF
109912,10716,0xCFF6600,1,8,81,0B,FF,FF,FF,FF,FF,FF
109931,10717,0xCF00400,1,8,FF,FF,FF,68,5B,FF,FF,FF
109932,10718,0xCFF6600,1,8,6D,0B,FF,FF,FF,FF,FF,FF
109942,10719,0x18F00500,1,8,FF,FF,FF,FF,20,2D,FF,FF
109943,10720,0x10FF6500,1,8,FC,FF,FF,FF,FF,FF,FF,FF
109943,10721,0x18FEF100,1,8,3F,00,00,FF,FF,FF,FF,FF
109944,10722,0x18FEF200,1,8,1E,00,00,00,00,00,00,FF
109951,10723,0xCF00400,1,8,FF,FF,FF,F0,5A,FF,FF,FF
109952,10724,0xCFF6600,1,8,5E,0B,FF,FF,FF,FF,FF,FF
109972,10725,0xCF00400,1,8,FF,FF,FF,84,5A,FF,FF,FF
109973,10726,0xCFF6600,1,8,50,0B,FF,FF,FF,FF,FF,FF
109991,10727,0xCF00400,1,8,FF,FF,FF,22,5A,FF,FF,FF
109992,10728,0xCFF6600,1,8,44,0B,FF,FF,FF,FF,FF,FF
110031,10729,0xCF00400,1,8,FF,FF,FF,D0,59,FF,FF,FF
110032,10730,0xCFF6600,1,8,3A,0B,FF,FF,FF,FF,FF,FF
110042,10731,0x18FEF100,1,8,3F,00,00,FF,FF,FF,FF,FF
110043,10732,0x18F00500,1,8,FF,FF,FF,FF,20,2D,FF,FF
110043,10733,0x18FEF200,1,8,1E,00,00,00,00,00,00,FF
110052,10734,0xCF00400,1,8,FF,FF,FF,8A,59,FF,FF,FF
110053,10735,0xCFF6600,1,8,31,0B,FF,FF,FF,FF,FF,FF
110072,10736,0xCF00400,1,8,FF,FF,FF,AC,59,FF,FF,FF
110073,10737,0xCFF6600,1,8,35,0B,FF,FF,FF,FF,FF,FF
110091,10738,0xCF00400,1,8,FF,FF,FF,AC,59,FF,FF,FF
110092,10739,0xCFF6600,1,8,35,0B,FF,FF,FF,FF,FF,FF
110111,10740,0xCF00400,1,8,FF,FF,FF,7E,59,FF,FF,FF
110112,10741,0xCFF6600,1,8,2F,0B,FF,FF,FF,FF,FF,FF
110131,10742,0xCF00400,1,8,FF,FF,FF,0E,59,FF,FF,FF
110132,10743,0xCFF6600,1,8,21,0B,FF,FF,FF,FF,FF,FF
110144,10744,0x10FF6500,1,8,FC,FF,FF,FF,FF,FF,FF,FF
110145,10745,0x18F00500,1,8,FF,FF,FF,FF,20,2D,FF,FF
110145,10746,0x18F00600,1,8,FF,FF,FF,FF,FF,FF,FF,FF
110146,10747,0x18FEF100,1,8,3F,00,00,FF,FF,FF,FF,FF
110147,10748,0x18FEF200,1,8,1E,00,00,00,00,00,00,FF
110147,10749,0x1CFDDF00,1,8,FE,FF,FF,FF,FF,FF,FF,FF
110148,10750,0x1CFF6A00,1,8,FC,FF,FF,FF,FF,FF,FF,FF
110151,10751,0xCF00400,1,8,FF,FF,FF,8C,58,FF,FF,FF
110152,10752,0xCFF6600,1,8,11,0B,FF,FF,FF,FF,FF,FF
110171,10753,0xCF00400,1,8,FF,FF,FF,EA,57,FF,FF,FF
110172,10754,0xCFF6600,1,8,FD,0A,FF,FF,FF,FF,FF,FF
110191,10755,0xCF00400,1,8,FF,FF,FF,94,57,FF,FF,FF
110192,10756,0xCFF6600,1,8,F2,0A,FF,FF,FF,FF,FF,FF
110211,10757,0xCF00400,1,8,FF,FF,FF,6C,57,FF,FF,FF
110212,10758,0xCFF6600,1,8,ED,0A,FF,FF,FF,FF,FF,FF
110232,10759,0xCF00400,1,8,FF,FF,FF,66,57,FF,FF,FF
110233,10760,0xCFF6600,1,8,EC,0A,FF,FF,FF,FF,FF,FF
110243,10761,0x18F00500,1,8,FF,FF,FF,FF,20,2D,FF,FF
110244,10762,0x18FEF100,1,8,3F,00,00,FF,FF,FF,FF,FF
110244,10763,0x18FEF200,1,8,1E,00,00,00,00,00,00,FF
110251,10764,0xCF00400,1,8,FF,FF,FF,92,57,FF,FF,FF
110252,10765,0xCFF6600,1,8,F2,0A,FF,FF,FF,FF,FF,FF
110271,10766,0xCF00400,1,8,FF,FF,FF,B8,57,FF,FF,FF
110273,10767,0xCFF6600,1,8,F7,0A,FF,FF,FF,FF,FF,FF
110293,10768,0xCF00400,1,8,FF,FF,FF,EA,57,FF,FF,FF
110293,10769,0xCFF6600,1,8,FD,0A,FF,FF,FF,FF,FF,FF
110311,10770,0xCF00400,1,8,FF,FF,FF,96,57,FF,FF,FF
110312,10771,0xCFF6600,1,8,F2,0A,FF,FF,FF,FF,FF,FF
110331,10772,0xCF00400,1,8,FF,FF,FF,C2,56,FF,FF,FF
110332,10773,0xCFF6600,1,8,D8,0A,FF,FF,FF,FF,FF,FF
110343,10774,0x10FF6500,1,8,FC,FF,FF,FF,FF,FF,FF,FF
110343,10775,0x18F00500,1,8,FF,FF,FF,FF,20,2D,FF,FF
110365,10776,0xCF00400,1,8,FF,FF,FF,64,56,FF,FF,FF
110366,10777,0xCFF6600,1,8,CC,0A,FF,FF,FF,FF,FF,FF
110367,10778,0x18FEF100,1,8,3F,00,00,FF,FF,FF,FF,FF
110367,10779,0x18FEF200,1,8,1E,00,00,00,00,00,00,FF
110388,10780,0xCF00400,1,8,FF,FF,FF,64,56,FF,FF,FF
110389,10781,0xCFF6600,1,8,CC,0A,FF,FF,FF,FF,FF,FF
110390,10782,0x18EEFF00,1,8,08,CF,60,06,00,00,00,00
110396,10783,0xCF00400,1,8,FF,FF,FF,64,56,FF,FF,FF
110397,10784,0xCFF6600,1,8,CC,0A,FF,FF,FF,FF,FF,FF
110412,10785,0xCF00400,1,8,FF,FF,FF,2A,56,FF,FF,FF
110412,10786,0xCFF6600,1,8,C5,0A,FF,FF,FF,FF,FF,FF
110432,10787,0xCF00400,1,8,FF,FF,FF,B2,55,FF,FF,FF
110432,10788,0xCFF6600,1,8,B6,0A,FF,FF,FF,FF,FF,FF
110442,10789,0x18FEF100,1,8,3F,00,00,FF,FF,FF,FF,FF
110442,10790,0x18F00500,1,8,FF,FF,FF,FF,20,2D,FF,FF
110443,10791,0x18FEF200,1,8,1E,00,00,00,00,00,00,FF
110452,10792,0xCF00400,1,8,FF,FF,FF,A4,55,FF,FF,FF
110452,10793,0xCFF6600,1,8,B4,0A,FF,FF,FF,FF,FF,FF
110472,10794,0xCF00400,1,8,FF,FF,FF,FC,55,FF,FF,FF
110472,10795,0xCFF6600,1,8,BF,0A,FF,FF,FF,FF,FF,FF
110491,10796,0xCF00400,1,8,FF,FF,FF,D8,55,FF,FF,FF
110492,10797,0xCFF6600,1,8,BB,0A,FF,FF,FF,FF,FF,FF
110511,10798,0xCF00400,1,8,FF,FF,FF,56,55,FF,FF,FF
110512,10799,0xCFF6600,1,8,AA,0A,FF,FF,FF,FF,FF,FF
110531,10800,0xCF00400,1,8,FF,FF,FF,3A,55,FF,FF,FF
110552,10801,0xCF00400,1,8,FF,FF,FF,60,55,FF,FF,FF
110552,10802,0xCFF6600,1,8,A7,0A,FF,FF,FF,FF,FF,FF
110554,10803,0x10FF6500,1,8,FC,FF,FF,FF,FF,FF,FF,FF
110554,10804,0x18F00500,1,8,FF,FF,FF,FF,20,2D,FF,FF
110555,10805,0x18FEF100,1,8,3F,00,00,FF,FF,FF,FF,FF
110555,10806,0x18FEF200,1,8,1E,00,00,00,00,00,00,FF
110571,10807,0xCF00400,1,8,FF,FF,FF,3A,55,FF,FF,FF
110572,10808,0xCFF6600,1,8,A7,0A,FF,FF,FF,FF,FF,FF
110592,10809,0xCF00400,1,8,FF,FF,FF,DA,54,FF,FF,FF
110592,10810,0xCFF6600,1,8,9B,0A,FF,FF,FF,FF,FF,FF
110612,10811,0xCF00400,1,8,FF,FF,FF,DA,54,FF,FF,FF
110612,10812,0xCFF6600,1,8,9B,0A,FF,FF,FF,FF,FF,FF
110632,10813,0xCF00400,1,8,FF,FF,FF,5A,54,FF,FF,FF
110632,10814,0xCFF6600,1,8,8B,0A,FF,FF,FF,FF,FF,FF
110642,10815,0x18F00500,1,8,FF,FF,FF,FF,20,2D,FF,FF
110643,10816,0x18F00600,1,8,FF,FF,FF,FF,FF,FF,FF,FF
110644,10817,0x18FEF100,1,8,3F,00,00,FF,FF,FF,FF,FF
110644,10818,0x18FEF200,1,8,1E,00,00,00,00,00,00,FF
110645,10819,0x1CFDDF00,1,8,FE,FF,FF,FF,FF,FF,FF,FF
110645,10820,0x1CFF6A00,1,8,FC,FF,FF,FF,FF,FF,FF,FF
110651,10821,0xCF00400,1,8,FF,FF,FF,BC,53,FF,FF,FF
110652,10822,0xCFF6600,1,8,77,0A,FF,FF,FF,FF,FF,FF
110671,10823,0xCF00400,1,8,FF,FF,FF,B0,53,FF,FF,FF
110692,10824,0xCF00400,1,8,FF,FF,FF,1A,54,FF,FF,FF
110693,10825,0xCFF6600,1,8,76,0A,FF,FF,FF,FF,FF,FF
110711,10826,0xCF00400,1,8,FF,FF,FF,F6,53,FF,FF,FF
110712,10827,0xCFF6600,1,8,7E,0A,FF,FF,FF,FF,FF,FF
110731,10828,0xCF00400,1,8,FF,FF,FF,66,53,FF,FF,FF
110732,10829,0xCFF6600,1,8,6C,0A,FF,FF,FF,FF,FF,FF
110742,10830,0x18F00500,1,8,FF,FF,FF,FF,20,2D,FF,FF
110744,10831,0x10FF6500,1,8,FC,FF,FF,FF,FF,FF,FF,FF
110744,10832,0x18FEF100,1,8,3F,00,00,FF,FF,FF,FF,FF
110745,10833,0x18FEF200,1,8,1E,00,00,00,00,00,00,FF
110751,10834,0xCF00400,1,8,FF,FF,FF,F8,52,FF,FF,FF
110752,10835,0xCFF6600,1,8,5F,0A,FF,FF,FF,FF,FF,FF
110772,10836,0xCF00400,1,8,FF,FF,FF,A6,52,FF,FF,FF
110772,10837,0xCFF6600,1,8,54,0A,FF,FF,FF,FF,FF,FF
110791,10838,0xCF00400,1,8,FF,FF,FF,A6,52,FF,FF,FF
110792,10839,0xCFF6600,1,8,54,0A,FF,FF,FF,FF,FF,FF
110811,10840,0xCF00400,1,8,FF,FF,FF,8A,52,FF,FF,FF
110812,10841,0xCFF6600,1,8,51,0A,FF,FF,FF,FF,FF,FF
110832,10842,0xCF00400,1,8,FF,FF,FF,9A,52,FF,FF,FF
110832,10843,0xCFF6600,1,8,53,0A,FF,FF,FF,FF,FF,FF
110842,10844,0x18F00500,1,8,FF,FF,FF,FF,20,2D,FF,FF
110843,10845,0x18FEF100,1,8,3F,00,00,FF,FF,FF,FF,FF
110844,10846,0x18FEF200,1,8,1E,00,00,00,00,00,00,FF
110853,10847,0xCF00400,1,8,FF,FF,FF,9C,52,FF,FF,FF
110854,10848,0xCFF6600,1,8,53,0A,FF,FF,FF,FF,FF,FF
110871,10849,0xCF00400,1,8,FF,FF,FF,94,52,FF,FF,FF
110872,10850,0xCFF6600,1,8,52,0A,FF,FF,FF,FF,FF,FF
110891,10851,0xCF00400,1,8,FF,FF,FF,B8,52,FF,FF,FF
110892,10852,0xCFF6600,1,8,57,0A,FF,FF,FF,FF,FF,FF
110901,10853,0x18FDE500,1,8,0A,14,1E,28,32,3C,46,13
110902,10854,0x18FEEE00,1,8,6A,FF,FF,FF,FF,FF,FF,FF
110911,10855,0xCF00400,1,8,FF,FF,FF,F8,52,FF,FF,FF
110912,10856,0xCFF6600,1,8,5F,0A,FF,FF,FF,FF,FF,FF
110923,10857,0x1CECFF00,1,8,20,0A,00,02,FF,CA,FE,00
110931,10858,0xCF00400,1,8,FF,FF,FF,F2,52,FF,FF,FF
110932,10859,0xCFF6600,1,8,5E,0A,FF,FF,FF,FF,FF,FF
110943,10860,0x10FF6500,1,8,FC,FF,FF,FF,FF,FF,FF,FF
110944,10861,0x18F00500,1,8,FF,FF,FF,FF,20,2D,FF,FF
110944,10862,0x18FEF100,1,8,3F,00,00,FF,FF,FF,FF,FF
110945,10863,0x18FEF200,1,8,1D,00,00,00,00,00,00,FF
110951,10864,0xCF00400,1,8,FF,FF,FF,F2,52,FF,FF,FF
110952,10865,0xCFF6600,1,8,5E,0A,FF,FF,FF,FF,FF,FF
110971,10866,0xCF00400,1,8,FF,FF,FF,AE,52,FF,FF,FF
110972,10867,0xCFF6600,1,8,55,0A,FF,FF,FF,FF,FF,FF
110972,10868,0x1CEBFF00,1,8,01,40,FF,0F,F0,E5,01,02
110992,10869,0xCF00400,1,8,FF,FF,FF,A8,52,FF,FF,FF
110993,10870,0xCFF6600,1,8,55,0A,FF,FF,FF,FF,FF,FF
111012,10871,0xCF00400,1,8,FF,FF,FF,D8,52,FF,FF,FF
111012,10872,0xCFF6600,1,8,5B,0A,FF,FF,FF,FF,FF,FF
111021,10873,0x1CEBFF00,1,8,02,F0,E3,01,FF,FF,FF,FF
111032,10874,0xCF00400,1,8,FF,FF,FF,08,53,FF,FF,FF
111032,10875,0xCFF6600,1,8,61,0A,FF,FF,FF,FF,FF,FF
111045,10876,0x18F00500,1,8,FF,FF,FF,FF,20,2D,FF,FF
111045,10877,0x18FEF100,1,8,3F,00,00,FF,FF,FF,FF,FF
111046,10878,0x18FEF200,1,8,1D,00,00,00,00,00,00,FF
111052,10879,0xCF00400,1,8,FF,FF,FF,34,53,FF,FF,FF
111052,10880,0xCFF6600,1,8,66,0A,FF,FF,FF,FF,FF,FF
111072,10881,0xCF00400,1,8,FF,FF,FF,20,53,FF,FF,FF
111072,10882,0xCFF6600,1,8,64,0A,FF,FF,FF,FF,FF,FF
111092,10883,0xCF00400,1,8,FF,FF,FF,DA,52,FF,FF,FF
111092,10884,0xCFF6600,1,8,5B,0A,FF,FF,FF,FF,FF,FF
111112,10885,0xCF00400,1,8,FF,FF,FF,AE,52,FF,FF,FF
111114,10886,0xCFF6600,1,8,55,0A,FF,FF,FF,FF,FF,FF
111131,10887,0xCF00400,1,8,FF,FF,FF,AE,52,FF,FF,FF
111132,10888,0xCFF6600,1,8,55,0A,FF,FF,FF,FF,FF,FF
111142,10889,0x18FEF100,1,8,3F,00,00,FF,FF,FF,FF,FF
111143,10890,0x10FF6500,1,8,FC,FF,FF,FF,FF,FF,FF,FF
111143,10891,0x18F00500,1,8,FF,FF,FF,FF,20,2D,FF,FF
111144,10892,0x18F00600,1,8,FF,FF,FF,FF,FF,FF,FF,FF
111145,10893,0x18FEF200,1,8,1D,00,00,00,00,00,00,FF
111146,10894,0x1CFDDF00,1,8,FE,FF,FF,FF,FF,FF,FF,FF
111146,10895,0x1CFF6A00,1,8,FC,FF,FF,FF,FF,FF,FF,FF
111151,10896,0xCF00400,1,8,FF,FF,FF,98,52,FF,FF,FF
111152,10897,0xCFF6600,1,8,53,0A,FF,FF,FF,FF,FF,FF
111171,10898,0xCF00400,1,8,FF,FF,FF,78,52,FF,FF,FF
111172,10899,0xCFF6600,1,8,4F,0A,FF,FF,FF,FF,FF,FF
111191,10900,0xCF00400,1,8,FF,FF,FF,4A,52,FF,FF,FF
111192,10901,0xCFF6600,1,8,49,0A,FF,FF,FF,FF,FF,FF
111212,10902,0xCF00400,1,8,FF,FF,FF,52,52,FF,FF,FF
111213,10903,0xCFF6600,1,8,4A,0A,FF,FF,FF,FF,FF,FF
111232,10904,0xCF00400,1,8,FF,FF,FF,82,52,FF,FF,FF
111232,10905,0xCFF6600,1,8,50,0A,FF,FF,FF,FF,FF,FF
111242,10906,0x18F00500,1,8,FF,FF,FF,FF,20,2D,FF,FF
111243,10907,0x18FEF100,1,8,3F,00,00,FF,FF,FF,FF,FF
111243,10908,0x18FEF200,1,8,1D,00,00,00,00,00,00,FF
111251,10909,0xCF00400,1,8,FF,FF,FF,6C,52,FF,FF,FF
111252,10910,0xCFF6600,1,8,4D,0A,FF,FF,FF,FF,FF,FF
111273,10911,0xCF00400,1,8,FF,FF,FF,1C,52,FF,FF,FF
111273,10912,0xCFF6600,1,8,43,0A,FF,FF,FF,FF,FF,FF
111291,10913,0xCF00400,1,8,FF,FF,FF,1C,52,FF,FF,FF
111292,10914,0xCFF6600,1,8,43,0A,FF,FF,FF,FF,FF,FF
111311,10915,0xCF00400,1,8,FF,FF,FF,1C,52,FF,FF,FF
111312,10916,0xCFF6600,1,8,43,0A,FF,FF,FF,FF,FF,FF
111331,10917,0xCF00400,1,8,FF,FF,FF,5E,52,FF,FF,FF
111332,10918,0xCFF6600,1,8,4B,0A,FF,FF,FF,FF,FF,FF
111342,10919,0x18FEF100,1,8,3F,00,00,FF,FF,FF,FF,FF
111343,10920,0x10FF6500,1,8,FC,FF,FF,FF,FF,FF,FF,FF
111343,10921,0x18F00500,1,8,FF,FF,FF,FF,20,2D,FF,FF
111344,10922,0x18FEF200,1,8,1D,00,00,00,00,00,00,FF
111354,10923,0xCF00400,1,8,FF,FF,FF,36,52,FF,FF,FF
111354,10924,0xCFF6600,1,8,46,0A,FF,FF,FF,FF,FF,FF
111371,10925,0xCF00400,1,8,FF,FF,FF,BC,51,FF,FF,FF
111372,10926,0xCFF6600,1,8,37,0A,FF,FF,FF,FF,FF,FF
111391,10927,0xCF00400,1,8,FF,FF,FF,4E,51,FF,FF,FF
111392,10928,0xCFF6600,1,8,29,0A,FF,FF,FF,FF,FF,FF
111411,10929,0xCF00400,1,8,FF,FF,FF,F0,50,FF,FF,FF
111412,10930,0xCFF6600,1,8,1E,0A,FF,FF,FF,FF,FF,FF
111431,10931,0xCF00400,1,8,FF,FF,FF,B4,50,FF,FF,FF
111432,10932,0xCFF6600,1,8,16,0A,FF,FF,FF,FF,FF,FF
111442,10933,0x18FEF100,1,8,3F,00,00,FF,FF,FF,FF,FF
111443,10934,0x18F00500,1,8,FF,FF,FF,FF,20,2D,FF,FF
111443,10935,0x18FEF200,1,8,1D,00,00,00,00,00,00,FF
111454,10936,0xCF00400,1,8,FF,FF,FF,B4,50,FF,FF,FF
111455,10937,0xCFF6600,1,8,16,0A,FF,FF,FF,FF,FF,FF
111472,10938,0xCF00400,1,8,FF,FF,FF,96,50,FF,FF,FF
111472,10939,0xCFF6600,1,8,12,0A,FF,FF,FF,FF,FF,FF
111492,10940,0xCF00400,1,8,FF,FF,FF,1C,50,FF,FF,FF
111492,10941,0xCFF6600,1,8,03,0A,FF,FF,FF,FF,FF,FF
111512,10942,0xCF00400,1,8,FF,FF,FF,4C,4F,FF,FF,FF
111532,10943,0xCF00400,1,8,FF,FF,FF,12,4F,FF,FF,FF
111533,10944,0xCFF6600,1,8,E9,09,FF,FF,FF,FF,FF,FF
111542,10945,0x18F00500,1,8,FF,FF,FF,FF,20,2D,FF,FF
111543,10946,0x10FF6500,1,8,FC,FF,FF,FF,FF,FF,FF,FF
111543,10947,0x18FEF100,1,8,3F,00,00,FF,FF,FF,FF,FF
111544,10948,0x18FEF200,1,8,1D,00,00,00,00,00,00,FF
111551,10949,0xCF00400,1,8,FF,FF,FF,60,4F,FF,FF,FF
111568,10950,0xCFF6600,1,8,EC,09,FF,FF,FF,FF,FF,FF
111570,10951,0x18EEFF00,1,8,08,CF,60,06,00,00,00,00
111571,10952,0xCF00400,1,8,FF,FF,FF,60,4F,FF,FF,FF
111572,10953,0xCFF6600,1,8,EC,09,FF,FF,FF,FF,FF,FF
111591,10954,0xCF00400,1,8,FF,FF,FF,64,4F,FF,FF,FF
111592,10955,0xCFF6600,1,8,EC,09,FF,FF,FF,FF,FF,FF
111611,10956,0xCF00400,1,8,FF,FF,FF,24,4F,FF,FF,FF
111612,10957,0xCFF6600,1,8,E4,09,FF,FF,FF,FF,FF,FF
111631,10958,0xCF00400,1,8,FF,FF,FF,68,4F,FF,FF,FF
111632,10959,0xCFF6600,1,8,ED,09,FF,FF,FF,FF,FF,FF
111642,10960,0x18F00500,1,8,FF,FF,FF,FF,20,2D,FF,FF
111643,10961,0x18F00600,1,8,FF,FF,FF,FF,FF,FF,FF,FF
111643,10962,0x18FEF100,1,8,3F,00,00,FF,FF,FF,FF,FF
111644,10963,0x18FEF200,1,8,1D,00,00,00,00,00,00,FF
111645,10964,0x1CFDDF00,1,8,FE,FF,FF,FF,FF,FF,FF,FF
111645,10965,0x1CFF6A00,1,8,FC,FF,FF,FF,FF,FF,FF,FF
111651,10966,0xCF00400,1,8,FF,FF,FF,12,50,FF,FF,FF
111652,10967,0xCFF6600,1,8,02,0A,FF,FF,FF,FF,FF,FF
111672,10968,0xCF00400,1,8,FF,FF,FF,72,50,FF,FF,FF
111673,10969,0xCFF6600,1,8,0E,0A,FF,FF,FF,FF,FF,FF
111691,10970,0xCF00400,1,8,FF,FF,FF,9A,50,FF,FF,FF
111692,10971,0xCFF6600,1,8,13,0A,FF,FF,FF,FF,FF,FF
111711,10972,0xCF00400,1,8,FF,FF,FF,9A,50,FF,FF,FF
111712,10973,0xCFF6600,1,8,13,0A,FF,FF,FF,FF,FF,FF
111731,10974,0xCF00400,1,8,FF,FF,FF,66,50,FF,FF,FF
111752,10975,0xCF00400,1,8,FF,FF,FF,E0,4F,FF,FF,FF
111753,10976,0xCFF6600,1,8,0C,0A,FF,FF,FF,FF,FF,FF
111753,10977,0x10FF6500,1,8,FC,FF,FF,FF,FF,FF,FF,FF
111754,10978,0x18F00500,1,8,FF,FF,FF,FF,20,2D,FF,FF
111755,10979,0x18FEF100,1,8,3F,00,00,FF,FF,FF,FF,FF
111755,10980,0x18FEF200,1,8,1D,00,00,00,00,00,00,FF
111771,10981,0xCF00400,1,8,FF,FF,FF,CC,4F,FF,FF,FF
111772,10982,0xCFF6600,1,8,F9,09,FF,FF,FF,FF,FF,FF
111791,10983,0xCF00400,1,8,FF,FF,FF,1C,50,FF,FF,FF
111792,10984,0xCFF6600,1,8,03,0A,FF,FF,FF,FF,FF,FF
111811,10985,0xCF00400,1,8,FF,FF,FF,40,50,FF,FF,FF
111812,10986,0xCFF6600,1,8,08,0A,FF,FF,FF,FF,FF,FF
111831,10987,0xCF00400,1,8,FF,FF,FF,42,50,FF,FF,FF
111832,10988,0xCFF6600,1,8,08,0A,FF,FF,FF,FF,FF,FF
111842,10989,0x18FEF100,1,8,3F,00,00,FF,FF,FF,FF,FF
111843,10990,0x18F00500,1,8,FF,FF,FF,FF,20,2D,FF,FF
111843,10991,0x18FEF200,1,8,1D,00,00,00,00,00,00,FF
111854,10992,0xCF00400,1,8,FF,FF,FF,42,50,FF,FF,FF
111855,10993,0xCFF6600,1,8,08,0A,FF,FF,FF,FF,FF,FF
111871,10994,0xCF00400,1,8,FF,FF,FF,C0,4F,FF,FF,FF
111872,10995,0xCFF6600,1,8,F8,09,FF,FF,FF,FF,FF,FF
111893,10996,0xCF00400,1,8,FF,FF,FF,C0,4E,FF,FF,FF
111894,10997,0xCFF6600,1,8,D8,09,FF,FF,FF,FF,FF,FF
111901,10998,0x18FEEE00,1,8,6A,FF,FF,FF,FF,FF,FF,FF
111902,10999,0x18FDE500,1,8,0A,14,1E,28,32,3C,46,13
111912,11000,0xCF00400,1,8,FF,FF,FF,52,4E,FF,FF,FF
111913,11001,0xCFF6600,1,8,CA,09,FF,FF,FF,FF,FF,FF
111921,11002,0x1CECFF00,1,8,20,0A,00,02,FF,CA,FE,00
111967,11003,0xCF00400,1,8,FF,FF,FF,68,4E,FF,FF,FF
111968,11004,0xCFF6600,1,8,CD,09,FF,FF,FF,FF,FF,FF
111968,11005,0x10FF6500,1,8,FC,FF,FF,FF,FF,FF,FF,FF
111969,11006,0x18F00500,1,8,FF,FF,FF,FF,20,2D,FF,FF
111969,11007,0x18FEF100,1,8,3F,00,00,FF,FF,FF,FF,FF
111970,11008,0x18FEF200,1,8,1D,00,00,00,00,00,00,FF
111970,11009,0x18EEFF00,1,8,08,CF,60,06,00,00,00,00
111972,11010,0xCF00400,1,8,FF,FF,FF,16,4E,FF,FF,FF
111972,11011,0xCFF6600,1,8,C2,09,FF,FF,FF,FF,FF,FF
111973,11012,0x1CEBFF00,1,8,01,40,FF,0F,F0,E5,01,02
111993,11013,0xCF00400,1,8,FF,FF,FF,64,4D,FF,FF,FF
111993,11014,0xCFF6600,1,8,AC,09,FF,FF,FF,FF,FF,FF
112011,11015,0xCF00400,1,8,FF,FF,FF,44,4D,FF,FF,FF
112012,11016,0xCFF6600,1,8,A8,09,FF,FF,FF,FF,FF,FF
112021,11017,0x1CEBFF00,1,8,02,F0,E3,01,FF,FF,FF,FF
112031,11018,0xCF00400,1,8,FF,FF,FF,A6,4D,FF,FF,FF
112032,11019,0xCFF6600,1,8,B4,09,FF,FF,FF,FF,FF,FF
112042,11020,0x18F00500,1,8,FF,FF,FF,FF,20,2D,FF,FF
112043,11021,0x18FEF100,1,8,3F,00,00,FF,FF,FF,FF,FF
112043,11022,0x18FEF200,1,8,1D,00,00,00,00,00,00,FF
112052,11023,0xCF00400,1,8,FF,FF,FF,6A,4D,FF,FF,FF
112052,11024,0xCFF6600,1,8,AD,09,FF,FF,FF,FF,FF,FF
112072,11025,0xCF00400,1,8,FF,FF,FF,A0,4C,FF,FF,FF
112073,11026,0xCFF6600,1,8,94,09,FF,FF,FF,FF,FF,FF
112111,11027,0xCF00400,1,8,FF,FF,FF,A0,4C,FF,FF,FF
112111,11028,0xCFF6600,1,8,94,09,FF,FF,FF,FF,FF,FF
112132,11029,0xCF00400,1,8,FF,FF,FF,44,4C,FF,FF,FF
112132,11030,0xCFF6600,1,8,88,09,FF,FF,FF,FF,FF,FF
112142,11031,0x10FF6500,1,8,FC,FF,FF,FF,FF,FF,FF,FF
112143,11032,0x18F00500,1,8,FF,FF,FF,FF,20,2D,FF,FF
112144,11033,0x18F00600,1,8,FF,FF,FF,FF,FF,FF,FF,FF
112145,11034,0x18FEF100,1,8,3F,00,00,FF,FF,FF,FF,FF
112146,11035,0x18FEF200,1,8,1D,00,00,00,00,00,00,FF
112146,11036,0x1CFDDF00,1,8,FE,FF,FF,FF,FF,FF,FF,FF
112147,11037,0x1CFF6A00,1,8,FC,FF,FF,FF,FF,FF,FF,FF
112152,11038,0xCF00400,1,8,FF,FF,FF,FC,4B,FF,FF,FF
112153,11039,0xCFF6600,1,8,7F,09,FF,FF,FF,FF,FF,FF
112171,11040,0xCF00400,1,8,FF,FF,FF,6E,4B,FF,FF,FF
112172,11041,0xCFF6600,1,8,6D,09,FF,FF,FF,FF,FF,FF
112191,11042,0xCF00400,1,8,FF,FF,FF,6E,4B,FF,FF,FF
112192,11043,0xCFF6600,1,8,6D,09,FF,FF,FF,FF,FF,FF
112211,11044,0xCF00400,1,8,FF,FF,FF,5C,4B,FF,FF,FF
112212,11045,0xCFF6600,1,8,6B,09,FF,FF,FF,FF,FF,FF
112233,11046,0xCF00400,1,8,FF,FF,FF,BC,4B,FF,FF,FF
112234,11047,0xCFF6600,1,8,77,09,FF,FF,FF,FF,FF,FF
112242,11048,0x18FEF100,1,8,3F,00,00,FF,FF,FF,FF,FF
112243,11049,0x18F00500,1,8,FF,FF,FF,FF,20,2D,FF,FF
112243,11050,0x18FEF200,1,8,1D,00,00,00,00,00,00,FF
112251,11051,0xCF00400,1,8,FF,FF,FF,46,4C,FF,FF,FF
112252,11052,0xCFF6600,1,8,88,09,FF,FF,FF,FF,FF,FF
112271,11053,0xCF00400,1,8,FF,FF,FF,F4,4C,FF,FF,FF
112272,11054,0xCFF6600,1,8,9E,09,FF,FF,FF,FF,FF,FF
112293,11055,0xCF00400,1,8,FF,FF,FF,F4,4C,FF,FF,FF
112294,11056,0xCFF6600,1,8,9E,09,FF,FF,FF,FF,FF,FF
112312,11057,0xCF00400,1,8,FF,FF,FF,46,4D,FF,FF,FF
112313,11058,0xCFF6600,1,8,A8,09,FF,FF,FF,FF,FF,FF
112331,11059,0xCF00400,1,8,FF,FF,FF,4C,4D,FF,FF,FF
112332,11060,0xCFF6600,1,8,A9,09,FF,FF,FF,FF,FF,FF
112343,11061,0x10FF6500,1,8,FC,FF,FF,FF,FF,FF,FF,FF
112344,11062,0x18F00500,1,8,FF,FF,FF,FF,20,2D,FF,FF
112345,11063,0x18FEF100,1,8,3F,00,00,FF,FF,FF,FF,FF
112345,11064,0x18FEF200,1,8,1D,00,00,00,00,00,00,FF
112371,11065,0xCF00400,1,8,FF,FF,FF,0A,4D,FF,FF,FF
112371,11066,0xCFF6600,1,8,A1,09,FF,FF,FF,FF,FF,FF
112372,11067,0x18EEFF00,1,8,08,CF,60,06,00,00,00,00
112391,11068,0xCF00400,1,8,FF,FF,FF,72,4C,FF,FF,FF
112392,11069,0xCFF6600,1,8,8E,09,FF,FF,FF,FF,FF,FF
112411,11070,0xCF00400,1,8,FF,FF,FF,72,4C,FF,FF,FF
112412,11071,0xCFF6600,1,8,8E,09,FF,FF,FF,FF,FF,FF
112431,11072,0xCF00400,1,8,FF,FF,FF,CA,4C,FF,FF,FF
112432,11073,0xCFF6600,1,8,99,09,FF,FF,FF,FF,FF,FF
112442,11074,0x18FEF100,1,8,3F,00,00,FF,FF,FF,FF,FF
112442,11075,0x18F00500,1,8,FF,FF,FF,FF,20,2D,FF,FF
112443,11076,0x18FEF200,1,8,1D,00,00,00,00,00,00,FF
112452,11077,0xCF00400,1,8,FF,FF,FF,BA,4C,FF,FF,FF
112452,11078,0xCFF6600,1,8,97,09,FF,FF,FF,FF,FF,FF
112472,11079,0xCF00400,1,8,FF,FF,FF,56,4C,FF,FF,FF
112472,11080,0xCFF6600,1,8,8A,09,FF,FF,FF,FF,FF,FF
112491,11081,0xCF00400,1,8,FF,FF,FF,6C,4C,FF,FF,FF
112512,11082,0xCF00400,1,8,FF,FF,FF,6C,4C,FF,FF,FF
112513,11083,0xCFF6600,1,8,8D,09,FF,FF,FF,FF,FF,FF
112532,11084,0xCF00400,1,8,FF,FF,FF,E8,4C,FF,FF,FF
112532,11085,0xCFF6600,1,8,9D,09,FF,FF,FF,FF,FF,FF
112542,11086,0x10FF6500,1,8,FC,FF,FF,FF,FF,FF,FF,FF
112543,11087,0x18F00500,1,8,FF,FF,FF,FF,20,2D,FF,FF
112544,11088,0x18FEF100,1,8,3F,00,00,FF,FF,FF,FF,FF
112544,11089,0x18FEF200,1,8,1D,00,00,00,00,00,00,FF
112551,11090,0xCF00400,1,8,FF,FF,FF,E0,4C,FF,FF,FF
112552,11091,0xCFF6600,1,8,9C,09,FF,FF,FF,FF,FF,FF
112571,11092,0xCF00400,1,8,FF,FF,FF,70,4C,FF,FF,FF
112572,11093,0xCFF6600,1,8,8E,09,FF,FF,FF,FF,FF,FF
112591,11094,0xCF00400,1,8,FF,FF,FF,DC,4B,FF,FF,FF
112592,11095,0xCFF6600,1,8,7B,09,FF,FF,FF,FF,FF,FF
112612,11096,0xCF00400,1,8,FF,FF,FF,1E,4B,FF,FF,FF
112612,11097,0xCFF6600,1,8,63,09,FF,FF,FF,FF,FF,FF
112631,11098,0xCF00400,1,8,FF,FF,FF,1E,4B,FF,FF,FF
112632,11099,0xCFF6600,1,8,63,09,FF,FF,FF,FF,FF,FF
112642,11100,0x18F00500,1,8,FF,FF,FF,FF,20,2D,FF,FF
112643,11101,0x18F00600,1,8,FF,FF,FF,FF,FF,FF,FF,FF
112643,11102,0x18FEF100,1,8,3F,00,00,FF,FF,FF,FF,FF
112644,11103,0x18FEF200,1,8,1D,00,00,00,00,00,00,FF
112645,11104,0x1CFDDF00,1,8,FE,FF,FF,FF,FF,FF,FF,FF
112666,11105,0xCF00400,1,8,FF,FF,FF,D2,4A,FF,FF,FF
112667,11106,0xCFF6600,1,8,5A,09,FF,FF,FF,FF,FF,FF
112667,11107,0x1CFF6A00,1,8,FC,FF,FF,FF,FF,FF,FF,FF
112671,11108,0xCF00400,1,8,FF,FF,FF,F2,4A,FF,FF,FF
112672,11109,0xCFF6600,1,8,5E,09,FF,FF,FF,FF,FF,FF
112691,11110,0xCF00400,1,8,FF,FF,FF,60,4A,FF,FF,FF
112693,11111,0xCFF6600,1,8,4C,09,FF,FF,FF,FF,FF,FF
112712,11112,0xCF00400,1,8,FF,FF,FF,60,4A,FF,FF,FF
112712,11113,0xCFF6600,1,8,4C,09,FF,FF,FF,FF,FF,FF
112731,11114,0xCF00400,1,8,FF,FF,FF,28,49,FF,FF,FF
112732,11115,0xCFF6600,1,8,25,09,FF,FF,FF,FF,FF,FF
112742,11116,0x18FEF100,1,8,3F,00,00,FF,FF,FF,FF,FF
112743,11117,0x10FF6500,1,8,FC,FF,FF,FF,FF,FF,FF,FF
112743,11118,0x18F00500,1,8,FF,FF,FF,FF,20,2D,FF,FF
112744,11119,0x18FEF200,1,8,1D,00,00,00,00,00,00,FF
112751,11120,0xCF00400,1,8,FF,FF,FF,16,48,FF,FF,FF
112752,11121,0xCFF6600,1,8,02,09,FF,FF,FF,FF,FF,FF
112771,11122,0xCF00400,1,8,FF,FF,FF,2A,47,FF,FF,FF
112772,11123,0xCFF6600,1,8,E5,08,FF,FF,FF,FF,FF,FF
112792,11124,0xCF00400,1,8,FF,FF,FF,B2,46,FF,FF,FF
112794,11125,0xCFF6600,1,8,D6,08,FF,FF,FF,FF,FF,FF
112811,11126,0xCF00400,1,8,FF,FF,FF,B2,46,FF,FF,FF
112812,11127,0xCFF6600,1,8,D6,08,FF,FF,FF,FF,FF,FF
112831,11128,0xCF00400,1,8,FF,FF,FF,AE,46,FF,FF,FF
112832,11129,0xCFF6600,1,8,D5,08,FF,FF,FF,FF,FF,FF
112842,11130,0x18FEF100,1,8,3F,00,00,FF,FF,FF,FF,FF
112843,11131,0x18F00500,1,8,FF,FF,FF,FF,20,2D,FF,FF
112843,11132,0x18FEF200,1,8,1D,00,00,00,00,00,00,FF
112852,11133,0xCF00400,1,8,FF,FF,FF,7A,46,FF,FF,FF
112853,11134,0xCFF6600,1,8,CF,08,FF,FF,FF,FF,FF,FF
112872,11135,0xCF00400,1,8,FF,FF,FF,16,46,FF,FF,FF
112891,11136,0xCFF6600,1,8,C2,08,FF,FF,FF,FF,FF,FF
112891,11137,0x18EEFF00,1,8,08,CF,60,06,00,00,00,00
112901,11138,0x18FEEE00,1,8,6B,FF,FF,FF,FF,FF,FF,FF
112901,11139,0x18FDE500,1,8,0A,14,1E,28,32,3C,46,13
112911,11140,0xCF00400,1,8,FF,FF,FF,D6,45,FF,FF,FF
112912,11141,0xCFF6600,1,8,BA,08,FF,FF,FF,FF,FF,FF
112922,11142,0x1CECFF00,1,8,20,0A,00,02,FF,CA,FE,00
112932,11143,0xCF00400,1,8,FF,FF,FF,C2,45,FF,FF,FF
112932,11144,0xCFF6600,1,8,B8,08,FF,FF,FF,FF,FF,FF
112962,11145,0xCF00400,1,8,FF,FF,FF,C2,45,FF,FF,FF
112963,11146,0xCFF6600,1,8,B8,08,FF,FF,FF,FF,FF,FF
112964,11147,0x10FF6500,1,8,FC,FF,FF,FF,FF,FF,FF,FF
112964,11148,0x18F00500,1,8,FF,FF,FF,FF,20,2D,FF,FF
112965,11149,0x18FEF100,1,8,3F,00,00,FF,FF,FF,FF,FF
112966,11150,0x18FEF200,1,8,1B,00,00,00,00,00,00,FF
112973,11151,0xCF00400,1,8,FF,FF,FF,28,45,FF,FF,FF
112974,11152,0xCFF6600,1,8,A5,08,FF,FF,FF,FF,FF,FF
112974,11153,0x1CEBFF00,1,8,01,40,FF,0F,F0,E5,01,02
112991,11154,0xCF00400,1,8,FF,FF,FF,04,44,FF,FF,FF
112992,11155,0xCFF6600,1,8,80,08,FF,FF,FF,FF,FF,FF
113013,11156,0xCF00400,1,8,FF,FF,FF,86,43,FF,FF,FF
113013,11157,0xCFF6600,1,8,70,08,FF,FF,FF,FF,FF,FF
113021,11158,0x1CEBFF00,1,8,02,F0,E3,01,FF,FF,FF,FF
113031,11159,0xCF00400,1,8,FF,FF,FF,86,43,FF,FF,FF
113052,11160,0xCF00400,1,8,FF,FF,FF,AE,43,FF,FF,FF
113053,11161,0xCFF6600,1,8,70,08,FF,FF,FF,FF,FF,FF
113054,11162,0x18F00500,1,8,FF,FF,FF,FF,20,2D,FF,FF
113054,11163,0x18FEF100,1,8,3F,00,00,FF,FF,FF,FF,FF
113055,11164,0x18FEF200,1,8,1B,00,00,00,00,00,00,FF
113085,11165,0xCF00400,1,8,FF,FF,FF,A0,43,FF,FF,FF
113085,11166,0xCFF6600,1,8,74,08,FF,FF,FF,FF,FF,FF
113090,11167,0x18EEFF00,1,8,08,CF,60,06,00,00,00,00
113096,11168,0xCF00400,1,8,FF,FF,FF,58,43,FF,FF,FF
113097,11169,0xCFF6600,1,8,6B,08,FF,FF,FF,FF,FF,FF
113112,11170,0xCF00400,1,8,FF,FF,FF,58,43,FF,FF,FF
113113,11171,0xCFF6600,1,8,6B,08,FF,FF,FF,FF,FF,FF
113132,11172,0xCF00400,1,8,FF,FF,FF,4A,43,FF,FF,FF
113133,11173,0xCFF6600,1,8,69,08,FF,FF,FF,FF,FF,FF
113142,11174,0x10FF6500,1,8,FC,FF,FF,FF,FF,FF,FF,FF
113143,11175,0x18F00500,1,8,FF,FF,FF,FF,20,2D,FF,FF
113144,11176,0x18F00600,1,8,FF,FF,FF,FF,FF,FF,FF,FF
113144,11177,0x18FEF100,1,8,3F,00,00,FF,FF,FF,FF,FF
113145,11178,0x18FEF200,1,8,1B,00,00,00,00,00,00,FF
113146,11179,0x1CFDDF00,1,8,FE,FF,FF,FF,FF,FF,FF,FF
113165,11180,0x18EEFF00,1,8,08,CF,60,06,00,00,00,00
113165,11181,0x1CFF6A00,1,8,FC,FF,FF,FF,FF,FF,FF,FF
113171,11182,0xCF00400,1,8,FF,FF,FF,6A,43,FF,FF,FF
113172,11183,0xCFF6600,1,8,6D,08,FF,FF,FF,FF,FF,FF
113192,11184,0xCF00400,1,8,FF,FF,FF,62,43,FF,FF,FF
113193,11185,0xCFF6600,1,8,6C,08,FF,FF,FF,FF,FF,FF
113212,11186,0xCF00400,1,8,FF,FF,FF,30,43,FF,FF,FF
113232,11187,0xCF00400,1,8,FF,FF,FF,C8,42,FF,FF,FF
113232,11188,0xCFF6600,1,8,66,08,FF,FF,FF,FF,FF,FF
113242,11189,0x18F00500,1,8,FF,FF,FF,FF,20,2D,FF,FF
113242,11190,0x18FEF100,1,8,3F,00,00,FF,FF,FF,FF,FF
113243,11191,0x18FEF200,1,8,1B,00,00,00,00,00,00,FF
113252,11192,0xCF00400,1,8,FF,FF,FF,C8,42,FF,FF,FF
113253,11193,0xCFF6600,1,8,59,08,FF,FF,FF,FF,FF,FF
113271,11194,0xCF00400,1,8,FF,FF,FF,34,42,FF,FF,FF
113272,11195,0xCFF6600,1,8,46,08,FF,FF,FF,FF,FF,FF
113292,11196,0xCF00400,1,8,FF,FF,FF,C4,41,FF,FF,FF
113292,11197,0xCFF6600,1,8,38,08,FF,FF,FF,FF,FF,FF
113312,11198,0xCF00400,1,8,FF,FF,FF,C4,41,FF,FF,FF
113312,11199,0xCFF6600,1,8,38,08,FF,FF,FF,FF,FF,FF
113347,11200,0xCF00400,1,8,FF,FF,FF,6C,41,FF,FF,FF
113368,11201,0xCFF6600,1,8,2D,08,FF,FF,FF,FF,FF,FF
113369,11202,0x18EEFF00,1,8,08,CF,60,06,00,00,00,00
113371,11203,0xCF00400,1,8,FF,FF,FF,90,41,FF,FF,FF
113372,11204,0xCFF6600,1,8,32,08,FF,FF,FF,FF,FF,FF
113391,11205,0xCF00400,1,8,FF,FF,FF,20,42,FF,FF,FF
113392,11206,0xCFF6600,1,8,44,08,FF,FF,FF,FF,FF,FF
113411,11207,0xCF00400,1,8,FF,FF,FF,1A,42,FF,FF,FF
113412,11208,0xCFF6600,1,8,43,08,FF,FF,FF,FF,FF,FF
113432,11209,0xCF00400,1,8,FF,FF,FF,84,41,FF,FF,FF
113433,11210,0xCFF6600,1,8,30,08,FF,FF,FF,FF,FF,FF
113442,11211,0x18FEF100,1,8,3F,00,00,FF,FF,FF,FF,FF
113443,11212,0x10FF6500,1,8,FC,FF,FF,FF,FF,FF,FF,FF
113443,11213,0x18F00500,1,8,FF,FF,FF,FF,20,2D,FF,FF
113444,11214,0x18FEF200,1,8,1B,00,00,00,00,00,00,FF
113451,11215,0xCF00400,1,8,FF,FF,FF,84,41,FF,FF,FF
113452,11216,0xCFF6600,1,8,30,08,FF,FF,FF,FF,FF,FF
113472,11217,0xCF00400,1,8,FF,FF,FF,22,41,FF,FF,FF
113472,11218,0xCFF6600,1,8,24,08,FF,FF,FF,FF,FF,FF
113492,11219,0xCF00400,1,8,FF,FF,FF,F0,40,FF,FF,FF
113493,11220,0xCFF6600,1,8,1E,08,FF,FF,FF,FF,FF,FF
113511,11221,0xCF00400,1,8,FF,FF,FF,F0,40,FF,FF,FF
113512,11222,0xCFF6600,1,8,1E,08,FF,FF,FF,FF,FF,FF
113532,11223,0xCF00400,1,8,FF,FF,FF,B6,40,FF,FF,FF
113532,11224,0xCFF6600,1,8,16,08,FF,FF,FF,FF,FF,FF
113542,11225,0x18F00500,1,8,FF,FF,FF,FF,20,2D,FF,FF
113543,11226,0x18FEF100,1,8,3F,00,00,FF,FF,FF,FF,FF
113543,11227,0x18FEF200,1,8,1B,00,00,00,00,00,00,FF
113554,11228,0xCF00400,1,8,FF,FF,FF,70,40,FF,FF,FF
113554,11229,0xCFF6600,1,8,0E,08,FF,FF,FF,FF,FF,FF
113572,11230,0xCF00400,1,8,FF,FF,FF,70,40,FF,FF,FF
113573,11231,0xCFF6600,1,8,0E,08,FF,FF,FF,FF,FF,FF
113592,11232,0xCF00400,1,8,FF,FF,FF,16,40,FF,FF,FF
113592,11233,0xCFF6600,1,8,02,08,FF,FF,FF,FF,FF,FF
113612,11234,0xCF00400,1,8,FF,FF,FF,A8,3F,FF,FF,FF
113614,11235,0xCFF6600,1,8,F5,07,FF,FF,FF,FF,FF,FF
113632,11236,0xCF00400,1,8,FF,FF,FF,A8,3F,FF,FF,FF
113633,11237,0xCFF6600,1,8,F5,07,FF,FF,FF,FF,FF,FF
113642,11238,0x18FEF100,1,8,3F,00,00,FF,FF,FF,FF,FF
113643,11239,0x10FF6500,1,8,FC,FF,FF,FF,FF,FF,FF,FF
113644,11240,0x18F00500,1,8,FF,FF,FF,FF,20,2D,FF,FF
113679,11241,0xCF00400,1,8,FF,FF,FF,92,3F,FF,FF,FF
113680,11242,0xCFF6600,1,8,F2,07,FF,FF,FF,FF,FF,FF
113681,11243,0x18EEFF00,1,8,08,CF,60,06,00,00,00,00
113681,11244,0x18FEF200,1,8,1B,00,00,00,00,00,00,FF
113691,11245,0xCF00400,1,8,FF,FF,FF,CA,3F,FF,FF,FF
113692,11246,0xCFF6600,1,8,F9,07,FF,FF,FF,FF,FF,FF
113711,11247,0xCF00400,1,8,FF,FF,FF,1E,40,FF,FF,FF
113712,11248,0xCFF6600,1,8,03,08,FF,FF,FF,FF,FF,FF
113731,11249,0xCF00400,1,8,FF,FF,FF,82,40,FF,FF,FF
113732,11250,0xCFF6600,1,8,10,08,FF,FF,FF,FF,FF,FF
113742,11251,0x18F00500,1,8,FF,FF,FF,FF,20,2D,FF,FF
113744,11252,0x18F00600,1,8,FF,FF,FF,FF,FF,FF,FF,FF
113744,11253,0x18FEF100,1,8,3F,00,00,FF,FF,FF,FF,FF
113745,11254,0x18FEF200,1,8,1B,00,00,00,00,00,00,FF
113745,11255,0x1CFDDF00,1,8,FE,FF,FF,FF,FF,FF,FF,FF
113746,11256,0x1CFF6A00,1,8,FC,FF,FF,FF,FF,FF,FF,FF
113752,11257,0xCF00400,1,8,FF,FF,FF,8A,40,FF,FF,FF
113753,11258,0xCFF6600,1,8,11,08,FF,FF,FF,FF,FF,FF
113772,11259,0xCF00400,1,8,FF,FF,FF,8A,40,FF,FF,FF
113772,11260,0xCFF6600,1,8,11,08,FF,FF,FF,FF,FF,FF
113792,11261,0xCF00400,1,8,FF,FF,FF,46,40,FF,FF,FF
113792,11262,0xCFF6600,1,8,08,08,FF,FF,FF,FF,FF,FF
113811,11263,0xCF00400,1,8,FF,FF,FF,EE,3F,FF,FF,FF
113812,11264,0xCFF6600,1,8,FD,07,FF,FF,FF,FF,FF,FF
113831,11265,0xCF00400,1,8,FF,FF,FF,EE,3F,FF,FF,FF
113832,11266,0xCFF6600,1,8,FD,07,FF,FF,FF,FF,FF,FF
113842,11267,0x18FEF100,1,8,3F,00,00,FF,FF,FF,FF,FF
113843,11268,0x10FF6500,1,8,FC,FF,FF,FF,FF,FF,FF,FF
113843,11269,0x18F00500,1,8,FF,FF,FF,FF,20,2D,FF,FF
113844,11270,0x18FEF200,1,8,1B,00,00,00,00,00,00,FF
113851,11271,0xCF00400,1,8,FF,FF,FF,78,3F,FF,FF,FF
113872,11272,0xCF00400,1,8,FF,FF,FF,1A,3F,FF,FF,FF
113874,11273,0xCFF6600,1,8,EF,07,FF,FF,FF,FF,FF,FF
113892,11274,0xCF00400,1,8,FF,FF,FF,1A,3F,FF,FF,FF
113892,11275,0xCFF6600,1,8,E3,07,FF,FF,FF,FF,FF,FF
113901,11276,0x18FEEE00,1,8,6B,FF,FF,FF,FF,FF,FF,FF
113901,11277,0x18FDE500,1,8,0A,14,1E,28,32,3C,46,13
113912,11278,0xCF00400,1,8,FF,FF,FF,D6,3E,FF,FF,FF
113912,11279,0xCFF6600,1,8,DA,07,FF,FF,FF,FF,FF,FF
113921,11280,0x1CECFF00,1,8,20,0A,00,02,FF,CA,FE,00
113932,11281,0xCF00400,1,8,FF,FF,FF,F6,3E,FF,FF,FF
113933,11282,0xCFF6600,1,8,DE,07,FF,FF,FF,FF,FF,FF
113942,11283,0x18F00500,1,8,FF,FF,FF,FF,20,2D,FF,FF
113943,11284,0x18FEF100,1,8,3F,00,00,FF,FF,FF,FF,FF
113943,11285,0x18FEF200,1,8,16,00,00,00,00,00,00,FF
113951,11286,0xCF00400,1,8,FF,FF,FF,F6,3E,FF,FF,FF
113952,11287,0xCFF6600,1,8,DE,07,FF,FF,FF,FF,FF,FF
113972,11288,0xCF00400,1,8,FF,FF,FF,62,3F,FF,FF,FF
113986,11289,0xCFF6600,1,8,EC,07,FF,FF,FF,FF,FF,FF
113987,11290,0x1CEBFF00,1,8,01,40,FF,0F,F0,E5,01,02
113990,11291,0x18EEFF00,1,8,08,CF,60,06,00,00,00,00
113991,11292,0xCF00400,1,8,FF,FF,FF,68,3F,FF,FF,FF
113992,11293,0xCFF6600,1,8,ED,07,FF,FF,FF,FF,FF,FF
114011,11294,0xCF00400,1,8,FF,FF,FF,68,3F,FF,FF,FF
114012,11295,0xCFF6600,1,8,ED,07,FF,FF,FF,FF,FF,FF
114021,11296,0x1CEBFF00,1,8,02,F0,E3,01,FF,FF,FF,FF
114031,11297,0xCF00400,1,8,FF,FF,FF,14,3F,FF,FF,FF
114032,11298,0xCFF6600,1,8,E2,07,FF,FF,FF,FF,FF,FF
114042,11299,0x18F00500,1,8,FF,FF,FF,FF,20,2D,FF,FF
114043,11300,0x10FF6500,1,8,FC,FF,FF,FF,FF,FF,FF,FF
114043,11301,0x18FEF100,1,8,3F,00,00,FF,FF,FF,FF,FF
114044,11302,0x18FEF200,1,8,16,00,00,00,00,00,00,FF
114051,11303,0xCF00400,1,8,FF,FF,FF,48,3F,FF,FF,FF
114052,11304,0xCFF6600,1,8,E9,07,FF,FF,FF,FF,FF,FF
114071,11305,0xCF00400,1,8,FF,FF,FF,48,3F,FF,FF,FF
114091,11306,0xCF00400,1,8,FF,FF,FF,EC,3F,FF,FF,FF
114093,11307,0xCFF6600,1,8,E9,07,FF,FF,FF,FF,FF,FF
114111,11308,0xCF00400,1,8,FF,FF,FF,B4,3F,FF,FF,FF
114112,11309,0xCFF6600,1,8,F6,07,FF,FF,FF,FF,FF,FF
114131,11310,0xCF00400,1,8,FF,FF,FF,B4,3F,FF,FF,FF
114132,11311,0xCFF6600,1,8,F6,07,FF,FF,FF,FF,FF,FF
114142,11312,0x18F00500,1,8,FF,FF,FF,FF,20,2D,FF,FF
114143,11313,0x18FEF100,1,8,3F,00,00,FF,FF,FF,FF,FF
114144,11314,0x18FEF200,1,8,16,00,00,00,00,00,00,FF
114151,11315,0xCF00400,1,8,FF,FF,FF,BC,3E,FF,FF,FF
114152,11316,0xCFF6600,1,8,D7,07,FF,FF,FF,FF,FF,FF
114172,11317,0xCF00400,1,8,FF,FF,FF,1C,3E,FF,FF,FF
114172,11318,0xCFF6600,1,8,C3,07,FF,FF,FF,FF,FF,FF
114192,11319,0xCF00400,1,8,FF,FF,FF,1C,3E,FF,FF,FF
114193,11320,0xCFF6600,1,8,C3,07,FF,FF,FF,FF,FF,FF
114212,11321,0xCF00400,1,8,FF,FF,FF,CC,3D,FF,FF,FF
114212,11322,0xCFF6600,1,8,B9,07,FF,FF,FF,FF,FF,FF
114232,11323,0xCF00400,1,8,FF,FF,FF,54,3D,FF,FF,FF
114308,11324,0xCF00400,1,8,FF,FF,FF,54,3D,FF,FF,FF
114342,11325,0xCFF6600,1,8,AA,07,FF,FF,FF,FF,FF,FF
114343,11326,0x10FF6500,1,8,FC,FF,FF,FF,FF,FF,FF,FF
114343,11327,0x18EEFF00,1,8,08,CF,60,06,00,00,00,00
114344,11328,0x18F00500,1,8,FF,FF,FF,FF,20,2D,FF,FF
114345,11329,0x18F00600,1,8,FF,FF,FF,FF,FF,FF,FF,FF
114345,11330,0x18FEF100,1,8,3F,00,00,FF,FF,FF,FF,FF
114346,11331,0x18FEF200,1,8,16,00,00,00,00,00,00,FF
114347,11332,0x1CFDDF00,1,8,FE,FF,FF,FF,FF,FF,FF,FF
114347,11333,0x1CFF6A00,1,8,FC,FF,FF,FF,FF,FF,FF,FF
114351,11334,0xCF00400,1,8,FF,FF,FF,58,3A,FF,FF,FF
114352,11335,0xCFF6600,1,8,4B,07,FF,FF,FF,FF,FF,FF
114372,11336,0xCF00400,1,8,FF,FF,FF,C4,39,FF,FF,FF
114373,11337,0xCFF6600,1,8,38,07,FF,FF,FF,FF,FF,FF
114391,11338,0xCF00400,1,8,FF,FF,FF,EE,39,FF,FF,FF
114392,11339,0xCFF6600,1,8,3D,07,FF,FF,FF,FF,FF,FF
114411,11340,0xCF00400,1,8,FF,FF,FF,EE,39,FF,FF,FF
114412,11341,0xCFF6600,1,8,3D,07,FF,FF,FF,FF,FF,FF
114432,11342,0xCF00400,1,8,FF,FF,FF,F8,39,FF,FF,FF
114432,11343,0xCFF6600,1,8,3F,07,FF,FF,FF,FF,FF,FF
114442,11344,0x18F00500,1,8,FF,FF,FF,FF,20,2D,FF,FF
114443,11345,0x18FEF100,1,8,3F,00,00,FF,FF,FF,FF,FF
114443,11346,0x18FEF200,1,8,16,00,00,00,00,00,00,FF
114452,11347,0xCF00400,1,8,FF,FF,FF,F8,39,FF,FF,FF
114473,11348,0xCF00400,1,8,FF,FF,FF,DC,39,FF,FF,FF
114474,11349,0xCFF6600,1,8,3F,07,FF,FF,FF,FF,FF,FF
114492,11350,0xCF00400,1,8,FF,FF,FF,72,39,FF,FF,FF
114493,11351,0xCFF6600,1,8,2E,07,FF,FF,FF,FF,FF,FF
114512,11352,0xCF00400,1,8,FF,FF,FF,72,39,FF,FF,FF
114512,11353,0xCFF6600,1,8,2E,07,FF,FF,FF,FF,FF,FF
114531,11354,0xCF00400,1,8,FF,FF,FF,C2,38,FF,FF,FF
114532,11355,0xCFF6600,1,8,18,07,FF,FF,FF,FF,FF,FF
114542,11356,0x18FEF100,1,8,3F,00,00,FF,FF,FF,FF,FF
114543,11357,0x10FF6500,1,8,FC,FF,FF,FF,FF,FF,FF,FF
114543,11358,0x18F00500,1,8,FF,FF,FF,FF,20,2D,FF,FF
114544,11359,0x18FEF200,1,8,16,00,00,00,00,00,00,FF
114551,11360,0xCF00400,1,8,FF,FF,FF,C2,38,FF,FF,FF
114552,11361,0xCFF6600,1,8,18,07,FF,FF,FF,FF,FF,FF
114572,11362,0xCF00400,1,8,FF,FF,FF,7A,38,FF,FF,FF
114572,11363,0xCFF6600,1,8,0F,07,FF,FF,FF,FF,FF,FF
114593,11364,0xCF00400,1,8,FF,FF,FF,90,38,FF,FF,FF
114593,11365,0xCFF6600,1,8,12,07,FF,FF,FF,FF,FF,FF
114612,11366,0xCF00400,1,8,FF,FF,FF,90,38,FF,FF,FF
114612,11367,0xCFF6600,1,8,12,07,FF,FF,FF,FF,FF,FF
114645,11368,0xCF00400,1,8,FF,FF,FF,9A,38,FF,FF,FF
114666,11369,0xCFF6600,1,8,13,07,FF,FF,FF,FF,FF,FF
114667,11370,0x18EEFF00,1,8,08,CF,60,06,00,00,00,00
114672,11371,0xCF00400,1,8,FF,FF,FF,9A,38,FF,FF,FF
114673,11372,0xCFF6600,1,8,13,07,FF,FF,FF,FF,FF,FF
114691,11373,0xCF00400,1,8,FF,FF,FF,9E,38,FF,FF,FF
114693,11374,0xCFF6600,1,8,13,07,FF,FF,FF,FF,FF,FF
114711,11375,0xCF00400,1,8,FF,FF,FF,9E,38,FF,FF,FF
114712,11376,0xCFF6600,1,8,13,07,FF,FF,FF,FF,FF,FF
114731,11377,0xCF00400,1,8,FF,FF,FF,9E,38,FF,FF,FF
114732,11378,0xCFF6600,1,8,13,07,FF,FF,FF,FF,FF,FF
114742,11379,0x18F00500,1,8,FF,FF,FF,FF,20,2D,FF,FF
114743,11380,0x18FEF100,1,8,3F,00,00,FF,FF,FF,FF,FF
114743,11381,0x18FEF200,1,8,16,00,00,00,00,00,00,FF
114752,11382,0xCF00400,1,8,FF,FF,FF,9A,38,FF,FF,FF
114753,11383,0xCFF6600,1,8,13,07,FF,FF,FF,FF,FF,FF
114771,11384,0xCF00400,1,8,FF,FF,FF,9A,38,FF,FF,FF
114772,11385,0xCFF6600,1,8,13,07,FF,FF,FF,FF,FF,FF
114792,11386,0xCF00400,1,8,FF,FF,FF,88,38,FF,FF,FF
114793,11387,0xCFF6600,1,8,11,07,FF,FF,FF,FF,FF,FF
114812,11388,0xCF00400,1,8,FF,FF,FF,88,38,FF,FF,FF
114812,11389,0xCFF6600,1,8,11,07,FF,FF,FF,FF,FF,FF
114831,11390,0xCF00400,1,8,FF,FF,FF,0E,38,FF,FF,FF
114852,11391,0xCF00400,1,8,FF,FF,FF,0E,38,FF,FF,FF
114852,11392,0xCFF6600,1,8,01,07,FF,FF,FF,FF,FF,FF
114853,11393,0x10FF6500,1,8,FC,FF,FF,FF,FF,FF,FF,FF
114854,11394,0x18F00500,1,8,FF,FF,FF,FF,20,2D,FF,FF
114854,11395,0x18FEF100,1,8,3F,00,00,FF,FF,FF,FF,FF
114855,11396,0x18FEF200,1,8,16,00,00,00,00,00,00,FF
114872,11397,0xCF00400,1,8,FF,FF,FF,3A,37,FF,FF,FF
114872,11398,0xCFF6600,1,8,E7,06,FF,FF,FF,FF,FF,FF
114891,11399,0xCF00400,1,8,FF,FF,FF,48,37,FF,FF,FF
114893,11400,0xCFF6600,1,8,E9,06,FF,FF,FF,FF,FF,FF
114914,11401,0x18FDE500,1,8,0A,14,1E,28,32,3C,46,13
114915,11402,0x18FEEE00,1,8,6B,FF,FF,FF,FF,FF,FF,FF
114920,11403,0x18EEFF00,1,8,08,CF,60,06,00,00,00,00
114921,11404,0x1CECFF00,1,8,20,0A,00,02,FF,CA,FE,00
114931,11405,0xCF00400,1,8,FF,FF,FF,20,38,FF,FF,FF
114932,11406,0xCFF6600,1,8,04,07,FF,FF,FF,FF,FF,FF
114942,11407,0x18FEF100,1,8,3F,00,00,FF,FF,FF,FF,FF
114943,11408,0x18F00500,1,8,FF,FF,FF,FF,20,2D,FF,FF
114943,11409,0x18F00600,1,8,FF,FF,FF,FF,FF,FF,FF,FF
114944,11410,0x18FEF200,1,8,11,00,00,00,00,00,00,FF
114944,11411,0x1CFDDF00,1,8,FE,FF,FF,FF,FF,FF,FF,FF
114945,11412,0x1CFF6A00,1,8,FC,FF,FF,FF,FF,FF,FF,FF
114952,11413,0xCF00400,1,8,FF,FF,FF,EC,38,FF,FF,FF
114952,11414,0xCFF6600,1,8,1D,07,FF,FF,FF,FF,FF,FF
114971,11415,0xCF00400,1,8,FF,FF,FF,EC,38,FF,FF,FF
114972,11416,0xCFF6600,1,8,1D,07,FF,FF,FF,FF,FF,FF
114973,11417,0x1CEBFF00,1,8,01,40,FF,0F,F0,E5,01,02
114992,11418,0xCF00400,1,8,FF,FF,FF,B2,39,FF,FF,FF
114993,11419,0xCFF6600,1,8,36,07,FF,FF,FF,FF,FF,FF
115012,11420,0xCF00400,1,8,FF,FF,FF,B2,39,FF,FF,FF
115014,11421,0xCFF6600,1,8,36,07,FF,FF,FF,FF,FF,FF
115021,11422,0x1CEBFF00,1,8,02,F0,E3,01,FF,FF,FF,FF
115031,11423,0xCF00400,1,8,FF,FF,FF,20,3A,FF,FF,FF
115032,11424,0xCFF6600,1,8,44,07,FF,FF,FF,FF,FF,FF
115042,11425,0x18F00500,1,8,FF,FF,FF,FF,20,2D,FF,FF
115065,11426,0xCF00400,1,8,FF,FF,FF,40,3A,FF,FF,FF
115065,11427,0xCFF6600,1,8,48,07,FF,FF,FF,FF,FF,FF
115066,11428,0x10FF6500,1,8,FC,FF,FF,FF,FF,FF,FF,FF
115067,11429,0x18FEF100,1,8,3F,00,00,FF,FF,FF,FF,FF
115067,11430,0x18FEF200,1,8,11,00,00,00,00,00,00,FF
115071,11431,0xCF00400,1,8,FF,FF,FF,40,3A,FF,FF,FF
115072,11432,0xCFF6600,1,8,48,07,FF,FF,FF,FF,FF,FF
115091,11433,0xCF00400,1,8,FF,FF,FF,46,3A,FF,FF,FF
115092,11434,0xCFF6600,1,8,48,07,FF,FF,FF,FF,FF,FF
115111,11435,0xCF00400,1,8,FF,FF,FF,46,3A,FF,FF,FF
115112,11436,0xCFF6600,1,8,48,07,FF,FF,FF,FF,FF,FF
115146,11437,0xCF00400,1,8,FF,FF,FF,32,3A,FF,FF,FF
115146,11438,0xCFF6600,1,8,46,07,FF,FF,FF,FF,FF,FF
115150,11439,0x18EEFF00,1,8,08,CF,60,06,00,00,00,00
115151,11440,0xCF00400,1,8,FF,FF,FF,DA,39,FF,FF,FF
115152,11441,0xCFF6600,1,8,3B,07,FF,FF,FF,FF,FF,FF
115171,11442,0xCF00400,1,8,FF,FF,FF,DA,39,FF,FF,FF
115172,11443,0xCFF6600,1,8,3B,07,FF,FF,FF,FF,FF,FF
115191,11444,0xCF00400,1,8,FF,FF,FF,4C,39,FF,FF,FF
115193,11445,0xCFF6600,1,8,29,07,FF,FF,FF,FF,FF,FF
115212,11446,0xCF00400,1,8,FF,FF,FF,E4,38,FF,FF,FF
115212,11447,0xCFF6600,1,8,1C,07,FF,FF,FF,FF,FF,FF
115232,11448,0xCF00400,1,8,FF,FF,FF,E4,38,FF,FF,FF
115232,11449,0xCFF6600,1,8,1C,07,FF,FF,FF,FF,FF,FF
115242,11450,0x18F00500,1,8,FF,FF,FF,FF,20,2D,FF,FF
115243,11451,0x18FEF100,1,8,3F,00,00,FF,FF,FF,FF,FF
115243,11452,0x18FEF200,1,8,11,00,00,00,00,00,00,FF
115251,11453,0xCF00400,1,8,FF,FF,FF,98,38,FF,FF,FF
115253,11454,0xCFF6600,1,8,13,07,FF,FF,FF,FF,FF,FF
115271,11455,0xCF00400,1,8,FF,FF,FF,98,38,FF,FF,FF
115272,11456,0xCFF6600,1,8,13,07,FF,FF,FF,FF,FF,FF
115293,11457,0xCF00400,1,8,FF,FF,FF,7E,38,FF,FF,FF
115293,11458,0xCFF6600,1,8,0F,07,FF,FF,FF,FF,FF,FF
115312,11459,0xCF00400,1,8,FF,FF,FF,96,38,FF,FF,FF
115312,11460,0xCFF6600,1,8,12,07,FF,FF,FF,FF,FF,FF
115332,11461,0xCF00400,1,8,FF,FF,FF,96,38,FF,FF,FF
115332,11462,0xCFF6600,1,8,12,07,FF,FF,FF,FF,FF,FF
115345,11463,0x10FF6500,1,8,FC,FF,FF,FF,FF,FF,FF,FF
115345,11464,0x18F00500,1,8,FF,FF,FF,FF,20,2D,FF,FF
115346,11465,0x18FEF100,1,8,3F,00,00,FF,FF,FF,FF,FF
115347,11466,0x18FEF200,1,8,11,00,00,00,00,00,00,FF
115351,11467,0xCF00400,1,8,FF,FF,FF,88,38,FF,FF,FF
115352,11468,0xCFF6600,1,8,11,07,FF,FF,FF,FF,FF,FF
115372,11469,0xCF00400,1,8,FF,FF,FF,88,38,FF,FF,FF
115373,11470,0xCFF6600,1,8,11,07,FF,FF,FF,FF,FF,FF
115391,11471,0xCF00400,1,8,FF,FF,FF,4E,38,FF,FF,FF
115412,11472,0xCF00400,1,8,FF,FF,FF,B8,38,FF,FF,FF
115413,11473,0xCFF6600,1,8,09,07,FF,FF,FF,FF,FF,FF
115432,11474,0xCF00400,1,8,FF,FF,FF,B8,38,FF,FF,FF
115432,11475,0xCFF6600,1,8,17,07,FF,FF,FF,FF,FF,FF
115442,11476,0x18FEF100,1,8,3F,00,00,FF,FF,FF,FF,FF
115443,11477,0x18F00500,1,8,FF,FF,FF,FF,20,2D,FF,FF
115444,11478,0x18FEF200,1,8,11,00,00,00,00,00,0E,FF
115451,11479,0xCF00400,1,8,FF,FF,FF,BE,39,FF,FF,FF
115452,11480,0xCFF6600,1,8,37,07,FF,FF,FF,FF,FF,FF
115471,11481,0xCF00400,1,8,FF,FF,FF,BE,39,FF,FF,FF
115472,11482,0xCFF6600,1,8,37,07,FF,FF,FF,FF,FF,FF
115492,11483,0xCF00400,1,8,FF,FF,FF,F8,3B,FF,FF,FF
115492,11484,0xCFF6600,1,8,7F,07,FF,FF,FF,FF,FF,FF
115525,11485,0xCF00400,1,8,FF,FF,FF,96,3F,FF,FF,FF
115526,11486,0xCFF6600,1,8,F2,07,FF,FF,FF,FF,FF,FF
115530,11487,0x18EEFF00,1,8,08,CF,60,06,00,00,00,00
115531,11488,0xCF00400,1,8,FF,FF,FF,1C,43,FF,FF,FF
115532,11489,0xCFF6600,1,8,63,08,FF,FF,FF,FF,FF,FF
115542,11490,0x18FEF100,1,8,3F,00,00,FF,FF,FF,FF,FF
115543,11491,0x10FF6500,1,8,FC,FF,FF,FF,FF,FF,FF,FF
115544,11492,0x18F00500,1,8,FF,FF,FF,FF,20,2D,FF,FF
115544,11493,0x18F00600,1,8,FF,FF,FF,FF,FF,FF,FF,FF
115545,11494,0x18FEF200,1,8,11,00,00,00,00,00,17,FF
115545,11495,0x1CFDDF00,1,8,FE,FF,FF,FF,FF,FF,FF,FF
115546,11496,0x1CFF6A00,1,8,FC,FF,FF,FF,FF,FF,FF,FF
115551,11497,0xCF00400,1,8,FF,FF,FF,1C,43,FF,FF,FF
115552,11498,0xCFF6600,1,8,63,08,FF,FF,FF,FF,FF,FF
115572,11499,0xCF00400,1,8,FF,FF,FF,C2,46,FF,FF,FF
115572,11500,0xCFF6600,1,8,D8,08,FF,FF,FF,FF,FF,FF
115592,11501,0xCF00400,1,8,FF,FF,FF,84,4A,FF,FF,FF
115612,11502,0xCF00400,1,8,FF,FF,FF,38,4E,FF,FF,FF
115612,11503,0xCFF6600,1,8,50,09,FF,FF,FF,FF,FF,FF
115631,11504,0xCF00400,1,8,FF,FF,FF,12,51,FF,FF,FF
115632,11505,0xCFF6600,1,8,22,0A,FF,FF,FF,FF,FF,FF
115642,11506,0x18FEF100,1,8,3F,00,00,FF,FF,FF,FF,FF
115643,11507,0x18F00500,1,8,FF,FF,FF,FF,20,2D,FF,FF
115643,11508,0x18FEF200,1,8,11,00,00,00,00,00,15,FF
115655,11509,0xCF00400,1,8,FF,FF,FF,4E,53,FF,FF,FF
115655,11510,0xCFF6600,1,8,69,0A,FF,FF,FF,FF,FF,FF
115671,11511,0xCF00400,1,8,FF,FF,FF,9E,55,FF,FF,FF
115672,11512,0xCFF6600,1,8,B3,0A,FF,FF,FF,FF,FF,FF
115691,11513,0xCF00400,1,8,FF,FF,FF,DA,57,FF,FF,FF
115692,11514,0xCFF6600,1,8,FB,0A,FF,FF,FF,FF,FF,FF
115713,11515,0xCF00400,1,8,FF,FF,FF,C2,59,FF,FF,FF
115746,11516,0xCF00400,1,8,FF,FF,FF,6E,5B,FF,FF,FF
115747,11517,0xCFF6600,1,8,38,0B,FF,FF,FF,FF,FF,FF
115750,11518,0x18EEFF00,1,8,08,CF,60,06,00,00,00,00
115752,11519,0xCF00400,1,8,FF,FF,FF,E2,5C,FF,FF,FF
115754,11520,0xCFF6600,1,8,9C,0B,FF,FF,FF,FF,FF,FF
115772,11521,0xCF00400,1,8,FF,FF,FF,2A,5E,FF,FF,FF
115772,11522,0xCFF6600,1,8,C5,0B,FF,FF,FF,FF,FF,FF
115791,11523,0xCF00400,1,8,FF,FF,FF,7C,5F,FF,FF,FF
115792,11524,0xCFF6600,1,8,EF,0B,FF,FF,FF,FF,FF,FF
115811,11525,0xCF00400,1,8,FF,FF,FF,D4,60,FF,FF,FF
115812,11526,0xCFF6600,1,8,1A,0C,FF,FF,FF,FF,FF,FF
115831,11527,0xCF00400,1,8,FF,FF,FF,44,62,FF,FF,FF
115832,11528,0xCFF6600,1,8,48,0C,FF,FF,FF,FF,FF,FF
115842,11529,0x10FF6500,1,8,FC,FF,FF,FF,FF,FF,FF,FF
115842,11530,0x18F00500,1,8,FF,FF,FF,FF,20,2D,FF,FF
115843,11531,0x18FEF100,1,8,3F,00,00,FF,FF,FF,FF,FF
115844,11532,0x18FEF200,1,8,11,00,00,00,00,00,11,FF
115851,11533,0xCF00400,1,8,FF,FF,FF,C0,63,FF,FF,FF
115852,11534,0xCFF6600,1,8,78,0C,FF,FF,FF,FF,FF,FF
115872,11535,0xCF00400,1,8,FF,FF,FF,E4,64,FF,FF,FF
115872,11536,0xCFF6600,1,8,9C,0C,FF,FF,FF,FF,FF,FF
115892,11537,0xCF00400,1,8,FF,FF,FF,D0,65,FF,FF,FF
115892,11538,0xCFF6600,1,8,BA,0C,FF,FF,FF,FF,FF,FF
115901,11539,0x18FEEE00,1,8,6C,FF,FF,FF,FF,FF,FF,FF
115902,11540,0x18FDE500,1,8,0A,14,1E,28,32,3C,46,13
115912,11541,0xCF00400,1,8,FF,FF,FF,04,67,FF,FF,FF
115913,11542,0xCFF6600,1,8,E0,0C,FF,FF,FF,FF,FF,FF
115923,11543,0x1CECFF00,1,8,20,0A,00,02,FF,CA,FE,00
115931,11544,0xCF00400,1,8,FF,FF,FF,66,68,FF,FF,FF
115932,11545,0xCFF6600,1,8,0C,0D,FF,FF,FF,FF,FF,FF
115942,11546,0x18FEF100,1,8,3F,00,00,FF,FF,FF,FF,FF
115942,11547,0x18F00500,1,8,FF,FF,FF,FF,20,2D,FF,FF
115943,11548,0x18FEF200,1,8,1B,00,00,00,00,00,13,FF
115951,11549,0xCF00400,1,8,FF,FF,FF,5E,69,FF,FF,FF
115972,11550,0xCF00400,1,8,FF,FF,FF,16,6A,FF,FF,FF
115973,11551,0xCFF6600,1,8,2B,0D,FF,FF,FF,FF,FF,FF
115973,11552,0x1CEBFF00,1,8,01,40,FF,0F,F0,E5,01,02
115991,11553,0xCF00400,1,8,FF,FF,FF,00,6C,FF,FF,FF
115992,11554,0xCFF6600,1,8,80,0D,FF,FF,FF,FF,FF,FF
116011,11555,0xCF00400,1,8,FF,FF,FF,5E,6D,FF,FF,FF
116012,11556,0xCFF6600,1,8,AB,0D,FF,FF,FF,FF,FF,FF
116021,11557,0x1CEBFF00,1,8,02,F0,E3,01,FF,FF,FF,FF
116031,11558,0xCF00400,1,8,FF,FF,FF,F0,6E,FF,FF,FF
116032,11559,0xCFF6600,1,8,DE,0D,FF,FF,FF,FF,FF,FF
116042,11560,0x18FEF100,1,8,3F,00,00,FF,FF,FF,FF,FF
116043,11561,0x10FF6500,1,8,FC,FF,FF,FF,FF,FF,FF,FF
116043,11562,0x18F00500,1,8,FF,FF,FF,FF,20,2D,FF,FF
116044,11563,0x18FEF200,1,8,1B,00,00,00,00,00,13,FF
116051,11564,0xCF00400,1,8,FF,FF,FF,78,70,FF,FF,FF
116052,11565,0xCFF6600,1,8,0F,0E,FF,FF,FF,FF,FF,FF
116071,11566,0xCF00400,1,8,FF,FF,FF,FC,71,FF,FF,FF
116072,11567,0xCFF6600,1,8,3F,0E,FF,FF,FF,FF,FF,FF
116091,11568,0xCF00400,1,8,FF,FF,FF,A8,74,FF,FF,FF
116092,11569,0xCFF6600,1,8,95,0E,FF,FF,FF,FF,FF,FF
116112,11570,0xCF00400,1,8,FF,FF,FF,B8,75,FF,FF,FF
116113,11571,0xCFF6600,1,8,B7,0E,FF,FF,FF,FF,FF,FF
116131,11572,0xCF00400,1,8,FF,FF,FF,A8,76,FF,FF,FF
116132,11573,0xCFF6600,1,8,D5,0E,FF,FF,FF,FF,FF,FF
116142,11574,0x18FEF100,1,8,3F,00,00,FF,FF,FF,FF,FF
116142,11575,0x18F00500,1,8,FF,FF,FF,FF,20,2D,FF,FF
116143,11576,0x18F00600,1,8,FF,FF,FF,FF,FF,FF,FF,FF
116144,11577,0x18FEF200,1,8,1B,00,00,00,00,00,11,FF
116165,11578,0xCF00400,1,8,FF,FF,FF,0A,79,FF,FF,FF
116165,11579,0xCFF6600,1,8,21,0F,FF,FF,FF,FF,FF,FF
116166,11580,0x1CFDDF00,1,8,FE,FF,FF,FF,FF,FF,FF,FF
116167,11581,0x1CFF6A00,1,8,FC,FF,FF,FF,FF,FF,FF,FF
116171,11582,0xCF00400,1,8,FF,FF,FF,36,7A,FF,FF,FF
116172,11583,0xCFF6600,1,8,46,0F,FF,FF,FF,FF,FF,FF
116191,11584,0xCF00400,1,8,FF,FF,FF,58,7B,FF,FF,FF
116192,11585,0xCFF6600,1,8,6B,0F,FF,FF,FF,FF,FF,FF
116212,11586,0xCF00400,1,8,FF,FF,FF,9A,7D,FF,FF,FF
116212,11587,0xCFF6600,1,8,B3,0F,FF,FF,FF,FF,FF,FF
116232,11588,0xCF00400,1,8,FF,FF,FF,9C,7E,FF,FF,FF
116232,11589,0xCFF6600,1,8,D3,0F,FF,FF,FF,FF,FF,FF
116242,11590,0x18FEF100,1,8,3F,00,00,FF,FF,FF,FF,FF
116243,11591,0x10FF6500,1,8,FC,FF,FF,FF,FF,FF,FF,FF
116244,11592,0x18F00500,1,8,FF,FF,FF,FF,20,2D,FF,FF
116244,11593,0x18FEF200,1,8,1B,00,00,00,00,00,12,FF
116252,11594,0xCF00400,1,8,FF,FF,FF,94,7F,FF,FF,FF
116252,11595,0xCFF6600,1,8,F2,0F,FF,FF,FF,FF,FF,FF
116272,11596,0xCF00400,1,8,FF,FF,FF,CA,80,FF,FF,FF
116273,11597,0xCFF6600,1,8,19,10,FF,FF,FF,FF,FF,FF
116310,11598,0xCF00400,1,8,FF,FF,FF,7E,81,FF,FF,FF
116310,11599,0xCFF6600,1,8,2F,10,FF,FF,FF,FF,FF,FF
116311,11600,0x18EEFF00,1,8,08,CF,60,06,00,00,00,00
116332,11601,0xCF00400,1,8,FF,FF,FF,56,84,FF,FF,FF
116333,11602,0xCFF6600,1,8,8A,10,FF,FF,FF,FF,FF,FF
116363,11603,0xCF00400,1,8,FF,FF,FF,18,85,FF,FF,FF
116363,11604,0xCFF6600,1,8,A3,10,FF,FF,FF,FF,FF,FF
116364,11605,0x18F00500,1,8,FF,FF,FF,FF,20,2D,FF,FF
116365,11606,0x18FEF100,1,8,3F,00,00,FF,FF,FF,FF,FF
116365,11607,0x18FEF200,1,8,1B,00,00,00,00,00,12,FF
116371,11608,0xCF00400,1,8,FF,FF,FF,76,86,FF,FF,FF
116372,11609,0xCFF6600,1,8,CE,10,FF,FF,FF,FF,FF,FF
116407,11610,0xCF00400,1,8,FF,FF,FF,52,87,FF,FF,FF
116408,11611,0xCFF6600,1,8,EA,10,FF,FF,FF,FF,FF,FF
116410,11612,0x18EEFF00,1,8,08,CF,60,06,00,00,00,00
116411,11613,0xCF00400,1,8,FF,FF,FF,FE,87,FF,FF,FF
116412,11614,0xCFF6600,1,8,FF,10,FF,FF,FF,FF,FF,FF
116432,11615,0xCF00400,1,8,FF,FF,FF,96,88,FF,FF,FF
116432,11616,0xCFF6600,1,8,12,11,FF,FF,FF,FF,FF,FF
116442,11617,0x10FF6500,1,8,FC,FF,FF,FF,FF,FF,FF,FF
116443,11618,0x18F00500,1,8,FF,FF,FF,FF,20,2D,FF,FF
116443,11619,0x18FEF100,1,8,3F,00,00,FF,FF,FF,FF,FF
116444,11620,0x18FEF200,1,8,1B,00,00,00,00,00,11,FF
116451,11621,0xCF00400,1,8,FF,FF,FF,CE,89,FF,FF,FF
116452,11622,0xCFF6600,1,8,39,11,FF,FF,FF,FF,FF,FF
116471,11623,0xCF00400,1,8,FF,FF,FF,04,8A,FF,FF,FF
116472,11624,0xCFF6600,1,8,40,11,FF,FF,FF,FF,FF,FF
116492,11625,0xCF00400,1,8,FF,FF,FF,9E,8A,FF,FF,FF
116493,11626,0xCFF6600,1,8,53,11,FF,FF,FF,FF,FF,FF
116511,11627,0xCF00400,1,8,FF,FF,FF,B4,8B,FF,FF,FF
116512,11628,0xCFF6600,1,8,76,11,FF,FF,FF,FF,FF,FF
116532,11629,0xCF00400,1,8,FF,FF,FF,96,8B,FF,FF,FF
116532,11630,0xCFF6600,1,8,72,11,FF,FF,FF,FF,FF,FF
116544,11631,0x18F00500,1,8,FF,FF,FF,FF,20,2D,FF,FF
116544,11632,0x18FEF100,1,8,3F,00,00,FF,FF,FF,FF,FF
116545,11633,0x18FEF200,1,8,1B,00,00,00,00,00,11,FF
116552,11634,0xCF00400,1,8,FF,FF,FF,52,8C,FF,FF,FF
116552,11635,0xCFF6600,1,8,8A,11,FF,FF,FF,FF,FF,FF
116571,11636,0xCF00400,1,8,FF,FF,FF,E4,8C,FF,FF,FF
116572,11637,0xCFF6600,1,8,9C,11,FF,FF,FF,FF,FF,FF
116592,11638,0xCF00400,1,8,FF,FF,FF,4C,8E,FF,FF,FF
116592,11639,0xCFF6600,1,8,C9,11,FF,FF,FF,FF,FF,FF
116612,11640,0xCF00400,1,8,FF,FF,FF,A6,8F,FF,FF,FF
116613,11641,0xCFF6600,1,8,F4,11,FF,FF,FF,FF,FF,FF
116633,11642,0xCF00400,1,8,FF,FF,FF,04,90,FF,FF,FF
116633,11643,0xCFF6600,1,8,00,12,FF,FF,FF,FF,FF,FF
116642,11644,0x10FF6500,1,8,FC,FF,FF,FF,FF,FF,FF,FF
116643,11645,0x18F00500,1,8,FF,FF,FF,FF,20,2D,FF,FF
116643,11646,0x18F00600,1,8,FF,FF,FF,FF,FF,FF,FF,FF
116644,11647,0x18FEF100,1,8,3F,00,00,FF,FF,FF,FF,FF
116645,11648,0x18FEF200,1,8,1B,00,00,00,00,00,11,FF
116645,11649,0x1CFDDF00,1,8,FE,FF,FF,FF,FF,FF,FF,FF
116646,11650,0x1CFF6A00,1,8,FC,FF,FF,FF,FF,FF,FF,FF
116651,11651,0xCF00400,1,8,FF,FF,FF,82,90,FF,FF,FF
116652,11652,0xCFF6600,1,8,10,12,FF,FF,FF,FF,FF,FF
116672,11653,0xCF00400,1,8,FF,FF,FF,02,91,FF,FF,FF
116672,11654,0xCFF6600,1,8,20,12,FF,FF,FF,FF,FF,FF
116693,11655,0xCF00400,1,8,FF,FF,FF,60,92,FF,FF,FF
116693,11656,0xCFF6600,1,8,4C,12,FF,FF,FF,FF,FF,FF
116711,11657,0xCF00400,1,8,FF,FF,FF,0E,93,FF,FF,FF
116712,11658,0xCFF6600,1,8,61,12,FF,FF,FF,FF,FF,FF
116731,11659,0xCF00400,1,8,FF,FF,FF,8A,93,FF,FF,FF
116732,11660,0xCFF6600,1,8,71,12,FF,FF,FF,FF,FF,FF
116742,11661,0x18FEF100,1,8,3F,00,00,FF,FF,FF,FF,FF
116743,11662,0x18F00500,1,8,FF,FF,FF,FF,20,2D,FF,FF
116743,11663,0x18FEF200,1,8,1B,00,00,00,00,00,11,FF
116753,11664,0xCF00400,1,8,FF,FF,FF,F0,93,FF,FF,FF
116754,11665,0xCFF6600,1,8,7E,12,FF,FF,FF,FF,FF,FF
116771,11666,0xCF00400,1,8,FF,FF,FF,E6,94,FF,FF,FF
116772,11667,0xCFF6600,1,8,9C,12,FF,FF,FF,FF,FF,FF
116791,11668,0xCF00400,1,8,FF,FF,FF,82,95,FF,FF,FF
116792,11669,0xCFF6600,1,8,B0,12,FF,FF,FF,FF,FF,FF
116824,11670,0xCF00400,1,8,FF,FF,FF,B0,95,FF,FF,FF
116825,11671,0xCFF6600,1,8,B6,12,FF,FF,FF,FF,FF,FF
116830,11672,0x18EEFF00,1,8,08,CF,60,06,00,00,00,00
116831,11673,0xCF00400,1,8,FF,FF,FF,56,96,FF,FF,FF
116832,11674,0xCFF6600,1,8,CA,12,FF,FF,FF,FF,FF,FF
116842,11675,0x18F00500,1,8,FF,FF,FF,FF,20,2D,FF,FF
116843,11676,0x10FF6500,1,8,FC,FF,FF,FF,FF,FF,FF,FF
116844,11677,0x18FEF100,1,8,3F,00,00,FF,FF,FF,FF,FF
116844,11678,0x18FEF200,1,8,1B,00,00,00,00,00,11,FF
116851,11679,0xCF00400,1,8,FF,FF,FF,CE,96,FF,FF,FF
116853,11680,0xCFF6600,1,8,D9,12,FF,FF,FF,FF,FF,FF
116871,11681,0xCF00400,1,8,FF,FF,FF,7A,97,FF,FF,FF
116873,11682,0xCFF6600,1,8,EF,12,FF,FF,FF,FF,FF,FF
116891,11683,0xCF00400,1,8,FF,FF,FF,6C,97,FF,FF,FF
116892,11684,0xCFF6600,1,8,ED,12,FF,FF,FF,FF,FF,FF
116904,11685,0x18FDE500,1,8,0A,14,1E,28,32,3C,46,13
116904,11686,0x18FEEE00,1,8,6C,FF,FF,FF,FF,FF,FF,FF
116911,11687,0xCF00400,1,8,FF,FF,FF,B2,97,FF,FF,FF
116912,11688,0xCFF6600,1,8,F6,12,FF,FF,FF,FF,FF,FF
116921,11689,0x1CECFF00,1,8,20,0A,00,02,FF,CA,FE,00
116931,11690,0xCF00400,1,8,FF,FF,FF,E8,97,FF,FF,FF
116932,11691,0xCFF6600,1,8,FD,12,FF,FF,FF,FF,FF,FF
116942,11692,0x18FEF100,1,8,3F,00,00,FF,FF,FF,FF,FF
116942,11693,0x18F00500,1,8,FF,FF,FF,FF,20,2D,FF,FF
116943,11694,0x18FEF200,1,8,32,00,00,00,00,00,11,FF
116953,11695,0xCF00400,1,8,FF,FF,FF,6C,98,FF,FF,FF
116953,11696,0xCFF6600,1,8,0D,13,FF,FF,FF,FF,FF,FF
116973,11697,0xCF00400,1,8,FF,FF,FF,A8,98,FF,FF,FF
116973,11698,0xCFF6600,1,8,15,13,FF,FF,FF,FF,FF,FF
116974,11699,0x1CEBFF00,1,8,01,40,FF,0F,F0,E5,01,02
116992,11700,0xCF00400,1,8,FF,FF,FF,4E,99,FF,FF,FF
116994,11701,0xCFF6600,1,8,29,13,FF,FF,FF,FF,FF,FF
117011,11702,0xCF00400,1,8,FF,FF,FF,EA,99,FF,FF,FF
117012,11703,0xCFF6600,1,8,3D,13,FF,FF,FF,FF,FF,FF
117021,11704,0x1CEBFF00,1,8,02,F0,E3,01,FF,FF,FF,FF
117033,11705,0xCF00400,1,8,FF,FF,FF,52,99,FF,FF,FF
117033,11706,0xCFF6600,1,8,2A,13,FF,FF,FF,FF,FF,FF
117042,11707,0x10FF6500,1,8,FC,FF,FF,FF,FF,FF,FF,FF
117043,11708,0x18F00500,1,8,FF,FF,FF,FF,20,2D,FF,FF
117044,11709,0x18FEF100,1,8,3F,00,00,FF,FF,FF,FF,FF
117044,11710,0x18FEF200,1,8,32,00,00,00,00,00,10,FF
117052,11711,0xCF00400,1,8,FF,FF,FF,3C,99,FF,FF,FF
117086,11712,0xCF00400,1,8,FF,FF,FF,5C,99,FF,FF,FF
117086,11713,0xCFF6600,1,8,27,13,FF,FF,FF,FF,FF,FF
117090,11714,0x18EEFF00,1,8,08,CF,60,06,00,00,00,00
117093,11715,0xCF00400,1,8,FF,FF,FF,C6,99,FF,FF,FF
117094,11716,0xCFF6600,1,8,38,13,FF,FF,FF,FF,FF,FF
117111,11717,0xCF00400,1,8,FF,FF,FF,4A,9A,FF,FF,FF
117112,11718,0xCFF6600,1,8,49,13,FF,FF,FF,FF,FF,FF
117131,11719,0xCF00400,1,8,FF,FF,FF,30,9A,FF,FF,FF
117132,11720,0xCFF6600,1,8,46,13,FF,FF,FF,FF,FF,FF
117143,11721,0x18F00500,1,8,FF,FF,FF,FF,20,2D,FF,FF
117144,11722,0x18F00600,1,8,FF,FF,FF,FF,FF,FF,FF,FF
117144,11723,0x18FEF100,1,8,3F,00,00,FF,FF,FF,FF,FF
117145,11724,0x18FEF200,1,8,32,00,00,00,00,00,10,FF
117146,11725,0x1CFDDF00,1,8,FE,FF,FF,FF,FF,FF,FF,FF
117146,11726,0x1CFF6A00,1,8,FC,FF,FF,FF,FF,FF,FF,FF
117151,11727,0xCF00400,1,8,FF,FF,FF,0A,9A,FF,FF,FF
117152,11728,0xCFF6600,1,8,41,13,FF,FF,FF,FF,FF,FF
117171,11729,0xCF00400,1,8,FF,FF,FF,A6,9A,FF,FF,FF
117172,11730,0xCFF6600,1,8,54,13,FF,FF,FF,FF,FF,FF
117191,11731,0xCF00400,1,8,FF,FF,FF,BC,9A,FF,FF,FF
117192,11732,0xCFF6600,1,8,57,13,FF,FF,FF,FF,FF,FF
117211,11733,0xCF00400,1,8,FF,FF,FF,C4,9A,FF,FF,FF
117213,11734,0xCFF6600,1,8,58,13,FF,FF,FF,FF,FF,FF
117232,11735,0xCF00400,1,8,FF,FF,FF,40,9B,FF,FF,FF
117232,11736,0xCFF6600,1,8,68,13,FF,FF,FF,FF,FF,FF
117242,11737,0x18FEF100,1,8,3F,00,00,FF,FF,FF,FF,FF
117243,11738,0x10FF6500,1,8,FC,FF,FF,FF,FF,FF,FF,FF
117243,11739,0x18F00500,1,8,FF,FF,FF,FF,20,2D,FF,FF
117244,11740,0x18FEF200,1,8,32,00,00,00,00,00,10,FF
117251,11741,0xCF00400,1,8,FF,FF,FF,5E,9B,FF,FF,FF
117252,11742,0xCFF6600,1,8,6B,13,FF,FF,FF,FF,FF,FF
117271,11743,0xCF00400,1,8,FF,FF,FF,0A,9C,FF,FF,FF
117272,11744,0xCFF6600,1,8,81,13,FF,FF,FF,FF,FF,FF
117292,11745,0xCF00400,1,8,FF,FF,FF,18,9C,FF,FF,FF
117293,11746,0xCFF6600,1,8,83,13,FF,FF,FF,FF,FF,FF
117311,11747,0xCF00400,1,8,FF,FF,FF,06,9C,FF,FF,FF
117312,11748,0xCFF6600,1,8,80,13,FF,FF,FF,FF,FF,FF
117331,11749,0xCF00400,1,8,FF,FF,FF,22,9C,FF,FF,FF
117332,11750,0xCFF6600,1,8,84,13,FF,FF,FF,FF,FF,FF
117342,11751,0x18FEF100,1,8,3F,00,00,FF,FF,FF,FF,FF
117343,11752,0x18F00500,1,8,FF,FF,FF,FF,20,2D,FF,FF
117343,11753,0x18FEF200,1,8,32,00,00,00,00,00,0F,FF
117354,11754,0xCF00400,1,8,FF,FF,FF,C4,9C,FF,FF,FF
117354,11755,0xCFF6600,1,8,98,13,FF,FF,FF,FF,FF,FF
117371,11756,0xCF00400,1,8,FF,FF,FF,30,9D,FF,FF,FF
117372,11757,0xCFF6600,1,8,A6,13,FF,FF,FF,FF,FF,FF
117391,11758,0xCF00400,1,8,FF,FF,FF,D4,9D,FF,FF,FF
117392,11759,0xCFF6600,1,8,BA,13,FF,FF,FF,FF,FF,FF
117411,11760,0xCF00400,1,8,FF,FF,FF,A0,9E,FF,FF,FF
117412,11761,0xCFF6600,1,8,D4,13,FF,FF,FF,FF,FF,FF
117449,11762,0xCF00400,1,8,FF,FF,FF,CA,9E,FF,FF,FF
117450,11763,0xCFF6600,1,8,D9,13,FF,FF,FF,FF,FF,FF
117451,11764,0x18EEFF00,1,8,08,CF,60,06,00,00,00,00
117471,11765,0xCF00400,1,8,FF,FF,FF,C2,9E,FF,FF,FF
117472,11766,0xCFF6600,1,8,D8,13,FF,FF,FF,FF,FF,FF
117492,11767,0xCF00400,1,8,FF,FF,FF,0E,9F,FF,FF,FF
117492,11768,0xCFF6600,1,8,E1,13,FF,FF,FF,FF,FF,FF
117513,11769,0xCF00400,1,8,FF,FF,FF,C6,9F,FF,FF,FF
117513,11770,0xCFF6600,1,8,F8,13,FF,FF,FF,FF,FF,FF
117545,11771,0xCF00400,1,8,FF,FF,FF,98,A0,FF,FF,FF
117546,11772,0xCFF6600,1,8,13,14,FF,FF,FF,FF,FF,FF
117550,11773,0x18EEFF00,1,8,08,CF,60,06,00,00,00,00
117552,11774,0xCF00400,1,8,FF,FF,FF,CE,A0,FF,FF,FF
117552,11775,0xCFF6600,1,8,19,14,FF,FF,FF,FF,FF,FF
117571,11776,0xCF00400,1,8,FF,FF,FF,14,A1,FF,FF,FF
117572,11777,0xCFF6600,1,8,22,14,FF,FF,FF,FF,FF,FF
117591,11778,0xCF00400,1,8,FF,FF,FF,B8,A1,FF,FF,FF
117592,11779,0xCFF6600,1,8,37,14,FF,FF,FF,FF,FF,FF
117611,11780,0xCF00400,1,8,FF,FF,FF,E6,A1,FF,FF,FF
117612,11781,0xCFF6600,1,8,3C,14,FF,FF,FF,FF,FF,FF
117632,11782,0xCF00400,1,8,FF,FF,FF,00,A2,FF,FF,FF
117632,11783,0xCFF6600,1,8,40,14,FF,FF,FF,FF,FF,FF
117644,11784,0x10FF6500,1,8,FC,FF,FF,FF,FF,FF,FF,FF
117644,11785,0x18F00500,1,8,FF,FF,FF,FF,20,2D,FF,FF
117645,11786,0x18FEF100,1,8,3F,00,00,FF,FF,FF,FF,FF
117646,11787,0x18FEF200,1,8,32,00,00,00,00,00,0F,FF
117652,11788,0xCF00400,1,8,FF,FF,FF,80,A2,FF,FF,FF
117652,11789,0xCFF6600,1,8,50,14,FF,FF,FF,FF,FF,FF
117672,11790,0xCF00400,1,8,FF,FF,FF,C2,A2,FF,FF,FF
117693,11791,0xCF00400,1,8,FF,FF,FF,EE,A2,FF,FF,FF
117693,11792,0xCFF6600,1,8,58,14,FF,FF,FF,FF,FF,FF
117711,11793,0xCF00400,1,8,FF,FF,FF,06,A3,FF,FF,FF
117712,11794,0xCFF6600,1,8,60,14,FF,FF,FF,FF,FF,FF
117732,11795,0xCF00400,1,8,FF,FF,FF,40,A3,FF,FF,FF
117732,11796,0xCFF6600,1,8,68,14,FF,FF,FF,FF,FF,FF
117742,11797,0x18F00500,1,8,FF,FF,FF,FF,20,2D,FF,FF
117743,11798,0x18FEF100,1,8,3F,00,00,FF,FF,FF,FF,FF
117743,11799,0x18FEF200,1,8,32,00,00,00,00,00,0F,FF
117752,11800,0xCF00400,1,8,FF,FF,FF,7A,A3,FF,FF,FF
117752,11801,0xCFF6600,1,8,6F,14,FF,FF,FF,FF,FF,FF
117791,11802,0xCF00400,1,8,FF,FF,FF,7E,A3,FF,FF,FF
117792,11803,0xCFF6600,1,8,6F,14,FF,FF,FF,FF,FF,FF
117793,11804,0x18EEFF00,1,8,08,CF,60,06,00,00,00,00
117813,11805,0xCF00400,1,8,FF,FF,FF,92,A4,FF,FF,FF
117813,11806,0xCFF6600,1,8,92,14,FF,FF,FF,FF,FF,FF
117844,11807,0xCF00400,1,8,FF,FF,FF,A0,A4,FF,FF,FF
117845,11808,0xCFF6600,1,8,94,14,FF,FF,FF,FF,FF,FF
117850,11809,0x18EEFF00,1,8,08,CF,60,06,00,00,00,00
117851,11810,0xCF00400,1,8,FF,FF,FF,1C,A5,FF,FF,FF
117852,11811,0xCFF6600,1,8,A3,14,FF,FF,FF,FF,FF,FF
117871,11812,0xCF00400,1,8,FF,FF,FF,1C,A5,FF,FF,FF
117872,11813,0xCFF6600,1,8,A3,14,FF,FF,FF,FF,FF,FF
117891,11814,0xCF00400,1,8,FF,FF,FF,78,A4,FF,FF,FF
117892,11815,0xCFF6600,1,8,8F,14,FF,FF,FF,FF,FF,FF
117901,11816,0x18FEEE00,1,8,6D,FF,FF,FF,FF,FF,FF,FF
117902,11817,0x18FDE500,1,8,0A,14,1E,28,32,3C,46,13
117911,11818,0xCF00400,1,8,FF,FF,FF,A4,A3,FF,FF,FF
117912,11819,0xCFF6600,1,8,74,14,FF,FF,FF,FF,FF,FF
117922,11820,0x1CECFF00,1,8,20,0A,00,02,FF,CA,FE,00
117934,11821,0xCF00400,1,8,FF,FF,FF,C0,A3,FF,FF,FF
117934,11822,0xCFF6600,1,8,78,14,FF,FF,FF,FF,FF,FF
117943,11823,0x10FF6500,1,8,FC,FF,FF,FF,FF,FF,FF,FF
117944,11824,0x18F00500,1,8,FF,FF,FF,FF,20,2D,FF,FF
117944,11825,0x18F00600,1,8,FF,FF,FF,FF,FF,FF,FF,FF
117945,11826,0x18FEF100,1,8,3F,00,00,FF,FF,FF,FF,FF
117946,11827,0x18FEF200,1,8,37,00,00,00,00,00,0D,FF
117967,11828,0xCF00400,1,8,FF,FF,FF,40,A3,FF,FF,FF
117968,11829,0xCFF6600,1,8,68,14,FF,FF,FF,FF,FF,FF
117969,11830,0x1CFDDF00,1,8,FE,FF,FF,FF,FF,FF,FF,FF
117969,11831,0x1CFF6A00,1,8,FC,FF,FF,FF,FF,FF,FF,FF
117971,11832,0xCF00400,1,8,FF,FF,FF,EA,A2,FF,FF,FF
117972,11833,0xCFF6600,1,8,5D,14,FF,FF,FF,FF,FF,FF
117972,11834,0x1CEBFF00,1,8,01,40,FF,0F,F0,E5,01,02
117991,11835,0xCF00400,1,8,FF,FF,FF,9E,A2,FF,FF,FF
117992,11836,0xCFF6600,1,8,53,14,FF,FF,FF,FF,FF,FF
117994,11837,0xCFF6600,1,8,53,14,FF,FF,FF,FF,FF,FF
118012,11838,0xCF00400,1,8,FF,FF,FF,D4,A2,FF,FF,FF
118013,11839,0xCFF6600,1,8,5A,14,FF,FF,FF,FF,FF,FF
118021,11840,0x1CEBFF00,1,8,02,F0,E3,01,FF,FF,FF,FF
118031,11841,0xCF00400,1,8,FF,FF,FF,06,A3,FF,FF,FF
118032,11842,0xCFF6600,1,8,60,14,FF,FF,FF,FF,FF,FF
118042,11843,0x18FEF100,1,8,3F,00,00,FF,FF,FF,FF,FF
118042,11844,0x18F00500,1,8,FF,FF,FF,FF,20,2D,FF,FF
118043,11845,0x18FEF200,1,8,37,00,00,00,00,00,0D,FF
118052,11846,0xCF00400,1,8,FF,FF,FF,1C,A3,FF,FF,FF
118052,11847,0xCFF6600,1,8,63,14,FF,FF,FF,FF,FF,FF
118086,11848,0xCF00400,1,8,FF,FF,FF,D8,A2,FF,FF,FF
118086,11849,0xCFF6600,1,8,5B,14,FF,FF,FF,FF,FF,FF
118090,11850,0x18EEFF00,1,8,08,CF,60,06,00,00,00,00
118092,11851,0xCF00400,1,8,FF,FF,FF,52,A3,FF,FF,FF
118092,11852,0xCFF6600,1,8,6A,14,FF,FF,FF,FF,FF,FF
118111,11853,0xCF00400,1,8,FF,FF,FF,82,A3,FF,FF,FF
118112,11854,0xCFF6600,1,8,70,14,FF,FF,FF,FF,FF,FF
118131,11855,0xCF00400,1,8,FF,FF,FF,20,A4,FF,FF,FF
118132,11856,0xCFF6600,1,8,84,14,FF,FF,FF,FF,FF,FF
118142,11857,0x18FEF100,1,8,3F,00,00,FF,FF,FF,FF,FF
118143,11858,0x10FF6500,1,8,FC,FF,FF,FF,FF,FF,FF,FF
118181,11859,0xCF00400,1,8,FF,FF,FF,54,A4,FF,FF,FF
118182,11860,0xCFF6600,1,8,8A,14,FF,FF,FF,FF,FF,FF
118183,11861,0x18EEFF00,1,8,08,CF,60,06,00,00,00,00
118183,11862,0x18F00500,1,8,FF,FF,FF,FF,20,2D,FF,FF
118184,11863,0x18FEF200,1,8,37,00,00,00,00,00,0D,FF
118191,11864,0xCF00400,1,8,FF,FF,FF,36,A4,FF,FF,FF
118192,11865,0xCFF6600,1,8,86,14,FF,FF,FF,FF,FF,FF
118211,11866,0xCF00400,1,8,FF,FF,FF,3E,A4,FF,FF,FF
118212,11867,0xCFF6600,1,8,87,14,FF,FF,FF,FF,FF,FF
118231,11868,0xCF00400,1,8,FF,FF,FF,78,A4,FF,FF,FF
118232,11869,0xCFF6600,1,8,8F,14,FF,FF,FF,FF,FF,FF
118242,11870,0x18FEF100,1,8,3F,00,00,FF,FF,FF,FF,FF
118242,11871,0x18F00500,1,8,FF,FF,FF,FF,20,2D,FF,FF
118243,11872,0x18FEF200,1,8,37,00,00,00,00,00,0D,FF
118252,11873,0xCF00400,1,8,FF,FF,FF,32,A4,FF,FF,FF
118253,11874,0xCFF6600,1,8,86,14,FF,FF,FF,FF,FF,FF
118272,11875,0xCF00400,1,8,FF,FF,FF,66,A4,FF,FF,FF
118273,11876,0xCFF6600,1,8,8C,14,FF,FF,FF,FF,FF,FF
118292,11877,0xCF00400,1,8,FF,FF,FF,74,A4,FF,FF,FF
118292,11878,0xCFF6600,1,8,8E,14,FF,FF,FF,FF,FF,FF
118313,11879,0xCF00400,1,8,FF,FF,FF,6A,A4,FF,FF,FF
118313,11880,0xCFF6600,1,8,8D,14,FF,FF,FF,FF,FF,FF
118331,11881,0xCF00400,1,8,FF,FF,FF,A0,A4,FF,FF,FF
118332,11882,0xCFF6600,1,8,94,14,FF,FF,FF,FF,FF,FF
118342,11883,0x18FEF100,1,8,3F,00,00,FF,FF,FF,FF,FF
118343,11884,0x10FF6500,1,8,FC,FF,FF,FF,FF,FF,FF,FF
118344,11885,0x18F00500,1,8,FF,FF,FF,FF,20,2D,FF,FF
118345,11886,0x18FEF200,1,8,37,00,00,00,00,00,0D,FF
118352,11887,0xCF00400,1,8,FF,FF,FF,A4,A4,FF,FF,FF
118352,11888,0xCFF6600,1,8,94,14,FF,FF,FF,FF,FF,FF
118373,11889,0xCF00400,1,8,FF,FF,FF,BA,A4,FF,FF,FF
118392,11890,0xCFF6600,1,8,97,14,FF,FF,FF,FF,FF,FF
118393,11891,0x18EEFF00,1,8,08,CF,60,06,00,00,00,00
118412,11892,0xCF00400,1,8,FF,FF,FF,84,A4,FF,FF,FF
118412,11893,0xCFF6600,1,8,90,14,FF,FF,FF,FF,FF,FF
118432,11894,0xCF00400,1,8,FF,FF,FF,84,A4,FF,FF,FF
118432,11895,0xCFF6600,1,8,90,14,FF,FF,FF,FF,FF,FF
118442,11896,0x18FEF100,1,8,3F,00,00,FF,FF,FF,FF,FF
118442,11897,0x18F00500,1,8,FF,FF,FF,FF,20,2D,FF,FF
118465,11898,0xCF00400,1,8,FF,FF,FF,5A,A4,FF,FF,FF
118465,11899,0xCFF6600,1,8,8B,14,FF,FF,FF,FF,FF,FF
118466,11900,0x18F00600,1,8,FF,FF,FF,FF,FF,FF,FF,FF
118466,11901,0x18FEF200,1,8,37,00,00,00,00,00,0D,FF
118467,11902,0x1CFDDF00,1,8,FE,FF,FF,FF,FF,FF,FF,FF
118468,11903,0x1CFF6A00,1,8,FC,FF,FF,FF,FF,FF,FF,FF
118471,11904,0xCF00400,1,8,FF,FF,FF,D4,A4,FF,FF,FF
118472,11905,0xCFF6600,1,8,9A,14,FF,FF,FF,FF,FF,FF
118491,11906,0xCF00400,1,8,FF,FF,FF,28,A4,FF,FF,FF
118492,11907,0xCFF6600,1,8,85,14,FF,FF,FF,FF,FF,FF
118512,11908,0xCF00400,1,8,FF,FF,FF,12,A4,FF,FF,FF
118512,11909,0xCFF6600,1,8,82,14,FF,FF,FF,FF,FF,FF
118531,11910,0xCF00400,1,8,FF,FF,FF,3A,A4,FF,FF,FF
118532,11911,0xCFF6600,1,8,87,14,FF,FF,FF,FF,FF,FF
118542,11912,0x18F00500,1,8,FF,FF,FF,FF,20,2D,FF,FF
118544,11913,0x10FF6500,1,8,FC,FF,FF,FF,FF,FF,FF,FF
118544,11914,0x18FEF100,1,8,3F,00,00,FF,FF,FF,FF,FF
118545,11915,0x18FEF200,1,8,37,00,00,00,00,00,0D,FF
118551,11916,0xCF00400,1,8,FF,FF,FF,3E,A4,FF,FF,FF
118552,11917,0xCFF6600,1,8,87,14,FF,FF,FF,FF,FF,FF
118571,11918,0xCF00400,1,8,FF,FF,FF,9A,A4,FF,FF,FF
118572,11919,0xCFF6600,1,8,93,14,FF,FF,FF,FF,FF,FF
118591,11920,0xCF00400,1,8,FF,FF,FF,9E,A4,FF,FF,FF
118592,11921,0xCFF6600,1,8,93,14,FF,FF,FF,FF,FF,FF
118611,11922,0xCF00400,1,8,FF,FF,FF,C0,A3,FF,FF,FF
118646,11923,0xCF00400,1,8,FF,FF,FF,9A,A2,FF,FF,FF
118647,11924,0xCFF6600,1,8,78,14,FF,FF,FF,FF,FF,FF
118650,11925,0x18EEFF00,1,8,08,CF,60,06,00,00,00,00
118652,11926,0xCF00400,1,8,FF,FF,FF,E0,A0,FF,FF,FF
118652,11927,0xCFF6600,1,8,1C,14,FF,FF,FF,FF,FF,FF
118671,11928,0xCF00400,1,8,FF,FF,FF,36,A0,FF,FF,FF
118672,11929,0xCFF6600,1,8,06,14,FF,FF,FF,FF,FF,FF
118691,11930,0xCF00400,1,8,FF,FF,FF,0E,9F,FF,FF,FF
118692,11931,0xCFF6600,1,8,E1,13,FF,FF,FF,FF,FF,FF
118711,11932,0xCF00400,1,8,FF,FF,FF,48,9D,FF,FF,FF
118712,11933,0xCFF6600,1,8,A9,13,FF,FF,FF,FF,FF,FF
118731,11934,0xCF00400,1,8,FF,FF,FF,FC,9B,FF,FF,FF
118732,11935,0xCFF6600,1,8,7F,13,FF,FF,FF,FF,FF,FF
118742,11936,0x18F00500,1,8,FF,FF,FF,FF,20,2D,FF,FF
118743,11937,0x18FEF100,1,8,3F,00,00,FF,FF,FF,FF,FF
118743,11938,0x18FEF200,1,8,37,00,00,00,00,00,00,FF
118751,11939,0xCF00400,1,8,FF,FF,FF,2A,9A,FF,FF,FF
118752,11940,0xCFF6600,1,8,45,13,FF,FF,FF,FF,FF,FF
118771,11941,0xCF00400,1,8,FF,FF,FF,CE,98,FF,FF,FF
118772,11942,0xCFF6600,1,8,19,13,FF,FF,FF,FF,FF,FF
118792,11943,0xCF00400,1,8,FF,FF,FF,4A,98,FF,FF,FF
118814,11944,0xCF00400,1,8,FF,FF,FF,42,97,FF,FF,FF
118814,11945,0xCFF6600,1,8,09,13,FF,FF,FF,FF,FF,FF
118831,11946,0xCF00400,1,8,FF,FF,FF,A8,96,FF,FF,FF
118832,11947,0xCFF6600,1,8,D5,12,FF,FF,FF,FF,FF,FF
118842,11948,0x18FEF100,1,8,3F,00,00,FF,FF,FF,FF,FF
118843,11949,0x10FF6500,1,8,FC,FF,FF,FF,FF,FF,FF,FF
118844,11950,0x18F00500,1,8,FF,FF,FF,FF,20,2D,FF,FF
118844,11951,0x18FEF200,1,8,37,00,00,00,00,00,00,FF
118853,11952,0xCF00400,1,8,FF,FF,FF,8E,95,FF,FF,FF
118853,11953,0xCFF6600,1,8,B1,12,FF,FF,FF,FF,FF,FF
118872,11954,0xCF00400,1,8,FF,FF,FF,26,94,FF,FF,FF
118873,11955,0xCFF6600,1,8,84,12,FF,FF,FF,FF,FF,FF
118892,11956,0xCF00400,1,8,FF,FF,FF,8A,93,FF,FF,FF
118892,11957,0xCFF6600,1,8,71,12,FF,FF,FF,FF,FF,FF
118901,11958,0x18FEEE00,1,8,6D,FF,FF,FF,FF,FF,FF,FF
118901,11959,0x18FDE500,1,8,0A,14,1E,28,32,3C,46,13
118912,11960,0xCF00400,1,8,FF,FF,FF,76,92,FF,FF,FF
118932,11961,0xCF00400,1,8,FF,FF,FF,D8,91,FF,FF,FF
118933,11962,0xCFF6600,1,8,4E,12,FF,FF,FF,FF,FF,FF
118934,11963,0x1CECFF00,1,8,20,0A,00,02,FF,CA,FE,00
118956,11964,0x18F00500,1,8,FF,FF,FF,FF,20,2D,FF,FF
118956,11965,0x18FEF100,1,8,3F,00,00,FF,FF,FF,FF,FF
118957,11966,0x18FEF200,1,8,30,00,00,00,00,00,00,FF
118960,11967,0x18EEFF00,1,8,08,CF,60,06,00,00,00,00
118971,11968,0xCF00400,1,8,FF,FF,FF,C8,8F,FF,FF,FF
118972,11969,0xCFF6600,1,8,F9,11,FF,FF,FF,FF,FF,FF
118972,11970,0x1CEBFF00,1,8,01,40,FF,0F,F0,E5,01,02
118991,11971,0xCF00400,1,8,FF,FF,FF,58,8E,FF,FF,FF
118992,11972,0xCFF6600,1,8,CB,11,FF,FF,FF,FF,FF,FF
119011,11973,0xCF00400,1,8,FF,FF,FF,BE,8D,FF,FF,FF
119012,11974,0xCFF6600,1,8,B7,11,FF,FF,FF,FF,FF,FF
119021,11975,0x1CEBFF00,1,8,02,F0,E3,01,FF,FF,FF,FF
119031,11976,0xCF00400,1,8,FF,FF,FF,0E,8D,FF,FF,FF
119032,11977,0xCFF6600,1,8,A1,11,FF,FF,FF,FF,FF,FF
119043,11978,0x10FF6500,1,8,FC,FF,FF,FF,FF,FF,FF,FF
119043,11979,0x18F00500,1,8,FF,FF,FF,FF,20,2D,FF,FF
119044,11980,0x18F00600,1,8,FF,FF,FF,FF,FF,FF,FF,FF
119045,11981,0x18FEF100,1,8,3F,00,00,FF,FF,FF,FF,FF
119045,11982,0x18FEF200,1,8,30,00,00,00,00,00,00,FF
119046,11983,0x1CFDDF00,1,8,FE,FF,FF,FF,FF,FF,FF,FF
119046,11984,0x1CFF6A00,1,8,FC,FF,FF,FF,FF,FF,FF,FF
119051,11985,0xCF00400,1,8,FF,FF,FF,62,8C,FF,FF,FF
119052,11986,0xCFF6600,1,8,8C,11,FF,FF,FF,FF,FF,FF
119072,11987,0xCF00400,1,8,FF,FF,FF,C0,8A,FF,FF,FF
119072,11988,0xCFF6600,1,8,58,11,FF,FF,FF,FF,FF,FF
119092,11989,0xCF00400,1,8,FF,FF,FF,70,8A,FF,FF,FF
119093,11990,0xCFF6600,1,8,4E,11,FF,FF,FF,FF,FF,FF
119111,11991,0xCF00400,1,8,FF,FF,FF,04,89,FF,FF,FF
119112,11992,0xCFF6600,1,8,20,11,FF,FF,FF,FF,FF,FF
119132,11993,0xCF00400,1,8,FF,FF,FF,50,88,FF,FF,FF
119132,11994,0xCFF6600,1,8,0A,11,FF,FF,FF,FF,FF,FF
119142,11995,0x18F00500,1,8,FF,FF,FF,FF,20,2D,FF,FF
119163,11996,0xCF00400,1,8,FF,FF,FF,02,87,FF,FF,FF
119164,11997,0xCFF6600,1,8,E0,10,FF,FF,FF,FF,FF,FF
119164,11998,0x18FEF100,1,8,3F,00,00,FF,FF,FF,FF,FF
119165,11999,0x18FEF200,1,8,30,00,00,00,00,00,00,FF
119171,12000,0xCF00400,1,8,FF,FF,FF,26,86,FF,FF,FF
119172,12001,0xCFF6600,1,8,C4,10,FF,FF,FF,FF,FF,FF
119191,12002,0xCF00400,1,8,FF,FF,FF,58,85,FF,FF,FF
119192,12003,0xCFF6600,1,8,AB,10,FF,FF,FF,FF,FF,FF
119211,12004,0xCF00400,1,8,FF,FF,FF,AA,83,FF,FF,FF
119212,12005,0xCFF6600,1,8,75,10,FF,FF,FF,FF,FF,FF
119232,12006,0xCF00400,1,8,FF,FF,FF,8A,82,FF,FF,FF
119232,12007,0xCFF6600,1,8,51,10,FF,FF,FF,FF,FF,FF
119242,12008,0x18FEF100,1,8,3F,00,00,FF,FF,FF,FF,FF
119242,12009,0x10FF6500,1,8,FC,FF,FF,FF,FF,FF,FF,FF
119243,12010,0x18F00500,1,8,FF,FF,FF,FF,20,2D,FF,FF
119244,12011,0x18FEF200,1,8,30,00,00,00,00,00,00,FF
119251,12012,0xCF00400,1,8,FF,FF,FF,04,80,FF,FF,FF
119252,12013,0xCFF6600,1,8,00,10,FF,FF,FF,FF,FF,FF
119272,12014,0xCF00400,1,8,FF,FF,FF,D0,7E,FF,FF,FF
119273,12015,0xCFF6600,1,8,DA,0F,FF,FF,FF,FF,FF,FF
119291,12016,0xCF00400,1,8,FF,FF,FF,BC,7D,FF,FF,FF
119311,12017,0xCFF6600,1,8,B7,0F,FF,FF,FF,FF,FF,FF
119312,12018,0xCF00400,1,8,FF,FF,FF,02,7B,FF,FF,FF
119332,12019,0xCF00400,1,8,FF,FF,FF,96,79,FF,FF,FF
119332,12020,0xCFF6600,1,8,32,0F,FF,FF,FF,FF,FF,FF
119342,12021,0x18FEF100,1,8,3F,00,00,FF,FF,FF,FF,FF
119343,12022,0x18F00500,1,8,FF,FF,FF,FF,20,2D,FF,FF
119344,12023,0x18FEF200,1,8,30,00,00,00,00,00,00,FF
119351,12024,0xCF00400,1,8,FF,FF,FF,34,78,FF,FF,FF
119352,12025,0xCFF6600,1,8,06,0F,FF,FF,FF,FF,FF,FF
119371,12026,0xCF00400,1,8,FF,FF,FF,48,77,FF,FF,FF
119385,12027,0xCFF6600,1,8,E9,0E,FF,FF,FF,FF,FF,FF
119390,12028,0x18EEFF00,1,8,08,CF,60,06,00,00,00,00
119391,12029,0xCF00400,1,8,FF,FF,FF,D2,75,FF,FF,FF
119392,12030,0xCFF6600,1,8,BA,0E,FF,FF,FF,FF,FF,FF
119411,12031,0xCF00400,1,8,FF,FF,FF,1E,74,FF,FF,FF
119412,12032,0xCFF6600,1,8,83,0E,FF,FF,FF,FF,FF,FF
119431,12033,0xCF00400,1,8,FF,FF,FF,AC,72,FF,FF,FF
119432,12034,0xCFF6600,1,8,55,0E,FF,FF,FF,FF,FF,FF
119442,12035,0x18FEF100,1,8,3F,00,00,FF,FF,FF,FF,FF
119442,12036,0x10FF6500,1,8,FC,FF,FF,FF,FF,FF,FF,FF
119443,12037,0x18F00500,1,8,FF,FF,FF,FF,20,2D,FF,FF
119444,12038,0x18FEF200,1,8,30,00,00,00,00,00,00,FF
119451,12039,0xCF00400,1,8,FF,FF,FF,AC,71,FF,FF,FF
119452,12040,0xCFF6600,1,8,35,0E,FF,FF,FF,FF,FF,FF
119472,12041,0xCF00400,1,8,FF,FF,FF,B4,70,FF,FF,FF
119472,12042,0xCFF6600,1,8,16,0E,FF,FF,FF,FF,FF,FF
119510,12043,0xCF00400,1,8,FF,FF,FF,DA,6E,FF,FF,FF
119510,12044,0xCFF6600,1,8,DB,0D,FF,FF,FF,FF,FF,FF
119511,12045,0x18EEFF00,1,8,08,CF,60,06,00,00,00,00
119531,12046,0xCF00400,1,8,FF,FF,FF,98,6D,FF,FF,FF
119532,12047,0xCFF6600,1,8,B3,0D,FF,FF,FF,FF,FF,FF
119542,12048,0x18FEF100,1,8,3F,00,00,FF,FF,FF,FF,FF
119543,12049,0x18F00500,1,8,FF,FF,FF,FF,20,2D,FF,FF
119544,12050,0x18F00600,1,8,FF,FF,FF,FF,FF,FF,FF,FF
119544,12051,0x18FEF200,1,8,30,00,00,00,00,00,00,FF
119545,12052,0x1CFDDF00,1,8,FE,FF,FF,FF,FF,FF,FF,FF
119546,12053,0x1CFF6A00,1,8,FC,FF,FF,FF,FF,FF,FF,FF
119551,12054,0xCF00400,1,8,FF,FF,FF,4A,6D,FF,FF,FF
119552,12055,0xCFF6600,1,8,A9,0D,FF,FF,FF,FF,FF,FF
119571,12056,0xCF00400,1,8,FF,FF,FF,CE,6C,FF,FF,FF
119572,12057,0xCFF6600,1,8,99,0D,FF,FF,FF,FF,FF,FF
119592,12058,0xCF00400,1,8,FF,FF,FF,28,6C,FF,FF,FF
119592,12059,0xCFF6600,1,8,85,0D,FF,FF,FF,FF,FF,FF
119613,12060,0xCF00400,1,8,FF,FF,FF,AC,6A,FF,FF,FF
119613,12061,0xCFF6600,1,8,55,0D,FF,FF,FF,FF,FF,FF
119631,12062,0xCF00400,1,8,FF,FF,FF,1C,6A,FF,FF,FF
119632,12063,0xCFF6600,1,8,43,0D,FF,FF,FF,FF,FF,FF
119642,12064,0x18FEF100,1,8,3F,00,00,FF,FF,FF,FF,FF
119642,12065,0x10FF6500,1,8,FC,FF,FF,FF,FF,FF,FF,FF
119643,12066,0x18F00500,1,8,FF,FF,FF,FF,20,2D,FF,FF
119644,12067,0x18FEF200,1,8,30,00,00,00,00,00,00,FF
119652,12068,0xCF00400,1,8,FF,FF,FF,BA,69,FF,FF,FF
119652,12069,0xCFF6600,1,8,37,0D,FF,FF,FF,FF,FF,FF
119673,12070,0xCF00400,1,8,FF,FF,FF,C2,68,FF,FF,FF
119673,12071,0xCFF6600,1,8,18,0D,FF,FF,FF,FF,FF,FF
119692,12072,0xCF00400,1,8,FF,FF,FF,26,67,FF,FF,FF
119692,12073,0xCFF6600,1,8,E4,0C,FF,FF,FF,FF,FF,FF
119711,12074,0xCF00400,1,8,FF,FF,FF,00,66,FF,FF,FF
119712,12075,0xCFF6600,1,8,C0,0C,FF,FF,FF,FF,FF,FF
119731,12076,0xCF00400,1,8,FF,FF,FF,62,65,FF,FF,FF
119752,12077,0xCF00400,1,8,FF,FF,FF,10,65,FF,FF,FF
119753,12078,0xCFF6600,1,8,AC,0C,FF,FF,FF,FF,FF,FF
119754,12079,0x18F00500,1,8,FF,FF,FF,FF,20,2D,FF,FF
119754,12080,0x18FEF100,1,8,3F,00,00,FF,FF,FF,FF,FF
119755,12081,0x18FEF200,1,8,30,00,00,00,00,00,00,FF
119771,12082,0xCF00400,1,8,FF,FF,FF,FC,64,FF,FF,FF
119772,12083,0xCFF6600,1,8,9F,0C,FF,FF,FF,FF,FF,FF
119792,12084,0xCF00400,1,8,FF,FF,FF,00,65,FF,FF,FF
119792,12085,0xCFF6600,1,8,A0,0C,FF,FF,FF,FF,FF,FF
119812,12086,0xCF00400,1,8,FF,FF,FF,14,65,FF,FF,FF
119812,12087,0xCFF6600,1,8,A2,0C,FF,FF,FF,FF,FF,FF
119832,12088,0xCF00400,1,8,FF,FF,FF,08,64,FF,FF,FF
119833,12089,0xCFF6600,1,8,81,0C,FF,FF,FF,FF,FF,FF
119842,12090,0x18F00500,1,8,FF,FF,FF,FF,20,2D,FF,FF
119843,12091,0x10FF6500,1,8,FC,FF,FF,FF,FF,FF,FF,FF
119843,12092,0x18FEF100,1,8,3F,00,00,FF,FF,FF,FF,FF
119844,12093,0x18FEF200,1,8,30,00,00,00,00,00,00,FF
119851,12094,0xCF00400,1,8,FF,FF,FF,A6,63,FF,FF,FF
119852,12095,0xCFF6600,1,8,74,0C,FF,FF,FF,FF,FF,FF
119872,12096,0xCF00400,1,8,FF,FF,FF,82,63,FF,FF,FF
119892,12097,0xCF00400,1,8,FF,FF,FF,14,63,FF,FF,FF
119906,12098,0xCFF6600,1,8,70,0C,FF,FF,FF,FF,FF,FF
119910,12099,0x18EEFF00,1,8,08,CF,60,06,00,00,00,00
119911,12100,0xCF00400,1,8,FF,FF,FF,6A,62,FF,FF,FF
119912,12101,0xCFF6600,1,8,4D,0C,FF,FF,FF,FF,FF,FF
119931,12102,0xCF00400,1,8,FF,FF,FF,0A,62,FF,FF,FF
119932,12103,0xCFF6600,1,8,41,0C,FF,FF,FF,FF,FF,FF
119942,12104,0x18FEF100,1,8,3F,00,00,FF,FF,FF,FF,FF
119943,12105,0x18F00500,1,8,FF,FF,FF,FF,20,2D,FF,FF
119943,12106,0x18FEF200,1,8,20,00,00,00,00,00,00,FF
119951,12107,0xCF00400,1,8,FF,FF,FF,E8,61,FF,FF,FF
119952,12108,0xCFF6600,1,8,3D,0C,FF,FF,FF,FF,FF,FF
119971,12109,0xCF00400,1,8,FF,FF,FF,DC,61,FF,FF,FF
119972,12110,0xCFF6600,1,8,3B,0C,FF,FF,FF,FF,FF,FF
119991,12111,0xCF00400,1,8,FF,FF,FF,DE,61,FF,FF,FF
119992,12112,0xCFF6600,1,8,3B,0C,FF,FF,FF,FF,FF,FF
120011,12113,0xCF00400,1,8,FF,FF,FF,F2,61,FF,FF,FF
120012,12114,0xCFF6600,1,8,3E,0C,FF,FF,FF,FF,FF,FF
120031,12115,0xCF00400,1,8,FF,FF,FF,14,62,FF,FF,FF
120032,12116,0xCFF6600,1,8,42,0C,FF,FF,FF,FF,FF,FF
120042,12117,0x18F00500,1,8,FF,FF,FF,FF,20,2D,FF,FF
120044,12118,0x10FF6500,1,8,FC,FF,FF,FF,FF,FF,FF,FF
120045,12119,0x18F00600,1,8,FF,FF,FF,FF,FF,FF,FF,FF
120046,12120,0x18FEF100,1,8,3F,00,00,FF,FF,FF,FF,FF
120046,12121,0x18FEF200,1,8,20,00,00,00,00,00,00,FF
120047,12122,0x1CFDDF00,1,8,FE,FF,FF,FF,FF,FF,FF,FF
120048,12123,0x1CFF6A00,1,8,FC,FF,FF,FF,FF,FF,FF,FF
120051,12124,0xCF00400,1,8,FF,FF,FF,18,62,FF,FF,FF
120052,12125,0xCFF6600,1,8,43,0C,FF,FF,FF,FF,FF,FF
120071,12126,0xCF00400,1,8,FF,FF,FF,08,62,FF,FF,FF
120072,12127,0xCFF6600,1,8,41,0C,FF,FF,FF,FF,FF,FF
120091,12128,0xCF00400,1,8,FF,FF,FF,C8,61,FF,FF,FF
120092,12129,0xCFF6600,1,8,39,0C,FF,FF,FF,FF,FF,FF
120111,12130,0xCF00400,1,8,FF,FF,FF,6C,61,FF,FF,FF
120112,12131,0xCFF6600,1,8,2D,0C,FF,FF,FF,FF,FF,FF
120132,12132,0xCF00400,1,8,FF,FF,FF,2E,61,FF,FF,FF
120132,12133,0xCFF6600,1,8,25,0C,FF,FF,FF,FF,FF,FF
120142,12134,0x18F00500,1,8,FF,FF,FF,FF,20,2D,FF,FF
120143,12135,0x18FEF100,1,8,3F,00,00,FF,FF,FF,FF,FF
120143,12136,0x18FEF200,1,8,20,00,00,00,00,00,00,FF
120151,12137,0xCF00400,1,8,FF,FF,FF,0A,61,FF,FF,FF
120152,12138,0xCFF6600,1,8,21,0C,FF,FF,FF,FF,FF,FF
120172,12139,0xCF00400,1,8,FF,FF,FF,BC,60,FF,FF,FF
120173,12140,0xCFF6600,1,8,17,0C,FF,FF,FF,FF,FF,FF
120192,12141,0xCF00400,1,8,FF,FF,FF,4A,60,FF,FF,FF
120193,12142,0xCFF6600,1,8,09,0C,FF,FF,FF,FF,FF,FF
120211,12143,0xCF00400,1,8,FF,FF,FF,E4,5F,FF,FF,FF
120212,12144,0xCFF6600,1,8,FC,0B,FF,FF,FF,FF,FF,FF
120231,12145,0xCF00400,1,8,FF,FF,FF,86,5F,FF,FF,FF
120232,12146,0xCFF6600,1,8,F0,0B,FF,FF,FF,FF,FF,FF
120244,12147,0x10FF6500,1,8,FC,FF,FF,FF,FF,FF,FF,FF
120244,12148,0x18F00500,1,8,FF,FF,FF,FF,20,2D,FF,FF
120245,12149,0x18FEF100,1,8,3F,00,00,FF,FF,FF,FF,FF
120245,12150,0x18FEF200,1,8,20,00,00,00,00,00,00,FF
120251,12151,0xCF00400,1,8,FF,FF,FF,2C,5F,FF,FF,FF
120253,12152,0xCFF6600,1,8,E5,0B,FF,FF,FF,FF,FF,FF
120271,12153,0xCF00400,1,8,FF,FF,FF,DA,5E,FF,FF,FF
120272,12154,0xCFF6600,1,8,DB,0B,FF,FF,FF,FF,FF,FF
120292,12155,0xCF00400,1,8,FF,FF,FF,DA,5E,FF,FF,FF
120292,12156,0xCFF6600,1,8,DB,0B,FF,FF,FF,FF,FF,FF
120312,12157,0xCF00400,1,8,FF,FF,FF,1C,5F,FF,FF,FF
120313,12158,0xCFF6600,1,8,E3,0B,FF,FF,FF,FF,FF,FF
120331,12159,0xCF00400,1,8,FF,FF,FF,46,5F,FF,FF,FF
120332,12160,0xCFF6600,1,8,E8,0B,FF,FF,FF,FF,FF,FF
120342,12161,0x18FEF100,1,8,3F,00,00,FF,FF,FF,FF,FF
120343,12162,0x18F00500,1,8,FF,FF,FF,FF,20,2D,FF,FF
120343,12163,0x18FEF200,1,8,20,00,00,00,00,00,00,FF
120352,12164,0xCF00400,1,8,FF,FF,FF,60,5F,FF,FF,FF
120352,12165,0xCFF6600,1,8,EC,0B,FF,FF,FF,FF,FF,FF
120371,12166,0xCF00400,1,8,FF,FF,FF,32,5F,FF,FF,FF
120372,12167,0xCFF6600,1,8,E6,0B,FF,FF,FF,FF,FF,FF
120391,12168,0xCF00400,1,8,FF,FF,FF,D0,5E,FF,FF,FF
120412,12169,0xCF00400,1,8,FF,FF,FF,7A,5E,FF,FF,FF
120413,12170,0xCFF6600,1,8,DA,0B,FF,FF,FF,FF,FF,FF
120445,12171,0xCF00400,1,8,FF,FF,FF,2A,5E,FF,FF,FF
120446,12172,0xCFF6600,1,8,C5,0B,FF,FF,FF,FF,FF,FF
120450,12173,0x18EEFF00,1,8,08,CF,60,06,00,00,00,00
120451,12174,0xCF00400,1,8,FF,FF,FF,16,5E,FF,FF,FF
120452,12175,0xCFF6600,1,8,C2,0B,FF,FF,FF,FF,FF,FF
120471,12176,0xCF00400,1,8,FF,FF,FF,36,5E,FF,FF,FF
120472,12177,0xCFF6600,1,8,C6,0B,FF,FF,FF,FF,FF,FF
120491,12178,0xCF00400,1,8,FF,FF,FF,68,5E,FF,FF,FF
120492,12179,0xCFF6600,1,8,CD,0B,FF,FF,FF,FF,FF,FF
120512,12180,0xCF00400,1,8,FF,FF,FF,AE,5E,FF,FF,FF
120512,12181,0xCFF6600,1,8,D5,0B,FF,FF,FF,FF,FF,FF
120532,12182,0xCF00400,1,8,FF,FF,FF,D2,5E,FF,FF,FF
120532,12183,0xCFF6600,1,8,DA,0B,FF,FF,FF,FF,FF,FF
120542,12184,0x18FEF100,1,8,3F,00,00,FF,FF,FF,FF,FF
120543,12185,0x10FF6500,1,8,FC,FF,FF,FF,FF,FF,FF,FF
120544,12186,0x18F00500,1,8,FF,FF,FF,FF,20,2D,FF,FF
120545,12187,0x18FEF200,1,8,20,00,00,00,00,00,00,FF
120553,12188,0xCF00400,1,8,FF,FF,FF,70,5E,FF,FF,FF
120553,12189,0xCFF6600,1,8,CE,0B,FF,FF,FF,FF,FF,FF
120571,12190,0xCF00400,1,8,FF,FF,FF,70,5E,FF,FF,FF
120572,12191,0xCFF6600,1,8,CE,0B,FF,FF,FF,FF,FF,FF
120591,12192,0xCF00400,1,8,FF,FF,FF,9E,5D,FF,FF,FF
120613,12193,0xCF00400,1,8,FF,FF,FF,7C,5D,FF,FF,FF
120613,12194,0xCFF6600,1,8,B3,0B,FF,FF,FF,FF,FF,FF
120632,12195,0xCF00400,1,8,FF,FF,FF,EC,5D,FF,FF,FF
120632,12196,0xCFF6600,1,8,BD,0B,FF,FF,FF,FF,FF,FF
120642,12197,0x18FEF100,1,8,3F,00,00,FF,FF,FF,FF,FF
120643,12198,0x18F00500,1,8,FF,FF,FF,FF,20,2D,FF,FF
120643,12199,0x18F00600,1,8,FF,FF,FF,FF,FF,FF,FF,FF
120644,12200,0x18FEF200,1,8,20,00,00,00,00,00,00,FF
120645,12201,0x1CFDDF00,1,8,FE,FF,FF,FF,FF,FF,FF,FF
120646,12202,0x1CFF6A00,1,8,FC,FF,FF,FF,FF,FF,FF,FF
120652,12203,0xCF00400,1,8,FF,FF,FF,DC,5D,FF,FF,FF
120652,12204,0xCFF6600,1,8,BB,0B,FF,FF,FF,FF,FF,FF
120686,12205,0xCF00400,1,8,FF,FF,FF,72,5D,FF,FF,FF
120686,12206,0xCFF6600,1,8,AE,0B,FF,FF,FF,FF,FF,FF
120690,12207,0x18EEFF00,1,8,08,CF,60,06,00,00,00,00
120691,12208,0xCF00400,1,8,FF,FF,FF,5C,5D,FF,FF,FF
120692,12209,0xCFF6600,1,8,AB,0B,FF,FF,FF,FF,FF,FF
120711,12210,0xCF00400,1,8,FF,FF,FF,8A,5D,FF,FF,FF
120712,12211,0xCFF6600,1,8,B1,0B,FF,FF,FF,FF,FF,FF
120731,12212,0xCF00400,1,8,FF,FF,FF,48,5D,FF,FF,FF
120732,12213,0xCFF6600,1,8,A9,0B,FF,FF,FF,FF,FF,FF
120742,12214,0x18FEF100,1,8,3F,00,00,FF,FF,FF,FF,FF
120743,12215,0x10FF6500,1,8,FC,FF,FF,FF,FF,FF,FF,FF
120743,12216,0x18F00500,1,8,FF,FF,FF,FF,20,2D,FF,FF
120744,12217,0x18FEF200,1,8,20,00,00,00,00,00,00,FF
120751,12218,0xCF00400,1,8,FF,FF,FF,AC,5C,FF,FF,FF
120752,12219,0xCFF6600,1,8,95,0B,FF,FF,FF,FF,FF,FF
120771,12220,0xCF00400,1,8,FF,FF,FF,30,5C,FF,FF,FF
120772,12221,0xCFF6600,1,8,86,0B,FF,FF,FF,FF,FF,FF
120791,12222,0xCF00400,1,8,FF,FF,FF,CA,5B,FF,FF,FF
120811,12223,0xCF00400,1,8,FF,FF,FF,B2,5B,FF,FF,FF
120812,12224,0xCFF6600,1,8,79,0B,FF,FF,FF,FF,FF,FF
120832,12225,0xCF00400,1,8,FF,FF,FF,D8,5B,FF,FF,FF
120832,12226,0xCFF6600,1,8,7B,0B,FF,FF,FF,FF,FF,FF
120842,12227,0x18FEF100,1,8,3F,00,00,FF,FF,FF,FF,FF
120842,12228,0x18F00500,1,8,FF,FF,FF,FF,20,2D,FF,FF
120843,12229,0x18FEF200,1,8,20,00,00,00,00,00,00,FF
120852,12230,0xCF00400,1,8,FF,FF,FF,8A,5B,FF,FF,FF
120852,12231,0xCFF6600,1,8,71,0B,FF,FF,FF,FF,FF,FF
120872,12232,0xCF00400,1,8,FF,FF,FF,D4,5A,FF,FF,FF
120873,12233,0xCFF6600,1,8,5A,0B,FF,FF,FF,FF,FF,FF
120893,12234,0xCF00400,1,8,FF,FF,FF,7A,5A,FF,FF,FF
120914,12235,0xCF00400,1,8,FF,FF,FF,74,5A,FF,FF,FF
120928,12236,0xCFF6600,1,8,4F,0B,FF,FF,FF,FF,FF,FF
120928,12237,0x18FDE500,1,8,0A,14,1E,28,32,3C,46,13
120929,12238,0x18FEEE00,1,8,6D,FF,FF,FF,FF,FF,FF,FF
120930,12239,0x18EEFF00,1,8,08,CF,60,06,00,00,00,00
120931,12240,0xCF00400,1,8,FF,FF,FF,5E,5A,FF,FF,FF
120932,12241,0xCFF6600,1,8,4B,0B,FF,FF,FF,FF,FF,FF
120942,12242,0x18FEF100,1,8,3F,00,00,FF,FF,FF,FF,FF
120943,12243,0x10FF6500,1,8,FC,FF,FF,FF,FF,FF,FF,FF
120943,12244,0x18F00500,1,8,FF,FF,FF,FF,20,2D,FF,FF
120944,12245,0x18FEF200,1,8,1F,00,00,00,00,00,00,FF
120951,12246,0xCF00400,1,8,FF,FF,FF,3C,5A,FF,FF,FF
120952,12247,0xCFF6600,1,8,47,0B,FF,FF,FF,FF,FF,FF
120971,12248,0xCF00400,1,8,FF,FF,FF,40,5A,FF,FF,FF
120972,12249,0xCFF6600,1,8,48,0B,FF,FF,FF,FF,FF,FF
120972,12250,0x1CECFF00,1,8,20,0A,00,02,FF,CA,FE,00
120991,12251,0xCF00400,1,8,FF,FF,FF,62,5A,FF,FF,FF
120992,12252,0xCFF6600,1,8,4C,0B,FF,FF,FF,FF,FF,FF
121011,12253,0xCF00400,1,8,FF,FF,FF,9C,5A,FF,FF,FF
121012,12254,0xCFF6600,1,8,53,0B,FF,FF,FF,FF,FF,FF
121022,12255,0x1CEBFF00,1,8,01,40,FF,0F,F0,E5,01,02
121031,12256,0xCF00400,1,8,FF,FF,FF,EE,5A,FF,FF,FF
121032,12257,0xCFF6600,1,8,5D,0B,FF,FF,FF,FF,FF,FF
121042,12258,0x18FEF100,1,8,3F,00,00,FF,FF,FF,FF,FF
121043,12259,0x18F00500,1,8,FF,FF,FF,FF,20,2D,FF,FF
121044,12260,0x18FEF200,1,8,1F,00,00,00,00,00,00,FF
121052,12261,0xCF00400,1,8,FF,FF,FF,D6,5A,FF,FF,FF
121053,12262,0xCFF6600,1,8,5A,0B,FF,FF,FF,FF,FF,FF
121072,12263,0xCF00400,1,8,FF,FF,FF,6A,5A,FF,FF,FF
121073,12264,0xCFF6600,1,8,4D,0B,FF,FF,FF,FF,FF,FF
121073,12265,0x1CEBFF00,1,8,02,F0,E3,01,FF,FF,FF,FF
121091,12266,0xCF00400,1,8,FF,FF,FF,5E,5A,FF,FF,FF
121092,12267,0xCFF6600,1,8,4B,0B,FF,FF,FF,FF,FF,FF
121111,12268,0xCF00400,1,8,FF,FF,FF,9C,5A,FF,FF,FF
121112,12269,0xCFF6600,1,8,53,0B,FF,FF,FF,FF,FF,FF
121131,12270,0xCF00400,1,8,FF,FF,FF,B2,5A,FF,FF,FF
121132,12271,0xCFF6600,1,8,56,0B,FF,FF,FF,FF,FF,FF
121144,12272,0x10FF6500,1,8,FC,FF,FF,FF,FF,FF,FF,FF
121145,12273,0x18F00500,1,8,FF,FF,FF,FF,20,2D,FF,FF
121145,12274,0x18F00600,1,8,FF,FF,FF,FF,FF,FF,FF,FF
121146,12275,0x18FEF100,1,8,3F,00,00,FF,FF,FF,FF,FF
121147,12276,0x18FEF200,1,8,1F,00,00,00,00,00,00,FF
121148,12277,0x1CFDDF00,1,8,FE,FF,FF,FF,FF,FF,FF,FF
121148,12278,0x1CFF6A00,1,8,FC,FF,FF,FF,FF,FF,FF,FF
121151,12279,0xCF00400,1,8,FF,FF,FF,B4,5A,FF,FF,FF
121152,12280,0xCFF6600,1,8,56,0B,FF,FF,FF,FF,FF,FF
121172,12281,0xCF00400,1,8,FF,FF,FF,A0,5A,FF,FF,FF
121173,12282,0xCFF6600,1,8,54,0B,FF,FF,FF,FF,FF,FF
121191,12283,0xCF00400,1,8,FF,FF,FF,76,5A,FF,FF,FF
121212,12284,0xCF00400,1,8,FF,FF,FF,8A,5A,FF,FF,FF
121212,12285,0xCFF6600,1,8,4E,0B,FF,FF,FF,FF,FF,FF
121231,12286,0xCF00400,1,8,FF,FF,FF,CE,5A,FF,FF,FF
121232,12287,0xCFF6600,1,8,59,0B,FF,FF,FF,FF,FF,FF
121242,12288,0x18FEF100,1,8,3F,00,00,FF,FF,FF,FF,FF
121242,12289,0x18F00500,1,8,FF,FF,FF,FF,20,2D,FF,FF
121243,12290,0x18FEF200,1,8,1F,00,00,00,00,00,00,FF
121252,12291,0xCF00400,1,8,FF,FF,FF,BA,5A,FF,FF,FF
121252,12292,0xCFF6600,1,8,57,0B,FF,FF,FF,FF,FF,FF
121272,12293,0xCF00400,1,8,FF,FF,FF,64,5A,FF,FF,FF
121272,12294,0xCFF6600,1,8,4C,0B,FF,FF,FF,FF,FF,FF
121292,12295,0xCF00400,1,8,FF,FF,FF,46,5A,FF,FF,FF
121293,12296,0xCFF6600,1,8,48,0B,FF,FF,FF,FF,FF,FF
121312,12297,0xCF00400,1,8,FF,FF,FF,54,5A,FF,FF,FF
121312,12298,0xCFF6600,1,8,4A,0B,FF,FF,FF,FF,FF,FF
121346,12299,0xCF00400,1,8,FF,FF,FF,54,5A,FF,FF,FF
121346,12300,0xCFF6600,1,8,4A,0B,FF,FF,FF,FF,FF,FF
121350,12301,0x18EEFF00,1,8,08,CF,60,06,00,00,00,00
121351,12302,0xCF00400,1,8,FF,FF,FF,20,5A,FF,FF,FF
121352,12303,0xCFF6600,1,8,44,0B,FF,FF,FF,FF,FF,FF
121371,12304,0xCF00400,1,8,FF,FF,FF,B2,59,FF,FF,FF
121372,12305,0xCFF6600,1,8,36,0B,FF,FF,FF,FF,FF,FF
121391,12306,0xCF00400,1,8,FF,FF,FF,5C,59,FF,FF,FF
121392,12307,0xCFF6600,1,8,2B,0B,FF,FF,FF,FF,FF,FF
121411,12308,0xCF00400,1,8,FF,FF,FF,1A,59,FF,FF,FF
121412,12309,0xCFF6600,1,8,23,0B,FF,FF,FF,FF,FF,FF
121432,12310,0xCF00400,1,8,FF,FF,FF,22,59,FF,FF,FF
121433,12311,0xCFF6600,1,8,24,0B,FF,FF,FF,FF,FF,FF
121442,12312,0x18FEF100,1,8,3F,00,00,FF,FF,FF,FF,FF
121443,12313,0x10FF6500,1,8,FC,FF,FF,FF,FF,FF,FF,FF
121443,12314,0x18F00500,1,8,FF,FF,FF,FF,20,2D,FF,FF
121444,12315,0x18FEF200,1,8,1F,00,00,00,00,00,00,FF
121451,12316,0xCF00400,1,8,FF,FF,FF,66,59,FF,FF,FF
121452,12317,0xCFF6600,1,8,2C,0B,FF,FF,FF,FF,FF,FF
121472,12318,0xCF00400,1,8,FF,FF,FF,B8,59,FF,FF,FF
121493,12319,0xCF00400,1,8,FF,FF,FF,1C,5A,FF,FF,FF
121493,12320,0xCFF6600,1,8,37,0B,FF,FF,FF,FF,FF,FF
121512,12321,0xCF00400,1,8,FF,FF,FF,50,5A,FF,FF,FF
121513,12322,0xCFF6600,1,8,4A,0B,FF,FF,FF,FF,FF,FF
121531,12323,0xCF00400,1,8,FF,FF,FF,62,5A,FF,FF,FF
121532,12324,0xCFF6600,1,8,4C,0B,FF,FF,FF,FF,FF,FF
121543,12325,0x18F00500,1,8,FF,FF,FF,FF,20,2D,FF,FF
121544,12326,0x18FEF100,1,8,3F,00,00,FF,FF,FF,FF,FF
121545,12327,0x18FEF200,1,8,1F,00,00,00,00,00,00,FF
121551,12328,0xCF00400,1,8,FF,FF,FF,76,5A,FF,FF,FF
121552,12329,0xCFF6600,1,8,4E,0B,FF,FF,FF,FF,FF,FF
121572,12330,0xCF00400,1,8,FF,FF,FF,88,5A,FF,FF,FF
121572,12331,0xCFF6600,1,8,51,0B,FF,FF,FF,FF,FF,FF
121591,12332,0xCF00400,1,8,FF,FF,FF,32,5A,FF,FF,FF
121592,12333,0xCFF6600,1,8,46,0B,FF,FF,FF,FF,FF,FF
121612,12334,0xCF00400,1,8,FF,FF,FF,80,59,FF,FF,FF
121612,12335,0xCFF6600,1,8,30,0B,FF,FF,FF,FF,FF,FF
121631,12336,0xCF00400,1,8,FF,FF,FF,7A,59,FF,FF,FF
121632,12337,0xCFF6600,1,8,2F,0B,FF,FF,FF,FF,FF,FF
121642,12338,0x18FEF100,1,8,3F,00,00,FF,FF,FF,FF,FF
121663,12339,0xCF00400,1,8,FF,FF,FF,00,5A,FF,FF,FF
121664,12340,0xCFF6600,1,8,40,0B,FF,FF,FF,FF,FF,FF
121664,12341,0x10FF6500,1,8,FC,FF,FF,FF,FF,FF,FF,FF
121665,12342,0x18F00500,1,8,FF,FF,FF,FF,20,2D,FF,FF
121666,12343,0x18FEF200,1,8,1F,00,00,00,00,00,00,FF
121671,12344,0xCF00400,1,8,FF,FF,FF,3A,5A,FF,FF,FF
121672,12345,0xCFF6600,1,8,47,0B,FF,FF,FF,FF,FF,FF
121691,12346,0xCF00400,1,8,FF,FF,FF,46,5A,FF,FF,FF
121692,12347,0xCFF6600,1,8,48,0B,FF,FF,FF,FF,FF,FF
121711,12348,0xCF00400,1,8,FF,FF,FF,3C,5A,FF,FF,FF
121713,12349,0xCFF6600,1,8,47,0B,FF,FF,FF,FF,FF,FF
121732,12350,0xCF00400,1,8,FF,FF,FF,1A,5A,FF,FF,FF
121732,12351,0xCFF6600,1,8,43,0B,FF,FF,FF,FF,FF,FF
121742,12352,0x18F00500,1,8,FF,FF,FF,FF,20,2D,FF,FF
121743,12353,0x18F00600,1,8,FF,FF,FF,FF,FF,FF,FF,FF
121743,12354,0x18FEF100,1,8,3F,00,00,FF,FF,FF,FF,FF
121744,12355,0x18FEF200,1,8,1F,00,00,00,00,00,00,FF
121745,12356,0x1CFDDF00,1,8,FE,FF,FF,FF,FF,FF,FF,FF
121745,12357,0x1CFF6A00,1,8,FC,FF,FF,FF,FF,FF,FF,FF
121751,12358,0xCF00400,1,8,FF,FF,FF,4E,5A,FF,FF,FF
121752,12359,0xCFF6600,1,8,49,0B,FF,FF,FF,FF,FF,FF
121772,12360,0xCF00400,1,8,FF,FF,FF,C4,5A,FF,FF,FF
121772,12361,0xCFF6600,1,8,58,0B,FF,FF,FF,FF,FF,FF
121791,12362,0xCF00400,1,8,FF,FF,FF,B0,5A,FF,FF,FF
121792,12363,0xCFF6600,1,8,56,0B,FF,FF,FF,FF,FF,FF
121812,12364,0xCF00400,1,8,FF,FF,FF,30,5A,FF,FF,FF
121812,12365,0xCFF6600,1,8,46,0B,FF,FF,FF,FF,FF,FF
121831,12366,0xCF00400,1,8,FF,FF,FF,30,5A,FF,FF,FF
121832,12367,0xCFF6600,1,8,46,0B,FF,FF,FF,FF,FF,FF
121842,12368,0x18FEF100,1,8,3F,00,00,FF,FF,FF,FF,FF
121843,12369,0x10FF6500,1,8,FC,FF,FF,FF,FF,FF,FF,FF
121844,12370,0x18F00500,1,8,FF,FF,FF,FF,20,2D,FF,FF
121844,12371,0x18FEF200,1,8,1F,00,00,00,00,00,00,FF
121853,12372,0xCF00400,1,8,FF,FF,FF,00,5A,FF,FF,FF
121854,12373,0xCFF6600,1,8,40,0B,FF,FF,FF,FF,FF,FF
121871,12374,0xCF00400,1,8,FF,FF,FF,12,5A,FF,FF,FF
121872,12375,0xCFF6600,1,8,42,0B,FF,FF,FF,FF,FF,FF
121891,12376,0xCF00400,1,8,FF,FF,FF,12,5A,FF,FF,FF
121892,12377,0xCFF6600,1,8,42,0B,FF,FF,FF,FF,FF,FF
121901,12378,0x18FDE500,1,8,0A,14,1E,28,32,3C,46,13
121902,12379,0x18FEEE00,1,8,6D,FF,FF,FF,FF,FF,FF,FF
121913,12380,0xCF00400,1,8,FF,FF,FF,0A,5A,FF,FF,FF
121914,12381,0xCFF6600,1,8,41,0B,FF,FF,FF,FF,FF,FF
121921,12382,0x1CECFF00,1,8,20,0A,00,02,FF,CA,FE,00
121948,12383,0xCF00400,1,8,FF,FF,FF,E8,59,FF,FF,FF
121949,12384,0xCFF6600,1,8,3D,0B,FF,FF,FF,FF,FF,FF
121950,12385,0x18EEFF00,1,8,08,CF,60,06,00,00,00,00
121951,12386,0xCF00400,1,8,FF,FF,FF,B8,59,FF,FF,FF
121952,12387,0xCFF6600,1,8,37,0B,FF,FF,FF,FF,FF,FF
121971,12388,0xCF00400,1,8,FF,FF,FF,B4,59,FF,FF,FF
121972,12389,0xCFF6600,1,8,36,0B,FF,FF,FF,FF,FF,FF
121972,12390,0x1CEBFF00,1,8,01,40,FF,0F,F0,E5,01,02
121991,12391,0xCF00400,1,8,FF,FF,FF,CE,59,FF,FF,FF
121992,12392,0xCFF6600,1,8,39,0B,FF,FF,FF,FF,FF,FF
122011,12393,0xCF00400,1,8,FF,FF,FF,F8,59,FF,FF,FF
122012,12394,0xCFF6600,1,8,3F,0B,FF,FF,FF,FF,FF,FF
122021,12395,0x1CEBFF00,1,8,02,F0,E3,01,FF,FF,FF,FF
122031,12396,0xCF00400,1,8,FF,FF,FF,32,5A,FF,FF,FF
122032,12397,0xCFF6600,1,8,46,0B,FF,FF,FF,FF,FF,FF
122042,12398,0x18FEF100,1,8,3F,00,00,FF,FF,FF,FF,FF
122043,12399,0x18F00500,1,8,FF,FF,FF,FF,20,2D,FF,FF
122043,12400,0x18FEF200,1,8,1D,00,00,00,00,00,00,FF
122052,12401,0xCF00400,1,8,FF,FF,FF,6A,5A,FF,FF,FF
122053,12402,0xCFF6600,1,8,4D,0B,FF,FF,FF,FF,FF,FF
122072,12403,0xCF00400,1,8,FF,FF,FF,9C,5A,FF,FF,FF
122073,12404,0xCFF6600,1,8,53,0B,FF,FF,FF,FF,FF,FF
122093,12405,0xCF00400,1,8,FF,FF,FF,D0,5A,FF,FF,FF
122094,12406,0xCFF6600,1,8,5A,0B,FF,FF,FF,FF,FF,FF
122111,12407,0xCF00400,1,8,FF,FF,FF,06,5B,FF,FF,FF
122112,12408,0xCFF6600,1,8,60,0B,FF,FF,FF,FF,FF,FF
122131,12409,0xCF00400,1,8,FF,FF,FF,2C,5B,FF,FF,FF
122132,12410,0xCFF6600,1,8,65,0B,FF,FF,FF,FF,FF,FF
122142,12411,0x18FEF100,1,8,3F,00,00,FF,FF,FF,FF,FF
122143,12412,0x10FF6500,1,8,FC,FF,FF,FF,FF,FF,FF,FF
122143,12413,0x18F00500,1,8,FF,FF,FF,FF,20,2D,FF,FF
122144,12414,0x18FEF200,1,8,1D,00,00,00,00,00,00,FF
122154,12415,0xCF00400,1,8,FF,FF,FF,46,5B,FF,FF,FF
122154,12416,0xCFF6600,1,8,68,0B,FF,FF,FF,FF,FF,FF
122172,12417,0xCF00400,1,8,FF,FF,FF,4C,5B,FF,FF,FF
122173,12418,0xCFF6600,1,8,69,0B,FF,FF,FF,FF,FF,FF
122193,12419,0xCF00400,1,8,FF,FF,FF,42,5B,FF,FF,FF
122193,12420,0xCFF6600,1,8,68,0B,FF,FF,FF,FF,FF,FF
122211,12421,0xCF00400,1,8,FF,FF,FF,00,5B,FF,FF,FF
122212,12422,0xCFF6600,1,8,60,0B,FF,FF,FF,FF,FF,FF
122231,12423,0xCF00400,1,8,FF,FF,FF,94,5A,FF,FF,FF
122232,12424,0xCFF6600,1,8,52,0B,FF,FF,FF,FF,FF,FF
122244,12425,0x18F00500,1,8,FF,FF,FF,FF,20,2D,FF,FF
122244,12426,0x18FEF100,1,8,3F,00,00,FF,FF,FF,FF,FF
122245,12427,0x18FEF200,1,8,1D,00,00,00,00,00,00,FF
122251,12428,0xCF00400,1,8,FF,FF,FF,5A,5A,FF,FF,FF
122252,12429,0xCFF6600,1,8,4B,0B,FF,FF,FF,FF,FF,FF
122273,12430,0xCF00400,1,8,FF,FF,FF,48,5A,FF,FF,FF
122274,12431,0xCFF6600,1,8,49,0B,FF,FF,FF,FF,FF,FF
122291,12432,0xCF00400,1,8,FF,FF,FF,54,5A,FF,FF,FF
122292,12433,0xCFF6600,1,8,4A,0B,FF,FF,FF,FF,FF,FF
122313,12434,0xCF00400,1,8,FF,FF,FF,76,5A,FF,FF,FF
122314,12435,0xCFF6600,1,8,4E,0B,FF,FF,FF,FF,FF,FF
122331,12436,0xCF00400,1,8,FF,FF,FF,8E,5A,FF,FF,FF
122348,12437,0xCFF6600,1,8,51,0B,FF,FF,FF,FF,FF,FF
122350,12438,0x18EEFF00,1,8,08,CF,60,06,00,00,00,00
122351,12439,0xCF00400,1,8,FF,FF,FF,A0,5A,FF,FF,FF
122352,12440,0xCFF6600,1,8,54,0B,FF,FF,FF,FF,FF,FF
122372,12441,0xCF00400,1,8,FF,FF,FF,B0,5A,FF,FF,FF
122372,12442,0xCFF6600,1,8,56,0B,FF,FF,FF,FF,FF,FF
122392,12443,0xCF00400,1,8,FF,FF,FF,C2,5A,FF,FF,FF
122392,12444,0xCFF6600,1,8,58,0B,FF,FF,FF,FF,FF,FF
122411,12445,0xCF00400,1,8,FF,FF,FF,C2,5A,FF,FF,FF
122412,12446,0xCFF6600,1,8,58,0B,FF,FF,FF,FF,FF,FF
122431,12447,0xCF00400,1,8,FF,FF,FF,44,5A,FF,FF,FF
122432,12448,0xCFF6600,1,8,48,0B,FF,FF,FF,FF,FF,FF
122442,12449,0x10FF6500,1,8,FC,FF,FF,FF,FF,FF,FF,FF
122443,12450,0x18F00500,1,8,FF,FF,FF,FF,20,2D,FF,FF
122466,12451,0xCF00400,1,8,FF,FF,FF,46,59,FF,FF,FF
122466,12452,0xCFF6600,1,8,28,0B,FF,FF,FF,FF,FF,FF
122467,12453,0x18F00600,1,8,FF,FF,FF,FF,FF,FF,FF,FF
122468,12454,0x18FEF100,1,8,3F,00,00,FF,FF,FF,FF,FF
122468,12455,0x18FEF200,1,8,1D,00,00,00,00,00,00,FF
122470,12456,0x1CFDDF00,1,8,FE,FF,FF,FF,FF,FF,FF,FF
122470,12457,0x1CFF6A00,1,8,FC,FF,FF,FF,FF,FF,FF,FF
122471,12458,0xCF00400,1,8,FF,FF,FF,3C,59,FF,FF,FF
122472,12459,0xCFF6600,1,8,27,0B,FF,FF,FF,FF,FF,FF
122492,12460,0xCF00400,1,8,FF,FF,FF,F6,59,FF,FF,FF
122493,12461,0xCFF6600,1,8,3E,0B,FF,FF,FF,FF,FF,FF
122512,12462,0xCF00400,1,8,FF,FF,FF,CC,59,FF,FF,FF
122513,12463,0xCFF6600,1,8,39,0B,FF,FF,FF,FF,FF,FF
122531,12464,0xCF00400,1,8,FF,FF,FF,F2,58,FF,FF,FF
122532,12465,0xCFF6600,1,8,1E,0B,FF,FF,FF,FF,FF,FF
122542,12466,0x18FEF100,1,8,3F,00,00,FF,FF,FF,FF,FF
122543,12467,0x18F00500,1,8,FF,FF,FF,FF,20,2D,FF,FF
122543,12468,0x18FEF200,1,8,1D,00,00,00,00,00,00,FF
122553,12469,0xCF00400,1,8,FF,FF,FF,5E,58,FF,FF,FF
122553,12470,0xCFF6600,1,8,0B,0B,FF,FF,FF,FF,FF,FF
122571,12471,0xCF00400,1,8,FF,FF,FF,06,58,FF,FF,FF
122572,12472,0xCFF6600,1,8,00,0B,FF,FF,FF,FF,FF,FF
122591,12473,0xCF00400,1,8,FF,FF,FF,FC,57,FF,FF,FF
122592,12474,0xCFF6600,1,8,FF,0A,FF,FF,FF,FF,FF,FF
122611,12475,0xCF00400,1,8,FF,FF,FF,2C,58,FF,FF,FF
122612,12476,0xCFF6600,1,8,05,0B,FF,FF,FF,FF,FF,FF
122631,12477,0xCF00400,1,8,FF,FF,FF,34,58,FF,FF,FF
122632,12478,0xCFF6600,1,8,06,0B,FF,FF,FF,FF,FF,FF
122643,12479,0x10FF6500,1,8,FC,FF,FF,FF,FF,FF,FF,FF
122643,12480,0x18F00500,1,8,FF,FF,FF,FF,20,2D,FF,FF
122644,12481,0x18FEF100,1,8,3F,00,00,FF,FF,FF,FF,FF
122644,12482,0x18FEF200,1,8,1D,00,00,00,00,00,00,FF
122652,12483,0xCF00400,1,8,FF,FF,FF,1E,58,FF,FF,FF
122652,12484,0xCFF6600,1,8,03,0B,FF,FF,FF,FF,FF,FF
122672,12485,0xCF00400,1,8,FF,FF,FF,4C,58,FF,FF,FF
122673,12486,0xCFF6600,1,8,09,0B,FF,FF,FF,FF,FF,FF
122693,12487,0xCF00400,1,8,FF,FF,FF,A6,58,FF,FF,FF
122693,12488,0xCFF6600,1,8,14,0B,FF,FF,FF,FF,FF,FF
122712,12489,0xCF00400,1,8,FF,FF,FF,D4,58,FF,FF,FF
122713,12490,0xCFF6600,1,8,1A,0B,FF,FF,FF,FF,FF,FF
122731,12491,0xCF00400,1,8,FF,FF,FF,E0,58,FF,FF,FF
122732,12492,0xCFF6600,1,8,1C,0B,FF,FF,FF,FF,FF,FF
122742,12493,0x18FEF100,1,8,3F,00,00,FF,FF,FF,FF,FF
122743,12494,0x18F00500,1,8,FF,FF,FF,FF,20,2D,FF,FF
122744,12495,0x18FEF200,1,8,1D,00,00,00,00,00,00,FF
122754,12496,0xCF00400,1,8,FF,FF,FF,FA,58,FF,FF,FF
122754,12497,0xCFF6600,1,8,1F,0B,FF,FF,FF,FF,FF,FF
122788,12498,0xCF00400,1,8,FF,FF,FF,24,59,FF,FF,FF
122788,12499,0xCFF6600,1,8,24,0B,FF,FF,FF,FF,FF,FF
122790,12500,0x18EEFF00,1,8,08,CF,60,06,00,00,00,00
122791,12501,0xCF00400,1,8,FF,FF,FF,24,59,FF,FF,FF
122792,12502,0xCFF6600,1,8,24,0B,FF,FF,FF,FF,FF,FF
122811,12503,0xCF00400,1,8,FF,FF,FF,56,59,FF,FF,FF
122812,12504,0xCFF6600,1,8,2A,0B,FF,FF,FF,FF,FF,FF
122831,12505,0xCF00400,1,8,FF,FF,FF,8E,59,FF,FF,FF
122832,12506,0xCFF6600,1,8,31,0B,FF,FF,FF,FF,FF,FF
122842,12507,0x18F00500,1,8,FF,FF,FF,FF,20,2D,FF,FF
122843,12508,0x10FF6500,1,8,FC,FF,FF,FF,FF,FF,FF,FF
122844,12509,0x18FEF100,1,8,3F,00,00,FF,FF,FF,FF,FF
122844,12510,0x18FEF200,1,8,1D,00,00,00,00,00,00,FF
122851,12511,0xCF00400,1,8,FF,FF,FF,84,59,FF,FF,FF
122852,12512,0xCFF6600,1,8,30,0B,FF,FF,FF,FF,FF,FF
122872,12513,0xCF00400,1,8,FF,FF,FF,48,59,FF,FF,FF
122873,12514,0xCFF6600,1,8,29,0B,FF,FF,FF,FF,FF,FF
122892,12515,0xCF00400,1,8,FF,FF,FF,70,59,FF,FF,FF
122892,12516,0xCFF6600,1,8,2E,0B,FF,FF,FF,FF,FF,FF
122903,12517,0x18FDE500,1,8,0A,14,1E,28,32,3C,46,13
122904,12518,0x18FEEE00,1,8,6E,FF,FF,FF,FF,FF,FF,FF
122911,12519,0xCF00400,1,8,FF,FF,FF,E4,59,FF,FF,FF
122912,12520,0xCFF6600,1,8,3C,0B,FF,FF,FF,FF,FF,FF
122921,12521,0x1CECFF00,1,8,20,0A,00,02,FF,CA,FE,00
122931,12522,0xCF00400,1,8,FF,FF,FF,04,5A,FF,FF,FF
122932,12523,0xCFF6600,1,8,40,0B,FF,FF,FF,FF,FF,FF
122942,12524,0x18F00500,1,8,FF,FF,FF,FF,20,2D,FF,FF
122943,12525,0x18F00600,1,8,FF,FF,FF,FF,FF,FF,FF,FF
122944,12526,0x18FEF100,1,8,3F,00,00,FF,FF,FF,FF,FF
122944,12527,0x18FEF200,1,8,1D,00,00,00,00,00,00,FF
122966,12528,0xCF00400,1,8,FF,FF,FF,E2,59,FF,FF,FF
122967,12529,0xCFF6600,1,8,3C,0B,FF,FF,FF,FF,FF,FF
122967,12530,0x1CFDDF00,1,8,FE,FF,FF,FF,FF,FF,FF,FF
122968,12531,0x1CFF6A00,1,8,FC,FF,FF,FF,FF,FF,FF,FF
122971,12532,0xCF00400,1,8,FF,FF,FF,1C,5A,FF,FF,FF
122972,12533,0xCFF6600,1,8,43,0B,FF,FF,FF,FF,FF,FF
122972,12534,0x1CEBFF00,1,8,01,40,FF,0F,F0,E5,01,02
122992,12535,0xCF00400,1,8,FF,FF,FF,9E,5A,FF,FF,FF
122993,12536,0xCFF6600,1,8,53,0B,FF,FF,FF,FF,FF,FF
123012,12537,0xCF00400,1,8,FF,FF,FF,F2,5A,FF,FF,FF
123013,12538,0xCFF6600,1,8,5E,0B,FF,FF,FF,FF,FF,FF
123021,12539,0x1CEBFF00,1,8,02,F0,E3,01,FF,FF,FF,FF
123031,12540,0xCF00400,1,8,FF,FF,FF,22,5B,FF,FF,FF
123032,12541,0xCFF6600,1,8,64,0B,FF,FF,FF,FF,FF,FF
123043,12542,0x10FF6500,1,8,FC,FF,FF,FF,FF,FF,FF,FF
123044,12543,0x18F00500,1,8,FF,FF,FF,FF,20,2D,FF,FF
123044,12544,0x18FEF100,1,8,3F,00,00,FF,FF,FF,FF,FF
123045,12545,0x18FEF200,1,8,1D,00,00,00,00,00,00,FF
123053,12546,0xCF00400,1,8,FF,FF,FF,64,5B,FF,FF,FF
123054,12547,0xCFF6600,1,8,6C,0B,FF,FF,FF,FF,FF,FF
123071,12548,0xCF00400,1,8,FF,FF,FF,B4,5B,FF,FF,FF
123072,12549,0xCFF6600,1,8,76,0B,FF,FF,FF,FF,FF,FF
123091,12550,0xCF00400,1,8,FF,FF,FF,D4,5B,FF,FF,FF
123092,12551,0xCFF6600,1,8,7A,0B,FF,FF,FF,FF,FF,FF
123111,12552,0xCF00400,1,8,FF,FF,FF,CC,5B,FF,FF,FF
123112,12553,0xCFF6600,1,8,79,0B,FF,FF,FF,FF,FF,FF
123133,12554,0xCF00400,1,8,FF,FF,FF,BE,5B,FF,FF,FF
123133,12555,0xCFF6600,1,8,77,0B,FF,FF,FF,FF,FF,FF
123143,12556,0x18F00500,1,8,FF,FF,FF,FF,20,2D,FF,FF
123143,12557,0x18FEF100,1,8,3F,00,00,FF,FF,FF,FF,FF
123144,12558,0x18FEF200,1,8,1D,00,00,00,00,00,00,FF
123152,12559,0xCF00400,1,8,FF,FF,FF,A4,5B,FF,FF,FF
123152,12560,0xCFF6600,1,8,74,0B,FF,FF,FF,FF,FF,FF
123172,12561,0xCF00400,1,8,FF,FF,FF,38,5B,FF,FF,FF
123173,12562,0xCFF6600,1,8,67,0B,FF,FF,FF,FF,FF,FF
123192,12563,0xCF00400,1,8,FF,FF,FF,88,5A,FF,FF,FF
123192,12564,0xCFF6600,1,8,51,0B,FF,FF,FF,FF,FF,FF
123212,12565,0xCF00400,1,8,FF,FF,FF,54,5A,FF,FF,FF
123212,12566,0xCFF6600,1,8,4A,0B,FF,FF,FF,FF,FF,FF
123232,12567,0xCF00400,1,8,FF,FF,FF,84,5A,FF,FF,FF
123233,12568,0xCFF6600,1,8,50,0B,FF,FF,FF,FF,FF,FF
123244,12569,0x10FF6500,1,8,FC,FF,FF,FF,FF,FF,FF,FF
123245,12570,0x18F00500,1,8,FF,FF,FF,FF,20,2D,FF,FF
123245,12571,0x18FEF100,1,8,3F,00,00,FF,FF,FF,FF,FF
123246,12572,0x18FEF200,1,8,1D,00,00,00,00,00,00,FF
123252,12573,0xCF00400,1,8,FF,FF,FF,64,5A,FF,FF,FF
123252,12574,0xCFF6600,1,8,4C,0B,FF,FF,FF,FF,FF,FF
123272,12575,0xCF00400,1,8,FF,FF,FF,0E,5A,FF,FF,FF
123272,12576,0xCFF6600,1,8,41,0B,FF,FF,FF,FF,FF,FF
123292,12577,0xCF00400,1,8,FF,FF,FF,F4,59,FF,FF,FF
123317,12578,0xCFF6600,1,8,3E,0B,FF,FF,FF,FF,FF,FF
123318,12579,0x18EEFF00,1,8,08,CF,60,06,00,00,00,00
123332,12580,0xCF00400,1,8,FF,FF,FF,BC,59,FF,FF,FF
123332,12581,0xCFF6600,1,8,37,0B,FF,FF,FF,FF,FF,FF
123342,12582,0x18FEF100,1,8,3F,00,00,FF,FF,FF,FF,FF
123343,12583,0x18F00500,1,8,FF,FF,FF,FF,20,2D,FF,FF
123343,12584,0x18FEF200,1,8,1D,00,00,00,00,00,00,FF
123351,12585,0xCF00400,1,8,FF,FF,FF,BC,59,FF,FF,FF
123352,12586,0xCFF6600,1,8,37,0B,FF,FF,FF,FF,FF,FF
123371,12587,0xCF00400,1,8,FF,FF,FF,22,59,FF,FF,FF
123372,12588,0xCFF6600,1,8,24,0B,FF,FF,FF,FF,FF,FF
123391,12589,0xCF00400,1,8,FF,FF,FF,14,59,FF,FF,FF
123393,12590,0xCFF6600,1,8,22,0B,FF,FF,FF,FF,FF,FF
123411,12591,0xCF00400,1,8,FF,FF,FF,6C,59,FF,FF,FF
123412,12592,0xCFF6600,1,8,2D,0B,FF,FF,FF,FF,FF,FF
123431,12593,0xCF00400,1,8,FF,FF,FF,C4,59,FF,FF,FF
123452,12594,0xCF00400,1,8,FF,FF,FF,2A,5A,FF,FF,FF
123453,12595,0xCFF6600,1,8,38,0B,FF,FF,FF,FF,FF,FF
123453,12596,0x10FF6500,1,8,FC,FF,FF,FF,FF,FF,FF,FF
123454,12597,0x18F00500,1,8,FF,FF,FF,FF,20,2D,FF,FF
123455,12598,0x18F00600,1,8,FF,FF,FF,FF,FF,FF,FF,FF
123455,12599,0x18FEF100,1,8,3F,00,00,FF,FF,FF,FF,FF
123456,12600,0x18FEF200,1,8,1D,00,00,00,00,00,00,FF
123457,12601,0x1CFDDF00,1,8,FE,FF,FF,FF,FF,FF,FF,FF
123457,12602,0x1CFF6A00,1,8,FC,FF,FF,FF,FF,FF,FF,FF
123471,12603,0xCF00400,1,8,FF,FF,FF,78,5A,FF,FF,FF
123472,12604,0xCFF6600,1,8,4F,0B,FF,FF,FF,FF,FF,FF
123491,12605,0xCF00400,1,8,FF,FF,FF,B6,5A,FF,FF,FF
123492,12606,0xCFF6600,1,8,56,0B,FF,FF,FF,FF,FF,FF
123511,12607,0xCF00400,1,8,FF,FF,FF,6E,5A,FF,FF,FF
123512,12608,0xCFF6600,1,8,4D,0B,FF,FF,FF,FF,FF,FF
123531,12609,0xCF00400,1,8,FF,FF,FF,B4,59,FF,FF,FF
123532,12610,0xCFF6600,1,8,36,0B,FF,FF,FF,FF,FF,FF
123542,12611,0x18F00500,1,8,FF,FF,FF,FF,20,2D,FF,FF
123543,12612,0x18FEF100,1,8,3F,00,00,FF,FF,FF,FF,FF
123544,12613,0x18FEF200,1,8,1D,00,00,00,00,00,00,FF
123552,12614,0xCF00400,1,8,FF,FF,FF,50,59,FF,FF,FF
123553,12615,0xCFF6600,1,8,2A,0B,FF,FF,FF,FF,FF,FF
123572,12616,0xCF00400,1,8,FF,FF,FF,36,59,FF,FF,FF
123572,12617,0xCFF6600,1,8,26,0B,FF,FF,FF,FF,FF,FF
123591,12618,0xCF00400,1,8,FF,FF,FF,2E,59,FF,FF,FF
123611,12619,0xCF00400,1,8,FF,FF,FF,38,59,FF,FF,FF
123612,12620,0xCFF6600,1,8,25,0B,FF,FF,FF,FF,FF,FF
123631,12621,0xCF00400,1,8,FF,FF,FF,34,59,FF,FF,FF
123633,12622,0xCFF6600,1,8,26,0B,FF,FF,FF,FF,FF,FF
123642,12623,0x18FEF100,1,8,3F,00,00,FF,FF,FF,FF,FF
123643,12624,0x10FF6500,1,8,FC,FF,FF,FF,FF,FF,FF,FF
123643,12625,0x18F00500,1,8,FF,FF,FF,FF,20,2D,FF,FF
123644,12626,0x18FEF200,1,8,1D,00,00,00,00,00,00,FF
123651,12627,0xCF00400,1,8,FF,FF,FF,26,59,FF,FF,FF
123652,12628,0xCFF6600,1,8,24,0B,FF,FF,FF,FF,FF,FF
123671,12629,0xCF00400,1,8,FF,FF,FF,F0,58,FF,FF,FF
123672,12630,0xCFF6600,1,8,1E,0B,FF,FF,FF,FF,FF,FF
123691,12631,0xCF00400,1,8,FF,FF,FF,9A,58,FF,FF,FF
123692,12632,0xCFF6600,1,8,13,0B,FF,FF,FF,FF,FF,FF
123711,12633,0xCF00400,1,8,FF,FF,FF,8C,58,FF,FF,FF
123712,12634,0xCFF6600,1,8,11,0B,FF,FF,FF,FF,FF,FF
123731,12635,0xCF00400,1,8,FF,FF,FF,B2,58,FF,FF,FF
123733,12636,0xCFF6600,1,8,16,0B,FF,FF,FF,FF,FF,FF
123742,12637,0x18FEF100,1,8,3F,00,00,FF,FF,FF,FF,FF
123743,12638,0x18F00500,1,8,FF,FF,FF,FF,20,2D,FF,FF
123743,12639,0x18FEF200,1,8,1D,00,00,00,00,00,00,FF
123752,12640,0xCF00400,1,8,FF,FF,FF,62,58,FF,FF,FF
123753,12641,0xCFF6600,1,8,0C,0B,FF,FF,FF,FF,FF,FF
123772,12642,0xCF00400,1,8,FF,FF,FF,62,58,FF,FF,FF
123792,12643,0xCF00400,1,8,FF,FF,FF,AE,57,FF,FF,FF
123793,12644,0xCFF6600,1,8,0C,0B,FF,FF,FF,FF,FF,FF
123811,12645,0xCF00400,1,8,FF,FF,FF,5E,57,FF,FF,FF
123812,12646,0xCFF6600,1,8,EB,0A,FF,FF,FF,FF,FF,FF
123831,12647,0xCF00400,1,8,FF,FF,FF,66,57,FF,FF,FF
123832,12648,0xCFF6600,1,8,EC,0A,FF,FF,FF,FF,FF,FF
123842,12649,0x18F00500,1,8,FF,FF,FF,FF,20,2D,FF,FF
123843,12650,0x10FF6500,1,8,FC,FF,FF,FF,FF,FF,FF,FF
123844,12651,0x18FEF100,1,8,3F,00,00,FF,FF,FF,FF,FF
123845,12652,0x18FEF200,1,8,1D,00,00,00,00,00,00,FF
123851,12653,0xCF00400,1,8,FF,FF,FF,3E,57,FF,FF,FF
123852,12654,0xCFF6600,1,8,E7,0A,FF,FF,FF,FF,FF,FF
123871,12655,0xCF00400,1,8,FF,FF,FF,F2,56,FF,FF,FF
123873,12656,0xCFF6600,1,8,DE,0A,FF,FF,FF,FF,FF,FF
123892,12657,0xCF00400,1,8,FF,FF,FF,C2,56,FF,FF,FF
123892,12658,0xCFF6600,1,8,D8,0A,FF,FF,FF,FF,FF,FF
123903,12659,0x18FDE500,1,8,0A,14,1E,28,32,3C,46,13
123904,12660,0x18FEEE00,1,8,6E,FF,FF,FF,FF,FF,FF,FF
123912,12661,0xCF00400,1,8,FF,FF,FF,AA,56,FF,FF,FF
123912,12662,0xCFF6600,1,8,D5,0A,FF,FF,FF,FF,FF,FF
123921,12663,0x1CECFF00,1,8,20,0A,00,02,FF,CA,FE,00
123947,12664,0xCF00400,1,8,FF,FF,FF,E4,56,FF,FF,FF
123948,12665,0xCFF6600,1,8,DC,0A,FF,FF,FF,FF,FF,FF
123950,12666,0x18EEFF00,1,8,08,CF,60,06,00,00,00,00
123951,12667,0xCF00400,1,8,FF,FF,FF,62,57,FF,FF,FF
123952,12668,0xCFF6600,1,8,EC,0A,FF,FF,FF,FF,FF,FF
123971,12669,0xCF00400,1,8,FF,FF,FF,98,57,FF,FF,FF
123972,12670,0xCFF6600,1,8,F3,0A,FF,FF,FF,FF,FF,FF
123972,12671,0x1CEBFF00,1,8,01,40,FF,0F,F0,E5,01,02
123991,12672,0xCF00400,1,8,FF,FF,FF,92,57,FF,FF,FF
123992,12673,0xCFF6600,1,8,F2,0A,FF,FF,FF,FF,FF,FF
124011,12674,0xCF00400,1,8,FF,FF,FF,A2,57,FF,FF,FF
124012,12675,0xCFF6600,1,8,F4,0A,FF,FF,FF,FF,FF,FF
124021,12676,0x1CEBFF00,1,8,02,F0,E3,01,FF,FF,FF,FF
124033,12677,0xCF00400,1,8,FF,FF,FF,CC,57,FF,FF,FF
124034,12678,0xCFF6600,1,8,F9,0A,FF,FF,FF,FF,FF,FF
124042,12679,0x18F00500,1,8,FF,FF,FF,FF,20,2D,FF,FF
124044,12680,0x18F00600,1,8,FF,FF,FF,FF,FF,FF,FF,FF
124045,12681,0x18FEF100,1,8,3F,00,00,FF,FF,FF,FF,FF
124046,12682,0x18FEF200,1,8,1C,00,00,00,00,00,00,FF
124046,12683,0x1CFDDF00,1,8,FE,FF,FF,FF,FF,FF,FF,FF
124047,12684,0x1CFF6A00,1,8,FC,FF,FF,FF,FF,FF,FF,FF
124052,12685,0xCF00400,1,8,FF,FF,FF,8C,57,FF,FF,FF
124052,12686,0xCFF6600,1,8,F1,0A,FF,FF,FF,FF,FF,FF
124071,12687,0xCF00400,1,8,FF,FF,FF,8C,57,FF,FF,FF
124072,12688,0xCFF6600,1,8,F1,0A,FF,FF,FF,FF,FF,FF
124091,12689,0xCF00400,1,8,FF,FF,FF,F0,56,FF,FF,FF
124092,12690,0xCFF6600,1,8,DE,0A,FF,FF,FF,FF,FF,FF
124111,12691,0xCF00400,1,8,FF,FF,FF,8E,56,FF,FF,FF
124153,12692,0xCF00400,1,8,FF,FF,FF,5C,56,FF,FF,FF
124154,12693,0xCFF6600,1,8,D1,0A,FF,FF,FF,FF,FF,FF
124154,12694,0x18EEFF00,1,8,08,CF,60,06,00,00,00,00
124171,12695,0xCF00400,1,8,FF,FF,FF,22,56,FF,FF,FF
124172,12696,0xCFF6600,1,8,C4,0A,FF,FF,FF,FF,FF,FF
124191,12697,0xCF00400,1,8,FF,FF,FF,16,56,FF,FF,FF
124192,12698,0xCFF6600,1,8,C2,0A,FF,FF,FF,FF,FF,FF
124211,12699,0xCF00400,1,8,FF,FF,FF,12,56,FF,FF,FF
124212,12700,0xCFF6600,1,8,C2,0A,FF,FF,FF,FF,FF,FF
124231,12701,0xCF00400,1,8,FF,FF,FF,26,56,FF,FF,FF
124232,12702,0xCFF6600,1,8,C4,0A,FF,FF,FF,FF,FF,FF
124242,12703,0x18FEF100,1,8,3F,00,00,FF,FF,FF,FF,FF
124243,12704,0x10FF6500,1,8,FC,FF,FF,FF,FF,FF,FF,FF
124243,12705,0x18F00500,1,8,FF,FF,FF,FF,20,2D,FF,FF
124244,12706,0x18FEF200,1,8,1C,00,00,00,00,00,00,FF
124252,12707,0xCF00400,1,8,FF,FF,FF,50,56,FF,FF,FF
124253,12708,0xCFF6600,1,8,CA,0A,FF,FF,FF,FF,FF,FF
124273,12709,0xCF00400,1,8,FF,FF,FF,50,56,FF,FF,FF
124273,12710,0xCFF6600,1,8,CA,0A,FF,FF,FF,FF,FF,FF
124292,12711,0xCF00400,1,8,FF,FF,FF,32,56,FF,FF,FF
124293,12712,0xCFF6600,1,8,C6,0A,FF,FF,FF,FF,FF,FF
124312,12713,0xCF00400,1,8,FF,FF,FF,32,56,FF,FF,FF
124312,12714,0xCFF6600,1,8,C6,0A,FF,FF,FF,FF,FF,FF
124332,12715,0xCF00400,1,8,FF,FF,FF,42,56,FF,FF,FF
124332,12716,0xCFF6600,1,8,C8,0A,FF,FF,FF,FF,FF,FF
124363,12717,0xCF00400,1,8,FF,FF,FF,76,56,FF,FF,FF
124364,12718,0xCFF6600,1,8,CE,0A,FF,FF,FF,FF,FF,FF
124365,12719,0x18F00500,1,8,FF,FF,FF,FF,20,2D,FF,FF
124366,12720,0x18FEF100,1,8,3F,00,00,FF,FF,FF,FF,FF
124366,12721,0x18FEF200,1,8,1C,00,00,00,00,00,00,FF
124371,12722,0xCF00400,1,8,FF,FF,FF,24,56,FF,FF,FF
124372,12723,0xCFF6600,1,8,C4,0A,FF,FF,FF,FF,FF,FF
124391,12724,0xCF00400,1,8,FF,FF,FF,60,55,FF,FF,FF
124392,12725,0xCFF6600,1,8,AC,0A,FF,FF,FF,FF,FF,FF
124413,12726,0xCF00400,1,8,FF,FF,FF,5E,55,FF,FF,FF
124413,12727,0xCFF6600,1,8,AB,0A,FF,FF,FF,FF,FF,FF
124431,12728,0xCF00400,1,8,FF,FF,FF,FE,55,FF,FF,FF
124432,12729,0xCFF6600,1,8,BF,0A,FF,FF,FF,FF,FF,FF
124443,12730,0x10FF6500,1,8,FC,FF,FF,FF,FF,FF,FF,FF
124444,12731,0x18F00500,1,8,FF,FF,FF,FF,20,2D,FF,FF
124444,12732,0x18FEF100,1,8,3F,00,00,FF,FF,FF,FF,FF
124445,12733,0x18FEF200,1,8,1C,00,00,00,00,00,00,FF
124451,12734,0xCF00400,1,8,FF,FF,FF,48,56,FF,FF,FF
124452,12735,0xCFF6600,1,8,C9,0A,FF,FF,FF,FF,FF,FF
124471,12736,0xCF00400,1,8,FF,FF,FF,5C,56,FF,FF,FF
124472,12737,0xCFF6600,1,8,CB,0A,FF,FF,FF,FF,FF,FF
124491,12738,0xCF00400,1,8,FF,FF,FF,60,56,FF,FF,FF
124492,12739,0xCFF6600,1,8,CC,0A,FF,FF,FF,FF,FF,FF
124511,12740,0xCF00400,1,8,FF,FF,FF,50,56,FF,FF,FF
124512,12741,0xCFF6600,1,8,CA,0A,FF,FF,FF,FF,FF,FF
124531,12742,0xCF00400,1,8,FF,FF,FF,24,56,FF,FF,FF
124532,12743,0xCFF6600,1,8,C4,0A,FF,FF,FF,FF,FF,FF
124543,12744,0x18F00500,1,8,FF,FF,FF,FF,20,2D,FF,FF
124543,12745,0x18FEF100,1,8,3F,00,00,FF,FF,FF,FF,FF
124544,12746,0x18FEF200,1,8,1C,00,00,00,00,00,00,FF
124552,12747,0xCF00400,1,8,FF,FF,FF,24,56,FF,FF,FF
124578,12748,0xCFF6600,1,8,C4,0A,FF,FF,FF,FF,FF,FF
124578,12749,0x18EEFF00,1,8,08,CF,60,06,00,00,00,00
124591,12750,0xCF00400,1,8,FF,FF,FF,E2,55,FF,FF,FF
124592,12751,0xCFF6600,1,8,BC,0A,FF,FF,FF,FF,FF,FF
124611,12752,0xCF00400,1,8,FF,FF,FF,1C,56,FF,FF,FF
124612,12753,0xCFF6600,1,8,C3,0A,FF,FF,FF,FF,FF,FF
124632,12754,0xCF00400,1,8,FF,FF,FF,42,56,FF,FF,FF
124633,12755,0xCFF6600,1,8,C8,0A,FF,FF,FF,FF,FF,FF
124642,12756,0x10FF6500,1,8,FC,FF,FF,FF,FF,FF,FF,FF
124643,12757,0x18F00500,1,8,FF,FF,FF,FF,20,2D,FF,FF
124644,12758,0x18F00600,1,8,FF,FF,FF,FF,FF,FF,FF,FF
124644,12759,0x18FEF100,1,8,3F,00,00,FF,FF,FF,FF,FF
124645,12760,0x18FEF200,1,8,1C,00,00,00,00,00,00,FF
124667,12761,0xCF00400,1,8,FF,FF,FF,56,56,FF,FF,FF
124667,12762,0xCFF6600,1,8,CA,0A,FF,FF,FF,FF,FF,FF
124668,12763,0x1CFDDF00,1,8,FE,FF,FF,FF,FF,FF,FF,FF
124669,12764,0x1CFF6A00,1,8,FC,FF,FF,FF,FF,FF,FF,FF
124671,12765,0xCF00400,1,8,FF,FF,FF,6E,56,FF,FF,FF
124672,12766,0xCFF6600,1,8,CD,0A,FF,FF,FF,FF,FF,FF
124692,12767,0xCF00400,1,8,FF,FF,FF,8E,56,FF,FF,FF
124693,12768,0xCFF6600,1,8,D1,0A,FF,FF,FF,FF,FF,FF
124711,12769,0xCF00400,1,8,FF,FF,FF,1A,56,FF,FF,FF
124712,12770,0xCFF6600,1,8,C3,0A,FF,FF,FF,FF,FF,FF
124731,12771,0xCF00400,1,8,FF,FF,FF,24,55,FF,FF,FF
124732,12772,0xCFF6600,1,8,A4,0A,FF,FF,FF,FF,FF,FF
124742,12773,0x18F00500,1,8,FF,FF,FF,FF,20,2D,FF,FF
124743,12774,0x18FEF100,1,8,3F,00,00,FF,FF,FF,FF,FF
124743,12775,0x18FEF200,1,8,1C,00,00,00,00,00,00,FF
124751,12776,0xCF00400,1,8,FF,FF,FF,10,55,FF,FF,FF
124752,12777,0xCFF6600,1,8,A2,0A,FF,FF,FF,FF,FF,FF
124771,12778,0xCF00400,1,8,FF,FF,FF,B4,55,FF,FF,FF
124772,12779,0xCFF6600,1,8,B6,0A,FF,FF,FF,FF,FF,FF
124791,12780,0xCF00400,1,8,FF,FF,FF,B4,55,FF,FF,FF
124792,12781,0xCFF6600,1,8,B6,0A,FF,FF,FF,FF,FF,FF
124811,12782,0xCF00400,1,8,FF,FF,FF,88,55,FF,FF,FF
124812,12783,0xCFF6600,1,8,B1,0A,FF,FF,FF,FF,FF,FF
124831,12784,0xCF00400,1,8,FF,FF,FF,AC,54,FF,FF,FF
124832,12785,0xCFF6600,1,8,95,0A,FF,FF,FF,FF,FF,FF
124844,12786,0x10FF6500,1,8,FC,FF,FF,FF,FF,FF,FF,FF
124845,12787,0x18F00500,1,8,FF,FF,FF,FF,20,2D,FF,FF
124845,12788,0x18FEF100,1,8,3F,00,00,FF,FF,FF,FF,FF
124846,12789,0x18FEF200,1,8,1C,00,00,00,00,00,00,FF
124851,12790,0xCF00400,1,8,FF,FF,FF,6A,54,FF,FF,FF
124852,12791,0xCFF6600,1,8,8D,0A,FF,FF,FF,FF,FF,FF
124871,12792,0xCF00400,1,8,FF,FF,FF,AE,54,FF,FF,FF
124872,12793,0xCFF6600,1,8,95,0A,FF,FF,FF,FF,FF,FF
124891,12794,0xCF00400,1,8,FF,FF,FF,F2,54,FF,FF,FF
124892,12795,0xCFF6600,1,8,9E,0A,FF,FF,FF,FF,FF,FF
124903,12796,0x18FDE500,1,8,0A,14,1E,28,32,3C,46,13
124904,12797,0x18FEEE00,1,8,6F,FF,FF,FF,FF,FF,FF,FF
124911,12798,0xCF00400,1,8,FF,FF,FF,34,55,FF,FF,FF
124912,12799,0xCFF6600,1,8,A6,0A,FF,FF,FF,FF,FF,FF
124921,12800,0x1CECFF00,1,8,20,0A,00,02,FF,CA,FE,00
124931,12801,0xCF00400,1,8,FF,FF,FF,40,55,FF,FF,FF
124932,12802,0xCFF6600,1,8,A8,0A,FF,FF,FF,FF,FF,FF
124942,12803,0x18FEF100,1,8,3F,00,00,FF,FF,FF,FF,FF
124943,12804,0x18F00500,1,8,FF,FF,FF,FF,20,2D,FF,FF
124943,12805,0x18FEF200,1,8,1C,00,00,00,00,00,00,FF
124952,12806,0xCF00400,1,8,FF,FF,FF,26,55,FF,FF,FF
124952,12807,0xCFF6600,1,8,A4,0A,FF,FF,FF,FF,FF,FF
124972,12808,0xCF00400,1,8,FF,FF,FF,42,55,FF,FF,FF
124992,12809,0xCF00400,1,8,FF,FF,FF,86,55,FF,FF,FF
124993,12810,0xCFF6600,1,8,A8,0A,FF,FF,FF,FF,FF,FF
124994,12811,0x1CEBFF00,1,8,01,40,FF,0F,F0,E5,01,02
125011,12812,0xCF00400,1,8,FF,FF,FF,86,55,FF,FF,FF
125012,12813,0xCFF6600,1,8,B0,0A,FF,FF,FF,FF,FF,FF
125021,12814,0x1CEBFF00,1,8,02,F0,E3,01,FF,FF,FF,FF
125031,12815,0xCF00400,1,8,FF,FF,FF,84,55,FF,FF,FF
125032,12816,0xCFF6600,1,8,B0,0A,FF,FF,FF,FF,FF,FF
125042,12817,0x18FEF100,1,8,3F,00,00,FF,FF,FF,FF,FF
125043,12818,0x10FF6500,1,8,FC,FF,FF,FF,FF,FF,FF,FF
125044,12819,0x18F00500,1,8,FF,FF,FF,FF,20,2D,FF,FF
125044,12820,0x18FEF200,1,8,1C,00,00,00,00,00,00,FF
125051,12821,0xCF00400,1,8,FF,FF,FF,4A,55,FF,FF,FF
125052,12822,0xCFF6600,1,8,A9,0A,FF,FF,FF,FF,FF,FF
125071,12823,0xCF00400,1,8,FF,FF,FF,40,55,FF,FF,FF
125072,12824,0xCFF6600,1,8,A8,0A,FF,FF,FF,FF,FF,FF
125091,12825,0xCF00400,1,8,FF,FF,FF,5C,55,FF,FF,FF
125092,12826,0xCFF6600,1,8,AB,0A,FF,FF,FF,FF,FF,FF
125129,12827,0xCF00400,1,8,FF,FF,FF,20,55,FF,FF,FF
125149,12828,0xCFF6600,1,8,A4,0A,FF,FF,FF,FF,FF,FF
125150,12829,0x18EEFF00,1,8,08,CF,60,06,00,00,00,00
125151,12830,0xCF00400,1,8,FF,FF,FF,0A,54,FF,FF,FF
125152,12831,0xCFF6600,1,8,81,0A,FF,FF,FF,FF,FF,FF
125172,12832,0xCF00400,1,8,FF,FF,FF,80,53,FF,FF,FF
125173,12833,0xCFF6600,1,8,70,0A,FF,FF,FF,FF,FF,FF
125192,12834,0xCF00400,1,8,FF,FF,FF,6E,53,FF,FF,FF
125193,12835,0xCFF6600,1,8,6D,0A,FF,FF,FF,FF,FF,FF
125213,12836,0xCF00400,1,8,FF,FF,FF,6E,53,FF,FF,FF
125214,12837,0xCFF6600,1,8,6D,0A,FF,FF,FF,FF,FF,FF
125231,12838,0xCF00400,1,8,FF,FF,FF,C4,53,FF,FF,FF
125232,12839,0xCFF6600,1,8,78,0A,FF,FF,FF,FF,FF,FF
125242,12840,0x18FEF100,1,8,3F,00,00,FF,FF,FF,FF,FF
125243,12841,0x18F00500,1,8,FF,FF,FF,FF,20,2D,FF,FF
125243,12842,0x18F00600,1,8,FF,FF,FF,FF,FF,FF,FF,FF
125244,12843,0x18FEF200,1,8,1C,00,00,00,00,00,00,FF
125245,12844,0x1CFDDF00,1,8,FE,FF,FF,FF,FF,FF,FF,FF
125245,12845,0x1CFF6A00,1,8,FC,FF,FF,FF,FF,FF,FF,FF
125251,12846,0xCF00400,1,8,FF,FF,FF,D2,53,FF,FF,FF
125252,12847,0xCFF6600,1,8,7A,0A,FF,FF,FF,FF,FF,FF
125271,12848,0xCF00400,1,8,FF,FF,FF,A4,53,FF,FF,FF
125272,12849,0xCFF6600,1,8,74,0A,FF,FF,FF,FF,FF,FF
125309,12850,0xCF00400,1,8,FF,FF,FF,54,53,FF,FF,FF
125309,12851,0xCFF6600,1,8,6A,0A,FF,FF,FF,FF,FF,FF
125310,12852,0x18EEFF00,1,8,08,CF,60,06,00,00,00,00
125312,12853,0xCF00400,1,8,FF,FF,FF,E6,52,FF,FF,FF
125312,12854,0xCFF6600,1,8,5C,0A,FF,FF,FF,FF,FF,FF
125331,12855,0xCF00400,1,8,FF,FF,FF,EC,52,FF,FF,FF
125332,12856,0xCFF6600,1,8,5D,0A,FF,FF,FF,FF,FF,FF
125342,12857,0x18FEF100,1,8,3F,00,00,FF,FF,FF,FF,FF
125343,12858,0x10FF6500,1,8,FC,FF,FF,FF,FF,FF,FF,FF
125343,12859,0x18F00500,1,8,FF,FF,FF,FF,20,2D,FF,FF
125344,12860,0x18FEF200,1,8,1C,00,00,00,00,00,00,FF
125351,12861,0xCF00400,1,8,FF,FF,FF,4E,53,FF,FF,FF
125352,12862,0xCFF6600,1,8,69,0A,FF,FF,FF,FF,FF,FF
125371,12863,0xCF00400,1,8,FF,FF,FF,8E,53,FF,FF,FF
125372,12864,0xCFF6600,1,8,71,0A,FF,FF,FF,FF,FF,FF
125391,12865,0xCF00400,1,8,FF,FF,FF,8E,53,FF,FF,FF
125392,12866,0xCFF6600,1,8,71,0A,FF,FF,FF,FF,FF,FF
125413,12867,0xCF00400,1,8,FF,FF,FF,B0,53,FF,FF,FF
125414,12868,0xCFF6600,1,8,76,0A,FF,FF,FF,FF,FF,FF
125431,12869,0xCF00400,1,8,FF,FF,FF,98,53,FF,FF,FF
125432,12870,0xCFF6600,1,8,73,0A,FF,FF,FF,FF,FF,FF
125443,12871,0x18F00500,1,8,FF,FF,FF,FF,20,2D,FF,FF
125443,12872,0x18FEF100,1,8,3F,00,00,FF,FF,FF,FF,FF
125444,12873,0x18FEF200,1,8,1C,00,00,00,00,00,00,FF
125451,12874,0xCF00400,1,8,FF,FF,FF,56,53,FF,FF,FF
125452,12875,0xCFF6600,1,8,6A,0A,FF,FF,FF,FF,FF,FF
125471,12876,0xCF00400,1,8,FF,FF,FF,76,53,FF,FF,FF
125473,12877,0xCFF6600,1,8,6E,0A,FF,FF,FF,FF,FF,FF
125492,12878,0xCF00400,1,8,FF,FF,FF,E2,53,FF,FF,FF
125492,12879,0xCFF6600,1,8,7C,0A,FF,FF,FF,FF,FF,FF
125511,12880,0xCF00400,1,8,FF,FF,FF,F6,53,FF,FF,FF
125532,12881,0xCF00400,1,8,FF,FF,FF,C6,53,FF,FF,FF
125533,12882,0xCFF6600,1,8,7E,0A,FF,FF,FF,FF,FF,FF
125542,12883,0x10FF6500,1,8,FC,FF,FF,FF,FF,FF,FF,FF
125543,12884,0x18F00500,1,8,FF,FF,FF,FF,20,2D,FF,FF
125543,12885,0x18FEF100,1,8,3F,00,00,FF,FF,FF,FF,FF
125544,12886,0x18FEF200,1,8,1C,00,00,00,00,00,00,FF
125551,12887,0xCF00400,1,8,FF,FF,FF,DA,53,FF,FF,FF
125553,12888,0xCFF6600,1,8,7B,0A,FF,FF,FF,FF,FF,FF
125572,12889,0xCF00400,1,8,FF,FF,FF,28,54,FF,FF,FF
125573,12890,0xCFF6600,1,8,85,0A,FF,FF,FF,FF,FF,FF
125591,12891,0xCF00400,1,8,FF,FF,FF,28,54,FF,FF,FF
125592,12892,0xCFF6600,1,8,85,0A,FF,FF,FF,FF,FF,FF
125611,12893,0xCF00400,1,8,FF,FF,FF,20,54,FF,FF,FF
125612,12894,0xCFF6600,1,8,84,0A,FF,FF,FF,FF,FF,FF
125631,12895,0xCF00400,1,8,FF,FF,FF,C6,53,FF,FF,FF
125632,12896,0xCFF6600,1,8,78,0A,FF,FF,FF,FF,FF,FF
125643,12897,0x18F00500,1,8,FF,FF,FF,FF,20,2D,FF,FF
125643,12898,0x18FEF100,1,8,3F,00,00,FF,FF,FF,FF,FF
125644,12899,0x18FEF200,1,8,1C,00,00,00,00,00,00,FF
125651,12900,0xCF00400,1,8,FF,FF,FF,9A,53,FF,FF,FF
125652,12901,0xCFF6600,1,8,73,0A,FF,FF,FF,FF,FF,FF
125671,12902,0xCF00400,1,8,FF,FF,FF,9C,53,FF,FF,FF
125672,12903,0xCFF6600,1,8,73,0A,FF,FF,FF,FF,FF,FF
125691,12904,0xCF00400,1,8,FF,FF,FF,54,53,FF,FF,FF
125692,12905,0xCFF6600,1,8,6A,0A,FF,FF,FF,FF,FF,FF
125711,12906,0xCF00400,1,8,FF,FF,FF,C0,52,FF,FF,FF
125712,12907,0xCFF6600,1,8,58,0A,FF,FF,FF,FF,FF,FF
125733,12908,0xCF00400,1,8,FF,FF,FF,48,52,FF,FF,FF
125734,12909,0xCFF6600,1,8,49,0A,FF,FF,FF,FF,FF,FF
125743,12910,0x10FF6500,1,8,FC,FF,FF,FF,FF,FF,FF,FF
125743,12911,0x18F00500,1,8,FF,FF,FF,FF,20,2D,FF,FF
125744,12912,0x18F00600,1,8,FF,FF,FF,FF,FF,FF,FF,FF
125745,12913,0x18FEF100,1,8,3F,00,00,FF,FF,FF,FF,FF
125745,12914,0x18FEF200,1,8,1C,00,00,00,00,00,00,FF
125746,12915,0x1CFDDF00,1,8,FE,FF,FF,FF,FF,FF,FF,FF
125747,12916,0x1CFF6A00,1,8,FC,FF,FF,FF,FF,FF,FF,FF
125751,12917,0xCF00400,1,8,FF,FF,FF,48,52,FF,FF,FF
125752,12918,0xCFF6600,1,8,49,0A,FF,FF,FF,FF,FF,FF
125771,12919,0xCF00400,1,8,FF,FF,FF,F0,51,FF,FF,FF
125772,12920,0xCFF6600,1,8,3E,0A,FF,FF,FF,FF,FF,FF
125793,12921,0xCF00400,1,8,FF,FF,FF,A8,51,FF,FF,FF
125794,12922,0xCFF6600,1,8,35,0A,FF,FF,FF,FF,FF,FF
125811,12923,0xCF00400,1,8,FF,FF,FF,6C,51,FF,FF,FF
125812,12924,0xCFF6600,1,8,2D,0A,FF,FF,FF,FF,FF,FF
125831,12925,0xCF00400,1,8,FF,FF,FF,32,51,FF,FF,FF
125832,12926,0xCFF6600,1,8,26,0A,FF,FF,FF,FF,FF,FF
125842,12927,0x18FEF100,1,8,3F,00,00,FF,FF,FF,FF,FF
125843,12928,0x18F00500,1,8,FF,FF,FF,FF,20,2D,FF,FF
125843,12929,0x18FEF200,1,8,1C,00,00,00,00,00,00,FF
125853,12930,0xCF00400,1,8,FF,FF,FF,FC,50,FF,FF,FF
125870,12931,0xCFF6600,1,8,1F,0A,FF,FF,FF,FF,FF,FF
125871,12932,0x18EEFF00,1,8,08,CF,60,06,00,00,00,00
125892,12933,0xCF00400,1,8,FF,FF,FF,CC,50,FF,FF,FF
125892,12934,0xCFF6600,1,8,19,0A,FF,FF,FF,FF,FF,FF
125901,12935,0x18FDE500,1,8,0A,14,1E,28,32,3C,46,13
125902,12936,0x18FEEE00,1,8,6F,FF,FF,FF,FF,FF,FF,FF
125911,12937,0xCF00400,1,8,FF,FF,FF,CC,50,FF,FF,FF
125912,12938,0xCFF6600,1,8,19,0A,FF,FF,FF,FF,FF,FF
125921,12939,0x1CECFF00,1,8,20,0A,00,02,FF,CA,FE,00
125931,12940,0xCF00400,1,8,FF,FF,FF,82,50,FF,FF,FF
125932,12941,0xCFF6600,1,8,10,0A,FF,FF,FF,FF,FF,FF
125942,12942,0x18FEF100,1,8,3F,00,00,FF,FF,FF,FF,FF
125943,12943,0x10FF6500,1,8,FC,FF,FF,FF,FF,FF,FF,FF
125943,12944,0x18F00500,1,8,FF,FF,FF,FF,20,2D,FF,FF
125944,12945,0x18FEF200,1,8,1D,00,00,00,00,00,00,FF
125951,12946,0xCF00400,1,8,FF,FF,FF,FE,4F,FF,FF,FF
125952,12947,0xCFF6600,1,8,FF,09,FF,FF,FF,FF,FF,FF
125971,12948,0xCF00400,1,8,FF,FF,FF,E0,4F,FF,FF,FF
125972,12949,0xCFF6600,1,8,FC,09,FF,FF,FF,FF,FF,FF
125972,12950,0x1CEBFF00,1,8,01,40,FF,0F,F0,E5,01,02
125992,12951,0xCF00400,1,8,FF,FF,FF,1A,50,FF,FF,FF
126012,12952,0xCF00400,1,8,FF,FF,FF,4A,50,FF,FF,FF
126013,12953,0xCFF6600,1,8,03,0A,FF,FF,FF,FF,FF,FF
126021,12954,0x1CEBFF00,1,8,02,F0,E3,01,FF,FF,FF,FF
126032,12955,0xCF00400,1,8,FF,FF,FF,70,50,FF,FF,FF
126033,12956,0xCFF6600,1,8,0E,0A,FF,FF,FF,FF,FF,FF
